average_filled_price,commission,created_at,created_at_iso,filled_quantity,graph_id,id,order_role,order_type,owner_strategy_id,parent_order_id,position_effect,price,quantity,reduce_only,reject_reason,side,status,symbol,tag,time_in_force,trail_offset,trail_reference_price,trigger_price,updated_at,updated_at_iso
56.64659,44963.2308125,1269360000000000000,2010-03-23T16:00:00Z,317500.0,,4887a913-4a0a-44af-9cf0-c023346748f3,OrderRole.Standalone,OrderType.Market,_default,,PositionEffect.Open,,317500.0,False,,OrderSide.Buy,OrderStatus.Filled,000776.SZ,,TimeInForce.GTC,,,,1269446400000000000,2010-03-24T16:00:00Z
24.59457,45524.54907,1269360000000000000,2010-03-23T16:00:00Z,740400.0,,a697fceb-a22a-46d1-b9e7-779268ef403b,OrderRole.Standalone,OrderType.Market,_default,,PositionEffect.Open,,740400.0,False,,OrderSide.Buy,OrderStatus.Filled,002241.SZ,,TimeInForce.GTC,,,,1269446400000000000,2010-03-24T16:00:00Z
36.74671,44408.399035,1269360000000000000,2010-03-23T16:00:00Z,483400.0,,7ef2b77e-a832-4d85-bf15-572271011d7f,OrderRole.Standalone,OrderType.Market,_default,,PositionEffect.Open,,483400.0,False,,OrderSide.Buy,OrderStatus.Filled,600118.SH,,TimeInForce.GTC,,,,1269446400000000000,2010-03-24T16:00:00Z
7.38738,45044.54955,1269360000000000000,2010-03-23T16:00:00Z,2439000.0,,955d4aed-10e8-4e95-b4bf-c7542dcfc7e2,OrderRole.Standalone,OrderType.Market,_default,,PositionEffect.Open,,2439000.0,False,,OrderSide.Buy,OrderStatus.Filled,600221.SH,,TimeInForce.GTC,,,,1269446400000000000,2010-03-24T16:00:00Z
14.48447,45325.5277475,1269360000000000000,2010-03-23T16:00:00Z,1251700.0,,c1f88639-df5f-4870-8ea1-ffd0a828a8a2,OrderRole.Standalone,OrderType.Market,_default,,PositionEffect.Open,,1251700.0,False,,OrderSide.Buy,OrderStatus.Filled,600460.SH,,TimeInForce.GTC,,,,1269446400000000000,2010-03-24T16:00:00Z
31.99797,25398.3886875,1284480000000000000,2010-09-14T16:00:00Z,317500.0,,33d8e31c-10c7-411d-85d9-d22c82e2abea,OrderRole.Standalone,OrderType.Market,_default,,PositionEffect.Close,,317500.0,False,,OrderSide.Sell,OrderStatus.Filled,000776.SZ,,TimeInForce.GTC,,,,1284566400000000000,2010-09-15T16:00:00Z
40.8591,75630.1941,1284480000000000000,2010-09-14T16:00:00Z,740400.0,,a0a55b5f-c3f2-4db3-8037-0f1cff010ada,OrderRole.Standalone,OrderType.Market,_default,,PositionEffect.Close,,740400.0,False,,OrderSide.Sell,OrderStatus.Filled,002241.SZ,,TimeInForce.GTC,,,,1284566400000000000,2010-09-15T16:00:00Z
25.22475,30484.110375,1284480000000000000,2010-09-14T16:00:00Z,483400.0,,c5044c5f-c843-4fd8-b07f-42243a8f5693,OrderRole.Standalone,OrderType.Market,_default,,PositionEffect.Close,,483400.0,False,,OrderSide.Sell,OrderStatus.Filled,600118.SH,,TimeInForce.GTC,,,,1284566400000000000,2010-09-15T16:00:00Z
6.01398,36670.24305,1284480000000000000,2010-09-14T16:00:00Z,2439000.0,,c523cba0-ad66-407c-b56d-cd3b95e45d29,OrderRole.Standalone,OrderType.Market,_default,,PositionEffect.Close,,2439000.0,False,,OrderSide.Sell,OrderStatus.Filled,600221.SH,,TimeInForce.GTC,,,,1284566400000000000,2010-09-15T16:00:00Z
24.25572,75902.21181,1284480000000000000,2010-09-14T16:00:00Z,1251700.0,,eab1de4b-8737-413d-9138-71139db6635b,OrderRole.Standalone,OrderType.Market,_default,,PositionEffect.Close,,1251700.0,False,,OrderSide.Sell,OrderStatus.Filled,600460.SH,,TimeInForce.GTC,,,,1284566400000000000,2010-09-15T16:00:00Z
14.1141,47673.901275,1284480000000000000,2010-09-14T16:00:00Z,1351100.0,,8429c8b2-fa73-4754-92f6-1260d97a9ee4,OrderRole.Standalone,OrderType.Market,_default,,PositionEffect.Open,,1351100.0,False,,OrderSide.Buy,OrderStatus.Filled,000651.SZ,,TimeInForce.GTC,,,,1284566400000000000,2010-09-15T16:00:00Z
14.7147,48580.58205,1284480000000000000,2010-09-14T16:00:00Z,1320600.0,,05025c9a-a190-4bd3-b923-4410692eebdc,OrderRole.Standalone,OrderType.Market,_default,,PositionEffect.Open,,1320600.0,False,,OrderSide.Buy,OrderStatus.Filled,000977.SZ,,TimeInForce.GTC,,,,1284566400000000000,2010-09-15T16:00:00Z
20.67065,47899.0637125,1284480000000000000,2010-09-14T16:00:00Z,926900.0,,64f88800-a166-49bb-bd5b-98579654b5bf,OrderRole.Standalone,OrderType.Market,_default,,PositionEffect.Open,,926900.0,False,,OrderSide.Buy,OrderStatus.Filled,002202.SZ,,TimeInForce.GTC,,,,1284566400000000000,2010-09-15T16:00:00Z
5.1051,48250.85265,1284480000000000000,2010-09-14T16:00:00Z,3780600.0,,a6980215-71d5-4406-871a-49c8e46afd12,OrderRole.Standalone,OrderType.Market,_default,,PositionEffect.Open,,3780600.0,False,,OrderSide.Buy,OrderStatus.Filled,600016.SH,,TimeInForce.GTC,,,,1284566400000000000,2010-09-15T16:00:00Z
11.23122,48294.246,1284480000000000000,2010-09-14T16:00:00Z,1720000.0,,9f990458-2432-4cd6-ace3-1c743f69f13a,OrderRole.Standalone,OrderType.Market,_default,,PositionEffect.Open,,1720000.0,False,,OrderSide.Buy,OrderStatus.Filled,600030.SH,,TimeInForce.GTC,,,,1284566400000000000,2010-09-15T16:00:00Z
16.983,57364.32825,1290355200000000000,2010-11-21T16:00:00Z,1351100.0,,e06236a4-54fa-4173-b059-0703b7732bc1,OrderRole.Standalone,OrderType.Market,_default,,PositionEffect.Close,,1351100.0,False,,OrderSide.Sell,OrderStatus.Filled,000651.SZ,,TimeInForce.GTC,,,,1290441600000000000,2010-11-22T16:00:00Z
25.24473,83345.476095,1290355200000000000,2010-11-21T16:00:00Z,1320600.0,,85bb9004-29bd-4cbb-ba02-cd6a1bd3f34f,OrderRole.Standalone,OrderType.Market,_default,,PositionEffect.Close,,1320600.0,False,,OrderSide.Sell,OrderStatus.Filled,000977.SZ,,TimeInForce.GTC,,,,1290441600000000000,2010-11-22T16:00:00Z
21.978,50928.5205,1290355200000000000,2010-11-21T16:00:00Z,926900.0,,b5f52932-7c41-44ed-9be9-ddf0ebe60872,OrderRole.Standalone,OrderType.Market,_default,,PositionEffect.Close,,926900.0,False,,OrderSide.Sell,OrderStatus.Filled,002202.SZ,,TimeInForce.GTC,,,,1290441600000000000,2010-11-22T16:00:00Z
5.07492,47965.60638,1290355200000000000,2010-11-21T16:00:00Z,3780600.0,,a39608c9-d321-47e6-b1be-eca67ff1487f,OrderRole.Standalone,OrderType.Market,_default,,PositionEffect.Close,,3780600.0,False,,OrderSide.Sell,OrderStatus.Filled,600016.SH,,TimeInForce.GTC,,,,1290441600000000000,2010-11-22T16:00:00Z
12.7872,54984.96,1290355200000000000,2010-11-21T16:00:00Z,1720000.0,,8b79c8c0-a7b6-427b-b744-d162e2b42e43,OrderRole.Standalone,OrderType.Market,_default,,PositionEffect.Close,,1720000.0,False,,OrderSide.Sell,OrderStatus.Filled,600030.SH,,TimeInForce.GTC,,,,1290441600000000000,2010-11-22T16:00:00Z
78.078,28596.0675,1290355200000000000,2010-11-21T16:00:00Z,146500.0,,6630abb9-aebc-4000-809e-50ba21be9e81,OrderRole.Standalone,OrderType.Market,_default,,PositionEffect.Open,,146500.0,False,,OrderSide.Buy,OrderStatus.Filled,600111.SH,,TimeInForce.GTC,,,,1290441600000000000,2010-11-22T16:00:00Z
34.41438,29579.15961,1290355200000000000,2010-11-21T16:00:00Z,343800.0,,3937681a-f764-4023-91e8-7d186cb1fdbb,OrderRole.Standalone,OrderType.Market,_default,,PositionEffect.Open,,343800.0,False,,OrderSide.Buy,OrderStatus.Filled,600372.SH,,TimeInForce.GTC,,,,1290441600000000000,2010-11-22T16:00:00Z
48.6486,28532.4039,1290355200000000000,2010-11-21T16:00:00Z,234600.0,,6c45bb88-5e2a-4397-8d9c-0370b28390d0,OrderRole.Standalone,OrderType.Market,_default,,PositionEffect.Open,,234600.0,False,,OrderSide.Buy,OrderStatus.Filled,600549.SH,,TimeInForce.GTC,,,,1290441600000000000,2010-11-22T16:00:00Z
7.19719,29240.3836725,1290355200000000000,2010-11-21T16:00:00Z,1625100.0,,af8d1c8f-095e-47d8-9d3b-b67c0eabfbc4,OrderRole.Standalone,OrderType.Market,_default,,PositionEffect.Open,,1625100.0,False,,OrderSide.Buy,OrderStatus.Filled,601766.SH,,TimeInForce.GTC,,,,1290441600000000000,2010-11-22T16:00:00Z
4.36436,29107.00793,1290355200000000000,2010-11-21T16:00:00Z,2667700.0,,0c114510-39d3-407b-8ba2-9eafe9a908cb,OrderRole.Standalone,OrderType.Market,_default,,PositionEffect.Open,,2667700.0,False,,OrderSide.Buy,OrderStatus.Filled,601872.SH,,TimeInForce.GTC,,,,1290441600000000000,2010-11-22T16:00:00Z
33.21318,29169.475335,1290355200000000000,2010-11-21T16:00:00Z,351300.0,,e43e27e7-8e7c-4081-a418-c7ed7babe722,OrderRole.Standalone,OrderType.Market,_default,,PositionEffect.Open,,351300.0,False,,OrderSide.Buy,OrderStatus.Filled,601888.SH,,TimeInForce.GTC,,,,1290441600000000000,2010-11-22T16:00:00Z
10.89088,29212.06288,1290355200000000000,2010-11-21T16:00:00Z,1072900.0,,971f5aae-206e-4967-a48e-89f6f3395b8d,OrderRole.Standalone,OrderType.Market,_default,,PositionEffect.Open,,1072900.0,False,,OrderSide.Buy,OrderStatus.Filled,601898.SH,,TimeInForce.GTC,,,,1290441600000000000,2010-11-22T16:00:00Z
4.66466,29177.4483,1290355200000000000,2010-11-21T16:00:00Z,2502000.0,,7071498d-be8c-4676-90b8-d1e1c7d3e086,OrderRole.Standalone,OrderType.Market,_default,,PositionEffect.Open,,2502000.0,False,,OrderSide.Buy,OrderStatus.Filled,601939.SH,,TimeInForce.GTC,,,,1290441600000000000,2010-11-22T16:00:00Z
3.27327,29150.9243025,1290355200000000000,2010-11-21T16:00:00Z,3562300.0,,e01822e6-7189-46c8-b3aa-40dd1a127757,OrderRole.Standalone,OrderType.Market,_default,,PositionEffect.Open,,3562300.0,False,,OrderSide.Buy,OrderStatus.Filled,601988.SH,,TimeInForce.GTC,,,,1290441600000000000,2010-11-22T16:00:00Z
80.8808,28813.785,1290355200000000000,2010-11-21T16:00:00Z,142500.0,,a22567bc-4e4f-4996-a349-391fbd27fd6c,OrderRole.Standalone,OrderType.Market,_default,,PositionEffect.Open,,142500.0,False,,OrderSide.Buy,OrderStatus.Filled,002230.SZ,,TimeInForce.GTC,,,,1290441600000000000,2010-11-22T16:00:00Z
83.65626,29802.542625,1292774400000000000,2010-12-19T16:00:00Z,142500.0,,640e07de-9ed2-47e1-b2c8-ba491743f2bb,OrderRole.Standalone,OrderType.Market,_default,,PositionEffect.Close,,142500.0,False,,OrderSide.Sell,OrderStatus.Filled,002230.SZ,,TimeInForce.GTC,,,,1292860800000000000,2010-12-20T16:00:00Z
69.05088,25289.8848,1292774400000000000,2010-12-19T16:00:00Z,146500.0,,944d255c-abff-4d47-bb31-e7a8257f96c0,OrderRole.Standalone,OrderType.Market,_default,,PositionEffect.Close,,146500.0,False,,OrderSide.Sell,OrderStatus.Filled,600111.SH,,TimeInForce.GTC,,,,1292860800000000000,2010-12-20T16:00:00Z
35.32464,30361.52808,1292774400000000000,2010-12-19T16:00:00Z,343800.0,,b7c5c671-9e9f-4cb5-9f60-9f428dd16a4d,OrderRole.Standalone,OrderType.Market,_default,,PositionEffect.Close,,343800.0,False,,OrderSide.Sell,OrderStatus.Filled,600372.SH,,TimeInForce.GTC,,,,1292860800000000000,2010-12-20T16:00:00Z
49.51044,29037.87306,1292774400000000000,2010-12-19T16:00:00Z,234600.0,,4ac1b299-2a14-4eca-ac37-12fe74bc2389,OrderRole.Standalone,OrderType.Market,_default,,PositionEffect.Close,,234600.0,False,,OrderSide.Sell,OrderStatus.Filled,600549.SH,,TimeInForce.GTC,,,,1292860800000000000,2010-12-20T16:00:00Z
8.02197,32591.2586175,1292774400000000000,2010-12-19T16:00:00Z,1625100.0,,c1d2ddd8-a613-4cb5-a7cf-cbf4a5f8ff56,OrderRole.Standalone,OrderType.Market,_default,,PositionEffect.Close,,1625100.0,False,,OrderSide.Sell,OrderStatus.Filled,601766.SH,,TimeInForce.GTC,,,,1292860800000000000,2010-12-20T16:00:00Z
33.2667,29216.479275,1292774400000000000,2010-12-19T16:00:00Z,351300.0,,1162eaca-439d-492a-ad07-361f16c58b51,OrderRole.Standalone,OrderType.Market,_default,,PositionEffect.Close,,351300.0,False,,OrderSide.Sell,OrderStatus.Filled,601888.SH,,TimeInForce.GTC,,,,1292860800000000000,2010-12-20T16:00:00Z
11.04894,29636.019315,1292774400000000000,2010-12-19T16:00:00Z,1072900.0,,19a2e1ae-16dc-46fa-83d5-93215d47fbaf,OrderRole.Standalone,OrderType.Market,_default,,PositionEffect.Close,,1072900.0,False,,OrderSide.Sell,OrderStatus.Filled,601898.SH,,TimeInForce.GTC,,,,1292860800000000000,2010-12-20T16:00:00Z
4.65534,29119.1517,1292774400000000000,2010-12-19T16:00:00Z,2502000.0,,ecc6ac2b-cdc5-4d44-a3e3-9b9e8997468b,OrderRole.Standalone,OrderType.Market,_default,,PositionEffect.Close,,2502000.0,False,,OrderSide.Sell,OrderStatus.Filled,601939.SH,,TimeInForce.GTC,,,,1292860800000000000,2010-12-20T16:00:00Z
3.25325,28953.925,1292774400000000000,2010-12-19T16:00:00Z,3560000.0,,e2b13a89-cd1e-44b4-bca9-1a8acb92f453,OrderRole.Standalone,OrderType.Market,_default,,PositionEffect.Open,,3560000.0,False,,OrderSide.Buy,OrderStatus.Filled,601988.SH,,TimeInForce.GTC,,,,1292860800000000000,2010-12-20T16:00:00Z
5.3053,57925.91805,1292774400000000000,2010-12-19T16:00:00Z,4367400.0,,9a3a7356-9be7-42c6-a5cf-61e83dc46aca,OrderRole.Standalone,OrderType.Market,_default,,PositionEffect.Open,,4367400.0,False,,OrderSide.Buy,OrderStatus.Filled,601998.SH,,TimeInForce.GTC,,,,1292860800000000000,2010-12-20T16:00:00Z
12.87286,58194.981845,1292774400000000000,2010-12-19T16:00:00Z,1808300.0,,1cf8be84-2dd2-42d4-909d-6ba836675bd7,OrderRole.Standalone,OrderType.Market,_default,,PositionEffect.Open,,1808300.0,False,,OrderSide.Buy,OrderStatus.Filled,600030.SH,,TimeInForce.GTC,,,,1292860800000000000,2010-12-20T16:00:00Z
11.39138,58283.99577,1292774400000000000,2010-12-19T16:00:00Z,2046600.0,,9239f90e-8d68-47b9-9408-021f39dd792a,OrderRole.Standalone,OrderType.Market,_default,,PositionEffect.Open,,2046600.0,False,,OrderSide.Buy,OrderStatus.Filled,601857.SH,,TimeInForce.GTC,,,,1292860800000000000,2010-12-20T16:00:00Z
4.26426,29760.27054,1292774400000000000,2010-12-19T16:00:00Z,2791600.0,,99d24e2a-2403-4cdf-a94e-a6142043d10c,OrderRole.Standalone,OrderType.Market,_default,,PositionEffect.Open,,2791600.0,False,,OrderSide.Buy,OrderStatus.Filled,601872.SH,,TimeInForce.GTC,,,,1292860800000000000,2010-12-20T16:00:00Z
11.82816,53472.15432,1295280000000000000,2011-01-17T16:00:00Z,1808300.0,,e6ba8678-8eb8-47e1-ac25-194c4b306011,OrderRole.Standalone,OrderType.Market,_default,,PositionEffect.Close,,1808300.0,False,,OrderSide.Sell,OrderStatus.Filled,600030.SH,,TimeInForce.GTC,,,,1295366400000000000,2011-01-18T16:00:00Z
11.22876,57451.95054,1295280000000000000,2011-01-17T16:00:00Z,2046600.0,,9e8fffa5-30ff-40bf-b045-e08caa818b6d,OrderRole.Standalone,OrderType.Market,_default,,PositionEffect.Close,,2046600.0,False,,OrderSide.Sell,OrderStatus.Filled,601857.SH,,TimeInForce.GTC,,,,1295366400000000000,2011-01-18T16:00:00Z
4.10589,56038.2131925,1295280000000000000,2011-01-17T16:00:00Z,5459300.0,,c4893692-5bdb-41b2-aac5-9953e9dc0caf,OrderRole.Standalone,OrderType.Market,_default,,PositionEffect.Close,,5459300.0,False,,OrderSide.Sell,OrderStatus.Filled,601872.SH,,TimeInForce.GTC,,,,1295366400000000000,2011-01-18T16:00:00Z
3.20679,57099.3010425,1295280000000000000,2011-01-17T16:00:00Z,7122300.0,,4018d627-e503-44d6-b974-6980749769f8,OrderRole.Standalone,OrderType.Market,_default,,PositionEffect.Close,,7122300.0,False,,OrderSide.Sell,OrderStatus.Filled,601988.SH,,TimeInForce.GTC,,,,1295366400000000000,2011-01-18T16:00:00Z
5.04495,55083.286575,1295280000000000000,2011-01-17T16:00:00Z,4367400.0,,1b025ad1-b86a-472f-9969-7d9f2122b9fb,OrderRole.Standalone,OrderType.Market,_default,,PositionEffect.Close,,4367400.0,False,,OrderSide.Sell,OrderStatus.Filled,601998.SH,,TimeInForce.GTC,,,,1295366400000000000,2011-01-18T16:00:00Z
15.36535,55745.4898,1295280000000000000,2011-01-17T16:00:00Z,1451200.0,,bc9b3176-991c-4fb2-aede-a8dea6f984d8,OrderRole.Standalone,OrderType.Market,_default,,PositionEffect.Open,,1451200.0,False,,OrderSide.Buy,OrderStatus.Filled,000001.SZ,,TimeInForce.GTC,,,,1295366400000000000,2011-01-18T16:00:00Z
8.36836,55777.21149,1295280000000000000,2011-01-17T16:00:00Z,2666100.0,,59f7c446-480e-40ae-b872-1b1e2300c92f,OrderRole.Standalone,OrderType.Market,_default,,PositionEffect.Open,,2666100.0,False,,OrderSide.Buy,OrderStatus.Filled,000002.SZ,,TimeInForce.GTC,,,,1295366400000000000,2011-01-18T16:00:00Z
24.8248,55799.9442,1295280000000000000,2011-01-17T16:00:00Z,899100.0,,dbeda7c8-f7cc-41c3-8ea1-9aeb595e1238,OrderRole.Standalone,OrderType.Market,_default,,PositionEffect.Open,,899100.0,False,,OrderSide.Buy,OrderStatus.Filled,000063.SZ,,TimeInForce.GTC,,,,1295366400000000000,2011-01-18T16:00:00Z
3.71371,55264.6469375,1295280000000000000,2011-01-17T16:00:00Z,5952500.0,,967889ea-eef0-4e18-8acc-54d3ece7eddf,OrderRole.Standalone,OrderType.Market,_default,,PositionEffect.Open,,5952500.0,False,,OrderSide.Buy,OrderStatus.Filled,000100.SZ,,TimeInForce.GTC,,,,1295366400000000000,2011-01-18T16:00:00Z
12.8128,56017.5616,1295280000000000000,2011-01-17T16:00:00Z,1748800.0,,75f17d56-b785-4a78-b80b-37fa222f50fb,OrderRole.Standalone,OrderType.Market,_default,,PositionEffect.Open,,1748800.0,False,,OrderSide.Buy,OrderStatus.Filled,000157.SZ,,TimeInForce.GTC,,,,1295366400000000000,2011-01-18T16:00:00Z
15.47451,56141.52228,1298304000000000000,2011-02-21T16:00:00Z,1451200.0,,c51dc163-f3c2-46df-9919-44d5b382b415,OrderRole.Standalone,OrderType.Market,_default,,PositionEffect.Close,,1451200.0,False,,OrderSide.Sell,OrderStatus.Filled,000001.SZ,,TimeInForce.GTC,,,,1298390400000000000,2011-02-22T16:00:00Z
8.11188,54067.70817,1298304000000000000,2011-02-21T16:00:00Z,2666100.0,,fc549976-2c5e-4ff3-9754-3305854093ac,OrderRole.Standalone,OrderType.Market,_default,,PositionEffect.Close,,2666100.0,False,,OrderSide.Sell,OrderStatus.Filled,000002.SZ,,TimeInForce.GTC,,,,1298390400000000000,2011-02-22T16:00:00Z
30.969,69610.56975,1298304000000000000,2011-02-21T16:00:00Z,899100.0,,c99962ab-2cde-48a5-858a-2d01728fd0cf,OrderRole.Standalone,OrderType.Market,_default,,PositionEffect.Close,,899100.0,False,,OrderSide.Sell,OrderStatus.Filled,000063.SZ,,TimeInForce.GTC,,,,1298390400000000000,2011-02-22T16:00:00Z
4.35564,64817.36775,1298304000000000000,2011-02-21T16:00:00Z,5952500.0,,854a08d6-8d32-4039-8f29-31dd87c86e91,OrderRole.Standalone,OrderType.Market,_default,,PositionEffect.Close,,5952500.0,False,,OrderSide.Sell,OrderStatus.Filled,000100.SZ,,TimeInForce.GTC,,,,1298390400000000000,2011-02-22T16:00:00Z
14.41557,63024.87204,1298304000000000000,2011-02-21T16:00:00Z,1748800.0,,194718c7-ba5f-4c7e-a633-db2a154eb4f7,OrderRole.Standalone,OrderType.Market,_default,,PositionEffect.Close,,1748800.0,False,,OrderSide.Sell,OrderStatus.Filled,000157.SZ,,TimeInForce.GTC,,,,1298390400000000000,2011-02-22T16:00:00Z
84.084,30438.408,1298304000000000000,2011-02-21T16:00:00Z,144800.0,,e3b55a6f-af33-4098-9040-90277e427d08,OrderRole.Standalone,OrderType.Market,_default,,PositionEffect.Open,,144800.0,False,,OrderSide.Buy,OrderStatus.Filled,000895.SZ,,TimeInForce.GTC,,,,1298390400000000000,2011-02-22T16:00:00Z
69.069,30338.55825,1298304000000000000,2011-02-21T16:00:00Z,175700.0,,e14b1c70-fc99-4b24-9189-4e01d73ce2b7,OrderRole.Standalone,OrderType.Market,_default,,PositionEffect.Open,,175700.0,False,,OrderSide.Buy,OrderStatus.Filled,600132.SH,,TimeInForce.GTC,,,,1298390400000000000,2011-02-22T16:00:00Z
58.058,30146.6165,1298304000000000000,2011-02-21T16:00:00Z,207700.0,,b0bd3bfd-9322-48c7-ab36-7e637da71ebb,OrderRole.Standalone,OrderType.Market,_default,,PositionEffect.Open,,207700.0,False,,OrderSide.Buy,OrderStatus.Filled,601699.SH,,TimeInForce.GTC,,,,1298390400000000000,2011-02-22T16:00:00Z
8.1081,30261.456225,1298304000000000000,2011-02-21T16:00:00Z,1492900.0,,48ea5f8a-daf5-4e0c-9089-b8649297a6c5,OrderRole.Standalone,OrderType.Market,_default,,PositionEffect.Open,,1492900.0,False,,OrderSide.Buy,OrderStatus.Filled,601766.SH,,TimeInForce.GTC,,,,1298390400000000000,2011-02-22T16:00:00Z
11.59158,30422.10171,1298304000000000000,2011-02-21T16:00:00Z,1049800.0,,670a7a59-9975-4221-ab7d-b461a2600336,OrderRole.Standalone,OrderType.Market,_default,,PositionEffect.Open,,1049800.0,False,,OrderSide.Buy,OrderStatus.Filled,601857.SH,,TimeInForce.GTC,,,,1298390400000000000,2011-02-22T16:00:00Z
20.07005,30054.899875,1298304000000000000,2011-02-21T16:00:00Z,599000.0,,f5f7ab3f-2116-4044-bb7c-aa15c2217f63,OrderRole.Standalone,OrderType.Market,_default,,PositionEffect.Open,,599000.0,False,,OrderSide.Buy,OrderStatus.Filled,601877.SH,,TimeInForce.GTC,,,,1298390400000000000,2011-02-22T16:00:00Z
28.37835,30095.240175,1298304000000000000,2011-02-21T16:00:00Z,424200.0,,370c978e-cada-4165-a6ec-8b4c3ca7ef41,OrderRole.Standalone,OrderType.Market,_default,,PositionEffect.Open,,424200.0,False,,OrderSide.Buy,OrderStatus.Filled,601888.SH,,TimeInForce.GTC,,,,1298390400000000000,2011-02-22T16:00:00Z
10.4104,30302.0718,1298304000000000000,2011-02-21T16:00:00Z,1164300.0,,85ac6d7d-91c6-4d8f-a5af-1bcaef8f1bdf,OrderRole.Standalone,OrderType.Market,_default,,PositionEffect.Open,,1164300.0,False,,OrderSide.Buy,OrderStatus.Filled,601898.SH,,TimeInForce.GTC,,,,1298390400000000000,2011-02-22T16:00:00Z
10.52051,30359.5617325,1298304000000000000,2011-02-21T16:00:00Z,1154300.0,,eb47431e-a107-412c-82a0-deb5fa57308b,OrderRole.Standalone,OrderType.Market,_default,,PositionEffect.Open,,1154300.0,False,,OrderSide.Buy,OrderStatus.Filled,601919.SH,,TimeInForce.GTC,,,,1298390400000000000,2011-02-22T16:00:00Z
3.23323,30354.3715475,1298304000000000000,2011-02-21T16:00:00Z,3755300.0,,efcf8ca1-6956-4f18-8ea4-7877b8b556a0,OrderRole.Standalone,OrderType.Market,_default,,PositionEffect.Open,,3755300.0,False,,OrderSide.Buy,OrderStatus.Filled,601988.SH,,TimeInForce.GTC,,,,1298390400000000000,2011-02-22T16:00:00Z
60.78915,26701.6341375,1300723200000000000,2011-03-21T16:00:00Z,175700.0,,4984e1a0-0b8c-4a03-ab25-b7d053bc2c7e,OrderRole.Standalone,OrderType.Market,_default,,PositionEffect.Close,,175700.0,False,,OrderSide.Sell,OrderStatus.Filled,600132.SH,,TimeInForce.GTC,,,,1300809600000000000,2011-03-22T16:00:00Z
60.85908,1460.61792,1300723200000000000,2011-03-21T16:00:00Z,9600.0,,f9be6d50-563d-4c24-b856-8a9a9bc76c7f,OrderRole.Standalone,OrderType.Market,_default,,PositionEffect.Close,,9600.0,False,,OrderSide.Sell,OrderStatus.Filled,601699.SH,,TimeInForce.GTC,,,,1300809600000000000,2011-03-22T16:00:00Z
7.7922,29082.43845,1300723200000000000,2011-03-21T16:00:00Z,1492900.0,,f3738560-0995-4ce8-bf93-8acde9c49d89,OrderRole.Standalone,OrderType.Market,_default,,PositionEffect.Close,,1492900.0,False,,OrderSide.Sell,OrderStatus.Filled,601766.SH,,TimeInForce.GTC,,,,1300809600000000000,2011-03-22T16:00:00Z
11.7882,831.0681,1300723200000000000,2011-03-21T16:00:00Z,28200.0,,1bf87917-7231-42dc-a10e-e74a3eaf4ba0,OrderRole.Standalone,OrderType.Market,_default,,PositionEffect.Close,,28200.0,False,,OrderSide.Sell,OrderStatus.Filled,601857.SH,,TimeInForce.GTC,,,,1300809600000000000,2011-03-22T16:00:00Z
20.8791,31266.45225,1300723200000000000,2011-03-21T16:00:00Z,599000.0,,5f1763ae-e780-413f-a350-0b86fb18dd48,OrderRole.Standalone,OrderType.Market,_default,,PositionEffect.Close,,599000.0,False,,OrderSide.Sell,OrderStatus.Filled,601877.SH,,TimeInForce.GTC,,,,1300809600000000000,2011-03-22T16:00:00Z
29.2707,1126.92195,1300723200000000000,2011-03-21T16:00:00Z,15400.0,,1205d879-2b83-4965-bdf6-85d27c94cff5,OrderRole.Standalone,OrderType.Market,_default,,PositionEffect.Close,,15400.0,False,,OrderSide.Sell,OrderStatus.Filled,601888.SH,,TimeInForce.GTC,,,,1300809600000000000,2011-03-22T16:00:00Z
11.16882,2797.78941,1300723200000000000,2011-03-21T16:00:00Z,100200.0,,3cc22b5c-07f8-4318-a948-f4bd188f058c,OrderRole.Standalone,OrderType.Market,_default,,PositionEffect.Close,,100200.0,False,,OrderSide.Sell,OrderStatus.Filled,601898.SH,,TimeInForce.GTC,,,,1300809600000000000,2011-03-22T16:00:00Z
10.09989,29145.7575675,1300723200000000000,2011-03-21T16:00:00Z,1154300.0,,d0032796-2c3b-457b-9a17-702a13fa0d79,OrderRole.Standalone,OrderType.Market,_default,,PositionEffect.Close,,1154300.0,False,,OrderSide.Sell,OrderStatus.Filled,601919.SH,,TimeInForce.GTC,,,,1300809600000000000,2011-03-22T16:00:00Z
3.25674,572.372055,1300723200000000000,2011-03-21T16:00:00Z,70300.0,,b78c0222-f093-4be8-8c6d-58e51f37ae32,OrderRole.Standalone,OrderType.Market,_default,,PositionEffect.Close,,70300.0,False,,OrderSide.Sell,OrderStatus.Filled,601988.SH,,TimeInForce.GTC,,,,1300809600000000000,2011-03-22T16:00:00Z
,0.0,1300723200000000000,2011-03-21T16:00:00Z,0.0,,e8661046-7f9b-481e-80aa-aea028145d2b,OrderRole.Standalone,OrderType.Market,_default,,PositionEffect.Close,,144800.0,False,"Symbol 000895.SZ not tradable (zero volume, suspension) at execution timestamp 1300809600000000000",OrderSide.Sell,OrderStatus.Rejected,000895.SZ,,TimeInForce.GTC,,,,1300809600000000000,2011-03-22T16:00:00Z
49.27923,30023.3708775,1300723200000000000,2011-03-21T16:00:00Z,243700.0,,0c7bb746-7810-45f4-adf9-1591729343b0,OrderRole.Standalone,OrderType.Market,_default,,PositionEffect.Open,,243700.0,False,,OrderSide.Buy,OrderStatus.Filled,600547.SH,,TimeInForce.GTC,,,,1300809600000000000,2011-03-22T16:00:00Z
23.25323,30217.572385,1300723200000000000,2011-03-21T16:00:00Z,519800.0,,c897247a-cc6c-4b09-b3c8-50ad77bd4f27,OrderRole.Standalone,OrderType.Market,_default,,PositionEffect.Open,,519800.0,False,,OrderSide.Buy,OrderStatus.Filled,601808.SH,,TimeInForce.GTC,,,,1300809600000000000,2011-03-22T16:00:00Z
3.82382,29905.140265,1300723200000000000,2011-03-21T16:00:00Z,3128300.0,,8704b3de-fa27-4dc6-8186-83afef8946ea,OrderRole.Standalone,OrderType.Market,_default,,PositionEffect.Open,,3128300.0,False,,OrderSide.Buy,OrderStatus.Filled,601818.SH,,TimeInForce.GTC,,,,1300809600000000000,2011-03-22T16:00:00Z
7.89789,29871.7944525,1300723200000000000,2011-03-21T16:00:00Z,1512900.0,,5dd5742d-f4d3-4135-b2d2-7e9d09caec8b,OrderRole.Standalone,OrderType.Market,_default,,PositionEffect.Open,,1512900.0,False,,OrderSide.Buy,OrderStatus.Filled,601899.SH,,TimeInForce.GTC,,,,1300809600000000000,2011-03-22T16:00:00Z
4.91491,30000.61064,1300723200000000000,2011-03-21T16:00:00Z,2441600.0,,093fb4b3-e4fd-48b7-952e-6dfbc71b8a17,OrderRole.Standalone,OrderType.Market,_default,,PositionEffect.Open,,2441600.0,False,,OrderSide.Buy,OrderStatus.Filled,601939.SH,,TimeInForce.GTC,,,,1300809600000000000,2011-03-22T16:00:00Z
68.2317,33791.749425,1303315200000000000,2011-04-20T16:00:00Z,198100.0,,6772a1b6-f53e-4de5-a3d5-e2563e112b1c,OrderRole.Standalone,OrderType.Market,_default,,PositionEffect.Close,,198100.0,False,,OrderSide.Sell,OrderStatus.Filled,601699.SH,,TimeInForce.GTC,,,,1303401600000000000,2011-04-21T16:00:00Z
21.2787,27651.67065,1303315200000000000,2011-04-20T16:00:00Z,519800.0,,27e02e09-5769-4db0-8cd2-2b8d0f3ae3d6,OrderRole.Standalone,OrderType.Market,_default,,PositionEffect.Close,,519800.0,False,,OrderSide.Sell,OrderStatus.Filled,601808.SH,,TimeInForce.GTC,,,,1303401600000000000,2011-04-21T16:00:00Z
3.92607,30704.8119525,1303315200000000000,2011-04-20T16:00:00Z,3128300.0,,13d57335-3c47-48ab-992f-192964a0ba3b,OrderRole.Standalone,OrderType.Market,_default,,PositionEffect.Close,,3128300.0,False,,OrderSide.Sell,OrderStatus.Filled,601818.SH,,TimeInForce.GTC,,,,1303401600000000000,2011-04-21T16:00:00Z
11.93805,30489.7797,1303315200000000000,2011-04-20T16:00:00Z,1021600.0,,58aa9c0a-e7ca-4bcd-85ee-166e509f1ae3,OrderRole.Standalone,OrderType.Market,_default,,PositionEffect.Close,,1021600.0,False,,OrderSide.Sell,OrderStatus.Filled,601857.SH,,TimeInForce.GTC,,,,1303401600000000000,2011-04-21T16:00:00Z
28.62135,29251.0197,1303315200000000000,2011-04-20T16:00:00Z,408800.0,,207403fe-87fd-4dc9-9562-6252e668eae0,OrderRole.Standalone,OrderType.Market,_default,,PositionEffect.Close,,408800.0,False,,OrderSide.Sell,OrderStatus.Filled,601888.SH,,TimeInForce.GTC,,,,1303401600000000000,2011-04-21T16:00:00Z
10.92906,29074.031865,1303315200000000000,2011-04-20T16:00:00Z,1064100.0,,85949692-4235-40d9-a916-af278e6bc017,OrderRole.Standalone,OrderType.Market,_default,,PositionEffect.Close,,1064100.0,False,,OrderSide.Sell,OrderStatus.Filled,601898.SH,,TimeInForce.GTC,,,,1303401600000000000,2011-04-21T16:00:00Z
8.08191,30567.8040975,1303315200000000000,2011-04-20T16:00:00Z,1512900.0,,ce0878fe-fa64-45be-9b3a-3627b13243cd,OrderRole.Standalone,OrderType.Market,_default,,PositionEffect.Close,,1512900.0,False,,OrderSide.Sell,OrderStatus.Filled,601899.SH,,TimeInForce.GTC,,,,1303401600000000000,2011-04-21T16:00:00Z
5.25474,32074.93296,1303315200000000000,2011-04-20T16:00:00Z,2441600.0,,bca16576-a099-4a96-b3d5-5987d10905f7,OrderRole.Standalone,OrderType.Market,_default,,PositionEffect.Close,,2441600.0,False,,OrderSide.Sell,OrderStatus.Filled,601939.SH,,TimeInForce.GTC,,,,1303401600000000000,2011-04-21T16:00:00Z
3.3966,31291.1775,1303315200000000000,2011-04-20T16:00:00Z,3685000.0,,eb5d09d5-688d-42e4-9053-a153fa612f8b,OrderRole.Standalone,OrderType.Market,_default,,PositionEffect.Close,,3685000.0,False,,OrderSide.Sell,OrderStatus.Filled,601988.SH,,TimeInForce.GTC,,,,1303401600000000000,2011-04-21T16:00:00Z
,0.0,1303315200000000000,2011-04-20T16:00:00Z,0.0,,412f0847-b4d3-4a3f-88d8-3c01b097e461,OrderRole.Standalone,OrderType.Market,_default,,PositionEffect.Close,,243700.0,False,"Symbol 600547.SH not tradable (zero volume, suspension) at execution timestamp 1303401600000000000",OrderSide.Sell,OrderStatus.Rejected,600547.SH,,TimeInForce.GTC,,,,1303401600000000000,2011-04-21T16:00:00Z
,0.0,1303315200000000000,2011-04-20T16:00:00Z,0.0,,bd25761f-a457-43c9-882b-c102f0165d34,OrderRole.Standalone,OrderType.Market,_default,,PositionEffect.Close,,144800.0,False,"Symbol 000895.SZ not tradable (zero volume, suspension) at execution timestamp 1303401600000000000",OrderSide.Sell,OrderStatus.Rejected,000895.SZ,,TimeInForce.GTC,,,,1303401600000000000,2011-04-21T16:00:00Z
18.018,60013.4535,1303315200000000000,2011-04-20T16:00:00Z,1332300.0,,1f7f781d-6e34-4e07-897b-ca4bee4e2cd6,OrderRole.Standalone,OrderType.Market,_default,,PositionEffect.Open,,1332300.0,False,,OrderSide.Buy,OrderStatus.Filled,000001.SZ,,TimeInForce.GTC,,,,1303401600000000000,2011-04-21T16:00:00Z
8.63863,60066.5540475,1303315200000000000,2011-04-20T16:00:00Z,2781300.0,,60fc0014-f225-4bed-9f19-7f2ddffb804e,OrderRole.Standalone,OrderType.Market,_default,,PositionEffect.Open,,2781300.0,False,,OrderSide.Buy,OrderStatus.Filled,000002.SZ,,TimeInForce.GTC,,,,1303401600000000000,2011-04-21T16:00:00Z
29.44942,60533.28281,1303315200000000000,2011-04-20T16:00:00Z,822200.0,,186d6331-84ac-484d-b24c-97922b1ebe58,OrderRole.Standalone,OrderType.Market,_default,,PositionEffect.Open,,822200.0,False,,OrderSide.Buy,OrderStatus.Filled,000063.SZ,,TimeInForce.GTC,,,,1303401600000000000,2011-04-21T16:00:00Z
,0.0,1303315200000000000,2011-04-20T16:00:00Z,0.0,,dafefb3e-ae06-4e81-94ed-0941fc619fca,OrderRole.Standalone,OrderType.Market,_default,,PositionEffect.Open,,4162400.0,False,"Symbol 000100.SZ not tradable (zero volume, suspension) at execution timestamp 1303401600000000000",OrderSide.Buy,OrderStatus.Rejected,000100.SZ,,TimeInForce.GTC,,,,1303401600000000000,2011-04-21T16:00:00Z
16.5165,60487.552125,1303315200000000000,2011-04-20T16:00:00Z,1464900.0,,675b58a0-7f4c-4ead-bdb8-ce9eaad489ed,OrderRole.Standalone,OrderType.Market,_default,,PositionEffect.Open,,1464900.0,False,,OrderSide.Buy,OrderStatus.Filled,000157.SZ,,TimeInForce.GTC,,,,1303401600000000000,2011-04-21T16:00:00Z
18.25173,4786.5161925,1305820800000000000,2011-05-19T16:00:00Z,104900.0,,5978151a-d626-4855-9d66-c27686690fdd,OrderRole.Standalone,OrderType.Market,_default,,PositionEffect.Close,,104900.0,False,,OrderSide.Sell,OrderStatus.Filled,000001.SZ,,TimeInForce.GTC,,,,1306080000000000000,2011-05-22T16:00:00Z
8.20179,1014.9715125,1305820800000000000,2011-05-19T16:00:00Z,49500.0,,804638dd-b2d3-461b-8e2f-cd5e9b1af62b,OrderRole.Standalone,OrderType.Market,_default,,PositionEffect.Close,,49500.0,False,,OrderSide.Sell,OrderStatus.Filled,000002.SZ,,TimeInForce.GTC,,,,1306080000000000000,2011-05-22T16:00:00Z
60.24969,21810.38778,1305820800000000000,2011-05-19T16:00:00Z,144800.0,,4adf3e6a-a313-474b-b4bc-5db2b7978497,OrderRole.Standalone,OrderType.Market,_default,,PositionEffect.Close,,144800.0,False,,OrderSide.Sell,OrderStatus.Filled,000895.SZ,,TimeInForce.GTC,,,,1306080000000000000,2011-05-22T16:00:00Z
45.42453,27674.8949025,1305820800000000000,2011-05-19T16:00:00Z,243700.0,,41b4650f-9ac4-4967-bc73-5f87fced59fb,OrderRole.Standalone,OrderType.Market,_default,,PositionEffect.Close,,243700.0,False,,OrderSide.Sell,OrderStatus.Filled,600547.SH,,TimeInForce.GTC,,,,1306080000000000000,2011-05-22T16:00:00Z
3.17317,55800.9877425,1305820800000000000,2011-05-19T16:00:00Z,7034100.0,,52966e04-d134-49a6-91be-d6e59b255e33,OrderRole.Standalone,OrderType.Market,_default,,PositionEffect.Open,,7034100.0,False,,OrderSide.Buy,OrderStatus.Filled,000100.SZ,,TimeInForce.GTC,,,,1306080000000000000,2011-05-22T16:00:00Z
14.30429,4101.7551575,1305820800000000000,2011-05-19T16:00:00Z,114700.0,,6b0e20c2-5371-4793-ac7a-496786d78eef,OrderRole.Standalone,OrderType.Market,_default,,PositionEffect.Open,,114700.0,False,,OrderSide.Buy,OrderStatus.Filled,000157.SZ,,TimeInForce.GTC,,,,1306080000000000000,2011-05-22T16:00:00Z
27.027,770.2695,1305820800000000000,2011-05-19T16:00:00Z,11400.0,,b359784e-cf92-43cc-81e3-b03ffc7f1bae,OrderRole.Standalone,OrderType.Market,_default,,PositionEffect.Open,,11400.0,False,,OrderSide.Buy,OrderStatus.Filled,000063.SZ,,TimeInForce.GTC,,,,1306080000000000000,2011-05-22T16:00:00Z
16.04394,49230.82989,1308499200000000000,2011-06-19T16:00:00Z,1227400.0,,8a0aeefa-913f-48c8-90d1-cd9d7a9e35e4,OrderRole.Standalone,OrderType.Market,_default,,PositionEffect.Close,,1227400.0,False,,OrderSide.Sell,OrderStatus.Filled,000001.SZ,,TimeInForce.GTC,,,,1308585600000000000,2011-06-20T16:00:00Z
8.15184,55672.99128,1308499200000000000,2011-06-19T16:00:00Z,2731800.0,,5c5a5d5c-f44c-4124-a8f7-243294f3172f,OrderRole.Standalone,OrderType.Market,_default,,PositionEffect.Close,,2731800.0,False,,OrderSide.Sell,OrderStatus.Filled,000002.SZ,,TimeInForce.GTC,,,,1308585600000000000,2011-06-20T16:00:00Z
25.52445,53192.9538,1308499200000000000,2011-06-19T16:00:00Z,833600.0,,509f59c7-a265-4bc8-9354-d19d50c7f724,OrderRole.Standalone,OrderType.Market,_default,,PositionEffect.Close,,833600.0,False,,OrderSide.Sell,OrderStatus.Filled,000063.SZ,,TimeInForce.GTC,,,,1308585600000000000,2011-06-20T16:00:00Z
2.87712,50594.87448,1308499200000000000,2011-06-19T16:00:00Z,7034100.0,,5a872399-fbc8-4e67-bd69-8ad022d798fe,OrderRole.Standalone,OrderType.Market,_default,,PositionEffect.Close,,7034100.0,False,,OrderSide.Sell,OrderStatus.Filled,000100.SZ,,TimeInForce.GTC,,,,1308585600000000000,2011-06-20T16:00:00Z
14.23575,56216.97675,1308499200000000000,2011-06-19T16:00:00Z,1579600.0,,6a78aee7-79a4-4bb0-9e1e-ee25c87a807f,OrderRole.Standalone,OrderType.Market,_default,,PositionEffect.Close,,1579600.0,False,,OrderSide.Sell,OrderStatus.Filled,000157.SZ,,TimeInForce.GTC,,,,1308585600000000000,2011-06-20T16:00:00Z
42.93289,53569.5134975,1308499200000000000,2011-06-19T16:00:00Z,499100.0,,acf2f03d-327d-4048-a0dd-7390c825a3a6,OrderRole.Standalone,OrderType.Market,_default,,PositionEffect.Open,,499100.0,False,,OrderSide.Buy,OrderStatus.Filled,000568.SZ,,TimeInForce.GTC,,,,1308585600000000000,2011-06-20T16:00:00Z
21.40138,53706.76311,1308499200000000000,2011-06-19T16:00:00Z,1003800.0,,908fa43f-c4db-4b7f-87d4-fa75654055c5,OrderRole.Standalone,OrderType.Market,_default,,PositionEffect.Open,,1003800.0,False,,OrderSide.Buy,OrderStatus.Filled,000651.SZ,,TimeInForce.GTC,,,,1308585600000000000,2011-06-20T16:00:00Z
17.34733,52267.50529,1308499200000000000,2011-06-19T16:00:00Z,1205200.0,,81bb5d71-c7bd-4f44-b3d8-2cac9d606e5e,OrderRole.Standalone,OrderType.Market,_default,,PositionEffect.Open,,1205200.0,False,,OrderSide.Buy,OrderStatus.Filled,002459.SZ,,TimeInForce.GTC,,,,1308585600000000000,2011-06-20T16:00:00Z
3.85385,53496.2553125,1308499200000000000,2011-06-19T16:00:00Z,5552500.0,,50f6f780-2b4a-4379-acf8-8dc1e254bda9,OrderRole.Standalone,OrderType.Market,_default,,PositionEffect.Open,,5552500.0,False,,OrderSide.Buy,OrderStatus.Filled,601390.SH,,TimeInForce.GTC,,,,1308585600000000000,2011-06-20T16:00:00Z
3.81381,53497.2663225,1308499200000000000,2011-06-19T16:00:00Z,5610900.0,,a671ff28-7a1a-4a7b-91c0-f841f0a4d216,OrderRole.Standalone,OrderType.Market,_default,,PositionEffect.Open,,5610900.0,False,,OrderSide.Buy,OrderStatus.Filled,601618.SH,,TimeInForce.GTC,,,,1308585600000000000,2011-06-20T16:00:00Z
40.4595,50483.341125,1318867200000000000,2011-10-17T16:00:00Z,499100.0,,8bf29a48-1280-429e-aee0-63ee8a10bed0,OrderRole.Standalone,OrderType.Market,_default,,PositionEffect.Close,,499100.0,False,,OrderSide.Sell,OrderStatus.Filled,000568.SZ,,TimeInForce.GTC,,,,1318953600000000000,2011-10-18T16:00:00Z
19.59039,49162.083705,1318867200000000000,2011-10-17T16:00:00Z,1003800.0,,a29759b7-758a-40a3-ae65-8b3020ca4091,OrderRole.Standalone,OrderType.Market,_default,,PositionEffect.Close,,1003800.0,False,,OrderSide.Sell,OrderStatus.Filled,000651.SZ,,TimeInForce.GTC,,,,1318953600000000000,2011-10-18T16:00:00Z
14.1858,42741.8154,1318867200000000000,2011-10-17T16:00:00Z,1205200.0,,525e2241-f425-47fd-b618-6e19663e511e,OrderRole.Standalone,OrderType.Market,_default,,PositionEffect.Close,,1205200.0,False,,OrderSide.Sell,OrderStatus.Filled,002459.SZ,,TimeInForce.GTC,,,,1318953600000000000,2011-10-18T16:00:00Z
2.96703,41186.0851875,1318867200000000000,2011-10-17T16:00:00Z,5552500.0,,d4f1b871-71f7-4b0e-9814-e389da415218,OrderRole.Standalone,OrderType.Market,_default,,PositionEffect.Close,,5552500.0,False,,OrderSide.Sell,OrderStatus.Filled,601390.SH,,TimeInForce.GTC,,,,1318953600000000000,2011-10-18T16:00:00Z
2.97702,41759.403795,1318867200000000000,2011-10-17T16:00:00Z,5610900.0,,8ebae64f-42c8-443d-8399-df36473014ed,OrderRole.Standalone,OrderType.Market,_default,,PositionEffect.Close,,5610900.0,False,,OrderSide.Sell,OrderStatus.Filled,601618.SH,,TimeInForce.GTC,,,,1318953600000000000,2011-10-18T16:00:00Z
16.12611,45802.1839275,1318867200000000000,2011-10-17T16:00:00Z,1136100.0,,b335cc17-eb12-4a28-8351-c1d8d89692d3,OrderRole.Standalone,OrderType.Market,_default,,PositionEffect.Open,,1136100.0,False,,OrderSide.Buy,OrderStatus.Filled,000001.SZ,,TimeInForce.GTC,,,,1318953600000000000,2011-10-18T16:00:00Z
7.17717,45418.9260525,1318867200000000000,2011-10-17T16:00:00Z,2531300.0,,58213050-87d7-4733-8e6f-77edca7118c9,OrderRole.Standalone,OrderType.Market,_default,,PositionEffect.Open,,2531300.0,False,,OrderSide.Buy,OrderStatus.Filled,000002.SZ,,TimeInForce.GTC,,,,1318953600000000000,2011-10-18T16:00:00Z
16.87686,45791.140395,1318867200000000000,2011-10-17T16:00:00Z,1085300.0,,7a617ce2-3f3a-4238-b921-ec621160aaec,OrderRole.Standalone,OrderType.Market,_default,,PositionEffect.Open,,1085300.0,False,,OrderSide.Buy,OrderStatus.Filled,000063.SZ,,TimeInForce.GTC,,,,1318953600000000000,2011-10-18T16:00:00Z
2.2022,45755.1094,1318867200000000000,2011-10-17T16:00:00Z,8310800.0,,dc5d43ab-f81e-443e-a2f3-5bbd503bcbb2,OrderRole.Standalone,OrderType.Market,_default,,PositionEffect.Open,,8310800.0,False,,OrderSide.Buy,OrderStatus.Filled,000100.SZ,,TimeInForce.GTC,,,,1318953600000000000,2011-10-18T16:00:00Z
9.59959,45593.252705,1318867200000000000,2011-10-17T16:00:00Z,1899800.0,,7e0ff9fa-752b-4f65-bb88-d6dd13fdb6e9,OrderRole.Standalone,OrderType.Market,_default,,PositionEffect.Open,,1899800.0,False,,OrderSide.Buy,OrderStatus.Filled,000157.SZ,,TimeInForce.GTC,,,,1318953600000000000,2011-10-18T16:00:00Z
9.25074,58540.995405,1354809600000000000,2012-12-06T16:00:00Z,2531300.0,,80c94e35-c3e6-4b1f-aa1d-0dd2a37a92d7,OrderRole.Standalone,OrderType.Market,_default,,PositionEffect.Close,,2531300.0,False,,OrderSide.Sell,OrderStatus.Filled,000002.SZ,,TimeInForce.GTC,,,,1355068800000000000,2012-12-09T16:00:00Z
8.37162,22714.297965,1354809600000000000,2012-12-06T16:00:00Z,1085300.0,,209e4812-18b0-4e05-898b-abf3b3f096ec,OrderRole.Standalone,OrderType.Market,_default,,PositionEffect.Close,,1085300.0,False,,OrderSide.Sell,OrderStatus.Filled,000063.SZ,,TimeInForce.GTC,,,,1355068800000000000,2012-12-09T16:00:00Z
2.1978,45663.6906,1354809600000000000,2012-12-06T16:00:00Z,8310800.0,,258c1179-112b-4fc8-b629-f8e259394a14,OrderRole.Standalone,OrderType.Market,_default,,PositionEffect.Close,,8310800.0,False,,OrderSide.Sell,OrderStatus.Filled,000100.SZ,,TimeInForce.GTC,,,,1355068800000000000,2012-12-09T16:00:00Z
8.57142,40709.95929,1354809600000000000,2012-12-06T16:00:00Z,1899800.0,,27a44800-3a3b-447b-91b4-a810f7d4a61f,OrderRole.Standalone,OrderType.Market,_default,,PositionEffect.Close,,1899800.0,False,,OrderSide.Sell,OrderStatus.Filled,000157.SZ,,TimeInForce.GTC,,,,1355068800000000000,2012-12-09T16:00:00Z
31.28125,41447.65625,1354809600000000000,2012-12-06T16:00:00Z,530000.0,,91f5fd5e-2274-424d-93ad-fa1653ed3e7b,OrderRole.Standalone,OrderType.Market,_default,,PositionEffect.Open,,530000.0,False,,OrderSide.Buy,OrderStatus.Filled,000568.SZ,,TimeInForce.GTC,,,,1355068800000000000,2012-12-09T16:00:00Z
25.07505,40270.5303,1354809600000000000,2012-12-06T16:00:00Z,642400.0,,ada9f983-efdb-4b0b-8166-102a09564ae6,OrderRole.Standalone,OrderType.Market,_default,,PositionEffect.Open,,642400.0,False,,OrderSide.Buy,OrderStatus.Filled,000596.SZ,,TimeInForce.GTC,,,,1355068800000000000,2012-12-09T16:00:00Z
55.055,41456.415,1354809600000000000,2012-12-06T16:00:00Z,301200.0,,aa828633-4fff-480c-a0d9-8dcbd476bbc9,OrderRole.Standalone,OrderType.Market,_default,,PositionEffect.Open,,301200.0,False,,OrderSide.Buy,OrderStatus.Filled,000661.SZ,,TimeInForce.GTC,,,,1355068800000000000,2012-12-09T16:00:00Z
24.99497,40598.0800225,1354809600000000000,2012-12-06T16:00:00Z,649700.0,,3cd126aa-722a-4d17-a18d-7d065802d725,OrderRole.Standalone,OrderType.Market,_default,,PositionEffect.Open,,649700.0,False,,OrderSide.Buy,OrderStatus.Filled,000858.SZ,,TimeInForce.GTC,,,,1355068800000000000,2012-12-09T16:00:00Z
14.16415,1791.764975,1354809600000000000,2012-12-06T16:00:00Z,50600.0,,5ebfa88b-dc9e-4a95-8375-32dd6f5a8a3d,OrderRole.Standalone,OrderType.Market,_default,,PositionEffect.Open,,50600.0,False,,OrderSide.Buy,OrderStatus.Filled,000001.SZ,,TimeInForce.GTC,,,,1355068800000000000,2012-12-09T16:00:00Z
21.978,65203.2315,1363104000000000000,2013-03-12T16:00:00Z,1186700.0,,4f73cd48-b6a3-4367-bf84-0b0675d0eb56,OrderRole.Standalone,OrderType.Market,_default,,PositionEffect.Close,,1186700.0,False,,OrderSide.Sell,OrderStatus.Filled,000001.SZ,,TimeInForce.GTC,,,,1363190400000000000,2013-03-13T16:00:00Z
30.74922,40742.7165,1363104000000000000,2013-03-12T16:00:00Z,530000.0,,6955fc50-bcd5-406d-8ed2-98af099c7327,OrderRole.Standalone,OrderType.Market,_default,,PositionEffect.Close,,530000.0,False,,OrderSide.Sell,OrderStatus.Filled,000568.SZ,,TimeInForce.GTC,,,,1363190400000000000,2013-03-13T16:00:00Z
33.8661,3158.013825,1363104000000000000,2013-03-12T16:00:00Z,37300.0,,7bf741cc-aff5-488f-83b0-ec846c5d247b,OrderRole.Standalone,OrderType.Market,_default,,PositionEffect.Close,,37300.0,False,,OrderSide.Sell,OrderStatus.Filled,000596.SZ,,TimeInForce.GTC,,,,1363190400000000000,2013-03-13T16:00:00Z
81.67824,9740.13012,1363104000000000000,2013-03-12T16:00:00Z,47700.0,,b3a727de-4164-4f69-8c91-b791c7d1509d,OrderRole.Standalone,OrderType.Market,_default,,PositionEffect.Close,,47700.0,False,,OrderSide.Sell,OrderStatus.Filled,000661.SZ,,TimeInForce.GTC,,,,1363190400000000000,2013-03-13T16:00:00Z
24.3243,12247.28505,1363104000000000000,2013-03-12T16:00:00Z,201400.0,,12e04f99-bdf7-494b-8672-ad366769d3ef,OrderRole.Standalone,OrderType.Market,_default,,PositionEffect.Open,,201400.0,False,,OrderSide.Buy,OrderStatus.Filled,000858.SZ,,TimeInForce.GTC,,,,1363190400000000000,2013-03-13T16:00:00Z
22.41239,51839.85807,1363104000000000000,2013-03-12T16:00:00Z,925200.0,,c9672294-6d04-4867-88a4-f74c4aeb230b,OrderRole.Standalone,OrderType.Market,_default,,PositionEffect.Open,,925200.0,False,,OrderSide.Buy,OrderStatus.Filled,002410.SZ,,TimeInForce.GTC,,,,1363190400000000000,2013-03-13T16:00:00Z
15.7157,51712.51085,1363104000000000000,2013-03-12T16:00:00Z,1316200.0,,e3769dee-a07a-403d-8129-ebdc9c10409d,OrderRole.Standalone,OrderType.Market,_default,,PositionEffect.Open,,1316200.0,False,,OrderSide.Buy,OrderStatus.Filled,300033.SZ,,TimeInForce.GTC,,,,1363190400000000000,2013-03-13T16:00:00Z
87.2127,4644.076275,1365696000000000000,2013-04-11T16:00:00Z,21300.0,,14dfe570-1b38-4741-8dd9-95ecb1171340,OrderRole.Standalone,OrderType.Market,_default,,PositionEffect.Close,,21300.0,False,,OrderSide.Sell,OrderStatus.Filled,000661.SZ,,TimeInForce.GTC,,,,1365955200000000000,2013-04-14T16:00:00Z
22.3776,47613.9384,1365696000000000000,2013-04-11T16:00:00Z,851100.0,,7d0e4a5f-6d75-44f7-be84-879731a497c0,OrderRole.Standalone,OrderType.Market,_default,,PositionEffect.Close,,851100.0,False,,OrderSide.Sell,OrderStatus.Filled,000858.SZ,,TimeInForce.GTC,,,,1365955200000000000,2013-04-14T16:00:00Z
22.45752,3576.36006,1365696000000000000,2013-04-11T16:00:00Z,63700.0,,0a45f502-5472-4aec-97f5-76da0400071b,OrderRole.Standalone,OrderType.Market,_default,,PositionEffect.Close,,63700.0,False,,OrderSide.Sell,OrderStatus.Filled,002410.SZ,,TimeInForce.GTC,,,,1365955200000000000,2013-04-14T16:00:00Z
14.66465,300.625325,1365696000000000000,2013-04-11T16:00:00Z,8200.0,,e4ed6f86-7d3e-4fc4-820f-da27d6675639,OrderRole.Standalone,OrderType.Market,_default,,PositionEffect.Open,,8200.0,False,,OrderSide.Buy,OrderStatus.Filled,300033.SZ,,TimeInForce.GTC,,,,1365955200000000000,2013-04-14T16:00:00Z
14.82481,48006.4409825,1365696000000000000,2013-04-11T16:00:00Z,1295300.0,,b6bbcb6c-9c90-43d2-98ee-05e2e4b9e42c,OrderRole.Standalone,OrderType.Market,_default,,PositionEffect.Open,,1295300.0,False,,OrderSide.Buy,OrderStatus.Filled,300059.SZ,,TimeInForce.GTC,,,,1365955200000000000,2013-04-14T16:00:00Z
26.96694,7712.54484,1365696000000000000,2013-04-11T16:00:00Z,114400.0,,9f0dcbb5-84dd-4a82-bb47-0bf4c37959f2,OrderRole.Standalone,OrderType.Market,_default,,PositionEffect.Open,,114400.0,False,,OrderSide.Buy,OrderStatus.Filled,000596.SZ,,TimeInForce.GTC,,,,1365955200000000000,2013-04-14T16:00:00Z
24.78519,44582.3605125,1368547200000000000,2013-05-14T16:00:00Z,719500.0,,06a7dfba-0093-4658-8de1-eab9677dc64e,OrderRole.Standalone,OrderType.Market,_default,,PositionEffect.Close,,719500.0,False,,OrderSide.Sell,OrderStatus.Filled,000596.SZ,,TimeInForce.GTC,,,,1368633600000000000,2013-05-15T16:00:00Z
103.12677,3454.746795,1368547200000000000,2013-05-14T16:00:00Z,13400.0,,56541858-58e8-476d-be82-f7ba0e882679,OrderRole.Standalone,OrderType.Market,_default,,PositionEffect.Close,,13400.0,False,,OrderSide.Sell,OrderStatus.Filled,000661.SZ,,TimeInForce.GTC,,,,1368633600000000000,2013-05-15T16:00:00Z
22.39758,72528.963435,1368547200000000000,2013-05-14T16:00:00Z,1295300.0,,5b2e58ca-e0c0-4872-b899-8ece19252759,OrderRole.Standalone,OrderType.Market,_default,,PositionEffect.Close,,1295300.0,False,,OrderSide.Sell,OrderStatus.Filled,300059.SZ,,TimeInForce.GTC,,,,1368633600000000000,2013-05-15T16:00:00Z
39.40937,56256.875675,1368547200000000000,2013-05-14T16:00:00Z,571000.0,,c3201826-d1ae-45d6-9c1d-fcafbe177fa5,OrderRole.Standalone,OrderType.Market,_default,,PositionEffect.Open,,571000.0,False,,OrderSide.Buy,OrderStatus.Filled,300142.SZ,,TimeInForce.GTC,,,,1368633600000000000,2013-05-15T16:00:00Z
10.2102,55778.3226,1368547200000000000,2013-05-14T16:00:00Z,2185200.0,,b030a9d9-5d3b-4c7a-bbb4-37dc70e48471,OrderRole.Standalone,OrderType.Market,_default,,PositionEffect.Open,,2185200.0,False,,OrderSide.Buy,OrderStatus.Filled,000975.SZ,,TimeInForce.GTC,,,,1368633600000000000,2013-05-15T16:00:00Z
16.83682,2310.853545,1368547200000000000,2013-05-14T16:00:00Z,54900.0,,8a383551-6ff0-4497-b948-89b768b868ed,OrderRole.Standalone,OrderType.Market,_default,,PositionEffect.Open,,54900.0,False,,OrderSide.Buy,OrderStatus.Filled,300033.SZ,,TimeInForce.GTC,,,,1368633600000000000,2013-05-15T16:00:00Z
25.37535,1801.64985,1368547200000000000,2013-05-14T16:00:00Z,28400.0,,299d3e21-0b49-43c8-b0cb-611f6acda785,OrderRole.Standalone,OrderType.Market,_default,,PositionEffect.Open,,28400.0,False,,OrderSide.Buy,OrderStatus.Filled,002410.SZ,,TimeInForce.GTC,,,,1368633600000000000,2013-05-15T16:00:00Z
109.3905,27.347625,1373817600000000000,2013-07-14T16:00:00Z,100.0,,1081020a-ef03-4ce6-88b9-d5de92375bd3,OrderRole.Standalone,OrderType.Market,_default,,PositionEffect.Close,,100.0,False,,OrderSide.Sell,OrderStatus.Filled,000661.SZ,,TimeInForce.GTC,,,,1373904000000000000,2013-07-15T16:00:00Z
24.00597,24456.0819375,1373817600000000000,2013-07-14T16:00:00Z,407500.0,,a82aa23b-4e4f-44cd-8061-093a251fa681,OrderRole.Standalone,OrderType.Market,_default,,PositionEffect.Close,,407500.0,False,,OrderSide.Sell,OrderStatus.Filled,300033.SZ,,TimeInForce.GTC,,,,1373904000000000000,2013-07-15T16:00:00Z
40.6406,1849.1473,1373817600000000000,2013-07-14T16:00:00Z,18200.0,,3067482e-fe98-424d-801a-7cc57560a792,OrderRole.Standalone,OrderType.Market,_default,,PositionEffect.Open,,18200.0,False,,OrderSide.Buy,OrderStatus.Filled,300142.SZ,,TimeInForce.GTC,,,,1373904000000000000,2013-07-15T16:00:00Z
8.77877,11438.73731,1373817600000000000,2013-07-14T16:00:00Z,521200.0,,aa91d99c-0830-4167-bb7f-4ee9a7cfd954,OrderRole.Standalone,OrderType.Market,_default,,PositionEffect.Open,,521200.0,False,,OrderSide.Buy,OrderStatus.Filled,000975.SZ,,TimeInForce.GTC,,,,1373904000000000000,2013-07-15T16:00:00Z
22.9229,9908.423525,1373817600000000000,2013-07-14T16:00:00Z,172900.0,,da6e571d-00a7-4022-95e4-cf6c12fc47ac,OrderRole.Standalone,OrderType.Market,_default,,PositionEffect.Open,,172900.0,False,,OrderSide.Buy,OrderStatus.Filled,002410.SZ,,TimeInForce.GTC,,,,1373904000000000000,2013-07-15T16:00:00Z
119.6802,2962.08495,1376236800000000000,2013-08-11T16:00:00Z,9900.0,,dbac77fa-3cf8-48a7-ac2f-f1e47a7b98cf,OrderRole.Standalone,OrderType.Market,_default,,PositionEffect.Close,,9900.0,False,,OrderSide.Sell,OrderStatus.Filled,000661.SZ,,TimeInForce.GTC,,,,1376323200000000000,2013-08-12T16:00:00Z
44.22573,65144.50029,1376236800000000000,2013-08-11T16:00:00Z,589200.0,,9dd1baf7-2e1b-465a-b1dd-0480c802d98c,OrderRole.Standalone,OrderType.Market,_default,,PositionEffect.Close,,589200.0,False,,OrderSide.Sell,OrderStatus.Filled,300142.SZ,,TimeInForce.GTC,,,,1376323200000000000,2013-08-12T16:00:00Z
10.32031,62461.0961975,1376236800000000000,2013-08-11T16:00:00Z,2420900.0,,1e2717e6-707c-4d05-8fd3-006852f659d8,OrderRole.Standalone,OrderType.Market,_default,,PositionEffect.Open,,2420900.0,False,,OrderSide.Buy,OrderStatus.Filled,000001.SZ,,TimeInForce.GTC,,,,1376323200000000000,2013-08-12T16:00:00Z
9.009,2047.29525,1376236800000000000,2013-08-11T16:00:00Z,90900.0,,9d3a7daa-96ef-4fee-8d4f-d8a7e792c1f6,OrderRole.Standalone,OrderType.Market,_default,,PositionEffect.Open,,90900.0,False,,OrderSide.Buy,OrderStatus.Filled,000975.SZ,,TimeInForce.GTC,,,,1376323200000000000,2013-08-12T16:00:00Z
25.35533,786.01523,1376236800000000000,2013-08-11T16:00:00Z,12400.0,,c2e0160e-9dd6-4bf0-ab22-de81f69439d9,OrderRole.Standalone,OrderType.Market,_default,,PositionEffect.Open,,12400.0,False,,OrderSide.Buy,OrderStatus.Filled,300033.SZ,,TimeInForce.GTC,,,,1376323200000000000,2013-08-12T16:00:00Z
23.11309,496.931435,1376236800000000000,2013-08-11T16:00:00Z,8600.0,,069af932-191f-4a28-a882-2387b08dece7,OrderRole.Standalone,OrderType.Market,_default,,PositionEffect.Open,,8600.0,False,,OrderSide.Buy,OrderStatus.Filled,002410.SZ,,TimeInForce.GTC,,,,1376323200000000000,2013-08-12T16:00:00Z
12.40758,75093.776055,1378656000000000000,2013-09-08T16:00:00Z,2420900.0,,b7158d12-e04e-48be-a2ce-59c3269abe38,OrderRole.Standalone,OrderType.Market,_default,,PositionEffect.Close,,2420900.0,False,,OrderSide.Sell,OrderStatus.Filled,000001.SZ,,TimeInForce.GTC,,,,1378742400000000000,2013-09-09T16:00:00Z
25.4745,68233.44825,1378656000000000000,2013-09-08T16:00:00Z,1071400.0,,92bdba10-bb02-4dab-8c0c-12a0b9b73831,OrderRole.Standalone,OrderType.Market,_default,,PositionEffect.Close,,1071400.0,False,,OrderSide.Sell,OrderStatus.Filled,002410.SZ,,TimeInForce.GTC,,,,1378742400000000000,2013-09-09T16:00:00Z
26.80317,65949.199785,1378656000000000000,2013-09-08T16:00:00Z,984200.0,,a89abcd5-5b6e-4c90-a7c6-d35bc3440094,OrderRole.Standalone,OrderType.Market,_default,,PositionEffect.Close,,984200.0,False,,OrderSide.Sell,OrderStatus.Filled,300033.SZ,,TimeInForce.GTC,,,,1378742400000000000,2013-09-09T16:00:00Z
13.013,64531.467,1378656000000000000,2013-09-08T16:00:00Z,1983600.0,,a2560581-8161-4dfe-9ef1-72bede462477,OrderRole.Standalone,OrderType.Market,_default,,PositionEffect.Open,,1983600.0,False,,OrderSide.Buy,OrderStatus.Filled,600588.SH,,TimeInForce.GTC,,,,1378742400000000000,2013-09-09T16:00:00Z
8.46846,65871.91611,1378656000000000000,2013-09-08T16:00:00Z,3111400.0,,1d49be4d-4aaf-43e9-b840-ae2c5647914d,OrderRole.Standalone,OrderType.Market,_default,,PositionEffect.Open,,3111400.0,False,,OrderSide.Buy,OrderStatus.Filled,000425.SZ,,TimeInForce.GTC,,,,1378742400000000000,2013-09-09T16:00:00Z
21.99197,65442.6047275,1378656000000000000,2013-09-08T16:00:00Z,1190300.0,,99311355-0765-4bfd-996f-9f19ae2bd384,OrderRole.Standalone,OrderType.Market,_default,,PositionEffect.Open,,1190300.0,False,,OrderSide.Buy,OrderStatus.Filled,000568.SZ,,TimeInForce.GTC,,,,1378742400000000000,2013-09-09T16:00:00Z
110.11,7294.7875,1378656000000000000,2013-09-08T16:00:00Z,26500.0,,f6cdbfc5-0555-4136-bad1-68b4d5f0c30a,OrderRole.Standalone,OrderType.Market,_default,,PositionEffect.Open,,26500.0,False,,OrderSide.Buy,OrderStatus.Filled,000661.SZ,,TimeInForce.GTC,,,,1378742400000000000,2013-09-09T16:00:00Z
8.85885,3375.22185,1378656000000000000,2013-09-08T16:00:00Z,152400.0,,c865ac48-395e-40ab-9dfe-6e8fc27bcc31,OrderRole.Standalone,OrderType.Market,_default,,PositionEffect.Open,,152400.0,False,,OrderSide.Buy,OrderStatus.Filled,000975.SZ,,TimeInForce.GTC,,,,1378742400000000000,2013-09-09T16:00:00Z
8.3916,65274.0606,1381852800000000000,2013-10-15T16:00:00Z,3111400.0,,1beaf09c-51ff-4540-b812-ec08d25b6246,OrderRole.Standalone,OrderType.Market,_default,,PositionEffect.Close,,3111400.0,False,,OrderSide.Sell,OrderStatus.Filled,000425.SZ,,TimeInForce.GTC,,,,1381939200000000000,2013-10-16T16:00:00Z
20.58939,61268.8772925,1381852800000000000,2013-10-15T16:00:00Z,1190300.0,,8b14bca9-fea2-4aab-b402-ae0b9b5b5b72,OrderRole.Standalone,OrderType.Market,_default,,PositionEffect.Close,,1190300.0,False,,OrderSide.Sell,OrderStatus.Filled,000568.SZ,,TimeInForce.GTC,,,,1381939200000000000,2013-10-16T16:00:00Z
14.36562,71239.10958,1381852800000000000,2013-10-15T16:00:00Z,1983600.0,,6e037180-0c68-495a-a734-27350e8e3a60,OrderRole.Standalone,OrderType.Market,_default,,PositionEffect.Close,,1983600.0,False,,OrderSide.Sell,OrderStatus.Filled,600588.SH,,TimeInForce.GTC,,,,1381939200000000000,2013-10-16T16:00:00Z
29.76974,64324.965705,1381852800000000000,2013-10-15T16:00:00Z,864300.0,,9295f6f8-f588-4560-b369-ca52fed229f0,OrderRole.Standalone,OrderType.Market,_default,,PositionEffect.Open,,864300.0,False,,OrderSide.Buy,OrderStatus.Filled,002410.SZ,,TimeInForce.GTC,,,,1381939200000000000,2013-10-16T16:00:00Z
26.35633,63703.24961,1381852800000000000,2013-10-15T16:00:00Z,966800.0,,c45dc13a-69b2-4de8-bc42-6a05c4c7a0f4,OrderRole.Standalone,OrderType.Market,_default,,PositionEffect.Open,,966800.0,False,,OrderSide.Buy,OrderStatus.Filled,300033.SZ,,TimeInForce.GTC,,,,1381939200000000000,2013-10-16T16:00:00Z
41.58154,64576.13162,1381852800000000000,2013-10-15T16:00:00Z,621200.0,,8808f9eb-0a60-44fd-b986-0bf085a53310,OrderRole.Standalone,OrderType.Market,_default,,PositionEffect.Open,,621200.0,False,,OrderSide.Buy,OrderStatus.Filled,300142.SZ,,TimeInForce.GTC,,,,1381939200000000000,2013-10-16T16:00:00Z
100.44034,4821.13632,1381852800000000000,2013-10-15T16:00:00Z,19200.0,,8a3435ab-16a4-4fa2-ae8a-7b0aa8eada42,OrderRole.Standalone,OrderType.Market,_default,,PositionEffect.Open,,19200.0,False,,OrderSide.Buy,OrderStatus.Filled,000661.SZ,,TimeInForce.GTC,,,,1381939200000000000,2013-10-16T16:00:00Z
8.43843,1805.82402,1381852800000000000,2013-10-15T16:00:00Z,85600.0,,8c8db9ed-9ed5-402a-b070-ef5605763eab,OrderRole.Standalone,OrderType.Market,_default,,PositionEffect.Open,,85600.0,False,,OrderSide.Buy,OrderStatus.Filled,000975.SZ,,TimeInForce.GTC,,,,1381939200000000000,2013-10-16T16:00:00Z
101.17872,5337.17748,1384272000000000000,2013-11-12T16:00:00Z,21100.0,,cd5f75d6-e657-4539-b0c2-33427be0104d,OrderRole.Standalone,OrderType.Market,_default,,PositionEffect.Close,,21100.0,False,,OrderSide.Sell,OrderStatus.Filled,000661.SZ,,TimeInForce.GTC,,,,1384358400000000000,2013-11-13T16:00:00Z
8.14185,2674.597725,1384272000000000000,2013-11-12T16:00:00Z,131400.0,,d18fa31f-7ba3-402f-b1e3-cf547f05130d,OrderRole.Standalone,OrderType.Market,_default,,PositionEffect.Close,,131400.0,False,,OrderSide.Sell,OrderStatus.Filled,000975.SZ,,TimeInForce.GTC,,,,1384358400000000000,2013-11-13T16:00:00Z
27.0729,58497.768675,1384272000000000000,2013-11-12T16:00:00Z,864300.0,,fde95bd0-0dc1-4212-9ca2-a0a433d3dd37,OrderRole.Standalone,OrderType.Market,_default,,PositionEffect.Close,,864300.0,False,,OrderSide.Sell,OrderStatus.Filled,002410.SZ,,TimeInForce.GTC,,,,1384358400000000000,2013-11-13T16:00:00Z
22.58739,54593.72163,1384272000000000000,2013-11-12T16:00:00Z,966800.0,,777f061c-cabb-4e94-890b-4bc9c5729976,OrderRole.Standalone,OrderType.Market,_default,,PositionEffect.Close,,966800.0,False,,OrderSide.Sell,OrderStatus.Filled,300033.SZ,,TimeInForce.GTC,,,,1384358400000000000,2013-11-13T16:00:00Z
34.55541,53664.55173,1384272000000000000,2013-11-12T16:00:00Z,621200.0,,b0da36f4-7923-461d-8512-cb8dec55e856,OrderRole.Standalone,OrderType.Market,_default,,PositionEffect.Close,,621200.0,False,,OrderSide.Sell,OrderStatus.Filled,300142.SZ,,TimeInForce.GTC,,,,1384358400000000000,2013-11-13T16:00:00Z
5.08508,59269.14994,1384272000000000000,2013-11-12T16:00:00Z,4662200.0,,a9830644-5383-46ad-8260-1735457e3621,OrderRole.Standalone,OrderType.Market,_default,,PositionEffect.Open,,4662200.0,False,,OrderSide.Buy,OrderStatus.Filled,601898.SH,,TimeInForce.GTC,,,,1384358400000000000,2013-11-13T16:00:00Z
7.59759,59308.6869375,1384272000000000000,2013-11-12T16:00:00Z,3122500.0,,e954eb5f-a7fe-4add-9baa-9fee773fd937,OrderRole.Standalone,OrderType.Market,_default,,PositionEffect.Open,,3122500.0,False,,OrderSide.Buy,OrderStatus.Filled,000425.SZ,,TimeInForce.GTC,,,,1384358400000000000,2013-11-13T16:00:00Z
3.69369,59474.8729575,1384272000000000000,2013-11-12T16:00:00Z,6440700.0,,7ef6637d-a9ad-45bb-a5ce-ddde89277520,OrderRole.Standalone,OrderType.Market,_default,,PositionEffect.Open,,6440700.0,False,,OrderSide.Buy,OrderStatus.Filled,000807.SZ,,TimeInForce.GTC,,,,1384358400000000000,2013-11-13T16:00:00Z
7.85214,61295.767875,1386691200000000000,2013-12-10T16:00:00Z,3122500.0,,c41ee855-ec36-41e0-a3e0-897a66511bde,OrderRole.Standalone,OrderType.Market,_default,,PositionEffect.Close,,3122500.0,False,,OrderSide.Sell,OrderStatus.Filled,000425.SZ,,TimeInForce.GTC,,,,1386777600000000000,2013-12-11T16:00:00Z
102.13776,204.27552,1386691200000000000,2013-12-10T16:00:00Z,800.0,,49081703-3fd5-498e-b25b-a85e34adaa9b,OrderRole.Standalone,OrderType.Market,_default,,PositionEffect.Close,,800.0,False,,OrderSide.Sell,OrderStatus.Filled,000661.SZ,,TimeInForce.GTC,,,,1386777600000000000,2013-12-11T16:00:00Z
3.71628,59838.61149,1386691200000000000,2013-12-10T16:00:00Z,6440700.0,,1a455c6c-3a2b-4cdc-a9e1-66e9b72b00a2,OrderRole.Standalone,OrderType.Market,_default,,PositionEffect.Close,,6440700.0,False,,OrderSide.Sell,OrderStatus.Filled,000807.SZ,,TimeInForce.GTC,,,,1386777600000000000,2013-12-11T16:00:00Z
8.37162,1061.102835,1386691200000000000,2013-12-10T16:00:00Z,50700.0,,bbfc3bd5-a7b2-458f-97bb-3f2e8994fb3b,OrderRole.Standalone,OrderType.Market,_default,,PositionEffect.Close,,50700.0,False,,OrderSide.Sell,OrderStatus.Filled,000975.SZ,,TimeInForce.GTC,,,,1386777600000000000,2013-12-11T16:00:00Z
5.18481,60431.552955,1386691200000000000,2013-12-10T16:00:00Z,4662200.0,,b5ae1202-55e5-4fcc-99ba-14dfd203f8ff,OrderRole.Standalone,OrderType.Market,_default,,PositionEffect.Close,,4662200.0,False,,OrderSide.Sell,OrderStatus.Filled,601898.SH,,TimeInForce.GTC,,,,1386777600000000000,2013-12-11T16:00:00Z
28.4284,59749.3897,1386691200000000000,2013-12-10T16:00:00Z,840700.0,,398f04b4-c372-4e66-9e26-bd225c12c002,OrderRole.Standalone,OrderType.Market,_default,,PositionEffect.Open,,840700.0,False,,OrderSide.Buy,OrderStatus.Filled,002410.SZ,,TimeInForce.GTC,,,,1386777600000000000,2013-12-11T16:00:00Z
23.46344,59908.02818,1386691200000000000,2013-12-10T16:00:00Z,1021300.0,,0b0185c3-8945-41c1-a183-b719bc2c3a86,OrderRole.Standalone,OrderType.Market,_default,,PositionEffect.Open,,1021300.0,False,,OrderSide.Buy,OrderStatus.Filled,300033.SZ,,TimeInForce.GTC,,,,1386777600000000000,2013-12-11T16:00:00Z
35.02499,59936.5141375,1386691200000000000,2013-12-10T16:00:00Z,684500.0,,d7fcf54e-15fd-4b56-b828-e2bc8202a52a,OrderRole.Standalone,OrderType.Market,_default,,PositionEffect.Open,,684500.0,False,,OrderSide.Buy,OrderStatus.Filled,300142.SZ,,TimeInForce.GTC,,,,1386777600000000000,2013-12-11T16:00:00Z
33.54642,7095.06783,1389196800000000000,2014-01-08T16:00:00Z,84600.0,,6e3cddd1-57d5-4559-8e40-dc62216aef7e,OrderRole.Standalone,OrderType.Market,_default,,PositionEffect.Close,,84600.0,False,,OrderSide.Sell,OrderStatus.Filled,002410.SZ,,TimeInForce.GTC,,,,1389283200000000000,2014-01-09T16:00:00Z
38.09187,1637.95041,1389196800000000000,2014-01-08T16:00:00Z,17200.0,,679e1d88-8685-4f9f-9a1a-7c024da1c30d,OrderRole.Standalone,OrderType.Market,_default,,PositionEffect.Close,,17200.0,False,,OrderSide.Sell,OrderStatus.Filled,300142.SZ,,TimeInForce.GTC,,,,1389283200000000000,2014-01-09T16:00:00Z
,0.0,1389196800000000000,2014-01-08T16:00:00Z,0.0,,c21aa16a-b772-47d1-b30f-1d2a7099c1df,OrderRole.Standalone,OrderType.Market,_default,,PositionEffect.Close,,232600.0,False,"Symbol 000661.SZ not tradable (zero volume, suspension) at execution timestamp 1389283200000000000",OrderSide.Sell,OrderStatus.Rejected,000661.SZ,,TimeInForce.GTC,,,,1389283200000000000,2014-01-09T16:00:00Z
,0.0,1389196800000000000,2014-01-08T16:00:00Z,0.0,,6c94871b-bbfe-4b1d-8b2b-8d8f756cdedf,OrderRole.Standalone,OrderType.Market,_default,,PositionEffect.Open,,1727500.0,False,"Risk: Insufficient margin at execution. Required: 25309838.30375000, Available: 16205905.604135000",OrderSide.Buy,OrderStatus.Rejected,000858.SZ,,TimeInForce.GTC,,,,1389283200000000000,2014-01-09T16:00:00Z
8.18818,5447.186745,1389196800000000000,2014-01-08T16:00:00Z,266100.0,,8dadeeef-2f0c-4274-9afd-381f5c65bce2,OrderRole.Standalone,OrderType.Market,_default,,PositionEffect.Open,,266100.0,False,,OrderSide.Buy,OrderStatus.Filled,000975.SZ,,TimeInForce.GTC,,,,1389283200000000000,2014-01-09T16:00:00Z
22.9229,3959.930975,1389196800000000000,2014-01-08T16:00:00Z,69100.0,,401438d4-ade6-42a4-aa1d-680425d29fe7,OrderRole.Standalone,OrderType.Market,_default,,PositionEffect.Open,,69100.0,False,,OrderSide.Buy,OrderStatus.Filled,300033.SZ,,TimeInForce.GTC,,,,1389283200000000000,2014-01-09T16:00:00Z
40.86909,6099.7116825,1392220800000000000,2014-02-12T16:00:00Z,59700.0,,50922340-fdca-497c-bbed-3a8699781d1e,OrderRole.Standalone,OrderType.Market,_default,,PositionEffect.Close,,59700.0,False,,OrderSide.Sell,OrderStatus.Filled,002410.SZ,,TimeInForce.GTC,,,,1392307200000000000,2014-02-13T16:00:00Z
48.91104,10894.93416,1392220800000000000,2014-02-12T16:00:00Z,89100.0,,4cc6046e-2d60-4c2d-8814-0fa327603710,OrderRole.Standalone,OrderType.Market,_default,,PositionEffect.Close,,89100.0,False,,OrderSide.Sell,OrderStatus.Filled,300142.SZ,,TimeInForce.GTC,,,,1392307200000000000,2014-02-13T16:00:00Z
110.7106,6282.82655,1392220800000000000,2014-02-12T16:00:00Z,22700.0,,a99652ee-aa3a-4f91-8969-1599cf9a99a0,OrderRole.Standalone,OrderType.Market,_default,,PositionEffect.Open,,22700.0,False,,OrderSide.Buy,OrderStatus.Filled,000661.SZ,,TimeInForce.GTC,,,,1392307200000000000,2014-02-13T16:00:00Z
8.88888,2331.10878,1392220800000000000,2014-02-12T16:00:00Z,104900.0,,0e01c6a8-cdd2-44d4-9dbf-37247d87f34e,OrderRole.Standalone,OrderType.Market,_default,,PositionEffect.Open,,104900.0,False,,OrderSide.Buy,OrderStatus.Filled,000975.SZ,,TimeInForce.GTC,,,,1392307200000000000,2014-02-13T16:00:00Z
25.95593,110.3127025,1392220800000000000,2014-02-12T16:00:00Z,1700.0,,1c10ce0c-dbae-4c45-a716-3a9e8585d5f1,OrderRole.Standalone,OrderType.Market,_default,,PositionEffect.Open,,1700.0,False,,OrderSide.Buy,OrderStatus.Filled,300033.SZ,,TimeInForce.GTC,,,,1392307200000000000,2014-02-13T16:00:00Z
51.948,6350.643,1394640000000000000,2014-03-12T16:00:00Z,48900.0,,759530a5-1c0e-45a9-9578-029e32d0cafe,OrderRole.Standalone,OrderType.Market,_default,,PositionEffect.Close,,48900.0,False,,OrderSide.Sell,OrderStatus.Filled,300142.SZ,,TimeInForce.GTC,,,,1394726400000000000,2014-03-13T16:00:00Z
23.05303,5486.62114,1394640000000000000,2014-03-12T16:00:00Z,95200.0,,48e8a672-ea05-41dc-9773-b16706b7f0ac,OrderRole.Standalone,OrderType.Market,_default,,PositionEffect.Open,,95200.0,False,,OrderSide.Buy,OrderStatus.Filled,300033.SZ,,TimeInForce.GTC,,,,1394726400000000000,2014-03-13T16:00:00Z
8.38838,1031.77074,1394640000000000000,2014-03-12T16:00:00Z,49200.0,,4675967a-d027-412b-b474-f1ec82e1aaa1,OrderRole.Standalone,OrderType.Market,_default,,PositionEffect.Open,,49200.0,False,,OrderSide.Buy,OrderStatus.Filled,000975.SZ,,TimeInForce.GTC,,,,1394726400000000000,2014-03-13T16:00:00Z
39.02899,731.7935625,1394640000000000000,2014-03-12T16:00:00Z,7500.0,,ed4b357b-54d1-468f-ab65-e6a5a4a5044a,OrderRole.Standalone,OrderType.Market,_default,,PositionEffect.Open,,7500.0,False,,OrderSide.Buy,OrderStatus.Filled,002410.SZ,,TimeInForce.GTC,,,,1394726400000000000,2014-03-13T16:00:00Z
108.16806,27.042015,1394640000000000000,2014-03-12T16:00:00Z,100.0,,0717c8f0-d591-41b7-85e7-e3cb29607faa,OrderRole.Standalone,OrderType.Market,_default,,PositionEffect.Open,,100.0,False,,OrderSide.Buy,OrderStatus.Filled,000661.SZ,,TimeInForce.GTC,,,,1394726400000000000,2014-03-13T16:00:00Z
8.2917,2910.3867,1397145600000000000,2014-04-10T16:00:00Z,140400.0,,daea98eb-e165-417d-97c9-55ceeefbb3bf,OrderRole.Standalone,OrderType.Market,_default,,PositionEffect.Close,,140400.0,False,,OrderSide.Sell,OrderStatus.Filled,000975.SZ,,TimeInForce.GTC,,,,1397404800000000000,2014-04-13T16:00:00Z
23.06691,68468.3556075,1397145600000000000,2014-04-10T16:00:00Z,1187300.0,,ec6b27d9-24bb-458b-aa93-8e8fe98a1db9,OrderRole.Standalone,OrderType.Market,_default,,PositionEffect.Close,,1187300.0,False,,OrderSide.Sell,OrderStatus.Filled,300033.SZ,,TimeInForce.GTC,,,,1397404800000000000,2014-04-13T16:00:00Z
46.1538,61073.01585,1397145600000000000,2014-04-10T16:00:00Z,529300.0,,ae660722-ba27-4c71-87d3-2cf0e68d90e6,OrderRole.Standalone,OrderType.Market,_default,,PositionEffect.Close,,529300.0,False,,OrderSide.Sell,OrderStatus.Filled,300142.SZ,,TimeInForce.GTC,,,,1397404800000000000,2014-04-13T16:00:00Z
6.94694,65183.13802,1397145600000000000,2014-04-10T16:00:00Z,3753200.0,,3fcae118-ed98-415a-8bab-7e2915846530,OrderRole.Standalone,OrderType.Market,_default,,PositionEffect.Open,,3753200.0,False,,OrderSide.Buy,OrderStatus.Filled,000425.SZ,,TimeInForce.GTC,,,,1397404800000000000,2014-04-13T16:00:00Z
18.018,64851.2865,1397145600000000000,2014-04-10T16:00:00Z,1439700.0,,d640cfe6-79a1-4ae9-ba39-fdbfa839c732,OrderRole.Standalone,OrderType.Market,_default,,PositionEffect.Open,,1439700.0,False,,OrderSide.Buy,OrderStatus.Filled,000858.SZ,,TimeInForce.GTC,,,,1397404800000000000,2014-04-13T16:00:00Z
94.64455,4945.1777375,1397145600000000000,2014-04-10T16:00:00Z,20900.0,,dd5dd583-28de-4675-9a3c-e1df2daad05c,OrderRole.Standalone,OrderType.Market,_default,,PositionEffect.Open,,20900.0,False,,OrderSide.Buy,OrderStatus.Filled,000661.SZ,,TimeInForce.GTC,,,,1397404800000000000,2014-04-13T16:00:00Z
37.88785,75.7757,1397145600000000000,2014-04-10T16:00:00Z,800.0,,576caab4-c4f6-4e30-a22d-695c23163bbc,OrderRole.Standalone,OrderType.Market,_default,,PositionEffect.Open,,800.0,False,,OrderSide.Buy,OrderStatus.Filled,002410.SZ,,TimeInForce.GTC,,,,1397404800000000000,2014-04-13T16:00:00Z
6.92307,64959.16581,1404835200000000000,2014-07-08T16:00:00Z,3753200.0,,6cc6af86-edc7-4507-8ee0-84b37b134457,OrderRole.Standalone,OrderType.Market,_default,,PositionEffect.Close,,3753200.0,False,,OrderSide.Sell,OrderStatus.Filled,000425.SZ,,TimeInForce.GTC,,,,1404921600000000000,2014-07-09T16:00:00Z
17.29269,881.92719,1404835200000000000,2014-07-08T16:00:00Z,20400.0,,30fab032-9b8d-40a1-9c9e-24912a776ec7,OrderRole.Standalone,OrderType.Market,_default,,PositionEffect.Close,,20400.0,False,,OrderSide.Sell,OrderStatus.Filled,000858.SZ,,TimeInForce.GTC,,,,1404921600000000000,2014-07-09T16:00:00Z
9.25074,11556.486945,1404835200000000000,2014-07-08T16:00:00Z,499700.0,,c3f37dc9-38ca-4874-9fe6-e15fa220c7f0,OrderRole.Standalone,OrderType.Market,_default,,PositionEffect.Close,,499700.0,False,,OrderSide.Sell,OrderStatus.Filled,000975.SZ,,TimeInForce.GTC,,,,1404921600000000000,2014-07-09T16:00:00Z
28.1718,49631.66865,1404835200000000000,2014-07-08T16:00:00Z,704700.0,,96feaba5-ee9d-41fd-977c-b7dd236008a5,OrderRole.Standalone,OrderType.Market,_default,,PositionEffect.Close,,704700.0,False,,OrderSide.Sell,OrderStatus.Filled,002410.SZ,,TimeInForce.GTC,,,,1404921600000000000,2014-07-09T16:00:00Z
2.17217,61480.5566375,1404835200000000000,2014-07-08T16:00:00Z,11321500.0,,a196aba9-3eab-45e8-920e-239df8b0f138,OrderRole.Standalone,OrderType.Market,_default,,PositionEffect.Open,,11321500.0,False,,OrderSide.Buy,OrderStatus.Filled,000725.SZ,,TimeInForce.GTC,,,,1404921600000000000,2014-07-09T16:00:00Z
26.17615,61409.2479,1404835200000000000,2014-07-08T16:00:00Z,938400.0,,7286a962-d56b-4f87-9b66-b038df9f3556,OrderRole.Standalone,OrderType.Market,_default,,PositionEffect.Open,,938400.0,False,,OrderSide.Buy,OrderStatus.Filled,002007.SZ,,TimeInForce.GTC,,,,1404921600000000000,2014-07-09T16:00:00Z
79.86979,6309.71341,1404835200000000000,2014-07-08T16:00:00Z,31600.0,,49ad0fac-d0a3-47af-8ef6-e45b4b3fb4a8,OrderRole.Standalone,OrderType.Market,_default,,PositionEffect.Open,,31600.0,False,,OrderSide.Buy,OrderStatus.Filled,000661.SZ,,TimeInForce.GTC,,,,1404921600000000000,2014-07-09T16:00:00Z
95.7042,5981.5125,1409673600000000000,2014-09-02T16:00:00Z,25000.0,,44df37c1-1618-4f0d-84f8-d72bcc8cec4d,OrderRole.Standalone,OrderType.Market,_default,,PositionEffect.Close,,25000.0,False,,OrderSide.Sell,OrderStatus.Filled,000661.SZ,,TimeInForce.GTC,,,,1409760000000000000,2014-09-03T16:00:00Z
2.2977,65033.526375,1409673600000000000,2014-09-02T16:00:00Z,11321500.0,,a248fc17-be32-4d4c-8175-10268abd85b8,OrderRole.Standalone,OrderType.Market,_default,,PositionEffect.Close,,11321500.0,False,,OrderSide.Sell,OrderStatus.Filled,000725.SZ,,TimeInForce.GTC,,,,1409760000000000000,2014-09-03T16:00:00Z
19.43055,68944.4490375,1409673600000000000,2014-09-02T16:00:00Z,1419300.0,,e3c1cad1-bb97-42a6-8c87-f9c1587c1ca5,OrderRole.Standalone,OrderType.Market,_default,,PositionEffect.Close,,1419300.0,False,,OrderSide.Sell,OrderStatus.Filled,000858.SZ,,TimeInForce.GTC,,,,1409760000000000000,2014-09-03T16:00:00Z
11.03895,72672.1675875,1409673600000000000,2014-09-02T16:00:00Z,2633300.0,,c3949e1c-3e0a-4849-9af3-138c60d51c17,OrderRole.Standalone,OrderType.Market,_default,,PositionEffect.Close,,2633300.0,False,,OrderSide.Sell,OrderStatus.Filled,000975.SZ,,TimeInForce.GTC,,,,1409760000000000000,2014-09-03T16:00:00Z
26.98299,63302.09454,1409673600000000000,2014-09-02T16:00:00Z,938400.0,,5cdf6946-0a25-4dcb-b7d3-43212a804a3a,OrderRole.Standalone,OrderType.Market,_default,,PositionEffect.Close,,938400.0,False,,OrderSide.Sell,OrderStatus.Filled,002007.SZ,,TimeInForce.GTC,,,,1409760000000000000,2014-09-03T16:00:00Z
2.55255,67742.7625875,1409673600000000000,2014-09-02T16:00:00Z,10615700.0,,d24f9f3a-73e7-4350-aaaa-d997a4f040a1,OrderRole.Standalone,OrderType.Market,_default,,PositionEffect.Open,,10615700.0,False,,OrderSide.Buy,OrderStatus.Filled,600029.SH,,TimeInForce.GTC,,,,1409760000000000000,2014-09-03T16:00:00Z
28.028,68248.18,1409673600000000000,2014-09-02T16:00:00Z,974000.0,,e219213a-7abe-4589-bb52-a382ac1bebb9,OrderRole.Standalone,OrderType.Market,_default,,PositionEffect.Open,,974000.0,False,,OrderSide.Buy,OrderStatus.Filled,000596.SZ,,TimeInForce.GTC,,,,1409760000000000000,2014-09-03T16:00:00Z
9.59959,67321.92467,1409673600000000000,2014-09-02T16:00:00Z,2805200.0,,28809ae5-1e56-47c8-8845-987964b67f80,OrderRole.Standalone,OrderType.Market,_default,,PositionEffect.Open,,2805200.0,False,,OrderSide.Buy,OrderStatus.Filled,000617.SZ,,TimeInForce.GTC,,,,1409760000000000000,2014-09-03T16:00:00Z
14.87486,67877.704895,1409673600000000000,2014-09-02T16:00:00Z,1825300.0,,696d4d4c-0af0-4979-85ff-9db8ca55995b,OrderRole.Standalone,OrderType.Market,_default,,PositionEffect.Open,,1825300.0,False,,OrderSide.Buy,OrderStatus.Filled,000657.SZ,,TimeInForce.GTC,,,,1409760000000000000,2014-09-03T16:00:00Z
33.07689,80542.22715,1422806400000000000,2015-02-01T16:00:00Z,974000.0,,4f0f8328-f189-401e-a048-c92cf4046c47,OrderRole.Standalone,OrderType.Market,_default,,PositionEffect.Close,,974000.0,False,,OrderSide.Sell,OrderStatus.Filled,000596.SZ,,TimeInForce.GTC,,,,1422892800000000000,2015-02-02T16:00:00Z
4.84515,128586.6471375,1422806400000000000,2015-02-01T16:00:00Z,10615700.0,,0f07f53b-57ca-44b3-8a75-ed1420e9bc8a,OrderRole.Standalone,OrderType.Market,_default,,PositionEffect.Close,,10615700.0,False,,OrderSide.Sell,OrderStatus.Filled,600029.SH,,TimeInForce.GTC,,,,1422892800000000000,2015-02-02T16:00:00Z
6.06606,82061.65968,1422806400000000000,2015-02-01T16:00:00Z,5411200.0,,6771cf18-7f48-41c9-837c-9fd9487007ad,OrderRole.Standalone,OrderType.Market,_default,,PositionEffect.Open,,5411200.0,False,,OrderSide.Buy,OrderStatus.Filled,000157.SZ,,TimeInForce.GTC,,,,1422892800000000000,2015-02-02T16:00:00Z
12.3123,81719.813175,1422806400000000000,2015-02-01T16:00:00Z,2654900.0,,cca359dd-091e-4cb5-98bc-e45e915615c9,OrderRole.Standalone,OrderType.Market,_default,,PositionEffect.Open,,2654900.0,False,,OrderSide.Buy,OrderStatus.Filled,000408.SZ,,TimeInForce.GTC,,,,1422892800000000000,2015-02-02T16:00:00Z
94.58449,14755.18044,1422806400000000000,2015-02-01T16:00:00Z,62400.0,,96e00a05-c99e-42d2-899f-135dc5ed3e2d,OrderRole.Standalone,OrderType.Market,_default,,PositionEffect.Open,,62400.0,False,,OrderSide.Buy,OrderStatus.Filled,000661.SZ,,TimeInForce.GTC,,,,1422892800000000000,2015-02-02T16:00:00Z
15.19518,13075.45239,1422806400000000000,2015-02-01T16:00:00Z,344200.0,,6bd66763-3732-40ef-b390-6edb721b14fb,OrderRole.Standalone,OrderType.Market,_default,,PositionEffect.Open,,344200.0,False,,OrderSide.Buy,OrderStatus.Filled,000657.SZ,,TimeInForce.GTC,,,,1422892800000000000,2015-02-02T16:00:00Z
10.40039,8637.523895,1422806400000000000,2015-02-01T16:00:00Z,332200.0,,0bccefb7-010a-45d8-81a1-da14699c6dc5,OrderRole.Standalone,OrderType.Market,_default,,PositionEffect.Open,,332200.0,False,,OrderSide.Buy,OrderStatus.Filled,000617.SZ,,TimeInForce.GTC,,,,1422892800000000000,2015-02-02T16:00:00Z
6.25374,84600.59472,1425830400000000000,2015-03-08T16:00:00Z,5411200.0,,35dde2a9-64b3-4d6e-9120-de72c15466af,OrderRole.Standalone,OrderType.Market,_default,,PositionEffect.Close,,5411200.0,False,,OrderSide.Sell,OrderStatus.Filled,000157.SZ,,TimeInForce.GTC,,,,1425916800000000000,2015-03-09T16:00:00Z
13.41657,2733.6261375,1425830400000000000,2015-03-08T16:00:00Z,81500.0,,8055bf4f-ff4a-4922-89ff-594e8c41af8e,OrderRole.Standalone,OrderType.Market,_default,,PositionEffect.Close,,81500.0,False,,OrderSide.Sell,OrderStatus.Filled,000408.SZ,,TimeInForce.GTC,,,,1425916800000000000,2015-03-09T16:00:00Z
11.94804,5699.21508,1425830400000000000,2015-03-08T16:00:00Z,190800.0,,aa092970-a697-4290-93f3-9dbaf8432628,OrderRole.Standalone,OrderType.Market,_default,,PositionEffect.Close,,190800.0,False,,OrderSide.Sell,OrderStatus.Filled,000617.SZ,,TimeInForce.GTC,,,,1425916800000000000,2015-03-09T16:00:00Z
16.2837,88318.717875,1425830400000000000,2015-03-08T16:00:00Z,2169500.0,,42884a51-6189-45e0-8c13-3dd0f3f786a7,OrderRole.Standalone,OrderType.Market,_default,,PositionEffect.Close,,2169500.0,False,,OrderSide.Sell,OrderStatus.Filled,000657.SZ,,TimeInForce.GTC,,,,1425916800000000000,2015-03-09T16:00:00Z
97.0029,83737.753425,1425830400000000000,2015-03-08T16:00:00Z,345300.0,,84e40f1e-d401-475a-85e9-6da243d05f29,OrderRole.Standalone,OrderType.Market,_default,,PositionEffect.Close,,345300.0,False,,OrderSide.Sell,OrderStatus.Filled,000661.SZ,,TimeInForce.GTC,,,,1425916800000000000,2015-03-09T16:00:00Z
12.89288,86266.26008,1425830400000000000,2015-03-08T16:00:00Z,2676400.0,,34f4bea6-090d-423e-bc2e-2785373b46b4,OrderRole.Standalone,OrderType.Market,_default,,PositionEffect.Open,,2676400.0,False,,OrderSide.Buy,OrderStatus.Filled,002600.SZ,,TimeInForce.GTC,,,,1425916800000000000,2015-03-09T16:00:00Z
83.4834,85633.09755,1425830400000000000,2015-03-08T16:00:00Z,410300.0,,11f40fce-d6df-4d86-87d1-1205b3037f24,OrderRole.Standalone,OrderType.Market,_default,,PositionEffect.Open,,410300.0,False,,OrderSide.Buy,OrderStatus.Filled,300033.SZ,,TimeInForce.GTC,,,,1425916800000000000,2015-03-09T16:00:00Z
20.90088,86895.4086,1425830400000000000,2015-03-08T16:00:00Z,1663000.0,,67b0977e-e41e-4db3-bebc-ba5661b6ccae,OrderRole.Standalone,OrderType.Market,_default,,PositionEffect.Open,,1663000.0,False,,OrderSide.Buy,OrderStatus.Filled,600061.SH,,TimeInForce.GTC,,,,1425916800000000000,2015-03-09T16:00:00Z
14.50548,93321.00558,1435766400000000000,2015-07-01T16:00:00Z,2573400.0,,e19a7896-995e-4ce5-9986-4b6316e1108a,OrderRole.Standalone,OrderType.Market,_default,,PositionEffect.Close,,2573400.0,False,,OrderSide.Sell,OrderStatus.Filled,000408.SZ,,TimeInForce.GTC,,,,1435852800000000000,2015-07-02T16:00:00Z
11.8881,87573.68865,1435766400000000000,2015-07-01T16:00:00Z,2946600.0,,f3f043c6-9a8f-4ff2-9c95-300d4d2c3ba8,OrderRole.Standalone,OrderType.Market,_default,,PositionEffect.Close,,2946600.0,False,,OrderSide.Sell,OrderStatus.Filled,000617.SZ,,TimeInForce.GTC,,,,1435852800000000000,2015-07-02T16:00:00Z
,0.0,1435766400000000000,2015-07-01T16:00:00Z,0.0,,693cb0ce-e95d-4b15-96e7-30062a58a9fb,OrderRole.Standalone,OrderType.Market,_default,,PositionEffect.Close,,1663000.0,False,"Symbol 600061.SH not tradable (zero volume, suspension) at execution timestamp 1435852800000000000",OrderSide.Sell,OrderStatus.Rejected,600061.SH,,TimeInForce.GTC,,,,1435852800000000000,2015-07-02T16:00:00Z
18.38837,88783.6474525,1435766400000000000,2015-07-01T16:00:00Z,1931300.0,,81331417-7abb-443a-8fc8-b08771660fb4,OrderRole.Standalone,OrderType.Market,_default,,PositionEffect.Open,,1931300.0,False,,OrderSide.Buy,OrderStatus.Filled,002460.SZ,,TimeInForce.GTC,,,,1435852800000000000,2015-07-02T16:00:00Z
59.42937,85251.431265,1435766400000000000,2015-07-01T16:00:00Z,573800.0,,51844274-0ab4-4b10-873b-91355845a94a,OrderRole.Standalone,OrderType.Market,_default,,PositionEffect.Open,,573800.0,False,,OrderSide.Buy,OrderStatus.Filled,002625.SZ,,TimeInForce.GTC,,,,1435852800000000000,2015-07-02T16:00:00Z
,0.0,1435766400000000000,2015-07-01T16:00:00Z,0.0,,6a36e6f3-9ac7-42b8-ba6d-0d922d6697d9,OrderRole.Standalone,OrderType.Market,_default,,PositionEffect.Open,,5526100.0,False,"Risk: Insufficient margin at execution. Required: 36489094.987345000, Available: 5996330.049215000",OrderSide.Buy,OrderStatus.Rejected,601225.SH,,TimeInForce.GTC,,,,1435852800000000000,2015-07-02T16:00:00Z
7.02702,39346.041735,1435766400000000000,2015-07-01T16:00:00Z,2239700.0,,6b3431a3-7232-4838-b722-2b86d3e979af,OrderRole.Standalone,OrderType.Market,_default,,PositionEffect.Open,,2239700.0,False,,OrderSide.Buy,OrderStatus.Filled,002600.SZ,,TimeInForce.GTC,,,,1435852800000000000,2015-07-02T16:00:00Z
,0.0,1435766400000000000,2015-07-01T16:00:00Z,0.0,,d789fab6-1c1e-413d-a5b0-4c59f77d698b,OrderRole.Standalone,OrderType.Market,_default,,PositionEffect.Open,,121300.0,False,"Risk: Insufficient margin at execution. Required: 8279724.518065000, Available: 5996330.049215000",OrderSide.Buy,OrderStatus.Rejected,300033.SZ,,TimeInForce.GTC,,,,1435852800000000000,2015-07-02T16:00:00Z
20.6793,21056.697225,1438185600000000000,2015-07-29T16:00:00Z,407300.0,,08e96601-74e9-4c54-96ee-22d893d92f9d,OrderRole.Standalone,OrderType.Market,_default,,PositionEffect.Close,,407300.0,False,,OrderSide.Sell,OrderStatus.Filled,002460.SZ,,TimeInForce.GTC,,,,1438272000000000000,2015-07-30T16:00:00Z
7.45254,91593.579735,1438185600000000000,2015-07-29T16:00:00Z,4916100.0,,a227c39d-a82e-4ecc-b2ee-bc58a24cb366,OrderRole.Standalone,OrderType.Market,_default,,PositionEffect.Close,,4916100.0,False,,OrderSide.Sell,OrderStatus.Filled,002600.SZ,,TimeInForce.GTC,,,,1438272000000000000,2015-07-30T16:00:00Z
21.66831,90085.998825,1438185600000000000,2015-07-29T16:00:00Z,1663000.0,,33c8804d-74b4-47de-9919-9aae84285b0e,OrderRole.Standalone,OrderType.Market,_default,,PositionEffect.Close,,1663000.0,False,,OrderSide.Sell,OrderStatus.Filled,600061.SH,,TimeInForce.GTC,,,,1438272000000000000,2015-07-30T16:00:00Z
,0.0,1438185600000000000,2015-07-29T16:00:00Z,0.0,,a1c5111b-552b-4054-81f7-7f3a1e7fa55e,OrderRole.Standalone,OrderType.Market,_default,,PositionEffect.Close,,573800.0,False,"Symbol 002625.SZ not tradable (zero volume, suspension) at execution timestamp 1438272000000000000",OrderSide.Sell,OrderStatus.Rejected,002625.SZ,,TimeInForce.GTC,,,,1438272000000000000,2015-07-30T16:00:00Z
17.16715,80273.5934,1438185600000000000,2015-07-29T16:00:00Z,1870400.0,,2f1d19f0-3ffc-49e6-aca2-70f0596e3b40,OrderRole.Standalone,OrderType.Market,_default,,PositionEffect.Open,,1870400.0,False,,OrderSide.Buy,OrderStatus.Filled,000408.SZ,,TimeInForce.GTC,,,,1438272000000000000,2015-07-30T16:00:00Z
51.10105,76728.226575,1438185600000000000,2015-07-29T16:00:00Z,600600.0,,bf84cd5e-67fb-41df-b610-4b692a41d680,OrderRole.Standalone,OrderType.Market,_default,,PositionEffect.Open,,600600.0,False,,OrderSide.Buy,OrderStatus.Filled,002180.SZ,,TimeInForce.GTC,,,,1438272000000000000,2015-07-30T16:00:00Z
,0.0,1438185600000000000,2015-07-29T16:00:00Z,0.0,,7e01761e-47db-413d-97a7-6cf2f0e6c282,OrderRole.Standalone,OrderType.Market,_default,,PositionEffect.Open,,1022300.0,False,"Risk: Insufficient margin at execution. Required: 31299617.281432500, Available: 20469675.485905000",OrderSide.Buy,OrderStatus.Rejected,603369.SH,,TimeInForce.GTC,,,,1438272000000000000,2015-07-30T16:00:00Z
67.68762,8630.17155,1438185600000000000,2015-07-29T16:00:00Z,51000.0,,de75faec-c200-4d45-a105-d8e3c7f25976,OrderRole.Standalone,OrderType.Market,_default,,PositionEffect.Open,,51000.0,False,,OrderSide.Buy,OrderStatus.Filled,300033.SZ,,TimeInForce.GTC,,,,1438272000000000000,2015-07-30T16:00:00Z
13.42656,177.90192,1440604800000000000,2015-08-26T16:00:00Z,5300.0,,5e2253a2-cb1d-43ef-b560-ab111b10deb0,OrderRole.Standalone,OrderType.Market,_default,,PositionEffect.Close,,5300.0,False,,OrderSide.Sell,OrderStatus.Filled,000408.SZ,,TimeInForce.GTC,,,,1440691200000000000,2015-08-27T16:00:00Z
37.7622,56699.9433,1440604800000000000,2015-08-26T16:00:00Z,600600.0,,8c44c968-ce00-4232-bb0f-72be2a985309,OrderRole.Standalone,OrderType.Market,_default,,PositionEffect.Close,,600600.0,False,,OrderSide.Sell,OrderStatus.Filled,002180.SZ,,TimeInForce.GTC,,,,1440691200000000000,2015-08-27T16:00:00Z
20.55942,78331.3902,1440604800000000000,2015-08-26T16:00:00Z,1524000.0,,26fcc043-b475-4ed1-9f27-847942c6863d,OrderRole.Standalone,OrderType.Market,_default,,PositionEffect.Close,,1524000.0,False,,OrderSide.Sell,OrderStatus.Filled,002460.SZ,,TimeInForce.GTC,,,,1440691200000000000,2015-08-27T16:00:00Z
33.47649,48022.024905,1440604800000000000,2015-08-26T16:00:00Z,573800.0,,ae247bac-eb4a-4617-929c-c74a9977e9a7,OrderRole.Standalone,OrderType.Market,_default,,PositionEffect.Close,,573800.0,False,,OrderSide.Sell,OrderStatus.Filled,002625.SZ,,TimeInForce.GTC,,,,1440691200000000000,2015-08-27T16:00:00Z
43.4565,50116.208625,1440604800000000000,2015-08-26T16:00:00Z,461300.0,,e969afa2-f6b9-4b44-8c16-9f98c2b3338a,OrderRole.Standalone,OrderType.Market,_default,,PositionEffect.Close,,461300.0,False,,OrderSide.Sell,OrderStatus.Filled,300033.SZ,,TimeInForce.GTC,,,,1440691200000000000,2015-08-27T16:00:00Z
5.35535,61258.5098125,1440604800000000000,2015-08-26T16:00:00Z,4575500.0,,3d770ed1-b73d-4d04-afe3-db05336e45e5,OrderRole.Standalone,OrderType.Market,_default,,PositionEffect.Open,,4575500.0,False,,OrderSide.Buy,OrderStatus.Filled,000157.SZ,,TimeInForce.GTC,,,,1440691200000000000,2015-08-27T16:00:00Z
8.8088,61014.1532,1440604800000000000,2015-08-26T16:00:00Z,2770600.0,,13108c94-2775-4a59-9fb3-0d52d1238b51,OrderRole.Standalone,OrderType.Market,_default,,PositionEffect.Open,,2770600.0,False,,OrderSide.Buy,OrderStatus.Filled,000338.SZ,,TimeInForce.GTC,,,,1440691200000000000,2015-08-27T16:00:00Z
12.3123,61613.827275,1440604800000000000,2015-08-26T16:00:00Z,2001700.0,,3e24f5e8-9c41-4081-ba44-e7fc61b4778f,OrderRole.Standalone,OrderType.Market,_default,,PositionEffect.Open,,2001700.0,False,,OrderSide.Buy,OrderStatus.Filled,000425.SZ,,TimeInForce.GTC,,,,1440691200000000000,2015-08-27T16:00:00Z
32.82279,59835.94617,1440604800000000000,2015-08-26T16:00:00Z,729200.0,,b67fca5a-7743-4c89-8243-17e3490e6b22,OrderRole.Standalone,OrderType.Market,_default,,PositionEffect.Open,,729200.0,False,,OrderSide.Buy,OrderStatus.Filled,000596.SZ,,TimeInForce.GTC,,,,1440691200000000000,2015-08-27T16:00:00Z
5.00499,57250.8293625,1443369600000000000,2015-09-27T16:00:00Z,4575500.0,,2f2d0647-1c0c-4518-8866-718bedf3975d,OrderRole.Standalone,OrderType.Market,_default,,PositionEffect.Close,,4575500.0,False,,OrderSide.Sell,OrderStatus.Filled,000157.SZ,,TimeInForce.GTC,,,,1443456000000000000,2015-09-28T16:00:00Z
8.57142,59369.94063,1443369600000000000,2015-09-27T16:00:00Z,2770600.0,,2612fddc-4e5f-4f1b-8b1f-3e9ce5790458,OrderRole.Standalone,OrderType.Market,_default,,PositionEffect.Close,,2770600.0,False,,OrderSide.Sell,OrderStatus.Filled,000338.SZ,,TimeInForce.GTC,,,,1443456000000000000,2015-09-28T16:00:00Z
12.04794,56176.532235,1443369600000000000,2015-09-27T16:00:00Z,1865100.0,,3a2bbdfd-1d28-4c77-a1c2-fc00787ecfd8,OrderRole.Standalone,OrderType.Market,_default,,PositionEffect.Close,,1865100.0,False,,OrderSide.Sell,OrderStatus.Filled,000408.SZ,,TimeInForce.GTC,,,,1443456000000000000,2015-09-28T16:00:00Z
4.26573,21346.7793525,1443369600000000000,2015-09-27T16:00:00Z,2001700.0,,a3d80e27-681e-42cf-a4c5-c7b1c2b2a4c6,OrderRole.Standalone,OrderType.Market,_default,,PositionEffect.Close,,2001700.0,False,,OrderSide.Sell,OrderStatus.Filled,000425.SZ,,TimeInForce.GTC,,,,1443456000000000000,2015-09-28T16:00:00Z
26.4735,48261.1905,1443369600000000000,2015-09-27T16:00:00Z,729200.0,,5bbb9e72-4b4b-4f7b-939b-7e9f5736439d,OrderRole.Standalone,OrderType.Market,_default,,PositionEffect.Close,,729200.0,False,,OrderSide.Sell,OrderStatus.Filled,000596.SZ,,TimeInForce.GTC,,,,1443456000000000000,2015-09-28T16:00:00Z
98.08799,51128.3647875,1443369600000000000,2015-09-27T16:00:00Z,208500.0,,7787e975-6f43-4753-adc5-5272e8a854ba,OrderRole.Standalone,OrderType.Market,_default,,PositionEffect.Open,,208500.0,False,,OrderSide.Buy,OrderStatus.Filled,000661.SZ,,TimeInForce.GTC,,,,1443456000000000000,2015-09-28T16:00:00Z
28.90888,51797.48574,1443369600000000000,2015-09-27T16:00:00Z,716700.0,,0b73807f-f1da-4b98-b206-a51644e94a7a,OrderRole.Standalone,OrderType.Market,_default,,PositionEffect.Open,,716700.0,False,,OrderSide.Buy,OrderStatus.Filled,002074.SZ,,TimeInForce.GTC,,,,1443456000000000000,2015-09-28T16:00:00Z
25.53551,50585.84531,1443369600000000000,2015-09-27T16:00:00Z,792400.0,,1ceda3f3-3669-419a-807b-afac9265bb0d,OrderRole.Standalone,OrderType.Market,_default,,PositionEffect.Open,,792400.0,False,,OrderSide.Buy,OrderStatus.Filled,002460.SZ,,TimeInForce.GTC,,,,1443456000000000000,2015-09-28T16:00:00Z
33.54351,49451.5196175,1443369600000000000,2015-09-27T16:00:00Z,589700.0,,8b135aa9-d93e-455d-ad7c-348524244f85,OrderRole.Standalone,OrderType.Market,_default,,PositionEffect.Open,,589700.0,False,,OrderSide.Buy,OrderStatus.Filled,002625.SZ,,TimeInForce.GTC,,,,1443456000000000000,2015-09-28T16:00:00Z
8.41841,52594.016475,1443369600000000000,2015-09-27T16:00:00Z,2499000.0,,dcf9bf56-7db7-4070-8a14-561c38c4e856,OrderRole.Standalone,OrderType.Market,_default,,PositionEffect.Open,,2499000.0,False,,OrderSide.Buy,OrderStatus.Filled,002648.SZ,,TimeInForce.GTC,,,,1443456000000000000,2015-09-28T16:00:00Z
120.3795,62747.814375,1446393600000000000,2015-11-01T16:00:00Z,208500.0,,eabd1dbe-f594-453c-afda-6e6da990449d,OrderRole.Standalone,OrderType.Market,_default,,PositionEffect.Close,,208500.0,False,,OrderSide.Sell,OrderStatus.Filled,000661.SZ,,TimeInForce.GTC,,,,1446480000000000000,2015-11-02T16:00:00Z
31.71825,56831.1744375,1446393600000000000,2015-11-01T16:00:00Z,716700.0,,05a670f0-9094-4c8b-b8b8-bf9343882aaf,OrderRole.Standalone,OrderType.Market,_default,,PositionEffect.Close,,716700.0,False,,OrderSide.Sell,OrderStatus.Filled,002074.SZ,,TimeInForce.GTC,,,,1446480000000000000,2015-11-02T16:00:00Z
32.2677,3976.994025,1446393600000000000,2015-11-01T16:00:00Z,49300.0,,78d13646-525c-4112-bb03-68d8cd00a9fa,OrderRole.Standalone,OrderType.Market,_default,,PositionEffect.Close,,49300.0,False,,OrderSide.Sell,OrderStatus.Filled,002460.SZ,,TimeInForce.GTC,,,,1446480000000000000,2015-11-02T16:00:00Z
42.8571,63182.079675,1446393600000000000,2015-11-01T16:00:00Z,589700.0,,cd091406-7c77-4063-b215-58855ea38ed3,OrderRole.Standalone,OrderType.Market,_default,,PositionEffect.Close,,589700.0,False,,OrderSide.Sell,OrderStatus.Filled,002625.SZ,,TimeInForce.GTC,,,,1446480000000000000,2015-11-02T16:00:00Z
10.4895,65533.15125,1446393600000000000,2015-11-01T16:00:00Z,2499000.0,,5fcdc623-0cc2-43d5-99c8-6161e2884932,OrderRole.Standalone,OrderType.Market,_default,,PositionEffect.Close,,2499000.0,False,,OrderSide.Sell,OrderStatus.Filled,002648.SZ,,TimeInForce.GTC,,,,1446480000000000000,2015-11-02T16:00:00Z
52.08203,61521.8979375,1446393600000000000,2015-11-01T16:00:00Z,472500.0,,93a9a071-19a8-4921-b945-9d53c6dda2f7,OrderRole.Standalone,OrderType.Market,_default,,PositionEffect.Open,,472500.0,False,,OrderSide.Buy,OrderStatus.Filled,300059.SZ,,TimeInForce.GTC,,,,1446480000000000000,2015-11-02T16:00:00Z
32.42239,59965.210305,1446393600000000000,2015-11-01T16:00:00Z,739800.0,,37f27c82-42cf-4127-a995-211f2e707fd7,OrderRole.Standalone,OrderType.Market,_default,,PositionEffect.Open,,739800.0,False,,OrderSide.Buy,OrderStatus.Filled,000596.SZ,,TimeInForce.GTC,,,,1446480000000000000,2015-11-02T16:00:00Z
75.2752,60841.1804,1446393600000000000,2015-11-01T16:00:00Z,323300.0,,f0bdaa1f-817f-4282-bb4d-0793f6bfdd19,OrderRole.Standalone,OrderType.Market,_default,,PositionEffect.Open,,323300.0,False,,OrderSide.Buy,OrderStatus.Filled,000963.SZ,,TimeInForce.GTC,,,,1446480000000000000,2015-11-02T16:00:00Z
33.4334,60999.2383,1446393600000000000,2015-11-01T16:00:00Z,729800.0,,3239ab6a-2ef4-4967-a89d-7b34ef518a8c,OrderRole.Standalone,OrderType.Market,_default,,PositionEffect.Open,,729800.0,False,,OrderSide.Buy,OrderStatus.Filled,002027.SZ,,TimeInForce.GTC,,,,1446480000000000000,2015-11-02T16:00:00Z
32.45751,60030.164745,1448812800000000000,2015-11-29T16:00:00Z,739800.0,,72f578d9-641e-408a-b328-baff98312cc0,OrderRole.Standalone,OrderType.Market,_default,,PositionEffect.Close,,739800.0,False,,OrderSide.Sell,OrderStatus.Filled,000596.SZ,,TimeInForce.GTC,,,,1448899200000000000,2015-11-30T16:00:00Z
75.00492,60622.72659,1448812800000000000,2015-11-29T16:00:00Z,323300.0,,3c6bd9fe-7574-4156-b188-94d82c74eb1d,OrderRole.Standalone,OrderType.Market,_default,,PositionEffect.Close,,323300.0,False,,OrderSide.Sell,OrderStatus.Filled,000963.SZ,,TimeInForce.GTC,,,,1448899200000000000,2015-11-30T16:00:00Z
48.951,18662.56875,1448812800000000000,2015-11-29T16:00:00Z,152500.0,,b2ad4725-28ff-4f68-bd4b-666af93461de,OrderRole.Standalone,OrderType.Market,_default,,PositionEffect.Close,,152500.0,False,,OrderSide.Sell,OrderStatus.Filled,002027.SZ,,TimeInForce.GTC,,,,1448899200000000000,2015-11-30T16:00:00Z
47.34261,16108.3230525,1448812800000000000,2015-11-29T16:00:00Z,136100.0,,e72d29a5-5dda-4c29-8b5e-4b68143be7e0,OrderRole.Standalone,OrderType.Market,_default,,PositionEffect.Close,,136100.0,False,,OrderSide.Sell,OrderStatus.Filled,002460.SZ,,TimeInForce.GTC,,,,1448899200000000000,2015-11-30T16:00:00Z
132.35222,79212.80367,1448812800000000000,2015-11-29T16:00:00Z,239400.0,,c08b0386-b900-4bb6-8e30-13390d4ee5b1,OrderRole.Standalone,OrderType.Market,_default,,PositionEffect.Open,,239400.0,False,,OrderSide.Buy,OrderStatus.Filled,002558.SZ,,TimeInForce.GTC,,,,1448899200000000000,2015-11-30T16:00:00Z
56.5565,4934.554625,1448812800000000000,2015-11-29T16:00:00Z,34900.0,,10e2b511-2331-4773-a873-4649a8323ecf,OrderRole.Standalone,OrderType.Market,_default,,PositionEffect.Open,,34900.0,False,,OrderSide.Buy,OrderStatus.Filled,300059.SZ,,TimeInForce.GTC,,,,1448899200000000000,2015-11-30T16:00:00Z
16.34633,71482.50109,1448812800000000000,2015-11-29T16:00:00Z,1749200.0,,21b2512c-40d3-41a1-a065-6556d5fbf1a6,OrderRole.Standalone,OrderType.Market,_default,,PositionEffect.Open,,1749200.0,False,,OrderSide.Buy,OrderStatus.Filled,300308.SZ,,TimeInForce.GTC,,,,1448899200000000000,2015-11-30T16:00:00Z
59.3406,19953.27675,1451232000000000000,2015-12-27T16:00:00Z,134500.0,,f29f6e3f-eb88-4714-87d7-9ac5e169eaef,OrderRole.Standalone,OrderType.Market,_default,,PositionEffect.Close,,134500.0,False,,OrderSide.Sell,OrderStatus.Filled,002460.SZ,,TimeInForce.GTC,,,,1451318400000000000,2015-12-28T16:00:00Z
185.57424,111066.18264,1451232000000000000,2015-12-27T16:00:00Z,239400.0,,10129d8a-c69a-4231-9da9-be5aa8425003,OrderRole.Standalone,OrderType.Market,_default,,PositionEffect.Close,,239400.0,False,,OrderSide.Sell,OrderStatus.Filled,002558.SZ,,TimeInForce.GTC,,,,1451318400000000000,2015-12-28T16:00:00Z
22.5774,98730.9702,1451232000000000000,2015-12-27T16:00:00Z,1749200.0,,cec1ebfd-5e5b-4f53-b2bf-72c14040010f,OrderRole.Standalone,OrderType.Market,_default,,PositionEffect.Close,,1749200.0,False,,OrderSide.Sell,OrderStatus.Filled,300308.SZ,,TimeInForce.GTC,,,,1451318400000000000,2015-12-28T16:00:00Z
47.42738,69552.25277,1451232000000000000,2015-12-27T16:00:00Z,586600.0,,88524463-5b3d-4669-b4c3-86875caa8168,OrderRole.Standalone,OrderType.Market,_default,,PositionEffect.Open,,586600.0,False,,OrderSide.Buy,OrderStatus.Filled,600482.SH,,TimeInForce.GTC,,,,1451318400000000000,2015-12-28T16:00:00Z
42.2422,70301.58135,1451232000000000000,2015-12-27T16:00:00Z,665700.0,,9aa7e3f0-0150-45ba-8db9-66ca41b0b49c,OrderRole.Standalone,OrderType.Market,_default,,PositionEffect.Open,,665700.0,False,,OrderSide.Buy,OrderStatus.Filled,600745.SH,,TimeInForce.GTC,,,,1451318400000000000,2015-12-28T16:00:00Z
,0.0,1451232000000000000,2015-12-27T16:00:00Z,0.0,,0ae2665c-36ce-4ed6-8431-81e85d2bd6bd,OrderRole.Standalone,OrderType.Market,_default,,PositionEffect.Open,,672500.0,False,"Symbol 002602.SZ not tradable (zero volume, suspension) at execution timestamp 1451318400000000000",OrderSide.Buy,OrderStatus.Rejected,002602.SZ,,TimeInForce.GTC,,,,1451318400000000000,2015-12-28T16:00:00Z
46.2462,3098.4954,1451232000000000000,2015-12-27T16:00:00Z,26800.0,,716f3ba1-305a-46d2-a186-0c21ed7957a8,OrderRole.Standalone,OrderType.Market,_default,,PositionEffect.Open,,26800.0,False,,OrderSide.Buy,OrderStatus.Filled,002027.SZ,,TimeInForce.GTC,,,,1451318400000000000,2015-12-28T16:00:00Z
54.3543,1318.091775,1451232000000000000,2015-12-27T16:00:00Z,9700.0,,965389d1-7684-4a7f-8c52-9735ced895c9,OrderRole.Standalone,OrderType.Market,_default,,PositionEffect.Open,,9700.0,False,,OrderSide.Buy,OrderStatus.Filled,300059.SZ,,TimeInForce.GTC,,,,1451318400000000000,2015-12-28T16:00:00Z
27.89208,42124.01382,1453737600000000000,2016-01-25T16:00:00Z,604100.0,,b1e71bb9-dda9-4902-b3b1-2eb7a3cd18ae,OrderRole.Standalone,OrderType.Market,_default,,PositionEffect.Close,,604100.0,False,,OrderSide.Sell,OrderStatus.Filled,002027.SZ,,TimeInForce.GTC,,,,1453824000000000000,2016-01-26T16:00:00Z
38.88108,45928.27575,1453737600000000000,2016-01-25T16:00:00Z,472500.0,,0b70d49a-2f4b-4293-beb4-3c7dab064f7e,OrderRole.Standalone,OrderType.Market,_default,,PositionEffect.Close,,472500.0,False,,OrderSide.Sell,OrderStatus.Filled,002460.SZ,,TimeInForce.GTC,,,,1453824000000000000,2016-01-26T16:00:00Z
37.07289,47925.9785475,1453737600000000000,2016-01-25T16:00:00Z,517100.0,,8c953f6e-c3dd-4536-91f2-a6225d859ac6,OrderRole.Standalone,OrderType.Market,_default,,PositionEffect.Close,,517100.0,False,,OrderSide.Sell,OrderStatus.Filled,300059.SZ,,TimeInForce.GTC,,,,1453824000000000000,2016-01-26T16:00:00Z
33.29667,48829.566555,1453737600000000000,2016-01-25T16:00:00Z,586600.0,,84331d46-c132-436f-abb1-18739c8db108,OrderRole.Standalone,OrderType.Market,_default,,PositionEffect.Close,,586600.0,False,,OrderSide.Sell,OrderStatus.Filled,600482.SH,,TimeInForce.GTC,,,,1453824000000000000,2016-01-26T16:00:00Z
,0.0,1453737600000000000,2016-01-25T16:00:00Z,0.0,,5099e0ab-7707-4e53-8bcf-7cce33edf01d,OrderRole.Standalone,OrderType.Market,_default,,PositionEffect.Close,,665700.0,False,"Symbol 600745.SH not tradable (zero volume, suspension) at execution timestamp 1453824000000000000",OrderSide.Sell,OrderStatus.Rejected,600745.SH,,TimeInForce.GTC,,,,1453824000000000000,2016-01-26T16:00:00Z
4.29429,62334.8400675,1453737600000000000,2016-01-25T16:00:00Z,5806300.0,,a8c03358-0e4c-4ba3-9a0f-c22ce82acc00,OrderRole.Standalone,OrderType.Market,_default,,PositionEffect.Open,,5806300.0,False,,OrderSide.Buy,OrderStatus.Filled,000157.SZ,,TimeInForce.GTC,,,,1453824000000000000,2016-01-26T16:00:00Z
28.25823,60493.8058725,1453737600000000000,2016-01-25T16:00:00Z,856300.0,,066113cb-8e50-4840-8a0d-86dd0f7f6055,OrderRole.Standalone,OrderType.Market,_default,,PositionEffect.Open,,856300.0,False,,OrderSide.Buy,OrderStatus.Filled,000596.SZ,,TimeInForce.GTC,,,,1453824000000000000,2016-01-26T16:00:00Z
98.5985,61525.464,1453737600000000000,2016-01-25T16:00:00Z,249600.0,,26c422b1-eb4f-42f5-9838-60bcf05ac05f,OrderRole.Standalone,OrderType.Market,_default,,PositionEffect.Open,,249600.0,False,,OrderSide.Buy,OrderStatus.Filled,000661.SZ,,TimeInForce.GTC,,,,1453824000000000000,2016-01-26T16:00:00Z
17.67766,62455.17278,1453737600000000000,2016-01-25T16:00:00Z,1413200.0,,5f9455d7-bcfc-4caa-bf0f-bd7c70576852,OrderRole.Standalone,OrderType.Market,_default,,PositionEffect.Open,,1413200.0,False,,OrderSide.Buy,OrderStatus.Filled,000768.SZ,,TimeInForce.GTC,,,,1453824000000000000,2016-01-26T16:00:00Z
,0.0,1453737600000000000,2016-01-25T16:00:00Z,0.0,,f5838567-0627-454b-938b-4c9fcee1b743,OrderRole.Standalone,OrderType.Market,_default,,PositionEffect.Open,,5065600.0,False,"Risk: Insufficient margin at execution. Required: 24908377.09360000, Available: 21358050.109982500",OrderSide.Buy,OrderStatus.Rejected,601898.SH,,TimeInForce.GTC,,,,1453824000000000000,2016-01-26T16:00:00Z
4.15584,786.49272,1456761600000000000,2016-02-29T16:00:00Z,75700.0,,dbc50ca0-56df-4b98-b483-41d1c9c508bb,OrderRole.Standalone,OrderType.Market,_default,,PositionEffect.Close,,75700.0,False,,OrderSide.Sell,OrderStatus.Filled,000157.SZ,,TimeInForce.GTC,,,,1456848000000000000,2016-03-01T16:00:00Z
28.66131,952.9885575,1456761600000000000,2016-02-29T16:00:00Z,13300.0,,90d9b2d9-d95e-4a99-b9f3-55656684a1f5,OrderRole.Standalone,OrderType.Market,_default,,PositionEffect.Close,,13300.0,False,,OrderSide.Sell,OrderStatus.Filled,000596.SZ,,TimeInForce.GTC,,,,1456848000000000000,2016-03-01T16:00:00Z
,0.0,1456761600000000000,2016-02-29T16:00:00Z,0.0,,dd9ac330-ac8a-4dc0-b1f0-3312beb1d8fe,OrderRole.Standalone,OrderType.Market,_default,,PositionEffect.Close,,665700.0,False,"Symbol 600745.SH not tradable (zero volume, suspension) at execution timestamp 1456848000000000000",OrderSide.Sell,OrderStatus.Rejected,600745.SH,,TimeInForce.GTC,,,,1456848000000000000,2016-03-01T16:00:00Z
,0.0,1456761600000000000,2016-02-29T16:00:00Z,0.0,,dcbf2d65-981d-404f-9073-c4a21b346373,OrderRole.Standalone,OrderType.Market,_default,,PositionEffect.Open,,4711200.0,False,"Risk: Insufficient margin at execution. Required: 23638504.8900000, Available: 20925860.241925000",OrderSide.Buy,OrderStatus.Rejected,601898.SH,,TimeInForce.GTC,,,,1456848000000000000,2016-03-01T16:00:00Z
93.00291,2069.3147475,1456761600000000000,2016-02-29T16:00:00Z,8900.0,,40f26c1a-10c3-4d03-a3d2-53ecf736b5ff,OrderRole.Standalone,OrderType.Market,_default,,PositionEffect.Open,,8900.0,False,,OrderSide.Buy,OrderStatus.Filled,000661.SZ,,TimeInForce.GTC,,,,1456848000000000000,2016-03-01T16:00:00Z
16.70669,739.2710325,1456761600000000000,2016-02-29T16:00:00Z,17700.0,,1a1da4b3-d148-43c2-b8ed-e29dc779c2ee,OrderRole.Standalone,OrderType.Market,_default,,PositionEffect.Open,,17700.0,False,,OrderSide.Buy,OrderStatus.Filled,000768.SZ,,TimeInForce.GTC,,,,1456848000000000000,2016-03-01T16:00:00Z
4.45554,63832.29381,1459180800000000000,2016-03-28T16:00:00Z,5730600.0,,eb2c37e5-5ad7-4a86-832f-5e1a06d2e1f3,OrderRole.Standalone,OrderType.Market,_default,,PositionEffect.Close,,5730600.0,False,,OrderSide.Sell,OrderStatus.Filled,000157.SZ,,TimeInForce.GTC,,,,1459267200000000000,2016-03-29T16:00:00Z
35.7642,75373.0515,1459180800000000000,2016-03-28T16:00:00Z,843000.0,,966db748-5424-407c-ab83-4681ae33050c,OrderRole.Standalone,OrderType.Market,_default,,PositionEffect.Close,,843000.0,False,,OrderSide.Sell,OrderStatus.Filled,000596.SZ,,TimeInForce.GTC,,,,1459267200000000000,2016-03-29T16:00:00Z
98.11179,63404.7442875,1459180800000000000,2016-03-28T16:00:00Z,258500.0,,4c5677fe-98a4-4552-9f5b-5d4e2ac45119,OrderRole.Standalone,OrderType.Market,_default,,PositionEffect.Close,,258500.0,False,,OrderSide.Sell,OrderStatus.Filled,000661.SZ,,TimeInForce.GTC,,,,1459267200000000000,2016-03-29T16:00:00Z
18.71127,66934.8906075,1459180800000000000,2016-03-28T16:00:00Z,1430900.0,,e30ab128-2f1c-4eb2-9986-08e470af4b2d,OrderRole.Standalone,OrderType.Market,_default,,PositionEffect.Close,,1430900.0,False,,OrderSide.Sell,OrderStatus.Filled,000768.SZ,,TimeInForce.GTC,,,,1459267200000000000,2016-03-29T16:00:00Z
,0.0,1459180800000000000,2016-03-28T16:00:00Z,0.0,,daa3bfad-e19c-481d-878e-d9d6387598cc,OrderRole.Standalone,OrderType.Market,_default,,PositionEffect.Close,,665700.0,False,"Symbol 600745.SH not tradable (zero volume, suspension) at execution timestamp 1459267200000000000",OrderSide.Sell,OrderStatus.Rejected,600745.SH,,TimeInForce.GTC,,,,1459267200000000000,2016-03-29T16:00:00Z
29.45943,65746.0829025,1459180800000000000,2016-03-28T16:00:00Z,892700.0,,87ccde62-cf3b-4dac-9f43-5e7ff61ae7ab,OrderRole.Standalone,OrderType.Market,_default,,PositionEffect.Open,,892700.0,False,,OrderSide.Buy,OrderStatus.Filled,002027.SZ,,TimeInForce.GTC,,,,1459267200000000000,2016-03-29T16:00:00Z
47.2472,65827.1614,1459180800000000000,2016-03-28T16:00:00Z,557300.0,,bd8d387a-5191-486e-953f-9eea0bfef68b,OrderRole.Standalone,OrderType.Market,_default,,PositionEffect.Open,,557300.0,False,,OrderSide.Buy,OrderStatus.Filled,002460.SZ,,TimeInForce.GTC,,,,1459267200000000000,2016-03-29T16:00:00Z
118.08797,65538.82335,1459180800000000000,2016-03-28T16:00:00Z,222000.0,,8e9947b0-7b4d-4a16-9ffc-0bfa890ab1b6,OrderRole.Standalone,OrderType.Market,_default,,PositionEffect.Open,,222000.0,False,,OrderSide.Buy,OrderStatus.Filled,002558.SZ,,TimeInForce.GTC,,,,1459267200000000000,2016-03-29T16:00:00Z
249.249,65240.92575,1459180800000000000,2016-03-28T16:00:00Z,104700.0,,27f77c35-faa0-4a0e-8ae1-c2cfbe88f6b3,OrderRole.Standalone,OrderType.Market,_default,,PositionEffect.Open,,104700.0,False,,OrderSide.Buy,OrderStatus.Filled,600519.SH,,TimeInForce.GTC,,,,1459267200000000000,2016-03-29T16:00:00Z
,0.0,1459180800000000000,2016-03-28T16:00:00Z,0.0,,49a1ab05-d1fd-413b-a87d-717373d60df5,OrderRole.Standalone,OrderType.Market,_default,,PositionEffect.Open,,1298300.0,False,"Risk: Insufficient margin at execution. Required: 26447800.10372500, Available: 23270756.989317500",OrderSide.Buy,OrderStatus.Rejected,603799.SH,,TimeInForce.GTC,,,,1459267200000000000,2016-03-29T16:00:00Z
31.43853,70162.9393275,1461686400000000000,2016-04-26T16:00:00Z,892700.0,,ae0c1697-efe4-4b2f-9a2d-011a6f815031,OrderRole.Standalone,OrderType.Market,_default,,PositionEffect.Close,,892700.0,False,,OrderSide.Sell,OrderStatus.Filled,002027.SZ,,TimeInForce.GTC,,,,1461772800000000000,2016-04-27T16:00:00Z
59.7402,83233.03365,1461686400000000000,2016-04-26T16:00:00Z,557300.0,,87fb1ad5-b0f4-4608-85b3-29bbe6a172c2,OrderRole.Standalone,OrderType.Market,_default,,PositionEffect.Close,,557300.0,False,,OrderSide.Sell,OrderStatus.Filled,002460.SZ,,TimeInForce.GTC,,,,1461772800000000000,2016-04-27T16:00:00Z
119.4804,66311.622,1461686400000000000,2016-04-26T16:00:00Z,222000.0,,377ffd6e-e233-4927-ae71-a96c7894c97a,OrderRole.Standalone,OrderType.Market,_default,,PositionEffect.Close,,222000.0,False,,OrderSide.Sell,OrderStatus.Filled,002558.SZ,,TimeInForce.GTC,,,,1461772800000000000,2016-04-27T16:00:00Z
245.58417,64281.6564975,1461686400000000000,2016-04-26T16:00:00Z,104700.0,,7794008c-1bc8-4f90-86b1-0ffb6691b38f,OrderRole.Standalone,OrderType.Market,_default,,PositionEffect.Close,,104700.0,False,,OrderSide.Sell,OrderStatus.Filled,600519.SH,,TimeInForce.GTC,,,,1461772800000000000,2016-04-27T16:00:00Z
,0.0,1461686400000000000,2016-04-26T16:00:00Z,0.0,,ade3c05c-196d-4099-b76f-241f1a759085,OrderRole.Standalone,OrderType.Market,_default,,PositionEffect.Close,,665700.0,False,"Symbol 600745.SH not tradable (zero volume, suspension) at execution timestamp 1461772800000000000",OrderSide.Sell,OrderStatus.Rejected,600745.SH,,TimeInForce.GTC,,,,1461772800000000000,2016-04-27T16:00:00Z
4.37437,68688.544925,1461686400000000000,2016-04-26T16:00:00Z,6281000.0,,e40335d0-2b30-43a7-90bf-df430b5bff6b,OrderRole.Standalone,OrderType.Market,_default,,PositionEffect.Open,,6281000.0,False,,OrderSide.Buy,OrderStatus.Filled,000157.SZ,,TimeInForce.GTC,,,,1461772800000000000,2016-04-27T16:00:00Z
38.1381,68991.8229,1461686400000000000,2016-04-26T16:00:00Z,723600.0,,615782bc-c0a6-493a-acfc-a9c24cf70e4c,OrderRole.Standalone,OrderType.Market,_default,,PositionEffect.Open,,723600.0,False,,OrderSide.Buy,OrderStatus.Filled,000596.SZ,,TimeInForce.GTC,,,,1461772800000000000,2016-04-27T16:00:00Z
90.9909,68743.62495,1461686400000000000,2016-04-26T16:00:00Z,302200.0,,135e5302-6f2b-4d0b-9366-44583858d7e9,OrderRole.Standalone,OrderType.Market,_default,,PositionEffect.Open,,302200.0,False,,OrderSide.Buy,OrderStatus.Filled,000661.SZ,,TimeInForce.GTC,,,,1461772800000000000,2016-04-27T16:00:00Z
67.83777,68634.8637975,1461686400000000000,2016-04-26T16:00:00Z,404700.0,,38ff79d3-2bc7-4727-b069-50d23a64e797,OrderRole.Standalone,OrderType.Market,_default,,PositionEffect.Open,,404700.0,False,,OrderSide.Buy,OrderStatus.Filled,000963.SZ,,TimeInForce.GTC,,,,1461772800000000000,2016-04-27T16:00:00Z
,0.0,1461686400000000000,2016-04-26T16:00:00Z,0.0,,db7db69a-9342-4dbc-9867-5fdab1ccba6f,OrderRole.Standalone,OrderType.Market,_default,,PositionEffect.Open,,5340000.0,False,"Risk: Insufficient margin at execution. Required: 27436561.152000000, Available: 26283866.842270000",OrderSide.Buy,OrderStatus.Rejected,601898.SH,,TimeInForce.GTC,,,,1461772800000000000,2016-04-27T16:00:00Z
39.7602,5516.72775,1464192000000000000,2016-05-25T16:00:00Z,55500.0,,1582027f-b9f4-4d5c-9c24-82915694a42e,OrderRole.Standalone,OrderType.Market,_default,,PositionEffect.Close,,55500.0,False,,OrderSide.Sell,OrderStatus.Filled,000596.SZ,,TimeInForce.GTC,,,,1464278400000000000,2016-05-26T16:00:00Z
89.7102,1906.34175,1464192000000000000,2016-05-25T16:00:00Z,8500.0,,75d9058f-3728-4ba6-a584-ccdd968bdab9,OrderRole.Standalone,OrderType.Market,_default,,PositionEffect.Close,,8500.0,False,,OrderSide.Sell,OrderStatus.Filled,000661.SZ,,TimeInForce.GTC,,,,1464278400000000000,2016-05-26T16:00:00Z
61.5384,62261.4762,1464192000000000000,2016-05-25T16:00:00Z,404700.0,,c3f8bf9f-5346-45aa-b132-4fc370b68232,OrderRole.Standalone,OrderType.Market,_default,,PositionEffect.Close,,404700.0,False,,OrderSide.Sell,OrderStatus.Filled,000963.SZ,,TimeInForce.GTC,,,,1464278400000000000,2016-05-26T16:00:00Z
21.85812,36377.37621,1464192000000000000,2016-05-25T16:00:00Z,665700.0,,4000390c-6add-4b11-b0c6-bc8fedf5bc5d,OrderRole.Standalone,OrderType.Market,_default,,PositionEffect.Close,,665700.0,False,,OrderSide.Sell,OrderStatus.Filled,600745.SH,,TimeInForce.GTC,,,,1464278400000000000,2016-05-26T16:00:00Z
4.71471,65885.714895,1464192000000000000,2016-05-25T16:00:00Z,5589800.0,,1fe09df9-a6fe-4321-9988-5424333f0b33,OrderRole.Standalone,OrderType.Market,_default,,PositionEffect.Open,,5589800.0,False,,OrderSide.Buy,OrderStatus.Filled,601898.SH,,TimeInForce.GTC,,,,1464278400000000000,2016-05-26T16:00:00Z
12.96295,66101.3227875,1464192000000000000,2016-05-25T16:00:00Z,2039700.0,,72f5b459-56da-47da-8df2-aaa018648974,OrderRole.Standalone,OrderType.Market,_default,,PositionEffect.Open,,2039700.0,False,,OrderSide.Buy,OrderStatus.Filled,000800.SZ,,TimeInForce.GTC,,,,1464278400000000000,2016-05-26T16:00:00Z
4.08408,2013.45144,1464192000000000000,2016-05-25T16:00:00Z,197200.0,,96495d37-4980-4cd3-8201-dcde998235d2,OrderRole.Standalone,OrderType.Market,_default,,PositionEffect.Open,,197200.0,False,,OrderSide.Buy,OrderStatus.Filled,000157.SZ,,TimeInForce.GTC,,,,1464278400000000000,2016-05-26T16:00:00Z
4.07592,66011.56236,1466956800000000000,2016-06-26T16:00:00Z,6478200.0,,cb66a83d-230e-47c2-9dd9-2ca9873e0298,OrderRole.Standalone,OrderType.Market,_default,,PositionEffect.Close,,6478200.0,False,,OrderSide.Sell,OrderStatus.Filled,000157.SZ,,TimeInForce.GTC,,,,1467043200000000000,2016-06-27T16:00:00Z
48.2517,80592.401925,1466956800000000000,2016-06-26T16:00:00Z,668100.0,,90d50984-8445-4a2a-8983-736b44b63e78,OrderRole.Standalone,OrderType.Market,_default,,PositionEffect.Close,,668100.0,False,,OrderSide.Sell,OrderStatus.Filled,000596.SZ,,TimeInForce.GTC,,,,1467043200000000000,2016-06-27T16:00:00Z
106.0938,77899.37265,1466956800000000000,2016-06-26T16:00:00Z,293700.0,,17516872-45d9-4406-a7de-70128073e3a1,OrderRole.Standalone,OrderType.Market,_default,,PositionEffect.Close,,293700.0,False,,OrderSide.Sell,OrderStatus.Filled,000661.SZ,,TimeInForce.GTC,,,,1467043200000000000,2016-06-27T16:00:00Z
10.99899,56086.5997575,1466956800000000000,2016-06-26T16:00:00Z,2039700.0,,71f40e6f-9aa8-42b2-8d28-1087218745e5,OrderRole.Standalone,OrderType.Market,_default,,PositionEffect.Close,,2039700.0,False,,OrderSide.Sell,OrderStatus.Filled,000800.SZ,,TimeInForce.GTC,,,,1467043200000000000,2016-06-27T16:00:00Z
5.06493,70779.864285,1466956800000000000,2016-06-26T16:00:00Z,5589800.0,,f0fa2b45-3c7e-4871-82f6-3175c59b32c0,OrderRole.Standalone,OrderType.Market,_default,,PositionEffect.Close,,5589800.0,False,,OrderSide.Sell,OrderStatus.Filled,601898.SH,,TimeInForce.GTC,,,,1467043200000000000,2016-06-27T16:00:00Z
30.26023,70377.7299225,1466956800000000000,2016-06-26T16:00:00Z,930300.0,,7614606e-171b-4366-aef0-9ee986e34eee,OrderRole.Standalone,OrderType.Market,_default,,PositionEffect.Open,,930300.0,False,,OrderSide.Buy,OrderStatus.Filled,000568.SZ,,TimeInForce.GTC,,,,1467043200000000000,2016-06-27T16:00:00Z
32.18215,69634.1270625,1466956800000000000,2016-06-26T16:00:00Z,865500.0,,34605f04-365f-4f82-a0b5-2dea01451eeb,OrderRole.Standalone,OrderType.Market,_default,,PositionEffect.Open,,865500.0,False,,OrderSide.Buy,OrderStatus.Filled,002460.SZ,,TimeInForce.GTC,,,,1467043200000000000,2016-06-27T16:00:00Z
148.148,70036.967,1466956800000000000,2016-06-26T16:00:00Z,189100.0,,fc3a4f6b-4c5c-49d4-b809-af7e95f5b157,OrderRole.Standalone,OrderType.Market,_default,,PositionEffect.Open,,189100.0,False,,OrderSide.Buy,OrderStatus.Filled,002558.SZ,,TimeInForce.GTC,,,,1467043200000000000,2016-06-27T16:00:00Z
21.59157,69578.834325,1466956800000000000,2016-06-26T16:00:00Z,1289000.0,,8637958c-18d6-413a-8f44-475777b4e6b6,OrderRole.Standalone,OrderType.Market,_default,,PositionEffect.Open,,1289000.0,False,,OrderSide.Buy,OrderStatus.Filled,300059.SZ,,TimeInForce.GTC,,,,1467043200000000000,2016-06-27T16:00:00Z
66.11605,69438.3815125,1466956800000000000,2016-06-26T16:00:00Z,420100.0,,b89aa7a0-333d-490e-80eb-50571c3910d2,OrderRole.Standalone,OrderType.Market,_default,,PositionEffect.Open,,420100.0,False,,OrderSide.Buy,OrderStatus.Filled,600570.SH,,TimeInForce.GTC,,,,1467043200000000000,2016-06-27T16:00:00Z
30.37959,70655.3314425,1469376000000000000,2016-07-24T16:00:00Z,930300.0,,4c5842da-030b-4bdd-ad76-ea81946b0146,OrderRole.Standalone,OrderType.Market,_default,,PositionEffect.Close,,930300.0,False,,OrderSide.Sell,OrderStatus.Filled,000568.SZ,,TimeInForce.GTC,,,,1469462400000000000,2016-07-25T16:00:00Z
34.965,75655.51875,1469376000000000000,2016-07-24T16:00:00Z,865500.0,,c33a9d1e-5658-4669-8437-d63e35a67a39,OrderRole.Standalone,OrderType.Market,_default,,PositionEffect.Close,,865500.0,False,,OrderSide.Sell,OrderStatus.Filled,002460.SZ,,TimeInForce.GTC,,,,1469462400000000000,2016-07-25T16:00:00Z
61.27866,64357.912665,1469376000000000000,2016-07-24T16:00:00Z,420100.0,,a890a1ee-3701-485f-92d3-8f91c8ca6ee0,OrderRole.Standalone,OrderType.Market,_default,,PositionEffect.Close,,420100.0,False,,OrderSide.Sell,OrderStatus.Filled,600570.SH,,TimeInForce.GTC,,,,1469462400000000000,2016-07-25T16:00:00Z
,0.0,1469376000000000000,2016-07-24T16:00:00Z,0.0,,b53d90a4-a203-43ba-8118-571a42c9c922,OrderRole.Standalone,OrderType.Market,_default,,PositionEffect.Close,,189100.0,False,"Symbol 002558.SZ not tradable (zero volume, suspension) at execution timestamp 1469462400000000000",OrderSide.Sell,OrderStatus.Rejected,002558.SZ,,TimeInForce.GTC,,,,1469462400000000000,2016-07-25T16:00:00Z
8.97897,69362.54325,1469376000000000000,2016-07-24T16:00:00Z,3090000.0,,c4d9cdde-f7de-4b10-b85c-b679bdb82d28,OrderRole.Standalone,OrderType.Market,_default,,PositionEffect.Open,,3090000.0,False,,OrderSide.Buy,OrderStatus.Filled,000001.SZ,,TimeInForce.GTC,,,,1469462400000000000,2016-07-25T16:00:00Z
4.23423,69276.23703,1469376000000000000,2016-07-24T16:00:00Z,6544400.0,,ed26bb31-1e7b-4a1c-9171-901ad2ac2f77,OrderRole.Standalone,OrderType.Market,_default,,PositionEffect.Open,,6544400.0,False,,OrderSide.Buy,OrderStatus.Filled,000157.SZ,,TimeInForce.GTC,,,,1469462400000000000,2016-07-25T16:00:00Z
8.35835,69439.0822125,1469376000000000000,2016-07-24T16:00:00Z,3323100.0,,c7fb101c-c78e-45b2-8ecf-06dc4787970a,OrderRole.Standalone,OrderType.Market,_default,,PositionEffect.Open,,3323100.0,False,,OrderSide.Buy,OrderStatus.Filled,000338.SZ,,TimeInForce.GTC,,,,1469462400000000000,2016-07-25T16:00:00Z
,0.0,1469376000000000000,2016-07-24T16:00:00Z,0.0,,2a74fa37-8fe7-408c-bc0d-e0ea17a7dfed,OrderRole.Standalone,OrderType.Market,_default,,PositionEffect.Open,,4647900.0,False,"Risk: Insufficient margin at execution. Required: 27845150.240407500, Available: 14508074.901087500",OrderSide.Buy,OrderStatus.Rejected,601225.SH,,TimeInForce.GTC,,,,1469462400000000000,2016-07-25T16:00:00Z
20.6206,2989.987,1469376000000000000,2016-07-24T16:00:00Z,58000.0,,a9d803d7-1a7c-4edf-a395-dee1fb4c493e,OrderRole.Standalone,OrderType.Market,_default,,PositionEffect.Open,,58000.0,False,,OrderSide.Buy,OrderStatus.Filled,300059.SZ,,TimeInForce.GTC,,,,1469462400000000000,2016-07-25T16:00:00Z
9.0909,70227.2025,1474387200000000000,2016-09-20T16:00:00Z,3090000.0,,fbbac865-a40b-401d-b5f0-73476d12175e,OrderRole.Standalone,OrderType.Market,_default,,PositionEffect.Close,,3090000.0,False,,OrderSide.Sell,OrderStatus.Filled,000001.SZ,,TimeInForce.GTC,,,,1474473600000000000,2016-09-21T16:00:00Z
4.54545,4121.5867875,1474387200000000000,2016-09-20T16:00:00Z,362700.0,,70af79ec-8ebc-4f84-9c29-174634231ad6,OrderRole.Standalone,OrderType.Market,_default,,PositionEffect.Close,,362700.0,False,,OrderSide.Sell,OrderStatus.Filled,000157.SZ,,TimeInForce.GTC,,,,1474473600000000000,2016-09-21T16:00:00Z
9.04095,75109.9523625,1474387200000000000,2016-09-20T16:00:00Z,3323100.0,,97fdb508-4007-4c1d-aae4-de4b3aa7fcb0,OrderRole.Standalone,OrderType.Market,_default,,PositionEffect.Close,,3323100.0,False,,OrderSide.Sell,OrderStatus.Filled,000338.SZ,,TimeInForce.GTC,,,,1474473600000000000,2016-09-21T16:00:00Z
,0.0,1474387200000000000,2016-09-20T16:00:00Z,0.0,,3c24adb6-b9df-4ed4-9334-75bfac9fc549,OrderRole.Standalone,OrderType.Market,_default,,PositionEffect.Close,,189100.0,False,"Symbol 002558.SZ not tradable (zero volume, suspension) at execution timestamp 1474473600000000000",OrderSide.Sell,OrderStatus.Rejected,002558.SZ,,TimeInForce.GTC,,,,1474473600000000000,2016-09-21T16:00:00Z
16.17616,70912.2414,1474387200000000000,2016-09-20T16:00:00Z,1753500.0,,17f518d7-63f6-4949-90b1-fd25e45bcda5,OrderRole.Standalone,OrderType.Market,_default,,PositionEffect.Open,,1753500.0,False,,OrderSide.Buy,OrderStatus.Filled,000408.SZ,,TimeInForce.GTC,,,,1474473600000000000,2016-09-21T16:00:00Z
42.03199,70781.87116,1474387200000000000,2016-09-20T16:00:00Z,673600.0,,a00c7edc-7760-48e6-9edb-f8a8da7c0a8c,OrderRole.Standalone,OrderType.Market,_default,,PositionEffect.Open,,673600.0,False,,OrderSide.Buy,OrderStatus.Filled,000596.SZ,,TimeInForce.GTC,,,,1474473600000000000,2016-09-21T16:00:00Z
,0.0,1474387200000000000,2016-09-20T16:00:00Z,0.0,,b778a8dc-2934-47a4-81d3-e8223d341623,OrderRole.Standalone,OrderType.Market,_default,,PositionEffect.Open,,1791400.0,False,"Risk: Insufficient margin at execution. Required: 29643650.501465000, Available: 17322773.682877500",OrderSide.Buy,OrderStatus.Rejected,000617.SZ,,TimeInForce.GTC,,,,1474473600000000000,2016-09-21T16:00:00Z
19.36935,5781.750975,1474387200000000000,2016-09-20T16:00:00Z,119400.0,,5588dc02-dcb2-46e7-90af-9c95fc45c3dc,OrderRole.Standalone,OrderType.Market,_default,,PositionEffect.Open,,119400.0,False,,OrderSide.Buy,OrderStatus.Filled,300059.SZ,,TimeInForce.GTC,,,,1474473600000000000,2016-09-21T16:00:00Z
4.51548,69783.35679,1477411200000000000,2016-10-25T16:00:00Z,6181700.0,,0b001627-7639-44db-9c16-5ab62107cf3c,OrderRole.Standalone,OrderType.Market,_default,,PositionEffect.Close,,6181700.0,False,,OrderSide.Sell,OrderStatus.Filled,000157.SZ,,TimeInForce.GTC,,,,1477497600000000000,2016-10-26T16:00:00Z
16.19379,70989.5269125,1477411200000000000,2016-10-25T16:00:00Z,1753500.0,,5dd8df3b-9b35-45f6-bdb1-b43fe252b924,OrderRole.Standalone,OrderType.Market,_default,,PositionEffect.Close,,1753500.0,False,,OrderSide.Sell,OrderStatus.Filled,000408.SZ,,TimeInForce.GTC,,,,1477497600000000000,2016-10-26T16:00:00Z
49.07088,82635.36192,1477411200000000000,2016-10-25T16:00:00Z,673600.0,,e9e2d7ea-3c07-42bc-b5c1-48e05b9e2543,OrderRole.Standalone,OrderType.Market,_default,,PositionEffect.Close,,673600.0,False,,OrderSide.Sell,OrderStatus.Filled,000596.SZ,,TimeInForce.GTC,,,,1477497600000000000,2016-10-26T16:00:00Z
,0.0,1477411200000000000,2016-10-25T16:00:00Z,0.0,,e4325ae3-17bf-4b27-8fd2-350e0e7b254f,OrderRole.Standalone,OrderType.Market,_default,,PositionEffect.Close,,189100.0,False,"Symbol 002558.SZ not tradable (zero volume, suspension) at execution timestamp 1477497600000000000",OrderSide.Sell,OrderStatus.Rejected,002558.SZ,,TimeInForce.GTC,,,,1477497600000000000,2016-10-26T16:00:00Z
25.09507,72449.46709,1477411200000000000,2016-10-25T16:00:00Z,1154800.0,,38294fe9-fd78-4f2a-9439-b96446b967d7,OrderRole.Standalone,OrderType.Market,_default,,PositionEffect.Open,,1154800.0,False,,OrderSide.Buy,OrderStatus.Filled,000002.SZ,,TimeInForce.GTC,,,,1477497600000000000,2016-10-26T16:00:00Z
22.73271,72994.73181,1477411200000000000,2016-10-25T16:00:00Z,1284400.0,,db181c97-1d4e-46d0-a84e-7a8f456e7fcb,OrderRole.Standalone,OrderType.Market,_default,,PositionEffect.Open,,1284400.0,False,,OrderSide.Buy,OrderStatus.Filled,000651.SZ,,TimeInForce.GTC,,,,1477497600000000000,2016-10-26T16:00:00Z
57.93788,73349.35608,1477411200000000000,2016-10-25T16:00:00Z,506400.0,,55e74ee2-1995-4d95-9f5a-b88e31391d4d,OrderRole.Standalone,OrderType.Market,_default,,PositionEffect.Open,,506400.0,False,,OrderSide.Buy,OrderStatus.Filled,600570.SH,,TimeInForce.GTC,,,,1477497600000000000,2016-10-26T16:00:00Z
,0.0,1477411200000000000,2016-10-25T16:00:00Z,0.0,,ce79513e-3672-4186-b1d9-120b606884b8,OrderRole.Standalone,OrderType.Market,_default,,PositionEffect.Open,,984900.0,False,"Risk: Insufficient margin at execution. Required: 28958643.63892500, Available: 15845844.037900000",OrderSide.Buy,OrderStatus.Rejected,603799.SH,,TimeInForce.GTC,,,,1477497600000000000,2016-10-26T16:00:00Z
19.46945,1401.8004,1477411200000000000,2016-10-25T16:00:00Z,28800.0,,a6a63e2d-9a9d-4343-8c9f-146ad6f8340e,OrderRole.Standalone,OrderType.Market,_default,,PositionEffect.Open,,28800.0,False,,OrderSide.Buy,OrderStatus.Filled,300059.SZ,,TimeInForce.GTC,,,,1477497600000000000,2016-10-26T16:00:00Z
20.2797,58547.4939,1482249600000000000,2016-12-20T16:00:00Z,1154800.0,,9d8bd414-f6f7-4f7d-92dc-5f1433866bbf,OrderRole.Standalone,OrderType.Market,_default,,PositionEffect.Close,,1154800.0,False,,OrderSide.Sell,OrderStatus.Filled,000002.SZ,,TimeInForce.GTC,,,,1482336000000000000,2016-12-21T16:00:00Z
24.26571,77917.19481,1482249600000000000,2016-12-20T16:00:00Z,1284400.0,,c0102e94-d595-4463-a0b5-a1a7a423fc11,OrderRole.Standalone,OrderType.Market,_default,,PositionEffect.Close,,1284400.0,False,,OrderSide.Sell,OrderStatus.Filled,000651.SZ,,TimeInForce.GTC,,,,1482336000000000000,2016-12-21T16:00:00Z
66.27366,31330.872765,1482249600000000000,2016-12-20T16:00:00Z,189100.0,,19243a6e-6a94-4916-9e27-5f8f674438c8,OrderRole.Standalone,OrderType.Market,_default,,PositionEffect.Close,,189100.0,False,,OrderSide.Sell,OrderStatus.Filled,002558.SZ,,TimeInForce.GTC,,,,1482336000000000000,2016-12-21T16:00:00Z
18.12186,7380.127485,1482249600000000000,2016-12-20T16:00:00Z,162900.0,,003ffd3f-7287-42b7-9a9a-531e1ef6c965,OrderRole.Standalone,OrderType.Market,_default,,PositionEffect.Close,,162900.0,False,,OrderSide.Sell,OrderStatus.Filled,300059.SZ,,TimeInForce.GTC,,,,1482336000000000000,2016-12-21T16:00:00Z
48.57138,61491.36708,1482249600000000000,2016-12-20T16:00:00Z,506400.0,,bf7cf32c-10c7-472d-a2ac-e584e7bfbdf4,OrderRole.Standalone,OrderType.Market,_default,,PositionEffect.Close,,506400.0,False,,OrderSide.Sell,OrderStatus.Filled,600570.SH,,TimeInForce.GTC,,,,1482336000000000000,2016-12-21T16:00:00Z
9.15915,60411.4636125,1482249600000000000,2016-12-20T16:00:00Z,2638300.0,,bf84580f-b59b-4ad8-82d7-6c5900898dc4,OrderRole.Standalone,OrderType.Market,_default,,PositionEffect.Open,,2638300.0,False,,OrderSide.Buy,OrderStatus.Filled,000001.SZ,,TimeInForce.GTC,,,,1482336000000000000,2016-12-21T16:00:00Z
15.43542,60557.011515,1482249600000000000,2016-12-20T16:00:00Z,1569300.0,,b999233e-1787-4772-b7a1-c4754803ae72,OrderRole.Standalone,OrderType.Market,_default,,PositionEffect.Open,,1569300.0,False,,OrderSide.Buy,OrderStatus.Filled,000408.SZ,,TimeInForce.GTC,,,,1482336000000000000,2016-12-21T16:00:00Z
17.78777,60238.283105,1482249600000000000,2016-12-20T16:00:00Z,1354600.0,,4dc9f80a-6c89-4b6b-ba5d-7b51120f6a78,OrderRole.Standalone,OrderType.Market,_default,,PositionEffect.Open,,1354600.0,False,,OrderSide.Buy,OrderStatus.Filled,000617.SZ,,TimeInForce.GTC,,,,1482336000000000000,2016-12-21T16:00:00Z
115.12501,60469.4115025,1482249600000000000,2016-12-20T16:00:00Z,210100.0,,259b17c5-7b89-40bf-9d86-1eca58222027,OrderRole.Standalone,OrderType.Market,_default,,PositionEffect.Open,,210100.0,False,,OrderSide.Buy,OrderStatus.Filled,000661.SZ,,TimeInForce.GTC,,,,1482336000000000000,2016-12-21T16:00:00Z
9.16083,2265.0152175,1484755200000000000,2017-01-18T16:00:00Z,98900.0,,f8cfcadf-a07b-4304-81fb-4947ab0d21e2,OrderRole.Standalone,OrderType.Market,_default,,PositionEffect.Close,,98900.0,False,,OrderSide.Sell,OrderStatus.Filled,000001.SZ,,TimeInForce.GTC,,,,1484841600000000000,2017-01-19T16:00:00Z
15.0849,1116.2826,1484755200000000000,2017-01-18T16:00:00Z,29600.0,,f0f70221-771f-4004-a475-fb7d100012c4,OrderRole.Standalone,OrderType.Market,_default,,PositionEffect.Close,,29600.0,False,,OrderSide.Sell,OrderStatus.Filled,000408.SZ,,TimeInForce.GTC,,,,1484841600000000000,2017-01-19T16:00:00Z
17.09289,2170.79703,1484755200000000000,2017-01-18T16:00:00Z,50800.0,,f1b9bcb8-3a0f-4cf4-ae74-3bb1cac58edf,OrderRole.Standalone,OrderType.Market,_default,,PositionEffect.Close,,50800.0,False,,OrderSide.Sell,OrderStatus.Filled,000617.SZ,,TimeInForce.GTC,,,,1484841600000000000,2017-01-19T16:00:00Z
109.23066,57373.404165,1484755200000000000,2017-01-18T16:00:00Z,210100.0,,50beb4f3-b86e-4ac4-bdee-675d397bad06,OrderRole.Standalone,OrderType.Market,_default,,PositionEffect.Close,,210100.0,False,,OrderSide.Sell,OrderStatus.Filled,000661.SZ,,TimeInForce.GTC,,,,1484841600000000000,2017-01-19T16:00:00Z
15.75574,5857.196345,1484755200000000000,2017-01-18T16:00:00Z,148700.0,,1d66cee7-97a8-412d-abc2-6ac59a8c1528,OrderRole.Standalone,OrderType.Market,_default,,PositionEffect.Open,,148700.0,False,,OrderSide.Buy,OrderStatus.Filled,300059.SZ,,TimeInForce.GTC,,,,1484841600000000000,2017-01-19T16:00:00Z
4.46446,58204.281135,1484755200000000000,2017-01-18T16:00:00Z,5214900.0,,d150a473-8127-45d5-bfd8-7e8a4b7951e1,OrderRole.Standalone,OrderType.Market,_default,,PositionEffect.Open,,5214900.0,False,,OrderSide.Buy,OrderStatus.Filled,000157.SZ,,TimeInForce.GTC,,,,1484841600000000000,2017-01-19T16:00:00Z
9.4905,60250.43925,1487779200000000000,2017-02-22T16:00:00Z,2539400.0,,9a7cf385-3e26-4afa-8215-e187afc23d0d,OrderRole.Standalone,OrderType.Market,_default,,PositionEffect.Close,,2539400.0,False,,OrderSide.Sell,OrderStatus.Filled,000001.SZ,,TimeInForce.GTC,,,,1487865600000000000,2017-02-23T16:00:00Z
4.8951,63818.642475,1487779200000000000,2017-02-22T16:00:00Z,5214900.0,,24303ef4-3aef-4c99-9756-96b195569d64,OrderRole.Standalone,OrderType.Market,_default,,PositionEffect.Close,,5214900.0,False,,OrderSide.Sell,OrderStatus.Filled,000157.SZ,,TimeInForce.GTC,,,,1487865600000000000,2017-02-23T16:00:00Z
15.54444,59834.43567,1487779200000000000,2017-02-22T16:00:00Z,1539700.0,,7b2dbe00-1455-4b7f-b8a7-8ddff077401d,OrderRole.Standalone,OrderType.Market,_default,,PositionEffect.Close,,1539700.0,False,,OrderSide.Sell,OrderStatus.Filled,000408.SZ,,TimeInForce.GTC,,,,1487865600000000000,2017-02-23T16:00:00Z
16.69329,1189.3969125,1487779200000000000,2017-02-22T16:00:00Z,28500.0,,4c24407d-0ee5-4c14-9431-c4517e6f2dc2,OrderRole.Standalone,OrderType.Market,_default,,PositionEffect.Close,,28500.0,False,,OrderSide.Sell,OrderStatus.Filled,300059.SZ,,TimeInForce.GTC,,,,1487865600000000000,2017-02-23T16:00:00Z
45.33529,60839.95918,1487779200000000000,2017-02-22T16:00:00Z,536800.0,,04a848a8-9e1c-45f5-8e12-9196f9584b76,OrderRole.Standalone,OrderType.Market,_default,,PositionEffect.Open,,536800.0,False,,OrderSide.Buy,OrderStatus.Filled,600570.SH,,TimeInForce.GTC,,,,1487865600000000000,2017-02-23T16:00:00Z
56.056,60120.06,1487779200000000000,2017-02-22T16:00:00Z,429000.0,,37bb99de-381f-4867-8c89-26e36a6095f6,OrderRole.Standalone,OrderType.Market,_default,,PositionEffect.Open,,429000.0,False,,OrderSide.Buy,OrderStatus.Filled,603799.SH,,TimeInForce.GTC,,,,1487865600000000000,2017-02-23T16:00:00Z
81.081,58783.725,1487779200000000000,2017-02-22T16:00:00Z,290000.0,,0deda9b4-ae8e-4481-b2ef-2e16f335f281,OrderRole.Standalone,OrderType.Market,_default,,PositionEffect.Open,,290000.0,False,,OrderSide.Buy,OrderStatus.Filled,002558.SZ,,TimeInForce.GTC,,,,1487865600000000000,2017-02-23T16:00:00Z
18.13812,1646.03439,1487779200000000000,2017-02-22T16:00:00Z,36300.0,,9ebc3ff5-fbdc-4c00-ba5b-677b5353b82d,OrderRole.Standalone,OrderType.Market,_default,,PositionEffect.Open,,36300.0,False,,OrderSide.Buy,OrderStatus.Filled,000617.SZ,,TimeInForce.GTC,,,,1487865600000000000,2017-02-23T16:00:00Z
18.63135,62419.6803375,1490198400000000000,2017-03-22T16:00:00Z,1340100.0,,197de299-0296-4120-999b-dc917db8c459,OrderRole.Standalone,OrderType.Market,_default,,PositionEffect.Close,,1340100.0,False,,OrderSide.Sell,OrderStatus.Filled,000617.SZ,,TimeInForce.GTC,,,,1490284800000000000,2017-03-23T16:00:00Z
53.16678,57021.37155,1490198400000000000,2017-03-22T16:00:00Z,429000.0,,86c5331d-e14f-41d9-ac2a-0eefda573679,OrderRole.Standalone,OrderType.Market,_default,,PositionEffect.Close,,429000.0,False,,OrderSide.Sell,OrderStatus.Filled,603799.SH,,TimeInForce.GTC,,,,1490284800000000000,2017-03-23T16:00:00Z
31.39136,59133.4744,1490198400000000000,2017-03-22T16:00:00Z,753500.0,,ad2a4f15-545b-4614-81d6-c86b6be7ea43,OrderRole.Standalone,OrderType.Market,_default,,PositionEffect.Open,,753500.0,False,,OrderSide.Buy,OrderStatus.Filled,000651.SZ,,TimeInForce.GTC,,,,1490284800000000000,2017-03-23T16:00:00Z
102.102,58810.752,1490198400000000000,2017-03-22T16:00:00Z,230400.0,,879e63a8-7457-4433-93d0-09d48e0f5d4d,OrderRole.Standalone,OrderType.Market,_default,,PositionEffect.Open,,230400.0,False,,OrderSide.Buy,OrderStatus.Filled,300502.SZ,,TimeInForce.GTC,,,,1490284800000000000,2017-03-23T16:00:00Z
15.48547,2597.6875925,1490198400000000000,2017-03-22T16:00:00Z,67100.0,,64faf1c8-5837-476f-a941-df1c46575060,OrderRole.Standalone,OrderType.Market,_default,,PositionEffect.Open,,67100.0,False,,OrderSide.Buy,OrderStatus.Filled,300059.SZ,,TimeInForce.GTC,,,,1490284800000000000,2017-03-23T16:00:00Z
42.9429,1234.608375,1490198400000000000,2017-03-22T16:00:00Z,11500.0,,19e7f7d2-07bb-4be5-8d8d-770cfc642333,OrderRole.Standalone,OrderType.Market,_default,,PositionEffect.Open,,11500.0,False,,OrderSide.Buy,OrderStatus.Filled,600570.SH,,TimeInForce.GTC,,,,1490284800000000000,2017-03-23T16:00:00Z
79.58951,318.35804,1490198400000000000,2017-03-22T16:00:00Z,1600.0,,420bfccb-5f77-45a8-9e6f-935a40696c4c,OrderRole.Standalone,OrderType.Market,_default,,PositionEffect.Open,,1600.0,False,,OrderSide.Buy,OrderStatus.Filled,002558.SZ,,TimeInForce.GTC,,,,1490284800000000000,2017-03-23T16:00:00Z
32.57739,61367.6584125,1492963200000000000,2017-04-23T16:00:00Z,753500.0,,cab98d98-b031-4898-af98-0849284e506a,OrderRole.Standalone,OrderType.Market,_default,,PositionEffect.Close,,753500.0,False,,OrderSide.Sell,OrderStatus.Filled,000651.SZ,,TimeInForce.GTC,,,,1493049600000000000,2017-04-24T16:00:00Z
70.91901,51699.95829,1492963200000000000,2017-04-23T16:00:00Z,291600.0,,9ea14f6f-23f9-41fc-a242-dbd731b6c9b2,OrderRole.Standalone,OrderType.Market,_default,,PositionEffect.Close,,291600.0,False,,OrderSide.Sell,OrderStatus.Filled,002558.SZ,,TimeInForce.GTC,,,,1493049600000000000,2017-04-24T16:00:00Z
10.6893,40608.6507,1492963200000000000,2017-04-23T16:00:00Z,1519600.0,,3f9217d3-957d-45da-99fe-6490571495c6,OrderRole.Standalone,OrderType.Market,_default,,PositionEffect.Close,,1519600.0,False,,OrderSide.Sell,OrderStatus.Filled,300059.SZ,,TimeInForce.GTC,,,,1493049600000000000,2017-04-24T16:00:00Z
80.919,46609.344,1492963200000000000,2017-04-23T16:00:00Z,230400.0,,0d830379-781e-4d09-8d32-02730e24c255,OrderRole.Standalone,OrderType.Market,_default,,PositionEffect.Close,,230400.0,False,,OrderSide.Sell,OrderStatus.Filled,300502.SZ,,TimeInForce.GTC,,,,1493049600000000000,2017-04-24T16:00:00Z
37.962,52036.4115,1492963200000000000,2017-04-23T16:00:00Z,548300.0,,13cc8fb0-5101-4128-b996-07feedf9e071,OrderRole.Standalone,OrderType.Market,_default,,PositionEffect.Close,,548300.0,False,,OrderSide.Sell,OrderStatus.Filled,600570.SH,,TimeInForce.GTC,,,,1493049600000000000,2017-04-24T16:00:00Z
8.93893,51003.2998475,1492963200000000000,2017-04-23T16:00:00Z,2282300.0,,1f05048d-f8c9-4fe5-863f-c7867e1c4197,OrderRole.Standalone,OrderType.Market,_default,,PositionEffect.Open,,2282300.0,False,,OrderSide.Buy,OrderStatus.Filled,000001.SZ,,TimeInForce.GTC,,,,1493049600000000000,2017-04-24T16:00:00Z
4.46446,51116.950885,1492963200000000000,2017-04-23T16:00:00Z,4579900.0,,0eae12da-b32a-4b1b-84bd-050cb109546b,OrderRole.Standalone,OrderType.Market,_default,,PositionEffect.Open,,4579900.0,False,,OrderSide.Buy,OrderStatus.Filled,000157.SZ,,TimeInForce.GTC,,,,1493049600000000000,2017-04-24T16:00:00Z
14.26425,50645.219625,1492963200000000000,2017-04-23T16:00:00Z,1420200.0,,b3efd58d-e0d3-4b2c-a878-d38a4038cad1,OrderRole.Standalone,OrderType.Market,_default,,PositionEffect.Open,,1420200.0,False,,OrderSide.Buy,OrderStatus.Filled,000408.SZ,,TimeInForce.GTC,,,,1493049600000000000,2017-04-24T16:00:00Z
52.08203,51027.3688925,1492963200000000000,2017-04-23T16:00:00Z,391900.0,,d31abbda-8ff0-4409-82ce-3bea48ea596b,OrderRole.Standalone,OrderType.Market,_default,,PositionEffect.Open,,391900.0,False,,OrderSide.Buy,OrderStatus.Filled,000596.SZ,,TimeInForce.GTC,,,,1493049600000000000,2017-04-24T16:00:00Z
17.97796,51142.80171,1492963200000000000,2017-04-23T16:00:00Z,1137900.0,,79efda39-2338-4fcf-be29-727aacbf8e96,OrderRole.Standalone,OrderType.Market,_default,,PositionEffect.Open,,1137900.0,False,,OrderSide.Buy,OrderStatus.Filled,000617.SZ,,TimeInForce.GTC,,,,1493049600000000000,2017-04-24T16:00:00Z
8.77122,2273.938785,1495468800000000000,2017-05-22T16:00:00Z,103700.0,,96002de0-40f6-4802-b19b-954601175d94,OrderRole.Standalone,OrderType.Market,_default,,PositionEffect.Close,,103700.0,False,,OrderSide.Sell,OrderStatus.Filled,000001.SZ,,TimeInForce.GTC,,,,1495555200000000000,2017-05-23T16:00:00Z
4.20579,555.16428,1495468800000000000,2017-05-22T16:00:00Z,52800.0,,2bb994f2-ce55-49df-858f-3d6aad80db01,OrderRole.Standalone,OrderType.Market,_default,,PositionEffect.Close,,52800.0,False,,OrderSide.Sell,OrderStatus.Filled,000157.SZ,,TimeInForce.GTC,,,,1495555200000000000,2017-05-23T16:00:00Z
13.53645,199.6626375,1495468800000000000,2017-05-22T16:00:00Z,5900.0,,22cc6f77-ea2a-4341-b8c3-7f1b24515fc0,OrderRole.Standalone,OrderType.Market,_default,,PositionEffect.Close,,5900.0,False,,OrderSide.Sell,OrderStatus.Filled,000408.SZ,,TimeInForce.GTC,,,,1495555200000000000,2017-05-23T16:00:00Z
49.13082,356.198445,1495468800000000000,2017-05-22T16:00:00Z,2900.0,,fd530212-c6b5-4e26-9ed9-fecf6c3e0bbc,OrderRole.Standalone,OrderType.Market,_default,,PositionEffect.Close,,2900.0,False,,OrderSide.Sell,OrderStatus.Filled,000596.SZ,,TimeInForce.GTC,,,,1495555200000000000,2017-05-23T16:00:00Z
15.29528,4408.86446,1495468800000000000,2017-05-22T16:00:00Z,115300.0,,c74093f7-7ff7-4b3c-8fd8-0e9504a5fdc5,OrderRole.Standalone,OrderType.Market,_default,,PositionEffect.Open,,115300.0,False,,OrderSide.Buy,OrderStatus.Filled,000617.SZ,,TimeInForce.GTC,,,,1495555200000000000,2017-05-23T16:00:00Z
10.34964,56369.31426,1502899200000000000,2017-08-16T16:00:00Z,2178600.0,,79c4990d-94a4-404e-a1da-5fc3f1d348db,OrderRole.Standalone,OrderType.Market,_default,,PositionEffect.Close,,2178600.0,False,,OrderSide.Sell,OrderStatus.Filled,000001.SZ,,TimeInForce.GTC,,,,1502985600000000000,2017-08-17T16:00:00Z
4.71528,53366.36022,1502899200000000000,2017-08-16T16:00:00Z,4527100.0,,1cb8d659-4b6f-4877-86a2-bd038f5a17e2,OrderRole.Standalone,OrderType.Market,_default,,PositionEffect.Close,,4527100.0,False,,OrderSide.Sell,OrderStatus.Filled,000157.SZ,,TimeInForce.GTC,,,,1502985600000000000,2017-08-17T16:00:00Z
13.36662,47261.026665,1502899200000000000,2017-08-16T16:00:00Z,1414300.0,,1d480db1-c953-497d-b1ae-5e2cfe411e2b,OrderRole.Standalone,OrderType.Market,_default,,PositionEffect.Close,,1414300.0,False,,OrderSide.Sell,OrderStatus.Filled,000408.SZ,,TimeInForce.GTC,,,,1502985600000000000,2017-08-17T16:00:00Z
52.5474,51102.3465,1502899200000000000,2017-08-16T16:00:00Z,389000.0,,4ed5ec7f-49b6-48a6-a278-43f8e28635c0,OrderRole.Standalone,OrderType.Market,_default,,PositionEffect.Close,,389000.0,False,,OrderSide.Sell,OrderStatus.Filled,000596.SZ,,TimeInForce.GTC,,,,1502985600000000000,2017-08-17T16:00:00Z
16.7832,52581.7656,1502899200000000000,2017-08-16T16:00:00Z,1253200.0,,fe826a2f-c325-4447-81ab-ab3b691b54fc,OrderRole.Standalone,OrderType.Market,_default,,PositionEffect.Close,,1253200.0,False,,OrderSide.Sell,OrderStatus.Filled,000617.SZ,,TimeInForce.GTC,,,,1502985600000000000,2017-08-17T16:00:00Z
37.92789,51667.2681525,1502899200000000000,2017-08-16T16:00:00Z,544900.0,,926a2b4c-fdbc-4ddf-8ea6-e2ba07f31ce7,OrderRole.Standalone,OrderType.Market,_default,,PositionEffect.Open,,544900.0,False,,OrderSide.Buy,OrderStatus.Filled,000651.SZ,,TimeInForce.GTC,,,,1502985600000000000,2017-08-17T16:00:00Z
3.81381,51662.8237125,1502899200000000000,2017-08-16T16:00:00Z,5418500.0,,0d856469-c76b-4fed-8bb6-ea422d318c9d,OrderRole.Standalone,OrderType.Market,_default,,PositionEffect.Open,,5418500.0,False,,OrderSide.Buy,OrderStatus.Filled,000725.SZ,,TimeInForce.GTC,,,,1502985600000000000,2017-08-17T16:00:00Z
45.045,51959.4075,1502899200000000000,2017-08-16T16:00:00Z,461400.0,,4e95241a-151e-4463-9694-facc020dcb86,OrderRole.Standalone,OrderType.Market,_default,,PositionEffect.Open,,461400.0,False,,OrderSide.Buy,OrderStatus.Filled,002558.SZ,,TimeInForce.GTC,,,,1502985600000000000,2017-08-17T16:00:00Z
31.6316,51931.1793,1502899200000000000,2017-08-16T16:00:00Z,656700.0,,c55902b3-7db6-4f7b-bc53-a0043166c9fa,OrderRole.Standalone,OrderType.Market,_default,,PositionEffect.Open,,656700.0,False,,OrderSide.Buy,OrderStatus.Filled,300496.SZ,,TimeInForce.GTC,,,,1502985600000000000,2017-08-17T16:00:00Z
64.54448,50990.1392,1502899200000000000,2017-08-16T16:00:00Z,316000.0,,8c3e59cb-237e-491b-9a15-d5e6eb1f01e6,OrderRole.Standalone,OrderType.Market,_default,,PositionEffect.Open,,316000.0,False,,OrderSide.Buy,OrderStatus.Filled,603799.SH,,TimeInForce.GTC,,,,1502985600000000000,2017-08-17T16:00:00Z
37.45251,51019.6817475,1505318400000000000,2017-09-13T16:00:00Z,544900.0,,1e3778a2-7949-4e91-9fa5-e79bf2b52a71,OrderRole.Standalone,OrderType.Market,_default,,PositionEffect.Close,,544900.0,False,,OrderSide.Sell,OrderStatus.Filled,000651.SZ,,TimeInForce.GTC,,,,1505404800000000000,2017-09-14T16:00:00Z
3.83616,51965.5824,1505318400000000000,2017-09-13T16:00:00Z,5418500.0,,fec2d1c7-d249-46db-b9ac-25dd50bf910a,OrderRole.Standalone,OrderType.Market,_default,,PositionEffect.Close,,5418500.0,False,,OrderSide.Sell,OrderStatus.Filled,000725.SZ,,TimeInForce.GTC,,,,1505404800000000000,2017-09-14T16:00:00Z
42.84711,49424.141385,1505318400000000000,2017-09-13T16:00:00Z,461400.0,,caf891ae-956b-4338-84db-97a520b25805,OrderRole.Standalone,OrderType.Market,_default,,PositionEffect.Close,,461400.0,False,,OrderSide.Sell,OrderStatus.Filled,002558.SZ,,TimeInForce.GTC,,,,1505404800000000000,2017-09-14T16:00:00Z
41.06889,11211.80697,1505318400000000000,2017-09-13T16:00:00Z,109200.0,,8a7e7c93-f00d-44ea-bac3-68bd853e1b48,OrderRole.Standalone,OrderType.Market,_default,,PositionEffect.Close,,109200.0,False,,OrderSide.Sell,OrderStatus.Filled,300496.SZ,,TimeInForce.GTC,,,,1505404800000000000,2017-09-14T16:00:00Z
88.96095,12765.896325,1505318400000000000,2017-09-13T16:00:00Z,57400.0,,9dbde300-11b8-431b-87b3-d8cb10a4d7e6,OrderRole.Standalone,OrderType.Market,_default,,PositionEffect.Close,,57400.0,False,,OrderSide.Sell,OrderStatus.Filled,603799.SH,,TimeInForce.GTC,,,,1505404800000000000,2017-09-14T16:00:00Z
20.6206,57809.8521,1505318400000000000,2017-09-13T16:00:00Z,1121400.0,,d872f42f-1558-4634-8f34-476d56fc7f35,OrderRole.Standalone,OrderType.Market,_default,,PositionEffect.Open,,1121400.0,False,,OrderSide.Buy,OrderStatus.Filled,000408.SZ,,TimeInForce.GTC,,,,1505404800000000000,2017-09-14T16:00:00Z
15.7157,56332.92665,1505318400000000000,2017-09-13T16:00:00Z,1433800.0,,856bde55-11e5-4bde-a41e-5254b5546e9a,OrderRole.Standalone,OrderType.Market,_default,,PositionEffect.Open,,1433800.0,False,,OrderSide.Buy,OrderStatus.Filled,000807.SZ,,TimeInForce.GTC,,,,1505404800000000000,2017-09-14T16:00:00Z
88.9889,56908.40155,1505318400000000000,2017-09-13T16:00:00Z,255800.0,,31965727-1bf7-48b5-9fe0-ec0a401fc988,OrderRole.Standalone,OrderType.Market,_default,,PositionEffect.Open,,255800.0,False,,OrderSide.Buy,OrderStatus.Filled,002460.SZ,,TimeInForce.GTC,,,,1505404800000000000,2017-09-14T16:00:00Z
17.35263,48648.098205,1513180800000000000,2017-12-13T16:00:00Z,1121400.0,,86d462ba-b691-4bc0-a59f-4eebbb53d6d4,OrderRole.Standalone,OrderType.Market,_default,,PositionEffect.Close,,1121400.0,False,,OrderSide.Sell,OrderStatus.Filled,000408.SZ,,TimeInForce.GTC,,,,1513267200000000000,2017-12-14T16:00:00Z
8.54145,30616.827525,1513180800000000000,2017-12-13T16:00:00Z,1433800.0,,5b0e7289-c767-4a8e-8ff2-576b4484050b,OrderRole.Standalone,OrderType.Market,_default,,PositionEffect.Close,,1433800.0,False,,OrderSide.Sell,OrderStatus.Filled,000807.SZ,,TimeInForce.GTC,,,,1513267200000000000,2017-12-14T16:00:00Z
72.927,182.3175,1513180800000000000,2017-12-13T16:00:00Z,1000.0,,10eabaea-797b-416b-a65d-9a76c4aaead4,OrderRole.Standalone,OrderType.Market,_default,,PositionEffect.Close,,1000.0,False,,OrderSide.Sell,OrderStatus.Filled,002460.SZ,,TimeInForce.GTC,,,,1513267200000000000,2017-12-14T16:00:00Z
88.4115,10454.659875,1513180800000000000,2017-12-13T16:00:00Z,47300.0,,2519f727-8269-4e7a-b793-45930919fa2f,OrderRole.Standalone,OrderType.Market,_default,,PositionEffect.Close,,47300.0,False,,OrderSide.Sell,OrderStatus.Filled,603799.SH,,TimeInForce.GTC,,,,1513267200000000000,2017-12-14T16:00:00Z
664.664,46858.812,1513180800000000000,2017-12-13T16:00:00Z,28200.0,,cccdd210-571d-4122-ae5a-c7deab1e5d03,OrderRole.Standalone,OrderType.Market,_default,,PositionEffect.Open,,28200.0,False,,OrderSide.Buy,OrderStatus.Filled,600519.SH,,TimeInForce.GTC,,,,1513267200000000000,2017-12-14T16:00:00Z
49.26922,47027.47049,1513180800000000000,2017-12-13T16:00:00Z,381800.0,,5ebc85a1-2dd5-40c3-8761-aa0320f71bf0,OrderRole.Standalone,OrderType.Market,_default,,PositionEffect.Open,,381800.0,False,,OrderSide.Buy,OrderStatus.Filled,600570.SH,,TimeInForce.GTC,,,,1513267200000000000,2017-12-14T16:00:00Z
33.31328,2373.5712,1513180800000000000,2017-12-13T16:00:00Z,28500.0,,e573c937-004d-4149-8df5-bd26ca5ef73d,OrderRole.Standalone,OrderType.Market,_default,,PositionEffect.Open,,28500.0,False,,OrderSide.Buy,OrderStatus.Filled,300496.SZ,,TimeInForce.GTC,,,,1513267200000000000,2017-12-14T16:00:00Z
690.309,6557.9355,1518105600000000000,2018-02-08T16:00:00Z,3800.0,,ce626eae-d7b9-4d67-b04f-fd2d7ea0d5ae,OrderRole.Standalone,OrderType.Market,_default,,PositionEffect.Close,,3800.0,False,,OrderSide.Sell,OrderStatus.Filled,600519.SH,,TimeInForce.GTC,,,,1518364800000000000,2018-02-11T16:00:00Z
43.6563,41669.93835,1518105600000000000,2018-02-08T16:00:00Z,381800.0,,01e6c9df-c610-42a6-a932-6c07acf9fb3e,OrderRole.Standalone,OrderType.Market,_default,,PositionEffect.Close,,381800.0,False,,OrderSide.Sell,OrderStatus.Filled,600570.SH,,TimeInForce.GTC,,,,1518364800000000000,2018-02-11T16:00:00Z
88.7112,4346.8488,1518105600000000000,2018-02-08T16:00:00Z,19600.0,,e809989f-91c2-4bfd-b963-28b4b67a401d,OrderRole.Standalone,OrderType.Market,_default,,PositionEffect.Close,,19600.0,False,,OrderSide.Sell,OrderStatus.Filled,603799.SH,,TimeInForce.GTC,,,,1518364800000000000,2018-02-11T16:00:00Z
29.01899,42512.82035,1518105600000000000,2018-02-08T16:00:00Z,586000.0,,f8dee9f0-8c5f-4688-ac26-7fbe47d1159d,OrderRole.Standalone,OrderType.Market,_default,,PositionEffect.Open,,586000.0,False,,OrderSide.Buy,OrderStatus.Filled,000063.SZ,,TimeInForce.GTC,,,,1518364800000000000,2018-02-11T16:00:00Z
55.12507,7441.88445,1518105600000000000,2018-02-08T16:00:00Z,54000.0,,1c5b341a-6c4e-46d9-9403-f79d61a11ddd,OrderRole.Standalone,OrderType.Market,_default,,PositionEffect.Open,,54000.0,False,,OrderSide.Buy,OrderStatus.Filled,002460.SZ,,TimeInForce.GTC,,,,1518364800000000000,2018-02-11T16:00:00Z
25.49547,5538.8908575,1518105600000000000,2018-02-08T16:00:00Z,86900.0,,cb124db3-3768-40b2-9870-730b04a84865,OrderRole.Standalone,OrderType.Market,_default,,PositionEffect.Open,,86900.0,False,,OrderSide.Buy,OrderStatus.Filled,300496.SZ,,TimeInForce.GTC,,,,1518364800000000000,2018-02-11T16:00:00Z
77.922,60155.784,1521129600000000000,2018-03-15T16:00:00Z,308800.0,,5fd2d9ac-ac09-4c72-9877-c9673bd2891f,OrderRole.Standalone,OrderType.Market,_default,,PositionEffect.Close,,308800.0,False,,OrderSide.Sell,OrderStatus.Filled,002460.SZ,,TimeInForce.GTC,,,,1521388800000000000,2018-03-18T16:00:00Z
32.5674,53972.32365,1521129600000000000,2018-03-15T16:00:00Z,662900.0,,7cb76e61-69fd-4ea3-8f83-16b282308dd7,OrderRole.Standalone,OrderType.Market,_default,,PositionEffect.Close,,662900.0,False,,OrderSide.Sell,OrderStatus.Filled,300496.SZ,,TimeInForce.GTC,,,,1521388800000000000,2018-03-18T16:00:00Z
126.85302,9640.82952,1521129600000000000,2018-03-15T16:00:00Z,30400.0,,fa173bba-30ca-4392-9b04-d3eb1bd5e318,OrderRole.Standalone,OrderType.Market,_default,,PositionEffect.Close,,30400.0,False,,OrderSide.Sell,OrderStatus.Filled,603799.SH,,TimeInForce.GTC,,,,1521388800000000000,2018-03-18T16:00:00Z
13.75374,51782.8311,1521129600000000000,2018-03-15T16:00:00Z,1506000.0,,3e879921-19e6-4811-951e-12ea3a2c3b6a,OrderRole.Standalone,OrderType.Market,_default,,PositionEffect.Open,,1506000.0,False,,OrderSide.Buy,OrderStatus.Filled,000792.SZ,,TimeInForce.GTC,,,,1521388800000000000,2018-03-18T16:00:00Z
24.18416,52836.34356,1521129600000000000,2018-03-15T16:00:00Z,873900.0,,7a5a22d3-92ef-4f19-bfc3-2172ef0d4a86,OrderRole.Standalone,OrderType.Market,_default,,PositionEffect.Open,,873900.0,False,,OrderSide.Buy,OrderStatus.Filled,002410.SZ,,TimeInForce.GTC,,,,1521388800000000000,2018-03-18T16:00:00Z
744.71397,6702.42573,1521129600000000000,2018-03-15T16:00:00Z,3600.0,,3a16e6f2-dd81-4782-af48-4a9da254b88f,OrderRole.Standalone,OrderType.Market,_default,,PositionEffect.Open,,3600.0,False,,OrderSide.Buy,OrderStatus.Filled,600519.SH,,TimeInForce.GTC,,,,1521388800000000000,2018-03-18T16:00:00Z
31.91188,5042.07704,1521129600000000000,2018-03-15T16:00:00Z,63200.0,,477690cd-5f4d-4c15-99a4-7f55824956b4,OrderRole.Standalone,OrderType.Market,_default,,PositionEffect.Open,,63200.0,False,,OrderSide.Buy,OrderStatus.Filled,000063.SZ,,TimeInForce.GTC,,,,1521388800000000000,2018-03-18T16:00:00Z
23.8761,52163.309475,1523894400000000000,2018-04-16T16:00:00Z,873900.0,,d59fde43-8b2f-4727-88a5-480d61ec833e,OrderRole.Standalone,OrderType.Market,_default,,PositionEffect.Close,,873900.0,False,,OrderSide.Sell,OrderStatus.Filled,002410.SZ,,TimeInForce.GTC,,,,1523980800000000000,2018-04-17T16:00:00Z
670.329,46923.03,1523894400000000000,2018-04-16T16:00:00Z,28000.0,,45700370-c7ca-446d-b997-f7ab8ab4c221,OrderRole.Standalone,OrderType.Market,_default,,PositionEffect.Close,,28000.0,False,,OrderSide.Sell,OrderStatus.Filled,600519.SH,,TimeInForce.GTC,,,,1523980800000000000,2018-04-17T16:00:00Z
,0.0,1523894400000000000,2018-04-16T16:00:00Z,0.0,,a1b8c72e-71de-44e4-aa35-d962b148af90,OrderRole.Standalone,OrderType.Market,_default,,PositionEffect.Close,,649200.0,False,"Symbol 000063.SZ not tradable (zero volume, suspension) at execution timestamp 1523980800000000000",OrderSide.Sell,OrderStatus.Rejected,000063.SZ,,TimeInForce.GTC,,,,1523980800000000000,2018-04-17T16:00:00Z
48.1481,49002.728775,1523894400000000000,2018-04-16T16:00:00Z,407100.0,,c5a7bfd9-7ea8-4760-9d7e-44727d9e7044,OrderRole.Standalone,OrderType.Market,_default,,PositionEffect.Open,,407100.0,False,,OrderSide.Buy,OrderStatus.Filled,002371.SZ,,TimeInForce.GTC,,,,1523980800000000000,2018-04-17T16:00:00Z
64.064,48208.16,1523894400000000000,2018-04-16T16:00:00Z,301000.0,,6fe1db90-f4ab-4f3d-bd23-80619688eddc,OrderRole.Standalone,OrderType.Market,_default,,PositionEffect.Open,,301000.0,False,,OrderSide.Buy,OrderStatus.Filled,002460.SZ,,TimeInForce.GTC,,,,1523980800000000000,2018-04-17T16:00:00Z
,0.0,1523894400000000000,2018-04-16T16:00:00Z,0.0,,82830807-0c82-4915-8316-7632ce329e39,OrderRole.Standalone,OrderType.Market,_default,,PositionEffect.Open,,533900.0,False,"Risk: Insufficient margin at execution. Required: 19394873.44795000, Available: 11935083.047750000",OrderSide.Buy,OrderStatus.Rejected,300122.SZ,,TimeInForce.GTC,,,,1523980800000000000,2018-04-17T16:00:00Z
100.3002,7973.8659,1523894400000000000,2018-04-16T16:00:00Z,31800.0,,c1c2e158-05ce-4bbe-8032-4359e311518b,OrderRole.Standalone,OrderType.Market,_default,,PositionEffect.Open,,31800.0,False,,OrderSide.Buy,OrderStatus.Filled,603799.SH,,TimeInForce.GTC,,,,1523980800000000000,2018-04-17T16:00:00Z
12.67266,538.58805,1523894400000000000,2018-04-16T16:00:00Z,17000.0,,09606ee4-458a-4680-beb1-f7ea049b86bd,OrderRole.Standalone,OrderType.Market,_default,,PositionEffect.Open,,17000.0,False,,OrderSide.Buy,OrderStatus.Filled,000792.SZ,,TimeInForce.GTC,,,,1523980800000000000,2018-04-17T16:00:00Z
13.01697,49562.113275,1526486400000000000,2018-05-16T16:00:00Z,1523000.0,,65fc1521-e155-4efc-8d36-82e879cdc1e2,OrderRole.Standalone,OrderType.Market,_default,,PositionEffect.Close,,1523000.0,False,,OrderSide.Sell,OrderStatus.Filled,000792.SZ,,TimeInForce.GTC,,,,1526572800000000000,2018-05-17T16:00:00Z
48.24171,49098.0003525,1526486400000000000,2018-05-16T16:00:00Z,407100.0,,3f1c77b4-c239-4f10-8890-825e3b1bc3fd,OrderRole.Standalone,OrderType.Market,_default,,PositionEffect.Close,,407100.0,False,,OrderSide.Sell,OrderStatus.Filled,002371.SZ,,TimeInForce.GTC,,,,1526572800000000000,2018-05-17T16:00:00Z
69.32061,52163.759025,1526486400000000000,2018-05-16T16:00:00Z,301000.0,,15d1b3b5-0269-4694-bef5-bd9e961ebbe1,OrderRole.Standalone,OrderType.Market,_default,,PositionEffect.Close,,301000.0,False,,OrderSide.Sell,OrderStatus.Filled,002460.SZ,,TimeInForce.GTC,,,,1526572800000000000,2018-05-17T16:00:00Z
113.44644,54766.26891,1526486400000000000,2018-05-16T16:00:00Z,193100.0,,0d292d15-33c2-42dc-bb1f-5923347f60f6,OrderRole.Standalone,OrderType.Market,_default,,PositionEffect.Close,,193100.0,False,,OrderSide.Sell,OrderStatus.Filled,603799.SH,,TimeInForce.GTC,,,,1526572800000000000,2018-05-17T16:00:00Z
,0.0,1526486400000000000,2018-05-16T16:00:00Z,0.0,,77964db1-7438-45de-a273-e5c6497392b4,OrderRole.Standalone,OrderType.Market,_default,,PositionEffect.Close,,649200.0,False,"Symbol 000063.SZ not tradable (zero volume, suspension) at execution timestamp 1526572800000000000",OrderSide.Sell,OrderStatus.Rejected,000063.SZ,,TimeInForce.GTC,,,,1526572800000000000,2018-05-17T16:00:00Z
8.53853,50048.593595,1526486400000000000,2018-05-16T16:00:00Z,2344600.0,,f2a28bd4-8e12-435e-9365-300ebe511cb0,OrderRole.Standalone,OrderType.Market,_default,,PositionEffect.Open,,2344600.0,False,,OrderSide.Buy,OrderStatus.Filled,000338.SZ,,TimeInForce.GTC,,,,1526572800000000000,2018-05-17T16:00:00Z
75.8758,50115.9659,1526486400000000000,2018-05-16T16:00:00Z,264200.0,,50b7c6c3-d085-481d-8e8e-1cfab876bce9,OrderRole.Standalone,OrderType.Market,_default,,PositionEffect.Open,,264200.0,False,,OrderSide.Buy,OrderStatus.Filled,000596.SZ,,TimeInForce.GTC,,,,1526572800000000000,2018-05-17T16:00:00Z
205.81561,50219.00884,1526486400000000000,2018-05-16T16:00:00Z,97600.0,,6c834266-e3e6-4154-8c47-1a557c2ad002,OrderRole.Standalone,OrderType.Market,_default,,PositionEffect.Open,,97600.0,False,,OrderSide.Buy,OrderStatus.Filled,000661.SZ,,TimeInForce.GTC,,,,1526572800000000000,2018-05-17T16:00:00Z
7.22722,49968.99908,1526486400000000000,2018-05-16T16:00:00Z,2765600.0,,4940fb55-28ff-4f88-a2e0-4ed1167b574b,OrderRole.Standalone,OrderType.Market,_default,,PositionEffect.Open,,2765600.0,False,,OrderSide.Buy,OrderStatus.Filled,000807.SZ,,TimeInForce.GTC,,,,1526572800000000000,2018-05-17T16:00:00Z
,0.0,1526486400000000000,2018-05-16T16:00:00Z,0.0,,00be1f6b-9a5a-448e-aea6-f1e0a64085b6,OrderRole.Standalone,OrderType.Market,_default,,PositionEffect.Open,,4154200.0,False,"Risk: Insufficient margin at execution. Required: 20135062.912965000, Available: 10426649.771872500",OrderSide.Buy,OrderStatus.Rejected,600026.SH,,TimeInForce.GTC,,,,1526572800000000000,2018-05-17T16:00:00Z
9.50049,55687.122135,1528905600000000000,2018-06-13T16:00:00Z,2344600.0,,c9f77352-4aaf-4445-aa93-f7fbcb7c0607,OrderRole.Standalone,OrderType.Market,_default,,PositionEffect.Close,,2344600.0,False,,OrderSide.Sell,OrderStatus.Filled,000338.SZ,,TimeInForce.GTC,,,,1528992000000000000,2018-06-14T16:00:00Z
86.7132,7934.2578,1528905600000000000,2018-06-13T16:00:00Z,36600.0,,d9bcaddf-d61b-4a62-bf27-34b354aa8f2d,OrderRole.Standalone,OrderType.Market,_default,,PositionEffect.Close,,36600.0,False,,OrderSide.Sell,OrderStatus.Filled,000596.SZ,,TimeInForce.GTC,,,,1528992000000000000,2018-06-14T16:00:00Z
214.2855,2732.140125,1528905600000000000,2018-06-13T16:00:00Z,5100.0,,33b53079-f78a-4d5b-8964-201fb555c8ee,OrderRole.Standalone,OrderType.Market,_default,,PositionEffect.Close,,5100.0,False,,OrderSide.Sell,OrderStatus.Filled,000661.SZ,,TimeInForce.GTC,,,,1528992000000000000,2018-06-14T16:00:00Z
6.16616,6660.99434,1528905600000000000,2018-06-13T16:00:00Z,432100.0,,b120f329-a8a6-4be2-9af6-e4cfd6b970ed,OrderRole.Standalone,OrderType.Market,_default,,PositionEffect.Open,,432100.0,False,,OrderSide.Buy,OrderStatus.Filled,000807.SZ,,TimeInForce.GTC,,,,1528992000000000000,2018-06-14T16:00:00Z
4.75475,49718.043375,1528905600000000000,2018-06-13T16:00:00Z,4182600.0,,e9423a9a-23bc-495b-a125-4721a927a3e4,OrderRole.Standalone,OrderType.Market,_default,,PositionEffect.Open,,4182600.0,False,,OrderSide.Buy,OrderStatus.Filled,600026.SH,,TimeInForce.GTC,,,,1528992000000000000,2018-06-14T16:00:00Z
22.84282,7566.684125,1528905600000000000,2018-06-13T16:00:00Z,132500.0,,7d3c3c77-982d-42f5-85d9-a4dcf799f833,OrderRole.Standalone,OrderType.Market,_default,,PositionEffect.Open,,132500.0,False,,OrderSide.Buy,OrderStatus.Filled,000063.SZ,,TimeInForce.GTC,,,,1528992000000000000,2018-06-14T16:00:00Z
99.49041,11018.5629075,1531411200000000000,2018-07-12T16:00:00Z,44300.0,,ff5616c8-bee4-4d9c-a90c-d798511fb126,OrderRole.Standalone,OrderType.Market,_default,,PositionEffect.Close,,44300.0,False,,OrderSide.Sell,OrderStatus.Filled,000596.SZ,,TimeInForce.GTC,,,,1531670400000000000,2018-07-15T16:00:00Z
249.2505,13023.338625,1531411200000000000,2018-07-12T16:00:00Z,20900.0,,f47ac933-3511-4958-ac78-6474a618043b,OrderRole.Standalone,OrderType.Market,_default,,PositionEffect.Close,,20900.0,False,,OrderSide.Sell,OrderStatus.Filled,000661.SZ,,TimeInForce.GTC,,,,1531670400000000000,2018-07-15T16:00:00Z
4.91491,6047.796755,1531411200000000000,2018-07-12T16:00:00Z,492200.0,,cc684638-e9e5-4524-82dc-9246c5fe08c4,OrderRole.Standalone,OrderType.Market,_default,,PositionEffect.Open,,492200.0,False,,OrderSide.Buy,OrderStatus.Filled,000807.SZ,,TimeInForce.GTC,,,,1531670400000000000,2018-07-15T16:00:00Z
4.11411,3024.8993775,1531411200000000000,2018-07-12T16:00:00Z,294100.0,,5690374d-d2e5-47ba-a74d-81d746ef7c4e,OrderRole.Standalone,OrderType.Market,_default,,PositionEffect.Open,,294100.0,False,,OrderSide.Buy,OrderStatus.Filled,600026.SH,,TimeInForce.GTC,,,,1531670400000000000,2018-07-15T16:00:00Z
14.69468,18867.96912,1531411200000000000,2018-07-12T16:00:00Z,513600.0,,7917461c-0ba6-489c-ad08-47a5f2581e30,OrderRole.Standalone,OrderType.Market,_default,,PositionEffect.Open,,513600.0,False,,OrderSide.Buy,OrderStatus.Filled,000063.SZ,,TimeInForce.GTC,,,,1531670400000000000,2018-07-15T16:00:00Z
14.27571,3040.72623,1533830400000000000,2018-08-09T16:00:00Z,85200.0,,e3b766b1-ef9e-4a35-b33f-656a4deee790,OrderRole.Standalone,OrderType.Market,_default,,PositionEffect.Close,,85200.0,False,,OrderSide.Sell,OrderStatus.Filled,000063.SZ,,TimeInForce.GTC,,,,1534089600000000000,2018-08-12T16:00:00Z
5.25474,48473.662815,1533830400000000000,2018-08-09T16:00:00Z,3689900.0,,b400a0b7-e80a-4a16-b0f5-e440f545919d,OrderRole.Standalone,OrderType.Market,_default,,PositionEffect.Close,,3689900.0,False,,OrderSide.Sell,OrderStatus.Filled,000807.SZ,,TimeInForce.GTC,,,,1534089600000000000,2018-08-12T16:00:00Z
4.28571,4847.13801,1533830400000000000,2018-08-09T16:00:00Z,452400.0,,e9e127ce-f5d8-42a7-ba81-361f2a956f27,OrderRole.Standalone,OrderType.Market,_default,,PositionEffect.Close,,452400.0,False,,OrderSide.Sell,OrderStatus.Filled,600026.SH,,TimeInForce.GTC,,,,1534089600000000000,2018-08-12T16:00:00Z
14.9149,43469.47605,1533830400000000000,2018-08-09T16:00:00Z,1165800.0,,782a650e-caca-46c0-9a38-d5222c200bc8,OrderRole.Standalone,OrderType.Market,_default,,PositionEffect.Open,,1165800.0,False,,OrderSide.Buy,OrderStatus.Filled,002028.SZ,,TimeInForce.GTC,,,,1534089600000000000,2018-08-12T16:00:00Z
79.38931,7025.953935,1533830400000000000,2018-08-09T16:00:00Z,35400.0,,e55baaac-6278-45da-b67b-b1ad1bb13a16,OrderRole.Standalone,OrderType.Market,_default,,PositionEffect.Open,,35400.0,False,,OrderSide.Buy,OrderStatus.Filled,000596.SZ,,TimeInForce.GTC,,,,1534089600000000000,2018-08-12T16:00:00Z
210.21,5675.67,1533830400000000000,2018-08-09T16:00:00Z,10800.0,,49d90036-7fd0-4403-8ed8-904ec7cdcd36,OrderRole.Standalone,OrderType.Market,_default,,PositionEffect.Open,,10800.0,False,,OrderSide.Buy,OrderStatus.Filled,000661.SZ,,TimeInForce.GTC,,,,1534089600000000000,2018-08-12T16:00:00Z
17.982,7934.5575,1536249600000000000,2018-09-06T16:00:00Z,176500.0,,6419d738-3d2a-4e84-a341-87511ff47483,OrderRole.Standalone,OrderType.Market,_default,,PositionEffect.Close,,176500.0,False,,OrderSide.Sell,OrderStatus.Filled,000063.SZ,,TimeInForce.GTC,,,,1536508800000000000,2018-09-09T16:00:00Z
235.8639,48587.9634,1536249600000000000,2018-09-06T16:00:00Z,82400.0,,abe76c71-1623-4da2-9109-424df77db93b,OrderRole.Standalone,OrderType.Market,_default,,PositionEffect.Close,,82400.0,False,,OrderSide.Sell,OrderStatus.Filled,000661.SZ,,TimeInForce.GTC,,,,1536508800000000000,2018-09-09T16:00:00Z
16.983,49496.9535,1536249600000000000,2018-09-06T16:00:00Z,1165800.0,,12e1d1dd-e0c4-4686-bb7e-a7b7b2f8edd1,OrderRole.Standalone,OrderType.Market,_default,,PositionEffect.Close,,1165800.0,False,,OrderSide.Sell,OrderStatus.Filled,002028.SZ,,TimeInForce.GTC,,,,1536508800000000000,2018-09-09T16:00:00Z
4.14414,5210.220015,1536249600000000000,2018-09-06T16:00:00Z,502900.0,,c17dac5c-9c42-402b-9a23-b513d755f61b,OrderRole.Standalone,OrderType.Market,_default,,PositionEffect.Open,,502900.0,False,,OrderSide.Buy,OrderStatus.Filled,600026.SH,,TimeInForce.GTC,,,,1536508800000000000,2018-09-09T16:00:00Z
41.10106,46783.281545,1536249600000000000,2018-09-06T16:00:00Z,455300.0,,4f8df07d-1987-4b56-85ea-38bb5d6fb9ef,OrderRole.Standalone,OrderType.Market,_default,,PositionEffect.Open,,455300.0,False,,OrderSide.Buy,OrderStatus.Filled,000568.SZ,,TimeInForce.GTC,,,,1536508800000000000,2018-09-09T16:00:00Z
6.83683,46652.8187125,1536249600000000000,2018-09-06T16:00:00Z,2729500.0,,d169ae1b-7d7e-4466-ac7b-de8dd4ca055b,OrderRole.Standalone,OrderType.Market,_default,,PositionEffect.Open,,2729500.0,False,,OrderSide.Buy,OrderStatus.Filled,000625.SZ,,TimeInForce.GTC,,,,1536508800000000000,2018-09-09T16:00:00Z
74.54447,5590.83525,1536249600000000000,2018-09-06T16:00:00Z,30000.0,,5ae37011-a8ce-47c1-a9dd-2ef1a950ef44,OrderRole.Standalone,OrderType.Market,_default,,PositionEffect.Open,,30000.0,False,,OrderSide.Buy,OrderStatus.Filled,000596.SZ,,TimeInForce.GTC,,,,1536508800000000000,2018-09-09T16:00:00Z
42.06789,1724.78349,1539532800000000000,2018-10-14T16:00:00Z,16400.0,,33096913-bc6e-49d6-9416-0926f2d41729,OrderRole.Standalone,OrderType.Market,_default,,PositionEffect.Close,,16400.0,False,,OrderSide.Sell,OrderStatus.Filled,000568.SZ,,TimeInForce.GTC,,,,1539619200000000000,2018-10-15T16:00:00Z
4.94505,55968.0759,1539532800000000000,2018-10-14T16:00:00Z,4527200.0,,c970ef93-6416-4ead-be8f-003e2661c943,OrderRole.Standalone,OrderType.Market,_default,,PositionEffect.Close,,4527200.0,False,,OrderSide.Sell,OrderStatus.Filled,600026.SH,,TimeInForce.GTC,,,,1539619200000000000,2018-10-15T16:00:00Z
3.26326,46320.34407,1539532800000000000,2018-10-14T16:00:00Z,5677800.0,,dfe85f2b-3de0-4980-9f3f-2f053d44eefc,OrderRole.Standalone,OrderType.Market,_default,,PositionEffect.Open,,5677800.0,False,,OrderSide.Buy,OrderStatus.Filled,000157.SZ,,TimeInForce.GTC,,,,1539619200000000000,2018-10-15T16:00:00Z
5.97597,5245.4076675,1539532800000000000,2018-10-14T16:00:00Z,351100.0,,42bbf61a-82d3-4a49-91d5-17047bc311d3,OrderRole.Standalone,OrderType.Market,_default,,PositionEffect.Open,,351100.0,False,,OrderSide.Buy,OrderStatus.Filled,000625.SZ,,TimeInForce.GTC,,,,1539619200000000000,2018-10-15T16:00:00Z
16.03602,4882.96809,1539532800000000000,2018-10-14T16:00:00Z,121800.0,,976fee0f-0975-4b04-b94f-24b9df2b3c05,OrderRole.Standalone,OrderType.Market,_default,,PositionEffect.Open,,121800.0,False,,OrderSide.Buy,OrderStatus.Filled,000063.SZ,,TimeInForce.GTC,,,,1539619200000000000,2018-10-15T16:00:00Z
72.45238,1267.91665,1539532800000000000,2018-10-14T16:00:00Z,7000.0,,9cc18579-286f-48c9-8bdb-76f21c54eb5a,OrderRole.Standalone,OrderType.Market,_default,,PositionEffect.Open,,7000.0,False,,OrderSide.Buy,OrderStatus.Filled,000596.SZ,,TimeInForce.GTC,,,,1539619200000000000,2018-10-15T16:00:00Z
19.90008,10820.6685,1541952000000000000,2018-11-11T16:00:00Z,217500.0,,71351132-74ae-47ff-be28-ce7f5545a14b,OrderRole.Standalone,OrderType.Market,_default,,PositionEffect.Close,,217500.0,False,,OrderSide.Sell,OrderStatus.Filled,000063.SZ,,TimeInForce.GTC,,,,1542038400000000000,2018-11-12T16:00:00Z
3.52647,50056.478415,1541952000000000000,2018-11-11T16:00:00Z,5677800.0,,c30b5d6c-5ce5-46e8-9a20-6ee894836f7e,OrderRole.Standalone,OrderType.Market,_default,,PositionEffect.Close,,5677800.0,False,,OrderSide.Sell,OrderStatus.Filled,000157.SZ,,TimeInForce.GTC,,,,1542038400000000000,2018-11-12T16:00:00Z
6.41358,2807.544645,1541952000000000000,2018-11-11T16:00:00Z,175100.0,,46870dcb-ba16-4110-bc77-ac2cfbe246b7,OrderRole.Standalone,OrderType.Market,_default,,PositionEffect.Close,,175100.0,False,,OrderSide.Sell,OrderStatus.Filled,000625.SZ,,TimeInForce.GTC,,,,1542038400000000000,2018-11-12T16:00:00Z
4.79479,46819.9256525,1541952000000000000,2018-11-11T16:00:00Z,3905900.0,,631e4155-b464-4971-9a8a-ce65ec5907e1,OrderRole.Standalone,OrderType.Market,_default,,PositionEffect.Open,,3905900.0,False,,OrderSide.Buy,OrderStatus.Filled,600026.SH,,TimeInForce.GTC,,,,1542038400000000000,2018-11-12T16:00:00Z
56.5565,10759.874125,1541952000000000000,2018-11-11T16:00:00Z,76100.0,,2d58b74a-59e6-4217-94c5-8f4592550ec0,OrderRole.Standalone,OrderType.Market,_default,,PositionEffect.Open,,76100.0,False,,OrderSide.Buy,OrderStatus.Filled,000596.SZ,,TimeInForce.GTC,,,,1542038400000000000,2018-11-12T16:00:00Z
38.3383,4744.364625,1541952000000000000,2018-11-11T16:00:00Z,49500.0,,aedad7eb-2ae1-4c0c-94a4-dadc27785952,OrderRole.Standalone,OrderType.Market,_default,,PositionEffect.Open,,49500.0,False,,OrderSide.Buy,OrderStatus.Filled,000568.SZ,,TimeInForce.GTC,,,,1542038400000000000,2018-11-12T16:00:00Z
42.28767,3235.006755,1544371200000000000,2018-12-09T16:00:00Z,30600.0,,c5f3175a-e10b-44f8-9900-dd9417c3b1cb,OrderRole.Standalone,OrderType.Market,_default,,PositionEffect.Close,,30600.0,False,,OrderSide.Sell,OrderStatus.Filled,000568.SZ,,TimeInForce.GTC,,,,1544457600000000000,2018-12-10T16:00:00Z
5.37462,52481.820645,1544371200000000000,2018-12-09T16:00:00Z,3905900.0,,1c783027-2fbd-4a89-bb9d-a857868d3434,OrderRole.Standalone,OrderType.Market,_default,,PositionEffect.Close,,3905900.0,False,,OrderSide.Sell,OrderStatus.Filled,600026.SH,,TimeInForce.GTC,,,,1544457600000000000,2018-12-10T16:00:00Z
194.13394,48048.15015,1544371200000000000,2018-12-09T16:00:00Z,99000.0,,e46065b9-6af0-473e-913d-fa2e25d4b13c,OrderRole.Standalone,OrderType.Market,_default,,PositionEffect.Open,,99000.0,False,,OrderSide.Buy,OrderStatus.Filled,000661.SZ,,TimeInForce.GTC,,,,1544457600000000000,2018-12-10T16:00:00Z
6.16616,3685.82214,1544371200000000000,2018-12-09T16:00:00Z,239100.0,,b89bb835-9737-4102-8d09-baa17b40bbea,OrderRole.Standalone,OrderType.Market,_default,,PositionEffect.Open,,239100.0,False,,OrderSide.Buy,OrderStatus.Filled,000625.SZ,,TimeInForce.GTC,,,,1544457600000000000,2018-12-10T16:00:00Z
20.1201,1363.136775,1544371200000000000,2018-12-09T16:00:00Z,27100.0,,bee31240-5dd3-482a-924d-6ac438f0a66a,OrderRole.Standalone,OrderType.Market,_default,,PositionEffect.Open,,27100.0,False,,OrderSide.Buy,OrderStatus.Filled,000063.SZ,,TimeInForce.GTC,,,,1544457600000000000,2018-12-10T16:00:00Z
57.89784,361.8615,1544371200000000000,2018-12-09T16:00:00Z,2500.0,,1d2f095e-629c-47d1-9ac7-4b826368da32,OrderRole.Standalone,OrderType.Market,_default,,PositionEffect.Open,,2500.0,False,,OrderSide.Buy,OrderStatus.Filled,000596.SZ,,TimeInForce.GTC,,,,1544457600000000000,2018-12-10T16:00:00Z
7.44255,58509.606825,1546963200000000000,2019-01-08T16:00:00Z,3144600.0,,737ba5bb-f523-48b1-a991-4ea266473645,OrderRole.Standalone,OrderType.Market,_default,,PositionEffect.Close,,3144600.0,False,,OrderSide.Sell,OrderStatus.Filled,000625.SZ,,TimeInForce.GTC,,,,1547049600000000000,2019-01-09T16:00:00Z
178.8787,4158.929775,1546963200000000000,2019-01-08T16:00:00Z,9300.0,,ed18214d-11c0-4719-bdc8-8593f4408098,OrderRole.Standalone,OrderType.Market,_default,,PositionEffect.Open,,9300.0,False,,OrderSide.Buy,OrderStatus.Filled,000661.SZ,,TimeInForce.GTC,,,,1547049600000000000,2019-01-09T16:00:00Z
4.71471,48086.5059675,1546963200000000000,2019-01-08T16:00:00Z,4079700.0,,0edd8cde-7e6e-4b7c-bf66-cb51be277143,OrderRole.Standalone,OrderType.Market,_default,,PositionEffect.Open,,4079700.0,False,,OrderSide.Buy,OrderStatus.Filled,600026.SH,,TimeInForce.GTC,,,,1547049600000000000,2019-01-09T16:00:00Z
53.96391,3372.744375,1546963200000000000,2019-01-08T16:00:00Z,25000.0,,ceb704fa-c195-4288-a008-90045ae7832c,OrderRole.Standalone,OrderType.Market,_default,,PositionEffect.Open,,25000.0,False,,OrderSide.Buy,OrderStatus.Filled,000596.SZ,,TimeInForce.GTC,,,,1547049600000000000,2019-01-09T16:00:00Z
39.42939,3243.0673275,1546963200000000000,2019-01-08T16:00:00Z,32900.0,,09a92773-8316-4e79-bc25-0f4cb113e6b6,OrderRole.Standalone,OrderType.Market,_default,,PositionEffect.Open,,32900.0,False,,OrderSide.Buy,OrderStatus.Filled,000568.SZ,,TimeInForce.GTC,,,,1547049600000000000,2019-01-09T16:00:00Z
19.9199,388.43805,1546963200000000000,2019-01-08T16:00:00Z,7800.0,,7966c7cc-953a-4689-8738-e60c963168bc,OrderRole.Standalone,OrderType.Market,_default,,PositionEffect.Open,,7800.0,False,,OrderSide.Buy,OrderStatus.Filled,000063.SZ,,TimeInForce.GTC,,,,1547049600000000000,2019-01-09T16:00:00Z
47.39256,2168.20962,1549987200000000000,2019-02-12T16:00:00Z,18300.0,,6199bf92-472b-4582-ad4c-2aac4f7f4db2,OrderRole.Standalone,OrderType.Market,_default,,PositionEffect.Close,,18300.0,False,,OrderSide.Sell,OrderStatus.Filled,000568.SZ,,TimeInForce.GTC,,,,1550073600000000000,2019-02-13T16:00:00Z
68.72121,5858.4831525,1549987200000000000,2019-02-12T16:00:00Z,34100.0,,689d672c-84c7-4686-955d-b81803e1372a,OrderRole.Standalone,OrderType.Market,_default,,PositionEffect.Close,,34100.0,False,,OrderSide.Sell,OrderStatus.Filled,000596.SZ,,TimeInForce.GTC,,,,1550073600000000000,2019-02-13T16:00:00Z
209.8899,1049.4495,1549987200000000000,2019-02-12T16:00:00Z,2000.0,,ee5940ae-b10d-476d-a666-650ffc83a82c,OrderRole.Standalone,OrderType.Market,_default,,PositionEffect.Close,,2000.0,False,,OrderSide.Sell,OrderStatus.Filled,000661.SZ,,TimeInForce.GTC,,,,1550073600000000000,2019-02-13T16:00:00Z
5.06506,4288.839555,1549987200000000000,2019-02-12T16:00:00Z,338700.0,,f6b2ea7a-5dde-4e0d-9de7-9a23726330fc,OrderRole.Standalone,OrderType.Market,_default,,PositionEffect.Open,,338700.0,False,,OrderSide.Buy,OrderStatus.Filled,600026.SH,,TimeInForce.GTC,,,,1550073600000000000,2019-02-13T16:00:00Z
22.7227,511.26075,1549987200000000000,2019-02-12T16:00:00Z,9000.0,,2e09ac1b-9cdd-48ab-8e23-b59df97f7e11,OrderRole.Standalone,OrderType.Market,_default,,PositionEffect.Open,,9000.0,False,,OrderSide.Buy,OrderStatus.Filled,000063.SZ,,TimeInForce.GTC,,,,1550073600000000000,2019-02-13T16:00:00Z
30.54942,74983.55139,1557763200000000000,2019-05-13T16:00:00Z,981800.0,,a230ae94-8ac5-464d-becc-3da9f2b36343,OrderRole.Standalone,OrderType.Market,_default,,PositionEffect.Close,,981800.0,False,,OrderSide.Sell,OrderStatus.Filled,000063.SZ,,TimeInForce.GTC,,,,1557849600000000000,2019-05-14T16:00:00Z
71.7282,7154.88795,1557763200000000000,2019-05-13T16:00:00Z,39900.0,,6aa0924c-3461-4be4-8a43-968e19fb1147,OrderRole.Standalone,OrderType.Market,_default,,PositionEffect.Close,,39900.0,False,,OrderSide.Sell,OrderStatus.Filled,000568.SZ,,TimeInForce.GTC,,,,1557849600000000000,2019-05-14T16:00:00Z
110.77911,90063.41643,1557763200000000000,2019-05-13T16:00:00Z,325200.0,,3e0714cc-ef34-4d00-b71c-97ed28ccf209,OrderRole.Standalone,OrderType.Market,_default,,PositionEffect.Close,,325200.0,False,,OrderSide.Sell,OrderStatus.Filled,000596.SZ,,TimeInForce.GTC,,,,1557849600000000000,2019-05-14T16:00:00Z
301.22847,3087.5918175,1557763200000000000,2019-05-13T16:00:00Z,4100.0,,826cae93-e886-4a67-a1dc-91733c2b39da,OrderRole.Standalone,OrderType.Market,_default,,PositionEffect.Close,,4100.0,False,,OrderSide.Sell,OrderStatus.Filled,000661.SZ,,TimeInForce.GTC,,,,1557849600000000000,2019-05-14T16:00:00Z
6.23376,68858.11296,1557763200000000000,2019-05-13T16:00:00Z,4418400.0,,ac8c0e01-8336-4b50-9f0d-e389d6c6f1b9,OrderRole.Standalone,OrderType.Market,_default,,PositionEffect.Close,,4418400.0,False,,OrderSide.Sell,OrderStatus.Filled,600026.SH,,TimeInForce.GTC,,,,1557849600000000000,2019-05-14T16:00:00Z
7.82782,77055.103125,1557763200000000000,2019-05-13T16:00:00Z,3937500.0,,c5a3fcdb-c477-49b3-a1c7-76ab66a6a045,OrderRole.Standalone,OrderType.Market,_default,,PositionEffect.Open,,3937500.0,False,,OrderSide.Buy,OrderStatus.Filled,000625.SZ,,TimeInForce.GTC,,,,1557849600000000000,2019-05-14T16:00:00Z
24.87485,76925.473625,1557763200000000000,2019-05-13T16:00:00Z,1237000.0,,b686fb8c-50f7-4408-b711-7e30cf714872,OrderRole.Standalone,OrderType.Market,_default,,PositionEffect.Open,,1237000.0,False,,OrderSide.Buy,OrderStatus.Filled,002180.SZ,,TimeInForce.GTC,,,,1557849600000000000,2019-05-14T16:00:00Z
28.23821,76384.35805,1557763200000000000,2019-05-13T16:00:00Z,1082000.0,,4f364f4a-494a-456b-a563-e0a00664e761,OrderRole.Standalone,OrderType.Market,_default,,PositionEffect.Open,,1082000.0,False,,OrderSide.Buy,OrderStatus.Filled,002410.SZ,,TimeInForce.GTC,,,,1557849600000000000,2019-05-14T16:00:00Z
71.3286,2870.97615,1560268800000000000,2019-06-11T16:00:00Z,16100.0,,3c07a40a-28c1-483c-ba58-2496cf703c1c,OrderRole.Standalone,OrderType.Market,_default,,PositionEffect.Close,,16100.0,False,,OrderSide.Sell,OrderStatus.Filled,000568.SZ,,TimeInForce.GTC,,,,1560355200000000000,2019-06-12T16:00:00Z
295.71399,1404.6414525,1560268800000000000,2019-06-11T16:00:00Z,1900.0,,29f0a22d-d601-490e-8caf-ecd092ac76cf,OrderRole.Standalone,OrderType.Market,_default,,PositionEffect.Close,,1900.0,False,,OrderSide.Sell,OrderStatus.Filled,000661.SZ,,TimeInForce.GTC,,,,1560355200000000000,2019-06-12T16:00:00Z
23.30667,72075.876975,1560268800000000000,2019-06-11T16:00:00Z,1237000.0,,bfb8a95b-a64d-4d02-b6bb-e5f5aa048c61,OrderRole.Standalone,OrderType.Market,_default,,PositionEffect.Close,,1237000.0,False,,OrderSide.Sell,OrderStatus.Filled,002180.SZ,,TimeInForce.GTC,,,,1560355200000000000,2019-06-12T16:00:00Z
28.85112,4587.32808,1560268800000000000,2019-06-11T16:00:00Z,63600.0,,57685c22-a155-4dbe-9576-9aab56f66bf0,OrderRole.Standalone,OrderType.Market,_default,,PositionEffect.Close,,63600.0,False,,OrderSide.Sell,OrderStatus.Filled,002410.SZ,,TimeInForce.GTC,,,,1560355200000000000,2019-06-12T16:00:00Z
12.43242,74103.43941,1560268800000000000,2019-06-11T16:00:00Z,2384200.0,,e4a58849-0923-403e-9587-79278f547b6b,OrderRole.Standalone,OrderType.Market,_default,,PositionEffect.Open,,2384200.0,False,,OrderSide.Buy,OrderStatus.Filled,002555.SZ,,TimeInForce.GTC,,,,1560355200000000000,2019-06-12T16:00:00Z
6.58658,9109.24014,1560268800000000000,2019-06-11T16:00:00Z,553200.0,,d073522d-7f70-4a96-80e6-c96483794f99,OrderRole.Standalone,OrderType.Market,_default,,PositionEffect.Open,,553200.0,False,,OrderSide.Buy,OrderStatus.Filled,000625.SZ,,TimeInForce.GTC,,,,1560355200000000000,2019-06-12T16:00:00Z
85.10481,6404.1369525,1562688000000000000,2019-07-09T16:00:00Z,30100.0,,44b9a11a-5f4c-42a4-afc2-23eca7d13fa3,OrderRole.Standalone,OrderType.Market,_default,,PositionEffect.Close,,30100.0,False,,OrderSide.Sell,OrderStatus.Filled,000568.SZ,,TimeInForce.GTC,,,,1562774400000000000,2019-07-10T16:00:00Z
333.666,1751.7465,1562688000000000000,2019-07-09T16:00:00Z,2100.0,,40141773-3934-4607-acf9-7167d763185e,OrderRole.Standalone,OrderType.Market,_default,,PositionEffect.Close,,2100.0,False,,OrderSide.Sell,OrderStatus.Filled,000661.SZ,,TimeInForce.GTC,,,,1562774400000000000,2019-07-10T16:00:00Z
33.02694,2014.64334,1562688000000000000,2019-07-09T16:00:00Z,24400.0,,aad8c297-773c-458b-a7bb-804876657236,OrderRole.Standalone,OrderType.Market,_default,,PositionEffect.Close,,24400.0,False,,OrderSide.Sell,OrderStatus.Filled,002410.SZ,,TimeInForce.GTC,,,,1562774400000000000,2019-07-10T16:00:00Z
13.79378,217.252035,1562688000000000000,2019-07-09T16:00:00Z,6300.0,,b7708a01-3ad2-4808-b2b2-e477a47c21a6,OrderRole.Standalone,OrderType.Market,_default,,PositionEffect.Open,,6300.0,False,,OrderSide.Buy,OrderStatus.Filled,002555.SZ,,TimeInForce.GTC,,,,1562774400000000000,2019-07-10T16:00:00Z
6.84684,5509.99449,1562688000000000000,2019-07-09T16:00:00Z,321900.0,,78136308-51b1-48b6-a3ee-e4c3a50c7dc6,OrderRole.Standalone,OrderType.Market,_default,,PositionEffect.Open,,321900.0,False,,OrderSide.Buy,OrderStatus.Filled,000625.SZ,,TimeInForce.GTC,,,,1562774400000000000,2019-07-10T16:00:00Z
7.27272,4661.81352,1565107200000000000,2019-08-06T16:00:00Z,256400.0,,05ed8453-8a9e-4cb0-86ac-174150840bfe,OrderRole.Standalone,OrderType.Market,_default,,PositionEffect.Close,,256400.0,False,,OrderSide.Sell,OrderStatus.Filled,000625.SZ,,TimeInForce.GTC,,,,1565193600000000000,2019-08-07T16:00:00Z
33.966,1655.8425,1565107200000000000,2019-08-06T16:00:00Z,19500.0,,26e618b4-0afa-4e2a-a851-30eafa0983b1,OrderRole.Standalone,OrderType.Market,_default,,PositionEffect.Close,,19500.0,False,,OrderSide.Sell,OrderStatus.Filled,002410.SZ,,TimeInForce.GTC,,,,1565193600000000000,2019-08-07T16:00:00Z
13.8861,645.70365,1565107200000000000,2019-08-06T16:00:00Z,18600.0,,a8da08f3-4b32-4234-aa12-48c50af3d930,OrderRole.Standalone,OrderType.Market,_default,,PositionEffect.Close,,18600.0,False,,OrderSide.Sell,OrderStatus.Filled,002555.SZ,,TimeInForce.GTC,,,,1565193600000000000,2019-08-07T16:00:00Z
78.81874,6876.935065,1565107200000000000,2019-08-06T16:00:00Z,34900.0,,97657d29-6cd4-44fd-b604-928e09676088,OrderRole.Standalone,OrderType.Market,_default,,PositionEffect.Open,,34900.0,False,,OrderSide.Buy,OrderStatus.Filled,000568.SZ,,TimeInForce.GTC,,,,1565193600000000000,2019-08-07T16:00:00Z
94.79511,5118.93594,1567526400000000000,2019-09-03T16:00:00Z,21600.0,,c5c4c1d3-180d-4fbf-9ce8-381fe721cb87,OrderRole.Standalone,OrderType.Market,_default,,PositionEffect.Close,,21600.0,False,,OrderSide.Sell,OrderStatus.Filled,000568.SZ,,TimeInForce.GTC,,,,1567612800000000000,2019-09-04T16:00:00Z
8.34165,513.011475,1567526400000000000,2019-09-03T16:00:00Z,24600.0,,26cfeb41-f82e-46e4-ad8f-7af635f94938,OrderRole.Standalone,OrderType.Market,_default,,PositionEffect.Close,,24600.0,False,,OrderSide.Sell,OrderStatus.Filled,000625.SZ,,TimeInForce.GTC,,,,1567612800000000000,2019-09-04T16:00:00Z
17.60238,104377.712805,1567526400000000000,2019-09-03T16:00:00Z,2371900.0,,39e23b00-03a7-4e8f-b060-310b04aa6214,OrderRole.Standalone,OrderType.Market,_default,,PositionEffect.Close,,2371900.0,False,,OrderSide.Sell,OrderStatus.Filled,002555.SZ,,TimeInForce.GTC,,,,1567612800000000000,2019-09-04T16:00:00Z
19.06905,94782.713025,1567526400000000000,2019-09-03T16:00:00Z,1988200.0,,19f11b75-c0ca-4095-bf89-96391b4aec2e,OrderRole.Standalone,OrderType.Market,_default,,PositionEffect.Open,,1988200.0,False,,OrderSide.Buy,OrderStatus.Filled,000786.SZ,,TimeInForce.GTC,,,,1567612800000000000,2019-09-04T16:00:00Z
353.8535,8315.55725,1567526400000000000,2019-09-03T16:00:00Z,9400.0,,2caaea14-b676-4ff9-bf8d-8819063587cb,OrderRole.Standalone,OrderType.Market,_default,,PositionEffect.Open,,9400.0,False,,OrderSide.Buy,OrderStatus.Filled,000661.SZ,,TimeInForce.GTC,,,,1567612800000000000,2019-09-04T16:00:00Z
38.6386,1110.85975,1567526400000000000,2019-09-03T16:00:00Z,11500.0,,112d22d5-269a-4265-bde8-ff61285f4e4e,OrderRole.Standalone,OrderType.Market,_default,,PositionEffect.Open,,11500.0,False,,OrderSide.Buy,OrderStatus.Filled,002410.SZ,,TimeInForce.GTC,,,,1567612800000000000,2019-09-04T16:00:00Z
398.76084,15352.29234,1570636800000000000,2019-10-09T16:00:00Z,15400.0,,cc4ed055-be7e-47c8-87c8-8da642c50d93,OrderRole.Standalone,OrderType.Market,_default,,PositionEffect.Close,,15400.0,False,,OrderSide.Sell,OrderStatus.Filled,000661.SZ,,TimeInForce.GTC,,,,1570723200000000000,2019-10-10T16:00:00Z
18.16815,2407.279875,1570636800000000000,2019-10-09T16:00:00Z,53000.0,,26e687ee-d357-40ff-b5f8-343cd9c9697d,OrderRole.Standalone,OrderType.Market,_default,,PositionEffect.Open,,53000.0,False,,OrderSide.Buy,OrderStatus.Filled,000786.SZ,,TimeInForce.GTC,,,,1570723200000000000,2019-10-10T16:00:00Z
35.92589,4239.25502,1570636800000000000,2019-10-09T16:00:00Z,47200.0,,26dd4e1b-e072-490d-87cd-5eb0d0c7d2ce,OrderRole.Standalone,OrderType.Market,_default,,PositionEffect.Open,,47200.0,False,,OrderSide.Buy,OrderStatus.Filled,002410.SZ,,TimeInForce.GTC,,,,1570723200000000000,2019-10-10T16:00:00Z
87.06698,5332.852525,1570636800000000000,2019-10-09T16:00:00Z,24500.0,,daba9674-bd17-49f4-84a3-1c43147d8d72,OrderRole.Standalone,OrderType.Market,_default,,PositionEffect.Open,,24500.0,False,,OrderSide.Buy,OrderStatus.Filled,000568.SZ,,TimeInForce.GTC,,,,1570723200000000000,2019-10-10T16:00:00Z
7.8078,3306.6033,1570636800000000000,2019-10-09T16:00:00Z,169400.0,,0eb6ece9-607b-4732-8d02-59cc3671f55d,OrderRole.Standalone,OrderType.Market,_default,,PositionEffect.Open,,169400.0,False,,OrderSide.Buy,OrderStatus.Filled,000625.SZ,,TimeInForce.GTC,,,,1570723200000000000,2019-10-10T16:00:00Z
81.3186,86218.04565,1575475200000000000,2019-12-04T16:00:00Z,424100.0,,c516e1d6-d6a9-4ae5-91e6-f766dc754463,OrderRole.Standalone,OrderType.Market,_default,,PositionEffect.Close,,424100.0,False,,OrderSide.Sell,OrderStatus.Filled,000568.SZ,,TimeInForce.GTC,,,,1575561600000000000,2019-12-05T16:00:00Z
8.62137,3179.1301875,1575475200000000000,2019-12-04T16:00:00Z,147500.0,,b16c7ab9-d08d-4bb2-b0f0-1a474f1f7811,OrderRole.Standalone,OrderType.Market,_default,,PositionEffect.Close,,147500.0,False,,OrderSide.Sell,OrderStatus.Filled,000625.SZ,,TimeInForce.GTC,,,,1575561600000000000,2019-12-05T16:00:00Z
449.55,4720.275,1575475200000000000,2019-12-04T16:00:00Z,4200.0,,835dddd0-94d3-478e-98a0-5f7dd96ca731,OrderRole.Standalone,OrderType.Market,_default,,PositionEffect.Close,,4200.0,False,,OrderSide.Sell,OrderStatus.Filled,000661.SZ,,TimeInForce.GTC,,,,1575561600000000000,2019-12-05T16:00:00Z
22.33764,16256.21751,1575475200000000000,2019-12-04T16:00:00Z,291100.0,,b674120d-d1ab-4116-8661-545b749ec0b9,OrderRole.Standalone,OrderType.Market,_default,,PositionEffect.Close,,291100.0,False,,OrderSide.Sell,OrderStatus.Filled,000786.SZ,,TimeInForce.GTC,,,,1575561600000000000,2019-12-05T16:00:00Z
10.82081,98336.8160775,1575475200000000000,2019-12-04T16:00:00Z,3635100.0,,a1c8737b-5d23-4f0d-94ed-8dec703cdc9a,OrderRole.Standalone,OrderType.Market,_default,,PositionEffect.Open,,3635100.0,False,,OrderSide.Buy,OrderStatus.Filled,000800.SZ,,TimeInForce.GTC,,,,1575561600000000000,2019-12-05T16:00:00Z
34.4344,9366.1568,1575475200000000000,2019-12-04T16:00:00Z,108800.0,,aeb1c91f-22ee-466b-9989-aa1553c298c3,OrderRole.Standalone,OrderType.Market,_default,,PositionEffect.Open,,108800.0,False,,OrderSide.Buy,OrderStatus.Filled,002410.SZ,,TimeInForce.GTC,,,,1575561600000000000,2019-12-05T16:00:00Z
9.40059,107013.9664125,1581264000000000000,2020-02-09T16:00:00Z,4553500.0,,f02ad020-7c7d-4333-8f04-2fcdd322e8a4,OrderRole.Standalone,OrderType.Market,_default,,PositionEffect.Close,,4553500.0,False,,OrderSide.Sell,OrderStatus.Filled,000625.SZ,,TimeInForce.GTC,,,,1581350400000000000,2020-02-10T16:00:00Z
24.76521,108353.9850525,1581264000000000000,2020-02-09T16:00:00Z,1750100.0,,ddde938e-a439-4cf0-896a-af1c7c7c7365,OrderRole.Standalone,OrderType.Market,_default,,PositionEffect.Close,,1750100.0,False,,OrderSide.Sell,OrderStatus.Filled,000786.SZ,,TimeInForce.GTC,,,,1581350400000000000,2020-02-10T16:00:00Z
41.958,119790.09,1581264000000000000,2020-02-09T16:00:00Z,1142000.0,,f28105d5-064d-4b80-8a9a-302086093446,OrderRole.Standalone,OrderType.Market,_default,,PositionEffect.Close,,1142000.0,False,,OrderSide.Sell,OrderStatus.Filled,002410.SZ,,TimeInForce.GTC,,,,1581350400000000000,2020-02-10T16:00:00Z
97.27718,102359.912655,1581264000000000000,2020-02-09T16:00:00Z,420900.0,,28279414-c1f9-4e28-aa60-3aba708141dc,OrderRole.Standalone,OrderType.Market,_default,,PositionEffect.Open,,420900.0,False,,OrderSide.Buy,OrderStatus.Filled,300223.SZ,,TimeInForce.GTC,,,,1581350400000000000,2020-02-10T16:00:00Z
1064.063,102948.09525,1581264000000000000,2020-02-09T16:00:00Z,38700.0,,55bf4d33-1387-4051-8fe4-0868da44caec,OrderRole.Standalone,OrderType.Market,_default,,PositionEffect.Open,,38700.0,False,,OrderSide.Buy,OrderStatus.Filled,600519.SH,,TimeInForce.GTC,,,,1581350400000000000,2020-02-10T16:00:00Z
278.7785,102242.014875,1581264000000000000,2020-02-09T16:00:00Z,146700.0,,7987663c-1c20-4433-9804-34c5bf41757a,OrderRole.Standalone,OrderType.Market,_default,,PositionEffect.Open,,146700.0,False,,OrderSide.Buy,OrderStatus.Filled,603986.SH,,TimeInForce.GTC,,,,1581350400000000000,2020-02-10T16:00:00Z
9.11911,21017.2687725,1581264000000000000,2020-02-09T16:00:00Z,921900.0,,e3f5719f-e0b3-46f4-88b5-9a7c849e0b1f,OrderRole.Standalone,OrderType.Market,_default,,PositionEffect.Open,,921900.0,False,,OrderSide.Buy,OrderStatus.Filled,000800.SZ,,TimeInForce.GTC,,,,1581350400000000000,2020-02-10T16:00:00Z
468.45799,468.45799,1581264000000000000,2020-02-09T16:00:00Z,400.0,,395442ae-1b62-456f-98e5-5ae0cda8af2b,OrderRole.Standalone,OrderType.Market,_default,,PositionEffect.Open,,400.0,False,,OrderSide.Buy,OrderStatus.Filled,000661.SZ,,TimeInForce.GTC,,,,1581350400000000000,2020-02-10T16:00:00Z
509.40009,5603.40099,1583683200000000000,2020-03-08T16:00:00Z,4400.0,,14f4ee20-162a-40a1-9378-9421c005dbfa,OrderRole.Standalone,OrderType.Market,_default,,PositionEffect.Close,,4400.0,False,,OrderSide.Sell,OrderStatus.Filled,000661.SZ,,TimeInForce.GTC,,,,1583769600000000000,2020-03-09T16:00:00Z
100.76913,106034.3170425,1583683200000000000,2020-03-08T16:00:00Z,420900.0,,d4e9233a-5866-4449-8c79-5aba410d3a35,OrderRole.Standalone,OrderType.Market,_default,,PositionEffect.Close,,420900.0,False,,OrderSide.Sell,OrderStatus.Filled,300223.SZ,,TimeInForce.GTC,,,,1583769600000000000,2020-03-09T16:00:00Z
1111.887,107575.06725,1583683200000000000,2020-03-08T16:00:00Z,38700.0,,7e04aa5f-2558-44ad-bd49-813f12f2d9d7,OrderRole.Standalone,OrderType.Market,_default,,PositionEffect.Close,,38700.0,False,,OrderSide.Sell,OrderStatus.Filled,600519.SH,,TimeInForce.GTC,,,,1583769600000000000,2020-03-09T16:00:00Z
302.78691,111047.0992425,1583683200000000000,2020-03-08T16:00:00Z,146700.0,,1101b6b0-cae0-40be-ac3d-edfe4c85b0e2,OrderRole.Standalone,OrderType.Market,_default,,PositionEffect.Close,,146700.0,False,,OrderSide.Sell,OrderStatus.Filled,603986.SH,,TimeInForce.GTC,,,,1583769600000000000,2020-03-09T16:00:00Z
10.65064,106959.0522,1583683200000000000,2020-03-08T16:00:00Z,4017000.0,,053951d5-4787-46b7-9313-dd82aacf7ac7,OrderRole.Standalone,OrderType.Market,_default,,PositionEffect.Open,,4017000.0,False,,OrderSide.Buy,OrderStatus.Filled,000625.SZ,,TimeInForce.GTC,,,,1583769600000000000,2020-03-09T16:00:00Z
27.27725,104860.5683125,1583683200000000000,2020-03-08T16:00:00Z,1537700.0,,e154d382-3ff2-41c1-816f-2b317905c0a8,OrderRole.Standalone,OrderType.Market,_default,,PositionEffect.Open,,1537700.0,False,,OrderSide.Buy,OrderStatus.Filled,000786.SZ,,TimeInForce.GTC,,,,1583769600000000000,2020-03-09T16:00:00Z
41.19115,107488.305925,1583683200000000000,2020-03-08T16:00:00Z,1043800.0,,d52de24a-c41b-4710-8ec1-0515272d79e2,OrderRole.Standalone,OrderType.Market,_default,,PositionEffect.Open,,1043800.0,False,,OrderSide.Buy,OrderStatus.Filled,002410.SZ,,TimeInForce.GTC,,,,1583769600000000000,2020-03-09T16:00:00Z
8.99899,3660.3391825,1583683200000000000,2020-03-08T16:00:00Z,162700.0,,abd4367d-52e5-40d5-bce7-6358e15bc9cc,OrderRole.Standalone,OrderType.Market,_default,,PositionEffect.Open,,162700.0,False,,OrderSide.Buy,OrderStatus.Filled,000800.SZ,,TimeInForce.GTC,,,,1583769600000000000,2020-03-09T16:00:00Z
9.7902,98318.0835,1586188800000000000,2020-04-06T16:00:00Z,4017000.0,,82912fb9-0d41-4d17-b55c-7052d9095424,OrderRole.Standalone,OrderType.Market,_default,,PositionEffect.Close,,4017000.0,False,,OrderSide.Sell,OrderStatus.Filled,000625.SZ,,TimeInForce.GTC,,,,1586275200000000000,2020-04-07T16:00:00Z
550.72872,7710.20208,1586188800000000000,2020-04-06T16:00:00Z,5600.0,,9811155c-0498-4352-b8e7-60fcfd80eda3,OrderRole.Standalone,OrderType.Market,_default,,PositionEffect.Close,,5600.0,False,,OrderSide.Sell,OrderStatus.Filled,000661.SZ,,TimeInForce.GTC,,,,1586275200000000000,2020-04-07T16:00:00Z
8.95104,105615.55872,1586188800000000000,2020-04-06T16:00:00Z,4719700.0,,c117e892-f203-4f7e-b1c6-cb972c5aa874,OrderRole.Standalone,OrderType.Market,_default,,PositionEffect.Close,,4719700.0,False,,OrderSide.Sell,OrderStatus.Filled,000800.SZ,,TimeInForce.GTC,,,,1586275200000000000,2020-04-07T16:00:00Z
45.23472,118040.00184,1586188800000000000,2020-04-06T16:00:00Z,1043800.0,,18cc41c4-9be3-48b2-97f4-bc773f309455,OrderRole.Standalone,OrderType.Market,_default,,PositionEffect.Close,,1043800.0,False,,OrderSide.Sell,OrderStatus.Filled,002410.SZ,,TimeInForce.GTC,,,,1586275200000000000,2020-04-07T16:00:00Z
39.26923,107254.0844375,1586188800000000000,2020-04-06T16:00:00Z,1092500.0,,6fcac8da-a827-4ecd-a846-204645b83665,OrderRole.Standalone,OrderType.Market,_default,,PositionEffect.Open,,1092500.0,False,,OrderSide.Buy,OrderStatus.Filled,002837.SZ,,TimeInForce.GTC,,,,1586275200000000000,2020-04-07T16:00:00Z
21.55153,108080.92295,1586188800000000000,2020-04-06T16:00:00Z,2006000.0,,e7e1735c-c135-4394-bd05-35f76d7bca55,OrderRole.Standalone,OrderType.Market,_default,,PositionEffect.Open,,2006000.0,False,,OrderSide.Buy,OrderStatus.Filled,600584.SH,,TimeInForce.GTC,,,,1586275200000000000,2020-04-07T16:00:00Z
41.3413,107735.4278,1586188800000000000,2020-04-06T16:00:00Z,1042400.0,,a19118ab-dfca-45c4-a201-fc28a3b06382,OrderRole.Standalone,OrderType.Market,_default,,PositionEffect.Open,,1042400.0,False,,OrderSide.Buy,OrderStatus.Filled,000063.SZ,,TimeInForce.GTC,,,,1586275200000000000,2020-04-07T16:00:00Z
26.2262,8254.69645,1586188800000000000,2020-04-06T16:00:00Z,125900.0,,cfa05573-cb93-4ac6-bf51-4954a402fa03,OrderRole.Standalone,OrderType.Market,_default,,PositionEffect.Open,,125900.0,False,,OrderSide.Buy,OrderStatus.Filled,000786.SZ,,TimeInForce.GTC,,,,1586275200000000000,2020-04-07T16:00:00Z
42.70725,111295.0935,1588867200000000000,2020-05-07T16:00:00Z,1042400.0,,f5c21362-fbf6-48e6-8be7-057b2bd72936,OrderRole.Standalone,OrderType.Market,_default,,PositionEffect.Close,,1042400.0,False,,OrderSide.Sell,OrderStatus.Filled,000063.SZ,,TimeInForce.GTC,,,,1589126400000000000,2020-05-10T16:00:00Z
610.389,119636.244,1588867200000000000,2020-05-07T16:00:00Z,78400.0,,7d19b97f-5c8f-4982-a543-993493c522fa,OrderRole.Standalone,OrderType.Market,_default,,PositionEffect.Close,,78400.0,False,,OrderSide.Sell,OrderStatus.Filled,000661.SZ,,TimeInForce.GTC,,,,1589126400000000000,2020-05-10T16:00:00Z
24.21576,100713.34584,1588867200000000000,2020-05-07T16:00:00Z,1663600.0,,da05b6c7-0d46-4da8-ae3d-5203043f1461,OrderRole.Standalone,OrderType.Market,_default,,PositionEffect.Close,,1663600.0,False,,OrderSide.Sell,OrderStatus.Filled,000786.SZ,,TimeInForce.GTC,,,,1589126400000000000,2020-05-10T16:00:00Z
45.74421,124938.8735625,1588867200000000000,2020-05-07T16:00:00Z,1092500.0,,59a460d9-8655-4d8f-95c4-9e0fe2c5a1aa,OrderRole.Standalone,OrderType.Market,_default,,PositionEffect.Close,,1092500.0,False,,OrderSide.Sell,OrderStatus.Filled,002837.SZ,,TimeInForce.GTC,,,,1589126400000000000,2020-05-10T16:00:00Z
26.8731,134768.5965,1588867200000000000,2020-05-07T16:00:00Z,2006000.0,,d7f25051-03e4-4b99-9f53-6ebf3bf5cf83,OrderRole.Standalone,OrderType.Market,_default,,PositionEffect.Close,,2006000.0,False,,OrderSide.Sell,OrderStatus.Filled,600584.SH,,TimeInForce.GTC,,,,1589126400000000000,2020-05-10T16:00:00Z
143.36322,117486.15879,1588867200000000000,2020-05-07T16:00:00Z,327800.0,,9316c505-a817-40f1-bbe2-96da52b16f27,OrderRole.Standalone,OrderType.Market,_default,,PositionEffect.Open,,327800.0,False,,OrderSide.Buy,OrderStatus.Filled,000858.SZ,,TimeInForce.GTC,,,,1589126400000000000,2020-05-10T16:00:00Z
32.19216,116253.9378,1588867200000000000,2020-05-07T16:00:00Z,1444500.0,,585bb30e-32eb-49d3-9267-3f9f30d10082,OrderRole.Standalone,OrderType.Market,_default,,PositionEffect.Open,,1444500.0,False,,OrderSide.Buy,OrderStatus.Filled,000876.SZ,,TimeInForce.GTC,,,,1589126400000000000,2020-05-10T16:00:00Z
52.50245,117789.246575,1588867200000000000,2020-05-07T16:00:00Z,897400.0,,76d84a89-5167-409a-bf5e-54f6f783efb9,OrderRole.Standalone,OrderType.Market,_default,,PositionEffect.Open,,897400.0,False,,OrderSide.Buy,OrderStatus.Filled,002410.SZ,,TimeInForce.GTC,,,,1589126400000000000,2020-05-10T16:00:00Z
122.122,115985.3695,1588867200000000000,2020-05-07T16:00:00Z,379900.0,,421c426a-9047-48ac-b945-b6085188c700,OrderRole.Standalone,OrderType.Market,_default,,PositionEffect.Open,,379900.0,False,,OrderSide.Buy,OrderStatus.Filled,002714.SZ,,TimeInForce.GTC,,,,1589126400000000000,2020-05-10T16:00:00Z
1321.32,117597.48,1588867200000000000,2020-05-07T16:00:00Z,35600.0,,958b3cbb-659b-48f2-8cdc-038d74420fb9,OrderRole.Standalone,OrderType.Market,_default,,PositionEffect.Open,,35600.0,False,,OrderSide.Buy,OrderStatus.Filled,600519.SH,,TimeInForce.GTC,,,,1589126400000000000,2020-05-10T16:00:00Z
159.3405,130579.53975,1591286400000000000,2020-06-04T16:00:00Z,327800.0,,6d565387-d438-4664-9e1b-c7f34ab4124d,OrderRole.Standalone,OrderType.Market,_default,,PositionEffect.Close,,327800.0,False,,OrderSide.Sell,OrderStatus.Filled,000858.SZ,,TimeInForce.GTC,,,,1591545600000000000,2020-06-07T16:00:00Z
27.93204,100869.57945,1591286400000000000,2020-06-04T16:00:00Z,1444500.0,,8085dff9-1c73-487d-97a7-de1f08f7b7b2,OrderRole.Standalone,OrderType.Market,_default,,PositionEffect.Close,,1444500.0,False,,OrderSide.Sell,OrderStatus.Filled,000876.SZ,,TimeInForce.GTC,,,,1591545600000000000,2020-06-07T16:00:00Z
58.51143,131270.393205,1591286400000000000,2020-06-04T16:00:00Z,897400.0,,8153fe51-5707-4b9f-a625-23dd28e5d5cf,OrderRole.Standalone,OrderType.Market,_default,,PositionEffect.Close,,897400.0,False,,OrderSide.Sell,OrderStatus.Filled,002410.SZ,,TimeInForce.GTC,,,,1591545600000000000,2020-06-07T16:00:00Z
70.2297,66700.657575,1591286400000000000,2020-06-04T16:00:00Z,379900.0,,c8720c22-d484-4025-854c-c89f83a864ec,OrderRole.Standalone,OrderType.Market,_default,,PositionEffect.Close,,379900.0,False,,OrderSide.Sell,OrderStatus.Filled,002714.SZ,,TimeInForce.GTC,,,,1591545600000000000,2020-06-07T16:00:00Z
1423.575,126698.175,1591286400000000000,2020-06-04T16:00:00Z,35600.0,,ec3dc91a-8fb6-4f40-8407-1c37ca2f58d1,OrderRole.Standalone,OrderType.Market,_default,,PositionEffect.Close,,35600.0,False,,OrderSide.Sell,OrderStatus.Filled,600519.SH,,TimeInForce.GTC,,,,1591545600000000000,2020-06-07T16:00:00Z
84.09401,111697.8687825,1591286400000000000,2020-06-04T16:00:00Z,531300.0,,fe2d2aa5-d0c0-4bb9-957e-23252aecf4ec,OrderRole.Standalone,OrderType.Market,_default,,PositionEffect.Open,,531300.0,False,,OrderSide.Buy,OrderStatus.Filled,600570.SH,,TimeInForce.GTC,,,,1591545600000000000,2020-06-07T16:00:00Z
18.97896,112450.338,1591286400000000000,2020-06-04T16:00:00Z,2370000.0,,d4a79a97-d942-4751-ab7d-912e7f28810a,OrderRole.Standalone,OrderType.Market,_default,,PositionEffect.Open,,2370000.0,False,,OrderSide.Buy,OrderStatus.Filled,002050.SZ,,TimeInForce.GTC,,,,1591545600000000000,2020-06-07T16:00:00Z
156.36621,112974.586725,1591286400000000000,2020-06-04T16:00:00Z,289000.0,,b6430b65-731c-441b-a535-9b37742d685f,OrderRole.Standalone,OrderType.Market,_default,,PositionEffect.Open,,289000.0,False,,OrderSide.Buy,OrderStatus.Filled,002371.SZ,,TimeInForce.GTC,,,,1591545600000000000,2020-06-07T16:00:00Z
26.54652,111754.21257,1591286400000000000,2020-06-04T16:00:00Z,1683900.0,,3826846c-2d31-46a8-857a-60c0146fabd9,OrderRole.Standalone,OrderType.Market,_default,,PositionEffect.Open,,1683900.0,False,,OrderSide.Buy,OrderStatus.Filled,002837.SZ,,TimeInForce.GTC,,,,1591545600000000000,2020-06-07T16:00:00Z
47.46742,112948.72589,1591286400000000000,2020-06-04T16:00:00Z,951800.0,,a09336e6-b154-4543-a9a3-f77d1de57bd7,OrderRole.Standalone,OrderType.Market,_default,,PositionEffect.Open,,951800.0,False,,OrderSide.Buy,OrderStatus.Filled,300502.SZ,,TimeInForce.GTC,,,,1591545600000000000,2020-06-07T16:00:00Z
23.7762,140873.985,1596470400000000000,2020-08-03T16:00:00Z,2370000.0,,71dcd109-2387-4ef3-8f46-0ee1a827574a,OrderRole.Standalone,OrderType.Market,_default,,PositionEffect.Close,,2370000.0,False,,OrderSide.Sell,OrderStatus.Filled,002050.SZ,,TimeInForce.GTC,,,,1596556800000000000,2020-08-04T16:00:00Z
223.776,10909.08,1596470400000000000,2020-08-03T16:00:00Z,19500.0,,403c158f-0822-4554-8e4d-c44f5260ab02,OrderRole.Standalone,OrderType.Market,_default,,PositionEffect.Close,,19500.0,False,,OrderSide.Sell,OrderStatus.Filled,002371.SZ,,TimeInForce.GTC,,,,1596556800000000000,2020-08-04T16:00:00Z
28.85112,121456.00242,1596470400000000000,2020-08-03T16:00:00Z,1683900.0,,2448d7f8-1467-4042-8885-a5d850063f93,OrderRole.Standalone,OrderType.Market,_default,,PositionEffect.Close,,1683900.0,False,,OrderSide.Sell,OrderStatus.Filled,002837.SZ,,TimeInForce.GTC,,,,1596556800000000000,2020-08-04T16:00:00Z
76.97295,183157.134525,1596470400000000000,2020-08-03T16:00:00Z,951800.0,,46540ff9-dc60-4d21-b623-4578ff8bfcd4,OrderRole.Standalone,OrderType.Market,_default,,PositionEffect.Close,,951800.0,False,,OrderSide.Sell,OrderStatus.Filled,300502.SZ,,TimeInForce.GTC,,,,1596556800000000000,2020-08-04T16:00:00Z
109.00089,144780.4321425,1596470400000000000,2020-08-03T16:00:00Z,531300.0,,e2753fc4-01c5-400f-aa9b-d971c3362e5a,OrderRole.Standalone,OrderType.Market,_default,,PositionEffect.Close,,531300.0,False,,OrderSide.Sell,OrderStatus.Filled,600570.SH,,TimeInForce.GTC,,,,1596556800000000000,2020-08-04T16:00:00Z
50.05,155718.0625,1596470400000000000,2020-08-03T16:00:00Z,1244500.0,,8c7b020e-f3b9-4ac3-90af-17210ddcf43e,OrderRole.Standalone,OrderType.Market,_default,,PositionEffect.Open,,1244500.0,False,,OrderSide.Buy,OrderStatus.Filled,600584.SH,,TimeInForce.GTC,,,,1596556800000000000,2020-08-04T16:00:00Z
242.242,151885.734,1596470400000000000,2020-08-03T16:00:00Z,250800.0,,0e9ca4d1-8b22-4c7e-b4e6-e3e76960515f,OrderRole.Standalone,OrderType.Market,_default,,PositionEffect.Open,,250800.0,False,,OrderSide.Buy,OrderStatus.Filled,688012.SH,,TimeInForce.GTC,,,,1596556800000000000,2020-08-04T16:00:00Z
44.48444,144541.06667,1596470400000000000,2020-08-03T16:00:00Z,1299700.0,,9a12a314-c22a-47ae-b39a-bc05058e7e17,OrderRole.Standalone,OrderType.Market,_default,,PositionEffect.Open,,1299700.0,False,,OrderSide.Buy,OrderStatus.Filled,002555.SZ,,TimeInForce.GTC,,,,1596556800000000000,2020-08-04T16:00:00Z
26.28626,158013.280425,1596470400000000000,2020-08-03T16:00:00Z,2404500.0,,1ca418e2-995c-49a7-b6c1-bc1f3d3aae69,OrderRole.Standalone,OrderType.Market,_default,,PositionEffect.Open,,2404500.0,False,,OrderSide.Buy,OrderStatus.Filled,002625.SZ,,TimeInForce.GTC,,,,1596556800000000000,2020-08-04T16:00:00Z
46.33362,150549.514785,1598889600000000000,2020-08-31T16:00:00Z,1299700.0,,2486d921-f728-4a9c-83df-3caf000e2820,OrderRole.Standalone,OrderType.Market,_default,,PositionEffect.Close,,1299700.0,False,,OrderSide.Sell,OrderStatus.Filled,002555.SZ,,TimeInForce.GTC,,,,1598976000000000000,2020-09-01T16:00:00Z
23.26671,13564.49193,1598889600000000000,2020-08-31T16:00:00Z,233200.0,,ff78a3d0-1f9d-44ae-8c59-bbc60643893f,OrderRole.Standalone,OrderType.Market,_default,,PositionEffect.Close,,233200.0,False,,OrderSide.Sell,OrderStatus.Filled,002625.SZ,,TimeInForce.GTC,,,,1598976000000000000,2020-09-01T16:00:00Z
39.41055,2236.5487125,1598889600000000000,2020-08-31T16:00:00Z,22700.0,,e45033e8-5347-4079-82b6-b6e441d920e8,OrderRole.Standalone,OrderType.Market,_default,,PositionEffect.Close,,22700.0,False,,OrderSide.Sell,OrderStatus.Filled,600584.SH,,TimeInForce.GTC,,,,1598976000000000000,2020-09-01T16:00:00Z
185.37444,116229.77388,1598889600000000000,2020-08-31T16:00:00Z,250800.0,,f4981939-e850-4ac6-b958-7713a0ddab3b,OrderRole.Standalone,OrderType.Market,_default,,PositionEffect.Close,,250800.0,False,,OrderSide.Sell,OrderStatus.Filled,688012.SH,,TimeInForce.GTC,,,,1598976000000000000,2020-09-01T16:00:00Z
50.5505,126540.539125,1598889600000000000,2020-08-31T16:00:00Z,1001300.0,,c6d586aa-0929-428c-97e2-f9c2af4b7978,OrderRole.Standalone,OrderType.Market,_default,,PositionEffect.Open,,1001300.0,False,,OrderSide.Buy,OrderStatus.Filled,002179.SZ,,TimeInForce.GTC,,,,1598976000000000000,2020-09-01T16:00:00Z
171.171,127351.224,1598889600000000000,2020-08-31T16:00:00Z,297600.0,,5e7ac26b-8bb7-485d-8122-2ab7e24f3d8a,OrderRole.Standalone,OrderType.Market,_default,,PositionEffect.Open,,297600.0,False,,OrderSide.Buy,OrderStatus.Filled,300033.SZ,,TimeInForce.GTC,,,,1598976000000000000,2020-09-01T16:00:00Z
186.186,1117.116,1598889600000000000,2020-08-31T16:00:00Z,2400.0,,3f83c97c-de61-464f-93d1-08fb7a453640,OrderRole.Standalone,OrderType.Market,_default,,PositionEffect.Open,,2400.0,False,,OrderSide.Buy,OrderStatus.Filled,002371.SZ,,TimeInForce.GTC,,,,1598976000000000000,2020-09-01T16:00:00Z
45.86409,114809.2832925,1601308800000000000,2020-09-28T16:00:00Z,1001300.0,,ac2a5026-91b6-45cc-a4ed-380ed7d56d0d,OrderRole.Standalone,OrderType.Market,_default,,PositionEffect.Close,,1001300.0,False,,OrderSide.Sell,OrderStatus.Filled,002179.SZ,,TimeInForce.GTC,,,,1601395200000000000,2020-09-29T16:00:00Z
22.73724,123423.42303,1601308800000000000,2020-09-28T16:00:00Z,2171300.0,,0da312b9-d581-44c1-add9-feb15be7429b,OrderRole.Standalone,OrderType.Market,_default,,PositionEffect.Close,,2171300.0,False,,OrderSide.Sell,OrderStatus.Filled,002625.SZ,,TimeInForce.GTC,,,,1601395200000000000,2020-09-29T16:00:00Z
162.74709,4150.050795,1601308800000000000,2020-09-28T16:00:00Z,10200.0,,3ea02fca-e49c-4ea1-a626-28f93738e94b,OrderRole.Standalone,OrderType.Market,_default,,PositionEffect.Close,,10200.0,False,,OrderSide.Sell,OrderStatus.Filled,300033.SZ,,TimeInForce.GTC,,,,1601395200000000000,2020-09-29T16:00:00Z
36.17379,110492.841555,1601308800000000000,2020-09-28T16:00:00Z,1221800.0,,a51a6c8a-548c-4c98-a00d-9e10917fa936,OrderRole.Standalone,OrderType.Market,_default,,PositionEffect.Close,,1221800.0,False,,OrderSide.Sell,OrderStatus.Filled,600584.SH,,TimeInForce.GTC,,,,1601395200000000000,2020-09-29T16:00:00Z
24.38436,117227.8107,1601308800000000000,2020-09-28T16:00:00Z,1923000.0,,1ea7ad94-f855-48f1-800a-c08a722a60e0,OrderRole.Standalone,OrderType.Market,_default,,PositionEffect.Open,,1923000.0,False,,OrderSide.Buy,OrderStatus.Filled,300059.SZ,,TimeInForce.GTC,,,,1601395200000000000,2020-09-29T16:00:00Z
79.64957,118319.436235,1601308800000000000,2020-09-28T16:00:00Z,594200.0,,ce318292-b33e-4ae4-82d2-a46122bbf724,OrderRole.Standalone,OrderType.Market,_default,,PositionEffect.Open,,594200.0,False,,OrderSide.Buy,OrderStatus.Filled,300223.SZ,,TimeInForce.GTC,,,,1601395200000000000,2020-09-29T16:00:00Z
32.6326,117550.78335,1601308800000000000,2020-09-28T16:00:00Z,1440900.0,,8a4bf216-5dc5-469e-a0df-b7cf52ffc778,OrderRole.Standalone,OrderType.Market,_default,,PositionEffect.Open,,1440900.0,False,,OrderSide.Buy,OrderStatus.Filled,300433.SZ,,TimeInForce.GTC,,,,1601395200000000000,2020-09-29T16:00:00Z
162.162,6932.4255,1601308800000000000,2020-09-28T16:00:00Z,17100.0,,0c44d2ad-ebfa-4954-a5df-bb20a662dbec,OrderRole.Standalone,OrderType.Market,_default,,PositionEffect.Open,,17100.0,False,,OrderSide.Buy,OrderStatus.Filled,002371.SZ,,TimeInForce.GTC,,,,1601395200000000000,2020-09-29T16:00:00Z
178.83099,129205.390275,1604419200000000000,2020-11-03T16:00:00Z,289000.0,,57626945-cfe9-4d49-aa7c-2cc746cc0839,OrderRole.Standalone,OrderType.Market,_default,,PositionEffect.Close,,289000.0,False,,OrderSide.Sell,OrderStatus.Filled,002371.SZ,,TimeInForce.GTC,,,,1604505600000000000,2020-11-04T16:00:00Z
142.30755,102247.974675,1604419200000000000,2020-11-03T16:00:00Z,287400.0,,e804b03c-ef28-45b3-82ef-6bdab747417a,OrderRole.Standalone,OrderType.Market,_default,,PositionEffect.Close,,287400.0,False,,OrderSide.Sell,OrderStatus.Filled,300033.SZ,,TimeInForce.GTC,,,,1604505600000000000,2020-11-04T16:00:00Z
24.72525,118866.639375,1604419200000000000,2020-11-03T16:00:00Z,1923000.0,,2bb421d9-062f-4498-96d7-ccd1b024076d,OrderRole.Standalone,OrderType.Market,_default,,PositionEffect.Close,,1923000.0,False,,OrderSide.Sell,OrderStatus.Filled,300059.SZ,,TimeInForce.GTC,,,,1604505600000000000,2020-11-04T16:00:00Z
71.6283,106403.83965,1604419200000000000,2020-11-03T16:00:00Z,594200.0,,d3278a9f-c617-4190-a928-e092b436ee1a,OrderRole.Standalone,OrderType.Market,_default,,PositionEffect.Close,,594200.0,False,,OrderSide.Sell,OrderStatus.Filled,300223.SZ,,TimeInForce.GTC,,,,1604505600000000000,2020-11-04T16:00:00Z
33.7662,121634.29395,1604419200000000000,2020-11-03T16:00:00Z,1440900.0,,972fc086-747e-43b4-b20a-1f024eb2477b,OrderRole.Standalone,OrderType.Market,_default,,PositionEffect.Close,,1440900.0,False,,OrderSide.Sell,OrderStatus.Filled,300433.SZ,,TimeInForce.GTC,,,,1604505600000000000,2020-11-04T16:00:00Z
256.24599,114413.834535,1604419200000000000,2020-11-03T16:00:00Z,178600.0,,ec658271-559a-40c8-842d-1f61c888e167,OrderRole.Standalone,OrderType.Market,_default,,PositionEffect.Open,,178600.0,False,,OrderSide.Buy,OrderStatus.Filled,000858.SZ,,TimeInForce.GTC,,,,1604505600000000000,2020-11-04T16:00:00Z
31.52149,117354.50727,1604419200000000000,2020-11-03T16:00:00Z,1489200.0,,cbc46c15-aa07-42bd-a3ef-949ac071498e,OrderRole.Standalone,OrderType.Market,_default,,PositionEffect.Open,,1489200.0,False,,OrderSide.Buy,OrderStatus.Filled,000963.SZ,,TimeInForce.GTC,,,,1604505600000000000,2020-11-04T16:00:00Z
26.47645,113974.4981375,1604419200000000000,2020-11-03T16:00:00Z,1721900.0,,721e5ef4-cbfe-4299-aab6-15fb654d417c,OrderRole.Standalone,OrderType.Market,_default,,PositionEffect.Open,,1721900.0,False,,OrderSide.Buy,OrderStatus.Filled,002050.SZ,,TimeInForce.GTC,,,,1604505600000000000,2020-11-04T16:00:00Z
58.1581,112099.73775,1604419200000000000,2020-11-03T16:00:00Z,771000.0,,d75c6636-f7bf-4663-8308-e61bfa3f8952,OrderRole.Standalone,OrderType.Market,_default,,PositionEffect.Open,,771000.0,False,,OrderSide.Buy,OrderStatus.Filled,002179.SZ,,TimeInForce.GTC,,,,1604505600000000000,2020-11-04T16:00:00Z
73.4734,114728.7141,1604419200000000000,2020-11-03T16:00:00Z,624600.0,,aaba6f9c-5eef-4705-8d74-f2eb611fdd17,OrderRole.Standalone,OrderType.Market,_default,,PositionEffect.Open,,624600.0,False,,OrderSide.Buy,OrderStatus.Filled,002410.SZ,,TimeInForce.GTC,,,,1604505600000000000,2020-11-04T16:00:00Z
289.71,129355.515,1611763200000000000,2021-01-27T16:00:00Z,178600.0,,4e209f07-c813-411f-87aa-78d9cf43893f,OrderRole.Standalone,OrderType.Market,_default,,PositionEffect.Close,,178600.0,False,,OrderSide.Sell,OrderStatus.Filled,000858.SZ,,TimeInForce.GTC,,,,1611849600000000000,2021-01-28T16:00:00Z
25.98399,96738.39477,1611763200000000000,2021-01-27T16:00:00Z,1489200.0,,d964d407-e737-4bce-8ebe-4e5d5af6fdd8,OrderRole.Standalone,OrderType.Market,_default,,PositionEffect.Close,,1489200.0,False,,OrderSide.Sell,OrderStatus.Filled,000963.SZ,,TimeInForce.GTC,,,,1611849600000000000,2021-01-28T16:00:00Z
23.59638,101576.516805,1611763200000000000,2021-01-27T16:00:00Z,1721900.0,,94194154-0d5e-4579-8ae4-6c146f399335,OrderRole.Standalone,OrderType.Market,_default,,PositionEffect.Close,,1721900.0,False,,OrderSide.Sell,OrderStatus.Filled,002050.SZ,,TimeInForce.GTC,,,,1611849600000000000,2021-01-28T16:00:00Z
70.70922,136292.02155,1611763200000000000,2021-01-27T16:00:00Z,771000.0,,de9218eb-39f2-4131-b14d-c8cf0f2aa356,OrderRole.Standalone,OrderType.Market,_default,,PositionEffect.Close,,771000.0,False,,OrderSide.Sell,OrderStatus.Filled,002179.SZ,,TimeInForce.GTC,,,,1611849600000000000,2021-01-28T16:00:00Z
80.56935,125809.040025,1611763200000000000,2021-01-27T16:00:00Z,624600.0,,a398e3d2-acf5-44d4-8444-2e964f0e284d,OrderRole.Standalone,OrderType.Market,_default,,PositionEffect.Close,,624600.0,False,,OrderSide.Sell,OrderStatus.Filled,002410.SZ,,TimeInForce.GTC,,,,1611849600000000000,2021-01-28T16:00:00Z
66.48642,117049.34241,1611763200000000000,2021-01-27T16:00:00Z,704200.0,,0ae8c32f-d3aa-4a08-ae83-b717dba7b748,OrderRole.Standalone,OrderType.Market,_default,,PositionEffect.Open,,704200.0,False,,OrderSide.Buy,OrderStatus.Filled,002466.SZ,,TimeInForce.GTC,,,,1611849600000000000,2021-01-28T16:00:00Z
23.16314,118664.76622,1611763200000000000,2021-01-27T16:00:00Z,2049200.0,,a821a865-01ce-4d90-b31c-f53bed70d1a7,OrderRole.Standalone,OrderType.Market,_default,,PositionEffect.Open,,2049200.0,False,,OrderSide.Buy,OrderStatus.Filled,002625.SZ,,TimeInForce.GTC,,,,1611849600000000000,2021-01-28T16:00:00Z
70.33026,118594.400925,1611763200000000000,2021-01-27T16:00:00Z,674500.0,,d6746025-46f2-43b1-be27-a3ceaa269006,OrderRole.Standalone,OrderType.Market,_default,,PositionEffect.Open,,674500.0,False,,OrderSide.Buy,OrderStatus.Filled,300223.SZ,,TimeInForce.GTC,,,,1611849600000000000,2021-01-28T16:00:00Z
32.16213,118147.584555,1611763200000000000,2021-01-27T16:00:00Z,1469400.0,,7bc42d61-e927-4b84-8cc0-e24a84748dcc,OrderRole.Standalone,OrderType.Market,_default,,PositionEffect.Open,,1469400.0,False,,OrderSide.Buy,OrderStatus.Filled,300803.SZ,,TimeInForce.GTC,,,,1611849600000000000,2021-01-28T16:00:00Z
421.41099,119891.426655,1611763200000000000,2021-01-27T16:00:00Z,113800.0,,ab096592-0dcc-490b-8844-44ee16681030,OrderRole.Standalone,OrderType.Market,_default,,PositionEffect.Open,,113800.0,False,,OrderSide.Buy,OrderStatus.Filled,688111.SH,,TimeInForce.GTC,,,,1611849600000000000,2021-01-28T16:00:00Z
21.6783,111057.9309,1614787200000000000,2021-03-03T16:00:00Z,2049200.0,,45e9a809-1e94-4473-a878-bf88efb75de6,OrderRole.Standalone,OrderType.Market,_default,,PositionEffect.Close,,2049200.0,False,,OrderSide.Sell,OrderStatus.Filled,002625.SZ,,TimeInForce.GTC,,,,1614873600000000000,2021-03-04T16:00:00Z
68.35158,115257.851775,1614787200000000000,2021-03-03T16:00:00Z,674500.0,,471eecc7-9b15-430b-863c-1d8b07d68ced,OrderRole.Standalone,OrderType.Market,_default,,PositionEffect.Close,,674500.0,False,,OrderSide.Sell,OrderStatus.Filled,300223.SZ,,TimeInForce.GTC,,,,1614873600000000000,2021-03-04T16:00:00Z
28.02195,102938.633325,1614787200000000000,2021-03-03T16:00:00Z,1469400.0,,ef188a22-7b03-4840-8218-3c4ec50df823,OrderRole.Standalone,OrderType.Market,_default,,PositionEffect.Close,,1469400.0,False,,OrderSide.Sell,OrderStatus.Filled,300803.SZ,,TimeInForce.GTC,,,,1614873600000000000,2021-03-04T16:00:00Z
312.687,88959.4515,1614787200000000000,2021-03-03T16:00:00Z,113800.0,,1606cf16-1f14-4ab1-9350-dc7a95e2da8b,OrderRole.Standalone,OrderType.Market,_default,,PositionEffect.Close,,113800.0,False,,OrderSide.Sell,OrderStatus.Filled,688111.SH,,TimeInForce.GTC,,,,1614873600000000000,2021-03-04T16:00:00Z
37.7377,98750.126475,1614787200000000000,2021-03-03T16:00:00Z,1046700.0,,99b1cf63-5554-4ae2-849a-7d1e54f273fb,OrderRole.Standalone,OrderType.Market,_default,,PositionEffect.Open,,1046700.0,False,,OrderSide.Buy,OrderStatus.Filled,000963.SZ,,TimeInForce.GTC,,,,1614873600000000000,2021-03-04T16:00:00Z
187.55737,94247.578425,1614787200000000000,2021-03-03T16:00:00Z,201000.0,,e6a16399-d3ef-477d-b71e-8c9796ada9de,OrderRole.Standalone,OrderType.Market,_default,,PositionEffect.Open,,201000.0,False,,OrderSide.Buy,OrderStatus.Filled,002594.SZ,,TimeInForce.GTC,,,,1614873600000000000,2021-03-04T16:00:00Z
52.052,97363.266,1614787200000000000,2021-03-03T16:00:00Z,748200.0,,b87ec0b1-dd10-40db-9708-17846431ef2b,OrderRole.Standalone,OrderType.Market,_default,,PositionEffect.Open,,748200.0,False,,OrderSide.Buy,OrderStatus.Filled,300442.SZ,,TimeInForce.GTC,,,,1614873600000000000,2021-03-04T16:00:00Z
2.15215,100793.7931,1614787200000000000,2021-03-03T16:00:00Z,18733600.0,,9f4aa3dd-ce0c-4920-aa4e-3789e5275aaa,OrderRole.Standalone,OrderType.Market,_default,,PositionEffect.Open,,18733600.0,False,,OrderSide.Buy,OrderStatus.Filled,600010.SH,,TimeInForce.GTC,,,,1614873600000000000,2021-03-04T16:00:00Z
40.28024,27330.14284,1614787200000000000,2021-03-03T16:00:00Z,271400.0,,1bc7f0b1-9fac-43f8-a057-d13255666c8b,OrderRole.Standalone,OrderType.Market,_default,,PositionEffect.Open,,271400.0,False,,OrderSide.Buy,OrderStatus.Filled,002466.SZ,,TimeInForce.GTC,,,,1614873600000000000,2021-03-04T16:00:00Z
38.44152,100591.84746,1617206400000000000,2021-03-31T16:00:00Z,1046700.0,,b8519612-ae8c-4d63-9aee-2c6a78bbfb7e,OrderRole.Standalone,OrderType.Market,_default,,PositionEffect.Close,,1046700.0,False,,OrderSide.Sell,OrderStatus.Filled,000963.SZ,,TimeInForce.GTC,,,,1617292800000000000,2021-04-01T16:00:00Z
170.81901,85836.552525,1617206400000000000,2021-03-31T16:00:00Z,201000.0,,e301d5c0-ec66-4e3c-9d44-741e0b833c58,OrderRole.Standalone,OrderType.Market,_default,,PositionEffect.Close,,201000.0,False,,OrderSide.Sell,OrderStatus.Filled,002594.SZ,,TimeInForce.GTC,,,,1617292800000000000,2021-04-01T16:00:00Z
58.81113,16702.36092,1617206400000000000,2021-03-31T16:00:00Z,113600.0,,70118255-3f4c-4ade-b2e0-c5353e993946,OrderRole.Standalone,OrderType.Market,_default,,PositionEffect.Close,,113600.0,False,,OrderSide.Sell,OrderStatus.Filled,300442.SZ,,TimeInForce.GTC,,,,1617292800000000000,2021-04-01T16:00:00Z
1.56843,73455.85062,1617206400000000000,2021-03-31T16:00:00Z,18733600.0,,b32e30c0-881f-4925-9f37-a8791de05a62,OrderRole.Standalone,OrderType.Market,_default,,PositionEffect.Close,,18733600.0,False,,OrderSide.Sell,OrderStatus.Filled,600010.SH,,TimeInForce.GTC,,,,1617292800000000000,2021-04-01T16:00:00Z
91.091,94256.41225,1617206400000000000,2021-03-31T16:00:00Z,413900.0,,2e3c5368-47eb-40a3-b11b-0fc459b4430b,OrderRole.Standalone,OrderType.Market,_default,,PositionEffect.Open,,413900.0,False,,OrderSide.Buy,OrderStatus.Filled,002916.SZ,,TimeInForce.GTC,,,,1617292800000000000,2021-04-01T16:00:00Z
178.178,94612.518,1617206400000000000,2021-03-31T16:00:00Z,212400.0,,a3cc955f-63c7-4c42-a66b-9a08d15dcefd,OrderRole.Standalone,OrderType.Market,_default,,PositionEffect.Open,,212400.0,False,,OrderSide.Buy,OrderStatus.Filled,300122.SZ,,TimeInForce.GTC,,,,1617292800000000000,2021-04-01T16:00:00Z
66.066,93879.786,1617206400000000000,2021-03-31T16:00:00Z,568400.0,,a49166b3-800b-4a0a-8ab7-01d0989c440a,OrderRole.Standalone,OrderType.Market,_default,,PositionEffect.Open,,568400.0,False,,OrderSide.Buy,OrderStatus.Filled,300223.SZ,,TimeInForce.GTC,,,,1617292800000000000,2021-04-01T16:00:00Z
34.27424,522.68216,1617206400000000000,2021-03-31T16:00:00Z,6100.0,,aefcdf75-2c50-4114-ad19-0261b8bfa527,OrderRole.Standalone,OrderType.Market,_default,,PositionEffect.Open,,6100.0,False,,OrderSide.Buy,OrderStatus.Filled,002466.SZ,,TimeInForce.GTC,,,,1617292800000000000,2021-04-01T16:00:00Z
48.33162,118617.878385,1619712000000000000,2021-04-29T16:00:00Z,981700.0,,fc0a1995-a3c7-4232-af12-7d02e1f50a67,OrderRole.Standalone,OrderType.Market,_default,,PositionEffect.Close,,981700.0,False,,OrderSide.Sell,OrderStatus.Filled,002466.SZ,,TimeInForce.GTC,,,,1620230400000000000,2021-05-05T16:00:00Z
79.1208,81870.2478,1619712000000000000,2021-04-29T16:00:00Z,413900.0,,2e7b8349-00fe-40b6-8ae4-5212d1f29253,OrderRole.Standalone,OrderType.Market,_default,,PositionEffect.Close,,413900.0,False,,OrderSide.Sell,OrderStatus.Filled,002916.SZ,,TimeInForce.GTC,,,,1620230400000000000,2021-05-05T16:00:00Z
204.795,108746.145,1619712000000000000,2021-04-29T16:00:00Z,212400.0,,765f8980-de14-4222-8340-450132e6ad2a,OrderRole.Standalone,OrderType.Market,_default,,PositionEffect.Close,,212400.0,False,,OrderSide.Sell,OrderStatus.Filled,300122.SZ,,TimeInForce.GTC,,,,1620230400000000000,2021-05-05T16:00:00Z
70.57935,100293.25635,1619712000000000000,2021-04-29T16:00:00Z,568400.0,,7eb8ab94-d182-4415-9a1d-7a30215b3065,OrderRole.Standalone,OrderType.Market,_default,,PositionEffect.Close,,568400.0,False,,OrderSide.Sell,OrderStatus.Filled,300223.SZ,,TimeInForce.GTC,,,,1620230400000000000,2021-05-05T16:00:00Z
46.6533,74015.46045,1619712000000000000,2021-04-29T16:00:00Z,634600.0,,bec0f4dd-d90a-4cd0-a086-b18eab317eab,OrderRole.Standalone,OrderType.Market,_default,,PositionEffect.Close,,634600.0,False,,OrderSide.Sell,OrderStatus.Filled,300442.SZ,,TimeInForce.GTC,,,,1620230400000000000,2021-05-05T16:00:00Z
2002.0,97097.0,1619712000000000000,2021-04-29T16:00:00Z,19400.0,,8223dd87-5f76-453e-a05a-35918b57213c,OrderRole.Standalone,OrderType.Market,_default,,PositionEffect.Open,,19400.0,False,,OrderSide.Buy,OrderStatus.Filled,600519.SH,,TimeInForce.GTC,,,,1620230400000000000,2021-05-05T16:00:00Z
492.50201,96530.39396,1619712000000000000,2021-04-29T16:00:00Z,78400.0,,ff8cab77-3a47-41aa-91cc-bf1c2b200102,OrderRole.Standalone,OrderType.Market,_default,,PositionEffect.Open,,78400.0,False,,OrderSide.Buy,OrderStatus.Filled,000661.SZ,,TimeInForce.GTC,,,,1620230400000000000,2021-05-05T16:00:00Z
22.01199,97342.5227775,1619712000000000000,2021-04-29T16:00:00Z,1768900.0,,2dd31761-7744-4e62-ae2c-feefed6db495,OrderRole.Standalone,OrderType.Market,_default,,PositionEffect.Open,,1768900.0,False,,OrderSide.Buy,OrderStatus.Filled,002555.SZ,,TimeInForce.GTC,,,,1620230400000000000,2021-05-05T16:00:00Z
157.157,96651.555,1619712000000000000,2021-04-29T16:00:00Z,246000.0,,7403bb5e-8b57-477f-8934-c11789654330,OrderRole.Standalone,OrderType.Market,_default,,PositionEffect.Open,,246000.0,False,,OrderSide.Buy,OrderStatus.Filled,002594.SZ,,TimeInForce.GTC,,,,1620230400000000000,2021-05-05T16:00:00Z
67.97791,98381.0302475,1619712000000000000,2021-04-29T16:00:00Z,578900.0,,0939d0ea-96d7-482a-b98e-c40f0ad7b7b5,OrderRole.Standalone,OrderType.Market,_default,,PositionEffect.Open,,578900.0,False,,OrderSide.Buy,OrderStatus.Filled,002709.SZ,,TimeInForce.GTC,,,,1620230400000000000,2021-05-05T16:00:00Z
186.4134,114644.241,1622563200000000000,2021-06-01T16:00:00Z,246000.0,,fdb59775-47ab-49e4-a4d8-1bb84605ddac,OrderRole.Standalone,OrderType.Market,_default,,PositionEffect.Close,,246000.0,False,,OrderSide.Sell,OrderStatus.Filled,002594.SZ,,TimeInForce.GTC,,,,1622649600000000000,2021-06-02T16:00:00Z
88.70121,128372.8261725,1622563200000000000,2021-06-01T16:00:00Z,578900.0,,1f016b3e-297b-42ae-8acc-a2c3d2272f1d,OrderRole.Standalone,OrderType.Market,_default,,PositionEffect.Close,,578900.0,False,,OrderSide.Sell,OrderStatus.Filled,002709.SZ,,TimeInForce.GTC,,,,1622649600000000000,2021-06-02T16:00:00Z
2217.78,107562.33,1622563200000000000,2021-06-01T16:00:00Z,19400.0,,de0237ec-bd94-46dd-8e34-47e48392148f,OrderRole.Standalone,OrderType.Market,_default,,PositionEffect.Close,,19400.0,False,,OrderSide.Sell,OrderStatus.Filled,600519.SH,,TimeInForce.GTC,,,,1622649600000000000,2021-06-02T16:00:00Z
12.16215,106117.7992875,1622563200000000000,2021-06-01T16:00:00Z,3490100.0,,307de587-478a-4496-9345-c806cb411ca4,OrderRole.Standalone,OrderType.Market,_default,,PositionEffect.Open,,3490100.0,False,,OrderSide.Buy,OrderStatus.Filled,601699.SH,,TimeInForce.GTC,,,,1622649600000000000,2021-06-02T16:00:00Z
6.99699,106551.9129675,1622563200000000000,2021-06-01T16:00:00Z,6091300.0,,ba886f0c-e19c-49aa-bae8-b225809b829b,OrderRole.Standalone,OrderType.Market,_default,,PositionEffect.Open,,6091300.0,False,,OrderSide.Buy,OrderStatus.Filled,002602.SZ,,TimeInForce.GTC,,,,1622649600000000000,2021-06-02T16:00:00Z
376.36599,106417.4836725,1622563200000000000,2021-06-01T16:00:00Z,113100.0,,8e2edc21-424e-4263-b9af-8e10f7d0603f,OrderRole.Standalone,OrderType.Market,_default,,PositionEffect.Open,,113100.0,False,,OrderSide.Buy,OrderStatus.Filled,002821.SZ,,TimeInForce.GTC,,,,1622649600000000000,2021-06-02T16:00:00Z
440.04961,18262.058815,1622563200000000000,2021-06-01T16:00:00Z,16600.0,,e773c96e-2b53-45ec-9a0b-0004ec496bde,OrderRole.Standalone,OrderType.Market,_default,,PositionEffect.Open,,16600.0,False,,OrderSide.Buy,OrderStatus.Filled,000661.SZ,,TimeInForce.GTC,,,,1622649600000000000,2021-06-02T16:00:00Z
23.90388,233.06283,1622563200000000000,2021-06-01T16:00:00Z,3900.0,,fec5d457-26ad-4a21-af1b-e26d42db8b22,OrderRole.Standalone,OrderType.Market,_default,,PositionEffect.Open,,3900.0,False,,OrderSide.Buy,OrderStatus.Filled,002555.SZ,,TimeInForce.GTC,,,,1622649600000000000,2021-06-02T16:00:00Z
23.96601,6153.2730675,1625068800000000000,2021-06-30T16:00:00Z,102700.0,,c81d0a33-88ac-4ebf-b4ba-21245c59318e,OrderRole.Standalone,OrderType.Market,_default,,PositionEffect.Close,,102700.0,False,,OrderSide.Sell,OrderStatus.Filled,002555.SZ,,TimeInForce.GTC,,,,1625155200000000000,2021-07-01T16:00:00Z
6.24375,95081.3859375,1625068800000000000,2021-06-30T16:00:00Z,6091300.0,,9e68f5c8-0830-442c-a94e-0da19950734a,OrderRole.Standalone,OrderType.Market,_default,,PositionEffect.Close,,6091300.0,False,,OrderSide.Sell,OrderStatus.Filled,002602.SZ,,TimeInForce.GTC,,,,1625155200000000000,2021-07-01T16:00:00Z
379.62,107337.555,1625068800000000000,2021-06-30T16:00:00Z,113100.0,,08ca8af4-5c3f-4fba-b481-5d3c6395012c,OrderRole.Standalone,OrderType.Market,_default,,PositionEffect.Close,,113100.0,False,,OrderSide.Sell,OrderStatus.Filled,002821.SZ,,TimeInForce.GTC,,,,1625155200000000000,2021-07-01T16:00:00Z
11.5884,101111.6871,1625068800000000000,2021-06-30T16:00:00Z,3490100.0,,6b1567b7-68fa-4ae0-a109-ef310e70a670,OrderRole.Standalone,OrderType.Market,_default,,PositionEffect.Close,,3490100.0,False,,OrderSide.Sell,OrderStatus.Filled,601699.SH,,TimeInForce.GTC,,,,1625155200000000000,2021-07-01T16:00:00Z
233.233,98599.25075,1625068800000000000,2021-06-30T16:00:00Z,169100.0,,2cc15287-b112-4866-a4c8-ec9ecad1e027,OrderRole.Standalone,OrderType.Market,_default,,PositionEffect.Open,,169100.0,False,,OrderSide.Buy,OrderStatus.Filled,002594.SZ,,TimeInForce.GTC,,,,1625155200000000000,2021-07-01T16:00:00Z
206.38618,100974.438565,1625068800000000000,2021-06-30T16:00:00Z,195700.0,,e0bb41f6-766d-4abb-98ff-735cc99c7bae,OrderRole.Standalone,OrderType.Market,_default,,PositionEffect.Open,,195700.0,False,,OrderSide.Buy,OrderStatus.Filled,300347.SZ,,TimeInForce.GTC,,,,1625155200000000000,2021-07-01T16:00:00Z
35.04501,98791.88319,1625068800000000000,2021-06-30T16:00:00Z,1127600.0,,7dfe4000-2508-4729-8ce6-34cd9ee9cb12,OrderRole.Standalone,OrderType.Market,_default,,PositionEffect.Open,,1127600.0,False,,OrderSide.Buy,OrderStatus.Filled,300803.SZ,,TimeInForce.GTC,,,,1625155200000000000,2021-07-01T16:00:00Z
385.385,7996.73875,1625068800000000000,2021-06-30T16:00:00Z,8300.0,,51a63b96-babf-46a7-b0f2-f227f5d5fdf2,OrderRole.Standalone,OrderType.Market,_default,,PositionEffect.Open,,8300.0,False,,OrderSide.Buy,OrderStatus.Filled,000661.SZ,,TimeInForce.GTC,,,,1625155200000000000,2021-07-01T16:00:00Z
19.02096,79417.26324,1627488000000000000,2021-07-28T16:00:00Z,1670100.0,,edcf392d-16c7-4377-9c9f-9cb4ce3fee60,OrderRole.Standalone,OrderType.Market,_default,,PositionEffect.Close,,1670100.0,False,,OrderSide.Sell,OrderStatus.Filled,002555.SZ,,TimeInForce.GTC,,,,1627574400000000000,2021-07-29T16:00:00Z
256.93281,108618.3454275,1627488000000000000,2021-07-28T16:00:00Z,169100.0,,b2621dd1-064e-47fa-99cc-fb02265c5ffd,OrderRole.Standalone,OrderType.Market,_default,,PositionEffect.Close,,169100.0,False,,OrderSide.Sell,OrderStatus.Filled,002594.SZ,,TimeInForce.GTC,,,,1627574400000000000,2021-07-29T16:00:00Z
159.84,78201.72,1627488000000000000,2021-07-28T16:00:00Z,195700.0,,0d514f2a-1f32-4b2d-822c-31923673fad1,OrderRole.Standalone,OrderType.Market,_default,,PositionEffect.Close,,195700.0,False,,OrderSide.Sell,OrderStatus.Filled,300347.SZ,,TimeInForce.GTC,,,,1627574400000000000,2021-07-29T16:00:00Z
35.54442,10316.767905,1627488000000000000,2021-07-28T16:00:00Z,116100.0,,cd658615-55d5-4c60-9f6b-2d96b15ebc7c,OrderRole.Standalone,OrderType.Market,_default,,PositionEffect.Close,,116100.0,False,,OrderSide.Sell,OrderStatus.Filled,300803.SZ,,TimeInForce.GTC,,,,1627574400000000000,2021-07-29T16:00:00Z
1726.725,89358.01875,1627488000000000000,2021-07-28T16:00:00Z,20700.0,,2538d302-e4e7-41ce-a0ac-f2d08656b5c2,OrderRole.Standalone,OrderType.Market,_default,,PositionEffect.Open,,20700.0,False,,OrderSide.Buy,OrderStatus.Filled,600519.SH,,TimeInForce.GTC,,,,1627574400000000000,2021-07-29T16:00:00Z
59.9599,92473.155775,1627488000000000000,2021-07-28T16:00:00Z,616900.0,,2d0ee83d-d33c-4d4a-930d-97fd38e795af,OrderRole.Standalone,OrderType.Market,_default,,PositionEffect.Open,,616900.0,False,,OrderSide.Buy,OrderStatus.Filled,002459.SZ,,TimeInForce.GTC,,,,1627574400000000000,2021-07-29T16:00:00Z
100.6005,96425.57925,1627488000000000000,2021-07-28T16:00:00Z,383400.0,,b774b221-9ef1-40ea-a137-5fb00e2ebea2,OrderRole.Standalone,OrderType.Market,_default,,PositionEffect.Open,,383400.0,False,,OrderSide.Buy,OrderStatus.Filled,002466.SZ,,TimeInForce.GTC,,,,1627574400000000000,2021-07-29T16:00:00Z
305.305,10762.00125,1627488000000000000,2021-07-28T16:00:00Z,14100.0,,8fb8ca78-a596-4b80-958a-54913eb829b0,OrderRole.Standalone,OrderType.Market,_default,,PositionEffect.Open,,14100.0,False,,OrderSide.Buy,OrderStatus.Filled,000661.SZ,,TimeInForce.GTC,,,,1627574400000000000,2021-07-29T16:00:00Z
68.91102,106278.020595,1629907200000000000,2021-08-25T16:00:00Z,616900.0,,f9c74610-4359-4ab3-bc85-cb0bb16810b5,OrderRole.Standalone,OrderType.Market,_default,,PositionEffect.Close,,616900.0,False,,OrderSide.Sell,OrderStatus.Filled,002459.SZ,,TimeInForce.GTC,,,,1629993600000000000,2021-08-26T16:00:00Z
119.80008,23720.41584,1629907200000000000,2021-08-25T16:00:00Z,79200.0,,75eae17b-6361-4d39-9dd7-72779d893ac2,OrderRole.Standalone,OrderType.Market,_default,,PositionEffect.Close,,79200.0,False,,OrderSide.Sell,OrderStatus.Filled,002466.SZ,,TimeInForce.GTC,,,,1629993600000000000,2021-08-26T16:00:00Z
85.09501,93349.22597,1629907200000000000,2021-08-25T16:00:00Z,438800.0,,0271a288-8217-4864-84d4-13cda7a11635,OrderRole.Standalone,OrderType.Market,_default,,PositionEffect.Open,,438800.0,False,,OrderSide.Buy,OrderStatus.Filled,300142.SZ,,TimeInForce.GTC,,,,1629993600000000000,2021-08-26T16:00:00Z
34.92489,3867.9315675,1629907200000000000,2021-08-25T16:00:00Z,44300.0,,addbe4ea-b77f-418d-9e56-bdbd3a661b73,OrderRole.Standalone,OrderType.Market,_default,,PositionEffect.Open,,44300.0,False,,OrderSide.Buy,OrderStatus.Filled,300803.SZ,,TimeInForce.GTC,,,,1629993600000000000,2021-08-26T16:00:00Z
1590.589,9145.88675,1629907200000000000,2021-08-25T16:00:00Z,2300.0,,7c3a6ede-1581-4c80-8bca-9e9ff021b993,OrderRole.Standalone,OrderType.Market,_default,,PositionEffect.Open,,2300.0,False,,OrderSide.Buy,OrderStatus.Filled,600519.SH,,TimeInForce.GTC,,,,1629993600000000000,2021-08-26T16:00:00Z
264.30404,14272.41816,1629907200000000000,2021-08-25T16:00:00Z,21600.0,,ab49e8e8-bfee-4021-b915-97790cdd8f00,OrderRole.Standalone,OrderType.Market,_default,,PositionEffect.Open,,21600.0,False,,OrderSide.Buy,OrderStatus.Filled,000661.SZ,,TimeInForce.GTC,,,,1629993600000000000,2021-08-26T16:00:00Z
264.39534,91877.38065,1632672000000000000,2021-09-26T16:00:00Z,139000.0,,03f193d9-43d4-4cc3-a3d4-2599d84b602b,OrderRole.Standalone,OrderType.Market,_default,,PositionEffect.Close,,139000.0,False,,OrderSide.Sell,OrderStatus.Filled,000661.SZ,,TimeInForce.GTC,,,,1632758400000000000,2021-09-27T16:00:00Z
66.81312,73293.99264,1632672000000000000,2021-09-26T16:00:00Z,438800.0,,cee17a36-47ef-4e58-b23a-9f57ba9fbd4e,OrderRole.Standalone,OrderType.Market,_default,,PositionEffect.Close,,438800.0,False,,OrderSide.Sell,OrderStatus.Filled,300142.SZ,,TimeInForce.GTC,,,,1632758400000000000,2021-09-27T16:00:00Z
35.5644,5983.7103,1632672000000000000,2021-09-26T16:00:00Z,67300.0,,8ef7c161-5e62-4f90-b0f0-1342be63a3c1,OrderRole.Standalone,OrderType.Market,_default,,PositionEffect.Close,,67300.0,False,,OrderSide.Sell,OrderStatus.Filled,300803.SZ,,TimeInForce.GTC,,,,1632758400000000000,2021-09-27T16:00:00Z
1846.152,106153.74,1632672000000000000,2021-09-26T16:00:00Z,23000.0,,cf46fff5-945f-48da-87ea-5e4cdf0d5c0d,OrderRole.Standalone,OrderType.Market,_default,,PositionEffect.Close,,23000.0,False,,OrderSide.Sell,OrderStatus.Filled,600519.SH,,TimeInForce.GTC,,,,1632758400000000000,2021-09-27T16:00:00Z
252.1519,87874.93715,1632672000000000000,2021-09-26T16:00:00Z,139400.0,,b888994a-ce93-414f-92b6-86f22710d1c4,OrderRole.Standalone,OrderType.Market,_default,,PositionEffect.Open,,139400.0,False,,OrderSide.Buy,OrderStatus.Filled,002594.SZ,,TimeInForce.GTC,,,,1632758400000000000,2021-09-27T16:00:00Z
296.84655,87421.308975,1632672000000000000,2021-09-26T16:00:00Z,117800.0,,6b622ba4-d949-4a43-9c3f-955665909d2e,OrderRole.Standalone,OrderType.Market,_default,,PositionEffect.Open,,117800.0,False,,OrderSide.Buy,OrderStatus.Filled,002812.SZ,,TimeInForce.GTC,,,,1632758400000000000,2021-09-27T16:00:00Z
127.6275,88573.485,1632672000000000000,2021-09-26T16:00:00Z,277600.0,,03bab5ff-ef6d-4975-a7ac-38ff48a7d8f9,OrderRole.Standalone,OrderType.Market,_default,,PositionEffect.Open,,277600.0,False,,OrderSide.Buy,OrderStatus.Filled,300033.SZ,,TimeInForce.GTC,,,,1632758400000000000,2021-09-27T16:00:00Z
97.12703,15006.126135,1632672000000000000,2021-09-26T16:00:00Z,61800.0,,06509358-f3e7-4384-9487-d69dcf41db4e,OrderRole.Standalone,OrderType.Market,_default,,PositionEffect.Open,,61800.0,False,,OrderSide.Buy,OrderStatus.Filled,002466.SZ,,TimeInForce.GTC,,,,1632758400000000000,2021-09-27T16:00:00Z
309.69,107926.965,1635696000000000000,2021-10-31T16:00:00Z,139400.0,,cbc6bb70-6aa4-4f70-ae1e-c74d7c463582,OrderRole.Standalone,OrderType.Market,_default,,PositionEffect.Close,,139400.0,False,,OrderSide.Sell,OrderStatus.Filled,002594.SZ,,TimeInForce.GTC,,,,1635782400000000000,2021-11-01T16:00:00Z
285.714,84142.773,1635696000000000000,2021-10-31T16:00:00Z,117800.0,,b320110e-c2a8-435c-b41a-4faf3e0ac536,OrderRole.Standalone,OrderType.Market,_default,,PositionEffect.Close,,117800.0,False,,OrderSide.Sell,OrderStatus.Filled,002812.SZ,,TimeInForce.GTC,,,,1635782400000000000,2021-11-01T16:00:00Z
115.39449,80083.77606,1635696000000000000,2021-10-31T16:00:00Z,277600.0,,dafc19ac-90b5-457f-a9de-0c31acf46dec,OrderRole.Standalone,OrderType.Market,_default,,PositionEffect.Close,,277600.0,False,,OrderSide.Sell,OrderStatus.Filled,300033.SZ,,TimeInForce.GTC,,,,1635782400000000000,2021-11-01T16:00:00Z
32.78718,81025.318575,1635696000000000000,2021-10-31T16:00:00Z,988500.0,,f3ac0e6c-0dc1-4d6c-8583-6beb47394e5d,OrderRole.Standalone,OrderType.Market,_default,,PositionEffect.Close,,988500.0,False,,OrderSide.Sell,OrderStatus.Filled,300803.SZ,,TimeInForce.GTC,,,,1635782400000000000,2021-11-01T16:00:00Z
46.02598,86666.92034,1635696000000000000,2021-10-31T16:00:00Z,753200.0,,b53cb1b0-8842-4259-be4d-c64ecc30d2f2,OrderRole.Standalone,OrderType.Market,_default,,PositionEffect.Open,,753200.0,False,,OrderSide.Buy,OrderStatus.Filled,600111.SH,,TimeInForce.GTC,,,,1635782400000000000,2021-11-01T16:00:00Z
28.6286,87882.64485,1635696000000000000,2021-10-31T16:00:00Z,1227900.0,,85d71383-e0e3-4350-ba71-fb338e349e25,OrderRole.Standalone,OrderType.Market,_default,,PositionEffect.Open,,1227900.0,False,,OrderSide.Buy,OrderStatus.Filled,000408.SZ,,TimeInForce.GTC,,,,1635782400000000000,2021-11-01T16:00:00Z
49.049,87466.62925,1635696000000000000,2021-10-31T16:00:00Z,713300.0,,ce52a14c-a9fb-4fa7-ab0f-6c20c24bda8d,OrderRole.Standalone,OrderType.Market,_default,,PositionEffect.Open,,713300.0,False,,OrderSide.Buy,OrderStatus.Filled,002837.SZ,,TimeInForce.GTC,,,,1635782400000000000,2021-11-01T16:00:00Z
655.655,87202.115,1635696000000000000,2021-10-31T16:00:00Z,53200.0,,9affea68-e94f-4dfe-8127-b7d3186d4344,OrderRole.Standalone,OrderType.Market,_default,,PositionEffect.Open,,53200.0,False,,OrderSide.Buy,OrderStatus.Filled,300750.SZ,,TimeInForce.GTC,,,,1635782400000000000,2021-11-01T16:00:00Z
90.87078,4975.175205,1635696000000000000,2021-10-31T16:00:00Z,21900.0,,4c9bd272-4f6e-4bc0-9c59-7281b2561fd6,OrderRole.Standalone,OrderType.Market,_default,,PositionEffect.Open,,21900.0,False,,OrderSide.Buy,OrderStatus.Filled,002466.SZ,,TimeInForce.GTC,,,,1635782400000000000,2021-11-01T16:00:00Z
28.53144,87584.38794,1638115200000000000,2021-11-28T16:00:00Z,1227900.0,,c06a3d7d-689a-4db8-8f63-b7e3848a8853,OrderRole.Standalone,OrderType.Market,_default,,PositionEffect.Close,,1227900.0,False,,OrderSide.Sell,OrderStatus.Filled,000408.SZ,,TimeInForce.GTC,,,,1638201600000000000,2021-11-29T16:00:00Z
122.9769,119256.848775,1638115200000000000,2021-11-28T16:00:00Z,387900.0,,109bb906-c3e7-49ad-a3c1-e4678f6e7496,OrderRole.Standalone,OrderType.Market,_default,,PositionEffect.Close,,387900.0,False,,OrderSide.Sell,OrderStatus.Filled,002466.SZ,,TimeInForce.GTC,,,,1638201600000000000,2021-11-29T16:00:00Z
47.37258,84477.153285,1638115200000000000,2021-11-28T16:00:00Z,713300.0,,3859f1c7-4b51-4c03-9744-545201abc076,OrderRole.Standalone,OrderType.Market,_default,,PositionEffect.Close,,713300.0,False,,OrderSide.Sell,OrderStatus.Filled,002837.SZ,,TimeInForce.GTC,,,,1638201600000000000,2021-11-29T16:00:00Z
56.2437,105906.8871,1638115200000000000,2021-11-28T16:00:00Z,753200.0,,2b29fea9-879b-4f41-8960-1540fc77903a,OrderRole.Standalone,OrderType.Market,_default,,PositionEffect.Close,,753200.0,False,,OrderSide.Sell,OrderStatus.Filled,600111.SH,,TimeInForce.GTC,,,,1638201600000000000,2021-11-29T16:00:00Z
66.65659,95452.23688,1638115200000000000,2021-11-28T16:00:00Z,572800.0,,ff4c28a6-868e-4f57-bd26-df8de97068c3,OrderRole.Standalone,OrderType.Market,_default,,PositionEffect.Open,,572800.0,False,,OrderSide.Buy,OrderStatus.Filled,601689.SH,,TimeInForce.GTC,,,,1638201600000000000,2021-11-29T16:00:00Z
20.23021,92699.8797725,1638115200000000000,2021-11-28T16:00:00Z,1832900.0,,e50f7247-2cca-4041-8671-b8a004808682,OrderRole.Standalone,OrderType.Market,_default,,PositionEffect.Open,,1832900.0,False,,OrderSide.Buy,OrderStatus.Filled,000657.SZ,,TimeInForce.GTC,,,,1638201600000000000,2021-11-29T16:00:00Z
4.84484,95453.03768,1638115200000000000,2021-11-28T16:00:00Z,7880800.0,,6e65537e-361f-43a4-ad15-3d833e46e772,OrderRole.Standalone,OrderType.Market,_default,,PositionEffect.Open,,7880800.0,False,,OrderSide.Buy,OrderStatus.Filled,000725.SZ,,TimeInForce.GTC,,,,1638201600000000000,2021-11-29T16:00:00Z
6.23623,95453.2954375,1638115200000000000,2021-11-28T16:00:00Z,6122500.0,,2d275bec-60f4-4e7a-9764-91353032e1d8,OrderRole.Standalone,OrderType.Market,_default,,PositionEffect.Open,,6122500.0,False,,OrderSide.Buy,OrderStatus.Filled,600011.SH,,TimeInForce.GTC,,,,1638201600000000000,2021-11-29T16:00:00Z
685.44476,4969.47451,1638115200000000000,2021-11-28T16:00:00Z,2900.0,,d6e21255-4a24-48f1-a0b6-9cff8a312f6e,OrderRole.Standalone,OrderType.Market,_default,,PositionEffect.Open,,2900.0,False,,OrderSide.Buy,OrderStatus.Filled,300750.SZ,,TimeInForce.GTC,,,,1638201600000000000,2021-11-29T16:00:00Z
15.7842,72327.15045,1640534400000000000,2021-12-26T16:00:00Z,1832900.0,,799de6ec-75a5-442d-abbe-2a4f8395b781,OrderRole.Standalone,OrderType.Market,_default,,PositionEffect.Close,,1832900.0,False,,OrderSide.Sell,OrderStatus.Filled,000657.SZ,,TimeInForce.GTC,,,,1640620800000000000,2021-12-27T16:00:00Z
4.95504,97624.19808,1640534400000000000,2021-12-26T16:00:00Z,7880800.0,,d557bff2-fabe-4560-9329-028471f58f2d,OrderRole.Standalone,OrderType.Market,_default,,PositionEffect.Close,,7880800.0,False,,OrderSide.Sell,OrderStatus.Filled,000725.SZ,,TimeInForce.GTC,,,,1640620800000000000,2021-12-27T16:00:00Z
577.422,80983.4355,1640534400000000000,2021-12-26T16:00:00Z,56100.0,,c5ea9162-28ff-4508-b0de-a1e8d41d22f8,OrderRole.Standalone,OrderType.Market,_default,,PositionEffect.Close,,56100.0,False,,OrderSide.Sell,OrderStatus.Filled,300750.SZ,,TimeInForce.GTC,,,,1640620800000000000,2021-12-27T16:00:00Z
9.76023,149392.5204375,1640534400000000000,2021-12-26T16:00:00Z,6122500.0,,70116217-841a-4c5a-b2d0-9839792f4419,OrderRole.Standalone,OrderType.Market,_default,,PositionEffect.Close,,6122500.0,False,,OrderSide.Sell,OrderStatus.Filled,600011.SH,,TimeInForce.GTC,,,,1640620800000000000,2021-12-27T16:00:00Z
54.92502,78652.62864,1640534400000000000,2021-12-26T16:00:00Z,572800.0,,40291723-c76c-4724-85ef-2f713105e157,OrderRole.Standalone,OrderType.Market,_default,,PositionEffect.Close,,572800.0,False,,OrderSide.Sell,OrderStatus.Filled,601689.SH,,TimeInForce.GTC,,,,1640620800000000000,2021-12-27T16:00:00Z
278.278,96075.4795,1640534400000000000,2021-12-26T16:00:00Z,138100.0,,14896d6d-198b-4bc4-af4c-f27f73ab622f,OrderRole.Standalone,OrderType.Market,_default,,PositionEffect.Open,,138100.0,False,,OrderSide.Buy,OrderStatus.Filled,000661.SZ,,TimeInForce.GTC,,,,1640620800000000000,2021-12-27T16:00:00Z
32.2322,94545.10065,1640534400000000000,2021-12-26T16:00:00Z,1173300.0,,0cf4ba81-2e16-4c10-a739-ec1a64f28e12,OrderRole.Standalone,OrderType.Market,_default,,PositionEffect.Open,,1173300.0,False,,OrderSide.Buy,OrderStatus.Filled,000999.SZ,,TimeInForce.GTC,,,,1640620800000000000,2021-12-27T16:00:00Z
94.95486,96830.218485,1640534400000000000,2021-12-26T16:00:00Z,407900.0,,54e2c393-9993-4a5a-a714-83a28252a4cf,OrderRole.Standalone,OrderType.Market,_default,,PositionEffect.Open,,407900.0,False,,OrderSide.Buy,OrderStatus.Filled,002466.SZ,,TimeInForce.GTC,,,,1640620800000000000,2021-12-27T16:00:00Z
544.9444,95910.2144,1640534400000000000,2021-12-26T16:00:00Z,70400.0,,640a2536-e7fc-4147-b653-a594a34d877b,OrderRole.Standalone,OrderType.Market,_default,,PositionEffect.Open,,70400.0,False,,OrderSide.Buy,OrderStatus.Filled,300896.SZ,,TimeInForce.GTC,,,,1640620800000000000,2021-12-27T16:00:00Z
44.044,96423.327,1640534400000000000,2021-12-26T16:00:00Z,875700.0,,928276c4-2d62-4108-b6f6-ffe01e75fcae,OrderRole.Standalone,OrderType.Market,_default,,PositionEffect.Open,,875700.0,False,,OrderSide.Buy,OrderStatus.Filled,600111.SH,,TimeInForce.GTC,,,,1640620800000000000,2021-12-27T16:00:00Z
164.9349,56943.774225,1643040000000000000,2022-01-24T16:00:00Z,138100.0,,8dd76860-6135-4d64-812c-3357cd4c9ca8,OrderRole.Standalone,OrderType.Market,_default,,PositionEffect.Close,,138100.0,False,,OrderSide.Sell,OrderStatus.Filled,000661.SZ,,TimeInForce.GTC,,,,1643126400000000000,2022-01-25T16:00:00Z
36.4635,106956.561375,1643040000000000000,2022-01-24T16:00:00Z,1173300.0,,479a469a-65d8-4611-bd31-eb72ca2b2f2a,OrderRole.Standalone,OrderType.Market,_default,,PositionEffect.Close,,1173300.0,False,,OrderSide.Sell,OrderStatus.Filled,000999.SZ,,TimeInForce.GTC,,,,1643126400000000000,2022-01-25T16:00:00Z
88.79112,3107.6892,1643040000000000000,2022-01-24T16:00:00Z,14000.0,,27dca062-d43e-4111-b6dc-1b5bd4fff575,OrderRole.Standalone,OrderType.Market,_default,,PositionEffect.Close,,14000.0,False,,OrderSide.Sell,OrderStatus.Filled,002466.SZ,,TimeInForce.GTC,,,,1643126400000000000,2022-01-25T16:00:00Z
463.536,81582.336,1643040000000000000,2022-01-24T16:00:00Z,70400.0,,0226dbdb-4ac3-48bf-a6d1-44822ac4f2ab,OrderRole.Standalone,OrderType.Market,_default,,PositionEffect.Close,,70400.0,False,,OrderSide.Sell,OrderStatus.Filled,300896.SZ,,TimeInForce.GTC,,,,1643126400000000000,2022-01-25T16:00:00Z
40.94901,2866.4307,1643040000000000000,2022-01-24T16:00:00Z,28000.0,,876a6251-ac87-4612-a554-d5ccc4e69982,OrderRole.Standalone,OrderType.Market,_default,,PositionEffect.Close,,28000.0,False,,OrderSide.Sell,OrderStatus.Filled,600111.SH,,TimeInForce.GTC,,,,1643126400000000000,2022-01-25T16:00:00Z
32.30227,86957.71084,1643040000000000000,2022-01-24T16:00:00Z,1076800.0,,6734cdfd-2cc4-4587-827a-b10ee83576b7,OrderRole.Standalone,OrderType.Market,_default,,PositionEffect.Open,,1076800.0,False,,OrderSide.Buy,OrderStatus.Filled,000408.SZ,,TimeInForce.GTC,,,,1643126400000000000,2022-01-25T16:00:00Z
15.65564,85448.48312,1643040000000000000,2022-01-24T16:00:00Z,2183200.0,,d1909496-eac6-4ed8-9a62-fba41956737b,OrderRole.Standalone,OrderType.Market,_default,,PositionEffect.Open,,2183200.0,False,,OrderSide.Buy,OrderStatus.Filled,000876.SZ,,TimeInForce.GTC,,,,1643126400000000000,2022-01-25T16:00:00Z
35.49546,85526.31087,1643040000000000000,2022-01-24T16:00:00Z,963800.0,,7be223a2-faee-4be8-9766-7090f1c3093e,OrderRole.Standalone,OrderType.Market,_default,,PositionEffect.Open,,963800.0,False,,OrderSide.Buy,OrderStatus.Filled,000977.SZ,,TimeInForce.GTC,,,,1643126400000000000,2022-01-25T16:00:00Z
35.94402,5715.09918,1646064000000000000,2022-02-28T16:00:00Z,63600.0,,1bc789bd-cbb7-4c65-8569-22435173642b,OrderRole.Standalone,OrderType.Market,_default,,PositionEffect.Close,,63600.0,False,,OrderSide.Sell,OrderStatus.Filled,000408.SZ,,TimeInForce.GTC,,,,1646150400000000000,2022-03-01T16:00:00Z
16.983,934.065,1646064000000000000,2022-02-28T16:00:00Z,22000.0,,4935d392-9c02-407f-9d0f-f322034ae51c,OrderRole.Standalone,OrderType.Market,_default,,PositionEffect.Close,,22000.0,False,,OrderSide.Sell,OrderStatus.Filled,000876.SZ,,TimeInForce.GTC,,,,1646150400000000000,2022-03-01T16:00:00Z
32.54742,78423.00849,1646064000000000000,2022-02-28T16:00:00Z,963800.0,,e569ce2d-d44d-4cf6-b37e-552f077c252b,OrderRole.Standalone,OrderType.Market,_default,,PositionEffect.Close,,963800.0,False,,OrderSide.Sell,OrderStatus.Filled,000977.SZ,,TimeInForce.GTC,,,,1646150400000000000,2022-03-01T16:00:00Z
95.71419,94254.5486025,1646064000000000000,2022-02-28T16:00:00Z,393900.0,,e58c69af-7ef5-43df-a2e3-eb0f96e9dd1b,OrderRole.Standalone,OrderType.Market,_default,,PositionEffect.Close,,393900.0,False,,OrderSide.Sell,OrderStatus.Filled,002466.SZ,,TimeInForce.GTC,,,,1646150400000000000,2022-03-01T16:00:00Z
46.5534,8426.1654,1646064000000000000,2022-02-28T16:00:00Z,72400.0,,a25d0712-7072-4dd3-b2af-f9fba3694bb1,OrderRole.Standalone,OrderType.Market,_default,,PositionEffect.Close,,72400.0,False,,OrderSide.Sell,OrderStatus.Filled,600111.SH,,TimeInForce.GTC,,,,1646150400000000000,2022-03-01T16:00:00Z
1841.84,90250.16,1646064000000000000,2022-02-28T16:00:00Z,19600.0,,46ffdf2e-3089-4cc2-9756-d0b021269256,OrderRole.Standalone,OrderType.Market,_default,,PositionEffect.Open,,19600.0,False,,OrderSide.Buy,OrderStatus.Filled,600519.SH,,TimeInForce.GTC,,,,1646150400000000000,2022-03-01T16:00:00Z
4.84484,91079.35837,1646064000000000000,2022-02-28T16:00:00Z,7519700.0,,f2c0d6ab-7018-4e54-a431-917ebbedfe25,OrderRole.Standalone,OrderType.Market,_default,,PositionEffect.Open,,7519700.0,False,,OrderSide.Buy,OrderStatus.Filled,601328.SH,,TimeInForce.GTC,,,,1646150400000000000,2022-03-01T16:00:00Z
32.00796,81076.16268,1648483200000000000,2022-03-28T16:00:00Z,1013200.0,,7a4190c5-8734-4bb6-8dec-f9eec31cce9c,OrderRole.Standalone,OrderType.Market,_default,,PositionEffect.Close,,1013200.0,False,,OrderSide.Sell,OrderStatus.Filled,000408.SZ,,TimeInForce.GTC,,,,1648569600000000000,2022-03-29T16:00:00Z
16.7832,90679.6296,1648483200000000000,2022-03-28T16:00:00Z,2161200.0,,b431d69a-94e0-49e3-ad89-bf232c0c5f42,OrderRole.Standalone,OrderType.Market,_default,,PositionEffect.Close,,2161200.0,False,,OrderSide.Sell,OrderStatus.Filled,000876.SZ,,TimeInForce.GTC,,,,1648569600000000000,2022-03-29T16:00:00Z
1696.302,83118.798,1648483200000000000,2022-03-28T16:00:00Z,19600.0,,e1338b19-a03b-403e-9f49-3f7175366baa,OrderRole.Standalone,OrderType.Market,_default,,PositionEffect.Close,,19600.0,False,,OrderSide.Sell,OrderStatus.Filled,600519.SH,,TimeInForce.GTC,,,,1648569600000000000,2022-03-29T16:00:00Z
5.02497,9090.17073,1648483200000000000,2022-03-28T16:00:00Z,723600.0,,de6bc133-1c45-470a-b6eb-b0c661c3b920,OrderRole.Standalone,OrderType.Market,_default,,PositionEffect.Close,,723600.0,False,,OrderSide.Sell,OrderStatus.Filled,601328.SH,,TimeInForce.GTC,,,,1648569600000000000,2022-03-29T16:00:00Z
82.43235,85235.0499,1648483200000000000,2022-03-28T16:00:00Z,413600.0,,1bed1bd9-6579-4edf-a107-7aee4b386ea1,OrderRole.Standalone,OrderType.Market,_default,,PositionEffect.Open,,413600.0,False,,OrderSide.Buy,OrderStatus.Filled,002466.SZ,,TimeInForce.GTC,,,,1648569600000000000,2022-03-29T16:00:00Z
22.022,84399.315,1648483200000000000,2022-03-28T16:00:00Z,1533000.0,,a2e5675a-1310-4c6c-b08c-18aa0c3f5d62,OrderRole.Standalone,OrderType.Market,_default,,PositionEffect.Open,,1533000.0,False,,OrderSide.Buy,OrderStatus.Filled,300498.SZ,,TimeInForce.GTC,,,,1648569600000000000,2022-03-29T16:00:00Z
21.63161,84460.621245,1648483200000000000,2022-03-28T16:00:00Z,1561800.0,,fdc83928-42a5-42fd-886f-e73476cfc699,OrderRole.Standalone,OrderType.Market,_default,,PositionEffect.Open,,1561800.0,False,,OrderSide.Buy,OrderStatus.Filled,600547.SH,,TimeInForce.GTC,,,,1648569600000000000,2022-03-29T16:00:00Z
38.8388,11059.3483,1648483200000000000,2022-03-28T16:00:00Z,113900.0,,c96f8597-85cc-4ba2-bf34-7153e4d74fa9,OrderRole.Standalone,OrderType.Market,_default,,PositionEffect.Open,,113900.0,False,,OrderSide.Buy,OrderStatus.Filled,600111.SH,,TimeInForce.GTC,,,,1648569600000000000,2022-03-29T16:00:00Z
70.2297,72617.5098,1651075200000000000,2022-04-27T16:00:00Z,413600.0,,6084b5e8-6510-4060-bc4f-74f2289d5ba1,OrderRole.Standalone,OrderType.Market,_default,,PositionEffect.Close,,413600.0,False,,OrderSide.Sell,OrderStatus.Filled,002466.SZ,,TimeInForce.GTC,,,,1651161600000000000,2022-04-28T16:00:00Z
19.98,76573.35,1651075200000000000,2022-04-27T16:00:00Z,1533000.0,,50172e9c-694d-45a4-b1b9-a7d01cda8149,OrderRole.Standalone,OrderType.Market,_default,,PositionEffect.Close,,1533000.0,False,,OrderSide.Sell,OrderStatus.Filled,300498.SZ,,TimeInForce.GTC,,,,1651161600000000000,2022-04-28T16:00:00Z
30.14982,67023.04986,1651075200000000000,2022-04-27T16:00:00Z,889200.0,,e7a44598-e9ad-4c08-9a97-b01dfd668970,OrderRole.Standalone,OrderType.Market,_default,,PositionEffect.Close,,889200.0,False,,OrderSide.Sell,OrderStatus.Filled,600111.SH,,TimeInForce.GTC,,,,1651161600000000000,2022-04-28T16:00:00Z
18.46152,72083.00484,1651075200000000000,2022-04-27T16:00:00Z,1561800.0,,be4a482e-680f-41c7-8828-bb5b4cbd523a,OrderRole.Standalone,OrderType.Market,_default,,PositionEffect.Close,,1561800.0,False,,OrderSide.Sell,OrderStatus.Filled,600547.SH,,TimeInForce.GTC,,,,1651161600000000000,2022-04-28T16:00:00Z
5.07492,86224.15953,1651075200000000000,2022-04-27T16:00:00Z,6796100.0,,67a53848-b1a7-4c30-9da4-8d831eed41bd,OrderRole.Standalone,OrderType.Market,_default,,PositionEffect.Close,,6796100.0,False,,OrderSide.Sell,OrderStatus.Filled,601328.SH,,TimeInForce.GTC,,,,1651161600000000000,2022-04-28T16:00:00Z
18.76875,75952.4390625,1651075200000000000,2022-04-27T16:00:00Z,1618700.0,,db434357-70d6-4302-9569-2b324f3eb2bb,OrderRole.Standalone,OrderType.Market,_default,,PositionEffect.Open,,1618700.0,False,,OrderSide.Buy,OrderStatus.Filled,000002.SZ,,TimeInForce.GTC,,,,1651161600000000000,2022-04-28T16:00:00Z
219.219,77493.9165,1651075200000000000,2022-04-27T16:00:00Z,141400.0,,48eb264a-3b9c-4305-bcdc-bca4767a17dd,OrderRole.Standalone,OrderType.Market,_default,,PositionEffect.Open,,141400.0,False,,OrderSide.Buy,OrderStatus.Filled,000568.SZ,,TimeInForce.GTC,,,,1651161600000000000,2022-04-28T16:00:00Z
154.17402,75815.074335,1651075200000000000,2022-04-27T16:00:00Z,196700.0,,1ab9c80e-3ce7-4eda-af0f-155cd0eb04fd,OrderRole.Standalone,OrderType.Market,_default,,PositionEffect.Open,,196700.0,False,,OrderSide.Buy,OrderStatus.Filled,000661.SZ,,TimeInForce.GTC,,,,1651161600000000000,2022-04-28T16:00:00Z
3.76376,76155.91984,1651075200000000000,2022-04-27T16:00:00Z,8093600.0,,647d7009-a7a3-4d21-b27f-b956b22290e4,OrderRole.Standalone,OrderType.Market,_default,,PositionEffect.Open,,8093600.0,False,,OrderSide.Buy,OrderStatus.Filled,000725.SZ,,TimeInForce.GTC,,,,1651161600000000000,2022-04-28T16:00:00Z
315.47516,74767.61292,1651075200000000000,2022-04-27T16:00:00Z,94800.0,,fa438c3e-7fff-4f72-ad5a-b42b08b94497,OrderRole.Standalone,OrderType.Market,_default,,PositionEffect.Open,,94800.0,False,,OrderSide.Buy,OrderStatus.Filled,300760.SZ,,TimeInForce.GTC,,,,1651161600000000000,2022-04-28T16:00:00Z
17.82216,72121.82598,1653926400000000000,2022-05-30T16:00:00Z,1618700.0,,1ee516e2-8b26-4349-83bb-c77dd34ba504,OrderRole.Standalone,OrderType.Market,_default,,PositionEffect.Close,,1618700.0,False,,OrderSide.Sell,OrderStatus.Filled,000002.SZ,,TimeInForce.GTC,,,,1654012800000000000,2022-05-31T16:00:00Z
214.37541,75781.707435,1653926400000000000,2022-05-30T16:00:00Z,141400.0,,14d18bae-9817-4894-9e5b-47193bd81437,OrderRole.Standalone,OrderType.Market,_default,,PositionEffect.Close,,141400.0,False,,OrderSide.Sell,OrderStatus.Filled,000568.SZ,,TimeInForce.GTC,,,,1654012800000000000,2022-05-31T16:00:00Z
166.12371,6354.2319075,1653926400000000000,2022-05-30T16:00:00Z,15300.0,,c0360d1c-5e6c-4046-9b3e-410a9a865cd7,OrderRole.Standalone,OrderType.Market,_default,,PositionEffect.Close,,15300.0,False,,OrderSide.Sell,OrderStatus.Filled,000661.SZ,,TimeInForce.GTC,,,,1654012800000000000,2022-05-31T16:00:00Z
3.77622,76408.03548,1653926400000000000,2022-05-30T16:00:00Z,8093600.0,,a6eb7dca-306e-4ed3-9686-9b0fdb49a75a,OrderRole.Standalone,OrderType.Market,_default,,PositionEffect.Close,,8093600.0,False,,OrderSide.Sell,OrderStatus.Filled,000725.SZ,,TimeInForce.GTC,,,,1654012800000000000,2022-05-31T16:00:00Z
300.1995,71147.2815,1653926400000000000,2022-05-30T16:00:00Z,94800.0,,85ba0950-4b49-475b-a50e-7782526f8298,OrderRole.Standalone,OrderType.Market,_default,,PositionEffect.Close,,94800.0,False,,OrderSide.Sell,OrderStatus.Filled,300760.SZ,,TimeInForce.GTC,,,,1654012800000000000,2022-05-31T16:00:00Z
96.4964,73795.6219,1653926400000000000,2022-05-30T16:00:00Z,305900.0,,f7176a56-a3e5-45af-b7c0-4a882f2d2384,OrderRole.Standalone,OrderType.Market,_default,,PositionEffect.Open,,305900.0,False,,OrderSide.Buy,OrderStatus.Filled,002466.SZ,,TimeInForce.GTC,,,,1654012800000000000,2022-05-31T16:00:00Z
298.298,75767.692,1653926400000000000,2022-05-30T16:00:00Z,101600.0,,9f997490-3628-44f5-8583-3ac355aa9a49,OrderRole.Standalone,OrderType.Market,_default,,PositionEffect.Open,,101600.0,False,,OrderSide.Buy,OrderStatus.Filled,002594.SZ,,TimeInForce.GTC,,,,1654012800000000000,2022-05-31T16:00:00Z
51.21116,75241.99683,1653926400000000000,2022-05-30T16:00:00Z,587700.0,,2f9cf171-6809-4af2-919e-9cb5cc520846,OrderRole.Standalone,OrderType.Market,_default,,PositionEffect.Open,,587700.0,False,,OrderSide.Buy,OrderStatus.Filled,002714.SZ,,TimeInForce.GTC,,,,1654012800000000000,2022-05-31T16:00:00Z
22.64262,75207.46233,1653926400000000000,2022-05-30T16:00:00Z,1328600.0,,20a3e966-4203-4249-83c6-25761c550659,OrderRole.Standalone,OrderType.Market,_default,,PositionEffect.Open,,1328600.0,False,,OrderSide.Buy,OrderStatus.Filled,300059.SZ,,TimeInForce.GTC,,,,1654012800000000000,2022-05-31T16:00:00Z
228.00177,103398.802695,1656432000000000000,2022-06-28T16:00:00Z,181400.0,,2d7ebe99-6a92-4795-a55c-95fd5a4ab344,OrderRole.Standalone,OrderType.Market,_default,,PositionEffect.Close,,181400.0,False,,OrderSide.Sell,OrderStatus.Filled,000661.SZ,,TimeInForce.GTC,,,,1656518400000000000,2022-06-29T16:00:00Z
121.878,6550.9425,1656432000000000000,2022-06-28T16:00:00Z,21500.0,,a462415a-5e0e-4dc7-ba6c-9a1210c90c58,OrderRole.Standalone,OrderType.Market,_default,,PositionEffect.Close,,21500.0,False,,OrderSide.Sell,OrderStatus.Filled,002466.SZ,,TimeInForce.GTC,,,,1656518400000000000,2022-06-29T16:00:00Z
330.669,83989.926,1656432000000000000,2022-06-28T16:00:00Z,101600.0,,ef8c1a75-c16d-4718-83a7-939c17734f0d,OrderRole.Standalone,OrderType.Market,_default,,PositionEffect.Close,,101600.0,False,,OrderSide.Sell,OrderStatus.Filled,002594.SZ,,TimeInForce.GTC,,,,1656518400000000000,2022-06-29T16:00:00Z
55.08486,80933.430555,1656432000000000000,2022-06-28T16:00:00Z,587700.0,,4a547062-af1f-4c94-8776-0c97a2535ae0,OrderRole.Standalone,OrderType.Market,_default,,PositionEffect.Close,,587700.0,False,,OrderSide.Sell,OrderStatus.Filled,002714.SZ,,TimeInForce.GTC,,,,1656518400000000000,2022-06-29T16:00:00Z
25.10487,83385.825705,1656432000000000000,2022-06-28T16:00:00Z,1328600.0,,355cf65b-7e4c-4a62-88db-fc6b7cb28549,OrderRole.Standalone,OrderType.Market,_default,,PositionEffect.Close,,1328600.0,False,,OrderSide.Sell,OrderStatus.Filled,300059.SZ,,TimeInForce.GTC,,,,1656518400000000000,2022-06-29T16:00:00Z
59.04899,87717.274645,1656432000000000000,2022-06-28T16:00:00Z,594200.0,,2e2f7441-afe6-4e47-9211-c75e7c191c0b,OrderRole.Standalone,OrderType.Market,_default,,PositionEffect.Open,,594200.0,False,,OrderSide.Buy,OrderStatus.Filled,300803.SZ,,TimeInForce.GTC,,,,1656518400000000000,2022-06-29T16:00:00Z
134.99486,87375.423135,1656432000000000000,2022-06-28T16:00:00Z,258900.0,,0335fe5a-d6fb-4e2c-8468-8fabaca4f3b7,OrderRole.Standalone,OrderType.Market,_default,,PositionEffect.Open,,258900.0,False,,OrderSide.Buy,OrderStatus.Filled,000733.SZ,,TimeInForce.GTC,,,,1656518400000000000,2022-06-29T16:00:00Z
55.055,89767.1775,1656432000000000000,2022-06-28T16:00:00Z,652200.0,,9f4b4458-ef67-4a97-b53a-0be0a4aa3128,OrderRole.Standalone,OrderType.Market,_default,,PositionEffect.Open,,652200.0,False,,OrderSide.Buy,OrderStatus.Filled,002129.SZ,,TimeInForce.GTC,,,,1656518400000000000,2022-06-29T16:00:00Z
15.43542,87673.1856,1656432000000000000,2022-06-28T16:00:00Z,2272000.0,,76fe5d47-a387-4053-bbfd-408f6da51510,OrderRole.Standalone,OrderType.Market,_default,,PositionEffect.Open,,2272000.0,False,,OrderSide.Buy,OrderStatus.Filled,002493.SZ,,TimeInForce.GTC,,,,1656518400000000000,2022-06-29T16:00:00Z
121.878,78885.5355,1658851200000000000,2022-07-26T16:00:00Z,258900.0,,7a0cb58f-0f15-4aed-b209-70236aa792f3,OrderRole.Standalone,OrderType.Market,_default,,PositionEffect.Close,,258900.0,False,,OrderSide.Sell,OrderStatus.Filled,000733.SZ,,TimeInForce.GTC,,,,1658937600000000000,2022-07-27T16:00:00Z
54.95499,89604.111195,1658851200000000000,2022-07-26T16:00:00Z,652200.0,,ed458e3e-1a67-49b5-b7eb-4d1db9ed7ae2,OrderRole.Standalone,OrderType.Market,_default,,PositionEffect.Close,,652200.0,False,,OrderSide.Sell,OrderStatus.Filled,002129.SZ,,TimeInForce.GTC,,,,1658937600000000000,2022-07-27T16:00:00Z
119.82006,85192.06266,1658851200000000000,2022-07-26T16:00:00Z,284400.0,,95034127-b66d-4421-9b02-c116ac7a9a2c,OrderRole.Standalone,OrderType.Market,_default,,PositionEffect.Close,,284400.0,False,,OrderSide.Sell,OrderStatus.Filled,002466.SZ,,TimeInForce.GTC,,,,1658937600000000000,2022-07-27T16:00:00Z
14.0859,80007.912,1658851200000000000,2022-07-26T16:00:00Z,2272000.0,,dab5f439-b8eb-474a-ba62-90484b7d97cf,OrderRole.Standalone,OrderType.Market,_default,,PositionEffect.Close,,2272000.0,False,,OrderSide.Sell,OrderStatus.Filled,002493.SZ,,TimeInForce.GTC,,,,1658937600000000000,2022-07-27T16:00:00Z
54.11583,80389.065465,1658851200000000000,2022-07-26T16:00:00Z,594200.0,,2a0c76d8-7ae5-4fd7-a357-cea811e82dea,OrderRole.Standalone,OrderType.Market,_default,,PositionEffect.Close,,594200.0,False,,OrderSide.Sell,OrderStatus.Filled,300803.SZ,,TimeInForce.GTC,,,,1658937600000000000,2022-07-27T16:00:00Z
617.617,81834.2525,1658851200000000000,2022-07-26T16:00:00Z,53000.0,,fcd72a05-4e06-4ac6-aa69-f119b702e38a,OrderRole.Standalone,OrderType.Market,_default,,PositionEffect.Open,,53000.0,False,,OrderSide.Buy,OrderStatus.Filled,300896.SZ,,TimeInForce.GTC,,,,1658937600000000000,2022-07-27T16:00:00Z
124.6245,83965.756875,1658851200000000000,2022-07-26T16:00:00Z,269500.0,,60e3504a-fa4e-475c-a045-f3ea114bc066,OrderRole.Standalone,OrderType.Market,_default,,PositionEffect.Open,,269500.0,False,,OrderSide.Buy,OrderStatus.Filled,688012.SH,,TimeInForce.GTC,,,,1658937600000000000,2022-07-27T16:00:00Z
207.207,82261.179,1658851200000000000,2022-07-26T16:00:00Z,158800.0,,c79e51de-f1ba-4524-a7e4-7d7f8b76496f,OrderRole.Standalone,OrderType.Market,_default,,PositionEffect.Open,,158800.0,False,,OrderSide.Buy,OrderStatus.Filled,688072.SH,,TimeInForce.GTC,,,,1658937600000000000,2022-07-27T16:00:00Z
178.63846,82486.308905,1658851200000000000,2022-07-26T16:00:00Z,184700.0,,cea4af53-cfb3-468f-bb6c-582eee7023fa,OrderRole.Standalone,OrderType.Market,_default,,PositionEffect.Open,,184700.0,False,,OrderSide.Buy,OrderStatus.Filled,688111.SH,,TimeInForce.GTC,,,,1658937600000000000,2022-07-27T16:00:00Z
232.25202,82275.278085,1658851200000000000,2022-07-26T16:00:00Z,141700.0,,830d60b2-cf14-4043-a7c7-7db143ac5252,OrderRole.Standalone,OrderType.Market,_default,,PositionEffect.Open,,141700.0,False,,OrderSide.Buy,OrderStatus.Filled,000568.SZ,,TimeInForce.GTC,,,,1658937600000000000,2022-07-27T16:00:00Z
214.785,76087.58625,1661270400000000000,2022-08-23T16:00:00Z,141700.0,,704d7c45-d009-4711-9181-c86face656cc,OrderRole.Standalone,OrderType.Market,_default,,PositionEffect.Close,,141700.0,False,,OrderSide.Sell,OrderStatus.Filled,000568.SZ,,TimeInForce.GTC,,,,1661356800000000000,2022-08-24T16:00:00Z
549.45,72802.125,1661270400000000000,2022-08-23T16:00:00Z,53000.0,,d1ce76ef-cded-448b-9a13-b9348a58dca2,OrderRole.Standalone,OrderType.Market,_default,,PositionEffect.Close,,53000.0,False,,OrderSide.Sell,OrderStatus.Filled,300896.SZ,,TimeInForce.GTC,,,,1661356800000000000,2022-08-24T16:00:00Z
130.95891,88233.5656125,1661270400000000000,2022-08-23T16:00:00Z,269500.0,,beb4a5c1-3d69-4fb3-9cad-b78e7b6db601,OrderRole.Standalone,OrderType.Market,_default,,PositionEffect.Close,,269500.0,False,,OrderSide.Sell,OrderStatus.Filled,688012.SH,,TimeInForce.GTC,,,,1661356800000000000,2022-08-24T16:00:00Z
239.53023,95093.50131,1661270400000000000,2022-08-23T16:00:00Z,158800.0,,78f3d7e9-b727-47dc-82c1-f68196d6466b,OrderRole.Standalone,OrderType.Market,_default,,PositionEffect.Close,,158800.0,False,,OrderSide.Sell,OrderStatus.Filled,688072.SH,,TimeInForce.GTC,,,,1661356800000000000,2022-08-24T16:00:00Z
165.89394,76601.526795,1661270400000000000,2022-08-23T16:00:00Z,184700.0,,47d499be-0662-413f-84d0-9eeccf8245e3,OrderRole.Standalone,OrderType.Market,_default,,PositionEffect.Close,,184700.0,False,,OrderSide.Sell,OrderStatus.Filled,688111.SH,,TimeInForce.GTC,,,,1661356800000000000,2022-08-24T16:00:00Z
12.4124,81391.2099,1661270400000000000,2022-08-23T16:00:00Z,2622900.0,,3d9b8dd7-5bbb-4390-a0d3-3428cbde6ef7,OrderRole.Standalone,OrderType.Market,_default,,PositionEffect.Open,,2622900.0,False,,OrderSide.Buy,OrderStatus.Filled,000001.SZ,,TimeInForce.GTC,,,,1661356800000000000,2022-08-24T16:00:00Z
182.182,81253.172,1661270400000000000,2022-08-23T16:00:00Z,178400.0,,eecba25a-323d-44b7-92c7-198d8b53747a,OrderRole.Standalone,OrderType.Market,_default,,PositionEffect.Open,,178400.0,False,,OrderSide.Buy,OrderStatus.Filled,000661.SZ,,TimeInForce.GTC,,,,1661356800000000000,2022-08-24T16:00:00Z
3.85385,81603.346825,1661270400000000000,2022-08-23T16:00:00Z,8469800.0,,a972476f-c0fc-4877-8a7e-788b772fd8de,OrderRole.Standalone,OrderType.Market,_default,,PositionEffect.Open,,8469800.0,False,,OrderSide.Buy,OrderStatus.Filled,000725.SZ,,TimeInForce.GTC,,,,1661356800000000000,2022-08-24T16:00:00Z
59.94989,82281.224025,1661270400000000000,2022-08-23T16:00:00Z,549000.0,,61b0a134-ef34-4495-b4b5-7df400a889ef,OrderRole.Standalone,OrderType.Market,_default,,PositionEffect.Open,,549000.0,False,,OrderSide.Buy,OrderStatus.Filled,002714.SZ,,TimeInForce.GTC,,,,1661356800000000000,2022-08-24T16:00:00Z
429.5291,81395.76445,1661270400000000000,2022-08-23T16:00:00Z,75800.0,,f8c87110-c710-49c0-85e9-257241856f34,OrderRole.Standalone,OrderType.Market,_default,,PositionEffect.Open,,75800.0,False,,OrderSide.Buy,OrderStatus.Filled,605117.SH,,TimeInForce.GTC,,,,1661356800000000000,2022-08-24T16:00:00Z
12.22776,80180.47926,1663776000000000000,2022-09-21T16:00:00Z,2622900.0,,ad9fa51f-3371-4aeb-a661-34caaf1c8c4b,OrderRole.Standalone,OrderType.Market,_default,,PositionEffect.Close,,2622900.0,False,,OrderSide.Sell,OrderStatus.Filled,000001.SZ,,TimeInForce.GTC,,,,1663862400000000000,2022-09-22T16:00:00Z
156.843,69951.978,1663776000000000000,2022-09-21T16:00:00Z,178400.0,,dce7c6df-70d3-432c-8acc-5336a7631755,OrderRole.Standalone,OrderType.Market,_default,,PositionEffect.Close,,178400.0,False,,OrderSide.Sell,OrderStatus.Filled,000661.SZ,,TimeInForce.GTC,,,,1663862400000000000,2022-09-22T16:00:00Z
3.38661,71709.773445,1663776000000000000,2022-09-21T16:00:00Z,8469800.0,,1bd8ff5f-a9a8-408e-b95e-ec207013f82f,OrderRole.Standalone,OrderType.Market,_default,,PositionEffect.Close,,8469800.0,False,,OrderSide.Sell,OrderStatus.Filled,000725.SZ,,TimeInForce.GTC,,,,1663862400000000000,2022-09-22T16:00:00Z
56.10384,77002.5204,1663776000000000000,2022-09-21T16:00:00Z,549000.0,,242243e1-058f-46a7-b318-04ccac9e8528,OrderRole.Standalone,OrderType.Market,_default,,PositionEffect.Close,,549000.0,False,,OrderSide.Sell,OrderStatus.Filled,002714.SZ,,TimeInForce.GTC,,,,1663862400000000000,2022-09-22T16:00:00Z
418.581,79321.0995,1663776000000000000,2022-09-21T16:00:00Z,75800.0,,7b0c9002-dfca-4a5b-a6cb-c685deaf6acb,OrderRole.Standalone,OrderType.Market,_default,,PositionEffect.Close,,75800.0,False,,OrderSide.Sell,OrderStatus.Filled,605117.SH,,TimeInForce.GTC,,,,1663862400000000000,2022-09-22T16:00:00Z
214.5143,75133.633575,1663776000000000000,2022-09-21T16:00:00Z,140100.0,,ec5e1f3e-badc-43a9-adb5-3c0dc2497dc4,OrderRole.Standalone,OrderType.Market,_default,,PositionEffect.Open,,140100.0,False,,OrderSide.Buy,OrderStatus.Filled,688111.SH,,TimeInForce.GTC,,,,1663862400000000000,2022-09-22T16:00:00Z
129.33921,75501.7638375,1663776000000000000,2022-09-21T16:00:00Z,233500.0,,dc69d1fd-cde3-40ca-8bdd-07aa1fe156d2,OrderRole.Standalone,OrderType.Market,_default,,PositionEffect.Open,,233500.0,False,,OrderSide.Buy,OrderStatus.Filled,000733.SZ,,TimeInForce.GTC,,,,1663862400000000000,2022-09-22T16:00:00Z
150.70055,75840.0517875,1663776000000000000,2022-09-21T16:00:00Z,201300.0,,65b34c11-a9cf-42c0-ba19-a71b84aec05e,OrderRole.Standalone,OrderType.Market,_default,,PositionEffect.Open,,201300.0,False,,OrderSide.Buy,OrderStatus.Filled,002049.SZ,,TimeInForce.GTC,,,,1663862400000000000,2022-09-22T16:00:00Z
114.34423,75495.7778575,1663776000000000000,2022-09-21T16:00:00Z,264100.0,,94117a90-5c62-47d4-b7f1-76eca2b9a47c,OrderRole.Standalone,OrderType.Market,_default,,PositionEffect.Open,,264100.0,False,,OrderSide.Buy,OrderStatus.Filled,002466.SZ,,TimeInForce.GTC,,,,1663862400000000000,2022-09-22T16:00:00Z
152.76261,76113.9704325,1663776000000000000,2022-09-21T16:00:00Z,199300.0,,1515f5bc-ed8b-4c15-b8ad-603a14b2bd00,OrderRole.Standalone,OrderType.Market,_default,,PositionEffect.Open,,199300.0,False,,OrderSide.Buy,OrderStatus.Filled,601799.SH,,TimeInForce.GTC,,,,1663862400000000000,2022-09-22T16:00:00Z
133.85601,78138.4458375,1666800000000000000,2022-10-26T16:00:00Z,233500.0,,effe4584-40b2-4647-a2e1-6ace87b6031b,OrderRole.Standalone,OrderType.Market,_default,,PositionEffect.Close,,233500.0,False,,OrderSide.Sell,OrderStatus.Filled,000733.SZ,,TimeInForce.GTC,,,,1666886400000000000,2022-10-27T16:00:00Z
159.84,3636.36,1666800000000000000,2022-10-26T16:00:00Z,9100.0,,dc411134-5aa5-4320-8a54-084e7ad3db5d,OrderRole.Standalone,OrderType.Market,_default,,PositionEffect.Close,,9100.0,False,,OrderSide.Sell,OrderStatus.Filled,002049.SZ,,TimeInForce.GTC,,,,1666886400000000000,2022-10-27T16:00:00Z
95.04486,62753.368815,1666800000000000000,2022-10-26T16:00:00Z,264100.0,,c2aecb81-1ef1-4a69-ad68-3324bf317fc8,OrderRole.Standalone,OrderType.Market,_default,,PositionEffect.Close,,264100.0,False,,OrderSide.Sell,OrderStatus.Filled,002466.SZ,,TimeInForce.GTC,,,,1666886400000000000,2022-10-27T16:00:00Z
130.08978,64817.232885,1666800000000000000,2022-10-26T16:00:00Z,199300.0,,253622a2-db84-4bb6-9c24-20cf8f9ef45f,OrderRole.Standalone,OrderType.Market,_default,,PositionEffect.Close,,199300.0,False,,OrderSide.Sell,OrderStatus.Filled,601799.SH,,TimeInForce.GTC,,,,1666886400000000000,2022-10-27T16:00:00Z
269.02071,94224.5036775,1666800000000000000,2022-10-26T16:00:00Z,140100.0,,2969e7d3-5255-465c-be57-3db50e96a6f5,OrderRole.Standalone,OrderType.Market,_default,,PositionEffect.Close,,140100.0,False,,OrderSide.Sell,OrderStatus.Filled,688111.SH,,TimeInForce.GTC,,,,1666886400000000000,2022-10-27T16:00:00Z
175.23506,74474.9005,1666800000000000000,2022-10-26T16:00:00Z,170000.0,,a19ce6c7-ca98-4917-990b-e1d3ba97acc6,OrderRole.Standalone,OrderType.Market,_default,,PositionEffect.Open,,170000.0,False,,OrderSide.Buy,OrderStatus.Filled,000661.SZ,,TimeInForce.GTC,,,,1666886400000000000,2022-10-27T16:00:00Z
259.03878,74603.16864,1666800000000000000,2022-10-26T16:00:00Z,115200.0,,8560dd41-5492-4625-bb62-153ad8c8f59e,OrderRole.Standalone,OrderType.Market,_default,,PositionEffect.Open,,115200.0,False,,OrderSide.Buy,OrderStatus.Filled,002371.SZ,,TimeInForce.GTC,,,,1666886400000000000,2022-10-27T16:00:00Z
119.12901,74753.453775,1666800000000000000,2022-10-26T16:00:00Z,251000.0,,1b624a0c-e1b9-453c-8a40-5a458407afe8,OrderRole.Standalone,OrderType.Market,_default,,PositionEffect.Open,,251000.0,False,,OrderSide.Buy,OrderStatus.Filled,300454.SZ,,TimeInForce.GTC,,,,1666886400000000000,2022-10-27T16:00:00Z
155.30515,74546.472,1666800000000000000,2022-10-26T16:00:00Z,192000.0,,4dabfc33-c697-404c-b7e3-c30402d299d2,OrderRole.Standalone,OrderType.Market,_default,,PositionEffect.Open,,192000.0,False,,OrderSide.Buy,OrderStatus.Filled,605499.SH,,TimeInForce.GTC,,,,1666886400000000000,2022-10-27T16:00:00Z
165.834,18905.076,1669219200000000000,2022-11-23T16:00:00Z,45600.0,,1c7dc180-53fe-40ee-a939-c0760e0ea969,OrderRole.Standalone,OrderType.Market,_default,,PositionEffect.Close,,45600.0,False,,OrderSide.Sell,OrderStatus.Filled,000661.SZ,,TimeInForce.GTC,,,,1669305600000000000,2022-11-24T16:00:00Z
140.3595,67442.73975,1669219200000000000,2022-11-23T16:00:00Z,192200.0,,517790a3-66a2-4d4c-a2b7-68fcf64530dd,OrderRole.Standalone,OrderType.Market,_default,,PositionEffect.Close,,192200.0,False,,OrderSide.Sell,OrderStatus.Filled,002049.SZ,,TimeInForce.GTC,,,,1669305600000000000,2022-11-24T16:00:00Z
226.773,65310.624,1669219200000000000,2022-11-23T16:00:00Z,115200.0,,4796c8ae-22cd-404a-850c-1cb20fb3aa62,OrderRole.Standalone,OrderType.Market,_default,,PositionEffect.Close,,115200.0,False,,OrderSide.Sell,OrderStatus.Filled,002371.SZ,,TimeInForce.GTC,,,,1669305600000000000,2022-11-24T16:00:00Z
111.888,70209.72,1669219200000000000,2022-11-23T16:00:00Z,251000.0,,881719a3-9992-4585-9be7-fa7b9629e29c,OrderRole.Standalone,OrderType.Market,_default,,PositionEffect.Close,,251000.0,False,,OrderSide.Sell,OrderStatus.Filled,300454.SZ,,TimeInForce.GTC,,,,1669305600000000000,2022-11-24T16:00:00Z
172.827,82956.96,1669219200000000000,2022-11-23T16:00:00Z,192000.0,,40bcfd4f-efd3-4c68-ba6b-1cf309f23559,OrderRole.Standalone,OrderType.Market,_default,,PositionEffect.Close,,192000.0,False,,OrderSide.Sell,OrderStatus.Filled,605499.SH,,TimeInForce.GTC,,,,1669305600000000000,2022-11-24T16:00:00Z
250.06982,51701.935285,1669219200000000000,2022-11-23T16:00:00Z,82700.0,,807690d1-4ca9-460c-aef5-6f9f0ebaca0b,OrderRole.Standalone,OrderType.Market,_default,,PositionEffect.Open,,82700.0,False,,OrderSide.Buy,OrderStatus.Filled,688169.SH,,TimeInForce.GTC,,,,1669305600000000000,2022-11-24T16:00:00Z
173.82365,51712.535875,1669219200000000000,2022-11-23T16:00:00Z,119000.0,,db5cf9fc-19a1-4e86-83b1-c84796a6755f,OrderRole.Standalone,OrderType.Market,_default,,PositionEffect.Open,,119000.0,False,,OrderSide.Buy,OrderStatus.Filled,000568.SZ,,TimeInForce.GTC,,,,1669305600000000000,2022-11-24T16:00:00Z
171.16099,51647.8287325,1669219200000000000,2022-11-23T16:00:00Z,120700.0,,818d69c7-0c17-4142-a01e-3c0c80f222f4,OrderRole.Standalone,OrderType.Market,_default,,PositionEffect.Open,,120700.0,False,,OrderSide.Buy,OrderStatus.Filled,300661.SZ,,TimeInForce.GTC,,,,1669305600000000000,2022-11-24T16:00:00Z
1522.03051,51368.5297125,1669219200000000000,2022-11-23T16:00:00Z,13500.0,,12c93e82-2daf-4d99-935c-95351d136635,OrderRole.Standalone,OrderType.Market,_default,,PositionEffect.Open,,13500.0,False,,OrderSide.Buy,OrderStatus.Filled,600519.SH,,TimeInForce.GTC,,,,1669305600000000000,2022-11-24T16:00:00Z
3.1031,51880.7289,1669219200000000000,2022-11-23T16:00:00Z,6687600.0,,4a3fb822-dacc-46fe-81cb-fbeb05341291,OrderRole.Standalone,OrderType.Market,_default,,PositionEffect.Open,,6687600.0,False,,OrderSide.Buy,OrderStatus.Filled,601988.SH,,TimeInForce.GTC,,,,1669305600000000000,2022-11-24T16:00:00Z
149.87973,51708.50685,1669219200000000000,2022-11-23T16:00:00Z,138000.0,,70f1ec90-0741-4f5b-998e-5308fcd4b20f,OrderRole.Standalone,OrderType.Market,_default,,PositionEffect.Open,,138000.0,False,,OrderSide.Buy,OrderStatus.Filled,603392.SH,,TimeInForce.GTC,,,,1669305600000000000,2022-11-24T16:00:00Z
167.05278,51953.41458,1671638400000000000,2022-12-21T16:00:00Z,124400.0,,18e3582c-d5c5-4cff-99f9-811f4233418a,OrderRole.Standalone,OrderType.Market,_default,,PositionEffect.Close,,124400.0,False,,OrderSide.Sell,OrderStatus.Filled,000661.SZ,,TimeInForce.GTC,,,,1671724800000000000,2022-12-22T16:00:00Z
168.50133,50845.2763275,1671638400000000000,2022-12-21T16:00:00Z,120700.0,,764d9f92-530e-4e9c-accd-23a1383baa20,OrderRole.Standalone,OrderType.Market,_default,,PositionEffect.Close,,120700.0,False,,OrderSide.Sell,OrderStatus.Filled,300661.SZ,,TimeInForce.GTC,,,,1671724800000000000,2022-12-22T16:00:00Z
3.12687,52278.13953,1671638400000000000,2022-12-21T16:00:00Z,6687600.0,,df7ba109-ebd7-440f-8471-20cd26ef6a6b,OrderRole.Standalone,OrderType.Market,_default,,PositionEffect.Close,,6687600.0,False,,OrderSide.Sell,OrderStatus.Filled,601988.SH,,TimeInForce.GTC,,,,1671724800000000000,2022-12-22T16:00:00Z
122.89698,42399.4581,1671638400000000000,2022-12-21T16:00:00Z,138000.0,,7e9e1f6f-0852-404a-88db-80354b58eaa2,OrderRole.Standalone,OrderType.Market,_default,,PositionEffect.Close,,138000.0,False,,OrderSide.Sell,OrderStatus.Filled,603392.SH,,TimeInForce.GTC,,,,1671724800000000000,2022-12-22T16:00:00Z
252.96678,52300.881765,1671638400000000000,2022-12-21T16:00:00Z,82700.0,,1ff36fe2-cbf2-4609-a2a2-39812f166729,OrderRole.Standalone,OrderType.Market,_default,,PositionEffect.Close,,82700.0,False,,OrderSide.Sell,OrderStatus.Filled,688169.SH,,TimeInForce.GTC,,,,1671724800000000000,2022-12-22T16:00:00Z
18.60859,73917.9716275,1671638400000000000,2022-12-21T16:00:00Z,1588900.0,,4144e569-c8c9-46f1-aada-40dd6d922e57,OrderRole.Standalone,OrderType.Market,_default,,PositionEffect.Open,,1588900.0,False,,OrderSide.Buy,OrderStatus.Filled,000002.SZ,,TimeInForce.GTC,,,,1671724800000000000,2022-12-22T16:00:00Z
132.79266,73467.539145,1671638400000000000,2022-12-21T16:00:00Z,221300.0,,a9764b16-2388-44f3-8fb2-05e5b22aee6c,OrderRole.Standalone,OrderType.Market,_default,,PositionEffect.Open,,221300.0,False,,OrderSide.Buy,OrderStatus.Filled,002812.SZ,,TimeInForce.GTC,,,,1671724800000000000,2022-12-22T16:00:00Z
548.77823,74633.83928,1671638400000000000,2022-12-21T16:00:00Z,54400.0,,a3034ea4-ffb6-4857-b499-0a746bceb8df,OrderRole.Standalone,OrderType.Market,_default,,PositionEffect.Open,,54400.0,False,,OrderSide.Buy,OrderStatus.Filled,300896.SZ,,TimeInForce.GTC,,,,1671724800000000000,2022-12-22T16:00:00Z
1754.1524,14471.7573,1671638400000000000,2022-12-21T16:00:00Z,3300.0,,ad7260d6-d0a2-4467-a7de-a17db4d2289e,OrderRole.Standalone,OrderType.Market,_default,,PositionEffect.Open,,3300.0,False,,OrderSide.Buy,OrderStatus.Filled,600519.SH,,TimeInForce.GTC,,,,1671724800000000000,2022-12-22T16:00:00Z
216.216,9675.666,1671638400000000000,2022-12-21T16:00:00Z,17900.0,,289ebe1d-a84e-458a-86f1-712e3dcfed69,OrderRole.Standalone,OrderType.Market,_default,,PositionEffect.Open,,17900.0,False,,OrderSide.Buy,OrderStatus.Filled,000568.SZ,,TimeInForce.GTC,,,,1671724800000000000,2022-12-22T16:00:00Z
17.21277,68373.4256325,1677168000000000000,2023-02-23T16:00:00Z,1588900.0,,c0229a98-4f7b-404a-bc60-4a2f7883908f,OrderRole.Standalone,OrderType.Market,_default,,PositionEffect.Close,,1588900.0,False,,OrderSide.Sell,OrderStatus.Filled,000002.SZ,,TimeInForce.GTC,,,,1677427200000000000,2023-02-26T16:00:00Z
246.37338,9731.74851,1677168000000000000,2023-02-23T16:00:00Z,15800.0,,4fff4afd-c893-4fcd-98c8-d87b54f83ef1,OrderRole.Standalone,OrderType.Market,_default,,PositionEffect.Close,,15800.0,False,,OrderSide.Sell,OrderStatus.Filled,000568.SZ,,TimeInForce.GTC,,,,1677427200000000000,2023-02-26T16:00:00Z
125.874,69639.7905,1677168000000000000,2023-02-23T16:00:00Z,221300.0,,5e034126-5f7a-42c5-9266-dbf857fe24bf,OrderRole.Standalone,OrderType.Market,_default,,PositionEffect.Close,,221300.0,False,,OrderSide.Sell,OrderStatus.Filled,002812.SZ,,TimeInForce.GTC,,,,1677427200000000000,2023-02-26T16:00:00Z
583.63578,79374.46608,1677168000000000000,2023-02-23T16:00:00Z,54400.0,,154855f6-106d-4c30-84f2-50971570f2f1,OrderRole.Standalone,OrderType.Market,_default,,PositionEffect.Close,,54400.0,False,,OrderSide.Sell,OrderStatus.Filled,300896.SZ,,TimeInForce.GTC,,,,1677427200000000000,2023-02-26T16:00:00Z
1776.7215,74622.303,1677168000000000000,2023-02-23T16:00:00Z,16800.0,,d20e08d0-a349-4e38-a6d1-3f3a398988e3,OrderRole.Standalone,OrderType.Market,_default,,PositionEffect.Close,,16800.0,False,,OrderSide.Sell,OrderStatus.Filled,600519.SH,,TimeInForce.GTC,,,,1677427200000000000,2023-02-26T16:00:00Z
203.203,75286.7115,1677168000000000000,2023-02-23T16:00:00Z,148200.0,,9dd8b68c-db96-4618-953c-a43ccc191841,OrderRole.Standalone,OrderType.Market,_default,,PositionEffect.Open,,148200.0,False,,OrderSide.Buy,OrderStatus.Filled,605499.SH,,TimeInForce.GTC,,,,1677427200000000000,2023-02-26T16:00:00Z
194.44425,74958.258375,1677168000000000000,2023-02-23T16:00:00Z,154200.0,,bc52c2e0-dbd2-4d7b-8cd8-5523e5bf2e7a,OrderRole.Standalone,OrderType.Market,_default,,PositionEffect.Open,,154200.0,False,,OrderSide.Buy,OrderStatus.Filled,000661.SZ,,TimeInForce.GTC,,,,1677427200000000000,2023-02-26T16:00:00Z
199.25906,74522.88844,1677168000000000000,2023-02-23T16:00:00Z,149600.0,,844e728d-4ffa-4c6d-8791-01485ebb49cb,OrderRole.Standalone,OrderType.Market,_default,,PositionEffect.Open,,149600.0,False,,OrderSide.Buy,OrderStatus.Filled,000858.SZ,,TimeInForce.GTC,,,,1677427200000000000,2023-02-26T16:00:00Z
38.038,74830.2555,1677168000000000000,2023-02-23T16:00:00Z,786900.0,,ae7bed64-db62-4819-aa7f-a2f7b4a71318,OrderRole.Standalone,OrderType.Market,_default,,PositionEffect.Open,,786900.0,False,,OrderSide.Buy,OrderStatus.Filled,000977.SZ,,TimeInForce.GTC,,,,1677427200000000000,2023-02-26T16:00:00Z
246.20355,1908.0775125,1679587200000000000,2023-03-23T16:00:00Z,3100.0,,4508f325-1ef7-4007-8883-7cf052ab1ed1,OrderRole.Standalone,OrderType.Market,_default,,PositionEffect.Close,,3100.0,False,,OrderSide.Sell,OrderStatus.Filled,000568.SZ,,TimeInForce.GTC,,,,1679846400000000000,2023-03-26T16:00:00Z
166.4334,64160.0757,1679587200000000000,2023-03-23T16:00:00Z,154200.0,,c2bf9007-64fe-4730-9dfe-58a1a5d0bdc6,OrderRole.Standalone,OrderType.Market,_default,,PositionEffect.Close,,154200.0,False,,OrderSide.Sell,OrderStatus.Filled,000661.SZ,,TimeInForce.GTC,,,,1679846400000000000,2023-03-26T16:00:00Z
192.61719,72038.82906,1679587200000000000,2023-03-23T16:00:00Z,149600.0,,55a85b16-9fee-4df8-a649-b2d49550686e,OrderRole.Standalone,OrderType.Market,_default,,PositionEffect.Close,,149600.0,False,,OrderSide.Sell,OrderStatus.Filled,000858.SZ,,TimeInForce.GTC,,,,1679846400000000000,2023-03-26T16:00:00Z
38.44152,75624.08022,1679587200000000000,2023-03-23T16:00:00Z,786900.0,,296f101d-5408-4234-8401-44a817843222,OrderRole.Standalone,OrderType.Market,_default,,PositionEffect.Close,,786900.0,False,,OrderSide.Sell,OrderStatus.Filled,000977.SZ,,TimeInForce.GTC,,,,1679846400000000000,2023-03-26T16:00:00Z
194.5053,72064.21365,1679587200000000000,2023-03-23T16:00:00Z,148200.0,,87cf0c19-ffcc-4bab-85ab-cf009854f36c,OrderRole.Standalone,OrderType.Market,_default,,PositionEffect.Close,,148200.0,False,,OrderSide.Sell,OrderStatus.Filled,605499.SH,,TimeInForce.GTC,,,,1679846400000000000,2023-03-26T16:00:00Z
259.259,72527.70525,1679587200000000000,2023-03-23T16:00:00Z,111900.0,,523c778b-c9b7-4cd0-8f42-e614eba749d8,OrderRole.Standalone,OrderType.Market,_default,,PositionEffect.Open,,111900.0,False,,OrderSide.Buy,OrderStatus.Filled,002371.SZ,,TimeInForce.GTC,,,,1679846400000000000,2023-03-26T16:00:00Z
184.9848,76028.7528,1679587200000000000,2023-03-23T16:00:00Z,164400.0,,2bd40a03-466a-4d0a-829a-27533005ea46,OrderRole.Standalone,OrderType.Market,_default,,PositionEffect.Open,,164400.0,False,,OrderSide.Buy,OrderStatus.Filled,300033.SZ,,TimeInForce.GTC,,,,1679846400000000000,2023-03-26T16:00:00Z
137.137,72442.62025,1679587200000000000,2023-03-23T16:00:00Z,211300.0,,b45ba53f-3baf-491f-99de-2b0a490c6266,OrderRole.Standalone,OrderType.Market,_default,,PositionEffect.Open,,211300.0,False,,OrderSide.Buy,OrderStatus.Filled,300454.SZ,,TimeInForce.GTC,,,,1679846400000000000,2023-03-26T16:00:00Z
1780.3786,72105.3333,1679587200000000000,2023-03-23T16:00:00Z,16200.0,,f059e8be-4176-4ade-9c27-476a84e796cc,OrderRole.Standalone,OrderType.Market,_default,,PositionEffect.Open,,16200.0,False,,OrderSide.Buy,OrderStatus.Filled,600519.SH,,TimeInForce.GTC,,,,1679846400000000000,2023-03-26T16:00:00Z
221.52825,65350.83375,1682265600000000000,2023-04-23T16:00:00Z,118000.0,,9a7695d4-4e95-4477-a170-c53922c85ad6,OrderRole.Standalone,OrderType.Market,_default,,PositionEffect.Close,,118000.0,False,,OrderSide.Sell,OrderStatus.Filled,000568.SZ,,TimeInForce.GTC,,,,1682352000000000000,2023-04-24T16:00:00Z
336.9627,21312.890775,1682265600000000000,2023-04-23T16:00:00Z,25300.0,,caec87d0-1491-4087-99fe-4572783133cf,OrderRole.Standalone,OrderType.Market,_default,,PositionEffect.Close,,25300.0,False,,OrderSide.Sell,OrderStatus.Filled,002371.SZ,,TimeInForce.GTC,,,,1682352000000000000,2023-04-24T16:00:00Z
188.811,4059.4365,1682265600000000000,2023-04-23T16:00:00Z,8600.0,,9a6f9da9-4266-4162-bcc0-22c399701433,OrderRole.Standalone,OrderType.Market,_default,,PositionEffect.Close,,8600.0,False,,OrderSide.Sell,OrderStatus.Filled,300033.SZ,,TimeInForce.GTC,,,,1682352000000000000,2023-04-24T16:00:00Z
122.23764,64572.03333,1682265600000000000,2023-04-23T16:00:00Z,211300.0,,c274e89a-63f5-4597-977c-d95ff85ce3b0,OrderRole.Standalone,OrderType.Market,_default,,PositionEffect.Close,,211300.0,False,,OrderSide.Sell,OrderStatus.Filled,300454.SZ,,TimeInForce.GTC,,,,1682352000000000000,2023-04-24T16:00:00Z
1704.294,69023.907,1682265600000000000,2023-04-23T16:00:00Z,16200.0,,3848dfda-dd8f-4dfa-a963-8ece27ce9aef,OrderRole.Standalone,OrderType.Market,_default,,PositionEffect.Close,,16200.0,False,,OrderSide.Sell,OrderStatus.Filled,600519.SH,,TimeInForce.GTC,,,,1682352000000000000,2023-04-24T16:00:00Z
12.15214,72365.9937,1682265600000000000,2023-04-23T16:00:00Z,2382000.0,,105e96e9-0194-4456-8264-13706126a82c,OrderRole.Standalone,OrderType.Market,_default,,PositionEffect.Open,,2382000.0,False,,OrderSide.Buy,OrderStatus.Filled,000001.SZ,,TimeInForce.GTC,,,,1682352000000000000,2023-04-24T16:00:00Z
4.09409,71952.6082275,1682265600000000000,2023-04-23T16:00:00Z,7029900.0,,5cfaf39b-ca32-461a-aa79-302a4cc43061,OrderRole.Standalone,OrderType.Market,_default,,PositionEffect.Open,,7029900.0,False,,OrderSide.Buy,OrderStatus.Filled,000100.SZ,,TimeInForce.GTC,,,,1682352000000000000,2023-04-24T16:00:00Z
16.016,72128.056,1682265600000000000,2023-04-23T16:00:00Z,1801400.0,,54f695dc-6bec-4096-9ec8-172f2bbf2180,OrderRole.Standalone,OrderType.Market,_default,,PositionEffect.Open,,1801400.0,False,,OrderSide.Buy,OrderStatus.Filled,300059.SZ,,TimeInForce.GTC,,,,1682352000000000000,2023-04-24T16:00:00Z
11.91807,70972.10685,1684944000000000000,2023-05-24T16:00:00Z,2382000.0,,f20293ac-d0c9-43df-84d8-2fc0d524ef70,OrderRole.Standalone,OrderType.Market,_default,,PositionEffect.Close,,2382000.0,False,,OrderSide.Sell,OrderStatus.Filled,000001.SZ,,TimeInForce.GTC,,,,1685030400000000000,2023-05-25T16:00:00Z
300.1995,64993.19175,1684944000000000000,2023-05-24T16:00:00Z,86600.0,,eb2bb251-d15f-46f9-a57d-240c285dc2e5,OrderRole.Standalone,OrderType.Market,_default,,PositionEffect.Close,,86600.0,False,,OrderSide.Sell,OrderStatus.Filled,002371.SZ,,TimeInForce.GTC,,,,1685030400000000000,2023-05-25T16:00:00Z
154.845,60312.1275,1684944000000000000,2023-05-24T16:00:00Z,155800.0,,f45c73f5-0fce-4e4a-9ffd-f41814440b65,OrderRole.Standalone,OrderType.Market,_default,,PositionEffect.Close,,155800.0,False,,OrderSide.Sell,OrderStatus.Filled,300033.SZ,,TimeInForce.GTC,,,,1685030400000000000,2023-05-25T16:00:00Z
15.0849,67934.84715,1684944000000000000,2023-05-24T16:00:00Z,1801400.0,,11d24569-3e87-4c21-bc91-2e3e42d39e14,OrderRole.Standalone,OrderType.Market,_default,,PositionEffect.Close,,1801400.0,False,,OrderSide.Sell,OrderStatus.Filled,300059.SZ,,TimeInForce.GTC,,,,1685030400000000000,2023-05-25T16:00:00Z
1703.702,65166.6015,1684944000000000000,2023-05-24T16:00:00Z,15300.0,,3de978bb-c560-40a0-b106-85b9366d9f31,OrderRole.Standalone,OrderType.Market,_default,,PositionEffect.Open,,15300.0,False,,OrderSide.Buy,OrderStatus.Filled,600519.SH,,TimeInForce.GTC,,,,1685030400000000000,2023-05-25T16:00:00Z
154.3542,65137.4724,1684944000000000000,2023-05-24T16:00:00Z,168800.0,,68bdf39c-cf0b-4b70-bc05-41cd425ab84d,OrderRole.Standalone,OrderType.Market,_default,,PositionEffect.Open,,168800.0,False,,OrderSide.Buy,OrderStatus.Filled,603195.SH,,TimeInForce.GTC,,,,1685030400000000000,2023-05-25T16:00:00Z
167.17701,65533.38792,1684944000000000000,2023-05-24T16:00:00Z,156800.0,,94f85225-7fa6-4713-9de8-95bf5369c0f3,OrderRole.Standalone,OrderType.Market,_default,,PositionEffect.Open,,156800.0,False,,OrderSide.Buy,OrderStatus.Filled,000661.SZ,,TimeInForce.GTC,,,,1685030400000000000,2023-05-25T16:00:00Z
76.41634,65068.51351,1684944000000000000,2023-05-24T16:00:00Z,340600.0,,b32e2a31-0ba4-498a-a73b-ee409f3a55fe,OrderRole.Standalone,OrderType.Market,_default,,PositionEffect.Open,,340600.0,False,,OrderSide.Buy,OrderStatus.Filled,002466.SZ,,TimeInForce.GTC,,,,1685030400000000000,2023-05-25T16:00:00Z
3.47347,4092.6160275,1684944000000000000,2023-05-24T16:00:00Z,471300.0,,6fb5dbc0-f1b1-4d2a-adf8-73402774a4ab,OrderRole.Standalone,OrderType.Market,_default,,PositionEffect.Open,,471300.0,False,,OrderSide.Buy,OrderStatus.Filled,000100.SZ,,TimeInForce.GTC,,,,1685030400000000000,2023-05-25T16:00:00Z
3.77622,21636.796545,1687708800000000000,2023-06-25T16:00:00Z,2291900.0,,6b1e5484-f7d5-408d-b9fb-c2a41f694c70,OrderRole.Standalone,OrderType.Market,_default,,PositionEffect.Close,,2291900.0,False,,OrderSide.Sell,OrderStatus.Filled,000100.SZ,,TimeInForce.GTC,,,,1687795200000000000,2023-06-26T16:00:00Z
137.5623,53924.4216,1687708800000000000,2023-06-25T16:00:00Z,156800.0,,038729bd-59c6-4c9c-ab69-3f93b6f38d34,OrderRole.Standalone,OrderType.Market,_default,,PositionEffect.Close,,156800.0,False,,OrderSide.Sell,OrderStatus.Filled,000661.SZ,,TimeInForce.GTC,,,,1687795200000000000,2023-06-26T16:00:00Z
71.77815,61119.094725,1687708800000000000,2023-06-25T16:00:00Z,340600.0,,a782172a-b2e6-40d4-9c6c-b16e58d973c4,OrderRole.Standalone,OrderType.Market,_default,,PositionEffect.Close,,340600.0,False,,OrderSide.Sell,OrderStatus.Filled,002466.SZ,,TimeInForce.GTC,,,,1687795200000000000,2023-06-26T16:00:00Z
1708.28001,15801.5900925,1687708800000000000,2023-06-25T16:00:00Z,3700.0,,15b69c65-ed7c-431f-9f5c-1e414f733f48,OrderRole.Standalone,OrderType.Market,_default,,PositionEffect.Close,,3700.0,False,,OrderSide.Sell,OrderStatus.Filled,600519.SH,,TimeInForce.GTC,,,,1687795200000000000,2023-06-26T16:00:00Z
97.95195,41335.7229,1687708800000000000,2023-06-25T16:00:00Z,168800.0,,4e5582c3-df48-48f4-89f5-9bdd24cff8d1,OrderRole.Standalone,OrderType.Market,_default,,PositionEffect.Close,,168800.0,False,,OrderSide.Sell,OrderStatus.Filled,603195.SH,,TimeInForce.GTC,,,,1687795200000000000,2023-06-26T16:00:00Z
482.2818,49675.0254,1687708800000000000,2023-06-25T16:00:00Z,41200.0,,b0df9114-c1b2-47d3-9e35-9604976266f1,OrderRole.Standalone,OrderType.Market,_default,,PositionEffect.Open,,41200.0,False,,OrderSide.Buy,OrderStatus.Filled,688111.SH,,TimeInForce.GTC,,,,1687795200000000000,2023-06-26T16:00:00Z
183.23305,49381.306975,1687708800000000000,2023-06-25T16:00:00Z,107800.0,,3aa0814f-a042-4652-a6e2-126def1c9588,OrderRole.Standalone,OrderType.Market,_default,,PositionEffect.Open,,107800.0,False,,OrderSide.Buy,OrderStatus.Filled,300033.SZ,,TimeInForce.GTC,,,,1687795200000000000,2023-06-26T16:00:00Z
224.20398,48988.56963,1687708800000000000,2023-06-25T16:00:00Z,87400.0,,c6e695b9-6b82-47bd-841f-38102dda31c0,OrderRole.Standalone,OrderType.Market,_default,,PositionEffect.Open,,87400.0,False,,OrderSide.Buy,OrderStatus.Filled,300750.SZ,,TimeInForce.GTC,,,,1687795200000000000,2023-06-26T16:00:00Z
445.61517,49574.6876625,1687708800000000000,2023-06-25T16:00:00Z,44500.0,,95b52621-8669-4458-88a1-e1d5c09bfe19,OrderRole.Standalone,OrderType.Market,_default,,PositionEffect.Open,,44500.0,False,,OrderSide.Buy,OrderStatus.Filled,300896.SZ,,TimeInForce.GTC,,,,1687795200000000000,2023-06-26T16:00:00Z
168.831,45499.9545,1690128000000000000,2023-07-23T16:00:00Z,107800.0,,caa9811e-469f-4a74-b7e0-2ea390a0ca26,OrderRole.Standalone,OrderType.Market,_default,,PositionEffect.Close,,107800.0,False,,OrderSide.Sell,OrderStatus.Filled,300033.SZ,,TimeInForce.GTC,,,,1690214400000000000,2023-07-24T16:00:00Z
224.6751,49091.50935,1690128000000000000,2023-07-23T16:00:00Z,87400.0,,f44337c7-dca3-4275-9230-966e232b288a,OrderRole.Standalone,OrderType.Market,_default,,PositionEffect.Close,,87400.0,False,,OrderSide.Sell,OrderStatus.Filled,300750.SZ,,TimeInForce.GTC,,,,1690214400000000000,2023-07-24T16:00:00Z
451.548,50234.715,1690128000000000000,2023-07-23T16:00:00Z,44500.0,,6042324a-7ce8-4851-b902-c3f6c78d9417,OrderRole.Standalone,OrderType.Market,_default,,PositionEffect.Close,,44500.0,False,,OrderSide.Sell,OrderStatus.Filled,300896.SZ,,TimeInForce.GTC,,,,1690214400000000000,2023-07-24T16:00:00Z
1798.2,52147.8,1690128000000000000,2023-07-23T16:00:00Z,11600.0,,8c25902d-26d7-4fb2-800f-229f62e0a85a,OrderRole.Standalone,OrderType.Market,_default,,PositionEffect.Close,,11600.0,False,,OrderSide.Sell,OrderStatus.Filled,600519.SH,,TimeInForce.GTC,,,,1690214400000000000,2023-07-24T16:00:00Z
222.222,61277.7165,1690128000000000000,2023-07-23T16:00:00Z,110300.0,,fcdda08d-c986-4e2d-bab0-454f5e289918,OrderRole.Standalone,OrderType.Market,_default,,PositionEffect.Open,,110300.0,False,,OrderSide.Buy,OrderStatus.Filled,600809.SH,,TimeInForce.GTC,,,,1690214400000000000,2023-07-24T16:00:00Z
2.6026,58239.6815,1690128000000000000,2023-07-23T16:00:00Z,8951000.0,,2addf530-cc1d-41c5-86c6-08e55a22f35f,OrderRole.Standalone,OrderType.Market,_default,,PositionEffect.Open,,8951000.0,False,,OrderSide.Buy,OrderStatus.Filled,601916.SH,,TimeInForce.GTC,,,,1690214400000000000,2023-07-24T16:00:00Z
420.42,15030.015,1690128000000000000,2023-07-23T16:00:00Z,14300.0,,e9d8bd4d-e63f-44b1-b4a7-66bbc09c1a89,OrderRole.Standalone,OrderType.Market,_default,,PositionEffect.Open,,14300.0,False,,OrderSide.Buy,OrderStatus.Filled,688111.SH,,TimeInForce.GTC,,,,1690214400000000000,2023-07-24T16:00:00Z
185.33515,58519.5736125,1690128000000000000,2023-07-23T16:00:00Z,126300.0,,e849de12-e36a-455f-8efd-0fdca0a23ab6,OrderRole.Standalone,OrderType.Market,_default,,PositionEffect.Open,,126300.0,False,,OrderSide.Buy,OrderStatus.Filled,300751.SZ,,TimeInForce.GTC,,,,1690214400000000000,2023-07-24T16:00:00Z
4.31431,2283.3485675,1690128000000000000,2023-07-23T16:00:00Z,211700.0,,6203fb45-8954-4a42-8e8e-f8b4a7eaea8a,OrderRole.Standalone,OrderType.Market,_default,,PositionEffect.Open,,211700.0,False,,OrderSide.Buy,OrderStatus.Filled,000100.SZ,,TimeInForce.GTC,,,,1690214400000000000,2023-07-24T16:00:00Z
190.31949,60093.3789675,1692547200000000000,2023-08-20T16:00:00Z,126300.0,,8ee92bca-f7c0-4c0d-9257-845dc176e50a,OrderRole.Standalone,OrderType.Market,_default,,PositionEffect.Close,,126300.0,False,,OrderSide.Sell,OrderStatus.Filled,300751.SZ,,TimeInForce.GTC,,,,1692633600000000000,2023-08-21T16:00:00Z
227.16261,62640.0897075,1692547200000000000,2023-08-20T16:00:00Z,110300.0,,5e8d54ed-acaa-473e-9e3d-c0dfee93c229,OrderRole.Standalone,OrderType.Market,_default,,PositionEffect.Close,,110300.0,False,,OrderSide.Sell,OrderStatus.Filled,600809.SH,,TimeInForce.GTC,,,,1692633600000000000,2023-08-21T16:00:00Z
2.61738,58570.42095,1692547200000000000,2023-08-20T16:00:00Z,8951000.0,,334dd523-2165-429e-845f-625d14d20852,OrderRole.Standalone,OrderType.Market,_default,,PositionEffect.Close,,8951000.0,False,,OrderSide.Sell,OrderStatus.Filled,601916.SH,,TimeInForce.GTC,,,,1692633600000000000,2023-08-21T16:00:00Z
372.60702,51699.224025,1692547200000000000,2023-08-20T16:00:00Z,55500.0,,294d45f4-34ea-4fd8-bb7b-aabee1f21052,OrderRole.Standalone,OrderType.Market,_default,,PositionEffect.Close,,55500.0,False,,OrderSide.Sell,OrderStatus.Filled,688111.SH,,TimeInForce.GTC,,,,1692633600000000000,2023-08-21T16:00:00Z
4.68468,57598.1406,1692547200000000000,2023-08-20T16:00:00Z,4918000.0,,d7aa6af7-9b29-4659-ae0f-23df0fadc287,OrderRole.Standalone,OrderType.Market,_default,,PositionEffect.Open,,4918000.0,False,,OrderSide.Buy,OrderStatus.Filled,000166.SZ,,TimeInForce.GTC,,,,1692633600000000000,2023-08-21T16:00:00Z
59.059,57405.348,1692547200000000000,2023-08-20T16:00:00Z,388800.0,,252250a2-5805-472b-bf3f-2488fa28810c,OrderRole.Standalone,OrderType.Market,_default,,PositionEffect.Open,,388800.0,False,,OrderSide.Buy,OrderStatus.Filled,002466.SZ,,TimeInForce.GTC,,,,1692633600000000000,2023-08-21T16:00:00Z
67.1671,56403.572225,1692547200000000000,2023-08-20T16:00:00Z,335900.0,,fd382518-c545-462f-a27e-252151691ec4,OrderRole.Standalone,OrderType.Market,_default,,PositionEffect.Open,,335900.0,False,,OrderSide.Buy,OrderStatus.Filled,300803.SZ,,TimeInForce.GTC,,,,1692633600000000000,2023-08-21T16:00:00Z
102.102,57713.1555,1692547200000000000,2023-08-20T16:00:00Z,226100.0,,744f0393-33d2-473c-881e-264dbb9f2afe,OrderRole.Standalone,OrderType.Market,_default,,PositionEffect.Open,,226100.0,False,,OrderSide.Buy,OrderStatus.Filled,301269.SZ,,TimeInForce.GTC,,,,1692633600000000000,2023-08-21T16:00:00Z
3.85385,5025.4204,1692547200000000000,2023-08-20T16:00:00Z,521600.0,,726e7e76-5e6a-472a-9902-df9be6d6da4e,OrderRole.Standalone,OrderType.Market,_default,,PositionEffect.Open,,521600.0,False,,OrderSide.Buy,OrderStatus.Filled,000100.SZ,,TimeInForce.GTC,,,,1692633600000000000,2023-08-21T16:00:00Z
3.97602,59069.74113,1694966400000000000,2023-09-17T16:00:00Z,5942600.0,,21cd80c8-963d-45f2-9123-fa4888434d16,OrderRole.Standalone,OrderType.Market,_default,,PositionEffect.Close,,5942600.0,False,,OrderSide.Sell,OrderStatus.Filled,000100.SZ,,TimeInForce.GTC,,,,1695052800000000000,2023-09-18T16:00:00Z
4.36563,53675.42085,1694966400000000000,2023-09-17T16:00:00Z,4918000.0,,1f33f393-20df-4978-8ce5-d156876960e3,OrderRole.Standalone,OrderType.Market,_default,,PositionEffect.Close,,4918000.0,False,,OrderSide.Sell,OrderStatus.Filled,000166.SZ,,TimeInForce.GTC,,,,1695052800000000000,2023-09-18T16:00:00Z
57.0429,55445.6988,1694966400000000000,2023-09-17T16:00:00Z,388800.0,,f32b97d4-26eb-4dad-a3c9-3712c0fe317d,OrderRole.Standalone,OrderType.Market,_default,,PositionEffect.Close,,388800.0,False,,OrderSide.Sell,OrderStatus.Filled,002466.SZ,,TimeInForce.GTC,,,,1695052800000000000,2023-09-18T16:00:00Z
61.30863,51483.9220425,1694966400000000000,2023-09-17T16:00:00Z,335900.0,,f297cf2c-eaa0-441c-990f-ac65f413bb9c,OrderRole.Standalone,OrderType.Market,_default,,PositionEffect.Close,,335900.0,False,,OrderSide.Sell,OrderStatus.Filled,300803.SZ,,TimeInForce.GTC,,,,1695052800000000000,2023-09-18T16:00:00Z
109.87002,62104.028805,1694966400000000000,2023-09-17T16:00:00Z,226100.0,,6e92a9b5-5335-4f73-9d90-8d7fd9d3592d,OrderRole.Standalone,OrderType.Market,_default,,PositionEffect.Close,,226100.0,False,,OrderSide.Sell,OrderStatus.Filled,301269.SZ,,TimeInForce.GTC,,,,1695052800000000000,2023-09-18T16:00:00Z
254.5543,56511.0546,1694966400000000000,2023-09-17T16:00:00Z,88800.0,,e62385f5-3aae-4578-9c63-4c0df27f6acb,OrderRole.Standalone,OrderType.Market,_default,,PositionEffect.Open,,88800.0,False,,OrderSide.Buy,OrderStatus.Filled,600809.SH,,TimeInForce.GTC,,,,1695052800000000000,2023-09-18T16:00:00Z
99.3993,56185.454325,1694966400000000000,2023-09-17T16:00:00Z,226100.0,,d71eb8a0-7cc5-4a38-a1c2-e057c5662946,OrderRole.Standalone,OrderType.Market,_default,,PositionEffect.Open,,226100.0,False,,OrderSide.Buy,OrderStatus.Filled,600941.SH,,TimeInForce.GTC,,,,1695052800000000000,2023-09-18T16:00:00Z
3.06306,55978.187265,1694966400000000000,2023-09-17T16:00:00Z,7310100.0,,8c4b53a2-a7c4-4b3c-9fe9-de3698f01da3,OrderRole.Standalone,OrderType.Market,_default,,PositionEffect.Open,,7310100.0,False,,OrderSide.Buy,OrderStatus.Filled,601818.SH,,TimeInForce.GTC,,,,1695052800000000000,2023-09-18T16:00:00Z
226.7265,55944.763875,1694966400000000000,2023-09-17T16:00:00Z,98700.0,,a8baa560-1a21-4fa8-b965-373c30fe3df5,OrderRole.Standalone,OrderType.Market,_default,,PositionEffect.Open,,98700.0,False,,OrderSide.Buy,OrderStatus.Filled,000568.SZ,,TimeInForce.GTC,,,,1695052800000000000,2023-09-18T16:00:00Z
277.277,55940.63475,1694966400000000000,2023-09-17T16:00:00Z,80700.0,,e8694892-eb6d-405b-9a8d-052857ecdc56,OrderRole.Standalone,OrderType.Market,_default,,PositionEffect.Open,,80700.0,False,,OrderSide.Buy,OrderStatus.Filled,300760.SZ,,TimeInForce.GTC,,,,1695052800000000000,2023-09-18T16:00:00Z
262.38735,52936.6478625,1698076800000000000,2023-10-23T16:00:00Z,80700.0,,54ef8f7f-06f6-4c5e-b154-724408ab79ec,OrderRole.Standalone,OrderType.Market,_default,,PositionEffect.Close,,80700.0,False,,OrderSide.Sell,OrderStatus.Filled,300760.SZ,,TimeInForce.GTC,,,,1698163200000000000,2023-10-24T16:00:00Z
238.2615,52894.053,1698076800000000000,2023-10-23T16:00:00Z,88800.0,,76abd471-dd5f-4b9a-b6a5-36e85a24681d,OrderRole.Standalone,OrderType.Market,_default,,PositionEffect.Close,,88800.0,False,,OrderSide.Sell,OrderStatus.Filled,600809.SH,,TimeInForce.GTC,,,,1698163200000000000,2023-10-24T16:00:00Z
96.29361,54429.9630525,1698076800000000000,2023-10-23T16:00:00Z,226100.0,,edb18e43-f134-44d4-82f0-b83cc90506e7,OrderRole.Standalone,OrderType.Market,_default,,PositionEffect.Close,,226100.0,False,,OrderSide.Sell,OrderStatus.Filled,600941.SH,,TimeInForce.GTC,,,,1698163200000000000,2023-10-24T16:00:00Z
2.95704,54040.64526,1698076800000000000,2023-10-23T16:00:00Z,7310100.0,,c7582de8-1f9d-4527-9ec1-eaccc64515e4,OrderRole.Standalone,OrderType.Market,_default,,PositionEffect.Close,,7310100.0,False,,OrderSide.Sell,OrderStatus.Filled,601818.SH,,TimeInForce.GTC,,,,1698163200000000000,2023-10-24T16:00:00Z
16.29628,52689.94731,1698076800000000000,2023-10-23T16:00:00Z,1293300.0,,499098f6-7d63-403e-9b99-844e06fc5e2d,OrderRole.Standalone,OrderType.Market,_default,,PositionEffect.Open,,1293300.0,False,,OrderSide.Buy,OrderStatus.Filled,000792.SZ,,TimeInForce.GTC,,,,1698163200000000000,2023-10-24T16:00:00Z
53.96391,52803.685935,1698076800000000000,2023-10-23T16:00:00Z,391400.0,,86fb286c-6119-4b63-b742-0cecb7dae585,OrderRole.Standalone,OrderType.Market,_default,,PositionEffect.Open,,391400.0,False,,OrderSide.Buy,OrderStatus.Filled,002466.SZ,,TimeInForce.GTC,,,,1698163200000000000,2023-10-24T16:00:00Z
10.60059,52650.4803825,1698076800000000000,2023-10-23T16:00:00Z,1986700.0,,1dd71cc4-bcbb-42af-9bad-49e6abafe92b,OrderRole.Standalone,OrderType.Market,_default,,PositionEffect.Open,,1986700.0,False,,OrderSide.Buy,OrderStatus.Filled,002493.SZ,,TimeInForce.GTC,,,,1698163200000000000,2023-10-24T16:00:00Z
95.8958,52598.8463,1698076800000000000,2023-10-23T16:00:00Z,219400.0,,540ca61b-1b0d-4743-bc10-427611266a42,OrderRole.Standalone,OrderType.Market,_default,,PositionEffect.Open,,219400.0,False,,OrderSide.Buy,OrderStatus.Filled,301269.SZ,,TimeInForce.GTC,,,,1698163200000000000,2023-10-24T16:00:00Z
208.208,3331.328,1698076800000000000,2023-10-23T16:00:00Z,6400.0,,de0fbd98-687e-41fd-a25c-7d23a843cadb,OrderRole.Standalone,OrderType.Market,_default,,PositionEffect.Open,,6400.0,False,,OrderSide.Buy,OrderStatus.Filled,000568.SZ,,TimeInForce.GTC,,,,1698163200000000000,2023-10-24T16:00:00Z
211.27851,1901.50659,1700496000000000000,2023-11-20T16:00:00Z,3600.0,,151effe3-101a-4667-891d-6458b66fda29,OrderRole.Standalone,OrderType.Market,_default,,PositionEffect.Close,,3600.0,False,,OrderSide.Sell,OrderStatus.Filled,000568.SZ,,TimeInForce.GTC,,,,1700582400000000000,2023-11-21T16:00:00Z
16.53345,53456.7772125,1700496000000000000,2023-11-20T16:00:00Z,1293300.0,,8113b9b9-eca5-40fa-a362-a2c828037f34,OrderRole.Standalone,OrderType.Market,_default,,PositionEffect.Close,,1293300.0,False,,OrderSide.Sell,OrderStatus.Filled,000792.SZ,,TimeInForce.GTC,,,,1700582400000000000,2023-11-21T16:00:00Z
11.09889,55125.4119075,1700496000000000000,2023-11-20T16:00:00Z,1986700.0,,dcd81210-876b-45a6-ab4e-a51f0c1ed9ab,OrderRole.Standalone,OrderType.Market,_default,,PositionEffect.Close,,1986700.0,False,,OrderSide.Sell,OrderStatus.Filled,002493.SZ,,TimeInForce.GTC,,,,1700582400000000000,2023-11-21T16:00:00Z
97.98192,53743.08312,1700496000000000000,2023-11-20T16:00:00Z,219400.0,,fabb908d-6af6-4dd2-b32e-71852e6bf272,OrderRole.Standalone,OrderType.Market,_default,,PositionEffect.Close,,219400.0,False,,OrderSide.Sell,OrderStatus.Filled,301269.SZ,,TimeInForce.GTC,,,,1700582400000000000,2023-11-21T16:00:00Z
53.47342,53874.47065,1700496000000000000,2023-11-20T16:00:00Z,403000.0,,8d29cd3b-558d-4e60-b4d6-ef0f3ebe2ed8,OrderRole.Standalone,OrderType.Market,_default,,PositionEffect.Open,,403000.0,False,,OrderSide.Buy,OrderStatus.Filled,688981.SH,,TimeInForce.GTC,,,,1700582400000000000,2023-11-21T16:00:00Z
12.76275,53734.3681875,1700496000000000000,2023-11-20T16:00:00Z,1684100.0,,f71538c3-8872-42ae-968b-e98173efba48,OrderRole.Standalone,OrderType.Market,_default,,PositionEffect.Open,,1684100.0,False,,OrderSide.Buy,OrderStatus.Filled,002558.SZ,,TimeInForce.GTC,,,,1700582400000000000,2023-11-21T16:00:00Z
6.62662,53748.51482,1700496000000000000,2023-11-20T16:00:00Z,3244400.0,,7851b378-899a-43d2-b582-7f69cf066d00,OrderRole.Standalone,OrderType.Market,_default,,PositionEffect.Open,,3244400.0,False,,OrderSide.Buy,OrderStatus.Filled,002600.SZ,,TimeInForce.GTC,,,,1700582400000000000,2023-11-21T16:00:00Z
53.26321,1544.63309,1700496000000000000,2023-11-20T16:00:00Z,11600.0,,e1d20b04-c7aa-4fa9-8f26-b4db50dc3958,OrderRole.Standalone,OrderType.Market,_default,,PositionEffect.Open,,11600.0,False,,OrderSide.Buy,OrderStatus.Filled,002466.SZ,,TimeInForce.GTC,,,,1700582400000000000,2023-11-21T16:00:00Z
52.62732,78.94098,1702915200000000000,2023-12-18T16:00:00Z,600.0,,7e0a2a74-7d93-4988-8f4b-04943d80804f,OrderRole.Standalone,OrderType.Market,_default,,PositionEffect.Close,,600.0,False,,OrderSide.Sell,OrderStatus.Filled,002466.SZ,,TimeInForce.GTC,,,,1703001600000000000,2023-12-19T16:00:00Z
14.01597,5883.2034075,1702915200000000000,2023-12-18T16:00:00Z,167900.0,,8a7119af-7b8c-482c-a4e7-86d027cfdc77,OrderRole.Standalone,OrderType.Market,_default,,PositionEffect.Close,,167900.0,False,,OrderSide.Sell,OrderStatus.Filled,002558.SZ,,TimeInForce.GTC,,,,1703001600000000000,2023-12-19T16:00:00Z
6.62337,975.2912325,1702915200000000000,2023-12-18T16:00:00Z,58900.0,,ec13fe5f-c049-41a9-aeea-3550c97452b9,OrderRole.Standalone,OrderType.Market,_default,,PositionEffect.Close,,58900.0,False,,OrderSide.Sell,OrderStatus.Filled,002600.SZ,,TimeInForce.GTC,,,,1703001600000000000,2023-12-19T16:00:00Z
54.83511,2371.6185075,1702915200000000000,2023-12-18T16:00:00Z,17300.0,,da25be84-a54b-42b6-819c-26e66db63e9c,OrderRole.Standalone,OrderType.Market,_default,,PositionEffect.Close,,17300.0,False,,OrderSide.Sell,OrderStatus.Filled,688981.SH,,TimeInForce.GTC,,,,1703001600000000000,2023-12-19T16:00:00Z
172.23206,9128.29918,1702915200000000000,2023-12-18T16:00:00Z,21200.0,,3947b822-fda1-4385-bd5b-e23fcf70b39b,OrderRole.Standalone,OrderType.Market,_default,,PositionEffect.Open,,21200.0,False,,OrderSide.Buy,OrderStatus.Filled,000568.SZ,,TimeInForce.GTC,,,,1703001600000000000,2023-12-19T16:00:00Z
152.847,764.235,1705420800000000000,2024-01-16T16:00:00Z,2000.0,,b29a3070-bcc3-4ceb-9117-49ab8e526f88,OrderRole.Standalone,OrderType.Market,_default,,PositionEffect.Close,,2000.0,False,,OrderSide.Sell,OrderStatus.Filled,000568.SZ,,TimeInForce.GTC,,,,1705507200000000000,2024-01-17T16:00:00Z
55.93401,10333.8083475,1705420800000000000,2024-01-16T16:00:00Z,73900.0,,90eea4da-dd70-418e-b94d-02c27de27acd,OrderRole.Standalone,OrderType.Market,_default,,PositionEffect.Close,,73900.0,False,,OrderSide.Sell,OrderStatus.Filled,002466.SZ,,TimeInForce.GTC,,,,1705507200000000000,2024-01-17T16:00:00Z
5.35464,42643.0143,1705420800000000000,2024-01-16T16:00:00Z,3185500.0,,a082f1dc-1811-43ec-92ec-b3699448471b,OrderRole.Standalone,OrderType.Market,_default,,PositionEffect.Close,,3185500.0,False,,OrderSide.Sell,OrderStatus.Filled,002600.SZ,,TimeInForce.GTC,,,,1705507200000000000,2024-01-17T16:00:00Z
44.73469,3287.999715,1705420800000000000,2024-01-16T16:00:00Z,29400.0,,0bf2c81c-e08c-41de-9c13-ceac5dbe72d2,OrderRole.Standalone,OrderType.Market,_default,,PositionEffect.Open,,29400.0,False,,OrderSide.Buy,OrderStatus.Filled,688981.SH,,TimeInForce.GTC,,,,1705507200000000000,2024-01-17T16:00:00Z
9.29929,46184.923785,1705420800000000000,2024-01-16T16:00:00Z,1986600.0,,ef646788-9881-4e6c-a3b2-abb1e0bcec57,OrderRole.Standalone,OrderType.Market,_default,,PositionEffect.Open,,1986600.0,False,,OrderSide.Buy,OrderStatus.Filled,000002.SZ,,TimeInForce.GTC,,,,1705507200000000000,2024-01-17T16:00:00Z
10.15014,7866.3585,1705420800000000000,2024-01-16T16:00:00Z,310000.0,,9d73c6e6-4588-40f6-9057-d530ebe45084,OrderRole.Standalone,OrderType.Market,_default,,PositionEffect.Open,,310000.0,False,,OrderSide.Buy,OrderStatus.Filled,002558.SZ,,TimeInForce.GTC,,,,1705507200000000000,2024-01-17T16:00:00Z
10.14984,3740.21604,1708531200000000000,2024-02-21T16:00:00Z,147400.0,,a2fc89ca-1dec-446c-8997-91b4d6d4d912,OrderRole.Standalone,OrderType.Market,_default,,PositionEffect.Close,,147400.0,False,,OrderSide.Sell,OrderStatus.Filled,000002.SZ,,TimeInForce.GTC,,,,1708617600000000000,2024-02-22T16:00:00Z
164.80503,3213.698085,1708531200000000000,2024-02-21T16:00:00Z,7800.0,,eb954113-e68d-47e9-93db-6371bd84754a,OrderRole.Standalone,OrderType.Market,_default,,PositionEffect.Close,,7800.0,False,,OrderSide.Sell,OrderStatus.Filled,000568.SZ,,TimeInForce.GTC,,,,1708617600000000000,2024-02-22T16:00:00Z
10.5894,1233.6651,1708531200000000000,2024-02-21T16:00:00Z,46600.0,,dbfa35a4-d92a-4ee9-a87b-3d29514daec3,OrderRole.Standalone,OrderType.Market,_default,,PositionEffect.Close,,46600.0,False,,OrderSide.Sell,OrderStatus.Filled,002558.SZ,,TimeInForce.GTC,,,,1708617600000000000,2024-02-22T16:00:00Z
45.21474,169.555275,1708531200000000000,2024-02-21T16:00:00Z,1500.0,,ed29d04b-71a3-4589-926a-66bbfa17bf89,OrderRole.Standalone,OrderType.Market,_default,,PositionEffect.Close,,1500.0,False,,OrderSide.Sell,OrderStatus.Filled,688981.SH,,TimeInForce.GTC,,,,1708617600000000000,2024-02-22T16:00:00Z
47.2472,7902.0942,1708531200000000000,2024-02-21T16:00:00Z,66900.0,,9fae6967-71a9-4322-b80e-0473efcb4e7e,OrderRole.Standalone,OrderType.Market,_default,,PositionEffect.Open,,66900.0,False,,OrderSide.Buy,OrderStatus.Filled,002466.SZ,,TimeInForce.GTC,,,,1708617600000000000,2024-02-22T16:00:00Z
189.14067,2837.11005,1710950400000000000,2024-03-20T16:00:00Z,6000.0,,a57b9195-4176-4858-9c87-64ecd35804ae,OrderRole.Standalone,OrderType.Market,_default,,PositionEffect.Close,,6000.0,False,,OrderSide.Sell,OrderStatus.Filled,000568.SZ,,TimeInForce.GTC,,,,1711036800000000000,2024-03-21T16:00:00Z
51.4485,321.553125,1710950400000000000,2024-03-20T16:00:00Z,2500.0,,fbe4434a-60df-4c2e-9f8a-b43108e02c27,OrderRole.Standalone,OrderType.Market,_default,,PositionEffect.Close,,2500.0,False,,OrderSide.Sell,OrderStatus.Filled,002466.SZ,,TimeInForce.GTC,,,,1711036800000000000,2024-03-21T16:00:00Z
13.3866,59556.9834,1710950400000000000,2024-03-20T16:00:00Z,1779600.0,,14e0df09-9bf6-4b87-bd7f-23746fc9df50,OrderRole.Standalone,OrderType.Market,_default,,PositionEffect.Close,,1779600.0,False,,OrderSide.Sell,OrderStatus.Filled,002558.SZ,,TimeInForce.GTC,,,,1711036800000000000,2024-03-21T16:00:00Z
47.3473,1645.318675,1710950400000000000,2024-03-20T16:00:00Z,13900.0,,1cabb686-86ab-4e11-b896-2773b55af66b,OrderRole.Standalone,OrderType.Market,_default,,PositionEffect.Open,,13900.0,False,,OrderSide.Buy,OrderStatus.Filled,688981.SH,,TimeInForce.GTC,,,,1711036800000000000,2024-03-21T16:00:00Z
127.70758,50636.05547,1710950400000000000,2024-03-20T16:00:00Z,158600.0,,22390e6b-9a2a-4186-9af0-ae09ac3d2916,OrderRole.Standalone,OrderType.Market,_default,,PositionEffect.Open,,158600.0,False,,OrderSide.Buy,OrderStatus.Filled,000661.SZ,,TimeInForce.GTC,,,,1711036800000000000,2024-03-21T16:00:00Z
9.36936,7582.15458,1710950400000000000,2024-03-20T16:00:00Z,323700.0,,67cd5c70-3105-4e1b-b784-db5e1911b4e5,OrderRole.Standalone,OrderType.Market,_default,,PositionEffect.Open,,323700.0,False,,OrderSide.Buy,OrderStatus.Filled,000002.SZ,,TimeInForce.GTC,,,,1711036800000000000,2024-03-21T16:00:00Z
177.9219,3424.996575,1713715200000000000,2024-04-21T16:00:00Z,7700.0,,39ff85ad-9bf1-4902-9233-cc95b16c75c1,OrderRole.Standalone,OrderType.Market,_default,,PositionEffect.Close,,7700.0,False,,OrderSide.Sell,OrderStatus.Filled,000568.SZ,,TimeInForce.GTC,,,,1713801600000000000,2024-04-22T16:00:00Z
109.89,43571.385,1713715200000000000,2024-04-21T16:00:00Z,158600.0,,3c9676aa-1747-4517-aab5-90a1ab4d2fb9,OrderRole.Standalone,OrderType.Market,_default,,PositionEffect.Close,,158600.0,False,,OrderSide.Sell,OrderStatus.Filled,000661.SZ,,TimeInForce.GTC,,,,1713801600000000000,2024-04-22T16:00:00Z
45.97398,45157.941855,1713715200000000000,2024-04-21T16:00:00Z,392900.0,,16dd4ca0-5f3d-473b-834d-775f01b48ff0,OrderRole.Standalone,OrderType.Market,_default,,PositionEffect.Close,,392900.0,False,,OrderSide.Sell,OrderStatus.Filled,002466.SZ,,TimeInForce.GTC,,,,1713801600000000000,2024-04-22T16:00:00Z
41.27868,44116.58925,1713715200000000000,2024-04-21T16:00:00Z,427500.0,,61f09a3f-1c7a-4832-bd98-0de829d4cbab,OrderRole.Standalone,OrderType.Market,_default,,PositionEffect.Close,,427500.0,False,,OrderSide.Sell,OrderStatus.Filled,688981.SH,,TimeInForce.GTC,,,,1713801600000000000,2024-04-22T16:00:00Z
10.42041,44497.7558025,1713715200000000000,2024-04-21T16:00:00Z,1708100.0,,c3668f39-b2a7-426f-ae8b-5d45f79a46bd,OrderRole.Standalone,OrderType.Market,_default,,PositionEffect.Open,,1708100.0,False,,OrderSide.Buy,OrderStatus.Filled,002558.SZ,,TimeInForce.GTC,,,,1713801600000000000,2024-04-22T16:00:00Z
5.12512,44459.13472,1713715200000000000,2024-04-21T16:00:00Z,3469900.0,,c2464cfb-504e-4210-94b0-e1cb4a3ea047,OrderRole.Standalone,OrderType.Market,_default,,PositionEffect.Open,,3469900.0,False,,OrderSide.Buy,OrderStatus.Filled,002600.SZ,,TimeInForce.GTC,,,,1713801600000000000,2024-04-22T16:00:00Z
40.92088,44194.5504,1713715200000000000,2024-04-21T16:00:00Z,432000.0,,890fab0a-ad6d-4ccf-be99-18198159eb61,OrderRole.Standalone,OrderType.Market,_default,,PositionEffect.Open,,432000.0,False,,OrderSide.Buy,OrderStatus.Filled,300803.SZ,,TimeInForce.GTC,,,,1713801600000000000,2024-04-22T16:00:00Z
6.7067,7999.416425,1713715200000000000,2024-04-21T16:00:00Z,477100.0,,3a6bfb07-69a7-4f98-bbe9-4228b9b5a43b,OrderRole.Standalone,OrderType.Market,_default,,PositionEffect.Open,,477100.0,False,,OrderSide.Buy,OrderStatus.Filled,000002.SZ,,TimeInForce.GTC,,,,1713801600000000000,2024-04-22T16:00:00Z
7.12287,3878.402715,1718899200000000000,2024-06-20T16:00:00Z,217800.0,,963eb9bf-1222-417f-9157-23dca071c222,OrderRole.Standalone,OrderType.Market,_default,,PositionEffect.Close,,217800.0,False,,OrderSide.Sell,OrderStatus.Filled,000002.SZ,,TimeInForce.GTC,,,,1719158400000000000,2024-06-23T16:00:00Z
9.48051,40484.1478275,1718899200000000000,2024-06-20T16:00:00Z,1708100.0,,cc9295e8-b910-44e9-8a00-df7d5fd2dd6b,OrderRole.Standalone,OrderType.Market,_default,,PositionEffect.Close,,1708100.0,False,,OrderSide.Sell,OrderStatus.Filled,002558.SZ,,TimeInForce.GTC,,,,1719158400000000000,2024-06-23T16:00:00Z
5.58441,48443.3606475,1718899200000000000,2024-06-20T16:00:00Z,3469900.0,,145dd445-5c69-44dd-9954-3d93312fa914,OrderRole.Standalone,OrderType.Market,_default,,PositionEffect.Close,,3469900.0,False,,OrderSide.Sell,OrderStatus.Filled,002600.SZ,,TimeInForce.GTC,,,,1719158400000000000,2024-06-23T16:00:00Z
40.1598,43372.584,1718899200000000000,2024-06-20T16:00:00Z,432000.0,,0f4c1a61-15df-45d1-a347-29e6f5abb07c,OrderRole.Standalone,OrderType.Market,_default,,PositionEffect.Close,,432000.0,False,,OrderSide.Sell,OrderStatus.Filled,300803.SZ,,TimeInForce.GTC,,,,1719158400000000000,2024-06-23T16:00:00Z
48.6486,43443.1998,1718899200000000000,2024-06-20T16:00:00Z,357200.0,,312fbcbc-b092-485d-989f-bb48aaf8b3af,OrderRole.Standalone,OrderType.Market,_default,,PositionEffect.Open,,357200.0,False,,OrderSide.Buy,OrderStatus.Filled,688981.SH,,TimeInForce.GTC,,,,1719158400000000000,2024-06-23T16:00:00Z
9.97997,43450.2943875,1718899200000000000,2024-06-20T16:00:00Z,1741500.0,,685558a9-b705-4706-b726-44978db0e97b,OrderRole.Standalone,OrderType.Market,_default,,PositionEffect.Open,,1741500.0,False,,OrderSide.Buy,OrderStatus.Filled,000001.SZ,,TimeInForce.GTC,,,,1719158400000000000,2024-06-23T16:00:00Z
42.52248,43319.7765,1718899200000000000,2024-06-20T16:00:00Z,407500.0,,7683df37-5355-4b6f-a090-6921da5ad2c4,OrderRole.Standalone,OrderType.Market,_default,,PositionEffect.Open,,407500.0,False,,OrderSide.Buy,OrderStatus.Filled,002230.SZ,,TimeInForce.GTC,,,,1719158400000000000,2024-06-23T16:00:00Z
146.15601,6138.55242,1718899200000000000,2024-06-20T16:00:00Z,16800.0,,80bbb5f3-4330-4ca1-8968-5713089b3dd4,OrderRole.Standalone,OrderType.Market,_default,,PositionEffect.Open,,16800.0,False,,OrderSide.Buy,OrderStatus.Filled,000568.SZ,,TimeInForce.GTC,,,,1719158400000000000,2024-06-23T16:00:00Z
10.34964,45059.74515,1721318400000000000,2024-07-18T16:00:00Z,1741500.0,,db05e7da-ab5a-4edc-8e77-38e14af73e5b,OrderRole.Standalone,OrderType.Market,_default,,PositionEffect.Close,,1741500.0,False,,OrderSide.Sell,OrderStatus.Filled,000001.SZ,,TimeInForce.GTC,,,,1721577600000000000,2024-07-21T16:00:00Z
50.8491,2809.412775,1721318400000000000,2024-07-18T16:00:00Z,22100.0,,9f7394ed-c36f-4e3d-bbe2-1e3c77c49cb8,OrderRole.Standalone,OrderType.Market,_default,,PositionEffect.Close,,22100.0,False,,OrderSide.Sell,OrderStatus.Filled,688981.SH,,TimeInForce.GTC,,,,1721577600000000000,2024-07-21T16:00:00Z
10.73072,42810.20744,1721318400000000000,2024-07-18T16:00:00Z,1595800.0,,c3460add-3468-4cec-9f9f-349dc8e2d6f7,OrderRole.Standalone,OrderType.Market,_default,,PositionEffect.Open,,1595800.0,False,,OrderSide.Buy,OrderStatus.Filled,002410.SZ,,TimeInForce.GTC,,,,1721577600000000000,2024-07-21T16:00:00Z
39.3393,2852.09925,1721318400000000000,2024-07-18T16:00:00Z,29000.0,,efc556bb-6a8c-40b1-a303-507fc29a5d4a,OrderRole.Standalone,OrderType.Market,_default,,PositionEffect.Open,,29000.0,False,,OrderSide.Buy,OrderStatus.Filled,002230.SZ,,TimeInForce.GTC,,,,1721577600000000000,2024-07-21T16:00:00Z
147.147,257.50725,1721318400000000000,2024-07-18T16:00:00Z,700.0,,534c2647-ea29-4f50-b016-0e4637ca2e48,OrderRole.Standalone,OrderType.Market,_default,,PositionEffect.Open,,700.0,False,,OrderSide.Buy,OrderStatus.Filled,000568.SZ,,TimeInForce.GTC,,,,1721577600000000000,2024-07-21T16:00:00Z
7.09709,134.84471,1721318400000000000,2024-07-18T16:00:00Z,7600.0,,4dd8e0f4-9831-4481-a7b3-83746478c4cd,OrderRole.Standalone,OrderType.Market,_default,,PositionEffect.Open,,7600.0,False,,OrderSide.Buy,OrderStatus.Filled,000002.SZ,,TimeInForce.GTC,,,,1721577600000000000,2024-07-21T16:00:00Z
6.76323,1692.4983075,1723737600000000000,2024-08-15T16:00:00Z,100100.0,,29cc3044-08eb-4a9a-a83c-dc9240ab9532,OrderRole.Standalone,OrderType.Market,_default,,PositionEffect.Close,,100100.0,False,,OrderSide.Sell,OrderStatus.Filled,000002.SZ,,TimeInForce.GTC,,,,1723996800000000000,2024-08-18T16:00:00Z
9.90009,39496.409055,1723737600000000000,2024-08-15T16:00:00Z,1595800.0,,bb2c7048-408a-470f-82b9-3137b9afea1b,OrderRole.Standalone,OrderType.Market,_default,,PositionEffect.Close,,1595800.0,False,,OrderSide.Sell,OrderStatus.Filled,002410.SZ,,TimeInForce.GTC,,,,1723996800000000000,2024-08-18T16:00:00Z
49.44051,1829.29887,1723737600000000000,2024-08-15T16:00:00Z,14800.0,,ea0379e4-9801-4d25-9387-808a19a10a6c,OrderRole.Standalone,OrderType.Market,_default,,PositionEffect.Close,,14800.0,False,,OrderSide.Sell,OrderStatus.Filled,688981.SH,,TimeInForce.GTC,,,,1723996800000000000,2024-08-18T16:00:00Z
85.60552,39335.73644,1723737600000000000,2024-08-15T16:00:00Z,183800.0,,1ba106a2-8114-4419-9e1a-e50cf8fdb071,OrderRole.Standalone,OrderType.Market,_default,,PositionEffect.Open,,183800.0,False,,OrderSide.Buy,OrderStatus.Filled,000661.SZ,,TimeInForce.GTC,,,,1723996800000000000,2024-08-18T16:00:00Z
125.9258,3053.70065,1723737600000000000,2024-08-15T16:00:00Z,9700.0,,797ad1f0-3d5b-4e8d-b43a-3fa7867077cc,OrderRole.Standalone,OrderType.Market,_default,,PositionEffect.Open,,9700.0,False,,OrderSide.Buy,OrderStatus.Filled,000568.SZ,,TimeInForce.GTC,,,,1723996800000000000,2024-08-18T16:00:00Z
34.48445,2000.0981,1723737600000000000,2024-08-15T16:00:00Z,23200.0,,04a99410-b2d1-4b52-b92a-fd2970ccd179,OrderRole.Standalone,OrderType.Market,_default,,PositionEffect.Open,,23200.0,False,,OrderSide.Buy,OrderStatus.Filled,002230.SZ,,TimeInForce.GTC,,,,1723996800000000000,2024-08-18T16:00:00Z
6.33366,783.790425,1726156800000000000,2024-09-12T16:00:00Z,49500.0,,adf2a79d-21b4-4785-8bb4-d5e9cf6c8e97,OrderRole.Standalone,OrderType.Market,_default,,PositionEffect.Close,,49500.0,False,,OrderSide.Sell,OrderStatus.Filled,000002.SZ,,TimeInForce.GTC,,,,1726588800000000000,2024-09-17T16:00:00Z
79.64028,36594.70866,1726156800000000000,2024-09-12T16:00:00Z,183800.0,,85d79d3a-3229-41cb-b8b1-4df360657b1d,OrderRole.Standalone,OrderType.Market,_default,,PositionEffect.Close,,183800.0,False,,OrderSide.Sell,OrderStatus.Filled,000661.SZ,,TimeInForce.GTC,,,,1726588800000000000,2024-09-17T16:00:00Z
33.79617,2838.87828,1726156800000000000,2024-09-12T16:00:00Z,33600.0,,5eb1c6ca-9bd7-481d-8a25-1b8013af41c5,OrderRole.Standalone,OrderType.Market,_default,,PositionEffect.Close,,33600.0,False,,OrderSide.Sell,OrderStatus.Filled,002230.SZ,,TimeInForce.GTC,,,,1726588800000000000,2024-09-17T16:00:00Z
42.63732,34141.83399,1726156800000000000,2024-09-12T16:00:00Z,320300.0,,7521723f-c219-495e-8e86-0ecd4ab2d73b,OrderRole.Standalone,OrderType.Market,_default,,PositionEffect.Close,,320300.0,False,,OrderSide.Sell,OrderStatus.Filled,688981.SH,,TimeInForce.GTC,,,,1726588800000000000,2024-09-17T16:00:00Z
7.67767,35919.979095,1726156800000000000,2024-09-12T16:00:00Z,1871400.0,,1dc0111d-6589-4d76-bab6-e7fa33867a76,OrderRole.Standalone,OrderType.Market,_default,,PositionEffect.Open,,1871400.0,False,,OrderSide.Buy,OrderStatus.Filled,002129.SZ,,TimeInForce.GTC,,,,1726588800000000000,2024-09-17T16:00:00Z
9.06906,36060.849825,1726156800000000000,2024-09-12T16:00:00Z,1590500.0,,04df1d1a-3ae5-4b00-9680-a9a8012c2eec,OrderRole.Standalone,OrderType.Market,_default,,PositionEffect.Open,,1590500.0,False,,OrderSide.Buy,OrderStatus.Filled,002410.SZ,,TimeInForce.GTC,,,,1726588800000000000,2024-09-17T16:00:00Z
100.4003,4141.512375,1726156800000000000,2024-09-12T16:00:00Z,16500.0,,0b236602-b123-41ba-be14-97130c950777,OrderRole.Standalone,OrderType.Market,_default,,PositionEffect.Open,,16500.0,False,,OrderSide.Buy,OrderStatus.Filled,000568.SZ,,TimeInForce.GTC,,,,1726588800000000000,2024-09-17T16:00:00Z
9.21078,21350.58804,1729526400000000000,2024-10-21T16:00:00Z,927200.0,,013e97e5-af3a-4f14-822b-b076f0c0b791,OrderRole.Standalone,OrderType.Market,_default,,PositionEffect.Close,,927200.0,False,,OrderSide.Sell,OrderStatus.Filled,000002.SZ,,TimeInForce.GTC,,,,1729612800000000000,2024-10-22T16:00:00Z
137.84202,49244.061645,1729526400000000000,2024-10-21T16:00:00Z,142900.0,,efd5d4e7-b00f-46c8-b7e2-55939bae2413,OrderRole.Standalone,OrderType.Market,_default,,PositionEffect.Close,,142900.0,False,,OrderSide.Sell,OrderStatus.Filled,000568.SZ,,TimeInForce.GTC,,,,1729612800000000000,2024-10-22T16:00:00Z
9.99999,46784.953215,1729526400000000000,2024-10-21T16:00:00Z,1871400.0,,90280130-a08c-447a-81a6-190adbe4ddb6,OrderRole.Standalone,OrderType.Market,_default,,PositionEffect.Close,,1871400.0,False,,OrderSide.Sell,OrderStatus.Filled,002129.SZ,,TimeInForce.GTC,,,,1729612800000000000,2024-10-22T16:00:00Z
45.4545,48420.406125,1729526400000000000,2024-10-21T16:00:00Z,426100.0,,94076b7e-beea-474a-837f-5af8a9d20cf3,OrderRole.Standalone,OrderType.Market,_default,,PositionEffect.Close,,426100.0,False,,OrderSide.Sell,OrderStatus.Filled,002230.SZ,,TimeInForce.GTC,,,,1729612800000000000,2024-10-22T16:00:00Z
15.02496,59742.9972,1729526400000000000,2024-10-21T16:00:00Z,1590500.0,,ee00ee53-6ce4-47e9-8595-dd20fb8f5dc0,OrderRole.Standalone,OrderType.Market,_default,,PositionEffect.Close,,1590500.0,False,,OrderSide.Sell,OrderStatus.Filled,002410.SZ,,TimeInForce.GTC,,,,1729612800000000000,2024-10-22T16:00:00Z
202.88268,31396.09473,1729526400000000000,2024-10-21T16:00:00Z,61900.0,,f4b84ae8-1b7b-4dac-b7a9-9b6ef3d09a0a,OrderRole.Standalone,OrderType.Market,_default,,PositionEffect.Open,,61900.0,False,,OrderSide.Buy,OrderStatus.Filled,300033.SZ,,TimeInForce.GTC,,,,1729612800000000000,2024-10-22T16:00:00Z
217.7175,30915.885,1729526400000000000,2024-10-21T16:00:00Z,56800.0,,0bcef948-212e-4ec3-be3c-1663e02947a1,OrderRole.Standalone,OrderType.Market,_default,,PositionEffect.Open,,56800.0,False,,OrderSide.Buy,OrderStatus.Filled,300896.SZ,,TimeInForce.GTC,,,,1729612800000000000,2024-10-22T16:00:00Z
1545.65411,31299.4957275,1729526400000000000,2024-10-21T16:00:00Z,8100.0,,252ae780-b98c-4071-8896-63bdb6b37c03,OrderRole.Standalone,OrderType.Market,_default,,PositionEffect.Open,,8100.0,False,,OrderSide.Buy,OrderStatus.Filled,600519.SH,,TimeInForce.GTC,,,,1729612800000000000,2024-10-22T16:00:00Z
3.47347,31373.2494075,1729526400000000000,2024-10-21T16:00:00Z,3612900.0,,e21d5ab0-8bad-4bc1-a36a-6ac532d057e5,OrderRole.Standalone,OrderType.Market,_default,,PositionEffect.Open,,3612900.0,False,,OrderSide.Buy,OrderStatus.Filled,601818.SH,,TimeInForce.GTC,,,,1729612800000000000,2024-10-22T16:00:00Z
139.67954,30729.4988,1729526400000000000,2024-10-21T16:00:00Z,88000.0,,ef7bdbb8-b6c8-4060-bc42-70473eca5fdc,OrderRole.Standalone,OrderType.Market,_default,,PositionEffect.Open,,88000.0,False,,OrderSide.Buy,OrderStatus.Filled,688047.SH,,TimeInForce.GTC,,,,1729612800000000000,2024-10-22T16:00:00Z
268.90864,31462.31088,1729526400000000000,2024-10-21T16:00:00Z,46800.0,,bf22a701-320c-4978-8ba1-fb6eb66a5d9f,OrderRole.Standalone,OrderType.Market,_default,,PositionEffect.Open,,46800.0,False,,OrderSide.Buy,OrderStatus.Filled,688111.SH,,TimeInForce.GTC,,,,1729612800000000000,2024-10-22T16:00:00Z
396.94655,31259.5408125,1729526400000000000,2024-10-21T16:00:00Z,31500.0,,a9d17b84-c6cb-4f24-be4b-211240442687,OrderRole.Standalone,OrderType.Market,_default,,PositionEffect.Open,,31500.0,False,,OrderSide.Buy,OrderStatus.Filled,002371.SZ,,TimeInForce.GTC,,,,1729612800000000000,2024-10-22T16:00:00Z
435.6639,34308.532125,1731945600000000000,2024-11-18T16:00:00Z,31500.0,,6e34204c-5c7b-4550-8283-db2a352251ca,OrderRole.Standalone,OrderType.Market,_default,,PositionEffect.Close,,31500.0,False,,OrderSide.Sell,OrderStatus.Filled,002371.SZ,,TimeInForce.GTC,,,,1732032000000000000,2024-11-19T16:00:00Z
214.19559,30415.77378,1731945600000000000,2024-11-18T16:00:00Z,56800.0,,f0d05e6d-3ce0-4906-93d7-45df1fa429f2,OrderRole.Standalone,OrderType.Market,_default,,PositionEffect.Close,,56800.0,False,,OrderSide.Sell,OrderStatus.Filled,300896.SZ,,TimeInForce.GTC,,,,1732032000000000000,2024-11-19T16:00:00Z
1541.457,31214.50425,1731945600000000000,2024-11-18T16:00:00Z,8100.0,,17c3c0ae-e250-4734-ad93-a9ea3fce0efa,OrderRole.Standalone,OrderType.Market,_default,,PositionEffect.Close,,8100.0,False,,OrderSide.Sell,OrderStatus.Filled,600519.SH,,TimeInForce.GTC,,,,1732032000000000000,2024-11-19T16:00:00Z
3.5964,32483.5839,1731945600000000000,2024-11-18T16:00:00Z,3612900.0,,e17ff645-8641-4eb1-8b18-a10a9374b196,OrderRole.Standalone,OrderType.Market,_default,,PositionEffect.Close,,3612900.0,False,,OrderSide.Sell,OrderStatus.Filled,601818.SH,,TimeInForce.GTC,,,,1732032000000000000,2024-11-19T16:00:00Z
146.76309,32287.8798,1731945600000000000,2024-11-18T16:00:00Z,88000.0,,917ea66e-4983-4fed-8105-376e10453fcd,OrderRole.Standalone,OrderType.Market,_default,,PositionEffect.Close,,88000.0,False,,OrderSide.Sell,OrderStatus.Filled,688047.SH,,TimeInForce.GTC,,,,1732032000000000000,2024-11-19T16:00:00Z
277.722,32493.474,1731945600000000000,2024-11-18T16:00:00Z,46800.0,,b9b32c10-f6bc-4f5d-8935-483782d02d55,OrderRole.Standalone,OrderType.Market,_default,,PositionEffect.Close,,46800.0,False,,OrderSide.Sell,OrderStatus.Filled,688111.SH,,TimeInForce.GTC,,,,1732032000000000000,2024-11-19T16:00:00Z
456.456,52264.212,1731945600000000000,2024-11-18T16:00:00Z,45800.0,,6cf6c1c9-60c6-4841-9d6a-382dfac2d83a,OrderRole.Standalone,OrderType.Market,_default,,PositionEffect.Open,,45800.0,False,,OrderSide.Buy,OrderStatus.Filled,688256.SH,,TimeInForce.GTC,,,,1732032000000000000,2024-11-19T16:00:00Z
94.094,52339.7875,1731945600000000000,2024-11-18T16:00:00Z,222500.0,,8ade2b39-c859-45bf-8afd-b03ab20094bd,OrderRole.Standalone,OrderType.Market,_default,,PositionEffect.Open,,222500.0,False,,OrderSide.Buy,OrderStatus.Filled,688981.SH,,TimeInForce.GTC,,,,1732032000000000000,2024-11-19T16:00:00Z
4.82482,52641.19861,1731945600000000000,2024-11-18T16:00:00Z,4364200.0,,07bab34a-0ac3-4731-8f1e-94bda1042340,OrderRole.Standalone,OrderType.Market,_default,,PositionEffect.Open,,4364200.0,False,,OrderSide.Buy,OrderStatus.Filled,000100.SZ,,TimeInForce.GTC,,,,1732032000000000000,2024-11-19T16:00:00Z
8.7087,23099.82675,1731945600000000000,2024-11-18T16:00:00Z,1061000.0,,f5d837b9-be8f-4a9c-9c80-250f12932828,OrderRole.Standalone,OrderType.Market,_default,,PositionEffect.Open,,1061000.0,False,,OrderSide.Buy,OrderStatus.Filled,000002.SZ,,TimeInForce.GTC,,,,1732032000000000000,2024-11-19T16:00:00Z
284.27399,7888.6032225,1731945600000000000,2024-11-18T16:00:00Z,11100.0,,dc9b58e3-2853-4bed-86c5-ac26ccf63f23,OrderRole.Standalone,OrderType.Market,_default,,PositionEffect.Open,,11100.0,False,,OrderSide.Buy,OrderStatus.Filled,300033.SZ,,TimeInForce.GTC,,,,1732032000000000000,2024-11-19T16:00:00Z
5.02497,54824.935185,1734364800000000000,2024-12-16T16:00:00Z,4364200.0,,d7a34559-f63b-4d10-8814-789e8029895e,OrderRole.Standalone,OrderType.Market,_default,,PositionEffect.Close,,4364200.0,False,,OrderSide.Sell,OrderStatus.Filled,000100.SZ,,TimeInForce.GTC,,,,1734451200000000000,2024-12-17T16:00:00Z
298.6011,54494.70075,1734364800000000000,2024-12-16T16:00:00Z,73000.0,,ce557e04-968a-42e0-9009-7ba43e3a48ea,OrderRole.Standalone,OrderType.Market,_default,,PositionEffect.Close,,73000.0,False,,OrderSide.Sell,OrderStatus.Filled,300033.SZ,,TimeInForce.GTC,,,,1734451200000000000,2024-12-17T16:00:00Z
567.32211,64958.381595,1734364800000000000,2024-12-16T16:00:00Z,45800.0,,267896c3-e851-4a1e-b5a9-7d5090c13234,OrderRole.Standalone,OrderType.Market,_default,,PositionEffect.Close,,45800.0,False,,OrderSide.Sell,OrderStatus.Filled,688256.SH,,TimeInForce.GTC,,,,1734451200000000000,2024-12-17T16:00:00Z
82.73718,46022.556375,1734364800000000000,2024-12-16T16:00:00Z,222500.0,,05ccdc4c-75c8-4c1f-bbdd-bd25781b5e69,OrderRole.Standalone,OrderType.Market,_default,,PositionEffect.Close,,222500.0,False,,OrderSide.Sell,OrderStatus.Filled,688981.SH,,TimeInForce.GTC,,,,1734451200000000000,2024-12-17T16:00:00Z
62.062,54350.7965,1734364800000000000,2024-12-16T16:00:00Z,350300.0,,d9f87df7-a6e8-4d53-bcc4-79b0ee9e6f29,OrderRole.Standalone,OrderType.Market,_default,,PositionEffect.Open,,350300.0,False,,OrderSide.Buy,OrderStatus.Filled,300496.SZ,,TimeInForce.GTC,,,,1734451200000000000,2024-12-17T16:00:00Z
1559.52797,53803.714965,1734364800000000000,2024-12-16T16:00:00Z,13800.0,,d8578133-6c80-4bc4-8000-3e72ed2ff1cb,OrderRole.Standalone,OrderType.Market,_default,,PositionEffect.Open,,13800.0,False,,OrderSide.Buy,OrderStatus.Filled,600519.SH,,TimeInForce.GTC,,,,1734451200000000000,2024-12-17T16:00:00Z
247.7475,52956.028125,1734364800000000000,2024-12-16T16:00:00Z,85500.0,,308b292c-d255-4cfc-a5f8-f49beafb749e,OrderRole.Standalone,OrderType.Market,_default,,PositionEffect.Open,,85500.0,False,,OrderSide.Buy,OrderStatus.Filled,605499.SH,,TimeInForce.GTC,,,,1734451200000000000,2024-12-17T16:00:00Z
48.03799,53790.5393025,1734364800000000000,2024-12-16T16:00:00Z,447900.0,,5703d723-4285-4ad3-8e05-12e303405113,OrderRole.Standalone,OrderType.Market,_default,,PositionEffect.Open,,447900.0,False,,OrderSide.Buy,OrderStatus.Filled,688521.SH,,TimeInForce.GTC,,,,1734451200000000000,2024-12-17T16:00:00Z
8.17817,4763.784025,1734364800000000000,2024-12-16T16:00:00Z,233000.0,,d15eee38-77f4-4f53-840d-857cd779837e,OrderRole.Standalone,OrderType.Market,_default,,PositionEffect.Open,,233000.0,False,,OrderSide.Buy,OrderStatus.Filled,000002.SZ,,TimeInForce.GTC,,,,1734451200000000000,2024-12-17T16:00:00Z
53.12682,46525.812615,1736870400000000000,2025-01-14T16:00:00Z,350300.0,,a20abea1-569a-41ad-a943-b8b75829e628,OrderRole.Standalone,OrderType.Market,_default,,PositionEffect.Close,,350300.0,False,,OrderSide.Sell,OrderStatus.Filled,300496.SZ,,TimeInForce.GTC,,,,1736956800000000000,2025-01-15T16:00:00Z
1472.526,50802.147,1736870400000000000,2025-01-14T16:00:00Z,13800.0,,a8408e67-8550-44af-b482-7975bfda6ace,OrderRole.Standalone,OrderType.Market,_default,,PositionEffect.Close,,13800.0,False,,OrderSide.Sell,OrderStatus.Filled,600519.SH,,TimeInForce.GTC,,,,1736956800000000000,2025-01-15T16:00:00Z
232.80696,49762.4877,1736870400000000000,2025-01-14T16:00:00Z,85500.0,,45e5ba01-dbab-46d4-8dd3-6ca61992117d,OrderRole.Standalone,OrderType.Market,_default,,PositionEffect.Close,,85500.0,False,,OrderSide.Sell,OrderStatus.Filled,605499.SH,,TimeInForce.GTC,,,,1736956800000000000,2025-01-15T16:00:00Z
52.4475,58728.088125,1736870400000000000,2025-01-14T16:00:00Z,447900.0,,ddcd4d23-db19-46ac-a9c9-166e44352817,OrderRole.Standalone,OrderType.Market,_default,,PositionEffect.Close,,447900.0,False,,OrderSide.Sell,OrderStatus.Filled,688521.SH,,TimeInForce.GTC,,,,1736956800000000000,2025-01-15T16:00:00Z
29.029,50227.42725,1736870400000000000,2025-01-14T16:00:00Z,692100.0,,12e37f94-e46b-41b0-a8a0-9eccd81f62f0,OrderRole.Standalone,OrderType.Market,_default,,PositionEffect.Open,,692100.0,False,,OrderSide.Buy,OrderStatus.Filled,002050.SZ,,TimeInForce.GTC,,,,1736956800000000000,2025-01-15T16:00:00Z
282.282,51304.7535,1736870400000000000,2025-01-14T16:00:00Z,72700.0,,9f5f0fa0-dc8e-4666-8be3-8234cdcb4b4f,OrderRole.Standalone,OrderType.Market,_default,,PositionEffect.Open,,72700.0,False,,OrderSide.Buy,OrderStatus.Filled,300033.SZ,,TimeInForce.GTC,,,,1736956800000000000,2025-01-15T16:00:00Z
2.86286,50789.283545,1736870400000000000,2025-01-14T16:00:00Z,7096300.0,,30ebeed3-864b-42df-b1ba-99749ceda906,OrderRole.Standalone,OrderType.Market,_default,,PositionEffect.Open,,7096300.0,False,,OrderSide.Buy,OrderStatus.Filled,601916.SH,,TimeInForce.GTC,,,,1736956800000000000,2025-01-15T16:00:00Z
132.20207,50302.887635,1736870400000000000,2025-01-14T16:00:00Z,152200.0,,70bd9c3b-36a7-49bb-aaea-5cc7f41a7b0f,OrderRole.Standalone,OrderType.Market,_default,,PositionEffect.Open,,152200.0,False,,OrderSide.Buy,OrderStatus.Filled,603986.SH,,TimeInForce.GTC,,,,1736956800000000000,2025-01-15T16:00:00Z
6.9069,5199.168975,1736870400000000000,2025-01-14T16:00:00Z,301100.0,,4079332c-66c2-419c-a444-70414ca81b30,OrderRole.Standalone,OrderType.Market,_default,,PositionEffect.Open,,301100.0,False,,OrderSide.Buy,OrderStatus.Filled,000002.SZ,,TimeInForce.GTC,,,,1736956800000000000,2025-01-15T16:00:00Z
7.52247,2093.1272775,1739980800000000000,2025-02-19T16:00:00Z,111300.0,,0f0c88ac-f84e-48cf-853a-1af28f72d06b,OrderRole.Standalone,OrderType.Market,_default,,PositionEffect.Close,,111300.0,False,,OrderSide.Sell,OrderStatus.Filled,000002.SZ,,TimeInForce.GTC,,,,1740067200000000000,2025-02-20T16:00:00Z
33.70626,58320.256365,1739980800000000000,2025-02-19T16:00:00Z,692100.0,,1b824785-d0e3-4c01-b94f-1a937fbba8b0,OrderRole.Standalone,OrderType.Market,_default,,PositionEffect.Close,,692100.0,False,,OrderSide.Sell,OrderStatus.Filled,002050.SZ,,TimeInForce.GTC,,,,1740067200000000000,2025-02-20T16:00:00Z
304.85484,55407.36717,1739980800000000000,2025-02-19T16:00:00Z,72700.0,,4119b307-9438-4e45-9052-18c404c8076a,OrderRole.Standalone,OrderType.Market,_default,,PositionEffect.Close,,72700.0,False,,OrderSide.Sell,OrderStatus.Filled,300033.SZ,,TimeInForce.GTC,,,,1740067200000000000,2025-02-20T16:00:00Z
2.88711,51219.4967325,1739980800000000000,2025-02-19T16:00:00Z,7096300.0,,697e4f07-cc21-48c5-822b-c4d46e8369ba,OrderRole.Standalone,OrderType.Market,_default,,PositionEffect.Close,,7096300.0,False,,OrderSide.Sell,OrderStatus.Filled,601916.SH,,TimeInForce.GTC,,,,1740067200000000000,2025-02-20T16:00:00Z
128.28159,48811.144995,1739980800000000000,2025-02-19T16:00:00Z,152200.0,,fe1d4b26-5543-453f-82fb-d14be4f9dd98,OrderRole.Standalone,OrderType.Market,_default,,PositionEffect.Close,,152200.0,False,,OrderSide.Sell,OrderStatus.Filled,603986.SH,,TimeInForce.GTC,,,,1740067200000000000,2025-02-20T16:00:00Z
3.25325,53383.3925625,1739980800000000000,2025-02-19T16:00:00Z,6563700.0,,efae4326-8170-45b3-9a53-b139a8023e1d,OrderRole.Standalone,OrderType.Market,_default,,PositionEffect.Open,,6563700.0,False,,OrderSide.Buy,OrderStatus.Filled,000630.SZ,,TimeInForce.GTC,,,,1740067200000000000,2025-02-20T16:00:00Z
65.67561,55266.025815,1739980800000000000,2025-02-19T16:00:00Z,336600.0,,333a0ee3-74ac-404e-ab99-74dbc36b0c31,OrderRole.Standalone,OrderType.Market,_default,,PositionEffect.Open,,336600.0,False,,OrderSide.Buy,OrderStatus.Filled,000977.SZ,,TimeInForce.GTC,,,,1740067200000000000,2025-02-20T16:00:00Z
268.84858,53030.382405,1739980800000000000,2025-02-19T16:00:00Z,78900.0,,39f5cc2c-9280-4b31-a758-06211ab9bba4,OrderRole.Standalone,OrderType.Market,_default,,PositionEffect.Open,,78900.0,False,,OrderSide.Buy,OrderStatus.Filled,300750.SZ,,TimeInForce.GTC,,,,1740067200000000000,2025-02-20T16:00:00Z
1481.48,53333.28,1739980800000000000,2025-02-19T16:00:00Z,14400.0,,a2b64e8d-fcc7-4048-9d83-ad368c82d1f8,OrderRole.Standalone,OrderType.Market,_default,,PositionEffect.Open,,14400.0,False,,OrderSide.Buy,OrderStatus.Filled,600519.SH,,TimeInForce.GTC,,,,1740067200000000000,2025-02-20T16:00:00Z
3.50649,57538.8710325,1742400000000000000,2025-03-19T16:00:00Z,6563700.0,,e74c29c2-57af-4222-9d06-26abf3e2f652,OrderRole.Standalone,OrderType.Market,_default,,PositionEffect.Close,,6563700.0,False,,OrderSide.Sell,OrderStatus.Filled,000630.SZ,,TimeInForce.GTC,,,,1742486400000000000,2025-03-20T16:00:00Z
57.82212,48657.31398,1742400000000000000,2025-03-19T16:00:00Z,336600.0,,12fbddb6-b50d-4c66-a171-e45b6ff1bac4,OrderRole.Standalone,OrderType.Market,_default,,PositionEffect.Close,,336600.0,False,,OrderSide.Sell,OrderStatus.Filled,000977.SZ,,TimeInForce.GTC,,,,1742486400000000000,2025-03-20T16:00:00Z
262.41732,51761.81637,1742400000000000000,2025-03-19T16:00:00Z,78900.0,,f4911254-4de7-42fe-b5c9-569aecb63645,OrderRole.Standalone,OrderType.Market,_default,,PositionEffect.Close,,78900.0,False,,OrderSide.Sell,OrderStatus.Filled,300750.SZ,,TimeInForce.GTC,,,,1742486400000000000,2025-03-20T16:00:00Z
1597.401,57506.436,1742400000000000000,2025-03-19T16:00:00Z,14400.0,,673ea884-7ac2-48d1-97ea-ad3b2736d434,OrderRole.Standalone,OrderType.Market,_default,,PositionEffect.Close,,14400.0,False,,OrderSide.Sell,OrderStatus.Filled,600519.SH,,TimeInForce.GTC,,,,1742486400000000000,2025-03-20T16:00:00Z
8.87887,53224.386215,1742400000000000000,2025-03-19T16:00:00Z,2397800.0,,c5c8439e-a975-4123-8e30-8b398640ebb3,OrderRole.Standalone,OrderType.Market,_default,,PositionEffect.Open,,2397800.0,False,,OrderSide.Buy,OrderStatus.Filled,000301.SZ,,TimeInForce.GTC,,,,1742486400000000000,2025-03-20T16:00:00Z
134.56443,52850.1798825,1742400000000000000,2025-03-19T16:00:00Z,157100.0,,ef9760c6-87cd-4363-a3d7-d09df9c0d6f1,OrderRole.Standalone,OrderType.Market,_default,,PositionEffect.Open,,157100.0,False,,OrderSide.Buy,OrderStatus.Filled,000568.SZ,,TimeInForce.GTC,,,,1742486400000000000,2025-03-20T16:00:00Z
101.5014,53034.4815,1742400000000000000,2025-03-19T16:00:00Z,209000.0,,843b802a-d793-424d-9b44-5e4831f066b3,OrderRole.Standalone,OrderType.Market,_default,,PositionEffect.Open,,209000.0,False,,OrderSide.Buy,OrderStatus.Filled,000661.SZ,,TimeInForce.GTC,,,,1742486400000000000,2025-03-20T16:00:00Z
9.19919,53396.698355,1742400000000000000,2025-03-19T16:00:00Z,2321800.0,,9907e7d7-3c31-4e04-b5ac-e50fe2ddedf6,OrderRole.Standalone,OrderType.Market,_default,,PositionEffect.Open,,2321800.0,False,,OrderSide.Buy,OrderStatus.Filled,002129.SZ,,TimeInForce.GTC,,,,1742486400000000000,2025-03-20T16:00:00Z
7.4074,416.66625,1742400000000000000,2025-03-19T16:00:00Z,22500.0,,7e1d886a-ccfc-4c51-930d-421da66c6553,OrderRole.Standalone,OrderType.Market,_default,,PositionEffect.Open,,22500.0,False,,OrderSide.Buy,OrderStatus.Filled,000002.SZ,,TimeInForce.GTC,,,,1742486400000000000,2025-03-20T16:00:00Z
7.1928,3073.1238,1744905600000000000,2025-04-17T16:00:00Z,170900.0,,e6de1ba0-53fa-4c70-9f50-d862f4a87663,OrderRole.Standalone,OrderType.Market,_default,,PositionEffect.Close,,170900.0,False,,OrderSide.Sell,OrderStatus.Filled,000002.SZ,,TimeInForce.GTC,,,,1745164800000000000,2025-04-20T16:00:00Z
8.06193,48327.239385,1744905600000000000,2025-04-17T16:00:00Z,2397800.0,,514c79af-43cd-4136-9f8f-2b3f3cff93b2,OrderRole.Standalone,OrderType.Market,_default,,PositionEffect.Close,,2397800.0,False,,OrderSide.Sell,OrderStatus.Filled,000301.SZ,,TimeInForce.GTC,,,,1745164800000000000,2025-04-20T16:00:00Z
131.44842,2596.106295,1744905600000000000,2025-04-17T16:00:00Z,7900.0,,8cbfae48-0aa8-40c0-ac4d-c616da69c97c,OrderRole.Standalone,OrderType.Market,_default,,PositionEffect.Close,,7900.0,False,,OrderSide.Sell,OrderStatus.Filled,000568.SZ,,TimeInForce.GTC,,,,1745164800000000000,2025-04-20T16:00:00Z
85.085,999.74875,1744905600000000000,2025-04-17T16:00:00Z,4700.0,,c966f968-b919-451b-b065-bb66c4710424,OrderRole.Standalone,OrderType.Market,_default,,PositionEffect.Open,,4700.0,False,,OrderSide.Buy,OrderStatus.Filled,000661.SZ,,TimeInForce.GTC,,,,1745164800000000000,2025-04-20T16:00:00Z
7.7077,4310.531225,1744905600000000000,2025-04-17T16:00:00Z,223700.0,,e3b46801-4cb0-4b2a-b908-72237de94c3f,OrderRole.Standalone,OrderType.Market,_default,,PositionEffect.Open,,223700.0,False,,OrderSide.Buy,OrderStatus.Filled,002129.SZ,,TimeInForce.GTC,,,,1745164800000000000,2025-04-20T16:00:00Z
255.255,48370.8225,1744905600000000000,2025-04-17T16:00:00Z,75800.0,,41b45378-d0b9-4187-89dc-03e82c33051c,OrderRole.Standalone,OrderType.Market,_default,,PositionEffect.Open,,75800.0,False,,OrderSide.Buy,OrderStatus.Filled,688506.SH,,TimeInForce.GTC,,,,1745164800000000000,2025-04-20T16:00:00Z
104.28561,6283.2080025,1747756800000000000,2025-05-20T16:00:00Z,24100.0,,d649263d-dc57-4a50-b726-471471cb1552,OrderRole.Standalone,OrderType.Market,_default,,PositionEffect.Close,,24100.0,False,,OrderSide.Sell,OrderStatus.Filled,000661.SZ,,TimeInForce.GTC,,,,1747843200000000000,2025-05-21T16:00:00Z
7.83216,49841.9082,1747756800000000000,2025-05-20T16:00:00Z,2545500.0,,f8697a90-8e7a-4d92-9be5-eef06449cbc1,OrderRole.Standalone,OrderType.Market,_default,,PositionEffect.Close,,2545500.0,False,,OrderSide.Sell,OrderStatus.Filled,002129.SZ,,TimeInForce.GTC,,,,1747843200000000000,2025-05-21T16:00:00Z
268.61112,50901.80724,1747756800000000000,2025-05-20T16:00:00Z,75800.0,,0fadda64-feee-4ba8-b7bf-a1b9f9477e78,OrderRole.Standalone,OrderType.Market,_default,,PositionEffect.Close,,75800.0,False,,OrderSide.Sell,OrderStatus.Filled,688506.SH,,TimeInForce.GTC,,,,1747843200000000000,2025-05-21T16:00:00Z
7.32732,49556.49699,1747756800000000000,2025-05-20T16:00:00Z,2705300.0,,56dab872-5273-4d40-8320-6527fc2db42e,OrderRole.Standalone,OrderType.Market,_default,,PositionEffect.Open,,2705300.0,False,,OrderSide.Buy,OrderStatus.Filled,002027.SZ,,TimeInForce.GTC,,,,1747843200000000000,2025-05-21T16:00:00Z
14.014,49546.497,1747756800000000000,2025-05-20T16:00:00Z,1414200.0,,05ea10d4-86ec-46e3-afc0-3842ebc26bb7,OrderRole.Standalone,OrderType.Market,_default,,PositionEffect.Open,,1414200.0,False,,OrderSide.Buy,OrderStatus.Filled,002410.SZ,,TimeInForce.GTC,,,,1747843200000000000,2025-05-21T16:00:00Z
6.74674,4268.999735,1747756800000000000,2025-05-20T16:00:00Z,253100.0,,4d93a3dd-b168-4667-850a-5b62d7f9a0d3,OrderRole.Standalone,OrderType.Market,_default,,PositionEffect.Open,,253100.0,False,,OrderSide.Buy,OrderStatus.Filled,000002.SZ,,TimeInForce.GTC,,,,1747843200000000000,2025-05-21T16:00:00Z
122.8227,3930.3264,1747756800000000000,2025-05-20T16:00:00Z,12800.0,,d77cde0c-c578-4b0e-8b48-3bbfe99d0c68,OrderRole.Standalone,OrderType.Market,_default,,PositionEffect.Open,,12800.0,False,,OrderSide.Buy,OrderStatus.Filled,000568.SZ,,TimeInForce.GTC,,,,1747843200000000000,2025-05-21T16:00:00Z
110.89899,44914.09095,1750262400000000000,2025-06-18T16:00:00Z,162000.0,,a82bf6ca-b1a4-4c63-b46b-9f119adcb84e,OrderRole.Standalone,OrderType.Market,_default,,PositionEffect.Close,,162000.0,False,,OrderSide.Sell,OrderStatus.Filled,000568.SZ,,TimeInForce.GTC,,,,1750348800000000000,2025-06-19T16:00:00Z
99.89001,699.23007,1750262400000000000,2025-06-18T16:00:00Z,2800.0,,16a3814b-21b4-4cc7-bb59-6a40cd22e4e5,OrderRole.Standalone,OrderType.Market,_default,,PositionEffect.Close,,2800.0,False,,OrderSide.Sell,OrderStatus.Filled,000661.SZ,,TimeInForce.GTC,,,,1750348800000000000,2025-06-19T16:00:00Z
6.98301,785.588625,1750262400000000000,2025-06-18T16:00:00Z,45000.0,,58477a4d-12f8-4370-9fd6-2b90287cd6af,OrderRole.Standalone,OrderType.Market,_default,,PositionEffect.Close,,45000.0,False,,OrderSide.Sell,OrderStatus.Filled,002027.SZ,,TimeInForce.GTC,,,,1750348800000000000,2025-06-19T16:00:00Z
13.04694,46127.45637,1750262400000000000,2025-06-18T16:00:00Z,1414200.0,,32a4c42b-9781-432d-b4a1-c365437be8e9,OrderRole.Standalone,OrderType.Market,_default,,PositionEffect.Close,,1414200.0,False,,OrderSide.Sell,OrderStatus.Filled,002410.SZ,,TimeInForce.GTC,,,,1750348800000000000,2025-06-19T16:00:00Z
130.13,47334.7875,1750262400000000000,2025-06-18T16:00:00Z,145500.0,,d2695e5f-0dd2-4b76-ab25-5cc43a58c998,OrderRole.Standalone,OrderType.Market,_default,,PositionEffect.Open,,145500.0,False,,OrderSide.Buy,OrderStatus.Filled,300308.SZ,,TimeInForce.GTC,,,,1750348800000000000,2025-06-19T16:00:00Z
1425.00358,46312.61635,1750262400000000000,2025-06-18T16:00:00Z,13000.0,,2024ecc2-8840-4870-a820-7e5f6aa730c8,OrderRole.Standalone,OrderType.Market,_default,,PositionEffect.Open,,13000.0,False,,OrderSide.Buy,OrderStatus.Filled,600519.SH,,TimeInForce.GTC,,,,1750348800000000000,2025-06-19T16:00:00Z
6.33633,210.6829725,1750262400000000000,2025-06-18T16:00:00Z,13300.0,,2c4e904a-328a-452d-84db-116728c98e84,OrderRole.Standalone,OrderType.Market,_default,,PositionEffect.Open,,13300.0,False,,OrderSide.Buy,OrderStatus.Filled,000002.SZ,,TimeInForce.GTC,,,,1750348800000000000,2025-06-19T16:00:00Z
6.42357,47450.91159,1755100800000000000,2025-08-13T16:00:00Z,2954800.0,,86a17d14-0e38-4545-8adf-b9bebd4f251b,OrderRole.Standalone,OrderType.Market,_default,,PositionEffect.Close,,2954800.0,False,,OrderSide.Sell,OrderStatus.Filled,000002.SZ,,TimeInForce.GTC,,,,1755187200000000000,2025-08-14T16:00:00Z
102.06783,47665.67661,1755100800000000000,2025-08-13T16:00:00Z,186800.0,,a973b836-880e-4552-8008-4ca1b43403c1,OrderRole.Standalone,OrderType.Market,_default,,PositionEffect.Close,,186800.0,False,,OrderSide.Sell,OrderStatus.Filled,000661.SZ,,TimeInForce.GTC,,,,1755187200000000000,2025-08-14T16:00:00Z
241.22853,87746.8777875,1755100800000000000,2025-08-13T16:00:00Z,145500.0,,282d02bb-a844-44a2-a861-7a9b231a3887,OrderRole.Standalone,OrderType.Market,_default,,PositionEffect.Close,,145500.0,False,,OrderSide.Sell,OrderStatus.Filled,300308.SZ,,TimeInForce.GTC,,,,1755187200000000000,2025-08-14T16:00:00Z
181.6815,54913.233375,1755100800000000000,2025-08-13T16:00:00Z,120900.0,,3b7d72bc-4afc-4f33-a3f3-52192922a469,OrderRole.Standalone,OrderType.Market,_default,,PositionEffect.Open,,120900.0,False,,OrderSide.Buy,OrderStatus.Filled,300896.SZ,,TimeInForce.GTC,,,,1755187200000000000,2025-08-14T16:00:00Z
1427.43601,8564.61606,1755100800000000000,2025-08-13T16:00:00Z,2400.0,,7062f317-f30d-4d18-acdd-bcf0e0b50a7e,OrderRole.Standalone,OrderType.Market,_default,,PositionEffect.Open,,2400.0,False,,OrderSide.Buy,OrderStatus.Filled,600519.SH,,TimeInForce.GTC,,,,1755187200000000000,2025-08-14T16:00:00Z
176.65648,55425.9706,1755100800000000000,2025-08-13T16:00:00Z,125500.0,,eb393b74-9c57-42e2-8123-204ba3d49a96,OrderRole.Standalone,OrderType.Market,_default,,PositionEffect.Open,,125500.0,False,,OrderSide.Buy,OrderStatus.Filled,688169.SH,,TimeInForce.GTC,,,,1755187200000000000,2025-08-14T16:00:00Z
12.24223,55396.09075,1755100800000000000,2025-08-13T16:00:00Z,1810000.0,,17240589-9780-486a-a33b-eaaacbefebc3,OrderRole.Standalone,OrderType.Market,_default,,PositionEffect.Open,,1810000.0,False,,OrderSide.Buy,OrderStatus.Filled,000001.SZ,,TimeInForce.GTC,,,,1755187200000000000,2025-08-14T16:00:00Z
7.97797,2132.1124825,1755100800000000000,2025-08-13T16:00:00Z,106900.0,,e15db987-91ca-4671-81a4-b2b19bf0f9ef,OrderRole.Standalone,OrderType.Market,_default,,PositionEffect.Open,,106900.0,False,,OrderSide.Buy,OrderStatus.Filled,002027.SZ,,TimeInForce.GTC,,,,1755187200000000000,2025-08-14T16:00:00Z
11.73825,53115.58125,1763049600000000000,2025-11-13T16:00:00Z,1810000.0,,23db72ab-ec22-493b-9fca-0fae128df96c,OrderRole.Standalone,OrderType.Market,_default,,PositionEffect.Close,,1810000.0,False,,OrderSide.Sell,OrderStatus.Filled,000001.SZ,,TimeInForce.GTC,,,,1763308800000000000,2025-11-16T16:00:00Z
7.55244,52247.77992,1763049600000000000,2025-11-13T16:00:00Z,2767200.0,,8ef7d66f-6ab8-42f1-8892-f1439f4ac81e,OrderRole.Standalone,OrderType.Market,_default,,PositionEffect.Close,,2767200.0,False,,OrderSide.Sell,OrderStatus.Filled,002027.SZ,,TimeInForce.GTC,,,,1763308800000000000,2025-11-16T16:00:00Z
156.6432,47345.4072,1763049600000000000,2025-11-13T16:00:00Z,120900.0,,9ebb18aa-ddf1-4bf4-8746-c736422433bb,OrderRole.Standalone,OrderType.Market,_default,,PositionEffect.Close,,120900.0,False,,OrderSide.Sell,OrderStatus.Filled,300896.SZ,,TimeInForce.GTC,,,,1763308800000000000,2025-11-16T16:00:00Z
1452.546,55923.021,1763049600000000000,2025-11-13T16:00:00Z,15400.0,,b67d8e39-c351-47e1-bc8b-ed7160a8f461,OrderRole.Standalone,OrderType.Market,_default,,PositionEffect.Close,,15400.0,False,,OrderSide.Sell,OrderStatus.Filled,600519.SH,,TimeInForce.GTC,,,,1763308800000000000,2025-11-16T16:00:00Z
161.9379,50808.016125,1763049600000000000,2025-11-13T16:00:00Z,125500.0,,251b6970-4482-4a50-9c2f-dbec7939a5a1,OrderRole.Standalone,OrderType.Market,_default,,PositionEffect.Close,,125500.0,False,,OrderSide.Sell,OrderStatus.Filled,688169.SH,,TimeInForce.GTC,,,,1763308800000000000,2025-11-16T16:00:00Z
366.8665,51819.893125,1763049600000000000,2025-11-13T16:00:00Z,56500.0,,a9ad8db3-8d20-42d4-9722-6b27325045f1,OrderRole.Standalone,OrderType.Market,_default,,PositionEffect.Open,,56500.0,False,,OrderSide.Buy,OrderStatus.Filled,688506.SH,,TimeInForce.GTC,,,,1763308800000000000,2025-11-16T16:00:00Z
6.25625,52377.325,1763049600000000000,2025-11-13T16:00:00Z,3348800.0,,f7c953aa-d921-4acc-80ae-d98220b4f153,OrderRole.Standalone,OrderType.Market,_default,,PositionEffect.Open,,3348800.0,False,,OrderSide.Buy,OrderStatus.Filled,000002.SZ,,TimeInForce.GTC,,,,1763308800000000000,2025-11-16T16:00:00Z
4.36436,52544.71222,1763049600000000000,2025-11-13T16:00:00Z,4815800.0,,beb6d771-815f-4542-b31b-2d39b05ae93e,OrderRole.Standalone,OrderType.Market,_default,,PositionEffect.Open,,4815800.0,False,,OrderSide.Buy,OrderStatus.Filled,000100.SZ,,TimeInForce.GTC,,,,1763308800000000000,2025-11-16T16:00:00Z
139.2391,52319.091825,1763049600000000000,2025-11-13T16:00:00Z,150300.0,,9b992bac-da09-4485-b785-7d706733fe33,OrderRole.Standalone,OrderType.Market,_default,,PositionEffect.Open,,150300.0,False,,OrderSide.Buy,OrderStatus.Filled,000568.SZ,,TimeInForce.GTC,,,,1763308800000000000,2025-11-16T16:00:00Z
161.53137,52457.3124075,1763049600000000000,2025-11-13T16:00:00Z,129900.0,,4e2e9512-879a-4b6a-8523-fe62429d51dd,OrderRole.Standalone,OrderType.Market,_default,,PositionEffect.Open,,129900.0,False,,OrderSide.Buy,OrderStatus.Filled,000596.SZ,,TimeInForce.GTC,,,,1763308800000000000,2025-11-16T16:00:00Z
4.8951,1830.7674,1765468800000000000,2025-12-11T16:00:00Z,149600.0,,92871ede-82ca-460b-a272-7d47d20375a2,OrderRole.Standalone,OrderType.Market,_default,,PositionEffect.Close,,149600.0,False,,OrderSide.Sell,OrderStatus.Filled,000002.SZ,,TimeInForce.GTC,,,,1765728000000000000,2025-12-14T16:00:00Z
4.47552,53883.02304,1765468800000000000,2025-12-11T16:00:00Z,4815800.0,,a2b0735f-6d9e-4b66-9a5e-f00cc519f149,OrderRole.Standalone,OrderType.Market,_default,,PositionEffect.Close,,4815800.0,False,,OrderSide.Sell,OrderStatus.Filled,000100.SZ,,TimeInForce.GTC,,,,1765728000000000000,2025-12-14T16:00:00Z
124.34553,46722.8328975,1765468800000000000,2025-12-11T16:00:00Z,150300.0,,2f5ecd18-fe37-4e0d-bfb8-5faeef7cab57,OrderRole.Standalone,OrderType.Market,_default,,PositionEffect.Close,,150300.0,False,,OrderSide.Sell,OrderStatus.Filled,000568.SZ,,TimeInForce.GTC,,,,1765728000000000000,2025-12-14T16:00:00Z
147.81204,48001.95999,1765468800000000000,2025-12-11T16:00:00Z,129900.0,,a51247d0-59b1-45a8-8c82-c4a68505e14a,OrderRole.Standalone,OrderType.Market,_default,,PositionEffect.Close,,129900.0,False,,OrderSide.Sell,OrderStatus.Filled,000596.SZ,,TimeInForce.GTC,,,,1765728000000000000,2025-12-14T16:00:00Z
359.18046,10595.82357,1765468800000000000,2025-12-11T16:00:00Z,11800.0,,a0968101-f7f3-495c-b4dc-abc02647e545,OrderRole.Standalone,OrderType.Market,_default,,PositionEffect.Close,,11800.0,False,,OrderSide.Sell,OrderStatus.Filled,688506.SH,,TimeInForce.GTC,,,,1765728000000000000,2025-12-14T16:00:00Z
570.57,39226.6875,1765468800000000000,2025-12-11T16:00:00Z,27500.0,,4272b758-39a4-4617-9e29-2b6632aaacc0,OrderRole.Standalone,OrderType.Market,_default,,PositionEffect.Open,,27500.0,False,,OrderSide.Buy,OrderStatus.Filled,300308.SZ,,TimeInForce.GTC,,,,1765728000000000000,2025-12-14T16:00:00Z
290.29,38535.9975,1765468800000000000,2025-12-11T16:00:00Z,53100.0,,0d4fdcce-932e-4fe6-8fe9-1cf76627685e,OrderRole.Standalone,OrderType.Market,_default,,PositionEffect.Open,,53100.0,False,,OrderSide.Buy,OrderStatus.Filled,300476.SZ,,TimeInForce.GTC,,,,1765728000000000000,2025-12-14T16:00:00Z
412.29188,38652.36375,1765468800000000000,2025-12-11T16:00:00Z,37500.0,,8988b671-588b-4d45-8110-546fa692aca0,OrderRole.Standalone,OrderType.Market,_default,,PositionEffect.Open,,37500.0,False,,OrderSide.Buy,OrderStatus.Filled,300502.SZ,,TimeInForce.GTC,,,,1765728000000000000,2025-12-14T16:00:00Z
1317.32601,39190.4487975,1765468800000000000,2025-12-11T16:00:00Z,11900.0,,ab3a0e72-083a-4eae-8948-9ec161bdcb57,OrderRole.Standalone,OrderType.Market,_default,,PositionEffect.Open,,11900.0,False,,OrderSide.Buy,OrderStatus.Filled,688256.SH,,TimeInForce.GTC,,,,1765728000000000000,2025-12-14T16:00:00Z
