[01:42:28] V41 v34 [V14_0]: picks=195; window_end=2025-12-31; actions=on
[01:42:28] universe=303 symbols
[01:42:29] data=303 symbols, bounds=2010-01-04 00:00:00..2025-12-31 00:00:00
[01:42:30] panel_days: 3886 trading days (2010-01-04..2025-12-31)
[01:42:30] corporate actions[all]: 4532 (dividend=3930, split=602)
2026-10-10 01:42:33 | INFO | akquant.backtest | Running backtest via run_backtest()...
2026-10-10 01:42:33 | INFO | akquant.strategy | [2010-01-06 00:00:00] rebalance 2010-01-06: 10 stocks
2026-10-10 01:42:33 | INFO | akquant.strategy | [2010-02-03 00:00:00] rebalance 2010-02-03: 10 stocks
2026-10-10 01:42:33 | WARNING | akquant.execution.simulated | Deferred same-cycle order until cross-symbol reduce-first orders finish in current slice
2026-10-10 01:42:33 | WARNING | akquant.execution.simulated | Deferred same-cycle order until cross-symbol reduce-first orders finish in current slice
2026-10-10 01:42:33 | WARNING | akquant.execution.simulated | Deferred same-cycle order until cross-symbol reduce-first orders finish in current slice
2026-10-10 01:42:33 | WARNING | akquant.execution.simulated | Deferred same-cycle order until cross-symbol reduce-first orders finish in current slice
2026-10-10 01:42:33 | WARNING | akquant.execution.simulated | Deferred same-cycle order until cross-symbol reduce-first orders finish in current slice
2026-10-10 01:42:33 | WARNING | akquant.execution.simulated | Deferred same-cycle order until cross-symbol reduce-first orders finish in current slice
2026-10-10 01:42:33 | WARNING | akquant.execution.simulated | Deferred same-cycle order until cross-symbol reduce-first orders finish in current slice
2026-10-10 01:42:33 | WARNING | akquant.execution.simulated | Deferred same-cycle order until cross-symbol reduce-first orders finish in current slice
2026-10-10 01:42:33 | WARNING | akquant.execution.simulated | Deferred same-cycle order until cross-symbol reduce-first orders finish in current slice
2026-10-10 01:42:33 | INFO | akquant.strategy | [2010-03-10 00:00:00] rebalance 2010-03-10: 10 stocks
2026-10-10 01:42:33 | WARNING | akquant.execution.simulated | Deferred same-cycle order until cross-symbol reduce-first orders finish in current slice
2026-10-10 01:42:33 | WARNING | akquant.execution.simulated | Deferred same-cycle order until cross-symbol reduce-first orders finish in current slice
2026-10-10 01:42:33 | WARNING | akquant.execution.simulated | Deferred same-cycle order until cross-symbol reduce-first orders finish in current slice
2026-10-10 01:42:33 | WARNING | akquant.execution.simulated | Deferred same-cycle order until cross-symbol reduce-first orders finish in current slice
2026-10-10 01:42:33 | WARNING | akquant.execution.simulated | Deferred same-cycle order until cross-symbol reduce-first orders finish in current slice
2026-10-10 01:42:33 | WARNING | akquant.execution.simulated | Deferred same-cycle order until cross-symbol reduce-first orders finish in current slice
2026-10-10 01:42:33 | WARNING | akquant.execution.simulated | Deferred same-cycle order until cross-symbol reduce-first orders finish in current slice
2026-10-10 01:42:33 | WARNING | akquant.execution.simulated | Deferred same-cycle order until cross-symbol reduce-first orders finish in current slice
2026-10-10 01:42:33 | WARNING | akquant.execution.simulated | Rejected order due to insufficient margin during execution. Required: 8953269.375050000, Available: 8674012.331980000
2026-10-10 01:42:33 | INFO | akquant.strategy | [2010-04-08 00:00:00] rebalance 2010-04-08: 10 stocks
2026-10-10 01:42:33 | WARNING | akquant.execution.simulated | Deferred same-cycle order until cross-symbol reduce-first orders finish in current slice
2026-10-10 01:42:33 | WARNING | akquant.execution.simulated | Deferred same-cycle order until cross-symbol reduce-first orders finish in current slice
2026-10-10 01:42:33 | WARNING | akquant.execution.simulated | Deferred same-cycle order until cross-symbol reduce-first orders finish in current slice
2026-10-10 01:42:33 | WARNING | akquant.execution.simulated | Deferred same-cycle order until cross-symbol reduce-first orders finish in current slice
2026-10-10 01:42:33 | WARNING | akquant.execution.simulated | Deferred same-cycle order until cross-symbol reduce-first orders finish in current slice
2026-10-10 01:42:33 | WARNING | akquant.execution.simulated | Deferred same-cycle order until cross-symbol reduce-first orders finish in current slice
2026-10-10 01:42:33 | WARNING | akquant.execution.simulated | Deferred same-cycle order until cross-symbol reduce-first orders finish in current slice
2026-10-10 01:42:33 | WARNING | akquant.execution.simulated | Deferred same-cycle order until cross-symbol reduce-first orders finish in current slice
2026-10-10 01:42:33 | WARNING | akquant.execution.simulated | Deferred same-cycle order until cross-symbol reduce-first orders finish in current slice
2026-10-10 01:42:33 | WARNING | akquant.execution.simulated | Deferred same-cycle order until cross-symbol reduce-first orders finish in current slice
2026-10-10 01:42:34 | INFO | akquant.strategy | [2010-05-07 00:00:00] rebalance 2010-05-07: 10 stocks
2026-10-10 01:42:34 | WARNING | akquant.execution.simulated | Deferred same-cycle order until cross-symbol reduce-first orders finish in current slice
2026-10-10 01:42:34 | WARNING | akquant.execution.simulated | Deferred same-cycle order until cross-symbol reduce-first orders finish in current slice
2026-10-10 01:42:34 | WARNING | akquant.execution.simulated | Deferred same-cycle order until cross-symbol reduce-first orders finish in current slice
2026-10-10 01:42:34 | WARNING | akquant.execution.simulated | Deferred same-cycle order until cross-symbol reduce-first orders finish in current slice
2026-10-10 01:42:34 | WARNING | akquant.execution.simulated | Deferred same-cycle order until cross-symbol reduce-first orders finish in current slice
2026-10-10 01:42:34 | WARNING | akquant.execution.simulated | Deferred same-cycle order until cross-symbol reduce-first orders finish in current slice
2026-10-10 01:42:34 | WARNING | akquant.execution.simulated | Deferred same-cycle order until cross-symbol reduce-first orders finish in current slice
2026-10-10 01:42:34 | WARNING | akquant.execution.simulated | Deferred same-cycle order until cross-symbol reduce-first orders finish in current slice
2026-10-10 01:42:34 | INFO | akquant.strategy | [2010-06-04 00:00:00] rebalance 2010-06-04: 10 stocks
2026-10-10 01:42:34 | WARNING | akquant.execution.simulated | Deferred same-cycle order until cross-symbol reduce-first orders finish in current slice
2026-10-10 01:42:34 | WARNING | akquant.execution.simulated | Deferred same-cycle order until cross-symbol reduce-first orders finish in current slice
2026-10-10 01:42:34 | WARNING | akquant.execution.simulated | Deferred same-cycle order until cross-symbol reduce-first orders finish in current slice
2026-10-10 01:42:34 | WARNING | akquant.execution.simulated | Deferred same-cycle order until cross-symbol reduce-first orders finish in current slice
2026-10-10 01:42:34 | WARNING | akquant.execution.simulated | Deferred same-cycle order until cross-symbol reduce-first orders finish in current slice
2026-10-10 01:42:34 | WARNING | akquant.execution.simulated | Deferred same-cycle order until cross-symbol reduce-first orders finish in current slice
2026-10-10 01:42:34 | WARNING | akquant.execution.simulated | Deferred same-cycle order until cross-symbol reduce-first orders finish in current slice
2026-10-10 01:42:34 | WARNING | akquant.execution.simulated | Deferred same-cycle order until cross-symbol reduce-first orders finish in current slice
2026-10-10 01:42:34 | INFO | akquant.strategy | [2010-07-07 00:00:00] rebalance 2010-07-07: 10 stocks
2026-10-10 01:42:34 | WARNING | akquant.execution.simulated | Deferred same-cycle order until cross-symbol reduce-first orders finish in current slice
2026-10-10 01:42:34 | WARNING | akquant.execution.simulated | Deferred same-cycle order until cross-symbol reduce-first orders finish in current slice
2026-10-10 01:42:34 | WARNING | akquant.execution.simulated | Deferred same-cycle order until cross-symbol reduce-first orders finish in current slice
2026-10-10 01:42:34 | WARNING | akquant.execution.simulated | Deferred same-cycle order until cross-symbol reduce-first orders finish in current slice
2026-10-10 01:42:34 | WARNING | akquant.execution.simulated | Deferred same-cycle order until cross-symbol reduce-first orders finish in current slice
2026-10-10 01:42:34 | WARNING | akquant.execution.simulated | Deferred same-cycle order until cross-symbol reduce-first orders finish in current slice
2026-10-10 01:42:34 | WARNING | akquant.execution.simulated | Deferred same-cycle order until cross-symbol reduce-first orders finish in current slice
2026-10-10 01:42:34 | WARNING | akquant.execution.simulated | Deferred same-cycle order until cross-symbol reduce-first orders finish in current slice
2026-10-10 01:42:34 | WARNING | akquant.execution.simulated | Deferred same-cycle order until cross-symbol reduce-first orders finish in current slice
2026-10-10 01:42:34 | WARNING | akquant.execution.simulated | Deferred same-cycle order until cross-symbol reduce-first orders finish in current slice
2026-10-10 01:42:34 | INFO | akquant.strategy | [2010-08-04 00:00:00] rebalance 2010-08-04: 10 stocks
2026-10-10 01:42:34 | WARNING | akquant.execution.simulated | Deferred same-cycle order until cross-symbol reduce-first orders finish in current slice
2026-10-10 01:42:34 | WARNING | akquant.execution.simulated | Deferred same-cycle order until cross-symbol reduce-first orders finish in current slice
2026-10-10 01:42:34 | WARNING | akquant.execution.simulated | Deferred same-cycle order until cross-symbol reduce-first orders finish in current slice
2026-10-10 01:42:34 | WARNING | akquant.execution.simulated | Deferred same-cycle order until cross-symbol reduce-first orders finish in current slice
2026-10-10 01:42:34 | WARNING | akquant.execution.simulated | Deferred same-cycle order until cross-symbol reduce-first orders finish in current slice
2026-10-10 01:42:34 | WARNING | akquant.execution.simulated | Deferred same-cycle order until cross-symbol reduce-first orders finish in current slice
2026-10-10 01:42:35 | INFO | akquant.strategy | [2010-09-01 00:00:00] rebalance 2010-09-01: 10 stocks
2026-10-10 01:42:35 | WARNING | akquant.execution.simulated | Deferred same-cycle order until cross-symbol reduce-first orders finish in current slice
2026-10-10 01:42:35 | WARNING | akquant.execution.simulated | Deferred same-cycle order until cross-symbol reduce-first orders finish in current slice
2026-10-10 01:42:35 | WARNING | akquant.execution.simulated | Deferred same-cycle order until cross-symbol reduce-first orders finish in current slice
2026-10-10 01:42:35 | WARNING | akquant.execution.simulated | Deferred same-cycle order until cross-symbol reduce-first orders finish in current slice
2026-10-10 01:42:35 | WARNING | akquant.execution.simulated | Deferred same-cycle order until cross-symbol reduce-first orders finish in current slice
2026-10-10 01:42:35 | WARNING | akquant.execution.simulated | Deferred same-cycle order until cross-symbol reduce-first orders finish in current slice
2026-10-10 01:42:35 | WARNING | akquant.execution.simulated | Deferred same-cycle order until cross-symbol reduce-first orders finish in current slice
2026-10-10 01:42:35 | WARNING | akquant.execution.simulated | Deferred same-cycle order until cross-symbol reduce-first orders finish in current slice
2026-10-10 01:42:35 | WARNING | akquant.execution.simulated | Deferred same-cycle order until cross-symbol reduce-first orders finish in current slice
2026-10-10 01:42:35 | INFO | akquant.strategy | [2010-10-11 00:00:00] rebalance 2010-10-11: 10 stocks
2026-10-10 01:42:35 | WARNING | akquant.execution.simulated | Deferred same-cycle order until cross-symbol reduce-first orders finish in current slice
2026-10-10 01:42:35 | WARNING | akquant.execution.simulated | Deferred same-cycle order until cross-symbol reduce-first orders finish in current slice
2026-10-10 01:42:35 | WARNING | akquant.execution.simulated | Deferred same-cycle order until cross-symbol reduce-first orders finish in current slice
2026-10-10 01:42:35 | WARNING | akquant.execution.simulated | Deferred same-cycle order until cross-symbol reduce-first orders finish in current slice
2026-10-10 01:42:35 | WARNING | akquant.execution.simulated | Deferred same-cycle order until cross-symbol reduce-first orders finish in current slice
2026-10-10 01:42:35 | WARNING | akquant.execution.simulated | Deferred same-cycle order until cross-symbol reduce-first orders finish in current slice
2026-10-10 01:42:35 | WARNING | akquant.execution.simulated | Deferred same-cycle order until cross-symbol reduce-first orders finish in current slice
2026-10-10 01:42:35 | INFO | akquant.strategy | [2010-11-08 00:00:00] rebalance 2010-11-08: 10 stocks
2026-10-10 01:42:35 | WARNING | akquant.execution.simulated | Deferred same-cycle order until cross-symbol reduce-first orders finish in current slice
2026-10-10 01:42:35 | WARNING | akquant.execution.simulated | Deferred same-cycle order until cross-symbol reduce-first orders finish in current slice
2026-10-10 01:42:35 | WARNING | akquant.execution.simulated | Deferred same-cycle order until cross-symbol reduce-first orders finish in current slice
2026-10-10 01:42:35 | WARNING | akquant.execution.simulated | Deferred same-cycle order until cross-symbol reduce-first orders finish in current slice
2026-10-10 01:42:35 | WARNING | akquant.execution.simulated | Deferred same-cycle order until cross-symbol reduce-first orders finish in current slice
2026-10-10 01:42:35 | WARNING | akquant.execution.simulated | Deferred same-cycle order until cross-symbol reduce-first orders finish in current slice
2026-10-10 01:42:35 | WARNING | akquant.execution.simulated | Deferred same-cycle order until cross-symbol reduce-first orders finish in current slice
2026-10-10 01:42:35 | INFO | akquant.strategy | [2010-12-06 00:00:00] rebalance 2010-12-06: 5 stocks
2026-10-10 01:42:35 | WARNING | akquant.execution.simulated | Deferred same-cycle order until cross-symbol reduce-first orders finish in current slice
2026-10-10 01:42:35 | WARNING | akquant.execution.simulated | Deferred same-cycle order until cross-symbol reduce-first orders finish in current slice
2026-10-10 01:42:35 | WARNING | akquant.execution.simulated | Deferred same-cycle order until cross-symbol reduce-first orders finish in current slice
2026-10-10 01:42:35 | WARNING | akquant.execution.simulated | Deferred same-cycle order until cross-symbol reduce-first orders finish in current slice
2026-10-10 01:42:35 | WARNING | akquant.execution.simulated | Deferred same-cycle order until cross-symbol reduce-first orders finish in current slice
2026-10-10 01:42:35 | INFO | akquant.strategy | [2011-01-04 00:00:00] rebalance 2011-01-04: 5 stocks
2026-10-10 01:42:35 | WARNING | akquant.execution.simulated | Deferred same-cycle order until cross-symbol reduce-first orders finish in current slice
2026-10-10 01:42:35 | WARNING | akquant.execution.simulated | Deferred same-cycle order until cross-symbol reduce-first orders finish in current slice
2026-10-10 01:42:35 | WARNING | akquant.execution.simulated | Deferred same-cycle order until cross-symbol reduce-first orders finish in current slice
2026-10-10 01:42:36 | INFO | akquant.strategy | [2011-02-01 00:00:00] rebalance 2011-02-01: 9 stocks
2026-10-10 01:42:36 | WARNING | akquant.execution.simulated | Deferred same-cycle order until cross-symbol reduce-first orders finish in current slice
2026-10-10 01:42:36 | INFO | akquant.strategy | [2011-03-08 00:00:00] rebalance 2011-03-08: 10 stocks
2026-10-10 01:42:36 | WARNING | akquant.execution.simulated | Deferred same-cycle order until cross-symbol reduce-first orders finish in current slice
2026-10-10 01:42:36 | WARNING | akquant.execution.simulated | Deferred same-cycle order until cross-symbol reduce-first orders finish in current slice
2026-10-10 01:42:36 | WARNING | akquant.execution.simulated | Deferred same-cycle order until cross-symbol reduce-first orders finish in current slice
2026-10-10 01:42:36 | WARNING | akquant.execution.simulated | Deferred same-cycle order until cross-symbol reduce-first orders finish in current slice
2026-10-10 01:42:36 | WARNING | akquant.execution.simulated | Deferred same-cycle order until cross-symbol reduce-first orders finish in current slice
2026-10-10 01:42:36 | WARNING | akquant.execution.simulated | Deferred same-cycle order until cross-symbol reduce-first orders finish in current slice
2026-10-10 01:42:36 | WARNING | akquant.execution.simulated | Deferred same-cycle order until cross-symbol reduce-first orders finish in current slice
2026-10-10 01:42:36 | WARNING | akquant.execution.simulated | Deferred same-cycle order until cross-symbol reduce-first orders finish in current slice
2026-10-10 01:42:36 | WARNING | akquant.execution.simulated | Deferred same-cycle order until cross-symbol reduce-first orders finish in current slice
2026-10-10 01:42:36 | WARNING | akquant.execution.simulated | Deferred same-cycle order until cross-symbol reduce-first orders finish in current slice
2026-10-10 01:42:36 | INFO | akquant.strategy | [2011-04-07 00:00:00] rebalance 2011-04-07: 10 stocks
2026-10-10 01:42:36 | WARNING | akquant.execution.simulated | Deferred same-cycle order until cross-symbol reduce-first orders finish in current slice
2026-10-10 01:42:36 | WARNING | akquant.execution.simulated | Deferred same-cycle order until cross-symbol reduce-first orders finish in current slice
2026-10-10 01:42:36 | WARNING | akquant.execution.simulated | Deferred same-cycle order until cross-symbol reduce-first orders finish in current slice
2026-10-10 01:42:36 | WARNING | akquant.execution.simulated | Deferred same-cycle order until cross-symbol reduce-first orders finish in current slice
2026-10-10 01:42:36 | WARNING | akquant.execution.simulated | Deferred same-cycle order until cross-symbol reduce-first orders finish in current slice
2026-10-10 01:42:36 | WARNING | akquant.execution.simulated | Deferred same-cycle order until cross-symbol reduce-first orders finish in current slice
2026-10-10 01:42:36 | WARNING | akquant.execution.simulated | Deferred same-cycle order until cross-symbol reduce-first orders finish in current slice
2026-10-10 01:42:36 | WARNING | akquant.execution.simulated | Deferred same-cycle order until cross-symbol reduce-first orders finish in current slice
2026-10-10 01:42:36 | WARNING | akquant.execution.simulated | Deferred same-cycle order until cross-symbol reduce-first orders finish in current slice
2026-10-10 01:42:36 | INFO | akquant.strategy | [2011-05-06 00:00:00] rebalance 2011-05-06: 10 stocks
2026-10-10 01:42:36 | WARNING | akquant.execution.simulated | Deferred same-cycle order until cross-symbol reduce-first orders finish in current slice
2026-10-10 01:42:36 | WARNING | akquant.execution.simulated | Deferred same-cycle order until cross-symbol reduce-first orders finish in current slice
2026-10-10 01:42:36 | WARNING | akquant.execution.simulated | Deferred same-cycle order until cross-symbol reduce-first orders finish in current slice
2026-10-10 01:42:36 | WARNING | akquant.execution.simulated | Deferred same-cycle order until cross-symbol reduce-first orders finish in current slice
2026-10-10 01:42:36 | WARNING | akquant.execution.simulated | Deferred same-cycle order until cross-symbol reduce-first orders finish in current slice
2026-10-10 01:42:36 | WARNING | akquant.execution.simulated | Deferred same-cycle order until cross-symbol reduce-first orders finish in current slice
2026-10-10 01:42:36 | WARNING | akquant.execution.simulated | Deferred same-cycle order until cross-symbol reduce-first orders finish in current slice
2026-10-10 01:42:36 | WARNING | akquant.execution.simulated | Deferred same-cycle order until cross-symbol reduce-first orders finish in current slice
2026-10-10 01:42:37 | INFO | akquant.strategy | [2011-06-03 00:00:00] rebalance 2011-06-03: 5 stocks
2026-10-10 01:42:37 | WARNING | akquant.execution.simulated | Deferred same-cycle order until cross-symbol reduce-first orders finish in current slice
2026-10-10 01:42:37 | WARNING | akquant.execution.simulated | Deferred same-cycle order until cross-symbol reduce-first orders finish in current slice
2026-10-10 01:42:37 | WARNING | akquant.execution.simulated | Deferred same-cycle order until cross-symbol reduce-first orders finish in current slice
2026-10-10 01:42:37 | WARNING | akquant.execution.simulated | Deferred same-cycle order until cross-symbol reduce-first orders finish in current slice
2026-10-10 01:42:37 | INFO | akquant.strategy | [2011-07-04 00:00:00] rebalance 2011-07-04: 10 stocks
2026-10-10 01:42:37 | WARNING | akquant.execution.simulated | Deferred same-cycle order until cross-symbol reduce-first orders finish in current slice
2026-10-10 01:42:37 | WARNING | akquant.execution.simulated | Deferred same-cycle order until cross-symbol reduce-first orders finish in current slice
2026-10-10 01:42:37 | WARNING | akquant.execution.simulated | Deferred same-cycle order until cross-symbol reduce-first orders finish in current slice
2026-10-10 01:42:37 | WARNING | akquant.execution.simulated | Deferred same-cycle order until cross-symbol reduce-first orders finish in current slice
2026-10-10 01:42:37 | WARNING | akquant.execution.simulated | Deferred same-cycle order until cross-symbol reduce-first orders finish in current slice
2026-10-10 01:42:37 | WARNING | akquant.execution.simulated | Deferred same-cycle order until cross-symbol reduce-first orders finish in current slice
2026-10-10 01:42:37 | WARNING | akquant.execution.simulated | Deferred same-cycle order until cross-symbol reduce-first orders finish in current slice
2026-10-10 01:42:37 | WARNING | akquant.execution.simulated | Deferred same-cycle order until cross-symbol reduce-first orders finish in current slice
2026-10-10 01:42:37 | WARNING | akquant.execution.simulated | Deferred same-cycle order until cross-symbol reduce-first orders finish in current slice
2026-10-10 01:42:37 | INFO | akquant.strategy | [2011-08-01 00:00:00] rebalance 2011-08-01: 5 stocks
2026-10-10 01:42:37 | WARNING | akquant.execution.simulated | Deferred same-cycle order until cross-symbol reduce-first orders finish in current slice
2026-10-10 01:42:37 | WARNING | akquant.execution.simulated | Deferred same-cycle order until cross-symbol reduce-first orders finish in current slice
2026-10-10 01:42:37 | WARNING | akquant.execution.simulated | Deferred same-cycle order until cross-symbol reduce-first orders finish in current slice
2026-10-10 01:42:37 | WARNING | akquant.execution.simulated | Deferred same-cycle order until cross-symbol reduce-first orders finish in current slice
2026-10-10 01:42:37 | WARNING | akquant.execution.simulated | Deferred same-cycle order until cross-symbol reduce-first orders finish in current slice
2026-10-10 01:42:37 | INFO | akquant.strategy | [2011-08-29 00:00:00] rebalance 2011-08-29: 8 stocks
2026-10-10 01:42:37 | WARNING | akquant.execution.simulated | Deferred same-cycle order until cross-symbol reduce-first orders finish in current slice
2026-10-10 01:42:37 | WARNING | akquant.execution.simulated | Deferred same-cycle order until cross-symbol reduce-first orders finish in current slice
2026-10-10 01:42:37 | WARNING | akquant.execution.simulated | Deferred same-cycle order until cross-symbol reduce-first orders finish in current slice
2026-10-10 01:42:38 | INFO | akquant.strategy | [2011-09-27 00:00:00] rebalance 2011-09-27: 5 stocks
2026-10-10 01:42:38 | WARNING | akquant.execution.simulated | Deferred same-cycle order until cross-symbol reduce-first orders finish in current slice
2026-10-10 01:42:38 | WARNING | akquant.execution.simulated | Deferred same-cycle order until cross-symbol reduce-first orders finish in current slice
2026-10-10 01:42:38 | WARNING | akquant.execution.simulated | Deferred same-cycle order until cross-symbol reduce-first orders finish in current slice
2026-10-10 01:42:38 | WARNING | akquant.execution.simulated | Deferred same-cycle order until cross-symbol reduce-first orders finish in current slice
2026-10-10 01:42:38 | WARNING | akquant.execution.simulated | Deferred same-cycle order until cross-symbol reduce-first orders finish in current slice
2026-10-10 01:42:38 | WARNING | akquant.execution.simulated | Rejected order due to insufficient margin during execution. Required: 10829891.302230000000000000000, Available: 9304270.783689998390470778977
2026-10-10 01:42:38 | INFO | akquant.strategy | [2011-11-01 00:00:00] rebalance 2011-11-01: 5 stocks
2026-10-10 01:42:38 | WARNING | akquant.execution.simulated | Deferred same-cycle order until cross-symbol reduce-first orders finish in current slice
2026-10-10 01:42:38 | INFO | akquant.strategy | [2011-11-29 00:00:00] rebalance 2011-11-29: 10 stocks
2026-10-10 01:42:38 | WARNING | akquant.execution.simulated | Deferred same-cycle order until cross-symbol reduce-first orders finish in current slice
2026-10-10 01:42:38 | WARNING | akquant.execution.simulated | Deferred same-cycle order until cross-symbol reduce-first orders finish in current slice
2026-10-10 01:42:38 | WARNING | akquant.execution.simulated | Deferred same-cycle order until cross-symbol reduce-first orders finish in current slice
2026-10-10 01:42:38 | WARNING | akquant.execution.simulated | Deferred same-cycle order until cross-symbol reduce-first orders finish in current slice
2026-10-10 01:42:38 | WARNING | akquant.execution.simulated | Deferred same-cycle order until cross-symbol reduce-first orders finish in current slice
2026-10-10 01:42:38 | WARNING | akquant.execution.simulated | Deferred same-cycle order until cross-symbol reduce-first orders finish in current slice
2026-10-10 01:42:38 | WARNING | akquant.execution.simulated | Deferred same-cycle order until cross-symbol reduce-first orders finish in current slice
2026-10-10 01:42:38 | WARNING | akquant.execution.simulated | Deferred same-cycle order until cross-symbol reduce-first orders finish in current slice
2026-10-10 01:42:38 | WARNING | akquant.execution.simulated | Deferred same-cycle order until cross-symbol reduce-first orders finish in current slice
2026-10-10 01:42:38 | WARNING | akquant.execution.simulated | Deferred same-cycle order until cross-symbol reduce-first orders finish in current slice
2026-10-10 01:42:38 | INFO | akquant.strategy | [2011-12-27 00:00:00] rebalance 2011-12-27: 5 stocks
2026-10-10 01:42:38 | WARNING | akquant.execution.simulated | Deferred same-cycle order until cross-symbol reduce-first orders finish in current slice
2026-10-10 01:42:38 | WARNING | akquant.execution.simulated | Deferred same-cycle order until cross-symbol reduce-first orders finish in current slice
2026-10-10 01:42:38 | WARNING | akquant.execution.simulated | Deferred same-cycle order until cross-symbol reduce-first orders finish in current slice
2026-10-10 01:42:38 | WARNING | akquant.execution.simulated | Deferred same-cycle order until cross-symbol reduce-first orders finish in current slice
2026-10-10 01:42:38 | WARNING | akquant.execution.simulated | Deferred same-cycle order until cross-symbol reduce-first orders finish in current slice
2026-10-10 01:42:39 | INFO | akquant.strategy | [2012-02-02 00:00:00] rebalance 2012-02-02: 10 stocks
2026-10-10 01:42:39 | WARNING | akquant.execution.simulated | Deferred same-cycle order until cross-symbol reduce-first orders finish in current slice
2026-10-10 01:42:39 | WARNING | akquant.execution.simulated | Deferred same-cycle order until cross-symbol reduce-first orders finish in current slice
2026-10-10 01:42:39 | WARNING | akquant.execution.simulated | Deferred same-cycle order until cross-symbol reduce-first orders finish in current slice
2026-10-10 01:42:39 | WARNING | akquant.execution.simulated | Deferred same-cycle order until cross-symbol reduce-first orders finish in current slice
2026-10-10 01:42:39 | WARNING | akquant.execution.simulated | Deferred same-cycle order until cross-symbol reduce-first orders finish in current slice
2026-10-10 01:42:39 | INFO | akquant.strategy | [2012-03-01 00:00:00] rebalance 2012-03-01: 10 stocks
2026-10-10 01:42:39 | WARNING | akquant.execution.simulated | Deferred same-cycle order until cross-symbol reduce-first orders finish in current slice
2026-10-10 01:42:39 | WARNING | akquant.execution.simulated | Deferred same-cycle order until cross-symbol reduce-first orders finish in current slice
2026-10-10 01:42:39 | WARNING | akquant.execution.simulated | Deferred same-cycle order until cross-symbol reduce-first orders finish in current slice
2026-10-10 01:42:39 | WARNING | akquant.execution.simulated | Deferred same-cycle order until cross-symbol reduce-first orders finish in current slice
2026-10-10 01:42:39 | WARNING | akquant.execution.simulated | Deferred same-cycle order until cross-symbol reduce-first orders finish in current slice
2026-10-10 01:42:39 | WARNING | akquant.execution.simulated | Deferred same-cycle order until cross-symbol reduce-first orders finish in current slice
2026-10-10 01:42:39 | WARNING | akquant.execution.simulated | Deferred same-cycle order until cross-symbol reduce-first orders finish in current slice
2026-10-10 01:42:39 | WARNING | akquant.execution.simulated | Deferred same-cycle order until cross-symbol reduce-first orders finish in current slice
2026-10-10 01:42:39 | WARNING | akquant.execution.simulated | Deferred same-cycle order until cross-symbol reduce-first orders finish in current slice
2026-10-10 01:42:39 | WARNING | akquant.execution.simulated | Deferred same-cycle order until cross-symbol reduce-first orders finish in current slice
2026-10-10 01:42:39 | INFO | akquant.strategy | [2012-03-29 00:00:00] rebalance 2012-03-29: 10 stocks
2026-10-10 01:42:39 | WARNING | akquant.execution.simulated | Deferred same-cycle order until cross-symbol reduce-first orders finish in current slice
2026-10-10 01:42:39 | WARNING | akquant.execution.simulated | Deferred same-cycle order until cross-symbol reduce-first orders finish in current slice
2026-10-10 01:42:39 | WARNING | akquant.execution.simulated | Deferred same-cycle order until cross-symbol reduce-first orders finish in current slice
2026-10-10 01:42:39 | WARNING | akquant.execution.simulated | Deferred same-cycle order until cross-symbol reduce-first orders finish in current slice
2026-10-10 01:42:39 | WARNING | akquant.execution.simulated | Deferred same-cycle order until cross-symbol reduce-first orders finish in current slice
2026-10-10 01:42:39 | WARNING | akquant.execution.simulated | Deferred same-cycle order until cross-symbol reduce-first orders finish in current slice
2026-10-10 01:42:39 | WARNING | akquant.execution.simulated | Deferred same-cycle order until cross-symbol reduce-first orders finish in current slice
2026-10-10 01:42:39 | WARNING | akquant.execution.simulated | Deferred same-cycle order until cross-symbol reduce-first orders finish in current slice
2026-10-10 01:42:39 | WARNING | akquant.execution.simulated | Deferred same-cycle order until cross-symbol reduce-first orders finish in current slice
2026-10-10 01:42:40 | INFO | akquant.strategy | [2012-05-03 00:00:00] rebalance 2012-05-03: 10 stocks
2026-10-10 01:42:40 | WARNING | akquant.execution.simulated | Deferred same-cycle order until cross-symbol reduce-first orders finish in current slice
2026-10-10 01:42:40 | WARNING | akquant.execution.simulated | Deferred same-cycle order until cross-symbol reduce-first orders finish in current slice
2026-10-10 01:42:40 | WARNING | akquant.execution.simulated | Deferred same-cycle order until cross-symbol reduce-first orders finish in current slice
2026-10-10 01:42:40 | WARNING | akquant.execution.simulated | Deferred same-cycle order until cross-symbol reduce-first orders finish in current slice
2026-10-10 01:42:40 | WARNING | akquant.execution.simulated | Deferred same-cycle order until cross-symbol reduce-first orders finish in current slice
2026-10-10 01:42:40 | WARNING | akquant.execution.simulated | Deferred same-cycle order until cross-symbol reduce-first orders finish in current slice
2026-10-10 01:42:40 | WARNING | akquant.execution.simulated | Deferred same-cycle order until cross-symbol reduce-first orders finish in current slice
2026-10-10 01:42:40 | WARNING | akquant.execution.simulated | Deferred same-cycle order until cross-symbol reduce-first orders finish in current slice
2026-10-10 01:42:40 | WARNING | akquant.execution.simulated | Deferred same-cycle order until cross-symbol reduce-first orders finish in current slice
2026-10-10 01:42:40 | INFO | akquant.strategy | [2012-05-31 00:00:00] rebalance 2012-05-31: 10 stocks
2026-10-10 01:42:40 | WARNING | akquant.execution.simulated | Deferred same-cycle order until cross-symbol reduce-first orders finish in current slice
2026-10-10 01:42:40 | WARNING | akquant.execution.simulated | Deferred same-cycle order until cross-symbol reduce-first orders finish in current slice
2026-10-10 01:42:40 | WARNING | akquant.execution.simulated | Deferred same-cycle order until cross-symbol reduce-first orders finish in current slice
2026-10-10 01:42:40 | WARNING | akquant.execution.simulated | Deferred same-cycle order until cross-symbol reduce-first orders finish in current slice
2026-10-10 01:42:40 | WARNING | akquant.execution.simulated | Deferred same-cycle order until cross-symbol reduce-first orders finish in current slice
2026-10-10 01:42:40 | WARNING | akquant.execution.simulated | Deferred same-cycle order until cross-symbol reduce-first orders finish in current slice
2026-10-10 01:42:40 | WARNING | akquant.execution.simulated | Deferred same-cycle order until cross-symbol reduce-first orders finish in current slice
2026-10-10 01:42:40 | WARNING | akquant.execution.simulated | Deferred same-cycle order until cross-symbol reduce-first orders finish in current slice
2026-10-10 01:42:40 | WARNING | akquant.execution.simulated | Deferred same-cycle order until cross-symbol reduce-first orders finish in current slice
2026-10-10 01:42:40 | INFO | akquant.strategy | [2012-06-29 00:00:00] rebalance 2012-06-29: 5 stocks
2026-10-10 01:42:40 | WARNING | akquant.execution.simulated | Deferred same-cycle order until cross-symbol reduce-first orders finish in current slice
2026-10-10 01:42:40 | WARNING | akquant.execution.simulated | Deferred same-cycle order until cross-symbol reduce-first orders finish in current slice
2026-10-10 01:42:40 | WARNING | akquant.execution.simulated | Deferred same-cycle order until cross-symbol reduce-first orders finish in current slice
2026-10-10 01:42:40 | WARNING | akquant.execution.simulated | Deferred same-cycle order until cross-symbol reduce-first orders finish in current slice
2026-10-10 01:42:40 | INFO | akquant.strategy | [2012-07-27 00:00:00] rebalance 2012-07-27: 10 stocks
2026-10-10 01:42:40 | WARNING | akquant.execution.simulated | Deferred same-cycle order until cross-symbol reduce-first orders finish in current slice
2026-10-10 01:42:40 | WARNING | akquant.execution.simulated | Deferred same-cycle order until cross-symbol reduce-first orders finish in current slice
2026-10-10 01:42:40 | WARNING | akquant.execution.simulated | Deferred same-cycle order until cross-symbol reduce-first orders finish in current slice
2026-10-10 01:42:40 | WARNING | akquant.execution.simulated | Deferred same-cycle order until cross-symbol reduce-first orders finish in current slice
2026-10-10 01:42:40 | WARNING | akquant.execution.simulated | Deferred same-cycle order until cross-symbol reduce-first orders finish in current slice
2026-10-10 01:42:40 | WARNING | akquant.execution.simulated | Deferred same-cycle order until cross-symbol reduce-first orders finish in current slice
2026-10-10 01:42:40 | WARNING | akquant.execution.simulated | Deferred same-cycle order until cross-symbol reduce-first orders finish in current slice
2026-10-10 01:42:40 | WARNING | akquant.execution.simulated | Deferred same-cycle order until cross-symbol reduce-first orders finish in current slice
2026-10-10 01:42:41 | INFO | akquant.strategy | [2012-08-24 00:00:00] rebalance 2012-08-24: 5 stocks
2026-10-10 01:42:41 | WARNING | akquant.execution.simulated | Deferred same-cycle order until cross-symbol reduce-first orders finish in current slice
2026-10-10 01:42:41 | WARNING | akquant.execution.simulated | Deferred same-cycle order until cross-symbol reduce-first orders finish in current slice
2026-10-10 01:42:41 | WARNING | akquant.execution.simulated | Deferred same-cycle order until cross-symbol reduce-first orders finish in current slice
2026-10-10 01:42:41 | WARNING | akquant.execution.simulated | Deferred same-cycle order until cross-symbol reduce-first orders finish in current slice
2026-10-10 01:42:41 | WARNING | akquant.execution.simulated | Deferred same-cycle order until cross-symbol reduce-first orders finish in current slice
2026-10-10 01:42:41 | INFO | akquant.strategy | [2012-09-21 00:00:00] rebalance 2012-09-21: 7 stocks
2026-10-10 01:42:41 | WARNING | akquant.execution.simulated | Deferred same-cycle order until cross-symbol reduce-first orders finish in current slice
2026-10-10 01:42:41 | WARNING | akquant.execution.simulated | Deferred same-cycle order until cross-symbol reduce-first orders finish in current slice
2026-10-10 01:42:41 | WARNING | akquant.execution.simulated | Deferred same-cycle order until cross-symbol reduce-first orders finish in current slice
2026-10-10 01:42:41 | INFO | akquant.strategy | [2012-10-26 00:00:00] rebalance 2012-10-26: 5 stocks
2026-10-10 01:42:41 | WARNING | akquant.execution.simulated | Deferred same-cycle order until cross-symbol reduce-first orders finish in current slice
2026-10-10 01:42:41 | WARNING | akquant.execution.simulated | Deferred same-cycle order until cross-symbol reduce-first orders finish in current slice
2026-10-10 01:42:42 | INFO | akquant.strategy | [2012-11-23 00:00:00] rebalance 2012-11-23: 5 stocks
2026-10-10 01:42:42 | WARNING | akquant.execution.simulated | Deferred same-cycle order until cross-symbol reduce-first orders finish in current slice
2026-10-10 01:42:42 | WARNING | akquant.execution.simulated | Deferred same-cycle order until cross-symbol reduce-first orders finish in current slice
2026-10-10 01:42:42 | WARNING | akquant.execution.simulated | Deferred same-cycle order until cross-symbol reduce-first orders finish in current slice
2026-10-10 01:42:42 | WARNING | akquant.execution.simulated | Deferred same-cycle order until cross-symbol reduce-first orders finish in current slice
2026-10-10 01:42:42 | WARNING | akquant.execution.simulated | Deferred same-cycle order until cross-symbol reduce-first orders finish in current slice
2026-10-10 01:42:42 | INFO | akquant.strategy | [2012-12-21 00:00:00] rebalance 2012-12-21: 10 stocks
2026-10-10 01:42:42 | WARNING | akquant.execution.simulated | Deferred same-cycle order until cross-symbol reduce-first orders finish in current slice
2026-10-10 01:42:42 | WARNING | akquant.execution.simulated | Deferred same-cycle order until cross-symbol reduce-first orders finish in current slice
2026-10-10 01:42:42 | WARNING | akquant.execution.simulated | Deferred same-cycle order until cross-symbol reduce-first orders finish in current slice
2026-10-10 01:42:42 | WARNING | akquant.execution.simulated | Deferred same-cycle order until cross-symbol reduce-first orders finish in current slice
2026-10-10 01:42:42 | WARNING | akquant.execution.simulated | Deferred same-cycle order until cross-symbol reduce-first orders finish in current slice
2026-10-10 01:42:42 | WARNING | akquant.execution.simulated | Deferred same-cycle order until cross-symbol reduce-first orders finish in current slice
2026-10-10 01:42:42 | WARNING | akquant.execution.simulated | Deferred same-cycle order until cross-symbol reduce-first orders finish in current slice
2026-10-10 01:42:42 | INFO | akquant.strategy | [2013-01-23 00:00:00] rebalance 2013-01-23: 10 stocks
2026-10-10 01:42:42 | WARNING | akquant.execution.simulated | Deferred same-cycle order until cross-symbol reduce-first orders finish in current slice
2026-10-10 01:42:42 | WARNING | akquant.execution.simulated | Deferred same-cycle order until cross-symbol reduce-first orders finish in current slice
2026-10-10 01:42:42 | WARNING | akquant.execution.simulated | Deferred same-cycle order until cross-symbol reduce-first orders finish in current slice
2026-10-10 01:42:42 | WARNING | akquant.execution.simulated | Deferred same-cycle order until cross-symbol reduce-first orders finish in current slice
2026-10-10 01:42:42 | WARNING | akquant.execution.simulated | Deferred same-cycle order until cross-symbol reduce-first orders finish in current slice
2026-10-10 01:42:42 | WARNING | akquant.execution.simulated | Deferred same-cycle order until cross-symbol reduce-first orders finish in current slice
2026-10-10 01:42:42 | WARNING | akquant.execution.simulated | Deferred same-cycle order until cross-symbol reduce-first orders finish in current slice
2026-10-10 01:42:42 | WARNING | akquant.execution.simulated | Deferred same-cycle order until cross-symbol reduce-first orders finish in current slice
2026-10-10 01:42:42 | WARNING | akquant.execution.simulated | Deferred same-cycle order until cross-symbol reduce-first orders finish in current slice
2026-10-10 01:42:42 | WARNING | akquant.execution.simulated | Deferred same-cycle order until cross-symbol reduce-first orders finish in current slice
2026-10-10 01:42:43 | INFO | akquant.strategy | [2013-02-27 00:00:00] rebalance 2013-02-27: 10 stocks
2026-10-10 01:42:43 | WARNING | akquant.execution.simulated | Deferred same-cycle order until cross-symbol reduce-first orders finish in current slice
2026-10-10 01:42:43 | WARNING | akquant.execution.simulated | Deferred same-cycle order until cross-symbol reduce-first orders finish in current slice
2026-10-10 01:42:43 | WARNING | akquant.execution.simulated | Deferred same-cycle order until cross-symbol reduce-first orders finish in current slice
2026-10-10 01:42:43 | WARNING | akquant.execution.simulated | Deferred same-cycle order until cross-symbol reduce-first orders finish in current slice
2026-10-10 01:42:43 | WARNING | akquant.execution.simulated | Deferred same-cycle order until cross-symbol reduce-first orders finish in current slice
2026-10-10 01:42:43 | WARNING | akquant.execution.simulated | Deferred same-cycle order until cross-symbol reduce-first orders finish in current slice
2026-10-10 01:42:43 | INFO | akquant.strategy | [2013-03-27 00:00:00] rebalance 2013-03-27: 10 stocks
2026-10-10 01:42:43 | WARNING | akquant.execution.simulated | Deferred same-cycle order until cross-symbol reduce-first orders finish in current slice
2026-10-10 01:42:43 | WARNING | akquant.execution.simulated | Deferred same-cycle order until cross-symbol reduce-first orders finish in current slice
2026-10-10 01:42:43 | WARNING | akquant.execution.simulated | Deferred same-cycle order until cross-symbol reduce-first orders finish in current slice
2026-10-10 01:42:43 | WARNING | akquant.execution.simulated | Deferred same-cycle order until cross-symbol reduce-first orders finish in current slice
2026-10-10 01:42:43 | WARNING | akquant.execution.simulated | Deferred same-cycle order until cross-symbol reduce-first orders finish in current slice
2026-10-10 01:42:43 | WARNING | akquant.execution.simulated | Deferred same-cycle order until cross-symbol reduce-first orders finish in current slice
2026-10-10 01:42:43 | WARNING | akquant.execution.simulated | Deferred same-cycle order until cross-symbol reduce-first orders finish in current slice
2026-10-10 01:42:43 | WARNING | akquant.execution.simulated | Deferred same-cycle order until cross-symbol reduce-first orders finish in current slice
2026-10-10 01:42:43 | WARNING | akquant.execution.simulated | Deferred same-cycle order until cross-symbol reduce-first orders finish in current slice
2026-10-10 01:42:43 | WARNING | akquant.execution.simulated | Deferred same-cycle order until cross-symbol reduce-first orders finish in current slice
2026-10-10 01:42:43 | INFO | akquant.strategy | [2013-04-26 00:00:00] rebalance 2013-04-26: 10 stocks
2026-10-10 01:42:43 | WARNING | akquant.execution.simulated | Deferred same-cycle order until cross-symbol reduce-first orders finish in current slice
2026-10-10 01:42:43 | WARNING | akquant.execution.simulated | Deferred same-cycle order until cross-symbol reduce-first orders finish in current slice
2026-10-10 01:42:43 | WARNING | akquant.execution.simulated | Deferred same-cycle order until cross-symbol reduce-first orders finish in current slice
2026-10-10 01:42:43 | WARNING | akquant.execution.simulated | Deferred same-cycle order until cross-symbol reduce-first orders finish in current slice
2026-10-10 01:42:43 | WARNING | akquant.execution.simulated | Deferred same-cycle order until cross-symbol reduce-first orders finish in current slice
2026-10-10 01:42:43 | WARNING | akquant.execution.simulated | Deferred same-cycle order until cross-symbol reduce-first orders finish in current slice
2026-10-10 01:42:44 | INFO | akquant.strategy | [2013-05-29 00:00:00] rebalance 2013-05-29: 7 stocks
2026-10-10 01:42:44 | WARNING | akquant.execution.simulated | Deferred same-cycle order until cross-symbol reduce-first orders finish in current slice
2026-10-10 01:42:44 | WARNING | akquant.execution.simulated | Deferred same-cycle order until cross-symbol reduce-first orders finish in current slice
2026-10-10 01:42:44 | WARNING | akquant.execution.simulated | Deferred same-cycle order until cross-symbol reduce-first orders finish in current slice
2026-10-10 01:42:44 | WARNING | akquant.execution.simulated | Deferred same-cycle order until cross-symbol reduce-first orders finish in current slice
2026-10-10 01:42:44 | WARNING | akquant.execution.simulated | Deferred same-cycle order until cross-symbol reduce-first orders finish in current slice
2026-10-10 01:42:44 | WARNING | akquant.execution.simulated | Deferred same-cycle order until cross-symbol reduce-first orders finish in current slice
2026-10-10 01:42:44 | WARNING | akquant.execution.simulated | Deferred same-cycle order until cross-symbol reduce-first orders finish in current slice
2026-10-10 01:42:44 | INFO | akquant.strategy | [2013-07-01 00:00:00] rebalance 2013-07-01: 5 stocks
2026-10-10 01:42:44 | WARNING | akquant.execution.simulated | Deferred same-cycle order until cross-symbol reduce-first orders finish in current slice
2026-10-10 01:42:44 | WARNING | akquant.execution.simulated | Deferred same-cycle order until cross-symbol reduce-first orders finish in current slice
2026-10-10 01:42:44 | WARNING | akquant.execution.simulated | Deferred same-cycle order until cross-symbol reduce-first orders finish in current slice
2026-10-10 01:42:44 | WARNING | akquant.execution.simulated | Deferred same-cycle order until cross-symbol reduce-first orders finish in current slice
2026-10-10 01:42:44 | INFO | akquant.strategy | [2013-07-29 00:00:00] rebalance 2013-07-29: 7 stocks
2026-10-10 01:42:44 | WARNING | akquant.execution.simulated | Deferred same-cycle order until cross-symbol reduce-first orders finish in current slice
2026-10-10 01:42:44 | WARNING | akquant.execution.simulated | Deferred same-cycle order until cross-symbol reduce-first orders finish in current slice
2026-10-10 01:42:44 | WARNING | akquant.execution.simulated | Deferred same-cycle order until cross-symbol reduce-first orders finish in current slice
2026-10-10 01:42:44 | WARNING | akquant.execution.simulated | Deferred same-cycle order until cross-symbol reduce-first orders finish in current slice
2026-10-10 01:42:44 | WARNING | akquant.execution.simulated | Deferred same-cycle order until cross-symbol reduce-first orders finish in current slice
2026-10-10 01:42:44 | WARNING | akquant.execution.simulated | Deferred same-cycle order until cross-symbol reduce-first orders finish in current slice
2026-10-10 01:42:44 | WARNING | akquant.execution.simulated | Deferred same-cycle order until cross-symbol reduce-first orders finish in current slice
2026-10-10 01:42:45 | INFO | akquant.strategy | [2013-08-26 00:00:00] rebalance 2013-08-26: 5 stocks
2026-10-10 01:42:45 | WARNING | akquant.execution.simulated | Deferred same-cycle order until cross-symbol reduce-first orders finish in current slice
2026-10-10 01:42:45 | WARNING | akquant.execution.simulated | Deferred same-cycle order until cross-symbol reduce-first orders finish in current slice
2026-10-10 01:42:45 | WARNING | akquant.execution.simulated | Deferred same-cycle order until cross-symbol reduce-first orders finish in current slice
2026-10-10 01:42:45 | INFO | akquant.strategy | [2013-09-25 00:00:00] rebalance 2013-09-25: 10 stocks
2026-10-10 01:42:45 | WARNING | akquant.execution.simulated | Deferred same-cycle order until cross-symbol reduce-first orders finish in current slice
2026-10-10 01:42:45 | WARNING | akquant.execution.simulated | Deferred same-cycle order until cross-symbol reduce-first orders finish in current slice
2026-10-10 01:42:45 | WARNING | akquant.execution.simulated | Deferred same-cycle order until cross-symbol reduce-first orders finish in current slice
2026-10-10 01:42:45 | WARNING | akquant.execution.simulated | Deferred same-cycle order until cross-symbol reduce-first orders finish in current slice
2026-10-10 01:42:45 | WARNING | akquant.execution.simulated | Deferred same-cycle order until cross-symbol reduce-first orders finish in current slice
2026-10-10 01:42:45 | WARNING | akquant.execution.simulated | Deferred same-cycle order until cross-symbol reduce-first orders finish in current slice
2026-10-10 01:42:45 | WARNING | akquant.execution.simulated | Deferred same-cycle order until cross-symbol reduce-first orders finish in current slice
2026-10-10 01:42:45 | WARNING | akquant.execution.simulated | Deferred same-cycle order until cross-symbol reduce-first orders finish in current slice
2026-10-10 01:42:45 | INFO | akquant.strategy | [2013-10-30 00:00:00] rebalance 2013-10-30: 10 stocks
2026-10-10 01:42:45 | WARNING | akquant.execution.simulated | Deferred same-cycle order until cross-symbol reduce-first orders finish in current slice
2026-10-10 01:42:45 | WARNING | akquant.execution.simulated | Deferred same-cycle order until cross-symbol reduce-first orders finish in current slice
2026-10-10 01:42:45 | WARNING | akquant.execution.simulated | Deferred same-cycle order until cross-symbol reduce-first orders finish in current slice
2026-10-10 01:42:45 | WARNING | akquant.execution.simulated | Deferred same-cycle order until cross-symbol reduce-first orders finish in current slice
2026-10-10 01:42:45 | WARNING | akquant.execution.simulated | Deferred same-cycle order until cross-symbol reduce-first orders finish in current slice
2026-10-10 01:42:45 | WARNING | akquant.execution.simulated | Deferred same-cycle order until cross-symbol reduce-first orders finish in current slice
2026-10-10 01:42:45 | WARNING | akquant.execution.simulated | Deferred same-cycle order until cross-symbol reduce-first orders finish in current slice
2026-10-10 01:42:45 | WARNING | akquant.execution.simulated | Deferred same-cycle order until cross-symbol reduce-first orders finish in current slice
2026-10-10 01:42:45 | WARNING | akquant.execution.simulated | Deferred same-cycle order until cross-symbol reduce-first orders finish in current slice
2026-10-10 01:42:45 | WARNING | akquant.execution.simulated | Deferred same-cycle order until cross-symbol reduce-first orders finish in current slice
2026-10-10 01:42:46 | INFO | akquant.strategy | [2013-11-27 00:00:00] rebalance 2013-11-27: 10 stocks
2026-10-10 01:42:46 | WARNING | akquant.execution.simulated | Deferred same-cycle order until cross-symbol reduce-first orders finish in current slice
2026-10-10 01:42:46 | WARNING | akquant.execution.simulated | Deferred same-cycle order until cross-symbol reduce-first orders finish in current slice
2026-10-10 01:42:46 | WARNING | akquant.execution.simulated | Deferred same-cycle order until cross-symbol reduce-first orders finish in current slice
2026-10-10 01:42:46 | WARNING | akquant.execution.simulated | Deferred same-cycle order until cross-symbol reduce-first orders finish in current slice
2026-10-10 01:42:46 | WARNING | akquant.execution.simulated | Deferred same-cycle order until cross-symbol reduce-first orders finish in current slice
2026-10-10 01:42:46 | WARNING | akquant.execution.simulated | Deferred same-cycle order until cross-symbol reduce-first orders finish in current slice
2026-10-10 01:42:46 | WARNING | akquant.execution.simulated | Deferred same-cycle order until cross-symbol reduce-first orders finish in current slice
2026-10-10 01:42:46 | WARNING | akquant.execution.simulated | Deferred same-cycle order until cross-symbol reduce-first orders finish in current slice
2026-10-10 01:42:46 | INFO | akquant.strategy | [2013-12-25 00:00:00] rebalance 2013-12-25: 10 stocks
2026-10-10 01:42:46 | WARNING | akquant.execution.simulated | Deferred same-cycle order until cross-symbol reduce-first orders finish in current slice
2026-10-10 01:42:46 | WARNING | akquant.execution.simulated | Deferred same-cycle order until cross-symbol reduce-first orders finish in current slice
2026-10-10 01:42:46 | WARNING | akquant.execution.simulated | Deferred same-cycle order until cross-symbol reduce-first orders finish in current slice
2026-10-10 01:42:46 | WARNING | akquant.execution.simulated | Deferred same-cycle order until cross-symbol reduce-first orders finish in current slice
2026-10-10 01:42:46 | WARNING | akquant.execution.simulated | Deferred same-cycle order until cross-symbol reduce-first orders finish in current slice
2026-10-10 01:42:46 | WARNING | akquant.execution.simulated | Deferred same-cycle order until cross-symbol reduce-first orders finish in current slice
2026-10-10 01:42:46 | WARNING | akquant.execution.simulated | Deferred same-cycle order until cross-symbol reduce-first orders finish in current slice
2026-10-10 01:42:46 | WARNING | akquant.execution.simulated | Deferred same-cycle order until cross-symbol reduce-first orders finish in current slice
2026-10-10 01:42:46 | WARNING | akquant.execution.simulated | Deferred same-cycle order until cross-symbol reduce-first orders finish in current slice
2026-10-10 01:42:46 | INFO | akquant.strategy | [2014-01-23 00:00:00] rebalance 2014-01-23: 9 stocks
2026-10-10 01:42:46 | WARNING | akquant.execution.simulated | Deferred same-cycle order until cross-symbol reduce-first orders finish in current slice
2026-10-10 01:42:46 | WARNING | akquant.execution.simulated | Deferred same-cycle order until cross-symbol reduce-first orders finish in current slice
2026-10-10 01:42:46 | WARNING | akquant.execution.simulated | Deferred same-cycle order until cross-symbol reduce-first orders finish in current slice
2026-10-10 01:42:46 | WARNING | akquant.execution.simulated | Deferred same-cycle order until cross-symbol reduce-first orders finish in current slice
2026-10-10 01:42:46 | WARNING | akquant.execution.simulated | Deferred same-cycle order until cross-symbol reduce-first orders finish in current slice
2026-10-10 01:42:46 | WARNING | akquant.execution.simulated | Deferred same-cycle order until cross-symbol reduce-first orders finish in current slice
2026-10-10 01:42:46 | WARNING | akquant.execution.simulated | Deferred same-cycle order until cross-symbol reduce-first orders finish in current slice
2026-10-10 01:42:47 | INFO | akquant.strategy | [2014-02-27 00:00:00] rebalance 2014-02-27: 10 stocks
2026-10-10 01:42:47 | WARNING | akquant.execution.simulated | Deferred same-cycle order until cross-symbol reduce-first orders finish in current slice
2026-10-10 01:42:47 | WARNING | akquant.execution.simulated | Deferred same-cycle order until cross-symbol reduce-first orders finish in current slice
2026-10-10 01:42:47 | WARNING | akquant.execution.simulated | Deferred same-cycle order until cross-symbol reduce-first orders finish in current slice
2026-10-10 01:42:47 | WARNING | akquant.execution.simulated | Deferred same-cycle order until cross-symbol reduce-first orders finish in current slice
2026-10-10 01:42:47 | WARNING | akquant.execution.simulated | Deferred same-cycle order until cross-symbol reduce-first orders finish in current slice
2026-10-10 01:42:47 | WARNING | akquant.execution.simulated | Deferred same-cycle order until cross-symbol reduce-first orders finish in current slice
2026-10-10 01:42:47 | WARNING | akquant.execution.simulated | Deferred same-cycle order until cross-symbol reduce-first orders finish in current slice
2026-10-10 01:42:47 | INFO | akquant.strategy | [2014-03-27 00:00:00] rebalance 2014-03-27: 5 stocks
2026-10-10 01:42:47 | WARNING | akquant.execution.simulated | Deferred same-cycle order until cross-symbol reduce-first orders finish in current slice
2026-10-10 01:42:47 | WARNING | akquant.execution.simulated | Deferred same-cycle order until cross-symbol reduce-first orders finish in current slice
2026-10-10 01:42:47 | WARNING | akquant.execution.simulated | Deferred same-cycle order until cross-symbol reduce-first orders finish in current slice
2026-10-10 01:42:47 | WARNING | akquant.execution.simulated | Deferred same-cycle order until cross-symbol reduce-first orders finish in current slice
2026-10-10 01:42:47 | WARNING | akquant.execution.simulated | Deferred same-cycle order until cross-symbol reduce-first orders finish in current slice
2026-10-10 01:42:47 | INFO | akquant.strategy | [2014-04-25 00:00:00] rebalance 2014-04-25: 5 stocks
2026-10-10 01:42:47 | WARNING | akquant.execution.simulated | Deferred same-cycle order until cross-symbol reduce-first orders finish in current slice
2026-10-10 01:42:47 | WARNING | akquant.execution.simulated | Deferred same-cycle order until cross-symbol reduce-first orders finish in current slice
2026-10-10 01:42:47 | WARNING | akquant.execution.simulated | Deferred same-cycle order until cross-symbol reduce-first orders finish in current slice
2026-10-10 01:42:47 | WARNING | akquant.execution.simulated | Deferred same-cycle order until cross-symbol reduce-first orders finish in current slice
2026-10-10 01:42:47 | WARNING | akquant.execution.simulated | Deferred same-cycle order until cross-symbol reduce-first orders finish in current slice
2026-10-10 01:42:47 | WARNING | akquant.execution.simulated | Rejected order due to insufficient margin during execution. Required: 9444561.118492500000000000000, Available: 4047246.792946247960675286448
2026-10-10 01:42:48 | INFO | akquant.strategy | [2014-05-27 00:00:00] rebalance 2014-05-27: 5 stocks
2026-10-10 01:42:48 | WARNING | akquant.execution.simulated | Deferred same-cycle order until cross-symbol reduce-first orders finish in current slice
2026-10-10 01:42:48 | WARNING | akquant.execution.simulated | Deferred same-cycle order until cross-symbol reduce-first orders finish in current slice
2026-10-10 01:42:48 | WARNING | akquant.execution.simulated | Deferred same-cycle order until cross-symbol reduce-first orders finish in current slice
2026-10-10 01:42:48 | WARNING | akquant.execution.simulated | Deferred same-cycle order until cross-symbol reduce-first orders finish in current slice
2026-10-10 01:42:48 | WARNING | akquant.execution.simulated | Deferred same-cycle order until cross-symbol reduce-first orders finish in current slice
2026-10-10 01:42:48 | WARNING | akquant.execution.simulated | Rejected order due to insufficient margin during execution. Required: 9521527.753237500000000000000, Available: 9110999.295196247660735195906
2026-10-10 01:42:48 | INFO | akquant.strategy | [2014-06-25 00:00:00] rebalance 2014-06-25: 9 stocks
2026-10-10 01:42:48 | WARNING | akquant.execution.simulated | Deferred same-cycle order until cross-symbol reduce-first orders finish in current slice
2026-10-10 01:42:48 | WARNING | akquant.execution.simulated | Deferred same-cycle order until cross-symbol reduce-first orders finish in current slice
2026-10-10 01:42:48 | INFO | akquant.strategy | [2014-07-23 00:00:00] rebalance 2014-07-23: 10 stocks
2026-10-10 01:42:49 | INFO | akquant.strategy | [2014-08-20 00:00:00] rebalance 2014-08-20: 10 stocks
2026-10-10 01:42:49 | WARNING | akquant.execution.simulated | Deferred same-cycle order until cross-symbol reduce-first orders finish in current slice
2026-10-10 01:42:49 | WARNING | akquant.execution.simulated | Deferred same-cycle order until cross-symbol reduce-first orders finish in current slice
2026-10-10 01:42:49 | WARNING | akquant.execution.simulated | Deferred same-cycle order until cross-symbol reduce-first orders finish in current slice
2026-10-10 01:42:49 | WARNING | akquant.execution.simulated | Deferred same-cycle order until cross-symbol reduce-first orders finish in current slice
2026-10-10 01:42:49 | WARNING | akquant.execution.simulated | Deferred same-cycle order until cross-symbol reduce-first orders finish in current slice
2026-10-10 01:42:49 | WARNING | akquant.execution.simulated | Deferred same-cycle order until cross-symbol reduce-first orders finish in current slice
2026-10-10 01:42:49 | WARNING | akquant.execution.simulated | Deferred same-cycle order until cross-symbol reduce-first orders finish in current slice
2026-10-10 01:42:49 | WARNING | akquant.execution.simulated | Deferred same-cycle order until cross-symbol reduce-first orders finish in current slice
2026-10-10 01:42:49 | WARNING | akquant.execution.simulated | Deferred same-cycle order until cross-symbol reduce-first orders finish in current slice
2026-10-10 01:42:49 | WARNING | akquant.execution.simulated | Deferred same-cycle order until cross-symbol reduce-first orders finish in current slice
2026-10-10 01:42:49 | INFO | akquant.strategy | [2014-09-18 00:00:00] rebalance 2014-09-18: 10 stocks
2026-10-10 01:42:49 | WARNING | akquant.execution.simulated | Deferred same-cycle order until cross-symbol reduce-first orders finish in current slice
2026-10-10 01:42:49 | WARNING | akquant.execution.simulated | Deferred same-cycle order until cross-symbol reduce-first orders finish in current slice
2026-10-10 01:42:49 | WARNING | akquant.execution.simulated | Deferred same-cycle order until cross-symbol reduce-first orders finish in current slice
2026-10-10 01:42:49 | WARNING | akquant.execution.simulated | Deferred same-cycle order until cross-symbol reduce-first orders finish in current slice
2026-10-10 01:42:49 | WARNING | akquant.execution.simulated | Deferred same-cycle order until cross-symbol reduce-first orders finish in current slice
2026-10-10 01:42:49 | WARNING | akquant.execution.simulated | Deferred same-cycle order until cross-symbol reduce-first orders finish in current slice
2026-10-10 01:42:49 | WARNING | akquant.execution.simulated | Deferred same-cycle order until cross-symbol reduce-first orders finish in current slice
2026-10-10 01:42:49 | WARNING | akquant.execution.simulated | Deferred same-cycle order until cross-symbol reduce-first orders finish in current slice
2026-10-10 01:42:49 | WARNING | akquant.execution.simulated | Deferred same-cycle order until cross-symbol reduce-first orders finish in current slice
2026-10-10 01:42:49 | WARNING | akquant.execution.simulated | Rejected order due to insufficient margin during execution. Required: 5458485.617585000000000000000, Available: 5393511.800026247596318681561
2026-10-10 01:42:50 | INFO | akquant.strategy | [2014-10-23 00:00:00] rebalance 2014-10-23: 10 stocks
2026-10-10 01:42:50 | WARNING | akquant.execution.simulated | Deferred same-cycle order until cross-symbol reduce-first orders finish in current slice
2026-10-10 01:42:50 | WARNING | akquant.execution.simulated | Deferred same-cycle order until cross-symbol reduce-first orders finish in current slice
2026-10-10 01:42:50 | INFO | akquant.strategy | [2014-11-20 00:00:00] rebalance 2014-11-20: 10 stocks
2026-10-10 01:42:50 | WARNING | akquant.execution.simulated | Deferred same-cycle order until cross-symbol reduce-first orders finish in current slice
2026-10-10 01:42:50 | WARNING | akquant.execution.simulated | Deferred same-cycle order until cross-symbol reduce-first orders finish in current slice
2026-10-10 01:42:50 | WARNING | akquant.execution.simulated | Deferred same-cycle order until cross-symbol reduce-first orders finish in current slice
2026-10-10 01:42:50 | WARNING | akquant.execution.simulated | Deferred same-cycle order until cross-symbol reduce-first orders finish in current slice
2026-10-10 01:42:50 | WARNING | akquant.execution.simulated | Deferred same-cycle order until cross-symbol reduce-first orders finish in current slice
2026-10-10 01:42:50 | WARNING | akquant.execution.simulated | Deferred same-cycle order until cross-symbol reduce-first orders finish in current slice
2026-10-10 01:42:50 | WARNING | akquant.execution.simulated | Deferred same-cycle order until cross-symbol reduce-first orders finish in current slice
2026-10-10 01:42:50 | WARNING | akquant.execution.simulated | Deferred same-cycle order until cross-symbol reduce-first orders finish in current slice
2026-10-10 01:42:50 | INFO | akquant.strategy | [2014-12-18 00:00:00] rebalance 2014-12-18: 10 stocks
2026-10-10 01:42:50 | WARNING | akquant.execution.simulated | Deferred same-cycle order until cross-symbol reduce-first orders finish in current slice
2026-10-10 01:42:50 | WARNING | akquant.execution.simulated | Deferred same-cycle order until cross-symbol reduce-first orders finish in current slice
2026-10-10 01:42:51 | INFO | akquant.strategy | [2015-01-19 00:00:00] rebalance 2015-01-19: 10 stocks
2026-10-10 01:42:51 | WARNING | akquant.execution.simulated | Deferred same-cycle order until cross-symbol reduce-first orders finish in current slice
2026-10-10 01:42:51 | WARNING | akquant.execution.simulated | Deferred same-cycle order until cross-symbol reduce-first orders finish in current slice
2026-10-10 01:42:51 | WARNING | akquant.execution.simulated | Deferred same-cycle order until cross-symbol reduce-first orders finish in current slice
2026-10-10 01:42:51 | WARNING | akquant.execution.simulated | Deferred same-cycle order until cross-symbol reduce-first orders finish in current slice
2026-10-10 01:42:51 | WARNING | akquant.execution.simulated | Deferred same-cycle order until cross-symbol reduce-first orders finish in current slice
2026-10-10 01:42:51 | INFO | akquant.strategy | [2015-02-16 00:00:00] rebalance 2015-02-16: 10 stocks
2026-10-10 01:42:51 | WARNING | akquant.execution.simulated | Deferred same-cycle order until cross-symbol reduce-first orders finish in current slice
2026-10-10 01:42:51 | WARNING | akquant.execution.simulated | Deferred same-cycle order until cross-symbol reduce-first orders finish in current slice
2026-10-10 01:42:51 | WARNING | akquant.execution.simulated | Deferred same-cycle order until cross-symbol reduce-first orders finish in current slice
2026-10-10 01:42:51 | WARNING | akquant.execution.simulated | Deferred same-cycle order until cross-symbol reduce-first orders finish in current slice
2026-10-10 01:42:51 | WARNING | akquant.execution.simulated | Deferred same-cycle order until cross-symbol reduce-first orders finish in current slice
2026-10-10 01:42:51 | WARNING | akquant.execution.simulated | Deferred same-cycle order until cross-symbol reduce-first orders finish in current slice
2026-10-10 01:42:51 | WARNING | akquant.execution.simulated | Deferred same-cycle order until cross-symbol reduce-first orders finish in current slice
2026-10-10 01:42:51 | WARNING | akquant.execution.simulated | Deferred same-cycle order until cross-symbol reduce-first orders finish in current slice
2026-10-10 01:42:51 | WARNING | akquant.execution.simulated | Deferred same-cycle order until cross-symbol reduce-first orders finish in current slice
2026-10-10 01:42:51 | WARNING | akquant.execution.simulated | Deferred same-cycle order until cross-symbol reduce-first orders finish in current slice
2026-10-10 01:42:51 | INFO | akquant.strategy | [2015-03-23 00:00:00] rebalance 2015-03-23: 10 stocks
2026-10-10 01:42:51 | WARNING | akquant.execution.simulated | Deferred same-cycle order until cross-symbol reduce-first orders finish in current slice
2026-10-10 01:42:51 | WARNING | akquant.execution.simulated | Deferred same-cycle order until cross-symbol reduce-first orders finish in current slice
2026-10-10 01:42:51 | WARNING | akquant.execution.simulated | Deferred same-cycle order until cross-symbol reduce-first orders finish in current slice
2026-10-10 01:42:51 | WARNING | akquant.execution.simulated | Deferred same-cycle order until cross-symbol reduce-first orders finish in current slice
2026-10-10 01:42:51 | WARNING | akquant.execution.simulated | Deferred same-cycle order until cross-symbol reduce-first orders finish in current slice
2026-10-10 01:42:52 | WARNING | akquant.execution.simulated | Deferred same-cycle order until cross-symbol reduce-first orders finish in current slice
2026-10-10 01:42:52 | WARNING | akquant.execution.simulated | Deferred same-cycle order until cross-symbol reduce-first orders finish in current slice
2026-10-10 01:42:52 | INFO | akquant.strategy | [2015-04-21 00:00:00] rebalance 2015-04-21: 10 stocks
2026-10-10 01:42:52 | WARNING | akquant.execution.simulated | Deferred same-cycle order until cross-symbol reduce-first orders finish in current slice
2026-10-10 01:42:52 | WARNING | akquant.execution.simulated | Deferred same-cycle order until cross-symbol reduce-first orders finish in current slice
2026-10-10 01:42:52 | WARNING | akquant.execution.simulated | Deferred same-cycle order until cross-symbol reduce-first orders finish in current slice
2026-10-10 01:42:52 | WARNING | akquant.execution.simulated | Deferred same-cycle order until cross-symbol reduce-first orders finish in current slice
2026-10-10 01:42:52 | WARNING | akquant.execution.simulated | Deferred same-cycle order until cross-symbol reduce-first orders finish in current slice
2026-10-10 01:42:52 | WARNING | akquant.execution.simulated | Deferred same-cycle order until cross-symbol reduce-first orders finish in current slice
2026-10-10 01:42:52 | WARNING | akquant.execution.simulated | Deferred same-cycle order until cross-symbol reduce-first orders finish in current slice
2026-10-10 01:42:52 | WARNING | akquant.execution.simulated | Deferred same-cycle order until cross-symbol reduce-first orders finish in current slice
2026-10-10 01:42:52 | WARNING | akquant.execution.simulated | Deferred same-cycle order until cross-symbol reduce-first orders finish in current slice
2026-10-10 01:42:52 | WARNING | akquant.execution.simulated | Deferred same-cycle order until cross-symbol reduce-first orders finish in current slice
2026-10-10 01:42:52 | WARNING | akquant.execution.simulated | Rejected order due to insufficient margin during execution. Required: 10904193.63783750000000000000, Available: 6946333.52508624851466623068
2026-10-10 01:42:52 | INFO | akquant.strategy | [2015-05-20 00:00:00] rebalance 2015-05-20: 10 stocks
2026-10-10 01:42:52 | WARNING | akquant.execution.simulated | Deferred same-cycle order until cross-symbol reduce-first orders finish in current slice
2026-10-10 01:42:52 | WARNING | akquant.execution.simulated | Deferred same-cycle order until cross-symbol reduce-first orders finish in current slice
2026-10-10 01:42:52 | WARNING | akquant.execution.simulated | Deferred same-cycle order until cross-symbol reduce-first orders finish in current slice
2026-10-10 01:42:52 | WARNING | akquant.execution.simulated | Deferred same-cycle order until cross-symbol reduce-first orders finish in current slice
2026-10-10 01:42:52 | WARNING | akquant.execution.simulated | Deferred same-cycle order until cross-symbol reduce-first orders finish in current slice
2026-10-10 01:42:52 | WARNING | akquant.execution.simulated | Deferred same-cycle order until cross-symbol reduce-first orders finish in current slice
2026-10-10 01:42:52 | WARNING | akquant.execution.simulated | Deferred same-cycle order until cross-symbol reduce-first orders finish in current slice
2026-10-10 01:42:53 | INFO | akquant.strategy | [2015-06-17 00:00:00] rebalance 2015-06-17: 10 stocks
2026-10-10 01:42:53 | WARNING | akquant.execution.simulated | Deferred same-cycle order until cross-symbol reduce-first orders finish in current slice
2026-10-10 01:42:53 | WARNING | akquant.execution.simulated | Deferred same-cycle order until cross-symbol reduce-first orders finish in current slice
2026-10-10 01:42:53 | WARNING | akquant.execution.simulated | Deferred same-cycle order until cross-symbol reduce-first orders finish in current slice
2026-10-10 01:42:53 | WARNING | akquant.execution.simulated | Deferred same-cycle order until cross-symbol reduce-first orders finish in current slice
2026-10-10 01:42:53 | WARNING | akquant.execution.simulated | Deferred same-cycle order until cross-symbol reduce-first orders finish in current slice
2026-10-10 01:42:53 | WARNING | akquant.execution.simulated | Deferred same-cycle order until cross-symbol reduce-first orders finish in current slice
2026-10-10 01:42:53 | WARNING | akquant.execution.simulated | Deferred same-cycle order until cross-symbol reduce-first orders finish in current slice
2026-10-10 01:42:53 | WARNING | akquant.execution.simulated | Deferred same-cycle order until cross-symbol reduce-first orders finish in current slice
2026-10-10 01:42:53 | WARNING | akquant.execution.simulated | Deferred same-cycle order until cross-symbol reduce-first orders finish in current slice
2026-10-10 01:42:53 | INFO | akquant.strategy | [2015-07-16 00:00:00] rebalance 2015-07-16: 5 stocks
2026-10-10 01:42:53 | WARNING | akquant.execution.simulated | Deferred same-cycle order until cross-symbol reduce-first orders finish in current slice
2026-10-10 01:42:53 | WARNING | akquant.execution.simulated | Deferred same-cycle order until cross-symbol reduce-first orders finish in current slice
2026-10-10 01:42:53 | WARNING | akquant.execution.simulated | Deferred same-cycle order until cross-symbol reduce-first orders finish in current slice
2026-10-10 01:42:53 | WARNING | akquant.execution.simulated | Deferred same-cycle order until cross-symbol reduce-first orders finish in current slice
2026-10-10 01:42:53 | WARNING | akquant.execution.simulated | Deferred same-cycle order until cross-symbol reduce-first orders finish in current slice
2026-10-10 01:42:53 | WARNING | akquant.execution.simulated | Rejected order due to insufficient margin during execution. Required: 20740981.73647500000000000000, Available: 9725324.82471874610724785092
2026-10-10 01:42:53 | INFO | akquant.strategy | [2015-08-13 00:00:00] rebalance 2015-08-13: 5 stocks
2026-10-10 01:42:53 | WARNING | akquant.execution.simulated | Deferred same-cycle order until cross-symbol reduce-first orders finish in current slice
2026-10-10 01:42:53 | WARNING | akquant.execution.simulated | Deferred same-cycle order until cross-symbol reduce-first orders finish in current slice
2026-10-10 01:42:53 | WARNING | akquant.execution.simulated | Deferred same-cycle order until cross-symbol reduce-first orders finish in current slice
2026-10-10 01:42:54 | INFO | akquant.strategy | [2015-09-14 00:00:00] rebalance 2015-09-14: 10 stocks
2026-10-10 01:42:54 | WARNING | akquant.execution.simulated | Deferred same-cycle order until cross-symbol reduce-first orders finish in current slice
2026-10-10 01:42:54 | WARNING | akquant.execution.simulated | Deferred same-cycle order until cross-symbol reduce-first orders finish in current slice
2026-10-10 01:42:54 | WARNING | akquant.execution.simulated | Deferred same-cycle order until cross-symbol reduce-first orders finish in current slice
2026-10-10 01:42:54 | WARNING | akquant.execution.simulated | Deferred same-cycle order until cross-symbol reduce-first orders finish in current slice
2026-10-10 01:42:54 | WARNING | akquant.execution.simulated | Deferred same-cycle order until cross-symbol reduce-first orders finish in current slice
2026-10-10 01:42:54 | WARNING | akquant.execution.simulated | Deferred same-cycle order until cross-symbol reduce-first orders finish in current slice
2026-10-10 01:42:54 | WARNING | akquant.execution.simulated | Deferred same-cycle order until cross-symbol reduce-first orders finish in current slice
2026-10-10 01:42:54 | WARNING | akquant.execution.simulated | Deferred same-cycle order until cross-symbol reduce-first orders finish in current slice
2026-10-10 01:42:54 | WARNING | akquant.execution.simulated | Deferred same-cycle order until cross-symbol reduce-first orders finish in current slice
2026-10-10 01:42:54 | WARNING | akquant.execution.simulated | Deferred same-cycle order until cross-symbol reduce-first orders finish in current slice
2026-10-10 01:42:54 | INFO | akquant.strategy | [2015-10-19 00:00:00] rebalance 2015-10-19: 10 stocks
2026-10-10 01:42:54 | WARNING | akquant.execution.simulated | Deferred same-cycle order until cross-symbol reduce-first orders finish in current slice
2026-10-10 01:42:54 | WARNING | akquant.execution.simulated | Deferred same-cycle order until cross-symbol reduce-first orders finish in current slice
2026-10-10 01:42:54 | WARNING | akquant.execution.simulated | Deferred same-cycle order until cross-symbol reduce-first orders finish in current slice
2026-10-10 01:42:54 | WARNING | akquant.execution.simulated | Deferred same-cycle order until cross-symbol reduce-first orders finish in current slice
2026-10-10 01:42:54 | WARNING | akquant.execution.simulated | Deferred same-cycle order until cross-symbol reduce-first orders finish in current slice
2026-10-10 01:42:55 | INFO | akquant.strategy | [2015-11-16 00:00:00] rebalance 2015-11-16: 10 stocks
2026-10-10 01:42:55 | WARNING | akquant.execution.simulated | Deferred same-cycle order until cross-symbol reduce-first orders finish in current slice
2026-10-10 01:42:55 | WARNING | akquant.execution.simulated | Deferred same-cycle order until cross-symbol reduce-first orders finish in current slice
2026-10-10 01:42:55 | WARNING | akquant.execution.simulated | Deferred same-cycle order until cross-symbol reduce-first orders finish in current slice
2026-10-10 01:42:55 | WARNING | akquant.execution.simulated | Deferred same-cycle order until cross-symbol reduce-first orders finish in current slice
2026-10-10 01:42:55 | WARNING | akquant.execution.simulated | Deferred same-cycle order until cross-symbol reduce-first orders finish in current slice
2026-10-10 01:42:55 | WARNING | akquant.execution.simulated | Deferred same-cycle order until cross-symbol reduce-first orders finish in current slice
2026-10-10 01:42:55 | WARNING | akquant.execution.simulated | Deferred same-cycle order until cross-symbol reduce-first orders finish in current slice
2026-10-10 01:42:55 | WARNING | akquant.execution.simulated | Deferred same-cycle order until cross-symbol reduce-first orders finish in current slice
2026-10-10 01:42:55 | WARNING | akquant.execution.simulated | Deferred same-cycle order until cross-symbol reduce-first orders finish in current slice
2026-10-10 01:42:55 | WARNING | akquant.execution.simulated | Deferred same-cycle order until cross-symbol reduce-first orders finish in current slice
2026-10-10 01:42:55 | INFO | akquant.strategy | [2015-12-14 00:00:00] rebalance 2015-12-14: 10 stocks
2026-10-10 01:42:55 | WARNING | akquant.execution.simulated | Deferred same-cycle order until cross-symbol reduce-first orders finish in current slice
2026-10-10 01:42:55 | WARNING | akquant.execution.simulated | Deferred same-cycle order until cross-symbol reduce-first orders finish in current slice
2026-10-10 01:42:55 | WARNING | akquant.execution.simulated | Deferred same-cycle order until cross-symbol reduce-first orders finish in current slice
2026-10-10 01:42:55 | WARNING | akquant.execution.simulated | Deferred same-cycle order until cross-symbol reduce-first orders finish in current slice
2026-10-10 01:42:55 | WARNING | akquant.execution.simulated | Deferred same-cycle order until cross-symbol reduce-first orders finish in current slice
2026-10-10 01:42:55 | WARNING | akquant.execution.simulated | Deferred same-cycle order until cross-symbol reduce-first orders finish in current slice
2026-10-10 01:42:55 | WARNING | akquant.execution.simulated | Deferred same-cycle order until cross-symbol reduce-first orders finish in current slice
2026-10-10 01:42:55 | INFO | akquant.strategy | [2016-01-12 00:00:00] rebalance 2016-01-12: 5 stocks
2026-10-10 01:42:55 | WARNING | akquant.execution.simulated | Deferred same-cycle order until cross-symbol reduce-first orders finish in current slice
2026-10-10 01:42:55 | WARNING | akquant.execution.simulated | Deferred same-cycle order until cross-symbol reduce-first orders finish in current slice
2026-10-10 01:42:55 | WARNING | akquant.execution.simulated | Deferred same-cycle order until cross-symbol reduce-first orders finish in current slice
2026-10-10 01:42:55 | WARNING | akquant.execution.simulated | Deferred same-cycle order until cross-symbol reduce-first orders finish in current slice
2026-10-10 01:42:55 | WARNING | akquant.execution.simulated | Deferred same-cycle order until cross-symbol reduce-first orders finish in current slice
2026-10-10 01:42:55 | WARNING | akquant.execution.simulated | Rejected order due to insufficient margin during execution. Required: 15875038.254074999999999999998, Available: 12791439.848971246109768628278
2026-10-10 01:42:56 | INFO | akquant.strategy | [2016-02-16 00:00:00] rebalance 2016-02-16: 5 stocks
2026-10-10 01:42:56 | WARNING | akquant.execution.simulated | Deferred same-cycle order until cross-symbol reduce-first orders finish in current slice
2026-10-10 01:42:56 | WARNING | akquant.execution.simulated | Deferred same-cycle order until cross-symbol reduce-first orders finish in current slice
2026-10-10 01:42:56 | WARNING | akquant.execution.simulated | Deferred same-cycle order until cross-symbol reduce-first orders finish in current slice
2026-10-10 01:42:56 | WARNING | akquant.execution.simulated | Deferred same-cycle order until cross-symbol reduce-first orders finish in current slice
2026-10-10 01:42:56 | WARNING | akquant.execution.simulated | Deferred same-cycle order until cross-symbol reduce-first orders finish in current slice
2026-10-10 01:42:56 | WARNING | akquant.execution.simulated | Rejected order due to insufficient margin during execution. Required: 16202471.084800000000000000000, Available: 13858238.465841246109768628270
2026-10-10 01:42:56 | INFO | akquant.strategy | [2016-03-15 00:00:00] rebalance 2016-03-15: 5 stocks
2026-10-10 01:42:56 | WARNING | akquant.execution.simulated | Deferred same-cycle order until cross-symbol reduce-first orders finish in current slice
2026-10-10 01:42:56 | WARNING | akquant.execution.simulated | Deferred same-cycle order until cross-symbol reduce-first orders finish in current slice
2026-10-10 01:42:56 | WARNING | akquant.execution.simulated | Deferred same-cycle order until cross-symbol reduce-first orders finish in current slice
2026-10-10 01:42:56 | WARNING | akquant.execution.simulated | Deferred same-cycle order until cross-symbol reduce-first orders finish in current slice
2026-10-10 01:42:56 | WARNING | akquant.execution.simulated | Deferred same-cycle order until cross-symbol reduce-first orders finish in current slice
2026-10-10 01:42:56 | WARNING | akquant.execution.simulated | Rejected order due to insufficient margin during execution. Required: 14934440.308287500000000000004, Available: 12165605.692408744966874848664
2026-10-10 01:42:56 | WARNING | akquant.execution.simulated | Rejected order due to insufficient margin during execution. Required: 14900661.410635000000000000004, Available: 12165605.692408744966874848664
2026-10-10 01:42:57 | INFO | akquant.strategy | [2016-04-13 00:00:00] rebalance 2016-04-13: 10 stocks
2026-10-10 01:42:57 | WARNING | akquant.execution.simulated | Deferred same-cycle order until cross-symbol reduce-first orders finish in current slice
2026-10-10 01:42:57 | WARNING | akquant.execution.simulated | Deferred same-cycle order until cross-symbol reduce-first orders finish in current slice
2026-10-10 01:42:57 | WARNING | akquant.execution.simulated | Deferred same-cycle order until cross-symbol reduce-first orders finish in current slice
2026-10-10 01:42:57 | WARNING | akquant.execution.simulated | Deferred same-cycle order until cross-symbol reduce-first orders finish in current slice
2026-10-10 01:42:57 | WARNING | akquant.execution.simulated | Deferred same-cycle order until cross-symbol reduce-first orders finish in current slice
2026-10-10 01:42:57 | WARNING | akquant.execution.simulated | Deferred same-cycle order until cross-symbol reduce-first orders finish in current slice
2026-10-10 01:42:57 | WARNING | akquant.execution.simulated | Deferred same-cycle order until cross-symbol reduce-first orders finish in current slice
2026-10-10 01:42:57 | WARNING | akquant.execution.simulated | Deferred same-cycle order until cross-symbol reduce-first orders finish in current slice
2026-10-10 01:42:57 | WARNING | akquant.execution.simulated | Deferred same-cycle order until cross-symbol reduce-first orders finish in current slice
2026-10-10 01:42:57 | WARNING | akquant.execution.simulated | Deferred same-cycle order until cross-symbol reduce-first orders finish in current slice
2026-10-10 01:42:57 | WARNING | akquant.execution.simulated | Rejected order due to insufficient margin during execution. Required: 8172280.50889250000000000001, Available: 4879070.15101874496687484867
2026-10-10 01:42:57 | INFO | akquant.strategy | [2016-05-12 00:00:00] rebalance 2016-05-12: 10 stocks
2026-10-10 01:42:57 | WARNING | akquant.execution.simulated | Deferred same-cycle order until cross-symbol reduce-first orders finish in current slice
2026-10-10 01:42:57 | WARNING | akquant.execution.simulated | Deferred same-cycle order until cross-symbol reduce-first orders finish in current slice
2026-10-10 01:42:57 | WARNING | akquant.execution.simulated | Deferred same-cycle order until cross-symbol reduce-first orders finish in current slice
2026-10-10 01:42:57 | WARNING | akquant.execution.simulated | Deferred same-cycle order until cross-symbol reduce-first orders finish in current slice
2026-10-10 01:42:57 | WARNING | akquant.execution.simulated | Deferred same-cycle order until cross-symbol reduce-first orders finish in current slice
2026-10-10 01:42:57 | WARNING | akquant.execution.simulated | Deferred same-cycle order until cross-symbol reduce-first orders finish in current slice
2026-10-10 01:42:57 | WARNING | akquant.execution.simulated | Deferred same-cycle order until cross-symbol reduce-first orders finish in current slice
2026-10-10 01:42:57 | WARNING | akquant.execution.simulated | Deferred same-cycle order until cross-symbol reduce-first orders finish in current slice
2026-10-10 01:42:57 | WARNING | akquant.execution.simulated | Deferred same-cycle order until cross-symbol reduce-first orders finish in current slice
2026-10-10 01:42:57 | WARNING | akquant.execution.simulated | Deferred same-cycle order until cross-symbol reduce-first orders finish in current slice
2026-10-10 01:42:57 | WARNING | akquant.execution.simulated | Rejected order due to insufficient margin during execution. Required: 7633894.393125000000000000005, Available: 5809343.231698743574824995505
2026-10-10 01:42:57 | WARNING | akquant.execution.simulated | Rejected order due to insufficient margin during execution. Required: 7921597.556372500000000000005, Available: 5809343.231698743574824995505
2026-10-10 01:42:57 | INFO | akquant.strategy | [2016-06-13 00:00:00] rebalance 2016-06-13: 10 stocks
2026-10-10 01:42:57 | WARNING | akquant.execution.simulated | Deferred same-cycle order until cross-symbol reduce-first orders finish in current slice
2026-10-10 01:42:57 | WARNING | akquant.execution.simulated | Deferred same-cycle order until cross-symbol reduce-first orders finish in current slice
2026-10-10 01:42:57 | WARNING | akquant.execution.simulated | Deferred same-cycle order until cross-symbol reduce-first orders finish in current slice
2026-10-10 01:42:57 | WARNING | akquant.execution.simulated | Deferred same-cycle order until cross-symbol reduce-first orders finish in current slice
2026-10-10 01:42:57 | WARNING | akquant.execution.simulated | Deferred same-cycle order until cross-symbol reduce-first orders finish in current slice
2026-10-10 01:42:57 | WARNING | akquant.execution.simulated | Deferred same-cycle order until cross-symbol reduce-first orders finish in current slice
2026-10-10 01:42:57 | WARNING | akquant.execution.simulated | Deferred same-cycle order until cross-symbol reduce-first orders finish in current slice
2026-10-10 01:42:57 | WARNING | akquant.execution.simulated | Deferred same-cycle order until cross-symbol reduce-first orders finish in current slice
2026-10-10 01:42:57 | WARNING | akquant.execution.simulated | Deferred same-cycle order until cross-symbol reduce-first orders finish in current slice
2026-10-10 01:42:57 | WARNING | akquant.execution.simulated | Deferred same-cycle order until cross-symbol reduce-first orders finish in current slice
2026-10-10 01:42:57 | WARNING | akquant.execution.simulated | Rejected order due to insufficient margin during execution. Required: 7381463.339249999999999999997, Available: 5286444.726843743214024938997
2026-10-10 01:42:58 | INFO | akquant.strategy | [2016-07-11 00:00:00] rebalance 2016-07-11: 10 stocks
2026-10-10 01:42:58 | WARNING | akquant.execution.simulated | Deferred same-cycle order until cross-symbol reduce-first orders finish in current slice
2026-10-10 01:42:58 | WARNING | akquant.execution.simulated | Deferred same-cycle order until cross-symbol reduce-first orders finish in current slice
2026-10-10 01:42:58 | WARNING | akquant.execution.simulated | Deferred same-cycle order until cross-symbol reduce-first orders finish in current slice
2026-10-10 01:42:58 | WARNING | akquant.execution.simulated | Deferred same-cycle order until cross-symbol reduce-first orders finish in current slice
2026-10-10 01:42:58 | WARNING | akquant.execution.simulated | Deferred same-cycle order until cross-symbol reduce-first orders finish in current slice
2026-10-10 01:42:58 | INFO | akquant.strategy | [2016-08-08 00:00:00] rebalance 2016-08-08: 10 stocks
2026-10-10 01:42:58 | WARNING | akquant.execution.simulated | Deferred same-cycle order until cross-symbol reduce-first orders finish in current slice
2026-10-10 01:42:58 | WARNING | akquant.execution.simulated | Deferred same-cycle order until cross-symbol reduce-first orders finish in current slice
2026-10-10 01:42:58 | WARNING | akquant.execution.simulated | Deferred same-cycle order until cross-symbol reduce-first orders finish in current slice
2026-10-10 01:42:58 | WARNING | akquant.execution.simulated | Deferred same-cycle order until cross-symbol reduce-first orders finish in current slice
2026-10-10 01:42:58 | WARNING | akquant.execution.simulated | Deferred same-cycle order until cross-symbol reduce-first orders finish in current slice
2026-10-10 01:42:58 | WARNING | akquant.execution.simulated | Deferred same-cycle order until cross-symbol reduce-first orders finish in current slice
2026-10-10 01:42:58 | WARNING | akquant.execution.simulated | Deferred same-cycle order until cross-symbol reduce-first orders finish in current slice
2026-10-10 01:42:58 | WARNING | akquant.execution.simulated | Deferred same-cycle order until cross-symbol reduce-first orders finish in current slice
2026-10-10 01:42:58 | WARNING | akquant.execution.simulated | Deferred same-cycle order until cross-symbol reduce-first orders finish in current slice
2026-10-10 01:42:59 | INFO | akquant.strategy | [2016-09-05 00:00:00] rebalance 2016-09-05: 10 stocks
2026-10-10 01:42:59 | WARNING | akquant.execution.simulated | Deferred same-cycle order until cross-symbol reduce-first orders finish in current slice
2026-10-10 01:42:59 | WARNING | akquant.execution.simulated | Deferred same-cycle order until cross-symbol reduce-first orders finish in current slice
2026-10-10 01:42:59 | WARNING | akquant.execution.simulated | Deferred same-cycle order until cross-symbol reduce-first orders finish in current slice
2026-10-10 01:42:59 | WARNING | akquant.execution.simulated | Deferred same-cycle order until cross-symbol reduce-first orders finish in current slice
2026-10-10 01:42:59 | WARNING | akquant.execution.simulated | Deferred same-cycle order until cross-symbol reduce-first orders finish in current slice
2026-10-10 01:42:59 | WARNING | akquant.execution.simulated | Deferred same-cycle order until cross-symbol reduce-first orders finish in current slice
2026-10-10 01:42:59 | WARNING | akquant.execution.simulated | Deferred same-cycle order until cross-symbol reduce-first orders finish in current slice
2026-10-10 01:42:59 | WARNING | akquant.execution.simulated | Deferred same-cycle order until cross-symbol reduce-first orders finish in current slice
2026-10-10 01:42:59 | WARNING | akquant.execution.simulated | Deferred same-cycle order until cross-symbol reduce-first orders finish in current slice
2026-10-10 01:42:59 | WARNING | akquant.execution.simulated | Deferred same-cycle order until cross-symbol reduce-first orders finish in current slice
2026-10-10 01:42:59 | WARNING | akquant.execution.simulated | Rejected order due to insufficient margin during execution. Required: 7241750.703687499999999999996, Available: 6526409.282697244655786072358
2026-10-10 01:42:59 | INFO | akquant.strategy | [2016-10-12 00:00:00] rebalance 2016-10-12: 10 stocks
2026-10-10 01:42:59 | WARNING | akquant.execution.simulated | Deferred same-cycle order until cross-symbol reduce-first orders finish in current slice
2026-10-10 01:42:59 | WARNING | akquant.execution.simulated | Deferred same-cycle order until cross-symbol reduce-first orders finish in current slice
2026-10-10 01:42:59 | WARNING | akquant.execution.simulated | Deferred same-cycle order until cross-symbol reduce-first orders finish in current slice
2026-10-10 01:42:59 | WARNING | akquant.execution.simulated | Deferred same-cycle order until cross-symbol reduce-first orders finish in current slice
2026-10-10 01:42:59 | WARNING | akquant.execution.simulated | Deferred same-cycle order until cross-symbol reduce-first orders finish in current slice
2026-10-10 01:42:59 | WARNING | akquant.execution.simulated | Deferred same-cycle order until cross-symbol reduce-first orders finish in current slice
2026-10-10 01:42:59 | WARNING | akquant.execution.simulated | Deferred same-cycle order until cross-symbol reduce-first orders finish in current slice
2026-10-10 01:42:59 | WARNING | akquant.execution.simulated | Deferred same-cycle order until cross-symbol reduce-first orders finish in current slice
2026-10-10 01:42:59 | WARNING | akquant.execution.simulated | Deferred same-cycle order until cross-symbol reduce-first orders finish in current slice
2026-10-10 01:42:59 | WARNING | akquant.execution.simulated | Deferred same-cycle order until cross-symbol reduce-first orders finish in current slice
2026-10-10 01:42:59 | WARNING | akquant.execution.simulated | Rejected order due to insufficient margin during execution. Required: 7060883.427097500000000000000, Available: 6242628.970409744655786072358
2026-10-10 01:43:00 | INFO | akquant.strategy | [2016-11-09 00:00:00] rebalance 2016-11-09: 10 stocks
2026-10-10 01:43:00 | WARNING | akquant.execution.simulated | Deferred same-cycle order until cross-symbol reduce-first orders finish in current slice
2026-10-10 01:43:00 | WARNING | akquant.execution.simulated | Deferred same-cycle order until cross-symbol reduce-first orders finish in current slice
2026-10-10 01:43:00 | WARNING | akquant.execution.simulated | Deferred same-cycle order until cross-symbol reduce-first orders finish in current slice
2026-10-10 01:43:00 | WARNING | akquant.execution.simulated | Deferred same-cycle order until cross-symbol reduce-first orders finish in current slice
2026-10-10 01:43:00 | WARNING | akquant.execution.simulated | Deferred same-cycle order until cross-symbol reduce-first orders finish in current slice
2026-10-10 01:43:00 | WARNING | akquant.execution.simulated | Deferred same-cycle order until cross-symbol reduce-first orders finish in current slice
2026-10-10 01:43:00 | WARNING | akquant.execution.simulated | Deferred same-cycle order until cross-symbol reduce-first orders finish in current slice
2026-10-10 01:43:00 | WARNING | akquant.execution.simulated | Deferred same-cycle order until cross-symbol reduce-first orders finish in current slice
2026-10-10 01:43:00 | WARNING | akquant.execution.simulated | Deferred same-cycle order until cross-symbol reduce-first orders finish in current slice
2026-10-10 01:43:00 | INFO | akquant.strategy | [2016-12-07 00:00:00] rebalance 2016-12-07: 10 stocks
2026-10-10 01:43:00 | WARNING | akquant.execution.simulated | Deferred same-cycle order until cross-symbol reduce-first orders finish in current slice
2026-10-10 01:43:00 | WARNING | akquant.execution.simulated | Deferred same-cycle order until cross-symbol reduce-first orders finish in current slice
2026-10-10 01:43:00 | WARNING | akquant.execution.simulated | Deferred same-cycle order until cross-symbol reduce-first orders finish in current slice
2026-10-10 01:43:00 | WARNING | akquant.execution.simulated | Deferred same-cycle order until cross-symbol reduce-first orders finish in current slice
2026-10-10 01:43:00 | WARNING | akquant.execution.simulated | Deferred same-cycle order until cross-symbol reduce-first orders finish in current slice
2026-10-10 01:43:00 | WARNING | akquant.execution.simulated | Deferred same-cycle order until cross-symbol reduce-first orders finish in current slice
2026-10-10 01:43:00 | WARNING | akquant.execution.simulated | Deferred same-cycle order until cross-symbol reduce-first orders finish in current slice
2026-10-10 01:43:00 | WARNING | akquant.execution.simulated | Deferred same-cycle order until cross-symbol reduce-first orders finish in current slice
2026-10-10 01:43:00 | WARNING | akquant.execution.simulated | Deferred same-cycle order until cross-symbol reduce-first orders finish in current slice
2026-10-10 01:43:00 | WARNING | akquant.execution.simulated | Deferred same-cycle order until cross-symbol reduce-first orders finish in current slice
2026-10-10 01:43:01 | INFO | akquant.strategy | [2017-01-05 00:00:00] rebalance 2017-01-05: 10 stocks
2026-10-10 01:43:01 | WARNING | akquant.execution.simulated | Deferred same-cycle order until cross-symbol reduce-first orders finish in current slice
2026-10-10 01:43:01 | WARNING | akquant.execution.simulated | Deferred same-cycle order until cross-symbol reduce-first orders finish in current slice
2026-10-10 01:43:01 | WARNING | akquant.execution.simulated | Deferred same-cycle order until cross-symbol reduce-first orders finish in current slice
2026-10-10 01:43:01 | WARNING | akquant.execution.simulated | Deferred same-cycle order until cross-symbol reduce-first orders finish in current slice
2026-10-10 01:43:01 | WARNING | akquant.execution.simulated | Deferred same-cycle order until cross-symbol reduce-first orders finish in current slice
2026-10-10 01:43:01 | WARNING | akquant.execution.simulated | Deferred same-cycle order until cross-symbol reduce-first orders finish in current slice
2026-10-10 01:43:01 | WARNING | akquant.execution.simulated | Deferred same-cycle order until cross-symbol reduce-first orders finish in current slice
2026-10-10 01:43:01 | WARNING | akquant.execution.simulated | Deferred same-cycle order until cross-symbol reduce-first orders finish in current slice
2026-10-10 01:43:01 | WARNING | akquant.execution.simulated | Deferred same-cycle order until cross-symbol reduce-first orders finish in current slice
2026-10-10 01:43:01 | INFO | akquant.strategy | [2017-02-09 00:00:00] rebalance 2017-02-09: 10 stocks
2026-10-10 01:43:01 | WARNING | akquant.execution.simulated | Deferred same-cycle order until cross-symbol reduce-first orders finish in current slice
2026-10-10 01:43:01 | WARNING | akquant.execution.simulated | Deferred same-cycle order until cross-symbol reduce-first orders finish in current slice
2026-10-10 01:43:01 | WARNING | akquant.execution.simulated | Deferred same-cycle order until cross-symbol reduce-first orders finish in current slice
2026-10-10 01:43:01 | WARNING | akquant.execution.simulated | Deferred same-cycle order until cross-symbol reduce-first orders finish in current slice
2026-10-10 01:43:01 | WARNING | akquant.execution.simulated | Deferred same-cycle order until cross-symbol reduce-first orders finish in current slice
2026-10-10 01:43:01 | WARNING | akquant.execution.simulated | Deferred same-cycle order until cross-symbol reduce-first orders finish in current slice
2026-10-10 01:43:01 | INFO | akquant.strategy | [2017-03-09 00:00:00] rebalance 2017-03-09: 10 stocks
2026-10-10 01:43:01 | WARNING | akquant.execution.simulated | Deferred same-cycle order until cross-symbol reduce-first orders finish in current slice
2026-10-10 01:43:01 | WARNING | akquant.execution.simulated | Deferred same-cycle order until cross-symbol reduce-first orders finish in current slice
2026-10-10 01:43:01 | WARNING | akquant.execution.simulated | Deferred same-cycle order until cross-symbol reduce-first orders finish in current slice
2026-10-10 01:43:01 | WARNING | akquant.execution.simulated | Deferred same-cycle order until cross-symbol reduce-first orders finish in current slice
2026-10-10 01:43:01 | WARNING | akquant.execution.simulated | Deferred same-cycle order until cross-symbol reduce-first orders finish in current slice
2026-10-10 01:43:01 | WARNING | akquant.execution.simulated | Deferred same-cycle order until cross-symbol reduce-first orders finish in current slice
2026-10-10 01:43:02 | WARNING | akquant.execution.simulated | Deferred same-cycle order until cross-symbol reduce-first orders finish in current slice
2026-10-10 01:43:02 | WARNING | akquant.execution.simulated | Deferred same-cycle order until cross-symbol reduce-first orders finish in current slice
2026-10-10 01:43:02 | WARNING | akquant.execution.simulated | Deferred same-cycle order until cross-symbol reduce-first orders finish in current slice
2026-10-10 01:43:02 | WARNING | akquant.execution.simulated | Deferred same-cycle order until cross-symbol reduce-first orders finish in current slice
2026-10-10 01:43:02 | INFO | akquant.strategy | [2017-04-10 00:00:00] rebalance 2017-04-10: 10 stocks
2026-10-10 01:43:02 | WARNING | akquant.execution.simulated | Deferred same-cycle order until cross-symbol reduce-first orders finish in current slice
2026-10-10 01:43:02 | WARNING | akquant.execution.simulated | Deferred same-cycle order until cross-symbol reduce-first orders finish in current slice
2026-10-10 01:43:02 | WARNING | akquant.execution.simulated | Deferred same-cycle order until cross-symbol reduce-first orders finish in current slice
2026-10-10 01:43:02 | WARNING | akquant.execution.simulated | Deferred same-cycle order until cross-symbol reduce-first orders finish in current slice
2026-10-10 01:43:02 | WARNING | akquant.execution.simulated | Deferred same-cycle order until cross-symbol reduce-first orders finish in current slice
2026-10-10 01:43:02 | WARNING | akquant.execution.simulated | Deferred same-cycle order until cross-symbol reduce-first orders finish in current slice
2026-10-10 01:43:02 | WARNING | akquant.execution.simulated | Deferred same-cycle order until cross-symbol reduce-first orders finish in current slice
2026-10-10 01:43:02 | WARNING | akquant.execution.simulated | Deferred same-cycle order until cross-symbol reduce-first orders finish in current slice
2026-10-10 01:43:02 | WARNING | akquant.execution.simulated | Deferred same-cycle order until cross-symbol reduce-first orders finish in current slice
2026-10-10 01:43:02 | INFO | akquant.strategy | [2017-05-09 00:00:00] rebalance 2017-05-09: 10 stocks
2026-10-10 01:43:02 | WARNING | akquant.execution.simulated | Deferred same-cycle order until cross-symbol reduce-first orders finish in current slice
2026-10-10 01:43:02 | WARNING | akquant.execution.simulated | Deferred same-cycle order until cross-symbol reduce-first orders finish in current slice
2026-10-10 01:43:02 | WARNING | akquant.execution.simulated | Deferred same-cycle order until cross-symbol reduce-first orders finish in current slice
2026-10-10 01:43:02 | WARNING | akquant.execution.simulated | Deferred same-cycle order until cross-symbol reduce-first orders finish in current slice
2026-10-10 01:43:02 | WARNING | akquant.execution.simulated | Deferred same-cycle order until cross-symbol reduce-first orders finish in current slice
2026-10-10 01:43:02 | WARNING | akquant.execution.simulated | Deferred same-cycle order until cross-symbol reduce-first orders finish in current slice
2026-10-10 01:43:02 | WARNING | akquant.execution.simulated | Deferred same-cycle order until cross-symbol reduce-first orders finish in current slice
2026-10-10 01:43:02 | WARNING | akquant.execution.simulated | Deferred same-cycle order until cross-symbol reduce-first orders finish in current slice
2026-10-10 01:43:03 | INFO | akquant.strategy | [2017-06-08 00:00:00] rebalance 2017-06-08: 10 stocks
2026-10-10 01:43:03 | WARNING | akquant.execution.simulated | Deferred same-cycle order until cross-symbol reduce-first orders finish in current slice
2026-10-10 01:43:03 | WARNING | akquant.execution.simulated | Deferred same-cycle order until cross-symbol reduce-first orders finish in current slice
2026-10-10 01:43:03 | WARNING | akquant.execution.simulated | Deferred same-cycle order until cross-symbol reduce-first orders finish in current slice
2026-10-10 01:43:03 | WARNING | akquant.execution.simulated | Deferred same-cycle order until cross-symbol reduce-first orders finish in current slice
2026-10-10 01:43:03 | WARNING | akquant.execution.simulated | Deferred same-cycle order until cross-symbol reduce-first orders finish in current slice
2026-10-10 01:43:03 | WARNING | akquant.execution.simulated | Deferred same-cycle order until cross-symbol reduce-first orders finish in current slice
2026-10-10 01:43:03 | WARNING | akquant.execution.simulated | Rejected order: Risk: Insufficient available position for 600276.SH at execution. Available: 156679.99999999999396482763807, Required: 156680
2026-10-10 01:43:03 | INFO | akquant.strategy | [2017-07-06 00:00:00] rebalance 2017-07-06: 10 stocks
2026-10-10 01:43:03 | WARNING | akquant.execution.simulated | Deferred same-cycle order until cross-symbol reduce-first orders finish in current slice
2026-10-10 01:43:03 | WARNING | akquant.execution.simulated | Deferred same-cycle order until cross-symbol reduce-first orders finish in current slice
2026-10-10 01:43:03 | WARNING | akquant.execution.simulated | Deferred same-cycle order until cross-symbol reduce-first orders finish in current slice
2026-10-10 01:43:03 | WARNING | akquant.execution.simulated | Deferred same-cycle order until cross-symbol reduce-first orders finish in current slice
2026-10-10 01:43:03 | WARNING | akquant.execution.simulated | Deferred same-cycle order until cross-symbol reduce-first orders finish in current slice
2026-10-10 01:43:03 | WARNING | akquant.execution.simulated | Deferred same-cycle order until cross-symbol reduce-first orders finish in current slice
2026-10-10 01:43:03 | WARNING | akquant.execution.simulated | Deferred same-cycle order until cross-symbol reduce-first orders finish in current slice
2026-10-10 01:43:03 | WARNING | akquant.execution.simulated | Deferred same-cycle order until cross-symbol reduce-first orders finish in current slice
2026-10-10 01:43:04 | INFO | akquant.strategy | [2017-08-03 00:00:00] rebalance 2017-08-03: 10 stocks
2026-10-10 01:43:04 | WARNING | akquant.execution.simulated | Deferred same-cycle order until cross-symbol reduce-first orders finish in current slice
2026-10-10 01:43:04 | WARNING | akquant.execution.simulated | Deferred same-cycle order until cross-symbol reduce-first orders finish in current slice
2026-10-10 01:43:04 | WARNING | akquant.execution.simulated | Deferred same-cycle order until cross-symbol reduce-first orders finish in current slice
2026-10-10 01:43:04 | WARNING | akquant.execution.simulated | Deferred same-cycle order until cross-symbol reduce-first orders finish in current slice
2026-10-10 01:43:04 | INFO | akquant.strategy | [2017-08-31 00:00:00] rebalance 2017-08-31: 10 stocks
2026-10-10 01:43:04 | WARNING | akquant.execution.simulated | Deferred same-cycle order until cross-symbol reduce-first orders finish in current slice
2026-10-10 01:43:04 | WARNING | akquant.execution.simulated | Deferred same-cycle order until cross-symbol reduce-first orders finish in current slice
2026-10-10 01:43:04 | WARNING | akquant.execution.simulated | Deferred same-cycle order until cross-symbol reduce-first orders finish in current slice
2026-10-10 01:43:04 | WARNING | akquant.execution.simulated | Deferred same-cycle order until cross-symbol reduce-first orders finish in current slice
2026-10-10 01:43:04 | WARNING | akquant.execution.simulated | Deferred same-cycle order until cross-symbol reduce-first orders finish in current slice
2026-10-10 01:43:04 | WARNING | akquant.execution.simulated | Deferred same-cycle order until cross-symbol reduce-first orders finish in current slice
2026-10-10 01:43:04 | WARNING | akquant.execution.simulated | Deferred same-cycle order until cross-symbol reduce-first orders finish in current slice
2026-10-10 01:43:05 | INFO | akquant.strategy | [2017-09-28 00:00:00] rebalance 2017-09-28: 10 stocks
2026-10-10 01:43:05 | WARNING | akquant.execution.simulated | Deferred same-cycle order until cross-symbol reduce-first orders finish in current slice
2026-10-10 01:43:05 | WARNING | akquant.execution.simulated | Deferred same-cycle order until cross-symbol reduce-first orders finish in current slice
2026-10-10 01:43:05 | WARNING | akquant.execution.simulated | Deferred same-cycle order until cross-symbol reduce-first orders finish in current slice
2026-10-10 01:43:05 | WARNING | akquant.execution.simulated | Deferred same-cycle order until cross-symbol reduce-first orders finish in current slice
2026-10-10 01:43:05 | WARNING | akquant.execution.simulated | Deferred same-cycle order until cross-symbol reduce-first orders finish in current slice
2026-10-10 01:43:05 | WARNING | akquant.execution.simulated | Deferred same-cycle order until cross-symbol reduce-first orders finish in current slice
2026-10-10 01:43:05 | WARNING | akquant.execution.simulated | Deferred same-cycle order until cross-symbol reduce-first orders finish in current slice
2026-10-10 01:43:05 | INFO | akquant.strategy | [2017-11-02 00:00:00] rebalance 2017-11-02: 10 stocks
2026-10-10 01:43:05 | WARNING | akquant.execution.simulated | Deferred same-cycle order until cross-symbol reduce-first orders finish in current slice
2026-10-10 01:43:05 | WARNING | akquant.execution.simulated | Deferred same-cycle order until cross-symbol reduce-first orders finish in current slice
2026-10-10 01:43:05 | WARNING | akquant.execution.simulated | Deferred same-cycle order until cross-symbol reduce-first orders finish in current slice
2026-10-10 01:43:05 | WARNING | akquant.execution.simulated | Deferred same-cycle order until cross-symbol reduce-first orders finish in current slice
2026-10-10 01:43:05 | WARNING | akquant.execution.simulated | Deferred same-cycle order until cross-symbol reduce-first orders finish in current slice
2026-10-10 01:43:06 | INFO | akquant.strategy | [2017-11-30 00:00:00] rebalance 2017-11-30: 10 stocks
2026-10-10 01:43:06 | WARNING | akquant.execution.simulated | Deferred same-cycle order until cross-symbol reduce-first orders finish in current slice
2026-10-10 01:43:06 | WARNING | akquant.execution.simulated | Deferred same-cycle order until cross-symbol reduce-first orders finish in current slice
2026-10-10 01:43:06 | WARNING | akquant.execution.simulated | Deferred same-cycle order until cross-symbol reduce-first orders finish in current slice
2026-10-10 01:43:06 | INFO | akquant.strategy | [2017-12-28 00:00:00] rebalance 2017-12-28: 10 stocks
2026-10-10 01:43:07 | INFO | akquant.strategy | [2018-01-26 00:00:00] rebalance 2018-01-26: 10 stocks
2026-10-10 01:43:07 | WARNING | akquant.execution.simulated | Deferred same-cycle order until cross-symbol reduce-first orders finish in current slice
2026-10-10 01:43:07 | WARNING | akquant.execution.simulated | Deferred same-cycle order until cross-symbol reduce-first orders finish in current slice
2026-10-10 01:43:07 | WARNING | akquant.execution.simulated | Deferred same-cycle order until cross-symbol reduce-first orders finish in current slice
2026-10-10 01:43:07 | WARNING | akquant.execution.simulated | Deferred same-cycle order until cross-symbol reduce-first orders finish in current slice
2026-10-10 01:43:07 | WARNING | akquant.execution.simulated | Deferred same-cycle order until cross-symbol reduce-first orders finish in current slice
2026-10-10 01:43:07 | WARNING | akquant.execution.simulated | Deferred same-cycle order until cross-symbol reduce-first orders finish in current slice
2026-10-10 01:43:07 | WARNING | akquant.execution.simulated | Deferred same-cycle order until cross-symbol reduce-first orders finish in current slice
2026-10-10 01:43:07 | WARNING | akquant.execution.simulated | Deferred same-cycle order until cross-symbol reduce-first orders finish in current slice
2026-10-10 01:43:07 | WARNING | akquant.execution.simulated | Deferred same-cycle order until cross-symbol reduce-first orders finish in current slice
2026-10-10 01:43:07 | WARNING | akquant.execution.simulated | Deferred same-cycle order until cross-symbol reduce-first orders finish in current slice
2026-10-10 01:43:07 | INFO | akquant.strategy | [2018-03-02 00:00:00] rebalance 2018-03-02: 5 stocks
2026-10-10 01:43:07 | WARNING | akquant.execution.simulated | Deferred same-cycle order until cross-symbol reduce-first orders finish in current slice
2026-10-10 01:43:08 | INFO | akquant.strategy | [2018-03-30 00:00:00] rebalance 2018-03-30: 6 stocks
2026-10-10 01:43:08 | WARNING | akquant.execution.simulated | Deferred same-cycle order until cross-symbol reduce-first orders finish in current slice
2026-10-10 01:43:08 | WARNING | akquant.execution.simulated | Deferred same-cycle order until cross-symbol reduce-first orders finish in current slice
2026-10-10 01:43:08 | WARNING | akquant.execution.simulated | Deferred same-cycle order until cross-symbol reduce-first orders finish in current slice
2026-10-10 01:43:08 | INFO | akquant.strategy | [2018-05-03 00:00:00] rebalance 2018-05-03: 5 stocks
2026-10-10 01:43:08 | WARNING | akquant.execution.simulated | Deferred same-cycle order until cross-symbol reduce-first orders finish in current slice
2026-10-10 01:43:08 | WARNING | akquant.execution.simulated | Deferred same-cycle order until cross-symbol reduce-first orders finish in current slice
2026-10-10 01:43:08 | WARNING | akquant.execution.simulated | Deferred same-cycle order until cross-symbol reduce-first orders finish in current slice
2026-10-10 01:43:08 | WARNING | akquant.execution.simulated | Deferred same-cycle order until cross-symbol reduce-first orders finish in current slice
2026-10-10 01:43:08 | WARNING | akquant.execution.simulated | Deferred same-cycle order until cross-symbol reduce-first orders finish in current slice
2026-10-10 01:43:08 | WARNING | akquant.execution.simulated | Rejected order due to insufficient margin during execution. Required: 11758416.109440000000000000001, Available: 8032301.546088343954092183675
2026-10-10 01:43:08 | INFO | akquant.strategy | [2018-05-31 00:00:00] rebalance 2018-05-31: 5 stocks
2026-10-10 01:43:08 | WARNING | akquant.execution.simulated | Deferred same-cycle order until cross-symbol reduce-first orders finish in current slice
2026-10-10 01:43:08 | WARNING | akquant.execution.simulated | Deferred same-cycle order until cross-symbol reduce-first orders finish in current slice
2026-10-10 01:43:08 | WARNING | akquant.execution.simulated | Deferred same-cycle order until cross-symbol reduce-first orders finish in current slice
2026-10-10 01:43:09 | WARNING | akquant.execution.simulated | Deferred same-cycle order until cross-symbol reduce-first orders finish in current slice
2026-10-10 01:43:09 | WARNING | akquant.execution.simulated | Rejected order: Risk: Insufficient available position for 002304.SZ at execution. Available: 92111.99999999999853805832116, Required: 92112
2026-10-10 01:43:09 | INFO | akquant.strategy | [2018-06-29 00:00:00] rebalance 2018-06-29: 5 stocks
2026-10-10 01:43:09 | WARNING | akquant.execution.simulated | Deferred same-cycle order until cross-symbol reduce-first orders finish in current slice
2026-10-10 01:43:09 | INFO | akquant.strategy | [2018-07-27 00:00:00] rebalance 2018-07-27: 5 stocks
2026-10-10 01:43:09 | WARNING | akquant.execution.simulated | Deferred same-cycle order until cross-symbol reduce-first orders finish in current slice
2026-10-10 01:43:09 | WARNING | akquant.execution.simulated | Deferred same-cycle order until cross-symbol reduce-first orders finish in current slice
2026-10-10 01:43:09 | WARNING | akquant.execution.simulated | Deferred same-cycle order until cross-symbol reduce-first orders finish in current slice
2026-10-10 01:43:09 | WARNING | akquant.execution.simulated | Deferred same-cycle order until cross-symbol reduce-first orders finish in current slice
2026-10-10 01:43:09 | WARNING | akquant.execution.simulated | Deferred same-cycle order until cross-symbol reduce-first orders finish in current slice
2026-10-10 01:43:10 | INFO | akquant.strategy | [2018-08-24 00:00:00] rebalance 2018-08-24: 5 stocks
2026-10-10 01:43:10 | WARNING | akquant.execution.simulated | Deferred same-cycle order until cross-symbol reduce-first orders finish in current slice
2026-10-10 01:43:10 | WARNING | akquant.execution.simulated | Deferred same-cycle order until cross-symbol reduce-first orders finish in current slice
2026-10-10 01:43:10 | WARNING | akquant.execution.simulated | Deferred same-cycle order until cross-symbol reduce-first orders finish in current slice
2026-10-10 01:43:10 | WARNING | akquant.execution.simulated | Deferred same-cycle order until cross-symbol reduce-first orders finish in current slice
2026-10-10 01:43:10 | INFO | akquant.strategy | [2018-09-21 00:00:00] rebalance 2018-09-21: 6 stocks
2026-10-10 01:43:10 | WARNING | akquant.execution.simulated | Deferred same-cycle order until cross-symbol reduce-first orders finish in current slice
2026-10-10 01:43:10 | WARNING | akquant.execution.simulated | Deferred same-cycle order until cross-symbol reduce-first orders finish in current slice
2026-10-10 01:43:10 | WARNING | akquant.execution.simulated | Deferred same-cycle order until cross-symbol reduce-first orders finish in current slice
2026-10-10 01:43:11 | INFO | akquant.strategy | [2018-10-29 00:00:00] rebalance 2018-10-29: 5 stocks
2026-10-10 01:43:11 | WARNING | akquant.execution.simulated | Deferred same-cycle order until cross-symbol reduce-first orders finish in current slice
2026-10-10 01:43:11 | WARNING | akquant.execution.simulated | Deferred same-cycle order until cross-symbol reduce-first orders finish in current slice
2026-10-10 01:43:11 | WARNING | akquant.execution.simulated | Deferred same-cycle order until cross-symbol reduce-first orders finish in current slice
2026-10-10 01:43:11 | WARNING | akquant.execution.simulated | Deferred same-cycle order until cross-symbol reduce-first orders finish in current slice
2026-10-10 01:43:11 | INFO | akquant.strategy | [2018-11-26 00:00:00] rebalance 2018-11-26: 5 stocks
2026-10-10 01:43:11 | WARNING | akquant.execution.simulated | Deferred same-cycle order until cross-symbol reduce-first orders finish in current slice
2026-10-10 01:43:11 | WARNING | akquant.execution.simulated | Deferred same-cycle order until cross-symbol reduce-first orders finish in current slice
2026-10-10 01:43:11 | WARNING | akquant.execution.simulated | Deferred same-cycle order until cross-symbol reduce-first orders finish in current slice
2026-10-10 01:43:11 | WARNING | akquant.execution.simulated | Deferred same-cycle order until cross-symbol reduce-first orders finish in current slice
2026-10-10 01:43:11 | WARNING | akquant.execution.simulated | Deferred same-cycle order until cross-symbol reduce-first orders finish in current slice
2026-10-10 01:43:12 | INFO | akquant.strategy | [2018-12-24 00:00:00] rebalance 2018-12-24: 5 stocks
2026-10-10 01:43:12 | WARNING | akquant.execution.simulated | Deferred same-cycle order until cross-symbol reduce-first orders finish in current slice
2026-10-10 01:43:12 | WARNING | akquant.execution.simulated | Deferred same-cycle order until cross-symbol reduce-first orders finish in current slice
2026-10-10 01:43:12 | WARNING | akquant.execution.simulated | Deferred same-cycle order until cross-symbol reduce-first orders finish in current slice
2026-10-10 01:43:12 | WARNING | akquant.execution.simulated | Deferred same-cycle order until cross-symbol reduce-first orders finish in current slice
2026-10-10 01:43:12 | WARNING | akquant.execution.simulated | Deferred same-cycle order until cross-symbol reduce-first orders finish in current slice
2026-10-10 01:43:12 | INFO | akquant.strategy | [2019-01-23 00:00:00] rebalance 2019-01-23: 6 stocks
2026-10-10 01:43:12 | WARNING | akquant.execution.simulated | Deferred same-cycle order until cross-symbol reduce-first orders finish in current slice
2026-10-10 01:43:12 | WARNING | akquant.execution.simulated | Deferred same-cycle order until cross-symbol reduce-first orders finish in current slice
2026-10-10 01:43:12 | WARNING | akquant.execution.simulated | Deferred same-cycle order until cross-symbol reduce-first orders finish in current slice
2026-10-10 01:43:12 | WARNING | akquant.execution.simulated | Deferred same-cycle order until cross-symbol reduce-first orders finish in current slice
2026-10-10 01:43:13 | INFO | akquant.strategy | [2019-02-27 00:00:00] rebalance 2019-02-27: 10 stocks
2026-10-10 01:43:13 | WARNING | akquant.execution.simulated | Deferred same-cycle order until cross-symbol reduce-first orders finish in current slice
2026-10-10 01:43:13 | WARNING | akquant.execution.simulated | Deferred same-cycle order until cross-symbol reduce-first orders finish in current slice
2026-10-10 01:43:13 | WARNING | akquant.execution.simulated | Deferred same-cycle order until cross-symbol reduce-first orders finish in current slice
2026-10-10 01:43:13 | WARNING | akquant.execution.simulated | Deferred same-cycle order until cross-symbol reduce-first orders finish in current slice
2026-10-10 01:43:13 | WARNING | akquant.execution.simulated | Deferred same-cycle order until cross-symbol reduce-first orders finish in current slice
2026-10-10 01:43:13 | WARNING | akquant.execution.simulated | Deferred same-cycle order until cross-symbol reduce-first orders finish in current slice
2026-10-10 01:43:13 | WARNING | akquant.execution.simulated | Deferred same-cycle order until cross-symbol reduce-first orders finish in current slice
2026-10-10 01:43:13 | WARNING | akquant.execution.simulated | Deferred same-cycle order until cross-symbol reduce-first orders finish in current slice
2026-10-10 01:43:13 | WARNING | akquant.execution.simulated | Deferred same-cycle order until cross-symbol reduce-first orders finish in current slice
2026-10-10 01:43:13 | WARNING | akquant.execution.simulated | Deferred same-cycle order until cross-symbol reduce-first orders finish in current slice
2026-10-10 01:43:13 | INFO | akquant.strategy | [2019-03-27 00:00:00] rebalance 2019-03-27: 10 stocks
2026-10-10 01:43:13 | WARNING | akquant.execution.simulated | Deferred same-cycle order until cross-symbol reduce-first orders finish in current slice
2026-10-10 01:43:13 | WARNING | akquant.execution.simulated | Deferred same-cycle order until cross-symbol reduce-first orders finish in current slice
2026-10-10 01:43:13 | WARNING | akquant.execution.simulated | Deferred same-cycle order until cross-symbol reduce-first orders finish in current slice
2026-10-10 01:43:13 | WARNING | akquant.execution.simulated | Deferred same-cycle order until cross-symbol reduce-first orders finish in current slice
2026-10-10 01:43:13 | WARNING | akquant.execution.simulated | Deferred same-cycle order until cross-symbol reduce-first orders finish in current slice
2026-10-10 01:43:14 | INFO | akquant.strategy | [2019-04-25 00:00:00] rebalance 2019-04-25: 10 stocks
2026-10-10 01:43:14 | WARNING | akquant.execution.simulated | Deferred same-cycle order until cross-symbol reduce-first orders finish in current slice
2026-10-10 01:43:14 | WARNING | akquant.execution.simulated | Deferred same-cycle order until cross-symbol reduce-first orders finish in current slice
2026-10-10 01:43:14 | WARNING | akquant.execution.simulated | Deferred same-cycle order until cross-symbol reduce-first orders finish in current slice
2026-10-10 01:43:14 | WARNING | akquant.execution.simulated | Deferred same-cycle order until cross-symbol reduce-first orders finish in current slice
2026-10-10 01:43:14 | WARNING | akquant.execution.simulated | Deferred same-cycle order until cross-symbol reduce-first orders finish in current slice
2026-10-10 01:43:14 | WARNING | akquant.execution.simulated | Deferred same-cycle order until cross-symbol reduce-first orders finish in current slice
2026-10-10 01:43:14 | WARNING | akquant.execution.simulated | Deferred same-cycle order until cross-symbol reduce-first orders finish in current slice
2026-10-10 01:43:14 | WARNING | akquant.execution.simulated | Deferred same-cycle order until cross-symbol reduce-first orders finish in current slice
2026-10-10 01:43:14 | WARNING | akquant.execution.simulated | Deferred same-cycle order until cross-symbol reduce-first orders finish in current slice
2026-10-10 01:43:14 | INFO | akquant.strategy | [2019-05-28 00:00:00] rebalance 2019-05-28: 5 stocks
2026-10-10 01:43:14 | WARNING | akquant.execution.simulated | Deferred same-cycle order until cross-symbol reduce-first orders finish in current slice
2026-10-10 01:43:14 | WARNING | akquant.execution.simulated | Deferred same-cycle order until cross-symbol reduce-first orders finish in current slice
2026-10-10 01:43:14 | WARNING | akquant.execution.simulated | Deferred same-cycle order until cross-symbol reduce-first orders finish in current slice
2026-10-10 01:43:14 | WARNING | akquant.execution.simulated | Deferred same-cycle order until cross-symbol reduce-first orders finish in current slice
2026-10-10 01:43:14 | WARNING | akquant.execution.simulated | Deferred same-cycle order until cross-symbol reduce-first orders finish in current slice
2026-10-10 01:43:15 | INFO | akquant.strategy | [2019-06-26 00:00:00] rebalance 2019-06-26: 6 stocks
2026-10-10 01:43:15 | WARNING | akquant.execution.simulated | Deferred same-cycle order until cross-symbol reduce-first orders finish in current slice
2026-10-10 01:43:15 | INFO | akquant.strategy | [2019-07-24 00:00:00] rebalance 2019-07-24: 10 stocks
2026-10-10 01:43:15 | WARNING | akquant.execution.simulated | Deferred same-cycle order until cross-symbol reduce-first orders finish in current slice
2026-10-10 01:43:15 | WARNING | akquant.execution.simulated | Deferred same-cycle order until cross-symbol reduce-first orders finish in current slice
2026-10-10 01:43:15 | WARNING | akquant.execution.simulated | Deferred same-cycle order until cross-symbol reduce-first orders finish in current slice
2026-10-10 01:43:15 | WARNING | akquant.execution.simulated | Deferred same-cycle order until cross-symbol reduce-first orders finish in current slice
2026-10-10 01:43:15 | WARNING | akquant.execution.simulated | Deferred same-cycle order until cross-symbol reduce-first orders finish in current slice
2026-10-10 01:43:15 | WARNING | akquant.execution.simulated | Deferred same-cycle order until cross-symbol reduce-first orders finish in current slice
2026-10-10 01:43:15 | WARNING | akquant.execution.simulated | Deferred same-cycle order until cross-symbol reduce-first orders finish in current slice
2026-10-10 01:43:16 | INFO | akquant.strategy | [2019-08-21 00:00:00] rebalance 2019-08-21: 10 stocks
2026-10-10 01:43:16 | WARNING | akquant.execution.simulated | Deferred same-cycle order until cross-symbol reduce-first orders finish in current slice
2026-10-10 01:43:16 | WARNING | akquant.execution.simulated | Deferred same-cycle order until cross-symbol reduce-first orders finish in current slice
2026-10-10 01:43:16 | WARNING | akquant.execution.simulated | Deferred same-cycle order until cross-symbol reduce-first orders finish in current slice
2026-10-10 01:43:16 | WARNING | akquant.execution.simulated | Deferred same-cycle order until cross-symbol reduce-first orders finish in current slice
2026-10-10 01:43:16 | WARNING | akquant.execution.simulated | Deferred same-cycle order until cross-symbol reduce-first orders finish in current slice
2026-10-10 01:43:16 | WARNING | akquant.execution.simulated | Deferred same-cycle order until cross-symbol reduce-first orders finish in current slice
2026-10-10 01:43:16 | WARNING | akquant.execution.simulated | Deferred same-cycle order until cross-symbol reduce-first orders finish in current slice
2026-10-10 01:43:16 | INFO | akquant.strategy | [2019-09-19 00:00:00] rebalance 2019-09-19: 10 stocks
2026-10-10 01:43:16 | WARNING | akquant.execution.simulated | Deferred same-cycle order until cross-symbol reduce-first orders finish in current slice
2026-10-10 01:43:16 | WARNING | akquant.execution.simulated | Deferred same-cycle order until cross-symbol reduce-first orders finish in current slice
2026-10-10 01:43:16 | WARNING | akquant.execution.simulated | Deferred same-cycle order until cross-symbol reduce-first orders finish in current slice
2026-10-10 01:43:16 | WARNING | akquant.execution.simulated | Deferred same-cycle order until cross-symbol reduce-first orders finish in current slice
2026-10-10 01:43:16 | WARNING | akquant.execution.simulated | Deferred same-cycle order until cross-symbol reduce-first orders finish in current slice
2026-10-10 01:43:16 | WARNING | akquant.execution.simulated | Deferred same-cycle order until cross-symbol reduce-first orders finish in current slice
2026-10-10 01:43:17 | INFO | akquant.strategy | [2019-10-24 00:00:00] rebalance 2019-10-24: 10 stocks
2026-10-10 01:43:17 | WARNING | akquant.execution.simulated | Deferred same-cycle order until cross-symbol reduce-first orders finish in current slice
2026-10-10 01:43:17 | WARNING | akquant.execution.simulated | Deferred same-cycle order until cross-symbol reduce-first orders finish in current slice
2026-10-10 01:43:17 | WARNING | akquant.execution.simulated | Deferred same-cycle order until cross-symbol reduce-first orders finish in current slice
2026-10-10 01:43:17 | WARNING | akquant.execution.simulated | Deferred same-cycle order until cross-symbol reduce-first orders finish in current slice
2026-10-10 01:43:17 | WARNING | akquant.execution.simulated | Deferred same-cycle order until cross-symbol reduce-first orders finish in current slice
2026-10-10 01:43:17 | WARNING | akquant.execution.simulated | Deferred same-cycle order until cross-symbol reduce-first orders finish in current slice
2026-10-10 01:43:17 | WARNING | akquant.execution.simulated | Deferred same-cycle order until cross-symbol reduce-first orders finish in current slice
2026-10-10 01:43:17 | INFO | akquant.strategy | [2019-11-21 00:00:00] rebalance 2019-11-21: 10 stocks
2026-10-10 01:43:17 | WARNING | akquant.execution.simulated | Deferred same-cycle order until cross-symbol reduce-first orders finish in current slice
2026-10-10 01:43:17 | WARNING | akquant.execution.simulated | Deferred same-cycle order until cross-symbol reduce-first orders finish in current slice
2026-10-10 01:43:17 | WARNING | akquant.execution.simulated | Deferred same-cycle order until cross-symbol reduce-first orders finish in current slice
2026-10-10 01:43:17 | WARNING | akquant.execution.simulated | Deferred same-cycle order until cross-symbol reduce-first orders finish in current slice
2026-10-10 01:43:17 | WARNING | akquant.execution.simulated | Deferred same-cycle order until cross-symbol reduce-first orders finish in current slice
2026-10-10 01:43:17 | WARNING | akquant.execution.simulated | Deferred same-cycle order until cross-symbol reduce-first orders finish in current slice
2026-10-10 01:43:17 | WARNING | akquant.execution.simulated | Deferred same-cycle order until cross-symbol reduce-first orders finish in current slice
2026-10-10 01:43:18 | INFO | akquant.strategy | [2019-12-19 00:00:00] rebalance 2019-12-19: 10 stocks
2026-10-10 01:43:18 | WARNING | akquant.execution.simulated | Deferred same-cycle order until cross-symbol reduce-first orders finish in current slice
2026-10-10 01:43:18 | WARNING | akquant.execution.simulated | Deferred same-cycle order until cross-symbol reduce-first orders finish in current slice
2026-10-10 01:43:18 | WARNING | akquant.execution.simulated | Deferred same-cycle order until cross-symbol reduce-first orders finish in current slice
2026-10-10 01:43:18 | WARNING | akquant.execution.simulated | Deferred same-cycle order until cross-symbol reduce-first orders finish in current slice
2026-10-10 01:43:18 | WARNING | akquant.execution.simulated | Deferred same-cycle order until cross-symbol reduce-first orders finish in current slice
2026-10-10 01:43:18 | WARNING | akquant.execution.simulated | Deferred same-cycle order until cross-symbol reduce-first orders finish in current slice
2026-10-10 01:43:18 | WARNING | akquant.execution.simulated | Deferred same-cycle order until cross-symbol reduce-first orders finish in current slice
2026-10-10 01:43:18 | WARNING | akquant.execution.simulated | Deferred same-cycle order until cross-symbol reduce-first orders finish in current slice
2026-10-10 01:43:18 | INFO | akquant.strategy | [2020-01-17 00:00:00] rebalance 2020-01-17: 10 stocks
2026-10-10 01:43:18 | WARNING | akquant.execution.simulated | Deferred same-cycle order until cross-symbol reduce-first orders finish in current slice
2026-10-10 01:43:18 | WARNING | akquant.execution.simulated | Deferred same-cycle order until cross-symbol reduce-first orders finish in current slice
2026-10-10 01:43:18 | WARNING | akquant.execution.simulated | Deferred same-cycle order until cross-symbol reduce-first orders finish in current slice
2026-10-10 01:43:18 | WARNING | akquant.execution.simulated | Deferred same-cycle order until cross-symbol reduce-first orders finish in current slice
2026-10-10 01:43:18 | WARNING | akquant.execution.simulated | Deferred same-cycle order until cross-symbol reduce-first orders finish in current slice
2026-10-10 01:43:18 | WARNING | akquant.execution.simulated | Deferred same-cycle order until cross-symbol reduce-first orders finish in current slice
2026-10-10 01:43:18 | WARNING | akquant.execution.simulated | Deferred same-cycle order until cross-symbol reduce-first orders finish in current slice
2026-10-10 01:43:18 | WARNING | akquant.execution.simulated | Deferred same-cycle order until cross-symbol reduce-first orders finish in current slice
2026-10-10 01:43:19 | INFO | akquant.strategy | [2020-02-24 00:00:00] rebalance 2020-02-24: 10 stocks
2026-10-10 01:43:19 | WARNING | akquant.execution.simulated | Deferred same-cycle order until cross-symbol reduce-first orders finish in current slice
2026-10-10 01:43:19 | WARNING | akquant.execution.simulated | Deferred same-cycle order until cross-symbol reduce-first orders finish in current slice
2026-10-10 01:43:19 | WARNING | akquant.execution.simulated | Deferred same-cycle order until cross-symbol reduce-first orders finish in current slice
2026-10-10 01:43:19 | INFO | akquant.strategy | [2020-03-23 00:00:00] rebalance 2020-03-23: 5 stocks
2026-10-10 01:43:19 | WARNING | akquant.execution.simulated | Deferred same-cycle order until cross-symbol reduce-first orders finish in current slice
2026-10-10 01:43:19 | WARNING | akquant.execution.simulated | Deferred same-cycle order until cross-symbol reduce-first orders finish in current slice
2026-10-10 01:43:19 | WARNING | akquant.execution.simulated | Deferred same-cycle order until cross-symbol reduce-first orders finish in current slice
2026-10-10 01:43:19 | WARNING | akquant.execution.simulated | Deferred same-cycle order until cross-symbol reduce-first orders finish in current slice
2026-10-10 01:43:19 | WARNING | akquant.execution.simulated | Deferred same-cycle order until cross-symbol reduce-first orders finish in current slice
2026-10-10 01:43:20 | INFO | akquant.strategy | [2020-04-21 00:00:00] rebalance 2020-04-21: 5 stocks
2026-10-10 01:43:20 | WARNING | akquant.execution.simulated | Deferred same-cycle order until cross-symbol reduce-first orders finish in current slice
2026-10-10 01:43:20 | WARNING | akquant.execution.simulated | Deferred same-cycle order until cross-symbol reduce-first orders finish in current slice
2026-10-10 01:43:20 | WARNING | akquant.execution.simulated | Deferred same-cycle order until cross-symbol reduce-first orders finish in current slice
2026-10-10 01:43:20 | WARNING | akquant.execution.simulated | Deferred same-cycle order until cross-symbol reduce-first orders finish in current slice
2026-10-10 01:43:20 | WARNING | akquant.execution.simulated | Deferred same-cycle order until cross-symbol reduce-first orders finish in current slice
2026-10-10 01:43:20 | INFO | akquant.strategy | [2020-05-22 00:00:00] rebalance 2020-05-22: 10 stocks
2026-10-10 01:43:20 | WARNING | akquant.execution.simulated | Deferred same-cycle order until cross-symbol reduce-first orders finish in current slice
2026-10-10 01:43:20 | WARNING | akquant.execution.simulated | Deferred same-cycle order until cross-symbol reduce-first orders finish in current slice
2026-10-10 01:43:20 | WARNING | akquant.execution.simulated | Deferred same-cycle order until cross-symbol reduce-first orders finish in current slice
2026-10-10 01:43:20 | WARNING | akquant.execution.simulated | Deferred same-cycle order until cross-symbol reduce-first orders finish in current slice
2026-10-10 01:43:20 | WARNING | akquant.execution.simulated | Deferred same-cycle order until cross-symbol reduce-first orders finish in current slice
2026-10-10 01:43:20 | WARNING | akquant.execution.simulated | Deferred same-cycle order until cross-symbol reduce-first orders finish in current slice
2026-10-10 01:43:21 | INFO | akquant.strategy | [2020-06-19 00:00:00] rebalance 2020-06-19: 10 stocks
2026-10-10 01:43:21 | WARNING | akquant.execution.simulated | Deferred same-cycle order until cross-symbol reduce-first orders finish in current slice
2026-10-10 01:43:21 | WARNING | akquant.execution.simulated | Deferred same-cycle order until cross-symbol reduce-first orders finish in current slice
2026-10-10 01:43:21 | WARNING | akquant.execution.simulated | Deferred same-cycle order until cross-symbol reduce-first orders finish in current slice
2026-10-10 01:43:21 | WARNING | akquant.execution.simulated | Deferred same-cycle order until cross-symbol reduce-first orders finish in current slice
2026-10-10 01:43:21 | WARNING | akquant.execution.simulated | Deferred same-cycle order until cross-symbol reduce-first orders finish in current slice
2026-10-10 01:43:21 | WARNING | akquant.execution.simulated | Deferred same-cycle order until cross-symbol reduce-first orders finish in current slice
2026-10-10 01:43:21 | WARNING | akquant.execution.simulated | Deferred same-cycle order until cross-symbol reduce-first orders finish in current slice
2026-10-10 01:43:21 | WARNING | akquant.execution.simulated | Deferred same-cycle order until cross-symbol reduce-first orders finish in current slice
2026-10-10 01:43:21 | WARNING | akquant.execution.simulated | Deferred same-cycle order until cross-symbol reduce-first orders finish in current slice
2026-10-10 01:43:21 | WARNING | akquant.execution.simulated | Deferred same-cycle order until cross-symbol reduce-first orders finish in current slice
2026-10-10 01:43:21 | INFO | akquant.strategy | [2020-07-21 00:00:00] rebalance 2020-07-21: 10 stocks
2026-10-10 01:43:21 | WARNING | akquant.execution.simulated | Deferred same-cycle order until cross-symbol reduce-first orders finish in current slice
2026-10-10 01:43:21 | WARNING | akquant.execution.simulated | Deferred same-cycle order until cross-symbol reduce-first orders finish in current slice
2026-10-10 01:43:21 | WARNING | akquant.execution.simulated | Deferred same-cycle order until cross-symbol reduce-first orders finish in current slice
2026-10-10 01:43:21 | WARNING | akquant.execution.simulated | Deferred same-cycle order until cross-symbol reduce-first orders finish in current slice
2026-10-10 01:43:21 | WARNING | akquant.execution.simulated | Deferred same-cycle order until cross-symbol reduce-first orders finish in current slice
2026-10-10 01:43:22 | INFO | akquant.strategy | [2020-08-18 00:00:00] rebalance 2020-08-18: 10 stocks
2026-10-10 01:43:22 | WARNING | akquant.execution.simulated | Deferred same-cycle order until cross-symbol reduce-first orders finish in current slice
2026-10-10 01:43:22 | WARNING | akquant.execution.simulated | Deferred same-cycle order until cross-symbol reduce-first orders finish in current slice
2026-10-10 01:43:22 | WARNING | akquant.execution.simulated | Deferred same-cycle order until cross-symbol reduce-first orders finish in current slice
2026-10-10 01:43:22 | WARNING | akquant.execution.simulated | Deferred same-cycle order until cross-symbol reduce-first orders finish in current slice
2026-10-10 01:43:22 | WARNING | akquant.execution.simulated | Deferred same-cycle order until cross-symbol reduce-first orders finish in current slice
2026-10-10 01:43:22 | WARNING | akquant.execution.simulated | Deferred same-cycle order until cross-symbol reduce-first orders finish in current slice
2026-10-10 01:43:22 | WARNING | akquant.execution.simulated | Deferred same-cycle order until cross-symbol reduce-first orders finish in current slice
2026-10-10 01:43:22 | WARNING | akquant.execution.simulated | Deferred same-cycle order until cross-symbol reduce-first orders finish in current slice
2026-10-10 01:43:22 | WARNING | akquant.execution.simulated | Deferred same-cycle order until cross-symbol reduce-first orders finish in current slice
2026-10-10 01:43:22 | WARNING | akquant.execution.simulated | Deferred same-cycle order until cross-symbol reduce-first orders finish in current slice
2026-10-10 01:43:23 | INFO | akquant.strategy | [2020-09-15 00:00:00] rebalance 2020-09-15: 10 stocks
2026-10-10 01:43:23 | WARNING | akquant.execution.simulated | Deferred same-cycle order until cross-symbol reduce-first orders finish in current slice
2026-10-10 01:43:23 | WARNING | akquant.execution.simulated | Deferred same-cycle order until cross-symbol reduce-first orders finish in current slice
2026-10-10 01:43:23 | WARNING | akquant.execution.simulated | Deferred same-cycle order until cross-symbol reduce-first orders finish in current slice
2026-10-10 01:43:23 | WARNING | akquant.execution.simulated | Deferred same-cycle order until cross-symbol reduce-first orders finish in current slice
2026-10-10 01:43:23 | INFO | akquant.strategy | [2020-10-21 00:00:00] rebalance 2020-10-21: 10 stocks
2026-10-10 01:43:23 | WARNING | akquant.execution.simulated | Deferred same-cycle order until cross-symbol reduce-first orders finish in current slice
2026-10-10 01:43:23 | WARNING | akquant.execution.simulated | Deferred same-cycle order until cross-symbol reduce-first orders finish in current slice
2026-10-10 01:43:23 | WARNING | akquant.execution.simulated | Deferred same-cycle order until cross-symbol reduce-first orders finish in current slice
2026-10-10 01:43:23 | WARNING | akquant.execution.simulated | Deferred same-cycle order until cross-symbol reduce-first orders finish in current slice
2026-10-10 01:43:23 | WARNING | akquant.execution.simulated | Deferred same-cycle order until cross-symbol reduce-first orders finish in current slice
2026-10-10 01:43:23 | WARNING | akquant.execution.simulated | Deferred same-cycle order until cross-symbol reduce-first orders finish in current slice
2026-10-10 01:43:23 | WARNING | akquant.execution.simulated | Deferred same-cycle order until cross-symbol reduce-first orders finish in current slice
2026-10-10 01:43:23 | WARNING | akquant.execution.simulated | Deferred same-cycle order until cross-symbol reduce-first orders finish in current slice
2026-10-10 01:43:23 | WARNING | akquant.execution.simulated | Deferred same-cycle order until cross-symbol reduce-first orders finish in current slice
2026-10-10 01:43:23 | WARNING | akquant.execution.simulated | Deferred same-cycle order until cross-symbol reduce-first orders finish in current slice
2026-10-10 01:43:24 | INFO | akquant.strategy | [2020-11-18 00:00:00] rebalance 2020-11-18: 10 stocks
2026-10-10 01:43:24 | WARNING | akquant.execution.simulated | Deferred same-cycle order until cross-symbol reduce-first orders finish in current slice
2026-10-10 01:43:24 | WARNING | akquant.execution.simulated | Deferred same-cycle order until cross-symbol reduce-first orders finish in current slice
2026-10-10 01:43:24 | WARNING | akquant.execution.simulated | Deferred same-cycle order until cross-symbol reduce-first orders finish in current slice
2026-10-10 01:43:24 | WARNING | akquant.execution.simulated | Deferred same-cycle order until cross-symbol reduce-first orders finish in current slice
2026-10-10 01:43:24 | WARNING | akquant.execution.simulated | Deferred same-cycle order until cross-symbol reduce-first orders finish in current slice
2026-10-10 01:43:24 | WARNING | akquant.execution.simulated | Deferred same-cycle order until cross-symbol reduce-first orders finish in current slice
2026-10-10 01:43:24 | WARNING | akquant.execution.simulated | Deferred same-cycle order until cross-symbol reduce-first orders finish in current slice
2026-10-10 01:43:24 | WARNING | akquant.execution.simulated | Deferred same-cycle order until cross-symbol reduce-first orders finish in current slice
2026-10-10 01:43:24 | WARNING | akquant.execution.simulated | Deferred same-cycle order until cross-symbol reduce-first orders finish in current slice
2026-10-10 01:43:24 | INFO | akquant.strategy | [2020-12-16 00:00:00] rebalance 2020-12-16: 10 stocks
2026-10-10 01:43:24 | WARNING | akquant.execution.simulated | Deferred same-cycle order until cross-symbol reduce-first orders finish in current slice
2026-10-10 01:43:24 | WARNING | akquant.execution.simulated | Deferred same-cycle order until cross-symbol reduce-first orders finish in current slice
2026-10-10 01:43:24 | WARNING | akquant.execution.simulated | Deferred same-cycle order until cross-symbol reduce-first orders finish in current slice
2026-10-10 01:43:24 | WARNING | akquant.execution.simulated | Deferred same-cycle order until cross-symbol reduce-first orders finish in current slice
2026-10-10 01:43:25 | INFO | akquant.strategy | [2021-01-14 00:00:00] rebalance 2021-01-14: 10 stocks
2026-10-10 01:43:25 | WARNING | akquant.execution.simulated | Deferred same-cycle order until cross-symbol reduce-first orders finish in current slice
2026-10-10 01:43:25 | WARNING | akquant.execution.simulated | Deferred same-cycle order until cross-symbol reduce-first orders finish in current slice
2026-10-10 01:43:25 | WARNING | akquant.execution.simulated | Deferred same-cycle order until cross-symbol reduce-first orders finish in current slice
2026-10-10 01:43:25 | WARNING | akquant.execution.simulated | Deferred same-cycle order until cross-symbol reduce-first orders finish in current slice
2026-10-10 01:43:25 | WARNING | akquant.execution.simulated | Deferred same-cycle order until cross-symbol reduce-first orders finish in current slice
2026-10-10 01:43:25 | WARNING | akquant.execution.simulated | Deferred same-cycle order until cross-symbol reduce-first orders finish in current slice
2026-10-10 01:43:25 | WARNING | akquant.execution.simulated | Deferred same-cycle order until cross-symbol reduce-first orders finish in current slice
2026-10-10 01:43:25 | WARNING | akquant.execution.simulated | Deferred same-cycle order until cross-symbol reduce-first orders finish in current slice
2026-10-10 01:43:25 | WARNING | akquant.execution.simulated | Deferred same-cycle order until cross-symbol reduce-first orders finish in current slice
2026-10-10 01:43:25 | WARNING | akquant.execution.simulated | Deferred same-cycle order until cross-symbol reduce-first orders finish in current slice
2026-10-10 01:43:25 | INFO | akquant.strategy | [2021-02-18 00:00:00] rebalance 2021-02-18: 10 stocks
2026-10-10 01:43:25 | WARNING | akquant.execution.simulated | Deferred same-cycle order until cross-symbol reduce-first orders finish in current slice
2026-10-10 01:43:25 | WARNING | akquant.execution.simulated | Deferred same-cycle order until cross-symbol reduce-first orders finish in current slice
2026-10-10 01:43:25 | WARNING | akquant.execution.simulated | Deferred same-cycle order until cross-symbol reduce-first orders finish in current slice
2026-10-10 01:43:25 | WARNING | akquant.execution.simulated | Deferred same-cycle order until cross-symbol reduce-first orders finish in current slice
2026-10-10 01:43:25 | WARNING | akquant.execution.simulated | Deferred same-cycle order until cross-symbol reduce-first orders finish in current slice
2026-10-10 01:43:25 | WARNING | akquant.execution.simulated | Deferred same-cycle order until cross-symbol reduce-first orders finish in current slice
2026-10-10 01:43:25 | WARNING | akquant.execution.simulated | Deferred same-cycle order until cross-symbol reduce-first orders finish in current slice
2026-10-10 01:43:25 | WARNING | akquant.execution.simulated | Deferred same-cycle order until cross-symbol reduce-first orders finish in current slice
2026-10-10 01:43:25 | WARNING | akquant.execution.simulated | Deferred same-cycle order until cross-symbol reduce-first orders finish in current slice
2026-10-10 01:43:26 | INFO | akquant.strategy | [2021-03-18 00:00:00] rebalance 2021-03-18: 5 stocks
2026-10-10 01:43:26 | WARNING | akquant.execution.simulated | Deferred same-cycle order until cross-symbol reduce-first orders finish in current slice
2026-10-10 01:43:26 | WARNING | akquant.execution.simulated | Deferred same-cycle order until cross-symbol reduce-first orders finish in current slice
2026-10-10 01:43:26 | WARNING | akquant.execution.simulated | Deferred same-cycle order until cross-symbol reduce-first orders finish in current slice
2026-10-10 01:43:26 | INFO | akquant.strategy | [2021-04-16 00:00:00] rebalance 2021-04-16: 5 stocks
2026-10-10 01:43:26 | WARNING | akquant.execution.simulated | Deferred same-cycle order until cross-symbol reduce-first orders finish in current slice
2026-10-10 01:43:26 | WARNING | akquant.execution.simulated | Deferred same-cycle order until cross-symbol reduce-first orders finish in current slice
2026-10-10 01:43:26 | WARNING | akquant.execution.simulated | Deferred same-cycle order until cross-symbol reduce-first orders finish in current slice
2026-10-10 01:43:26 | WARNING | akquant.execution.simulated | Deferred same-cycle order until cross-symbol reduce-first orders finish in current slice
2026-10-10 01:43:26 | WARNING | akquant.execution.simulated | Deferred same-cycle order until cross-symbol reduce-first orders finish in current slice
2026-10-10 01:43:27 | INFO | akquant.strategy | [2021-05-19 00:00:00] rebalance 2021-05-19: 7 stocks
2026-10-10 01:43:27 | WARNING | akquant.execution.simulated | Deferred same-cycle order until cross-symbol reduce-first orders finish in current slice
2026-10-10 01:43:27 | WARNING | akquant.execution.simulated | Deferred same-cycle order until cross-symbol reduce-first orders finish in current slice
2026-10-10 01:43:27 | WARNING | akquant.execution.simulated | Deferred same-cycle order until cross-symbol reduce-first orders finish in current slice
2026-10-10 01:43:27 | WARNING | akquant.execution.simulated | Deferred same-cycle order until cross-symbol reduce-first orders finish in current slice
2026-10-10 01:43:27 | WARNING | akquant.execution.simulated | Deferred same-cycle order until cross-symbol reduce-first orders finish in current slice
2026-10-10 01:43:27 | WARNING | akquant.execution.simulated | Deferred same-cycle order until cross-symbol reduce-first orders finish in current slice
2026-10-10 01:43:27 | WARNING | akquant.execution.simulated | Deferred same-cycle order until cross-symbol reduce-first orders finish in current slice
2026-10-10 01:43:27 | INFO | akquant.strategy | [2021-06-17 00:00:00] rebalance 2021-06-17: 9 stocks
2026-10-10 01:43:27 | WARNING | akquant.execution.simulated | Deferred same-cycle order until cross-symbol reduce-first orders finish in current slice
2026-10-10 01:43:27 | WARNING | akquant.execution.simulated | Deferred same-cycle order until cross-symbol reduce-first orders finish in current slice
2026-10-10 01:43:27 | WARNING | akquant.execution.simulated | Deferred same-cycle order until cross-symbol reduce-first orders finish in current slice
2026-10-10 01:43:27 | WARNING | akquant.execution.simulated | Deferred same-cycle order until cross-symbol reduce-first orders finish in current slice
2026-10-10 01:43:28 | INFO | akquant.strategy | [2021-07-15 00:00:00] rebalance 2021-07-15: 6 stocks
2026-10-10 01:43:28 | WARNING | akquant.execution.simulated | Deferred same-cycle order until cross-symbol reduce-first orders finish in current slice
2026-10-10 01:43:28 | WARNING | akquant.execution.simulated | Deferred same-cycle order until cross-symbol reduce-first orders finish in current slice
2026-10-10 01:43:28 | INFO | akquant.strategy | [2021-08-12 00:00:00] rebalance 2021-08-12: 8 stocks
2026-10-10 01:43:28 | WARNING | akquant.execution.simulated | Deferred same-cycle order until cross-symbol reduce-first orders finish in current slice
2026-10-10 01:43:28 | WARNING | akquant.execution.simulated | Deferred same-cycle order until cross-symbol reduce-first orders finish in current slice
2026-10-10 01:43:28 | WARNING | akquant.execution.simulated | Deferred same-cycle order until cross-symbol reduce-first orders finish in current slice
2026-10-10 01:43:29 | WARNING | akquant.execution.simulated | Deferred same-cycle order until cross-symbol reduce-first orders finish in current slice
2026-10-10 01:43:29 | WARNING | akquant.execution.simulated | Deferred same-cycle order until cross-symbol reduce-first orders finish in current slice
2026-10-10 01:43:29 | WARNING | akquant.execution.simulated | Deferred same-cycle order until cross-symbol reduce-first orders finish in current slice
2026-10-10 01:43:29 | WARNING | akquant.execution.simulated | Deferred same-cycle order until cross-symbol reduce-first orders finish in current slice
2026-10-10 01:43:29 | INFO | akquant.strategy | [2021-09-09 00:00:00] rebalance 2021-09-09: 5 stocks
2026-10-10 01:43:29 | WARNING | akquant.execution.simulated | Deferred same-cycle order until cross-symbol reduce-first orders finish in current slice
2026-10-10 01:43:29 | WARNING | akquant.execution.simulated | Deferred same-cycle order until cross-symbol reduce-first orders finish in current slice
2026-10-10 01:43:29 | WARNING | akquant.execution.simulated | Deferred same-cycle order until cross-symbol reduce-first orders finish in current slice
2026-10-10 01:43:29 | WARNING | akquant.execution.simulated | Deferred same-cycle order until cross-symbol reduce-first orders finish in current slice
2026-10-10 01:43:29 | WARNING | akquant.execution.simulated | Deferred same-cycle order until cross-symbol reduce-first orders finish in current slice
2026-10-10 01:43:30 | INFO | akquant.strategy | [2021-10-18 00:00:00] rebalance 2021-10-18: 6 stocks
2026-10-10 01:43:30 | WARNING | akquant.execution.simulated | Deferred same-cycle order until cross-symbol reduce-first orders finish in current slice
2026-10-10 01:43:30 | INFO | akquant.strategy | [2021-11-15 00:00:00] rebalance 2021-11-15: 5 stocks
2026-10-10 01:43:30 | WARNING | akquant.execution.simulated | Deferred same-cycle order until cross-symbol reduce-first orders finish in current slice
2026-10-10 01:43:30 | WARNING | akquant.execution.simulated | Deferred same-cycle order until cross-symbol reduce-first orders finish in current slice
2026-10-10 01:43:30 | WARNING | akquant.execution.simulated | Deferred same-cycle order until cross-symbol reduce-first orders finish in current slice
2026-10-10 01:43:30 | WARNING | akquant.execution.simulated | Deferred same-cycle order until cross-symbol reduce-first orders finish in current slice
2026-10-10 01:43:30 | WARNING | akquant.execution.simulated | Deferred same-cycle order until cross-symbol reduce-first orders finish in current slice
2026-10-10 01:43:31 | INFO | akquant.strategy | [2021-12-13 00:00:00] rebalance 2021-12-13: 5 stocks
2026-10-10 01:43:31 | WARNING | akquant.execution.simulated | Deferred same-cycle order until cross-symbol reduce-first orders finish in current slice
2026-10-10 01:43:31 | WARNING | akquant.execution.simulated | Deferred same-cycle order until cross-symbol reduce-first orders finish in current slice
2026-10-10 01:43:31 | WARNING | akquant.execution.simulated | Deferred same-cycle order until cross-symbol reduce-first orders finish in current slice
2026-10-10 01:43:31 | WARNING | akquant.execution.simulated | Deferred same-cycle order until cross-symbol reduce-first orders finish in current slice
2026-10-10 01:43:31 | WARNING | akquant.execution.simulated | Deferred same-cycle order until cross-symbol reduce-first orders finish in current slice
2026-10-10 01:43:31 | INFO | akquant.strategy | [2022-01-11 00:00:00] rebalance 2022-01-11: 5 stocks
2026-10-10 01:43:31 | WARNING | akquant.execution.simulated | Deferred same-cycle order until cross-symbol reduce-first orders finish in current slice
2026-10-10 01:43:31 | WARNING | akquant.execution.simulated | Deferred same-cycle order until cross-symbol reduce-first orders finish in current slice
2026-10-10 01:43:32 | INFO | akquant.strategy | [2022-02-15 00:00:00] rebalance 2022-02-15: 5 stocks
2026-10-10 01:43:32 | WARNING | akquant.execution.simulated | Deferred same-cycle order until cross-symbol reduce-first orders finish in current slice
2026-10-10 01:43:32 | WARNING | akquant.execution.simulated | Deferred same-cycle order until cross-symbol reduce-first orders finish in current slice
2026-10-10 01:43:32 | WARNING | akquant.execution.simulated | Deferred same-cycle order until cross-symbol reduce-first orders finish in current slice
2026-10-10 01:43:32 | WARNING | akquant.execution.simulated | Deferred same-cycle order until cross-symbol reduce-first orders finish in current slice
2026-10-10 01:43:32 | WARNING | akquant.execution.simulated | Deferred same-cycle order until cross-symbol reduce-first orders finish in current slice
2026-10-10 01:43:32 | INFO | akquant.strategy | [2022-03-15 00:00:00] rebalance 2022-03-15: 5 stocks
2026-10-10 01:43:32 | WARNING | akquant.execution.simulated | Deferred same-cycle order until cross-symbol reduce-first orders finish in current slice
2026-10-10 01:43:32 | WARNING | akquant.execution.simulated | Deferred same-cycle order until cross-symbol reduce-first orders finish in current slice
2026-10-10 01:43:32 | WARNING | akquant.execution.simulated | Deferred same-cycle order until cross-symbol reduce-first orders finish in current slice
2026-10-10 01:43:32 | WARNING | akquant.execution.simulated | Deferred same-cycle order until cross-symbol reduce-first orders finish in current slice
2026-10-10 01:43:33 | INFO | akquant.strategy | [2022-04-14 00:00:00] rebalance 2022-04-14: 5 stocks
2026-10-10 01:43:33 | WARNING | akquant.execution.simulated | Deferred same-cycle order until cross-symbol reduce-first orders finish in current slice
2026-10-10 01:43:33 | WARNING | akquant.execution.simulated | Deferred same-cycle order until cross-symbol reduce-first orders finish in current slice
2026-10-10 01:43:33 | WARNING | akquant.execution.simulated | Deferred same-cycle order until cross-symbol reduce-first orders finish in current slice
2026-10-10 01:43:34 | INFO | akquant.strategy | [2022-05-17 00:00:00] rebalance 2022-05-17: 5 stocks
2026-10-10 01:43:34 | WARNING | akquant.execution.simulated | Deferred same-cycle order until cross-symbol reduce-first orders finish in current slice
2026-10-10 01:43:34 | WARNING | akquant.execution.simulated | Deferred same-cycle order until cross-symbol reduce-first orders finish in current slice
2026-10-10 01:43:34 | WARNING | akquant.execution.simulated | Deferred same-cycle order until cross-symbol reduce-first orders finish in current slice
2026-10-10 01:43:34 | WARNING | akquant.execution.simulated | Deferred same-cycle order until cross-symbol reduce-first orders finish in current slice
2026-10-10 01:43:34 | WARNING | akquant.execution.simulated | Deferred same-cycle order until cross-symbol reduce-first orders finish in current slice
2026-10-10 01:43:34 | INFO | akquant.strategy | [2022-06-15 00:00:00] rebalance 2022-06-15: 10 stocks
2026-10-10 01:43:34 | WARNING | akquant.execution.simulated | Deferred same-cycle order until cross-symbol reduce-first orders finish in current slice
2026-10-10 01:43:34 | WARNING | akquant.execution.simulated | Deferred same-cycle order until cross-symbol reduce-first orders finish in current slice
2026-10-10 01:43:34 | WARNING | akquant.execution.simulated | Deferred same-cycle order until cross-symbol reduce-first orders finish in current slice
2026-10-10 01:43:34 | WARNING | akquant.execution.simulated | Deferred same-cycle order until cross-symbol reduce-first orders finish in current slice
2026-10-10 01:43:34 | WARNING | akquant.execution.simulated | Deferred same-cycle order until cross-symbol reduce-first orders finish in current slice
2026-10-10 01:43:35 | INFO | akquant.strategy | [2022-07-13 00:00:00] rebalance 2022-07-13: 10 stocks
2026-10-10 01:43:35 | WARNING | akquant.execution.simulated | Deferred same-cycle order until cross-symbol reduce-first orders finish in current slice
2026-10-10 01:43:35 | WARNING | akquant.execution.simulated | Deferred same-cycle order until cross-symbol reduce-first orders finish in current slice
2026-10-10 01:43:35 | WARNING | akquant.execution.simulated | Deferred same-cycle order until cross-symbol reduce-first orders finish in current slice
2026-10-10 01:43:35 | WARNING | akquant.execution.simulated | Deferred same-cycle order until cross-symbol reduce-first orders finish in current slice
2026-10-10 01:43:35 | WARNING | akquant.execution.simulated | Deferred same-cycle order until cross-symbol reduce-first orders finish in current slice
2026-10-10 01:43:35 | WARNING | akquant.execution.simulated | Deferred same-cycle order until cross-symbol reduce-first orders finish in current slice
2026-10-10 01:43:35 | WARNING | akquant.execution.simulated | Deferred same-cycle order until cross-symbol reduce-first orders finish in current slice
2026-10-10 01:43:35 | WARNING | akquant.execution.simulated | Deferred same-cycle order until cross-symbol reduce-first orders finish in current slice
2026-10-10 01:43:35 | INFO | akquant.strategy | [2022-08-10 00:00:00] rebalance 2022-08-10: 10 stocks
2026-10-10 01:43:35 | WARNING | akquant.execution.simulated | Deferred same-cycle order until cross-symbol reduce-first orders finish in current slice
2026-10-10 01:43:35 | WARNING | akquant.execution.simulated | Deferred same-cycle order until cross-symbol reduce-first orders finish in current slice
2026-10-10 01:43:35 | WARNING | akquant.execution.simulated | Deferred same-cycle order until cross-symbol reduce-first orders finish in current slice
2026-10-10 01:43:35 | WARNING | akquant.execution.simulated | Deferred same-cycle order until cross-symbol reduce-first orders finish in current slice
2026-10-10 01:43:35 | WARNING | akquant.execution.simulated | Deferred same-cycle order until cross-symbol reduce-first orders finish in current slice
2026-10-10 01:43:36 | INFO | akquant.strategy | [2022-09-07 00:00:00] rebalance 2022-09-07: 5 stocks
2026-10-10 01:43:36 | WARNING | akquant.execution.simulated | Deferred same-cycle order until cross-symbol reduce-first orders finish in current slice
2026-10-10 01:43:36 | WARNING | akquant.execution.simulated | Deferred same-cycle order until cross-symbol reduce-first orders finish in current slice
2026-10-10 01:43:36 | WARNING | akquant.execution.simulated | Deferred same-cycle order until cross-symbol reduce-first orders finish in current slice
2026-10-10 01:43:36 | WARNING | akquant.execution.simulated | Deferred same-cycle order until cross-symbol reduce-first orders finish in current slice
2026-10-10 01:43:36 | WARNING | akquant.execution.simulated | Deferred same-cycle order until cross-symbol reduce-first orders finish in current slice
2026-10-10 01:43:37 | INFO | akquant.strategy | [2022-10-13 00:00:00] rebalance 2022-10-13: 5 stocks
2026-10-10 01:43:37 | WARNING | akquant.execution.simulated | Deferred same-cycle order until cross-symbol reduce-first orders finish in current slice
2026-10-10 01:43:37 | WARNING | akquant.execution.simulated | Deferred same-cycle order until cross-symbol reduce-first orders finish in current slice
2026-10-10 01:43:37 | WARNING | akquant.execution.simulated | Deferred same-cycle order until cross-symbol reduce-first orders finish in current slice
2026-10-10 01:43:37 | WARNING | akquant.execution.simulated | Deferred same-cycle order until cross-symbol reduce-first orders finish in current slice
2026-10-10 01:43:37 | INFO | akquant.strategy | [2022-11-10 00:00:00] rebalance 2022-11-10: 5 stocks
2026-10-10 01:43:37 | WARNING | akquant.execution.simulated | Deferred same-cycle order until cross-symbol reduce-first orders finish in current slice
2026-10-10 01:43:37 | WARNING | akquant.execution.simulated | Deferred same-cycle order until cross-symbol reduce-first orders finish in current slice
2026-10-10 01:43:37 | WARNING | akquant.execution.simulated | Deferred same-cycle order until cross-symbol reduce-first orders finish in current slice
2026-10-10 01:43:37 | WARNING | akquant.execution.simulated | Deferred same-cycle order until cross-symbol reduce-first orders finish in current slice
2026-10-10 01:43:38 | INFO | akquant.strategy | [2022-12-08 00:00:00] rebalance 2022-12-08: 10 stocks
2026-10-10 01:43:38 | WARNING | akquant.execution.simulated | Deferred same-cycle order until cross-symbol reduce-first orders finish in current slice
2026-10-10 01:43:38 | WARNING | akquant.execution.simulated | Deferred same-cycle order until cross-symbol reduce-first orders finish in current slice
2026-10-10 01:43:38 | WARNING | akquant.execution.simulated | Deferred same-cycle order until cross-symbol reduce-first orders finish in current slice
2026-10-10 01:43:38 | WARNING | akquant.execution.simulated | Deferred same-cycle order until cross-symbol reduce-first orders finish in current slice
2026-10-10 01:43:38 | WARNING | akquant.execution.simulated | Deferred same-cycle order until cross-symbol reduce-first orders finish in current slice
2026-10-10 01:43:38 | WARNING | akquant.execution.simulated | Deferred same-cycle order until cross-symbol reduce-first orders finish in current slice
2026-10-10 01:43:38 | WARNING | akquant.execution.simulated | Deferred same-cycle order until cross-symbol reduce-first orders finish in current slice
2026-10-10 01:43:38 | WARNING | akquant.execution.simulated | Deferred same-cycle order until cross-symbol reduce-first orders finish in current slice
2026-10-10 01:43:38 | WARNING | akquant.execution.simulated | Deferred same-cycle order until cross-symbol reduce-first orders finish in current slice
2026-10-10 01:43:38 | WARNING | akquant.execution.simulated | Deferred same-cycle order until cross-symbol reduce-first orders finish in current slice
2026-10-10 01:43:38 | INFO | akquant.strategy | [2023-01-06 00:00:00] rebalance 2023-01-06: 10 stocks
2026-10-10 01:43:38 | WARNING | akquant.execution.simulated | Deferred same-cycle order until cross-symbol reduce-first orders finish in current slice
2026-10-10 01:43:38 | WARNING | akquant.execution.simulated | Deferred same-cycle order until cross-symbol reduce-first orders finish in current slice
2026-10-10 01:43:38 | WARNING | akquant.execution.simulated | Deferred same-cycle order until cross-symbol reduce-first orders finish in current slice
2026-10-10 01:43:38 | WARNING | akquant.execution.simulated | Deferred same-cycle order until cross-symbol reduce-first orders finish in current slice
2026-10-10 01:43:38 | WARNING | akquant.execution.simulated | Deferred same-cycle order until cross-symbol reduce-first orders finish in current slice
2026-10-10 01:43:38 | WARNING | akquant.execution.simulated | Deferred same-cycle order until cross-symbol reduce-first orders finish in current slice
2026-10-10 01:43:38 | WARNING | akquant.execution.simulated | Deferred same-cycle order until cross-symbol reduce-first orders finish in current slice
2026-10-10 01:43:38 | WARNING | akquant.execution.simulated | Deferred same-cycle order until cross-symbol reduce-first orders finish in current slice
2026-10-10 01:43:38 | WARNING | akquant.execution.simulated | Deferred same-cycle order until cross-symbol reduce-first orders finish in current slice
2026-10-10 01:43:38 | WARNING | akquant.execution.simulated | Deferred same-cycle order until cross-symbol reduce-first orders finish in current slice
2026-10-10 01:43:39 | INFO | akquant.strategy | [2023-02-10 00:00:00] rebalance 2023-02-10: 10 stocks
2026-10-10 01:43:39 | WARNING | akquant.execution.simulated | Deferred same-cycle order until cross-symbol reduce-first orders finish in current slice
2026-10-10 01:43:39 | WARNING | akquant.execution.simulated | Deferred same-cycle order until cross-symbol reduce-first orders finish in current slice
2026-10-10 01:43:39 | WARNING | akquant.execution.simulated | Deferred same-cycle order until cross-symbol reduce-first orders finish in current slice
2026-10-10 01:43:39 | WARNING | akquant.execution.simulated | Deferred same-cycle order until cross-symbol reduce-first orders finish in current slice
2026-10-10 01:43:39 | WARNING | akquant.execution.simulated | Deferred same-cycle order until cross-symbol reduce-first orders finish in current slice
2026-10-10 01:43:39 | WARNING | akquant.execution.simulated | Deferred same-cycle order until cross-symbol reduce-first orders finish in current slice
2026-10-10 01:43:39 | WARNING | akquant.execution.simulated | Deferred same-cycle order until cross-symbol reduce-first orders finish in current slice
2026-10-10 01:43:39 | WARNING | akquant.execution.simulated | Rejected order: Risk: Insufficient available position for 000661.SZ at execution. Available: 82480.00000000001330491272704, Required: 82480.00000000001455191522835
2026-10-10 01:43:40 | INFO | akquant.strategy | [2023-03-10 00:00:00] rebalance 2023-03-10: 10 stocks
2026-10-10 01:43:40 | WARNING | akquant.execution.simulated | Deferred same-cycle order until cross-symbol reduce-first orders finish in current slice
2026-10-10 01:43:40 | WARNING | akquant.execution.simulated | Deferred same-cycle order until cross-symbol reduce-first orders finish in current slice
2026-10-10 01:43:40 | WARNING | akquant.execution.simulated | Deferred same-cycle order until cross-symbol reduce-first orders finish in current slice
2026-10-10 01:43:40 | WARNING | akquant.execution.simulated | Deferred same-cycle order until cross-symbol reduce-first orders finish in current slice
2026-10-10 01:43:40 | WARNING | akquant.execution.simulated | Deferred same-cycle order until cross-symbol reduce-first orders finish in current slice
2026-10-10 01:43:40 | WARNING | akquant.execution.simulated | Deferred same-cycle order until cross-symbol reduce-first orders finish in current slice
2026-10-10 01:43:40 | WARNING | akquant.execution.simulated | Deferred same-cycle order until cross-symbol reduce-first orders finish in current slice
2026-10-10 01:43:40 | INFO | akquant.strategy | [2023-04-10 00:00:00] rebalance 2023-04-10: 10 stocks
2026-10-10 01:43:40 | WARNING | akquant.execution.simulated | Deferred same-cycle order until cross-symbol reduce-first orders finish in current slice
2026-10-10 01:43:40 | WARNING | akquant.execution.simulated | Deferred same-cycle order until cross-symbol reduce-first orders finish in current slice
2026-10-10 01:43:40 | WARNING | akquant.execution.simulated | Deferred same-cycle order until cross-symbol reduce-first orders finish in current slice
2026-10-10 01:43:40 | WARNING | akquant.execution.simulated | Deferred same-cycle order until cross-symbol reduce-first orders finish in current slice
2026-10-10 01:43:40 | WARNING | akquant.execution.simulated | Deferred same-cycle order until cross-symbol reduce-first orders finish in current slice
2026-10-10 01:43:40 | WARNING | akquant.execution.simulated | Deferred same-cycle order until cross-symbol reduce-first orders finish in current slice
2026-10-10 01:43:40 | WARNING | akquant.execution.simulated | Deferred same-cycle order until cross-symbol reduce-first orders finish in current slice
2026-10-10 01:43:41 | INFO | akquant.strategy | [2023-05-11 00:00:00] rebalance 2023-05-11: 10 stocks
2026-10-10 01:43:41 | WARNING | akquant.execution.simulated | Deferred same-cycle order until cross-symbol reduce-first orders finish in current slice
2026-10-10 01:43:41 | WARNING | akquant.execution.simulated | Deferred same-cycle order until cross-symbol reduce-first orders finish in current slice
2026-10-10 01:43:41 | WARNING | akquant.execution.simulated | Deferred same-cycle order until cross-symbol reduce-first orders finish in current slice
2026-10-10 01:43:41 | WARNING | akquant.execution.simulated | Deferred same-cycle order until cross-symbol reduce-first orders finish in current slice
2026-10-10 01:43:41 | WARNING | akquant.execution.simulated | Deferred same-cycle order until cross-symbol reduce-first orders finish in current slice
2026-10-10 01:43:41 | WARNING | akquant.execution.simulated | Deferred same-cycle order until cross-symbol reduce-first orders finish in current slice
2026-10-10 01:43:41 | WARNING | akquant.execution.simulated | Deferred same-cycle order until cross-symbol reduce-first orders finish in current slice
2026-10-10 01:43:41 | INFO | akquant.strategy | [2023-06-08 00:00:00] rebalance 2023-06-08: 10 stocks
2026-10-10 01:43:41 | WARNING | akquant.execution.simulated | Deferred same-cycle order until cross-symbol reduce-first orders finish in current slice
2026-10-10 01:43:41 | WARNING | akquant.execution.simulated | Deferred same-cycle order until cross-symbol reduce-first orders finish in current slice
2026-10-10 01:43:41 | WARNING | akquant.execution.simulated | Deferred same-cycle order until cross-symbol reduce-first orders finish in current slice
2026-10-10 01:43:41 | WARNING | akquant.execution.simulated | Deferred same-cycle order until cross-symbol reduce-first orders finish in current slice
2026-10-10 01:43:41 | WARNING | akquant.execution.simulated | Deferred same-cycle order until cross-symbol reduce-first orders finish in current slice
2026-10-10 01:43:41 | WARNING | akquant.execution.simulated | Deferred same-cycle order until cross-symbol reduce-first orders finish in current slice
2026-10-10 01:43:41 | WARNING | akquant.execution.simulated | Deferred same-cycle order until cross-symbol reduce-first orders finish in current slice
2026-10-10 01:43:41 | WARNING | akquant.execution.simulated | Deferred same-cycle order until cross-symbol reduce-first orders finish in current slice
2026-10-10 01:43:41 | WARNING | akquant.execution.simulated | Deferred same-cycle order until cross-symbol reduce-first orders finish in current slice
2026-10-10 01:43:42 | INFO | akquant.strategy | [2023-07-10 00:00:00] rebalance 2023-07-10: 10 stocks
2026-10-10 01:43:42 | WARNING | akquant.execution.simulated | Deferred same-cycle order until cross-symbol reduce-first orders finish in current slice
2026-10-10 01:43:42 | WARNING | akquant.execution.simulated | Deferred same-cycle order until cross-symbol reduce-first orders finish in current slice
2026-10-10 01:43:42 | WARNING | akquant.execution.simulated | Deferred same-cycle order until cross-symbol reduce-first orders finish in current slice
2026-10-10 01:43:42 | WARNING | akquant.execution.simulated | Deferred same-cycle order until cross-symbol reduce-first orders finish in current slice
2026-10-10 01:43:42 | WARNING | akquant.execution.simulated | Deferred same-cycle order until cross-symbol reduce-first orders finish in current slice
2026-10-10 01:43:42 | WARNING | akquant.execution.simulated | Deferred same-cycle order until cross-symbol reduce-first orders finish in current slice
2026-10-10 01:43:42 | WARNING | akquant.execution.simulated | Deferred same-cycle order until cross-symbol reduce-first orders finish in current slice
2026-10-10 01:43:43 | INFO | akquant.strategy | [2023-08-07 00:00:00] rebalance 2023-08-07: 10 stocks
2026-10-10 01:43:43 | WARNING | akquant.execution.simulated | Deferred same-cycle order until cross-symbol reduce-first orders finish in current slice
2026-10-10 01:43:43 | WARNING | akquant.execution.simulated | Deferred same-cycle order until cross-symbol reduce-first orders finish in current slice
2026-10-10 01:43:43 | WARNING | akquant.execution.simulated | Deferred same-cycle order until cross-symbol reduce-first orders finish in current slice
2026-10-10 01:43:43 | WARNING | akquant.execution.simulated | Deferred same-cycle order until cross-symbol reduce-first orders finish in current slice
2026-10-10 01:43:43 | WARNING | akquant.execution.simulated | Deferred same-cycle order until cross-symbol reduce-first orders finish in current slice
2026-10-10 01:43:43 | WARNING | akquant.execution.simulated | Deferred same-cycle order until cross-symbol reduce-first orders finish in current slice
2026-10-10 01:43:43 | INFO | akquant.strategy | [2023-09-04 00:00:00] rebalance 2023-09-04: 9 stocks
2026-10-10 01:43:43 | WARNING | akquant.execution.simulated | Deferred same-cycle order until cross-symbol reduce-first orders finish in current slice
2026-10-10 01:43:43 | WARNING | akquant.execution.simulated | Deferred same-cycle order until cross-symbol reduce-first orders finish in current slice
2026-10-10 01:43:43 | WARNING | akquant.execution.simulated | Deferred same-cycle order until cross-symbol reduce-first orders finish in current slice
2026-10-10 01:43:43 | WARNING | akquant.execution.simulated | Deferred same-cycle order until cross-symbol reduce-first orders finish in current slice
2026-10-10 01:43:43 | WARNING | akquant.execution.simulated | Deferred same-cycle order until cross-symbol reduce-first orders finish in current slice
2026-10-10 01:43:43 | WARNING | akquant.execution.simulated | Deferred same-cycle order until cross-symbol reduce-first orders finish in current slice
2026-10-10 01:43:43 | WARNING | akquant.execution.simulated | Deferred same-cycle order until cross-symbol reduce-first orders finish in current slice
2026-10-10 01:43:43 | WARNING | akquant.execution.simulated | Deferred same-cycle order until cross-symbol reduce-first orders finish in current slice
2026-10-10 01:43:44 | INFO | akquant.strategy | [2023-10-10 00:00:00] rebalance 2023-10-10: 5 stocks
2026-10-10 01:43:44 | WARNING | akquant.execution.simulated | Deferred same-cycle order until cross-symbol reduce-first orders finish in current slice
2026-10-10 01:43:44 | WARNING | akquant.execution.simulated | Deferred same-cycle order until cross-symbol reduce-first orders finish in current slice
2026-10-10 01:43:44 | WARNING | akquant.execution.simulated | Deferred same-cycle order until cross-symbol reduce-first orders finish in current slice
2026-10-10 01:43:44 | WARNING | akquant.execution.simulated | Deferred same-cycle order until cross-symbol reduce-first orders finish in current slice
2026-10-10 01:43:44 | WARNING | akquant.execution.simulated | Deferred same-cycle order until cross-symbol reduce-first orders finish in current slice
2026-10-10 01:43:45 | INFO | akquant.strategy | [2023-11-07 00:00:00] rebalance 2023-11-07: 10 stocks
2026-10-10 01:43:45 | WARNING | akquant.execution.simulated | Deferred same-cycle order until cross-symbol reduce-first orders finish in current slice
2026-10-10 01:43:45 | WARNING | akquant.execution.simulated | Deferred same-cycle order until cross-symbol reduce-first orders finish in current slice
2026-10-10 01:43:45 | WARNING | akquant.execution.simulated | Deferred same-cycle order until cross-symbol reduce-first orders finish in current slice
2026-10-10 01:43:45 | WARNING | akquant.execution.simulated | Deferred same-cycle order until cross-symbol reduce-first orders finish in current slice
2026-10-10 01:43:45 | WARNING | akquant.execution.simulated | Deferred same-cycle order until cross-symbol reduce-first orders finish in current slice
2026-10-10 01:43:45 | WARNING | akquant.execution.simulated | Deferred same-cycle order until cross-symbol reduce-first orders finish in current slice
2026-10-10 01:43:45 | WARNING | akquant.execution.simulated | Deferred same-cycle order until cross-symbol reduce-first orders finish in current slice
2026-10-10 01:43:45 | WARNING | akquant.execution.simulated | Deferred same-cycle order until cross-symbol reduce-first orders finish in current slice
2026-10-10 01:43:45 | WARNING | akquant.execution.simulated | Deferred same-cycle order until cross-symbol reduce-first orders finish in current slice
2026-10-10 01:43:45 | INFO | akquant.strategy | [2023-12-05 00:00:00] rebalance 2023-12-05: 10 stocks
2026-10-10 01:43:45 | WARNING | akquant.execution.simulated | Deferred same-cycle order until cross-symbol reduce-first orders finish in current slice
2026-10-10 01:43:45 | WARNING | akquant.execution.simulated | Deferred same-cycle order until cross-symbol reduce-first orders finish in current slice
2026-10-10 01:43:45 | WARNING | akquant.execution.simulated | Deferred same-cycle order until cross-symbol reduce-first orders finish in current slice
2026-10-10 01:43:45 | WARNING | akquant.execution.simulated | Deferred same-cycle order until cross-symbol reduce-first orders finish in current slice
2026-10-10 01:43:45 | WARNING | akquant.execution.simulated | Deferred same-cycle order until cross-symbol reduce-first orders finish in current slice
2026-10-10 01:43:45 | WARNING | akquant.execution.simulated | Deferred same-cycle order until cross-symbol reduce-first orders finish in current slice
2026-10-10 01:43:45 | WARNING | akquant.execution.simulated | Deferred same-cycle order until cross-symbol reduce-first orders finish in current slice
2026-10-10 01:43:46 | INFO | akquant.strategy | [2024-01-03 00:00:00] rebalance 2024-01-03: 5 stocks
2026-10-10 01:43:46 | WARNING | akquant.execution.simulated | Deferred same-cycle order until cross-symbol reduce-first orders finish in current slice
2026-10-10 01:43:46 | WARNING | akquant.execution.simulated | Deferred same-cycle order until cross-symbol reduce-first orders finish in current slice
2026-10-10 01:43:46 | WARNING | akquant.execution.simulated | Deferred same-cycle order until cross-symbol reduce-first orders finish in current slice
2026-10-10 01:43:46 | WARNING | akquant.execution.simulated | Deferred same-cycle order until cross-symbol reduce-first orders finish in current slice
2026-10-10 01:43:46 | INFO | akquant.strategy | [2024-01-31 00:00:00] rebalance 2024-01-31: 5 stocks
2026-10-10 01:43:46 | WARNING | akquant.execution.simulated | Deferred same-cycle order until cross-symbol reduce-first orders finish in current slice
2026-10-10 01:43:46 | WARNING | akquant.execution.simulated | Deferred same-cycle order until cross-symbol reduce-first orders finish in current slice
2026-10-10 01:43:47 | WARNING | akquant.execution.simulated | Deferred same-cycle order until cross-symbol reduce-first orders finish in current slice
2026-10-10 01:43:47 | WARNING | akquant.execution.simulated | Deferred same-cycle order until cross-symbol reduce-first orders finish in current slice
2026-10-10 01:43:47 | WARNING | akquant.execution.simulated | Deferred same-cycle order until cross-symbol reduce-first orders finish in current slice
2026-10-10 01:43:47 | INFO | akquant.strategy | [2024-03-07 00:00:00] rebalance 2024-03-07: 10 stocks
2026-10-10 01:43:47 | WARNING | akquant.execution.simulated | Deferred same-cycle order until cross-symbol reduce-first orders finish in current slice
2026-10-10 01:43:47 | WARNING | akquant.execution.simulated | Deferred same-cycle order until cross-symbol reduce-first orders finish in current slice
2026-10-10 01:43:47 | WARNING | akquant.execution.simulated | Deferred same-cycle order until cross-symbol reduce-first orders finish in current slice
2026-10-10 01:43:47 | WARNING | akquant.execution.simulated | Deferred same-cycle order until cross-symbol reduce-first orders finish in current slice
2026-10-10 01:43:47 | WARNING | akquant.execution.simulated | Deferred same-cycle order until cross-symbol reduce-first orders finish in current slice
2026-10-10 01:43:47 | WARNING | akquant.execution.simulated | Deferred same-cycle order until cross-symbol reduce-first orders finish in current slice
2026-10-10 01:43:48 | INFO | akquant.strategy | [2024-04-08 00:00:00] rebalance 2024-04-08: 10 stocks
2026-10-10 01:43:48 | WARNING | akquant.execution.simulated | Deferred same-cycle order until cross-symbol reduce-first orders finish in current slice
2026-10-10 01:43:48 | WARNING | akquant.execution.simulated | Deferred same-cycle order until cross-symbol reduce-first orders finish in current slice
2026-10-10 01:43:48 | WARNING | akquant.execution.simulated | Deferred same-cycle order until cross-symbol reduce-first orders finish in current slice
2026-10-10 01:43:48 | WARNING | akquant.execution.simulated | Deferred same-cycle order until cross-symbol reduce-first orders finish in current slice
2026-10-10 01:43:48 | WARNING | akquant.execution.simulated | Deferred same-cycle order until cross-symbol reduce-first orders finish in current slice
2026-10-10 01:43:48 | WARNING | akquant.execution.simulated | Deferred same-cycle order until cross-symbol reduce-first orders finish in current slice
2026-10-10 01:43:48 | WARNING | akquant.execution.simulated | Deferred same-cycle order until cross-symbol reduce-first orders finish in current slice
2026-10-10 01:43:48 | WARNING | akquant.execution.simulated | Deferred same-cycle order until cross-symbol reduce-first orders finish in current slice
2026-10-10 01:43:48 | INFO | akquant.strategy | [2024-05-09 00:00:00] rebalance 2024-05-09: 10 stocks
2026-10-10 01:43:48 | WARNING | akquant.execution.simulated | Deferred same-cycle order until cross-symbol reduce-first orders finish in current slice
2026-10-10 01:43:48 | WARNING | akquant.execution.simulated | Deferred same-cycle order until cross-symbol reduce-first orders finish in current slice
2026-10-10 01:43:48 | WARNING | akquant.execution.simulated | Deferred same-cycle order until cross-symbol reduce-first orders finish in current slice
2026-10-10 01:43:48 | WARNING | akquant.execution.simulated | Deferred same-cycle order until cross-symbol reduce-first orders finish in current slice
2026-10-10 01:43:48 | WARNING | akquant.execution.simulated | Deferred same-cycle order until cross-symbol reduce-first orders finish in current slice
2026-10-10 01:43:48 | WARNING | akquant.execution.simulated | Deferred same-cycle order until cross-symbol reduce-first orders finish in current slice
2026-10-10 01:43:48 | WARNING | akquant.execution.simulated | Deferred same-cycle order until cross-symbol reduce-first orders finish in current slice
2026-10-10 01:43:48 | WARNING | akquant.execution.simulated | Deferred same-cycle order until cross-symbol reduce-first orders finish in current slice
2026-10-10 01:43:48 | WARNING | akquant.execution.simulated | Deferred same-cycle order until cross-symbol reduce-first orders finish in current slice
2026-10-10 01:43:48 | WARNING | akquant.execution.simulated | Deferred same-cycle order until cross-symbol reduce-first orders finish in current slice
2026-10-10 01:43:49 | INFO | akquant.strategy | [2024-06-06 00:00:00] rebalance 2024-06-06: 10 stocks
2026-10-10 01:43:49 | WARNING | akquant.execution.simulated | Deferred same-cycle order until cross-symbol reduce-first orders finish in current slice
2026-10-10 01:43:49 | WARNING | akquant.execution.simulated | Deferred same-cycle order until cross-symbol reduce-first orders finish in current slice
2026-10-10 01:43:49 | WARNING | akquant.execution.simulated | Deferred same-cycle order until cross-symbol reduce-first orders finish in current slice
2026-10-10 01:43:49 | WARNING | akquant.execution.simulated | Deferred same-cycle order until cross-symbol reduce-first orders finish in current slice
2026-10-10 01:43:49 | WARNING | akquant.execution.simulated | Deferred same-cycle order until cross-symbol reduce-first orders finish in current slice
2026-10-10 01:43:49 | WARNING | akquant.execution.simulated | Deferred same-cycle order until cross-symbol reduce-first orders finish in current slice
2026-10-10 01:43:49 | WARNING | akquant.execution.simulated | Deferred same-cycle order until cross-symbol reduce-first orders finish in current slice
2026-10-10 01:43:49 | WARNING | akquant.execution.simulated | Deferred same-cycle order until cross-symbol reduce-first orders finish in current slice
2026-10-10 01:43:49 | WARNING | akquant.execution.simulated | Deferred same-cycle order until cross-symbol reduce-first orders finish in current slice
2026-10-10 01:43:50 | INFO | akquant.strategy | [2024-07-05 00:00:00] rebalance 2024-07-05: 10 stocks
2026-10-10 01:43:50 | WARNING | akquant.execution.simulated | Deferred same-cycle order until cross-symbol reduce-first orders finish in current slice
2026-10-10 01:43:50 | WARNING | akquant.execution.simulated | Deferred same-cycle order until cross-symbol reduce-first orders finish in current slice
2026-10-10 01:43:50 | WARNING | akquant.execution.simulated | Deferred same-cycle order until cross-symbol reduce-first orders finish in current slice
2026-10-10 01:43:50 | WARNING | akquant.execution.simulated | Deferred same-cycle order until cross-symbol reduce-first orders finish in current slice
2026-10-10 01:43:50 | WARNING | akquant.execution.simulated | Deferred same-cycle order until cross-symbol reduce-first orders finish in current slice
2026-10-10 01:43:50 | WARNING | akquant.execution.simulated | Deferred same-cycle order until cross-symbol reduce-first orders finish in current slice
2026-10-10 01:43:50 | WARNING | akquant.execution.simulated | Deferred same-cycle order until cross-symbol reduce-first orders finish in current slice
2026-10-10 01:43:50 | INFO | akquant.strategy | [2024-08-02 00:00:00] rebalance 2024-08-02: 10 stocks
2026-10-10 01:43:50 | WARNING | akquant.execution.simulated | Deferred same-cycle order until cross-symbol reduce-first orders finish in current slice
2026-10-10 01:43:50 | WARNING | akquant.execution.simulated | Deferred same-cycle order until cross-symbol reduce-first orders finish in current slice
2026-10-10 01:43:50 | WARNING | akquant.execution.simulated | Deferred same-cycle order until cross-symbol reduce-first orders finish in current slice
2026-10-10 01:43:50 | WARNING | akquant.execution.simulated | Deferred same-cycle order until cross-symbol reduce-first orders finish in current slice
2026-10-10 01:43:50 | WARNING | akquant.execution.simulated | Deferred same-cycle order until cross-symbol reduce-first orders finish in current slice
2026-10-10 01:43:50 | WARNING | akquant.execution.simulated | Deferred same-cycle order until cross-symbol reduce-first orders finish in current slice
2026-10-10 01:43:50 | WARNING | akquant.execution.simulated | Deferred same-cycle order until cross-symbol reduce-first orders finish in current slice
2026-10-10 01:43:50 | WARNING | akquant.execution.simulated | Deferred same-cycle order until cross-symbol reduce-first orders finish in current slice
2026-10-10 01:43:50 | WARNING | akquant.execution.simulated | Deferred same-cycle order until cross-symbol reduce-first orders finish in current slice
2026-10-10 01:43:51 | INFO | akquant.strategy | [2024-08-30 00:00:00] rebalance 2024-08-30: 5 stocks
2026-10-10 01:43:51 | WARNING | akquant.execution.simulated | Deferred same-cycle order until cross-symbol reduce-first orders finish in current slice
2026-10-10 01:43:51 | WARNING | akquant.execution.simulated | Deferred same-cycle order until cross-symbol reduce-first orders finish in current slice
2026-10-10 01:43:51 | WARNING | akquant.execution.simulated | Deferred same-cycle order until cross-symbol reduce-first orders finish in current slice
2026-10-10 01:43:51 | WARNING | akquant.execution.simulated | Deferred same-cycle order until cross-symbol reduce-first orders finish in current slice
2026-10-10 01:43:51 | WARNING | akquant.execution.simulated | Deferred same-cycle order until cross-symbol reduce-first orders finish in current slice
2026-10-10 01:43:52 | INFO | akquant.strategy | [2024-10-08 00:00:00] rebalance 2024-10-08: 10 stocks
2026-10-10 01:43:52 | WARNING | akquant.execution.simulated | Deferred same-cycle order until cross-symbol reduce-first orders finish in current slice
2026-10-10 01:43:52 | WARNING | akquant.execution.simulated | Deferred same-cycle order until cross-symbol reduce-first orders finish in current slice
2026-10-10 01:43:52 | WARNING | akquant.execution.simulated | Deferred same-cycle order until cross-symbol reduce-first orders finish in current slice
2026-10-10 01:43:52 | WARNING | akquant.execution.simulated | Deferred same-cycle order until cross-symbol reduce-first orders finish in current slice
2026-10-10 01:43:52 | WARNING | akquant.execution.simulated | Deferred same-cycle order until cross-symbol reduce-first orders finish in current slice
2026-10-10 01:43:52 | WARNING | akquant.execution.simulated | Deferred same-cycle order until cross-symbol reduce-first orders finish in current slice
2026-10-10 01:43:52 | WARNING | akquant.execution.simulated | Deferred same-cycle order until cross-symbol reduce-first orders finish in current slice
2026-10-10 01:43:52 | WARNING | akquant.execution.simulated | Deferred same-cycle order until cross-symbol reduce-first orders finish in current slice
2026-10-10 01:43:52 | WARNING | akquant.execution.simulated | Deferred same-cycle order until cross-symbol reduce-first orders finish in current slice
2026-10-10 01:43:52 | INFO | akquant.strategy | [2024-11-05 00:00:00] rebalance 2024-11-05: 6 stocks
2026-10-10 01:43:52 | WARNING | akquant.execution.simulated | Deferred same-cycle order until cross-symbol reduce-first orders finish in current slice
2026-10-10 01:43:52 | WARNING | akquant.execution.simulated | Deferred same-cycle order until cross-symbol reduce-first orders finish in current slice
2026-10-10 01:43:52 | WARNING | akquant.execution.simulated | Deferred same-cycle order until cross-symbol reduce-first orders finish in current slice
2026-10-10 01:43:52 | WARNING | akquant.execution.simulated | Deferred same-cycle order until cross-symbol reduce-first orders finish in current slice
2026-10-10 01:43:52 | WARNING | akquant.execution.simulated | Deferred same-cycle order until cross-symbol reduce-first orders finish in current slice
2026-10-10 01:43:53 | INFO | akquant.strategy | [2024-12-03 00:00:00] rebalance 2024-12-03: 8 stocks
2026-10-10 01:43:53 | WARNING | akquant.execution.simulated | Deferred same-cycle order until cross-symbol reduce-first orders finish in current slice
2026-10-10 01:43:53 | WARNING | akquant.execution.simulated | Deferred same-cycle order until cross-symbol reduce-first orders finish in current slice
2026-10-10 01:43:53 | WARNING | akquant.execution.simulated | Deferred same-cycle order until cross-symbol reduce-first orders finish in current slice
2026-10-10 01:43:53 | WARNING | akquant.execution.simulated | Deferred same-cycle order until cross-symbol reduce-first orders finish in current slice
2026-10-10 01:43:53 | WARNING | akquant.execution.simulated | Deferred same-cycle order until cross-symbol reduce-first orders finish in current slice
2026-10-10 01:43:54 | INFO | akquant.strategy | [2024-12-31 00:00:00] rebalance 2024-12-31: 10 stocks
2026-10-10 01:43:54 | WARNING | akquant.execution.simulated | Deferred same-cycle order until cross-symbol reduce-first orders finish in current slice
2026-10-10 01:43:54 | WARNING | akquant.execution.simulated | Deferred same-cycle order until cross-symbol reduce-first orders finish in current slice
2026-10-10 01:43:54 | INFO | akquant.strategy | [2025-02-06 00:00:00] rebalance 2025-02-06: 9 stocks
2026-10-10 01:43:54 | WARNING | akquant.execution.simulated | Deferred same-cycle order until cross-symbol reduce-first orders finish in current slice
2026-10-10 01:43:54 | WARNING | akquant.execution.simulated | Deferred same-cycle order until cross-symbol reduce-first orders finish in current slice
2026-10-10 01:43:54 | WARNING | akquant.execution.simulated | Deferred same-cycle order until cross-symbol reduce-first orders finish in current slice
2026-10-10 01:43:54 | WARNING | akquant.execution.simulated | Deferred same-cycle order until cross-symbol reduce-first orders finish in current slice
2026-10-10 01:43:54 | WARNING | akquant.execution.simulated | Deferred same-cycle order until cross-symbol reduce-first orders finish in current slice
2026-10-10 01:43:54 | WARNING | akquant.execution.simulated | Deferred same-cycle order until cross-symbol reduce-first orders finish in current slice
2026-10-10 01:43:54 | WARNING | akquant.execution.simulated | Deferred same-cycle order until cross-symbol reduce-first orders finish in current slice
2026-10-10 01:43:54 | WARNING | akquant.execution.simulated | Deferred same-cycle order until cross-symbol reduce-first orders finish in current slice
2026-10-10 01:43:54 | WARNING | akquant.execution.simulated | Deferred same-cycle order until cross-symbol reduce-first orders finish in current slice
2026-10-10 01:43:55 | INFO | akquant.strategy | [2025-03-06 00:00:00] rebalance 2025-03-06: 10 stocks
2026-10-10 01:43:55 | WARNING | akquant.execution.simulated | Deferred same-cycle order until cross-symbol reduce-first orders finish in current slice
2026-10-10 01:43:55 | WARNING | akquant.execution.simulated | Deferred same-cycle order until cross-symbol reduce-first orders finish in current slice
2026-10-10 01:43:55 | WARNING | akquant.execution.simulated | Deferred same-cycle order until cross-symbol reduce-first orders finish in current slice
2026-10-10 01:43:55 | WARNING | akquant.execution.simulated | Deferred same-cycle order until cross-symbol reduce-first orders finish in current slice
2026-10-10 01:43:55 | WARNING | akquant.execution.simulated | Deferred same-cycle order until cross-symbol reduce-first orders finish in current slice
2026-10-10 01:43:55 | WARNING | akquant.execution.simulated | Deferred same-cycle order until cross-symbol reduce-first orders finish in current slice
2026-10-10 01:43:55 | INFO | akquant.strategy | [2025-04-03 00:00:00] rebalance 2025-04-03: 6 stocks
2026-10-10 01:43:55 | WARNING | akquant.execution.simulated | Deferred same-cycle order until cross-symbol reduce-first orders finish in current slice
2026-10-10 01:43:55 | WARNING | akquant.execution.simulated | Deferred same-cycle order until cross-symbol reduce-first orders finish in current slice
2026-10-10 01:43:55 | WARNING | akquant.execution.simulated | Deferred same-cycle order until cross-symbol reduce-first orders finish in current slice
2026-10-10 01:43:55 | WARNING | akquant.execution.simulated | Deferred same-cycle order until cross-symbol reduce-first orders finish in current slice
2026-10-10 01:43:55 | WARNING | akquant.execution.simulated | Deferred same-cycle order until cross-symbol reduce-first orders finish in current slice
2026-10-10 01:43:56 | WARNING | akquant.execution.simulated | Deferred same-cycle order until cross-symbol reduce-first orders finish in current slice
2026-10-10 01:43:56 | INFO | akquant.strategy | [2025-05-07 00:00:00] rebalance 2025-05-07: 5 stocks
2026-10-10 01:43:56 | WARNING | akquant.execution.simulated | Deferred same-cycle order until cross-symbol reduce-first orders finish in current slice
2026-10-10 01:43:56 | WARNING | akquant.execution.simulated | Deferred same-cycle order until cross-symbol reduce-first orders finish in current slice
2026-10-10 01:43:56 | WARNING | akquant.execution.simulated | Deferred same-cycle order until cross-symbol reduce-first orders finish in current slice
2026-10-10 01:43:56 | WARNING | akquant.execution.simulated | Deferred same-cycle order until cross-symbol reduce-first orders finish in current slice
2026-10-10 01:43:56 | WARNING | akquant.execution.simulated | Deferred same-cycle order until cross-symbol reduce-first orders finish in current slice
2026-10-10 01:43:57 | INFO | akquant.strategy | [2025-06-05 00:00:00] rebalance 2025-06-05: 6 stocks
2026-10-10 01:43:57 | WARNING | akquant.execution.simulated | Deferred same-cycle order until cross-symbol reduce-first orders finish in current slice
2026-10-10 01:43:57 | WARNING | akquant.execution.simulated | Deferred same-cycle order until cross-symbol reduce-first orders finish in current slice
2026-10-10 01:43:57 | WARNING | akquant.execution.simulated | Deferred same-cycle order until cross-symbol reduce-first orders finish in current slice
2026-10-10 01:43:57 | WARNING | akquant.execution.simulated | Deferred same-cycle order until cross-symbol reduce-first orders finish in current slice
2026-10-10 01:43:57 | INFO | akquant.strategy | [2025-07-03 00:00:00] rebalance 2025-07-03: 10 stocks
2026-10-10 01:43:57 | WARNING | akquant.execution.simulated | Deferred same-cycle order until cross-symbol reduce-first orders finish in current slice
2026-10-10 01:43:57 | WARNING | akquant.execution.simulated | Deferred same-cycle order until cross-symbol reduce-first orders finish in current slice
2026-10-10 01:43:57 | WARNING | akquant.execution.simulated | Deferred same-cycle order until cross-symbol reduce-first orders finish in current slice
2026-10-10 01:43:57 | WARNING | akquant.execution.simulated | Deferred same-cycle order until cross-symbol reduce-first orders finish in current slice
2026-10-10 01:43:57 | WARNING | akquant.execution.simulated | Deferred same-cycle order until cross-symbol reduce-first orders finish in current slice
2026-10-10 01:43:57 | WARNING | akquant.execution.simulated | Deferred same-cycle order until cross-symbol reduce-first orders finish in current slice
2026-10-10 01:43:58 | INFO | akquant.strategy | [2025-07-31 00:00:00] rebalance 2025-07-31: 10 stocks
2026-10-10 01:43:58 | WARNING | akquant.execution.simulated | Deferred same-cycle order until cross-symbol reduce-first orders finish in current slice
2026-10-10 01:43:58 | WARNING | akquant.execution.simulated | Deferred same-cycle order until cross-symbol reduce-first orders finish in current slice
2026-10-10 01:43:58 | WARNING | akquant.execution.simulated | Deferred same-cycle order until cross-symbol reduce-first orders finish in current slice
2026-10-10 01:43:58 | WARNING | akquant.execution.simulated | Deferred same-cycle order until cross-symbol reduce-first orders finish in current slice
2026-10-10 01:43:58 | WARNING | akquant.execution.simulated | Deferred same-cycle order until cross-symbol reduce-first orders finish in current slice
2026-10-10 01:43:58 | WARNING | akquant.execution.simulated | Rejected order: Risk: Insufficient available position for 300308.SZ at execution. Available: 62680.21999999999387398474932, Required: 62680.219999999993888195604065
2026-10-10 01:43:59 | INFO | akquant.strategy | [2025-08-28 00:00:00] rebalance 2025-08-28: 10 stocks
2026-10-10 01:43:59 | WARNING | akquant.execution.simulated | Deferred same-cycle order until cross-symbol reduce-first orders finish in current slice
2026-10-10 01:43:59 | WARNING | akquant.execution.simulated | Deferred same-cycle order until cross-symbol reduce-first orders finish in current slice
2026-10-10 01:43:59 | WARNING | akquant.execution.simulated | Deferred same-cycle order until cross-symbol reduce-first orders finish in current slice
2026-10-10 01:43:59 | INFO | akquant.strategy | [2025-09-25 00:00:00] rebalance 2025-09-25: 10 stocks
2026-10-10 01:43:59 | WARNING | akquant.execution.simulated | Deferred same-cycle order until cross-symbol reduce-first orders finish in current slice
2026-10-10 01:43:59 | WARNING | akquant.execution.simulated | Deferred same-cycle order until cross-symbol reduce-first orders finish in current slice
2026-10-10 01:43:59 | WARNING | akquant.execution.simulated | Deferred same-cycle order until cross-symbol reduce-first orders finish in current slice
2026-10-10 01:43:59 | WARNING | akquant.execution.simulated | Deferred same-cycle order until cross-symbol reduce-first orders finish in current slice
2026-10-10 01:43:59 | WARNING | akquant.execution.simulated | Deferred same-cycle order until cross-symbol reduce-first orders finish in current slice
2026-10-10 01:43:59 | WARNING | akquant.execution.simulated | Deferred same-cycle order until cross-symbol reduce-first orders finish in current slice
2026-10-10 01:43:59 | WARNING | akquant.execution.simulated | Rejected order: Risk: Insufficient available position for 300308.SZ at execution. Available: 44180.21999999999387398474932, Required: 44180.21999999999388819560408
2026-10-10 01:43:59 | WARNING | akquant.execution.simulated | Rejected order: Risk: Insufficient available position for 300394.SZ at execution. Available: 105255.99999999998742516993379, Required: 105256
2026-10-10 01:44:00 | INFO | akquant.strategy | [2025-10-31 00:00:00] rebalance 2025-10-31: 10 stocks
2026-10-10 01:44:00 | WARNING | akquant.execution.simulated | Deferred same-cycle order until cross-symbol reduce-first orders finish in current slice
2026-10-10 01:44:00 | WARNING | akquant.execution.simulated | Deferred same-cycle order until cross-symbol reduce-first orders finish in current slice
2026-10-10 01:44:00 | WARNING | akquant.execution.simulated | Deferred same-cycle order until cross-symbol reduce-first orders finish in current slice
2026-10-10 01:44:00 | WARNING | akquant.execution.simulated | Deferred same-cycle order until cross-symbol reduce-first orders finish in current slice
2026-10-10 01:44:00 | WARNING | akquant.execution.simulated | Deferred same-cycle order until cross-symbol reduce-first orders finish in current slice
2026-10-10 01:44:00 | WARNING | akquant.execution.simulated | Deferred same-cycle order until cross-symbol reduce-first orders finish in current slice
2026-10-10 01:44:00 | WARNING | akquant.execution.simulated | Deferred same-cycle order until cross-symbol reduce-first orders finish in current slice
2026-10-10 01:44:00 | WARNING | akquant.execution.simulated | Deferred same-cycle order until cross-symbol reduce-first orders finish in current slice
2026-10-10 01:44:00 | WARNING | akquant.execution.simulated | Deferred same-cycle order until cross-symbol reduce-first orders finish in current slice
2026-10-10 01:44:01 | INFO | akquant.strategy | [2025-11-28 00:00:00] rebalance 2025-11-28: 10 stocks
2026-10-10 01:44:01 | WARNING | akquant.execution.simulated | Deferred same-cycle order until cross-symbol reduce-first orders finish in current slice
2026-10-10 01:44:01 | WARNING | akquant.execution.simulated | Deferred same-cycle order until cross-symbol reduce-first orders finish in current slice
2026-10-10 01:44:01 | WARNING | akquant.execution.simulated | Deferred same-cycle order until cross-symbol reduce-first orders finish in current slice
2026-10-10 01:44:01 | WARNING | akquant.execution.simulated | Deferred same-cycle order until cross-symbol reduce-first orders finish in current slice
2026-10-10 01:44:01 | WARNING | akquant.execution.simulated | Deferred same-cycle order until cross-symbol reduce-first orders finish in current slice
2026-10-10 01:44:01 | WARNING | akquant.execution.simulated | Deferred same-cycle order until cross-symbol reduce-first orders finish in current slice
2026-10-10 01:44:01 | WARNING | akquant.execution.simulated | Deferred same-cycle order until cross-symbol reduce-first orders finish in current slice
2026-10-10 01:44:01 | INFO | akquant.strategy | [2025-12-26 00:00:00] rebalance 2025-12-26: 10 stocks
2026-10-10 01:44:01 | WARNING | akquant.execution.simulated | Deferred same-cycle order until cross-symbol reduce-first orders finish in current slice
2026-10-10 01:44:01 | WARNING | akquant.execution.simulated | Deferred same-cycle order until cross-symbol reduce-first orders finish in current slice
2026-10-10 01:44:01 | WARNING | akquant.execution.simulated | Deferred same-cycle order until cross-symbol reduce-first orders finish in current slice
2026-10-10 01:44:01 | WARNING | akquant.execution.simulated | Deferred same-cycle order until cross-symbol reduce-first orders finish in current slice
2026-10-10 01:44:01 | WARNING | akquant.execution.simulated | Deferred same-cycle order until cross-symbol reduce-first orders finish in current slice
2026-10-10 01:44:01 | WARNING | akquant.execution.simulated | Deferred same-cycle order until cross-symbol reduce-first orders finish in current slice
2026-10-10 01:44:01 | WARNING | akquant.execution.simulated | Deferred same-cycle order until cross-symbol reduce-first orders finish in current slice
2026-10-10 01:44:01 | WARNING | akquant.execution.simulated | Deferred same-cycle order until cross-symbol reduce-first orders finish in current slice
2026-10-10 01:44:01 | WARNING | akquant.execution.simulated | Deferred same-cycle order until cross-symbol reduce-first orders finish in current slice
2026-10-10 01:44:01 | WARNING | akquant.execution.simulated | Rejected order: Risk: Insufficient available position for 300308.SZ at execution. Available: 28380.21999999999387398474932, Required: 28380.21999999999388819560408
[01:44:01] finished in 91.7s
[01:44:02]   [PASS] trades_exist: 1654
[01:44:02]   [PASS] orders_exist: 3056
[01:44:02]   [PASS] orders_both_sides: {'OrderSide.Sell': 1568, 'OrderSide.Buy': 1488}
[01:44:02]   [FAIL] orders_rejected_classified: filled=2977, rejected=70, suspension=45, margin=18
[01:44:02]   [PASS] buy_qty_lot_multiple: n_buys=1488
[01:44:02]   [PASS] sell_odd_lots_info: odd_sells=16/1568 (split residues)
[01:44:02]   [PASS] nav_bounded: last=2025-12-31
[01:44:02]   [PASS] rebalance_dates_in_window: 195
[01:44:02]   [PASS] trade_pnl_identity: diff=0.000000
[01:44:02]   [PASS] mdd_recomputed: -0.692773
[01:44:02]   [PASS] holding_cap_21bars: pct_20_22=0.897 median=20.0 n_le_1=83
[01:44:02] saved=evidence/audit_lookahead_20261010/sims_routerlag/V14_0
