average_filled_price,commission,created_at,created_at_iso,filled_quantity,graph_id,id,order_role,order_type,owner_strategy_id,parent_order_id,position_effect,price,quantity,reduce_only,reject_reason,side,status,symbol,tag,time_in_force,trail_offset,trail_reference_price,trigger_price,updated_at,updated_at_iso
34.1341,22255.4332,1263225600000000000,2010-01-11T16:00:00Z,260800.0,,3b86fc22-f47d-4cb9-b73c-a3d71badfdb7,OrderRole.Standalone,OrderType.Market,_default,,PositionEffect.Open,,260800.0,False,,OrderSide.Buy,OrderStatus.Filled,000596.SZ,,TimeInForce.GTC,,,,1263312000000000000,2010-01-12T16:00:00Z
15.15514,22024.207205,1263225600000000000,2010-01-11T16:00:00Z,581300.0,,309d3e3c-d0f3-4fe8-b25f-ca34093ddf34,OrderRole.Standalone,OrderType.Market,_default,,PositionEffect.Open,,581300.0,False,,OrderSide.Buy,OrderStatus.Filled,000988.SZ,,TimeInForce.GTC,,,,1263312000000000000,2010-01-12T16:00:00Z
23.43341,22232.4477375,1263225600000000000,2010-01-11T16:00:00Z,379500.0,,bff21409-4f45-4216-9309-38f4e7f4ea89,OrderRole.Standalone,OrderType.Market,_default,,PositionEffect.Open,,379500.0,False,,OrderSide.Buy,OrderStatus.Filled,002180.SZ,,TimeInForce.GTC,,,,1263312000000000000,2010-01-12T16:00:00Z
74.1741,21936.990075,1263225600000000000,2010-01-11T16:00:00Z,118300.0,,4c7f265c-ec7e-4bcc-865c-9bb8f537d506,OrderRole.Standalone,OrderType.Market,_default,,PositionEffect.Open,,118300.0,False,,OrderSide.Buy,OrderStatus.Filled,002236.SZ,,TimeInForce.GTC,,,,1263312000000000000,2010-01-12T16:00:00Z
31.9319,22096.8748,1263225600000000000,2010-01-11T16:00:00Z,276800.0,,bdfb4f08-e2ea-4bb5-8d9c-7c49c4dc2469,OrderRole.Standalone,OrderType.Market,_default,,PositionEffect.Open,,276800.0,False,,OrderSide.Buy,OrderStatus.Filled,002241.SZ,,TimeInForce.GTC,,,,1263312000000000000,2010-01-12T16:00:00Z
62.94288,22218.83664,1263225600000000000,2010-01-11T16:00:00Z,141200.0,,f521bdd3-a522-44e6-bf63-5b357df5e6ed,OrderRole.Standalone,OrderType.Market,_default,,PositionEffect.Open,,141200.0,False,,OrderSide.Buy,OrderStatus.Filled,002271.SZ,,TimeInForce.GTC,,,,1263312000000000000,2010-01-12T16:00:00Z
14.79478,21770.51877,1263225600000000000,2010-01-11T16:00:00Z,588600.0,,ffa8d8ea-2851-46a7-ae8e-52966d0ffc23,OrderRole.Standalone,OrderType.Market,_default,,PositionEffect.Open,,588600.0,False,,OrderSide.Buy,OrderStatus.Filled,600460.SH,,TimeInForce.GTC,,,,1263312000000000000,2010-01-12T16:00:00Z
21.021,21825.05325,1263225600000000000,2010-01-11T16:00:00Z,415300.0,,03fa12b5-4959-42cf-be3e-543a0a779039,OrderRole.Standalone,OrderType.Market,_default,,PositionEffect.Open,,415300.0,False,,OrderSide.Buy,OrderStatus.Filled,600570.SH,,TimeInForce.GTC,,,,1263312000000000000,2010-01-12T16:00:00Z
9.8098,22094.12205,1263225600000000000,2010-01-11T16:00:00Z,900900.0,,7eddd3b9-ecbd-47a2-80a0-8ffab5504a35,OrderRole.Standalone,OrderType.Market,_default,,PositionEffect.Open,,900900.0,False,,OrderSide.Buy,OrderStatus.Filled,600584.SH,,TimeInForce.GTC,,,,1263312000000000000,2010-01-12T16:00:00Z
7.41741,21729.302595,1263225600000000000,2010-01-11T16:00:00Z,1171800.0,,ceeacf22-d9ba-4ede-845f-36c9deb0e8ae,OrderRole.Standalone,OrderType.Market,_default,,PositionEffect.Open,,1171800.0,False,,OrderSide.Buy,OrderStatus.Filled,601998.SH,,TimeInForce.GTC,,,,1263312000000000000,2010-01-12T16:00:00Z
33.7662,22015.5624,1265644800000000000,2010-02-08T16:00:00Z,260800.0,,bdcb9c09-37e3-4933-b8cc-82d2bbbc93d2,OrderRole.Standalone,OrderType.Market,_default,,PositionEffect.Close,,260800.0,False,,OrderSide.Sell,OrderStatus.Filled,000596.SZ,,TimeInForce.GTC,,,,1265731200000000000,2010-02-09T16:00:00Z
15.16482,22038.274665,1265644800000000000,2010-02-08T16:00:00Z,581300.0,,c98ead71-7af3-4d73-a406-9f5c998f6031,OrderRole.Standalone,OrderType.Market,_default,,PositionEffect.Close,,581300.0,False,,OrderSide.Sell,OrderStatus.Filled,000988.SZ,,TimeInForce.GTC,,,,1265731200000000000,2010-02-09T16:00:00Z
20.5794,19524.70575,1265644800000000000,2010-02-08T16:00:00Z,379500.0,,85f2cabb-e7c8-4dc6-a42c-3f4e8c206be1,OrderRole.Standalone,OrderType.Market,_default,,PositionEffect.Close,,379500.0,False,,OrderSide.Sell,OrderStatus.Filled,002180.SZ,,TimeInForce.GTC,,,,1265731200000000000,2010-02-09T16:00:00Z
68.75118,20333.161485,1265644800000000000,2010-02-08T16:00:00Z,118300.0,,c4eba893-6c3f-4a07-8759-af058eddcce7,OrderRole.Standalone,OrderType.Market,_default,,PositionEffect.Close,,118300.0,False,,OrderSide.Sell,OrderStatus.Filled,002236.SZ,,TimeInForce.GTC,,,,1265731200000000000,2010-02-09T16:00:00Z
28.20177,19515.62484,1265644800000000000,2010-02-08T16:00:00Z,276800.0,,6d583e9d-13d5-40dd-ac6c-e9eafba15fbb,OrderRole.Standalone,OrderType.Market,_default,,PositionEffect.Close,,276800.0,False,,OrderSide.Sell,OrderStatus.Filled,002241.SZ,,TimeInForce.GTC,,,,1265731200000000000,2010-02-09T16:00:00Z
12.44754,18316.55511,1265644800000000000,2010-02-08T16:00:00Z,588600.0,,b468ec75-dec2-49de-9665-1d716f949c45,OrderRole.Standalone,OrderType.Market,_default,,PositionEffect.Close,,588600.0,False,,OrderSide.Sell,OrderStatus.Filled,600460.SH,,TimeInForce.GTC,,,,1265731200000000000,2010-02-09T16:00:00Z
20.68929,21480.6553425,1265644800000000000,2010-02-08T16:00:00Z,415300.0,,8bb68b2c-ccbb-4fbe-a456-7657a295cf7e,OrderRole.Standalone,OrderType.Market,_default,,PositionEffect.Close,,415300.0,False,,OrderSide.Sell,OrderStatus.Filled,600570.SH,,TimeInForce.GTC,,,,1265731200000000000,2010-02-09T16:00:00Z
6.74325,19754.350875,1265644800000000000,2010-02-08T16:00:00Z,1171800.0,,8175f8ea-d101-4f42-a57a-35b4fefbf7e6,OrderRole.Standalone,OrderType.Market,_default,,PositionEffect.Close,,1171800.0,False,,OrderSide.Sell,OrderStatus.Filled,601998.SH,,TimeInForce.GTC,,,,1265731200000000000,2010-02-09T16:00:00Z
35.14511,20612.607015,1265644800000000000,2010-02-08T16:00:00Z,234600.0,,a293af66-25cb-4d41-9352-3a5dfb20bb35,OrderRole.Standalone,OrderType.Market,_default,,PositionEffect.Open,,234600.0,False,,OrderSide.Buy,OrderStatus.Filled,000425.SZ,,TimeInForce.GTC,,,,1265731200000000000,2010-02-09T16:00:00Z
7.66766,20716.100405,1265644800000000000,2010-02-08T16:00:00Z,1080700.0,,5b7bd45b-1cf9-455d-bc1a-709688197784,OrderRole.Standalone,OrderType.Market,_default,,PositionEffect.Open,,1080700.0,False,,OrderSide.Buy,OrderStatus.Filled,000657.SZ,,TimeInForce.GTC,,,,1265731200000000000,2010-02-09T16:00:00Z
31.2312,20721.9012,1265644800000000000,2010-02-08T16:00:00Z,265400.0,,d37a2b71-8a39-4934-b1ab-dbedbb5d001c,OrderRole.Standalone,OrderType.Market,_default,,PositionEffect.Open,,265400.0,False,,OrderSide.Buy,OrderStatus.Filled,000661.SZ,,TimeInForce.GTC,,,,1265731200000000000,2010-02-09T16:00:00Z
4.77477,20394.2363625,1265644800000000000,2010-02-08T16:00:00Z,1708500.0,,c32ed629-dab8-40ff-a1c3-ecf3a9d34d41,OrderRole.Standalone,OrderType.Market,_default,,PositionEffect.Open,,1708500.0,False,,OrderSide.Buy,OrderStatus.Filled,000725.SZ,,TimeInForce.GTC,,,,1265731200000000000,2010-02-09T16:00:00Z
14.66465,20508.513025,1265644800000000000,2010-02-08T16:00:00Z,559400.0,,500e858e-f682-48fd-a985-7be1772b1513,OrderRole.Standalone,OrderType.Market,_default,,PositionEffect.Open,,559400.0,False,,OrderSide.Buy,OrderStatus.Filled,000977.SZ,,TimeInForce.GTC,,,,1265731200000000000,2010-02-09T16:00:00Z
28.6286,21471.45,1265644800000000000,2010-02-08T16:00:00Z,300000.0,,942c807f-c623-47df-9169-14953f69b6e0,OrderRole.Standalone,OrderType.Market,_default,,PositionEffect.Open,,300000.0,False,,OrderSide.Buy,OrderStatus.Filled,600118.SH,,TimeInForce.GTC,,,,1265731200000000000,2010-02-09T16:00:00Z
10.50049,20628.212605,1265644800000000000,2010-02-08T16:00:00Z,785800.0,,9edf359e-8912-45e8-a7c3-0b9227820f4e,OrderRole.Standalone,OrderType.Market,_default,,PositionEffect.Open,,785800.0,False,,OrderSide.Buy,OrderStatus.Filled,600183.SH,,TimeInForce.GTC,,,,1265731200000000000,2010-02-09T16:00:00Z
9.57957,20145.83571,1265644800000000000,2010-02-08T16:00:00Z,841200.0,,da93ca65-b142-4183-88e1-69e247554b5e,OrderRole.Standalone,OrderType.Market,_default,,PositionEffect.Open,,841200.0,False,,OrderSide.Buy,OrderStatus.Filled,600732.SH,,TimeInForce.GTC,,,,1265731200000000000,2010-02-09T16:00:00Z
7.74774,3374.14077,1265644800000000000,2010-02-08T16:00:00Z,174200.0,,acc2957a-5eca-4c89-863e-0e0e13cc6903,OrderRole.Standalone,OrderType.Market,_default,,PositionEffect.Open,,174200.0,False,,OrderSide.Buy,OrderStatus.Filled,600584.SH,,TimeInForce.GTC,,,,1265731200000000000,2010-02-09T16:00:00Z
56.68663,609.3812725,1265644800000000000,2010-02-08T16:00:00Z,4300.0,,b72f2f3f-6fd6-4b9d-a98c-52d978f35380,OrderRole.Standalone,OrderType.Market,_default,,PositionEffect.Open,,4300.0,False,,OrderSide.Buy,OrderStatus.Filled,002271.SZ,,TimeInForce.GTC,,,,1265731200000000000,2010-02-09T16:00:00Z
59.3406,21585.14325,1265731200000000000,2010-02-09T16:00:00Z,145500.0,,58701171-38f8-4353-9748-3e1eaa4314f4,OrderRole.Standalone,OrderType.Market,_default,,PositionEffect.Close,,145500.0,False,,OrderSide.Sell,OrderStatus.Filled,002271.SZ,,TimeInForce.GTC,,,,1265817600000000000,2010-02-10T16:00:00Z
7.77222,20889.784305,1265731200000000000,2010-02-09T16:00:00Z,1075100.0,,c2a058b9-e1bb-4f8c-96ca-85dc4f9e9aa1,OrderRole.Standalone,OrderType.Market,_default,,PositionEffect.Close,,1075100.0,False,,OrderSide.Sell,OrderStatus.Filled,600584.SH,,TimeInForce.GTC,,,,1265817600000000000,2010-02-10T16:00:00Z
34.11585,20008.946025,1268668800000000000,2010-03-15T16:00:00Z,234600.0,,f3cb9d46-b657-45bd-ad91-c86f6c3ce832,OrderRole.Standalone,OrderType.Market,_default,,PositionEffect.Close,,234600.0,False,,OrderSide.Sell,OrderStatus.Filled,000425.SZ,,TimeInForce.GTC,,,,1268755200000000000,2010-03-16T16:00:00Z
8.991,24291.43425,1268668800000000000,2010-03-15T16:00:00Z,1080700.0,,099b1f6d-31b7-4d45-b3a1-79f86416b577,OrderRole.Standalone,OrderType.Market,_default,,PositionEffect.Close,,1080700.0,False,,OrderSide.Sell,OrderStatus.Filled,000657.SZ,,TimeInForce.GTC,,,,1268755200000000000,2010-03-16T16:00:00Z
34.04592,22589.46792,1268668800000000000,2010-03-15T16:00:00Z,265400.0,,85789b83-08d6-4108-b413-85f16acc6254,OrderRole.Standalone,OrderType.Market,_default,,PositionEffect.Close,,265400.0,False,,OrderSide.Sell,OrderStatus.Filled,000661.SZ,,TimeInForce.GTC,,,,1268755200000000000,2010-03-16T16:00:00Z
4.72527,20182.8094875,1268668800000000000,2010-03-15T16:00:00Z,1708500.0,,bdb49cd1-935c-4933-b5c0-a2cbe22f56a0,OrderRole.Standalone,OrderType.Market,_default,,PositionEffect.Close,,1708500.0,False,,OrderSide.Sell,OrderStatus.Filled,000725.SZ,,TimeInForce.GTC,,,,1268755200000000000,2010-03-16T16:00:00Z
32.32764,24245.73,1268668800000000000,2010-03-15T16:00:00Z,300000.0,,a289ef5f-7254-4da2-8973-a636eb3ad421,OrderRole.Standalone,OrderType.Market,_default,,PositionEffect.Close,,300000.0,False,,OrderSide.Sell,OrderStatus.Filled,600118.SH,,TimeInForce.GTC,,,,1268755200000000000,2010-03-16T16:00:00Z
10.47951,20586.997395,1268668800000000000,2010-03-15T16:00:00Z,785800.0,,badb4bca-4d95-452a-9a2c-a00c99992dd0,OrderRole.Standalone,OrderType.Market,_default,,PositionEffect.Close,,785800.0,False,,OrderSide.Sell,OrderStatus.Filled,600183.SH,,TimeInForce.GTC,,,,1268755200000000000,2010-03-16T16:00:00Z
10.63935,1175.648175,1268668800000000000,2010-03-15T16:00:00Z,44200.0,,b8fe24d1-a3dd-46d1-bca0-3a02b83377fb,OrderRole.Standalone,OrderType.Market,_default,,PositionEffect.Close,,44200.0,False,,OrderSide.Sell,OrderStatus.Filled,600732.SH,,TimeInForce.GTC,,,,1268755200000000000,2010-03-16T16:00:00Z
8.62862,21541.34983,1268668800000000000,2010-03-15T16:00:00Z,998600.0,,31e86586-0aa1-4fde-84a4-3eb483ed1a64,OrderRole.Standalone,OrderType.Market,_default,,PositionEffect.Open,,998600.0,False,,OrderSide.Buy,OrderStatus.Filled,600745.SH,,TimeInForce.GTC,,,,1268755200000000000,2010-03-16T16:00:00Z
,0.0,1268668800000000000,2010-03-15T16:00:00Z,0.0,,e13f7078-4878-4653-89b4-4dea83138ff6,OrderRole.Standalone,OrderType.Market,_default,,PositionEffect.Open,,147200.0,False,"Symbol 000776.SZ not tradable (zero volume, suspension) at execution timestamp 1268755200000000000",OrderSide.Buy,OrderStatus.Rejected,000776.SZ,,TimeInForce.GTC,,,,1268755200000000000,2010-03-16T16:00:00Z
11.5115,21555.28375,1268668800000000000,2010-03-15T16:00:00Z,749000.0,,42a63e2d-274e-4595-b896-5cc06328208f,OrderRole.Standalone,OrderType.Market,_default,,PositionEffect.Open,,749000.0,False,,OrderSide.Buy,OrderStatus.Filled,002049.SZ,,TimeInForce.GTC,,,,1268755200000000000,2010-03-16T16:00:00Z
56.056,21413.392,1268668800000000000,2010-03-15T16:00:00Z,152800.0,,6da558ca-2dae-4ec8-b7b1-7d7ef68da297,OrderRole.Standalone,OrderType.Market,_default,,PositionEffect.Open,,152800.0,False,,OrderSide.Buy,OrderStatus.Filled,002271.SZ,,TimeInForce.GTC,,,,1268755200000000000,2010-03-16T16:00:00Z
44.38434,21515.308815,1268668800000000000,2010-03-15T16:00:00Z,193900.0,,a4145dce-4ea7-4eae-aa8e-63619473d0c4,OrderRole.Standalone,OrderType.Market,_default,,PositionEffect.Open,,193900.0,False,,OrderSide.Buy,OrderStatus.Filled,300033.SZ,,TimeInForce.GTC,,,,1268755200000000000,2010-03-16T16:00:00Z
11.65164,21517.66617,1268668800000000000,2010-03-15T16:00:00Z,738700.0,,ed4be0d4-71fb-4079-bd53-b8351f6c5b07,OrderRole.Standalone,OrderType.Market,_default,,PositionEffect.Open,,738700.0,False,,OrderSide.Buy,OrderStatus.Filled,600039.SH,,TimeInForce.GTC,,,,1268755200000000000,2010-03-16T16:00:00Z
10.1101,21622.976375,1268668800000000000,2010-03-15T16:00:00Z,855500.0,,ee008aa2-092c-4edb-be4b-32ca81fdfaf3,OrderRole.Standalone,OrderType.Market,_default,,PositionEffect.Open,,855500.0,False,,OrderSide.Buy,OrderStatus.Filled,600346.SH,,TimeInForce.GTC,,,,1268755200000000000,2010-03-16T16:00:00Z
13.42341,21628.4693625,1268668800000000000,2010-03-15T16:00:00Z,644500.0,,eabed8d0-3775-407f-9aba-0ea33ebfc546,OrderRole.Standalone,OrderType.Market,_default,,PositionEffect.Open,,644500.0,False,,OrderSide.Buy,OrderStatus.Filled,600460.SH,,TimeInForce.GTC,,,,1268755200000000000,2010-03-16T16:00:00Z
14.69468,1157.20605,1268668800000000000,2010-03-15T16:00:00Z,31500.0,,17cd8a40-859b-48ad-a81a-b732dbff57fe,OrderRole.Standalone,OrderType.Market,_default,,PositionEffect.Open,,31500.0,False,,OrderSide.Buy,OrderStatus.Filled,000977.SZ,,TimeInForce.GTC,,,,1268755200000000000,2010-03-16T16:00:00Z
15.3846,22726.90035,1268755200000000000,2010-03-16T16:00:00Z,590900.0,,16d08a3f-7393-4547-b479-d76508177d0b,OrderRole.Standalone,OrderType.Market,_default,,PositionEffect.Close,,590900.0,False,,OrderSide.Sell,OrderStatus.Filled,000977.SZ,,TimeInForce.GTC,,,,1268841600000000000,2010-03-17T16:00:00Z
10.83915,21597.006375,1268755200000000000,2010-03-16T16:00:00Z,797000.0,,87cc0289-9098-4c2c-b13e-39a6b3f1b589,OrderRole.Standalone,OrderType.Market,_default,,PositionEffect.Close,,797000.0,False,,OrderSide.Sell,OrderStatus.Filled,600732.SH,,TimeInForce.GTC,,,,1268841600000000000,2010-03-17T16:00:00Z
14.1858,26562.9105,1271174400000000000,2010-04-13T16:00:00Z,749000.0,,3c56f4a9-c4c2-46ed-bd23-793bf43181f5,OrderRole.Standalone,OrderType.Market,_default,,PositionEffect.Close,,749000.0,False,,OrderSide.Sell,OrderStatus.Filled,002049.SZ,,TimeInForce.GTC,,,,1271260800000000000,2010-04-14T16:00:00Z
71.30862,27239.89284,1271174400000000000,2010-04-13T16:00:00Z,152800.0,,2bcbf0f0-d51d-4193-8bf7-893d1c0f5c07,OrderRole.Standalone,OrderType.Market,_default,,PositionEffect.Close,,152800.0,False,,OrderSide.Sell,OrderStatus.Filled,002271.SZ,,TimeInForce.GTC,,,,1271260800000000000,2010-04-14T16:00:00Z
50.25969,24363.3847275,1271174400000000000,2010-04-13T16:00:00Z,193900.0,,82605b58-2363-45c4-9ee3-83b60bad211d,OrderRole.Standalone,OrderType.Market,_default,,PositionEffect.Close,,193900.0,False,,OrderSide.Sell,OrderStatus.Filled,300033.SZ,,TimeInForce.GTC,,,,1271260800000000000,2010-04-14T16:00:00Z
10.85913,20054.0983275,1271174400000000000,2010-04-13T16:00:00Z,738700.0,,db28a9bc-0f96-4f73-a8f1-c3abe43a43be,OrderRole.Standalone,OrderType.Market,_default,,PositionEffect.Close,,738700.0,False,,OrderSide.Sell,OrderStatus.Filled,600039.SH,,TimeInForce.GTC,,,,1271260800000000000,2010-04-14T16:00:00Z
11.33865,24250.5376875,1271174400000000000,2010-04-13T16:00:00Z,855500.0,,5d25ee51-038e-4697-adae-ccbb8ea98721,OrderRole.Standalone,OrderType.Market,_default,,PositionEffect.Close,,855500.0,False,,OrderSide.Sell,OrderStatus.Filled,600346.SH,,TimeInForce.GTC,,,,1271260800000000000,2010-04-14T16:00:00Z
15.54444,25045.97895,1271174400000000000,2010-04-13T16:00:00Z,644500.0,,7679c721-8162-4d5a-9d44-1ee7c881c12b,OrderRole.Standalone,OrderType.Market,_default,,PositionEffect.Close,,644500.0,False,,OrderSide.Sell,OrderStatus.Filled,600460.SH,,TimeInForce.GTC,,,,1271260800000000000,2010-04-14T16:00:00Z
9.30069,23219.172585,1271174400000000000,2010-04-13T16:00:00Z,998600.0,,bfbd6c4e-9a09-40e0-8aa9-a9f298a51559,OrderRole.Standalone,OrderType.Market,_default,,PositionEffect.Close,,998600.0,False,,OrderSide.Sell,OrderStatus.Filled,600745.SH,,TimeInForce.GTC,,,,1271260800000000000,2010-04-14T16:00:00Z
62.062,23397.374,1271174400000000000,2010-04-13T16:00:00Z,150800.0,,4e97525a-e94c-4648-9079-dafa0cc2cdfc,OrderRole.Standalone,OrderType.Market,_default,,PositionEffect.Open,,150800.0,False,,OrderSide.Buy,OrderStatus.Filled,000538.SZ,,TimeInForce.GTC,,,,1271260800000000000,2010-04-14T16:00:00Z
50.26021,23986.6852225,1271174400000000000,2010-04-13T16:00:00Z,190900.0,,ad7c876b-0680-4e29-888a-83d2553e9b40,OrderRole.Standalone,OrderType.Market,_default,,PositionEffect.Open,,190900.0,False,,OrderSide.Buy,OrderStatus.Filled,000661.SZ,,TimeInForce.GTC,,,,1271260800000000000,2010-04-14T16:00:00Z
25.55553,23402.4765975,1271174400000000000,2010-04-13T16:00:00Z,366300.0,,5f8a8bab-0451-4833-8ed3-189e3ef5b7ba,OrderRole.Standalone,OrderType.Market,_default,,PositionEffect.Open,,366300.0,False,,OrderSide.Buy,OrderStatus.Filled,000963.SZ,,TimeInForce.GTC,,,,1271260800000000000,2010-04-14T16:00:00Z
70.5705,23288.265,1271174400000000000,2010-04-13T16:00:00Z,132000.0,,b0f4baa2-7c8a-44c4-bea5-956b1799c843,OrderRole.Standalone,OrderType.Market,_default,,PositionEffect.Open,,132000.0,False,,OrderSide.Buy,OrderStatus.Filled,002007.SZ,,TimeInForce.GTC,,,,1271260800000000000,2010-04-14T16:00:00Z
8.85885,23376.2904375,1271174400000000000,2010-04-13T16:00:00Z,1055500.0,,6a27062f-06d1-44ee-889e-5abf7a05df45,OrderRole.Standalone,OrderType.Market,_default,,PositionEffect.Open,,1055500.0,False,,OrderSide.Buy,OrderStatus.Filled,600029.SH,,TimeInForce.GTC,,,,1271260800000000000,2010-04-14T16:00:00Z
32.5325,23756.858125,1271174400000000000,2010-04-13T16:00:00Z,292100.0,,1f754e88-ca87-4e52-a02c-53bfd5176348,OrderRole.Standalone,OrderType.Market,_default,,PositionEffect.Open,,292100.0,False,,OrderSide.Buy,OrderStatus.Filled,600132.SH,,TimeInForce.GTC,,,,1271260800000000000,2010-04-14T16:00:00Z
23.43341,23427.5516475,1271174400000000000,2010-04-13T16:00:00Z,399900.0,,2d598727-a5a7-4150-a419-fff28e792949,OrderRole.Standalone,OrderType.Market,_default,,PositionEffect.Open,,399900.0,False,,OrderSide.Buy,OrderStatus.Filled,600196.SH,,TimeInForce.GTC,,,,1271260800000000000,2010-04-14T16:00:00Z
8.65865,23267.9572125,1271174400000000000,2010-04-13T16:00:00Z,1074900.0,,c408b865-f0a8-421a-9e76-64e30a1d2054,OrderRole.Standalone,OrderType.Market,_default,,PositionEffect.Open,,1074900.0,False,,OrderSide.Buy,OrderStatus.Filled,600221.SH,,TimeInForce.GTC,,,,1271260800000000000,2010-04-14T16:00:00Z
46.46642,23395.84247,1271174400000000000,2010-04-13T16:00:00Z,201400.0,,35c6ab33-b88c-4518-9748-0be85b88ddaa,OrderRole.Standalone,OrderType.Market,_default,,PositionEffect.Open,,201400.0,False,,OrderSide.Buy,OrderStatus.Filled,600276.SH,,TimeInForce.GTC,,,,1271260800000000000,2010-04-14T16:00:00Z
26.6266,23338.2149,1271174400000000000,2010-04-13T16:00:00Z,350600.0,,4137c97d-2b3c-4294-a8ba-c8b4165c28b5,OrderRole.Standalone,OrderType.Market,_default,,PositionEffect.Open,,350600.0,False,,OrderSide.Buy,OrderStatus.Filled,600570.SH,,TimeInForce.GTC,,,,1271260800000000000,2010-04-14T16:00:00Z
63.26667,2673.0168075,1273680000000000000,2010-05-12T16:00:00Z,16900.0,,7d66dba8-26fb-43a9-a526-7024d4e8d98b,OrderRole.Standalone,OrderType.Market,_default,,PositionEffect.Close,,16900.0,False,,OrderSide.Sell,OrderStatus.Filled,000538.SZ,,TimeInForce.GTC,,,,1273766400000000000,2010-05-13T16:00:00Z
41.18877,19657.3404825,1273680000000000000,2010-05-12T16:00:00Z,190900.0,,24283ad1-8d83-4257-a91a-5b617572adb9,OrderRole.Standalone,OrderType.Market,_default,,PositionEffect.Close,,190900.0,False,,OrderSide.Sell,OrderStatus.Filled,000661.SZ,,TimeInForce.GTC,,,,1273766400000000000,2010-05-13T16:00:00Z
25.76421,2177.075745,1273680000000000000,2010-05-12T16:00:00Z,33800.0,,d603b2ca-092d-4427-a4b0-cd5171693908,OrderRole.Standalone,OrderType.Market,_default,,PositionEffect.Close,,33800.0,False,,OrderSide.Sell,OrderStatus.Filled,000963.SZ,,TimeInForce.GTC,,,,1273766400000000000,2010-05-13T16:00:00Z
68.0319,22450.527,1273680000000000000,2010-05-12T16:00:00Z,132000.0,,62227154-7121-49b4-9597-3ce9c6ff121b,OrderRole.Standalone,OrderType.Market,_default,,PositionEffect.Close,,132000.0,False,,OrderSide.Sell,OrderStatus.Filled,002007.SZ,,TimeInForce.GTC,,,,1273766400000000000,2010-05-13T16:00:00Z
6.93306,18294.612075,1273680000000000000,2010-05-12T16:00:00Z,1055500.0,,94be67aa-5857-4a3c-a965-4ae95d5ced5b,OrderRole.Standalone,OrderType.Market,_default,,PositionEffect.Close,,1055500.0,False,,OrderSide.Sell,OrderStatus.Filled,600029.SH,,TimeInForce.GTC,,,,1273766400000000000,2010-05-13T16:00:00Z
32.41755,2674.447875,1273680000000000000,2010-05-12T16:00:00Z,33000.0,,b9ff8010-f376-417e-83ef-0c188220276a,OrderRole.Standalone,OrderType.Market,_default,,PositionEffect.Close,,33000.0,False,,OrderSide.Sell,OrderStatus.Filled,600132.SH,,TimeInForce.GTC,,,,1273766400000000000,2010-05-13T16:00:00Z
6.27372,16859.05407,1273680000000000000,2010-05-12T16:00:00Z,1074900.0,,b29d8a0e-08f8-41f0-bfdd-0d45d0cff9fa,OrderRole.Standalone,OrderType.Market,_default,,PositionEffect.Close,,1074900.0,False,,OrderSide.Sell,OrderStatus.Filled,600221.SH,,TimeInForce.GTC,,,,1273766400000000000,2010-05-13T16:00:00Z
42.60735,21452.800725,1273680000000000000,2010-05-12T16:00:00Z,201400.0,,882d4698-e062-455d-b7d3-b79dbdaf0e3f,OrderRole.Standalone,OrderType.Market,_default,,PositionEffect.Close,,201400.0,False,,OrderSide.Sell,OrderStatus.Filled,600276.SH,,TimeInForce.GTC,,,,1273766400000000000,2010-05-13T16:00:00Z
14.99499,18398.85273,1273680000000000000,2010-05-12T16:00:00Z,490800.0,,6acf9664-d80c-45f8-95ce-e06d5d63a510,OrderRole.Standalone,OrderType.Market,_default,,PositionEffect.Close,,490800.0,False,,OrderSide.Sell,OrderStatus.Filled,600570.SH,,TimeInForce.GTC,,,,1273766400000000000,2010-05-13T16:00:00Z
,0.0,1273680000000000000,2010-05-12T16:00:00Z,0.0,,558ed99a-7a91-41b6-87f6-5b7e47e3b79a,OrderRole.Standalone,OrderType.Market,_default,,PositionEffect.Close,,399900.0,False,"Symbol 600196.SH not tradable (zero volume, suspension) at execution timestamp 1273766400000000000",OrderSide.Sell,OrderStatus.Rejected,600196.SH,,TimeInForce.GTC,,,,1273766400000000000,2010-05-13T16:00:00Z
134.38425,21031.135125,1273680000000000000,2010-05-12T16:00:00Z,62600.0,,5d5c9672-43ee-4c41-ab2f-05ae763433c0,OrderRole.Standalone,OrderType.Market,_default,,PositionEffect.Open,,62600.0,False,,OrderSide.Buy,OrderStatus.Filled,002304.SZ,,TimeInForce.GTC,,,,1273766400000000000,2010-05-13T16:00:00Z
27.87785,21340.494175,1273680000000000000,2010-05-12T16:00:00Z,306200.0,,c7018903-f6eb-44ba-8f2a-9642f1409ed4,OrderRole.Standalone,OrderType.Market,_default,,PositionEffect.Open,,306200.0,False,,OrderSide.Buy,OrderStatus.Filled,600085.SH,,TimeInForce.GTC,,,,1273766400000000000,2010-05-13T16:00:00Z
37.5375,21659.1375,1273680000000000000,2010-05-12T16:00:00Z,230800.0,,3530c9b6-4591-471d-b0fd-33614571787a,OrderRole.Standalone,OrderType.Market,_default,,PositionEffect.Open,,230800.0,False,,OrderSide.Buy,OrderStatus.Filled,600111.SH,,TimeInForce.GTC,,,,1273766400000000000,2010-05-13T16:00:00Z
37.1371,21019.5986,1273680000000000000,2010-05-12T16:00:00Z,226400.0,,095ac2b9-610c-4821-a52d-939f922a1f13,OrderRole.Standalone,OrderType.Market,_default,,PositionEffect.Open,,226400.0,False,,OrderSide.Buy,OrderStatus.Filled,600406.SH,,TimeInForce.GTC,,,,1273766400000000000,2010-05-13T16:00:00Z
59.4594,20944.57365,1273680000000000000,2010-05-12T16:00:00Z,140900.0,,4c017dee-11b1-4d0c-8c1f-888ed9b01029,OrderRole.Standalone,OrderType.Market,_default,,PositionEffect.Open,,140900.0,False,,OrderSide.Buy,OrderStatus.Filled,600489.SH,,TimeInForce.GTC,,,,1273766400000000000,2010-05-13T16:00:00Z
78.9789,21107.111025,1273680000000000000,2010-05-12T16:00:00Z,106900.0,,67664983-4c27-44a8-bcce-5ad6b53ba2be,OrderRole.Standalone,OrderType.Market,_default,,PositionEffect.Open,,106900.0,False,,OrderSide.Buy,OrderStatus.Filled,600547.SH,,TimeInForce.GTC,,,,1273766400000000000,2010-05-13T16:00:00Z
17.15714,21047.521495,1273680000000000000,2010-05-12T16:00:00Z,490700.0,,35167633-c189-4d0c-803e-e53cb968c7b9,OrderRole.Standalone,OrderType.Market,_default,,PositionEffect.Open,,490700.0,False,,OrderSide.Buy,OrderStatus.Filled,601607.SH,,TimeInForce.GTC,,,,1273766400000000000,2010-05-13T16:00:00Z
63.75618,21342.381255,1273766400000000000,2010-05-13T16:00:00Z,133900.0,,3645c191-552f-4a20-b4d0-f7a1eeafd4d3,OrderRole.Standalone,OrderType.Market,_default,,PositionEffect.Close,,133900.0,False,,OrderSide.Sell,OrderStatus.Filled,000538.SZ,,TimeInForce.GTC,,,,1274025600000000000,2010-05-16T16:00:00Z
26.6733,22172.180625,1273766400000000000,2010-05-13T16:00:00Z,332500.0,,55484371-7471-49b7-9ac0-4de35c703ebe,OrderRole.Standalone,OrderType.Market,_default,,PositionEffect.Close,,332500.0,False,,OrderSide.Sell,OrderStatus.Filled,000963.SZ,,TimeInForce.GTC,,,,1274025600000000000,2010-05-16T16:00:00Z
31.85811,20636.0907525,1273766400000000000,2010-05-13T16:00:00Z,259100.0,,f4a23cbd-6d13-4c49-a44c-042594d1814d,OrderRole.Standalone,OrderType.Market,_default,,PositionEffect.Close,,259100.0,False,,OrderSide.Sell,OrderStatus.Filled,600132.SH,,TimeInForce.GTC,,,,1274025600000000000,2010-05-16T16:00:00Z
165.6342,25921.7523,1276099200000000000,2010-06-09T16:00:00Z,62600.0,,49848a86-9981-4663-bc03-197996716913,OrderRole.Standalone,OrderType.Market,_default,,PositionEffect.Close,,62600.0,False,,OrderSide.Sell,OrderStatus.Filled,002304.SZ,,TimeInForce.GTC,,,,1276185600000000000,2010-06-10T16:00:00Z
28.82115,22062.590325,1276099200000000000,2010-06-09T16:00:00Z,306200.0,,81f969bb-51fb-4e65-a40d-06c8a0400d62,OrderRole.Standalone,OrderType.Market,_default,,PositionEffect.Close,,306200.0,False,,OrderSide.Sell,OrderStatus.Filled,600085.SH,,TimeInForce.GTC,,,,1276185600000000000,2010-06-10T16:00:00Z
42.1578,24325.0506,1276099200000000000,2010-06-09T16:00:00Z,230800.0,,8fa29e94-eab9-407f-aeb2-bb09b3094026,OrderRole.Standalone,OrderType.Market,_default,,PositionEffect.Close,,230800.0,False,,OrderSide.Sell,OrderStatus.Filled,600111.SH,,TimeInForce.GTC,,,,1276185600000000000,2010-06-10T16:00:00Z
22.82715,22821.4432125,1276099200000000000,2010-06-09T16:00:00Z,399900.0,,1fda216c-504f-4625-82aa-f7d1a4c54df0,OrderRole.Standalone,OrderType.Market,_default,,PositionEffect.Close,,399900.0,False,,OrderSide.Sell,OrderStatus.Filled,600196.SH,,TimeInForce.GTC,,,,1276185600000000000,2010-06-10T16:00:00Z
46.5534,26349.2244,1276099200000000000,2010-06-09T16:00:00Z,226400.0,,ffbdb51d-27ae-4d73-91ed-e6e2e090afd6,OrderRole.Standalone,OrderType.Market,_default,,PositionEffect.Close,,226400.0,False,,OrderSide.Sell,OrderStatus.Filled,600406.SH,,TimeInForce.GTC,,,,1276185600000000000,2010-06-10T16:00:00Z
57.4425,20234.120625,1276099200000000000,2010-06-09T16:00:00Z,140900.0,,9cde6190-da9a-49b9-8c44-141c300b898c,OrderRole.Standalone,OrderType.Market,_default,,PositionEffect.Close,,140900.0,False,,OrderSide.Sell,OrderStatus.Filled,600489.SH,,TimeInForce.GTC,,,,1276185600000000000,2010-06-10T16:00:00Z
39.55041,21139.694145,1276099200000000000,2010-06-09T16:00:00Z,213800.0,,67fd267e-aa92-453e-80d6-86a2b33c71b8,OrderRole.Standalone,OrderType.Market,_default,,PositionEffect.Close,,213800.0,False,,OrderSide.Sell,OrderStatus.Filled,600547.SH,,TimeInForce.GTC,,,,1276185600000000000,2010-06-10T16:00:00Z
18.81117,23076.6027975,1276099200000000000,2010-06-09T16:00:00Z,490700.0,,853e98cc-6ab0-4ed6-838e-38158d509a3b,OrderRole.Standalone,OrderType.Market,_default,,PositionEffect.Close,,490700.0,False,,OrderSide.Sell,OrderStatus.Filled,601607.SH,,TimeInForce.GTC,,,,1276185600000000000,2010-06-10T16:00:00Z
7.18718,22637.820205,1276099200000000000,2010-06-09T16:00:00Z,1259900.0,,a29f63b3-fb70-4af5-a357-f8cc7d9a8b11,OrderRole.Standalone,OrderType.Market,_default,,PositionEffect.Open,,1259900.0,False,,OrderSide.Buy,OrderStatus.Filled,000002.SZ,,TimeInForce.GTC,,,,1276185600000000000,2010-06-10T16:00:00Z
32.3323,22681.10845,1276099200000000000,2010-06-09T16:00:00Z,280600.0,,fd9a90cc-3f02-452a-a99e-3c9e3205dffe,OrderRole.Standalone,OrderType.Market,_default,,PositionEffect.Open,,280600.0,False,,OrderSide.Buy,OrderStatus.Filled,000063.SZ,,TimeInForce.GTC,,,,1276185600000000000,2010-06-10T16:00:00Z
3.3033,21317.020725,1276099200000000000,2010-06-09T16:00:00Z,2581300.0,,174c7090-d9db-4957-bcfb-7eae2598352f,OrderRole.Standalone,OrderType.Market,_default,,PositionEffect.Open,,2581300.0,False,,OrderSide.Buy,OrderStatus.Filled,000725.SZ,,TimeInForce.GTC,,,,1276185600000000000,2010-06-10T16:00:00Z
21.54152,22753.2305,1276099200000000000,2010-06-09T16:00:00Z,422500.0,,6f6a41d4-45d4-4d31-84fa-d56145340265,OrderRole.Standalone,OrderType.Market,_default,,PositionEffect.Open,,422500.0,False,,OrderSide.Buy,OrderStatus.Filled,000983.SZ,,TimeInForce.GTC,,,,1276185600000000000,2010-06-10T16:00:00Z
6.21621,22726.46376,1276099200000000000,2010-06-09T16:00:00Z,1462400.0,,08bf54fe-87be-49fb-bff8-b029591e1fbf,OrderRole.Standalone,OrderType.Market,_default,,PositionEffect.Open,,1462400.0,False,,OrderSide.Buy,OrderStatus.Filled,600016.SH,,TimeInForce.GTC,,,,1276185600000000000,2010-06-10T16:00:00Z
3.93393,22544.3693475,1276099200000000000,2010-06-09T16:00:00Z,2292300.0,,78f06e5d-4708-4dae-ad32-7033c35625c5,OrderRole.Standalone,OrderType.Market,_default,,PositionEffect.Open,,2292300.0,False,,OrderSide.Buy,OrderStatus.Filled,600027.SH,,TimeInForce.GTC,,,,1276185600000000000,2010-06-10T16:00:00Z
12.79278,22719.97728,1276099200000000000,2010-06-09T16:00:00Z,710400.0,,4394d49f-ef57-4405-bc27-306cc26b4e88,OrderRole.Standalone,OrderType.Market,_default,,PositionEffect.Open,,710400.0,False,,OrderSide.Buy,OrderStatus.Filled,600036.SH,,TimeInForce.GTC,,,,1276185600000000000,2010-06-10T16:00:00Z
18.67866,22773.956205,1276099200000000000,2010-06-09T16:00:00Z,487700.0,,6d03e110-d1a8-48cb-8ebb-2e1b044a529f,OrderRole.Standalone,OrderType.Market,_default,,PositionEffect.Open,,487700.0,False,,OrderSide.Buy,OrderStatus.Filled,600188.SH,,TimeInForce.GTC,,,,1276185600000000000,2010-06-10T16:00:00Z
8.88888,22417.75536,1276099200000000000,2010-06-09T16:00:00Z,1008800.0,,37ff0563-dda0-43cf-a8cc-aa1dbbb98dc9,OrderRole.Standalone,OrderType.Market,_default,,PositionEffect.Open,,1008800.0,False,,OrderSide.Buy,OrderStatus.Filled,600346.SH,,TimeInForce.GTC,,,,1276185600000000000,2010-06-10T16:00:00Z
23.37335,22689.6795125,1276099200000000000,2010-06-09T16:00:00Z,388300.0,,48d9c208-03c5-42d3-ab87-5a5ab0fa29c2,OrderRole.Standalone,OrderType.Market,_default,,PositionEffect.Open,,388300.0,False,,OrderSide.Buy,OrderStatus.Filled,601166.SH,,TimeInForce.GTC,,,,1276185600000000000,2010-06-10T16:00:00Z
7.44255,23442.1718625,1278950400000000000,2010-07-12T16:00:00Z,1259900.0,,601027e4-24ae-4ab5-9005-d674a2e1388d,OrderRole.Standalone,OrderType.Market,_default,,PositionEffect.Close,,1259900.0,False,,OrderSide.Sell,OrderStatus.Filled,000002.SZ,,TimeInForce.GTC,,,,1279036800000000000,2010-07-13T16:00:00Z
20.19978,21255.218505,1278950400000000000,2010-07-12T16:00:00Z,420900.0,,16bb2ecb-5d7b-4b5b-99da-69fe32d9c1de,OrderRole.Standalone,OrderType.Market,_default,,PositionEffect.Close,,420900.0,False,,OrderSide.Sell,OrderStatus.Filled,000063.SZ,,TimeInForce.GTC,,,,1279036800000000000,2010-07-13T16:00:00Z
2.91708,18824.64651,1278950400000000000,2010-07-12T16:00:00Z,2581300.0,,96f66ce5-3109-4eb7-8ce2-801dbd9b23f4,OrderRole.Standalone,OrderType.Market,_default,,PositionEffect.Close,,2581300.0,False,,OrderSide.Sell,OrderStatus.Filled,000725.SZ,,TimeInForce.GTC,,,,1279036800000000000,2010-07-13T16:00:00Z
19.7802,20892.83625,1278950400000000000,2010-07-12T16:00:00Z,422500.0,,b1b8c45d-cec5-464a-b12a-baa605dc1505,OrderRole.Standalone,OrderType.Market,_default,,PositionEffect.Close,,422500.0,False,,OrderSide.Sell,OrderStatus.Filled,000983.SZ,,TimeInForce.GTC,,,,1279036800000000000,2010-07-13T16:00:00Z
6.40359,23411.52504,1278950400000000000,2010-07-12T16:00:00Z,1462400.0,,ff2d219e-6c45-4036-880e-a134fe187d90,OrderRole.Standalone,OrderType.Market,_default,,PositionEffect.Close,,1462400.0,False,,OrderSide.Sell,OrderStatus.Filled,600016.SH,,TimeInForce.GTC,,,,1279036800000000000,2010-07-13T16:00:00Z
3.77622,21640.572765,1278950400000000000,2010-07-12T16:00:00Z,2292300.0,,2c7ce103-01cc-4b0f-94c2-88456dc83ea5,OrderRole.Standalone,OrderType.Market,_default,,PositionEffect.Close,,2292300.0,False,,OrderSide.Sell,OrderStatus.Filled,600027.SH,,TimeInForce.GTC,,,,1279036800000000000,2010-07-13T16:00:00Z
13.76622,24448.80672,1278950400000000000,2010-07-12T16:00:00Z,710400.0,,1553c90e-992a-4e66-a506-f00f72e0fb23,OrderRole.Standalone,OrderType.Market,_default,,PositionEffect.Close,,710400.0,False,,OrderSide.Sell,OrderStatus.Filled,600036.SH,,TimeInForce.GTC,,,,1279036800000000000,2010-07-13T16:00:00Z
16.7832,20462.9166,1278950400000000000,2010-07-12T16:00:00Z,487700.0,,2b3e40c9-89cb-45e3-91c5-a7cdfee70644,OrderRole.Standalone,OrderType.Market,_default,,PositionEffect.Close,,487700.0,False,,OrderSide.Sell,OrderStatus.Filled,600188.SH,,TimeInForce.GTC,,,,1279036800000000000,2010-07-13T16:00:00Z
7.35264,18543.35808,1278950400000000000,2010-07-12T16:00:00Z,1008800.0,,30fe937c-3aff-4f5a-99c0-bf14088af99e,OrderRole.Standalone,OrderType.Market,_default,,PositionEffect.Close,,1008800.0,False,,OrderSide.Sell,OrderStatus.Filled,600346.SH,,TimeInForce.GTC,,,,1279036800000000000,2010-07-13T16:00:00Z
24.84513,24118.4099475,1278950400000000000,2010-07-12T16:00:00Z,388300.0,,17ad250d-8b41-46ac-870e-faf12bbcd3c2,OrderRole.Standalone,OrderType.Market,_default,,PositionEffect.Close,,388300.0,False,,OrderSide.Sell,OrderStatus.Filled,601166.SH,,TimeInForce.GTC,,,,1279036800000000000,2010-07-13T16:00:00Z
23.13311,21849.222395,1278950400000000000,2010-07-12T16:00:00Z,377800.0,,6b7ecd04-e6db-478b-82e6-2c0cf14369b1,OrderRole.Standalone,OrderType.Market,_default,,PositionEffect.Open,,377800.0,False,,OrderSide.Buy,OrderStatus.Filled,601628.SH,,TimeInForce.GTC,,,,1279036800000000000,2010-07-13T16:00:00Z
6.67667,21816.019225,1278950400000000000,2010-07-12T16:00:00Z,1307000.0,,e0fe5b1d-6406-4752-be5c-97d5e3be57ec,OrderRole.Standalone,OrderType.Market,_default,,PositionEffect.Open,,1307000.0,False,,OrderSide.Buy,OrderStatus.Filled,601727.SH,,TimeInForce.GTC,,,,1279036800000000000,2010-07-13T16:00:00Z
15.26525,21825.4911875,1278950400000000000,2010-07-12T16:00:00Z,571900.0,,1453b838-3a63-4570-b9de-dcab99c678d8,OrderRole.Standalone,OrderType.Market,_default,,PositionEffect.Open,,571900.0,False,,OrderSide.Buy,OrderStatus.Filled,601788.SH,,TimeInForce.GTC,,,,1279036800000000000,2010-07-13T16:00:00Z
11.09108,21879.92807,1278950400000000000,2010-07-12T16:00:00Z,789100.0,,ed4a3281-4462-4600-b561-f0e712770fd9,OrderRole.Standalone,OrderType.Market,_default,,PositionEffect.Open,,789100.0,False,,OrderSide.Buy,OrderStatus.Filled,601808.SH,,TimeInForce.GTC,,,,1279036800000000000,2010-07-13T16:00:00Z
10.40039,21846.019195,1278950400000000000,2010-07-12T16:00:00Z,840200.0,,e5e9d685-83e7-4733-b849-10ffc4b0cc56,OrderRole.Standalone,OrderType.Market,_default,,PositionEffect.Open,,840200.0,False,,OrderSide.Buy,OrderStatus.Filled,601857.SH,,TimeInForce.GTC,,,,1279036800000000000,2010-07-13T16:00:00Z
5.63563,21291.41014,1278950400000000000,2010-07-12T16:00:00Z,1511200.0,,8c9c9d58-ce8f-4b29-acd4-fe150fc7e494,OrderRole.Standalone,OrderType.Market,_default,,PositionEffect.Open,,1511200.0,False,,OrderSide.Buy,OrderStatus.Filled,601899.SH,,TimeInForce.GTC,,,,1279036800000000000,2010-07-13T16:00:00Z
5.75575,21745.2235,1278950400000000000,2010-07-12T16:00:00Z,1511200.0,,95d039f5-2722-4813-8962-892df5c3bcf4,OrderRole.Standalone,OrderType.Market,_default,,PositionEffect.Open,,1511200.0,False,,OrderSide.Buy,OrderStatus.Filled,601998.SH,,TimeInForce.GTC,,,,1279036800000000000,2010-07-13T16:00:00Z
30.18015,22001.32935,1278950400000000000,2010-07-12T16:00:00Z,291600.0,,81cc2234-da83-4fcd-b1b1-04023f2c9278,OrderRole.Standalone,OrderType.Market,_default,,PositionEffect.Open,,291600.0,False,,OrderSide.Buy,OrderStatus.Filled,000776.SZ,,TimeInForce.GTC,,,,1279036800000000000,2010-07-13T16:00:00Z
33.5335,22006.359375,1278950400000000000,2010-07-12T16:00:00Z,262500.0,,b8b38931-8e1c-48ba-b840-5673244a8d5a,OrderRole.Standalone,OrderType.Market,_default,,PositionEffect.Open,,262500.0,False,,OrderSide.Buy,OrderStatus.Filled,600547.SH,,TimeInForce.GTC,,,,1279036800000000000,2010-07-13T16:00:00Z
12.26225,21961.68975,1278950400000000000,2010-07-12T16:00:00Z,716400.0,,dbdb0618-57ff-4e5f-9fb4-9c610ded226b,OrderRole.Standalone,OrderType.Market,_default,,PositionEffect.Open,,716400.0,False,,OrderSide.Buy,OrderStatus.Filled,600900.SH,,TimeInForce.GTC,,,,1279036800000000000,2010-07-13T16:00:00Z
31.23873,22773.03417,1281369600000000000,2010-08-09T16:00:00Z,291600.0,,b9cf37bf-b910-4eda-8aeb-55b205b5a9ca,OrderRole.Standalone,OrderType.Market,_default,,PositionEffect.Close,,291600.0,False,,OrderSide.Sell,OrderStatus.Filled,000776.SZ,,TimeInForce.GTC,,,,1281456000000000000,2010-08-10T16:00:00Z
37.962,2011.986,1281369600000000000,2010-08-09T16:00:00Z,21200.0,,4c1469e8-27a4-4658-b86b-ff8bc2aa0944,OrderRole.Standalone,OrderType.Market,_default,,PositionEffect.Close,,21200.0,False,,OrderSide.Sell,OrderStatus.Filled,600547.SH,,TimeInForce.GTC,,,,1281456000000000000,2010-08-10T16:00:00Z
8.25174,22168.29951,1281369600000000000,2010-08-09T16:00:00Z,1074600.0,,894816ee-ca87-4c9f-9a5b-e9bad0a60f2a,OrderRole.Standalone,OrderType.Market,_default,,PositionEffect.Close,,1074600.0,False,,OrderSide.Sell,OrderStatus.Filled,600900.SH,,TimeInForce.GTC,,,,1281456000000000000,2010-08-10T16:00:00Z
23.34663,22050.892035,1281369600000000000,2010-08-09T16:00:00Z,377800.0,,f2f68c24-64f2-4fac-8147-f67d34534ecf,OrderRole.Standalone,OrderType.Market,_default,,PositionEffect.Close,,377800.0,False,,OrderSide.Sell,OrderStatus.Filled,601628.SH,,TimeInForce.GTC,,,,1281456000000000000,2010-08-10T16:00:00Z
7.50249,24514.386075,1281369600000000000,2010-08-09T16:00:00Z,1307000.0,,32a6f896-121a-445a-89b6-d915cd5476e0,OrderRole.Standalone,OrderType.Market,_default,,PositionEffect.Close,,1307000.0,False,,OrderSide.Sell,OrderStatus.Filled,601727.SH,,TimeInForce.GTC,,,,1281456000000000000,2010-08-10T16:00:00Z
16.26372,23253.05367,1281369600000000000,2010-08-09T16:00:00Z,571900.0,,082aec45-7e09-406b-90d7-074e3e1a91f3,OrderRole.Standalone,OrderType.Market,_default,,PositionEffect.Close,,571900.0,False,,OrderSide.Sell,OrderStatus.Filled,601788.SH,,TimeInForce.GTC,,,,1281456000000000000,2010-08-10T16:00:00Z
12.46752,2001.03696,1281369600000000000,2010-08-09T16:00:00Z,64200.0,,b256008c-c63c-4c39-b480-a164c1685e51,OrderRole.Standalone,OrderType.Market,_default,,PositionEffect.Close,,64200.0,False,,OrderSide.Sell,OrderStatus.Filled,601808.SH,,TimeInForce.GTC,,,,1281456000000000000,2010-08-10T16:00:00Z
6.13386,348.096555,1281369600000000000,2010-08-09T16:00:00Z,22700.0,,ef921b93-76f8-4d23-bb72-ab822c6ff1b3,OrderRole.Standalone,OrderType.Market,_default,,PositionEffect.Close,,22700.0,False,,OrderSide.Sell,OrderStatus.Filled,601899.SH,,TimeInForce.GTC,,,,1281456000000000000,2010-08-10T16:00:00Z
5.65434,21362.09652,1281369600000000000,2010-08-09T16:00:00Z,1511200.0,,bf621c38-cde6-4a47-a55e-afadfd98066f,OrderRole.Standalone,OrderType.Market,_default,,PositionEffect.Close,,1511200.0,False,,OrderSide.Sell,OrderStatus.Filled,601998.SH,,TimeInForce.GTC,,,,1281456000000000000,2010-08-10T16:00:00Z
56.03598,22806.64386,1281369600000000000,2010-08-09T16:00:00Z,162800.0,,d0dc0b98-21a0-4069-8179-fdcfe7ba0084,OrderRole.Standalone,OrderType.Market,_default,,PositionEffect.Open,,162800.0,False,,OrderSide.Buy,OrderStatus.Filled,000538.SZ,,TimeInForce.GTC,,,,1281456000000000000,2010-08-10T16:00:00Z
55.20515,22399.4896125,1281369600000000000,2010-08-09T16:00:00Z,162300.0,,3a3e8d91-b35c-42c2-a06d-be4d8a6996bb,OrderRole.Standalone,OrderType.Market,_default,,PositionEffect.Open,,162300.0,False,,OrderSide.Buy,OrderStatus.Filled,000596.SZ,,TimeInForce.GTC,,,,1281456000000000000,2010-08-10T16:00:00Z
50.05,22710.1875,1281369600000000000,2010-08-09T16:00:00Z,181500.0,,26ef092e-e597-49c3-87c7-2b7b57b3228c,OrderRole.Standalone,OrderType.Market,_default,,PositionEffect.Open,,181500.0,False,,OrderSide.Buy,OrderStatus.Filled,002007.SZ,,TimeInForce.GTC,,,,1281456000000000000,2010-08-10T16:00:00Z
46.09605,23140.2171,1281369600000000000,2010-08-09T16:00:00Z,200800.0,,721115b2-dba9-4d0f-a0e6-c97813ff3378,OrderRole.Standalone,OrderType.Market,_default,,PositionEffect.Open,,200800.0,False,,OrderSide.Buy,OrderStatus.Filled,600111.SH,,TimeInForce.GTC,,,,1281456000000000000,2010-08-10T16:00:00Z
18.4184,22981.5586,1281369600000000000,2010-08-09T16:00:00Z,499100.0,,bed6faf4-7710-4ad2-9636-052528609f96,OrderRole.Standalone,OrderType.Market,_default,,PositionEffect.Open,,499100.0,False,,OrderSide.Buy,OrderStatus.Filled,601607.SH,,TimeInForce.GTC,,,,1281456000000000000,2010-08-10T16:00:00Z
4.46446,22981.923965,1281369600000000000,2010-08-09T16:00:00Z,2059100.0,,63fed8d4-bd2e-48f0-a80a-9a3e49608cc1,OrderRole.Standalone,OrderType.Market,_default,,PositionEffect.Open,,2059100.0,False,,OrderSide.Buy,OrderStatus.Filled,601872.SH,,TimeInForce.GTC,,,,1281456000000000000,2010-08-10T16:00:00Z
10.39038,1090.9899,1281369600000000000,2010-08-09T16:00:00Z,42000.0,,f8ec8156-143c-4bbd-834e-5091fe2e47c0,OrderRole.Standalone,OrderType.Market,_default,,PositionEffect.Open,,42000.0,False,,OrderSide.Buy,OrderStatus.Filled,601857.SH,,TimeInForce.GTC,,,,1281456000000000000,2010-08-10T16:00:00Z
38.55141,23256.1380825,1281456000000000000,2010-08-10T16:00:00Z,241300.0,,de8ec10c-67b4-4c1e-980e-8b7c6fbf4227,OrderRole.Standalone,OrderType.Market,_default,,PositionEffect.Close,,241300.0,False,,OrderSide.Sell,OrderStatus.Filled,600547.SH,,TimeInForce.GTC,,,,1281542400000000000,2010-08-11T16:00:00Z
12.47751,22612.3674975,1281456000000000000,2010-08-10T16:00:00Z,724900.0,,6bcbba13-f62f-4c0d-b9ae-50e4a7923826,OrderRole.Standalone,OrderType.Market,_default,,PositionEffect.Close,,724900.0,False,,OrderSide.Sell,OrderStatus.Filled,601808.SH,,TimeInForce.GTC,,,,1281542400000000000,2010-08-11T16:00:00Z
10.32966,22782.06513,1281456000000000000,2010-08-10T16:00:00Z,882200.0,,100d612d-0dac-4d9d-9192-9444b10ab859,OrderRole.Standalone,OrderType.Market,_default,,PositionEffect.Close,,882200.0,False,,OrderSide.Sell,OrderStatus.Filled,601857.SH,,TimeInForce.GTC,,,,1281542400000000000,2010-08-11T16:00:00Z
6.11388,22751.27595,1281456000000000000,2010-08-10T16:00:00Z,1488500.0,,776edbac-8b34-4430-8792-b88140e60e66,OrderRole.Standalone,OrderType.Market,_default,,PositionEffect.Close,,1488500.0,False,,OrderSide.Sell,OrderStatus.Filled,601899.SH,,TimeInForce.GTC,,,,1281542400000000000,2010-08-11T16:00:00Z
58.86108,23956.45956,1283788800000000000,2010-09-06T16:00:00Z,162800.0,,c6fdc956-1019-4f47-96a7-a8433c003e68,OrderRole.Standalone,OrderType.Market,_default,,PositionEffect.Close,,162800.0,False,,OrderSide.Sell,OrderStatus.Filled,000538.SZ,,TimeInForce.GTC,,,,1283875200000000000,2010-09-07T16:00:00Z
55.65429,22581.7281675,1283788800000000000,2010-09-06T16:00:00Z,162300.0,,86fa4eb4-b928-4526-8a05-89401c19c258,OrderRole.Standalone,OrderType.Market,_default,,PositionEffect.Close,,162300.0,False,,OrderSide.Sell,OrderStatus.Filled,000596.SZ,,TimeInForce.GTC,,,,1283875200000000000,2010-09-07T16:00:00Z
48.951,22211.51625,1283788800000000000,2010-09-06T16:00:00Z,181500.0,,c00d1d06-fc2a-4552-9b33-499affe466d0,OrderRole.Standalone,OrderType.Market,_default,,PositionEffect.Close,,181500.0,False,,OrderSide.Sell,OrderStatus.Filled,002007.SZ,,TimeInForce.GTC,,,,1283875200000000000,2010-09-07T16:00:00Z
61.31862,6760.377855,1283788800000000000,2010-09-06T16:00:00Z,44100.0,,392a769a-6e7c-43ec-9a41-98691b768dd1,OrderRole.Standalone,OrderType.Market,_default,,PositionEffect.Close,,44100.0,False,,OrderSide.Sell,OrderStatus.Filled,600111.SH,,TimeInForce.GTC,,,,1283875200000000000,2010-09-07T16:00:00Z
4.68531,24118.8045525,1283788800000000000,2010-09-06T16:00:00Z,2059100.0,,6432bd80-51b6-4676-9e6d-c1d13ae823ae,OrderRole.Standalone,OrderType.Market,_default,,PositionEffect.Close,,2059100.0,False,,OrderSide.Sell,OrderStatus.Filled,601872.SH,,TimeInForce.GTC,,,,1283875200000000000,2010-09-07T16:00:00Z
,0.0,1283788800000000000,2010-09-06T16:00:00Z,0.0,,1e229356-145e-4fe4-95e8-522d88d8463c,OrderRole.Standalone,OrderType.Market,_default,,PositionEffect.Close,,499100.0,False,"Symbol 601607.SH not tradable (zero volume, suspension) at execution timestamp 1283875200000000000",OrderSide.Sell,OrderStatus.Rejected,601607.SH,,TimeInForce.GTC,,,,1283875200000000000,2010-09-07T16:00:00Z
10.32031,23837.3360225,1283788800000000000,2010-09-06T16:00:00Z,923900.0,,7a416d65-3444-4eaf-85f6-88bc8af33173,OrderRole.Standalone,OrderType.Market,_default,,PositionEffect.Open,,923900.0,False,,OrderSide.Buy,OrderStatus.Filled,000408.SZ,,TimeInForce.GTC,,,,1283875200000000000,2010-09-07T16:00:00Z
60.6606,23885.11125,1283788800000000000,2010-09-06T16:00:00Z,157500.0,,24c7e9b8-41e6-4b71-b42c-161f621fe6c5,OrderRole.Standalone,OrderType.Market,_default,,PositionEffect.Open,,157500.0,False,,OrderSide.Buy,OrderStatus.Filled,000792.SZ,,TimeInForce.GTC,,,,1283875200000000000,2010-09-07T16:00:00Z
27.5275,23790.641875,1283788800000000000,2010-09-06T16:00:00Z,345700.0,,f4db2ae3-a486-43af-83e4-1c4b94b9d479,OrderRole.Standalone,OrderType.Market,_default,,PositionEffect.Open,,345700.0,False,,OrderSide.Buy,OrderStatus.Filled,600031.SH,,TimeInForce.GTC,,,,1283875200000000000,2010-09-07T16:00:00Z
21.27125,23951.4275,1283788800000000000,2010-09-06T16:00:00Z,450400.0,,9b44e211-2a41-4a02-8978-826db5a474a4,OrderRole.Standalone,OrderType.Market,_default,,PositionEffect.Open,,450400.0,False,,OrderSide.Buy,OrderStatus.Filled,600066.SH,,TimeInForce.GTC,,,,1283875200000000000,2010-09-07T16:00:00Z
,0.0,1283788800000000000,2010-09-06T16:00:00Z,0.0,,e63496a0-77d8-4e03-af52-a3e7aad84b83,OrderRole.Standalone,OrderType.Market,_default,,PositionEffect.Open,,400500.0,False,"Symbol 600118.SH not tradable (zero volume, suspension) at execution timestamp 1283875200000000000",OrderSide.Buy,OrderStatus.Rejected,600118.SH,,TimeInForce.GTC,,,,1283875200000000000,2010-09-07T16:00:00Z
45.7457,23639.090475,1283788800000000000,2010-09-06T16:00:00Z,206700.0,,ba57d0e8-317a-4dc3-a239-a0c11bf82e85,OrderRole.Standalone,OrderType.Market,_default,,PositionEffect.Open,,206700.0,False,,OrderSide.Buy,OrderStatus.Filled,600132.SH,,TimeInForce.GTC,,,,1283875200000000000,2010-09-07T16:00:00Z
165.165,23907.63375,1283788800000000000,2010-09-06T16:00:00Z,57900.0,,5947c34e-8fb6-4186-874e-74cb68798ec2,OrderRole.Standalone,OrderType.Market,_default,,PositionEffect.Open,,57900.0,False,,OrderSide.Buy,OrderStatus.Filled,600519.SH,,TimeInForce.GTC,,,,1283875200000000000,2010-09-07T16:00:00Z
31.031,23878.3545,1283788800000000000,2010-09-06T16:00:00Z,307800.0,,38a78013-6d64-4bf2-a084-325560f68b60,OrderRole.Standalone,OrderType.Market,_default,,PositionEffect.Open,,307800.0,False,,OrderSide.Buy,OrderStatus.Filled,600549.SH,,TimeInForce.GTC,,,,1283875200000000000,2010-09-07T16:00:00Z
12.4124,23803.8801,1283788800000000000,2010-09-06T16:00:00Z,767100.0,,d73041b6-508b-4499-83f1-b70d1274472a,OrderRole.Standalone,OrderType.Market,_default,,PositionEffect.Open,,767100.0,False,,OrderSide.Buy,OrderStatus.Filled,600741.SH,,TimeInForce.GTC,,,,1283875200000000000,2010-09-07T16:00:00Z
69.02091,27038.9414925,1283875200000000000,2010-09-07T16:00:00Z,156700.0,,bb903718-98db-4acb-b070-5196d1aba9cb,OrderRole.Standalone,OrderType.Market,_default,,PositionEffect.Close,,156700.0,False,,OrderSide.Sell,OrderStatus.Filled,600111.SH,,TimeInForce.GTC,,,,1283961600000000000,2010-09-08T16:00:00Z
9.64035,22266.7984125,1287072000000000000,2010-10-14T16:00:00Z,923900.0,,055e5e96-cbcd-4723-ac35-6c7401f199e7,OrderRole.Standalone,OrderType.Market,_default,,PositionEffect.Close,,923900.0,False,,OrderSide.Sell,OrderStatus.Filled,000408.SZ,,TimeInForce.GTC,,,,1287331200000000000,2010-10-17T16:00:00Z
69.21072,27251.721,1287072000000000000,2010-10-14T16:00:00Z,157500.0,,ffe4b2fd-1a78-4691-a116-7d3fe8e83641,OrderRole.Standalone,OrderType.Market,_default,,PositionEffect.Close,,157500.0,False,,OrderSide.Sell,OrderStatus.Filled,000792.SZ,,TimeInForce.GTC,,,,1287331200000000000,2010-10-17T16:00:00Z
35.0649,30304.839825,1287072000000000000,2010-10-14T16:00:00Z,345700.0,,d5b1bc72-af86-4f69-967c-0e407668aac4,OrderRole.Standalone,OrderType.Market,_default,,PositionEffect.Close,,345700.0,False,,OrderSide.Sell,OrderStatus.Filled,600031.SH,,TimeInForce.GTC,,,,1287331200000000000,2010-10-17T16:00:00Z
22.05792,24837.21792,1287072000000000000,2010-10-14T16:00:00Z,450400.0,,48d3f859-a496-4c29-a9ed-f50c62eba787,OrderRole.Standalone,OrderType.Market,_default,,PositionEffect.Close,,450400.0,False,,OrderSide.Sell,OrderStatus.Filled,600066.SH,,TimeInForce.GTC,,,,1287331200000000000,2010-10-17T16:00:00Z
52.59735,27179.6806125,1287072000000000000,2010-10-14T16:00:00Z,206700.0,,36c327fe-49d1-4a38-89f7-4f3040e6e049,OrderRole.Standalone,OrderType.Market,_default,,PositionEffect.Close,,206700.0,False,,OrderSide.Sell,OrderStatus.Filled,600132.SH,,TimeInForce.GTC,,,,1287331200000000000,2010-10-17T16:00:00Z
159.84,23136.84,1287072000000000000,2010-10-14T16:00:00Z,57900.0,,7ef6522c-e2f0-4000-b5cf-bf9409361c3f,OrderRole.Standalone,OrderType.Market,_default,,PositionEffect.Close,,57900.0,False,,OrderSide.Sell,OrderStatus.Filled,600519.SH,,TimeInForce.GTC,,,,1287331200000000000,2010-10-17T16:00:00Z
42.0579,32363.55405,1287072000000000000,2010-10-14T16:00:00Z,307800.0,,7f3ada25-9208-45ef-a17f-0cf47df458c6,OrderRole.Standalone,OrderType.Market,_default,,PositionEffect.Close,,307800.0,False,,OrderSide.Sell,OrderStatus.Filled,600549.SH,,TimeInForce.GTC,,,,1287331200000000000,2010-10-17T16:00:00Z
13.45653,25806.2604075,1287072000000000000,2010-10-14T16:00:00Z,767100.0,,d19e9696-3f6d-4fc4-8a6d-a8adb288fd4e,OrderRole.Standalone,OrderType.Market,_default,,PositionEffect.Close,,767100.0,False,,OrderSide.Sell,OrderStatus.Filled,600741.SH,,TimeInForce.GTC,,,,1287331200000000000,2010-10-17T16:00:00Z
20.01996,24979.90509,1287072000000000000,2010-10-14T16:00:00Z,499100.0,,b051e0d6-2c38-4729-8221-0b52adbfa6c3,OrderRole.Standalone,OrderType.Market,_default,,PositionEffect.Close,,499100.0,False,,OrderSide.Sell,OrderStatus.Filled,601607.SH,,TimeInForce.GTC,,,,1287331200000000000,2010-10-17T16:00:00Z
9.92992,25038.29328,1287072000000000000,2010-10-14T16:00:00Z,1008600.0,,f6053985-0547-414c-8bec-1db79e589681,OrderRole.Standalone,OrderType.Market,_default,,PositionEffect.Open,,1008600.0,False,,OrderSide.Buy,OrderStatus.Filled,601899.SH,,TimeInForce.GTC,,,,1287331200000000000,2010-10-17T16:00:00Z
34.034,25857.3315,1287072000000000000,2010-10-14T16:00:00Z,303900.0,,e6496517-be6d-469e-ac2c-ca0dacd875a0,OrderRole.Standalone,OrderType.Market,_default,,PositionEffect.Open,,303900.0,False,,OrderSide.Buy,OrderStatus.Filled,000568.SZ,,TimeInForce.GTC,,,,1287331200000000000,2010-10-17T16:00:00Z
47.7477,25807.63185,1287072000000000000,2010-10-14T16:00:00Z,216200.0,,403032c5-afe5-4890-a915-58e928b68e6b,OrderRole.Standalone,OrderType.Market,_default,,PositionEffect.Open,,216200.0,False,,OrderSide.Buy,OrderStatus.Filled,000776.SZ,,TimeInForce.GTC,,,,1287331200000000000,2010-10-17T16:00:00Z
27.4274,25918.893,1287072000000000000,2010-10-14T16:00:00Z,378000.0,,cb9f07e4-4cea-412f-87b8-b07af4af4b6d,OrderRole.Standalone,OrderType.Market,_default,,PositionEffect.Open,,378000.0,False,,OrderSide.Buy,OrderStatus.Filled,000983.SZ,,TimeInForce.GTC,,,,1287331200000000000,2010-10-17T16:00:00Z
15.1151,26164.2381,1287072000000000000,2010-10-14T16:00:00Z,692400.0,,c27b3d7c-40af-43f1-bece-b018b05807a8,OrderRole.Standalone,OrderType.Market,_default,,PositionEffect.Open,,692400.0,False,,OrderSide.Buy,OrderStatus.Filled,600030.SH,,TimeInForce.GTC,,,,1287331200000000000,2010-10-17T16:00:00Z
15.56555,26465.3263875,1287072000000000000,2010-10-14T16:00:00Z,680100.0,,9fd87aa4-87f7-4792-92e4-8d185fc6836b,OrderRole.Standalone,OrderType.Market,_default,,PositionEffect.Open,,680100.0,False,,OrderSide.Buy,OrderStatus.Filled,600036.SH,,TimeInForce.GTC,,,,1287331200000000000,2010-10-17T16:00:00Z
88.33825,26545.644125,1287072000000000000,2010-10-14T16:00:00Z,120200.0,,235fae72-9eb4-45ef-a14d-efcd04bd3a6a,OrderRole.Standalone,OrderType.Market,_default,,PositionEffect.Open,,120200.0,False,,OrderSide.Buy,OrderStatus.Filled,600111.SH,,TimeInForce.GTC,,,,1287331200000000000,2010-10-17T16:00:00Z
43.5435,25494.71925,1287072000000000000,2010-10-14T16:00:00Z,234200.0,,2aa50fda-2298-46f0-88f3-75ff43bd7dbd,OrderRole.Standalone,OrderType.Market,_default,,PositionEffect.Open,,234200.0,False,,OrderSide.Buy,OrderStatus.Filled,600276.SH,,TimeInForce.GTC,,,,1287331200000000000,2010-10-17T16:00:00Z
43.79375,26298.146875,1287072000000000000,2010-10-14T16:00:00Z,240200.0,,4fb2f09d-6c63-4f18-bbca-144c43724114,OrderRole.Standalone,OrderType.Market,_default,,PositionEffect.Open,,240200.0,False,,OrderSide.Buy,OrderStatus.Filled,600362.SH,,TimeInForce.GTC,,,,1287331200000000000,2010-10-17T16:00:00Z
45.5455,25300.52525,1287072000000000000,2010-10-14T16:00:00Z,222200.0,,9400b291-7e6e-4615-ad0b-e2188ec46164,OrderRole.Standalone,OrderType.Market,_default,,PositionEffect.Open,,222200.0,False,,OrderSide.Buy,OrderStatus.Filled,600489.SH,,TimeInForce.GTC,,,,1287331200000000000,2010-10-17T16:00:00Z
43.956,6659.334,1289491200000000000,2010-11-11T16:00:00Z,60600.0,,77703858-b5de-49e4-9d60-6ed269387bbb,OrderRole.Standalone,OrderType.Market,_default,,PositionEffect.Close,,60600.0,False,,OrderSide.Sell,OrderStatus.Filled,000568.SZ,,TimeInForce.GTC,,,,1289750400000000000,2010-11-14T16:00:00Z
53.16678,28736.64459,1289491200000000000,2010-11-11T16:00:00Z,216200.0,,563b0039-44c2-4926-9bf6-1fcc5549127f,OrderRole.Standalone,OrderType.Market,_default,,PositionEffect.Close,,216200.0,False,,OrderSide.Sell,OrderStatus.Filled,000776.SZ,,TimeInForce.GTC,,,,1289750400000000000,2010-11-14T16:00:00Z
26.6733,25206.2685,1289491200000000000,2010-11-11T16:00:00Z,378000.0,,7be818d4-5af1-47ec-9a5d-7aa4b0ef1163,OrderRole.Standalone,OrderType.Market,_default,,PositionEffect.Close,,378000.0,False,,OrderSide.Sell,OrderStatus.Filled,000983.SZ,,TimeInForce.GTC,,,,1289750400000000000,2010-11-14T16:00:00Z
14.19579,24572.91249,1289491200000000000,2010-11-11T16:00:00Z,692400.0,,c4ff3953-cbf7-42e8-871e-6f7fd0d3d7a8,OrderRole.Standalone,OrderType.Market,_default,,PositionEffect.Close,,692400.0,False,,OrderSide.Sell,OrderStatus.Filled,600030.SH,,TimeInForce.GTC,,,,1289750400000000000,2010-11-14T16:00:00Z
14.09589,23966.5369725,1289491200000000000,2010-11-11T16:00:00Z,680100.0,,18b5f5f2-8da3-4f02-82ed-d2cd6c911ae0,OrderRole.Standalone,OrderType.Market,_default,,PositionEffect.Close,,680100.0,False,,OrderSide.Sell,OrderStatus.Filled,600036.SH,,TimeInForce.GTC,,,,1289750400000000000,2010-11-14T16:00:00Z
54.25569,31766.706495,1289491200000000000,2010-11-11T16:00:00Z,234200.0,,9bfcebb9-e681-47aa-92a0-a836b28e1eec,OrderRole.Standalone,OrderType.Market,_default,,PositionEffect.Close,,234200.0,False,,OrderSide.Sell,OrderStatus.Filled,600276.SH,,TimeInForce.GTC,,,,1289750400000000000,2010-11-14T16:00:00Z
41.34861,24829.840305,1289491200000000000,2010-11-11T16:00:00Z,240200.0,,b80a021b-ea9d-444b-a036-2606f7633285,OrderRole.Standalone,OrderType.Market,_default,,PositionEffect.Close,,240200.0,False,,OrderSide.Sell,OrderStatus.Filled,600362.SH,,TimeInForce.GTC,,,,1289750400000000000,2010-11-14T16:00:00Z
42.957,23862.6135,1289491200000000000,2010-11-11T16:00:00Z,222200.0,,b19cd911-2422-45d9-985d-3707fca5059d,OrderRole.Standalone,OrderType.Market,_default,,PositionEffect.Close,,222200.0,False,,OrderSide.Sell,OrderStatus.Filled,600489.SH,,TimeInForce.GTC,,,,1289750400000000000,2010-11-14T16:00:00Z
9.52047,24005.865105,1289491200000000000,2010-11-11T16:00:00Z,1008600.0,,e35bb547-8287-457c-85f5-30a44e3399e4,OrderRole.Standalone,OrderType.Market,_default,,PositionEffect.Close,,1008600.0,False,,OrderSide.Sell,OrderStatus.Filled,601899.SH,,TimeInForce.GTC,,,,1289750400000000000,2010-11-14T16:00:00Z
17.26725,26392.991625,1289491200000000000,2010-11-11T16:00:00Z,611400.0,,5767b6ca-5ac3-4621-8122-91f352d9a7a4,OrderRole.Standalone,OrderType.Market,_default,,PositionEffect.Open,,611400.0,False,,OrderSide.Buy,OrderStatus.Filled,000001.SZ,,TimeInForce.GTC,,,,1289750400000000000,2010-11-14T16:00:00Z
8.6086,26516.64015,1289491200000000000,2010-11-11T16:00:00Z,1232100.0,,c3a7b9ec-8ed7-460c-ba77-9d84acd33089,OrderRole.Standalone,OrderType.Market,_default,,PositionEffect.Open,,1232100.0,False,,OrderSide.Buy,OrderStatus.Filled,000002.SZ,,TimeInForce.GTC,,,,1289750400000000000,2010-11-14T16:00:00Z
77.28721,26316.295005,1289491200000000000,2010-11-11T16:00:00Z,136200.0,,ad7b820d-c974-4c0c-848c-38323262b586,OrderRole.Standalone,OrderType.Market,_default,,PositionEffect.Open,,136200.0,False,,OrderSide.Buy,OrderStatus.Filled,000596.SZ,,TimeInForce.GTC,,,,1289750400000000000,2010-11-14T16:00:00Z
88.77869,26300.6869125,1289491200000000000,2010-11-11T16:00:00Z,118500.0,,34127824-51a3-49cb-8a51-8814c98a98ca,OrderRole.Standalone,OrderType.Market,_default,,PositionEffect.Open,,118500.0,False,,OrderSide.Buy,OrderStatus.Filled,002236.SZ,,TimeInForce.GTC,,,,1289750400000000000,2010-11-14T16:00:00Z
47.047,26252.226,1289491200000000000,2010-11-11T16:00:00Z,223200.0,,3aceaa8b-0ad7-482c-a929-c7d6c8fbca43,OrderRole.Standalone,OrderType.Market,_default,,PositionEffect.Open,,223200.0,False,,OrderSide.Buy,OrderStatus.Filled,002241.SZ,,TimeInForce.GTC,,,,1289750400000000000,2010-11-14T16:00:00Z
73.22315,26561.6976625,1289491200000000000,2010-11-11T16:00:00Z,145100.0,,e0dbea76-b7f9-48d0-83a3-ed1f4241e860,OrderRole.Standalone,OrderType.Market,_default,,PositionEffect.Open,,145100.0,False,,OrderSide.Buy,OrderStatus.Filled,600132.SH,,TimeInForce.GTC,,,,1289750400000000000,2010-11-14T16:00:00Z
34.56453,26199.91374,1289491200000000000,2010-11-11T16:00:00Z,303200.0,,a2a3bdc6-bf73-4066-b953-31e3c09f898f,OrderRole.Standalone,OrderType.Market,_default,,PositionEffect.Open,,303200.0,False,,OrderSide.Buy,OrderStatus.Filled,600372.SH,,TimeInForce.GTC,,,,1289750400000000000,2010-11-14T16:00:00Z
65.5655,26209.808625,1289491200000000000,2010-11-11T16:00:00Z,159900.0,,49b0394c-1963-485f-9a0a-87bd8a26ff95,OrderRole.Standalone,OrderType.Market,_default,,PositionEffect.Open,,159900.0,False,,OrderSide.Buy,OrderStatus.Filled,600406.SH,,TimeInForce.GTC,,,,1289750400000000000,2010-11-14T16:00:00Z
77.5775,2986.73375,1289491200000000000,2010-11-11T16:00:00Z,15400.0,,b7f3784c-2b4e-42c5-972f-d0e81df023e0,OrderRole.Standalone,OrderType.Market,_default,,PositionEffect.Open,,15400.0,False,,OrderSide.Buy,OrderStatus.Filled,600111.SH,,TimeInForce.GTC,,,,1289750400000000000,2010-11-14T16:00:00Z
45.2547,27526.171275,1289750400000000000,2010-11-14T16:00:00Z,243300.0,,66851b53-caca-4ce0-a3f4-f15073e20616,OrderRole.Standalone,OrderType.Market,_default,,PositionEffect.Close,,243300.0,False,,OrderSide.Sell,OrderStatus.Filled,000568.SZ,,TimeInForce.GTC,,,,1289836800000000000,2010-11-15T16:00:00Z
78.921,26754.219,1289750400000000000,2010-11-14T16:00:00Z,135600.0,,0f4f0a3d-da74-4ed3-a80e-609ebefe3fe9,OrderRole.Standalone,OrderType.Market,_default,,PositionEffect.Close,,135600.0,False,,OrderSide.Sell,OrderStatus.Filled,600111.SH,,TimeInForce.GTC,,,,1289836800000000000,2010-11-15T16:00:00Z
16.33365,24965.984025,1291910400000000000,2010-12-09T16:00:00Z,611400.0,,556203e5-0b6c-4709-9646-d6f0c3dda44f,OrderRole.Standalone,OrderType.Market,_default,,PositionEffect.Close,,611400.0,False,,OrderSide.Sell,OrderStatus.Filled,000001.SZ,,TimeInForce.GTC,,,,1292169600000000000,2010-12-12T16:00:00Z
8.1918,25232.79195,1291910400000000000,2010-12-09T16:00:00Z,1232100.0,,f32cc34e-4c4a-46ff-a30d-009fb0ff4314,OrderRole.Standalone,OrderType.Market,_default,,PositionEffect.Close,,1232100.0,False,,OrderSide.Sell,OrderStatus.Filled,000002.SZ,,TimeInForce.GTC,,,,1292169600000000000,2010-12-12T16:00:00Z
82.7172,28165.2066,1291910400000000000,2010-12-09T16:00:00Z,136200.0,,4663a4b4-52e3-40f7-832b-dea62726e1e7,OrderRole.Standalone,OrderType.Market,_default,,PositionEffect.Close,,136200.0,False,,OrderSide.Sell,OrderStatus.Filled,000596.SZ,,TimeInForce.GTC,,,,1292169600000000000,2010-12-12T16:00:00Z
86.69322,25682.866425,1291910400000000000,2010-12-09T16:00:00Z,118500.0,,9279e6b9-9df4-4887-a01d-6b84a1ec5a28,OrderRole.Standalone,OrderType.Market,_default,,PositionEffect.Close,,118500.0,False,,OrderSide.Sell,OrderStatus.Filled,002236.SZ,,TimeInForce.GTC,,,,1292169600000000000,2010-12-12T16:00:00Z
56.57337,31567.94046,1291910400000000000,2010-12-09T16:00:00Z,223200.0,,f0326dae-fc3e-498a-846b-8038d6e80d92,OrderRole.Standalone,OrderType.Market,_default,,PositionEffect.Close,,223200.0,False,,OrderSide.Sell,OrderStatus.Filled,002241.SZ,,TimeInForce.GTC,,,,1292169600000000000,2010-12-12T16:00:00Z
33.54642,25428.18636,1291910400000000000,2010-12-09T16:00:00Z,303200.0,,fdd9701a-51b4-4269-b96a-d02dc169c3fc,OrderRole.Standalone,OrderType.Market,_default,,PositionEffect.Close,,303200.0,False,,OrderSide.Sell,OrderStatus.Filled,600372.SH,,TimeInForce.GTC,,,,1292169600000000000,2010-12-12T16:00:00Z
77.27265,30889.7418375,1291910400000000000,2010-12-09T16:00:00Z,159900.0,,5602ef7e-3b1b-4ae2-a61f-651903ee0046,OrderRole.Standalone,OrderType.Market,_default,,PositionEffect.Close,,159900.0,False,,OrderSide.Sell,OrderStatus.Filled,600406.SH,,TimeInForce.GTC,,,,1292169600000000000,2010-12-12T16:00:00Z
48.59855,26753.501775,1291910400000000000,2010-12-09T16:00:00Z,220200.0,,3c41bcf6-8431-4a95-8581-e202810e9e8c,OrderRole.Standalone,OrderType.Market,_default,,PositionEffect.Open,,220200.0,False,,OrderSide.Buy,OrderStatus.Filled,600549.SH,,TimeInForce.GTC,,,,1292169600000000000,2010-12-12T16:00:00Z
56.5565,26765.363625,1291910400000000000,2010-12-09T16:00:00Z,189300.0,,cd57162c-48e6-4b59-a832-a9286a1d5aea,OrderRole.Standalone,OrderType.Market,_default,,PositionEffect.Open,,189300.0,False,,OrderSide.Buy,OrderStatus.Filled,000338.SZ,,TimeInForce.GTC,,,,1292169600000000000,2010-12-12T16:00:00Z
28.97895,27015.6261375,1291910400000000000,2010-12-09T16:00:00Z,372900.0,,0168536e-b515-44a4-a8a3-faa146778920,OrderRole.Standalone,OrderType.Market,_default,,PositionEffect.Open,,372900.0,False,,OrderSide.Buy,OrderStatus.Filled,000630.SZ,,TimeInForce.GTC,,,,1292169600000000000,2010-12-12T16:00:00Z
52.91286,26628.396795,1291910400000000000,2010-12-09T16:00:00Z,201300.0,,328f0ecd-cbc0-4f53-ab30-d28592a6cd6b,OrderRole.Standalone,OrderType.Market,_default,,PositionEffect.Open,,201300.0,False,,OrderSide.Buy,OrderStatus.Filled,000776.SZ,,TimeInForce.GTC,,,,1292169600000000000,2010-12-12T16:00:00Z
19.3193,27143.6165,1291910400000000000,2010-12-09T16:00:00Z,562000.0,,5a088638-42b7-475b-898a-78474b164930,OrderRole.Standalone,OrderType.Market,_default,,PositionEffect.Open,,562000.0,False,,OrderSide.Buy,OrderStatus.Filled,000876.SZ,,TimeInForce.GTC,,,,1292169600000000000,2010-12-12T16:00:00Z
26.5265,26811.659875,1291910400000000000,2010-12-09T16:00:00Z,404300.0,,ed1669b3-b9ea-47fe-86e6-c9c8c8d93076,OrderRole.Standalone,OrderType.Market,_default,,PositionEffect.Open,,404300.0,False,,OrderSide.Buy,OrderStatus.Filled,000977.SZ,,TimeInForce.GTC,,,,1292169600000000000,2010-12-12T16:00:00Z
25.41539,26946.6672475,1291910400000000000,2010-12-09T16:00:00Z,424100.0,,2a6935e5-4001-455c-84db-05b2dc38917b,OrderRole.Standalone,OrderType.Market,_default,,PositionEffect.Open,,424100.0,False,,OrderSide.Buy,OrderStatus.Filled,002049.SZ,,TimeInForce.GTC,,,,1292169600000000000,2010-12-12T16:00:00Z
15.9159,26627.3007,1291910400000000000,2010-12-09T16:00:00Z,669200.0,,2ad9d2c1-03c2-4d36-a365-21c4e30bd05e,OrderRole.Standalone,OrderType.Market,_default,,PositionEffect.Open,,669200.0,False,,OrderSide.Buy,OrderStatus.Filled,600104.SH,,TimeInForce.GTC,,,,1292169600000000000,2010-12-12T16:00:00Z
21.2212,26659.1325,1291910400000000000,2010-12-09T16:00:00Z,502500.0,,f5ef0b9b-d01a-46d1-a60f-82b0691bfe84,OrderRole.Standalone,OrderType.Market,_default,,PositionEffect.Open,,502500.0,False,,OrderSide.Buy,OrderStatus.Filled,600160.SH,,TimeInForce.GTC,,,,1292169600000000000,2010-12-12T16:00:00Z
58.04799,5369.439075,1291910400000000000,2010-12-09T16:00:00Z,37000.0,,48a7d5e0-4365-477a-9c06-d125d8ca6089,OrderRole.Standalone,OrderType.Market,_default,,PositionEffect.Open,,37000.0,False,,OrderSide.Buy,OrderStatus.Filled,600132.SH,,TimeInForce.GTC,,,,1292169600000000000,2010-12-12T16:00:00Z
58.71123,26728.2874575,1292169600000000000,2010-12-12T16:00:00Z,182100.0,,08decbdb-151d-46bb-8a27-c327cbae9fdd,OrderRole.Standalone,OrderType.Market,_default,,PositionEffect.Close,,182100.0,False,,OrderSide.Sell,OrderStatus.Filled,600132.SH,,TimeInForce.GTC,,,,1292256000000000000,2010-12-13T16:00:00Z
49.24071,23303.1660075,1294588800000000000,2011-01-09T16:00:00Z,189300.0,,58fa0c24-5d17-4c5a-9e38-8c97a5aa0068,OrderRole.Standalone,OrderType.Market,_default,,PositionEffect.Close,,189300.0,False,,OrderSide.Sell,OrderStatus.Filled,000338.SZ,,TimeInForce.GTC,,,,1294675200000000000,2011-01-10T16:00:00Z
31.64832,29504.14632,1294588800000000000,2011-01-09T16:00:00Z,372900.0,,778787d7-58cb-4f0c-89b6-69493bf18162,OrderRole.Standalone,OrderType.Market,_default,,PositionEffect.Close,,372900.0,False,,OrderSide.Sell,OrderStatus.Filled,000630.SZ,,TimeInForce.GTC,,,,1294675200000000000,2011-01-10T16:00:00Z
50.82912,25579.75464,1294588800000000000,2011-01-09T16:00:00Z,201300.0,,3f805dbe-09fb-414d-bcb2-3f1ab4205b1b,OrderRole.Standalone,OrderType.Market,_default,,PositionEffect.Close,,201300.0,False,,OrderSide.Sell,OrderStatus.Filled,000776.SZ,,TimeInForce.GTC,,,,1294675200000000000,2011-01-10T16:00:00Z
19.86012,27903.4686,1294588800000000000,2011-01-09T16:00:00Z,562000.0,,40a79b57-82d8-4787-a834-ed24cd64e72c,OrderRole.Standalone,OrderType.Market,_default,,PositionEffect.Close,,562000.0,False,,OrderSide.Sell,OrderStatus.Filled,000876.SZ,,TimeInForce.GTC,,,,1294675200000000000,2011-01-10T16:00:00Z
19.7802,19992.83715,1294588800000000000,2011-01-09T16:00:00Z,404300.0,,65d0f138-d8c6-4f69-80d4-5e2de2195739,OrderRole.Standalone,OrderType.Market,_default,,PositionEffect.Close,,404300.0,False,,OrderSide.Sell,OrderStatus.Filled,000977.SZ,,TimeInForce.GTC,,,,1294675200000000000,2011-01-10T16:00:00Z
24.62535,26109.0273375,1294588800000000000,2011-01-09T16:00:00Z,424100.0,,5abce7e8-61be-4d4d-800d-1bd1c1020d18,OrderRole.Standalone,OrderType.Market,_default,,PositionEffect.Close,,424100.0,False,,OrderSide.Sell,OrderStatus.Filled,002049.SZ,,TimeInForce.GTC,,,,1294675200000000000,2011-01-10T16:00:00Z
15.07491,25220.32443,1294588800000000000,2011-01-09T16:00:00Z,669200.0,,184b41e6-5025-4518-865e-bdcaff245fbf,OrderRole.Standalone,OrderType.Market,_default,,PositionEffect.Close,,669200.0,False,,OrderSide.Sell,OrderStatus.Filled,600104.SH,,TimeInForce.GTC,,,,1294675200000000000,2011-01-10T16:00:00Z
22.43754,28187.159625,1294588800000000000,2011-01-09T16:00:00Z,502500.0,,e6691cff-67ea-4bcb-bd84-74ef20e22275,OrderRole.Standalone,OrderType.Market,_default,,PositionEffect.Close,,502500.0,False,,OrderSide.Sell,OrderStatus.Filled,600160.SH,,TimeInForce.GTC,,,,1294675200000000000,2011-01-10T16:00:00Z
45.76419,25193.186595,1294588800000000000,2011-01-09T16:00:00Z,220200.0,,061568a9-2965-4be3-ab41-d106f74386d9,OrderRole.Standalone,OrderType.Market,_default,,PositionEffect.Close,,220200.0,False,,OrderSide.Sell,OrderStatus.Filled,600549.SH,,TimeInForce.GTC,,,,1294675200000000000,2011-01-10T16:00:00Z
3.08308,25647.37175,1294588800000000000,2011-01-09T16:00:00Z,3327500.0,,9214bcfd-0a56-4c64-a379-f9eddcefd6b6,OrderRole.Standalone,OrderType.Market,_default,,PositionEffect.Open,,3327500.0,False,,OrderSide.Buy,OrderStatus.Filled,601018.SH,,TimeInForce.GTC,,,,1294675200000000000,2011-01-10T16:00:00Z
2.63263,25731.32562,1294588800000000000,2011-01-09T16:00:00Z,3909600.0,,4e6e1f7d-211d-46ab-be6e-5984d31fdcbb,OrderRole.Standalone,OrderType.Market,_default,,PositionEffect.Open,,3909600.0,False,,OrderSide.Buy,OrderStatus.Filled,601288.SH,,TimeInForce.GTC,,,,1294675200000000000,2011-01-10T16:00:00Z
4.24424,25730.705,1294588800000000000,2011-01-09T16:00:00Z,2425000.0,,6ef6bb5c-b38f-41e6-9f60-5bf614818f39,OrderRole.Standalone,OrderType.Market,_default,,PositionEffect.Open,,2425000.0,False,,OrderSide.Buy,OrderStatus.Filled,601398.SH,,TimeInForce.GTC,,,,1294675200000000000,2011-01-10T16:00:00Z
4.06406,25541.601085,1294588800000000000,2011-01-09T16:00:00Z,2513900.0,,2d9b5960-8b1f-462b-884a-b8c1517d7251,OrderRole.Standalone,OrderType.Market,_default,,PositionEffect.Open,,2513900.0,False,,OrderSide.Buy,OrderStatus.Filled,601818.SH,,TimeInForce.GTC,,,,1294675200000000000,2011-01-10T16:00:00Z
3.22322,25651.190565,1294588800000000000,2011-01-09T16:00:00Z,3183300.0,,67b093fe-7de6-4edf-a78f-28de4bdbdbfa,OrderRole.Standalone,OrderType.Market,_default,,PositionEffect.Open,,3183300.0,False,,OrderSide.Buy,OrderStatus.Filled,601988.SH,,TimeInForce.GTC,,,,1294675200000000000,2011-01-10T16:00:00Z
8.68868,25553.40788,1294588800000000000,2011-01-09T16:00:00Z,1176400.0,,64a644ee-5bd7-44bc-8752-0e25729bcbf0,OrderRole.Standalone,OrderType.Market,_default,,PositionEffect.Open,,1176400.0,False,,OrderSide.Buy,OrderStatus.Filled,000002.SZ,,TimeInForce.GTC,,,,1294675200000000000,2011-01-10T16:00:00Z
13.013,25593.31775,1294588800000000000,2011-01-09T16:00:00Z,786700.0,,878d82f2-dcf6-402b-a234-2727b95e1bc5,OrderRole.Standalone,OrderType.Market,_default,,PositionEffect.Open,,786700.0,False,,OrderSide.Buy,OrderStatus.Filled,600000.SH,,TimeInForce.GTC,,,,1294675200000000000,2011-01-10T16:00:00Z
5.07507,25679.8542,1294588800000000000,2011-01-09T16:00:00Z,2024000.0,,35bdfc6f-c848-48a3-b64c-5109429ed7d5,OrderRole.Standalone,OrderType.Market,_default,,PositionEffect.Open,,2024000.0,False,,OrderSide.Buy,OrderStatus.Filled,600016.SH,,TimeInForce.GTC,,,,1294675200000000000,2011-01-10T16:00:00Z
5.37537,25635.13953,1294588800000000000,2011-01-09T16:00:00Z,1907600.0,,f0e73450-c0bd-4ba7-874a-63cfb31f38c6,OrderRole.Standalone,OrderType.Market,_default,,PositionEffect.Open,,1907600.0,False,,OrderSide.Buy,OrderStatus.Filled,600050.SH,,TimeInForce.GTC,,,,1294675200000000000,2011-01-10T16:00:00Z
,0.0,1294588800000000000,2011-01-09T16:00:00Z,0.0,,86f5599d-b590-43c5-8936-6ff4f7b34a01,OrderRole.Standalone,OrderType.Market,_default,,PositionEffect.Open,,3427400.0,False,"Symbol 600795.SH not tradable (zero volume, suspension) at execution timestamp 1294675200000000000",OrderSide.Buy,OrderStatus.Rejected,600795.SH,,TimeInForce.GTC,,,,1294675200000000000,2011-01-10T16:00:00Z
8.5914,25267.3074,1297612800000000000,2011-02-13T16:00:00Z,1176400.0,,5a4cbe33-a626-4694-8f6d-d4f0704e4ed2,OrderRole.Standalone,OrderType.Market,_default,,PositionEffect.Close,,1176400.0,False,,OrderSide.Sell,OrderStatus.Filled,000002.SZ,,TimeInForce.GTC,,,,1297699200000000000,2011-02-14T16:00:00Z
13.13685,25836.8997375,1297612800000000000,2011-02-13T16:00:00Z,786700.0,,5463d6d5-2481-44c0-80e7-aa79b1ba12c7,OrderRole.Standalone,OrderType.Market,_default,,PositionEffect.Close,,786700.0,False,,OrderSide.Sell,OrderStatus.Filled,600000.SH,,TimeInForce.GTC,,,,1297699200000000000,2011-02-14T16:00:00Z
5.20479,26336.2374,1297612800000000000,2011-02-13T16:00:00Z,2024000.0,,ba5221fb-6024-4664-8729-a376f4aad304,OrderRole.Standalone,OrderType.Market,_default,,PositionEffect.Close,,2024000.0,False,,OrderSide.Sell,OrderStatus.Filled,600016.SH,,TimeInForce.GTC,,,,1297699200000000000,2011-02-14T16:00:00Z
6.18381,29490.58989,1297612800000000000,2011-02-13T16:00:00Z,1907600.0,,334b145f-2943-482b-8879-46b5a845aed0,OrderRole.Standalone,OrderType.Market,_default,,PositionEffect.Close,,1907600.0,False,,OrderSide.Sell,OrderStatus.Filled,600050.SH,,TimeInForce.GTC,,,,1297699200000000000,2011-02-14T16:00:00Z
3.27672,27258.2145,1297612800000000000,2011-02-13T16:00:00Z,3327500.0,,c2d4ba98-f2d0-4380-bb7e-5c482b8128d5,OrderRole.Standalone,OrderType.Market,_default,,PositionEffect.Close,,3327500.0,False,,OrderSide.Sell,OrderStatus.Filled,601018.SH,,TimeInForce.GTC,,,,1297699200000000000,2011-02-14T16:00:00Z
2.66733,26070.48342,1297612800000000000,2011-02-13T16:00:00Z,3909600.0,,71c8fdd2-d8e0-47b2-abb7-34280b1e5c10,OrderRole.Standalone,OrderType.Market,_default,,PositionEffect.Close,,3909600.0,False,,OrderSide.Sell,OrderStatus.Filled,601288.SH,,TimeInForce.GTC,,,,1297699200000000000,2011-02-14T16:00:00Z
4.36563,26466.631875,1297612800000000000,2011-02-13T16:00:00Z,2425000.0,,5979489e-6540-45d6-9ca9-3ff65ba3fd67,OrderRole.Standalone,OrderType.Market,_default,,PositionEffect.Close,,2425000.0,False,,OrderSide.Sell,OrderStatus.Filled,601398.SH,,TimeInForce.GTC,,,,1297699200000000000,2011-02-14T16:00:00Z
4.04595,25427.7842625,1297612800000000000,2011-02-13T16:00:00Z,2513900.0,,421a4f36-4a41-453d-9796-6293ab15cb05,OrderRole.Standalone,OrderType.Market,_default,,PositionEffect.Close,,2513900.0,False,,OrderSide.Sell,OrderStatus.Filled,601818.SH,,TimeInForce.GTC,,,,1297699200000000000,2011-02-14T16:00:00Z
3.28671,26156.4598575,1297612800000000000,2011-02-13T16:00:00Z,3183300.0,,3304f3f9-9803-41a8-8e1e-95201f612f85,OrderRole.Standalone,OrderType.Market,_default,,PositionEffect.Close,,3183300.0,False,,OrderSide.Sell,OrderStatus.Filled,601988.SH,,TimeInForce.GTC,,,,1297699200000000000,2011-02-14T16:00:00Z
23.43341,25987.65169,1297612800000000000,2011-02-13T16:00:00Z,443600.0,,6ab53770-be7b-4073-9f2e-987ad25f2b8c,OrderRole.Standalone,OrderType.Market,_default,,PositionEffect.Open,,443600.0,False,,OrderSide.Buy,OrderStatus.Filled,000617.SZ,,TimeInForce.GTC,,,,1297699200000000000,2011-02-14T16:00:00Z
,0.0,1297612800000000000,2011-02-13T16:00:00Z,0.0,,3908dbbb-7654-404d-8b54-7eef6011ebc0,OrderRole.Standalone,OrderType.Market,_default,,PositionEffect.Open,,348900.0,False,"Symbol 000630.SZ not tradable (zero volume, suspension) at execution timestamp 1297699200000000000",OrderSide.Buy,OrderStatus.Rejected,000630.SZ,,TimeInForce.GTC,,,,1297699200000000000,2011-02-14T16:00:00Z
21.58156,25854.70888,1297612800000000000,2011-02-13T16:00:00Z,479200.0,,0ca4e9ad-c043-4bd1-bf27-0838fe43b8fc,OrderRole.Standalone,OrderType.Market,_default,,PositionEffect.Open,,479200.0,False,,OrderSide.Buy,OrderStatus.Filled,000977.SZ,,TimeInForce.GTC,,,,1297699200000000000,2011-02-14T16:00:00Z
24.90488,26517.47098,1297612800000000000,2011-02-13T16:00:00Z,425900.0,,f1372a02-21a7-48d0-b588-28a808bbae2f,OrderRole.Standalone,OrderType.Market,_default,,PositionEffect.Open,,425900.0,False,,OrderSide.Buy,OrderStatus.Filled,002049.SZ,,TimeInForce.GTC,,,,1297699200000000000,2011-02-14T16:00:00Z
27.6276,26114.9889,1297612800000000000,2011-02-13T16:00:00Z,378100.0,,7b811fe6-0d4a-42e0-a91f-a354b20a5cb2,OrderRole.Standalone,OrderType.Market,_default,,PositionEffect.Open,,378100.0,False,,OrderSide.Buy,OrderStatus.Filled,002129.SZ,,TimeInForce.GTC,,,,1297699200000000000,2011-02-14T16:00:00Z
66.17611,26305.003725,1297612800000000000,2011-02-13T16:00:00Z,159000.0,,ee2150cf-d19c-4334-8d45-36b061540fd6,OrderRole.Standalone,OrderType.Market,_default,,PositionEffect.Open,,159000.0,False,,OrderSide.Buy,OrderStatus.Filled,600111.SH,,TimeInForce.GTC,,,,1297699200000000000,2011-02-14T16:00:00Z
23.41339,25977.156205,1297612800000000000,2011-02-13T16:00:00Z,443800.0,,74a68b5d-b2ba-4c20-b39b-156e2f8e5121,OrderRole.Standalone,OrderType.Market,_default,,PositionEffect.Open,,443800.0,False,,OrderSide.Buy,OrderStatus.Filled,600160.SH,,TimeInForce.GTC,,,,1297699200000000000,2011-02-14T16:00:00Z
22.20218,25771.180435,1297612800000000000,2011-02-13T16:00:00Z,464300.0,,bfabf004-90d2-484f-adf4-3d2e2a8540f0,OrderRole.Standalone,OrderType.Market,_default,,PositionEffect.Open,,464300.0,False,,OrderSide.Buy,OrderStatus.Filled,600332.SH,,TimeInForce.GTC,,,,1297699200000000000,2011-02-14T16:00:00Z
43.69365,26292.6538875,1297612800000000000,2011-02-13T16:00:00Z,240700.0,,6197885f-936b-42d8-bef8-1f89c566981d,OrderRole.Standalone,OrderType.Market,_default,,PositionEffect.Open,,240700.0,False,,OrderSide.Buy,OrderStatus.Filled,600549.SH,,TimeInForce.GTC,,,,1297699200000000000,2011-02-14T16:00:00Z
25.7257,26201.62545,1297612800000000000,2011-02-13T16:00:00Z,407400.0,,3d9d49a8-2666-4791-a705-6ce4fc72c162,OrderRole.Standalone,OrderType.Market,_default,,PositionEffect.Open,,407400.0,False,,OrderSide.Buy,OrderStatus.Filled,601808.SH,,TimeInForce.GTC,,,,1297699200000000000,2011-02-14T16:00:00Z
23.75622,26345.64798,1300032000000000000,2011-03-13T16:00:00Z,443600.0,,feea7a41-fff9-462f-92b9-e09e480e56a6,OrderRole.Standalone,OrderType.Market,_default,,PositionEffect.Close,,443600.0,False,,OrderSide.Sell,OrderStatus.Filled,000617.SZ,,TimeInForce.GTC,,,,1300118400000000000,2011-03-14T16:00:00Z
26.5734,31834.9332,1300032000000000000,2011-03-13T16:00:00Z,479200.0,,78902ca2-04ab-4b6b-89ea-a23cc0882473,OrderRole.Standalone,OrderType.Market,_default,,PositionEffect.Close,,479200.0,False,,OrderSide.Sell,OrderStatus.Filled,000977.SZ,,TimeInForce.GTC,,,,1300118400000000000,2011-03-14T16:00:00Z
25.40457,27049.5159075,1300032000000000000,2011-03-13T16:00:00Z,425900.0,,d1a7ee73-a635-4437-b932-64289fd2384a,OrderRole.Standalone,OrderType.Market,_default,,PositionEffect.Close,,425900.0,False,,OrderSide.Sell,OrderStatus.Filled,002049.SZ,,TimeInForce.GTC,,,,1300118400000000000,2011-03-14T16:00:00Z
33.2667,31445.348175,1300032000000000000,2011-03-13T16:00:00Z,378100.0,,b546815b-373a-40db-a5a7-fa7dbffe3a5a,OrderRole.Standalone,OrderType.Market,_default,,PositionEffect.Close,,378100.0,False,,OrderSide.Sell,OrderStatus.Filled,002129.SZ,,TimeInForce.GTC,,,,1300118400000000000,2011-03-14T16:00:00Z
80.6193,32046.17175,1300032000000000000,2011-03-13T16:00:00Z,159000.0,,05c49651-144f-4440-8248-c1ae41423a2b,OrderRole.Standalone,OrderType.Market,_default,,PositionEffect.Close,,159000.0,False,,OrderSide.Sell,OrderStatus.Filled,600111.SH,,TimeInForce.GTC,,,,1300118400000000000,2011-03-14T16:00:00Z
29.85012,4619.30607,1300032000000000000,2011-03-13T16:00:00Z,61900.0,,1e6205ec-b43b-4ab8-bcf3-0382e8e79725,OrderRole.Standalone,OrderType.Market,_default,,PositionEffect.Close,,61900.0,False,,OrderSide.Sell,OrderStatus.Filled,600160.SH,,TimeInForce.GTC,,,,1300118400000000000,2011-03-14T16:00:00Z
22.46751,26079.1622325,1300032000000000000,2011-03-13T16:00:00Z,464300.0,,11f782e2-b2ce-416f-8b85-1d1ba05b2e87,OrderRole.Standalone,OrderType.Market,_default,,PositionEffect.Close,,464300.0,False,,OrderSide.Sell,OrderStatus.Filled,600332.SH,,TimeInForce.GTC,,,,1300118400000000000,2011-03-14T16:00:00Z
47.06289,28320.0940575,1300032000000000000,2011-03-13T16:00:00Z,240700.0,,5ca27300-86e7-43db-ac05-789cd712074d,OrderRole.Standalone,OrderType.Market,_default,,PositionEffect.Close,,240700.0,False,,OrderSide.Sell,OrderStatus.Filled,600549.SH,,TimeInForce.GTC,,,,1300118400000000000,2011-03-14T16:00:00Z
24.00597,24450.080445,1300032000000000000,2011-03-13T16:00:00Z,407400.0,,95a871d6-4e7b-494c-a5f9-9b0a122d9785,OrderRole.Standalone,OrderType.Market,_default,,PositionEffect.Close,,407400.0,False,,OrderSide.Sell,OrderStatus.Filled,601808.SH,,TimeInForce.GTC,,,,1300118400000000000,2011-03-14T16:00:00Z
63.53347,27938.8434325,1300032000000000000,2011-03-13T16:00:00Z,175900.0,,f083a2ff-40af-40e5-99ae-b3595f549c07,OrderRole.Standalone,OrderType.Market,_default,,PositionEffect.Open,,175900.0,False,,OrderSide.Buy,OrderStatus.Filled,000425.SZ,,TimeInForce.GTC,,,,1300118400000000000,2011-03-14T16:00:00Z
3.42342,28366.45812,1300032000000000000,2011-03-13T16:00:00Z,3314400.0,,c6493c06-ec90-4e4a-acb8-358c832f89a0,OrderRole.Standalone,OrderType.Market,_default,,PositionEffect.Open,,3314400.0,False,,OrderSide.Buy,OrderStatus.Filled,000725.SZ,,TimeInForce.GTC,,,,1300118400000000000,2011-03-14T16:00:00Z
8.08808,28379.0507,1300032000000000000,2011-03-13T16:00:00Z,1403500.0,,7adf3e24-b60b-4e9a-a0d2-4793d85bdefc,OrderRole.Standalone,OrderType.Market,_default,,PositionEffect.Open,,1403500.0,False,,OrderSide.Buy,OrderStatus.Filled,000975.SZ,,TimeInForce.GTC,,,,1300118400000000000,2011-03-14T16:00:00Z
30.6306,28356.27795,1300032000000000000,2011-03-13T16:00:00Z,370300.0,,d7725c5f-9134-4446-8263-b51af1f29385,OrderRole.Standalone,OrderType.Market,_default,,PositionEffect.Open,,370300.0,False,,OrderSide.Buy,OrderStatus.Filled,002001.SZ,,TimeInForce.GTC,,,,1300118400000000000,2011-03-14T16:00:00Z
23.17315,28190.136975,1300032000000000000,2011-03-13T16:00:00Z,486600.0,,2294c25e-f445-40f4-a5e8-50b06ad02c28,OrderRole.Standalone,OrderType.Market,_default,,PositionEffect.Open,,486600.0,False,,OrderSide.Buy,OrderStatus.Filled,002179.SZ,,TimeInForce.GTC,,,,1300118400000000000,2011-03-14T16:00:00Z
5.79579,31255.2465225,1300032000000000000,2011-03-13T16:00:00Z,2157100.0,,15f861c6-f176-4c28-b4dc-9e19bb2216e6,OrderRole.Standalone,OrderType.Market,_default,,PositionEffect.Open,,2157100.0,False,,OrderSide.Buy,OrderStatus.Filled,600010.SH,,TimeInForce.GTC,,,,1300118400000000000,2011-03-14T16:00:00Z
31.28125,28114.0234375,1300032000000000000,2011-03-13T16:00:00Z,359500.0,,c735b1da-f5b7-4ac2-a715-533f9c21ada5,OrderRole.Standalone,OrderType.Market,_default,,PositionEffect.Open,,359500.0,False,,OrderSide.Buy,OrderStatus.Filled,600188.SH,,TimeInForce.GTC,,,,1300118400000000000,2011-03-14T16:00:00Z
9.79979,28830.98218,1300032000000000000,2011-03-13T16:00:00Z,1176800.0,,d31169ce-7681-4992-8945-84c45247de15,OrderRole.Standalone,OrderType.Market,_default,,PositionEffect.Open,,1176800.0,False,,OrderSide.Buy,OrderStatus.Filled,600745.SH,,TimeInForce.GTC,,,,1300118400000000000,2011-03-14T16:00:00Z
36.81678,28275.28704,1300032000000000000,2011-03-13T16:00:00Z,307200.0,,901bca9f-41f4-4bb1-bdba-c80d815dc822,OrderRole.Standalone,OrderType.Market,_default,,PositionEffect.Open,,307200.0,False,,OrderSide.Buy,OrderStatus.Filled,600893.SH,,TimeInForce.GTC,,,,1300118400000000000,2011-03-14T16:00:00Z
30.23973,28871.3822175,1300118400000000000,2011-03-14T16:00:00Z,381900.0,,6e61ad94-6f1c-4678-b19f-79597c8ff123,OrderRole.Standalone,OrderType.Market,_default,,PositionEffect.Close,,381900.0,False,,OrderSide.Sell,OrderStatus.Filled,600160.SH,,TimeInForce.GTC,,,,1300204800000000000,2011-03-15T16:00:00Z
28.68129,25225.194555,1302624000000000000,2011-04-12T16:00:00Z,351800.0,,574d260c-d4b8-4ca8-9109-31cef13edf7d,OrderRole.Standalone,OrderType.Market,_default,,PositionEffect.Close,,351800.0,False,,OrderSide.Sell,OrderStatus.Filled,000425.SZ,,TimeInForce.GTC,,,,1302710400000000000,2011-04-13T16:00:00Z
3.36663,27895.89618,1302624000000000000,2011-04-12T16:00:00Z,3314400.0,,b47d9efd-68d7-4439-afed-1717255d9b09,OrderRole.Standalone,OrderType.Market,_default,,PositionEffect.Close,,3314400.0,False,,OrderSide.Sell,OrderStatus.Filled,000725.SZ,,TimeInForce.GTC,,,,1302710400000000000,2011-04-13T16:00:00Z
32.07789,29696.1066675,1302624000000000000,2011-04-12T16:00:00Z,370300.0,,fe1fac2b-0444-414e-8926-64af8b102fed,OrderRole.Standalone,OrderType.Market,_default,,PositionEffect.Close,,370300.0,False,,OrderSide.Sell,OrderStatus.Filled,002001.SZ,,TimeInForce.GTC,,,,1302710400000000000,2011-04-13T16:00:00Z
23.976,29166.804,1302624000000000000,2011-04-12T16:00:00Z,486600.0,,30213774-16fd-48b1-98cb-f3980d953111,OrderRole.Standalone,OrderType.Market,_default,,PositionEffect.Close,,486600.0,False,,OrderSide.Sell,OrderStatus.Filled,002179.SZ,,TimeInForce.GTC,,,,1302710400000000000,2011-04-13T16:00:00Z
37.39257,33606.5722875,1302624000000000000,2011-04-12T16:00:00Z,359500.0,,405b84a1-6297-4b3a-bd5e-af309d769e78,OrderRole.Standalone,OrderType.Market,_default,,PositionEffect.Close,,359500.0,False,,OrderSide.Sell,OrderStatus.Filled,600188.SH,,TimeInForce.GTC,,,,1302710400000000000,2011-04-13T16:00:00Z
34.38558,26408.12544,1302624000000000000,2011-04-12T16:00:00Z,307200.0,,fc7c0eb6-096e-4f43-800d-8a9147892b8d,OrderRole.Standalone,OrderType.Market,_default,,PositionEffect.Close,,307200.0,False,,OrderSide.Sell,OrderStatus.Filled,600893.SH,,TimeInForce.GTC,,,,1302710400000000000,2011-04-13T16:00:00Z
,0.0,1302624000000000000,2011-04-12T16:00:00Z,0.0,,f2e325a8-f5c4-4164-8eb1-6522d63a43d9,OrderRole.Standalone,OrderType.Market,_default,,PositionEffect.Close,,1403500.0,False,"Symbol 000975.SZ not tradable (zero volume, suspension) at execution timestamp 1302710400000000000",OrderSide.Sell,OrderStatus.Rejected,000975.SZ,,TimeInForce.GTC,,,,1302710400000000000,2011-04-13T16:00:00Z
8.88888,61731.04938,1302624000000000000,2011-04-12T16:00:00Z,2777900.0,,89277073-98c0-4369-97c6-c095a969e73c,OrderRole.Standalone,OrderType.Market,_default,,PositionEffect.Open,,2777900.0,False,,OrderSide.Buy,OrderStatus.Filled,600028.SH,,TimeInForce.GTC,,,,1302710400000000000,2011-04-13T16:00:00Z
4.63463,61800.473735,1302624000000000000,2011-04-12T16:00:00Z,5333800.0,,0737b363-5cca-4fcd-96cc-50cb82fafcd7,OrderRole.Standalone,OrderType.Market,_default,,PositionEffect.Open,,5333800.0,False,,OrderSide.Buy,OrderStatus.Filled,601398.SH,,TimeInForce.GTC,,,,1302710400000000000,2011-04-13T16:00:00Z
3.42342,61620.704145,1302624000000000000,2011-04-12T16:00:00Z,7199900.0,,4bbc8cd9-080e-4d10-8c59-bdd375fb283b,OrderRole.Standalone,OrderType.Market,_default,,PositionEffect.Open,,7199900.0,False,,OrderSide.Buy,OrderStatus.Filled,601988.SH,,TimeInForce.GTC,,,,1302710400000000000,2011-04-13T16:00:00Z
11.1111,29277.7485,1302624000000000000,2011-04-12T16:00:00Z,1054000.0,,b69632f5-5f09-4e82-8ffd-4729fdf637ea,OrderRole.Standalone,OrderType.Market,_default,,PositionEffect.Open,,1054000.0,False,,OrderSide.Buy,OrderStatus.Filled,600745.SH,,TimeInForce.GTC,,,,1302710400000000000,2011-04-13T16:00:00Z
9.009,12605.84325,1302624000000000000,2011-04-12T16:00:00Z,559700.0,,b9d83f88-63a0-436a-975f-92ea0b7c3ee0,OrderRole.Standalone,OrderType.Market,_default,,PositionEffect.Open,,559700.0,False,,OrderSide.Buy,OrderStatus.Filled,600010.SH,,TimeInForce.GTC,,,,1302710400000000000,2011-04-13T16:00:00Z
9.01098,61202.57616,1302710400000000000,2011-04-13T16:00:00Z,2716800.0,,c4288b1f-0aa0-48f9-bb94-489ddc2cd5c6,OrderRole.Standalone,OrderType.Market,_default,,PositionEffect.Close,,2716800.0,False,,OrderSide.Sell,OrderStatus.Filled,600010.SH,,TimeInForce.GTC,,,,1302796800000000000,2011-04-14T16:00:00Z
10.43955,58221.37035,1302710400000000000,2011-04-13T16:00:00Z,2230800.0,,3eb101df-5c8f-4fbb-b445-74cbc0f92947,OrderRole.Standalone,OrderType.Market,_default,,PositionEffect.Close,,2230800.0,False,,OrderSide.Sell,OrderStatus.Filled,600745.SH,,TimeInForce.GTC,,,,1302796800000000000,2011-04-14T16:00:00Z
4.48551,59812.033095,1305129600000000000,2011-05-11T16:00:00Z,5333800.0,,896e913f-7e4a-4339-b235-3f0aa8900ebc,OrderRole.Standalone,OrderType.Market,_default,,PositionEffect.Close,,5333800.0,False,,OrderSide.Sell,OrderStatus.Filled,601398.SH,,TimeInForce.GTC,,,,1305216000000000000,2011-05-12T16:00:00Z
3.35664,60418.68084,1305129600000000000,2011-05-11T16:00:00Z,7199900.0,,1e53f6e7-90d0-4080-885a-db2b5563c197,OrderRole.Standalone,OrderType.Market,_default,,PositionEffect.Close,,7199900.0,False,,OrderSide.Sell,OrderStatus.Filled,601988.SH,,TimeInForce.GTC,,,,1305216000000000000,2011-05-12T16:00:00Z
,0.0,1305129600000000000,2011-05-11T16:00:00Z,0.0,,4b627f43-d83e-4fef-a5c9-bee766317405,OrderRole.Standalone,OrderType.Market,_default,,PositionEffect.Close,,2777900.0,False,"Symbol 600028.SH not tradable (zero volume, suspension) at execution timestamp 1305216000000000000",OrderSide.Sell,OrderStatus.Rejected,600028.SH,,TimeInForce.GTC,,,,1305216000000000000,2011-05-12T16:00:00Z
,0.0,1305129600000000000,2011-05-11T16:00:00Z,0.0,,173150c3-5b11-4731-9566-2b47fea4d505,OrderRole.Standalone,OrderType.Market,_default,,PositionEffect.Close,,1403500.0,False,"Symbol 000975.SZ not tradable (zero volume, suspension) at execution timestamp 1305216000000000000",OrderSide.Sell,OrderStatus.Rejected,000975.SZ,,TimeInForce.GTC,,,,1305216000000000000,2011-05-12T16:00:00Z
,0.0,1305129600000000000,2011-05-11T16:00:00Z,0.0,,58b0b76b-8fcb-4a37-9908-c80741f64992,OrderRole.Standalone,OrderType.Market,_default,,PositionEffect.Open,,3188100.0,False,"Symbol 000100.SZ not tradable (zero volume, suspension) at execution timestamp 1305216000000000000",OrderSide.Buy,OrderStatus.Rejected,000100.SZ,,TimeInForce.GTC,,,,1305216000000000000,2011-05-12T16:00:00Z
7.28728,49340.35106,1305129600000000000,2011-05-11T16:00:00Z,2708300.0,,c4970e49-fa2b-4c53-bf50-690e7a5e11f3,OrderRole.Standalone,OrderType.Market,_default,,PositionEffect.Open,,2708300.0,False,,OrderSide.Buy,OrderStatus.Filled,600010.SH,,TimeInForce.GTC,,,,1305216000000000000,2011-05-12T16:00:00Z
5.83583,49039.9384475,1305129600000000000,2011-05-11T16:00:00Z,3361300.0,,7aa7945a-a666-4a85-aa7c-2c529e5a6cc9,OrderRole.Standalone,OrderType.Market,_default,,PositionEffect.Open,,3361300.0,False,,OrderSide.Buy,OrderStatus.Filled,600016.SH,,TimeInForce.GTC,,,,1305216000000000000,2011-05-12T16:00:00Z
17.4174,49513.31385,1305129600000000000,2011-05-11T16:00:00Z,1137100.0,,78b8eb79-b6e1-4a4d-9874-1c5115431429,OrderRole.Standalone,OrderType.Market,_default,,PositionEffect.Open,,1137100.0,False,,OrderSide.Buy,OrderStatus.Filled,600031.SH,,TimeInForce.GTC,,,,1305216000000000000,2011-05-12T16:00:00Z
63.87381,49118.95989,1305129600000000000,2011-05-11T16:00:00Z,307600.0,,445561fc-d6a1-46f6-ab98-acc44ed1d45e,OrderRole.Standalone,OrderType.Market,_default,,PositionEffect.Open,,307600.0,False,,OrderSide.Buy,OrderStatus.Filled,600111.SH,,TimeInForce.GTC,,,,1305216000000000000,2011-05-12T16:00:00Z
,0.0,1305129600000000000,2011-05-11T16:00:00Z,0.0,,b321f22e-fc45-44be-9fc2-e00b9c646e0d,OrderRole.Standalone,OrderType.Market,_default,,PositionEffect.Open,,631100.0,False,"Risk: Insufficient margin at execution. Required: 20063274.35112000000000000000, Available: 16834853.64896999862043935649",OrderSide.Buy,OrderStatus.Rejected,600160.SH,,TimeInForce.GTC,,,,1305216000000000000,2011-05-12T16:00:00Z
8.23176,12660.44688,1307635200000000000,2011-06-09T16:00:00Z,615200.0,,cc41c105-d65e-4b3b-ac95-45a8478bcdf3,OrderRole.Standalone,OrderType.Market,_default,,PositionEffect.Close,,615200.0,False,,OrderSide.Sell,OrderStatus.Filled,600010.SH,,TimeInForce.GTC,,,,1307894400000000000,2011-06-12T16:00:00Z
5.5944,47011.1418,1307635200000000000,2011-06-09T16:00:00Z,3361300.0,,481b49fd-68ad-455c-b94a-6ce235af7280,OrderRole.Standalone,OrderType.Market,_default,,PositionEffect.Close,,3361300.0,False,,OrderSide.Sell,OrderStatus.Filled,600016.SH,,TimeInForce.GTC,,,,1307894400000000000,2011-06-12T16:00:00Z
7.93206,55086.173685,1307635200000000000,2011-06-09T16:00:00Z,2777900.0,,e42b8f16-ac87-4933-ae32-37f45390b41a,OrderRole.Standalone,OrderType.Market,_default,,PositionEffect.Close,,2777900.0,False,,OrderSide.Sell,OrderStatus.Filled,600028.SH,,TimeInForce.GTC,,,,1307894400000000000,2011-06-12T16:00:00Z
16.64334,47312.854785,1307635200000000000,2011-06-09T16:00:00Z,1137100.0,,338d9db1-a4c9-4999-ba6f-c518f363deb0,OrderRole.Standalone,OrderType.Market,_default,,PositionEffect.Close,,1137100.0,False,,OrderSide.Sell,OrderStatus.Filled,600031.SH,,TimeInForce.GTC,,,,1307894400000000000,2011-06-12T16:00:00Z
75.08484,14359.97565,1307635200000000000,2011-06-09T16:00:00Z,76500.0,,7306b98f-f394-40d6-9b0d-cf76617ea821,OrderRole.Standalone,OrderType.Market,_default,,PositionEffect.Close,,76500.0,False,,OrderSide.Sell,OrderStatus.Filled,600111.SH,,TimeInForce.GTC,,,,1307894400000000000,2011-06-12T16:00:00Z
,0.0,1307635200000000000,2011-06-09T16:00:00Z,0.0,,e3946137-a392-45fe-b2d8-bb78e64234e6,OrderRole.Standalone,OrderType.Market,_default,,PositionEffect.Close,,1403500.0,False,"Symbol 000975.SZ not tradable (zero volume, suspension) at execution timestamp 1307894400000000000",OrderSide.Sell,OrderStatus.Rejected,000975.SZ,,TimeInForce.GTC,,,,1307894400000000000,2011-06-12T16:00:00Z
2.98298,43115.99292,1307635200000000000,2011-06-09T16:00:00Z,5781600.0,,56a4c762-5151-485b-9ac2-11e31ce8fba3,OrderRole.Standalone,OrderType.Market,_default,,PositionEffect.Open,,5781600.0,False,,OrderSide.Buy,OrderStatus.Filled,000100.SZ,,TimeInForce.GTC,,,,1307894400000000000,2011-06-12T16:00:00Z
20.91089,43588.750205,1307635200000000000,2011-06-09T16:00:00Z,833800.0,,ed661022-df57-4fe7-9efd-fd48ef888b5b,OrderRole.Standalone,OrderType.Market,_default,,PositionEffect.Open,,833800.0,False,,OrderSide.Buy,OrderStatus.Filled,000651.SZ,,TimeInForce.GTC,,,,1307894400000000000,2011-06-12T16:00:00Z
29.8298,43126.43335,1307635200000000000,2011-06-09T16:00:00Z,578300.0,,681018ac-4a2a-4b15-8a9d-c94b9cc4042a,OrderRole.Standalone,OrderType.Market,_default,,PositionEffect.Open,,578300.0,False,,OrderSide.Buy,OrderStatus.Filled,002180.SZ,,TimeInForce.GTC,,,,1307894400000000000,2011-06-12T16:00:00Z
28.64862,43144.82172,1307635200000000000,2011-06-09T16:00:00Z,602400.0,,5f7f433d-d56d-428b-a777-d1d21731ee7e,OrderRole.Standalone,OrderType.Market,_default,,PositionEffect.Open,,602400.0,False,,OrderSide.Buy,OrderStatus.Filled,600160.SH,,TimeInForce.GTC,,,,1307894400000000000,2011-06-12T16:00:00Z
45.8458,43347.2039,1307635200000000000,2011-06-09T16:00:00Z,378200.0,,520634d2-4387-4544-ae26-cb7bcad73226,OrderRole.Standalone,OrderType.Market,_default,,PositionEffect.Open,,378200.0,False,,OrderSide.Buy,OrderStatus.Filled,600372.SH,,TimeInForce.GTC,,,,1307894400000000000,2011-06-12T16:00:00Z
3.00699,43463.03346,1307894400000000000,2011-06-12T16:00:00Z,5781600.0,,ff905b9f-a3ae-48ba-80c9-fd6540d9296d,OrderRole.Standalone,OrderType.Market,_default,,PositionEffect.Close,,5781600.0,False,,OrderSide.Sell,OrderStatus.Filled,000100.SZ,,TimeInForce.GTC,,,,1307980800000000000,2011-06-13T16:00:00Z
8.67132,45374.84973,1307894400000000000,2011-06-12T16:00:00Z,2093100.0,,55a5732b-ef89-4df7-ab99-cdeedb8b2017,OrderRole.Standalone,OrderType.Market,_default,,PositionEffect.Close,,2093100.0,False,,OrderSide.Sell,OrderStatus.Filled,600010.SH,,TimeInForce.GTC,,,,1307980800000000000,2011-06-13T16:00:00Z
77.3226,44673.13215,1307894400000000000,2011-06-12T16:00:00Z,231100.0,,21d935d5-9361-4735-8d6a-e273d549687e,OrderRole.Standalone,OrderType.Market,_default,,PositionEffect.Close,,231100.0,False,,OrderSide.Sell,OrderStatus.Filled,600111.SH,,TimeInForce.GTC,,,,1307980800000000000,2011-06-13T16:00:00Z
29.42055,44307.3483,1307894400000000000,2011-06-12T16:00:00Z,602400.0,,492d2974-7eae-49c2-b137-70e4f211d9db,OrderRole.Standalone,OrderType.Market,_default,,PositionEffect.Close,,602400.0,False,,OrderSide.Sell,OrderStatus.Filled,600160.SH,,TimeInForce.GTC,,,,1307980800000000000,2011-06-13T16:00:00Z
23.41656,48811.81932,1310054400000000000,2011-07-07T16:00:00Z,833800.0,,8b91aeec-1f8a-48ed-8f12-fabd532a49aa,OrderRole.Standalone,OrderType.Market,_default,,PositionEffect.Close,,833800.0,False,,OrderSide.Sell,OrderStatus.Filled,000651.SZ,,TimeInForce.GTC,,,,1310313600000000000,2011-07-10T16:00:00Z
39.74022,37574.37801,1310054400000000000,2011-07-07T16:00:00Z,378200.0,,9c8bf4a6-89c5-4d51-8584-b3826f25cc4d,OrderRole.Standalone,OrderType.Market,_default,,PositionEffect.Close,,378200.0,False,,OrderSide.Sell,OrderStatus.Filled,600372.SH,,TimeInForce.GTC,,,,1310313600000000000,2011-07-10T16:00:00Z
,0.0,1310054400000000000,2011-07-07T16:00:00Z,0.0,,a1231377-7b47-4c3b-af09-b626cd32a5be,OrderRole.Standalone,OrderType.Market,_default,,PositionEffect.Close,,1403500.0,False,"Symbol 000975.SZ not tradable (zero volume, suspension) at execution timestamp 1310313600000000000",OrderSide.Sell,OrderStatus.Rejected,000975.SZ,,TimeInForce.GTC,,,,1310313600000000000,2011-07-10T16:00:00Z
79.9799,60924.688825,1310054400000000000,2011-07-07T16:00:00Z,304700.0,,fb1bb0b8-944a-45a8-b47e-b1cd7d636023,OrderRole.Standalone,OrderType.Market,_default,,PositionEffect.Open,,304700.0,False,,OrderSide.Buy,OrderStatus.Filled,000596.SZ,,TimeInForce.GTC,,,,1310313600000000000,2011-07-10T16:00:00Z
131.5314,60800.38965,1310054400000000000,2011-07-07T16:00:00Z,184900.0,,dcb87d13-de23-43ad-8cc8-e2aab340a646,OrderRole.Standalone,OrderType.Market,_default,,PositionEffect.Open,,184900.0,False,,OrderSide.Buy,OrderStatus.Filled,002304.SZ,,TimeInForce.GTC,,,,1310313600000000000,2011-07-10T16:00:00Z
66.82676,60210.91076,1310054400000000000,2011-07-07T16:00:00Z,360400.0,,4ae56094-2361-4090-b357-12b8ee256eac,OrderRole.Standalone,OrderType.Market,_default,,PositionEffect.Open,,360400.0,False,,OrderSide.Buy,OrderStatus.Filled,600132.SH,,TimeInForce.GTC,,,,1310313600000000000,2011-07-10T16:00:00Z
47.79775,60643.3953125,1310054400000000000,2011-07-07T16:00:00Z,507500.0,,9ac7d1b2-4945-453e-81b1-0a5a0bdb95dc,OrderRole.Standalone,OrderType.Market,_default,,PositionEffect.Open,,507500.0,False,,OrderSide.Buy,OrderStatus.Filled,600547.SH,,TimeInForce.GTC,,,,1310313600000000000,2011-07-10T16:00:00Z
27.4274,20933.96305,1310054400000000000,2011-07-07T16:00:00Z,305300.0,,0787f8b0-22e2-459f-b96f-673ebe3d5d1f,OrderRole.Standalone,OrderType.Market,_default,,PositionEffect.Open,,305300.0,False,,OrderSide.Buy,OrderStatus.Filled,002180.SZ,,TimeInForce.GTC,,,,1310313600000000000,2011-07-10T16:00:00Z
26.98299,59605.42491,1310313600000000000,2011-07-10T16:00:00Z,883600.0,,42a227cc-84ae-4b0f-be0e-2ef268c67ae3,OrderRole.Standalone,OrderType.Market,_default,,PositionEffect.Close,,883600.0,False,,OrderSide.Sell,OrderStatus.Filled,002180.SZ,,TimeInForce.GTC,,,,1310400000000000000,2011-07-11T16:00:00Z
91.05885,34761.7159875,1312473600000000000,2011-08-04T16:00:00Z,152700.0,,d1278e43-66fb-45ed-8456-9d0af885e0fc,OrderRole.Standalone,OrderType.Market,_default,,PositionEffect.Close,,152700.0,False,,OrderSide.Sell,OrderStatus.Filled,000596.SZ,,TimeInForce.GTC,,,,1312732800000000000,2011-08-07T16:00:00Z
8.87112,31126.5423,1312473600000000000,2011-08-04T16:00:00Z,1403500.0,,4d4d9e26-bed2-49c1-b24c-71d8d2f0821f,OrderRole.Standalone,OrderType.Market,_default,,PositionEffect.Close,,1403500.0,False,,OrderSide.Sell,OrderStatus.Filled,000975.SZ,,TimeInForce.GTC,,,,1312732800000000000,2011-08-07T16:00:00Z
139.86,29580.39,1312473600000000000,2011-08-04T16:00:00Z,84600.0,,f549e1f3-240b-44ea-a89e-87080b3abc1d,OrderRole.Standalone,OrderType.Market,_default,,PositionEffect.Close,,84600.0,False,,OrderSide.Sell,OrderStatus.Filled,002304.SZ,,TimeInForce.GTC,,,,1312732800000000000,2011-08-07T16:00:00Z
65.934,59406.534,1312473600000000000,2011-08-04T16:00:00Z,360400.0,,16bed878-baa7-4543-b509-389d557f0fb3,OrderRole.Standalone,OrderType.Market,_default,,PositionEffect.Close,,360400.0,False,,OrderSide.Sell,OrderStatus.Filled,600132.SH,,TimeInForce.GTC,,,,1312732800000000000,2011-08-07T16:00:00Z
49.1508,62360.0775,1312473600000000000,2011-08-04T16:00:00Z,507500.0,,571a8e98-ee6c-479d-a519-760140f0fff5,OrderRole.Standalone,OrderType.Market,_default,,PositionEffect.Close,,507500.0,False,,OrderSide.Sell,OrderStatus.Filled,600547.SH,,TimeInForce.GTC,,,,1312732800000000000,2011-08-07T16:00:00Z
80.29021,34966.386455,1312473600000000000,2011-08-04T16:00:00Z,174200.0,,80ae75ed-4a1e-4fef-8833-b2cc8982c8e4,OrderRole.Standalone,OrderType.Market,_default,,PositionEffect.Open,,174200.0,False,,OrderSide.Buy,OrderStatus.Filled,600809.SH,,TimeInForce.GTC,,,,1312732800000000000,2011-08-07T16:00:00Z
19.64963,35718.1149325,1312473600000000000,2011-08-04T16:00:00Z,727100.0,,e42f0928-0db6-49f9-9cc8-d2a23744ca5d,OrderRole.Standalone,OrderType.Market,_default,,PositionEffect.Open,,727100.0,False,,OrderSide.Buy,OrderStatus.Filled,600887.SH,,TimeInForce.GTC,,,,1312732800000000000,2011-08-07T16:00:00Z
61.89183,34968.88395,1312473600000000000,2011-08-04T16:00:00Z,226000.0,,23c56ae7-b8bf-4ad9-b63a-56eaaeb97115,OrderRole.Standalone,OrderType.Market,_default,,PositionEffect.Open,,226000.0,False,,OrderSide.Buy,OrderStatus.Filled,000538.SZ,,TimeInForce.GTC,,,,1312732800000000000,2011-08-07T16:00:00Z
47.03699,35265.9832525,1312473600000000000,2011-08-04T16:00:00Z,299900.0,,468a7ab7-49cc-4bfa-be5d-a761d7c73a69,OrderRole.Standalone,OrderType.Market,_default,,PositionEffect.Open,,299900.0,False,,OrderSide.Buy,OrderStatus.Filled,000568.SZ,,TimeInForce.GTC,,,,1312732800000000000,2011-08-07T16:00:00Z
72.53246,35432.10671,1312473600000000000,2011-08-04T16:00:00Z,195400.0,,ec807ee7-e937-4e26-b76d-08fbbbb2e94f,OrderRole.Standalone,OrderType.Market,_default,,PositionEffect.Open,,195400.0,False,,OrderSide.Buy,OrderStatus.Filled,000895.SZ,,TimeInForce.GTC,,,,1312732800000000000,2011-08-07T16:00:00Z
50.5505,34601.81725,1312473600000000000,2011-08-04T16:00:00Z,273800.0,,72d142dd-4bf2-4ffb-aafd-c808ebfc45d6,OrderRole.Standalone,OrderType.Market,_default,,PositionEffect.Open,,273800.0,False,,OrderSide.Buy,OrderStatus.Filled,002236.SZ,,TimeInForce.GTC,,,,1312732800000000000,2011-08-07T16:00:00Z
201.21101,34960.4129875,1312473600000000000,2011-08-04T16:00:00Z,69500.0,,c53d0e76-7e6b-4bc8-93e4-ae1ac4c92088,OrderRole.Standalone,OrderType.Market,_default,,PositionEffect.Open,,69500.0,False,,OrderSide.Buy,OrderStatus.Filled,600519.SH,,TimeInForce.GTC,,,,1312732800000000000,2011-08-07T16:00:00Z
91.91799,34928.8362,1312732800000000000,2011-08-07T16:00:00Z,152000.0,,3085cfd8-e554-40f0-9a51-52f50c57a04c,OrderRole.Standalone,OrderType.Market,_default,,PositionEffect.Close,,152000.0,False,,OrderSide.Sell,OrderStatus.Filled,000596.SZ,,TimeInForce.GTC,,,,1312819200000000000,2011-08-08T16:00:00Z
137.3625,34443.646875,1312732800000000000,2011-08-07T16:00:00Z,100300.0,,624311e6-7302-48c3-97d2-fa1e87ee1288,OrderRole.Standalone,OrderType.Market,_default,,PositionEffect.Close,,100300.0,False,,OrderSide.Sell,OrderStatus.Filled,002304.SZ,,TimeInForce.GTC,,,,1312819200000000000,2011-08-08T16:00:00Z
60.8391,34374.0915,1314892800000000000,2011-09-01T16:00:00Z,226000.0,,8d061533-38a9-44f7-9fdd-ef8033cf4647,OrderRole.Standalone,OrderType.Market,_default,,PositionEffect.Close,,226000.0,False,,OrderSide.Sell,OrderStatus.Filled,000538.SZ,,TimeInForce.GTC,,,,1315152000000000000,2011-09-04T16:00:00Z
44.30565,33218.1610875,1314892800000000000,2011-09-01T16:00:00Z,299900.0,,6da9cd2f-bf9c-498d-a7e4-56d69004eee8,OrderRole.Standalone,OrderType.Market,_default,,PositionEffect.Close,,299900.0,False,,OrderSide.Sell,OrderStatus.Filled,000568.SZ,,TimeInForce.GTC,,,,1315152000000000000,2011-09-04T16:00:00Z
46.97298,32153.00481,1314892800000000000,2011-09-01T16:00:00Z,273800.0,,8ebf89d6-9102-4d70-8605-b7667c8c81b3,OrderRole.Standalone,OrderType.Market,_default,,PositionEffect.Close,,273800.0,False,,OrderSide.Sell,OrderStatus.Filled,002236.SZ,,TimeInForce.GTC,,,,1315152000000000000,2011-09-04T16:00:00Z
210.97881,36657.5682375,1314892800000000000,2011-09-01T16:00:00Z,69500.0,,0dc5cb24-eb43-41fe-8c44-a99fbc25c39a,OrderRole.Standalone,OrderType.Market,_default,,PositionEffect.Close,,69500.0,False,,OrderSide.Sell,OrderStatus.Filled,600519.SH,,TimeInForce.GTC,,,,1315152000000000000,2011-09-04T16:00:00Z
80.2197,34935.67935,1314892800000000000,2011-09-01T16:00:00Z,174200.0,,7cf104dc-918d-4cea-815f-4e2cc3b345e1,OrderRole.Standalone,OrderType.Market,_default,,PositionEffect.Close,,174200.0,False,,OrderSide.Sell,OrderStatus.Filled,600809.SH,,TimeInForce.GTC,,,,1315152000000000000,2011-09-04T16:00:00Z
19.0809,34684.305975,1314892800000000000,2011-09-01T16:00:00Z,727100.0,,6849747f-67e5-4f12-ac06-054b6e7da8e4,OrderRole.Standalone,OrderType.Market,_default,,PositionEffect.Close,,727100.0,False,,OrderSide.Sell,OrderStatus.Filled,600887.SH,,TimeInForce.GTC,,,,1315152000000000000,2011-09-04T16:00:00Z
,0.0,1314892800000000000,2011-09-01T16:00:00Z,0.0,,a6765e40-2b4f-4af0-a5d4-9d2b942a5a47,OrderRole.Standalone,OrderType.Market,_default,,PositionEffect.Close,,195400.0,False,"Symbol 000895.SZ not tradable (zero volume, suspension) at execution timestamp 1315152000000000000",OrderSide.Sell,OrderStatus.Rejected,000895.SZ,,TimeInForce.GTC,,,,1315152000000000000,2011-09-04T16:00:00Z
16.016,61221.16,1314892800000000000,2011-09-01T16:00:00Z,1529000.0,,e524c8e2-58b6-41ba-b88e-4642313ab049,OrderRole.Standalone,OrderType.Market,_default,,PositionEffect.Open,,1529000.0,False,,OrderSide.Buy,OrderStatus.Filled,600031.SH,,TimeInForce.GTC,,,,1315152000000000000,2011-09-04T16:00:00Z
2.57257,61521.0821225,1314892800000000000,2011-09-01T16:00:00Z,9565700.0,,3ea9a928-31e5-418b-9bb6-adf5fd697bd1,OrderRole.Standalone,OrderType.Market,_default,,PositionEffect.Open,,9565700.0,False,,OrderSide.Buy,OrderStatus.Filled,601288.SH,,TimeInForce.GTC,,,,1315152000000000000,2011-09-04T16:00:00Z
3.08308,61560.62913,1314892800000000000,2011-09-01T16:00:00Z,7986900.0,,4784e783-6a2e-4d85-b1c4-81e0dcfd99ad,OrderRole.Standalone,OrderType.Market,_default,,PositionEffect.Open,,7986900.0,False,,OrderSide.Buy,OrderStatus.Filled,601390.SH,,TimeInForce.GTC,,,,1315152000000000000,2011-09-04T16:00:00Z
4.09409,61609.913365,1314892800000000000,2011-09-01T16:00:00Z,6019400.0,,5e08b383-6074-4f9a-a9ae-35b62142a06f,OrderRole.Standalone,OrderType.Market,_default,,PositionEffect.Open,,6019400.0,False,,OrderSide.Buy,OrderStatus.Filled,601398.SH,,TimeInForce.GTC,,,,1315152000000000000,2011-09-04T16:00:00Z
,0.0,1314892800000000000,2011-09-01T16:00:00Z,0.0,,a8205bf9-d5be-4946-9f45-dd89e2c4bc26,OrderRole.Standalone,OrderType.Market,_default,,PositionEffect.Open,,8309600.0,False,"Risk: Insufficient margin at execution. Required: 24682564.94704000000000000000, Available: 23689688.53861999742473715258",OrderSide.Buy,OrderStatus.Rejected,601988.SH,,TimeInForce.GTC,,,,1315152000000000000,2011-09-04T16:00:00Z
65.934,32208.759,1318176000000000000,2011-10-09T16:00:00Z,195400.0,,b02c9612-0dd1-49c4-a758-84ad29080033,OrderRole.Standalone,OrderType.Market,_default,,PositionEffect.Close,,195400.0,False,,OrderSide.Sell,OrderStatus.Filled,000895.SZ,,TimeInForce.GTC,,,,1318262400000000000,2011-10-10T16:00:00Z
14.81517,56630.987325,1318176000000000000,2011-10-09T16:00:00Z,1529000.0,,7675bbaa-e3ca-4ef2-aa5b-4bf1f03481af,OrderRole.Standalone,OrderType.Market,_default,,PositionEffect.Close,,1529000.0,False,,OrderSide.Sell,OrderStatus.Filled,600031.SH,,TimeInForce.GTC,,,,1318262400000000000,2011-10-10T16:00:00Z
2.54745,867.406725,1318176000000000000,2011-10-09T16:00:00Z,136200.0,,e91993cc-b790-44fa-91a5-33757cd64f22,OrderRole.Standalone,OrderType.Market,_default,,PositionEffect.Close,,136200.0,False,,OrderSide.Sell,OrderStatus.Filled,601288.SH,,TimeInForce.GTC,,,,1318262400000000000,2011-10-10T16:00:00Z
4.12587,62088.154695,1318176000000000000,2011-10-09T16:00:00Z,6019400.0,,ffb391aa-9a39-43a3-aaa6-431c1f438e7b,OrderRole.Standalone,OrderType.Market,_default,,PositionEffect.Close,,6019400.0,False,,OrderSide.Sell,OrderStatus.Filled,601398.SH,,TimeInForce.GTC,,,,1318262400000000000,2011-10-10T16:00:00Z
2.18218,59934.119245,1318176000000000000,2011-10-09T16:00:00Z,10986100.0,,2da1e622-eb9d-46f3-b79b-5704f20d2e70,OrderRole.Standalone,OrderType.Market,_default,,PositionEffect.Open,,10986100.0,False,,OrderSide.Buy,OrderStatus.Filled,000100.SZ,,TimeInForce.GTC,,,,1318262400000000000,2011-10-10T16:00:00Z
5.59559,60334.449175,1318176000000000000,2011-10-09T16:00:00Z,4313000.0,,e2a2628a-040b-4ee3-8f0b-e4b1d25e6465,OrderRole.Standalone,OrderType.Market,_default,,PositionEffect.Open,,4313000.0,False,,OrderSide.Buy,OrderStatus.Filled,600016.SH,,TimeInForce.GTC,,,,1318262400000000000,2011-10-10T16:00:00Z
2.76276,59359.97067,1318176000000000000,2011-10-09T16:00:00Z,8594300.0,,a605bc99-8291-4d05-81a3-d73e12698806,OrderRole.Standalone,OrderType.Market,_default,,PositionEffect.Open,,8594300.0,False,,OrderSide.Buy,OrderStatus.Filled,600027.SH,,TimeInForce.GTC,,,,1318262400000000000,2011-10-10T16:00:00Z
2.96296,328.14782,1318176000000000000,2011-10-09T16:00:00Z,44300.0,,cbba1868-745e-48d6-a535-d183057dd4b7,OrderRole.Standalone,OrderType.Market,_default,,PositionEffect.Open,,44300.0,False,,OrderSide.Buy,OrderStatus.Filled,601390.SH,,TimeInForce.GTC,,,,1318262400000000000,2011-10-10T16:00:00Z
2.50749,59110.9423875,1318262400000000000,2011-10-10T16:00:00Z,9429500.0,,b7a2610f-cbab-4e60-baa6-545bb9e964fe,OrderRole.Standalone,OrderType.Market,_default,,PositionEffect.Close,,9429500.0,False,,OrderSide.Sell,OrderStatus.Filled,601288.SH,,TimeInForce.GTC,,,,1318348800000000000,2011-10-11T16:00:00Z
2.91708,58569.13224,1318262400000000000,2011-10-10T16:00:00Z,8031200.0,,cfdd23fb-9d38-420a-8662-a9534fdcd1a0,OrderRole.Standalone,OrderType.Market,_default,,PositionEffect.Close,,8031200.0,False,,OrderSide.Sell,OrderStatus.Filled,601390.SH,,TimeInForce.GTC,,,,1318348800000000000,2011-10-11T16:00:00Z
2.1978,60363.12645,1320595200000000000,2011-11-06T16:00:00Z,10986100.0,,99cdd2e1-c460-41c7-bf2a-5a042c0b4f85,OrderRole.Standalone,OrderType.Market,_default,,PositionEffect.Close,,10986100.0,False,,OrderSide.Sell,OrderStatus.Filled,000100.SZ,,TimeInForce.GTC,,,,1320681600000000000,2011-11-07T16:00:00Z
6.11388,65922.9111,1320595200000000000,2011-11-06T16:00:00Z,4313000.0,,a7924a8e-21f2-4a6c-9683-276c6529b470,OrderRole.Standalone,OrderType.Market,_default,,PositionEffect.Close,,4313000.0,False,,OrderSide.Sell,OrderStatus.Filled,600016.SH,,TimeInForce.GTC,,,,1320681600000000000,2011-11-07T16:00:00Z
3.0969,66539.219175,1320595200000000000,2011-11-06T16:00:00Z,8594300.0,,3f060e9f-77de-4958-b246-7208bddcf3e8,OrderRole.Standalone,OrderType.Market,_default,,PositionEffect.Close,,8594300.0,False,,OrderSide.Sell,OrderStatus.Filled,600027.SH,,TimeInForce.GTC,,,,1320681600000000000,2011-11-07T16:00:00Z
21.88186,61761.54985,1320595200000000000,2011-11-06T16:00:00Z,1129000.0,,7063a228-f6a3-4f51-9b50-bb2b60b58c35,OrderRole.Standalone,OrderType.Market,_default,,PositionEffect.Open,,1129000.0,False,,OrderSide.Buy,OrderStatus.Filled,600588.SH,,TimeInForce.GTC,,,,1320681600000000000,2011-11-07T16:00:00Z
91.35126,61365.208905,1320595200000000000,2011-11-06T16:00:00Z,268700.0,,09f0d5f3-f273-46e1-90ff-438b5407a8aa,OrderRole.Standalone,OrderType.Market,_default,,PositionEffect.Open,,268700.0,False,,OrderSide.Buy,OrderStatus.Filled,000596.SZ,,TimeInForce.GTC,,,,1320681600000000000,2011-11-07T16:00:00Z
27.7277,61319.80855,1320595200000000000,2011-11-06T16:00:00Z,884600.0,,085d8cdd-6b22-4231-b7de-b3de125afa4b,OrderRole.Standalone,OrderType.Market,_default,,PositionEffect.Open,,884600.0,False,,OrderSide.Buy,OrderStatus.Filled,002460.SZ,,TimeInForce.GTC,,,,1320681600000000000,2011-11-07T16:00:00Z
37.19716,61068.43743,1320595200000000000,2011-11-06T16:00:00Z,656700.0,,90cf8815-0610-4c5e-b53d-23abc0ec5828,OrderRole.Standalone,OrderType.Market,_default,,PositionEffect.Open,,656700.0,False,,OrderSide.Buy,OrderStatus.Filled,002466.SZ,,TimeInForce.GTC,,,,1320681600000000000,2011-11-07T16:00:00Z
83.44336,61706.36472,1320595200000000000,2011-11-06T16:00:00Z,295800.0,,59a668bf-659d-440b-98b4-3fe7c4bb7cb0,OrderRole.Standalone,OrderType.Market,_default,,PositionEffect.Open,,295800.0,False,,OrderSide.Buy,OrderStatus.Filled,002601.SZ,,TimeInForce.GTC,,,,1320681600000000000,2011-11-07T16:00:00Z
89.13078,59873.601465,1323014400000000000,2011-12-04T16:00:00Z,268700.0,,82f44d63-ddd9-41eb-8d58-464241af2d19,OrderRole.Standalone,OrderType.Market,_default,,PositionEffect.Close,,268700.0,False,,OrderSide.Sell,OrderStatus.Filled,000596.SZ,,TimeInForce.GTC,,,,1323100800000000000,2011-12-05T16:00:00Z
23.69628,52404.32322,1323014400000000000,2011-12-04T16:00:00Z,884600.0,,e97ce293-c94e-442c-87a2-93a12f34eee3,OrderRole.Standalone,OrderType.Market,_default,,PositionEffect.Close,,884600.0,False,,OrderSide.Sell,OrderStatus.Filled,002460.SZ,,TimeInForce.GTC,,,,1323100800000000000,2011-12-05T16:00:00Z
32.94702,54090.770085,1323014400000000000,2011-12-04T16:00:00Z,656700.0,,36c9e768-261e-4189-b7d8-49be98e308ea,OrderRole.Standalone,OrderType.Market,_default,,PositionEffect.Close,,656700.0,False,,OrderSide.Sell,OrderStatus.Filled,002466.SZ,,TimeInForce.GTC,,,,1323100800000000000,2011-12-05T16:00:00Z
110.96892,82061.51634,1323014400000000000,2011-12-04T16:00:00Z,295800.0,,a5027beb-2301-4eff-898f-3d532746715e,OrderRole.Standalone,OrderType.Market,_default,,PositionEffect.Close,,295800.0,False,,OrderSide.Sell,OrderStatus.Filled,002601.SZ,,TimeInForce.GTC,,,,1323100800000000000,2011-12-05T16:00:00Z
19.5804,55265.679,1323014400000000000,2011-12-04T16:00:00Z,1129000.0,,cf963a3f-fffe-4674-9568-726e8cc03eae,OrderRole.Standalone,OrderType.Market,_default,,PositionEffect.Close,,1129000.0,False,,OrderSide.Sell,OrderStatus.Filled,600588.SH,,TimeInForce.GTC,,,,1323100800000000000,2011-12-05T16:00:00Z
21.3213,60808.3476,1323014400000000000,2011-12-04T16:00:00Z,1140800.0,,652729ee-dbf4-45f3-8c5c-c75e074d3663,OrderRole.Standalone,OrderType.Market,_default,,PositionEffect.Open,,1140800.0,False,,OrderSide.Buy,OrderStatus.Filled,600887.SH,,TimeInForce.GTC,,,,1323100800000000000,2011-12-05T16:00:00Z
4.59459,60678.452835,1323014400000000000,2011-12-04T16:00:00Z,5282600.0,,c3ac8bb6-eda5-4b08-8f34-20e845fba24c,OrderRole.Standalone,OrderType.Market,_default,,PositionEffect.Open,,5282600.0,False,,OrderSide.Buy,OrderStatus.Filled,601328.SH,,TimeInForce.GTC,,,,1323100800000000000,2011-12-05T16:00:00Z
4.26426,60525.840375,1323014400000000000,2011-12-04T16:00:00Z,5677500.0,,207acc32-bb72-4ccc-840b-aad6ad3ed71b,OrderRole.Standalone,OrderType.Market,_default,,PositionEffect.Open,,5677500.0,False,,OrderSide.Buy,OrderStatus.Filled,601398.SH,,TimeInForce.GTC,,,,1323100800000000000,2011-12-05T16:00:00Z
77.077,60216.40625,1323014400000000000,2011-12-04T16:00:00Z,312500.0,,07f69e1e-9bfc-4c1e-a6f4-778d564f6eb9,OrderRole.Standalone,OrderType.Market,_default,,PositionEffect.Open,,312500.0,False,,OrderSide.Buy,OrderStatus.Filled,000895.SZ,,TimeInForce.GTC,,,,1323100800000000000,2011-12-05T16:00:00Z
206.71651,60722.9748125,1323014400000000000,2011-12-04T16:00:00Z,117500.0,,7e9145a5-31a6-4d77-a7c0-9466a397b851,OrderRole.Standalone,OrderType.Market,_default,,PositionEffect.Open,,117500.0,False,,OrderSide.Buy,OrderStatus.Filled,600519.SH,,TimeInForce.GTC,,,,1323100800000000000,2011-12-05T16:00:00Z
66.10383,51643.6171875,1325606400000000000,2012-01-03T16:00:00Z,312500.0,,86678f3f-f6e9-48c6-98eb-362f48c85d75,OrderRole.Standalone,OrderType.Market,_default,,PositionEffect.Close,,312500.0,False,,OrderSide.Sell,OrderStatus.Filled,000895.SZ,,TimeInForce.GTC,,,,1325692800000000000,2012-01-04T16:00:00Z
183.816,53995.95,1325606400000000000,2012-01-03T16:00:00Z,117500.0,,83bf8e91-77c4-4beb-921c-9d025fe5d1ef,OrderRole.Standalone,OrderType.Market,_default,,PositionEffect.Close,,117500.0,False,,OrderSide.Sell,OrderStatus.Filled,600519.SH,,TimeInForce.GTC,,,,1325692800000000000,2012-01-04T16:00:00Z
19.61037,55928.77524,1325606400000000000,2012-01-03T16:00:00Z,1140800.0,,0325f8e5-a19c-428d-9407-f0216724718b,OrderRole.Standalone,OrderType.Market,_default,,PositionEffect.Close,,1140800.0,False,,OrderSide.Sell,OrderStatus.Filled,600887.SH,,TimeInForce.GTC,,,,1325692800000000000,2012-01-04T16:00:00Z
4.44555,58710.156075,1325606400000000000,2012-01-03T16:00:00Z,5282600.0,,a7d59676-f2e1-4960-84ef-928aa264cfb8,OrderRole.Standalone,OrderType.Market,_default,,PositionEffect.Close,,5282600.0,False,,OrderSide.Sell,OrderStatus.Filled,601328.SH,,TimeInForce.GTC,,,,1325692800000000000,2012-01-04T16:00:00Z
4.18581,59412.3406875,1325606400000000000,2012-01-03T16:00:00Z,5677500.0,,dd75c1e3-bbe1-4b5a-a34a-b1249bfa8ee0,OrderRole.Standalone,OrderType.Market,_default,,PositionEffect.Close,,5677500.0,False,,OrderSide.Sell,OrderStatus.Filled,601398.SH,,TimeInForce.GTC,,,,1325692800000000000,2012-01-04T16:00:00Z
3.97397,55957.47157,1325606400000000000,2012-01-03T16:00:00Z,5632400.0,,0e3709f8-43c9-46c8-aff3-a9b5331c77a5,OrderRole.Standalone,OrderType.Market,_default,,PositionEffect.Open,,5632400.0,False,,OrderSide.Buy,OrderStatus.Filled,601901.SH,,TimeInForce.GTC,,,,1325692800000000000,2012-01-04T16:00:00Z
4.45445,55754.123425,1325606400000000000,2012-01-03T16:00:00Z,5006600.0,,11684fd5-5abb-4a6a-8143-c005f946bce1,OrderRole.Standalone,OrderType.Market,_default,,PositionEffect.Open,,5006600.0,False,,OrderSide.Buy,OrderStatus.Filled,601919.SH,,TimeInForce.GTC,,,,1325692800000000000,2012-01-04T16:00:00Z
1.81181,56380.3565325,1325606400000000000,2012-01-03T16:00:00Z,12447300.0,,b3602f7c-75c8-4db3-9396-d9bf0c26bb14,OrderRole.Standalone,OrderType.Market,_default,,PositionEffect.Open,,12447300.0,False,,OrderSide.Buy,OrderStatus.Filled,000100.SZ,,TimeInForce.GTC,,,,1325692800000000000,2012-01-04T16:00:00Z
4.09409,55564.98948,1325606400000000000,2012-01-03T16:00:00Z,5428800.0,,64d92068-3b2e-4a8a-8fbf-af5f0497a145,OrderRole.Standalone,OrderType.Market,_default,,PositionEffect.Open,,5428800.0,False,,OrderSide.Buy,OrderStatus.Filled,600010.SH,,TimeInForce.GTC,,,,1325692800000000000,2012-01-04T16:00:00Z
5.86586,56379.71339,1325606400000000000,2012-01-03T16:00:00Z,3844600.0,,52cab624-c25e-439c-92dd-c0e55479affc,OrderRole.Standalone,OrderType.Market,_default,,PositionEffect.Open,,3844600.0,False,,OrderSide.Buy,OrderStatus.Filled,600016.SH,,TimeInForce.GTC,,,,1325692800000000000,2012-01-04T16:00:00Z
2.05794,64039.491405,1328630400000000000,2012-02-07T16:00:00Z,12447300.0,,fe46908a-09cb-41d9-81fc-c558bc5a5cae,OrderRole.Standalone,OrderType.Market,_default,,PositionEffect.Close,,12447300.0,False,,OrderSide.Sell,OrderStatus.Filled,000100.SZ,,TimeInForce.GTC,,,,1328716800000000000,2012-02-08T16:00:00Z
4.87512,66165.12864,1328630400000000000,2012-02-07T16:00:00Z,5428800.0,,d095f67e-dfa4-4cc2-8d89-098117288d68,OrderRole.Standalone,OrderType.Market,_default,,PositionEffect.Close,,5428800.0,False,,OrderSide.Sell,OrderStatus.Filled,600010.SH,,TimeInForce.GTC,,,,1328716800000000000,2012-02-08T16:00:00Z
6.58341,63276.445215,1328630400000000000,2012-02-07T16:00:00Z,3844600.0,,4de01515-4de9-4c8b-b88d-a87890dac94b,OrderRole.Standalone,OrderType.Market,_default,,PositionEffect.Close,,3844600.0,False,,OrderSide.Sell,OrderStatus.Filled,600016.SH,,TimeInForce.GTC,,,,1328716800000000000,2012-02-08T16:00:00Z
4.3956,61894.4436,1328630400000000000,2012-02-07T16:00:00Z,5632400.0,,a06e0da7-1a68-4025-ba13-ef25df6ba036,OrderRole.Standalone,OrderType.Market,_default,,PositionEffect.Close,,5632400.0,False,,OrderSide.Sell,OrderStatus.Filled,601901.SH,,TimeInForce.GTC,,,,1328716800000000000,2012-02-08T16:00:00Z
5.37462,67271.43123,1328630400000000000,2012-02-07T16:00:00Z,5006600.0,,348b980e-00a8-4f17-b883-84e5b0222f82,OrderRole.Standalone,OrderType.Market,_default,,PositionEffect.Close,,5006600.0,False,,OrderSide.Sell,OrderStatus.Filled,601919.SH,,TimeInForce.GTC,,,,1328716800000000000,2012-02-08T16:00:00Z
6.64664,31789.21746,1328630400000000000,2012-02-07T16:00:00Z,1913100.0,,d72c3193-f3c9-464a-8c2c-0de920424402,OrderRole.Standalone,OrderType.Market,_default,,PositionEffect.Open,,1913100.0,False,,OrderSide.Buy,OrderStatus.Filled,002074.SZ,,TimeInForce.GTC,,,,1328716800000000000,2012-02-08T16:00:00Z
13.40339,31789.4902325,1328630400000000000,2012-02-07T16:00:00Z,948700.0,,82161cc8-4cf3-4a1b-bcd5-faac1006e4a5,OrderRole.Standalone,OrderType.Market,_default,,PositionEffect.Open,,948700.0,False,,OrderSide.Buy,OrderStatus.Filled,002129.SZ,,TimeInForce.GTC,,,,1328716800000000000,2012-02-08T16:00:00Z
13.25324,31715.00332,1328630400000000000,2012-02-07T16:00:00Z,957200.0,,25353fcd-90bf-44f2-9ac1-0541547d1526,OrderRole.Standalone,OrderType.Market,_default,,PositionEffect.Open,,957200.0,False,,OrderSide.Buy,OrderStatus.Filled,002180.SZ,,TimeInForce.GTC,,,,1328716800000000000,2012-02-08T16:00:00Z
9.65965,32103.846775,1328630400000000000,2012-02-07T16:00:00Z,1329400.0,,ef6911ce-ddc4-4f54-9d7f-96a06460cbe0,OrderRole.Standalone,OrderType.Market,_default,,PositionEffect.Open,,1329400.0,False,,OrderSide.Buy,OrderStatus.Filled,002459.SZ,,TimeInForce.GTC,,,,1328716800000000000,2012-02-08T16:00:00Z
18.3183,31956.27435,1328630400000000000,2012-02-07T16:00:00Z,697800.0,,b2b2ec1b-2c8f-4b40-b097-08e670743518,OrderRole.Standalone,OrderType.Market,_default,,PositionEffect.Open,,697800.0,False,,OrderSide.Buy,OrderStatus.Filled,002532.SZ,,TimeInForce.GTC,,,,1328716800000000000,2012-02-08T16:00:00Z
23.43341,31822.57078,1328630400000000000,2012-02-07T16:00:00Z,543200.0,,4383669d-2ae0-4187-a812-06fbc51fadf2,OrderRole.Standalone,OrderType.Market,_default,,PositionEffect.Open,,543200.0,False,,OrderSide.Buy,OrderStatus.Filled,300122.SZ,,TimeInForce.GTC,,,,1328716800000000000,2012-02-08T16:00:00Z
27.3273,31836.3045,1328630400000000000,2012-02-07T16:00:00Z,466000.0,,a3323717-7074-4542-a57d-c02b16581141,OrderRole.Standalone,OrderType.Market,_default,,PositionEffect.Open,,466000.0,False,,OrderSide.Buy,OrderStatus.Filled,300223.SZ,,TimeInForce.GTC,,,,1328716800000000000,2012-02-08T16:00:00Z
51.051,31651.62,1328630400000000000,2012-02-07T16:00:00Z,248000.0,,45504f31-e10a-44c1-87d7-7ca7eab96518,OrderRole.Standalone,OrderType.Market,_default,,PositionEffect.Open,,248000.0,False,,OrderSide.Buy,OrderStatus.Filled,300251.SZ,,TimeInForce.GTC,,,,1328716800000000000,2012-02-08T16:00:00Z
4.9049,31643.96235,1328630400000000000,2012-02-07T16:00:00Z,2580600.0,,30e3dd84-7ece-42a3-85b7-db79ce934bd4,OrderRole.Standalone,OrderType.Market,_default,,PositionEffect.Open,,2580600.0,False,,OrderSide.Buy,OrderStatus.Filled,600050.SH,,TimeInForce.GTC,,,,1328716800000000000,2012-02-08T16:00:00Z
24.54452,31551.98046,1328630400000000000,2012-02-07T16:00:00Z,514200.0,,d74fef34-dc38-496d-8be8-8d398d6fb221,OrderRole.Standalone,OrderType.Market,_default,,PositionEffect.Open,,514200.0,False,,OrderSide.Buy,OrderStatus.Filled,600132.SH,,TimeInForce.GTC,,,,1328716800000000000,2012-02-08T16:00:00Z
7.13286,34114.686165,1331049600000000000,2012-03-06T16:00:00Z,1913100.0,,766caa00-f842-40e5-8c02-9f2c9bbdfa0a,OrderRole.Standalone,OrderType.Market,_default,,PositionEffect.Close,,1913100.0,False,,OrderSide.Sell,OrderStatus.Filled,002074.SZ,,TimeInForce.GTC,,,,1331136000000000000,2012-03-07T16:00:00Z
13.75623,32626.3385025,1331049600000000000,2012-03-06T16:00:00Z,948700.0,,80e3b044-f0cc-4c19-873c-f89a6ae638e4,OrderRole.Standalone,OrderType.Market,_default,,PositionEffect.Close,,948700.0,False,,OrderSide.Sell,OrderStatus.Filled,002129.SZ,,TimeInForce.GTC,,,,1331136000000000000,2012-03-07T16:00:00Z
13.94604,33372.87372,1331049600000000000,2012-03-06T16:00:00Z,957200.0,,63549f0c-72cd-4831-aa61-547a437c1852,OrderRole.Standalone,OrderType.Market,_default,,PositionEffect.Close,,957200.0,False,,OrderSide.Sell,OrderStatus.Filled,002180.SZ,,TimeInForce.GTC,,,,1331136000000000000,2012-03-07T16:00:00Z
10.4895,34861.85325,1331049600000000000,2012-03-06T16:00:00Z,1329400.0,,00b0f791-0a90-4c7f-ac79-c12d05a27b6b,OrderRole.Standalone,OrderType.Market,_default,,PositionEffect.Close,,1329400.0,False,,OrderSide.Sell,OrderStatus.Filled,002459.SZ,,TimeInForce.GTC,,,,1331136000000000000,2012-03-07T16:00:00Z
19.59039,34175.435355,1331049600000000000,2012-03-06T16:00:00Z,697800.0,,287821e3-652b-4388-9755-62f444f1a467,OrderRole.Standalone,OrderType.Market,_default,,PositionEffect.Close,,697800.0,False,,OrderSide.Sell,OrderStatus.Filled,002532.SZ,,TimeInForce.GTC,,,,1331136000000000000,2012-03-07T16:00:00Z
23.78619,32301.64602,1331049600000000000,2012-03-06T16:00:00Z,543200.0,,11246783-1fca-45bb-88fc-0e92ad40221a,OrderRole.Standalone,OrderType.Market,_default,,PositionEffect.Close,,543200.0,False,,OrderSide.Sell,OrderStatus.Filled,300122.SZ,,TimeInForce.GTC,,,,1331136000000000000,2012-03-07T16:00:00Z
27.972,32587.38,1331049600000000000,2012-03-06T16:00:00Z,466000.0,,62860745-8347-4ded-9ac9-e35a3307e401,OrderRole.Standalone,OrderType.Market,_default,,PositionEffect.Close,,466000.0,False,,OrderSide.Sell,OrderStatus.Filled,300223.SZ,,TimeInForce.GTC,,,,1331136000000000000,2012-03-07T16:00:00Z
59.37057,36809.7534,1331049600000000000,2012-03-06T16:00:00Z,248000.0,,6f8ed427-8064-49d8-b22c-014dd93416e7,OrderRole.Standalone,OrderType.Market,_default,,PositionEffect.Close,,248000.0,False,,OrderSide.Sell,OrderStatus.Filled,300251.SZ,,TimeInForce.GTC,,,,1331136000000000000,2012-03-07T16:00:00Z
4.61538,29776.12407,1331049600000000000,2012-03-06T16:00:00Z,2580600.0,,436ea040-4994-4125-bd7e-629508681893,OrderRole.Standalone,OrderType.Market,_default,,PositionEffect.Close,,2580600.0,False,,OrderSide.Sell,OrderStatus.Filled,600050.SH,,TimeInForce.GTC,,,,1331136000000000000,2012-03-07T16:00:00Z
37.62234,14108.3775,1331049600000000000,2012-03-06T16:00:00Z,150000.0,,333065a2-c865-4bca-9c64-f8955bf9e54e,OrderRole.Standalone,OrderType.Market,_default,,PositionEffect.Close,,150000.0,False,,OrderSide.Sell,OrderStatus.Filled,600132.SH,,TimeInForce.GTC,,,,1331136000000000000,2012-03-07T16:00:00Z
32.98295,34359.9881625,1331049600000000000,2012-03-06T16:00:00Z,416700.0,,4793aba4-411f-4190-9c15-52e428a9ffc0,OrderRole.Standalone,OrderType.Market,_default,,PositionEffect.Open,,416700.0,False,,OrderSide.Buy,OrderStatus.Filled,600406.SH,,TimeInForce.GTC,,,,1331136000000000000,2012-03-07T16:00:00Z
193.40321,34329.069775,1331049600000000000,2012-03-06T16:00:00Z,71000.0,,1b842c36-092d-45ee-8e6b-fb4bcc8f8bb2,OrderRole.Standalone,OrderType.Market,_default,,PositionEffect.Open,,71000.0,False,,OrderSide.Buy,OrderStatus.Filled,600519.SH,,TimeInForce.GTC,,,,1331136000000000000,2012-03-07T16:00:00Z
8.43843,34352.84853,1331049600000000000,2012-03-06T16:00:00Z,1628400.0,,9c39cc8d-a546-47b6-a7dc-979d8b1e228f,OrderRole.Standalone,OrderType.Market,_default,,PositionEffect.Open,,1628400.0,False,,OrderSide.Buy,OrderStatus.Filled,000002.SZ,,TimeInForce.GTC,,,,1331136000000000000,2012-03-07T16:00:00Z
9.77977,34459.019595,1331049600000000000,2012-03-06T16:00:00Z,1409400.0,,870b02c9-d2de-4916-a5d3-706c51d5b766,OrderRole.Standalone,OrderType.Market,_default,,PositionEffect.Open,,1409400.0,False,,OrderSide.Buy,OrderStatus.Filled,000157.SZ,,TimeInForce.GTC,,,,1331136000000000000,2012-03-07T16:00:00Z
50.6506,34391.7574,1331049600000000000,2012-03-06T16:00:00Z,271600.0,,99d37afc-2c8e-45f3-96e2-4ff4714aaf61,OrderRole.Standalone,OrderType.Market,_default,,PositionEffect.Open,,271600.0,False,,OrderSide.Buy,OrderStatus.Filled,000538.SZ,,TimeInForce.GTC,,,,1331136000000000000,2012-03-07T16:00:00Z
21.40138,34627.43284,1331049600000000000,2012-03-06T16:00:00Z,647200.0,,13651673-3c59-4bba-9f0f-80fcb8c7421d,OrderRole.Standalone,OrderType.Market,_default,,PositionEffect.Open,,647200.0,False,,OrderSide.Buy,OrderStatus.Filled,000651.SZ,,TimeInForce.GTC,,,,1331136000000000000,2012-03-07T16:00:00Z
68.31825,34569.0345,1331049600000000000,2012-03-06T16:00:00Z,202400.0,,803b965b-dff1-4582-9539-9925df94025e,OrderRole.Standalone,OrderType.Market,_default,,PositionEffect.Open,,202400.0,False,,OrderSide.Buy,OrderStatus.Filled,000895.SZ,,TimeInForce.GTC,,,,1331136000000000000,2012-03-07T16:00:00Z
146.79665,34350.4161,1331049600000000000,2012-03-06T16:00:00Z,93600.0,,92d6cace-9a5e-4a37-a3fe-2a8104a09836,OrderRole.Standalone,OrderType.Market,_default,,PositionEffect.Open,,93600.0,False,,OrderSide.Buy,OrderStatus.Filled,002304.SZ,,TimeInForce.GTC,,,,1331136000000000000,2012-03-07T16:00:00Z
54.8548,34668.2336,1331049600000000000,2012-03-06T16:00:00Z,252800.0,,df22a713-7350-4dba-a78f-6eec8c263924,OrderRole.Standalone,OrderType.Market,_default,,PositionEffect.Open,,252800.0,False,,OrderSide.Buy,OrderStatus.Filled,600111.SH,,TimeInForce.GTC,,,,1331136000000000000,2012-03-07T16:00:00Z
37.04292,33727.57866,1331136000000000000,2012-03-07T16:00:00Z,364200.0,,b63cdf9a-9af2-4805-94f9-1070029d448e,OrderRole.Standalone,OrderType.Market,_default,,PositionEffect.Close,,364200.0,False,,OrderSide.Sell,OrderStatus.Filled,600132.SH,,TimeInForce.GTC,,,,1331222400000000000,2012-03-08T16:00:00Z
9.43056,33228.57816,1333900800000000000,2012-04-08T16:00:00Z,1409400.0,,89b11a3c-afc0-4245-94a2-e96ed2b76d42,OrderRole.Standalone,OrderType.Market,_default,,PositionEffect.Close,,1409400.0,False,,OrderSide.Sell,OrderStatus.Filled,000157.SZ,,TimeInForce.GTC,,,,1333987200000000000,2012-04-09T16:00:00Z
48.79116,33129.19764,1333900800000000000,2012-04-08T16:00:00Z,271600.0,,995d1ab6-f3f9-4822-b44c-00ae82f807bd,OrderRole.Standalone,OrderType.Market,_default,,PositionEffect.Close,,271600.0,False,,OrderSide.Sell,OrderStatus.Filled,000538.SZ,,TimeInForce.GTC,,,,1333987200000000000,2012-04-09T16:00:00Z
20.72925,33539.9265,1333900800000000000,2012-04-08T16:00:00Z,647200.0,,f178901f-8935-4bff-93a4-85ae671c85ea,OrderRole.Standalone,OrderType.Market,_default,,PositionEffect.Close,,647200.0,False,,OrderSide.Sell,OrderStatus.Filled,000651.SZ,,TimeInForce.GTC,,,,1333987200000000000,2012-04-09T16:00:00Z
71.10882,35981.06292,1333900800000000000,2012-04-08T16:00:00Z,202400.0,,90279701-6218-4779-965a-b10b66e42255,OrderRole.Standalone,OrderType.Market,_default,,PositionEffect.Close,,202400.0,False,,OrderSide.Sell,OrderStatus.Filled,000895.SZ,,TimeInForce.GTC,,,,1333987200000000000,2012-04-09T16:00:00Z
156.6432,1566.432,1333900800000000000,2012-04-08T16:00:00Z,4000.0,,3064421a-e625-4d61-a97e-84a65cb4ab57,OrderRole.Standalone,OrderType.Market,_default,,PositionEffect.Close,,4000.0,False,,OrderSide.Sell,OrderStatus.Filled,002304.SZ,,TimeInForce.GTC,,,,1333987200000000000,2012-04-09T16:00:00Z
72.73719,10219.575195,1333900800000000000,2012-04-08T16:00:00Z,56200.0,,a3e9afb1-706e-4f8f-bd2d-7f9084191fed,OrderRole.Standalone,OrderType.Market,_default,,PositionEffect.Close,,56200.0,False,,OrderSide.Sell,OrderStatus.Filled,600111.SH,,TimeInForce.GTC,,,,1333987200000000000,2012-04-09T16:00:00Z
20.39958,31874.34375,1333900800000000000,2012-04-08T16:00:00Z,625000.0,,c21e150b-f379-4de3-acd7-2930b5847ee6,OrderRole.Standalone,OrderType.Market,_default,,PositionEffect.Close,,625000.0,False,,OrderSide.Sell,OrderStatus.Filled,600406.SH,,TimeInForce.GTC,,,,1333987200000000000,2012-04-09T16:00:00Z
209.07072,1933.90416,1333900800000000000,2012-04-08T16:00:00Z,3700.0,,3136349f-fa8e-4a64-9542-18fdbb63f2ba,OrderRole.Standalone,OrderType.Market,_default,,PositionEffect.Close,,3700.0,False,,OrderSide.Sell,OrderStatus.Filled,600519.SH,,TimeInForce.GTC,,,,1333987200000000000,2012-04-09T16:00:00Z
22.9229,34991.80685,1333900800000000000,2012-04-08T16:00:00Z,610600.0,,01600595-0e4d-46f4-8097-63edbf74f35c,OrderRole.Standalone,OrderType.Market,_default,,PositionEffect.Open,,610600.0,False,,OrderSide.Buy,OrderStatus.Filled,600887.SH,,TimeInForce.GTC,,,,1333987200000000000,2012-04-09T16:00:00Z
,0.0,1333900800000000000,2012-04-08T16:00:00Z,0.0,,794e07db-e2ad-4e1a-9244-0050a05d3cac,OrderRole.Standalone,OrderType.Market,_default,,PositionEffect.Open,,287000.0,False,"Symbol 002236.SZ not tradable (zero volume, suspension) at execution timestamp 1333987200000000000",OrderSide.Buy,OrderStatus.Rejected,002236.SZ,,TimeInForce.GTC,,,,1333987200000000000,2012-04-09T16:00:00Z
20.51049,35206.256085,1333900800000000000,2012-04-08T16:00:00Z,686600.0,,6bf0d496-0172-45f6-8ec5-b738bd794398,OrderRole.Standalone,OrderType.Market,_default,,PositionEffect.Open,,686600.0,False,,OrderSide.Buy,OrderStatus.Filled,002311.SZ,,TimeInForce.GTC,,,,1333987200000000000,2012-04-09T16:00:00Z
82.082,34782.2475,1333900800000000000,2012-04-08T16:00:00Z,169500.0,,8a47cbd8-9f78-4749-8d8a-75d7b64d17a1,OrderRole.Standalone,OrderType.Market,_default,,PositionEffect.Open,,169500.0,False,,OrderSide.Buy,OrderStatus.Filled,002353.SZ,,TimeInForce.GTC,,,,1333987200000000000,2012-04-09T16:00:00Z
,0.0,1333900800000000000,2012-04-08T16:00:00Z,0.0,,c8a933de-4514-49de-abb4-4fb71bb51db3,OrderRole.Standalone,OrderType.Market,_default,,PositionEffect.Open,,2276600.0,False,"Symbol 600016.SH not tradable (zero volume, suspension) at execution timestamp 1333987200000000000",OrderSide.Buy,OrderStatus.Rejected,600016.SH,,TimeInForce.GTC,,,,1333987200000000000,2012-04-09T16:00:00Z
11.33132,35302.72746,1333900800000000000,2012-04-08T16:00:00Z,1246200.0,,a3c5edaf-02e3-4091-be59-8ac91e75d669,OrderRole.Standalone,OrderType.Market,_default,,PositionEffect.Open,,1246200.0,False,,OrderSide.Buy,OrderStatus.Filled,600048.SH,,TimeInForce.GTC,,,,1333987200000000000,2012-04-09T16:00:00Z
8.24824,1715.63392,1333900800000000000,2012-04-08T16:00:00Z,83200.0,,e10d5f7a-8d91-4f08-b558-04445e8a5498,OrderRole.Standalone,OrderType.Market,_default,,PositionEffect.Open,,83200.0,False,,OrderSide.Buy,OrderStatus.Filled,000002.SZ,,TimeInForce.GTC,,,,1333987200000000000,2012-04-09T16:00:00Z
8.33166,35651.17314,1333987200000000000,2012-04-09T16:00:00Z,1711600.0,,13540a73-7f26-4ac4-83b2-445ba2b41ddb,OrderRole.Standalone,OrderType.Market,_default,,PositionEffect.Close,,1711600.0,False,,OrderSide.Sell,OrderStatus.Filled,000002.SZ,,TimeInForce.GTC,,,,1334073600000000000,2012-04-10T16:00:00Z
155.15469,34754.65056,1333987200000000000,2012-04-09T16:00:00Z,89600.0,,e0948458-d48a-4ac6-a1c2-48e50f389cec,OrderRole.Standalone,OrderType.Market,_default,,PositionEffect.Close,,89600.0,False,,OrderSide.Sell,OrderStatus.Filled,002304.SZ,,TimeInForce.GTC,,,,1334073600000000000,2012-04-10T16:00:00Z
68.0319,33437.67885,1333987200000000000,2012-04-09T16:00:00Z,196600.0,,b9d686ff-1ac6-4ceb-b3ae-7aeda8b39278,OrderRole.Standalone,OrderType.Market,_default,,PositionEffect.Close,,196600.0,False,,OrderSide.Sell,OrderStatus.Filled,600111.SH,,TimeInForce.GTC,,,,1334073600000000000,2012-04-10T16:00:00Z
204.795,34456.75875,1333987200000000000,2012-04-09T16:00:00Z,67300.0,,b830c4d9-f955-47db-9880-b5fba4f48f8f,OrderRole.Standalone,OrderType.Market,_default,,PositionEffect.Close,,67300.0,False,,OrderSide.Sell,OrderStatus.Filled,600519.SH,,TimeInForce.GTC,,,,1334073600000000000,2012-04-10T16:00:00Z
21.4785,36867.84525,1336492800000000000,2012-05-08T16:00:00Z,686600.0,,9619b9a8-3f5c-403a-b7ee-9dab4dc623a5,OrderRole.Standalone,OrderType.Market,_default,,PositionEffect.Close,,686600.0,False,,OrderSide.Sell,OrderStatus.Filled,002311.SZ,,TimeInForce.GTC,,,,1336579200000000000,2012-05-09T16:00:00Z
42.27768,35830.3338,1336492800000000000,2012-05-08T16:00:00Z,339000.0,,42e3fb69-3e3e-4537-9dee-db4e610c6352,OrderRole.Standalone,OrderType.Market,_default,,PositionEffect.Close,,339000.0,False,,OrderSide.Sell,OrderStatus.Filled,002353.SZ,,TimeInForce.GTC,,,,1336579200000000000,2012-05-09T16:00:00Z
12.71727,39620.654685,1336492800000000000,2012-05-08T16:00:00Z,1246200.0,,0605c096-5a9d-4c0d-8dc6-dbba9bd792ad,OrderRole.Standalone,OrderType.Market,_default,,PositionEffect.Close,,1246200.0,False,,OrderSide.Sell,OrderStatus.Filled,600048.SH,,TimeInForce.GTC,,,,1336579200000000000,2012-05-09T16:00:00Z
22.977,35074.3905,1336492800000000000,2012-05-08T16:00:00Z,610600.0,,d8ac07a3-670f-458c-aa95-2a83ff8c83ca,OrderRole.Standalone,OrderType.Market,_default,,PositionEffect.Close,,610600.0,False,,OrderSide.Sell,OrderStatus.Filled,600887.SH,,TimeInForce.GTC,,,,1336579200000000000,2012-05-09T16:00:00Z
49.5495,70100.155125,1336492800000000000,2012-05-08T16:00:00Z,565900.0,,5af811d9-77e4-475d-b7d3-4b298558f03a,OrderRole.Standalone,OrderType.Market,_default,,PositionEffect.Open,,565900.0,False,,OrderSide.Buy,OrderStatus.Filled,000596.SZ,,TimeInForce.GTC,,,,1336579200000000000,2012-05-09T16:00:00Z
14.4144,70021.5516,1336492800000000000,2012-05-08T16:00:00Z,1943100.0,,1535ee53-4a46-408b-ada7-7a42eaa09912,OrderRole.Standalone,OrderType.Market,_default,,PositionEffect.Open,,1943100.0,False,,OrderSide.Buy,OrderStatus.Filled,000938.SZ,,TimeInForce.GTC,,,,1336579200000000000,2012-05-09T16:00:00Z
31.031,70634.31375,1336492800000000000,2012-05-08T16:00:00Z,910500.0,,be7d8cd0-ad7a-4f04-9d17-182478d88541,OrderRole.Standalone,OrderType.Market,_default,,PositionEffect.Open,,910500.0,False,,OrderSide.Buy,OrderStatus.Filled,002466.SZ,,TimeInForce.GTC,,,,1336579200000000000,2012-05-09T16:00:00Z
43.43339,70600.975445,1336492800000000000,2012-05-08T16:00:00Z,650200.0,,cb9ed6d6-1f68-4809-aa2f-6f39340595e8,OrderRole.Standalone,OrderType.Market,_default,,PositionEffect.Open,,650200.0,False,,OrderSide.Buy,OrderStatus.Filled,600111.SH,,TimeInForce.GTC,,,,1336579200000000000,2012-05-09T16:00:00Z
38.51848,71201.41028,1336492800000000000,2012-05-08T16:00:00Z,739400.0,,84b20ba6-cb04-4d31-9985-a589868ff820,OrderRole.Standalone,OrderType.Market,_default,,PositionEffect.Open,,739400.0,False,,OrderSide.Buy,OrderStatus.Filled,600150.SH,,TimeInForce.GTC,,,,1336579200000000000,2012-05-09T16:00:00Z
45.03492,63713.15307,1338912000000000000,2012-06-05T16:00:00Z,565900.0,,4bf4fb7d-1ec1-4935-a876-be3c7bbc2545,OrderRole.Standalone,OrderType.Market,_default,,PositionEffect.Close,,565900.0,False,,OrderSide.Sell,OrderStatus.Filled,000596.SZ,,TimeInForce.GTC,,,,1338998400000000000,2012-06-06T16:00:00Z
14.16582,68814.012105,1338912000000000000,2012-06-05T16:00:00Z,1943100.0,,d70cd61e-63f4-40e6-b1d7-27c5b48f622a,OrderRole.Standalone,OrderType.Market,_default,,PositionEffect.Close,,1943100.0,False,,OrderSide.Sell,OrderStatus.Filled,000938.SZ,,TimeInForce.GTC,,,,1338998400000000000,2012-06-06T16:00:00Z
34.0659,77542.504875,1338912000000000000,2012-06-05T16:00:00Z,910500.0,,b8f844f4-44bc-438b-8a35-b10b19cd446e,OrderRole.Standalone,OrderType.Market,_default,,PositionEffect.Close,,910500.0,False,,OrderSide.Sell,OrderStatus.Filled,002466.SZ,,TimeInForce.GTC,,,,1338998400000000000,2012-06-06T16:00:00Z
46.7532,37390.8717,1338912000000000000,2012-06-05T16:00:00Z,319900.0,,f0c07800-6c49-4057-902a-95565946e991,OrderRole.Standalone,OrderType.Market,_default,,PositionEffect.Close,,319900.0,False,,OrderSide.Sell,OrderStatus.Filled,600111.SH,,TimeInForce.GTC,,,,1338998400000000000,2012-06-06T16:00:00Z
31.4685,58169.52225,1338912000000000000,2012-06-05T16:00:00Z,739400.0,,2e7f79be-2837-4c95-88b3-62fd54ca82d3,OrderRole.Standalone,OrderType.Market,_default,,PositionEffect.Close,,739400.0,False,,OrderSide.Sell,OrderStatus.Filled,600150.SH,,TimeInForce.GTC,,,,1338998400000000000,2012-06-06T16:00:00Z
86.4864,38572.9344,1338912000000000000,2012-06-05T16:00:00Z,178400.0,,becff093-d838-4796-bd13-265aa5a37599,OrderRole.Standalone,OrderType.Market,_default,,PositionEffect.Open,,178400.0,False,,OrderSide.Buy,OrderStatus.Filled,600436.SH,,TimeInForce.GTC,,,,1338998400000000000,2012-06-06T16:00:00Z
238.62839,38240.1994975,1338912000000000000,2012-06-05T16:00:00Z,64100.0,,a2f123a5-deef-4ce5-9e71-99d41795cd5f,OrderRole.Standalone,OrderType.Market,_default,,PositionEffect.Open,,64100.0,False,,OrderSide.Buy,OrderStatus.Filled,600519.SH,,TimeInForce.GTC,,,,1338998400000000000,2012-06-06T16:00:00Z
30.48045,37986.2608125,1338912000000000000,2012-06-05T16:00:00Z,498500.0,,4c0077fe-02ef-4257-9584-d238b09b4b08,OrderRole.Standalone,OrderType.Market,_default,,PositionEffect.Open,,498500.0,False,,OrderSide.Buy,OrderStatus.Filled,002236.SZ,,TimeInForce.GTC,,,,1338998400000000000,2012-06-06T16:00:00Z
31.26123,38279.376135,1338912000000000000,2012-06-05T16:00:00Z,489800.0,,ec5bc471-5e7b-43d9-96ea-e0dfda8a7f36,OrderRole.Standalone,OrderType.Market,_default,,PositionEffect.Open,,489800.0,False,,OrderSide.Buy,OrderStatus.Filled,002241.SZ,,TimeInForce.GTC,,,,1338998400000000000,2012-06-06T16:00:00Z
139.28915,38025.93795,1338912000000000000,2012-06-05T16:00:00Z,109200.0,,082778a5-80b8-41db-8014-abc89a001610,OrderRole.Standalone,OrderType.Market,_default,,PositionEffect.Open,,109200.0,False,,OrderSide.Buy,OrderStatus.Filled,002304.SZ,,TimeInForce.GTC,,,,1338998400000000000,2012-06-06T16:00:00Z
17.40739,38422.4615775,1338912000000000000,2012-06-05T16:00:00Z,882900.0,,a4a8264d-e53e-422f-a1b1-2f38e540ec00,OrderRole.Standalone,OrderType.Market,_default,,PositionEffect.Open,,882900.0,False,,OrderSide.Buy,OrderStatus.Filled,002311.SZ,,TimeInForce.GTC,,,,1338998400000000000,2012-06-06T16:00:00Z
6.18618,38187.28914,1338912000000000000,2012-06-05T16:00:00Z,2469200.0,,d422eb2f-83dc-4e82-bd02-ca03791e8cd1,OrderRole.Standalone,OrderType.Market,_default,,PositionEffect.Open,,2469200.0,False,,OrderSide.Buy,OrderStatus.Filled,600011.SH,,TimeInForce.GTC,,,,1338998400000000000,2012-06-06T16:00:00Z
13.6136,38226.9888,1338912000000000000,2012-06-05T16:00:00Z,1123200.0,,c75a54dd-dade-4446-bd0b-79d6b9c23c8f,OrderRole.Standalone,OrderType.Market,_default,,PositionEffect.Open,,1123200.0,False,,OrderSide.Buy,OrderStatus.Filled,600048.SH,,TimeInForce.GTC,,,,1338998400000000000,2012-06-06T16:00:00Z
45.80415,37822.7768625,1338998400000000000,2012-06-06T16:00:00Z,330300.0,,efd891f8-f747-41dc-8b27-ac64bbb2dc50,OrderRole.Standalone,OrderType.Market,_default,,PositionEffect.Close,,330300.0,False,,OrderSide.Sell,OrderStatus.Filled,600111.SH,,TimeInForce.GTC,,,,1339084800000000000,2012-06-07T16:00:00Z
32.68728,4445.47008,1341417600000000000,2012-07-04T16:00:00Z,54400.0,,2db930cd-db56-4134-984f-59c920f600b3,OrderRole.Standalone,OrderType.Market,_default,,PositionEffect.Close,,54400.0,False,,OrderSide.Sell,OrderStatus.Filled,002236.SZ,,TimeInForce.GTC,,,,1341504000000000000,2012-07-05T16:00:00Z
35.04492,7035.26769,1341417600000000000,2012-07-04T16:00:00Z,80300.0,,37dee157-05ad-4b34-9172-8e48f0605748,OrderRole.Standalone,OrderType.Market,_default,,PositionEffect.Close,,80300.0,False,,OrderSide.Sell,OrderStatus.Filled,002241.SZ,,TimeInForce.GTC,,,,1341504000000000000,2012-07-05T16:00:00Z
141.5583,38645.4159,1341417600000000000,2012-07-04T16:00:00Z,109200.0,,c0583cbd-7a56-4849-bdd9-7375e618d869,OrderRole.Standalone,OrderType.Market,_default,,PositionEffect.Close,,109200.0,False,,OrderSide.Sell,OrderStatus.Filled,002304.SZ,,TimeInForce.GTC,,,,1341504000000000000,2012-07-05T16:00:00Z
17.4825,2434.438125,1341417600000000000,2012-07-04T16:00:00Z,55700.0,,93e8c716-9bd3-4a9f-afa5-419daf1dc79f,OrderRole.Standalone,OrderType.Market,_default,,PositionEffect.Close,,55700.0,False,,OrderSide.Sell,OrderStatus.Filled,002311.SZ,,TimeInForce.GTC,,,,1341504000000000000,2012-07-05T16:00:00Z
6.26373,38666.00529,1341417600000000000,2012-07-04T16:00:00Z,2469200.0,,c1d77405-a5b4-4966-9f00-9f80f3df2457,OrderRole.Standalone,OrderType.Market,_default,,PositionEffect.Close,,2469200.0,False,,OrderSide.Sell,OrderStatus.Filled,600011.SH,,TimeInForce.GTC,,,,1341504000000000000,2012-07-05T16:00:00Z
12.40758,5031.27369,1341417600000000000,2012-07-04T16:00:00Z,162200.0,,9fd88975-5985-43df-a91d-e245eccac897,OrderRole.Standalone,OrderType.Market,_default,,PositionEffect.Close,,162200.0,False,,OrderSide.Sell,OrderStatus.Filled,600048.SH,,TimeInForce.GTC,,,,1341504000000000000,2012-07-05T16:00:00Z
97.38252,7206.30648,1341417600000000000,2012-07-04T16:00:00Z,29600.0,,7d8913d4-3dd0-4078-ac33-17cd23aae6ef,OrderRole.Standalone,OrderType.Market,_default,,PositionEffect.Close,,29600.0,False,,OrderSide.Sell,OrderStatus.Filled,600436.SH,,TimeInForce.GTC,,,,1341504000000000000,2012-07-05T16:00:00Z
251.69805,40334.6125125,1341417600000000000,2012-07-04T16:00:00Z,64100.0,,625b691c-c703-4c98-aeed-07b79b3de7b7,OrderRole.Standalone,OrderType.Market,_default,,PositionEffect.Close,,64100.0,False,,OrderSide.Sell,OrderStatus.Filled,600519.SH,,TimeInForce.GTC,,,,1341504000000000000,2012-07-05T16:00:00Z
49.049,36320.7845,1341417600000000000,2012-07-04T16:00:00Z,296200.0,,a106b0ac-8d7b-4c41-b34a-5eb4146a2115,OrderRole.Standalone,OrderType.Market,_default,,PositionEffect.Open,,296200.0,False,,OrderSide.Buy,OrderStatus.Filled,002353.SZ,,TimeInForce.GTC,,,,1341504000000000000,2012-07-05T16:00:00Z
27.027,36249.96375,1341417600000000000,2012-07-04T16:00:00Z,536500.0,,58b2731b-8543-4e52-812d-d726b5d415e7,OrderRole.Standalone,OrderType.Market,_default,,PositionEffect.Open,,536500.0,False,,OrderSide.Buy,OrderStatus.Filled,002415.SZ,,TimeInForce.GTC,,,,1341504000000000000,2012-07-05T16:00:00Z
28.44842,36250.399185,1341417600000000000,2012-07-04T16:00:00Z,509700.0,,9c0d177a-0fb0-429b-af0d-89500f9ed460,OrderRole.Standalone,OrderType.Market,_default,,PositionEffect.Open,,509700.0,False,,OrderSide.Buy,OrderStatus.Filled,002475.SZ,,TimeInForce.GTC,,,,1341504000000000000,2012-07-05T16:00:00Z
4.13413,36313.1643875,1341417600000000000,2012-07-04T16:00:00Z,3513500.0,,8acb6a9f-3a0a-4fdb-add5-ba8c72efcdc5,OrderRole.Standalone,OrderType.Market,_default,,PositionEffect.Open,,3513500.0,False,,OrderSide.Buy,OrderStatus.Filled,600027.SH,,TimeInForce.GTC,,,,1341504000000000000,2012-07-05T16:00:00Z
22.99297,36236.92072,1341417600000000000,2012-07-04T16:00:00Z,630400.0,,f9083bc1-eb5d-47f0-b115-192b6803292e,OrderRole.Standalone,OrderType.Market,_default,,PositionEffect.Open,,630400.0,False,,OrderSide.Buy,OrderStatus.Filled,600332.SH,,TimeInForce.GTC,,,,1341504000000000000,2012-07-05T16:00:00Z
33.69627,37411.2837675,1341504000000000000,2012-07-05T16:00:00Z,444100.0,,64c8f336-df2d-4373-b4ea-e00d9c09ae80,OrderRole.Standalone,OrderType.Market,_default,,PositionEffect.Close,,444100.0,False,,OrderSide.Sell,OrderStatus.Filled,002236.SZ,,TimeInForce.GTC,,,,1341763200000000000,2012-07-08T16:00:00Z
37.70226,38597.688675,1341504000000000000,2012-07-05T16:00:00Z,409500.0,,a92d9164-13f5-4012-8f1c-c9bb527e62be,OrderRole.Standalone,OrderType.Market,_default,,PositionEffect.Close,,409500.0,False,,OrderSide.Sell,OrderStatus.Filled,002241.SZ,,TimeInForce.GTC,,,,1341763200000000000,2012-07-08T16:00:00Z
18.07191,37372.70988,1341504000000000000,2012-07-05T16:00:00Z,827200.0,,6f8470a8-9aea-44ae-9bd5-d11a5de3a1d4,OrderRole.Standalone,OrderType.Market,_default,,PositionEffect.Close,,827200.0,False,,OrderSide.Sell,OrderStatus.Filled,002311.SZ,,TimeInForce.GTC,,,,1341763200000000000,2012-07-08T16:00:00Z
,0.0,1341504000000000000,2012-07-05T16:00:00Z,0.0,,677c3260-bae8-4950-b529-76647b2ee1b9,OrderRole.Standalone,OrderType.Market,_default,,PositionEffect.Close,,1185640.0,False,"Risk: Insufficient available position for 600048.SH at execution. Available: 1185639.9999999999501198999491, Required: 1185640",OrderSide.Sell,OrderStatus.Rejected,600048.SH,,TimeInForce.GTC,,,,1341763200000000000,2012-07-08T16:00:00Z
99.82008,37133.06976,1341504000000000000,2012-07-05T16:00:00Z,148800.0,,78028bfe-ee53-466c-ae46-c3e7003b4fe6,OrderRole.Standalone,OrderType.Market,_default,,PositionEffect.Close,,148800.0,False,,OrderSide.Sell,OrderStatus.Filled,600436.SH,,TimeInForce.GTC,,,,1341763200000000000,2012-07-08T16:00:00Z
43.41654,32149.94787,1343836800000000000,2012-08-01T16:00:00Z,296200.0,,55a032d6-2648-4ad9-a3f6-fe80704d00e9,OrderRole.Standalone,OrderType.Market,_default,,PositionEffect.Close,,296200.0,False,,OrderSide.Sell,OrderStatus.Filled,002353.SZ,,TimeInForce.GTC,,,,1343923200000000000,2012-08-02T16:00:00Z
27.44253,36807.2933625,1343836800000000000,2012-08-01T16:00:00Z,536500.0,,6aff7527-d300-497d-ab0c-4222297a22ca,OrderRole.Standalone,OrderType.Market,_default,,PositionEffect.Close,,536500.0,False,,OrderSide.Sell,OrderStatus.Filled,002415.SZ,,TimeInForce.GTC,,,,1343923200000000000,2012-08-02T16:00:00Z
4.25574,37381.356225,1343836800000000000,2012-08-01T16:00:00Z,3513500.0,,514bcf5a-f6b1-4350-b87c-5fed63f6892a,OrderRole.Standalone,OrderType.Market,_default,,PositionEffect.Close,,3513500.0,False,,OrderSide.Sell,OrderStatus.Filled,600027.SH,,TimeInForce.GTC,,,,1343923200000000000,2012-08-02T16:00:00Z
10.45953,31002.04692,1343836800000000000,2012-08-01T16:00:00Z,1185600.0,,b07dfff0-c2fd-41c7-85b2-a9b6f4767585,OrderRole.Standalone,OrderType.Market,_default,,PositionEffect.Close,,1185600.0,False,,OrderSide.Sell,OrderStatus.Filled,600048.SH,,TimeInForce.GTC,,,,1343923200000000000,2012-08-02T16:00:00Z
26.39358,41596.28208,1343836800000000000,2012-08-01T16:00:00Z,630400.0,,cea89612-a02f-4a8b-9e76-ece4792c9d2b,OrderRole.Standalone,OrderType.Market,_default,,PositionEffect.Close,,630400.0,False,,OrderSide.Sell,OrderStatus.Filled,600332.SH,,TimeInForce.GTC,,,,1343923200000000000,2012-08-02T16:00:00Z
4.3043,72769.571875,1343836800000000000,2012-08-01T16:00:00Z,6762500.0,,84094dd0-001b-4ec7-8af3-27b642eb1b3f,OrderRole.Standalone,OrderType.Market,_default,,PositionEffect.Open,,6762500.0,False,,OrderSide.Buy,OrderStatus.Filled,600515.SH,,TimeInForce.GTC,,,,1343923200000000000,2012-08-02T16:00:00Z
13.93392,72522.57012,1343836800000000000,2012-08-01T16:00:00Z,2081900.0,,1b010479-ebca-4b1e-aea0-ea18c8112a7e,OrderRole.Standalone,OrderType.Market,_default,,PositionEffect.Open,,2081900.0,False,,OrderSide.Buy,OrderStatus.Filled,600588.SH,,TimeInForce.GTC,,,,1343923200000000000,2012-08-02T16:00:00Z
6.32632,72708.39576,1343836800000000000,2012-08-01T16:00:00Z,4597200.0,,ac4b5287-7efa-428c-a05d-0783f3f652a9,OrderRole.Standalone,OrderType.Market,_default,,PositionEffect.Open,,4597200.0,False,,OrderSide.Buy,OrderStatus.Filled,601012.SH,,TimeInForce.GTC,,,,1343923200000000000,2012-08-02T16:00:00Z
18.29828,72978.11521,1343836800000000000,2012-08-01T16:00:00Z,1595300.0,,c0274be1-4916-4d4b-a5ca-f51839c0abd4,OrderRole.Standalone,OrderType.Market,_default,,PositionEffect.Open,,1595300.0,False,,OrderSide.Buy,OrderStatus.Filled,600132.SH,,TimeInForce.GTC,,,,1343923200000000000,2012-08-02T16:00:00Z
28.9289,36074.3383,1343836800000000000,2012-08-01T16:00:00Z,498800.0,,44a002fc-8447-4cba-b160-df6682dc0207,OrderRole.Standalone,OrderType.Market,_default,,PositionEffect.Open,,498800.0,False,,OrderSide.Buy,OrderStatus.Filled,002475.SZ,,TimeInForce.GTC,,,,1343923200000000000,2012-08-02T16:00:00Z
30.17979,76090.7955375,1343923200000000000,2012-08-02T16:00:00Z,1008500.0,,6179eaa3-2a9d-4407-9b6c-677048495fb3,OrderRole.Standalone,OrderType.Market,_default,,PositionEffect.Close,,1008500.0,False,,OrderSide.Sell,OrderStatus.Filled,002475.SZ,,TimeInForce.GTC,,,,1344182400000000000,2012-08-05T16:00:00Z
17.6823,70521.432975,1346256000000000000,2012-08-29T16:00:00Z,1595300.0,,0707d7a9-59e8-4522-8c15-a455683943f6,OrderRole.Standalone,OrderType.Market,_default,,PositionEffect.Close,,1595300.0,False,,OrderSide.Sell,OrderStatus.Filled,600132.SH,,TimeInForce.GTC,,,,1346342400000000000,2012-08-30T16:00:00Z
14.43555,75133.4288625,1346256000000000000,2012-08-29T16:00:00Z,2081900.0,,07bbe65c-952d-42d4-bdf8-ba4a3d80c114,OrderRole.Standalone,OrderType.Market,_default,,PositionEffect.Close,,2081900.0,False,,OrderSide.Sell,OrderStatus.Filled,600588.SH,,TimeInForce.GTC,,,,1346342400000000000,2012-08-30T16:00:00Z
6.57342,75548.31606,1346256000000000000,2012-08-29T16:00:00Z,4597200.0,,1443b2c7-d669-461f-9292-027567edc1e8,OrderRole.Standalone,OrderType.Market,_default,,PositionEffect.Close,,4597200.0,False,,OrderSide.Sell,OrderStatus.Filled,601012.SH,,TimeInForce.GTC,,,,1346342400000000000,2012-08-30T16:00:00Z
,0.0,1346256000000000000,2012-08-29T16:00:00Z,0.0,,04a023dc-d24e-4ceb-b9eb-d4e7576e0fc0,OrderRole.Standalone,OrderType.Market,_default,,PositionEffect.Close,,6762500.0,False,"Symbol 600515.SH not tradable (zero volume, suspension) at execution timestamp 1346342400000000000",OrderSide.Sell,OrderStatus.Rejected,600515.SH,,TimeInForce.GTC,,,,1346342400000000000,2012-08-30T16:00:00Z
57.057,77240.91375,1346256000000000000,2012-08-29T16:00:00Z,541500.0,,3e04b78f-2eb7-4614-a58b-4a6ec99ab39b,OrderRole.Standalone,OrderType.Market,_default,,PositionEffect.Open,,541500.0,False,,OrderSide.Buy,OrderStatus.Filled,000538.SZ,,TimeInForce.GTC,,,,1346342400000000000,2012-08-30T16:00:00Z
51.2512,77094.6176,1346256000000000000,2012-08-29T16:00:00Z,601700.0,,8271789d-f536-4af4-a9b5-346faf13b90e,OrderRole.Standalone,OrderType.Market,_default,,PositionEffect.Open,,601700.0,False,,OrderSide.Buy,OrderStatus.Filled,000661.SZ,,TimeInForce.GTC,,,,1346342400000000000,2012-08-30T16:00:00Z
10.37036,76948.0712,1346256000000000000,2012-08-29T16:00:00Z,2968000.0,,19d6736a-4743-4b23-9bf6-55039438a722,OrderRole.Standalone,OrderType.Market,_default,,PositionEffect.Open,,2968000.0,False,,OrderSide.Buy,OrderStatus.Filled,000776.SZ,,TimeInForce.GTC,,,,1346342400000000000,2012-08-30T16:00:00Z
13.2132,76606.8303,1346256000000000000,2012-08-29T16:00:00Z,2319100.0,,80180607-e2bf-419e-9d40-07d3ac974dcf,OrderRole.Standalone,OrderType.Market,_default,,PositionEffect.Open,,2319100.0,False,,OrderSide.Buy,OrderStatus.Filled,002028.SZ,,TimeInForce.GTC,,,,1346342400000000000,2012-08-30T16:00:00Z
,0.0,1346256000000000000,2012-08-29T16:00:00Z,0.0,,87d7e62a-a580-4da4-ad87-1ef56c90b665,OrderRole.Standalone,OrderType.Market,_default,,PositionEffect.Open,,9925400.0,False,"Risk: Insufficient margin at execution. Required: 30776905.87471500000000000000, Available: 11231903.50667499967221082641",OrderSide.Buy,OrderStatus.Rejected,601669.SH,,TimeInForce.GTC,,,,1346342400000000000,2012-08-30T16:00:00Z
60.50943,81914.6408625,1348675200000000000,2012-09-26T16:00:00Z,541500.0,,a39a0921-38a9-4473-ab6f-b48d4bf7b19c,OrderRole.Standalone,OrderType.Market,_default,,PositionEffect.Close,,541500.0,False,,OrderSide.Sell,OrderStatus.Filled,000538.SZ,,TimeInForce.GTC,,,,1348761600000000000,2012-09-27T16:00:00Z
13.09689,97178.9238,1348675200000000000,2012-09-26T16:00:00Z,2968000.0,,fafcacd1-db02-48e9-82ac-2fe7f5fa4209,OrderRole.Standalone,OrderType.Market,_default,,PositionEffect.Close,,2968000.0,False,,OrderSide.Sell,OrderStatus.Filled,000776.SZ,,TimeInForce.GTC,,,,1348761600000000000,2012-09-27T16:00:00Z
13.17681,76395.8501775,1348675200000000000,2012-09-26T16:00:00Z,2319100.0,,5bfe9490-16a7-4d28-ac76-4e73915f4123,OrderRole.Standalone,OrderType.Market,_default,,PositionEffect.Close,,2319100.0,False,,OrderSide.Sell,OrderStatus.Filled,002028.SZ,,TimeInForce.GTC,,,,1348761600000000000,2012-09-27T16:00:00Z
4.91508,83095.57125,1348675200000000000,2012-09-26T16:00:00Z,6762500.0,,1aace5b0-453f-4a6f-9fbb-e817004c2471,OrderRole.Standalone,OrderType.Market,_default,,PositionEffect.Close,,6762500.0,False,,OrderSide.Sell,OrderStatus.Filled,600515.SH,,TimeInForce.GTC,,,,1348761600000000000,2012-09-27T16:00:00Z
6.74674,79328.16892,1348675200000000000,2012-09-26T16:00:00Z,4703200.0,,212d1fff-556d-4e74-ad4a-6fcca9935668,OrderRole.Standalone,OrderType.Market,_default,,PositionEffect.Open,,4703200.0,False,,OrderSide.Buy,OrderStatus.Filled,601169.SH,,TimeInForce.GTC,,,,1348761600000000000,2012-09-27T16:00:00Z
3.7037,79273.9948,1348675200000000000,2012-09-26T16:00:00Z,8561600.0,,f7b3d554-c25d-413e-afc4-56fbdd0702cd,OrderRole.Standalone,OrderType.Market,_default,,PositionEffect.Open,,8561600.0,False,,OrderSide.Buy,OrderStatus.Filled,601398.SH,,TimeInForce.GTC,,,,1348761600000000000,2012-09-27T16:00:00Z
37.2372,79268.6895,1348675200000000000,2012-09-26T16:00:00Z,851500.0,,00d9563b-1e60-48d3-bce8-8b2d24f839e1,OrderRole.Standalone,OrderType.Market,_default,,PositionEffect.Open,,851500.0,False,,OrderSide.Buy,OrderStatus.Filled,000568.SZ,,TimeInForce.GTC,,,,1348761600000000000,2012-09-27T16:00:00Z
40.79075,79909.07925,1348675200000000000,2012-09-26T16:00:00Z,783600.0,,cfe34dae-6a76-4202-b90a-a0ed2e53ca59,OrderRole.Standalone,OrderType.Market,_default,,PositionEffect.Open,,783600.0,False,,OrderSide.Buy,OrderStatus.Filled,002236.SZ,,TimeInForce.GTC,,,,1348761600000000000,2012-09-27T16:00:00Z
48.97893,6232.5688425,1348675200000000000,2012-09-26T16:00:00Z,50900.0,,9b984aae-d8f5-41ef-b3c5-332a02e30f2c,OrderRole.Standalone,OrderType.Market,_default,,PositionEffect.Open,,50900.0,False,,OrderSide.Buy,OrderStatus.Filled,000661.SZ,,TimeInForce.GTC,,,,1348761600000000000,2012-09-27T16:00:00Z
49.95,81493.425,1348761600000000000,2012-09-27T16:00:00Z,652600.0,,d6ac5730-de85-47a4-856c-29dfdfbe9414,OrderRole.Standalone,OrderType.Market,_default,,PositionEffect.Close,,652600.0,False,,OrderSide.Sell,OrderStatus.Filled,000661.SZ,,TimeInForce.GTC,,,,1349625600000000000,2012-10-07T16:00:00Z
39.7602,84639.52575,1351699200000000000,2012-10-31T16:00:00Z,851500.0,,79d21a23-20a9-4dfe-9c76-f583ec8e9675,OrderRole.Standalone,OrderType.Market,_default,,PositionEffect.Close,,851500.0,False,,OrderSide.Sell,OrderStatus.Filled,000568.SZ,,TimeInForce.GTC,,,,1351785600000000000,2012-11-01T16:00:00Z
43.23672,84700.73448,1351699200000000000,2012-10-31T16:00:00Z,783600.0,,546da22b-aef6-40b0-bb68-db0fe87abac2,OrderRole.Standalone,OrderType.Market,_default,,PositionEffect.Close,,783600.0,False,,OrderSide.Sell,OrderStatus.Filled,002236.SZ,,TimeInForce.GTC,,,,1351785600000000000,2012-11-01T16:00:00Z
6.993,82223.694,1351699200000000000,2012-10-31T16:00:00Z,4703200.0,,27515314-7f9a-4157-873c-f98327a40be4,OrderRole.Standalone,OrderType.Market,_default,,PositionEffect.Close,,4703200.0,False,,OrderSide.Sell,OrderStatus.Filled,601169.SH,,TimeInForce.GTC,,,,1351785600000000000,2012-11-01T16:00:00Z
3.86613,589.584825,1351699200000000000,2012-10-31T16:00:00Z,61000.0,,6317ba5b-e68b-4b72-9632-b46d2e5a83b2,OrderRole.Standalone,OrderType.Market,_default,,PositionEffect.Close,,61000.0,False,,OrderSide.Sell,OrderStatus.Filled,601398.SH,,TimeInForce.GTC,,,,1351785600000000000,2012-11-01T16:00:00Z
2.71271,82022.1777375,1351699200000000000,2012-10-31T16:00:00Z,12094500.0,,fa706d07-6aa8-4098-8e3b-af4ccf5e4f09,OrderRole.Standalone,OrderType.Market,_default,,PositionEffect.Open,,12094500.0,False,,OrderSide.Buy,OrderStatus.Filled,601818.SH,,TimeInForce.GTC,,,,1351785600000000000,2012-11-01T16:00:00Z
2.77277,82324.927685,1351699200000000000,2012-10-31T16:00:00Z,11876200.0,,18d0c86b-d8c0-42c1-a323-54b2403b5c38,OrderRole.Standalone,OrderType.Market,_default,,PositionEffect.Open,,11876200.0,False,,OrderSide.Buy,OrderStatus.Filled,601988.SH,,TimeInForce.GTC,,,,1351785600000000000,2012-11-01T16:00:00Z
13.39338,82322.41017,1351699200000000000,2012-10-31T16:00:00Z,2458600.0,,e204efc9-cea0-4802-a722-dd8f75d50b46,OrderRole.Standalone,OrderType.Market,_default,,PositionEffect.Open,,2458600.0,False,,OrderSide.Buy,OrderStatus.Filled,000001.SZ,,TimeInForce.GTC,,,,1351785600000000000,2012-11-01T16:00:00Z
2.53253,82324.95271,1351699200000000000,2012-10-31T16:00:00Z,13002800.0,,fa55ac51-cce9-4182-a3fb-5fbb9c00c7f0,OrderRole.Standalone,OrderType.Market,_default,,PositionEffect.Open,,13002800.0,False,,OrderSide.Buy,OrderStatus.Filled,601288.SH,,TimeInForce.GTC,,,,1351785600000000000,2012-11-01T16:00:00Z
3.88611,82585.666665,1351785600000000000,2012-11-01T16:00:00Z,8500600.0,,8593e7a9-0cb0-41cd-9592-2b0352cc9536,OrderRole.Standalone,OrderType.Market,_default,,PositionEffect.Close,,8500600.0,False,,OrderSide.Sell,OrderStatus.Filled,601398.SH,,TimeInForce.GTC,,,,1352044800000000000,2012-11-04T16:00:00Z
12.6873,77982.48945,1354118400000000000,2012-11-28T16:00:00Z,2458600.0,,ea923e34-eef8-4d4a-a5d4-ff5e0cd3b9ce,OrderRole.Standalone,OrderType.Market,_default,,PositionEffect.Close,,2458600.0,False,,OrderSide.Sell,OrderStatus.Filled,000001.SZ,,TimeInForce.GTC,,,,1354204800000000000,2012-11-29T16:00:00Z
2.62737,85407.91659,1354118400000000000,2012-11-28T16:00:00Z,13002800.0,,36845cb5-d6e5-4c2b-9d5d-68e3698eda50,OrderRole.Standalone,OrderType.Market,_default,,PositionEffect.Close,,13002800.0,False,,OrderSide.Sell,OrderStatus.Filled,601288.SH,,TimeInForce.GTC,,,,1354204800000000000,2012-11-29T16:00:00Z
2.57742,77931.515475,1354118400000000000,2012-11-28T16:00:00Z,12094500.0,,bbe7556b-d748-4af2-babe-7db2ce2e05b5,OrderRole.Standalone,OrderType.Market,_default,,PositionEffect.Close,,12094500.0,False,,OrderSide.Sell,OrderStatus.Filled,601818.SH,,TimeInForce.GTC,,,,1354204800000000000,2012-11-29T16:00:00Z
2.75724,81863.83422,1354118400000000000,2012-11-28T16:00:00Z,11876200.0,,1592eca1-7094-4783-9873-21b0a56f7a0d,OrderRole.Standalone,OrderType.Market,_default,,PositionEffect.Close,,11876200.0,False,,OrderSide.Sell,OrderStatus.Filled,601988.SH,,TimeInForce.GTC,,,,1354204800000000000,2012-11-29T16:00:00Z
21.33131,67252.2876025,1354118400000000000,2012-11-28T16:00:00Z,1261100.0,,6caf96c2-467e-4f15-92c1-d5219bd08a49,OrderRole.Standalone,OrderType.Market,_default,,PositionEffect.Open,,1261100.0,False,,OrderSide.Buy,OrderStatus.Filled,000338.SZ,,TimeInForce.GTC,,,,1354204800000000000,2012-11-29T16:00:00Z
15.17516,67146.28921,1354118400000000000,2012-11-28T16:00:00Z,1769900.0,,7463a516-c0c1-40ea-929a-731cb6e46c0e,OrderRole.Standalone,OrderType.Market,_default,,PositionEffect.Open,,1769900.0,False,,OrderSide.Buy,OrderStatus.Filled,002532.SZ,,TimeInForce.GTC,,,,1354204800000000000,2012-11-29T16:00:00Z
6.24624,67418.79144,1354118400000000000,2012-11-28T16:00:00Z,4317400.0,,20cb7e5e-512d-4008-a0a4-aa432249d19d,OrderRole.Standalone,OrderType.Market,_default,,PositionEffect.Open,,4317400.0,False,,OrderSide.Buy,OrderStatus.Filled,600016.SH,,TimeInForce.GTC,,,,1354204800000000000,2012-11-29T16:00:00Z
13.49348,67683.29568,1354118400000000000,2012-11-28T16:00:00Z,2006400.0,,706640cc-4c92-46ea-939c-80c0c4984039,OrderRole.Standalone,OrderType.Market,_default,,PositionEffect.Open,,2006400.0,False,,OrderSide.Buy,OrderStatus.Filled,600104.SH,,TimeInForce.GTC,,,,1354204800000000000,2012-11-29T16:00:00Z
7.47747,67816.914165,1354118400000000000,2012-11-28T16:00:00Z,3627800.0,,ac5fc066-a94d-4353-9c86-917c995b2c21,OrderRole.Standalone,OrderType.Market,_default,,PositionEffect.Open,,3627800.0,False,,OrderSide.Buy,OrderStatus.Filled,600674.SH,,TimeInForce.GTC,,,,1354204800000000000,2012-11-29T16:00:00Z
5.02502,67100.348315,1354118400000000000,2012-11-28T16:00:00Z,5341300.0,,a8f66870-810c-4b0c-b6a2-31dcedc7f0e9,OrderRole.Standalone,OrderType.Market,_default,,PositionEffect.Open,,5341300.0,False,,OrderSide.Buy,OrderStatus.Filled,600886.SH,,TimeInForce.GTC,,,,1354204800000000000,2012-11-29T16:00:00Z
24.975,78739.93125,1356537600000000000,2012-12-26T16:00:00Z,1261100.0,,70f49d58-6879-4af7-8409-e31538390318,OrderRole.Standalone,OrderType.Market,_default,,PositionEffect.Close,,1261100.0,False,,OrderSide.Sell,OrderStatus.Filled,000338.SZ,,TimeInForce.GTC,,,,1356624000000000000,2012-12-27T16:00:00Z
17.09289,75631.7650275,1356537600000000000,2012-12-26T16:00:00Z,1769900.0,,9aaff208-3057-4fdb-9c1d-58d13c6c02d1,OrderRole.Standalone,OrderType.Market,_default,,PositionEffect.Close,,1769900.0,False,,OrderSide.Sell,OrderStatus.Filled,002532.SZ,,TimeInForce.GTC,,,,1356624000000000000,2012-12-27T16:00:00Z
7.62237,82272.050595,1356537600000000000,2012-12-26T16:00:00Z,4317400.0,,39519733-2969-408f-a495-708e52bb9f5a,OrderRole.Standalone,OrderType.Market,_default,,PositionEffect.Close,,4317400.0,False,,OrderSide.Sell,OrderStatus.Filled,600016.SH,,TimeInForce.GTC,,,,1356624000000000000,2012-12-27T16:00:00Z
16.43355,82430.6868,1356537600000000000,2012-12-26T16:00:00Z,2006400.0,,c3694f87-09df-4bff-984a-a3f4000bea62,OrderRole.Standalone,OrderType.Market,_default,,PositionEffect.Close,,2006400.0,False,,OrderSide.Sell,OrderStatus.Filled,600104.SH,,TimeInForce.GTC,,,,1356624000000000000,2012-12-27T16:00:00Z
8.42157,76379.429115,1356537600000000000,2012-12-26T16:00:00Z,3627800.0,,5693c4b9-7536-48fb-b6ae-1451dab578aa,OrderRole.Standalone,OrderType.Market,_default,,PositionEffect.Close,,3627800.0,False,,OrderSide.Sell,OrderStatus.Filled,600674.SH,,TimeInForce.GTC,,,,1356624000000000000,2012-12-27T16:00:00Z
5.77422,77104.603215,1356537600000000000,2012-12-26T16:00:00Z,5341300.0,,52358b2e-d199-4554-8c10-0db702d3b039,OrderRole.Standalone,OrderType.Market,_default,,PositionEffect.Close,,5341300.0,False,,OrderSide.Sell,OrderStatus.Filled,600886.SH,,TimeInForce.GTC,,,,1356624000000000000,2012-12-27T16:00:00Z
32.32229,92748.811155,1356537600000000000,2012-12-26T16:00:00Z,1147800.0,,565cd373-d42e-4616-b829-0e0da7c948e5,OrderRole.Standalone,OrderType.Market,_default,,PositionEffect.Open,,1147800.0,False,,OrderSide.Buy,OrderStatus.Filled,002466.SZ,,TimeInForce.GTC,,,,1356624000000000000,2012-12-27T16:00:00Z
10.9109,91774.307625,1356537600000000000,2012-12-26T16:00:00Z,3364500.0,,3e038d7d-f461-4b19-b9a5-e70175af2b96,OrderRole.Standalone,OrderType.Market,_default,,PositionEffect.Open,,3364500.0,False,,OrderSide.Buy,OrderStatus.Filled,002600.SZ,,TimeInForce.GTC,,,,1356624000000000000,2012-12-27T16:00:00Z
13.45344,93329.87664,1356537600000000000,2012-12-26T16:00:00Z,2774900.0,,0fbeb148-8666-4f99-a312-93b730c07d97,OrderRole.Standalone,OrderType.Market,_default,,PositionEffect.Open,,2774900.0,False,,OrderSide.Buy,OrderStatus.Filled,300033.SZ,,TimeInForce.GTC,,,,1356624000000000000,2012-12-27T16:00:00Z
16.62661,91741.4773275,1356537600000000000,2012-12-26T16:00:00Z,2207100.0,,74ee842e-0603-4a3d-ba82-939231f49c42,OrderRole.Standalone,OrderType.Market,_default,,PositionEffect.Open,,2207100.0,False,,OrderSide.Buy,OrderStatus.Filled,300308.SZ,,TimeInForce.GTC,,,,1356624000000000000,2012-12-27T16:00:00Z
26.84682,91547.6562,1356537600000000000,2012-12-26T16:00:00Z,1364000.0,,5bbdd2bb-125f-47b4-b27d-b049529823e8,OrderRole.Standalone,OrderType.Market,_default,,PositionEffect.Open,,1364000.0,False,,OrderSide.Buy,OrderStatus.Filled,300316.SZ,,TimeInForce.GTC,,,,1356624000000000000,2012-12-27T16:00:00Z
35.964,103198.698,1359388800000000000,2013-01-28T16:00:00Z,1147800.0,,f8c70677-5e06-495e-a63b-07078732db0e,OrderRole.Standalone,OrderType.Market,_default,,PositionEffect.Close,,1147800.0,False,,OrderSide.Sell,OrderStatus.Filled,002466.SZ,,TimeInForce.GTC,,,,1359475200000000000,2013-01-29T16:00:00Z
11.30868,95120.13465,1359388800000000000,2013-01-28T16:00:00Z,3364500.0,,3e3f7ccf-8c72-4755-99e4-54d0149a6c94,OrderRole.Standalone,OrderType.Market,_default,,PositionEffect.Close,,3364500.0,False,,OrderSide.Sell,OrderStatus.Filled,002600.SZ,,TimeInForce.GTC,,,,1359475200000000000,2013-01-29T16:00:00Z
14.17581,98341.1379225,1359388800000000000,2013-01-28T16:00:00Z,2774900.0,,68e58a5a-297f-4704-b3fe-98c7729d4bc7,OrderRole.Standalone,OrderType.Market,_default,,PositionEffect.Close,,2774900.0,False,,OrderSide.Sell,OrderStatus.Filled,300033.SZ,,TimeInForce.GTC,,,,1359475200000000000,2013-01-29T16:00:00Z
16.44354,90731.342835,1359388800000000000,2013-01-28T16:00:00Z,2207100.0,,c2ea9f82-8d9b-4077-a9a8-b23ca422cb1e,OrderRole.Standalone,OrderType.Market,_default,,PositionEffect.Close,,2207100.0,False,,OrderSide.Sell,OrderStatus.Filled,300308.SZ,,TimeInForce.GTC,,,,1359475200000000000,2013-01-29T16:00:00Z
26.84313,91535.0733,1359388800000000000,2013-01-28T16:00:00Z,1364000.0,,cea7edd4-0d9f-415f-a139-02e8be1c0b3d,OrderRole.Standalone,OrderType.Market,_default,,PositionEffect.Close,,1364000.0,False,,OrderSide.Sell,OrderStatus.Filled,300316.SZ,,TimeInForce.GTC,,,,1359475200000000000,2013-01-29T16:00:00Z
10.28027,60021.356395,1359388800000000000,2013-01-28T16:00:00Z,2335400.0,,84afa79b-18b3-46ca-866e-ea30e70214e1,OrderRole.Standalone,OrderType.Market,_default,,PositionEffect.Open,,2335400.0,False,,OrderSide.Buy,OrderStatus.Filled,600016.SH,,TimeInForce.GTC,,,,1359475200000000000,2013-01-29T16:00:00Z
15.48547,60002.3248825,1359388800000000000,2013-01-28T16:00:00Z,1549900.0,,da9adfe6-1640-4d4c-ac50-f992ab5b31ee,OrderRole.Standalone,OrderType.Market,_default,,PositionEffect.Open,,1549900.0,False,,OrderSide.Buy,OrderStatus.Filled,600118.SH,,TimeInForce.GTC,,,,1359475200000000000,2013-01-29T16:00:00Z
26.31629,59961.666765,1359388800000000000,2013-01-28T16:00:00Z,911400.0,,f80d924d-e290-411f-a9ad-2b32205ae3d3,OrderRole.Standalone,OrderType.Market,_default,,PositionEffect.Open,,911400.0,False,,OrderSide.Buy,OrderStatus.Filled,600887.SH,,TimeInForce.GTC,,,,1359475200000000000,2013-01-29T16:00:00Z
5.77577,60171.97186,1359388800000000000,2013-01-28T16:00:00Z,4167200.0,,53e6524d-f68b-487e-8160-3be14730aaf4,OrderRole.Standalone,OrderType.Market,_default,,PositionEffect.Open,,4167200.0,False,,OrderSide.Buy,OrderStatus.Filled,601901.SH,,TimeInForce.GTC,,,,1359475200000000000,2013-01-29T16:00:00Z
21.1211,59176.041925,1359388800000000000,2013-01-28T16:00:00Z,1120700.0,,a6b6f182-13f3-4f6c-b677-668e2b7f4bc2,OrderRole.Standalone,OrderType.Market,_default,,PositionEffect.Open,,1120700.0,False,,OrderSide.Buy,OrderStatus.Filled,000001.SZ,,TimeInForce.GTC,,,,1359475200000000000,2013-01-29T16:00:00Z
12.18217,59765.72602,1359388800000000000,2013-01-28T16:00:00Z,1962400.0,,e2da0a42-268c-44b9-b488-67d158f069e3,OrderRole.Standalone,OrderType.Market,_default,,PositionEffect.Open,,1962400.0,False,,OrderSide.Buy,OrderStatus.Filled,000002.SZ,,TimeInForce.GTC,,,,1359475200000000000,2013-01-29T16:00:00Z
11.82181,58964.2328275,1359388800000000000,2013-01-28T16:00:00Z,1995100.0,,b0c6b40f-4dec-4e8a-a837-ae25d4cca10b,OrderRole.Standalone,OrderType.Market,_default,,PositionEffect.Open,,1995100.0,False,,OrderSide.Buy,OrderStatus.Filled,000768.SZ,,TimeInForce.GTC,,,,1359475200000000000,2013-01-29T16:00:00Z
60.92086,59839.514735,1359388800000000000,2013-01-28T16:00:00Z,392900.0,,1fa63538-707a-4587-9eaf-f5209faf45c5,OrderRole.Standalone,OrderType.Market,_default,,PositionEffect.Open,,392900.0,False,,OrderSide.Buy,OrderStatus.Filled,002353.SZ,,TimeInForce.GTC,,,,1359475200000000000,2013-01-29T16:00:00Z
24.4755,68574.232125,1362412800000000000,2013-03-04T16:00:00Z,1120700.0,,2c41fde6-7761-4cf6-bd20-84ad8f3163b6,OrderRole.Standalone,OrderType.Market,_default,,PositionEffect.Close,,1120700.0,False,,OrderSide.Sell,OrderStatus.Filled,000001.SZ,,TimeInForce.GTC,,,,1362499200000000000,2013-03-05T16:00:00Z
10.92906,53617.96836,1362412800000000000,2013-03-04T16:00:00Z,1962400.0,,833b2136-9575-4d2f-9b44-8a9b257f6972,OrderRole.Standalone,OrderType.Market,_default,,PositionEffect.Close,,1962400.0,False,,OrderSide.Sell,OrderStatus.Filled,000002.SZ,,TimeInForce.GTC,,,,1362499200000000000,2013-03-05T16:00:00Z
11.7882,58796.59455,1362412800000000000,2013-03-04T16:00:00Z,1995100.0,,aa0abf92-2ade-4b16-be5d-092a8abfe6c1,OrderRole.Standalone,OrderType.Market,_default,,PositionEffect.Close,,1995100.0,False,,OrderSide.Sell,OrderStatus.Filled,000768.SZ,,TimeInForce.GTC,,,,1362499200000000000,2013-03-05T16:00:00Z
65.8341,64665.544725,1362412800000000000,2013-03-04T16:00:00Z,392900.0,,4cb3b08f-2de3-45db-8b66-e1833918a4a7,OrderRole.Standalone,OrderType.Market,_default,,PositionEffect.Close,,392900.0,False,,OrderSide.Sell,OrderStatus.Filled,002353.SZ,,TimeInForce.GTC,,,,1362499200000000000,2013-03-05T16:00:00Z
10.23975,59784.780375,1362412800000000000,2013-03-04T16:00:00Z,2335400.0,,9e8fff4c-6658-47e5-a3c6-0d502881fbad,OrderRole.Standalone,OrderType.Market,_default,,PositionEffect.Close,,2335400.0,False,,OrderSide.Sell,OrderStatus.Filled,600016.SH,,TimeInForce.GTC,,,,1362499200000000000,2013-03-05T16:00:00Z
17.37261,67314.5205975,1362412800000000000,2013-03-04T16:00:00Z,1549900.0,,d4e57ba8-0ad9-4295-bd02-5e1003b49363,OrderRole.Standalone,OrderType.Market,_default,,PositionEffect.Close,,1549900.0,False,,OrderSide.Sell,OrderStatus.Filled,600118.SH,,TimeInForce.GTC,,,,1362499200000000000,2013-03-05T16:00:00Z
29.4705,67148.53425,1362412800000000000,2013-03-04T16:00:00Z,911400.0,,13f8e651-f9dd-4050-9a7e-cff96e5f8680,OrderRole.Standalone,OrderType.Market,_default,,PositionEffect.Close,,911400.0,False,,OrderSide.Sell,OrderStatus.Filled,600887.SH,,TimeInForce.GTC,,,,1362499200000000000,2013-03-05T16:00:00Z
7.4925,78056.865,1362412800000000000,2013-03-04T16:00:00Z,4167200.0,,f5f2325d-5b81-4bb4-85e3-d5307601bc55,OrderRole.Standalone,OrderType.Market,_default,,PositionEffect.Close,,4167200.0,False,,OrderSide.Sell,OrderStatus.Filled,601901.SH,,TimeInForce.GTC,,,,1362499200000000000,2013-03-05T16:00:00Z
7.1071,102258.731575,1362412800000000000,2013-03-04T16:00:00Z,5755300.0,,70ef78f4-9fe8-4f08-9d4d-2c727b9931a6,OrderRole.Standalone,OrderType.Market,_default,,PositionEffect.Open,,5755300.0,False,,OrderSide.Buy,OrderStatus.Filled,000408.SZ,,TimeInForce.GTC,,,,1362499200000000000,2013-03-05T16:00:00Z
90.6906,102593.74125,1362412800000000000,2013-03-04T16:00:00Z,452500.0,,782128ab-7ef4-4df2-b1d5-eab2dfed8134,OrderRole.Standalone,OrderType.Market,_default,,PositionEffect.Open,,452500.0,False,,OrderSide.Buy,OrderStatus.Filled,000661.SZ,,TimeInForce.GTC,,,,1362499200000000000,2013-03-05T16:00:00Z
14.6146,102258.3562,1362412800000000000,2013-03-04T16:00:00Z,2798800.0,,c34b2109-55b1-4c4e-8e5e-999981147f48,OrderRole.Standalone,OrderType.Market,_default,,PositionEffect.Open,,2798800.0,False,,OrderSide.Buy,OrderStatus.Filled,002271.SZ,,TimeInForce.GTC,,,,1362499200000000000,2013-03-05T16:00:00Z
24.024,104474.37,1362412800000000000,2013-03-04T16:00:00Z,1739500.0,,544ddf86-6f02-4d22-bac8-265832e55aac,OrderRole.Standalone,OrderType.Market,_default,,PositionEffect.Open,,1739500.0,False,,OrderSide.Buy,OrderStatus.Filled,002410.SZ,,TimeInForce.GTC,,,,1362499200000000000,2013-03-05T16:00:00Z
16.03602,103877.328555,1362412800000000000,2013-03-04T16:00:00Z,2591100.0,,7828bdbb-23d9-497c-98ad-79aaf7debff1,OrderRole.Standalone,OrderType.Market,_default,,PositionEffect.Open,,2591100.0,False,,OrderSide.Buy,OrderStatus.Filled,300033.SZ,,TimeInForce.GTC,,,,1362499200000000000,2013-03-05T16:00:00Z
7.36263,105935.3610975,1364832000000000000,2013-04-01T16:00:00Z,5755300.0,,af2e09fe-1ab5-4fe3-abe4-89b76212f893,OrderRole.Standalone,OrderType.Market,_default,,PositionEffect.Close,,5755300.0,False,,OrderSide.Sell,OrderStatus.Filled,000408.SZ,,TimeInForce.GTC,,,,1364918400000000000,2013-04-02T16:00:00Z
84.4155,95495.034375,1364832000000000000,2013-04-01T16:00:00Z,452500.0,,b896bf6e-3d1e-4b27-8389-55c3ff35ad5a,OrderRole.Standalone,OrderType.Market,_default,,PositionEffect.Close,,452500.0,False,,OrderSide.Sell,OrderStatus.Filled,000661.SZ,,TimeInForce.GTC,,,,1364918400000000000,2013-04-02T16:00:00Z
14.70528,102892.84416,1364832000000000000,2013-04-01T16:00:00Z,2798800.0,,efcc441f-728c-45a5-8e36-06a04ad042af,OrderRole.Standalone,OrderType.Market,_default,,PositionEffect.Close,,2798800.0,False,,OrderSide.Sell,OrderStatus.Filled,002271.SZ,,TimeInForce.GTC,,,,1364918400000000000,2013-04-02T16:00:00Z
23.21676,100963.88505,1364832000000000000,2013-04-01T16:00:00Z,1739500.0,,11ad49e5-9b9e-4f67-a070-1a1069bef5b9,OrderRole.Standalone,OrderType.Market,_default,,PositionEffect.Close,,1739500.0,False,,OrderSide.Sell,OrderStatus.Filled,002410.SZ,,TimeInForce.GTC,,,,1364918400000000000,2013-04-02T16:00:00Z
15.00498,97198.509195,1364832000000000000,2013-04-01T16:00:00Z,2591100.0,,5333a9cd-c0fa-4b80-bc26-12fe9bbab7b3,OrderRole.Standalone,OrderType.Market,_default,,PositionEffect.Close,,2591100.0,False,,OrderSide.Sell,OrderStatus.Filled,300033.SZ,,TimeInForce.GTC,,,,1364918400000000000,2013-04-02T16:00:00Z
2.94294,55475.89047,1364832000000000000,2013-04-01T16:00:00Z,7540200.0,,f4cbe163-7494-4d18-a8eb-4dbc3760712a,OrderRole.Standalone,OrderType.Market,_default,,PositionEffect.Open,,7540200.0,False,,OrderSide.Buy,OrderStatus.Filled,600795.SH,,TimeInForce.GTC,,,,1364918400000000000,2013-04-02T16:00:00Z
30.2302,55215.4603,1364832000000000000,2013-04-01T16:00:00Z,730600.0,,4602e5a5-abef-4e4f-83c9-08ed7fe0771c,OrderRole.Standalone,OrderType.Market,_default,,PositionEffect.Open,,730600.0,False,,OrderSide.Buy,OrderStatus.Filled,600887.SH,,TimeInForce.GTC,,,,1364918400000000000,2013-04-02T16:00:00Z
82.57249,55798.3601175,1364832000000000000,2013-04-01T16:00:00Z,270300.0,,3cf69ee6-a418-4e86-99d1-103e2ebb1e4b,OrderRole.Standalone,OrderType.Market,_default,,PositionEffect.Open,,270300.0,False,,OrderSide.Buy,OrderStatus.Filled,000538.SZ,,TimeInForce.GTC,,,,1364918400000000000,2013-04-02T16:00:00Z
9.63963,55649.58399,1364832000000000000,2013-04-01T16:00:00Z,2309200.0,,d2210527-e50c-4cb3-b7c3-8de4f5360d9e,OrderRole.Standalone,OrderType.Market,_default,,PositionEffect.Open,,2309200.0,False,,OrderSide.Buy,OrderStatus.Filled,000625.SZ,,TimeInForce.GTC,,,,1364918400000000000,2013-04-02T16:00:00Z
28.75873,55432.452075,1364832000000000000,2013-04-01T16:00:00Z,771000.0,,bb2039ca-828a-4993-9139-8fed263d3a66,OrderRole.Standalone,OrderType.Market,_default,,PositionEffect.Open,,771000.0,False,,OrderSide.Buy,OrderStatus.Filled,000651.SZ,,TimeInForce.GTC,,,,1364918400000000000,2013-04-02T16:00:00Z
77.2772,55620.2647,1364832000000000000,2013-04-01T16:00:00Z,287900.0,,8c77d3e3-a680-46fd-a282-19d5675ef87e,OrderRole.Standalone,OrderType.Market,_default,,PositionEffect.Open,,287900.0,False,,OrderSide.Buy,OrderStatus.Filled,000895.SZ,,TimeInForce.GTC,,,,1364918400000000000,2013-04-02T16:00:00Z
64.72466,55015.961,1364832000000000000,2013-04-01T16:00:00Z,340000.0,,b82a3bc8-075e-4591-8eee-c2aae7be928f,OrderRole.Standalone,OrderType.Market,_default,,PositionEffect.Open,,340000.0,False,,OrderSide.Buy,OrderStatus.Filled,002236.SZ,,TimeInForce.GTC,,,,1364918400000000000,2013-04-02T16:00:00Z
45.045,55349.04375,1364832000000000000,2013-04-01T16:00:00Z,491500.0,,f1a0bcf8-2e79-41eb-9645-13844eba20a7,OrderRole.Standalone,OrderType.Market,_default,,PositionEffect.Open,,491500.0,False,,OrderSide.Buy,OrderStatus.Filled,002241.SZ,,TimeInForce.GTC,,,,1364918400000000000,2013-04-02T16:00:00Z
72.26219,55226.3787075,1364832000000000000,2013-04-01T16:00:00Z,305700.0,,afa0c9d9-7509-4eb7-8824-1923cf6385a1,OrderRole.Standalone,OrderType.Market,_default,,PositionEffect.Open,,305700.0,False,,OrderSide.Buy,OrderStatus.Filled,002353.SZ,,TimeInForce.GTC,,,,1364918400000000000,2013-04-02T16:00:00Z
88.45146,59771.074095,1367856000000000000,2013-05-06T16:00:00Z,270300.0,,717e2621-051d-4008-8923-85380ed75d3e,OrderRole.Standalone,OrderType.Market,_default,,PositionEffect.Close,,270300.0,False,,OrderSide.Sell,OrderStatus.Filled,000538.SZ,,TimeInForce.GTC,,,,1367942400000000000,2013-05-07T16:00:00Z
11.4885,66323.1105,1367856000000000000,2013-05-06T16:00:00Z,2309200.0,,89696715-6d62-4763-b04a-b9464ba7f1a4,OrderRole.Standalone,OrderType.Market,_default,,PositionEffect.Close,,2309200.0,False,,OrderSide.Sell,OrderStatus.Filled,000625.SZ,,TimeInForce.GTC,,,,1367942400000000000,2013-05-07T16:00:00Z
26.96301,51971.201775,1367856000000000000,2013-05-06T16:00:00Z,771000.0,,41077e10-37ea-4209-8279-29b1a7c4ca1e,OrderRole.Standalone,OrderType.Market,_default,,PositionEffect.Close,,771000.0,False,,OrderSide.Sell,OrderStatus.Filled,000651.SZ,,TimeInForce.GTC,,,,1367942400000000000,2013-05-07T16:00:00Z
41.90805,60326.637975,1367856000000000000,2013-05-06T16:00:00Z,575800.0,,e36a848e-3cfe-4022-b0c0-3172cbc9e971,OrderRole.Standalone,OrderType.Market,_default,,PositionEffect.Close,,575800.0,False,,OrderSide.Sell,OrderStatus.Filled,000895.SZ,,TimeInForce.GTC,,,,1367942400000000000,2013-05-07T16:00:00Z
37.49247,63737.199,1367856000000000000,2013-05-06T16:00:00Z,680000.0,,4cd7721f-d942-42e6-af41-bccb2e27051b,OrderRole.Standalone,OrderType.Market,_default,,PositionEffect.Close,,680000.0,False,,OrderSide.Sell,OrderStatus.Filled,002236.SZ,,TimeInForce.GTC,,,,1367942400000000000,2013-05-07T16:00:00Z
57.86208,71098.0308,1367856000000000000,2013-05-06T16:00:00Z,491500.0,,0dc60710-7e65-43c9-8117-2e269aa1985b,OrderRole.Standalone,OrderType.Market,_default,,PositionEffect.Close,,491500.0,False,,OrderSide.Sell,OrderStatus.Filled,002241.SZ,,TimeInForce.GTC,,,,1367942400000000000,2013-05-07T16:00:00Z
82.04787,62705.0846475,1367856000000000000,2013-05-06T16:00:00Z,305700.0,,1808dbd9-d211-442e-80cf-6995a62314a1,OrderRole.Standalone,OrderType.Market,_default,,PositionEffect.Close,,305700.0,False,,OrderSide.Sell,OrderStatus.Filled,002353.SZ,,TimeInForce.GTC,,,,1367942400000000000,2013-05-07T16:00:00Z
2.94705,55553.366025,1367856000000000000,2013-05-06T16:00:00Z,7540200.0,,d5c8863a-c005-4c37-b1e2-79f80237e556,OrderRole.Standalone,OrderType.Market,_default,,PositionEffect.Close,,7540200.0,False,,OrderSide.Sell,OrderStatus.Filled,600795.SH,,TimeInForce.GTC,,,,1367942400000000000,2013-05-07T16:00:00Z
29.30067,53517.673755,1367856000000000000,2013-05-06T16:00:00Z,730600.0,,3d9dddb8-d842-42ec-b949-d3c88f748190,OrderRole.Standalone,OrderType.Market,_default,,PositionEffect.Close,,730600.0,False,,OrderSide.Sell,OrderStatus.Filled,600887.SH,,TimeInForce.GTC,,,,1367942400000000000,2013-05-07T16:00:00Z
14.27426,77634.131575,1367856000000000000,2013-05-06T16:00:00Z,2175500.0,,eac47673-b34c-41db-8220-3943eb774b59,OrderRole.Standalone,OrderType.Market,_default,,PositionEffect.Open,,2175500.0,False,,OrderSide.Buy,OrderStatus.Filled,000800.SZ,,TimeInForce.GTC,,,,1367942400000000000,2013-05-07T16:00:00Z
29.029,75511.68625,1367856000000000000,2013-05-06T16:00:00Z,1040500.0,,ce29b07a-5c99-4d13-a08e-4b37c32c035a,OrderRole.Standalone,OrderType.Market,_default,,PositionEffect.Open,,1040500.0,False,,OrderSide.Buy,OrderStatus.Filled,002594.SZ,,TimeInForce.GTC,,,,1367942400000000000,2013-05-07T16:00:00Z
24.67465,76830.6914375,1367856000000000000,2013-05-06T16:00:00Z,1245500.0,,6c7aa0cc-903f-435e-afdb-bdfa2b5ef436,OrderRole.Standalone,OrderType.Market,_default,,PositionEffect.Open,,1245500.0,False,,OrderSide.Buy,OrderStatus.Filled,002603.SZ,,TimeInForce.GTC,,,,1367942400000000000,2013-05-07T16:00:00Z
19.18917,77394.7199025,1367856000000000000,2013-05-06T16:00:00Z,1613300.0,,68c90b00-5805-4e91-9956-906f0c03fa80,OrderRole.Standalone,OrderType.Market,_default,,PositionEffect.Open,,1613300.0,False,,OrderSide.Buy,OrderStatus.Filled,300059.SZ,,TimeInForce.GTC,,,,1367942400000000000,2013-05-07T16:00:00Z
27.97795,76925.373525,1367856000000000000,2013-05-06T16:00:00Z,1099800.0,,d4e2627f-a917-4894-ae39-f76b5801312a,OrderRole.Standalone,OrderType.Market,_default,,PositionEffect.Open,,1099800.0,False,,OrderSide.Buy,OrderStatus.Filled,300251.SZ,,TimeInForce.GTC,,,,1367942400000000000,2013-05-07T16:00:00Z
57.50745,76484.9085,1367856000000000000,2013-05-06T16:00:00Z,532000.0,,8637cff0-da48-491c-967b-2e04709b4651,OrderRole.Standalone,OrderType.Market,_default,,PositionEffect.Open,,532000.0,False,,OrderSide.Buy,OrderStatus.Filled,300347.SZ,,TimeInForce.GTC,,,,1367942400000000000,2013-05-07T16:00:00Z
38.12809,76866.22944,1367856000000000000,2013-05-06T16:00:00Z,806400.0,,d55496dd-92c2-480c-b7af-72737ee7180e,OrderRole.Standalone,OrderType.Market,_default,,PositionEffect.Open,,806400.0,False,,OrderSide.Buy,OrderStatus.Filled,600332.SH,,TimeInForce.GTC,,,,1367942400000000000,2013-05-07T16:00:00Z
33.92604,88250.11155,1370275200000000000,2013-06-03T16:00:00Z,1040500.0,,4e6df508-d554-4ebb-bddf-dfcda79ba179,OrderRole.Standalone,OrderType.Market,_default,,PositionEffect.Close,,1040500.0,False,,OrderSide.Sell,OrderStatus.Filled,002594.SZ,,TimeInForce.GTC,,,,1370361600000000000,2013-06-04T16:00:00Z
26.41356,82245.22245,1370275200000000000,2013-06-03T16:00:00Z,1245500.0,,e449ba9f-2ba5-4dce-ae01-ff325d62a8d0,OrderRole.Standalone,OrderType.Market,_default,,PositionEffect.Close,,1245500.0,False,,OrderSide.Sell,OrderStatus.Filled,002603.SZ,,TimeInForce.GTC,,,,1370361600000000000,2013-06-04T16:00:00Z
10.03995,80987.256675,1370275200000000000,2013-06-03T16:00:00Z,3226600.0,,595d60c6-26c6-4f68-98d1-7a223ef9da65,OrderRole.Standalone,OrderType.Market,_default,,PositionEffect.Close,,3226600.0,False,,OrderSide.Sell,OrderStatus.Filled,300059.SZ,,TimeInForce.GTC,,,,1370361600000000000,2013-06-04T16:00:00Z
46.4535,61783.155,1370275200000000000,2013-06-03T16:00:00Z,532000.0,,031463d7-4dd6-4ecb-a286-1dcb44348ef2,OrderRole.Standalone,OrderType.Market,_default,,PositionEffect.Close,,532000.0,False,,OrderSide.Sell,OrderStatus.Filled,300347.SZ,,TimeInForce.GTC,,,,1370361600000000000,2013-06-04T16:00:00Z
36.7632,74114.6112,1370275200000000000,2013-06-03T16:00:00Z,806400.0,,20927deb-87a7-4304-9246-5ccca59026ec,OrderRole.Standalone,OrderType.Market,_default,,PositionEffect.Close,,806400.0,False,,OrderSide.Sell,OrderStatus.Filled,600332.SH,,TimeInForce.GTC,,,,1370361600000000000,2013-06-04T16:00:00Z
22.2222,109399.8906,1370275200000000000,2013-06-03T16:00:00Z,1969200.0,,ec689cfc-b663-47c3-9232-6be8e5c8cb1e,OrderRole.Standalone,OrderType.Market,_default,,PositionEffect.Open,,1969200.0,False,,OrderSide.Buy,OrderStatus.Filled,600406.SH,,TimeInForce.GTC,,,,1370361600000000000,2013-06-04T16:00:00Z
12.67266,108937.353525,1370275200000000000,2013-06-03T16:00:00Z,3438500.0,,e129e008-082d-4f46-a17c-c3b3b15194fe,OrderRole.Standalone,OrderType.Market,_default,,PositionEffect.Open,,3438500.0,False,,OrderSide.Buy,OrderStatus.Filled,000657.SZ,,TimeInForce.GTC,,,,1370361600000000000,2013-06-04T16:00:00Z
24.10408,109474.70534,1370275200000000000,2013-06-03T16:00:00Z,1816700.0,,274fd60b-0712-4cfb-a2f4-8556571a6dd3,OrderRole.Standalone,OrderType.Market,_default,,PositionEffect.Open,,1816700.0,False,,OrderSide.Buy,OrderStatus.Filled,300014.SZ,,TimeInForce.GTC,,,,1370361600000000000,2013-06-04T16:00:00Z
14.60459,29158.063935,1370275200000000000,2013-06-03T16:00:00Z,798600.0,,e32db435-312c-412a-9668-6cccff4fedc5,OrderRole.Standalone,OrderType.Market,_default,,PositionEffect.Open,,798600.0,False,,OrderSide.Buy,OrderStatus.Filled,000800.SZ,,TimeInForce.GTC,,,,1370361600000000000,2013-06-04T16:00:00Z
29.25923,29332.378075,1370275200000000000,2013-06-03T16:00:00Z,401000.0,,c59f6c2f-6890-4108-a61d-c0429ffc5e13,OrderRole.Standalone,OrderType.Market,_default,,PositionEffect.Open,,401000.0,False,,OrderSide.Buy,OrderStatus.Filled,300251.SZ,,TimeInForce.GTC,,,,1370361600000000000,2013-06-04T16:00:00Z
14.83515,110303.0490375,1370361600000000000,2013-06-04T16:00:00Z,2974100.0,,c44ce9a6-e87d-494b-9bd0-e57307b9a0bd,OrderRole.Standalone,OrderType.Market,_default,,PositionEffect.Close,,2974100.0,False,,OrderSide.Sell,OrderStatus.Filled,000800.SZ,,TimeInForce.GTC,,,,1370448000000000000,2013-06-05T16:00:00Z
29.2707,109823.6664,1370361600000000000,2013-06-04T16:00:00Z,1500800.0,,96278b21-a061-4c7b-81b6-27cf6b6b08bc,OrderRole.Standalone,OrderType.Market,_default,,PositionEffect.Close,,1500800.0,False,,OrderSide.Sell,OrderStatus.Filled,300251.SZ,,TimeInForce.GTC,,,,1370448000000000000,2013-06-05T16:00:00Z
10.23975,88023.4509375,1372953600000000000,2013-07-04T16:00:00Z,3438500.0,,983f743e-6b48-4480-9ee1-a318f267a739,OrderRole.Standalone,OrderType.Market,_default,,PositionEffect.Close,,3438500.0,False,,OrderSide.Sell,OrderStatus.Filled,000657.SZ,,TimeInForce.GTC,,,,1373212800000000000,2013-07-07T16:00:00Z
26.54343,33278.8253625,1372953600000000000,2013-07-04T16:00:00Z,501500.0,,37660867-59d9-43d7-8178-d0f930aeb794,OrderRole.Standalone,OrderType.Market,_default,,PositionEffect.Close,,501500.0,False,,OrderSide.Sell,OrderStatus.Filled,300014.SZ,,TimeInForce.GTC,,,,1373212800000000000,2013-07-07T16:00:00Z
14.5854,100526.22315,1372953600000000000,2013-07-04T16:00:00Z,2756900.0,,5021f4ac-bd4b-4608-9bd8-bc635c0c5c00,OrderRole.Standalone,OrderType.Market,_default,,PositionEffect.Close,,2756900.0,False,,OrderSide.Sell,OrderStatus.Filled,600406.SH,,TimeInForce.GTC,,,,1373212800000000000,2013-07-07T16:00:00Z
25.6256,86954.0672,1372953600000000000,2013-07-04T16:00:00Z,1357300.0,,d07b640e-3647-4629-837a-89386971967a,OrderRole.Standalone,OrderType.Market,_default,,PositionEffect.Open,,1357300.0,False,,OrderSide.Buy,OrderStatus.Filled,000977.SZ,,TimeInForce.GTC,,,,1373212800000000000,2013-07-07T16:00:00Z
20.04002,86843.42667,1372953600000000000,2013-07-04T16:00:00Z,1733400.0,,7c7c6b07-9178-47d6-9e60-52ad6d888893,OrderRole.Standalone,OrderType.Market,_default,,PositionEffect.Open,,1733400.0,False,,OrderSide.Buy,OrderStatus.Filled,002410.SZ,,TimeInForce.GTC,,,,1373212800000000000,2013-07-07T16:00:00Z
13.63362,86144.02797,1372953600000000000,2013-07-04T16:00:00Z,2527400.0,,ee6720b5-aa10-4ac7-be23-d6e52240dfa8,OrderRole.Standalone,OrderType.Market,_default,,PositionEffect.Open,,2527400.0,False,,OrderSide.Buy,OrderStatus.Filled,300059.SZ,,TimeInForce.GTC,,,,1373212800000000000,2013-07-07T16:00:00Z
32.6326,85260.82565,1372953600000000000,2013-07-04T16:00:00Z,1045100.0,,9b3631f7-fd6a-4bf2-a4eb-e955fe9e8789,OrderRole.Standalone,OrderType.Market,_default,,PositionEffect.Open,,1045100.0,False,,OrderSide.Buy,OrderStatus.Filled,300251.SZ,,TimeInForce.GTC,,,,1373212800000000000,2013-07-07T16:00:00Z
52.052,86107.021,1372953600000000000,2013-07-04T16:00:00Z,661700.0,,90a1209e-f986-4a4b-b5b5-6392ad8db207,OrderRole.Standalone,OrderType.Market,_default,,PositionEffect.Open,,661700.0,False,,OrderSide.Buy,OrderStatus.Filled,300347.SZ,,TimeInForce.GTC,,,,1373212800000000000,2013-07-07T16:00:00Z
27.4725,90329.58,1373212800000000000,2013-07-07T16:00:00Z,1315200.0,,dda12878-2d58-4623-a066-fadcd8df7bd4,OrderRole.Standalone,OrderType.Market,_default,,PositionEffect.Close,,1315200.0,False,,OrderSide.Sell,OrderStatus.Filled,300014.SZ,,TimeInForce.GTC,,,,1373299200000000000,2013-07-08T16:00:00Z
28.99098,98373.642885,1375372800000000000,2013-08-01T16:00:00Z,1357300.0,,68dd9281-a5c1-41d1-9e2d-ab72df1cc225,OrderRole.Standalone,OrderType.Market,_default,,PositionEffect.Close,,1357300.0,False,,OrderSide.Sell,OrderStatus.Filled,000977.SZ,,TimeInForce.GTC,,,,1375632000000000000,2013-08-04T16:00:00Z
23.8761,103467.07935,1375372800000000000,2013-08-01T16:00:00Z,1733400.0,,6595f7bf-50e2-4cc6-b8fc-391f7faa9bba,OrderRole.Standalone,OrderType.Market,_default,,PositionEffect.Close,,1733400.0,False,,OrderSide.Sell,OrderStatus.Filled,002410.SZ,,TimeInForce.GTC,,,,1375632000000000000,2013-08-04T16:00:00Z
16.70328,105539.67468,1375372800000000000,2013-08-01T16:00:00Z,2527400.0,,745b4e97-284b-4284-9bf7-a5cd6204b576,OrderRole.Standalone,OrderType.Market,_default,,PositionEffect.Close,,2527400.0,False,,OrderSide.Sell,OrderStatus.Filled,300059.SZ,,TimeInForce.GTC,,,,1375632000000000000,2013-08-04T16:00:00Z
39.11085,102186.8733375,1375372800000000000,2013-08-01T16:00:00Z,1045100.0,,6ebd950d-14a1-494a-9ba3-2e9cfd9218ae,OrderRole.Standalone,OrderType.Market,_default,,PositionEffect.Close,,1045100.0,False,,OrderSide.Sell,OrderStatus.Filled,300251.SZ,,TimeInForce.GTC,,,,1375632000000000000,2013-08-04T16:00:00Z
60.75918,100510.873515,1375372800000000000,2013-08-01T16:00:00Z,661700.0,,71425b9c-5278-46c4-9b40-1f8d0e051aa5,OrderRole.Standalone,OrderType.Market,_default,,PositionEffect.Close,,661700.0,False,,OrderSide.Sell,OrderStatus.Filled,300347.SZ,,TimeInForce.GTC,,,,1375632000000000000,2013-08-04T16:00:00Z
14.19418,119781.136475,1375372800000000000,2013-08-01T16:00:00Z,3375500.0,,6dec5848-8d40-4bde-95ba-161b662e261f,OrderRole.Standalone,OrderType.Market,_default,,PositionEffect.Open,,3375500.0,False,,OrderSide.Buy,OrderStatus.Filled,302132.SZ,,TimeInForce.GTC,,,,1375632000000000000,2013-08-04T16:00:00Z
6.08608,120314.194,1375372800000000000,2013-08-01T16:00:00Z,7907500.0,,5584130c-fed0-4191-bbf7-523d08a00447,OrderRole.Standalone,OrderType.Market,_default,,PositionEffect.Open,,7907500.0,False,,OrderSide.Buy,OrderStatus.Filled,601901.SH,,TimeInForce.GTC,,,,1375632000000000000,2013-08-04T16:00:00Z
12.1121,120709.1886,1375372800000000000,2013-08-01T16:00:00Z,3986400.0,,b7c8aa8e-b749-4080-8085-bbb5e0c86d7d,OrderRole.Standalone,OrderType.Market,_default,,PositionEffect.Open,,3986400.0,False,,OrderSide.Buy,OrderStatus.Filled,000800.SZ,,TimeInForce.GTC,,,,1375632000000000000,2013-08-04T16:00:00Z
5.12512,120946.4256,1375372800000000000,2013-08-01T16:00:00Z,9439500.0,,29c9c175-cf6e-45a9-ab6f-90d895e4d621,OrderRole.Standalone,OrderType.Market,_default,,PositionEffect.Open,,9439500.0,False,,OrderSide.Buy,OrderStatus.Filled,002074.SZ,,TimeInForce.GTC,,,,1375632000000000000,2013-08-04T16:00:00Z
9.4094,119565.2458,1375372800000000000,2013-08-01T16:00:00Z,5082800.0,,30db7d4d-7b06-4a0c-8b15-39e0e27426b9,OrderRole.Standalone,OrderType.Market,_default,,PositionEffect.Open,,5082800.0,False,,OrderSide.Buy,OrderStatus.Filled,300308.SZ,,TimeInForce.GTC,,,,1375632000000000000,2013-08-04T16:00:00Z
13.91607,138687.55362,1377792000000000000,2013-08-29T16:00:00Z,3986400.0,,7662d0dd-9ac8-408a-8562-34b147f88c88,OrderRole.Standalone,OrderType.Market,_default,,PositionEffect.Close,,3986400.0,False,,OrderSide.Sell,OrderStatus.Filled,000800.SZ,,TimeInForce.GTC,,,,1378051200000000000,2013-09-01T16:00:00Z
5.21478,123062.289525,1377792000000000000,2013-08-29T16:00:00Z,9439500.0,,c16a5cc4-2d4b-41a3-9d26-872d0275931e,OrderRole.Standalone,OrderType.Market,_default,,PositionEffect.Close,,9439500.0,False,,OrderSide.Sell,OrderStatus.Filled,002074.SZ,,TimeInForce.GTC,,,,1378051200000000000,2013-09-01T16:00:00Z
9.14085,116152.78095,1377792000000000000,2013-08-29T16:00:00Z,5082800.0,,36e063be-ab2a-4b45-b153-5733d10d7eff,OrderRole.Standalone,OrderType.Market,_default,,PositionEffect.Close,,5082800.0,False,,OrderSide.Sell,OrderStatus.Filled,300308.SZ,,TimeInForce.GTC,,,,1378051200000000000,2013-09-01T16:00:00Z
13.97601,117940.0543875,1377792000000000000,2013-08-29T16:00:00Z,3375500.0,,ad00ba99-be23-4b4c-8610-49cbd780f48f,OrderRole.Standalone,OrderType.Market,_default,,PositionEffect.Close,,3375500.0,False,,OrderSide.Sell,OrderStatus.Filled,302132.SZ,,TimeInForce.GTC,,,,1378051200000000000,2013-09-01T16:00:00Z
,0.0,1377792000000000000,2013-08-29T16:00:00Z,0.0,,e7a4a249-bdb1-475a-a4b3-9fe4e0c063cf,OrderRole.Standalone,OrderType.Market,_default,,PositionEffect.Close,,7907500.0,False,"Symbol 601901.SH not tradable (zero volume, suspension) at execution timestamp 1378051200000000000",OrderSide.Sell,OrderStatus.Rejected,601901.SH,,TimeInForce.GTC,,,,1378051200000000000,2013-09-01T16:00:00Z
46.046,99850.751,1377792000000000000,2013-08-29T16:00:00Z,867400.0,,50e342a0-159a-492e-b73f-06d348e0f188,OrderRole.Standalone,OrderType.Market,_default,,PositionEffect.Open,,867400.0,False,,OrderSide.Buy,OrderStatus.Filled,002230.SZ,,TimeInForce.GTC,,,,1378051200000000000,2013-09-01T16:00:00Z
35.035,101286.185,1377792000000000000,2013-08-29T16:00:00Z,1156400.0,,530981f6-833e-4bc7-b5f2-b959e9926dc0,OrderRole.Standalone,OrderType.Market,_default,,PositionEffect.Open,,1156400.0,False,,OrderSide.Buy,OrderStatus.Filled,300014.SZ,,TimeInForce.GTC,,,,1378051200000000000,2013-09-01T16:00:00Z
15.1151,100284.909725,1377792000000000000,2013-08-29T16:00:00Z,2653900.0,,bf147d4c-84a7-4fe9-a113-522d87b78785,OrderRole.Standalone,OrderType.Market,_default,,PositionEffect.Open,,2653900.0,False,,OrderSide.Buy,OrderStatus.Filled,300059.SZ,,TimeInForce.GTC,,,,1378051200000000000,2013-09-01T16:00:00Z
3.35335,102465.8009375,1377792000000000000,2013-08-29T16:00:00Z,12222500.0,,2b6825ce-5e82-4278-9fe9-3a302ff86674,OrderRole.Standalone,OrderType.Market,_default,,PositionEffect.Open,,12222500.0,False,,OrderSide.Buy,OrderStatus.Filled,601600.SH,,TimeInForce.GTC,,,,1378051200000000000,2013-09-01T16:00:00Z
1.75175,101548.5095625,1377792000000000000,2013-08-29T16:00:00Z,23187900.0,,0015ad2e-6fb1-4e15-b36d-37000d3632a5,OrderRole.Standalone,OrderType.Market,_default,,PositionEffect.Open,,23187900.0,False,,OrderSide.Buy,OrderStatus.Filled,601618.SH,,TimeInForce.GTC,,,,1378051200000000000,2013-09-01T16:00:00Z
,0.0,1377792000000000000,2013-08-29T16:00:00Z,0.0,,7b3c3365-341a-4375-8a41-b975b04da44c,OrderRole.Standalone,OrderType.Market,_default,,PositionEffect.Open,,12641400.0,False,"Risk: Insufficient margin at execution. Required: 40847878.34127000000000000000, Available: 20347042.85660500576921852512",OrderSide.Buy,OrderStatus.Rejected,601668.SH,,TimeInForce.GTC,,,,1378051200000000000,2013-09-01T16:00:00Z
51.60834,111912.68529,1381161600000000000,2013-10-07T16:00:00Z,867400.0,,2fdd1137-44bf-444b-aeaa-fcc9efa7f2c5,OrderRole.Standalone,OrderType.Market,_default,,PositionEffect.Close,,867400.0,False,,OrderSide.Sell,OrderStatus.Filled,002230.SZ,,TimeInForce.GTC,,,,1381248000000000000,2013-10-08T16:00:00Z
36.79317,19132.4484,1381161600000000000,2013-10-07T16:00:00Z,208000.0,,579ecd3a-0f57-4115-9399-cf9746288e45,OrderRole.Standalone,OrderType.Market,_default,,PositionEffect.Close,,208000.0,False,,OrderSide.Sell,OrderStatus.Filled,300014.SZ,,TimeInForce.GTC,,,,1381248000000000000,2013-10-08T16:00:00Z
22.2777,62338.574025,1381161600000000000,2013-10-07T16:00:00Z,1119300.0,,aba3918c-a2b8-4c10-aa68-c1a736ac22ac,OrderRole.Standalone,OrderType.Market,_default,,PositionEffect.Close,,1119300.0,False,,OrderSide.Sell,OrderStatus.Filled,300059.SZ,,TimeInForce.GTC,,,,1381248000000000000,2013-10-08T16:00:00Z
4.26573,130344.7123125,1381161600000000000,2013-10-07T16:00:00Z,12222500.0,,bf7a580a-6a05-4494-8d2b-e6e334d97562,OrderRole.Standalone,OrderType.Market,_default,,PositionEffect.Close,,12222500.0,False,,OrderSide.Sell,OrderStatus.Filled,601600.SH,,TimeInForce.GTC,,,,1381248000000000000,2013-10-08T16:00:00Z
1.82817,105978.5578575,1381161600000000000,2013-10-07T16:00:00Z,23187900.0,,6f7f34b2-eb06-416f-8e57-bc3d440ba3e8,OrderRole.Standalone,OrderType.Market,_default,,PositionEffect.Close,,23187900.0,False,,OrderSide.Sell,OrderStatus.Filled,601618.SH,,TimeInForce.GTC,,,,1381248000000000000,2013-10-08T16:00:00Z
,0.0,1381161600000000000,2013-10-07T16:00:00Z,0.0,,17d8b85c-270c-45f0-842b-fe5ef75b0b2d,OrderRole.Standalone,OrderType.Market,_default,,PositionEffect.Close,,7907500.0,False,"Symbol 601901.SH not tradable (zero volume, suspension) at execution timestamp 1381248000000000000",OrderSide.Sell,OrderStatus.Rejected,601901.SH,,TimeInForce.GTC,,,,1381248000000000000,2013-10-08T16:00:00Z
30.69066,90575.810325,1381161600000000000,2013-10-07T16:00:00Z,1180500.0,,44426f8f-2213-4150-834f-c6c77991d716,OrderRole.Standalone,OrderType.Market,_default,,PositionEffect.Open,,1180500.0,False,,OrderSide.Buy,OrderStatus.Filled,000938.SZ,,TimeInForce.GTC,,,,1381248000000000000,2013-10-08T16:00:00Z
53.59354,87424.462125,1381161600000000000,2013-10-07T16:00:00Z,652500.0,,a351cfc6-e7e4-4d57-95fc-2b979be28a83,OrderRole.Standalone,OrderType.Market,_default,,PositionEffect.Open,,652500.0,False,,OrderSide.Buy,OrderStatus.Filled,000977.SZ,,TimeInForce.GTC,,,,1381248000000000000,2013-10-08T16:00:00Z
61.061,85683.84825,1381161600000000000,2013-10-07T16:00:00Z,561300.0,,620d3c02-f851-454e-a24c-b0bdb567ae2e,OrderRole.Standalone,OrderType.Market,_default,,PositionEffect.Open,,561300.0,False,,OrderSide.Buy,OrderStatus.Filled,300251.SZ,,TimeInForce.GTC,,,,1381248000000000000,2013-10-08T16:00:00Z
29.9299,86804.192475,1381161600000000000,2013-10-07T16:00:00Z,1160100.0,,0130c262-847d-486f-96af-b8dc3d2e9223,OrderRole.Standalone,OrderType.Market,_default,,PositionEffect.Open,,1160100.0,False,,OrderSide.Buy,OrderStatus.Filled,300274.SZ,,TimeInForce.GTC,,,,1381248000000000000,2013-10-08T16:00:00Z
18.5185,87314.7275,1381161600000000000,2013-10-07T16:00:00Z,1886000.0,,65b08d02-b4e9-4e74-9e83-e068aaa9ec15,OrderRole.Standalone,OrderType.Market,_default,,PositionEffect.Open,,1886000.0,False,,OrderSide.Buy,OrderStatus.Filled,601012.SH,,TimeInForce.GTC,,,,1381248000000000000,2013-10-08T16:00:00Z
,0.0,1381161600000000000,2013-10-07T16:00:00Z,0.0,,bf5b1acc-7f20-4b05-88e2-c88080f88c12,OrderRole.Standalone,OrderType.Market,_default,,PositionEffect.Open,,664900.0,False,"Risk: Insufficient margin at execution. Required: 34962789.76190000000000000000, Available: 16371217.72204500453656898712",OrderSide.Buy,OrderStatus.Rejected,601633.SH,,TimeInForce.GTC,,,,1381248000000000000,2013-10-08T16:00:00Z
39.5604,93797.7084,1381248000000000000,2013-10-08T16:00:00Z,948400.0,,87d89820-0a90-4e1e-a7a1-c53acc7790b3,OrderRole.Standalone,OrderType.Market,_default,,PositionEffect.Close,,948400.0,False,,OrderSide.Sell,OrderStatus.Filled,300014.SZ,,TimeInForce.GTC,,,,1381334400000000000,2013-10-09T16:00:00Z
25.0749,96199.85385,1381248000000000000,2013-10-08T16:00:00Z,1534600.0,,81014ae3-802b-4be9-9fe9-c3612089cc65,OrderRole.Standalone,OrderType.Market,_default,,PositionEffect.Close,,1534600.0,False,,OrderSide.Sell,OrderStatus.Filled,300059.SZ,,TimeInForce.GTC,,,,1381334400000000000,2013-10-09T16:00:00Z
24.975,73707.46875,1383580800000000000,2013-11-04T16:00:00Z,1180500.0,,e84043ab-3e5d-459f-803a-96402a2faee4,OrderRole.Standalone,OrderType.Market,_default,,PositionEffect.Close,,1180500.0,False,,OrderSide.Sell,OrderStatus.Filled,000938.SZ,,TimeInForce.GTC,,,,1383667200000000000,2013-11-05T16:00:00Z
45.31464,73919.5065,1383580800000000000,2013-11-04T16:00:00Z,652500.0,,99bfd47c-42c9-4449-9d94-4a3bc35014fd,OrderRole.Standalone,OrderType.Market,_default,,PositionEffect.Close,,652500.0,False,,OrderSide.Sell,OrderStatus.Filled,000977.SZ,,TimeInForce.GTC,,,,1383667200000000000,2013-11-05T16:00:00Z
39.41055,55302.8542875,1383580800000000000,2013-11-04T16:00:00Z,561300.0,,9cce814c-e512-4710-ae9e-d827f7252055,OrderRole.Standalone,OrderType.Market,_default,,PositionEffect.Close,,561300.0,False,,OrderSide.Sell,OrderStatus.Filled,300251.SZ,,TimeInForce.GTC,,,,1383667200000000000,2013-11-05T16:00:00Z
31.81815,92280.5895375,1383580800000000000,2013-11-04T16:00:00Z,1160100.0,,deb68bd9-848e-4d1e-8e2e-ad12a0c6ec9f,OrderRole.Standalone,OrderType.Market,_default,,PositionEffect.Close,,1160100.0,False,,OrderSide.Sell,OrderStatus.Filled,300274.SZ,,TimeInForce.GTC,,,,1383667200000000000,2013-11-05T16:00:00Z
16.7832,79132.788,1383580800000000000,2013-11-04T16:00:00Z,1886000.0,,d2144530-aa0d-4cc2-91b5-242d8e5ac573,OrderRole.Standalone,OrderType.Market,_default,,PositionEffect.Close,,1886000.0,False,,OrderSide.Sell,OrderStatus.Filled,601012.SH,,TimeInForce.GTC,,,,1383667200000000000,2013-11-05T16:00:00Z
,0.0,1383580800000000000,2013-11-04T16:00:00Z,0.0,,cea03f94-04a9-4e4b-b103-35eb413676dc,OrderRole.Standalone,OrderType.Market,_default,,PositionEffect.Close,,7907500.0,False,"Symbol 601901.SH not tradable (zero volume, suspension) at execution timestamp 1383667200000000000",OrderSide.Sell,OrderStatus.Rejected,601901.SH,,TimeInForce.GTC,,,,1383667200000000000,2013-11-05T16:00:00Z
7.92792,129782.03238,1383580800000000000,2013-11-04T16:00:00Z,6548100.0,,417caed4-0ca6-48e4-8e14-6e65ed55f3b3,OrderRole.Standalone,OrderType.Market,_default,,PositionEffect.Open,,6548100.0,False,,OrderSide.Buy,OrderStatus.Filled,000617.SZ,,TimeInForce.GTC,,,,1383667200000000000,2013-11-05T16:00:00Z
24.81479,130116.351365,1383580800000000000,2013-11-04T16:00:00Z,2097400.0,,a739de9c-334a-4dc8-b235-9b167e29b588,OrderRole.Standalone,OrderType.Market,_default,,PositionEffect.Open,,2097400.0,False,,OrderSide.Buy,OrderStatus.Filled,002558.SZ,,TimeInForce.GTC,,,,1383667200000000000,2013-11-05T16:00:00Z
5.44544,130273.98384,1383580800000000000,2013-11-04T16:00:00Z,9569400.0,,10566776-19cd-40cb-b579-b15539eefe9c,OrderRole.Standalone,OrderType.Market,_default,,PositionEffect.Open,,9569400.0,False,,OrderSide.Buy,OrderStatus.Filled,600061.SH,,TimeInForce.GTC,,,,1383667200000000000,2013-11-05T16:00:00Z
10.52051,129778.3812325,1383580800000000000,2013-11-04T16:00:00Z,4934300.0,,fbd6dbc3-5318-4fd5-a408-11e1e6a19b22,OrderRole.Standalone,OrderType.Market,_default,,PositionEffect.Open,,4934300.0,False,,OrderSide.Buy,OrderStatus.Filled,600999.SH,,TimeInForce.GTC,,,,1383667200000000000,2013-11-05T16:00:00Z
,0.0,1383580800000000000,2013-11-04T16:00:00Z,0.0,,ada62240-489c-45e3-ab67-c98f80b7713c,OrderRole.Standalone,OrderType.Market,_default,,PositionEffect.Open,,5777700.0,False,"Risk: Insufficient margin at execution. Required: 52065468.82036500000000000000, Available: 33042934.40690250453656898712",OrderSide.Buy,OrderStatus.Rejected,601788.SH,,TimeInForce.GTC,,,,1383667200000000000,2013-11-05T16:00:00Z
7.15284,117093.77901,1386000000000000000,2013-12-02T16:00:00Z,6548100.0,,3acda059-bdf2-4566-8042-fee0dd61d25f,OrderRole.Standalone,OrderType.Market,_default,,PositionEffect.Close,,6548100.0,False,,OrderSide.Sell,OrderStatus.Filled,000617.SZ,,TimeInForce.GTC,,,,1386086400000000000,2013-12-03T16:00:00Z
26.1738,137242.3203,1386000000000000000,2013-12-02T16:00:00Z,2097400.0,,5b458b3a-92b6-43ef-9579-8d3aa4934c4e,OrderRole.Standalone,OrderType.Market,_default,,PositionEffect.Close,,2097400.0,False,,OrderSide.Sell,OrderStatus.Filled,002558.SZ,,TimeInForce.GTC,,,,1386086400000000000,2013-12-03T16:00:00Z
5.52447,132164.658045,1386000000000000000,2013-12-02T16:00:00Z,9569400.0,,4bab46be-ab24-4281-a43c-edc40c26b679,OrderRole.Standalone,OrderType.Market,_default,,PositionEffect.Close,,9569400.0,False,,OrderSide.Sell,OrderStatus.Filled,600061.SH,,TimeInForce.GTC,,,,1386086400000000000,2013-12-03T16:00:00Z
12.1878,150345.65385,1386000000000000000,2013-12-02T16:00:00Z,4934300.0,,dfbde9c2-b55b-4af0-ab87-f6244578d86f,OrderRole.Standalone,OrderType.Market,_default,,PositionEffect.Close,,4934300.0,False,,OrderSide.Sell,OrderStatus.Filled,600999.SH,,TimeInForce.GTC,,,,1386086400000000000,2013-12-03T16:00:00Z
,0.0,1386000000000000000,2013-12-02T16:00:00Z,0.0,,1993e55c-e876-471e-9acd-e6dbc9b8cb2b,OrderRole.Standalone,OrderType.Market,_default,,PositionEffect.Close,,7907500.0,False,"Symbol 601901.SH not tradable (zero volume, suspension) at execution timestamp 1386086400000000000",OrderSide.Sell,OrderStatus.Rejected,601901.SH,,TimeInForce.GTC,,,,1386086400000000000,2013-12-03T16:00:00Z
32.3323,131632.876375,1386000000000000000,2013-12-02T16:00:00Z,1628500.0,,71be6107-3300-4277-9e2d-354db441b648,OrderRole.Standalone,OrderType.Market,_default,,PositionEffect.Open,,1628500.0,False,,OrderSide.Buy,OrderStatus.Filled,002252.SZ,,TimeInForce.GTC,,,,1386086400000000000,2013-12-03T16:00:00Z
28.6286,132557.57515,1386000000000000000,2013-12-02T16:00:00Z,1852100.0,,b9b2c788-e356-4159-a868-b80a03bae772,OrderRole.Standalone,OrderType.Market,_default,,PositionEffect.Open,,1852100.0,False,,OrderSide.Buy,OrderStatus.Filled,002410.SZ,,TimeInForce.GTC,,,,1386086400000000000,2013-12-03T16:00:00Z
27.00698,127851.04332,1386000000000000000,2013-12-02T16:00:00Z,1893600.0,,44268318-5ce4-4470-bac3-2358e3dbe751,OrderRole.Standalone,OrderType.Market,_default,,PositionEffect.Open,,1893600.0,False,,OrderSide.Buy,OrderStatus.Filled,300223.SZ,,TimeInForce.GTC,,,,1386086400000000000,2013-12-03T16:00:00Z
36.64661,130764.2661325,1386000000000000000,2013-12-02T16:00:00Z,1427300.0,,37320c5f-90c5-4f51-9e5a-3518d05fdec0,OrderRole.Standalone,OrderType.Market,_default,,PositionEffect.Open,,1427300.0,False,,OrderSide.Buy,OrderStatus.Filled,300251.SZ,,TimeInForce.GTC,,,,1386086400000000000,2013-12-03T16:00:00Z
,0.0,1386000000000000000,2013-12-02T16:00:00Z,0.0,,c998df2f-3fd8-4dad-9f3d-f1c4e38ed307,OrderRole.Standalone,OrderType.Market,_default,,PositionEffect.Open,,2645800.0,False,"Risk: Insufficient margin at execution. Required: 53127888.95914500000000000000, Available: 37599542.32572000453656898712",OrderSide.Buy,OrderStatus.Rejected,600309.SH,,TimeInForce.GTC,,,,1386086400000000000,2013-12-03T16:00:00Z
46.46349,113022.439425,1388419200000000000,2013-12-30T16:00:00Z,973000.0,,89e74cd1-2045-4af6-922b-5cf444c68f0c,OrderRole.Standalone,OrderType.Market,_default,,PositionEffect.Close,,973000.0,False,,OrderSide.Sell,OrderStatus.Filled,002252.SZ,,TimeInForce.GTC,,,,1388592000000000000,2014-01-01T16:00:00Z
31.0689,67085.522325,1388419200000000000,2013-12-30T16:00:00Z,863700.0,,5fb71ded-eb71-430f-965a-620bb93858ca,OrderRole.Standalone,OrderType.Market,_default,,PositionEffect.Close,,863700.0,False,,OrderSide.Sell,OrderStatus.Filled,002410.SZ,,TimeInForce.GTC,,,,1388592000000000000,2014-01-01T16:00:00Z
38.5614,105407.5869,1388419200000000000,2013-12-30T16:00:00Z,1093400.0,,6b886b94-8bd5-4a7c-95f9-c63c75565544,OrderRole.Standalone,OrderType.Market,_default,,PositionEffect.Close,,1093400.0,False,,OrderSide.Sell,OrderStatus.Filled,300223.SZ,,TimeInForce.GTC,,,,1388592000000000000,2014-01-01T16:00:00Z
36.63333,52770.311865,1388419200000000000,2013-12-30T16:00:00Z,576200.0,,631724e1-a177-4f7d-accd-0ab8ba0bda02,OrderRole.Standalone,OrderType.Market,_default,,PositionEffect.Close,,576200.0,False,,OrderSide.Sell,OrderStatus.Filled,300251.SZ,,TimeInForce.GTC,,,,1388592000000000000,2014-01-01T16:00:00Z
,0.0,1388419200000000000,2013-12-30T16:00:00Z,0.0,,0d469652-134f-430b-ade9-7ec514550ea1,OrderRole.Standalone,OrderType.Market,_default,,PositionEffect.Close,,7907500.0,False,"Symbol 601901.SH not tradable (zero volume, suspension) at execution timestamp 1388592000000000000",OrderSide.Sell,OrderStatus.Rejected,601901.SH,,TimeInForce.GTC,,,,1388592000000000000,2014-01-01T16:00:00Z
27.56754,77878.3005,1388419200000000000,2013-12-30T16:00:00Z,1130000.0,,c261299c-3f68-42b3-87c7-ef3c4e6e9a95,OrderRole.Standalone,OrderType.Market,_default,,PositionEffect.Open,,1130000.0,False,,OrderSide.Buy,OrderStatus.Filled,000938.SZ,,TimeInForce.GTC,,,,1388592000000000000,2014-01-01T16:00:00Z
45.99595,79147.5309625,1388419200000000000,2013-12-30T16:00:00Z,688300.0,,c8ab6c4e-a8c1-4da0-a7a8-9f131810ab8a,OrderRole.Standalone,OrderType.Market,_default,,PositionEffect.Open,,688300.0,False,,OrderSide.Buy,OrderStatus.Filled,000977.SZ,,TimeInForce.GTC,,,,1388592000000000000,2014-01-01T16:00:00Z
49.12908,77427.43008,1388419200000000000,2013-12-30T16:00:00Z,630400.0,,d329a8de-c907-4fcc-81c6-131a6000ebb3,OrderRole.Standalone,OrderType.Market,_default,,PositionEffect.Open,,630400.0,False,,OrderSide.Buy,OrderStatus.Filled,002049.SZ,,TimeInForce.GTC,,,,1388592000000000000,2014-01-01T16:00:00Z
27.27725,77590.137625,1388419200000000000,2013-12-30T16:00:00Z,1137800.0,,5462ee65-25f9-4be9-8e7d-49e2238aebe3,OrderRole.Standalone,OrderType.Market,_default,,PositionEffect.Open,,1137800.0,False,,OrderSide.Buy,OrderStatus.Filled,002555.SZ,,TimeInForce.GTC,,,,1388592000000000000,2014-01-01T16:00:00Z
15.26525,78268.7530625,1388419200000000000,2013-12-30T16:00:00Z,2050900.0,,5edcda10-9da6-41f7-b72b-93d8a9955c1c,OrderRole.Standalone,OrderType.Market,_default,,PositionEffect.Open,,2050900.0,False,,OrderSide.Buy,OrderStatus.Filled,300059.SZ,,TimeInForce.GTC,,,,1388592000000000000,2014-01-01T16:00:00Z
,0.0,1388419200000000000,2013-12-30T16:00:00Z,0.0,,6056bf6b-1480-4d32-94d4-13b826435a45,OrderRole.Standalone,OrderType.Market,_default,,PositionEffect.Open,,968300.0,False,"Risk: Insufficient margin at execution. Required: 31269031.52873500000000000000, Available: 16060427.62697500453656898712",OrderSide.Buy,OrderStatus.Rejected,300274.SZ,,TimeInForce.GTC,,,,1388592000000000000,2014-01-01T16:00:00Z
33.4665,82695.7215,1388592000000000000,2014-01-01T16:00:00Z,988400.0,,33bf1cb4-2353-4e27-b016-43343fab58a6,OrderRole.Standalone,OrderType.Market,_default,,PositionEffect.Close,,988400.0,False,,OrderSide.Sell,OrderStatus.Filled,002410.SZ,,TimeInForce.GTC,,,,1388678400000000000,2014-01-02T16:00:00Z
40.61934,81258.98967,1388592000000000000,2014-01-01T16:00:00Z,800200.0,,79de6db0-f43a-430f-95f7-3053772c2e93,OrderRole.Standalone,OrderType.Market,_default,,PositionEffect.Close,,800200.0,False,,OrderSide.Sell,OrderStatus.Filled,300223.SZ,,TimeInForce.GTC,,,,1388678400000000000,2014-01-02T16:00:00Z
37.64232,80093.44638,1388592000000000000,2014-01-01T16:00:00Z,851100.0,,990e74ea-07a5-4f4d-a3b1-3bb94f6dcb37,OrderRole.Standalone,OrderType.Market,_default,,PositionEffect.Close,,851100.0,False,,OrderSide.Sell,OrderStatus.Filled,300251.SZ,,TimeInForce.GTC,,,,1388678400000000000,2014-01-02T16:00:00Z
,0.0,1388592000000000000,2014-01-01T16:00:00Z,0.0,,690374a8-712c-4ab1-abb2-6a6d64aea599,OrderRole.Standalone,OrderType.Market,_default,,PositionEffect.Close,,655500.0,False,"Symbol 002252.SZ not tradable (zero volume, suspension) at execution timestamp 1388678400000000000",OrderSide.Sell,OrderStatus.Rejected,002252.SZ,,TimeInForce.GTC,,,,1388678400000000000,2014-01-02T16:00:00Z
31.57839,89208.95175,1390924800000000000,2014-01-28T16:00:00Z,1130000.0,,52083d08-e94a-44cc-a18f-23950269a720,OrderRole.Standalone,OrderType.Market,_default,,PositionEffect.Close,,1130000.0,False,,OrderSide.Sell,OrderStatus.Filled,000938.SZ,,TimeInForce.GTC,,,,1391011200000000000,2014-01-29T16:00:00Z
44.6553,76840.607475,1390924800000000000,2014-01-28T16:00:00Z,688300.0,,c16e0036-370e-4606-ac09-0d49dd625c1e,OrderRole.Standalone,OrderType.Market,_default,,PositionEffect.Close,,688300.0,False,,OrderSide.Sell,OrderStatus.Filled,000977.SZ,,TimeInForce.GTC,,,,1391011200000000000,2014-01-29T16:00:00Z
47.08287,74202.60312,1390924800000000000,2014-01-28T16:00:00Z,630400.0,,8d788a8c-7708-4ff3-9dd9-631592ccb479,OrderRole.Standalone,OrderType.Market,_default,,PositionEffect.Close,,630400.0,False,,OrderSide.Sell,OrderStatus.Filled,002049.SZ,,TimeInForce.GTC,,,,1391011200000000000,2014-01-29T16:00:00Z
47.32263,77549.9599125,1390924800000000000,2014-01-28T16:00:00Z,655500.0,,94d1ec73-6be9-42c2-8010-91cb1860b594,OrderRole.Standalone,OrderType.Market,_default,,PositionEffect.Close,,655500.0,False,,OrderSide.Sell,OrderStatus.Filled,002252.SZ,,TimeInForce.GTC,,,,1391011200000000000,2014-01-29T16:00:00Z
41.7582,118781.1999,1390924800000000000,2014-01-28T16:00:00Z,1137800.0,,cd8c3929-5843-47d7-ac9f-1f6ae8d673db,OrderRole.Standalone,OrderType.Market,_default,,PositionEffect.Close,,1137800.0,False,,OrderSide.Sell,OrderStatus.Filled,002555.SZ,,TimeInForce.GTC,,,,1391011200000000000,2014-01-29T16:00:00Z
18.29169,93786.0675525,1390924800000000000,2014-01-28T16:00:00Z,2050900.0,,db5f6e6e-fa9a-4793-803d-aaa6c78fcc41,OrderRole.Standalone,OrderType.Market,_default,,PositionEffect.Close,,2050900.0,False,,OrderSide.Sell,OrderStatus.Filled,300059.SZ,,TimeInForce.GTC,,,,1391011200000000000,2014-01-29T16:00:00Z
5.78421,114346.6014375,1390924800000000000,2014-01-28T16:00:00Z,7907500.0,,2a921e7e-7106-45a6-be0e-9a7409404f3b,OrderRole.Standalone,OrderType.Market,_default,,PositionEffect.Close,,7907500.0,False,,OrderSide.Sell,OrderStatus.Filled,601901.SH,,TimeInForce.GTC,,,,1391011200000000000,2014-01-29T16:00:00Z
8.28828,138571.75332,1390924800000000000,2014-01-28T16:00:00Z,6687600.0,,3dc2613c-29f3-4e93-a7df-2025e2aeec67,OrderRole.Standalone,OrderType.Market,_default,,PositionEffect.Open,,6687600.0,False,,OrderSide.Buy,OrderStatus.Filled,002027.SZ,,TimeInForce.GTC,,,,1391011200000000000,2014-01-29T16:00:00Z
44.3443,140072.557625,1390924800000000000,2014-01-28T16:00:00Z,1263500.0,,f7de27c5-354a-439f-9ed1-afd5888a2f00,OrderRole.Standalone,OrderType.Market,_default,,PositionEffect.Open,,1263500.0,False,,OrderSide.Buy,OrderStatus.Filled,002410.SZ,,TimeInForce.GTC,,,,1391011200000000000,2014-01-29T16:00:00Z
14.23422,154053.404505,1390924800000000000,2014-01-28T16:00:00Z,4329100.0,,382a74a3-4d5c-4d48-9882-3fabfb18720c,OrderRole.Standalone,OrderType.Market,_default,,PositionEffect.Open,,4329100.0,False,,OrderSide.Buy,OrderStatus.Filled,002602.SZ,,TimeInForce.GTC,,,,1391011200000000000,2014-01-29T16:00:00Z
46.52648,139416.59732,1390924800000000000,2014-01-28T16:00:00Z,1198600.0,,b5b10999-f794-43df-9eb2-205b3dff2468,OrderRole.Standalone,OrderType.Market,_default,,PositionEffect.Open,,1198600.0,False,,OrderSide.Buy,OrderStatus.Filled,300142.SZ,,TimeInForce.GTC,,,,1391011200000000000,2014-01-29T16:00:00Z
20.5205,140970.704875,1390924800000000000,2014-01-28T16:00:00Z,2747900.0,,f8804bc9-145a-4a16-b2a4-dc328dbb9422,OrderRole.Standalone,OrderType.Market,_default,,PositionEffect.Open,,2747900.0,False,,OrderSide.Buy,OrderStatus.Filled,600588.SH,,TimeInForce.GTC,,,,1391011200000000000,2014-01-29T16:00:00Z
17.3173,138477.78945,1390924800000000000,2014-01-28T16:00:00Z,3198600.0,,8cd78abf-fac8-4884-8303-46de89b29d92,OrderRole.Standalone,OrderType.Market,_default,,PositionEffect.Open,,3198600.0,False,,OrderSide.Buy,OrderStatus.Filled,601799.SH,,TimeInForce.GTC,,,,1391011200000000000,2014-01-29T16:00:00Z
7.38261,123429.85659,1393948800000000000,2014-03-04T16:00:00Z,6687600.0,,34c0fa5c-5ddf-4165-b2d8-d2c0343a79d2,OrderRole.Standalone,OrderType.Market,_default,,PositionEffect.Close,,6687600.0,False,,OrderSide.Sell,OrderStatus.Filled,002027.SZ,,TimeInForce.GTC,,,,1394035200000000000,2014-03-05T16:00:00Z
37.97199,119944.0234125,1393948800000000000,2014-03-04T16:00:00Z,1263500.0,,101cb8c5-7bff-4238-8b68-ee1b5b39bd68,OrderRole.Standalone,OrderType.Market,_default,,PositionEffect.Close,,1263500.0,False,,OrderSide.Sell,OrderStatus.Filled,002410.SZ,,TimeInForce.GTC,,,,1394035200000000000,2014-03-05T16:00:00Z
24.11586,260999.923815,1393948800000000000,2014-03-04T16:00:00Z,4329100.0,,9702ce10-95ec-4751-bbfa-c29a54d45b7b,OrderRole.Standalone,OrderType.Market,_default,,PositionEffect.Close,,4329100.0,False,,OrderSide.Sell,OrderStatus.Filled,002602.SZ,,TimeInForce.GTC,,,,1394035200000000000,2014-03-05T16:00:00Z
52.09785,156111.207525,1393948800000000000,2014-03-04T16:00:00Z,1198600.0,,4d5dc5be-be4c-4c8b-b513-410d84057731,OrderRole.Standalone,OrderType.Market,_default,,PositionEffect.Close,,1198600.0,False,,OrderSide.Sell,OrderStatus.Filled,300142.SZ,,TimeInForce.GTC,,,,1394035200000000000,2014-03-05T16:00:00Z
21.52845,147895.0693875,1393948800000000000,2014-03-04T16:00:00Z,2747900.0,,1ca31f97-b9e2-4c79-bf41-d2b113015fae,OrderRole.Standalone,OrderType.Market,_default,,PositionEffect.Close,,2747900.0,False,,OrderSide.Sell,OrderStatus.Filled,600588.SH,,TimeInForce.GTC,,,,1394035200000000000,2014-03-05T16:00:00Z
20.25972,162006.85098,1393948800000000000,2014-03-04T16:00:00Z,3198600.0,,b848f854-a9de-40ea-8e93-c3aadf1197e4,OrderRole.Standalone,OrderType.Market,_default,,PositionEffect.Close,,3198600.0,False,,OrderSide.Sell,OrderStatus.Filled,601799.SH,,TimeInForce.GTC,,,,1394035200000000000,2014-03-05T16:00:00Z
27.35733,188683.50501,1393948800000000000,2014-03-04T16:00:00Z,2758800.0,,c8c10ac9-dc3e-4103-be9c-bc241b678e69,OrderRole.Standalone,OrderType.Market,_default,,PositionEffect.Open,,2758800.0,False,,OrderSide.Buy,OrderStatus.Filled,000651.SZ,,TimeInForce.GTC,,,,1394035200000000000,2014-03-05T16:00:00Z
26.2262,189680.9915,1393948800000000000,2014-03-04T16:00:00Z,2893000.0,,a44375b6-a099-4154-b85f-1eefc8f75318,OrderRole.Standalone,OrderType.Market,_default,,PositionEffect.Open,,2893000.0,False,,OrderSide.Buy,OrderStatus.Filled,002241.SZ,,TimeInForce.GTC,,,,1394035200000000000,2014-03-05T16:00:00Z
2.52252,188282.78469,1393948800000000000,2014-03-04T16:00:00Z,29856300.0,,da14ba4d-22bf-4519-a141-7884027c6b99,OrderRole.Standalone,OrderType.Market,_default,,PositionEffect.Open,,29856300.0,False,,OrderSide.Buy,OrderStatus.Filled,600115.SH,,TimeInForce.GTC,,,,1394035200000000000,2014-03-05T16:00:00Z
2.38238,189029.9411,1393948800000000000,2014-03-04T16:00:00Z,31738000.0,,2a44a5f8-5e1e-415a-acf7-a7799ec37501,OrderRole.Standalone,OrderType.Market,_default,,PositionEffect.Open,,31738000.0,False,,OrderSide.Buy,OrderStatus.Filled,601390.SH,,TimeInForce.GTC,,,,1394035200000000000,2014-03-05T16:00:00Z
1.62162,187870.35267,1393948800000000000,2014-03-04T16:00:00Z,46341400.0,,6823c529-7167-4202-8801-7626958dc607,OrderRole.Standalone,OrderType.Market,_default,,PositionEffect.Open,,46341400.0,False,,OrderSide.Buy,OrderStatus.Filled,601618.SH,,TimeInForce.GTC,,,,1394035200000000000,2014-03-05T16:00:00Z
28.45152,196230.13344,1396368000000000000,2014-04-01T16:00:00Z,2758800.0,,3b5f3da5-aded-42fa-940e-49a769876522,OrderRole.Standalone,OrderType.Market,_default,,PositionEffect.Close,,2758800.0,False,,OrderSide.Sell,OrderStatus.Filled,000651.SZ,,TimeInForce.GTC,,,,1396454400000000000,2014-04-02T16:00:00Z
27.86211,201512.710575,1396368000000000000,2014-04-01T16:00:00Z,2893000.0,,880709bb-d38d-4382-88a6-81dca9cbe07e,OrderRole.Standalone,OrderType.Market,_default,,PositionEffect.Close,,2893000.0,False,,OrderSide.Sell,OrderStatus.Filled,002241.SZ,,TimeInForce.GTC,,,,1396454400000000000,2014-04-02T16:00:00Z
2.48751,185669.6120325,1396368000000000000,2014-04-01T16:00:00Z,29856300.0,,e45a183f-b8d0-4d86-9331-96d5b869a346,OrderRole.Standalone,OrderType.Market,_default,,PositionEffect.Close,,29856300.0,False,,OrderSide.Sell,OrderStatus.Filled,600115.SH,,TimeInForce.GTC,,,,1396454400000000000,2014-04-02T16:00:00Z
2.61738,207676.0161,1396368000000000000,2014-04-01T16:00:00Z,31738000.0,,976a0fde-a5c7-42b7-adf6-953de6602963,OrderRole.Standalone,OrderType.Market,_default,,PositionEffect.Close,,31738000.0,False,,OrderSide.Sell,OrderStatus.Filled,601390.SH,,TimeInForce.GTC,,,,1396454400000000000,2014-04-02T16:00:00Z
1.70829,197911.375515,1396368000000000000,2014-04-01T16:00:00Z,46341400.0,,e96ef153-158e-4458-a4ae-6fa4a0258525,OrderRole.Standalone,OrderType.Market,_default,,PositionEffect.Close,,46341400.0,False,,OrderSide.Sell,OrderStatus.Filled,601618.SH,,TimeInForce.GTC,,,,1396454400000000000,2014-04-02T16:00:00Z
10.97096,97537.31988,1396368000000000000,2014-04-01T16:00:00Z,3556200.0,,e1708186-fc8e-49d1-be1e-20cd5aad9ca9,OrderRole.Standalone,OrderType.Market,_default,,PositionEffect.Open,,3556200.0,False,,OrderSide.Buy,OrderStatus.Filled,000001.SZ,,TimeInForce.GTC,,,,1396454400000000000,2014-04-02T16:00:00Z
8.3083,97209.187075,1396368000000000000,2014-04-01T16:00:00Z,4680100.0,,230d8416-717c-4389-9131-655b26d09c06,OrderRole.Standalone,OrderType.Market,_default,,PositionEffect.Open,,4680100.0,False,,OrderSide.Buy,OrderStatus.Filled,000002.SZ,,TimeInForce.GTC,,,,1396454400000000000,2014-04-02T16:00:00Z
9.66966,97192.170075,1396368000000000000,2014-04-01T16:00:00Z,4020500.0,,89d22070-7677-4d9a-bbc0-2537b06fcd40,OrderRole.Standalone,OrderType.Market,_default,,PositionEffect.Open,,4020500.0,False,,OrderSide.Buy,OrderStatus.Filled,000625.SZ,,TimeInForce.GTC,,,,1396454400000000000,2014-04-02T16:00:00Z
90.5905,97090.368375,1396368000000000000,2014-04-01T16:00:00Z,428700.0,,9ff4e06f-3d06-4fec-bd84-92bef44a48e1,OrderRole.Standalone,OrderType.Market,_default,,PositionEffect.Open,,428700.0,False,,OrderSide.Buy,OrderStatus.Filled,000661.SZ,,TimeInForce.GTC,,,,1396454400000000000,2014-04-02T16:00:00Z
59.1591,97094.872875,1396368000000000000,2014-04-01T16:00:00Z,656500.0,,de3d4d48-7120-4f47-a85d-dc4b838ae82c,OrderRole.Standalone,OrderType.Market,_default,,PositionEffect.Open,,656500.0,False,,OrderSide.Buy,OrderStatus.Filled,002353.SZ,,TimeInForce.GTC,,,,1396454400000000000,2014-04-02T16:00:00Z
9.94994,97091.51452,1396368000000000000,2014-04-01T16:00:00Z,3903200.0,,b4090ca8-3929-4978-8b71-89160f29c80e,OrderRole.Standalone,OrderType.Market,_default,,PositionEffect.Open,,3903200.0,False,,OrderSide.Buy,OrderStatus.Filled,600000.SH,,TimeInForce.GTC,,,,1396454400000000000,2014-04-02T16:00:00Z
7.81781,97341.5067625,1396368000000000000,2014-04-01T16:00:00Z,4980500.0,,2afd4b32-a988-4334-8a89-438b8dda4c73,OrderRole.Standalone,OrderType.Market,_default,,PositionEffect.Open,,4980500.0,False,,OrderSide.Buy,OrderStatus.Filled,600016.SH,,TimeInForce.GTC,,,,1396454400000000000,2014-04-02T16:00:00Z
9.55955,97705.7706625,1396368000000000000,2014-04-01T16:00:00Z,4088300.0,,30915907-5ac4-4252-bc23-f38358ce7ddb,OrderRole.Standalone,OrderType.Market,_default,,PositionEffect.Open,,4088300.0,False,,OrderSide.Buy,OrderStatus.Filled,601166.SH,,TimeInForce.GTC,,,,1396454400000000000,2014-04-02T16:00:00Z
2.44244,97092.48549,1396368000000000000,2014-04-01T16:00:00Z,15900900.0,,663a7c4c-4fe2-4aa0-91cf-ed3bfa7a5a80,OrderRole.Standalone,OrderType.Market,_default,,PositionEffect.Open,,15900900.0,False,,OrderSide.Buy,OrderStatus.Filled,601288.SH,,TimeInForce.GTC,,,,1396454400000000000,2014-04-02T16:00:00Z
38.72869,97596.2988,1396368000000000000,2014-04-01T16:00:00Z,1008000.0,,4ffd114b-1c6f-4174-88e4-9db575436dd9,OrderRole.Standalone,OrderType.Market,_default,,PositionEffect.Open,,1008000.0,False,,OrderSide.Buy,OrderStatus.Filled,601318.SH,,TimeInForce.GTC,,,,1396454400000000000,2014-04-02T16:00:00Z
10.90908,96987.17574,1399219200000000000,2014-05-04T16:00:00Z,3556200.0,,fce3d3d3-5e90-479c-af11-fe0c33d3c82b,OrderRole.Standalone,OrderType.Market,_default,,PositionEffect.Close,,3556200.0,False,,OrderSide.Sell,OrderStatus.Filled,000001.SZ,,TimeInForce.GTC,,,,1399305600000000000,2014-05-05T16:00:00Z
7.73226,90469.375065,1399219200000000000,2014-05-04T16:00:00Z,4680100.0,,21dac1fc-c7a3-4dbf-9d76-313d8f1092ed,OrderRole.Standalone,OrderType.Market,_default,,PositionEffect.Close,,4680100.0,False,,OrderSide.Sell,OrderStatus.Filled,000002.SZ,,TimeInForce.GTC,,,,1399305600000000000,2014-05-05T16:00:00Z
12.1878,122502.62475,1399219200000000000,2014-05-04T16:00:00Z,4020500.0,,ea5fda34-3d65-40d1-a081-1c7c77395c54,OrderRole.Standalone,OrderType.Market,_default,,PositionEffect.Close,,4020500.0,False,,OrderSide.Sell,OrderStatus.Filled,000625.SZ,,TimeInForce.GTC,,,,1399305600000000000,2014-05-05T16:00:00Z
90.7092,97217.5851,1399219200000000000,2014-05-04T16:00:00Z,428700.0,,1d7e5bb1-38d1-4a13-9100-ba6dfd0f2623,OrderRole.Standalone,OrderType.Market,_default,,PositionEffect.Close,,428700.0,False,,OrderSide.Sell,OrderStatus.Filled,000661.SZ,,TimeInForce.GTC,,,,1399305600000000000,2014-05-05T16:00:00Z
67.28265,110427.6493125,1399219200000000000,2014-05-04T16:00:00Z,656500.0,,0418408b-7b70-4d77-8259-93499df240c2,OrderRole.Standalone,OrderType.Market,_default,,PositionEffect.Close,,656500.0,False,,OrderSide.Sell,OrderStatus.Filled,002353.SZ,,TimeInForce.GTC,,,,1399305600000000000,2014-05-05T16:00:00Z
9.6903,94557.9474,1399219200000000000,2014-05-04T16:00:00Z,3903200.0,,f9b9cd4a-815b-4741-8f91-9add363394c9,OrderRole.Standalone,OrderType.Market,_default,,PositionEffect.Close,,3903200.0,False,,OrderSide.Sell,OrderStatus.Filled,600000.SH,,TimeInForce.GTC,,,,1399305600000000000,2014-05-05T16:00:00Z
7.71228,96027.52635,1399219200000000000,2014-05-04T16:00:00Z,4980500.0,,15661ff2-7e7f-4a6b-9162-09598298f337,OrderRole.Standalone,OrderType.Market,_default,,PositionEffect.Close,,4980500.0,False,,OrderSide.Sell,OrderStatus.Filled,600016.SH,,TimeInForce.GTC,,,,1399305600000000000,2014-05-05T16:00:00Z
9.99,102105.2925,1399219200000000000,2014-05-04T16:00:00Z,4088300.0,,ae85e35b-1f14-44fe-9978-cd34adf79364,OrderRole.Standalone,OrderType.Market,_default,,PositionEffect.Close,,4088300.0,False,,OrderSide.Sell,OrderStatus.Filled,601166.SH,,TimeInForce.GTC,,,,1399305600000000000,2014-05-05T16:00:00Z
2.38761,94912.8696225,1399219200000000000,2014-05-04T16:00:00Z,15900900.0,,b308d481-f324-43d0-9e3f-2d36de175ed5,OrderRole.Standalone,OrderType.Market,_default,,PositionEffect.Close,,15900900.0,False,,OrderSide.Sell,OrderStatus.Filled,601288.SH,,TimeInForce.GTC,,,,1399305600000000000,2014-05-05T16:00:00Z
39.01095,98307.594,1399219200000000000,2014-05-04T16:00:00Z,1008000.0,,0e3786b3-4f75-4b45-9fd3-224ff896c2f3,OrderRole.Standalone,OrderType.Market,_default,,PositionEffect.Close,,1008000.0,False,,OrderSide.Sell,OrderStatus.Filled,601318.SH,,TimeInForce.GTC,,,,1399305600000000000,2014-05-05T16:00:00Z
3.05305,99941.59175,1399219200000000000,2014-05-04T16:00:00Z,13094000.0,,38388c79-8e76-40c0-ad62-a6a3e4edc9e2,OrderRole.Standalone,OrderType.Market,_default,,PositionEffect.Open,,13094000.0,False,,OrderSide.Buy,OrderStatus.Filled,601600.SH,,TimeInForce.GTC,,,,1399305600000000000,2014-05-05T16:00:00Z
21.91189,100449.5817325,1399219200000000000,2014-05-04T16:00:00Z,1833700.0,,2c178da7-d4ee-4a0c-984e-86c824d5be1d,OrderRole.Standalone,OrderType.Market,_default,,PositionEffect.Open,,1833700.0,False,,OrderSide.Buy,OrderStatus.Filled,000938.SZ,,TimeInForce.GTC,,,,1399305600000000000,2014-05-05T16:00:00Z
7.08708,99148.2492,1399219200000000000,2014-05-04T16:00:00Z,5596000.0,,942d4a71-a3f6-4112-80a0-91738c73d363,OrderRole.Standalone,OrderType.Market,_default,,PositionEffect.Open,,5596000.0,False,,OrderSide.Buy,OrderStatus.Filled,002027.SZ,,TimeInForce.GTC,,,,1399305600000000000,2014-05-05T16:00:00Z
15.64563,100523.17275,1399219200000000000,2014-05-04T16:00:00Z,2570000.0,,0ba61968-ef35-4b7f-b8dd-03c68473aa3d,OrderRole.Standalone,OrderType.Market,_default,,PositionEffect.Open,,2570000.0,False,,OrderSide.Buy,OrderStatus.Filled,002180.SZ,,TimeInForce.GTC,,,,1399305600000000000,2014-05-05T16:00:00Z
65.18512,99619.15964,1399219200000000000,2014-05-04T16:00:00Z,611300.0,,694a4639-5de3-41a7-b73f-782b8532e2bb,OrderRole.Standalone,OrderType.Market,_default,,PositionEffect.Open,,611300.0,False,,OrderSide.Buy,OrderStatus.Filled,002252.SZ,,TimeInForce.GTC,,,,1399305600000000000,2014-05-05T16:00:00Z
36.7367,99721.77215,1399219200000000000,2014-05-04T16:00:00Z,1085800.0,,cb64e6ba-7580-4d0f-a81a-68895a10695d,OrderRole.Standalone,OrderType.Market,_default,,PositionEffect.Open,,1085800.0,False,,OrderSide.Buy,OrderStatus.Filled,002555.SZ,,TimeInForce.GTC,,,,1399305600000000000,2014-05-05T16:00:00Z
7.28728,99994.23434,1399219200000000000,2014-05-04T16:00:00Z,5488700.0,,749e3830-9034-4d93-879f-aff429094eb8,OrderRole.Standalone,OrderType.Market,_default,,PositionEffect.Open,,5488700.0,False,,OrderSide.Buy,OrderStatus.Filled,600515.SH,,TimeInForce.GTC,,,,1399305600000000000,2014-05-05T16:00:00Z
12.83282,99800.84114,1399219200000000000,2014-05-04T16:00:00Z,3110800.0,,0d045ac1-0b1e-4ac1-9d92-699e54ce1a93,OrderRole.Standalone,OrderType.Market,_default,,PositionEffect.Open,,3110800.0,False,,OrderSide.Buy,OrderStatus.Filled,600588.SH,,TimeInForce.GTC,,,,1399305600000000000,2014-05-05T16:00:00Z
6.28628,100269.30914,1399219200000000000,2014-05-04T16:00:00Z,6380200.0,,34b528e2-c1ec-466c-acdb-b35ac00b856d,OrderRole.Standalone,OrderType.Market,_default,,PositionEffect.Open,,6380200.0,False,,OrderSide.Buy,OrderStatus.Filled,600760.SH,,TimeInForce.GTC,,,,1399305600000000000,2014-05-05T16:00:00Z
26.5265,99772.798125,1399219200000000000,2014-05-04T16:00:00Z,1504500.0,,fc2620a4-ef2e-4ed2-8993-9631f1f39c38,OrderRole.Standalone,OrderType.Market,_default,,PositionEffect.Open,,1504500.0,False,,OrderSide.Buy,OrderStatus.Filled,600570.SH,,TimeInForce.GTC,,,,1399305600000000000,2014-05-05T16:00:00Z
24.46551,112156.0142175,1401724800000000000,2014-06-02T16:00:00Z,1833700.0,,12590615-28e1-498b-9746-7fb5a5e623ab,OrderRole.Standalone,OrderType.Market,_default,,PositionEffect.Close,,1833700.0,False,,OrderSide.Sell,OrderStatus.Filled,000938.SZ,,TimeInForce.GTC,,,,1401811200000000000,2014-06-03T16:00:00Z
38.69127,1034.9914725,1401724800000000000,2014-06-02T16:00:00Z,10700.0,,a69744eb-eece-4165-975e-3d56312b756f,OrderRole.Standalone,OrderType.Market,_default,,PositionEffect.Close,,10700.0,False,,OrderSide.Sell,OrderStatus.Filled,002555.SZ,,TimeInForce.GTC,,,,1401811200000000000,2014-06-03T16:00:00Z
7.23276,99246.12453,1401724800000000000,2014-06-02T16:00:00Z,5488700.0,,dd50171e-c4b9-45c6-9238-15183da8ccc1,OrderRole.Standalone,OrderType.Market,_default,,PositionEffect.Close,,5488700.0,False,,OrderSide.Sell,OrderStatus.Filled,600515.SH,,TimeInForce.GTC,,,,1401811200000000000,2014-06-03T16:00:00Z
15.22476,118402.95852,1401724800000000000,2014-06-02T16:00:00Z,3110800.0,,9a4d70d2-6a3c-40fa-b913-5ab0d6134e6e,OrderRole.Standalone,OrderType.Market,_default,,PositionEffect.Close,,3110800.0,False,,OrderSide.Sell,OrderStatus.Filled,600588.SH,,TimeInForce.GTC,,,,1401811200000000000,2014-06-03T16:00:00Z
7.54245,120305.848725,1401724800000000000,2014-06-02T16:00:00Z,6380200.0,,19f3a9d3-343c-4eef-ab25-b392cd339ede,OrderRole.Standalone,OrderType.Market,_default,,PositionEffect.Close,,6380200.0,False,,OrderSide.Sell,OrderStatus.Filled,600760.SH,,TimeInForce.GTC,,,,1401811200000000000,2014-06-03T16:00:00Z
2.997,98106.795,1401724800000000000,2014-06-02T16:00:00Z,13094000.0,,3e029eac-b831-48ae-9642-6081ac284033,OrderRole.Standalone,OrderType.Market,_default,,PositionEffect.Close,,13094000.0,False,,OrderSide.Sell,OrderStatus.Filled,601600.SH,,TimeInForce.GTC,,,,1401811200000000000,2014-06-03T16:00:00Z
,0.0,1401724800000000000,2014-06-02T16:00:00Z,0.0,,bcae40aa-00d3-4cc3-9b46-f88c92250940,OrderRole.Standalone,OrderType.Market,_default,,PositionEffect.Close,,611300.0,False,"Symbol 002252.SZ not tradable (zero volume, suspension) at execution timestamp 1401811200000000000",OrderSide.Sell,OrderStatus.Rejected,002252.SZ,,TimeInForce.GTC,,,,1401811200000000000,2014-06-03T16:00:00Z
11.23122,104922.05724,1401724800000000000,2014-06-02T16:00:00Z,3736800.0,,a9cc1b95-674e-4d58-954d-5d5016eb05f0,OrderRole.Standalone,OrderType.Market,_default,,PositionEffect.Open,,3736800.0,False,,OrderSide.Buy,OrderStatus.Filled,000733.SZ,,TimeInForce.GTC,,,,1401811200000000000,2014-06-03T16:00:00Z
54.72467,104359.94569,1401724800000000000,2014-06-02T16:00:00Z,762800.0,,0ce0ac89-82b5-4dc5-98e6-0958d4be5fa9,OrderRole.Standalone,OrderType.Market,_default,,PositionEffect.Open,,762800.0,False,,OrderSide.Buy,OrderStatus.Filled,002304.SZ,,TimeInForce.GTC,,,,1401811200000000000,2014-06-03T16:00:00Z
10.46045,103929.800975,1401724800000000000,2014-06-02T16:00:00Z,3974200.0,,4369a13f-6317-43cd-a082-2c027a6e142a,OrderRole.Standalone,OrderType.Market,_default,,PositionEffect.Open,,3974200.0,False,,OrderSide.Buy,OrderStatus.Filled,002459.SZ,,TimeInForce.GTC,,,,1401811200000000000,2014-06-03T16:00:00Z
19.29928,104920.53572,1401724800000000000,2014-06-02T16:00:00Z,2174600.0,,e1e9c318-ceb4-43e6-a9c3-2e61c60a887f,OrderRole.Standalone,OrderType.Market,_default,,PositionEffect.Open,,2174600.0,False,,OrderSide.Buy,OrderStatus.Filled,002602.SZ,,TimeInForce.GTC,,,,1401811200000000000,2014-06-03T16:00:00Z
25.93591,104236.42229,1401724800000000000,2014-06-02T16:00:00Z,1607600.0,,f20eb054-0098-4f1b-9065-59c1963b6470,OrderRole.Standalone,OrderType.Market,_default,,PositionEffect.Open,,1607600.0,False,,OrderSide.Buy,OrderStatus.Filled,300316.SZ,,TimeInForce.GTC,,,,1401811200000000000,2014-06-03T16:00:00Z
31.35132,104987.73285,1401724800000000000,2014-06-02T16:00:00Z,1339500.0,,29f6a6cd-fc28-4284-94ec-c00e7c4aa5fc,OrderRole.Standalone,OrderType.Market,_default,,PositionEffect.Open,,1339500.0,False,,OrderSide.Buy,OrderStatus.Filled,300347.SZ,,TimeInForce.GTC,,,,1401811200000000000,2014-06-03T16:00:00Z
13.55354,4316.80249,1401724800000000000,2014-06-02T16:00:00Z,127400.0,,87ffa481-ae79-4772-8530-f2dbdd2c7fb6,OrderRole.Standalone,OrderType.Market,_default,,PositionEffect.Open,,127400.0,False,,OrderSide.Buy,OrderStatus.Filled,002180.SZ,,TimeInForce.GTC,,,,1401811200000000000,2014-06-03T16:00:00Z
27.57755,3212.784575,1401724800000000000,2014-06-02T16:00:00Z,46600.0,,33fb5577-3332-407f-99eb-71ec0420353b,OrderRole.Standalone,OrderType.Market,_default,,PositionEffect.Open,,46600.0,False,,OrderSide.Buy,OrderStatus.Filled,600570.SH,,TimeInForce.GTC,,,,1401811200000000000,2014-06-03T16:00:00Z
7.33733,1421.6076875,1401724800000000000,2014-06-02T16:00:00Z,77500.0,,3f28e51d-f2a6-427f-972a-7a747a3f1f6d,OrderRole.Standalone,OrderType.Market,_default,,PositionEffect.Open,,77500.0,False,,OrderSide.Buy,OrderStatus.Filled,002027.SZ,,TimeInForce.GTC,,,,1401811200000000000,2014-06-03T16:00:00Z
7.37262,104571.398925,1401811200000000000,2014-06-03T16:00:00Z,5673500.0,,81eb9718-3329-4aa5-89fb-1e12f7a81377,OrderRole.Standalone,OrderType.Market,_default,,PositionEffect.Close,,5673500.0,False,,OrderSide.Sell,OrderStatus.Filled,002027.SZ,,TimeInForce.GTC,,,,1401897600000000000,2014-06-04T16:00:00Z
,0.0,1401811200000000000,2014-06-03T16:00:00Z,0.0,,ee348f17-a741-4e2f-b63a-e2246ab3ecbe,OrderRole.Standalone,OrderType.Market,_default,,PositionEffect.Close,,3082900.0,False,"Risk: Insufficient available position for 002180.SZ at execution. Available: 3082899.9999999997717381461358, Required: 3082900",OrderSide.Sell,OrderStatus.Rejected,002180.SZ,,TimeInForce.GTC,,,,1401897600000000000,2014-06-04T16:00:00Z
37.8621,101763.859275,1401811200000000000,2014-06-03T16:00:00Z,1075100.0,,983a0951-0175-417e-85d6-46897205c81c,OrderRole.Standalone,OrderType.Market,_default,,PositionEffect.Close,,1075100.0,False,,OrderSide.Sell,OrderStatus.Filled,002555.SZ,,TimeInForce.GTC,,,,1401897600000000000,2014-06-04T16:00:00Z
,0.0,1401811200000000000,2014-06-03T16:00:00Z,0.0,,410257d0-8d8c-49ba-9ab0-767a4ae7ddc0,OrderRole.Standalone,OrderType.Market,_default,,PositionEffect.Close,,1551140.0,False,"Risk: Insufficient available position for 600570.SH at execution. Available: 1551139.9999999999688604646051, Required: 1551140",OrderSide.Sell,OrderStatus.Rejected,600570.SH,,TimeInForce.GTC,,,,1401897600000000000,2014-06-04T16:00:00Z
12.7872,119458.0224,1404144000000000000,2014-06-30T16:00:00Z,3736800.0,,ae9f01e4-ecf1-4649-b3d0-8face275e524,OrderRole.Standalone,OrderType.Market,_default,,PositionEffect.Close,,3736800.0,False,,OrderSide.Sell,OrderStatus.Filled,000733.SZ,,TimeInForce.GTC,,,,1404230400000000000,2014-07-01T16:00:00Z
50.39955,96111.94185,1404144000000000000,2014-06-30T16:00:00Z,762800.0,,275ad4d3-d8ec-44ce-b3b1-8ce01a6c9286,OrderRole.Standalone,OrderType.Market,_default,,PositionEffect.Close,,762800.0,False,,OrderSide.Sell,OrderStatus.Filled,002304.SZ,,TimeInForce.GTC,,,,1404230400000000000,2014-07-01T16:00:00Z
11.93805,118610.495775,1404144000000000000,2014-06-30T16:00:00Z,3974200.0,,674f48a6-5937-4b4e-b8f6-41edcb29ece4,OrderRole.Standalone,OrderType.Market,_default,,PositionEffect.Close,,3974200.0,False,,OrderSide.Sell,OrderStatus.Filled,002459.SZ,,TimeInForce.GTC,,,,1404230400000000000,2014-07-01T16:00:00Z
25.4745,138492.11925,1404144000000000000,2014-06-30T16:00:00Z,2174600.0,,189d5656-7d08-4ba6-8bb1-222ed2d7aa11,OrderRole.Standalone,OrderType.Market,_default,,PositionEffect.Close,,2174600.0,False,,OrderSide.Sell,OrderStatus.Filled,002602.SZ,,TimeInForce.GTC,,,,1404230400000000000,2014-07-01T16:00:00Z
18.6813,112620.21705,1404144000000000000,2014-06-30T16:00:00Z,2411400.0,,cf5e5bea-75c1-415a-9c7d-3d4b88f00e88,OrderRole.Standalone,OrderType.Market,_default,,PositionEffect.Close,,2411400.0,False,,OrderSide.Sell,OrderStatus.Filled,300316.SZ,,TimeInForce.GTC,,,,1404230400000000000,2014-07-01T16:00:00Z
34.965,117089.04375,1404144000000000000,2014-06-30T16:00:00Z,1339500.0,,3155b57a-e94e-4e9a-b537-103b0d1cb91b,OrderRole.Standalone,OrderType.Market,_default,,PositionEffect.Close,,1339500.0,False,,OrderSide.Sell,OrderStatus.Filled,300347.SZ,,TimeInForce.GTC,,,,1404230400000000000,2014-07-01T16:00:00Z
29.6703,115054.005825,1404144000000000000,2014-06-30T16:00:00Z,1551100.0,,30d14c4b-c58f-4361-abdb-aefb926fe6b1,OrderRole.Standalone,OrderType.Market,_default,,PositionEffect.Close,,1551100.0,False,,OrderSide.Sell,OrderStatus.Filled,600570.SH,,TimeInForce.GTC,,,,1404230400000000000,2014-07-01T16:00:00Z
,0.0,1404144000000000000,2014-06-30T16:00:00Z,0.0,,387cac03-2c6b-4d16-9ad1-c649ffa2da4c,OrderRole.Standalone,OrderType.Market,_default,,PositionEffect.Close,,3082900.0,False,"Symbol 002180.SZ not tradable (zero volume, suspension) at execution timestamp 1404230400000000000",OrderSide.Sell,OrderStatus.Rejected,002180.SZ,,TimeInForce.GTC,,,,1404230400000000000,2014-07-01T16:00:00Z
,0.0,1404144000000000000,2014-06-30T16:00:00Z,0.0,,3237c084-d9f9-4a37-86d5-dcb6d86c7e90,OrderRole.Standalone,OrderType.Market,_default,,PositionEffect.Close,,611300.0,False,"Symbol 002252.SZ not tradable (zero volume, suspension) at execution timestamp 1404230400000000000",OrderSide.Sell,OrderStatus.Rejected,002252.SZ,,TimeInForce.GTC,,,,1404230400000000000,2014-07-01T16:00:00Z
26.25623,114201.472385,1404144000000000000,2014-06-30T16:00:00Z,1739800.0,,5f5dea0e-449a-42d4-a468-1306614f2ff9,OrderRole.Standalone,OrderType.Market,_default,,PositionEffect.Open,,1739800.0,False,,OrderSide.Buy,OrderStatus.Filled,002558.SZ,,TimeInForce.GTC,,,,1404230400000000000,2014-07-01T16:00:00Z
9.37937,113839.7585325,1404144000000000000,2014-06-30T16:00:00Z,4854900.0,,b066ff23-4936-4a6d-9a17-82bdaf7ced2c,OrderRole.Standalone,OrderType.Market,_default,,PositionEffect.Open,,4854900.0,False,,OrderSide.Buy,OrderStatus.Filled,600233.SH,,TimeInForce.GTC,,,,1404230400000000000,2014-07-01T16:00:00Z
21.64162,114148.72469,1404144000000000000,2014-06-30T16:00:00Z,2109800.0,,3f6c5b73-5a7e-4ba6-bb88-cf719f45798c,OrderRole.Standalone,OrderType.Market,_default,,PositionEffect.Open,,2109800.0,False,,OrderSide.Buy,OrderStatus.Filled,601877.SH,,TimeInForce.GTC,,,,1404230400000000000,2014-07-01T16:00:00Z
4.04404,114203.6896,1404144000000000000,2014-06-30T16:00:00Z,11296000.0,,476a7fde-3edb-49b9-abaf-b3448ee10dce,OrderRole.Standalone,OrderType.Market,_default,,PositionEffect.Open,,11296000.0,False,,OrderSide.Buy,OrderStatus.Filled,601898.SH,,TimeInForce.GTC,,,,1404230400000000000,2014-07-01T16:00:00Z
2.2022,113687.4739,1404144000000000000,2014-06-30T16:00:00Z,20649800.0,,bb4c032a-9039-4188-8182-28630303de1e,OrderRole.Standalone,OrderType.Market,_default,,PositionEffect.Open,,20649800.0,False,,OrderSide.Buy,OrderStatus.Filled,601899.SH,,TimeInForce.GTC,,,,1404230400000000000,2014-07-01T16:00:00Z
5.41541,113993.0266475,1404144000000000000,2014-06-30T16:00:00Z,8419900.0,,21d1beb6-0272-490e-9fc7-237cd03bf633,OrderRole.Standalone,OrderType.Market,_default,,PositionEffect.Open,,8419900.0,False,,OrderSide.Buy,OrderStatus.Filled,601901.SH,,TimeInForce.GTC,,,,1404230400000000000,2014-07-01T16:00:00Z
3.01301,114204.3777875,1404144000000000000,2014-06-30T16:00:00Z,15161500.0,,58aae36b-c36e-4593-8208-f09438add9ba,OrderRole.Standalone,OrderType.Market,_default,,PositionEffect.Open,,15161500.0,False,,OrderSide.Buy,OrderStatus.Filled,601919.SH,,TimeInForce.GTC,,,,1404230400000000000,2014-07-01T16:00:00Z
4.13413,114204.3077175,1404144000000000000,2014-06-30T16:00:00Z,11049900.0,,ef367ae4-ee95-4ca4-b7b2-5b8350c88481,OrderRole.Standalone,OrderType.Market,_default,,PositionEffect.Open,,11049900.0,False,,OrderSide.Buy,OrderStatus.Filled,601939.SH,,TimeInForce.GTC,,,,1404230400000000000,2014-07-01T16:00:00Z
2.56256,114204.33024,1404144000000000000,2014-06-30T16:00:00Z,17826600.0,,09356d67-e33a-43e6-b91d-d23abf78fcba,OrderRole.Standalone,OrderType.Market,_default,,PositionEffect.Open,,17826600.0,False,,OrderSide.Buy,OrderStatus.Filled,601988.SH,,TimeInForce.GTC,,,,1404230400000000000,2014-07-01T16:00:00Z
,0.0,1404144000000000000,2014-06-30T16:00:00Z,0.0,,da8be923-46f7-4317-ab19-2f03c69f394b,OrderRole.Standalone,OrderType.Market,_default,,PositionEffect.Open,,10712700.0,False,"Risk: Insufficient margin at execution. Required: 45795942.44725500000000000000, Available: 4911820.74893500260265808902",OrderSide.Buy,OrderStatus.Rejected,601998.SH,,TimeInForce.GTC,,,,1404230400000000000,2014-07-01T16:00:00Z
20.6793,34017.4485,1406563200000000000,2014-07-28T16:00:00Z,658000.0,,d1c1342a-5cde-4ca8-b72f-d2c85cd9357e,OrderRole.Standalone,OrderType.Market,_default,,PositionEffect.Close,,658000.0,False,,OrderSide.Sell,OrderStatus.Filled,002180.SZ,,TimeInForce.GTC,,,,1406649600000000000,2014-07-29T16:00:00Z
24.5754,117574.85745,1406563200000000000,2014-07-28T16:00:00Z,1913700.0,,84ee1569-ceac-4710-bbec-ddbbd13deaf0,OrderRole.Standalone,OrderType.Market,_default,,PositionEffect.Close,,1913700.0,False,,OrderSide.Sell,OrderStatus.Filled,002558.SZ,,TimeInForce.GTC,,,,1406649600000000000,2014-07-29T16:00:00Z
9.47052,114946.06887,1406563200000000000,2014-07-28T16:00:00Z,4854900.0,,ffe62ee3-398f-45c7-b7b5-8656ca6b5897,OrderRole.Standalone,OrderType.Market,_default,,PositionEffect.Close,,4854900.0,False,,OrderSide.Sell,OrderStatus.Filled,600233.SH,,TimeInForce.GTC,,,,1406649600000000000,2014-07-29T16:00:00Z
24.6753,130149.86985,1406563200000000000,2014-07-28T16:00:00Z,2109800.0,,9db2025d-47d3-48b1-a436-9f7fe93bbbdd,OrderRole.Standalone,OrderType.Market,_default,,PositionEffect.Close,,2109800.0,False,,OrderSide.Sell,OrderStatus.Filled,601877.SH,,TimeInForce.GTC,,,,1406649600000000000,2014-07-29T16:00:00Z
4.2957,121310.568,1406563200000000000,2014-07-28T16:00:00Z,11296000.0,,158bec63-fcbe-434d-a7fe-d5d6fa305e70,OrderRole.Standalone,OrderType.Market,_default,,PositionEffect.Close,,11296000.0,False,,OrderSide.Sell,OrderStatus.Filled,601898.SH,,TimeInForce.GTC,,,,1406649600000000000,2014-07-29T16:00:00Z
2.23776,115523.24112,1406563200000000000,2014-07-28T16:00:00Z,20649800.0,,ff5c70e2-f890-46c3-a1db-f26287550a46,OrderRole.Standalone,OrderType.Market,_default,,PositionEffect.Close,,20649800.0,False,,OrderSide.Sell,OrderStatus.Filled,601899.SH,,TimeInForce.GTC,,,,1406649600000000000,2014-07-29T16:00:00Z
6.06393,127644.2105175,1406563200000000000,2014-07-28T16:00:00Z,8419900.0,,75481223-ccb0-4101-a880-ff3e12868f9d,OrderRole.Standalone,OrderType.Market,_default,,PositionEffect.Close,,8419900.0,False,,OrderSide.Sell,OrderStatus.Filled,601901.SH,,TimeInForce.GTC,,,,1406649600000000000,2014-07-29T16:00:00Z
3.27672,124199.9757,1406563200000000000,2014-07-28T16:00:00Z,15161500.0,,8049638c-6b86-4940-8e7f-f4972fc5f46a,OrderRole.Standalone,OrderType.Market,_default,,PositionEffect.Close,,15161500.0,False,,OrderSide.Sell,OrderStatus.Filled,601919.SH,,TimeInForce.GTC,,,,1406649600000000000,2014-07-29T16:00:00Z
4.15584,114804.04104,1406563200000000000,2014-07-28T16:00:00Z,11049900.0,,4c2f33d8-ee18-4151-b73c-7b7081ac45c7,OrderRole.Standalone,OrderType.Market,_default,,PositionEffect.Close,,11049900.0,False,,OrderSide.Sell,OrderStatus.Filled,601939.SH,,TimeInForce.GTC,,,,1406649600000000000,2014-07-29T16:00:00Z
2.6973,120209.22045,1406563200000000000,2014-07-28T16:00:00Z,17826600.0,,8fe3e06b-55fc-4145-9cd1-dbf7a79383d2,OrderRole.Standalone,OrderType.Market,_default,,PositionEffect.Close,,17826600.0,False,,OrderSide.Sell,OrderStatus.Filled,601988.SH,,TimeInForce.GTC,,,,1406649600000000000,2014-07-29T16:00:00Z
,0.0,1406563200000000000,2014-07-28T16:00:00Z,0.0,,b3d302fc-46a7-49c1-b9bb-b2b8665ab9e7,OrderRole.Standalone,OrderType.Market,_default,,PositionEffect.Close,,611300.0,False,"Symbol 002252.SZ not tradable (zero volume, suspension) at execution timestamp 1406649600000000000",OrderSide.Sell,OrderStatus.Rejected,002252.SZ,,TimeInForce.GTC,,,,1406649600000000000,2014-07-29T16:00:00Z
4.33433,135443.47817,1406563200000000000,2014-07-28T16:00:00Z,12499600.0,,8e3f6395-4e1e-40be-984d-394b3e91d8cc,OrderRole.Standalone,OrderType.Market,_default,,PositionEffect.Open,,12499600.0,False,,OrderSide.Buy,OrderStatus.Filled,000807.SZ,,TimeInForce.GTC,,,,1406649600000000000,2014-07-29T16:00:00Z
9.95995,123244.4213,1406563200000000000,2014-07-28T16:00:00Z,4949600.0,,ebc6505a-354e-4714-aef0-fbe240b483ce,OrderRole.Standalone,OrderType.Market,_default,,PositionEffect.Open,,4949600.0,False,,OrderSide.Buy,OrderStatus.Filled,002384.SZ,,TimeInForce.GTC,,,,1406649600000000000,2014-07-29T16:00:00Z
10.56055,122776.9543,1406563200000000000,2014-07-28T16:00:00Z,4650400.0,,c4a19d5f-8a86-42f8-986c-b25397f39ed0,OrderRole.Standalone,OrderType.Market,_default,,PositionEffect.Open,,4650400.0,False,,OrderSide.Buy,OrderStatus.Filled,300059.SZ,,TimeInForce.GTC,,,,1406649600000000000,2014-07-29T16:00:00Z
22.81279,123457.1162825,1406563200000000000,2014-07-28T16:00:00Z,2164700.0,,be2eefac-4367-4b0d-b0ac-8a864fd5d002,OrderRole.Standalone,OrderType.Market,_default,,PositionEffect.Open,,2164700.0,False,,OrderSide.Buy,OrderStatus.Filled,300122.SZ,,TimeInForce.GTC,,,,1406649600000000000,2014-07-29T16:00:00Z
,0.0,1406563200000000000,2014-07-28T16:00:00Z,0.0,,a962d6c7-1f36-459e-bdf3-a8b9f558396f,OrderRole.Standalone,OrderType.Market,_default,,PositionEffect.Open,,1529400.0,False,"Symbol 300142.SZ not tradable (zero volume, suspension) at execution timestamp 1406649600000000000",OrderSide.Buy,OrderStatus.Rejected,300142.SZ,,TimeInForce.GTC,,,,1406649600000000000,2014-07-29T16:00:00Z
28.57855,122637.7026875,1406563200000000000,2014-07-28T16:00:00Z,1716500.0,,d1397e43-14a3-436b-ba32-094313088a35,OrderRole.Standalone,OrderType.Market,_default,,PositionEffect.Open,,1716500.0,False,,OrderSide.Buy,OrderStatus.Filled,300223.SZ,,TimeInForce.GTC,,,,1406649600000000000,2014-07-29T16:00:00Z
18.30829,123109.5190325,1406563200000000000,2014-07-28T16:00:00Z,2689700.0,,a8aa1a70-646f-4ffa-b3d8-e502a57596b1,OrderRole.Standalone,OrderType.Market,_default,,PositionEffect.Open,,2689700.0,False,,OrderSide.Buy,OrderStatus.Filled,300251.SZ,,TimeInForce.GTC,,,,1406649600000000000,2014-07-29T16:00:00Z
14.67466,122658.14561,1406563200000000000,2014-07-28T16:00:00Z,3343400.0,,fa913000-ea3a-4ce3-8eaf-2d4a74ae3de6,OrderRole.Standalone,OrderType.Market,_default,,PositionEffect.Open,,3343400.0,False,,OrderSide.Buy,OrderStatus.Filled,300274.SZ,,TimeInForce.GTC,,,,1406649600000000000,2014-07-29T16:00:00Z
26.51649,123991.10724,1406563200000000000,2014-07-28T16:00:00Z,1870400.0,,c337cc03-d32e-4478-8a3f-20682e5c71ea,OrderRole.Standalone,OrderType.Market,_default,,PositionEffect.Open,,1870400.0,False,,OrderSide.Buy,OrderStatus.Filled,603369.SH,,TimeInForce.GTC,,,,1406649600000000000,2014-07-29T16:00:00Z
4.7952,16892.2908,1408982400000000000,2014-08-25T16:00:00Z,1409100.0,,b0b1c66c-55f0-42ec-941a-a0729635022e,OrderRole.Standalone,OrderType.Market,_default,,PositionEffect.Close,,1409100.0,False,,OrderSide.Sell,OrderStatus.Filled,000807.SZ,,TimeInForce.GTC,,,,1409068800000000000,2014-08-26T16:00:00Z
11.34864,140428.07136,1408982400000000000,2014-08-25T16:00:00Z,4949600.0,,19099bd7-7e80-4385-9101-e0cb90c8b1df,OrderRole.Standalone,OrderType.Market,_default,,PositionEffect.Close,,4949600.0,False,,OrderSide.Sell,OrderStatus.Filled,002384.SZ,,TimeInForce.GTC,,,,1409068800000000000,2014-08-26T16:00:00Z
12.77721,148547.84346,1408982400000000000,2014-08-25T16:00:00Z,4650400.0,,d7d418ad-ddc9-4b7c-b0d8-c74e333b86ab,OrderRole.Standalone,OrderType.Market,_default,,PositionEffect.Close,,4650400.0,False,,OrderSide.Sell,OrderStatus.Filled,300059.SZ,,TimeInForce.GTC,,,,1409068800000000000,2014-08-26T16:00:00Z
23.55642,127481.455935,1408982400000000000,2014-08-25T16:00:00Z,2164700.0,,25585c73-9b69-4e33-b3ef-f3a66311c5f0,OrderRole.Standalone,OrderType.Market,_default,,PositionEffect.Close,,2164700.0,False,,OrderSide.Sell,OrderStatus.Filled,300122.SZ,,TimeInForce.GTC,,,,1409068800000000000,2014-08-26T16:00:00Z
30.1698,129466.15425,1408982400000000000,2014-08-25T16:00:00Z,1716500.0,,71741647-897e-40fa-9bd7-bb8c9d68d98e,OrderRole.Standalone,OrderType.Market,_default,,PositionEffect.Close,,1716500.0,False,,OrderSide.Sell,OrderStatus.Filled,300223.SZ,,TimeInForce.GTC,,,,1409068800000000000,2014-08-26T16:00:00Z
20.02995,134686.3912875,1408982400000000000,2014-08-25T16:00:00Z,2689700.0,,656d0537-5cd3-453f-ad33-feb7c6cc5da2,OrderRole.Standalone,OrderType.Market,_default,,PositionEffect.Close,,2689700.0,False,,OrderSide.Sell,OrderStatus.Filled,300251.SZ,,TimeInForce.GTC,,,,1409068800000000000,2014-08-26T16:00:00Z
17.66232,147630.50172,1408982400000000000,2014-08-25T16:00:00Z,3343400.0,,1fa20276-b19d-43c0-a75e-9a688d846a74,OrderRole.Standalone,OrderType.Market,_default,,PositionEffect.Close,,3343400.0,False,,OrderSide.Sell,OrderStatus.Filled,300274.SZ,,TimeInForce.GTC,,,,1409068800000000000,2014-08-26T16:00:00Z
25.94403,121314.28428,1408982400000000000,2014-08-25T16:00:00Z,1870400.0,,a39773cd-a48f-408e-8091-f686b0d77431,OrderRole.Standalone,OrderType.Market,_default,,PositionEffect.Close,,1870400.0,False,,OrderSide.Sell,OrderStatus.Filled,603369.SH,,TimeInForce.GTC,,,,1409068800000000000,2014-08-26T16:00:00Z
,0.0,1408982400000000000,2014-08-25T16:00:00Z,0.0,,610cc16c-4c80-42dc-ad8e-13a4aedbc8f3,OrderRole.Standalone,OrderType.Market,_default,,PositionEffect.Close,,611300.0,False,"Symbol 002252.SZ not tradable (zero volume, suspension) at execution timestamp 1409068800000000000",OrderSide.Sell,OrderStatus.Rejected,002252.SZ,,TimeInForce.GTC,,,,1409068800000000000,2014-08-26T16:00:00Z
9.16916,132384.33208,1408982400000000000,2014-08-25T16:00:00Z,5775200.0,,397a0a82-cbc3-476f-a63b-2d475d6d824c,OrderRole.Standalone,OrderType.Market,_default,,PositionEffect.Open,,5775200.0,False,,OrderSide.Buy,OrderStatus.Filled,000002.SZ,,TimeInForce.GTC,,,,1409068800000000000,2014-08-26T16:00:00Z
18.69868,132241.73963,1408982400000000000,2014-08-25T16:00:00Z,2828900.0,,73af7e70-08b9-497f-ad9c-6f6aca8998ba,OrderRole.Standalone,OrderType.Market,_default,,PositionEffect.Open,,2828900.0,False,,OrderSide.Buy,OrderStatus.Filled,000858.SZ,,TimeInForce.GTC,,,,1409068800000000000,2014-08-26T16:00:00Z
39.20917,136242.0634575,1408982400000000000,2014-08-25T16:00:00Z,1389900.0,,1effdeaa-afd3-4984-b96d-5429b1c92921,OrderRole.Standalone,OrderType.Market,_default,,PositionEffect.Open,,1389900.0,False,,OrderSide.Buy,OrderStatus.Filled,000977.SZ,,TimeInForce.GTC,,,,1409068800000000000,2014-08-26T16:00:00Z
14.26425,130913.7204375,1408982400000000000,2014-08-25T16:00:00Z,3671100.0,,7d04c85e-8d51-4774-87cc-6ac9d8927682,OrderRole.Standalone,OrderType.Market,_default,,PositionEffect.Open,,3671100.0,False,,OrderSide.Buy,OrderStatus.Filled,002001.SZ,,TimeInForce.GTC,,,,1409068800000000000,2014-08-26T16:00:00Z
12.8128,132385.0528,1408982400000000000,2014-08-25T16:00:00Z,4132900.0,,1a1517be-8511-4fa6-92a7-2c5d4bfe6340,OrderRole.Standalone,OrderType.Market,_default,,PositionEffect.Open,,4132900.0,False,,OrderSide.Buy,OrderStatus.Filled,002459.SZ,,TimeInForce.GTC,,,,1409068800000000000,2014-08-26T16:00:00Z
44.75471,131030.6022025,1408982400000000000,2014-08-25T16:00:00Z,1171100.0,,e928c894-7867-49f8-af3a-ef968a7fe040,OrderRole.Standalone,OrderType.Market,_default,,PositionEffect.Open,,1171100.0,False,,OrderSide.Buy,OrderStatus.Filled,002555.SZ,,TimeInForce.GTC,,,,1409068800000000000,2014-08-26T16:00:00Z
10.15014,132515.15277,1408982400000000000,2014-08-25T16:00:00Z,5222200.0,,014d31bb-9b2d-457b-945f-c9d5ecda2105,OrderRole.Standalone,OrderType.Market,_default,,PositionEffect.Open,,5222200.0,False,,OrderSide.Buy,OrderStatus.Filled,002625.SZ,,TimeInForce.GTC,,,,1409068800000000000,2014-08-26T16:00:00Z
24.81479,131059.313385,1408982400000000000,2014-08-25T16:00:00Z,2112600.0,,b1440a8d-1365-401e-b7da-8975c79d01b0,OrderRole.Standalone,OrderType.Market,_default,,PositionEffect.Open,,2112600.0,False,,OrderSide.Buy,OrderStatus.Filled,300033.SZ,,TimeInForce.GTC,,,,1409068800000000000,2014-08-26T16:00:00Z
20.98096,6210.36416,1408982400000000000,2014-08-25T16:00:00Z,118400.0,,b25b9685-53cd-4d92-a234-20c184e3f8d0,OrderRole.Standalone,OrderType.Market,_default,,PositionEffect.Open,,118400.0,False,,OrderSide.Buy,OrderStatus.Filled,002180.SZ,,TimeInForce.GTC,,,,1409068800000000000,2014-08-26T16:00:00Z
4.73526,131291.002575,1409068800000000000,2014-08-26T16:00:00Z,11090500.0,,30ae6127-b951-46ee-8c67-a729dbd4cebe,OrderRole.Standalone,OrderType.Market,_default,,PositionEffect.Close,,11090500.0,False,,OrderSide.Sell,OrderStatus.Filled,000807.SZ,,TimeInForce.GTC,,,,1409155200000000000,2014-08-27T16:00:00Z
,0.0,1409068800000000000,2014-08-26T16:00:00Z,0.0,,41700376-7d79-48d3-b5c4-74ff42288762,OrderRole.Standalone,OrderType.Market,_default,,PositionEffect.Close,,2543300.0,False,"Risk: Insufficient available position for 002180.SZ at execution. Available: 2543299.9999999997717381461358, Required: 2543300",OrderSide.Sell,OrderStatus.Rejected,002180.SZ,,TimeInForce.GTC,,,,1409155200000000000,2014-08-27T16:00:00Z
9.48051,136879.60338,1411488000000000000,2014-09-23T16:00:00Z,5775200.0,,b13fba37-dee9-4eca-a529-65f952f96ee6,OrderRole.Standalone,OrderType.Market,_default,,PositionEffect.Close,,5775200.0,False,,OrderSide.Sell,OrderStatus.Filled,000002.SZ,,TimeInForce.GTC,,,,1411574400000000000,2014-09-24T16:00:00Z
18.50148,130847.09193,1411488000000000000,2014-09-23T16:00:00Z,2828900.0,,0f8f3da8-1bc0-4e51-949a-1a0a2d4ef805,OrderRole.Standalone,OrderType.Market,_default,,PositionEffect.Close,,2828900.0,False,,OrderSide.Sell,OrderStatus.Filled,000858.SZ,,TimeInForce.GTC,,,,1411574400000000000,2014-09-24T16:00:00Z
40.30965,140065.9563375,1411488000000000000,2014-09-23T16:00:00Z,1389900.0,,c4137e18-36e8-4a08-9bd4-3cbd817a950f,OrderRole.Standalone,OrderType.Market,_default,,PositionEffect.Close,,1389900.0,False,,OrderSide.Sell,OrderStatus.Filled,000977.SZ,,TimeInForce.GTC,,,,1411574400000000000,2014-09-24T16:00:00Z
14.86512,136428.35508,1411488000000000000,2014-09-23T16:00:00Z,3671100.0,,41c80b85-5756-4998-9664-478d1eeded48,OrderRole.Standalone,OrderType.Market,_default,,PositionEffect.Close,,3671100.0,False,,OrderSide.Sell,OrderStatus.Filled,002001.SZ,,TimeInForce.GTC,,,,1411574400000000000,2014-09-24T16:00:00Z
,0.0,1411488000000000000,2014-09-23T16:00:00Z,0.0,,afd7eee5-7987-4946-9c37-ef351e0b67f8,OrderRole.Standalone,OrderType.Market,_default,,PositionEffect.Close,,2543300.0,False,"Risk: Insufficient available position for 002180.SZ at execution. Available: 2543299.9999999997717381461358, Required: 2543300",OrderSide.Sell,OrderStatus.Rejected,002180.SZ,,TimeInForce.GTC,,,,1411574400000000000,2014-09-24T16:00:00Z
34.78518,53160.451335,1411488000000000000,2014-09-23T16:00:00Z,611300.0,,90f18f15-9225-4c80-bce7-d920e34ceea6,OrderRole.Standalone,OrderType.Market,_default,,PositionEffect.Close,,611300.0,False,,OrderSide.Sell,OrderStatus.Filled,002252.SZ,,TimeInForce.GTC,,,,1411574400000000000,2014-09-24T16:00:00Z
13.90608,143681.09508,1411488000000000000,2014-09-23T16:00:00Z,4132900.0,,101ca1d0-7d0c-483b-a877-c16590d1fb52,OrderRole.Standalone,OrderType.Market,_default,,PositionEffect.Close,,4132900.0,False,,OrderSide.Sell,OrderStatus.Filled,002459.SZ,,TimeInForce.GTC,,,,1411574400000000000,2014-09-24T16:00:00Z
44.41554,130037.597235,1411488000000000000,2014-09-23T16:00:00Z,1171100.0,,45ba2c0a-64aa-4788-83ac-fb5535514680,OrderRole.Standalone,OrderType.Market,_default,,PositionEffect.Close,,1171100.0,False,,OrderSide.Sell,OrderStatus.Filled,002555.SZ,,TimeInForce.GTC,,,,1411574400000000000,2014-09-24T16:00:00Z
11.7882,153900.8451,1411488000000000000,2014-09-23T16:00:00Z,5222200.0,,ea5a74f5-2741-4b81-b7f8-1696bed014af,OrderRole.Standalone,OrderType.Market,_default,,PositionEffect.Close,,5222200.0,False,,OrderSide.Sell,OrderStatus.Filled,002625.SZ,,TimeInForce.GTC,,,,1411574400000000000,2014-09-24T16:00:00Z
25.16481,132907.944015,1411488000000000000,2014-09-23T16:00:00Z,2112600.0,,ec772f5e-0828-4be3-8a40-5e4f5b95ac16,OrderRole.Standalone,OrderType.Market,_default,,PositionEffect.Close,,2112600.0,False,,OrderSide.Sell,OrderStatus.Filled,300033.SZ,,TimeInForce.GTC,,,,1411574400000000000,2014-09-24T16:00:00Z
16.016,137957.82,1411488000000000000,2014-09-23T16:00:00Z,3445500.0,,bdab3332-531b-4ae8-9629-d0abee1d40d7,OrderRole.Standalone,OrderType.Market,_default,,PositionEffect.Open,,3445500.0,False,,OrderSide.Buy,OrderStatus.Filled,300059.SZ,,TimeInForce.GTC,,,,1411574400000000000,2014-09-24T16:00:00Z
8.62862,137210.158085,1411488000000000000,2014-09-23T16:00:00Z,6360700.0,,636a5186-76eb-423a-8211-2b99e92bc5a9,OrderRole.Standalone,OrderType.Market,_default,,PositionEffect.Open,,6360700.0,False,,OrderSide.Buy,OrderStatus.Filled,600039.SH,,TimeInForce.GTC,,,,1411574400000000000,2014-09-24T16:00:00Z
2.94294,137998.87101,1411488000000000000,2014-09-23T16:00:00Z,18756600.0,,1b6d5a88-13f8-49fa-9b54-f5b781758cc0,OrderRole.Standalone,OrderType.Market,_default,,PositionEffect.Open,,18756600.0,False,,OrderSide.Buy,OrderStatus.Filled,600115.SH,,TimeInForce.GTC,,,,1411574400000000000,2014-09-24T16:00:00Z
33.45342,137485.192845,1411488000000000000,2014-09-23T16:00:00Z,1643900.0,,f32e1ab7-323c-4966-97c2-21e0f2a07d1b,OrderRole.Standalone,OrderType.Market,_default,,PositionEffect.Open,,1643900.0,False,,OrderSide.Buy,OrderStatus.Filled,600150.SH,,TimeInForce.GTC,,,,1411574400000000000,2014-09-24T16:00:00Z
3.16316,137529.45206,1411488000000000000,2014-09-23T16:00:00Z,17391400.0,,650fcb3d-810d-4c46-8156-473d1fea9a06,OrderRole.Standalone,OrderType.Market,_default,,PositionEffect.Open,,17391400.0,False,,OrderSide.Buy,OrderStatus.Filled,601018.SH,,TimeInForce.GTC,,,,1411574400000000000,2014-09-24T16:00:00Z
2.61261,140765.4673425,1411488000000000000,2014-09-23T16:00:00Z,21551700.0,,5e071a72-4da9-429f-83e3-caaddacac284,OrderRole.Standalone,OrderType.Market,_default,,PositionEffect.Open,,21551700.0,False,,OrderSide.Buy,OrderStatus.Filled,601618.SH,,TimeInForce.GTC,,,,1411574400000000000,2014-09-24T16:00:00Z
2.77277,137529.392,1411488000000000000,2014-09-23T16:00:00Z,19840000.0,,81edc901-ee87-4c41-bcb7-7393974fed24,OrderRole.Standalone,OrderType.Market,_default,,PositionEffect.Open,,19840000.0,False,,OrderSide.Buy,OrderStatus.Filled,601818.SH,,TimeInForce.GTC,,,,1411574400000000000,2014-09-24T16:00:00Z
3.26326,136690.619065,1411488000000000000,2014-09-23T16:00:00Z,16755100.0,,10c824c0-3fa3-49f2-8491-e1257512f5df,OrderRole.Standalone,OrderType.Market,_default,,PositionEffect.Open,,16755100.0,False,,OrderSide.Buy,OrderStatus.Filled,601872.SH,,TimeInForce.GTC,,,,1411574400000000000,2014-09-24T16:00:00Z
2.71271,138038.96106,1411488000000000000,2014-09-23T16:00:00Z,20354400.0,,0ad19b2a-72f2-42fe-a67c-26fc0742973c,OrderRole.Standalone,OrderType.Market,_default,,PositionEffect.Open,,20354400.0,False,,OrderSide.Buy,OrderStatus.Filled,601988.SH,,TimeInForce.GTC,,,,1411574400000000000,2014-09-24T16:00:00Z
,0.0,1411488000000000000,2014-09-23T16:00:00Z,0.0,,71c483ae-ee27-42b5-aec4-43c8947198f9,OrderRole.Standalone,OrderType.Market,_default,,PositionEffect.Open,,3200700.0,False,"Risk: Insufficient margin at execution. Required: 59420343.35737500000000000000, Available: 32377629.05126499905305694267",OrderSide.Buy,OrderStatus.Rejected,002074.SZ,,TimeInForce.GTC,,,,1411574400000000000,2014-09-24T16:00:00Z
23.6763,2953.618425,1414512000000000000,2014-10-28T16:00:00Z,49900.0,,f3b42fbf-6750-4607-921d-8ab35dd5918b,OrderRole.Standalone,OrderType.Market,_default,,PositionEffect.Close,,49900.0,False,,OrderSide.Sell,OrderStatus.Filled,002180.SZ,,TimeInForce.GTC,,,,1414598400000000000,2014-10-29T16:00:00Z
4.66533,148373.822655,1414512000000000000,2014-10-28T16:00:00Z,12721400.0,,7cba50dd-c91a-4b29-a0b7-d15f2568042c,OrderRole.Standalone,OrderType.Market,_default,,PositionEffect.Close,,12721400.0,False,,OrderSide.Sell,OrderStatus.Filled,600039.SH,,TimeInForce.GTC,,,,1414598400000000000,2014-10-29T16:00:00Z
3.52647,165361.468005,1414512000000000000,2014-10-28T16:00:00Z,18756600.0,,df9293ca-511e-4893-8af7-3a0e4c03032d,OrderRole.Standalone,OrderType.Market,_default,,PositionEffect.Close,,18756600.0,False,,OrderSide.Sell,OrderStatus.Filled,600115.SH,,TimeInForce.GTC,,,,1414598400000000000,2014-10-29T16:00:00Z
41.59836,24470.23527,1414512000000000000,2014-10-28T16:00:00Z,235300.0,,b400d77f-6bbd-42e2-b853-4f0fdc8eec7e,OrderRole.Standalone,OrderType.Market,_default,,PositionEffect.Close,,235300.0,False,,OrderSide.Sell,OrderStatus.Filled,600150.SH,,TimeInForce.GTC,,,,1414598400000000000,2014-10-29T16:00:00Z
3.40659,148113.423315,1414512000000000000,2014-10-28T16:00:00Z,17391400.0,,96a52fce-e192-4562-8f32-3d87e215bd08,OrderRole.Standalone,OrderType.Market,_default,,PositionEffect.Close,,17391400.0,False,,OrderSide.Sell,OrderStatus.Filled,601018.SH,,TimeInForce.GTC,,,,1414598400000000000,2014-10-29T16:00:00Z
2.52747,136178.1879975,1414512000000000000,2014-10-28T16:00:00Z,21551700.0,,ecaede4c-3597-4bc7-8759-ea98abae7a18,OrderRole.Standalone,OrderType.Market,_default,,PositionEffect.Close,,21551700.0,False,,OrderSide.Sell,OrderStatus.Filled,601618.SH,,TimeInForce.GTC,,,,1414598400000000000,2014-10-29T16:00:00Z
2.68731,133290.576,1414512000000000000,2014-10-28T16:00:00Z,19840000.0,,a25e5f52-cb4e-4c74-9b9f-9f80a573298c,OrderRole.Standalone,OrderType.Market,_default,,PositionEffect.Close,,19840000.0,False,,OrderSide.Sell,OrderStatus.Filled,601818.SH,,TimeInForce.GTC,,,,1414598400000000000,2014-10-29T16:00:00Z
3.74625,156921.9834375,1414512000000000000,2014-10-28T16:00:00Z,16755100.0,,d2eec754-6d2b-4b79-9312-50c549b28d76,OrderRole.Standalone,OrderType.Market,_default,,PositionEffect.Close,,16755100.0,False,,OrderSide.Sell,OrderStatus.Filled,601872.SH,,TimeInForce.GTC,,,,1414598400000000000,2014-10-29T16:00:00Z
2.68731,136746.45666,1414512000000000000,2014-10-28T16:00:00Z,20354400.0,,c9c524c6-ba9a-4b6d-8a47-6a998922fd48,OrderRole.Standalone,OrderType.Market,_default,,PositionEffect.Close,,20354400.0,False,,OrderSide.Sell,OrderStatus.Filled,601988.SH,,TimeInForce.GTC,,,,1414598400000000000,2014-10-29T16:00:00Z
16.70669,146918.63186,1414512000000000000,2014-10-28T16:00:00Z,3517600.0,,ff536fc6-c12b-492a-a877-282c7c05f73f,OrderRole.Standalone,OrderType.Market,_default,,PositionEffect.Open,,3517600.0,False,,OrderSide.Buy,OrderStatus.Filled,002074.SZ,,TimeInForce.GTC,,,,1414598400000000000,2014-10-29T16:00:00Z
15.54553,145168.0455225,1414512000000000000,2014-10-28T16:00:00Z,3735300.0,,976bb20c-892c-4925-99af-90a6aedc19c7,OrderRole.Standalone,OrderType.Market,_default,,PositionEffect.Open,,3735300.0,False,,OrderSide.Buy,OrderStatus.Filled,002459.SZ,,TimeInForce.GTC,,,,1414598400000000000,2014-10-29T16:00:00Z
53.41336,146285.8397,1414512000000000000,2014-10-28T16:00:00Z,1095500.0,,d575e927-2fe3-4858-9fca-f5be25ced1e7,OrderRole.Standalone,OrderType.Market,_default,,PositionEffect.Open,,1095500.0,False,,OrderSide.Buy,OrderStatus.Filled,002466.SZ,,TimeInForce.GTC,,,,1414598400000000000,2014-10-29T16:00:00Z
11.4114,146827.63095,1414512000000000000,2014-10-28T16:00:00Z,5146700.0,,5f0c3b66-38fb-46e3-91aa-11f33e78325c,OrderRole.Standalone,OrderType.Market,_default,,PositionEffect.Open,,5146700.0,False,,OrderSide.Buy,OrderStatus.Filled,002493.SZ,,TimeInForce.GTC,,,,1414598400000000000,2014-10-29T16:00:00Z
6.12612,144677.51298,1414512000000000000,2014-10-28T16:00:00Z,9446600.0,,2c1221f5-3d9a-4c7d-88f7-24a2e8fb0603,OrderRole.Standalone,OrderType.Market,_default,,PositionEffect.Open,,9446600.0,False,,OrderSide.Buy,OrderStatus.Filled,601186.SH,,TimeInForce.GTC,,,,1414598400000000000,2014-10-29T16:00:00Z
3.75375,143884.0528125,1414512000000000000,2014-10-28T16:00:00Z,15332300.0,,415c39bc-3953-45f6-9f02-8588c8ed3058,OrderRole.Standalone,OrderType.Market,_default,,PositionEffect.Open,,15332300.0,False,,OrderSide.Buy,OrderStatus.Filled,601390.SH,,TimeInForce.GTC,,,,1414598400000000000,2014-10-29T16:00:00Z
46.70666,75629.759205,1414512000000000000,2014-10-28T16:00:00Z,647700.0,,0741836b-8f22-4b86-b443-fd5f350ec1c0,OrderRole.Standalone,OrderType.Market,_default,,PositionEffect.Open,,647700.0,False,,OrderSide.Buy,OrderStatus.Filled,002252.SZ,,TimeInForce.GTC,,,,1414598400000000000,2014-10-29T16:00:00Z
15.7157,9535.500975,1414512000000000000,2014-10-28T16:00:00Z,242700.0,,6f6bee27-891a-47ae-be0b-ba7ed299883b,OrderRole.Standalone,OrderType.Market,_default,,PositionEffect.Open,,242700.0,False,,OrderSide.Buy,OrderStatus.Filled,300059.SZ,,TimeInForce.GTC,,,,1414598400000000000,2014-10-29T16:00:00Z
16.37361,143989.52634,1414598400000000000,2014-10-29T16:00:00Z,3517600.0,,af320ff5-d172-4c69-b6f8-3ee952c7f102,OrderRole.Standalone,OrderType.Market,_default,,PositionEffect.Close,,3517600.0,False,,OrderSide.Sell,OrderStatus.Filled,002074.SZ,,TimeInForce.GTC,,,,1414684800000000000,2014-10-30T16:00:00Z
16.63335,153367.803675,1414598400000000000,2014-10-29T16:00:00Z,3688200.0,,e7a81a9c-0319-4deb-a7bf-a24079fa59b6,OrderRole.Standalone,OrderType.Market,_default,,PositionEffect.Close,,3688200.0,False,,OrderSide.Sell,OrderStatus.Filled,300059.SZ,,TimeInForce.GTC,,,,1414684800000000000,2014-10-30T16:00:00Z
40.43952,142407.76968,1414598400000000000,2014-10-29T16:00:00Z,1408600.0,,509e9d22-7337-412a-a776-e8ab2f869b8f,OrderRole.Standalone,OrderType.Market,_default,,PositionEffect.Close,,1408600.0,False,,OrderSide.Sell,OrderStatus.Filled,600150.SH,,TimeInForce.GTC,,,,1414684800000000000,2014-10-30T16:00:00Z
14.47551,135175.9312575,1416931200000000000,2014-11-25T16:00:00Z,3735300.0,,b88db3ee-33c7-43fd-a64c-52f3ecb741fc,OrderRole.Standalone,OrderType.Market,_default,,PositionEffect.Close,,3735300.0,False,,OrderSide.Sell,OrderStatus.Filled,002459.SZ,,TimeInForce.GTC,,,,1417017600000000000,2014-11-26T16:00:00Z
52.98696,145118.0367,1416931200000000000,2014-11-25T16:00:00Z,1095500.0,,32000acd-0401-4d6b-b4c6-e3b4556d82ff,OrderRole.Standalone,OrderType.Market,_default,,PositionEffect.Close,,1095500.0,False,,OrderSide.Sell,OrderStatus.Filled,002466.SZ,,TimeInForce.GTC,,,,1417017600000000000,2014-11-26T16:00:00Z
11.90808,153218.28834,1416931200000000000,2014-11-25T16:00:00Z,5146700.0,,d91ba831-0755-4c05-b567-6dd6a329d745,OrderRole.Standalone,OrderType.Market,_default,,PositionEffect.Close,,5146700.0,False,,OrderSide.Sell,OrderStatus.Filled,002493.SZ,,TimeInForce.GTC,,,,1417017600000000000,2014-11-26T16:00:00Z
8.11188,191574.21402,1416931200000000000,2014-11-25T16:00:00Z,9446600.0,,dabfe4f7-41e2-402c-a81a-20a5e7e2a416,OrderRole.Standalone,OrderType.Market,_default,,PositionEffect.Close,,9446600.0,False,,OrderSide.Sell,OrderStatus.Filled,601186.SH,,TimeInForce.GTC,,,,1417017600000000000,2014-11-26T16:00:00Z
4.8951,187632.854325,1416931200000000000,2014-11-25T16:00:00Z,15332300.0,,8eae8a67-a84c-4393-b2f8-5dd42ce23c1e,OrderRole.Standalone,OrderType.Market,_default,,PositionEffect.Close,,15332300.0,False,,OrderSide.Sell,OrderStatus.Filled,601390.SH,,TimeInForce.GTC,,,,1417017600000000000,2014-11-26T16:00:00Z
,0.0,1416931200000000000,2014-11-25T16:00:00Z,0.0,,602c3725-3056-41f7-97b4-859aa4fd41de,OrderRole.Standalone,OrderType.Market,_default,,PositionEffect.Close,,2493400.0,False,"Symbol 002180.SZ not tradable (zero volume, suspension) at execution timestamp 1417017600000000000",OrderSide.Sell,OrderStatus.Rejected,002180.SZ,,TimeInForce.GTC,,,,1417017600000000000,2014-11-26T16:00:00Z
,0.0,1416931200000000000,2014-11-25T16:00:00Z,0.0,,912f88ef-ee5a-4e1e-b944-e6be3d6d0db6,OrderRole.Standalone,OrderType.Market,_default,,PositionEffect.Close,,1259000.0,False,"Symbol 002252.SZ not tradable (zero volume, suspension) at execution timestamp 1417017600000000000",OrderSide.Sell,OrderStatus.Rejected,002252.SZ,,TimeInForce.GTC,,,,1417017600000000000,2014-11-26T16:00:00Z
16.84683,155281.4438175,1416931200000000000,2014-11-25T16:00:00Z,3686900.0,,a5283fc4-7926-4422-9046-2b1636ac717c,OrderRole.Standalone,OrderType.Market,_default,,PositionEffect.Open,,3686900.0,False,,OrderSide.Buy,OrderStatus.Filled,000776.SZ,,TimeInForce.GTC,,,,1417017600000000000,2014-11-26T16:00:00Z
45.22518,156693.942405,1416931200000000000,2014-11-25T16:00:00Z,1385900.0,,97550558-8a0c-4fa5-bd56-789a24354071,OrderRole.Standalone,OrderType.Market,_default,,PositionEffect.Open,,1385900.0,False,,OrderSide.Buy,OrderStatus.Filled,300033.SZ,,TimeInForce.GTC,,,,1417017600000000000,2014-11-26T16:00:00Z
25.01499,153992.27844,1416931200000000000,2014-11-25T16:00:00Z,2462400.0,,b047135f-aa97-460b-a5a7-0d919bada67e,OrderRole.Standalone,OrderType.Market,_default,,PositionEffect.Open,,2462400.0,False,,OrderSide.Buy,OrderStatus.Filled,300059.SZ,,TimeInForce.GTC,,,,1417017600000000000,2014-11-26T16:00:00Z
13.82381,169452.26298,1416931200000000000,2014-11-25T16:00:00Z,4903200.0,,17950d8b-5083-49c1-a40c-9f16e3fb6e05,OrderRole.Standalone,OrderType.Market,_default,,PositionEffect.Open,,4903200.0,False,,OrderSide.Buy,OrderStatus.Filled,600061.SH,,TimeInForce.GTC,,,,1417017600000000000,2014-11-26T16:00:00Z
17.59758,153552.083685,1416931200000000000,2014-11-25T16:00:00Z,3490300.0,,da9853bb-3b5f-4d99-81ed-b3182f708ea8,OrderRole.Standalone,OrderType.Market,_default,,PositionEffect.Open,,3490300.0,False,,OrderSide.Buy,OrderStatus.Filled,600999.SH,,TimeInForce.GTC,,,,1417017600000000000,2014-11-26T16:00:00Z
11.04103,153851.232535,1416931200000000000,2014-11-25T16:00:00Z,5573800.0,,e763cd8c-3041-4d75-9b7f-7856636ca928,OrderRole.Standalone,OrderType.Market,_default,,PositionEffect.Open,,5573800.0,False,,OrderSide.Buy,OrderStatus.Filled,601377.SH,,TimeInForce.GTC,,,,1417017600000000000,2014-11-26T16:00:00Z
21.1211,156512.631275,1416931200000000000,2014-11-25T16:00:00Z,2964100.0,,ef9a2eeb-6540-48d8-9246-6d60cf62d93a,OrderRole.Standalone,OrderType.Market,_default,,PositionEffect.Open,,2964100.0,False,,OrderSide.Buy,OrderStatus.Filled,601628.SH,,TimeInForce.GTC,,,,1417017600000000000,2014-11-26T16:00:00Z
,0.0,1416931200000000000,2014-11-25T16:00:00Z,0.0,,4627cd21-063a-4f7f-a155-e30f577b13ac,OrderRole.Standalone,OrderType.Market,_default,,PositionEffect.Open,,4417400.0,False,"Risk: Insufficient margin at execution. Required: 67911598.17442000000000000000, Available: 64503583.31386999905305694267",OrderSide.Buy,OrderStatus.Rejected,601688.SH,,TimeInForce.GTC,,,,1417017600000000000,2014-11-26T16:00:00Z
17.3173,156158.75275,1416931200000000000,2014-11-25T16:00:00Z,3607000.0,,1be7394b-1dcb-45fb-80bc-b10b918c13be,OrderRole.Standalone,OrderType.Market,_default,,PositionEffect.Open,,3607000.0,False,,OrderSide.Buy,OrderStatus.Filled,601788.SH,,TimeInForce.GTC,,,,1417017600000000000,2014-11-26T16:00:00Z
55.31526,155021.01615,1416931200000000000,2014-11-25T16:00:00Z,1121000.0,,a39e4670-dbb4-4a16-9553-945b764ce0d9,OrderRole.Standalone,OrderType.Market,_default,,PositionEffect.Open,,1121000.0,False,,OrderSide.Buy,OrderStatus.Filled,600570.SH,,TimeInForce.GTC,,,,1417017600000000000,2014-11-26T16:00:00Z
23.05692,212521.39587,1419350400000000000,2014-12-23T16:00:00Z,3686900.0,,0b21f9ff-c570-41d5-be23-e7a51cba9a30,OrderRole.Standalone,OrderType.Market,_default,,PositionEffect.Close,,3686900.0,False,,OrderSide.Sell,OrderStatus.Filled,000776.SZ,,TimeInForce.GTC,,,,1419436800000000000,2014-12-24T16:00:00Z
44.42553,139829.355675,1419350400000000000,2014-12-23T16:00:00Z,1259000.0,,aedc7b5e-b213-4f74-a571-c178068fcd0b,OrderRole.Standalone,OrderType.Market,_default,,PositionEffect.Close,,1259000.0,False,,OrderSide.Sell,OrderStatus.Filled,002252.SZ,,TimeInForce.GTC,,,,1419436800000000000,2014-12-24T16:00:00Z
51.25869,177598.5461775,1419350400000000000,2014-12-23T16:00:00Z,1385900.0,,c159538d-8531-4bf2-a528-0f11bd4718f4,OrderRole.Standalone,OrderType.Market,_default,,PositionEffect.Close,,1385900.0,False,,OrderSide.Sell,OrderStatus.Filled,300033.SZ,,TimeInForce.GTC,,,,1419436800000000000,2014-12-24T16:00:00Z
28.69128,176623.51968,1419350400000000000,2014-12-23T16:00:00Z,2462400.0,,219bbc44-6558-42f1-b4e8-91cec2817d3e,OrderRole.Standalone,OrderType.Market,_default,,PositionEffect.Close,,2462400.0,False,,OrderSide.Sell,OrderStatus.Filled,300059.SZ,,TimeInForce.GTC,,,,1419436800000000000,2014-12-24T16:00:00Z
22.82715,279815.2047,1419350400000000000,2014-12-23T16:00:00Z,4903200.0,,699de109-43dd-4ddc-9848-8014c631f828,OrderRole.Standalone,OrderType.Market,_default,,PositionEffect.Close,,4903200.0,False,,OrderSide.Sell,OrderStatus.Filled,600061.SH,,TimeInForce.GTC,,,,1419436800000000000,2014-12-24T16:00:00Z
56.93301,159554.760525,1419350400000000000,2014-12-23T16:00:00Z,1121000.0,,3e851bb9-84a1-4a5f-8c39-253e67158ad8,OrderRole.Standalone,OrderType.Market,_default,,PositionEffect.Close,,1121000.0,False,,OrderSide.Sell,OrderStatus.Filled,600570.SH,,TimeInForce.GTC,,,,1419436800000000000,2014-12-24T16:00:00Z
25.59438,223330.161285,1419350400000000000,2014-12-23T16:00:00Z,3490300.0,,0a8ee1ef-28d5-4f3e-bdda-20bb804b4b9b,OrderRole.Standalone,OrderType.Market,_default,,PositionEffect.Close,,3490300.0,False,,OrderSide.Sell,OrderStatus.Filled,600999.SH,,TimeInForce.GTC,,,,1419436800000000000,2014-12-24T16:00:00Z
13.43655,187231.605975,1419350400000000000,2014-12-23T16:00:00Z,5573800.0,,a1f86110-805d-4dae-bd23-7d3a7f4bbe66,OrderRole.Standalone,OrderType.Market,_default,,PositionEffect.Close,,5573800.0,False,,OrderSide.Sell,OrderStatus.Filled,601377.SH,,TimeInForce.GTC,,,,1419436800000000000,2014-12-24T16:00:00Z
25.38459,188106.1580475,1419350400000000000,2014-12-23T16:00:00Z,2964100.0,,47c80818-e1f8-43d5-b3cf-718e7b163118,OrderRole.Standalone,OrderType.Market,_default,,PositionEffect.Close,,2964100.0,False,,OrderSide.Sell,OrderStatus.Filled,601628.SH,,TimeInForce.GTC,,,,1419436800000000000,2014-12-24T16:00:00Z
26.4735,238724.78625,1419350400000000000,2014-12-23T16:00:00Z,3607000.0,,1ea50126-29a3-449f-80a4-f66378ef70b8,OrderRole.Standalone,OrderType.Market,_default,,PositionEffect.Close,,3607000.0,False,,OrderSide.Sell,OrderStatus.Filled,601788.SH,,TimeInForce.GTC,,,,1419436800000000000,2014-12-24T16:00:00Z
,0.0,1419350400000000000,2014-12-23T16:00:00Z,0.0,,610beace-261d-4dd0-8857-32c68dcebdba,OrderRole.Standalone,OrderType.Market,_default,,PositionEffect.Close,,2493400.0,False,"Symbol 002180.SZ not tradable (zero volume, suspension) at execution timestamp 1419436800000000000",OrderSide.Sell,OrderStatus.Rejected,002180.SZ,,TimeInForce.GTC,,,,1419436800000000000,2014-12-24T16:00:00Z
13.76375,195902.8946875,1419350400000000000,2014-12-23T16:00:00Z,5693300.0,,b8b574b7-8987-448a-8f14-32bb02f96a19,OrderRole.Standalone,OrderType.Market,_default,,PositionEffect.Open,,5693300.0,False,,OrderSide.Buy,OrderStatus.Filled,600000.SH,,TimeInForce.GTC,,,,1419436800000000000,2014-12-24T16:00:00Z
11.42141,195020.57575,1419350400000000000,2014-12-23T16:00:00Z,6830000.0,,528b2edd-f28a-4fab-914c-d972aeda438e,OrderRole.Standalone,OrderType.Market,_default,,PositionEffect.Open,,6830000.0,False,,OrderSide.Buy,OrderStatus.Filled,600015.SH,,TimeInForce.GTC,,,,1419436800000000000,2014-12-24T16:00:00Z
3.27327,195356.936775,1419350400000000000,2014-12-23T16:00:00Z,23873000.0,,55d4db3b-f1bd-4a00-9985-adbc45953f09,OrderRole.Standalone,OrderType.Market,_default,,PositionEffect.Open,,23873000.0,False,,OrderSide.Buy,OrderStatus.Filled,601288.SH,,TimeInForce.GTC,,,,1419436800000000000,2014-12-24T16:00:00Z
4.38438,193986.8931,1419350400000000000,2014-12-23T16:00:00Z,17698000.0,,10c101a5-d5a7-4216-8fe7-6339c285f9f2,OrderRole.Standalone,OrderType.Market,_default,,PositionEffect.Open,,17698000.0,False,,OrderSide.Buy,OrderStatus.Filled,601398.SH,,TimeInForce.GTC,,,,1419436800000000000,2014-12-24T16:00:00Z
4.1041,194620.5261,1419350400000000000,2014-12-23T16:00:00Z,18968400.0,,08315970-e52c-4c0f-be9e-b64cc5ed32ef,OrderRole.Standalone,OrderType.Market,_default,,PositionEffect.Open,,18968400.0,False,,OrderSide.Buy,OrderStatus.Filled,601818.SH,,TimeInForce.GTC,,,,1419436800000000000,2014-12-24T16:00:00Z
9.5095,192177.4855,1419350400000000000,2014-12-23T16:00:00Z,8083600.0,,9a36352a-d707-4072-a695-395cb2be5511,OrderRole.Standalone,OrderType.Market,_default,,PositionEffect.Open,,8083600.0,False,,OrderSide.Buy,OrderStatus.Filled,601857.SH,,TimeInForce.GTC,,,,1419436800000000000,2014-12-24T16:00:00Z
3.24324,191772.7812,1419350400000000000,2014-12-23T16:00:00Z,23652000.0,,d6423774-508b-4901-aa63-e8209014612d,OrderRole.Standalone,OrderType.Market,_default,,PositionEffect.Open,,23652000.0,False,,OrderSide.Buy,OrderStatus.Filled,601899.SH,,TimeInForce.GTC,,,,1419436800000000000,2014-12-24T16:00:00Z
6.08608,196956.19944,1419350400000000000,2014-12-23T16:00:00Z,12944700.0,,da1482d5-56c7-4cea-be55-65243970f1bb,OrderRole.Standalone,OrderType.Market,_default,,PositionEffect.Open,,12944700.0,False,,OrderSide.Buy,OrderStatus.Filled,601939.SH,,TimeInForce.GTC,,,,1419436800000000000,2014-12-24T16:00:00Z
3.66366,196607.566155,1419350400000000000,2014-12-23T16:00:00Z,21465700.0,,df4196bd-e976-4a04-a4e7-08bcb4825885,OrderRole.Standalone,OrderType.Market,_default,,PositionEffect.Open,,21465700.0,False,,OrderSide.Buy,OrderStatus.Filled,601988.SH,,TimeInForce.GTC,,,,1419436800000000000,2014-12-24T16:00:00Z
6.89689,196040.649805,1419350400000000000,2014-12-23T16:00:00Z,11369800.0,,cc794642-462a-4807-972d-e7370b817bed,OrderRole.Standalone,OrderType.Market,_default,,PositionEffect.Open,,11369800.0,False,,OrderSide.Buy,OrderStatus.Filled,601998.SH,,TimeInForce.GTC,,,,1419436800000000000,2014-12-24T16:00:00Z
15.54444,221247.90063,1421942400000000000,2015-01-22T16:00:00Z,5693300.0,,abdfc541-48aa-445a-8a0a-902337223623,OrderRole.Standalone,OrderType.Market,_default,,PositionEffect.Close,,5693300.0,False,,OrderSide.Sell,OrderStatus.Filled,600000.SH,,TimeInForce.GTC,,,,1422201600000000000,2015-01-25T16:00:00Z
12.95703,221241.28725,1421942400000000000,2015-01-22T16:00:00Z,6830000.0,,2694faa3-f25f-4bd5-9562-282927969792,OrderRole.Standalone,OrderType.Market,_default,,PositionEffect.Close,,6830000.0,False,,OrderSide.Sell,OrderStatus.Filled,600015.SH,,TimeInForce.GTC,,,,1422201600000000000,2015-01-25T16:00:00Z
3.72627,222393.109275,1421942400000000000,2015-01-22T16:00:00Z,23873000.0,,3ffc3c3b-258e-4e68-9e58-203a36f3ad60,OrderRole.Standalone,OrderType.Market,_default,,PositionEffect.Close,,23873000.0,False,,OrderSide.Sell,OrderStatus.Filled,601288.SH,,TimeInForce.GTC,,,,1422201600000000000,2015-01-25T16:00:00Z
4.96503,219677.75235,1421942400000000000,2015-01-22T16:00:00Z,17698000.0,,ee73c3f4-248c-489a-bfaa-3d06030f5002,OrderRole.Standalone,OrderType.Market,_default,,PositionEffect.Close,,17698000.0,False,,OrderSide.Sell,OrderStatus.Filled,601398.SH,,TimeInForce.GTC,,,,1422201600000000000,2015-01-25T16:00:00Z
4.43556,210338.69076,1421942400000000000,2015-01-22T16:00:00Z,18968400.0,,95206884-00e4-4c77-96a2-e69931ddd9ef,OrderRole.Standalone,OrderType.Market,_default,,PositionEffect.Close,,18968400.0,False,,OrderSide.Sell,OrderStatus.Filled,601818.SH,,TimeInForce.GTC,,,,1422201600000000000,2015-01-25T16:00:00Z
12.66732,255993.86988,1421942400000000000,2015-01-22T16:00:00Z,8083600.0,,2fcd8aaa-84fe-4a3e-844f-e0459743fb7b,OrderRole.Standalone,OrderType.Market,_default,,PositionEffect.Close,,8083600.0,False,,OrderSide.Sell,OrderStatus.Filled,601857.SH,,TimeInForce.GTC,,,,1422201600000000000,2015-01-25T16:00:00Z
3.83616,226832.1408,1421942400000000000,2015-01-22T16:00:00Z,23652000.0,,a79b8a99-a4e4-4273-a674-ab9f64515687,OrderRole.Standalone,OrderType.Market,_default,,PositionEffect.Close,,23652000.0,False,,OrderSide.Sell,OrderStatus.Filled,601899.SH,,TimeInForce.GTC,,,,1422201600000000000,2015-01-25T16:00:00Z
6.17382,199795.619385,1421942400000000000,2015-01-22T16:00:00Z,12944700.0,,632af8bc-d1dc-47c5-90c9-6a794b4209de,OrderRole.Standalone,OrderType.Market,_default,,PositionEffect.Close,,12944700.0,False,,OrderSide.Sell,OrderStatus.Filled,601939.SH,,TimeInForce.GTC,,,,1422201600000000000,2015-01-25T16:00:00Z
4.77522,256258.599885,1421942400000000000,2015-01-22T16:00:00Z,21465700.0,,3afdedfc-5665-4bc6-8a04-dd6f0dc44aed,OrderRole.Standalone,OrderType.Market,_default,,PositionEffect.Close,,21465700.0,False,,OrderSide.Sell,OrderStatus.Filled,601988.SH,,TimeInForce.GTC,,,,1422201600000000000,2015-01-25T16:00:00Z
7.23276,205587.58662,1421942400000000000,2015-01-22T16:00:00Z,11369800.0,,d0cf4092-c0a8-4250-9211-1d9d6654f537,OrderRole.Standalone,OrderType.Market,_default,,PositionEffect.Close,,11369800.0,False,,OrderSide.Sell,OrderStatus.Filled,601998.SH,,TimeInForce.GTC,,,,1422201600000000000,2015-01-25T16:00:00Z
,0.0,1421942400000000000,2015-01-22T16:00:00Z,0.0,,b2da224b-6900-48d4-831f-3e8fd76678f0,OrderRole.Standalone,OrderType.Market,_default,,PositionEffect.Close,,2493400.0,False,"Symbol 002180.SZ not tradable (zero volume, suspension) at execution timestamp 1422201600000000000",OrderSide.Sell,OrderStatus.Rejected,002180.SZ,,TimeInForce.GTC,,,,1422201600000000000,2015-01-25T16:00:00Z
11.70169,213362.764615,1421942400000000000,2015-01-22T16:00:00Z,7293400.0,,277ef7a8-e4dc-4f4f-a167-5acddfcf8bfd,OrderRole.Standalone,OrderType.Market,_default,,PositionEffect.Open,,7293400.0,False,,OrderSide.Buy,OrderStatus.Filled,000408.SZ,,TimeInForce.GTC,,,,1422201600000000000,2015-01-25T16:00:00Z
56.83678,216320.78468,1421942400000000000,2015-01-22T16:00:00Z,1522400.0,,7435406b-dcdb-47b8-b517-c6d06852c0d6,OrderRole.Standalone,OrderType.Market,_default,,PositionEffect.Open,,1522400.0,False,,OrderSide.Buy,OrderStatus.Filled,000963.SZ,,TimeInForce.GTC,,,,1422201600000000000,2015-01-25T16:00:00Z
45.65561,220231.2487375,1421942400000000000,2015-01-22T16:00:00Z,1929500.0,,0f3461db-b5e5-4f21-a4cc-6f3dc1a78e40,OrderRole.Standalone,OrderType.Market,_default,,PositionEffect.Open,,1929500.0,False,,OrderSide.Buy,OrderStatus.Filled,002252.SZ,,TimeInForce.GTC,,,,1422201600000000000,2015-01-25T16:00:00Z
46.1461,219309.34025,1421942400000000000,2015-01-22T16:00:00Z,1901000.0,,371ccc45-ec67-4d86-b7c3-330181cf1fff,OrderRole.Standalone,OrderType.Market,_default,,PositionEffect.Open,,1901000.0,False,,OrderSide.Buy,OrderStatus.Filled,002555.SZ,,TimeInForce.GTC,,,,1422201600000000000,2015-01-25T16:00:00Z
57.88783,219510.65136,1421942400000000000,2015-01-22T16:00:00Z,1516800.0,,2480a9be-4f07-4dec-baeb-0d60d028243c,OrderRole.Standalone,OrderType.Market,_default,,PositionEffect.Open,,1516800.0,False,,OrderSide.Buy,OrderStatus.Filled,300033.SZ,,TimeInForce.GTC,,,,1422201600000000000,2015-01-25T16:00:00Z
40.57053,220906.53585,1421942400000000000,2015-01-22T16:00:00Z,2178000.0,,ec925c05-e7c3-486f-a666-74c7394fc1be,OrderRole.Standalone,OrderType.Market,_default,,PositionEffect.Open,,2178000.0,False,,OrderSide.Buy,OrderStatus.Filled,300059.SZ,,TimeInForce.GTC,,,,1422201600000000000,2015-01-25T16:00:00Z
26.37635,217433.441225,1421942400000000000,2015-01-22T16:00:00Z,3297400.0,,2555f1e6-d464-4f76-83bb-3848843d3730,OrderRole.Standalone,OrderType.Market,_default,,PositionEffect.Open,,3297400.0,False,,OrderSide.Buy,OrderStatus.Filled,300251.SZ,,TimeInForce.GTC,,,,1422201600000000000,2015-01-25T16:00:00Z
22.13211,215140.7082825,1421942400000000000,2015-01-22T16:00:00Z,3888300.0,,9b72eb41-da70-4f74-85ee-cf63d4773bdb,OrderRole.Standalone,OrderType.Market,_default,,PositionEffect.Open,,3888300.0,False,,OrderSide.Buy,OrderStatus.Filled,600061.SH,,TimeInForce.GTC,,,,1422201600000000000,2015-01-25T16:00:00Z
24.3243,219015.9972,1421942400000000000,2015-01-22T16:00:00Z,3601600.0,,63a3935b-ccd0-450c-9f55-06780e4841f8,OrderRole.Standalone,OrderType.Market,_default,,PositionEffect.Open,,3601600.0,False,,OrderSide.Buy,OrderStatus.Filled,601788.SH,,TimeInForce.GTC,,,,1422201600000000000,2015-01-25T16:00:00Z
12.8128,215636.2208,1421942400000000000,2015-01-22T16:00:00Z,6731900.0,,faa2c753-d314-4239-a180-18045b773c26,OrderRole.Standalone,OrderType.Market,_default,,PositionEffect.Open,,6731900.0,False,,OrderSide.Buy,OrderStatus.Filled,601800.SH,,TimeInForce.GTC,,,,1422201600000000000,2015-01-25T16:00:00Z
11.99799,218765.350665,1424966400000000000,2015-02-26T16:00:00Z,7293400.0,,1ba656cc-9166-466f-b359-3278c3d1be42,OrderRole.Standalone,OrderType.Market,_default,,PositionEffect.Close,,7293400.0,False,,OrderSide.Sell,OrderStatus.Filled,000408.SZ,,TimeInForce.GTC,,,,1425225600000000000,2015-03-01T16:00:00Z
53.27667,202771.00602,1424966400000000000,2015-02-26T16:00:00Z,1522400.0,,b2e7c813-fe0a-4ebd-a6ae-a242c217c448,OrderRole.Standalone,OrderType.Market,_default,,PositionEffect.Close,,1522400.0,False,,OrderSide.Sell,OrderStatus.Filled,000963.SZ,,TimeInForce.GTC,,,,1425225600000000000,2015-03-01T16:00:00Z
53.1468,18229.3524,1424966400000000000,2015-02-26T16:00:00Z,137200.0,,22953097-7df1-467a-8f34-ece348c6891a,OrderRole.Standalone,OrderType.Market,_default,,PositionEffect.Close,,137200.0,False,,OrderSide.Sell,OrderStatus.Filled,002252.SZ,,TimeInForce.GTC,,,,1425225600000000000,2015-03-01T16:00:00Z
86.0139,87777.18495,1424966400000000000,2015-02-26T16:00:00Z,408200.0,,916062ee-2e3c-42b1-a4b7-3bd938b02826,OrderRole.Standalone,OrderType.Market,_default,,PositionEffect.Close,,408200.0,False,,OrderSide.Sell,OrderStatus.Filled,300033.SZ,,TimeInForce.GTC,,,,1425225600000000000,2015-03-01T16:00:00Z
28.2717,233057.75895,1424966400000000000,2015-02-26T16:00:00Z,3297400.0,,a816f89e-e000-43a0-933a-1777be2523d4,OrderRole.Standalone,OrderType.Market,_default,,PositionEffect.Close,,3297400.0,False,,OrderSide.Sell,OrderStatus.Filled,300251.SZ,,TimeInForce.GTC,,,,1425225600000000000,2015-03-01T16:00:00Z
22.94703,223062.3418725,1424966400000000000,2015-02-26T16:00:00Z,3888300.0,,cac89b9b-da4f-4cb6-ba22-00d336a19f81,OrderRole.Standalone,OrderType.Market,_default,,PositionEffect.Close,,3888300.0,False,,OrderSide.Sell,OrderStatus.Filled,600061.SH,,TimeInForce.GTC,,,,1425225600000000000,2015-03-01T16:00:00Z
25.22475,227123.649,1424966400000000000,2015-02-26T16:00:00Z,3601600.0,,a4fefe49-a47c-4269-939c-e0b9851e92c4,OrderRole.Standalone,OrderType.Market,_default,,PositionEffect.Close,,3601600.0,False,,OrderSide.Sell,OrderStatus.Filled,601788.SH,,TimeInForce.GTC,,,,1425225600000000000,2015-03-01T16:00:00Z
14.10588,237398.43393,1424966400000000000,2015-02-26T16:00:00Z,6731900.0,,7fea5f33-3e4d-4f16-ac38-1ae826b38054,OrderRole.Standalone,OrderType.Market,_default,,PositionEffect.Close,,6731900.0,False,,OrderSide.Sell,OrderStatus.Filled,601800.SH,,TimeInForce.GTC,,,,1425225600000000000,2015-03-01T16:00:00Z
,0.0,1424966400000000000,2015-02-26T16:00:00Z,0.0,,de64113b-cc20-4a56-b045-606a932196dd,OrderRole.Standalone,OrderType.Market,_default,,PositionEffect.Close,,1901000.0,False,"Symbol 002555.SZ not tradable (zero volume, suspension) at execution timestamp 1425225600000000000",OrderSide.Sell,OrderStatus.Rejected,002555.SZ,,TimeInForce.GTC,,,,1425225600000000000,2015-03-01T16:00:00Z
,0.0,1424966400000000000,2015-02-26T16:00:00Z,0.0,,d9bfea9b-b111-4818-a6cc-6e88bd8de34a,OrderRole.Standalone,OrderType.Market,_default,,PositionEffect.Close,,2178000.0,False,"Symbol 300059.SZ not tradable (zero volume, suspension) at execution timestamp 1425225600000000000",OrderSide.Sell,OrderStatus.Rejected,300059.SZ,,TimeInForce.GTC,,,,1425225600000000000,2015-03-01T16:00:00Z
,0.0,1424966400000000000,2015-02-26T16:00:00Z,0.0,,3cf03734-e6e7-4504-9f25-375a68657393,OrderRole.Standalone,OrderType.Market,_default,,PositionEffect.Close,,2493400.0,False,"Symbol 002180.SZ not tradable (zero volume, suspension) at execution timestamp 1425225600000000000",OrderSide.Sell,OrderStatus.Rejected,002180.SZ,,TimeInForce.GTC,,,,1425225600000000000,2015-03-01T16:00:00Z
51.051,243372.87975,1424966400000000000,2015-02-26T16:00:00Z,1906900.0,,cea04eda-7668-45df-9fd5-cb0098d3b25a,OrderRole.Standalone,OrderType.Market,_default,,PositionEffect.Open,,1906900.0,False,,OrderSide.Buy,OrderStatus.Filled,000977.SZ,,TimeInForce.GTC,,,,1425225600000000000,2015-03-01T16:00:00Z
26.00598,243467.98476,1424966400000000000,2015-02-26T16:00:00Z,3744800.0,,97ca4f48-46a7-40f4-9248-775812878192,OrderRole.Standalone,OrderType.Market,_default,,PositionEffect.Open,,3744800.0,False,,OrderSide.Buy,OrderStatus.Filled,002129.SZ,,TimeInForce.GTC,,,,1425225600000000000,2015-03-01T16:00:00Z
43.75371,238599.9190575,1424966400000000000,2015-02-26T16:00:00Z,2181300.0,,fb32de8d-30ef-4534-9353-acb9086a53ad,OrderRole.Standalone,OrderType.Market,_default,,PositionEffect.Open,,2181300.0,False,,OrderSide.Buy,OrderStatus.Filled,300347.SZ,,TimeInForce.GTC,,,,1425225600000000000,2015-03-01T16:00:00Z
33.2332,236105.2694,1424966400000000000,2015-02-26T16:00:00Z,2841800.0,,12b41995-faf2-4ad4-9ce7-bc630ed46506,OrderRole.Standalone,OrderType.Market,_default,,PositionEffect.Open,,2841800.0,False,,OrderSide.Buy,OrderStatus.Filled,300413.SZ,,TimeInForce.GTC,,,,1425225600000000000,2015-03-01T16:00:00Z
68.068,238459.221,1424966400000000000,2015-02-26T16:00:00Z,1401300.0,,0c844ad5-d14d-48bf-bdeb-325f769403df,OrderRole.Standalone,OrderType.Market,_default,,PositionEffect.Open,,1401300.0,False,,OrderSide.Buy,OrderStatus.Filled,300418.SZ,,TimeInForce.GTC,,,,1425225600000000000,2015-03-01T16:00:00Z
,0.0,1424966400000000000,2015-02-26T16:00:00Z,0.0,,b2898790-4499-451e-ae35-490df34b82a9,OrderRole.Standalone,OrderType.Market,_default,,PositionEffect.Open,,2393800.0,False,"Risk: Insufficient margin at execution. Required: 95679000.0516350000000000001, Available: 33444304.2964424990530569427",OrderSide.Buy,OrderStatus.Rejected,600588.SH,,TimeInForce.GTC,,,,1425225600000000000,2015-03-01T16:00:00Z
,0.0,1424966400000000000,2015-02-26T16:00:00Z,0.0,,5cd440a7-27c0-4cde-9147-25eebb2688a8,OrderRole.Standalone,OrderType.Market,_default,,PositionEffect.Open,,1361600.0,False,"Risk: Insufficient margin at execution. Required: 94716699.3572800000000000001, Available: 33444304.2964424990530569427",OrderSide.Buy,OrderStatus.Rejected,601021.SH,,TimeInForce.GTC,,,,1425225600000000000,2015-03-01T16:00:00Z
77.48741,238583.73539,1424966400000000000,2015-02-26T16:00:00Z,1231600.0,,18648ca6-860a-433d-abf7-f9e60acca853,OrderRole.Standalone,OrderType.Market,_default,,PositionEffect.Open,,1231600.0,False,,OrderSide.Buy,OrderStatus.Filled,600570.SH,,TimeInForce.GTC,,,,1425225600000000000,2015-03-01T16:00:00Z
52.4475,235004.135625,1425225600000000000,2015-03-01T16:00:00Z,1792300.0,,dea59239-5b47-4c91-9ad0-961409b9fb14,OrderRole.Standalone,OrderType.Market,_default,,PositionEffect.Close,,1792300.0,False,,OrderSide.Sell,OrderStatus.Filled,002252.SZ,,TimeInForce.GTC,,,,1425312000000000000,2015-03-02T16:00:00Z
89.90001,249157.877715,1425225600000000000,2015-03-01T16:00:00Z,1108600.0,,5c9ac997-c26c-44aa-b014-8971cd539ac7,OrderRole.Standalone,OrderType.Market,_default,,PositionEffect.Close,,1108600.0,False,,OrderSide.Sell,OrderStatus.Filled,300033.SZ,,TimeInForce.GTC,,,,1425312000000000000,2015-03-02T16:00:00Z
57.942,276223.9995,1427385600000000000,2015-03-26T16:00:00Z,1906900.0,,8ef35659-5880-425f-9297-8b0977a231c0,OrderRole.Standalone,OrderType.Market,_default,,PositionEffect.Close,,1906900.0,False,,OrderSide.Sell,OrderStatus.Filled,000977.SZ,,TimeInForce.GTC,,,,1427644800000000000,2015-03-29T16:00:00Z
34.64532,324349.48584,1427385600000000000,2015-03-26T16:00:00Z,3744800.0,,272d95cd-d310-4959-8acd-e29faf36d069,OrderRole.Standalone,OrderType.Market,_default,,PositionEffect.Close,,3744800.0,False,,OrderSide.Sell,OrderStatus.Filled,002129.SZ,,TimeInForce.GTC,,,,1427644800000000000,2015-03-29T16:00:00Z
51.22872,279363.01734,1427385600000000000,2015-03-26T16:00:00Z,2181300.0,,27653352-2073-4f34-9fac-88b8e321f08a,OrderRole.Standalone,OrderType.Market,_default,,PositionEffect.Close,,2181300.0,False,,OrderSide.Sell,OrderStatus.Filled,300347.SZ,,TimeInForce.GTC,,,,1427644800000000000,2015-03-29T16:00:00Z
37.75221,268210.575945,1427385600000000000,2015-03-26T16:00:00Z,2841800.0,,52b6c521-7081-4605-8c61-2f21290cc01f,OrderRole.Standalone,OrderType.Market,_default,,PositionEffect.Close,,2841800.0,False,,OrderSide.Sell,OrderStatus.Filled,300413.SZ,,TimeInForce.GTC,,,,1427644800000000000,2015-03-29T16:00:00Z
78.91101,276444.9957825,1427385600000000000,2015-03-26T16:00:00Z,1401300.0,,5dc58ce2-0096-4179-a021-298dd4104d55,OrderRole.Standalone,OrderType.Market,_default,,PositionEffect.Close,,1401300.0,False,,OrderSide.Sell,OrderStatus.Filled,300418.SZ,,TimeInForce.GTC,,,,1427644800000000000,2015-03-29T16:00:00Z
105.6942,325432.4418,1427385600000000000,2015-03-26T16:00:00Z,1231600.0,,4c54ffb3-3c64-4ba5-bf7a-06e5db2edd53,OrderRole.Standalone,OrderType.Market,_default,,PositionEffect.Close,,1231600.0,False,,OrderSide.Sell,OrderStatus.Filled,600570.SH,,TimeInForce.GTC,,,,1427644800000000000,2015-03-29T16:00:00Z
,0.0,1427385600000000000,2015-03-26T16:00:00Z,0.0,,7f6b41cc-00f8-4134-943c-67924af68623,OrderRole.Standalone,OrderType.Market,_default,,PositionEffect.Close,,1901000.0,False,"Symbol 002555.SZ not tradable (zero volume, suspension) at execution timestamp 1427644800000000000",OrderSide.Sell,OrderStatus.Rejected,002555.SZ,,TimeInForce.GTC,,,,1427644800000000000,2015-03-29T16:00:00Z
,0.0,1427385600000000000,2015-03-26T16:00:00Z,0.0,,b0d36cb9-4a8b-4692-883f-36d0264ab745,OrderRole.Standalone,OrderType.Market,_default,,PositionEffect.Close,,2178000.0,False,"Symbol 300059.SZ not tradable (zero volume, suspension) at execution timestamp 1427644800000000000",OrderSide.Sell,OrderStatus.Rejected,300059.SZ,,TimeInForce.GTC,,,,1427644800000000000,2015-03-29T16:00:00Z
,0.0,1427385600000000000,2015-03-26T16:00:00Z,0.0,,7c2136ee-af01-4242-b19c-2467aa1bc47f,OrderRole.Standalone,OrderType.Market,_default,,PositionEffect.Close,,2493400.0,False,"Symbol 002180.SZ not tradable (zero volume, suspension) at execution timestamp 1427644800000000000",OrderSide.Sell,OrderStatus.Rejected,002180.SZ,,TimeInForce.GTC,,,,1427644800000000000,2015-03-29T16:00:00Z
115.78567,260865.11451,1427385600000000000,2015-03-26T16:00:00Z,901200.0,,32b2d1d5-afbb-4521-9f24-51c6b771721a,OrderRole.Standalone,OrderType.Market,_default,,PositionEffect.Open,,901200.0,False,,OrderSide.Buy,OrderStatus.Filled,300033.SZ,,TimeInForce.GTC,,,,1427644800000000000,2015-03-29T16:00:00Z
26.5265,267572.8055,1427385600000000000,2015-03-26T16:00:00Z,4034800.0,,ac4cc6c3-c0fe-4869-b5c0-46511e7ce26f,OrderRole.Standalone,OrderType.Market,_default,,PositionEffect.Open,,4034800.0,False,,OrderSide.Buy,OrderStatus.Filled,600061.SH,,TimeInForce.GTC,,,,1427644800000000000,2015-03-29T16:00:00Z
26.25623,271279.36836,1427385600000000000,2015-03-26T16:00:00Z,4132800.0,,dc8fedf5-88ba-4582-adbf-7013f0962686,OrderRole.Standalone,OrderType.Market,_default,,PositionEffect.Open,,4132800.0,False,,OrderSide.Buy,OrderStatus.Filled,600415.SH,,TimeInForce.GTC,,,,1427644800000000000,2015-03-29T16:00:00Z
46.57653,263006.0207775,1427385600000000000,2015-03-26T16:00:00Z,2258700.0,,74c4eff2-60e9-4cae-8cdf-533751a843ff,OrderRole.Standalone,OrderType.Market,_default,,PositionEffect.Open,,2258700.0,False,,OrderSide.Buy,OrderStatus.Filled,601012.SH,,TimeInForce.GTC,,,,1427644800000000000,2015-03-29T16:00:00Z
86.12604,267938.11044,1427385600000000000,2015-03-26T16:00:00Z,1244400.0,,e1a8d670-394b-4e92-8863-0ca771315917,OrderRole.Standalone,OrderType.Market,_default,,PositionEffect.Open,,1244400.0,False,,OrderSide.Buy,OrderStatus.Filled,601021.SH,,TimeInForce.GTC,,,,1427644800000000000,2015-03-29T16:00:00Z
18.018,270184.4145,1427385600000000000,2015-03-26T16:00:00Z,5998100.0,,28c4d2cd-7dec-4607-b024-97ae3c64c5f9,OrderRole.Standalone,OrderType.Market,_default,,PositionEffect.Open,,5998100.0,False,,OrderSide.Buy,OrderStatus.Filled,601186.SH,,TimeInForce.GTC,,,,1427644800000000000,2015-03-29T16:00:00Z
12.86285,275457.93275,1427385600000000000,2015-03-26T16:00:00Z,8566000.0,,619ce1c3-4bd9-4bbd-bab1-4f3bd5486922,OrderRole.Standalone,OrderType.Market,_default,,PositionEffect.Open,,8566000.0,False,,OrderSide.Buy,OrderStatus.Filled,601390.SH,,TimeInForce.GTC,,,,1427644800000000000,2015-03-29T16:00:00Z
,0.0,1427385600000000000,2015-03-26T16:00:00Z,0.0,,1ea377ab-1cf7-45bd-9ab8-295db7de4908,OrderRole.Standalone,OrderType.Market,_default,,PositionEffect.Open,,6312300.0,False,"Symbol 601766.SH not tradable (zero volume, suspension) at execution timestamp 1427644800000000000",OrderSide.Buy,OrderStatus.Rejected,601766.SH,,TimeInForce.GTC,,,,1427644800000000000,2015-03-29T16:00:00Z
16.7167,274968.819125,1427385600000000000,2015-03-26T16:00:00Z,6579500.0,,f43a6063-4e75-48fa-9729-079a0996f411,OrderRole.Standalone,OrderType.Market,_default,,PositionEffect.Open,,6579500.0,False,,OrderSide.Buy,OrderStatus.Filled,601800.SH,,TimeInForce.GTC,,,,1427644800000000000,2015-03-29T16:00:00Z
,0.0,1427385600000000000,2015-03-26T16:00:00Z,0.0,,f45dd13d-e5fd-44ff-81c4-8015ade7a843,OrderRole.Standalone,OrderType.Market,_default,,PositionEffect.Open,,1512800.0,False,"Risk: Insufficient margin at execution. Required: 107906447.2085600000000000001, Available: 62224422.6149324990530569428",OrderSide.Buy,OrderStatus.Rejected,603019.SH,,TimeInForce.GTC,,,,1427644800000000000,2015-03-29T16:00:00Z
86.913,270386.343,1427644800000000000,2015-03-29T16:00:00Z,1244400.0,,b85ccabf-4ddb-47c2-9b07-4452288d2839,OrderRole.Standalone,OrderType.Market,_default,,PositionEffect.Close,,1244400.0,False,,OrderSide.Sell,OrderStatus.Filled,601021.SH,,TimeInForce.GTC,,,,1427731200000000000,2015-03-30T16:00:00Z
94.96494,86251.906755,1430064000000000000,2015-04-26T16:00:00Z,363300.0,,2d5a931f-6727-4cd6-9f63-2299429977df,OrderRole.Standalone,OrderType.Market,_default,,PositionEffect.Close,,363300.0,False,,OrderSide.Sell,OrderStatus.Filled,300033.SZ,,TimeInForce.GTC,,,,1430150400000000000,2015-04-27T16:00:00Z
69.31062,140891.162805,1430064000000000000,2015-04-26T16:00:00Z,813100.0,,23c0f6d1-1ba4-4084-a933-1549bc8b51c9,OrderRole.Standalone,OrderType.Market,_default,,PositionEffect.Close,,813100.0,False,,OrderSide.Sell,OrderStatus.Filled,300059.SZ,,TimeInForce.GTC,,,,1430150400000000000,2015-04-27T16:00:00Z
30.5694,308353.5378,1430064000000000000,2015-04-26T16:00:00Z,4034800.0,,d060973d-1a12-4600-96ca-dd36d9779472,OrderRole.Standalone,OrderType.Market,_default,,PositionEffect.Close,,4034800.0,False,,OrderSide.Sell,OrderStatus.Filled,600061.SH,,TimeInForce.GTC,,,,1430150400000000000,2015-04-27T16:00:00Z
25.974,268363.368,1430064000000000000,2015-04-26T16:00:00Z,4132800.0,,fef3eb1e-be2d-4d7d-a823-f4ffd64df00f,OrderRole.Standalone,OrderType.Market,_default,,PositionEffect.Close,,4132800.0,False,,OrderSide.Sell,OrderStatus.Filled,600415.SH,,TimeInForce.GTC,,,,1430150400000000000,2015-04-27T16:00:00Z
62.54739,353189.4744825,1430064000000000000,2015-04-26T16:00:00Z,2258700.0,,39779252-04b7-461f-9dcf-e84880cd60b1,OrderRole.Standalone,OrderType.Market,_default,,PositionEffect.Close,,2258700.0,False,,OrderSide.Sell,OrderStatus.Filled,601012.SH,,TimeInForce.GTC,,,,1430150400000000000,2015-04-27T16:00:00Z
25.95402,389187.018405,1430064000000000000,2015-04-26T16:00:00Z,5998100.0,,1d7825ea-94a4-45fd-b207-36323a251f7f,OrderRole.Standalone,OrderType.Market,_default,,PositionEffect.Close,,5998100.0,False,,OrderSide.Sell,OrderStatus.Filled,601186.SH,,TimeInForce.GTC,,,,1430150400000000000,2015-04-27T16:00:00Z
20.7792,444986.568,1430064000000000000,2015-04-26T16:00:00Z,8566000.0,,2a70c75b-d37a-4680-abef-bedc629732f9,OrderRole.Standalone,OrderType.Market,_default,,PositionEffect.Close,,8566000.0,False,,OrderSide.Sell,OrderStatus.Filled,601390.SH,,TimeInForce.GTC,,,,1430150400000000000,2015-04-27T16:00:00Z
22.6773,373013.238375,1430064000000000000,2015-04-26T16:00:00Z,6579500.0,,e2e87693-5470-4528-8637-ddd238ce45ab,OrderRole.Standalone,OrderType.Market,_default,,PositionEffect.Close,,6579500.0,False,,OrderSide.Sell,OrderStatus.Filled,601800.SH,,TimeInForce.GTC,,,,1430150400000000000,2015-04-27T16:00:00Z
,0.0,1430064000000000000,2015-04-26T16:00:00Z,0.0,,b14db70b-31fd-42e3-9eec-949f97419ad4,OrderRole.Standalone,OrderType.Market,_default,,PositionEffect.Close,,1901000.0,False,"Symbol 002555.SZ not tradable (zero volume, suspension) at execution timestamp 1430150400000000000",OrderSide.Sell,OrderStatus.Rejected,002555.SZ,,TimeInForce.GTC,,,,1430150400000000000,2015-04-27T16:00:00Z
,0.0,1430064000000000000,2015-04-26T16:00:00Z,0.0,,b90654c2-a924-441d-8754-b25003d08501,OrderRole.Standalone,OrderType.Market,_default,,PositionEffect.Close,,2493400.0,False,"Symbol 002180.SZ not tradable (zero volume, suspension) at execution timestamp 1430150400000000000",OrderSide.Sell,OrderStatus.Rejected,002180.SZ,,TimeInForce.GTC,,,,1430150400000000000,2015-04-27T16:00:00Z
67.12706,355823.763295,1430064000000000000,2015-04-26T16:00:00Z,2120300.0,,0e58b6f8-3e74-4a09-a389-6f1639eac6a1,OrderRole.Standalone,OrderType.Market,_default,,PositionEffect.Open,,2120300.0,False,,OrderSide.Buy,OrderStatus.Filled,002466.SZ,,TimeInForce.GTC,,,,1430150400000000000,2015-04-27T16:00:00Z
25.4254,351811.2598,1430064000000000000,2015-04-26T16:00:00Z,5534800.0,,54131bb6-f615-4823-ba7d-0b7e943b6aef,OrderRole.Standalone,OrderType.Market,_default,,PositionEffect.Open,,5534800.0,False,,OrderSide.Buy,OrderStatus.Filled,002493.SZ,,TimeInForce.GTC,,,,1430150400000000000,2015-04-27T16:00:00Z
42.3423,350424.8748,1430064000000000000,2015-04-26T16:00:00Z,3310400.0,,9a1d15cd-eccc-4b28-84f6-4634bc743b28,OrderRole.Standalone,OrderType.Market,_default,,PositionEffect.Open,,3310400.0,False,,OrderSide.Buy,OrderStatus.Filled,002625.SZ,,TimeInForce.GTC,,,,1430150400000000000,2015-04-27T16:00:00Z
41.32128,349113.1644,1430064000000000000,2015-04-26T16:00:00Z,3379500.0,,47b6e5c6-f2dc-4ecc-9ef6-c46ecce26b34,OrderRole.Standalone,OrderType.Market,_default,,PositionEffect.Open,,3379500.0,False,,OrderSide.Buy,OrderStatus.Filled,300015.SZ,,TimeInForce.GTC,,,,1430150400000000000,2015-04-27T16:00:00Z
82.82274,355226.73186,1430064000000000000,2015-04-26T16:00:00Z,1715600.0,,1ac21a64-186e-467f-aad4-03b8113b85a9,OrderRole.Standalone,OrderType.Market,_default,,PositionEffect.Open,,1715600.0,False,,OrderSide.Buy,OrderStatus.Filled,300347.SZ,,TimeInForce.GTC,,,,1430150400000000000,2015-04-27T16:00:00Z
122.122,343651.308,1430064000000000000,2015-04-26T16:00:00Z,1125600.0,,44654f24-d0e7-4781-8306-c72e80e4f0d1,OrderRole.Standalone,OrderType.Market,_default,,PositionEffect.Open,,1125600.0,False,,OrderSide.Buy,OrderStatus.Filled,300418.SZ,,TimeInForce.GTC,,,,1430150400000000000,2015-04-27T16:00:00Z
15.12511,388106.5413225,1430064000000000000,2015-04-26T16:00:00Z,10263900.0,,ea3e8be7-67e2-45c4-98b6-6f888b6c27ac,OrderRole.Standalone,OrderType.Market,_default,,PositionEffect.Open,,10263900.0,False,,OrderSide.Buy,OrderStatus.Filled,601669.SH,,TimeInForce.GTC,,,,1430150400000000000,2015-04-27T16:00:00Z
,0.0,1430064000000000000,2015-04-26T16:00:00Z,0.0,,eef84b24-38e9-4636-8963-b3d92b7d7292,OrderRole.Standalone,OrderType.Market,_default,,PositionEffect.Open,,1293300.0,False,"Risk: Insufficient margin at execution. Required: 154441744.2067500000000000000, Available: 113479752.0118324877059736696",OrderSide.Buy,OrderStatus.Rejected,603019.SH,,TimeInForce.GTC,,,,1430150400000000000,2015-04-27T16:00:00Z
100.91898,363081.260295,1430150400000000000,2015-04-27T16:00:00Z,1439100.0,,be3f9aca-a6fc-4fc0-a6c7-da4ce0a62066,OrderRole.Standalone,OrderType.Market,_default,,PositionEffect.Close,,1439100.0,False,,OrderSide.Sell,OrderStatus.Filled,300033.SZ,,TimeInForce.GTC,,,,1430236800000000000,2015-04-28T16:00:00Z
71.66826,379895.529195,1432569600000000000,2015-05-25T16:00:00Z,2120300.0,,20d0b696-c31d-42e9-a530-db2ce485021c,OrderRole.Standalone,OrderType.Market,_default,,PositionEffect.Close,,2120300.0,False,,OrderSide.Sell,OrderStatus.Filled,002466.SZ,,TimeInForce.GTC,,,,1432656000000000000,2015-05-26T16:00:00Z
31.87809,441097.13133,1432569600000000000,2015-05-25T16:00:00Z,5534800.0,,98b18aa4-95bb-4d57-846b-332cf6313224,OrderRole.Standalone,OrderType.Market,_default,,PositionEffect.Close,,5534800.0,False,,OrderSide.Sell,OrderStatus.Filled,002493.SZ,,TimeInForce.GTC,,,,1432656000000000000,2015-05-26T16:00:00Z
59.4405,762725.635875,1432569600000000000,2015-05-25T16:00:00Z,5132700.0,,35549499-2e0c-4761-b4ce-41a96719576d,OrderRole.Standalone,OrderType.Market,_default,,PositionEffect.Close,,5132700.0,False,,OrderSide.Sell,OrderStatus.Filled,002555.SZ,,TimeInForce.GTC,,,,1432656000000000000,2015-05-26T16:00:00Z
78.6213,650669.8788,1432569600000000000,2015-05-25T16:00:00Z,3310400.0,,7af1deaa-8e52-4cf2-9425-a8a1812ee87c,OrderRole.Standalone,OrderType.Market,_default,,PositionEffect.Close,,3310400.0,False,,OrderSide.Sell,OrderStatus.Filled,002625.SZ,,TimeInForce.GTC,,,,1432656000000000000,2015-05-26T16:00:00Z
49.4505,417794.911875,1432569600000000000,2015-05-25T16:00:00Z,3379500.0,,4b1baa88-0f1c-4933-91d9-3b3f1c507781,OrderRole.Standalone,OrderType.Market,_default,,PositionEffect.Close,,3379500.0,False,,OrderSide.Sell,OrderStatus.Filled,300015.SZ,,TimeInForce.GTC,,,,1432656000000000000,2015-05-26T16:00:00Z
,0.0,1432569600000000000,2015-05-25T16:00:00Z,0.0,,4097de13-2202-4c14-8ca5-f81a82705d4e,OrderRole.Standalone,OrderType.Market,_default,,PositionEffect.Close,,2236100.0,False,"Risk: Insufficient available position for 300059.SZ at execution. Available: 2236099.9999999998065547401878, Required: 2236100",OrderSide.Sell,OrderStatus.Rejected,300059.SZ,,TimeInForce.GTC,,,,1432656000000000000,2015-05-26T16:00:00Z
52.39755,449466.1839,1432569600000000000,2015-05-25T16:00:00Z,3431200.0,,c4f886eb-392b-4510-a229-664304a8d15d,OrderRole.Standalone,OrderType.Market,_default,,PositionEffect.Close,,3431200.0,False,,OrderSide.Sell,OrderStatus.Filled,300347.SZ,,TimeInForce.GTC,,,,1432656000000000000,2015-05-26T16:00:00Z
17.16282,440393.670495,1432569600000000000,2015-05-25T16:00:00Z,10263900.0,,8af7bb28-24af-4031-91e1-668f80cb7f82,OrderRole.Standalone,OrderType.Market,_default,,PositionEffect.Close,,10263900.0,False,,OrderSide.Sell,OrderStatus.Filled,601669.SH,,TimeInForce.GTC,,,,1432656000000000000,2015-05-26T16:00:00Z
,0.0,1432569600000000000,2015-05-25T16:00:00Z,0.0,,24da5978-553f-48f3-8911-b848379af2ef,OrderRole.Standalone,OrderType.Market,_default,,PositionEffect.Close,,1125600.0,False,"Symbol 300418.SZ not tradable (zero volume, suspension) at execution timestamp 1432656000000000000",OrderSide.Sell,OrderStatus.Rejected,300418.SZ,,TimeInForce.GTC,,,,1432656000000000000,2015-05-26T16:00:00Z
35.27524,533749.65644,1432569600000000000,2015-05-25T16:00:00Z,6052400.0,,6ee7189b-731b-4c63-ab4b-acc90279ba9a,OrderRole.Standalone,OrderType.Market,_default,,PositionEffect.Open,,6052400.0,False,,OrderSide.Buy,OrderStatus.Filled,000938.SZ,,TimeInForce.GTC,,,,1432656000000000000,2015-05-26T16:00:00Z
9.49949,489931.447005,1432569600000000000,2015-05-25T16:00:00Z,20629800.0,,2e1eb5a5-f8b7-4a83-ab75-ddf0cdfd1a8f,OrderRole.Standalone,OrderType.Market,_default,,PositionEffect.Open,,20629800.0,False,,OrderSide.Buy,OrderStatus.Filled,600023.SH,,TimeInForce.GTC,,,,1432656000000000000,2015-05-26T16:00:00Z
24.23421,533788.7680125,1432569600000000000,2015-05-25T16:00:00Z,8810500.0,,232579e8-61c9-4916-a569-e3da6a381461,OrderRole.Standalone,OrderType.Market,_default,,PositionEffect.Open,,8810500.0,False,,OrderSide.Buy,OrderStatus.Filled,600522.SH,,TimeInForce.GTC,,,,1432656000000000000,2015-05-26T16:00:00Z
27.44742,507880.197825,1432569600000000000,2015-05-25T16:00:00Z,7401500.0,,be294e52-b3ac-416b-8eca-2798e24757dd,OrderRole.Standalone,OrderType.Market,_default,,PositionEffect.Open,,7401500.0,False,,OrderSide.Buy,OrderStatus.Filled,600584.SH,,TimeInForce.GTC,,,,1432656000000000000,2015-05-26T16:00:00Z
15.57556,486533.76772,1432569600000000000,2015-05-25T16:00:00Z,12494800.0,,2d1d2a95-b70f-4064-8ce9-dd4eb614680b,OrderRole.Standalone,OrderType.Market,_default,,PositionEffect.Open,,12494800.0,False,,OrderSide.Buy,OrderStatus.Filled,601901.SH,,TimeInForce.GTC,,,,1432656000000000000,2015-05-26T16:00:00Z
6.85685,485286.7019,1432569600000000000,2015-05-25T16:00:00Z,28309600.0,,18a2f47f-f049-42cb-87ac-a4ffabed952a,OrderRole.Standalone,OrderType.Market,_default,,PositionEffect.Open,,28309600.0,False,,OrderSide.Buy,OrderStatus.Filled,601939.SH,,TimeInForce.GTC,,,,1432656000000000000,2015-05-26T16:00:00Z
4.68468,485286.0012,1432569600000000000,2015-05-25T16:00:00Z,41436000.0,,d0ef1e03-2ade-40a2-b666-c35ad525de7e,OrderRole.Standalone,OrderType.Market,_default,,PositionEffect.Open,,41436000.0,False,,OrderSide.Buy,OrderStatus.Filled,601988.SH,,TimeInForce.GTC,,,,1432656000000000000,2015-05-26T16:00:00Z
,0.0,1432569600000000000,2015-05-25T16:00:00Z,0.0,,2e4a53ad-0cfa-4ede-834c-14f220c09af7,OrderRole.Standalone,OrderType.Market,_default,,PositionEffect.Open,,10347900.0,False,"Risk: Insufficient margin at execution. Required: 206436773.1726300000000000000, Available: 171757081.5296174915014087470",OrderSide.Buy,OrderStatus.Rejected,601989.SH,,TimeInForce.GTC,,,,1432656000000000000,2015-05-26T16:00:00Z
,0.0,1432569600000000000,2015-05-25T16:00:00Z,0.0,,07e55b53-680e-44ae-9fe3-b32ae8eda3fd,OrderRole.Standalone,OrderType.Market,_default,,PositionEffect.Open,,24609200.0,False,"Risk: Insufficient margin at execution. Required: 195340564.3489300000000000000, Available: 171757081.5296174915014087470",OrderSide.Buy,OrderStatus.Rejected,601998.SH,,TimeInForce.GTC,,,,1432656000000000000,2015-05-26T16:00:00Z
50.46041,219237.8663475,1432569600000000000,2015-05-25T16:00:00Z,1737900.0,,90c78f0d-812c-4e6c-8233-ad19a978247b,OrderRole.Standalone,OrderType.Market,_default,,PositionEffect.Open,,1737900.0,False,,OrderSide.Buy,OrderStatus.Filled,002180.SZ,,TimeInForce.GTC,,,,1432656000000000000,2015-05-26T16:00:00Z
106.0938,1605305.2878,1435075200000000000,2015-06-23T16:00:00Z,6052400.0,,721f43fc-2b75-4ad0-9746-fb5edddc2a1d,OrderRole.Standalone,OrderType.Market,_default,,PositionEffect.Close,,6052400.0,False,,OrderSide.Sell,OrderStatus.Filled,000938.SZ,,TimeInForce.GTC,,,,1435161600000000000,2015-06-24T16:00:00Z
,0.0,1435075200000000000,2015-06-23T16:00:00Z,0.0,,5838fa3f-581b-4c6e-8c44-085d247556a3,OrderRole.Standalone,OrderType.Market,_default,,PositionEffect.Close,,4231300.0,False,"Risk: Insufficient available position for 002180.SZ at execution. Available: 4231299.9999999997717381461358, Required: 4231300",OrderSide.Sell,OrderStatus.Rejected,002180.SZ,,TimeInForce.GTC,,,,1435161600000000000,2015-06-24T16:00:00Z
,0.0,1435075200000000000,2015-06-23T16:00:00Z,0.0,,ae36745a-73b4-41a6-9638-65c7440c7ebf,OrderRole.Standalone,OrderType.Market,_default,,PositionEffect.Close,,2236100.0,False,"Risk: Insufficient available position for 300059.SZ at execution. Available: 2236099.9999999998065547401878, Required: 2236100",OrderSide.Sell,OrderStatus.Rejected,300059.SZ,,TimeInForce.GTC,,,,1435161600000000000,2015-06-24T16:00:00Z
11.45853,590967.955485,1435075200000000000,2015-06-23T16:00:00Z,20629800.0,,436c7341-5116-4d3a-9ce1-cfe6eabe75e2,OrderRole.Standalone,OrderType.Market,_default,,PositionEffect.Close,,20629800.0,False,,OrderSide.Sell,OrderStatus.Filled,600023.SH,,TimeInForce.GTC,,,,1435161600000000000,2015-06-24T16:00:00Z
26.99298,594554.125725,1435075200000000000,2015-06-23T16:00:00Z,8810500.0,,e031ab11-d56b-4186-9a0b-05def4e01b20,OrderRole.Standalone,OrderType.Market,_default,,PositionEffect.Close,,8810500.0,False,,OrderSide.Sell,OrderStatus.Filled,600522.SH,,TimeInForce.GTC,,,,1435161600000000000,2015-06-24T16:00:00Z
23.82615,440873.1230625,1435075200000000000,2015-06-23T16:00:00Z,7401500.0,,abb7da7e-f315-4666-9e18-175432e36f8e,OrderRole.Standalone,OrderType.Market,_default,,PositionEffect.Close,,7401500.0,False,,OrderSide.Sell,OrderStatus.Filled,600584.SH,,TimeInForce.GTC,,,,1435161600000000000,2015-06-24T16:00:00Z
13.40658,418781.33946,1435075200000000000,2015-06-23T16:00:00Z,12494800.0,,21ef16a7-1007-488b-bee8-297135f35e00,OrderRole.Standalone,OrderType.Market,_default,,PositionEffect.Close,,12494800.0,False,,OrderSide.Sell,OrderStatus.Filled,601901.SH,,TimeInForce.GTC,,,,1435161600000000000,2015-06-24T16:00:00Z
,0.0,1435075200000000000,2015-06-23T16:00:00Z,0.0,,68fb2305-6ed5-4cc2-ac17-9182f08a4588,OrderRole.Standalone,OrderType.Market,_default,,PositionEffect.Close,,1125600.0,False,"Symbol 300418.SZ not tradable (zero volume, suspension) at execution timestamp 1435161600000000000",OrderSide.Sell,OrderStatus.Rejected,300418.SZ,,TimeInForce.GTC,,,,1435161600000000000,2015-06-24T16:00:00Z
53.48343,646761.7481325,1435075200000000000,2015-06-23T16:00:00Z,4837100.0,,c25cfd34-d6ed-4793-91e1-8a9d3f967a07,OrderRole.Standalone,OrderType.Market,_default,,PositionEffect.Open,,4837100.0,False,,OrderSide.Buy,OrderStatus.Filled,300476.SZ,,TimeInForce.GTC,,,,1435161600000000000,2015-06-24T16:00:00Z
15.8158,603206.7041,1435075200000000000,2015-06-23T16:00:00Z,15255800.0,,f87f87e5-d6d1-4de5-8219-e0c2cbf27364,OrderRole.Standalone,OrderType.Market,_default,,PositionEffect.Open,,15255800.0,False,,OrderSide.Buy,OrderStatus.Filled,600015.SH,,TimeInForce.GTC,,,,1435161600000000000,2015-06-24T16:00:00Z
19.50949,605325.8236025,1435075200000000000,2015-06-23T16:00:00Z,12410900.0,,73888b70-e3de-4b30-bd82-29096ec64b7a,OrderRole.Standalone,OrderType.Market,_default,,PositionEffect.Open,,12410900.0,False,,OrderSide.Buy,OrderStatus.Filled,600036.SH,,TimeInForce.GTC,,,,1435161600000000000,2015-06-24T16:00:00Z
18.46845,608720.112,1435075200000000000,2015-06-23T16:00:00Z,13184000.0,,3b9fc144-2d87-4b7f-ab61-80e5bda701a7,OrderRole.Standalone,OrderType.Market,_default,,PositionEffect.Open,,13184000.0,False,,OrderSide.Buy,OrderStatus.Filled,601166.SH,,TimeInForce.GTC,,,,1435161600000000000,2015-06-24T16:00:00Z
3.82382,598909.63132,1435075200000000000,2015-06-23T16:00:00Z,62650400.0,,11bcd7c3-f11e-44b4-8510-c1950ca930b2,OrderRole.Standalone,OrderType.Market,_default,,PositionEffect.Open,,62650400.0,False,,OrderSide.Buy,OrderStatus.Filled,601288.SH,,TimeInForce.GTC,,,,1435161600000000000,2015-06-24T16:00:00Z
5.31531,598072.0370625,1435075200000000000,2015-06-23T16:00:00Z,45007500.0,,55535912-215d-4e43-b644-62bc416536ba,OrderRole.Standalone,OrderType.Market,_default,,PositionEffect.Open,,45007500.0,False,,OrderSide.Buy,OrderStatus.Filled,601398.SH,,TimeInForce.GTC,,,,1435161600000000000,2015-06-24T16:00:00Z
,0.0,1435075200000000000,2015-06-23T16:00:00Z,0.0,,4572d9ea-67dc-43c4-8228-2ac4aa8e4cc4,OrderRole.Standalone,OrderType.Market,_default,,PositionEffect.Open,,42179400.0,False,"Risk: Insufficient margin at execution. Required: 243381016.7538750000000000000, Available: 166863692.1678674476424005884",OrderSide.Buy,OrderStatus.Rejected,601818.SH,,TimeInForce.GTC,,,,1435161600000000000,2015-06-24T16:00:00Z
,0.0,1435075200000000000,2015-06-23T16:00:00Z,0.0,,38c41e19-4bc8-4ae1-b2b8-74cb7e6a38b9,OrderRole.Standalone,OrderType.Market,_default,,PositionEffect.Open,,29589300.0,False,"Risk: Insufficient margin at execution. Required: 242591291.3949525000000000000, Available: 86277801.2223074476424005884",OrderSide.Buy,OrderStatus.Rejected,601998.SH,,TimeInForce.GTC,,,,1435161600000000000,2015-06-24T16:00:00Z
6.96696,108689.80122,1435075200000000000,2015-06-23T16:00:00Z,6240300.0,,6436c8e9-63d4-416a-8050-4309f46e1554,OrderRole.Standalone,OrderType.Market,_default,,PositionEffect.Open,,6240300.0,False,,OrderSide.Buy,OrderStatus.Filled,601939.SH,,TimeInForce.GTC,,,,1435161600000000000,2015-06-24T16:00:00Z
4.91491,92272.52034,1435075200000000000,2015-06-23T16:00:00Z,7509600.0,,63740998-2467-4e05-a7a7-ba61c5a072b2,OrderRole.Standalone,OrderType.Market,_default,,PositionEffect.Open,,7509600.0,False,,OrderSide.Buy,OrderStatus.Filled,601988.SH,,TimeInForce.GTC,,,,1435161600000000000,2015-06-24T16:00:00Z
6.60339,570366.1604025,1435161600000000000,2015-06-24T16:00:00Z,34549900.0,,d5965223-d9ba-4de0-9f7d-e7910f0dc332,OrderRole.Standalone,OrderType.Market,_default,,PositionEffect.Close,,34549900.0,False,,OrderSide.Sell,OrderStatus.Filled,601939.SH,,TimeInForce.GTC,,,,1435248000000000000,2015-06-25T16:00:00Z
4.66533,570868.44012,1435161600000000000,2015-06-24T16:00:00Z,48945600.0,,bed40613-c5dc-488d-9d97-9392c8ea0a89,OrderRole.Standalone,OrderType.Market,_default,,PositionEffect.Close,,48945600.0,False,,OrderSide.Sell,OrderStatus.Filled,601988.SH,,TimeInForce.GTC,,,,1435248000000000000,2015-06-25T16:00:00Z
,0.0,1437494400000000000,2015-07-21T16:00:00Z,0.0,,91576bfe-d7cf-4c26-8736-a59ddf2e572d,OrderRole.Standalone,OrderType.Market,_default,,PositionEffect.Close,,2236100.0,False,"Risk: Insufficient available position for 300059.SZ at execution. Available: 2236099.9999999998065547401878, Required: 2236100",OrderSide.Sell,OrderStatus.Rejected,300059.SZ,,TimeInForce.GTC,,,,1437580800000000000,2015-07-22T16:00:00Z
42.31764,511736.64111,1437494400000000000,2015-07-21T16:00:00Z,4837100.0,,58750c1d-934a-4d58-817e-9e527a515ef5,OrderRole.Standalone,OrderType.Market,_default,,PositionEffect.Close,,4837100.0,False,,OrderSide.Sell,OrderStatus.Filled,300476.SZ,,TimeInForce.GTC,,,,1437580800000000000,2015-07-22T16:00:00Z
12.41757,568318.0305825,1437494400000000000,2015-07-21T16:00:00Z,18306900.0,,97bae15c-629b-40b7-931a-5c4367c53833,OrderRole.Standalone,OrderType.Market,_default,,PositionEffect.Close,,18306900.0,False,,OrderSide.Sell,OrderStatus.Filled,600015.SH,,TimeInForce.GTC,,,,1437580800000000000,2015-07-22T16:00:00Z
17.74224,550492.91604,1437494400000000000,2015-07-21T16:00:00Z,12410900.0,,6c81340e-c1b6-41bb-b49a-1164e144d378,OrderRole.Standalone,OrderType.Market,_default,,PositionEffect.Close,,12410900.0,False,,OrderSide.Sell,OrderStatus.Filled,600036.SH,,TimeInForce.GTC,,,,1437580800000000000,2015-07-22T16:00:00Z
16.49349,543625.4304,1437494400000000000,2015-07-21T16:00:00Z,13184000.0,,a864f043-afa1-4126-bcf3-94588137063a,OrderRole.Standalone,OrderType.Market,_default,,PositionEffect.Close,,13184000.0,False,,OrderSide.Sell,OrderStatus.Filled,601166.SH,,TimeInForce.GTC,,,,1437580800000000000,2015-07-22T16:00:00Z
3.66633,574242.60258,1437494400000000000,2015-07-21T16:00:00Z,62650400.0,,a671a184-90b2-4021-a3d0-131914f3ce71,OrderRole.Standalone,OrderType.Market,_default,,PositionEffect.Close,,62650400.0,False,,OrderSide.Sell,OrderStatus.Filled,601288.SH,,TimeInForce.GTC,,,,1437580800000000000,2015-07-22T16:00:00Z
5.10489,574395.8416875,1437494400000000000,2015-07-21T16:00:00Z,45007500.0,,65e2cf53-73a8-4a4f-bcc8-4eb2e42092db,OrderRole.Standalone,OrderType.Market,_default,,PositionEffect.Close,,45007500.0,False,,OrderSide.Sell,OrderStatus.Filled,601398.SH,,TimeInForce.GTC,,,,1437580800000000000,2015-07-22T16:00:00Z
,0.0,1437494400000000000,2015-07-21T16:00:00Z,0.0,,cd1c143a-dc96-4c75-967c-1d7fb725d68a,OrderRole.Standalone,OrderType.Market,_default,,PositionEffect.Close,,1125600.0,False,"Symbol 300418.SZ not tradable (zero volume, suspension) at execution timestamp 1437580800000000000",OrderSide.Sell,OrderStatus.Rejected,300418.SZ,,TimeInForce.GTC,,,,1437580800000000000,2015-07-22T16:00:00Z
16.56655,533927.4815875,1437494400000000000,2015-07-21T16:00:00Z,12891700.0,,8d0fb6f7-e731-4f14-95cb-ed1be84b3f0d,OrderRole.Standalone,OrderType.Market,_default,,PositionEffect.Open,,12891700.0,False,,OrderSide.Buy,OrderStatus.Filled,000408.SZ,,TimeInForce.GTC,,,,1437580800000000000,2015-07-22T16:00:00Z
23.86384,550121.1716,1437494400000000000,2015-07-21T16:00:00Z,9221000.0,,04ad2034-4a49-4b5f-b725-aacbbdc7c967,OrderRole.Standalone,OrderType.Market,_default,,PositionEffect.Open,,9221000.0,False,,OrderSide.Buy,OrderStatus.Filled,000733.SZ,,TimeInForce.GTC,,,,1437580800000000000,2015-07-22T16:00:00Z
6.4064,537282.3456,1437494400000000000,2015-07-21T16:00:00Z,33546600.0,,3380e14f-6884-472b-be8a-829c78ad547d,OrderRole.Standalone,OrderType.Market,_default,,PositionEffect.Open,,33546600.0,False,,OrderSide.Buy,OrderStatus.Filled,000807.SZ,,TimeInForce.GTC,,,,1437580800000000000,2015-07-22T16:00:00Z
21.70168,591902.47116,1437494400000000000,2015-07-21T16:00:00Z,10909800.0,,7c4b5f1b-bac7-460f-8851-11cbec4ce279,OrderRole.Standalone,OrderType.Market,_default,,PositionEffect.Open,,10909800.0,False,,OrderSide.Buy,OrderStatus.Filled,002074.SZ,,TimeInForce.GTC,,,,1437580800000000000,2015-07-22T16:00:00Z
18.60859,544566.4299075,1437494400000000000,2015-07-21T16:00:00Z,11705700.0,,8100c2ef-a1f2-4f3b-bcca-d18fe806eff6,OrderRole.Standalone,OrderType.Market,_default,,PositionEffect.Open,,11705700.0,False,,OrderSide.Buy,OrderStatus.Filled,002129.SZ,,TimeInForce.GTC,,,,1437580800000000000,2015-07-22T16:00:00Z
23.25323,591323.8255925,1437494400000000000,2015-07-21T16:00:00Z,10171900.0,,54ef11b5-1c38-4b68-bf30-2b615154ee59,OrderRole.Standalone,OrderType.Market,_default,,PositionEffect.Open,,10171900.0,False,,OrderSide.Buy,OrderStatus.Filled,002460.SZ,,TimeInForce.GTC,,,,1437580800000000000,2015-07-22T16:00:00Z
33.79376,533696.40324,1437494400000000000,2015-07-21T16:00:00Z,6317100.0,,f746e659-fa0d-4335-9078-c185f312a075,OrderRole.Standalone,OrderType.Market,_default,,PositionEffect.Open,,6317100.0,False,,OrderSide.Buy,OrderStatus.Filled,600745.SH,,TimeInForce.GTC,,,,1437580800000000000,2015-07-22T16:00:00Z
49.05901,541206.7335675,1437494400000000000,2015-07-21T16:00:00Z,4412700.0,,1fdb7166-f6e3-47fc-bbe0-ca4ef401f11b,OrderRole.Standalone,OrderType.Market,_default,,PositionEffect.Open,,4412700.0,False,,OrderSide.Buy,OrderStatus.Filled,601336.SH,,TimeInForce.GTC,,,,1437580800000000000,2015-07-22T16:00:00Z
,0.0,1437494400000000000,2015-07-21T16:00:00Z,0.0,,fb8b3827-868c-4635-b6a1-75b960827795,OrderRole.Standalone,OrderType.Market,_default,,PositionEffect.Open,,6041900.0,False,"Risk: Insufficient margin at execution. Required: 215663106.6164575000000000000, Available: 77331053.9928899066364378741",OrderSide.Buy,OrderStatus.Rejected,601633.SH,,TimeInForce.GTC,,,,1437580800000000000,2015-07-22T16:00:00Z
43.22318,134769.87524,1437494400000000000,2015-07-21T16:00:00Z,1247200.0,,2c1c9b4b-340c-4933-9d73-884100c935e4,OrderRole.Standalone,OrderType.Market,_default,,PositionEffect.Open,,1247200.0,False,,OrderSide.Buy,OrderStatus.Filled,002180.SZ,,TimeInForce.GTC,,,,1437580800000000000,2015-07-22T16:00:00Z
20.48949,660360.8955825,1439913600000000000,2015-08-18T16:00:00Z,12891700.0,,7d374eae-de93-44ca-bf2b-2467b85d6e8d,OrderRole.Standalone,OrderType.Market,_default,,PositionEffect.Close,,12891700.0,False,,OrderSide.Sell,OrderStatus.Filled,000408.SZ,,TimeInForce.GTC,,,,1440000000000000000,2015-08-19T16:00:00Z
26.48349,610510.653225,1439913600000000000,2015-08-18T16:00:00Z,9221000.0,,78499518-90bc-416a-a680-2f7ce9340c61,OrderRole.Standalone,OrderType.Market,_default,,PositionEffect.Close,,9221000.0,False,,OrderSide.Sell,OrderStatus.Filled,000733.SZ,,TimeInForce.GTC,,,,1440000000000000000,2015-08-19T16:00:00Z
6.3936,536208.8544,1439913600000000000,2015-08-18T16:00:00Z,33546600.0,,7a382a60-8eb4-4693-b8bc-b5cab4041566,OrderRole.Standalone,OrderType.Market,_default,,PositionEffect.Close,,33546600.0,False,,OrderSide.Sell,OrderStatus.Filled,000807.SZ,,TimeInForce.GTC,,,,1440000000000000000,2015-08-19T16:00:00Z
30.2697,825590.93265,1439913600000000000,2015-08-18T16:00:00Z,10909800.0,,0153211c-5537-4794-9d53-3d7b12c854c1,OrderRole.Standalone,OrderType.Market,_default,,PositionEffect.Close,,10909800.0,False,,OrderSide.Sell,OrderStatus.Filled,002074.SZ,,TimeInForce.GTC,,,,1440000000000000000,2015-08-19T16:00:00Z
18.47151,540554.8865175,1439913600000000000,2015-08-18T16:00:00Z,11705700.0,,ee617858-3d68-41e3-9b3c-b38f29cf6f66,OrderRole.Standalone,OrderType.Market,_default,,PositionEffect.Close,,11705700.0,False,,OrderSide.Sell,OrderStatus.Filled,002129.SZ,,TimeInForce.GTC,,,,1440000000000000000,2015-08-19T16:00:00Z
,0.0,1439913600000000000,2015-08-18T16:00:00Z,0.0,,56a26aec-e2fa-414a-819c-fdf3ac4970b0,OrderRole.Standalone,OrderType.Market,_default,,PositionEffect.Close,,5478500.0,False,"Risk: Insufficient available position for 002180.SZ at execution. Available: 5478499.9999999997717381461358, Required: 5478500",OrderSide.Sell,OrderStatus.Rejected,002180.SZ,,TimeInForce.GTC,,,,1440000000000000000,2015-08-19T16:00:00Z
24.93504,634091.83344,1439913600000000000,2015-08-18T16:00:00Z,10171900.0,,48dc7785-bb55-434c-8a87-121f01edad83,OrderRole.Standalone,OrderType.Market,_default,,PositionEffect.Close,,10171900.0,False,,OrderSide.Sell,OrderStatus.Filled,002460.SZ,,TimeInForce.GTC,,,,1440000000000000000,2015-08-19T16:00:00Z
,0.0,1439913600000000000,2015-08-18T16:00:00Z,0.0,,3bf9a513-609b-4c87-afe2-d2f637b7ec16,OrderRole.Standalone,OrderType.Market,_default,,PositionEffect.Close,,2236100.0,False,"Risk: Insufficient available position for 300059.SZ at execution. Available: 2236099.9999999998065547401878, Required: 2236100",OrderSide.Sell,OrderStatus.Rejected,300059.SZ,,TimeInForce.GTC,,,,1440000000000000000,2015-08-19T16:00:00Z
102.55734,288596.35476,1439913600000000000,2015-08-18T16:00:00Z,1125600.0,,06be7dce-bbaf-4984-a56b-24c066721849,OrderRole.Standalone,OrderType.Market,_default,,PositionEffect.Close,,1125600.0,False,,OrderSide.Sell,OrderStatus.Filled,300418.SZ,,TimeInForce.GTC,,,,1440000000000000000,2015-08-19T16:00:00Z
41.1588,454053.5919,1439913600000000000,2015-08-18T16:00:00Z,4412700.0,,4374861d-26fc-400e-a3b7-5e4c4c8a2764,OrderRole.Standalone,OrderType.Market,_default,,PositionEffect.Close,,4412700.0,False,,OrderSide.Sell,OrderStatus.Filled,601336.SH,,TimeInForce.GTC,,,,1440000000000000000,2015-08-19T16:00:00Z
,0.0,1439913600000000000,2015-08-18T16:00:00Z,0.0,,1cf3b256-849c-4ec3-b82e-14564d57501b,OrderRole.Standalone,OrderType.Market,_default,,PositionEffect.Close,,6317100.0,False,"Symbol 600745.SH not tradable (zero volume, suspension) at execution timestamp 1440000000000000000",OrderSide.Sell,OrderStatus.Rejected,600745.SH,,TimeInForce.GTC,,,,1440000000000000000,2015-08-19T16:00:00Z
8.82882,545727.02184,1439913600000000000,2015-08-18T16:00:00Z,24724800.0,,1d2297da-fcad-4106-9442-c49a3dcc6c2e,OrderRole.Standalone,OrderType.Market,_default,,PositionEffect.Open,,24724800.0,False,,OrderSide.Buy,OrderStatus.Filled,600016.SH,,TimeInForce.GTC,,,,1440000000000000000,2015-08-19T16:00:00Z
5.71571,544900.0682125,1439913600000000000,2015-08-18T16:00:00Z,38133500.0,,289e8f6b-9ad1-4e1b-b216-3bba7383ca2b,OrderRole.Standalone,OrderType.Market,_default,,PositionEffect.Open,,38133500.0,False,,OrderSide.Buy,OrderStatus.Filled,600028.SH,,TimeInForce.GTC,,,,1440000000000000000,2015-08-19T16:00:00Z
16.93692,545758.37316,1439913600000000000,2015-08-18T16:00:00Z,12889200.0,,50be74d6-3782-45f6-b4c2-eedc6599dd38,OrderRole.Standalone,OrderType.Market,_default,,PositionEffect.Open,,12889200.0,False,,OrderSide.Buy,OrderStatus.Filled,600036.SH,,TimeInForce.GTC,,,,1440000000000000000,2015-08-19T16:00:00Z
201.03083,550321.897125,1439913600000000000,2015-08-18T16:00:00Z,1095000.0,,133e183f-89af-41c7-bd5b-fc332886ff0c,OrderRole.Standalone,OrderType.Market,_default,,PositionEffect.Open,,1095000.0,False,,OrderSide.Buy,OrderStatus.Filled,600519.SH,,TimeInForce.GTC,,,,1440000000000000000,2015-08-19T16:00:00Z
8.34834,547283.77704,1439913600000000000,2015-08-18T16:00:00Z,26222400.0,,d6bb49b3-5e9f-4aed-8d68-ed467af05fff,OrderRole.Standalone,OrderType.Market,_default,,PositionEffect.Open,,26222400.0,False,,OrderSide.Buy,OrderStatus.Filled,601169.SH,,TimeInForce.GTC,,,,1440000000000000000,2015-08-19T16:00:00Z
3.36336,555843.16788,1439913600000000000,2015-08-18T16:00:00Z,66105700.0,,86ca0952-aad2-4902-9229-5fcdb6be753f,OrderRole.Standalone,OrderType.Market,_default,,PositionEffect.Open,,66105700.0,False,,OrderSide.Buy,OrderStatus.Filled,601288.SH,,TimeInForce.GTC,,,,1440000000000000000,2015-08-19T16:00:00Z
31.031,545315.52075,1439913600000000000,2015-08-18T16:00:00Z,7029300.0,,cafad887-8993-4d14-95d8-03876597478e,OrderRole.Standalone,OrderType.Market,_default,,PositionEffect.Open,,7029300.0,False,,OrderSide.Buy,OrderStatus.Filled,601318.SH,,TimeInForce.GTC,,,,1440000000000000000,2015-08-19T16:00:00Z
6.35635,550799.974725,1439913600000000000,2015-08-18T16:00:00Z,34661400.0,,556d0d77-5583-4c3e-b849-4ecc9cf4152b,OrderRole.Standalone,OrderType.Market,_default,,PositionEffect.Open,,34661400.0,False,,OrderSide.Buy,OrderStatus.Filled,601328.SH,,TimeInForce.GTC,,,,1440000000000000000,2015-08-19T16:00:00Z
,0.0,1439913600000000000,2015-08-18T16:00:00Z,0.0,,65473e85-fe3d-4b78-b4ee-bc3e75b17a34,OrderRole.Standalone,OrderType.Market,_default,,PositionEffect.Open,,48313600.0,False,"Risk: Insufficient margin at execution. Required: 222536136.3825600000000000000, Available: 135487113.8866823567683033634",OrderSide.Buy,OrderStatus.Rejected,601398.SH,,TimeInForce.GTC,,,,1440000000000000000,2015-08-19T16:00:00Z
,0.0,1439913600000000000,2015-08-18T16:00:00Z,0.0,,35ec0d23-8d13-46bc-b024-85db73d73e75,OrderRole.Standalone,OrderType.Market,_default,,PositionEffect.Open,,52569800.0,False,"Risk: Insufficient margin at execution. Required: 226841880.6153500000000000000, Available: 135487113.8866823567683033634",OrderSide.Buy,OrderStatus.Rejected,601988.SH,,TimeInForce.GTC,,,,1440000000000000000,2015-08-19T16:00:00Z
,0.0,1442505600000000000,2015-09-17T16:00:00Z,0.0,,5226a641-bae8-4e19-bc3d-5a88acfa1fb6,OrderRole.Standalone,OrderType.Market,_default,,PositionEffect.Close,,5478500.0,False,"Risk: Insufficient available position for 002180.SZ at execution. Available: 5478499.9999999997717381461358, Required: 5478500",OrderSide.Sell,OrderStatus.Rejected,002180.SZ,,TimeInForce.GTC,,,,1442764800000000000,2015-09-20T16:00:00Z
,0.0,1442505600000000000,2015-09-17T16:00:00Z,0.0,,1433c5a8-577a-4b69-9c80-f0ba2bcb5591,OrderRole.Standalone,OrderType.Market,_default,,PositionEffect.Close,,2236100.0,False,"Risk: Insufficient available position for 300059.SZ at execution. Available: 2236099.9999999998065547401878, Required: 2236100",OrderSide.Sell,OrderStatus.Rejected,300059.SZ,,TimeInForce.GTC,,,,1442764800000000000,2015-09-20T16:00:00Z
8.70129,537844.13748,1442505600000000000,2015-09-17T16:00:00Z,24724800.0,,e7e7fbed-a9eb-4e9a-a448-30b0715e3fd3,OrderRole.Standalone,OrderType.Market,_default,,PositionEffect.Close,,24724800.0,False,,OrderSide.Sell,OrderStatus.Filled,600016.SH,,TimeInForce.GTC,,,,1442764800000000000,2015-09-20T16:00:00Z
4.91508,468573.00795,1442505600000000000,2015-09-17T16:00:00Z,38133500.0,,7865e31c-639f-4ab6-851b-8d70a0329a50,OrderRole.Standalone,OrderType.Market,_default,,PositionEffect.Close,,38133500.0,False,,OrderSide.Sell,OrderStatus.Filled,600028.SH,,TimeInForce.GTC,,,,1442764800000000000,2015-09-20T16:00:00Z
17.5824,566557.6752,1442505600000000000,2015-09-17T16:00:00Z,12889200.0,,2163f88c-5855-4032-a757-8a8401628334,OrderRole.Standalone,OrderType.Market,_default,,PositionEffect.Close,,12889200.0,False,,OrderSide.Sell,OrderStatus.Filled,600036.SH,,TimeInForce.GTC,,,,1442764800000000000,2015-09-20T16:00:00Z
197.81199,541510.322625,1442505600000000000,2015-09-17T16:00:00Z,1095000.0,,e8dd278a-442d-4d2b-ae58-d8fc863428bd,OrderRole.Standalone,OrderType.Market,_default,,PositionEffect.Close,,1095000.0,False,,OrderSide.Sell,OrderStatus.Filled,600519.SH,,TimeInForce.GTC,,,,1442764800000000000,2015-09-20T16:00:00Z
8.52147,558633.48732,1442505600000000000,2015-09-17T16:00:00Z,26222400.0,,3973ee16-87c0-4382-9ce3-c59457e5b0fa,OrderRole.Standalone,OrderType.Market,_default,,PositionEffect.Close,,26222400.0,False,,OrderSide.Sell,OrderStatus.Filled,601169.SH,,TimeInForce.GTC,,,,1442764800000000000,2015-09-20T16:00:00Z
3.12687,516759.8253975,1442505600000000000,2015-09-17T16:00:00Z,66105700.0,,10c82650-3cac-4fd1-94d7-186d27efd26f,OrderRole.Standalone,OrderType.Market,_default,,PositionEffect.Close,,66105700.0,False,,OrderSide.Sell,OrderStatus.Filled,601288.SH,,TimeInForce.GTC,,,,1442764800000000000,2015-09-20T16:00:00Z
30.17979,530356.9946175,1442505600000000000,2015-09-17T16:00:00Z,7029300.0,,4fd29ecf-bd3a-4a40-8d5e-d02723b453b5,OrderRole.Standalone,OrderType.Market,_default,,PositionEffect.Close,,7029300.0,False,,OrderSide.Sell,OrderStatus.Filled,601318.SH,,TimeInForce.GTC,,,,1442764800000000000,2015-09-20T16:00:00Z
6.14385,532386.105975,1442505600000000000,2015-09-17T16:00:00Z,34661400.0,,348507d7-d5ee-4a6b-b35a-ddc173eb2dde,OrderRole.Standalone,OrderType.Market,_default,,PositionEffect.Close,,34661400.0,False,,OrderSide.Sell,OrderStatus.Filled,601328.SH,,TimeInForce.GTC,,,,1442764800000000000,2015-09-20T16:00:00Z
,0.0,1442505600000000000,2015-09-17T16:00:00Z,0.0,,aa9d0046-4338-411e-88d8-b7cae29067f0,OrderRole.Standalone,OrderType.Market,_default,,PositionEffect.Close,,6317100.0,False,"Symbol 600745.SH not tradable (zero volume, suspension) at execution timestamp 1442764800000000000",OrderSide.Sell,OrderStatus.Rejected,600745.SH,,TimeInForce.GTC,,,,1442764800000000000,2015-09-20T16:00:00Z
16.18617,502289.22744,1442505600000000000,2015-09-17T16:00:00Z,12412800.0,,94c95ae4-4852-4ab1-bad7-bac8dab7f8c4,OrderRole.Standalone,OrderType.Market,_default,,PositionEffect.Open,,12412800.0,False,,OrderSide.Buy,OrderStatus.Filled,000651.SZ,,TimeInForce.GTC,,,,1442764800000000000,2015-09-20T16:00:00Z
18.29828,507507.37037,1442505600000000000,2015-09-17T16:00:00Z,11094100.0,,7e2419b5-6d93-440c-9a90-759e4fba4f16,OrderRole.Standalone,OrderType.Market,_default,,PositionEffect.Open,,11094100.0,False,,OrderSide.Buy,OrderStatus.Filled,002371.SZ,,TimeInForce.GTC,,,,1442764800000000000,2015-09-20T16:00:00Z
13.28327,503127.0969725,1442505600000000000,2015-09-17T16:00:00Z,15150700.0,,d980eafc-3a63-475f-9a7b-4b6733b8dd81,OrderRole.Standalone,OrderType.Market,_default,,PositionEffect.Open,,15150700.0,False,,OrderSide.Buy,OrderStatus.Filled,002410.SZ,,TimeInForce.GTC,,,,1442764800000000000,2015-09-20T16:00:00Z
22.40238,494123.695065,1442505600000000000,2015-09-17T16:00:00Z,8822700.0,,babcc19f-a11f-4c15-a141-0ce805cb2997,OrderRole.Standalone,OrderType.Market,_default,,PositionEffect.Open,,8822700.0,False,,OrderSide.Buy,OrderStatus.Filled,002460.SZ,,TimeInForce.GTC,,,,1442764800000000000,2015-09-20T16:00:00Z
13.09308,510666.12597,1442505600000000000,2015-09-17T16:00:00Z,15601100.0,,8d2682d6-9552-4616-8a32-144edffc3510,OrderRole.Standalone,OrderType.Market,_default,,PositionEffect.Open,,15601100.0,False,,OrderSide.Buy,OrderStatus.Filled,002493.SZ,,TimeInForce.GTC,,,,1442764800000000000,2015-09-20T16:00:00Z
22.56254,505722.412195,1442505600000000000,2015-09-17T16:00:00Z,8965700.0,,22de16b4-baa1-41db-89c2-b980c14cca02,OrderRole.Standalone,OrderType.Market,_default,,PositionEffect.Open,,8965700.0,False,,OrderSide.Buy,OrderStatus.Filled,002601.SZ,,TimeInForce.GTC,,,,1442764800000000000,2015-09-20T16:00:00Z
30.03,503497.995,1442505600000000000,2015-09-17T16:00:00Z,6706600.0,,75874d5c-883d-4dcc-9d43-7e2f0ed3529c,OrderRole.Standalone,OrderType.Market,_default,,PositionEffect.Open,,6706600.0,False,,OrderSide.Buy,OrderStatus.Filled,002625.SZ,,TimeInForce.GTC,,,,1442764800000000000,2015-09-20T16:00:00Z
7.33733,503302.3170175,1442505600000000000,2015-09-17T16:00:00Z,27437900.0,,983ac60b-cef1-4a3b-9b24-23fc8d1af065,OrderRole.Standalone,OrderType.Market,_default,,PositionEffect.Open,,27437900.0,False,,OrderSide.Buy,OrderStatus.Filled,002648.SZ,,TimeInForce.GTC,,,,1442764800000000000,2015-09-20T16:00:00Z
36.036,487702.215,1442505600000000000,2015-09-17T16:00:00Z,5413500.0,,166cdb68-beb8-462b-922f-e258f80d492a,OrderRole.Standalone,OrderType.Market,_default,,PositionEffect.Open,,5413500.0,False,,OrderSide.Buy,OrderStatus.Filled,300033.SZ,,TimeInForce.GTC,,,,1442764800000000000,2015-09-20T16:00:00Z
,0.0,1442505600000000000,2015-09-17T16:00:00Z,0.0,,d6ee5efc-f62e-4fed-8a7c-a190bb7b36e3,OrderRole.Standalone,OrderType.Market,_default,,PositionEffect.Open,,17907800.0,False,"Risk: Insufficient margin at execution. Required: 202887194.1646550000000000000, Available: 21855068.4890873797435464048",OrderSide.Buy,OrderStatus.Rejected,600760.SH,,TimeInForce.GTC,,,,1442764800000000000,2015-09-20T16:00:00Z
18.46152,572897.88864,1445529600000000000,2015-10-22T16:00:00Z,12412800.0,,6c3f9b17-3ab0-41d5-9fcc-c18e0d409bce,OrderRole.Standalone,OrderType.Market,_default,,PositionEffect.Close,,12412800.0,False,,OrderSide.Sell,OrderStatus.Filled,000651.SZ,,TimeInForce.GTC,,,,1445788800000000000,2015-10-25T16:00:00Z
,0.0,1445529600000000000,2015-10-22T16:00:00Z,0.0,,ed23defb-c312-40b8-9273-7175fb8447db,OrderRole.Standalone,OrderType.Market,_default,,PositionEffect.Close,,5478500.0,False,"Risk: Insufficient available position for 002180.SZ at execution. Available: 5478499.9999999997717381461358, Required: 5478500",OrderSide.Sell,OrderStatus.Rejected,002180.SZ,,TimeInForce.GTC,,,,1445788800000000000,2015-10-25T16:00:00Z
17.3826,658396.39455,1445529600000000000,2015-10-22T16:00:00Z,15150700.0,,63f76fea-fb2c-4319-b61d-78a72cec3640,OrderRole.Standalone,OrderType.Market,_default,,PositionEffect.Close,,15150700.0,False,,OrderSide.Sell,OrderStatus.Filled,002410.SZ,,TimeInForce.GTC,,,,1445788800000000000,2015-10-25T16:00:00Z
10.41957,812783.767635,1445529600000000000,2015-10-22T16:00:00Z,31202200.0,,1287fb45-5794-411d-9467-4f24e6d61a76,OrderRole.Standalone,OrderType.Market,_default,,PositionEffect.Close,,31202200.0,False,,OrderSide.Sell,OrderStatus.Filled,002493.SZ,,TimeInForce.GTC,,,,1445788800000000000,2015-10-25T16:00:00Z
27.44253,615103.7280525,1445529600000000000,2015-10-22T16:00:00Z,8965700.0,,a3cafb7d-5e89-4c49-bc45-16c648c52fa1,OrderRole.Standalone,OrderType.Market,_default,,PositionEffect.Close,,8965700.0,False,,OrderSide.Sell,OrderStatus.Filled,002601.SZ,,TimeInForce.GTC,,,,1445788800000000000,2015-10-25T16:00:00Z
49.91004,134407.73772,1445529600000000000,2015-10-22T16:00:00Z,1077200.0,,c138f359-6953-4102-bcb4-603d92de9ba8,OrderRole.Standalone,OrderType.Market,_default,,PositionEffect.Close,,1077200.0,False,,OrderSide.Sell,OrderStatus.Filled,002625.SZ,,TimeInForce.GTC,,,,1445788800000000000,2015-10-25T16:00:00Z
11.0889,760640.323275,1445529600000000000,2015-10-22T16:00:00Z,27437900.0,,0e23a35f-7056-45b1-9a4b-c8cb2831369d,OrderRole.Standalone,OrderType.Market,_default,,PositionEffect.Close,,27437900.0,False,,OrderSide.Sell,OrderStatus.Filled,002648.SZ,,TimeInForce.GTC,,,,1445788800000000000,2015-10-25T16:00:00Z
79.83009,377795.900925,1445529600000000000,2015-10-22T16:00:00Z,1893000.0,,07503bab-938b-408d-a22f-181e993eb5b5,OrderRole.Standalone,OrderType.Market,_default,,PositionEffect.Close,,1893000.0,False,,OrderSide.Sell,OrderStatus.Filled,300033.SZ,,TimeInForce.GTC,,,,1445788800000000000,2015-10-25T16:00:00Z
,0.0,1445529600000000000,2015-10-22T16:00:00Z,0.0,,d707c9f7-68e7-486c-9087-e6a39672d0aa,OrderRole.Standalone,OrderType.Market,_default,,PositionEffect.Close,,11094100.0,False,"Symbol 002371.SZ not tradable (zero volume, suspension) at execution timestamp 1445788800000000000",OrderSide.Sell,OrderStatus.Rejected,002371.SZ,,TimeInForce.GTC,,,,1445788800000000000,2015-10-25T16:00:00Z
,0.0,1445529600000000000,2015-10-22T16:00:00Z,0.0,,1460012d-15e3-4227-894b-4b21db0aaa27,OrderRole.Standalone,OrderType.Market,_default,,PositionEffect.Close,,6317100.0,False,"Symbol 600745.SH not tradable (zero volume, suspension) at execution timestamp 1445788800000000000",OrderSide.Sell,OrderStatus.Rejected,600745.SH,,TimeInForce.GTC,,,,1445788800000000000,2015-10-25T16:00:00Z
30.5305,701995.419125,1445529600000000000,2015-10-22T16:00:00Z,9197300.0,,22a57e71-9ed7-4ecf-b72a-b8817a4a38d6,OrderRole.Standalone,OrderType.Market,_default,,PositionEffect.Open,,9197300.0,False,,OrderSide.Buy,OrderStatus.Filled,002027.SZ,,TimeInForce.GTC,,,,1445788800000000000,2015-10-25T16:00:00Z
28.8288,702925.4232,1445529600000000000,2015-10-22T16:00:00Z,9753100.0,,1b32401c-b309-4b5c-9405-caff6ea541c9,OrderRole.Standalone,OrderType.Market,_default,,PositionEffect.Open,,9753100.0,False,,OrderSide.Buy,OrderStatus.Filled,300223.SZ,,TimeInForce.GTC,,,,1445788800000000000,2015-10-25T16:00:00Z
47.11707,688062.3524775,1445529600000000000,2015-10-22T16:00:00Z,5841300.0,,334735cd-ee51-4316-8bbf-ad632893dbee,OrderRole.Standalone,OrderType.Market,_default,,PositionEffect.Open,,5841300.0,False,,OrderSide.Buy,OrderStatus.Filled,300413.SZ,,TimeInForce.GTC,,,,1445788800000000000,2015-10-25T16:00:00Z
94.094,706434.2285,1445529600000000000,2015-10-22T16:00:00Z,3003100.0,,53fdf229-7a54-48d0-b9fb-383ceb53efb2,OrderRole.Standalone,OrderType.Market,_default,,PositionEffect.Open,,3003100.0,False,,OrderSide.Buy,OrderStatus.Filled,300450.SZ,,TimeInForce.GTC,,,,1445788800000000000,2015-10-25T16:00:00Z
,0.0,1445529600000000000,2015-10-22T16:00:00Z,0.0,,2ab8b3e6-9a23-4a58-8528-3915a1faa801,OrderRole.Standalone,OrderType.Market,_default,,PositionEffect.Open,,16884800.0,False,"Risk: Insufficient margin at execution. Required: 285335932.9620800000000000000, Available: 285319047.7961998797435464048",OrderSide.Buy,OrderStatus.Rejected,600760.SH,,TimeInForce.GTC,,,,1445788800000000000,2015-10-25T16:00:00Z
,0.0,1445529600000000000,2015-10-22T16:00:00Z,0.0,,ce546628-7370-4a28-97ec-df6062b5fefe,OrderRole.Standalone,OrderType.Market,_default,,PositionEffect.Open,,4263400.0,False,"Risk: Insufficient margin at execution. Required: 287375597.9544450000000000000, Available: 285319047.7961998797435464048",OrderSide.Buy,OrderStatus.Rejected,600570.SH,,TimeInForce.GTC,,,,1445788800000000000,2015-10-25T16:00:00Z
54.60455,411895.7717875,1445529600000000000,2015-10-22T16:00:00Z,3017300.0,,2db02951-b76f-49f6-9954-c60f5b494ea9,OrderRole.Standalone,OrderType.Market,_default,,PositionEffect.Open,,3017300.0,False,,OrderSide.Buy,OrderStatus.Filled,300059.SZ,,TimeInForce.GTC,,,,1445788800000000000,2015-10-25T16:00:00Z
30.03,44084.04,1445529600000000000,2015-10-22T16:00:00Z,587200.0,,f271832e-21e4-4665-a025-1e6a5c92536c,OrderRole.Standalone,OrderType.Market,_default,,PositionEffect.Open,,587200.0,False,,OrderSide.Buy,OrderStatus.Filled,002460.SZ,,TimeInForce.GTC,,,,1445788800000000000,2015-10-25T16:00:00Z
30.07989,707621.8922775,1445788800000000000,2015-10-25T16:00:00Z,9409900.0,,2ee4b88c-bb5a-4acb-8cb9-b9a277ef05ca,OrderRole.Standalone,OrderType.Market,_default,,PositionEffect.Close,,9409900.0,False,,OrderSide.Sell,OrderStatus.Filled,002460.SZ,,TimeInForce.GTC,,,,1445875200000000000,2015-10-26T16:00:00Z
48.6513,684694.07055,1445788800000000000,2015-10-25T16:00:00Z,5629400.0,,9afc14aa-341f-43ef-87de-a4581878d6b5,OrderRole.Standalone,OrderType.Market,_default,,PositionEffect.Close,,5629400.0,False,,OrderSide.Sell,OrderStatus.Filled,002625.SZ,,TimeInForce.GTC,,,,1445875200000000000,2015-10-26T16:00:00Z
73.63629,648091.3973625,1445788800000000000,2015-10-25T16:00:00Z,3520500.0,,3462f938-a693-4419-9f0b-dd71a8ecee73,OrderRole.Standalone,OrderType.Market,_default,,PositionEffect.Close,,3520500.0,False,,OrderSide.Sell,OrderStatus.Filled,300033.SZ,,TimeInForce.GTC,,,,1445875200000000000,2015-10-26T16:00:00Z
61.938,553400.5455,1447948800000000000,2015-11-19T16:00:00Z,3573900.0,,ff51a683-ba29-4432-b7a0-d5c554a73810,OrderRole.Standalone,OrderType.Market,_default,,PositionEffect.Close,,3573900.0,False,,OrderSide.Sell,OrderStatus.Filled,002027.SZ,,TimeInForce.GTC,,,,1448208000000000000,2015-11-22T16:00:00Z
,0.0,1447948800000000000,2015-11-19T16:00:00Z,0.0,,eb146eb0-1d44-4e0f-bf32-9c3650d805d4,OrderRole.Standalone,OrderType.Market,_default,,PositionEffect.Close,,5478500.0,False,"Risk: Insufficient available position for 002180.SZ at execution. Available: 5478499.9999999997717381461358, Required: 5478500",OrderSide.Sell,OrderStatus.Rejected,002180.SZ,,TimeInForce.GTC,,,,1448208000000000000,2015-11-22T16:00:00Z
,0.0,1447948800000000000,2015-11-19T16:00:00Z,0.0,,29de3ee0-4a92-48d3-b128-cf716fe78cd0,OrderRole.Standalone,OrderType.Market,_default,,PositionEffect.Close,,5253400.0,False,"Risk: Insufficient available position for 300059.SZ at execution. Available: 5253399.9999999998065547401878, Required: 5253400",OrderSide.Sell,OrderStatus.Rejected,300059.SZ,,TimeInForce.GTC,,,,1448208000000000000,2015-11-22T16:00:00Z
38.84112,947053.31868,1447948800000000000,2015-11-19T16:00:00Z,9753100.0,,314fe07e-7ad7-4b8e-8ccc-0205d912026c,OrderRole.Standalone,OrderType.Market,_default,,PositionEffect.Close,,9753100.0,False,,OrderSide.Sell,OrderStatus.Filled,300223.SZ,,TimeInForce.GTC,,,,1448208000000000000,2015-11-22T16:00:00Z
48.46149,707695.2538425,1447948800000000000,2015-11-19T16:00:00Z,5841300.0,,f3899c7b-b779-434a-91ca-be3fa7d1c32e,OrderRole.Standalone,OrderType.Market,_default,,PositionEffect.Close,,5841300.0,False,,OrderSide.Sell,OrderStatus.Filled,300413.SZ,,TimeInForce.GTC,,,,1448208000000000000,2015-11-22T16:00:00Z
98.1018,736523.78895,1447948800000000000,2015-11-19T16:00:00Z,3003100.0,,b3f30707-6123-4ba7-8ec5-d022049e4c90,OrderRole.Standalone,OrderType.Market,_default,,PositionEffect.Close,,3003100.0,False,,OrderSide.Sell,OrderStatus.Filled,300450.SZ,,TimeInForce.GTC,,,,1448208000000000000,2015-11-22T16:00:00Z
,0.0,1447948800000000000,2015-11-19T16:00:00Z,0.0,,aac40a54-f81f-4f50-97d2-6a872f775b21,OrderRole.Standalone,OrderType.Market,_default,,PositionEffect.Close,,11094100.0,False,"Symbol 002371.SZ not tradable (zero volume, suspension) at execution timestamp 1448208000000000000",OrderSide.Sell,OrderStatus.Rejected,002371.SZ,,TimeInForce.GTC,,,,1448208000000000000,2015-11-22T16:00:00Z
,0.0,1447948800000000000,2015-11-19T16:00:00Z,0.0,,9477e63f-97de-4dcc-9286-a595a2fac9b7,OrderRole.Standalone,OrderType.Market,_default,,PositionEffect.Close,,6317100.0,False,"Symbol 600745.SH not tradable (zero volume, suspension) at execution timestamp 1448208000000000000",OrderSide.Sell,OrderStatus.Rejected,600745.SH,,TimeInForce.GTC,,,,1448208000000000000,2015-11-22T16:00:00Z
64.064,738609.872,1447948800000000000,2015-11-19T16:00:00Z,4611700.0,,965ae9c8-7f1e-47a2-9c58-8d6cdb7558f0,OrderRole.Standalone,OrderType.Market,_default,,PositionEffect.Open,,4611700.0,False,,OrderSide.Buy,OrderStatus.Filled,002049.SZ,,TimeInForce.GTC,,,,1448208000000000000,2015-11-22T16:00:00Z
40.8408,784020.8376,1447948800000000000,2015-11-19T16:00:00Z,7678800.0,,036563df-13ce-4073-b6ec-131323bf37e3,OrderRole.Standalone,OrderType.Market,_default,,PositionEffect.Open,,7678800.0,False,,OrderSide.Buy,OrderStatus.Filled,002074.SZ,,TimeInForce.GTC,,,,1448208000000000000,2015-11-22T16:00:00Z
50.06001,783526.7615175,1447948800000000000,2015-11-19T16:00:00Z,6260700.0,,0b2fa422-48a6-4df2-81c2-4d8ce6017ae1,OrderRole.Standalone,OrderType.Market,_default,,PositionEffect.Open,,6260700.0,False,,OrderSide.Buy,OrderStatus.Filled,002460.SZ,,TimeInForce.GTC,,,,1448208000000000000,2015-11-22T16:00:00Z
167.71755,797706.5971875,1447948800000000000,2015-11-19T16:00:00Z,1902500.0,,c28922cc-3b59-4204-9e95-d20369aca026,OrderRole.Standalone,OrderType.Market,_default,,PositionEffect.Open,,1902500.0,False,,OrderSide.Buy,OrderStatus.Filled,002466.SZ,,TimeInForce.GTC,,,,1448208000000000000,2015-11-22T16:00:00Z
69.05899,797355.09854,1447948800000000000,2015-11-19T16:00:00Z,4618400.0,,284deb94-2b2d-4108-8cba-c4cd9d55f743,OrderRole.Standalone,OrderType.Market,_default,,PositionEffect.Open,,4618400.0,False,,OrderSide.Buy,OrderStatus.Filled,002709.SZ,,TimeInForce.GTC,,,,1448208000000000000,2015-11-22T16:00:00Z
55.60555,837266.6677375,1447948800000000000,2015-11-19T16:00:00Z,6022900.0,,7ea9f7e0-3621-44c4-bd4a-ad95c3cd8da2,OrderRole.Standalone,OrderType.Market,_default,,PositionEffect.Open,,6022900.0,False,,OrderSide.Buy,OrderStatus.Filled,300418.SZ,,TimeInForce.GTC,,,,1448208000000000000,2015-11-22T16:00:00Z
,0.0,1447948800000000000,2015-11-19T16:00:00Z,0.0,,a83d7316-945e-448d-86f1-80720b912f02,OrderRole.Standalone,OrderType.Market,_default,,PositionEffect.Open,,5366600.0,False,"Risk: Insufficient margin at execution. Required: 313699347.0861250000000000000, Available: 22451214.5568948797435464048",OrderSide.Buy,OrderStatus.Rejected,302132.SZ,,TimeInForce.GTC,,,,1448208000000000000,2015-11-22T16:00:00Z
,0.0,1447948800000000000,2015-11-19T16:00:00Z,0.0,,dc62aa78-270b-4c54-8e6c-a12bfd1f7819,OrderRole.Standalone,OrderType.Market,_default,,PositionEffect.Open,,27978300.0,False,"Risk: Insufficient margin at execution. Required: 336634765.0090425000000000000, Available: 22451214.5568948797435464048",OrderSide.Buy,OrderStatus.Rejected,600346.SH,,TimeInForce.GTC,,,,1448208000000000000,2015-11-22T16:00:00Z
74.71464,877261.94556,1447948800000000000,2015-11-19T16:00:00Z,4696600.0,,fb36e0ab-cc8d-4726-8b34-9b1e57e3f7f5,OrderRole.Standalone,OrderType.Market,_default,,PositionEffect.Open,,4696600.0,False,,OrderSide.Buy,OrderStatus.Filled,002558.SZ,,TimeInForce.GTC,,,,1448208000000000000,2015-11-22T16:00:00Z
53.7462,755590.9527,1448208000000000000,2015-11-22T16:00:00Z,5623400.0,,eb1e5857-7a0c-42e1-ab95-8c218d99cfad,OrderRole.Standalone,OrderType.Market,_default,,PositionEffect.Close,,5623400.0,False,,OrderSide.Sell,OrderStatus.Filled,002027.SZ,,TimeInForce.GTC,,,,1448294400000000000,2015-11-23T16:00:00Z
37.13283,712838.93751,1450368000000000000,2015-12-17T16:00:00Z,7678800.0,,5e1ac7ca-d0cb-4302-9b73-5179ead50317,OrderRole.Standalone,OrderType.Market,_default,,PositionEffect.Close,,7678800.0,False,,OrderSide.Sell,OrderStatus.Filled,002074.SZ,,TimeInForce.GTC,,,,1450627200000000000,2015-12-20T16:00:00Z
,0.0,1450368000000000000,2015-12-17T16:00:00Z,0.0,,b57e581f-31c1-43cd-8c63-8462e4194b6b,OrderRole.Standalone,OrderType.Market,_default,,PositionEffect.Close,,5478500.0,False,"Risk: Insufficient available position for 002180.SZ at execution. Available: 5478499.9999999997717381461358, Required: 5478500",OrderSide.Sell,OrderStatus.Rejected,002180.SZ,,TimeInForce.GTC,,,,1450627200000000000,2015-12-20T16:00:00Z
61.96797,969907.1744475,1450368000000000000,2015-12-17T16:00:00Z,6260700.0,,e9afe54c-c163-4779-ac90-d11fc9fdfbc9,OrderRole.Standalone,OrderType.Market,_default,,PositionEffect.Close,,6260700.0,False,,OrderSide.Sell,OrderStatus.Filled,002460.SZ,,TimeInForce.GTC,,,,1450627200000000000,2015-12-20T16:00:00Z
152.72712,726408.3645,1450368000000000000,2015-12-17T16:00:00Z,1902500.0,,87aadb36-e5da-48fe-8e4d-47da5bc5c178,OrderRole.Standalone,OrderType.Market,_default,,PositionEffect.Close,,1902500.0,False,,OrderSide.Sell,OrderStatus.Filled,002466.SZ,,TimeInForce.GTC,,,,1450627200000000000,2015-12-20T16:00:00Z
205.70409,2415274.572735,1450368000000000000,2015-12-17T16:00:00Z,4696600.0,,81a7dcb6-503f-4a12-8fb7-428cf12a24a5,OrderRole.Standalone,OrderType.Market,_default,,PositionEffect.Close,,4696600.0,False,,OrderSide.Sell,OrderStatus.Filled,002558.SZ,,TimeInForce.GTC,,,,1450627200000000000,2015-12-20T16:00:00Z
84.58533,976622.22018,1450368000000000000,2015-12-17T16:00:00Z,4618400.0,,db2f0ea7-7ad2-4d7f-be90-9d412b5d4dfd,OrderRole.Standalone,OrderType.Market,_default,,PositionEffect.Close,,4618400.0,False,,OrderSide.Sell,OrderStatus.Filled,002709.SZ,,TimeInForce.GTC,,,,1450627200000000000,2015-12-20T16:00:00Z
47.2527,711495.717075,1450368000000000000,2015-12-17T16:00:00Z,6022900.0,,81f2138e-9960-4361-83af-8f9e83fd82c7,OrderRole.Standalone,OrderType.Market,_default,,PositionEffect.Close,,6022900.0,False,,OrderSide.Sell,OrderStatus.Filled,300418.SZ,,TimeInForce.GTC,,,,1450627200000000000,2015-12-20T16:00:00Z
45.08487,712014.0806925,1450368000000000000,2015-12-17T16:00:00Z,6317100.0,,3e32c75b-6629-4c1f-802c-29c08279d623,OrderRole.Standalone,OrderType.Market,_default,,PositionEffect.Close,,6317100.0,False,,OrderSide.Sell,OrderStatus.Filled,600745.SH,,TimeInForce.GTC,,,,1450627200000000000,2015-12-20T16:00:00Z
,0.0,1450368000000000000,2015-12-17T16:00:00Z,0.0,,7c8cbf3a-6361-442b-9b85-802457865a0b,OrderRole.Standalone,OrderType.Market,_default,,PositionEffect.Close,,4611700.0,False,"Symbol 002049.SZ not tradable (zero volume, suspension) at execution timestamp 1450627200000000000",OrderSide.Sell,OrderStatus.Rejected,002049.SZ,,TimeInForce.GTC,,,,1450627200000000000,2015-12-20T16:00:00Z
,0.0,1450368000000000000,2015-12-17T16:00:00Z,0.0,,7c337ff7-6063-4f94-bec8-9a08b2b4843c,OrderRole.Standalone,OrderType.Market,_default,,PositionEffect.Close,,11094100.0,False,"Symbol 002371.SZ not tradable (zero volume, suspension) at execution timestamp 1450627200000000000",OrderSide.Sell,OrderStatus.Rejected,002371.SZ,,TimeInForce.GTC,,,,1450627200000000000,2015-12-20T16:00:00Z
29.8298,975777.5027,1450368000000000000,2015-12-17T16:00:00Z,13084600.0,,6b12a42f-bd71-4581-91a2-795371b9581a,OrderRole.Standalone,OrderType.Market,_default,,PositionEffect.Open,,13084600.0,False,,OrderSide.Buy,OrderStatus.Filled,000333.SZ,,TimeInForce.GTC,,,,1450627200000000000,2015-12-20T16:00:00Z
16.60659,977281.21491,1450368000000000000,2015-12-17T16:00:00Z,23539600.0,,bed05c77-edba-4120-94df-b7cba6a390af,OrderRole.Standalone,OrderType.Market,_default,,PositionEffect.Open,,23539600.0,False,,OrderSide.Buy,OrderStatus.Filled,000625.SZ,,TimeInForce.GTC,,,,1450627200000000000,2015-12-20T16:00:00Z
80.05998,973509.341805,1450368000000000000,2015-12-17T16:00:00Z,4863900.0,,26a1d0aa-0bdf-4bae-96f5-4a5690fcb339,OrderRole.Standalone,OrderType.Market,_default,,PositionEffect.Open,,4863900.0,False,,OrderSide.Buy,OrderStatus.Filled,000963.SZ,,TimeInForce.GTC,,,,1450627200000000000,2015-12-20T16:00:00Z
67.03697,972723.1939425,1450368000000000000,2015-12-17T16:00:00Z,5804100.0,,bf905902-d6b0-4d85-837e-4af6212da692,OrderRole.Standalone,OrderType.Market,_default,,PositionEffect.Open,,5804100.0,False,,OrderSide.Buy,OrderStatus.Filled,002304.SZ,,TimeInForce.GTC,,,,1450627200000000000,2015-12-20T16:00:00Z
34.52449,974289.7389225,1450368000000000000,2015-12-17T16:00:00Z,11288100.0,,fb2f1a64-46c7-4d99-9f91-19b6dd12aee7,OrderRole.Standalone,OrderType.Market,_default,,PositionEffect.Open,,11288100.0,False,,OrderSide.Buy,OrderStatus.Filled,002415.SZ,,TimeInForce.GTC,,,,1450627200000000000,2015-12-20T16:00:00Z
19.76975,965821.481625,1450368000000000000,2015-12-17T16:00:00Z,19541400.0,,04a05872-3dd0-45c4-87d5-c58acdc975d7,OrderRole.Standalone,OrderType.Market,_default,,PositionEffect.Open,,19541400.0,False,,OrderSide.Buy,OrderStatus.Filled,002736.SZ,,TimeInForce.GTC,,,,1450627200000000000,2015-12-20T16:00:00Z
78.9789,963266.15385,1450368000000000000,2015-12-17T16:00:00Z,4878600.0,,aff505f1-70b3-46cf-93e1-7ee90975ddac,OrderRole.Standalone,OrderType.Market,_default,,PositionEffect.Open,,4878600.0,False,,OrderSide.Buy,OrderStatus.Filled,300033.SZ,,TimeInForce.GTC,,,,1450627200000000000,2015-12-20T16:00:00Z
,0.0,1450368000000000000,2015-12-17T16:00:00Z,0.0,,b3d33526-eec5-4832-8c3b-d0de6a446d9b,OrderRole.Standalone,OrderType.Market,_default,,PositionEffect.Open,,6548900.0,False,"Risk: Insufficient margin at execution. Required: 429272426.9533700000000000000, Available: 392227531.5219498797435464048",OrderSide.Buy,OrderStatus.Rejected,300496.SZ,,TimeInForce.GTC,,,,1450627200000000000,2015-12-20T16:00:00Z
47.49745,969268.5877875,1450368000000000000,2015-12-17T16:00:00Z,8162700.0,,bda0a2c0-7b84-4cb9-944a-046e5540d1d3,OrderRole.Standalone,OrderType.Market,_default,,PositionEffect.Open,,8162700.0,False,,OrderSide.Buy,OrderStatus.Filled,300498.SZ,,TimeInForce.GTC,,,,1450627200000000000,2015-12-20T16:00:00Z
57.51746,215546.68135,1450368000000000000,2015-12-17T16:00:00Z,1499000.0,,2c0b7b73-9d07-406d-acdf-f6e080fa6f2d,OrderRole.Standalone,OrderType.Market,_default,,PositionEffect.Open,,1499000.0,False,,OrderSide.Buy,OrderStatus.Filled,300059.SZ,,TimeInForce.GTC,,,,1450627200000000000,2015-12-20T16:00:00Z
27.79218,65707.661565,1453046400000000000,2016-01-17T16:00:00Z,945700.0,,8aaf0737-1a0f-4824-806a-08837f251046,OrderRole.Standalone,OrderType.Market,_default,,PositionEffect.Close,,945700.0,False,,OrderSide.Sell,OrderStatus.Filled,000333.SZ,,TimeInForce.GTC,,,,1453132800000000000,2016-01-18T16:00:00Z
14.13585,831880.63665,1453046400000000000,2016-01-17T16:00:00Z,23539600.0,,0e4cacb6-032b-4b7b-ba01-b14fb4ddf534,OrderRole.Standalone,OrderType.Market,_default,,PositionEffect.Close,,23539600.0,False,,OrderSide.Sell,OrderStatus.Filled,000625.SZ,,TimeInForce.GTC,,,,1453132800000000000,2016-01-18T16:00:00Z
70.46946,856891.016235,1453046400000000000,2016-01-17T16:00:00Z,4863900.0,,a5139c6f-717f-49cb-8a21-941e0121895d,OrderRole.Standalone,OrderType.Market,_default,,PositionEffect.Close,,4863900.0,False,,OrderSide.Sell,OrderStatus.Filled,000963.SZ,,TimeInForce.GTC,,,,1453132800000000000,2016-01-18T16:00:00Z
,0.0,1453046400000000000,2016-01-17T16:00:00Z,0.0,,7b65d619-31d4-4b0b-b495-3998c49c558d,OrderRole.Standalone,OrderType.Market,_default,,PositionEffect.Close,,5478500.0,False,"Risk: Insufficient available position for 002180.SZ at execution. Available: 5478499.9999999997717381461358, Required: 5478500",OrderSide.Sell,OrderStatus.Rejected,002180.SZ,,TimeInForce.GTC,,,,1453132800000000000,2016-01-18T16:00:00Z
59.53041,863801.1317025,1453046400000000000,2016-01-17T16:00:00Z,5804100.0,,1529da14-10a9-49a6-aa40-eb0e79c8864f,OrderRole.Standalone,OrderType.Market,_default,,PositionEffect.Close,,5804100.0,False,,OrderSide.Sell,OrderStatus.Filled,002304.SZ,,TimeInForce.GTC,,,,1453132800000000000,2016-01-18T16:00:00Z
27.85212,772485.51123,1453046400000000000,2016-01-17T16:00:00Z,11094100.0,,3928bfb7-fe8c-4272-8b5c-f85e40976c2e,OrderRole.Standalone,OrderType.Market,_default,,PositionEffect.Close,,11094100.0,False,,OrderSide.Sell,OrderStatus.Filled,002371.SZ,,TimeInForce.GTC,,,,1453132800000000000,2016-01-18T16:00:00Z
27.4725,775280.818125,1453046400000000000,2016-01-17T16:00:00Z,11288100.0,,f287df70-5b41-45ee-99af-28fc006f83b1,OrderRole.Standalone,OrderType.Market,_default,,PositionEffect.Close,,11288100.0,False,,OrderSide.Sell,OrderStatus.Filled,002415.SZ,,TimeInForce.GTC,,,,1453132800000000000,2016-01-18T16:00:00Z
,0.0,1453046400000000000,2016-01-17T16:00:00Z,0.0,,4a64ba34-abe7-4230-a821-4c6bbef75db2,OrderRole.Standalone,OrderType.Market,_default,,PositionEffect.Close,,8162700.0,False,"Symbol 300498.SZ not tradable (zero volume, suspension) at execution timestamp 1453132800000000000",OrderSide.Sell,OrderStatus.Rejected,300498.SZ,,TimeInForce.GTC,,,,1453132800000000000,2016-01-18T16:00:00Z
,0.0,1453046400000000000,2016-01-17T16:00:00Z,0.0,,ed3f9f26-023d-4b8c-a1e4-7dadcd99d7fe,OrderRole.Standalone,OrderType.Market,_default,,PositionEffect.Close,,4611700.0,False,"Symbol 002049.SZ not tradable (zero volume, suspension) at execution timestamp 1453132800000000000",OrderSide.Sell,OrderStatus.Rejected,002049.SZ,,TimeInForce.GTC,,,,1453132800000000000,2016-01-18T16:00:00Z
8.09809,845541.822125,1453046400000000000,2016-01-17T16:00:00Z,41765000.0,,4d7ae64a-881b-45a5-90e2-258fe9f56de6,OrderRole.Standalone,OrderType.Market,_default,,PositionEffect.Open,,41765000.0,False,,OrderSide.Buy,OrderStatus.Filled,000338.SZ,,TimeInForce.GTC,,,,1453132800000000000,2016-01-18T16:00:00Z
22.5225,846373.0275,1453046400000000000,2016-01-17T16:00:00Z,15031600.0,,a5c7f6d7-be74-46c8-b869-f80e5c898b58,OrderRole.Standalone,OrderType.Market,_default,,PositionEffect.Open,,15031600.0,False,,OrderSide.Buy,OrderStatus.Filled,000568.SZ,,TimeInForce.GTC,,,,1453132800000000000,2016-01-18T16:00:00Z
208.208,821172.352,1453046400000000000,2016-01-17T16:00:00Z,1577600.0,,d587a340-60be-48d2-89e0-60bf1b744d00,OrderRole.Standalone,OrderType.Market,_default,,PositionEffect.Open,,1577600.0,False,,OrderSide.Buy,OrderStatus.Filled,300496.SZ,,TimeInForce.GTC,,,,1453132800000000000,2016-01-18T16:00:00Z
19.7197,853591.864125,1453046400000000000,2016-01-17T16:00:00Z,17314500.0,,96d76590-60a6-4df6-8c9d-f9712c6d742a,OrderRole.Standalone,OrderType.Market,_default,,PositionEffect.Open,,17314500.0,False,,OrderSide.Buy,OrderStatus.Filled,600104.SH,,TimeInForce.GTC,,,,1453132800000000000,2016-01-18T16:00:00Z
,0.0,1453046400000000000,2016-01-17T16:00:00Z,0.0,,bd8478c1-ae2c-4bb1-b61b-e5fc4a0ed6b0,OrderRole.Standalone,OrderType.Market,_default,,PositionEffect.Open,,1692100.0,False,"Risk: Insufficient margin at execution. Required: 341303342.6302500000000000000, Available: 221908987.9103698797435464048",OrderSide.Buy,OrderStatus.Rejected,600519.SH,,TimeInForce.GTC,,,,1453132800000000000,2016-01-18T16:00:00Z
,0.0,1453046400000000000,2016-01-17T16:00:00Z,0.0,,15ccd31a-2794-4ff3-a03e-d6f36d487224,OrderRole.Standalone,OrderType.Market,_default,,PositionEffect.Open,,22056200.0,False,"Risk: Insufficient margin at execution. Required: 340855158.3437000000000000000, Available: 221908987.9103698797435464048",OrderSide.Buy,OrderStatus.Rejected,601166.SH,,TimeInForce.GTC,,,,1453132800000000000,2016-01-18T16:00:00Z
43.1431,119538.744325,1453046400000000000,2016-01-17T16:00:00Z,1108300.0,,822842a3-4ce7-4aaf-a265-5e2444958fc4,OrderRole.Standalone,OrderType.Market,_default,,PositionEffect.Open,,1108300.0,False,,OrderSide.Buy,OrderStatus.Filled,300059.SZ,,TimeInForce.GTC,,,,1453132800000000000,2016-01-18T16:00:00Z
67.067,63344.7815,1453046400000000000,2016-01-17T16:00:00Z,377800.0,,833de344-9950-431a-ae3b-a0d3b368b8fe,OrderRole.Standalone,OrderType.Market,_default,,PositionEffect.Open,,377800.0,False,,OrderSide.Buy,OrderStatus.Filled,300033.SZ,,TimeInForce.GTC,,,,1453132800000000000,2016-01-18T16:00:00Z
16.19618,51171.83071,1453046400000000000,2016-01-17T16:00:00Z,1263800.0,,20f34a78-8a25-42a9-8222-d0ee599283bd,OrderRole.Standalone,OrderType.Market,_default,,PositionEffect.Open,,1263800.0,False,,OrderSide.Buy,OrderStatus.Filled,002736.SZ,,TimeInForce.GTC,,,,1453132800000000000,2016-01-18T16:00:00Z
28.6713,870095.108925,1453132800000000000,2016-01-18T16:00:00Z,12138900.0,,4789f867-6891-4965-b94f-88a5ac8a1f4b,OrderRole.Standalone,OrderType.Market,_default,,PositionEffect.Close,,12138900.0,False,,OrderSide.Sell,OrderStatus.Filled,000333.SZ,,TimeInForce.GTC,,,,1453219200000000000,2016-01-19T16:00:00Z
16.6833,867748.4829,1453132800000000000,2016-01-18T16:00:00Z,20805200.0,,980a294b-7940-425d-99d9-89879d7bbf60,OrderRole.Standalone,OrderType.Market,_default,,PositionEffect.Close,,20805200.0,False,,OrderSide.Sell,OrderStatus.Filled,002736.SZ,,TimeInForce.GTC,,,,1453219200000000000,2016-01-19T16:00:00Z
67.8321,891381.6261,1453132800000000000,2016-01-18T16:00:00Z,5256400.0,,8b793593-1e2b-4297-b236-021d5ceb76b5,OrderRole.Standalone,OrderType.Market,_default,,PositionEffect.Close,,5256400.0,False,,OrderSide.Sell,OrderStatus.Filled,300033.SZ,,TimeInForce.GTC,,,,1453219200000000000,2016-01-19T16:00:00Z
,0.0,1453132800000000000,2016-01-18T16:00:00Z,0.0,,277da589-f958-4936-bc80-0725bef1f298,OrderRole.Standalone,OrderType.Market,_default,,PositionEffect.Close,,7860700.0,False,"Risk: Insufficient available position for 300059.SZ at execution. Available: 7860699.9999999998065547401878, Required: 7860700",OrderSide.Sell,OrderStatus.Rejected,300059.SZ,,TimeInForce.GTC,,,,1453219200000000000,2016-01-19T16:00:00Z
220.779,870752.376,1453132800000000000,2016-01-18T16:00:00Z,1577600.0,,cb25380b-abd1-4b14-8c8c-6d300f51398f,OrderRole.Standalone,OrderType.Market,_default,,PositionEffect.Close,,1577600.0,False,,OrderSide.Sell,OrderStatus.Filled,300496.SZ,,TimeInForce.GTC,,,,1453219200000000000,2016-01-19T16:00:00Z
7.64235,797956.869375,1456070400000000000,2016-02-21T16:00:00Z,41765000.0,,cd0c4559-09e2-4763-89de-8e7eb8e3a470,OrderRole.Standalone,OrderType.Market,_default,,PositionEffect.Close,,41765000.0,False,,OrderSide.Sell,OrderStatus.Filled,000338.SZ,,TimeInForce.GTC,,,,1456156800000000000,2016-02-22T16:00:00Z
21.73824,816901.32096,1456070400000000000,2016-02-21T16:00:00Z,15031600.0,,b8481ed4-cbbe-459e-8baf-9365541d48e8,OrderRole.Standalone,OrderType.Market,_default,,PositionEffect.Close,,15031600.0,False,,OrderSide.Sell,OrderStatus.Filled,000568.SZ,,TimeInForce.GTC,,,,1456156800000000000,2016-02-22T16:00:00Z
,0.0,1456070400000000000,2016-02-21T16:00:00Z,0.0,,9cf94f9e-eca0-4520-b80e-93bc43040cc2,OrderRole.Standalone,OrderType.Market,_default,,PositionEffect.Close,,7860700.0,False,"Risk: Insufficient available position for 300059.SZ at execution. Available: 7860699.9999999998065547401878, Required: 7860700",OrderSide.Sell,OrderStatus.Rejected,300059.SZ,,TimeInForce.GTC,,,,1456156800000000000,2016-02-22T16:00:00Z
44.84511,48656.94435,1456070400000000000,2016-02-21T16:00:00Z,434000.0,,74b273a4-1e5c-4593-a48f-550f8cb9bd64,OrderRole.Standalone,OrderType.Market,_default,,PositionEffect.Close,,434000.0,False,,OrderSide.Sell,OrderStatus.Filled,300498.SZ,,TimeInForce.GTC,,,,1456156800000000000,2016-02-22T16:00:00Z
18.92106,819021.733425,1456070400000000000,2016-02-21T16:00:00Z,17314500.0,,45ca2c2d-c06d-41bc-9bd1-2577bab7d8fd,OrderRole.Standalone,OrderType.Market,_default,,PositionEffect.Close,,17314500.0,False,,OrderSide.Sell,OrderStatus.Filled,600104.SH,,TimeInForce.GTC,,,,1456156800000000000,2016-02-22T16:00:00Z
,0.0,1456070400000000000,2016-02-21T16:00:00Z,0.0,,20e62eb4-5e9a-476c-99a4-4b8b4d3515b0,OrderRole.Standalone,OrderType.Market,_default,,PositionEffect.Close,,4611700.0,False,"Symbol 002049.SZ not tradable (zero volume, suspension) at execution timestamp 1456156800000000000",OrderSide.Sell,OrderStatus.Rejected,002049.SZ,,TimeInForce.GTC,,,,1456156800000000000,2016-02-22T16:00:00Z
,0.0,1456070400000000000,2016-02-21T16:00:00Z,0.0,,7c7c3749-5313-49d9-88a5-8848ffa2fafd,OrderRole.Standalone,OrderType.Market,_default,,PositionEffect.Close,,5478500.0,False,"Symbol 002180.SZ not tradable (zero volume, suspension) at execution timestamp 1456156800000000000",OrderSide.Sell,OrderStatus.Rejected,002180.SZ,,TimeInForce.GTC,,,,1456156800000000000,2016-02-22T16:00:00Z
73.10303,856164.4116025,1456070400000000000,2016-02-21T16:00:00Z,4684700.0,,475101aa-190b-4d18-b550-0293052002a5,OrderRole.Standalone,OrderType.Market,_default,,PositionEffect.Open,,4684700.0,False,,OrderSide.Buy,OrderStatus.Filled,000963.SZ,,TimeInForce.GTC,,,,1456156800000000000,2016-02-22T16:00:00Z
13.13312,857569.75304,1456070400000000000,2016-02-21T16:00:00Z,26119300.0,,5485643d-f30d-4aae-bee7-310c7b73995c,OrderRole.Standalone,OrderType.Market,_default,,PositionEffect.Open,,26119300.0,False,,OrderSide.Buy,OrderStatus.Filled,002028.SZ,,TimeInForce.GTC,,,,1456156800000000000,2016-02-22T16:00:00Z
3.06306,854779.05513,1456070400000000000,2016-02-21T16:00:00Z,111624200.0,,be43ff31-25d2-4bc6-8ca6-2491e89695b0,OrderRole.Standalone,OrderType.Market,_default,,PositionEffect.Open,,111624200.0,False,,OrderSide.Buy,OrderStatus.Filled,600010.SH,,TimeInForce.GTC,,,,1456156800000000000,2016-02-22T16:00:00Z
7.15715,829721.24235,1456070400000000000,2016-02-21T16:00:00Z,46371600.0,,40e4e1ea-f66c-4f38-9955-336533bc438b,OrderRole.Standalone,OrderType.Market,_default,,PositionEffect.Open,,46371600.0,False,,OrderSide.Buy,OrderStatus.Filled,601018.SH,,TimeInForce.GTC,,,,1456156800000000000,2016-02-22T16:00:00Z
3.003,857572.716,1456070400000000000,2016-02-21T16:00:00Z,114228800.0,,fb9541b2-fa16-4af3-9e39-95bf4f8b329f,OrderRole.Standalone,OrderType.Market,_default,,PositionEffect.Open,,114228800.0,False,,OrderSide.Buy,OrderStatus.Filled,601288.SH,,TimeInForce.GTC,,,,1456156800000000000,2016-02-22T16:00:00Z
5.37537,854389.5284925,1456070400000000000,2016-02-21T16:00:00Z,63578100.0,,61fc51e2-5741-44e5-9fbe-430d07f89afc,OrderRole.Standalone,OrderType.Market,_default,,PositionEffect.Open,,63578100.0,False,,OrderSide.Buy,OrderStatus.Filled,601328.SH,,TimeInForce.GTC,,,,1456156800000000000,2016-02-22T16:00:00Z
4.08408,857572.05534,1456070400000000000,2016-02-21T16:00:00Z,83991700.0,,112676d4-ec6e-407e-8242-6859d4b814fc,OrderRole.Standalone,OrderType.Market,_default,,PositionEffect.Open,,83991700.0,False,,OrderSide.Buy,OrderStatus.Filled,601398.SH,,TimeInForce.GTC,,,,1456156800000000000,2016-02-22T16:00:00Z
,0.0,1456070400000000000,2016-02-21T16:00:00Z,0.0,,789b197a-c3be-436a-816a-f64c852b0777,OrderRole.Standalone,OrderType.Market,_default,,PositionEffect.Open,,106424300.0,False,"Risk: Insufficient margin at execution. Required: 341750563.5544000000000000000, Available: 215856984.7183798797435464048",OrderSide.Buy,OrderStatus.Rejected,601899.SH,,TimeInForce.GTC,,,,1456156800000000000,2016-02-22T16:00:00Z
,0.0,1456070400000000000,2016-02-21T16:00:00Z,0.0,,6e4825d4-aa23-4d11-bb12-667fa5ab53f8,OrderRole.Standalone,OrderType.Market,_default,,PositionEffect.Open,,104160000.0,False,"Risk: Insufficient margin at execution. Required: 342841410.9120000000000000000, Available: 215856984.7183798797435464048",OrderSide.Buy,OrderStatus.Rejected,601988.SH,,TimeInForce.GTC,,,,1456156800000000000,2016-02-22T16:00:00Z
70.66926,827660.705805,1458489600000000000,2016-03-20T16:00:00Z,4684700.0,,c82a8759-4266-4ae1-9b6a-3f55e761cbda,OrderRole.Standalone,OrderType.Market,_default,,PositionEffect.Close,,4684700.0,False,,OrderSide.Sell,OrderStatus.Filled,000963.SZ,,TimeInForce.GTC,,,,1458576000000000000,2016-03-21T16:00:00Z
12.73725,831720.1348125,1458489600000000000,2016-03-20T16:00:00Z,26119300.0,,8dccb7f0-d3d2-417c-8e45-dbb8edd52d18,OrderRole.Standalone,OrderType.Market,_default,,PositionEffect.Close,,26119300.0,False,,OrderSide.Sell,OrderStatus.Filled,002028.SZ,,TimeInForce.GTC,,,,1458576000000000000,2016-03-21T16:00:00Z
43.44651,26665.2955125,1458489600000000000,2016-03-20T16:00:00Z,245500.0,,ba629009-bdd5-458e-9a20-8f55a95ceb4c,OrderRole.Standalone,OrderType.Market,_default,,PositionEffect.Close,,245500.0,False,,OrderSide.Sell,OrderStatus.Filled,300059.SZ,,TimeInForce.GTC,,,,1458576000000000000,2016-03-21T16:00:00Z
49.95,965121.4125,1458489600000000000,2016-03-20T16:00:00Z,7728700.0,,f7b538c6-1bfa-4bf4-b49a-33961127d9c3,OrderRole.Standalone,OrderType.Market,_default,,PositionEffect.Close,,7728700.0,False,,OrderSide.Sell,OrderStatus.Filled,300498.SZ,,TimeInForce.GTC,,,,1458576000000000000,2016-03-21T16:00:00Z
3.04695,850283.390475,1458489600000000000,2016-03-20T16:00:00Z,111624200.0,,6915e043-c2ab-4dd7-bd78-87959d6919a9,OrderRole.Standalone,OrderType.Market,_default,,PositionEffect.Close,,111624200.0,False,,OrderSide.Sell,OrderStatus.Filled,600010.SH,,TimeInForce.GTC,,,,1458576000000000000,2016-03-21T16:00:00Z
6.36363,737729.26227,1458489600000000000,2016-03-20T16:00:00Z,46371600.0,,ef3ba581-d277-4edc-8014-463971ca2d02,OrderRole.Standalone,OrderType.Market,_default,,PositionEffect.Close,,46371600.0,False,,OrderSide.Sell,OrderStatus.Filled,601018.SH,,TimeInForce.GTC,,,,1458576000000000000,2016-03-21T16:00:00Z
3.20679,915769.43388,1458489600000000000,2016-03-20T16:00:00Z,114228800.0,,6965a4fe-b5b0-414b-9e29-8b0fd3dded33,OrderRole.Standalone,OrderType.Market,_default,,PositionEffect.Close,,114228800.0,False,,OrderSide.Sell,OrderStatus.Filled,601288.SH,,TimeInForce.GTC,,,,1458576000000000000,2016-03-21T16:00:00Z
5.63436,895554.75879,1458489600000000000,2016-03-20T16:00:00Z,63578100.0,,61b08c79-d324-4c91-b69c-eaf384395a60,OrderRole.Standalone,OrderType.Market,_default,,PositionEffect.Close,,63578100.0,False,,OrderSide.Sell,OrderStatus.Filled,601328.SH,,TimeInForce.GTC,,,,1458576000000000000,2016-03-21T16:00:00Z
4.30569,904105.5569325,1458489600000000000,2016-03-20T16:00:00Z,83991700.0,,6d4669f8-926f-4576-b29a-4b795332edf0,OrderRole.Standalone,OrderType.Market,_default,,PositionEffect.Close,,83991700.0,False,,OrderSide.Sell,OrderStatus.Filled,601398.SH,,TimeInForce.GTC,,,,1458576000000000000,2016-03-21T16:00:00Z
,0.0,1458489600000000000,2016-03-20T16:00:00Z,0.0,,f991e558-4850-4c91-860c-ec4afcd36514,OrderRole.Standalone,OrderType.Market,_default,,PositionEffect.Close,,5478500.0,False,"Symbol 002180.SZ not tradable (zero volume, suspension) at execution timestamp 1458576000000000000",OrderSide.Sell,OrderStatus.Rejected,002180.SZ,,TimeInForce.GTC,,,,1458576000000000000,2016-03-21T16:00:00Z
19.00899,839617.583805,1458489600000000000,2016-03-20T16:00:00Z,17667800.0,,d0a67425-809b-4ea9-ac07-7c2b8df7201f,OrderRole.Standalone,OrderType.Market,_default,,PositionEffect.Open,,17667800.0,False,,OrderSide.Buy,OrderStatus.Filled,000988.SZ,,TimeInForce.GTC,,,,1458576000000000000,2016-03-21T16:00:00Z
,0.0,1458489600000000000,2016-03-20T16:00:00Z,0.0,,e68342e6-fd36-4cbf-8e5c-f9bb63902695,OrderRole.Standalone,OrderType.Market,_default,,PositionEffect.Open,,7320700.0,False,"Symbol 002460.SZ not tradable (zero volume, suspension) at execution timestamp 1458576000000000000",OrderSide.Buy,OrderStatus.Rejected,002460.SZ,,TimeInForce.GTC,,,,1458576000000000000,2016-03-21T16:00:00Z
68.068,823929.106,1458489600000000000,2016-03-20T16:00:00Z,4841800.0,,1a21881c-5cfe-44e3-a928-85f7a2fbf54c,OrderRole.Standalone,OrderType.Market,_default,,PositionEffect.Open,,4841800.0,False,,OrderSide.Buy,OrderStatus.Filled,300033.SZ,,TimeInForce.GTC,,,,1458576000000000000,2016-03-21T16:00:00Z
25.44542,843146.71441,1458489600000000000,2016-03-20T16:00:00Z,13254200.0,,937402f7-fade-4e29-bc81-dab9bd0b2d45,OrderRole.Standalone,OrderType.Market,_default,,PositionEffect.Open,,13254200.0,False,,OrderSide.Buy,OrderStatus.Filled,300223.SZ,,TimeInForce.GTC,,,,1458576000000000000,2016-03-21T16:00:00Z
34.65462,836008.05288,1458489600000000000,2016-03-20T16:00:00Z,9649600.0,,7319009e-ef2b-4dbc-b0ad-f1b023ba59c8,OrderRole.Standalone,OrderType.Market,_default,,PositionEffect.Open,,9649600.0,False,,OrderSide.Buy,OrderStatus.Filled,302132.SZ,,TimeInForce.GTC,,,,1458576000000000000,2016-03-21T16:00:00Z
232.49226,858768.285375,1458489600000000000,2016-03-20T16:00:00Z,1477500.0,,729eb010-a966-4271-bf31-89fed8dd1aa7,OrderRole.Standalone,OrderType.Market,_default,,PositionEffect.Open,,1477500.0,False,,OrderSide.Buy,OrderStatus.Filled,600519.SH,,TimeInForce.GTC,,,,1458576000000000000,2016-03-21T16:00:00Z
14.54453,854218.4275625,1458489600000000000,2016-03-20T16:00:00Z,23492500.0,,773b53a6-ce72-4eb2-864e-b03db31ceac9,OrderRole.Standalone,OrderType.Market,_default,,PositionEffect.Open,,23492500.0,False,,OrderSide.Buy,OrderStatus.Filled,600887.SH,,TimeInForce.GTC,,,,1458576000000000000,2016-03-21T16:00:00Z
59.059,887981.5945,1458489600000000000,2016-03-20T16:00:00Z,6014200.0,,60a7e894-215e-426a-8290-cf300359e789,OrderRole.Standalone,OrderType.Market,_default,,PositionEffect.Open,,6014200.0,False,,OrderSide.Buy,OrderStatus.Filled,600570.SH,,TimeInForce.GTC,,,,1458576000000000000,2016-03-21T16:00:00Z
46.046,317279.963,1458489600000000000,2016-03-20T16:00:00Z,2756200.0,,c14b54a5-e0a7-47c9-abc3-3b5fff039fa2,OrderRole.Standalone,OrderType.Market,_default,,PositionEffect.Open,,2756200.0,False,,OrderSide.Buy,OrderStatus.Filled,002049.SZ,,TimeInForce.GTC,,,,1458576000000000000,2016-03-21T16:00:00Z
18.80118,830438.72001,1460995200000000000,2016-04-18T16:00:00Z,17667800.0,,8740813b-d995-4e59-b4e7-e57dfd018d2b,OrderRole.Standalone,OrderType.Market,_default,,PositionEffect.Close,,17667800.0,False,,OrderSide.Sell,OrderStatus.Filled,000988.SZ,,TimeInForce.GTC,,,,1461081600000000000,2016-04-19T16:00:00Z
42.6573,785736.801675,1460995200000000000,2016-04-18T16:00:00Z,7367900.0,,dd5d5c27-d9ad-42bb-858c-c79c906229d1,OrderRole.Standalone,OrderType.Market,_default,,PositionEffect.Close,,7367900.0,False,,OrderSide.Sell,OrderStatus.Filled,002049.SZ,,TimeInForce.GTC,,,,1461081600000000000,2016-04-19T16:00:00Z
77.922,943206.849,1460995200000000000,2016-04-18T16:00:00Z,4841800.0,,80ea8438-1e58-4471-ba82-86d7d1642cbf,OrderRole.Standalone,OrderType.Market,_default,,PositionEffect.Close,,4841800.0,False,,OrderSide.Sell,OrderStatus.Filled,300033.SZ,,TimeInForce.GTC,,,,1461081600000000000,2016-04-19T16:00:00Z
23.79618,815453.445285,1460995200000000000,2016-04-18T16:00:00Z,13707300.0,,737201a0-4c97-484e-8480-046cbff476a3,OrderRole.Standalone,OrderType.Market,_default,,PositionEffect.Close,,13707300.0,False,,OrderSide.Sell,OrderStatus.Filled,300059.SZ,,TimeInForce.GTC,,,,1461081600000000000,2016-04-19T16:00:00Z
32.07789,189147.278385,1460995200000000000,2016-04-18T16:00:00Z,2358600.0,,0dfc02b6-41a0-4543-874d-2dabbceeb148,OrderRole.Standalone,OrderType.Market,_default,,PositionEffect.Close,,2358600.0,False,,OrderSide.Sell,OrderStatus.Filled,300223.SZ,,TimeInForce.GTC,,,,1461081600000000000,2016-04-19T16:00:00Z
35.98398,868077.53352,1460995200000000000,2016-04-18T16:00:00Z,9649600.0,,50b86412-580d-44fd-b497-c77ba4777a73,OrderRole.Standalone,OrderType.Market,_default,,PositionEffect.Close,,9649600.0,False,,OrderSide.Sell,OrderStatus.Filled,302132.SZ,,TimeInForce.GTC,,,,1461081600000000000,2016-04-19T16:00:00Z
242.94681,897384.7794375,1460995200000000000,2016-04-18T16:00:00Z,1477500.0,,6d7ca2fb-e1d3-472a-9e4a-11250718234a,OrderRole.Standalone,OrderType.Market,_default,,PositionEffect.Close,,1477500.0,False,,OrderSide.Sell,OrderStatus.Filled,600519.SH,,TimeInForce.GTC,,,,1461081600000000000,2016-04-19T16:00:00Z
58.32162,876894.71751,1460995200000000000,2016-04-18T16:00:00Z,6014200.0,,a959f141-e9e2-4fd3-91ac-470597cdf4f7,OrderRole.Standalone,OrderType.Market,_default,,PositionEffect.Close,,6014200.0,False,,OrderSide.Sell,OrderStatus.Filled,600570.SH,,TimeInForce.GTC,,,,1461081600000000000,2016-04-19T16:00:00Z
14.51547,852511.6974375,1460995200000000000,2016-04-18T16:00:00Z,23492500.0,,5e069a9b-2a54-430d-8dff-266530b13a4b,OrderRole.Standalone,OrderType.Market,_default,,PositionEffect.Close,,23492500.0,False,,OrderSide.Sell,OrderStatus.Filled,600887.SH,,TimeInForce.GTC,,,,1461081600000000000,2016-04-19T16:00:00Z
,0.0,1460995200000000000,2016-04-18T16:00:00Z,0.0,,0d5876e9-6383-481e-baf1-936c24ffca79,OrderRole.Standalone,OrderType.Market,_default,,PositionEffect.Close,,5478500.0,False,"Symbol 002180.SZ not tradable (zero volume, suspension) at execution timestamp 1461081600000000000",OrderSide.Sell,OrderStatus.Rejected,002180.SZ,,TimeInForce.GTC,,,,1461081600000000000,2016-04-19T16:00:00Z
,0.0,1460995200000000000,2016-04-18T16:00:00Z,0.0,,8cd3ee90-a6f5-447f-8972-1281238dbaad,OrderRole.Standalone,OrderType.Market,_default,,PositionEffect.Open,,27175600.0,False,"Symbol 000617.SZ not tradable (zero volume, suspension) at execution timestamp 1461081600000000000",OrderSide.Buy,OrderStatus.Rejected,000617.SZ,,TimeInForce.GTC,,,,1461081600000000000,2016-04-19T16:00:00Z
20.70068,883520.54791,1460995200000000000,2016-04-18T16:00:00Z,17072300.0,,4724d9cc-e70a-4386-a11f-5fe39bf6ae7e,OrderRole.Standalone,OrderType.Market,_default,,PositionEffect.Open,,17072300.0,False,,OrderSide.Buy,OrderStatus.Filled,002001.SZ,,TimeInForce.GTC,,,,1461081600000000000,2016-04-19T16:00:00Z
18.7187,879381.127625,1460995200000000000,2016-04-18T16:00:00Z,18791500.0,,21baa6eb-409a-4e09-8ac0-f6c25e5bf533,OrderRole.Standalone,OrderType.Market,_default,,PositionEffect.Open,,18791500.0,False,,OrderSide.Buy,OrderStatus.Filled,002459.SZ,,TimeInForce.GTC,,,,1461081600000000000,2016-04-19T16:00:00Z
101.101,873209.337,1460995200000000000,2016-04-18T16:00:00Z,3454800.0,,f3366a10-ef72-4343-97ed-73f130d7f741,OrderRole.Standalone,OrderType.Market,_default,,PositionEffect.Open,,3454800.0,False,,OrderSide.Buy,OrderStatus.Filled,002709.SZ,,TimeInForce.GTC,,,,1461081600000000000,2016-04-19T16:00:00Z
38.038,887302.9165,1460995200000000000,2016-04-18T16:00:00Z,9330700.0,,c0b0315e-4f76-49b4-8e2f-f00349ef6288,OrderRole.Standalone,OrderType.Market,_default,,PositionEffect.Open,,9330700.0,False,,OrderSide.Buy,OrderStatus.Filled,600233.SH,,TimeInForce.GTC,,,,1461081600000000000,2016-04-19T16:00:00Z
37.20717,877968.2886975,1460995200000000000,2016-04-18T16:00:00Z,9438700.0,,5f8ec2b9-a0ee-41a9-9f89-3bbaab73e695,OrderRole.Standalone,OrderType.Market,_default,,PositionEffect.Open,,9438700.0,False,,OrderSide.Buy,OrderStatus.Filled,600482.SH,,TimeInForce.GTC,,,,1461081600000000000,2016-04-19T16:00:00Z
15.1151,878550.0724,1460995200000000000,2016-04-18T16:00:00Z,23249600.0,,a1098c47-f01f-418f-a8e3-5a332179aaa5,OrderRole.Standalone,OrderType.Market,_default,,PositionEffect.Open,,23249600.0,False,,OrderSide.Buy,OrderStatus.Filled,600837.SH,,TimeInForce.GTC,,,,1461081600000000000,2016-04-19T16:00:00Z
3.16316,877971.43434,1460995200000000000,2016-04-18T16:00:00Z,111024600.0,,4e405fb8-35e0-4a8c-ba9f-57ffb61af060,OrderRole.Standalone,OrderType.Market,_default,,PositionEffect.Open,,111024600.0,False,,OrderSide.Buy,OrderStatus.Filled,601288.SH,,TimeInForce.GTC,,,,1461081600000000000,2016-04-19T16:00:00Z
30.18015,876220.29495,1460995200000000000,2016-04-18T16:00:00Z,11613200.0,,f9cae0bc-2eff-4021-a614-e06a51807ea9,OrderRole.Standalone,OrderType.Market,_default,,PositionEffect.Open,,11613200.0,False,,OrderSide.Buy,OrderStatus.Filled,601689.SH,,TimeInForce.GTC,,,,1461081600000000000,2016-04-19T16:00:00Z
30.81915,839482.82685,1461081600000000000,2016-04-19T16:00:00Z,10895600.0,,9d9e5182-07b9-4847-b8b0-5c5bf0b38ce8,OrderRole.Standalone,OrderType.Market,_default,,PositionEffect.Close,,10895600.0,False,,OrderSide.Sell,OrderStatus.Filled,300223.SZ,,TimeInForce.GTC,,,,1461168000000000000,2016-04-20T16:00:00Z
19.10088,815239.88406,1463500800000000000,2016-05-17T16:00:00Z,17072300.0,,462de8ad-3892-40bb-88ae-81e67ea9d04b,OrderRole.Standalone,OrderType.Market,_default,,PositionEffect.Close,,17072300.0,False,,OrderSide.Sell,OrderStatus.Filled,002001.SZ,,TimeInForce.GTC,,,,1463587200000000000,2016-05-18T16:00:00Z
,0.0,1463500800000000000,2016-05-17T16:00:00Z,0.0,,de2db85a-40fe-448b-a2ed-db3479260c48,OrderRole.Standalone,OrderType.Market,_default,,PositionEffect.Close,,5478500.0,False,"Risk: Insufficient available position for 002180.SZ at execution. Available: 5478499.9999999997717381461358, Required: 5478500",OrderSide.Sell,OrderStatus.Rejected,002180.SZ,,TimeInForce.GTC,,,,1463587200000000000,2016-05-18T16:00:00Z
15.0849,708669.745875,1463500800000000000,2016-05-17T16:00:00Z,18791500.0,,e985cf69-399a-41a9-b5b6-59659f2941a2,OrderRole.Standalone,OrderType.Market,_default,,PositionEffect.Close,,18791500.0,False,,OrderSide.Sell,OrderStatus.Filled,002459.SZ,,TimeInForce.GTC,,,,1463587200000000000,2016-05-18T16:00:00Z
63.7362,553309.88625,1463500800000000000,2016-05-17T16:00:00Z,3472500.0,,ee3f6b10-e6b3-4fc4-94a7-c81b514de765,OrderRole.Standalone,OrderType.Market,_default,,PositionEffect.Close,,3472500.0,False,,OrderSide.Sell,OrderStatus.Filled,002709.SZ,,TimeInForce.GTC,,,,1463587200000000000,2016-05-18T16:00:00Z
32.41755,764948.8229625,1463500800000000000,2016-05-17T16:00:00Z,9438700.0,,7dcb41d4-1ec9-4d68-94ea-21d602401f82,OrderRole.Standalone,OrderType.Market,_default,,PositionEffect.Close,,9438700.0,False,,OrderSide.Sell,OrderStatus.Filled,600482.SH,,TimeInForce.GTC,,,,1463587200000000000,2016-05-18T16:00:00Z
14.63535,850665.0834,1463500800000000000,2016-05-17T16:00:00Z,23249600.0,,35d08bf9-2db6-411b-bc4e-062544193c4a,OrderRole.Standalone,OrderType.Market,_default,,PositionEffect.Close,,23249600.0,False,,OrderSide.Sell,OrderStatus.Filled,600837.SH,,TimeInForce.GTC,,,,1463587200000000000,2016-05-18T16:00:00Z
3.05694,848488.85181,1463500800000000000,2016-05-17T16:00:00Z,111024600.0,,36d9adf2-6f6a-48d6-b2d6-d1094d111ad2,OrderRole.Standalone,OrderType.Market,_default,,PositionEffect.Close,,111024600.0,False,,OrderSide.Sell,OrderStatus.Filled,601288.SH,,TimeInForce.GTC,,,,1463587200000000000,2016-05-18T16:00:00Z
24.86511,721908.73863,1463500800000000000,2016-05-17T16:00:00Z,11613200.0,,b21df5f3-d4b3-498c-9ce0-a7064034ce10,OrderRole.Standalone,OrderType.Market,_default,,PositionEffect.Close,,11613200.0,False,,OrderSide.Sell,OrderStatus.Filled,601689.SH,,TimeInForce.GTC,,,,1463587200000000000,2016-05-18T16:00:00Z
38.51848,846173.96864,1463500800000000000,2016-05-17T16:00:00Z,8787200.0,,92efb824-ba99-4825-8534-095665836fc1,OrderRole.Standalone,OrderType.Market,_default,,PositionEffect.Open,,8787200.0,False,,OrderSide.Buy,OrderStatus.Filled,601799.SH,,TimeInForce.GTC,,,,1463587200000000000,2016-05-18T16:00:00Z
30.61058,850484.35472,1463500800000000000,2016-05-17T16:00:00Z,11113600.0,,dbc0c5ff-b6fe-4a1c-910d-cf0ffde934be,OrderRole.Standalone,OrderType.Market,_default,,PositionEffect.Open,,11113600.0,False,,OrderSide.Buy,OrderStatus.Filled,603799.SH,,TimeInForce.GTC,,,,1463587200000000000,2016-05-18T16:00:00Z
68.09803,855873.0655475,1463500800000000000,2016-05-17T16:00:00Z,5027300.0,,448a08de-e8b0-48ec-a4d8-c74008f794d6,OrderRole.Standalone,OrderType.Market,_default,,PositionEffect.Open,,5027300.0,False,,OrderSide.Buy,OrderStatus.Filled,002460.SZ,,TimeInForce.GTC,,,,1463587200000000000,2016-05-18T16:00:00Z
12.012,835581.747,1463500800000000000,2016-05-17T16:00:00Z,27824900.0,,e0b167c1-9ec9-40a2-8cc8-7dcc1d0dff48,OrderRole.Standalone,OrderType.Market,_default,,PositionEffect.Open,,27824900.0,False,,OrderSide.Buy,OrderStatus.Filled,002600.SZ,,TimeInForce.GTC,,,,1463587200000000000,2016-05-18T16:00:00Z
22.15213,837101.3025375,1463500800000000000,2016-05-17T16:00:00Z,15115500.0,,3d76b288-d067-4e67-8230-bae23b37dea9,OrderRole.Standalone,OrderType.Market,_default,,PositionEffect.Open,,15115500.0,False,,OrderSide.Buy,OrderStatus.Filled,300476.SZ,,TimeInForce.GTC,,,,1463587200000000000,2016-05-18T16:00:00Z
241.7415,854737.508625,1463500800000000000,2016-05-17T16:00:00Z,1414300.0,,17554c3e-33f2-407d-9e19-8deb74b41294,OrderRole.Standalone,OrderType.Market,_default,,PositionEffect.Open,,1414300.0,False,,OrderSide.Buy,OrderStatus.Filled,300496.SZ,,TimeInForce.GTC,,,,1463587200000000000,2016-05-18T16:00:00Z
15.25524,852989.11698,1463500800000000000,2016-05-17T16:00:00Z,22365800.0,,57ec1cb4-74bf-4fd8-ae3d-e3c708cb7609,OrderRole.Standalone,OrderType.Market,_default,,PositionEffect.Open,,22365800.0,False,,OrderSide.Buy,OrderStatus.Filled,600584.SH,,TimeInForce.GTC,,,,1463587200000000000,2016-05-18T16:00:00Z
53.16311,855234.95057,1463500800000000000,2016-05-17T16:00:00Z,6434800.0,,5c071a34-7bc3-4367-921f-c7e1739c3575,OrderRole.Standalone,OrderType.Market,_default,,PositionEffect.Open,,6434800.0,False,,OrderSide.Buy,OrderStatus.Filled,600570.SH,,TimeInForce.GTC,,,,1463587200000000000,2016-05-18T16:00:00Z
15.015,153059.15625,1463500800000000000,2016-05-17T16:00:00Z,4077500.0,,b6198de5-5d18-48f6-a8cc-50c54d6047e3,OrderRole.Standalone,OrderType.Market,_default,,PositionEffect.Open,,4077500.0,False,,OrderSide.Buy,OrderStatus.Filled,600233.SH,,TimeInForce.GTC,,,,1463587200000000000,2016-05-18T16:00:00Z
60.82911,785379.8464875,1463587200000000000,2016-05-18T16:00:00Z,5164500.0,,65683b3b-cbe7-4736-a0b4-13f62bc09b97,OrderRole.Standalone,OrderType.Market,_default,,PositionEffect.Close,,5164500.0,False,,OrderSide.Sell,OrderStatus.Filled,002709.SZ,,TimeInForce.GTC,,,,1463673600000000000,2016-05-19T16:00:00Z
14.97501,851288.1372225,1463587200000000000,2016-05-18T16:00:00Z,22738900.0,,88bb6387-679a-47ab-bed9-7cd82ca06a6c,OrderRole.Standalone,OrderType.Market,_default,,PositionEffect.Close,,22738900.0,False,,OrderSide.Sell,OrderStatus.Filled,600233.SH,,TimeInForce.GTC,,,,1463673600000000000,2016-05-19T16:00:00Z
25.59438,613452.498435,1466092800000000000,2016-06-16T16:00:00Z,9587300.0,,d84efc98-2055-4412-9a60-f5c8954aced7,OrderRole.Standalone,OrderType.Market,_default,,PositionEffect.Close,,9587300.0,False,,OrderSide.Sell,OrderStatus.Filled,002180.SZ,,TimeInForce.GTC,,,,1466352000000000000,2016-06-19T16:00:00Z
12.79719,890201.3300775,1466092800000000000,2016-06-16T16:00:00Z,27824900.0,,48692f18-43f1-4177-9987-611b8acf44a3,OrderRole.Standalone,OrderType.Market,_default,,PositionEffect.Close,,27824900.0,False,,OrderSide.Sell,OrderStatus.Filled,002600.SZ,,TimeInForce.GTC,,,,1466352000000000000,2016-06-19T16:00:00Z
25.8741,977749.896375,1466092800000000000,2016-06-16T16:00:00Z,15115500.0,,04c1f682-68b5-43db-ba0e-d93e48e14ad9,OrderRole.Standalone,OrderType.Market,_default,,PositionEffect.Close,,15115500.0,False,,OrderSide.Sell,OrderStatus.Filled,300476.SZ,,TimeInForce.GTC,,,,1466352000000000000,2016-06-19T16:00:00Z
74.925,1035463.5,1466092800000000000,2016-06-16T16:00:00Z,5528000.0,,8d644bcb-cb4f-4ada-b584-63ccd2ce4987,OrderRole.Standalone,OrderType.Market,_default,,PositionEffect.Close,,5528000.0,False,,OrderSide.Sell,OrderStatus.Filled,300496.SZ,,TimeInForce.GTC,,,,1466352000000000000,2016-06-19T16:00:00Z
65.18475,1048627.07325,1466092800000000000,2016-06-16T16:00:00Z,6434800.0,,0c1a7511-a924-4f9a-9fad-d6b52875bc98,OrderRole.Standalone,OrderType.Market,_default,,PositionEffect.Close,,6434800.0,False,,OrderSide.Sell,OrderStatus.Filled,600570.SH,,TimeInForce.GTC,,,,1466352000000000000,2016-06-19T16:00:00Z
18.2817,1022212.11465,1466092800000000000,2016-06-16T16:00:00Z,22365800.0,,3c540f80-edd7-4894-b63b-e3aa258ef94a,OrderRole.Standalone,OrderType.Market,_default,,PositionEffect.Close,,22365800.0,False,,OrderSide.Sell,OrderStatus.Filled,600584.SH,,TimeInForce.GTC,,,,1466352000000000000,2016-06-19T16:00:00Z
45.7542,1005128.2656,1466092800000000000,2016-06-16T16:00:00Z,8787200.0,,39b17ccd-f18c-44fc-9b82-ac2302ba8027,OrderRole.Standalone,OrderType.Market,_default,,PositionEffect.Close,,8787200.0,False,,OrderSide.Sell,OrderStatus.Filled,601799.SH,,TimeInForce.GTC,,,,1466352000000000000,2016-06-19T16:00:00Z
41.4585,210816.4725,1466092800000000000,2016-06-16T16:00:00Z,2034000.0,,f5fb0a5b-14af-4bb8-9f9f-745910e2761e,OrderRole.Standalone,OrderType.Market,_default,,PositionEffect.Close,,2034000.0,False,,OrderSide.Sell,OrderStatus.Filled,603799.SH,,TimeInForce.GTC,,,,1466352000000000000,2016-06-19T16:00:00Z
49.07903,943740.66787,1466092800000000000,2016-06-16T16:00:00Z,7691600.0,,ed66a108-19ca-4aeb-b6e2-8980de555ab5,OrderRole.Standalone,OrderType.Market,_default,,PositionEffect.Open,,7691600.0,False,,OrderSide.Buy,OrderStatus.Filled,000596.SZ,,TimeInForce.GTC,,,,1466352000000000000,2016-06-19T16:00:00Z
39.38935,1052808.3941375,1466092800000000000,2016-06-16T16:00:00Z,10691300.0,,6ac14454-16f9-44cd-aba0-2aab3beddc75,OrderRole.Standalone,OrderType.Market,_default,,PositionEffect.Open,,10691300.0,False,,OrderSide.Buy,OrderStatus.Filled,002352.SZ,,TimeInForce.GTC,,,,1466352000000000000,2016-06-19T16:00:00Z
36.8368,955215.0608,1466092800000000000,2016-06-16T16:00:00Z,10372400.0,,af951073-f7be-4f8a-9c1d-add46952afce,OrderRole.Standalone,OrderType.Market,_default,,PositionEffect.Open,,10372400.0,False,,OrderSide.Buy,OrderStatus.Filled,002371.SZ,,TimeInForce.GTC,,,,1466352000000000000,2016-06-19T16:00:00Z
75.8758,957647.44075,1466092800000000000,2016-06-16T16:00:00Z,5048500.0,,84327a2a-3b1b-4469-bae5-5bfab3ab17ca,OrderRole.Standalone,OrderType.Market,_default,,PositionEffect.Open,,5048500.0,False,,OrderSide.Buy,OrderStatus.Filled,002709.SZ,,TimeInForce.GTC,,,,1466352000000000000,2016-06-19T16:00:00Z
46.89685,957024.01795,1466092800000000000,2016-06-16T16:00:00Z,8162800.0,,7c34534e-0174-4611-b5c8-835b255f6024,OrderRole.Standalone,OrderType.Market,_default,,PositionEffect.Open,,8162800.0,False,,OrderSide.Buy,OrderStatus.Filled,300014.SZ,,TimeInForce.GTC,,,,1466352000000000000,2016-06-19T16:00:00Z
41.80176,957490.21368,1466092800000000000,2016-06-16T16:00:00Z,9162200.0,,0ad261b8-9643-432a-9040-977a441ff882,OrderRole.Standalone,OrderType.Market,_default,,PositionEffect.Open,,9162200.0,False,,OrderSide.Buy,OrderStatus.Filled,300442.SZ,,TimeInForce.GTC,,,,1466352000000000000,2016-06-19T16:00:00Z
17.49748,936670.72499,1466092800000000000,2016-06-16T16:00:00Z,21412700.0,,0f0050fc-daff-4ece-ae4c-9a73b3b7ee37,OrderRole.Standalone,OrderType.Market,_default,,PositionEffect.Open,,21412700.0,False,,OrderSide.Buy,OrderStatus.Filled,600233.SH,,TimeInForce.GTC,,,,1466352000000000000,2016-06-19T16:00:00Z
22.60258,953229.90763,1466092800000000000,2016-06-16T16:00:00Z,16869400.0,,a6013a55-e46d-4d3d-9a80-567765b349b2,OrderRole.Standalone,OrderType.Market,_default,,PositionEffect.Open,,16869400.0,False,,OrderSide.Buy,OrderStatus.Filled,600745.SH,,TimeInForce.GTC,,,,1466352000000000000,2016-06-19T16:00:00Z
70.56049,85942.67682,1466092800000000000,2016-06-16T16:00:00Z,487200.0,,d2813cf0-c080-4a86-80b2-de210d364b58,OrderRole.Standalone,OrderType.Market,_default,,PositionEffect.Open,,487200.0,False,,OrderSide.Buy,OrderStatus.Filled,002460.SZ,,TimeInForce.GTC,,,,1466352000000000000,2016-06-19T16:00:00Z
72.7272,1002635.361,1466352000000000000,2016-06-19T16:00:00Z,5514500.0,,133420f6-7baa-46b7-b9e8-ad54d9eda64e,OrderRole.Standalone,OrderType.Market,_default,,PositionEffect.Close,,5514500.0,False,,OrderSide.Sell,OrderStatus.Filled,002460.SZ,,TimeInForce.GTC,,,,1466438400000000000,2016-06-20T16:00:00Z
40.959,929728.341,1466352000000000000,2016-06-19T16:00:00Z,9079600.0,,83ab40c8-c135-43e0-96e8-fc2d3400a46f,OrderRole.Standalone,OrderType.Market,_default,,PositionEffect.Close,,9079600.0,False,,OrderSide.Sell,OrderStatus.Filled,603799.SH,,TimeInForce.GTC,,,,1466438400000000000,2016-06-20T16:00:00Z
48.94101,941086.68129,1468512000000000000,2016-07-14T16:00:00Z,7691600.0,,db75b840-0c2e-44bd-828f-cdaea032ed96,OrderRole.Standalone,OrderType.Market,_default,,PositionEffect.Close,,7691600.0,False,,OrderSide.Sell,OrderStatus.Filled,000596.SZ,,TimeInForce.GTC,,,,1468771200000000000,2016-07-17T16:00:00Z
44.7552,1196228.1744,1468512000000000000,2016-07-14T16:00:00Z,10691300.0,,d194ebfa-10f4-4709-952b-f5e3d074a801,OrderRole.Standalone,OrderType.Market,_default,,PositionEffect.Close,,10691300.0,False,,OrderSide.Sell,OrderStatus.Filled,002352.SZ,,TimeInForce.GTC,,,,1468771200000000000,2016-07-17T16:00:00Z
37.41255,970144.83405,1468512000000000000,2016-07-14T16:00:00Z,10372400.0,,0df3e7c6-a2f5-411e-a257-56d237efb211,OrderRole.Standalone,OrderType.Market,_default,,PositionEffect.Close,,10372400.0,False,,OrderSide.Sell,OrderStatus.Filled,002371.SZ,,TimeInForce.GTC,,,,1468771200000000000,2016-07-17T16:00:00Z
69.44049,876425.7844125,1468512000000000000,2016-07-14T16:00:00Z,5048500.0,,ee5c3c42-ab9b-4d8d-8906-0f6886729fb5,OrderRole.Standalone,OrderType.Market,_default,,PositionEffect.Close,,5048500.0,False,,OrderSide.Sell,OrderStatus.Filled,002709.SZ,,TimeInForce.GTC,,,,1468771200000000000,2016-07-17T16:00:00Z
46.68327,952665.49089,1468512000000000000,2016-07-14T16:00:00Z,8162800.0,,175e641a-4e69-4710-a6d7-2953fd1fae55,OrderRole.Standalone,OrderType.Market,_default,,PositionEffect.Close,,8162800.0,False,,OrderSide.Sell,OrderStatus.Filled,300014.SZ,,TimeInForce.GTC,,,,1468771200000000000,2016-07-17T16:00:00Z
47.89206,1096991.58033,1468512000000000000,2016-07-14T16:00:00Z,9162200.0,,d37043fc-956f-4430-a47e-c5b3f4d42a46,OrderRole.Standalone,OrderType.Market,_default,,PositionEffect.Close,,9162200.0,False,,OrderSide.Sell,OrderStatus.Filled,300442.SZ,,TimeInForce.GTC,,,,1468771200000000000,2016-07-17T16:00:00Z
22.2777,1192564.266975,1468512000000000000,2016-07-14T16:00:00Z,21412700.0,,771b1d12-6548-417f-ade2-cba945c23478,OrderRole.Standalone,OrderType.Market,_default,,PositionEffect.Close,,21412700.0,False,,OrderSide.Sell,OrderStatus.Filled,600233.SH,,TimeInForce.GTC,,,,1468771200000000000,2016-07-17T16:00:00Z
27.90207,1176727.949145,1468512000000000000,2016-07-14T16:00:00Z,16869400.0,,90f94584-f75c-4bbf-aa71-e37900e64620,OrderRole.Standalone,OrderType.Market,_default,,PositionEffect.Close,,16869400.0,False,,OrderSide.Sell,OrderStatus.Filled,600745.SH,,TimeInForce.GTC,,,,1468771200000000000,2016-07-17T16:00:00Z
4.25425,1016253.112875,1468512000000000000,2016-07-14T16:00:00Z,95551800.0,,ba1190c3-6663-4e0e-ae5b-7da0369144ea,OrderRole.Standalone,OrderType.Market,_default,,PositionEffect.Open,,95551800.0,False,,OrderSide.Buy,OrderStatus.Filled,000157.SZ,,TimeInForce.GTC,,,,1468771200000000000,2016-07-17T16:00:00Z
23.43341,1020384.40504,1468512000000000000,2016-07-14T16:00:00Z,17417600.0,,24ce5898-c28e-453e-ae06-eb21240509db,OrderRole.Standalone,OrderType.Market,_default,,PositionEffect.Open,,17417600.0,False,,OrderSide.Buy,OrderStatus.Filled,000733.SZ,,TimeInForce.GTC,,,,1468771200000000000,2016-07-17T16:00:00Z
9.5095,1009083.950875,1468512000000000000,2016-07-14T16:00:00Z,42445300.0,,dcf5f35b-8540-4adf-bc8d-f1d17560fea1,OrderRole.Standalone,OrderType.Market,_default,,PositionEffect.Open,,42445300.0,False,,OrderSide.Buy,OrderStatus.Filled,000983.SZ,,TimeInForce.GTC,,,,1468771200000000000,2016-07-17T16:00:00Z
4.87487,1016556.6411,1468512000000000000,2016-07-14T16:00:00Z,83412000.0,,c32409c4-73f0-48dd-9c2a-a3e807fc4e70,OrderRole.Standalone,OrderType.Market,_default,,PositionEffect.Open,,83412000.0,False,,OrderSide.Buy,OrderStatus.Filled,600028.SH,,TimeInForce.GTC,,,,1468771200000000000,2016-07-17T16:00:00Z
4.28428,1025834.42962,1468512000000000000,2016-07-14T16:00:00Z,95776600.0,,ffa25e8d-f05e-4343-be5a-4476b7536a8f,OrderRole.Standalone,OrderType.Market,_default,,PositionEffect.Open,,95776600.0,False,,OrderSide.Buy,OrderStatus.Filled,600050.SH,,TimeInForce.GTC,,,,1468771200000000000,2016-07-17T16:00:00Z
32.4324,1012701.69,1468512000000000000,2016-07-14T16:00:00Z,12490000.0,,7fc58f38-b2f4-436d-bd5a-47d4bb8a73cf,OrderRole.Standalone,OrderType.Market,_default,,PositionEffect.Open,,12490000.0,False,,OrderSide.Buy,OrderStatus.Filled,600085.SH,,TimeInForce.GTC,,,,1468771200000000000,2016-07-17T16:00:00Z
14.84483,1025558.7917575,1468512000000000000,2016-07-14T16:00:00Z,27634100.0,,9d01fb53-207e-4133-befd-5005d2879c2c,OrderRole.Standalone,OrderType.Market,_default,,PositionEffect.Open,,27634100.0,False,,OrderSide.Buy,OrderStatus.Filled,600111.SH,,TimeInForce.GTC,,,,1468771200000000000,2016-07-17T16:00:00Z
43.39335,1022173.7526,1468512000000000000,2016-07-14T16:00:00Z,9422400.0,,4c571ee4-7283-459e-8486-648d59a0aa62,OrderRole.Standalone,OrderType.Market,_default,,PositionEffect.Open,,9422400.0,False,,OrderSide.Buy,OrderStatus.Filled,600276.SH,,TimeInForce.GTC,,,,1468771200000000000,2016-07-17T16:00:00Z
34.9349,1017470.228775,1468512000000000000,2016-07-14T16:00:00Z,11649900.0,,ab0d4878-0d09-48c3-9e45-26e6c4a6eff8,OrderRole.Standalone,OrderType.Market,_default,,PositionEffect.Open,,11649900.0,False,,OrderSide.Buy,OrderStatus.Filled,600482.SH,,TimeInForce.GTC,,,,1468771200000000000,2016-07-17T16:00:00Z
11.011,1021429.9095,1468512000000000000,2016-07-14T16:00:00Z,37105800.0,,3636067c-21c9-4b79-b8e7-0d08ad7738ee,OrderRole.Standalone,OrderType.Market,_default,,PositionEffect.Open,,37105800.0,False,,OrderSide.Buy,OrderStatus.Filled,600522.SH,,TimeInForce.GTC,,,,1468771200000000000,2016-07-17T16:00:00Z
4.23576,1011836.23092,1470931200000000000,2016-08-11T16:00:00Z,95551800.0,,36677a93-7af4-4b58-b972-aa623ce186f6,OrderRole.Standalone,OrderType.Market,_default,,PositionEffect.Close,,95551800.0,False,,OrderSide.Sell,OrderStatus.Filled,000157.SZ,,TimeInForce.GTC,,,,1471190400000000000,2016-08-14T16:00:00Z
19.93005,867834.0972,1470931200000000000,2016-08-11T16:00:00Z,17417600.0,,8bca520b-c5a6-4eb3-8e9c-b66bcc2f2d3b,OrderRole.Standalone,OrderType.Market,_default,,PositionEffect.Close,,17417600.0,False,,OrderSide.Sell,OrderStatus.Filled,000733.SZ,,TimeInForce.GTC,,,,1471190400000000000,2016-08-14T16:00:00Z
10.11987,1073852.2952775,1470931200000000000,2016-08-11T16:00:00Z,42445300.0,,0c7761fd-2fe7-4d85-93db-f790134c7a2b,OrderRole.Standalone,OrderType.Market,_default,,PositionEffect.Close,,42445300.0,False,,OrderSide.Sell,OrderStatus.Filled,000983.SZ,,TimeInForce.GTC,,,,1471190400000000000,2016-08-14T16:00:00Z
4.91508,1024941.6324,1470931200000000000,2016-08-11T16:00:00Z,83412000.0,,2d27f997-4e95-4021-948f-f7f3a6d32f2e,OrderRole.Standalone,OrderType.Market,_default,,PositionEffect.Close,,83412000.0,False,,OrderSide.Sell,OrderStatus.Filled,600028.SH,,TimeInForce.GTC,,,,1471190400000000000,2016-08-14T16:00:00Z
4.27572,1023784.81038,1470931200000000000,2016-08-11T16:00:00Z,95776600.0,,496fa95b-a602-4c3e-9ad4-8e63fd8023f9,OrderRole.Standalone,OrderType.Market,_default,,PositionEffect.Close,,95776600.0,False,,OrderSide.Sell,OrderStatus.Filled,600050.SH,,TimeInForce.GTC,,,,1471190400000000000,2016-08-14T16:00:00Z
31.6683,988842.6675,1470931200000000000,2016-08-11T16:00:00Z,12490000.0,,f16b3f9f-b60e-4eae-887f-0ff5dee3e58a,OrderRole.Standalone,OrderType.Market,_default,,PositionEffect.Close,,12490000.0,False,,OrderSide.Sell,OrderStatus.Filled,600085.SH,,TimeInForce.GTC,,,,1471190400000000000,2016-08-14T16:00:00Z
13.4865,931718.224125,1470931200000000000,2016-08-11T16:00:00Z,27634100.0,,53af591d-1925-4d69-9359-a212e0d28489,OrderRole.Standalone,OrderType.Market,_default,,PositionEffect.Close,,27634100.0,False,,OrderSide.Sell,OrderStatus.Filled,600111.SH,,TimeInForce.GTC,,,,1471190400000000000,2016-08-14T16:00:00Z
44.83512,1056136.08672,1470931200000000000,2016-08-11T16:00:00Z,9422400.0,,09b686d8-96e4-4c8e-9dbf-4b7397ae7ecc,OrderRole.Standalone,OrderType.Market,_default,,PositionEffect.Close,,9422400.0,False,,OrderSide.Sell,OrderStatus.Filled,600276.SH,,TimeInForce.GTC,,,,1471190400000000000,2016-08-14T16:00:00Z
30.91905,900509.6014875,1470931200000000000,2016-08-11T16:00:00Z,11649900.0,,2eb275c0-a86a-415f-9b68-4ae682d7b6c8,OrderRole.Standalone,OrderType.Market,_default,,PositionEffect.Close,,11649900.0,False,,OrderSide.Sell,OrderStatus.Filled,600482.SH,,TimeInForce.GTC,,,,1471190400000000000,2016-08-14T16:00:00Z
12.74724,1182491.34498,1470931200000000000,2016-08-11T16:00:00Z,37105800.0,,c483104d-bccc-4e63-8db7-38b935329fa3,OrderRole.Standalone,OrderType.Market,_default,,PositionEffect.Close,,37105800.0,False,,OrderSide.Sell,OrderStatus.Filled,600522.SH,,TimeInForce.GTC,,,,1471190400000000000,2016-08-14T16:00:00Z
3.22322,1001262.67241,1470931200000000000,2016-08-11T16:00:00Z,124256200.0,,efdf1bc1-011d-4abc-b323-13d68e3868d1,OrderRole.Standalone,OrderType.Market,_default,,PositionEffect.Open,,124256200.0,False,,OrderSide.Buy,OrderStatus.Filled,601288.SH,,TimeInForce.GTC,,,,1471190400000000000,2016-08-14T16:00:00Z
3.5035,998153.281125,1470931200000000000,2016-08-11T16:00:00Z,113960700.0,,7d6880bf-d45e-4673-b55d-0c72b01b0360,OrderRole.Standalone,OrderType.Market,_default,,PositionEffect.Open,,113960700.0,False,,OrderSide.Buy,OrderStatus.Filled,601988.SH,,TimeInForce.GTC,,,,1471190400000000000,2016-08-14T16:00:00Z
6.68668,999650.30165,1470931200000000000,2016-08-11T16:00:00Z,59799500.0,,e9f38563-5a04-4def-97f3-883d407d9486,OrderRole.Standalone,OrderType.Market,_default,,PositionEffect.Open,,59799500.0,False,,OrderSide.Buy,OrderStatus.Filled,601989.SH,,TimeInForce.GTC,,,,1471190400000000000,2016-08-14T16:00:00Z
35.77574,1001228.803575,1470931200000000000,2016-08-11T16:00:00Z,11194500.0,,24b7aafa-c331-4163-95e9-eece1fbc420a,OrderRole.Standalone,OrderType.Market,_default,,PositionEffect.Open,,11194500.0,False,,OrderSide.Buy,OrderStatus.Filled,603019.SH,,TimeInForce.GTC,,,,1471190400000000000,2016-08-14T16:00:00Z
23.47345,1027509.1952125,1470931200000000000,2016-08-11T16:00:00Z,17509300.0,,05c8860a-8788-4701-81dc-6b78b32f6e9f,OrderRole.Standalone,OrderType.Market,_default,,PositionEffect.Open,,17509300.0,False,,OrderSide.Buy,OrderStatus.Filled,000002.SZ,,TimeInForce.GTC,,,,1471190400000000000,2016-08-14T16:00:00Z
16.016,1000027.028,1470931200000000000,2016-08-11T16:00:00Z,24975700.0,,ce367f09-f1ea-4098-bfb5-e1318e385bf8,OrderRole.Standalone,OrderType.Market,_default,,PositionEffect.Open,,24975700.0,False,,OrderSide.Buy,OrderStatus.Filled,000625.SZ,,TimeInForce.GTC,,,,1471190400000000000,2016-08-14T16:00:00Z
15.62561,994331.7859475,1470931200000000000,2016-08-11T16:00:00Z,25453900.0,,7ac0f0df-c429-4487-a2bd-1b45a8771ae8,OrderRole.Standalone,OrderType.Market,_default,,PositionEffect.Open,,25453900.0,False,,OrderSide.Buy,OrderStatus.Filled,002459.SZ,,TimeInForce.GTC,,,,1471190400000000000,2016-08-14T16:00:00Z
5.32532,1000032.52349,1470931200000000000,2016-08-11T16:00:00Z,75115300.0,,a97b0f4e-0604-4365-98a4-0e92fc0161da,OrderRole.Standalone,OrderType.Market,_default,,PositionEffect.Open,,75115300.0,False,,OrderSide.Buy,OrderStatus.Filled,002463.SZ,,TimeInForce.GTC,,,,1471190400000000000,2016-08-14T16:00:00Z
18.23822,999249.276025,1470931200000000000,2016-08-11T16:00:00Z,21915500.0,,ec00f1b4-984c-4dd0-a0e0-2d71f8528c73,OrderRole.Standalone,OrderType.Market,_default,,PositionEffect.Open,,21915500.0,False,,OrderSide.Buy,OrderStatus.Filled,002475.SZ,,TimeInForce.GTC,,,,1471190400000000000,2016-08-14T16:00:00Z
20.11009,996661.0879225,1470931200000000000,2016-08-11T16:00:00Z,19824100.0,,cfb77103-5032-468d-8d46-b0ae61ff1f04,OrderRole.Standalone,OrderType.Market,_default,,PositionEffect.Open,,19824100.0,False,,OrderSide.Buy,OrderStatus.Filled,600309.SH,,TimeInForce.GTC,,,,1471190400000000000,2016-08-14T16:00:00Z
22.5774,988286.17455,1473350400000000000,2016-09-08T16:00:00Z,17509300.0,,00abdefb-933c-47b6-9645-ca397bfbd6a6,OrderRole.Standalone,OrderType.Market,_default,,PositionEffect.Close,,17509300.0,False,,OrderSide.Sell,OrderStatus.Filled,000002.SZ,,TimeInForce.GTC,,,,1473609600000000000,2016-09-11T16:00:00Z
15.57441,972454.4795925,1473350400000000000,2016-09-08T16:00:00Z,24975700.0,,29383782-4657-400e-a536-904c84e7d4b4,OrderRole.Standalone,OrderType.Market,_default,,PositionEffect.Close,,24975700.0,False,,OrderSide.Sell,OrderStatus.Filled,000625.SZ,,TimeInForce.GTC,,,,1473609600000000000,2016-09-11T16:00:00Z
17.1828,1093423.1823,1473350400000000000,2016-09-08T16:00:00Z,25453900.0,,90f66f31-b4e6-4287-b5a4-762d1a911441,OrderRole.Standalone,OrderType.Market,_default,,PositionEffect.Close,,25453900.0,False,,OrderSide.Sell,OrderStatus.Filled,002459.SZ,,TimeInForce.GTC,,,,1473609600000000000,2016-09-11T16:00:00Z
5.33466,1001786.465745,1473350400000000000,2016-09-08T16:00:00Z,75115300.0,,aac54c6d-5594-4a9b-82d6-967ae1942a0f,OrderRole.Standalone,OrderType.Market,_default,,PositionEffect.Close,,75115300.0,False,,OrderSide.Sell,OrderStatus.Filled,002463.SZ,,TimeInForce.GTC,,,,1473609600000000000,2016-09-11T16:00:00Z
19.73025,1080995.7346875,1473350400000000000,2016-09-08T16:00:00Z,21915500.0,,2d521104-0a3b-4997-a31c-b39035bc1663,OrderRole.Standalone,OrderType.Market,_default,,PositionEffect.Close,,21915500.0,False,,OrderSide.Sell,OrderStatus.Filled,002475.SZ,,TimeInForce.GTC,,,,1473609600000000000,2016-09-11T16:00:00Z
19.96002,989223.581205,1473350400000000000,2016-09-08T16:00:00Z,19824100.0,,335d6499-5fff-48ad-bfa6-5972789bd1f8,OrderRole.Standalone,OrderType.Market,_default,,PositionEffect.Close,,19824100.0,False,,OrderSide.Sell,OrderStatus.Filled,600309.SH,,TimeInForce.GTC,,,,1473609600000000000,2016-09-11T16:00:00Z
3.17682,986848.95321,1473350400000000000,2016-09-08T16:00:00Z,124256200.0,,3ca8b26e-c6ac-4c2c-85cc-07aa450088e5,OrderRole.Standalone,OrderType.Market,_default,,PositionEffect.Close,,124256200.0,False,,OrderSide.Sell,OrderStatus.Filled,601288.SH,,TimeInForce.GTC,,,,1473609600000000000,2016-09-11T16:00:00Z
3.42657,976235.7894975,1473350400000000000,2016-09-08T16:00:00Z,113960700.0,,5b49f617-863e-44b2-80b0-81f3ff130977,OrderRole.Standalone,OrderType.Market,_default,,PositionEffect.Close,,113960700.0,False,,OrderSide.Sell,OrderStatus.Filled,601988.SH,,TimeInForce.GTC,,,,1473609600000000000,2016-09-11T16:00:00Z
6.4935,970770.133125,1473350400000000000,2016-09-08T16:00:00Z,59799500.0,,b334deab-cced-4533-b175-27234ee26a6c,OrderRole.Standalone,OrderType.Market,_default,,PositionEffect.Close,,59799500.0,False,,OrderSide.Sell,OrderStatus.Filled,601989.SH,,TimeInForce.GTC,,,,1473609600000000000,2016-09-11T16:00:00Z
33.29667,931848.9307875,1473350400000000000,2016-09-08T16:00:00Z,11194500.0,,1700ba3b-d2a0-4e6e-b73c-6f2276ec5da2,OrderRole.Standalone,OrderType.Market,_default,,PositionEffect.Close,,11194500.0,False,,OrderSide.Sell,OrderStatus.Filled,603019.SH,,TimeInForce.GTC,,,,1473609600000000000,2016-09-11T16:00:00Z
169.44928,1107351.0448,1473350400000000000,2016-09-08T16:00:00Z,2614000.0,,41945046-c585-456d-9b56-0bc14a8d6df6,OrderRole.Standalone,OrderType.Market,_default,,PositionEffect.Open,,2614000.0,False,,OrderSide.Buy,OrderStatus.Filled,603986.SH,,TimeInForce.GTC,,,,1473609600000000000,2016-09-11T16:00:00Z
11.08107,982710.8416125,1473350400000000000,2016-09-08T16:00:00Z,35473500.0,,4a7dcbe5-6c7d-4249-98e9-31cbaeb66c34,OrderRole.Standalone,OrderType.Market,_default,,PositionEffect.Open,,35473500.0,False,,OrderSide.Buy,OrderStatus.Filled,000786.SZ,,TimeInForce.GTC,,,,1473609600000000000,2016-09-11T16:00:00Z
24.08406,980594.54493,1473350400000000000,2016-09-08T16:00:00Z,16286200.0,,e7f3fc71-65a4-4761-bd81-08491585202e,OrderRole.Standalone,OrderType.Market,_default,,PositionEffect.Open,,16286200.0,False,,OrderSide.Buy,OrderStatus.Filled,002271.SZ,,TimeInForce.GTC,,,,1473609600000000000,2016-09-11T16:00:00Z
18.02801,997264.443175,1473350400000000000,2016-09-08T16:00:00Z,22127000.0,,5eeea452-1c5b-43d4-b1da-c4882d498852,OrderRole.Standalone,OrderType.Market,_default,,PositionEffect.Open,,22127000.0,False,,OrderSide.Buy,OrderStatus.Filled,002353.SZ,,TimeInForce.GTC,,,,1473609600000000000,2016-09-11T16:00:00Z
17.9179,979853.799925,1473350400000000000,2016-09-08T16:00:00Z,21874300.0,,7a9da9b7-876b-4a65-a8ab-0855e425a8e9,OrderRole.Standalone,OrderType.Market,_default,,PositionEffect.Open,,21874300.0,False,,OrderSide.Buy,OrderStatus.Filled,300408.SZ,,TimeInForce.GTC,,,,1473609600000000000,2016-09-11T16:00:00Z
13.16315,987897.6982875,1473350400000000000,2016-09-08T16:00:00Z,30020100.0,,6ddabe64-e220-4245-8ab3-1dd063b3897b,OrderRole.Standalone,OrderType.Market,_default,,PositionEffect.Open,,30020100.0,False,,OrderSide.Buy,OrderStatus.Filled,600183.SH,,TimeInForce.GTC,,,,1473609600000000000,2016-09-11T16:00:00Z
7.62762,993638.61597,1473350400000000000,2016-09-08T16:00:00Z,52107400.0,,88b4cadb-4006-4953-8eae-ffef9e7d9652,OrderRole.Standalone,OrderType.Market,_default,,PositionEffect.Open,,52107400.0,False,,OrderSide.Buy,OrderStatus.Filled,600346.SH,,TimeInForce.GTC,,,,1473609600000000000,2016-09-11T16:00:00Z
10.88087,991176.531345,1473350400000000000,2016-09-08T16:00:00Z,36437400.0,,94f99029-6e4b-4a6d-872a-5ed4ff545a75,OrderRole.Standalone,OrderType.Market,_default,,PositionEffect.Open,,36437400.0,False,,OrderSide.Buy,OrderStatus.Filled,600426.SH,,TimeInForce.GTC,,,,1473609600000000000,2016-09-11T16:00:00Z
9.1091,998992.719725,1473350400000000000,2016-09-08T16:00:00Z,43867900.0,,23d32af2-252d-4f6e-b08a-fee2b8913949,OrderRole.Standalone,OrderType.Market,_default,,PositionEffect.Open,,43867900.0,False,,OrderSide.Buy,OrderStatus.Filled,601169.SH,,TimeInForce.GTC,,,,1473609600000000000,2016-09-11T16:00:00Z
28.81879,985789.940135,1473350400000000000,2016-09-08T16:00:00Z,13682600.0,,b45eef5b-f402-445b-ad50-48487dd03079,OrderRole.Standalone,OrderType.Market,_default,,PositionEffect.Open,,13682600.0,False,,OrderSide.Buy,OrderStatus.Filled,601601.SH,,TimeInForce.GTC,,,,1473609600000000000,2016-09-11T16:00:00Z
10.83915,961256.4688125,1476720000000000000,2016-10-17T16:00:00Z,35473500.0,,d79a5b60-9fba-4b70-b4db-008afba90bc5,OrderRole.Standalone,OrderType.Market,_default,,PositionEffect.Close,,35473500.0,False,,OrderSide.Sell,OrderStatus.Filled,000786.SZ,,TimeInForce.GTC,,,,1476806400000000000,2016-10-18T16:00:00Z
23.78619,968466.618945,1476720000000000000,2016-10-17T16:00:00Z,16286200.0,,49a917f4-95d3-4dc6-ab2a-fe56675df333,OrderRole.Standalone,OrderType.Market,_default,,PositionEffect.Close,,16286200.0,False,,OrderSide.Sell,OrderStatus.Filled,002271.SZ,,TimeInForce.GTC,,,,1476806400000000000,2016-10-18T16:00:00Z
18.82116,1041139.5183,1476720000000000000,2016-10-17T16:00:00Z,22127000.0,,e6512efb-cb20-4865-99b2-0cba4aed0662,OrderRole.Standalone,OrderType.Market,_default,,PositionEffect.Close,,22127000.0,False,,OrderSide.Sell,OrderStatus.Filled,002353.SZ,,TimeInForce.GTC,,,,1476806400000000000,2016-10-18T16:00:00Z
18.05193,987183.3309975,1476720000000000000,2016-10-17T16:00:00Z,21874300.0,,4e064293-3e13-4106-8d86-361e99061a33,OrderRole.Standalone,OrderType.Market,_default,,PositionEffect.Close,,21874300.0,False,,OrderSide.Sell,OrderStatus.Filled,300408.SZ,,TimeInForce.GTC,,,,1476806400000000000,2016-10-18T16:00:00Z
13.31667,999419.4126675,1476720000000000000,2016-10-17T16:00:00Z,30020100.0,,e8784b3d-84bc-41f8-aea8-d433b7bb2bcb,OrderRole.Standalone,OrderType.Market,_default,,PositionEffect.Close,,30020100.0,False,,OrderSide.Sell,OrderStatus.Filled,600183.SH,,TimeInForce.GTC,,,,1476806400000000000,2016-10-18T16:00:00Z
7.27272,947406.32532,1476720000000000000,2016-10-17T16:00:00Z,52107400.0,,524f7835-2fe0-44ea-a597-ff5945342986,OrderRole.Standalone,OrderType.Market,_default,,PositionEffect.Close,,52107400.0,False,,OrderSide.Sell,OrderStatus.Filled,600346.SH,,TimeInForce.GTC,,,,1476806400000000000,2016-10-18T16:00:00Z
11.55843,1052897.843205,1476720000000000000,2016-10-17T16:00:00Z,36437400.0,,cfd77498-2aa2-48fe-b974-b25cf96e3c97,OrderRole.Standalone,OrderType.Market,_default,,PositionEffect.Close,,36437400.0,False,,OrderSide.Sell,OrderStatus.Filled,600426.SH,,TimeInForce.GTC,,,,1476806400000000000,2016-10-18T16:00:00Z
9.18081,1006857.1374975,1476720000000000000,2016-10-17T16:00:00Z,43867900.0,,ae41d760-567e-4b16-85f2-3dd455f41307,OrderRole.Standalone,OrderType.Market,_default,,PositionEffect.Close,,43867900.0,False,,OrderSide.Sell,OrderStatus.Filled,601169.SH,,TimeInForce.GTC,,,,1476806400000000000,2016-10-18T16:00:00Z
29.23074,999881.30781,1476720000000000000,2016-10-17T16:00:00Z,13682600.0,,cd9a09e9-4969-4ac7-80a2-7f8b06a1715b,OrderRole.Standalone,OrderType.Market,_default,,PositionEffect.Close,,13682600.0,False,,OrderSide.Sell,OrderStatus.Filled,601601.SH,,TimeInForce.GTC,,,,1476806400000000000,2016-10-18T16:00:00Z
,0.0,1476720000000000000,2016-10-17T16:00:00Z,0.0,,107a9e42-873b-494c-a380-cc5b75aeed9b,OrderRole.Standalone,OrderType.Market,_default,,PositionEffect.Close,,2614000.0,False,"Symbol 603986.SH not tradable (zero volume, suspension) at execution timestamp 1476806400000000000",OrderSide.Sell,OrderStatus.Rejected,603986.SH,,TimeInForce.GTC,,,,1476806400000000000,2016-10-18T16:00:00Z
26.026,1000524.0245,1476720000000000000,2016-10-17T16:00:00Z,15377300.0,,910e9704-c6e4-4354-9d50-9749cf31b3d8,OrderRole.Standalone,OrderType.Market,_default,,PositionEffect.Open,,15377300.0,False,,OrderSide.Buy,OrderStatus.Filled,000002.SZ,,TimeInForce.GTC,,,,1476806400000000000,2016-10-18T16:00:00Z
21.91189,1000984.4369525,1476720000000000000,2016-10-17T16:00:00Z,18272900.0,,50d20cb6-73ad-4a03-a825-7ba0adae737e,OrderRole.Standalone,OrderType.Market,_default,,PositionEffect.Open,,18272900.0,False,,OrderSide.Buy,OrderStatus.Filled,000651.SZ,,TimeInForce.GTC,,,,1476806400000000000,2016-10-18T16:00:00Z
52.90285,1000525.150625,1476720000000000000,2016-10-17T16:00:00Z,7565000.0,,944f9a0f-d18b-4f4f-b78c-185991c62a0b,OrderRole.Standalone,OrderType.Market,_default,,PositionEffect.Open,,7565000.0,False,,OrderSide.Buy,OrderStatus.Filled,002352.SZ,,TimeInForce.GTC,,,,1476806400000000000,2016-10-18T16:00:00Z
24.11409,1002603.576975,1476720000000000000,2016-10-17T16:00:00Z,16631000.0,,3ad66a57-2605-4e96-8db3-037ea595a0b8,OrderRole.Standalone,OrderType.Market,_default,,PositionEffect.Open,,16631000.0,False,,OrderSide.Buy,OrderStatus.Filled,002602.SZ,,TimeInForce.GTC,,,,1476806400000000000,2016-10-18T16:00:00Z
10.6106,997704.1074,1476720000000000000,2016-10-17T16:00:00Z,37611600.0,,e29dbfac-22cf-4783-be19-334dad3905af,OrderRole.Standalone,OrderType.Market,_default,,PositionEffect.Open,,37611600.0,False,,OrderSide.Buy,OrderStatus.Filled,300142.SZ,,TimeInForce.GTC,,,,1476806400000000000,2016-10-18T16:00:00Z
26.5265,1000526.527,1476720000000000000,2016-10-17T16:00:00Z,15087200.0,,bfb3ccb0-4fc4-4128-9d8d-010f8511149d,OrderRole.Standalone,OrderType.Market,_default,,PositionEffect.Open,,15087200.0,False,,OrderSide.Buy,OrderStatus.Filled,300308.SZ,,TimeInForce.GTC,,,,1476806400000000000,2016-10-18T16:00:00Z
34.84481,1000237.693455,1476720000000000000,2016-10-17T16:00:00Z,11482200.0,,2753514e-0412-46b1-9694-bdf940240e64,OrderRole.Standalone,OrderType.Market,_default,,PositionEffect.Open,,11482200.0,False,,OrderSide.Buy,OrderStatus.Filled,300450.SZ,,TimeInForce.GTC,,,,1476806400000000000,2016-10-18T16:00:00Z
134.31418,994428.610175,1476720000000000000,2016-10-17T16:00:00Z,2961500.0,,81527753-2325-4520-9cfe-abf867ca7f49,OrderRole.Standalone,OrderType.Market,_default,,PositionEffect.Open,,2961500.0,False,,OrderSide.Buy,OrderStatus.Filled,300502.SZ,,TimeInForce.GTC,,,,1476806400000000000,2016-10-18T16:00:00Z
33.30327,990405.94653,1476720000000000000,2016-10-17T16:00:00Z,11895600.0,,7225ca30-ff97-4fa6-92ea-e1385bd3e4ec,OrderRole.Standalone,OrderType.Market,_default,,PositionEffect.Open,,11895600.0,False,,OrderSide.Buy,OrderStatus.Filled,600233.SH,,TimeInForce.GTC,,,,1476806400000000000,2016-10-18T16:00:00Z
,0.0,1476720000000000000,2016-10-17T16:00:00Z,0.0,,234fde01-adde-48e6-a8eb-3f54053ec8bb,OrderRole.Standalone,OrderType.Market,_default,,PositionEffect.Open,,13147300.0,False,"Risk: Insufficient margin at execution. Required: 407542532.6397425000000000000, Available: 359486217.8038997583069155812",OrderSide.Buy,OrderStatus.Rejected,603799.SH,,TimeInForce.GTC,,,,1476806400000000000,2016-10-18T16:00:00Z
26.61336,1023104.05182,1479139200000000000,2016-11-14T16:00:00Z,15377300.0,,3eb15fa0-a5a3-44b1-b063-a667b5baace3,OrderRole.Standalone,OrderType.Market,_default,,PositionEffect.Close,,15377300.0,False,,OrderSide.Sell,OrderStatus.Filled,000002.SZ,,TimeInForce.GTC,,,,1479225600000000000,2016-11-15T16:00:00Z
49.1508,929564.505,1479139200000000000,2016-11-14T16:00:00Z,7565000.0,,a21b0fec-4e4f-48cc-936d-890a8a2096a1,OrderRole.Standalone,OrderType.Market,_default,,PositionEffect.Close,,7565000.0,False,,OrderSide.Sell,OrderStatus.Filled,002352.SZ,,TimeInForce.GTC,,,,1479225600000000000,2016-11-15T16:00:00Z
66.933,33.4665,1479139200000000000,2016-11-14T16:00:00Z,200.0,,de053839-2d3b-4765-83f6-18dfa3f07f2c,OrderRole.Standalone,OrderType.Market,_default,,PositionEffect.Close,,200.0,False,,OrderSide.Sell,OrderStatus.Filled,002558.SZ,,TimeInForce.GTC,,,,1479225600000000000,2016-11-15T16:00:00Z
35.2647,1466218.06425,1479139200000000000,2016-11-14T16:00:00Z,16631000.0,,febb91db-e29c-4e60-8b98-882cb593e60d,OrderRole.Standalone,OrderType.Market,_default,,PositionEffect.Close,,16631000.0,False,,OrderSide.Sell,OrderStatus.Filled,002602.SZ,,TimeInForce.GTC,,,,1479225600000000000,2016-11-15T16:00:00Z
11.54844,1085888.26476,1479139200000000000,2016-11-14T16:00:00Z,37611600.0,,cceea278-96c9-470d-a120-3716123a41e7,OrderRole.Standalone,OrderType.Market,_default,,PositionEffect.Close,,37611600.0,False,,OrderSide.Sell,OrderStatus.Filled,300142.SZ,,TimeInForce.GTC,,,,1479225600000000000,2016-11-15T16:00:00Z
27.24273,1027541.29014,1479139200000000000,2016-11-14T16:00:00Z,15087200.0,,daf28475-3314-4b3c-b1c3-3d87ce4ac10d,OrderRole.Standalone,OrderType.Market,_default,,PositionEffect.Close,,15087200.0,False,,OrderSide.Sell,OrderStatus.Filled,300308.SZ,,TimeInForce.GTC,,,,1479225600000000000,2016-11-15T16:00:00Z
135.87399,1005977.0534625,1479139200000000000,2016-11-14T16:00:00Z,2961500.0,,b2d86dce-b913-4a2f-9f6e-2109674e6ae8,OrderRole.Standalone,OrderType.Market,_default,,PositionEffect.Close,,2961500.0,False,,OrderSide.Sell,OrderStatus.Filled,300502.SZ,,TimeInForce.GTC,,,,1479225600000000000,2016-11-15T16:00:00Z
,0.0,1479139200000000000,2016-11-14T16:00:00Z,0.0,,58b6524f-b6f9-45ef-937d-152dd3a7f00e,OrderRole.Standalone,OrderType.Market,_default,,PositionEffect.Close,,2614000.0,False,"Symbol 603986.SH not tradable (zero volume, suspension) at execution timestamp 1479225600000000000",OrderSide.Sell,OrderStatus.Rejected,603986.SH,,TimeInForce.GTC,,,,1479225600000000000,2016-11-15T16:00:00Z
,0.0,1479139200000000000,2016-11-14T16:00:00Z,0.0,,478b8907-0144-4dd1-8bc1-73a3343899ec,OrderRole.Standalone,OrderType.Market,_default,,PositionEffect.Close,,11895600.0,False,"Symbol 600233.SH not tradable (zero volume, suspension) at execution timestamp 1479225600000000000",OrderSide.Sell,OrderStatus.Rejected,600233.SH,,TimeInForce.GTC,,,,1479225600000000000,2016-11-15T16:00:00Z
,0.0,1479139200000000000,2016-11-14T16:00:00Z,0.0,,be07c0ea-f076-45b1-8165-3379e53cbf28,OrderRole.Standalone,OrderType.Market,_default,,PositionEffect.Close,,18272900.0,False,"Symbol 000651.SZ not tradable (zero volume, suspension) at execution timestamp 1479225600000000000",OrderSide.Sell,OrderStatus.Rejected,000651.SZ,,TimeInForce.GTC,,,,1479225600000000000,2016-11-15T16:00:00Z
,0.0,1479139200000000000,2016-11-14T16:00:00Z,0.0,,56c3d705-5086-4d6e-9581-b8a946c3d050,OrderRole.Standalone,OrderType.Market,_default,,PositionEffect.Close,,11482200.0,False,"Symbol 300450.SZ not tradable (zero volume, suspension) at execution timestamp 1479225600000000000",OrderSide.Sell,OrderStatus.Rejected,300450.SZ,,TimeInForce.GTC,,,,1479225600000000000,2016-11-15T16:00:00Z
2.73273,1054829.680905,1479139200000000000,2016-11-14T16:00:00Z,154399400.0,,28b6467a-c229-49c0-9136-2fa76961e8e1,OrderRole.Standalone,OrderType.Market,_default,,PositionEffect.Open,,154399400.0,False,,OrderSide.Buy,OrderStatus.Filled,000725.SZ,,TimeInForce.GTC,,,,1479225600000000000,2016-11-15T16:00:00Z
5.43543,1056775.324605,1479139200000000000,2016-11-14T16:00:00Z,77769400.0,,c16565eb-b8fd-4ca4-9e68-ced202637360,OrderRole.Standalone,OrderType.Market,_default,,PositionEffect.Open,,77769400.0,False,,OrderSide.Buy,OrderStatus.Filled,600050.SH,,TimeInForce.GTC,,,,1479225600000000000,2016-11-15T16:00:00Z
3.16316,1054829.24547,1479139200000000000,2016-11-14T16:00:00Z,133389300.0,,3ad79454-08f9-4ee2-bff6-48b0d072127a,OrderRole.Standalone,OrderType.Market,_default,,PositionEffect.Open,,133389300.0,False,,OrderSide.Buy,OrderStatus.Filled,601288.SH,,TimeInForce.GTC,,,,1479225600000000000,2016-11-15T16:00:00Z
4.4044,1054829.5758,1479139200000000000,2016-11-14T16:00:00Z,95797800.0,,cb88ceac-95d1-48a4-9b5c-9104cecb7794,OrderRole.Standalone,OrderType.Market,_default,,PositionEffect.Open,,95797800.0,False,,OrderSide.Buy,OrderStatus.Filled,601398.SH,,TimeInForce.GTC,,,,1479225600000000000,2016-11-15T16:00:00Z
4.28428,1052370.18887,1479139200000000000,2016-11-14T16:00:00Z,98254100.0,,013333e1-f2e1-4a4d-92fc-a09a935c79ac,OrderRole.Standalone,OrderType.Market,_default,,PositionEffect.Open,,98254100.0,False,,OrderSide.Buy,OrderStatus.Filled,601600.SH,,TimeInForce.GTC,,,,1479225600000000000,2016-11-15T16:00:00Z
4.59459,1050253.2065025,1479139200000000000,2016-11-14T16:00:00Z,91433900.0,,7622df40-5c7d-43a3-bff4-b7a3395c6ddd,OrderRole.Standalone,OrderType.Market,_default,,PositionEffect.Open,,91433900.0,False,,OrderSide.Buy,OrderStatus.Filled,601618.SH,,TimeInForce.GTC,,,,1479225600000000000,2016-11-15T16:00:00Z
7.88788,1048176.98986,1479139200000000000,2016-11-14T16:00:00Z,53153800.0,,34994d76-6093-432d-bcf8-eb37d878a86a,OrderRole.Standalone,OrderType.Market,_default,,PositionEffect.Open,,53153800.0,False,,OrderSide.Buy,OrderStatus.Filled,601668.SH,,TimeInForce.GTC,,,,1479225600000000000,2016-11-15T16:00:00Z
,0.0,1479139200000000000,2016-11-14T16:00:00Z,0.0,,f949556d-4e72-4d41-89c8-e7b7a52bfbb5,OrderRole.Standalone,OrderType.Market,_default,,PositionEffect.Open,,107803100.0,False,"Risk: Insufficient margin at execution. Required: 422986460.1988025000000000000, Available: 12080820.4639547583069155812",OrderSide.Buy,OrderStatus.Rejected,601818.SH,,TimeInForce.GTC,,,,1479225600000000000,2016-11-15T16:00:00Z
,0.0,1479139200000000000,2016-11-14T16:00:00Z,0.0,,7f4ff612-bfd5-4653-939d-8618cdda0141,OrderRole.Standalone,OrderType.Market,_default,,PositionEffect.Open,,116118500.0,False,"Risk: Insufficient margin at execution. Required: 419490738.1665000000000000000, Available: 12080820.4639547583069155812",OrderSide.Buy,OrderStatus.Rejected,601899.SH,,TimeInForce.GTC,,,,1479225600000000000,2016-11-15T16:00:00Z
,0.0,1479139200000000000,2016-11-14T16:00:00Z,0.0,,0cfaf044-ec17-4e35-ad45-f350041c4689,OrderRole.Standalone,OrderType.Market,_default,,PositionEffect.Open,,124339300.0,False,"Risk: Insufficient margin at execution. Required: 422986566.5700675000000000000, Available: 12080820.4639547583069155812",OrderSide.Buy,OrderStatus.Rejected,601988.SH,,TimeInForce.GTC,,,,1479225600000000000,2016-11-15T16:00:00Z
25.6743,61528.45995,1481558400000000000,2016-12-12T16:00:00Z,958600.0,,1ee93dd8-07fd-4d9c-b15c-587abd1d35a0,OrderRole.Standalone,OrderType.Market,_default,,PositionEffect.Close,,958600.0,False,,OrderSide.Sell,OrderStatus.Filled,000651.SZ,,TimeInForce.GTC,,,,1481644800000000000,2016-12-13T16:00:00Z
2.80719,1083571.129215,1481558400000000000,2016-12-12T16:00:00Z,154399400.0,,9e933c1b-3784-4e45-a304-b67ea97ab0f9,OrderRole.Standalone,OrderType.Market,_default,,PositionEffect.Close,,154399400.0,False,,OrderSide.Sell,OrderStatus.Filled,000725.SZ,,TimeInForce.GTC,,,,1481644800000000000,2016-12-13T16:00:00Z
7.12287,295716.632355,1481558400000000000,2016-12-12T16:00:00Z,16606600.0,,9d452459-d8d2-4e72-96b9-18e36bfaa929,OrderRole.Standalone,OrderType.Market,_default,,PositionEffect.Close,,16606600.0,False,,OrderSide.Sell,OrderStatus.Filled,600050.SH,,TimeInForce.GTC,,,,1481644800000000000,2016-12-13T16:00:00Z
25.974,772440.786,1481558400000000000,2016-12-12T16:00:00Z,11895600.0,,ab58e8d0-14e1-43f3-bf77-40a4eb0ecfa5,OrderRole.Standalone,OrderType.Market,_default,,PositionEffect.Close,,11895600.0,False,,OrderSide.Sell,OrderStatus.Filled,600233.SH,,TimeInForce.GTC,,,,1481644800000000000,2016-12-13T16:00:00Z
4.6953,1153331.189325,1481558400000000000,2016-12-12T16:00:00Z,98254100.0,,4d1a980e-b135-4a88-9cb1-82f014729ee0,OrderRole.Standalone,OrderType.Market,_default,,PositionEffect.Close,,98254100.0,False,,OrderSide.Sell,OrderStatus.Filled,601600.SH,,TimeInForce.GTC,,,,1481644800000000000,2016-12-13T16:00:00Z
4.77522,1091542.469895,1481558400000000000,2016-12-12T16:00:00Z,91433900.0,,cf0e7016-14cd-4b77-bbc6-8b218337e21b,OrderRole.Standalone,OrderType.Market,_default,,PositionEffect.Close,,91433900.0,False,,OrderSide.Sell,OrderStatus.Filled,601618.SH,,TimeInForce.GTC,,,,1481644800000000000,2016-12-13T16:00:00Z
9.18081,129809.7677925,1481558400000000000,2016-12-12T16:00:00Z,5655700.0,,f8b07a3d-2723-4bb0-b3c1-4917cbafa060,OrderRole.Standalone,OrderType.Market,_default,,PositionEffect.Close,,5655700.0,False,,OrderSide.Sell,OrderStatus.Filled,601668.SH,,TimeInForce.GTC,,,,1481644800000000000,2016-12-13T16:00:00Z
,0.0,1481558400000000000,2016-12-12T16:00:00Z,0.0,,6551a6bf-d579-4dd6-83bb-dc84b8c835a2,OrderRole.Standalone,OrderType.Market,_default,,PositionEffect.Close,,2614000.0,False,"Symbol 603986.SH not tradable (zero volume, suspension) at execution timestamp 1481644800000000000",OrderSide.Sell,OrderStatus.Rejected,603986.SH,,TimeInForce.GTC,,,,1481644800000000000,2016-12-13T16:00:00Z
,0.0,1481558400000000000,2016-12-12T16:00:00Z,0.0,,083e4f12-a16d-4a79-85a5-3e64c3c5f1ac,OrderRole.Standalone,OrderType.Market,_default,,PositionEffect.Close,,11482200.0,False,"Symbol 300450.SZ not tradable (zero volume, suspension) at execution timestamp 1481644800000000000",OrderSide.Sell,OrderStatus.Rejected,300450.SZ,,TimeInForce.GTC,,,,1481644800000000000,2016-12-13T16:00:00Z
9.68968,1107765.39874,1481558400000000000,2016-12-12T16:00:00Z,45729700.0,,06eb3f01-0917-4a1e-9589-4e4186b1c923,OrderRole.Standalone,OrderType.Market,_default,,PositionEffect.Open,,45729700.0,False,,OrderSide.Buy,OrderStatus.Filled,600016.SH,,TimeInForce.GTC,,,,1481644800000000000,2016-12-13T16:00:00Z
5.53553,1110639.0520225,1481558400000000000,2016-12-12T16:00:00Z,80255300.0,,c65b186b-fea8-461b-aed8-817e685fea69,OrderRole.Standalone,OrderType.Market,_default,,PositionEffect.Open,,80255300.0,False,,OrderSide.Buy,OrderStatus.Filled,600028.SH,,TimeInForce.GTC,,,,1481644800000000000,2016-12-13T16:00:00Z
31.34131,1103449.171825,1481558400000000000,2016-12-12T16:00:00Z,14083000.0,,02246d46-1338-4cd5-8b31-b5ec21a55748,OrderRole.Standalone,OrderType.Market,_default,,PositionEffect.Open,,14083000.0,False,,OrderSide.Buy,OrderStatus.Filled,600085.SH,,TimeInForce.GTC,,,,1481644800000000000,2016-12-13T16:00:00Z
3.13313,1103098.311315,1481558400000000000,2016-12-12T16:00:00Z,140830200.0,,4ea5cded-69c5-4ec3-bdbc-51cc761c18d7,OrderRole.Standalone,OrderType.Market,_default,,PositionEffect.Open,,140830200.0,False,,OrderSide.Buy,OrderStatus.Filled,600795.SH,,TimeInForce.GTC,,,,1481644800000000000,2016-12-13T16:00:00Z
,0.0,1481558400000000000,2016-12-12T16:00:00Z,0.0,,ca285c55-c5ca-4c58-9605-2cb9bb75fbc0,OrderRole.Standalone,OrderType.Market,_default,,PositionEffect.Open,,123521400.0,False,"Risk: Insufficient margin at execution. Required: 442515900.3214950000000000000, Available: 48799849.4476547583069155812",OrderSide.Buy,OrderStatus.Rejected,601988.SH,,TimeInForce.GTC,,,,1481644800000000000,2016-12-13T16:00:00Z
3.21321,35102.712645,1481558400000000000,2016-12-12T16:00:00Z,4369800.0,,8bb17590-87a7-4eb4-a32c-076474fc0fc2,OrderRole.Standalone,OrderType.Market,_default,,PositionEffect.Open,,4369800.0,False,,OrderSide.Buy,OrderStatus.Filled,601288.SH,,TimeInForce.GTC,,,,1481644800000000000,2016-12-13T16:00:00Z
4.56456,13434.64122,1481558400000000000,2016-12-12T16:00:00Z,1177300.0,,247d86ba-38a3-44b0-a9ab-fbd23e956f18,OrderRole.Standalone,OrderType.Market,_default,,PositionEffect.Open,,1177300.0,False,,OrderSide.Buy,OrderStatus.Filled,601398.SH,,TimeInForce.GTC,,,,1481644800000000000,2016-12-13T16:00:00Z
6.64335,1015814.71845,1481644800000000000,2016-12-13T16:00:00Z,61162800.0,,76261d7f-c1d8-4a0c-83d9-d34493feb741,OrderRole.Standalone,OrderType.Market,_default,,PositionEffect.Close,,61162800.0,False,,OrderSide.Sell,OrderStatus.Filled,600050.SH,,TimeInForce.GTC,,,,1481731200000000000,2016-12-14T16:00:00Z
3.1968,1100970.7272,1481644800000000000,2016-12-13T16:00:00Z,137759100.0,,4e3c1343-0900-4e6b-bff7-b22a6cf63d96,OrderRole.Standalone,OrderType.Market,_default,,PositionEffect.Close,,137759100.0,False,,OrderSide.Sell,OrderStatus.Filled,601288.SH,,TimeInForce.GTC,,,,1481731200000000000,2016-12-14T16:00:00Z
4.55544,1104410.62386,1481644800000000000,2016-12-13T16:00:00Z,96975100.0,,e4cd8acc-3bdb-4a92-aacf-c1be1b0de4e9,OrderRole.Standalone,OrderType.Market,_default,,PositionEffect.Close,,96975100.0,False,,OrderSide.Sell,OrderStatus.Filled,601398.SH,,TimeInForce.GTC,,,,1481731200000000000,2016-12-14T16:00:00Z
8.80119,1045099.5068475,1481644800000000000,2016-12-13T16:00:00Z,47498100.0,,dea089fa-e8c4-4d38-b3df-0bb6f3cd8f65,OrderRole.Standalone,OrderType.Market,_default,,PositionEffect.Close,,47498100.0,False,,OrderSide.Sell,OrderStatus.Filled,601668.SH,,TimeInForce.GTC,,,,1481731200000000000,2016-12-14T16:00:00Z
8.991,1027889.33175,1484064000000000000,2017-01-10T16:00:00Z,45729700.0,,dae13b8c-f251-4515-bf91-0202f298b494,OrderRole.Standalone,OrderType.Market,_default,,PositionEffect.Close,,45729700.0,False,,OrderSide.Sell,OrderStatus.Filled,600016.SH,,TimeInForce.GTC,,,,1484150400000000000,2017-01-11T16:00:00Z
5.77422,1158529.395915,1484064000000000000,2017-01-10T16:00:00Z,80255300.0,,84b5c6d5-877a-446b-97ed-b8132b7f0654,OrderRole.Standalone,OrderType.Market,_default,,PositionEffect.Close,,80255300.0,False,,OrderSide.Sell,OrderStatus.Filled,600028.SH,,TimeInForce.GTC,,,,1484150400000000000,2017-01-11T16:00:00Z
30.62934,1078382.48805,1484064000000000000,2017-01-10T16:00:00Z,14083000.0,,9f56a8ff-ce48-4e6b-b5a0-cf749a08ff96,OrderRole.Standalone,OrderType.Market,_default,,PositionEffect.Close,,14083000.0,False,,OrderSide.Sell,OrderStatus.Filled,600085.SH,,TimeInForce.GTC,,,,1484150400000000000,2017-01-11T16:00:00Z
3.24675,1143101.129625,1484064000000000000,2017-01-10T16:00:00Z,140830200.0,,68ab272d-a8da-4419-89e7-2b3980af4687,OrderRole.Standalone,OrderType.Market,_default,,PositionEffect.Close,,140830200.0,False,,OrderSide.Sell,OrderStatus.Filled,600795.SH,,TimeInForce.GTC,,,,1484150400000000000,2017-01-11T16:00:00Z
,0.0,1484064000000000000,2017-01-10T16:00:00Z,0.0,,cfab2921-79c7-4e50-8ea5-f1a927485ee9,OrderRole.Standalone,OrderType.Market,_default,,PositionEffect.Close,,2614000.0,False,"Symbol 603986.SH not tradable (zero volume, suspension) at execution timestamp 1484150400000000000",OrderSide.Sell,OrderStatus.Rejected,603986.SH,,TimeInForce.GTC,,,,1484150400000000000,2017-01-11T16:00:00Z
,0.0,1484064000000000000,2017-01-10T16:00:00Z,0.0,,e2d56777-eeba-4c86-8628-7df8c2156025,OrderRole.Standalone,OrderType.Market,_default,,PositionEffect.Close,,11482200.0,False,"Symbol 300450.SZ not tradable (zero volume, suspension) at execution timestamp 1484150400000000000",OrderSide.Sell,OrderStatus.Rejected,300450.SZ,,TimeInForce.GTC,,,,1484150400000000000,2017-01-11T16:00:00Z
73.4734,1076532.2568,1484064000000000000,2017-01-10T16:00:00Z,5860800.0,,7419e5fb-ca25-4c51-8440-a05411721e71,OrderRole.Standalone,OrderType.Market,_default,,PositionEffect.Open,,5860800.0,False,,OrderSide.Buy,OrderStatus.Filled,000538.SZ,,TimeInForce.GTC,,,,1484150400000000000,2017-01-11T16:00:00Z
33.9339,1080947.41755,1484064000000000000,2017-01-10T16:00:00Z,12741800.0,,f8e3ad63-5b17-40f5-a7fb-23667ba341aa,OrderRole.Standalone,OrderType.Market,_default,,PositionEffect.Open,,12741800.0,False,,OrderSide.Buy,OrderStatus.Filled,000568.SZ,,TimeInForce.GTC,,,,1484150400000000000,2017-01-11T16:00:00Z
21.67165,1064717.328675,1484064000000000000,2017-01-10T16:00:00Z,19651800.0,,57e1d945-7d89-4a65-89ed-0e7866a18cba,OrderRole.Standalone,OrderType.Market,_default,,PositionEffect.Open,,19651800.0,False,,OrderSide.Buy,OrderStatus.Filled,000617.SZ,,TimeInForce.GTC,,,,1484150400000000000,2017-01-11T16:00:00Z
36.02599,1084859.6433675,1484064000000000000,2017-01-10T16:00:00Z,12045300.0,,d83a5a98-b9fb-452a-83f7-027a801e56df,OrderRole.Standalone,OrderType.Market,_default,,PositionEffect.Open,,12045300.0,False,,OrderSide.Buy,OrderStatus.Filled,000858.SZ,,TimeInForce.GTC,,,,1484150400000000000,2017-01-11T16:00:00Z
23.58356,1085091.38738,1484064000000000000,2017-01-10T16:00:00Z,18404200.0,,eef5f56f-11b5-48d2-b3a8-ca0fd555e1c6,OrderRole.Standalone,OrderType.Market,_default,,PositionEffect.Open,,18404200.0,False,,OrderSide.Buy,OrderStatus.Filled,600309.SH,,TimeInForce.GTC,,,,1484150400000000000,2017-01-11T16:00:00Z
346.89655,1084311.8911625,1484064000000000000,2017-01-10T16:00:00Z,1250300.0,,87b114a9-46a7-4477-8522-b9f87b2923da,OrderRole.Standalone,OrderType.Market,_default,,PositionEffect.Open,,1250300.0,False,,OrderSide.Buy,OrderStatus.Filled,600519.SH,,TimeInForce.GTC,,,,1484150400000000000,2017-01-11T16:00:00Z
23.45343,1135210.5089325,1484064000000000000,2017-01-10T16:00:00Z,19361100.0,,a4bff778-582e-4c48-a22f-34447856147a,OrderRole.Standalone,OrderType.Market,_default,,PositionEffect.Open,,19361100.0,False,,OrderSide.Buy,OrderStatus.Filled,600760.SH,,TimeInForce.GTC,,,,1484150400000000000,2017-01-11T16:00:00Z
3.12312,1080947.74788,1484064000000000000,2017-01-10T16:00:00Z,138444600.0,,61fd131d-04e2-4bbf-87c1-aa13033da003,OrderRole.Standalone,OrderType.Market,_default,,PositionEffect.Open,,138444600.0,False,,OrderSide.Buy,OrderStatus.Filled,601288.SH,,TimeInForce.GTC,,,,1484150400000000000,2017-01-11T16:00:00Z
,0.0,1484064000000000000,2017-01-10T16:00:00Z,0.0,,2e4dd552-f762-437d-874d-f95fc2cd8bdf,OrderRole.Standalone,OrderType.Market,_default,,PositionEffect.Open,,125932100.0,False,"Risk: Insufficient margin at execution. Required: 433459997.7282575000000000000, Available: 19430040.2854297583069155812",OrderSide.Buy,OrderStatus.Rejected,601988.SH,,TimeInForce.GTC,,,,1484150400000000000,2017-01-11T16:00:00Z
24.64462,11558.32678,1484064000000000000,2017-01-10T16:00:00Z,187600.0,,3eb76067-d605-4ecb-9d27-9fd1c3daeaa7,OrderRole.Standalone,OrderType.Market,_default,,PositionEffect.Open,,187600.0,False,,OrderSide.Buy,OrderStatus.Filled,000651.SZ,,TimeInForce.GTC,,,,1484150400000000000,2017-01-11T16:00:00Z
24.34563,1065236.9542425,1484150400000000000,2017-01-11T16:00:00Z,17501900.0,,10fa638e-c38e-40b9-905c-e83ae376b231,OrderRole.Standalone,OrderType.Market,_default,,PositionEffect.Close,,17501900.0,False,,OrderSide.Sell,OrderStatus.Filled,000651.SZ,,TimeInForce.GTC,,,,1484236800000000000,2017-01-12T16:00:00Z
76.07385,1114634.0502,1487088000000000000,2017-02-14T16:00:00Z,5860800.0,,edb5e27b-3d5a-42a5-a693-359298f541e8,OrderRole.Standalone,OrderType.Market,_default,,PositionEffect.Close,,5860800.0,False,,OrderSide.Sell,OrderStatus.Filled,000538.SZ,,TimeInForce.GTC,,,,1487174400000000000,2017-02-15T16:00:00Z
36.1638,1151979.7671,1487088000000000000,2017-02-14T16:00:00Z,12741800.0,,28e98224-67a8-4cb5-9442-aedfeef57b82,OrderRole.Standalone,OrderType.Market,_default,,PositionEffect.Close,,12741800.0,False,,OrderSide.Sell,OrderStatus.Filled,000568.SZ,,TimeInForce.GTC,,,,1487174400000000000,2017-02-15T16:00:00Z
18.03195,885900.687525,1487088000000000000,2017-02-14T16:00:00Z,19651800.0,,e5ae58cf-ed22-4a25-88cf-3b0c154aa13a,OrderRole.Standalone,OrderType.Market,_default,,PositionEffect.Close,,19651800.0,False,,OrderSide.Sell,OrderStatus.Filled,000617.SZ,,TimeInForce.GTC,,,,1487174400000000000,2017-02-15T16:00:00Z
38.40156,1156395.77667,1487088000000000000,2017-02-14T16:00:00Z,12045300.0,,c33cae64-b269-482f-bc65-e6a7b38e5bd8,OrderRole.Standalone,OrderType.Market,_default,,PositionEffect.Close,,12045300.0,False,,OrderSide.Sell,OrderStatus.Filled,000858.SZ,,TimeInForce.GTC,,,,1487174400000000000,2017-02-15T16:00:00Z
32.34762,928554.60591,1487088000000000000,2017-02-14T16:00:00Z,11482200.0,,fdb20979-eb5f-401d-8890-abc10e60c662,OrderRole.Standalone,OrderType.Market,_default,,PositionEffect.Close,,11482200.0,False,,OrderSide.Sell,OrderStatus.Filled,300450.SZ,,TimeInForce.GTC,,,,1487174400000000000,2017-02-15T16:00:00Z
24.65532,1134403.60086,1487088000000000000,2017-02-14T16:00:00Z,18404200.0,,deb8b148-5dfa-4315-aaaf-b9cea7274d70,OrderRole.Standalone,OrderType.Market,_default,,PositionEffect.Close,,18404200.0,False,,OrderSide.Sell,OrderStatus.Filled,600309.SH,,TimeInForce.GTC,,,,1487174400000000000,2017-02-15T16:00:00Z
348.1515,1088234.551125,1487088000000000000,2017-02-14T16:00:00Z,1250300.0,,e884824e-5c09-45e9-9f34-16d5aebe42be,OrderRole.Standalone,OrderType.Market,_default,,PositionEffect.Close,,1250300.0,False,,OrderSide.Sell,OrderStatus.Filled,600519.SH,,TimeInForce.GTC,,,,1487174400000000000,2017-02-15T16:00:00Z
29.52045,1428870.9612375,1487088000000000000,2017-02-14T16:00:00Z,19361100.0,,304829d0-415d-4d05-a132-5fd1a4ab32b9,OrderRole.Standalone,OrderType.Market,_default,,PositionEffect.Close,,19361100.0,False,,OrderSide.Sell,OrderStatus.Filled,600760.SH,,TimeInForce.GTC,,,,1487174400000000000,2017-02-15T16:00:00Z
3.28671,1137568.128165,1487088000000000000,2017-02-14T16:00:00Z,138444600.0,,9f5fb0d0-0d90-4970-9907-e415f07236ae,OrderRole.Standalone,OrderType.Market,_default,,PositionEffect.Close,,138444600.0,False,,OrderSide.Sell,OrderStatus.Filled,601288.SH,,TimeInForce.GTC,,,,1487174400000000000,2017-02-15T16:00:00Z
,0.0,1487088000000000000,2017-02-14T16:00:00Z,0.0,,8e6afa14-3dcc-456a-9609-2d5acd498d50,OrderRole.Standalone,OrderType.Market,_default,,PositionEffect.Close,,2614000.0,False,"Symbol 603986.SH not tradable (zero volume, suspension) at execution timestamp 1487174400000000000",OrderSide.Sell,OrderStatus.Rejected,603986.SH,,TimeInForce.GTC,,,,1487174400000000000,2017-02-15T16:00:00Z
41.87183,1108807.93023,1487088000000000000,2017-02-14T16:00:00Z,10592400.0,,7d18faf4-a72f-408d-a22a-5f6699eff0fb,OrderRole.Standalone,OrderType.Market,_default,,PositionEffect.Open,,10592400.0,False,,OrderSide.Buy,OrderStatus.Filled,002352.SZ,,TimeInForce.GTC,,,,1487174400000000000,2017-02-15T16:00:00Z
26.34632,1105761.63698,1487088000000000000,2017-02-14T16:00:00Z,16788100.0,,bdd315f8-730c-44ac-bdce-acf911c2dd7e,OrderRole.Standalone,OrderType.Market,_default,,PositionEffect.Open,,16788100.0,False,,OrderSide.Buy,OrderStatus.Filled,002460.SZ,,TimeInForce.GTC,,,,1487174400000000000,2017-02-15T16:00:00Z
34.31428,1108282.61544,1487088000000000000,2017-02-14T16:00:00Z,12919200.0,,db353210-f223-4fb8-98fb-d85ebc7a2a18,OrderRole.Standalone,OrderType.Market,_default,,PositionEffect.Open,,12919200.0,False,,OrderSide.Buy,OrderStatus.Filled,002466.SZ,,TimeInForce.GTC,,,,1487174400000000000,2017-02-15T16:00:00Z
10.67066,1109327.14893,1487088000000000000,2017-02-14T16:00:00Z,41584200.0,,6cd0de67-f683-4161-8356-e22c67af85d2,OrderRole.Standalone,OrderType.Market,_default,,PositionEffect.Open,,41584200.0,False,,OrderSide.Buy,OrderStatus.Filled,002600.SZ,,TimeInForce.GTC,,,,1487174400000000000,2017-02-15T16:00:00Z
33.7337,1103370.293025,1487088000000000000,2017-02-14T16:00:00Z,13083300.0,,ea059e59-b650-4c4f-bbcc-68a8eea45088,OrderRole.Standalone,OrderType.Market,_default,,PositionEffect.Open,,13083300.0,False,,OrderSide.Buy,OrderStatus.Filled,002602.SZ,,TimeInForce.GTC,,,,1487174400000000000,2017-02-15T16:00:00Z
46.7467,1106143.78875,1487088000000000000,2017-02-14T16:00:00Z,9465000.0,,3fd25db7-2fea-483c-8d01-15c373804ebe,OrderRole.Standalone,OrderType.Market,_default,,PositionEffect.Open,,9465000.0,False,,OrderSide.Buy,OrderStatus.Filled,002709.SZ,,TimeInForce.GTC,,,,1487174400000000000,2017-02-15T16:00:00Z
25.13511,1108282.40523,1487088000000000000,2017-02-14T16:00:00Z,17637200.0,,4a1cc0d8-2190-473c-bf9a-88ff6be6b3b7,OrderRole.Standalone,OrderType.Market,_default,,PositionEffect.Open,,17637200.0,False,,OrderSide.Buy,OrderStatus.Filled,300308.SZ,,TimeInForce.GTC,,,,1487174400000000000,2017-02-15T16:00:00Z
25.5255,1106115.635625,1487088000000000000,2017-02-14T16:00:00Z,17333500.0,,da7c2037-5401-43e3-8d10-7b9174b28067,OrderRole.Standalone,OrderType.Market,_default,,PositionEffect.Open,,17333500.0,False,,OrderSide.Buy,OrderStatus.Filled,600233.SH,,TimeInForce.GTC,,,,1487174400000000000,2017-02-15T16:00:00Z
41.29125,1115854.74,1487088000000000000,2017-02-14T16:00:00Z,10809600.0,,6dff4191-d9eb-45f6-863b-483895cad066,OrderRole.Standalone,OrderType.Market,_default,,PositionEffect.Open,,10809600.0,False,,OrderSide.Buy,OrderStatus.Filled,603799.SH,,TimeInForce.GTC,,,,1487174400000000000,2017-02-15T16:00:00Z
63.72366,1101176.70663,1487088000000000000,2017-02-14T16:00:00Z,6912200.0,,cbe4bf34-98c3-45be-90af-4627e5a5b1c8,OrderRole.Standalone,OrderType.Market,_default,,PositionEffect.Open,,6912200.0,False,,OrderSide.Buy,OrderStatus.Filled,002558.SZ,,TimeInForce.GTC,,,,1487174400000000000,2017-02-15T16:00:00Z
59.46048,1574572.97088,1489507200000000000,2017-03-14T16:00:00Z,10592400.0,,585e0298-8de8-4b85-9a34-db73bd9193e9,OrderRole.Standalone,OrderType.Market,_default,,PositionEffect.Close,,10592400.0,False,,OrderSide.Sell,OrderStatus.Filled,002352.SZ,,TimeInForce.GTC,,,,1489593600000000000,2017-03-15T16:00:00Z
37.34262,209361.39903,1489507200000000000,2017-03-14T16:00:00Z,2242600.0,,6a8046b7-23f0-4c69-ab6d-96ebd255e42a,OrderRole.Standalone,OrderType.Market,_default,,PositionEffect.Close,,2242600.0,False,,OrderSide.Sell,OrderStatus.Filled,002460.SZ,,TimeInForce.GTC,,,,1489593600000000000,2017-03-15T16:00:00Z
40.3596,1303534.3608,1489507200000000000,2017-03-14T16:00:00Z,12919200.0,,5c18494c-eb3b-4139-9a10-773e8608b0bc,OrderRole.Standalone,OrderType.Market,_default,,PositionEffect.Close,,12919200.0,False,,OrderSide.Sell,OrderStatus.Filled,002466.SZ,,TimeInForce.GTC,,,,1489593600000000000,2017-03-15T16:00:00Z
77.922,2999.997,1489507200000000000,2017-03-14T16:00:00Z,15400.0,,debeac54-0e6d-4106-a298-0eb6ffb24cca,OrderRole.Standalone,OrderType.Market,_default,,PositionEffect.Close,,15400.0,False,,OrderSide.Sell,OrderStatus.Filled,002558.SZ,,TimeInForce.GTC,,,,1489593600000000000,2017-03-15T16:00:00Z
34.61535,1132207.5216375,1489507200000000000,2017-03-14T16:00:00Z,13083300.0,,9012b99a-d785-4c98-9f5a-9e505905da60,OrderRole.Standalone,OrderType.Market,_default,,PositionEffect.Close,,13083300.0,False,,OrderSide.Sell,OrderStatus.Filled,002602.SZ,,TimeInForce.GTC,,,,1489593600000000000,2017-03-15T16:00:00Z
51.82812,1226382.8895,1489507200000000000,2017-03-14T16:00:00Z,9465000.0,,d31d1d25-78e6-4bb3-8c2d-00e59c8b9166,OrderRole.Standalone,OrderType.Market,_default,,PositionEffect.Close,,9465000.0,False,,OrderSide.Sell,OrderStatus.Filled,002709.SZ,,TimeInForce.GTC,,,,1489593600000000000,2017-03-15T16:00:00Z
34.98498,1542592.72314,1489507200000000000,2017-03-14T16:00:00Z,17637200.0,,02e8a5e4-958a-406a-8824-008a3e041243,OrderRole.Standalone,OrderType.Market,_default,,PositionEffect.Close,,17637200.0,False,,OrderSide.Sell,OrderStatus.Filled,300308.SZ,,TimeInForce.GTC,,,,1489593600000000000,2017-03-15T16:00:00Z
24.71526,1071004.898025,1489507200000000000,2017-03-14T16:00:00Z,17333500.0,,7b07a986-0ca8-410b-b300-6d9302beba8a,OrderRole.Standalone,OrderType.Market,_default,,PositionEffect.Close,,17333500.0,False,,OrderSide.Sell,OrderStatus.Filled,600233.SH,,TimeInForce.GTC,,,,1489593600000000000,2017-03-15T16:00:00Z
57.3426,1549626.4224,1489507200000000000,2017-03-14T16:00:00Z,10809600.0,,8ba46d73-3e4e-4652-82ea-374188b0ca82,OrderRole.Standalone,OrderType.Market,_default,,PositionEffect.Close,,10809600.0,False,,OrderSide.Sell,OrderStatus.Filled,603799.SH,,TimeInForce.GTC,,,,1489593600000000000,2017-03-15T16:00:00Z
239.64012,199440.48987,1489507200000000000,2017-03-14T16:00:00Z,332900.0,,c883dd15-1c0f-4324-9af8-582a6d23217d,OrderRole.Standalone,OrderType.Market,_default,,PositionEffect.Close,,332900.0,False,,OrderSide.Sell,OrderStatus.Filled,603986.SH,,TimeInForce.GTC,,,,1489593600000000000,2017-03-15T16:00:00Z
,0.0,1489507200000000000,2017-03-14T16:00:00Z,0.0,,233b5392-209c-4564-b42b-70c0e9742d7a,OrderRole.Standalone,OrderType.Market,_default,,PositionEffect.Close,,41584200.0,False,"Symbol 002600.SZ not tradable (zero volume, suspension) at execution timestamp 1489593600000000000",OrderSide.Sell,OrderStatus.Rejected,002600.SZ,,TimeInForce.GTC,,,,1489593600000000000,2017-03-15T16:00:00Z
40.3403,1354607.10385,1489507200000000000,2017-03-14T16:00:00Z,13431800.0,,75e797f4-1a84-4e36-9f4f-8de54bed1f8d,OrderRole.Standalone,OrderType.Market,_default,,PositionEffect.Open,,13431800.0,False,,OrderSide.Buy,OrderStatus.Filled,000568.SZ,,TimeInForce.GTC,,,,1489593600000000000,2017-03-15T16:00:00Z
29.41939,1356410.39534,1489507200000000000,2017-03-14T16:00:00Z,18442400.0,,9175e4d7-e7ed-45ce-a7cd-8dc34f7d978a,OrderRole.Standalone,OrderType.Market,_default,,PositionEffect.Open,,18442400.0,False,,OrderSide.Buy,OrderStatus.Filled,000651.SZ,,TimeInForce.GTC,,,,1489593600000000000,2017-03-15T16:00:00Z
42.01197,1366250.270385,1489507200000000000,2017-03-14T16:00:00Z,13008200.0,,5548cb32-0b49-4e23-811e-63913ff8c059,OrderRole.Standalone,OrderType.Market,_default,,PositionEffect.Open,,13008200.0,False,,OrderSide.Buy,OrderStatus.Filled,000858.SZ,,TimeInForce.GTC,,,,1489593600000000000,2017-03-15T16:00:00Z
52.18213,1349403.790735,1489507200000000000,2017-03-14T16:00:00Z,10343800.0,,5564f097-1f70-45ec-82df-20431d000e11,OrderRole.Standalone,OrderType.Market,_default,,PositionEffect.Open,,10343800.0,False,,OrderSide.Buy,OrderStatus.Filled,600276.SH,,TimeInForce.GTC,,,,1489593600000000000,2017-03-15T16:00:00Z
27.17715,1350269.5206,1489507200000000000,2017-03-14T16:00:00Z,19873600.0,,d58dbb6f-0bfa-42ff-94b9-4bec03422fa0,OrderRole.Standalone,OrderType.Market,_default,,PositionEffect.Open,,19873600.0,False,,OrderSide.Buy,OrderStatus.Filled,600309.SH,,TimeInForce.GTC,,,,1489593600000000000,2017-03-15T16:00:00Z
376.93656,1359044.76708,1489507200000000000,2017-03-14T16:00:00Z,1442200.0,,e372f9d8-ee24-48de-adf7-4437808f05b9,OrderRole.Standalone,OrderType.Market,_default,,PositionEffect.Open,,1442200.0,False,,OrderSide.Buy,OrderStatus.Filled,600519.SH,,TimeInForce.GTC,,,,1489593600000000000,2017-03-15T16:00:00Z
20.85083,1352259.72882,1489507200000000000,2017-03-14T16:00:00Z,25941600.0,,120208ff-d2a1-4350-af59-bd779eaca82f,OrderRole.Standalone,OrderType.Market,_default,,PositionEffect.Open,,25941600.0,False,,OrderSide.Buy,OrderStatus.Filled,600660.SH,,TimeInForce.GTC,,,,1489593600000000000,2017-03-15T16:00:00Z
37.1628,1351378.7685,1489593600000000000,2017-03-15T16:00:00Z,14545500.0,,c9ae581c-69d6-45a6-a8b0-b8b48fb04b5c,OrderRole.Standalone,OrderType.Market,_default,,PositionEffect.Close,,14545500.0,False,,OrderSide.Sell,OrderStatus.Filled,002460.SZ,,TimeInForce.GTC,,,,1489680000000000000,2017-03-16T16:00:00Z
75.34458,1299098.782818,1489593600000000000,2017-03-15T16:00:00Z,6896840.0,,689a2ff6-139c-4457-bf66-7ed2673eb3d1,OrderRole.Standalone,OrderType.Market,_default,,PositionEffect.Close,,6896840.0,False,,OrderSide.Sell,OrderStatus.Filled,002558.SZ,,TimeInForce.GTC,,,,1489680000000000000,2017-03-16T16:00:00Z
40.93902,30305.109555,1492099200000000000,2017-04-13T16:00:00Z,296100.0,,1e88d6ab-c007-40eb-bb71-6855840e1036,OrderRole.Standalone,OrderType.Market,_default,,PositionEffect.Close,,296100.0,False,,OrderSide.Sell,OrderStatus.Filled,000568.SZ,,TimeInForce.GTC,,,,1492358400000000000,2017-04-16T16:00:00Z
30.7692,63046.0908,1492099200000000000,2017-04-13T16:00:00Z,819600.0,,486eb519-2995-4189-a31b-c2f0c13f342f,OrderRole.Standalone,OrderType.Market,_default,,PositionEffect.Close,,819600.0,False,,OrderSide.Sell,OrderStatus.Filled,000651.SZ,,TimeInForce.GTC,,,,1492358400000000000,2017-04-16T16:00:00Z
42.00795,1366119.537975,1492099200000000000,2017-04-13T16:00:00Z,13008200.0,,965ef532-db2f-49b2-93f6-c23d2346fb69,OrderRole.Standalone,OrderType.Market,_default,,PositionEffect.Close,,13008200.0,False,,OrderSide.Sell,OrderStatus.Filled,000858.SZ,,TimeInForce.GTC,,,,1492358400000000000,2017-04-16T16:00:00Z
53.72622,44512.17327,1492099200000000000,2017-04-13T16:00:00Z,331400.0,,b4243912-0f5a-4643-b381-8bffe25c24a8,OrderRole.Standalone,OrderType.Market,_default,,PositionEffect.Close,,331400.0,False,,OrderSide.Sell,OrderStatus.Filled,600276.SH,,TimeInForce.GTC,,,,1492358400000000000,2017-04-16T16:00:00Z
28.95102,113234.676975,1492099200000000000,2017-04-13T16:00:00Z,1564500.0,,432e0c05-9f1c-46ab-97fe-0d56604e5bab,OrderRole.Standalone,OrderType.Market,_default,,PositionEffect.Close,,1564500.0,False,,OrderSide.Sell,OrderStatus.Filled,600309.SH,,TimeInForce.GTC,,,,1492358400000000000,2017-04-16T16:00:00Z
390.609,73141.53525,1492099200000000000,2017-04-13T16:00:00Z,74900.0,,316218fd-4c72-44cc-aa85-2c1cb1bd4591,OrderRole.Standalone,OrderType.Market,_default,,PositionEffect.Close,,74900.0,False,,OrderSide.Sell,OrderStatus.Filled,600519.SH,,TimeInForce.GTC,,,,1492358400000000000,2017-04-16T16:00:00Z
21.82815,66564.943425,1492099200000000000,2017-04-13T16:00:00Z,1219800.0,,44fc13d2-6cd1-4922-943d-7a75587791fa,OrderRole.Standalone,OrderType.Market,_default,,PositionEffect.Close,,1219800.0,False,,OrderSide.Sell,OrderStatus.Filled,600660.SH,,TimeInForce.GTC,,,,1492358400000000000,2017-04-16T16:00:00Z
164.835,940012.79625,1492099200000000000,2017-04-13T16:00:00Z,2281100.0,,d36e12b5-551f-4ab6-9b14-9a485c08ddfd,OrderRole.Standalone,OrderType.Market,_default,,PositionEffect.Close,,2281100.0,False,,OrderSide.Sell,OrderStatus.Filled,603986.SH,,TimeInForce.GTC,,,,1492358400000000000,2017-04-16T16:00:00Z
,0.0,1492099200000000000,2017-04-13T16:00:00Z,0.0,,9ec62041-6721-4f3b-b3fa-f431d00bc3dc,OrderRole.Standalone,OrderType.Market,_default,,PositionEffect.Close,,41584200.0,False,"Symbol 002600.SZ not tradable (zero volume, suspension) at execution timestamp 1492358400000000000",OrderSide.Sell,OrderStatus.Rejected,002600.SZ,,TimeInForce.GTC,,,,1492358400000000000,2017-04-16T16:00:00Z
84.47439,1353174.1348125,1492099200000000000,2017-04-13T16:00:00Z,6407500.0,,16ffa1e6-e943-40b3-89f8-ea36a913838f,OrderRole.Standalone,OrderType.Market,_default,,PositionEffect.Open,,6407500.0,False,,OrderSide.Buy,OrderStatus.Filled,000538.SZ,,TimeInForce.GTC,,,,1492358400000000000,2017-04-16T16:00:00Z
42.042,1326172.848,1492099200000000000,2017-04-13T16:00:00Z,12617600.0,,bc3d63dd-892d-41f7-8e25-3aff2d0ae079,OrderRole.Standalone,OrderType.Market,_default,,PositionEffect.Open,,12617600.0,False,,OrderSide.Buy,OrderStatus.Filled,002460.SZ,,TimeInForce.GTC,,,,1492358400000000000,2017-04-16T16:00:00Z
48.69865,1341148.6463375,1492099200000000000,2017-04-13T16:00:00Z,11015900.0,,6925429f-8552-4184-858a-c20be793372c,OrderRole.Standalone,OrderType.Market,_default,,PositionEffect.Open,,11015900.0,False,,OrderSide.Buy,OrderStatus.Filled,002466.SZ,,TimeInForce.GTC,,,,1492358400000000000,2017-04-16T16:00:00Z
35.84581,1349989.05041,1492099200000000000,2017-04-13T16:00:00Z,15064400.0,,4d7b872f-ded9-4b9a-af63-b31f42cff8bb,OrderRole.Standalone,OrderType.Market,_default,,PositionEffect.Open,,15064400.0,False,,OrderSide.Buy,OrderStatus.Filled,601318.SH,,TimeInForce.GTC,,,,1492358400000000000,2017-04-16T16:00:00Z
41.91804,1376556.99507,1492358400000000000,2017-04-16T16:00:00Z,13135700.0,,2d61c206-dc90-4d87-a061-c3de4d99732e,OrderRole.Standalone,OrderType.Market,_default,,PositionEffect.Close,,13135700.0,False,,OrderSide.Sell,OrderStatus.Filled,000568.SZ,,TimeInForce.GTC,,,,1492444800000000000,2017-04-17T16:00:00Z
31.7682,1399611.5874,1492358400000000000,2017-04-16T16:00:00Z,17622800.0,,5613ca3f-60f0-461a-bbc8-e18137fea3cc,OrderRole.Standalone,OrderType.Market,_default,,PositionEffect.Close,,17622800.0,False,,OrderSide.Sell,OrderStatus.Filled,000651.SZ,,TimeInForce.GTC,,,,1492444800000000000,2017-04-17T16:00:00Z
53.95599,1350572.38569,1492358400000000000,2017-04-16T16:00:00Z,10012400.0,,b57a47da-5903-4830-a3e8-12573ac64642,OrderRole.Standalone,OrderType.Market,_default,,PositionEffect.Close,,10012400.0,False,,OrderSide.Sell,OrderStatus.Filled,600276.SH,,TimeInForce.GTC,,,,1492444800000000000,2017-04-17T16:00:00Z
28.02195,1282641.7118625,1492358400000000000,2017-04-16T16:00:00Z,18309100.0,,69434bc9-d7e9-4b37-9817-408a0deafa51,OrderRole.Standalone,OrderType.Market,_default,,PositionEffect.Close,,18309100.0,False,,OrderSide.Sell,OrderStatus.Filled,600309.SH,,TimeInForce.GTC,,,,1492444800000000000,2017-04-17T16:00:00Z
394.2054,1347492.60855,1492358400000000000,2017-04-16T16:00:00Z,1367300.0,,5dbee145-6104-4bf8-b0cb-b316c2d9d279,OrderRole.Standalone,OrderType.Market,_default,,PositionEffect.Close,,1367300.0,False,,OrderSide.Sell,OrderStatus.Filled,600519.SH,,TimeInForce.GTC,,,,1492444800000000000,2017-04-17T16:00:00Z
22.02795,1361426.435775,1492358400000000000,2017-04-16T16:00:00Z,24721800.0,,f49c2226-8105-41c5-a86b-20ee2ce40493,OrderRole.Standalone,OrderType.Market,_default,,PositionEffect.Close,,24721800.0,False,,OrderSide.Sell,OrderStatus.Filled,600660.SH,,TimeInForce.GTC,,,,1492444800000000000,2017-04-17T16:00:00Z
88.4115,57710.606625,1494777600000000000,2017-05-14T16:00:00Z,261100.0,,47937b13-ba68-431a-980a-ccd43290d536,OrderRole.Standalone,OrderType.Market,_default,,PositionEffect.Close,,261100.0,False,,OrderSide.Sell,OrderStatus.Filled,000538.SZ,,TimeInForce.GTC,,,,1494864000000000000,2017-05-15T16:00:00Z
40.96899,1292325.82056,1494777600000000000,2017-05-14T16:00:00Z,12617600.0,,da40bc33-7bf7-4a2d-aabe-a8b23d3e348c,OrderRole.Standalone,OrderType.Market,_default,,PositionEffect.Close,,12617600.0,False,,OrderSide.Sell,OrderStatus.Filled,002460.SZ,,TimeInForce.GTC,,,,1494864000000000000,2017-05-15T16:00:00Z
44.0559,1213288.472025,1494777600000000000,2017-05-14T16:00:00Z,11015900.0,,3e04926a-1899-443d-a091-0dcf97c0ecf2,OrderRole.Standalone,OrderType.Market,_default,,PositionEffect.Close,,11015900.0,False,,OrderSide.Sell,OrderStatus.Filled,002466.SZ,,TimeInForce.GTC,,,,1494864000000000000,2017-05-15T16:00:00Z
40.8591,1538794.5651,1494777600000000000,2017-05-14T16:00:00Z,15064400.0,,046f6c6b-8a0e-4662-b075-9cfc5acf001e,OrderRole.Standalone,OrderType.Market,_default,,PositionEffect.Close,,15064400.0,False,,OrderSide.Sell,OrderStatus.Filled,601318.SH,,TimeInForce.GTC,,,,1494864000000000000,2017-05-15T16:00:00Z
,0.0,1494777600000000000,2017-05-14T16:00:00Z,0.0,,fc2f019d-3891-4d05-91a9-458fa7e696db,OrderRole.Standalone,OrderType.Market,_default,,PositionEffect.Close,,41584200.0,False,"Symbol 002600.SZ not tradable (zero volume, suspension) at execution timestamp 1494864000000000000",OrderSide.Sell,OrderStatus.Rejected,002600.SZ,,TimeInForce.GTC,,,,1494864000000000000,2017-05-15T16:00:00Z
46.90686,1345957.167555,1494777600000000000,2017-05-14T16:00:00Z,11477700.0,,ced7bafb-f50b-45ca-b791-bea256c18188,OrderRole.Standalone,OrderType.Market,_default,,PositionEffect.Open,,11477700.0,False,,OrderSide.Buy,OrderStatus.Filled,000568.SZ,,TimeInForce.GTC,,,,1494864000000000000,2017-05-15T16:00:00Z
32.8328,1340292.3534,1494777600000000000,2017-05-14T16:00:00Z,16328700.0,,7d712032-b729-436b-8251-9f3b0f382712,OrderRole.Standalone,OrderType.Market,_default,,PositionEffect.Open,,16328700.0,False,,OrderSide.Buy,OrderStatus.Filled,000651.SZ,,TimeInForce.GTC,,,,1494864000000000000,2017-05-15T16:00:00Z
17.75774,1352744.678285,1494777600000000000,2017-05-14T16:00:00Z,30471100.0,,01bbdeb8-c7e5-445f-b0d7-311f8264dcf3,OrderRole.Standalone,OrderType.Market,_default,,PositionEffect.Open,,30471100.0,False,,OrderSide.Buy,OrderStatus.Filled,002236.SZ,,TimeInForce.GTC,,,,1494864000000000000,2017-05-15T16:00:00Z
26.47645,888926.9514125,1494777600000000000,2017-05-14T16:00:00Z,13429700.0,,3801d356-3c14-4fce-8391-dc434818d73e,OrderRole.Standalone,OrderType.Market,_default,,PositionEffect.Open,,13429700.0,False,,OrderSide.Buy,OrderStatus.Filled,002415.SZ,,TimeInForce.GTC,,,,1494864000000000000,2017-05-15T16:00:00Z
306.63633,1349813.12466,1494777600000000000,2017-05-14T16:00:00Z,1760800.0,,d0ae468f-d0ec-41a4-ae47-6dea4c8e5638,OrderRole.Standalone,OrderType.Market,_default,,PositionEffect.Open,,1760800.0,False,,OrderSide.Buy,OrderStatus.Filled,300628.SZ,,TimeInForce.GTC,,,,1494864000000000000,2017-05-15T16:00:00Z
56.30625,1343720.503125,1494777600000000000,2017-05-14T16:00:00Z,9545800.0,,70e88c6e-91d5-452d-ad8e-fbf974a3db3b,OrderRole.Standalone,OrderType.Market,_default,,PositionEffect.Open,,9545800.0,False,,OrderSide.Buy,OrderStatus.Filled,600276.SH,,TimeInForce.GTC,,,,1494864000000000000,2017-05-15T16:00:00Z
420.0196,1349837.9895,1494777600000000000,2017-05-14T16:00:00Z,1285500.0,,0a758166-de0f-42c8-97d3-23e44c2bfbbf,OrderRole.Standalone,OrderType.Market,_default,,PositionEffect.Open,,1285500.0,False,,OrderSide.Buy,OrderStatus.Filled,600519.SH,,TimeInForce.GTC,,,,1494864000000000000,2017-05-15T16:00:00Z
22.27225,1350906.6195625,1494777600000000000,2017-05-14T16:00:00Z,24261700.0,,6deffaf0-9461-41f4-a28a-3852f344062d,OrderRole.Standalone,OrderType.Market,_default,,PositionEffect.Open,,24261700.0,False,,OrderSide.Buy,OrderStatus.Filled,600660.SH,,TimeInForce.GTC,,,,1494864000000000000,2017-05-15T16:00:00Z
13.013,1332270.94,1494777600000000000,2017-05-14T16:00:00Z,40952000.0,,bb5b52d4-97bc-43bb-a10c-97e0995c57c7,OrderRole.Standalone,OrderType.Market,_default,,PositionEffect.Open,,40952000.0,False,,OrderSide.Buy,OrderStatus.Filled,600690.SH,,TimeInForce.GTC,,,,1494864000000000000,2017-05-15T16:00:00Z
88.7112,1363136.2992,1494864000000000000,2017-05-15T16:00:00Z,6146400.0,,6c1791f0-4cf3-4442-994b-85c6ff68a2b9,OrderRole.Standalone,OrderType.Market,_default,,PositionEffect.Close,,6146400.0,False,,OrderSide.Sell,OrderStatus.Filled,000538.SZ,,TimeInForce.GTC,,,,1494950400000000000,2017-05-16T16:00:00Z
50.0499,1436144.343075,1497369600000000000,2017-06-13T16:00:00Z,11477700.0,,0643a0fe-df36-49ae-9a14-61e3ab2099d8,OrderRole.Standalone,OrderType.Market,_default,,PositionEffect.Close,,11477700.0,False,,OrderSide.Sell,OrderStatus.Filled,000568.SZ,,TimeInForce.GTC,,,,1497456000000000000,2017-06-14T16:00:00Z
36.45351,1488096.0718425,1497369600000000000,2017-06-13T16:00:00Z,16328700.0,,643a58be-67b4-40f7-9b5e-6dbe2060755b,OrderRole.Standalone,OrderType.Market,_default,,PositionEffect.Close,,16328700.0,False,,OrderSide.Sell,OrderStatus.Filled,000651.SZ,,TimeInForce.GTC,,,,1497456000000000000,2017-06-14T16:00:00Z
20.92905,1594327.9386375,1497369600000000000,2017-06-13T16:00:00Z,30471100.0,,7c4c6eaa-c720-4ced-9f07-f4461ecca903,OrderRole.Standalone,OrderType.Market,_default,,PositionEffect.Close,,30471100.0,False,,OrderSide.Sell,OrderStatus.Filled,002236.SZ,,TimeInForce.GTC,,,,1497456000000000000,2017-06-14T16:00:00Z
29.25072,982070.98596,1497369600000000000,2017-06-13T16:00:00Z,13429700.0,,627f4d0e-883c-48e8-9934-032aff0d0b0d,OrderRole.Standalone,OrderType.Market,_default,,PositionEffect.Close,,13429700.0,False,,OrderSide.Sell,OrderStatus.Filled,002415.SZ,,TimeInForce.GTC,,,,1497456000000000000,2017-06-14T16:00:00Z
315.684,1389640.968,1497369600000000000,2017-06-13T16:00:00Z,1760800.0,,4bfb3758-56d9-43ed-8e85-d3d1802a1080,OrderRole.Standalone,OrderType.Market,_default,,PositionEffect.Close,,1760800.0,False,,OrderSide.Sell,OrderStatus.Filled,300628.SZ,,TimeInForce.GTC,,,,1497456000000000000,2017-06-14T16:00:00Z
50.76918,1453889.699955,1497369600000000000,2017-06-13T16:00:00Z,11454900.0,,8c9d8a73-9362-43e4-8af1-afd09be28489,OrderRole.Standalone,OrderType.Market,_default,,PositionEffect.Close,,11454900.0,False,,OrderSide.Sell,OrderStatus.Filled,600276.SH,,TimeInForce.GTC,,,,1497456000000000000,2017-06-14T16:00:00Z
474.525,1525004.71875,1497369600000000000,2017-06-13T16:00:00Z,1285500.0,,23d7bf3d-6ec4-4a64-b043-9b95e8ce5542,OrderRole.Standalone,OrderType.Market,_default,,PositionEffect.Close,,1285500.0,False,,OrderSide.Sell,OrderStatus.Filled,600519.SH,,TimeInForce.GTC,,,,1497456000000000000,2017-06-14T16:00:00Z
25.41456,1541501.07588,1497369600000000000,2017-06-13T16:00:00Z,24261700.0,,dbdc04b9-1634-46b9-bda6-ffc45192031e,OrderRole.Standalone,OrderType.Market,_default,,PositionEffect.Close,,24261700.0,False,,OrderSide.Sell,OrderStatus.Filled,600660.SH,,TimeInForce.GTC,,,,1497456000000000000,2017-06-14T16:00:00Z
14.30568,1464615.5184,1497369600000000000,2017-06-13T16:00:00Z,40952000.0,,cf0146e4-cb27-4ce6-8d54-bfc22f956420,OrderRole.Standalone,OrderType.Market,_default,,PositionEffect.Close,,40952000.0,False,,OrderSide.Sell,OrderStatus.Filled,600690.SH,,TimeInForce.GTC,,,,1497456000000000000,2017-06-14T16:00:00Z
,0.0,1497369600000000000,2017-06-13T16:00:00Z,0.0,,b6e30a67-ecb3-400f-9d2f-36bc39693e4a,OrderRole.Standalone,OrderType.Market,_default,,PositionEffect.Close,,41584200.0,False,"Symbol 002600.SZ not tradable (zero volume, suspension) at execution timestamp 1497456000000000000",OrderSide.Sell,OrderStatus.Rejected,002600.SZ,,TimeInForce.GTC,,,,1497456000000000000,2017-06-14T16:00:00Z
15.04503,1460379.6882675,1497369600000000000,2017-06-13T16:00:00Z,38826900.0,,bec4218a-904c-47e4-9d37-afca05d44dff,OrderRole.Standalone,OrderType.Market,_default,,PositionEffect.Open,,38826900.0,False,,OrderSide.Buy,OrderStatus.Filled,000617.SZ,,TimeInForce.GTC,,,,1497456000000000000,2017-06-14T16:00:00Z
29.10908,1447951.13463,1497369600000000000,2017-06-13T16:00:00Z,19896900.0,,496331df-e4da-4e44-8081-8a697d2d55df,OrderRole.Standalone,OrderType.Market,_default,,PositionEffect.Open,,19896900.0,False,,OrderSide.Buy,OrderStatus.Filled,300442.SZ,,TimeInForce.GTC,,,,1497456000000000000,2017-06-14T16:00:00Z
21.2212,1460782.5232,1497369600000000000,2017-06-13T16:00:00Z,27534400.0,,e31f7262-5e0d-4586-b814-9892f495873c,OrderRole.Standalone,OrderType.Market,_default,,PositionEffect.Open,,27534400.0,False,,OrderSide.Buy,OrderStatus.Filled,300476.SZ,,TimeInForce.GTC,,,,1497456000000000000,2017-06-14T16:00:00Z
23.99397,1457579.6910675,1497369600000000000,2017-06-13T16:00:00Z,24299100.0,,55fa1f22-1095-49de-8374-f903101342d9,OrderRole.Standalone,OrderType.Market,_default,,PositionEffect.Open,,24299100.0,False,,OrderSide.Buy,OrderStatus.Filled,300502.SZ,,TimeInForce.GTC,,,,1497456000000000000,2017-06-14T16:00:00Z
11.06105,1459405.99805,1497369600000000000,2017-06-13T16:00:00Z,52776400.0,,2fe29d09-e644-46f7-b312-3f4c0f017261,OrderRole.Standalone,OrderType.Market,_default,,PositionEffect.Open,,52776400.0,False,,OrderSide.Buy,OrderStatus.Filled,600160.SH,,TimeInForce.GTC,,,,1497456000000000000,2017-06-14T16:00:00Z
19.42941,1470772.3355325,1497369600000000000,2017-06-13T16:00:00Z,30279300.0,,722838d1-9291-4f50-8f3b-9c3740f1afe3,OrderRole.Standalone,OrderType.Market,_default,,PositionEffect.Open,,30279300.0,False,,OrderSide.Buy,OrderStatus.Filled,600233.SH,,TimeInForce.GTC,,,,1497456000000000000,2017-06-14T16:00:00Z
18.47846,1444539.751655,1497369600000000000,2017-06-13T16:00:00Z,31269700.0,,b74a19a2-c87a-4656-866f-de4afbfc248e,OrderRole.Standalone,OrderType.Market,_default,,PositionEffect.Open,,31269700.0,False,,OrderSide.Buy,OrderStatus.Filled,600745.SH,,TimeInForce.GTC,,,,1497456000000000000,2017-06-14T16:00:00Z
3.28328,1459408.11016,1497369600000000000,2017-06-13T16:00:00Z,177798800.0,,55dc0b71-7613-4a92-9784-132004e3c6e2,OrderRole.Standalone,OrderType.Market,_default,,PositionEffect.Open,,177798800.0,False,,OrderSide.Buy,OrderStatus.Filled,601058.SH,,TimeInForce.GTC,,,,1497456000000000000,2017-06-14T16:00:00Z
18.52851,1455474.6781575,1497369600000000000,2017-06-13T16:00:00Z,31421300.0,,8a80da40-2a77-46f1-b41c-b8e6b2b5a2e1,OrderRole.Standalone,OrderType.Market,_default,,PositionEffect.Open,,31421300.0,False,,OrderSide.Buy,OrderStatus.Filled,601127.SH,,TimeInForce.GTC,,,,1497456000000000000,2017-06-14T16:00:00Z
78.35828,1442086.19555,1497369600000000000,2017-06-13T16:00:00Z,7361500.0,,0336efe8-17a4-4de0-b20b-a1203d1da569,OrderRole.Standalone,OrderType.Market,_default,,PositionEffect.Open,,7361500.0,False,,OrderSide.Buy,OrderStatus.Filled,603986.SH,,TimeInForce.GTC,,,,1497456000000000000,2017-06-14T16:00:00Z
16.97301,1647523.4049225,1499788800000000000,2017-07-11T16:00:00Z,38826900.0,,c3f48d09-d44e-4a9b-96ff-f952dd36bf0a,OrderRole.Standalone,OrderType.Market,_default,,PositionEffect.Close,,38826900.0,False,,OrderSide.Sell,OrderStatus.Filled,000617.SZ,,TimeInForce.GTC,,,,1499875200000000000,2017-07-12T16:00:00Z
28.02195,1393874.8423875,1499788800000000000,2017-07-11T16:00:00Z,19896900.0,,02e993db-3f59-4643-8a38-f80526fe96e5,OrderRole.Standalone,OrderType.Market,_default,,PositionEffect.Close,,19896900.0,False,,OrderSide.Sell,OrderStatus.Filled,300442.SZ,,TimeInForce.GTC,,,,1499875200000000000,2017-07-12T16:00:00Z
23.82615,1640096.8614,1499788800000000000,2017-07-11T16:00:00Z,27534400.0,,4f281bb1-47a0-4520-a611-133cc9de7db2,OrderRole.Standalone,OrderType.Market,_default,,PositionEffect.Close,,27534400.0,False,,OrderSide.Sell,OrderStatus.Filled,300476.SZ,,TimeInForce.GTC,,,,1499875200000000000,2017-07-12T16:00:00Z
23.49648,1427358.29292,1499788800000000000,2017-07-11T16:00:00Z,24299100.0,,401beb44-e464-4231-8939-2e967278f094,OrderRole.Standalone,OrderType.Market,_default,,PositionEffect.Close,,24299100.0,False,,OrderSide.Sell,OrderStatus.Filled,300502.SZ,,TimeInForce.GTC,,,,1499875200000000000,2017-07-12T16:00:00Z
11.89809,1569845.89269,1499788800000000000,2017-07-11T16:00:00Z,52776400.0,,fc0ca3fa-edea-46c8-8dbf-98c8728a4983,OrderRole.Standalone,OrderType.Market,_default,,PositionEffect.Close,,52776400.0,False,,OrderSide.Sell,OrderStatus.Filled,600160.SH,,TimeInForce.GTC,,,,1499875200000000000,2017-07-12T16:00:00Z
19.14084,1448928.09153,1499788800000000000,2017-07-11T16:00:00Z,30279300.0,,69dd205c-a47a-4b7b-8daf-54d422c8eac6,OrderRole.Standalone,OrderType.Market,_default,,PositionEffect.Close,,30279300.0,False,,OrderSide.Sell,OrderStatus.Filled,600233.SH,,TimeInForce.GTC,,,,1499875200000000000,2017-07-12T16:00:00Z
21.978,1718113.6665,1499788800000000000,2017-07-11T16:00:00Z,31269700.0,,3859f6bc-5a93-4567-bae5-bd86782ae427,OrderRole.Standalone,OrderType.Market,_default,,PositionEffect.Close,,31269700.0,False,,OrderSide.Sell,OrderStatus.Filled,600745.SH,,TimeInForce.GTC,,,,1499875200000000000,2017-07-12T16:00:00Z
3.5964,1598589.0108,1499788800000000000,2017-07-11T16:00:00Z,177798800.0,,e3a66fec-a850-411a-8968-49e42c48d8e9,OrderRole.Standalone,OrderType.Market,_default,,PositionEffect.Close,,177798800.0,False,,OrderSide.Sell,OrderStatus.Filled,601058.SH,,TimeInForce.GTC,,,,1499875200000000000,2017-07-12T16:00:00Z
20.06991,1576556.6577075,1499788800000000000,2017-07-11T16:00:00Z,31421300.0,,3a6c92e5-dfe0-4edd-bb0f-20c940801359,OrderRole.Standalone,OrderType.Market,_default,,PositionEffect.Close,,31421300.0,False,,OrderSide.Sell,OrderStatus.Filled,601127.SH,,TimeInForce.GTC,,,,1499875200000000000,2017-07-12T16:00:00Z
83.48643,1536463.3861125,1499788800000000000,2017-07-11T16:00:00Z,7361500.0,,70954990-145c-4912-8e47-2172c980c012,OrderRole.Standalone,OrderType.Market,_default,,PositionEffect.Close,,7361500.0,False,,OrderSide.Sell,OrderStatus.Filled,603986.SH,,TimeInForce.GTC,,,,1499875200000000000,2017-07-12T16:00:00Z
,0.0,1499788800000000000,2017-07-11T16:00:00Z,0.0,,83d62692-f924-4d1f-98a4-7137a59214d2,OrderRole.Standalone,OrderType.Market,_default,,PositionEffect.Close,,41584200.0,False,"Symbol 002600.SZ not tradable (zero volume, suspension) at execution timestamp 1499875200000000000",OrderSide.Sell,OrderStatus.Rejected,002600.SZ,,TimeInForce.GTC,,,,1499875200000000000,2017-07-12T16:00:00Z
3.94394,1542127.86728,1499788800000000000,2017-07-11T16:00:00Z,156404800.0,,5a18c984-bc53-472a-9c12-8e25b34f6d55,OrderRole.Standalone,OrderType.Market,_default,,PositionEffect.Open,,156404800.0,False,,OrderSide.Buy,OrderStatus.Filled,000725.SZ,,TimeInForce.GTC,,,,1499875200000000000,2017-07-12T16:00:00Z
8.2082,1542127.8873,1499788800000000000,2017-07-11T16:00:00Z,75150600.0,,9419aa45-ae52-4911-8ece-1e8ae16f649e,OrderRole.Standalone,OrderType.Market,_default,,PositionEffect.Open,,75150600.0,False,,OrderSide.Buy,OrderStatus.Filled,600016.SH,,TimeInForce.GTC,,,,1499875200000000000,2017-07-12T16:00:00Z
6.08608,1542127.46688,1499788800000000000,2017-07-11T16:00:00Z,101354400.0,,c1307d86-1f01-40f9-83a4-2b7d8d52d234,OrderRole.Standalone,OrderType.Market,_default,,PositionEffect.Open,,101354400.0,False,,OrderSide.Buy,OrderStatus.Filled,600028.SH,,TimeInForce.GTC,,,,1499875200000000000,2017-07-12T16:00:00Z
13.4134,1575038.31485,1499788800000000000,2017-07-11T16:00:00Z,46969100.0,,ebd189b7-4d04-4893-83c1-f60d119c2e3d,OrderRole.Standalone,OrderType.Market,_default,,PositionEffect.Open,,46969100.0,False,,OrderSide.Buy,OrderStatus.Filled,600111.SH,,TimeInForce.GTC,,,,1499875200000000000,2017-07-12T16:00:00Z
8.06806,1538310.779005,1499788800000000000,2017-07-11T16:00:00Z,76266700.0,,2c62c656-78d6-4478-ac38-a3bdf417a316,OrderRole.Standalone,OrderType.Market,_default,,PositionEffect.Open,,76266700.0,False,,OrderSide.Buy,OrderStatus.Filled,601225.SH,,TimeInForce.GTC,,,,1499875200000000000,2017-07-12T16:00:00Z
3.44344,1477693.73752,1499788800000000000,2017-07-11T16:00:00Z,171653200.0,,1496e498-db13-465b-938d-77bdabe0a114,OrderRole.Standalone,OrderType.Market,_default,,PositionEffect.Open,,171653200.0,False,,OrderSide.Buy,OrderStatus.Filled,601288.SH,,TimeInForce.GTC,,,,1499875200000000000,2017-07-12T16:00:00Z
5.1051,1548199.427775,1499788800000000000,2017-07-11T16:00:00Z,121306100.0,,40ed9723-20fa-4cf9-9d22-54104196b7b7,OrderRole.Standalone,OrderType.Market,_default,,PositionEffect.Open,,121306100.0,False,,OrderSide.Buy,OrderStatus.Filled,601398.SH,,TimeInForce.GTC,,,,1499875200000000000,2017-07-12T16:00:00Z
9.83983,1550011.8408775,1499788800000000000,2017-07-11T16:00:00Z,63009700.0,,79060721-7757-458d-8daf-797cf23005e5,OrderRole.Standalone,OrderType.Market,_default,,PositionEffect.Open,,63009700.0,False,,OrderSide.Buy,OrderStatus.Filled,601668.SH,,TimeInForce.GTC,,,,1499875200000000000,2017-07-12T16:00:00Z
3.76376,1546240.11542,1499788800000000000,2017-07-11T16:00:00Z,164329300.0,,48c22941-686e-4bd4-8731-cfc7259e01f8,OrderRole.Standalone,OrderType.Market,_default,,PositionEffect.Open,,164329300.0,False,,OrderSide.Buy,OrderStatus.Filled,601988.SH,,TimeInForce.GTC,,,,1499875200000000000,2017-07-12T16:00:00Z
6.3063,1577175.675075,1499788800000000000,2017-07-11T16:00:00Z,100038100.0,,7fa9992c-f054-43ec-97b3-f5968641382c,OrderRole.Standalone,OrderType.Market,_default,,PositionEffect.Open,,100038100.0,False,,OrderSide.Buy,OrderStatus.Filled,603993.SH,,TimeInForce.GTC,,,,1499875200000000000,2017-07-12T16:00:00Z
3.77622,1476547.33464,1502208000000000000,2017-08-08T16:00:00Z,156404800.0,,ad7c5dd3-408f-4d73-a7e4-fe96b7930791,OrderRole.Standalone,OrderType.Market,_default,,PositionEffect.Close,,156404800.0,False,,OrderSide.Sell,OrderStatus.Filled,000725.SZ,,TimeInForce.GTC,,,,1502294400000000000,2017-08-09T16:00:00Z
6.87312,1429065.98352,1502208000000000000,2017-08-08T16:00:00Z,83168400.0,,afbdd8c9-bf14-454f-8833-4cad744bae17,OrderRole.Standalone,OrderType.Market,_default,,PositionEffect.Close,,83168400.0,False,,OrderSide.Sell,OrderStatus.Filled,002600.SZ,,TimeInForce.GTC,,,,1502294400000000000,2017-08-09T16:00:00Z
8.34165,1567200.006225,1502208000000000000,2017-08-08T16:00:00Z,75150600.0,,7f9636ee-8d18-4034-9e75-bb099ff5d7b6,OrderRole.Standalone,OrderType.Market,_default,,PositionEffect.Close,,75150600.0,False,,OrderSide.Sell,OrderStatus.Filled,600016.SH,,TimeInForce.GTC,,,,1502294400000000000,2017-08-09T16:00:00Z
6.01398,1523858.33628,1502208000000000000,2017-08-08T16:00:00Z,101354400.0,,eedacf3c-200d-4323-ae0a-8447cee64823,OrderRole.Standalone,OrderType.Market,_default,,PositionEffect.Close,,101354400.0,False,,OrderSide.Sell,OrderStatus.Filled,600028.SH,,TimeInForce.GTC,,,,1502294400000000000,2017-08-09T16:00:00Z
19.5804,644900.0544,1502208000000000000,2017-08-08T16:00:00Z,13174400.0,,ce4c22fa-d957-44cf-a4f7-f94c80e65db4,OrderRole.Standalone,OrderType.Market,_default,,PositionEffect.Close,,13174400.0,False,,OrderSide.Sell,OrderStatus.Filled,600111.SH,,TimeInForce.GTC,,,,1502294400000000000,2017-08-09T16:00:00Z
8.35164,1592380.05597,1502208000000000000,2017-08-08T16:00:00Z,76266700.0,,4bc516ed-b1e0-4c9e-95d0-eb341d347d62,OrderRole.Standalone,OrderType.Market,_default,,PositionEffect.Close,,76266700.0,False,,OrderSide.Sell,OrderStatus.Filled,601225.SH,,TimeInForce.GTC,,,,1502294400000000000,2017-08-09T16:00:00Z
3.63636,1560482.07588,1502208000000000000,2017-08-08T16:00:00Z,171653200.0,,23d53079-5d59-44c0-9a1f-4a3648af6617,OrderRole.Standalone,OrderType.Market,_default,,PositionEffect.Close,,171653200.0,False,,OrderSide.Sell,OrderStatus.Filled,601288.SH,,TimeInForce.GTC,,,,1502294400000000000,2017-08-09T16:00:00Z
5.53446,1678409.395515,1502208000000000000,2017-08-08T16:00:00Z,121306100.0,,74a8ef92-5fcc-4c8a-a713-ba633408a25c,OrderRole.Standalone,OrderType.Market,_default,,PositionEffect.Close,,121306100.0,False,,OrderSide.Sell,OrderStatus.Filled,601398.SH,,TimeInForce.GTC,,,,1502294400000000000,2017-08-09T16:00:00Z
9.8901,1557930.584925,1502208000000000000,2017-08-08T16:00:00Z,63009700.0,,5b21e720-8d8e-44af-b4a6-e4ce201b0ad4,OrderRole.Standalone,OrderType.Market,_default,,PositionEffect.Close,,63009700.0,False,,OrderSide.Sell,OrderStatus.Filled,601668.SH,,TimeInForce.GTC,,,,1502294400000000000,2017-08-09T16:00:00Z
3.97602,1633441.458465,1502208000000000000,2017-08-08T16:00:00Z,164329300.0,,e70d2242-8aed-4bad-b628-a5359b731eb0,OrderRole.Standalone,OrderType.Market,_default,,PositionEffect.Close,,164329300.0,False,,OrderSide.Sell,OrderStatus.Filled,601988.SH,,TimeInForce.GTC,,,,1502294400000000000,2017-08-09T16:00:00Z
7.07292,100589.30001,1502208000000000000,2017-08-08T16:00:00Z,5688700.0,,7dc26cfe-45ec-41d3-bef0-394abbc01530,OrderRole.Standalone,OrderType.Market,_default,,PositionEffect.Close,,5688700.0,False,,OrderSide.Sell,OrderStatus.Filled,603993.SH,,TimeInForce.GTC,,,,1502294400000000000,2017-08-09T16:00:00Z
24.23421,1680121.427985,1502208000000000000,2017-08-08T16:00:00Z,27731400.0,,4db19f92-6dc7-4ee0-98c8-b594802dd1b6,OrderRole.Standalone,OrderType.Market,_default,,PositionEffect.Open,,27731400.0,False,,OrderSide.Buy,OrderStatus.Filled,002049.SZ,,TimeInForce.GTC,,,,1502294400000000000,2017-08-09T16:00:00Z
47.82778,1663414.317565,1502208000000000000,2017-08-08T16:00:00Z,13911700.0,,6515e1e5-3725-46d9-9817-f74a2a1206b0,OrderRole.Standalone,OrderType.Market,_default,,PositionEffect.Open,,13911700.0,False,,OrderSide.Buy,OrderStatus.Filled,002230.SZ,,TimeInForce.GTC,,,,1502294400000000000,2017-08-09T16:00:00Z
64.4644,1684229.1466,1502208000000000000,2017-08-08T16:00:00Z,10450600.0,,68d8349b-91bc-44ab-8407-f2603e25d78d,OrderRole.Standalone,OrderType.Market,_default,,PositionEffect.Open,,10450600.0,False,,OrderSide.Buy,OrderStatus.Filled,002460.SZ,,TimeInForce.GTC,,,,1502294400000000000,2017-08-09T16:00:00Z
45.62558,1691716.661635,1502208000000000000,2017-08-08T16:00:00Z,14831300.0,,7252ea2d-36c3-41ab-9b2b-11a6e9c92aa8,OrderRole.Standalone,OrderType.Market,_default,,PositionEffect.Open,,14831300.0,False,,OrderSide.Buy,OrderStatus.Filled,002709.SZ,,TimeInForce.GTC,,,,1502294400000000000,2017-08-09T16:00:00Z
23.70368,1659115.37792,1502208000000000000,2017-08-08T16:00:00Z,27997600.0,,8cacb965-702d-4b8e-b2b8-e6954d57c991,OrderRole.Standalone,OrderType.Market,_default,,PositionEffect.Open,,27997600.0,False,,OrderSide.Buy,OrderStatus.Filled,300014.SZ,,TimeInForce.GTC,,,,1502294400000000000,2017-08-09T16:00:00Z
25.45543,1686027.678335,1502208000000000000,2017-08-08T16:00:00Z,26493800.0,,0e68a5f2-0afe-4996-a82b-03d0127f48d1,OrderRole.Standalone,OrderType.Market,_default,,PositionEffect.Open,,26493800.0,False,,OrderSide.Buy,OrderStatus.Filled,300223.SZ,,TimeInForce.GTC,,,,1502294400000000000,2017-08-09T16:00:00Z
67.23717,1679735.7902325,1502208000000000000,2017-08-08T16:00:00Z,9992900.0,,ef9b42e2-f987-441c-a5d9-762aa683ac8a,OrderRole.Standalone,OrderType.Market,_default,,PositionEffect.Open,,9992900.0,False,,OrderSide.Buy,OrderStatus.Filled,603799.SH,,TimeInForce.GTC,,,,1502294400000000000,2017-08-09T16:00:00Z
27.15713,1684936.97372,1502208000000000000,2017-08-08T16:00:00Z,24817600.0,,5006d9d3-9851-4519-a37f-087d28b03890,OrderRole.Standalone,OrderType.Market,_default,,PositionEffect.Open,,24817600.0,False,,OrderSide.Buy,OrderStatus.Filled,300496.SZ,,TimeInForce.GTC,,,,1502294400000000000,2017-08-09T16:00:00Z
19.41057,1639935.9749475,1502294400000000000,2017-08-09T16:00:00Z,33794700.0,,9086d691-9594-4c22-b6d7-cf4743a4cadf,OrderRole.Standalone,OrderType.Market,_default,,PositionEffect.Close,,33794700.0,False,,OrderSide.Sell,OrderStatus.Filled,600111.SH,,TimeInForce.GTC,,,,1502380800000000000,2017-08-10T16:00:00Z
6.67332,1574059.34502,1502294400000000000,2017-08-09T16:00:00Z,94349400.0,,8d26048a-e2a4-47a1-a3cf-62151413f36c,OrderRole.Standalone,OrderType.Market,_default,,PositionEffect.Close,,94349400.0,False,,OrderSide.Sell,OrderStatus.Filled,603993.SH,,TimeInForce.GTC,,,,1502380800000000000,2017-08-10T16:00:00Z
30.24972,2097167.71302,1504627200000000000,2017-09-05T16:00:00Z,27731400.0,,343bf974-e683-4be2-b460-aa090247b500,OrderRole.Standalone,OrderType.Market,_default,,PositionEffect.Close,,27731400.0,False,,OrderSide.Sell,OrderStatus.Filled,002049.SZ,,TimeInForce.GTC,,,,1504713600000000000,2017-09-06T16:00:00Z
58.3416,2029077.0918,1504627200000000000,2017-09-05T16:00:00Z,13911700.0,,b358193d-2ac5-4a63-bb72-f32f0e06ed51,OrderRole.Standalone,OrderType.Market,_default,,PositionEffect.Close,,13911700.0,False,,OrderSide.Sell,OrderStatus.Filled,002230.SZ,,TimeInForce.GTC,,,,1504713600000000000,2017-09-06T16:00:00Z
89.62029,295478.09613,1504627200000000000,2017-09-05T16:00:00Z,1318800.0,,5a702763-4f65-4ec8-93aa-c3b9adce247e,OrderRole.Standalone,OrderType.Market,_default,,PositionEffect.Close,,1318800.0,False,,OrderSide.Sell,OrderStatus.Filled,002460.SZ,,TimeInForce.GTC,,,,1504713600000000000,2017-09-06T16:00:00Z
49.38057,1830945.1196025,1504627200000000000,2017-09-05T16:00:00Z,14831300.0,,1cf2b30f-7842-442a-a18d-63f3d26cfd3b,OrderRole.Standalone,OrderType.Market,_default,,PositionEffect.Close,,14831300.0,False,,OrderSide.Sell,OrderStatus.Filled,002709.SZ,,TimeInForce.GTC,,,,1504713600000000000,2017-09-06T16:00:00Z
26.42355,1849489.9587,1504627200000000000,2017-09-05T16:00:00Z,27997600.0,,2972a373-13e1-482f-b2b9-a6dab583ca1c,OrderRole.Standalone,OrderType.Market,_default,,PositionEffect.Close,,27997600.0,False,,OrderSide.Sell,OrderStatus.Filled,300014.SZ,,TimeInForce.GTC,,,,1504713600000000000,2017-09-06T16:00:00Z
40.4595,570499.17975,1504627200000000000,2017-09-05T16:00:00Z,5640200.0,,094bf519-3244-4aca-bc99-c958941e0bb6,OrderRole.Standalone,OrderType.Market,_default,,PositionEffect.Close,,5640200.0,False,,OrderSide.Sell,OrderStatus.Filled,300223.SZ,,TimeInForce.GTC,,,,1504713600000000000,2017-09-06T16:00:00Z
47.81214,811037.33082,1504627200000000000,2017-09-05T16:00:00Z,6785200.0,,e4776f07-2e9a-44e9-bea0-491fbc8610db,OrderRole.Standalone,OrderType.Market,_default,,PositionEffect.Close,,6785200.0,False,,OrderSide.Sell,OrderStatus.Filled,300496.SZ,,TimeInForce.GTC,,,,1504713600000000000,2017-09-06T16:00:00Z
89.92998,209132.16849,1504627200000000000,2017-09-05T16:00:00Z,930200.0,,77d606f8-84f2-444f-aa35-3d1e4bc95451,OrderRole.Standalone,OrderType.Market,_default,,PositionEffect.Close,,930200.0,False,,OrderSide.Sell,OrderStatus.Filled,603799.SH,,TimeInForce.GTC,,,,1504713600000000000,2017-09-06T16:00:00Z
102.03193,2047041.1036075,1504627200000000000,2017-09-05T16:00:00Z,8025100.0,,7073e0e0-f2da-4232-b338-a27837accf9a,OrderRole.Standalone,OrderType.Market,_default,,PositionEffect.Open,,8025100.0,False,,OrderSide.Buy,OrderStatus.Filled,603986.SH,,TimeInForce.GTC,,,,1504713600000000000,2017-09-06T16:00:00Z
7.74774,2062797.0363,1504627200000000000,2017-09-05T16:00:00Z,106498000.0,,10449c98-4dae-46bb-a383-f5cc5705bfe7,OrderRole.Standalone,OrderType.Market,_default,,PositionEffect.Open,,106498000.0,False,,OrderSide.Buy,OrderStatus.Filled,603993.SH,,TimeInForce.GTC,,,,1504713600000000000,2017-09-06T16:00:00Z
13.18317,2055638.51493,1504627200000000000,2017-09-05T16:00:00Z,62371600.0,,c0ce0a97-bb29-4db8-abd5-07cac4affadd,OrderRole.Standalone,OrderType.Market,_default,,PositionEffect.Open,,62371600.0,False,,OrderSide.Buy,OrderStatus.Filled,000807.SZ,,TimeInForce.GTC,,,,1504713600000000000,2017-09-06T16:00:00Z
9.19919,2030564.80627,1504627200000000000,2017-09-05T16:00:00Z,88293200.0,,db75a2b2-ccbd-401c-9495-463cf2a61971,OrderRole.Standalone,OrderType.Market,_default,,PositionEffect.Open,,88293200.0,False,,OrderSide.Buy,OrderStatus.Filled,002600.SZ,,TimeInForce.GTC,,,,1504713600000000000,2017-09-06T16:00:00Z
18.63862,2050504.481025,1504627200000000000,2017-09-05T16:00:00Z,44005500.0,,5610b100-0fe8-4b36-b833-5fa8393afef0,OrderRole.Standalone,OrderType.Market,_default,,PositionEffect.Open,,44005500.0,False,,OrderSide.Buy,OrderStatus.Filled,600111.SH,,TimeInForce.GTC,,,,1504713600000000000,2017-09-06T16:00:00Z
35.18515,2071068.2993,1504627200000000000,2017-09-05T16:00:00Z,23544800.0,,a9fe1e40-b79f-447c-a9f7-34636f396a58,OrderRole.Standalone,OrderType.Market,_default,,PositionEffect.Open,,23544800.0,False,,OrderSide.Buy,OrderStatus.Filled,600549.SH,,TimeInForce.GTC,,,,1504713600000000000,2017-09-06T16:00:00Z
90.21969,2059670.412855,1504713600000000000,2017-09-06T16:00:00Z,9131800.0,,71e36de2-464c-4db5-9466-c9f210c44934,OrderRole.Standalone,OrderType.Market,_default,,PositionEffect.Close,,9131800.0,False,,OrderSide.Sell,OrderStatus.Filled,002460.SZ,,TimeInForce.GTC,,,,1504800000000000000,2017-09-07T16:00:00Z
37.37259,1948382.60706,1504713600000000000,2017-09-06T16:00:00Z,20853600.0,,a64cab59-5672-4fc3-a808-35caf657b775,OrderRole.Standalone,OrderType.Market,_default,,PositionEffect.Close,,20853600.0,False,,OrderSide.Sell,OrderStatus.Filled,300223.SZ,,TimeInForce.GTC,,,,1504800000000000000,2017-09-07T16:00:00Z
,0.0,1504713600000000000,2017-09-06T16:00:00Z,0.0,,69b4c2f0-339a-4bcb-9ed0-7ba13f023a5a,OrderRole.Standalone,OrderType.Market,_default,,PositionEffect.Close,,18032474.41,False,"Risk: Insufficient available position for 300496.SZ at execution. Available: 18032474.410000000089437932614, Required: 18032474.410000000149011611937",OrderSide.Sell,OrderStatus.Rejected,300496.SZ,,TimeInForce.GTC,,,,1504800000000000000,2017-09-07T16:00:00Z
88.28163,2000174.8205025,1504713600000000000,2017-09-06T16:00:00Z,9062700.0,,df67b54b-d95d-4bac-818e-9257a1c408ea,OrderRole.Standalone,OrderType.Market,_default,,PositionEffect.Close,,9062700.0,False,,OrderSide.Sell,OrderStatus.Filled,603799.SH,,TimeInForce.GTC,,,,1504800000000000000,2017-09-07T16:00:00Z
12.4875,1947163.3875,1507651200000000000,2017-10-10T16:00:00Z,62371600.0,,ba0fcfc5-9e89-41e9-8648-2ee0cf0efb82,OrderRole.Standalone,OrderType.Market,_default,,PositionEffect.Close,,62371600.0,False,,OrderSide.Sell,OrderStatus.Filled,000807.SZ,,TimeInForce.GTC,,,,1507737600000000000,2017-10-11T16:00:00Z
8.0919,1786149.3627,1507651200000000000,2017-10-10T16:00:00Z,88293200.0,,067df89a-1cc5-407b-94c0-21573f17daf2,OrderRole.Standalone,OrderType.Market,_default,,PositionEffect.Close,,88293200.0,False,,OrderSide.Sell,OrderStatus.Filled,002600.SZ,,TimeInForce.GTC,,,,1507737600000000000,2017-10-11T16:00:00Z
41.62833,1876646.74473,1507651200000000000,2017-10-10T16:00:00Z,18032400.0,,99956cf6-072e-4242-9fb8-4d3ec1f77bcb,OrderRole.Standalone,OrderType.Market,_default,,PositionEffect.Close,,18032400.0,False,,OrderSide.Sell,OrderStatus.Filled,300496.SZ,,TimeInForce.GTC,,,,1507737600000000000,2017-10-11T16:00:00Z
15.33465,1687022.3514375,1507651200000000000,2017-10-10T16:00:00Z,44005500.0,,7152b732-011c-4946-b80a-2bda438767f1,OrderRole.Standalone,OrderType.Market,_default,,PositionEffect.Close,,44005500.0,False,,OrderSide.Sell,OrderStatus.Filled,600111.SH,,TimeInForce.GTC,,,,1507737600000000000,2017-10-11T16:00:00Z
30.84912,1815840.90144,1507651200000000000,2017-10-10T16:00:00Z,23544800.0,,8c50ed3b-95cf-49fe-b25a-2cb21285ddf9,OrderRole.Standalone,OrderType.Market,_default,,PositionEffect.Close,,23544800.0,False,,OrderSide.Sell,OrderStatus.Filled,600549.SH,,TimeInForce.GTC,,,,1507737600000000000,2017-10-11T16:00:00Z
129.86001,2605348.9156275,1507651200000000000,2017-10-10T16:00:00Z,8025100.0,,156942f3-ce22-489d-b3f3-63e1b7b3b284,OrderRole.Standalone,OrderType.Market,_default,,PositionEffect.Close,,8025100.0,False,,OrderSide.Sell,OrderStatus.Filled,603986.SH,,TimeInForce.GTC,,,,1507737600000000000,2017-10-11T16:00:00Z
7.1928,1915047.036,1507651200000000000,2017-10-10T16:00:00Z,106498000.0,,f131cac5-cb34-484d-b276-4db9c4a45003,OrderRole.Standalone,OrderType.Market,_default,,PositionEffect.Close,,106498000.0,False,,OrderSide.Sell,OrderStatus.Filled,603993.SH,,TimeInForce.GTC,,,,1507737600000000000,2017-10-11T16:00:00Z
11.55154,1991335.32598,1507651200000000000,2017-10-10T16:00:00Z,68954800.0,,396b73d2-7a03-4105-bebc-ded5735f332d,OrderRole.Standalone,OrderType.Market,_default,,PositionEffect.Open,,68954800.0,False,,OrderSide.Buy,OrderStatus.Filled,000001.SZ,,TimeInForce.GTC,,,,1507737600000000000,2017-10-11T16:00:00Z
27.01699,1998494.0300325,1507651200000000000,2017-10-10T16:00:00Z,29588700.0,,a21c8938-2dc0-4eca-a05e-739a272522e3,OrderRole.Standalone,OrderType.Market,_default,,PositionEffect.Open,,29588700.0,False,,OrderSide.Buy,OrderStatus.Filled,000002.SZ,,TimeInForce.GTC,,,,1507737600000000000,2017-10-11T16:00:00Z
93.1931,1996242.79855,1507651200000000000,2017-10-10T16:00:00Z,8568200.0,,8af4fb96-03d6-4ec4-b22c-c7daf9354d34,OrderRole.Standalone,OrderType.Market,_default,,PositionEffect.Open,,8568200.0,False,,OrderSide.Buy,OrderStatus.Filled,000538.SZ,,TimeInForce.GTC,,,,1507737600000000000,2017-10-11T16:00:00Z
59.2592,1989598.0104,1507651200000000000,2017-10-10T16:00:00Z,13429800.0,,0813e933-192d-4ec5-9654-2ccd4d07ea48,OrderRole.Standalone,OrderType.Market,_default,,PositionEffect.Open,,13429800.0,False,,OrderSide.Buy,OrderStatus.Filled,000568.SZ,,TimeInForce.GTC,,,,1507737600000000000,2017-10-11T16:00:00Z
40.01998,1991104.059945,1507651200000000000,2017-10-10T16:00:00Z,19901100.0,,6295c392-c44b-4ca6-8a1a-3ec97c0f1b65,OrderRole.Standalone,OrderType.Market,_default,,PositionEffect.Open,,19901100.0,False,,OrderSide.Buy,OrderStatus.Filled,000651.SZ,,TimeInForce.GTC,,,,1507737600000000000,2017-10-11T16:00:00Z
41.42138,1988164.10793,1507651200000000000,2017-10-10T16:00:00Z,19199400.0,,e94ec985-90ca-4d00-a852-d00e1d8bf1a8,OrderRole.Standalone,OrderType.Market,_default,,PositionEffect.Open,,19199400.0,False,,OrderSide.Buy,OrderStatus.Filled,600309.SH,,TimeInForce.GTC,,,,1507737600000000000,2017-10-11T16:00:00Z
545.545,1987556.82125,1507651200000000000,2017-10-10T16:00:00Z,1457300.0,,5bdad01c-65de-4259-9fa8-6a7a7157c6d1,OrderRole.Standalone,OrderType.Market,_default,,PositionEffect.Open,,1457300.0,False,,OrderSide.Buy,OrderStatus.Filled,600519.SH,,TimeInForce.GTC,,,,1507737600000000000,2017-10-11T16:00:00Z
25.49547,1993522.6686375,1507651200000000000,2017-10-10T16:00:00Z,31276500.0,,9b5df0f5-3d57-47b4-b2f0-e55caa9f3343,OrderRole.Standalone,OrderType.Market,_default,,PositionEffect.Open,,31276500.0,False,,OrderSide.Buy,OrderStatus.Filled,600660.SH,,TimeInForce.GTC,,,,1507737600000000000,2017-10-11T16:00:00Z
28.47845,1981252.8861125,1507651200000000000,2017-10-10T16:00:00Z,27828100.0,,7b28812c-0a60-4d98-b7fe-aba31e4acde7,OrderRole.Standalone,OrderType.Market,_default,,PositionEffect.Open,,27828100.0,False,,OrderSide.Buy,OrderStatus.Filled,600887.SH,,TimeInForce.GTC,,,,1507737600000000000,2017-10-11T16:00:00Z
62.50244,1991187.10791,1507651200000000000,2017-10-10T16:00:00Z,12743100.0,,7713229f-5e60-49c7-9d2a-d948640b2d17,OrderRole.Standalone,OrderType.Market,_default,,PositionEffect.Open,,12743100.0,False,,OrderSide.Buy,OrderStatus.Filled,600276.SH,,TimeInForce.GTC,,,,1507737600000000000,2017-10-11T16:00:00Z
101.0988,86363.6499,1510070400000000000,2017-11-07T16:00:00Z,341700.0,,44c6e82e-1acc-4a65-a804-de65a43e08ab,OrderRole.Standalone,OrderType.Market,_default,,PositionEffect.Close,,341700.0,False,,OrderSide.Sell,OrderStatus.Filled,000538.SZ,,TimeInForce.GTC,,,,1510156800000000000,2017-11-08T16:00:00Z
65.2347,89338.92165,1510070400000000000,2017-11-07T16:00:00Z,547800.0,,c7aa79a7-8f17-4e55-8500-f4769c0ccbb1,OrderRole.Standalone,OrderType.Market,_default,,PositionEffect.Close,,547800.0,False,,OrderSide.Sell,OrderStatus.Filled,000568.SZ,,TimeInForce.GTC,,,,1510156800000000000,2017-11-08T16:00:00Z
43.50645,72057.5578125,1510070400000000000,2017-11-07T16:00:00Z,662500.0,,46fdd4a4-2769-4974-98ac-e2c4ab4b528f,OrderRole.Standalone,OrderType.Market,_default,,PositionEffect.Close,,662500.0,False,,OrderSide.Sell,OrderStatus.Filled,000651.SZ,,TimeInForce.GTC,,,,1510156800000000000,2017-11-08T16:00:00Z
69.93,150227.1225,1510070400000000000,2017-11-07T16:00:00Z,859300.0,,81c3999e-4905-4603-8e8c-9b4fb058a335,OrderRole.Standalone,OrderType.Market,_default,,PositionEffect.Close,,859300.0,False,,OrderSide.Sell,OrderStatus.Filled,600276.SH,,TimeInForce.GTC,,,,1510156800000000000,2017-11-08T16:00:00Z
647.352,274477.248,1510070400000000000,2017-11-07T16:00:00Z,169600.0,,f343b63e-4247-4668-8635-b082627d810c,OrderRole.Standalone,OrderType.Market,_default,,PositionEffect.Close,,169600.0,False,,OrderSide.Sell,OrderStatus.Filled,600519.SH,,TimeInForce.GTC,,,,1510156800000000000,2017-11-08T16:00:00Z
26.76321,15060.9964275,1510070400000000000,2017-11-07T16:00:00Z,225100.0,,a2909967-9a11-43ef-bcab-7b8b0755f599,OrderRole.Standalone,OrderType.Market,_default,,PositionEffect.Close,,225100.0,False,,OrderSide.Sell,OrderStatus.Filled,600660.SH,,TimeInForce.GTC,,,,1510156800000000000,2017-11-08T16:00:00Z
29.84013,2075985.3041325,1510070400000000000,2017-11-07T16:00:00Z,27828100.0,,2eb79f43-d62d-4b31-b488-dcd8142c81c7,OrderRole.Standalone,OrderType.Market,_default,,PositionEffect.Close,,27828100.0,False,,OrderSide.Sell,OrderStatus.Filled,600887.SH,,TimeInForce.GTC,,,,1510156800000000000,2017-11-08T16:00:00Z
6.41641,2085968.47459,1510070400000000000,2017-11-07T16:00:00Z,130039600.0,,5ce22bf7-890c-48c0-b8c2-1cfd1379cfa6,OrderRole.Standalone,OrderType.Market,_default,,PositionEffect.Open,,130039600.0,False,,OrderSide.Buy,OrderStatus.Filled,000725.SZ,,TimeInForce.GTC,,,,1510156800000000000,2017-11-08T16:00:00Z
37.58755,296612.7539375,1510070400000000000,2017-11-07T16:00:00Z,3156500.0,,28d3bf84-a390-474c-b098-14431d03b730,OrderRole.Standalone,OrderType.Market,_default,,PositionEffect.Open,,3156500.0,False,,OrderSide.Buy,OrderStatus.Filled,600309.SH,,TimeInForce.GTC,,,,1510156800000000000,2017-11-08T16:00:00Z
27.54752,48889.96112,1510070400000000000,2017-11-07T16:00:00Z,709900.0,,32b8cfc1-a275-4d00-8e3e-d22a9445b66f,OrderRole.Standalone,OrderType.Market,_default,,PositionEffect.Open,,709900.0,False,,OrderSide.Buy,OrderStatus.Filled,000002.SZ,,TimeInForce.GTC,,,,1510156800000000000,2017-11-08T16:00:00Z
12.2122,2601.1986,1510070400000000000,2017-11-07T16:00:00Z,85200.0,,ebcc15c0-d91d-4d33-809a-ced380a48091,OrderRole.Standalone,OrderType.Market,_default,,PositionEffect.Open,,85200.0,False,,OrderSide.Buy,OrderStatus.Filled,000001.SZ,,TimeInForce.GTC,,,,1510156800000000000,2017-11-08T16:00:00Z
12.35763,2132926.938,1510156800000000000,2017-11-08T16:00:00Z,69040000.0,,ad5f2bb3-9183-4160-bf40-c545ef41dc4c,OrderRole.Standalone,OrderType.Market,_default,,PositionEffect.Close,,69040000.0,False,,OrderSide.Sell,OrderStatus.Filled,000001.SZ,,TimeInForce.GTC,,,,1510243200000000000,2017-11-09T16:00:00Z
27.5724,2088512.7966,1510156800000000000,2017-11-08T16:00:00Z,30298600.0,,9e9ec005-3b7b-401c-a3a0-ce66fa920ac0,OrderRole.Standalone,OrderType.Market,_default,,PositionEffect.Close,,30298600.0,False,,OrderSide.Sell,OrderStatus.Filled,000002.SZ,,TimeInForce.GTC,,,,1510243200000000000,2017-11-09T16:00:00Z
101.80809,2093810.6309625,1510156800000000000,2017-11-08T16:00:00Z,8226500.0,,55b10740-065b-49c3-8d5b-5acd491a5d4f,OrderRole.Standalone,OrderType.Market,_default,,PositionEffect.Close,,8226500.0,False,,OrderSide.Sell,OrderStatus.Filled,000538.SZ,,TimeInForce.GTC,,,,1510243200000000000,2017-11-09T16:00:00Z
66.61332,2145281.9706,1510156800000000000,2017-11-08T16:00:00Z,12882000.0,,bbadb702-1641-41b3-b373-3c6bf9319866,OrderRole.Standalone,OrderType.Market,_default,,PositionEffect.Close,,12882000.0,False,,OrderSide.Sell,OrderStatus.Filled,000568.SZ,,TimeInForce.GTC,,,,1510243200000000000,2017-11-09T16:00:00Z
43.67628,2100676.20102,1510156800000000000,2017-11-08T16:00:00Z,19238600.0,,5858f299-2ef0-469f-9637-7080496bdca1,OrderRole.Standalone,OrderType.Market,_default,,PositionEffect.Close,,19238600.0,False,,OrderSide.Sell,OrderStatus.Filled,000651.SZ,,TimeInForce.GTC,,,,1510243200000000000,2017-11-09T16:00:00Z
70.929,2107275.7648499995,1510156800000000000,2017-11-08T16:00:00Z,11883859.999999998,,a702f4b1-6d62-4b24-a7c7-c73965292dda,OrderRole.Standalone,OrderType.Market,_default,,PositionEffect.Close,,11883859.999999998,False,,OrderSide.Sell,OrderStatus.Filled,600276.SH,,TimeInForce.GTC,,,,1510243200000000000,2017-11-09T16:00:00Z
37.22274,2080369.632915,1510156800000000000,2017-11-08T16:00:00Z,22355900.0,,51c4bdb5-a67b-42b3-965c-86c9b9a9ce03,OrderRole.Standalone,OrderType.Market,_default,,PositionEffect.Close,,22355900.0,False,,OrderSide.Sell,OrderStatus.Filled,600309.SH,,TimeInForce.GTC,,,,1510243200000000000,2017-11-09T16:00:00Z
649.77957,2091802.8807225,1510156800000000000,2017-11-08T16:00:00Z,1287700.0,,ba97ec41-7002-43a5-ba5a-16a047f1b578,OrderRole.Standalone,OrderType.Market,_default,,PositionEffect.Close,,1287700.0,False,,OrderSide.Sell,OrderStatus.Filled,600519.SH,,TimeInForce.GTC,,,,1510243200000000000,2017-11-09T16:00:00Z
27.5724,2140404.0534,1510156800000000000,2017-11-08T16:00:00Z,31051400.0,,649235e5-7e60-4163-b480-bb89ab9cdc74,OrderRole.Standalone,OrderType.Market,_default,,PositionEffect.Close,,31051400.0,False,,OrderSide.Sell,OrderStatus.Filled,600660.SH,,TimeInForce.GTC,,,,1510243200000000000,2017-11-09T16:00:00Z
5.67432,1844715.75768,1512489600000000000,2017-12-05T16:00:00Z,130039600.0,,ec1a13ea-c0f6-4d39-907b-2cb20e56eaa1,OrderRole.Standalone,OrderType.Market,_default,,PositionEffect.Close,,130039600.0,False,,OrderSide.Sell,OrderStatus.Filled,000725.SZ,,TimeInForce.GTC,,,,1512576000000000000,2017-12-06T16:00:00Z
11.15114,2066930.70584,1512489600000000000,2017-12-05T16:00:00Z,74142400.0,,9fdbadcd-d238-4540-bff0-71beb6932abf,OrderRole.Standalone,OrderType.Market,_default,,PositionEffect.Open,,74142400.0,False,,OrderSide.Buy,OrderStatus.Filled,002129.SZ,,TimeInForce.GTC,,,,1512576000000000000,2017-12-06T16:00:00Z
21.93191,2058287.82159,1512489600000000000,2017-12-05T16:00:00Z,37539600.0,,04cd2cda-ea10-4e29-9b22-751d1235a0b6,OrderRole.Standalone,OrderType.Market,_default,,PositionEffect.Open,,37539600.0,False,,OrderSide.Buy,OrderStatus.Filled,002837.SZ,,TimeInForce.GTC,,,,1512576000000000000,2017-12-06T16:00:00Z
30.34031,2091433.419075,1512489600000000000,2017-12-05T16:00:00Z,27573000.0,,9c3566de-c3d7-40cd-85fc-ee4e0b9dff4a,OrderRole.Standalone,OrderType.Market,_default,,PositionEffect.Open,,27573000.0,False,,OrderSide.Buy,OrderStatus.Filled,300413.SZ,,TimeInForce.GTC,,,,1512576000000000000,2017-12-06T16:00:00Z
5.48548,2077982.1062,1512489600000000000,2017-12-05T16:00:00Z,151526000.0,,08ebaa07-916a-4c59-945b-cec0dd352de2,OrderRole.Standalone,OrderType.Market,_default,,PositionEffect.Open,,151526000.0,False,,OrderSide.Buy,OrderStatus.Filled,600023.SH,,TimeInForce.GTC,,,,1512576000000000000,2017-12-06T16:00:00Z
11.37136,2076290.93672,1512489600000000000,2017-12-05T16:00:00Z,73035800.0,,94023290-4d25-4394-8cac-519f1edc2bae,OrderRole.Standalone,OrderType.Market,_default,,PositionEffect.Open,,73035800.0,False,,OrderSide.Buy,OrderStatus.Filled,600029.SH,,TimeInForce.GTC,,,,1512576000000000000,2017-12-06T16:00:00Z
12.74273,2086688.9368325,1512489600000000000,2017-12-05T16:00:00Z,65502100.0,,95507c46-c055-41dd-9493-60b19fc0d8ad,OrderRole.Standalone,OrderType.Market,_default,,PositionEffect.Open,,65502100.0,False,,OrderSide.Buy,OrderStatus.Filled,600048.SH,,TimeInForce.GTC,,,,1512576000000000000,2017-12-06T16:00:00Z
14.5145,2070348.28,1512489600000000000,2017-12-05T16:00:00Z,57056000.0,,3b8f6f14-7b02-408b-876f-cb0fd6add4d4,OrderRole.Standalone,OrderType.Market,_default,,PositionEffect.Open,,57056000.0,False,,OrderSide.Buy,OrderStatus.Filled,600460.SH,,TimeInForce.GTC,,,,1512576000000000000,2017-12-06T16:00:00Z
46.4464,2056948.4936,1512489600000000000,2017-12-05T16:00:00Z,17714600.0,,b73d9c36-ab05-4ff6-a3e3-5a24a4662e57,OrderRole.Standalone,OrderType.Market,_default,,PositionEffect.Open,,17714600.0,False,,OrderSide.Buy,OrderStatus.Filled,601360.SH,,TimeInForce.GTC,,,,1512576000000000000,2017-12-06T16:00:00Z
10.52051,2048635.2411525,1512489600000000000,2017-12-05T16:00:00Z,77891100.0,,90547459-24f1-496a-83c8-5f43b1692b64,OrderRole.Standalone,OrderType.Market,_default,,PositionEffect.Open,,77891100.0,False,,OrderSide.Buy,OrderStatus.Filled,601699.SH,,TimeInForce.GTC,,,,1512576000000000000,2017-12-06T16:00:00Z
54.23418,2043665.929305,1512489600000000000,2017-12-05T16:00:00Z,15072900.0,,458a7fc1-701c-4326-ba9b-ca64cefdbd33,OrderRole.Standalone,OrderType.Market,_default,,PositionEffect.Open,,15072900.0,False,,OrderSide.Buy,OrderStatus.Filled,603659.SH,,TimeInForce.GTC,,,,1512576000000000000,2017-12-06T16:00:00Z
11.94804,2214640.90224,1514995200000000000,2018-01-03T16:00:00Z,74142400.0,,c1fd1597-4f68-476b-9c4f-06956382d5e5,OrderRole.Standalone,OrderType.Market,_default,,PositionEffect.Close,,74142400.0,False,,OrderSide.Sell,OrderStatus.Filled,002129.SZ,,TimeInForce.GTC,,,,1515081600000000000,2018-01-04T16:00:00Z
20.46951,1921043.04399,1514995200000000000,2018-01-03T16:00:00Z,37539600.0,,0399400a-1fd1-47a1-adf3-850a90b0b99c,OrderRole.Standalone,OrderType.Market,_default,,PositionEffect.Close,,37539600.0,False,,OrderSide.Sell,OrderStatus.Filled,002837.SZ,,TimeInForce.GTC,,,,1515081600000000000,2018-01-04T16:00:00Z
31.52844,2173334.1903,1514995200000000000,2018-01-03T16:00:00Z,27573000.0,,03c09cc6-976e-43b4-aa7d-f6ef10ab0246,OrderRole.Standalone,OrderType.Market,_default,,PositionEffect.Close,,27573000.0,False,,OrderSide.Sell,OrderStatus.Filled,300413.SZ,,TimeInForce.GTC,,,,1515081600000000000,2018-01-04T16:00:00Z
5.36463,2032202.31345,1514995200000000000,2018-01-03T16:00:00Z,151526000.0,,23c2d289-cea9-4e1e-82ca-5805d8b2732a,OrderRole.Standalone,OrderType.Market,_default,,PositionEffect.Close,,151526000.0,False,,OrderSide.Sell,OrderStatus.Filled,600023.SH,,TimeInForce.GTC,,,,1515081600000000000,2018-01-04T16:00:00Z
11.39859,2081262.848805,1514995200000000000,2018-01-03T16:00:00Z,73035800.0,,74477464-c5bb-406c-a2f1-85c2b7a9776f,OrderRole.Standalone,OrderType.Market,_default,,PositionEffect.Close,,73035800.0,False,,OrderSide.Sell,OrderStatus.Filled,600029.SH,,TimeInForce.GTC,,,,1515081600000000000,2018-01-04T16:00:00Z
14.53545,2380256.2486125,1514995200000000000,2018-01-03T16:00:00Z,65502100.0,,ed61835a-8718-4efd-80d2-d64cd40f3a8e,OrderRole.Standalone,OrderType.Market,_default,,PositionEffect.Close,,65502100.0,False,,OrderSide.Sell,OrderStatus.Filled,600048.SH,,TimeInForce.GTC,,,,1515081600000000000,2018-01-04T16:00:00Z
16.53345,2358331.308,1514995200000000000,2018-01-03T16:00:00Z,57056000.0,,39558e76-39c0-4784-96ac-5e4b2a4907cd,OrderRole.Standalone,OrderType.Market,_default,,PositionEffect.Close,,57056000.0,False,,OrderSide.Sell,OrderStatus.Filled,600460.SH,,TimeInForce.GTC,,,,1515081600000000000,2018-01-04T16:00:00Z
66.4335,2942107.19775,1514995200000000000,2018-01-03T16:00:00Z,17714600.0,,7a679871-2b5b-4bbe-95a7-36a944fcc20a,OrderRole.Standalone,OrderType.Market,_default,,PositionEffect.Close,,17714600.0,False,,OrderSide.Sell,OrderStatus.Filled,601360.SH,,TimeInForce.GTC,,,,1515081600000000000,2018-01-04T16:00:00Z
12.33765,2402482.8247875,1514995200000000000,2018-01-03T16:00:00Z,77891100.0,,59e5a91d-707b-4ac4-b2df-025b7591ec52,OrderRole.Standalone,OrderType.Market,_default,,PositionEffect.Close,,77891100.0,False,,OrderSide.Sell,OrderStatus.Filled,601699.SH,,TimeInForce.GTC,,,,1515081600000000000,2018-01-04T16:00:00Z
55.5444,2093037.9669,1514995200000000000,2018-01-03T16:00:00Z,15072900.0,,7c35711d-f50b-4d0b-9e24-cf4104f11c88,OrderRole.Standalone,OrderType.Market,_default,,PositionEffect.Close,,15072900.0,False,,OrderSide.Sell,OrderStatus.Filled,603659.SH,,TimeInForce.GTC,,,,1515081600000000000,2018-01-04T16:00:00Z
33.01298,2225702.09862,1514995200000000000,2018-01-03T16:00:00Z,26967600.0,,906857ec-59e5-483f-9f8e-c7247739b6f9,OrderRole.Standalone,OrderType.Market,_default,,PositionEffect.Open,,26967600.0,False,,OrderSide.Buy,OrderStatus.Filled,000002.SZ,,TimeInForce.GTC,,,,1515081600000000000,2018-01-04T16:00:00Z
68.82876,2235472.08885,1514995200000000000,2018-01-03T16:00:00Z,12991500.0,,2eba319a-074a-4e9f-922e-771f6a17f20e,OrderRole.Standalone,OrderType.Market,_default,,PositionEffect.Open,,12991500.0,False,,OrderSide.Buy,OrderStatus.Filled,000568.SZ,,TimeInForce.GTC,,,,1515081600000000000,2018-01-04T16:00:00Z
46.8468,2245706.7633,1514995200000000000,2018-01-03T16:00:00Z,19174900.0,,16e67b10-9227-4d72-8b4b-c5f6f4357f0a,OrderRole.Standalone,OrderType.Market,_default,,PositionEffect.Open,,19174900.0,False,,OrderSide.Buy,OrderStatus.Filled,000651.SZ,,TimeInForce.GTC,,,,1515081600000000000,2018-01-04T16:00:00Z
82.85277,2229215.9164275,1514995200000000000,2018-01-03T16:00:00Z,10762300.0,,a05dabc3-69d4-4780-99ed-17c29e2add87,OrderRole.Standalone,OrderType.Market,_default,,PositionEffect.Open,,10762300.0,False,,OrderSide.Buy,OrderStatus.Filled,000858.SZ,,TimeInForce.GTC,,,,1515081600000000000,2018-01-04T16:00:00Z
6.9069,2235153.996075,1514995200000000000,2018-01-03T16:00:00Z,129444700.0,,4103d4fb-d1ec-407d-b407-87db4fd5af9c,OrderRole.Standalone,OrderType.Market,_default,,PositionEffect.Open,,129444700.0,False,,OrderSide.Buy,OrderStatus.Filled,600028.SH,,TimeInForce.GTC,,,,1515081600000000000,2018-01-04T16:00:00Z
741.741,2246918.92425,1514995200000000000,2018-01-03T16:00:00Z,1211700.0,,fc3745d8-4176-4136-a0a8-57cccdc0d4bc,OrderRole.Standalone,OrderType.Market,_default,,PositionEffect.Open,,1211700.0,False,,OrderSide.Buy,OrderStatus.Filled,600519.SH,,TimeInForce.GTC,,,,1515081600000000000,2018-01-04T16:00:00Z
29.61959,2232887.601945,1514995200000000000,2018-01-03T16:00:00Z,30154200.0,,3475135e-950e-43aa-be31-7c4d6d699f62,OrderRole.Standalone,OrderType.Market,_default,,PositionEffect.Open,,30154200.0,False,,OrderSide.Buy,OrderStatus.Filled,600660.SH,,TimeInForce.GTC,,,,1515081600000000000,2018-01-04T16:00:00Z
33.7337,2253874.998375,1514995200000000000,2018-01-03T16:00:00Z,26725500.0,,dd6592f3-fc57-41e8-84fb-9ebece1aedd9,OrderRole.Standalone,OrderType.Market,_default,,PositionEffect.Open,,26725500.0,False,,OrderSide.Buy,OrderStatus.Filled,600887.SH,,TimeInForce.GTC,,,,1515081600000000000,2018-01-04T16:00:00Z
71.66159,2248024.0783,1514995200000000000,2018-01-03T16:00:00Z,12548000.0,,1f5fcbb3-d0e6-446e-80ba-0e58fcc9a8bb,OrderRole.Standalone,OrderType.Market,_default,,PositionEffect.Open,,12548000.0,False,,OrderSide.Buy,OrderStatus.Filled,601318.SH,,TimeInForce.GTC,,,,1515081600000000000,2018-01-04T16:00:00Z
71.62155,2266177.46355,1514995200000000000,2018-01-03T16:00:00Z,12656400.0,,288cb203-07ac-406f-88a4-2748cc1df999,OrderRole.Standalone,OrderType.Market,_default,,PositionEffect.Open,,12656400.0,False,,OrderSide.Buy,OrderStatus.Filled,600276.SH,,TimeInForce.GTC,,,,1515081600000000000,2018-01-04T16:00:00Z
36.4635,2458332.7065,1517414400000000000,2018-01-31T16:00:00Z,26967600.0,,d633badf-ce93-4886-81d3-9f601c2d69b0,OrderRole.Standalone,OrderType.Market,_default,,PositionEffect.Close,,26967600.0,False,,OrderSide.Sell,OrderStatus.Filled,000002.SZ,,TimeInForce.GTC,,,,1517500800000000000,2018-02-01T16:00:00Z
62.4375,2027891.953125,1517414400000000000,2018-01-31T16:00:00Z,12991500.0,,1a513e40-d910-42fa-9897-ba041b99ca9f,OrderRole.Standalone,OrderType.Market,_default,,PositionEffect.Close,,12991500.0,False,,OrderSide.Sell,OrderStatus.Filled,000568.SZ,,TimeInForce.GTC,,,,1517500800000000000,2018-02-01T16:00:00Z
54.95499,2634391.0943775,1517414400000000000,2018-01-31T16:00:00Z,19174900.0,,268cddcb-90fd-4778-9d94-03d036de00b1,OrderRole.Standalone,OrderType.Market,_default,,PositionEffect.Close,,19174900.0,False,,OrderSide.Sell,OrderStatus.Filled,000651.SZ,,TimeInForce.GTC,,,,1517500800000000000,2018-02-01T16:00:00Z
82.06785,2208097.0551375,1517414400000000000,2018-01-31T16:00:00Z,10762300.0,,a533e1f4-f46a-4f44-81ac-4d967022410e,OrderRole.Standalone,OrderType.Market,_default,,PositionEffect.Close,,10762300.0,False,,OrderSide.Sell,OrderStatus.Filled,000858.SZ,,TimeInForce.GTC,,,,1517500800000000000,2018-02-01T16:00:00Z
7.18281,2324441.7140175,1517414400000000000,2018-01-31T16:00:00Z,129444700.0,,e1be1be6-9e20-4983-af3f-2294ffe476b9,OrderRole.Standalone,OrderType.Market,_default,,PositionEffect.Close,,129444700.0,False,,OrderSide.Sell,OrderStatus.Filled,600028.SH,,TimeInForce.GTC,,,,1517500800000000000,2018-02-01T16:00:00Z
74.73519,2364696.14679,1517414400000000000,2018-01-31T16:00:00Z,12656400.0,,844654f4-e0a1-462a-9cf9-b4eb3f71efb2,OrderRole.Standalone,OrderType.Market,_default,,PositionEffect.Close,,12656400.0,False,,OrderSide.Sell,OrderStatus.Filled,600276.SH,,TimeInForce.GTC,,,,1517500800000000000,2018-02-01T16:00:00Z
751.46778,2276383.772565,1517414400000000000,2018-01-31T16:00:00Z,1211700.0,,ff70220d-cfc1-4652-95f5-fc8e5c7d9e14,OrderRole.Standalone,OrderType.Market,_default,,PositionEffect.Close,,1211700.0,False,,OrderSide.Sell,OrderStatus.Filled,600519.SH,,TimeInForce.GTC,,,,1517500800000000000,2018-02-01T16:00:00Z
26.63334,2007767.65257,1517414400000000000,2018-01-31T16:00:00Z,30154200.0,,a6e090db-9149-4433-9a83-1fe72e6b843a,OrderRole.Standalone,OrderType.Market,_default,,PositionEffect.Close,,30154200.0,False,,OrderSide.Sell,OrderStatus.Filled,600660.SH,,TimeInForce.GTC,,,,1517500800000000000,2018-02-01T16:00:00Z
33.966,2269395.8325,1517414400000000000,2018-01-31T16:00:00Z,26725500.0,,f78dab8f-96a5-464b-961e-4fea62033177,OrderRole.Standalone,OrderType.Market,_default,,PositionEffect.Close,,26725500.0,False,,OrderSide.Sell,OrderStatus.Filled,600887.SH,,TimeInForce.GTC,,,,1517500800000000000,2018-02-01T16:00:00Z
74.79513,2346323.2281,1517414400000000000,2018-01-31T16:00:00Z,12548000.0,,76e67aa3-ab1b-4263-8058-9ac13cd15605,OrderRole.Standalone,OrderType.Market,_default,,PositionEffect.Close,,12548000.0,False,,OrderSide.Sell,OrderStatus.Filled,601318.SH,,TimeInForce.GTC,,,,1517500800000000000,2018-02-01T16:00:00Z
19.26925,4634269.0769375,1517414400000000000,2018-01-31T16:00:00Z,96200300.0,,8b6ed3fb-4363-4ec8-a426-8520b83663f7,OrderRole.Standalone,OrderType.Market,_default,,PositionEffect.Open,,96200300.0,False,,OrderSide.Buy,OrderStatus.Filled,601689.SH,,TimeInForce.GTC,,,,1517500800000000000,2018-02-01T16:00:00Z
29.029,4768151.13775,1517414400000000000,2018-01-31T16:00:00Z,65701900.0,,3aa8e903-fa12-49c0-b87f-61b95c8cc82f,OrderRole.Standalone,OrderType.Market,_default,,PositionEffect.Open,,65701900.0,False,,OrderSide.Buy,OrderStatus.Filled,000063.SZ,,TimeInForce.GTC,,,,1517500800000000000,2018-02-01T16:00:00Z
14.03402,4608666.91285,1517414400000000000,2018-01-31T16:00:00Z,131357000.0,,d189f686-3292-434c-bd8c-6c9eb7548cbb,OrderRole.Standalone,OrderType.Market,_default,,PositionEffect.Open,,131357000.0,False,,OrderSide.Buy,OrderStatus.Filled,002241.SZ,,TimeInForce.GTC,,,,1517500800000000000,2018-02-01T16:00:00Z
6.27627,4598048.750295,1517414400000000000,2018-01-31T16:00:00Z,293043400.0,,72bb20cb-4230-4b43-a77b-a595dd780168,OrderRole.Standalone,OrderType.Market,_default,,PositionEffect.Open,,293043400.0,False,,OrderSide.Buy,OrderStatus.Filled,002600.SZ,,TimeInForce.GTC,,,,1517500800000000000,2018-02-01T16:00:00Z
17.1171,4600002.381975,1517414400000000000,2018-01-31T16:00:00Z,107494900.0,,ffe0f078-0826-40c6-8a99-efacc7f1c32f,OrderRole.Standalone,OrderType.Market,_default,,PositionEffect.Open,,107494900.0,False,,OrderSide.Buy,OrderStatus.Filled,300394.SZ,,TimeInForce.GTC,,,,1517500800000000000,2018-02-01T16:00:00Z
32.6673,5365759.194675,1520438400000000000,2018-03-07T16:00:00Z,65701900.0,,9d06af3a-83ee-48c8-aeb6-9b1b0f78aefd,OrderRole.Standalone,OrderType.Market,_default,,PositionEffect.Close,,65701900.0,False,,OrderSide.Sell,OrderStatus.Filled,000063.SZ,,TimeInForce.GTC,,,,1520524800000000000,2018-03-08T16:00:00Z
14.87511,4884874.560675,1520438400000000000,2018-03-07T16:00:00Z,131357000.0,,e21d9408-cc1c-463f-9af8-41bc809279e2,OrderRole.Standalone,OrderType.Market,_default,,PositionEffect.Close,,131357000.0,False,,OrderSide.Sell,OrderStatus.Filled,002241.SZ,,TimeInForce.GTC,,,,1520524800000000000,2018-03-08T16:00:00Z
8.22177,6023338.587045,1520438400000000000,2018-03-07T16:00:00Z,293043400.0,,58f191ec-3f9c-42e3-aea1-bf30750ce8c2,OrderRole.Standalone,OrderType.Market,_default,,PositionEffect.Close,,293043400.0,False,,OrderSide.Sell,OrderStatus.Filled,002600.SZ,,TimeInForce.GTC,,,,1520524800000000000,2018-03-08T16:00:00Z
19.29069,5184126.9812025,1520438400000000000,2018-03-07T16:00:00Z,107494900.0,,7f307ec2-01ba-43d4-8382-a00a427ab889,OrderRole.Standalone,OrderType.Market,_default,,PositionEffect.Close,,107494900.0,False,,OrderSide.Sell,OrderStatus.Filled,300394.SZ,,TimeInForce.GTC,,,,1520524800000000000,2018-03-08T16:00:00Z
22.4775,5405855.608125,1520438400000000000,2018-03-07T16:00:00Z,96200300.0,,6856dc9e-3fa9-4c03-9eea-7105bf1755c2,OrderRole.Standalone,OrderType.Market,_default,,PositionEffect.Close,,96200300.0,False,,OrderSide.Sell,OrderStatus.Filled,601689.SH,,TimeInForce.GTC,,,,1520524800000000000,2018-03-08T16:00:00Z
36.38635,5211498.6548625,1520438400000000000,2018-03-07T16:00:00Z,57290700.0,,9d62fc16-acb6-4847-b770-62a2e1854c49,OrderRole.Standalone,OrderType.Market,_default,,PositionEffect.Open,,57290700.0,False,,OrderSide.Buy,OrderStatus.Filled,603501.SH,,TimeInForce.GTC,,,,1520524800000000000,2018-03-08T16:00:00Z
118.42831,5185265.12504,1520438400000000000,2018-03-07T16:00:00Z,17513600.0,,f0b6d27b-d41f-4cb6-a38a-a0aa0c310f1d,OrderRole.Standalone,OrderType.Market,_default,,PositionEffect.Open,,17513600.0,False,,OrderSide.Buy,OrderStatus.Filled,603799.SH,,TimeInForce.GTC,,,,1520524800000000000,2018-03-08T16:00:00Z
9.2092,5184659.8804,1520438400000000000,2018-03-07T16:00:00Z,225194800.0,,ac4e3f27-cb22-427c-8a48-56bd628c1544,OrderRole.Standalone,OrderType.Market,_default,,PositionEffect.Open,,225194800.0,False,,OrderSide.Buy,OrderStatus.Filled,002129.SZ,,TimeInForce.GTC,,,,1520524800000000000,2018-03-08T16:00:00Z
49.049,5172364.197,1520438400000000000,2018-03-07T16:00:00Z,42181200.0,,fda6e9a8-f43e-4b98-8bbc-18b4806745cc,OrderRole.Standalone,OrderType.Market,_default,,PositionEffect.Open,,42181200.0,False,,OrderSide.Buy,OrderStatus.Filled,601360.SH,,TimeInForce.GTC,,,,1520524800000000000,2018-03-08T16:00:00Z
5.25525,5167828.91625,1520438400000000000,2018-03-07T16:00:00Z,393346000.0,,6a1fc210-5903-4eae-96d5-7f4797004b71,OrderRole.Standalone,OrderType.Market,_default,,PositionEffect.Open,,393346000.0,False,,OrderSide.Buy,OrderStatus.Filled,601600.SH,,TimeInForce.GTC,,,,1520524800000000000,2018-03-08T16:00:00Z
11.03895,6214785.34365,1523203200000000000,2018-04-08T16:00:00Z,225194800.0,,c40aef02-f97e-48c9-8f68-6eff1478d93f,OrderRole.Standalone,OrderType.Market,_default,,PositionEffect.Close,,225194800.0,False,,OrderSide.Sell,OrderStatus.Filled,002129.SZ,,TimeInForce.GTC,,,,1523289600000000000,2018-04-09T16:00:00Z
40.8591,4308714.6723,1523203200000000000,2018-04-08T16:00:00Z,42181200.0,,081ce5b1-cb75-402c-ab4d-109125eb3c89,OrderRole.Standalone,OrderType.Market,_default,,PositionEffect.Close,,42181200.0,False,,OrderSide.Sell,OrderStatus.Filled,601360.SH,,TimeInForce.GTC,,,,1523289600000000000,2018-04-09T16:00:00Z
4.60539,4528779.33735,1523203200000000000,2018-04-08T16:00:00Z,393346000.0,,53387cfc-b8d5-4831-b573-33defa79ab30,OrderRole.Standalone,OrderType.Market,_default,,PositionEffect.Close,,393346000.0,False,,OrderSide.Sell,OrderStatus.Filled,601600.SH,,TimeInForce.GTC,,,,1523289600000000000,2018-04-09T16:00:00Z
38.08188,5454343.90629,1523203200000000000,2018-04-08T16:00:00Z,57290700.0,,6927e91f-aac4-455d-9a80-a5a3721b5abc,OrderRole.Standalone,OrderType.Market,_default,,PositionEffect.Close,,57290700.0,False,,OrderSide.Sell,OrderStatus.Filled,603501.SH,,TimeInForce.GTC,,,,1523289600000000000,2018-04-09T16:00:00Z
112.94694,4945268.82096,1523203200000000000,2018-04-08T16:00:00Z,17513600.0,,0b70ba0a-9266-4955-a0f8-0c9687abf135,OrderRole.Standalone,OrderType.Market,_default,,PositionEffect.Close,,17513600.0,False,,OrderSide.Sell,OrderStatus.Filled,603799.SH,,TimeInForce.GTC,,,,1523289600000000000,2018-04-09T16:00:00Z
37.11708,3637965.64131,1523203200000000000,2018-04-08T16:00:00Z,39205300.0,,b491a5ef-e06b-4a52-8807-26b45f594fd9,OrderRole.Standalone,OrderType.Market,_default,,PositionEffect.Open,,39205300.0,False,,OrderSide.Buy,OrderStatus.Filled,603806.SH,,TimeInForce.GTC,,,,1523289600000000000,2018-04-09T16:00:00Z
18.75874,3614818.57737,1523203200000000000,2018-04-08T16:00:00Z,77080200.0,,99fc5e8c-4b7e-43d6-a0ab-cbbb9b62e984,OrderRole.Standalone,OrderType.Market,_default,,PositionEffect.Open,,77080200.0,False,,OrderSide.Buy,OrderStatus.Filled,000768.SZ,,TimeInForce.GTC,,,,1523289600000000000,2018-04-09T16:00:00Z
30.81078,3647449.460655,1523203200000000000,2018-04-08T16:00:00Z,47352900.0,,23a81938-eac2-4e17-969e-0f1e1c6f645e,OrderRole.Standalone,OrderType.Market,_default,,PositionEffect.Open,,47352900.0,False,,OrderSide.Buy,OrderStatus.Filled,002007.SZ,,TimeInForce.GTC,,,,1523289600000000000,2018-04-09T16:00:00Z
16.04603,3637967.9561225,1523203200000000000,2018-04-08T16:00:00Z,90688300.0,,1d8c4770-4091-41ee-9335-1b14f8c967f2,OrderRole.Standalone,OrderType.Market,_default,,PositionEffect.Open,,90688300.0,False,,OrderSide.Buy,OrderStatus.Filled,002353.SZ,,TimeInForce.GTC,,,,1523289600000000000,2018-04-09T16:00:00Z
45.17513,3609967.225865,1523203200000000000,2018-04-08T16:00:00Z,31964200.0,,9064775b-b2c5-4202-96f2-2daaffaceb1e,OrderRole.Standalone,OrderType.Market,_default,,PositionEffect.Open,,31964200.0,False,,OrderSide.Buy,OrderStatus.Filled,002371.SZ,,TimeInForce.GTC,,,,1523289600000000000,2018-04-09T16:00:00Z
125.9258,3649550.05415,1523203200000000000,2018-04-08T16:00:00Z,11592700.0,,832941b9-9c9d-4a9f-bba7-29136e502ddd,OrderRole.Standalone,OrderType.Market,_default,,PositionEffect.Open,,11592700.0,False,,OrderSide.Buy,OrderStatus.Filled,300661.SZ,,TimeInForce.GTC,,,,1523289600000000000,2018-04-09T16:00:00Z
25.50548,3629417.05126,1523203200000000000,2018-04-08T16:00:00Z,56919800.0,,c915073f-f470-45e8-9e77-b411b33e2828,OrderRole.Standalone,OrderType.Market,_default,,PositionEffect.Open,,56919800.0,False,,OrderSide.Buy,OrderStatus.Filled,601607.SH,,TimeInForce.GTC,,,,1523289600000000000,2018-04-09T16:00:00Z
18.49149,3563319.368745,1525795200000000000,2018-05-08T16:00:00Z,77080200.0,,0673704b-bd63-4280-be6d-25006a97ac49,OrderRole.Standalone,OrderType.Market,_default,,PositionEffect.Close,,77080200.0,False,,OrderSide.Sell,OrderStatus.Filled,000768.SZ,,TimeInForce.GTC,,,,1525881600000000000,2018-05-09T16:00:00Z
31.07889,3679188.9257025,1525795200000000000,2018-05-08T16:00:00Z,47352900.0,,3beb6061-d14e-4c80-915e-65c1499ebbf6,OrderRole.Standalone,OrderType.Market,_default,,PositionEffect.Close,,47352900.0,False,,OrderSide.Sell,OrderStatus.Filled,002007.SZ,,TimeInForce.GTC,,,,1525881600000000000,2018-05-09T16:00:00Z
17.43255,3952320.8104125,1525795200000000000,2018-05-08T16:00:00Z,90688300.0,,6032597b-202c-458b-90ff-2b67012a66c7,OrderRole.Standalone,OrderType.Market,_default,,PositionEffect.Close,,90688300.0,False,,OrderSide.Sell,OrderStatus.Filled,002353.SZ,,TimeInForce.GTC,,,,1525881600000000000,2018-05-09T16:00:00Z
51.7482,4135224.5361,1525795200000000000,2018-05-08T16:00:00Z,31964200.0,,7a21842a-55f7-4801-b3fb-b44cadb04bbc,OrderRole.Standalone,OrderType.Market,_default,,PositionEffect.Close,,31964200.0,False,,OrderSide.Sell,OrderStatus.Filled,002371.SZ,,TimeInForce.GTC,,,,1525881600000000000,2018-05-09T16:00:00Z
120.3795,3488808.574125,1525795200000000000,2018-05-08T16:00:00Z,11592700.0,,7c4ef8b5-e222-4e9f-9774-c0485fe03fc4,OrderRole.Standalone,OrderType.Market,_default,,PositionEffect.Close,,11592700.0,False,,OrderSide.Sell,OrderStatus.Filled,300661.SZ,,TimeInForce.GTC,,,,1525881600000000000,2018-05-09T16:00:00Z
24.94503,3549665.296485,1525795200000000000,2018-05-08T16:00:00Z,56919800.0,,ed1233b2-9022-4d46-81fe-7f8e48fe9106,OrderRole.Standalone,OrderType.Market,_default,,PositionEffect.Close,,56919800.0,False,,OrderSide.Sell,OrderStatus.Filled,601607.SH,,TimeInForce.GTC,,,,1525881600000000000,2018-05-09T16:00:00Z
38.53143,3776590.6814475,1525795200000000000,2018-05-08T16:00:00Z,39205300.0,,5b0e9abc-2db6-47b6-a00d-69e006e01e0d,OrderRole.Standalone,OrderType.Market,_default,,PositionEffect.Close,,39205300.0,False,,OrderSide.Sell,OrderStatus.Filled,603806.SH,,TimeInForce.GTC,,,,1525881600000000000,2018-05-09T16:00:00Z
129.74962,5149438.04375,1525795200000000000,2018-05-08T16:00:00Z,15875000.0,,6dbe970d-1255-4e7f-a639-a4439f227163,OrderRole.Standalone,OrderType.Market,_default,,PositionEffect.Open,,15875000.0,False,,OrderSide.Buy,OrderStatus.Filled,002304.SZ,,TimeInForce.GTC,,,,1525881600000000000,2018-05-09T16:00:00Z
52.56251,5141375.634395,1525795200000000000,2018-05-08T16:00:00Z,39125800.0,,873855ca-73b9-48f0-959f-e967f250a1c9,OrderRole.Standalone,OrderType.Market,_default,,PositionEffect.Open,,39125800.0,False,,OrderSide.Buy,OrderStatus.Filled,600009.SH,,TimeInForce.GTC,,,,1525881600000000000,2018-05-09T16:00:00Z
38.71868,5222123.88698,1525795200000000000,2018-05-08T16:00:00Z,53949400.0,,a63d827b-c58a-4f60-83dc-b10dd4a9256a,OrderRole.Standalone,OrderType.Market,_default,,PositionEffect.Open,,53949400.0,False,,OrderSide.Buy,OrderStatus.Filled,600085.SH,,TimeInForce.GTC,,,,1525881600000000000,2018-05-09T16:00:00Z
704.2035,5199662.593125,1525795200000000000,2018-05-08T16:00:00Z,2953500.0,,a9d2dea6-c20c-4fd7-80ed-1751f83ca323,OrderRole.Standalone,OrderType.Market,_default,,PositionEffect.Open,,2953500.0,False,,OrderSide.Buy,OrderStatus.Filled,600519.SH,,TimeInForce.GTC,,,,1525881600000000000,2018-05-09T16:00:00Z
86.90682,5246369.183055,1525795200000000000,2018-05-08T16:00:00Z,24147100.0,,a98f5653-3e12-4eb4-8174-e980678ba22a,OrderRole.Standalone,OrderType.Market,_default,,PositionEffect.Open,,24147100.0,False,,OrderSide.Buy,OrderStatus.Filled,600276.SH,,TimeInForce.GTC,,,,1525881600000000000,2018-05-09T16:00:00Z
145.7541,2899376.995725,1528214400000000000,2018-06-05T16:00:00Z,7956900.0,,23ae7c07-f692-4bc0-8ccf-52527d1e72d5,OrderRole.Standalone,OrderType.Market,_default,,PositionEffect.Close,,7956900.0,False,,OrderSide.Sell,OrderStatus.Filled,002304.SZ,,TimeInForce.GTC,,,,1528300800000000000,2018-06-06T16:00:00Z
57.20274,5595257.41173,1528214400000000000,2018-06-05T16:00:00Z,39125800.0,,9ab7ed01-44fd-486d-a1cc-36348b0a2a31,OrderRole.Standalone,OrderType.Market,_default,,PositionEffect.Close,,39125800.0,False,,OrderSide.Sell,OrderStatus.Filled,600009.SH,,TimeInForce.GTC,,,,1528300800000000000,2018-06-06T16:00:00Z
39.2607,5295228.02145,1528214400000000000,2018-06-05T16:00:00Z,53949400.0,,ab66a5c6-1549-4d2f-b3b2-9eb4db151514,OrderRole.Standalone,OrderType.Market,_default,,PositionEffect.Close,,53949400.0,False,,OrderSide.Sell,OrderStatus.Filled,600085.SH,,TimeInForce.GTC,,,,1528300800000000000,2018-06-06T16:00:00Z
82.36755,3615008.8100625,1528214400000000000,2018-06-05T16:00:00Z,17555500.0,,e78b142e-3f7a-438a-8063-080586b09b2f,OrderRole.Standalone,OrderType.Market,_default,,PositionEffect.Close,,17555500.0,False,,OrderSide.Sell,OrderStatus.Filled,600276.SH,,TimeInForce.GTC,,,,1528300800000000000,2018-06-06T16:00:00Z
789.19002,2964197.71512,1528214400000000000,2018-06-05T16:00:00Z,1502400.0,,49b274c2-86b2-4b26-99c2-59a39f7a599c,OrderRole.Standalone,OrderType.Market,_default,,PositionEffect.Close,,1502400.0,False,,OrderSide.Sell,OrderStatus.Filled,600519.SH,,TimeInForce.GTC,,,,1528300800000000000,2018-06-06T16:00:00Z
82.60252,2909033.59747,1528214400000000000,2018-06-05T16:00:00Z,14086900.0,,94321c6a-7a1f-426b-a0a1-77a484812d5f,OrderRole.Standalone,OrderType.Market,_default,,PositionEffect.Open,,14086900.0,False,,OrderSide.Buy,OrderStatus.Filled,603288.SH,,TimeInForce.GTC,,,,1528300800000000000,2018-06-06T16:00:00Z
88.088,2827624.8,1528214400000000000,2018-06-05T16:00:00Z,12840000.0,,13a6978d-acf5-4ab8-9bbe-7911402640eb,OrderRole.Standalone,OrderType.Market,_default,,PositionEffect.Open,,12840000.0,False,,OrderSide.Buy,OrderStatus.Filled,000596.SZ,,TimeInForce.GTC,,,,1528300800000000000,2018-06-06T16:00:00Z
19.17916,2874347.14567,1528214400000000000,2018-06-05T16:00:00Z,59947300.0,,678f4dae-5013-4bc2-aa34-79111480e1d0,OrderRole.Standalone,OrderType.Market,_default,,PositionEffect.Open,,59947300.0,False,,OrderSide.Buy,OrderStatus.Filled,002001.SZ,,TimeInForce.GTC,,,,1528300800000000000,2018-06-06T16:00:00Z
43.5435,2851369.896375,1528214400000000000,2018-06-05T16:00:00Z,26193300.0,,08b415f6-4bd1-46a8-a832-05c8299f2c6b,OrderRole.Standalone,OrderType.Market,_default,,PositionEffect.Open,,26193300.0,False,,OrderSide.Buy,OrderStatus.Filled,002709.SZ,,TimeInForce.GTC,,,,1528300800000000000,2018-06-06T16:00:00Z
9.97997,2879336.114655,1528214400000000000,2018-06-05T16:00:00Z,115404600.0,,6f15fe6e-17b2-43a4-9589-9dfa3b5a1de1,OrderRole.Standalone,OrderType.Market,_default,,PositionEffect.Open,,115404600.0,False,,OrderSide.Buy,OrderStatus.Filled,300251.SZ,,TimeInForce.GTC,,,,1528300800000000000,2018-06-06T16:00:00Z
123.3232,2846391.9484,1528214400000000000,2018-06-05T16:00:00Z,9232300.0,,23712881-c911-4187-bcfe-63a7bb3bdb96,OrderRole.Standalone,OrderType.Market,_default,,PositionEffect.Open,,9232300.0,False,,OrderSide.Buy,OrderStatus.Filled,300454.SZ,,TimeInForce.GTC,,,,1528300800000000000,2018-06-06T16:00:00Z
47.047,2946106.6635,1528214400000000000,2018-06-05T16:00:00Z,25048200.0,,d46f672c-f5c4-402b-a2e5-a7e5dc8caacc,OrderRole.Standalone,OrderType.Market,_default,,PositionEffect.Open,,25048200.0,False,,OrderSide.Buy,OrderStatus.Filled,600309.SH,,TimeInForce.GTC,,,,1528300800000000000,2018-06-06T16:00:00Z
144.29556,2856366.68409,1528300800000000000,2018-06-06T16:00:00Z,7918100.0,,83229798-8fd0-4226-a114-b847cf6cc612,OrderRole.Standalone,OrderType.Market,_default,,PositionEffect.Close,,7918100.0,False,,OrderSide.Sell,OrderStatus.Filled,002304.SZ,,TimeInForce.GTC,,,,1528387200000000000,2018-06-07T16:00:00Z
,0.0,1528300800000000000,2018-06-06T16:00:00Z,0.0,,cafb4f69-fcf2-4dd9-b62b-49f8cc87da7d,OrderRole.Standalone,OrderType.Market,_default,,PositionEffect.Close,,13835730.000000004,False,"Risk: Insufficient available position for 600276.SH at execution. Available: 13835730.000000002942691068582, Required: 13835730.00000000372529029846",OrderSide.Sell,OrderStatus.Rejected,600276.SH,,TimeInForce.GTC,,,,1528387200000000000,2018-06-07T16:00:00Z
779.22,2826815.355,1528300800000000000,2018-06-06T16:00:00Z,1451100.0,,8f744bef-06e0-428f-8de1-41697804f199,OrderRole.Standalone,OrderType.Market,_default,,PositionEffect.Close,,1451100.0,False,,OrderSide.Sell,OrderStatus.Filled,600519.SH,,TimeInForce.GTC,,,,1528387200000000000,2018-06-07T16:00:00Z
88.4115,2838009.15,1530720000000000000,2018-07-04T16:00:00Z,12840000.0,,7f85caad-23ae-4aaf-9bf0-ea7034c02450,OrderRole.Standalone,OrderType.Market,_default,,PositionEffect.Close,,12840000.0,False,,OrderSide.Sell,OrderStatus.Filled,000596.SZ,,TimeInForce.GTC,,,,1530806400000000000,2018-07-05T16:00:00Z
16.4835,2470353.298875,1530720000000000000,2018-07-04T16:00:00Z,59947300.0,,ca40d071-e555-48c5-a081-393e87ec3339,OrderRole.Standalone,OrderType.Market,_default,,PositionEffect.Close,,59947300.0,False,,OrderSide.Sell,OrderStatus.Filled,002001.SZ,,TimeInForce.GTC,,,,1530806400000000000,2018-07-05T16:00:00Z
36.1638,2368123.15635,1530720000000000000,2018-07-04T16:00:00Z,26193300.0,,abc6d1c6-51f4-4285-be1c-d45ee3ea26d8,OrderRole.Standalone,OrderType.Market,_default,,PositionEffect.Close,,26193300.0,False,,OrderSide.Sell,OrderStatus.Filled,002709.SZ,,TimeInForce.GTC,,,,1530806400000000000,2018-07-05T16:00:00Z
10.57941,3052281.448215,1530720000000000000,2018-07-04T16:00:00Z,115404600.0,,e39624f9-353a-4e0d-b723-9cf026951929,OrderRole.Standalone,OrderType.Market,_default,,PositionEffect.Close,,115404600.0,False,,OrderSide.Sell,OrderStatus.Filled,300251.SZ,,TimeInForce.GTC,,,,1530806400000000000,2018-07-05T16:00:00Z
113.45643,2618659.4967225,1530720000000000000,2018-07-04T16:00:00Z,9232300.0,,ee5be0ae-34e1-4f21-81c1-2fef2b187822,OrderRole.Standalone,OrderType.Market,_default,,PositionEffect.Close,,9232300.0,False,,OrderSide.Sell,OrderStatus.Filled,300454.SZ,,TimeInForce.GTC,,,,1530806400000000000,2018-07-05T16:00:00Z
44.77518,2803844.15919,1530720000000000000,2018-07-04T16:00:00Z,25048200.0,,f8562fe2-b759-4bde-82ef-432c8ccc7fad,OrderRole.Standalone,OrderType.Market,_default,,PositionEffect.Close,,25048200.0,False,,OrderSide.Sell,OrderStatus.Filled,600309.SH,,TimeInForce.GTC,,,,1530806400000000000,2018-07-05T16:00:00Z
71.2287,2508478.935075,1530720000000000000,2018-07-04T16:00:00Z,14086900.0,,b9405a66-37d2-416d-8376-52c0a1e07358,OrderRole.Standalone,OrderType.Market,_default,,PositionEffect.Close,,14086900.0,False,,OrderSide.Sell,OrderStatus.Filled,603288.SH,,TimeInForce.GTC,,,,1530806400000000000,2018-07-05T16:00:00Z
20.44042,5320109.87508,1530720000000000000,2018-07-04T16:00:00Z,104109600.0,,0e18b217-e244-4f89-8599-754798094a24,OrderRole.Standalone,OrderType.Market,_default,,PositionEffect.Open,,104109600.0,False,,OrderSide.Buy,OrderStatus.Filled,603369.SH,,TimeInForce.GTC,,,,1530806400000000000,2018-07-05T16:00:00Z
29.87985,5332612.009725,1530720000000000000,2018-07-04T16:00:00Z,71387400.0,,65e3a450-2c0e-496d-bf0b-415b77d0f23f,OrderRole.Standalone,OrderType.Market,_default,,PositionEffect.Open,,71387400.0,False,,OrderSide.Buy,OrderStatus.Filled,300015.SZ,,TimeInForce.GTC,,,,1530806400000000000,2018-07-05T16:00:00Z
44.5445,5318913.975375,1530720000000000000,2018-07-04T16:00:00Z,47762700.0,,d9e446f6-217f-4df7-8149-a04ba3bf19e9,OrderRole.Standalone,OrderType.Market,_default,,PositionEffect.Open,,47762700.0,False,,OrderSide.Buy,OrderStatus.Filled,300122.SZ,,TimeInForce.GTC,,,,1530806400000000000,2018-07-05T16:00:00Z
55.93588,5317250.76883,1530720000000000000,2018-07-04T16:00:00Z,38023900.0,,b9e815e3-9ac7-4583-9eb9-dcf5f34b5b0d,OrderRole.Standalone,OrderType.Market,_default,,PositionEffect.Open,,38023900.0,False,,OrderSide.Buy,OrderStatus.Filled,300347.SZ,,TimeInForce.GTC,,,,1530806400000000000,2018-07-05T16:00:00Z
68.068,2966454.491,1530720000000000000,2018-07-04T16:00:00Z,17432300.0,,84cbb05e-f675-4e50-9e2c-9074240d01f8,OrderRole.Standalone,OrderType.Market,_default,,PositionEffect.Open,,17432300.0,False,,OrderSide.Buy,OrderStatus.Filled,600276.SH,,TimeInForce.GTC,,,,1530806400000000000,2018-07-05T16:00:00Z
32.7672,5847913.0332,1533139200000000000,2018-08-01T16:00:00Z,71387400.0,,dc6c9c66-bbb1-4f85-b6fd-c638fdc4cf28,OrderRole.Standalone,OrderType.Market,_default,,PositionEffect.Close,,71387400.0,False,,OrderSide.Sell,OrderStatus.Filled,300015.SZ,,TimeInForce.GTC,,,,1533225600000000000,2018-08-02T16:00:00Z
39.31065,4693956.9568875,1533139200000000000,2018-08-01T16:00:00Z,47762700.0,,5f70bd34-8259-48fa-b370-ae6e0f21b0f0,OrderRole.Standalone,OrderType.Market,_default,,PositionEffect.Close,,47762700.0,False,,OrderSide.Sell,OrderStatus.Filled,300122.SZ,,TimeInForce.GTC,,,,1533225600000000000,2018-08-02T16:00:00Z
58.941,5602916.72475,1533139200000000000,2018-08-01T16:00:00Z,38023900.0,,d8a662db-a1fa-43c7-b258-48a9f161aa48,OrderRole.Standalone,OrderType.Market,_default,,PositionEffect.Close,,38023900.0,False,,OrderSide.Sell,OrderStatus.Filled,300347.SZ,,TimeInForce.GTC,,,,1533225600000000000,2018-08-02T16:00:00Z
68.931,5388336.27,1533139200000000000,2018-08-01T16:00:00Z,31268000.0,,e102fb2f-1abd-484c-a2f9-54d3e986d9cf,OrderRole.Standalone,OrderType.Market,_default,,PositionEffect.Close,,31268000.0,False,,OrderSide.Sell,OrderStatus.Filled,600276.SH,,TimeInForce.GTC,,,,1533225600000000000,2018-08-02T16:00:00Z
19.8801,5174273.1474,1533139200000000000,2018-08-01T16:00:00Z,104109600.0,,a02a3d69-84e0-44b1-af40-01ceb11ba753,OrderRole.Standalone,OrderType.Market,_default,,PositionEffect.Close,,104109600.0,False,,OrderSide.Sell,OrderStatus.Filled,603369.SH,,TimeInForce.GTC,,,,1533225600000000000,2018-08-02T16:00:00Z
2.82282,5381833.3569,1533139200000000000,2018-08-01T16:00:00Z,762618000.0,,2b818403-38d7-483e-a1ff-8521f99bd3d8,OrderRole.Standalone,OrderType.Market,_default,,PositionEffect.Open,,762618000.0,False,,OrderSide.Buy,OrderStatus.Filled,000100.SZ,,TimeInForce.GTC,,,,1533225600000000000,2018-08-02T16:00:00Z
3.51351,5362749.366975,1533139200000000000,2018-08-01T16:00:00Z,610529000.0,,87928891-a0e7-471b-a531-b3afcddfd184,OrderRole.Standalone,OrderType.Market,_default,,PositionEffect.Open,,610529000.0,False,,OrderSide.Buy,OrderStatus.Filled,000725.SZ,,TimeInForce.GTC,,,,1533225600000000000,2018-08-02T16:00:00Z
5.84584,5371946.9804,1533139200000000000,2018-08-01T16:00:00Z,367574000.0,,c1944907-58b0-4c80-8cb9-ac65947aa8ef,OrderRole.Standalone,OrderType.Market,_default,,PositionEffect.Open,,367574000.0,False,,OrderSide.Buy,OrderStatus.Filled,600016.SH,,TimeInForce.GTC,,,,1533225600000000000,2018-08-02T16:00:00Z
3.5035,5362748.766375,1533139200000000000,2018-08-01T16:00:00Z,612273300.0,,54998293-5d4b-4ead-9ea5-78764bd3590d,OrderRole.Standalone,OrderType.Market,_default,,PositionEffect.Open,,612273300.0,False,,OrderSide.Buy,OrderStatus.Filled,601288.SH,,TimeInForce.GTC,,,,1533225600000000000,2018-08-02T16:00:00Z
3.54354,5377941.183615,1533139200000000000,2018-08-01T16:00:00Z,607069900.0,,6633aa8d-ffa9-4d7d-a6b8-2b23b8a26da4,OrderRole.Standalone,OrderType.Market,_default,,PositionEffect.Open,,607069900.0,False,,OrderSide.Buy,OrderStatus.Filled,601818.SH,,TimeInForce.GTC,,,,1533225600000000000,2018-08-02T16:00:00Z
2.85714,5447265.9813,1535558400000000000,2018-08-29T16:00:00Z,762618000.0,,c4e5e361-cb0a-4fb8-8a1f-9c58d13843a8,OrderRole.Standalone,OrderType.Market,_default,,PositionEffect.Close,,762618000.0,False,,OrderSide.Sell,OrderStatus.Filled,000100.SZ,,TimeInForce.GTC,,,,1535644800000000000,2018-08-30T16:00:00Z
3.38661,5169059.041725,1535558400000000000,2018-08-29T16:00:00Z,610529000.0,,c3786a74-1ded-4a75-9946-d03e4f8b651b,OrderRole.Standalone,OrderType.Market,_default,,PositionEffect.Close,,610529000.0,False,,OrderSide.Sell,OrderStatus.Filled,000725.SZ,,TimeInForce.GTC,,,,1535644800000000000,2018-08-30T16:00:00Z
5.8941,5416294.7835,1535558400000000000,2018-08-29T16:00:00Z,367574000.0,,042eb256-e463-46b5-88a4-2177d7a6cb85,OrderRole.Standalone,OrderType.Market,_default,,PositionEffect.Close,,367574000.0,False,,OrderSide.Sell,OrderStatus.Filled,600016.SH,,TimeInForce.GTC,,,,1535644800000000000,2018-08-30T16:00:00Z
3.5964,5504949.2403,1535558400000000000,2018-08-29T16:00:00Z,612273300.0,,9b255a8b-ab2d-456a-a9f1-de62563a96c8,OrderRole.Standalone,OrderType.Market,_default,,PositionEffect.Close,,612273300.0,False,,OrderSide.Sell,OrderStatus.Filled,601288.SH,,TimeInForce.GTC,,,,1535644800000000000,2018-08-30T16:00:00Z
3.6963,5609781.178425,1535558400000000000,2018-08-29T16:00:00Z,607069900.0,,b7f9c4c9-ae30-4131-8064-1ddc9bcfffae,OrderRole.Standalone,OrderType.Market,_default,,PositionEffect.Close,,607069900.0,False,,OrderSide.Sell,OrderStatus.Filled,601818.SH,,TimeInForce.GTC,,,,1535644800000000000,2018-08-30T16:00:00Z
10.14013,5366922.375815,1535558400000000000,2018-08-29T16:00:00Z,211710200.0,,a379fb91-b10d-4bd4-b145-bba0d936facb,OrderRole.Standalone,OrderType.Market,_default,,PositionEffect.Open,,211710200.0,False,,OrderSide.Buy,OrderStatus.Filled,000001.SZ,,TimeInForce.GTC,,,,1535644800000000000,2018-08-30T16:00:00Z
18.98897,5367279.842925,1535558400000000000,2018-08-29T16:00:00Z,113061000.0,,568f91df-8c23-4de2-8b50-3293f63c162d,OrderRole.Standalone,OrderType.Market,_default,,PositionEffect.Open,,113061000.0,False,,OrderSide.Buy,OrderStatus.Filled,000063.SZ,,TimeInForce.GTC,,,,1535644800000000000,2018-08-30T16:00:00Z
6.37637,5278756.0150325,1535558400000000000,2018-08-29T16:00:00Z,331144900.0,,ae95d265-5039-4106-b39a-61e1749d8a9e,OrderRole.Standalone,OrderType.Market,_default,,PositionEffect.Open,,331144900.0,False,,OrderSide.Buy,OrderStatus.Filled,002463.SZ,,TimeInForce.GTC,,,,1535644800000000000,2018-08-30T16:00:00Z
9.87987,5234345.24613,1535558400000000000,2018-08-29T16:00:00Z,211919600.0,,565e30ef-7040-474b-8ea1-7572ac465662,OrderRole.Standalone,OrderType.Market,_default,,PositionEffect.Open,,211919600.0,False,,OrderSide.Buy,OrderStatus.Filled,002625.SZ,,TimeInForce.GTC,,,,1535644800000000000,2018-08-30T16:00:00Z
18.35834,5202758.145585,1535558400000000000,2018-08-29T16:00:00Z,113360100.0,,008e32e3-1de1-4ca8-bcd2-54c53f077e35,OrderRole.Standalone,OrderType.Market,_default,,PositionEffect.Open,,113360100.0,False,,OrderSide.Buy,OrderStatus.Filled,300502.SZ,,TimeInForce.GTC,,,,1535644800000000000,2018-08-30T16:00:00Z
10.6893,5657584.60215,1538064000000000000,2018-09-27T16:00:00Z,211710200.0,,f3768d32-468c-4e2c-9ecb-7f4541274055,OrderRole.Standalone,OrderType.Market,_default,,PositionEffect.Close,,211710200.0,False,,OrderSide.Sell,OrderStatus.Filled,000001.SZ,,TimeInForce.GTC,,,,1538928000000000000,2018-10-07T16:00:00Z
16.6833,4715576.45325,1538064000000000000,2018-09-27T16:00:00Z,113061000.0,,754dd3a4-6356-452d-89a2-25b92d3cc60c,OrderRole.Standalone,OrderType.Market,_default,,PositionEffect.Close,,113061000.0,False,,OrderSide.Sell,OrderStatus.Filled,000063.SZ,,TimeInForce.GTC,,,,1538928000000000000,2018-10-07T16:00:00Z
6.1938,5127613.20405,1538064000000000000,2018-09-27T16:00:00Z,331144900.0,,0961716f-2f6e-476b-9c45-39ccd9d76aaa,OrderRole.Standalone,OrderType.Market,_default,,PositionEffect.Close,,331144900.0,False,,OrderSide.Sell,OrderStatus.Filled,002463.SZ,,TimeInForce.GTC,,,,1538928000000000000,2018-10-07T16:00:00Z
8.77122,4646983.58478,1538064000000000000,2018-09-27T16:00:00Z,211919600.0,,70c6d793-980d-4b5e-9862-e42cca2b17c7,OrderRole.Standalone,OrderType.Market,_default,,PositionEffect.Close,,211919600.0,False,,OrderSide.Sell,OrderStatus.Filled,002625.SZ,,TimeInForce.GTC,,,,1538928000000000000,2018-10-07T16:00:00Z
17.07291,4838466.9622275,1538064000000000000,2018-09-27T16:00:00Z,113360100.0,,ce619034-3243-4e72-b71a-5f04df5f1dec,OrderRole.Standalone,OrderType.Market,_default,,PositionEffect.Close,,113360100.0,False,,OrderSide.Sell,OrderStatus.Filled,300502.SZ,,TimeInForce.GTC,,,,1538928000000000000,2018-10-07T16:00:00Z
6.9069,5121630.388875,1538064000000000000,2018-09-27T16:00:00Z,296609500.0,,c2911c98-d590-4104-ad49-cace87ce3eed,OrderRole.Standalone,OrderType.Market,_default,,PositionEffect.Open,,296609500.0,False,,OrderSide.Buy,OrderStatus.Filled,600028.SH,,TimeInForce.GTC,,,,1538928000000000000,2018-10-07T16:00:00Z
29.7297,5114444.88555,1538064000000000000,2018-09-27T16:00:00Z,68812600.0,,92af2cb6-0a6b-452c-b60f-3f476bdb6887,OrderRole.Standalone,OrderType.Market,_default,,PositionEffect.Open,,68812600.0,False,,OrderSide.Buy,OrderStatus.Filled,600036.SH,,TimeInForce.GTC,,,,1538928000000000000,2018-10-07T16:00:00Z
716.12541,5179197.9964725,1538064000000000000,2018-09-27T16:00:00Z,2892900.0,,7a971fc1-cc63-4d00-acc7-7356e9caa92f,OrderRole.Standalone,OrderType.Market,_default,,PositionEffect.Open,,2892900.0,False,,OrderSide.Buy,OrderStatus.Filled,600519.SH,,TimeInForce.GTC,,,,1538928000000000000,2018-10-07T16:00:00Z
3.81381,5176241.1826125,1538064000000000000,2018-09-27T16:00:00Z,542894500.0,,190184fc-6849-442e-8a02-67ec4f7a650d,OrderRole.Standalone,OrderType.Market,_default,,PositionEffect.Open,,542894500.0,False,,OrderSide.Buy,OrderStatus.Filled,601288.SH,,TimeInForce.GTC,,,,1538928000000000000,2018-10-07T16:00:00Z
3.66366,5199687.92343,1538064000000000000,2018-09-27T16:00:00Z,567704200.0,,03935396-2e08-4e84-8957-0c2425a9b134,OrderRole.Standalone,OrderType.Market,_default,,PositionEffect.Open,,567704200.0,False,,OrderSide.Buy,OrderStatus.Filled,601988.SH,,TimeInForce.GTC,,,,1538928000000000000,2018-10-07T16:00:00Z
6.27372,4652112.38085,1541088000000000000,2018-11-01T16:00:00Z,296609500.0,,e8ee6ef6-5bef-43fa-9673-c6eb2ed8f008,OrderRole.Standalone,OrderType.Market,_default,,PositionEffect.Close,,296609500.0,False,,OrderSide.Sell,OrderStatus.Filled,600028.SH,,TimeInForce.GTC,,,,1541347200000000000,2018-11-04T16:00:00Z
29.82015,5130005.134725,1541088000000000000,2018-11-01T16:00:00Z,68812600.0,,4b04b1a8-598e-4ea8-9314-9ef286a71e1c,OrderRole.Standalone,OrderType.Market,_default,,PositionEffect.Close,,68812600.0,False,,OrderSide.Sell,OrderStatus.Filled,600036.SH,,TimeInForce.GTC,,,,1541347200000000000,2018-11-04T16:00:00Z
592.407,4284435.52575,1541088000000000000,2018-11-01T16:00:00Z,2892900.0,,f49717e0-0f10-467d-a4d4-7742f174e1f9,OrderRole.Standalone,OrderType.Market,_default,,PositionEffect.Close,,2892900.0,False,,OrderSide.Sell,OrderStatus.Filled,600519.SH,,TimeInForce.GTC,,,,1541347200000000000,2018-11-04T16:00:00Z
3.84615,5220134.2029375,1541088000000000000,2018-11-01T16:00:00Z,542894500.0,,ad207b4f-9d0e-40f3-9658-13658662eeee,OrderRole.Standalone,OrderType.Market,_default,,PositionEffect.Close,,542894500.0,False,,OrderSide.Sell,OrderStatus.Filled,601288.SH,,TimeInForce.GTC,,,,1541347200000000000,2018-11-04T16:00:00Z
3.68631,5231834.173755,1541088000000000000,2018-11-01T16:00:00Z,567704200.0,,b1b5686f-0a49-44b1-964e-ec528cb23382,OrderRole.Standalone,OrderType.Market,_default,,PositionEffect.Close,,567704200.0,False,,OrderSide.Sell,OrderStatus.Filled,601988.SH,,TimeInForce.GTC,,,,1541347200000000000,2018-11-04T16:00:00Z
37.5375,4904565.290625,1541088000000000000,2018-11-01T16:00:00Z,52263100.0,,9348e433-5a98-4734-9657-4b7836aa8fcd,OrderRole.Standalone,OrderType.Market,_default,,PositionEffect.Open,,52263100.0,False,,OrderSide.Buy,OrderStatus.Filled,603799.SH,,TimeInForce.GTC,,,,1541347200000000000,2018-11-04T16:00:00Z
59.059,4787425.89325,1541088000000000000,2018-11-01T16:00:00Z,32424700.0,,42160166-9700-4f36-b5b1-4d01263882db,OrderRole.Standalone,OrderType.Market,_default,,PositionEffect.Open,,32424700.0,False,,OrderSide.Buy,OrderStatus.Filled,000596.SZ,,TimeInForce.GTC,,,,1541347200000000000,2018-11-04T16:00:00Z
52.71266,4771984.862645,1541088000000000000,2018-11-01T16:00:00Z,36211300.0,,5262302d-6bdd-4f7d-b83b-ede680ce2b71,OrderRole.Standalone,OrderType.Market,_default,,PositionEffect.Open,,36211300.0,False,,OrderSide.Buy,OrderStatus.Filled,000858.SZ,,TimeInForce.GTC,,,,1541347200000000000,2018-11-04T16:00:00Z
6.69669,4807840.0344975,1541088000000000000,2018-11-01T16:00:00Z,287177100.0,,ae5a6301-4a9d-4451-b229-6304ed10aca3,OrderRole.Standalone,OrderType.Market,_default,,PositionEffect.Open,,287177100.0,False,,OrderSide.Buy,OrderStatus.Filled,002027.SZ,,TimeInForce.GTC,,,,1541347200000000000,2018-11-04T16:00:00Z
31.54151,4813392.13355,1541088000000000000,2018-11-01T16:00:00Z,61042000.0,,3d4aaeb3-cdf8-4c17-8608-b27f937da59d,OrderRole.Standalone,OrderType.Market,_default,,PositionEffect.Open,,61042000.0,False,,OrderSide.Buy,OrderStatus.Filled,600309.SH,,TimeInForce.GTC,,,,1541347200000000000,2018-11-04T16:00:00Z
58.77117,4764093.8897475,1543507200000000000,2018-11-29T16:00:00Z,32424700.0,,87e1e43c-e937-4e49-bb6e-9c59e8a55f82,OrderRole.Standalone,OrderType.Market,_default,,PositionEffect.Close,,32424700.0,False,,OrderSide.Sell,OrderStatus.Filled,000596.SZ,,TimeInForce.GTC,,,,1543766400000000000,2018-12-02T16:00:00Z
54.01593,4889967.6150225,1543507200000000000,2018-11-29T16:00:00Z,36211300.0,,aaf5fd40-1683-41a0-b2ee-1965fe9a390b,OrderRole.Standalone,OrderType.Market,_default,,PositionEffect.Close,,36211300.0,False,,OrderSide.Sell,OrderStatus.Filled,000858.SZ,,TimeInForce.GTC,,,,1543766400000000000,2018-12-02T16:00:00Z
5.90409,4238798.6108475,1543507200000000000,2018-11-29T16:00:00Z,287177100.0,,b01bafaa-0478-4a12-9134-dbbb5224067e,OrderRole.Standalone,OrderType.Market,_default,,PositionEffect.Close,,287177100.0,False,,OrderSide.Sell,OrderStatus.Filled,002027.SZ,,TimeInForce.GTC,,,,1543766400000000000,2018-12-02T16:00:00Z
29.96001,4572047.32605,1543507200000000000,2018-11-29T16:00:00Z,61042000.0,,3c5b89e2-ad16-4c67-84c3-610b38a0bf79,OrderRole.Standalone,OrderType.Market,_default,,PositionEffect.Close,,61042000.0,False,,OrderSide.Sell,OrderStatus.Filled,600309.SH,,TimeInForce.GTC,,,,1543766400000000000,2018-12-02T16:00:00Z
35.2647,4607606.356425,1543507200000000000,2018-11-29T16:00:00Z,52263100.0,,5d9d3ebe-e25f-40a1-9f6f-5fd755b6bf54,OrderRole.Standalone,OrderType.Market,_default,,PositionEffect.Close,,52263100.0,False,,OrderSide.Sell,OrderStatus.Filled,603799.SH,,TimeInForce.GTC,,,,1543766400000000000,2018-12-02T16:00:00Z
10.3103,4601486.89,1543507200000000000,2018-11-29T16:00:00Z,178520000.0,,ebd9b7dd-b72e-4501-89d6-0989e307660f,OrderRole.Standalone,OrderType.Market,_default,,PositionEffect.Open,,178520000.0,False,,OrderSide.Buy,OrderStatus.Filled,002493.SZ,,TimeInForce.GTC,,,,1543766400000000000,2018-12-02T16:00:00Z
9.4094,4700350.50485,1543507200000000000,2018-11-29T16:00:00Z,199815100.0,,83ecc367-1ede-4406-b04a-b881404de296,OrderRole.Standalone,OrderType.Market,_default,,PositionEffect.Open,,199815100.0,False,,OrderSide.Buy,OrderStatus.Filled,002736.SZ,,TimeInForce.GTC,,,,1543766400000000000,2018-12-02T16:00:00Z
44.59455,4680755.454375,1543507200000000000,2018-11-29T16:00:00Z,41985000.0,,1fcc03d4-ef85-4453-9098-eb2c15d0b6f5,OrderRole.Standalone,OrderType.Market,_default,,PositionEffect.Open,,41985000.0,False,,OrderSide.Buy,OrderStatus.Filled,300033.SZ,,TimeInForce.GTC,,,,1543766400000000000,2018-12-02T16:00:00Z
13.62361,4552230.5103275,1543507200000000000,2018-11-29T16:00:00Z,133657100.0,,a321d80c-27e8-4906-9d46-e9e456d7e54e,OrderRole.Standalone,OrderType.Market,_default,,PositionEffect.Open,,133657100.0,False,,OrderSide.Buy,OrderStatus.Filled,600150.SH,,TimeInForce.GTC,,,,1543766400000000000,2018-12-02T16:00:00Z
7.72772,4550168.47285,1543507200000000000,2018-11-29T16:00:00Z,235524500.0,,8b13022e-81b0-4eaf-9eeb-12461ddd13e8,OrderRole.Standalone,OrderType.Market,_default,,PositionEffect.Open,,235524500.0,False,,OrderSide.Buy,OrderStatus.Filled,601857.SH,,TimeInForce.GTC,,,,1543766400000000000,2018-12-02T16:00:00Z
10.05993,4489746.759,1545926400000000000,2018-12-27T16:00:00Z,178520000.0,,e8b1852b-1152-4932-84c9-7c89809dca4d,OrderRole.Standalone,OrderType.Market,_default,,PositionEffect.Close,,178520000.0,False,,OrderSide.Sell,OrderStatus.Filled,002493.SZ,,TimeInForce.GTC,,,,1546358400000000000,2019-01-01T16:00:00Z
8.36163,4176949.8365325,1545926400000000000,2018-12-27T16:00:00Z,199815100.0,,ca38e71c-973a-4256-8dff-9b2aa16190e8,OrderRole.Standalone,OrderType.Market,_default,,PositionEffect.Close,,199815100.0,False,,OrderSide.Sell,OrderStatus.Filled,002736.SZ,,TimeInForce.GTC,,,,1546358400000000000,2019-01-01T16:00:00Z
38.1618,4005557.9325,1545926400000000000,2018-12-27T16:00:00Z,41985000.0,,199095bd-cfa4-43d8-85cc-dff5e2af7404,OrderRole.Standalone,OrderType.Market,_default,,PositionEffect.Close,,41985000.0,False,,OrderSide.Sell,OrderStatus.Filled,300033.SZ,,TimeInForce.GTC,,,,1546358400000000000,2019-01-01T16:00:00Z
13.11687,4382907.0131925,1545926400000000000,2018-12-27T16:00:00Z,133657100.0,,236d0dd3-071e-4b7e-8894-27fa9426dd97,OrderRole.Standalone,OrderType.Market,_default,,PositionEffect.Close,,133657100.0,False,,OrderSide.Sell,OrderStatus.Filled,600150.SH,,TimeInForce.GTC,,,,1546358400000000000,2019-01-01T16:00:00Z
7.20279,4241083.7833875,1545926400000000000,2018-12-27T16:00:00Z,235524500.0,,667da341-f6c3-47c5-84ac-aba4880f8f00,OrderRole.Standalone,OrderType.Market,_default,,PositionEffect.Close,,235524500.0,False,,OrderSide.Sell,OrderStatus.Filled,601857.SH,,TimeInForce.GTC,,,,1546358400000000000,2019-01-01T16:00:00Z
7.34734,4344803.588125,1545926400000000000,2018-12-27T16:00:00Z,236537500.0,,06705b35-de18-4fff-bc7f-e8d529cd8965,OrderRole.Standalone,OrderType.Market,_default,,PositionEffect.Open,,236537500.0,False,,OrderSide.Buy,OrderStatus.Filled,002129.SZ,,TimeInForce.GTC,,,,1546358400000000000,2019-01-01T16:00:00Z
9.7097,4193233.469425,1545926400000000000,2018-12-27T16:00:00Z,172744100.0,,56284433-b9df-4706-9afd-1a87bf8a4e93,OrderRole.Standalone,OrderType.Market,_default,,PositionEffect.Open,,172744100.0,False,,OrderSide.Buy,OrderStatus.Filled,002625.SZ,,TimeInForce.GTC,,,,1546358400000000000,2019-01-01T16:00:00Z
8.88888,4260500.18394,1545926400000000000,2018-12-27T16:00:00Z,191722700.0,,3973434c-ad53-4af1-9915-2254893c8288,OrderRole.Standalone,OrderType.Market,_default,,PositionEffect.Open,,191722700.0,False,,OrderSide.Buy,OrderStatus.Filled,300274.SZ,,TimeInForce.GTC,,,,1546358400000000000,2019-01-01T16:00:00Z
106.55645,4171125.5961375,1545926400000000000,2018-12-27T16:00:00Z,15657900.0,,d6db8b99-beea-49c6-9477-387457499b67,OrderRole.Standalone,OrderType.Market,_default,,PositionEffect.Open,,15657900.0,False,,OrderSide.Buy,OrderStatus.Filled,300760.SZ,,TimeInForce.GTC,,,,1546358400000000000,2019-01-01T16:00:00Z
30.71068,4272723.16471,1545926400000000000,2018-12-27T16:00:00Z,55651300.0,,daeb21c6-2225-4394-a4dd-4a0ef72963fc,OrderRole.Standalone,OrderType.Market,_default,,PositionEffect.Open,,55651300.0,False,,OrderSide.Buy,OrderStatus.Filled,600132.SH,,TimeInForce.GTC,,,,1546358400000000000,2019-01-01T16:00:00Z
8.23176,4867799.8275,1548691200000000000,2019-01-28T16:00:00Z,236537500.0,,7b2ba437-6d44-42e5-85e8-8d9dfaab7188,OrderRole.Standalone,OrderType.Market,_default,,PositionEffect.Close,,236537500.0,False,,OrderSide.Sell,OrderStatus.Filled,002129.SZ,,TimeInForce.GTC,,,,1548777600000000000,2019-01-29T16:00:00Z
10.05993,2045744.6100975,1548691200000000000,2019-01-28T16:00:00Z,81342300.0,,6abbe478-2000-4dcc-9688-3b6c413bf21e,OrderRole.Standalone,OrderType.Market,_default,,PositionEffect.Close,,81342300.0,False,,OrderSide.Sell,OrderStatus.Filled,002625.SZ,,TimeInForce.GTC,,,,1548777600000000000,2019-01-29T16:00:00Z
11.32866,3149534.577735,1548691200000000000,2019-01-28T16:00:00Z,111205900.0,,010c526d-17a0-426d-af97-53cbcb532e84,OrderRole.Standalone,OrderType.Market,_default,,PositionEffect.Close,,111205900.0,False,,OrderSide.Sell,OrderStatus.Filled,300274.SZ,,TimeInForce.GTC,,,,1548777600000000000,2019-01-29T16:00:00Z
103.6962,4059161.82495,1548691200000000000,2019-01-28T16:00:00Z,15657900.0,,0cf3eb05-cd21-4494-bb4d-76a90539f34f,OrderRole.Standalone,OrderType.Market,_default,,PositionEffect.Close,,15657900.0,False,,OrderSide.Sell,OrderStatus.Filled,300760.SZ,,TimeInForce.GTC,,,,1548777600000000000,2019-01-29T16:00:00Z
31.98798,4450431.678435,1548691200000000000,2019-01-28T16:00:00Z,55651300.0,,0710983e-3a9b-400f-996a-dd6dde70f405,OrderRole.Standalone,OrderType.Market,_default,,PositionEffect.Close,,55651300.0,False,,OrderSide.Sell,OrderStatus.Filled,600132.SH,,TimeInForce.GTC,,,,1548777600000000000,2019-01-29T16:00:00Z
20.97095,2308765.283825,1548691200000000000,2019-01-28T16:00:00Z,44037400.0,,bbf3621c-975c-4fff-9aa3-6a5f7a254665,OrderRole.Standalone,OrderType.Market,_default,,PositionEffect.Open,,44037400.0,False,,OrderSide.Buy,OrderStatus.Filled,600745.SH,,TimeInForce.GTC,,,,1548777600000000000,2019-01-29T16:00:00Z
11.50149,2271397.6310025,1548691200000000000,2019-01-28T16:00:00Z,78994900.0,,e2eee48f-3eba-47a4-9e33-6fc922d54c10,OrderRole.Standalone,OrderType.Market,_default,,PositionEffect.Open,,78994900.0,False,,OrderSide.Buy,OrderStatus.Filled,601066.SH,,TimeInForce.GTC,,,,1548777600000000000,2019-01-29T16:00:00Z
19.99998,2301052.698945,1548691200000000000,2019-01-28T16:00:00Z,46021100.0,,9186de3f-94c1-4e39-9286-eb30749aff24,OrderRole.Standalone,OrderType.Market,_default,,PositionEffect.Open,,46021100.0,False,,OrderSide.Buy,OrderStatus.Filled,000063.SZ,,TimeInForce.GTC,,,,1548777600000000000,2019-01-29T16:00:00Z
26.27625,2283649.1803125,1548691200000000000,2019-01-28T16:00:00Z,34763700.0,,1d1b9b6d-9fcf-49ec-b11f-a63f2c500c43,OrderRole.Standalone,OrderType.Market,_default,,PositionEffect.Open,,34763700.0,False,,OrderSide.Buy,OrderStatus.Filled,000963.SZ,,TimeInForce.GTC,,,,1548777600000000000,2019-01-29T16:00:00Z
6.33633,2283019.3010625,1548691200000000000,2019-01-28T16:00:00Z,144122500.0,,33a62a5c-3476-44dc-9809-351ebf8189c4,OrderRole.Standalone,OrderType.Market,_default,,PositionEffect.Open,,144122500.0,False,,OrderSide.Buy,OrderStatus.Filled,002252.SZ,,TimeInForce.GTC,,,,1548777600000000000,2019-01-29T16:00:00Z
9.7097,2349494.9478,1548691200000000000,2019-01-28T16:00:00Z,96789600.0,,d7608556-7dd7-461d-95ec-d648a6df9792,OrderRole.Standalone,OrderType.Market,_default,,PositionEffect.Open,,96789600.0,False,,OrderSide.Buy,OrderStatus.Filled,002384.SZ,,TimeInForce.GTC,,,,1548777600000000000,2019-01-29T16:00:00Z
12.47246,2207167.057095,1548691200000000000,2019-01-28T16:00:00Z,70785300.0,,9c9d446a-f435-457b-a74c-79cc5448ccc6,OrderRole.Standalone,OrderType.Market,_default,,PositionEffect.Open,,70785300.0,False,,OrderSide.Buy,OrderStatus.Filled,002459.SZ,,TimeInForce.GTC,,,,1548777600000000000,2019-01-29T16:00:00Z
17.02701,2284931.093445,1548691200000000000,2019-01-28T16:00:00Z,53677800.0,,b5a18b12-d97c-4291-bd8d-a2f8d2f7282f,OrderRole.Standalone,OrderType.Market,_default,,PositionEffect.Open,,53677800.0,False,,OrderSide.Buy,OrderStatus.Filled,002837.SZ,,TimeInForce.GTC,,,,1548777600000000000,2019-01-29T16:00:00Z
9.76023,2230256.476035,1548777600000000000,2019-01-29T16:00:00Z,91401800.0,,527b7138-c07d-4d0c-a2cb-2e53e48a9108,OrderRole.Standalone,OrderType.Market,_default,,PositionEffect.Close,,91401800.0,False,,OrderSide.Sell,OrderStatus.Filled,002625.SZ,,TimeInForce.GTC,,,,1548864000000000000,2019-01-30T16:00:00Z
11.19879,2254226.83668,1548777600000000000,2019-01-29T16:00:00Z,80516800.0,,6df92c1e-f4f5-4f39-ac41-bd4ccd8e7896,OrderRole.Standalone,OrderType.Market,_default,,PositionEffect.Close,,80516800.0,False,,OrderSide.Sell,OrderStatus.Filled,300274.SZ,,TimeInForce.GTC,,,,1548864000000000000,2019-01-30T16:00:00Z
32.39757,3727429.5218175,1551715200000000000,2019-03-04T16:00:00Z,46021100.0,,d4c37139-df7d-43b2-aeb5-3fac1b67ceec,OrderRole.Standalone,OrderType.Market,_default,,PositionEffect.Close,,46021100.0,False,,OrderSide.Sell,OrderStatus.Filled,000063.SZ,,TimeInForce.GTC,,,,1551801600000000000,2019-03-05T16:00:00Z
17.33265,1131731.0485875,1551715200000000000,2019-03-04T16:00:00Z,26117900.0,,a3712dbd-58fa-4183-ad18-37e44c21b6f0,OrderRole.Standalone,OrderType.Market,_default,,PositionEffect.Close,,26117900.0,False,,OrderSide.Sell,OrderStatus.Filled,002384.SZ,,TimeInForce.GTC,,,,1551801600000000000,2019-03-05T16:00:00Z
21.05892,2825991.23994,1551715200000000000,2019-03-04T16:00:00Z,53677800.0,,3665b20d-97fb-445c-a4ec-69b96d803f7f,OrderRole.Standalone,OrderType.Market,_default,,PositionEffect.Close,,53677800.0,False,,OrderSide.Sell,OrderStatus.Filled,002837.SZ,,TimeInForce.GTC,,,,1551801600000000000,2019-03-05T16:00:00Z
30.88908,3400686.92898,1551715200000000000,2019-03-04T16:00:00Z,44037400.0,,2afc036a-1b0d-4f9a-bee2-ca461b2c9dab,OrderRole.Standalone,OrderType.Market,_default,,PositionEffect.Close,,44037400.0,False,,OrderSide.Sell,OrderStatus.Filled,600745.SH,,TimeInForce.GTC,,,,1551801600000000000,2019-03-05T16:00:00Z
26.23374,2007458.25228,1551715200000000000,2019-03-04T16:00:00Z,30608800.0,,7887ba5e-bbcd-4d1a-b08f-af392c209a47,OrderRole.Standalone,OrderType.Market,_default,,PositionEffect.Close,,30608800.0,False,,OrderSide.Sell,OrderStatus.Filled,601066.SH,,TimeInForce.GTC,,,,1551801600000000000,2019-03-05T16:00:00Z
,0.0,1551715200000000000,2019-03-04T16:00:00Z,0.0,,40df5b92-1b75-446c-bed6-8cae89b40691,OrderRole.Standalone,OrderType.Market,_default,,PositionEffect.Close,,144122500.0,False,"Symbol 002252.SZ not tradable (zero volume, suspension) at execution timestamp 1551801600000000000",OrderSide.Sell,OrderStatus.Rejected,002252.SZ,,TimeInForce.GTC,,,,1551801600000000000,2019-03-05T16:00:00Z
7.26726,3429761.55522,1551715200000000000,2019-03-04T16:00:00Z,188778800.0,,ee7592a3-1b89-42b9-ab13-8988a808bd08,OrderRole.Standalone,OrderType.Market,_default,,PositionEffect.Open,,188778800.0,False,,OrderSide.Buy,OrderStatus.Filled,002600.SZ,,TimeInForce.GTC,,,,1551801600000000000,2019-03-05T16:00:00Z
81.5815,3062712.277625,1551715200000000000,2019-03-04T16:00:00Z,15016700.0,,bae20dc4-f7e1-4f90-a058-549756fd91ae,OrderRole.Standalone,OrderType.Market,_default,,PositionEffect.Open,,15016700.0,False,,OrderSide.Buy,OrderStatus.Filled,300033.SZ,,TimeInForce.GTC,,,,1551801600000000000,2019-03-05T16:00:00Z
173.173,3130794.667,1551715200000000000,2019-03-04T16:00:00Z,7231600.0,,ad602c2a-772b-4be7-95da-bf8432e0aa29,OrderRole.Standalone,OrderType.Market,_default,,PositionEffect.Open,,7231600.0,False,,OrderSide.Buy,OrderStatus.Filled,300751.SZ,,TimeInForce.GTC,,,,1551801600000000000,2019-03-05T16:00:00Z
41.80176,3101617.43892,1551715200000000000,2019-03-04T16:00:00Z,29679300.0,,8fb4f172-5e11-4469-bf60-32bd63848ff5,OrderRole.Standalone,OrderType.Market,_default,,PositionEffect.Open,,29679300.0,False,,OrderSide.Buy,OrderStatus.Filled,300759.SZ,,TimeInForce.GTC,,,,1551801600000000000,2019-03-05T16:00:00Z
11.06105,3250331.0214375,1551715200000000000,2019-03-04T16:00:00Z,117541500.0,,93676b91-e974-4d77-93b6-9731e942b1ae,OrderRole.Standalone,OrderType.Market,_default,,PositionEffect.Open,,117541500.0,False,,OrderSide.Buy,OrderStatus.Filled,601319.SH,,TimeInForce.GTC,,,,1551801600000000000,2019-03-05T16:00:00Z
,0.0,1551715200000000000,2019-03-04T16:00:00Z,0.0,,05ead05e-3369-4925-92e8-e79dae0fb526,OrderRole.Standalone,OrderType.Market,_default,,PositionEffect.Open,,106399700.0,False,"Risk: Insufficient margin at execution. Required: 1250304393.555717500000000000, Available: 1117675516.352136630760602169",OrderSide.Buy,OrderStatus.Rejected,601881.SH,,TimeInForce.GTC,,,,1551801600000000000,2019-03-05T16:00:00Z
13.5135,904809.906,1551715200000000000,2019-03-04T16:00:00Z,26782400.0,,881d8629-dcdc-415c-9bfa-1b43e58b9358,OrderRole.Standalone,OrderType.Market,_default,,PositionEffect.Open,,26782400.0,False,,OrderSide.Buy,OrderStatus.Filled,002459.SZ,,TimeInForce.GTC,,,,1551801600000000000,2019-03-05T16:00:00Z
31.47144,380820.15972,1551715200000000000,2019-03-04T16:00:00Z,4840200.0,,53007d36-3e79-4189-9217-2d2aaf854759,OrderRole.Standalone,OrderType.Market,_default,,PositionEffect.Open,,4840200.0,False,,OrderSide.Buy,OrderStatus.Filled,000963.SZ,,TimeInForce.GTC,,,,1551801600000000000,2019-03-05T16:00:00Z
31.35861,3104808.1364475,1551801600000000000,2019-03-05T16:00:00Z,39603900.0,,a632986e-5848-4727-b23f-2b003a946816,OrderRole.Standalone,OrderType.Market,_default,,PositionEffect.Close,,39603900.0,False,,OrderSide.Sell,OrderStatus.Filled,000963.SZ,,TimeInForce.GTC,,,,1551888000000000000,2019-03-06T16:00:00Z
16.84314,2975833.342845,1551801600000000000,2019-03-05T16:00:00Z,70671700.0,,059c6892-bcd8-48c5-b143-4fbe71f6388f,OrderRole.Standalone,OrderType.Market,_default,,PositionEffect.Close,,70671700.0,False,,OrderSide.Sell,OrderStatus.Filled,002384.SZ,,TimeInForce.GTC,,,,1551888000000000000,2019-03-06T16:00:00Z
13.33665,3253065.6655125,1551801600000000000,2019-03-05T16:00:00Z,97567700.0,,d3978edb-8148-4774-a29a-908cfdabe5ef,OrderRole.Standalone,OrderType.Market,_default,,PositionEffect.Close,,97567700.0,False,,OrderSide.Sell,OrderStatus.Filled,002459.SZ,,TimeInForce.GTC,,,,1551888000000000000,2019-03-06T16:00:00Z
30.5694,3697835.11335,1551801600000000000,2019-03-05T16:00:00Z,48386100.0,,912849e5-2347-438b-af5c-a17df9b71ec3,OrderRole.Standalone,OrderType.Market,_default,,PositionEffect.Close,,48386100.0,False,,OrderSide.Sell,OrderStatus.Filled,601066.SH,,TimeInForce.GTC,,,,1551888000000000000,2019-03-06T16:00:00Z
9.99,3599459.4375,1554134400000000000,2019-04-01T16:00:00Z,144122500.0,,4243e637-7733-46c4-8fef-c35eeec7483b,OrderRole.Standalone,OrderType.Market,_default,,PositionEffect.Close,,144122500.0,False,,OrderSide.Sell,OrderStatus.Filled,002252.SZ,,TimeInForce.GTC,,,,1554220800000000000,2019-04-02T16:00:00Z
5.77422,2725125.80634,1554134400000000000,2019-04-01T16:00:00Z,188778800.0,,2715d3b8-e1e0-423b-bfef-f1a8789eafba,OrderRole.Standalone,OrderType.Market,_default,,PositionEffect.Close,,188778800.0,False,,OrderSide.Sell,OrderStatus.Filled,002600.SZ,,TimeInForce.GTC,,,,1554220800000000000,2019-04-02T16:00:00Z
112.62726,964173.816045,1554134400000000000,2019-04-01T16:00:00Z,3424300.0,,d1489c3d-a8fa-41a3-9d74-00dfb0e67b9a,OrderRole.Standalone,OrderType.Market,_default,,PositionEffect.Close,,3424300.0,False,,OrderSide.Sell,OrderStatus.Filled,300033.SZ,,TimeInForce.GTC,,,,1554220800000000000,2019-04-02T16:00:00Z
181.818,3287087.622,1554134400000000000,2019-04-01T16:00:00Z,7231600.0,,6d0e2851-0469-4851-bdb6-37abd151a4d2,OrderRole.Standalone,OrderType.Market,_default,,PositionEffect.Close,,7231600.0,False,,OrderSide.Sell,OrderStatus.Filled,300751.SZ,,TimeInForce.GTC,,,,1554220800000000000,2019-04-02T16:00:00Z
42.957,3187334.22525,1554134400000000000,2019-04-01T16:00:00Z,29679300.0,,ba4aeb9c-98f6-44fe-9693-ba3174df0aa8,OrderRole.Standalone,OrderType.Market,_default,,PositionEffect.Close,,29679300.0,False,,OrderSide.Sell,OrderStatus.Filled,300759.SZ,,TimeInForce.GTC,,,,1554220800000000000,2019-04-02T16:00:00Z
9.99999,2938534.5614625,1554134400000000000,2019-04-01T16:00:00Z,117541500.0,,4a4386c0-698b-4be7-9ae4-ad9a3f63e6f3,OrderRole.Standalone,OrderType.Market,_default,,PositionEffect.Close,,117541500.0,False,,OrderSide.Sell,OrderStatus.Filled,601319.SH,,TimeInForce.GTC,,,,1554220800000000000,2019-04-02T16:00:00Z
31.91188,3232450.06084,1554134400000000000,2019-04-01T16:00:00Z,40517200.0,,38385bc7-edfa-4112-b9b6-676c9ab15ab5,OrderRole.Standalone,OrderType.Market,_default,,PositionEffect.Open,,40517200.0,False,,OrderSide.Buy,OrderStatus.Filled,000002.SZ,,TimeInForce.GTC,,,,1554220800000000000,2019-04-02T16:00:00Z
65.7657,3204088.462575,1554134400000000000,2019-04-01T16:00:00Z,19487900.0,,e585a66a-e96d-4177-ac25-944de085fb7a,OrderRole.Standalone,OrderType.Market,_default,,PositionEffect.Open,,19487900.0,False,,OrderSide.Buy,OrderStatus.Filled,000568.SZ,,TimeInForce.GTC,,,,1554220800000000000,2019-04-02T16:00:00Z
94.70461,3194623.256825,1554134400000000000,2019-04-01T16:00:00Z,13493000.0,,69724e03-c1f5-4e1e-bd50-14718344aa21,OrderRole.Standalone,OrderType.Market,_default,,PositionEffect.Open,,13493000.0,False,,OrderSide.Buy,OrderStatus.Filled,000858.SZ,,TimeInForce.GTC,,,,1554220800000000000,2019-04-02T16:00:00Z
47.02698,3204712.335825,1554134400000000000,2019-04-01T16:00:00Z,27258500.0,,de52182b-8b27-4520-9c07-248f1bda11c2,OrderRole.Standalone,OrderType.Market,_default,,PositionEffect.Open,,27258500.0,False,,OrderSide.Buy,OrderStatus.Filled,600309.SH,,TimeInForce.GTC,,,,1554220800000000000,2019-04-02T16:00:00Z
840.96012,3205739.97744,1554134400000000000,2019-04-01T16:00:00Z,1524800.0,,2b2ee3cd-9d1d-4434-bcce-b179d288da63,OrderRole.Standalone,OrderType.Market,_default,,PositionEffect.Open,,1524800.0,False,,OrderSide.Buy,OrderStatus.Filled,600519.SH,,TimeInForce.GTC,,,,1554220800000000000,2019-04-02T16:00:00Z
35.15512,3207975.01024,1554134400000000000,2019-04-01T16:00:00Z,36500800.0,,fd119571-a568-4350-8d47-bdd89d3efd9a,OrderRole.Standalone,OrderType.Market,_default,,PositionEffect.Open,,36500800.0,False,,OrderSide.Buy,OrderStatus.Filled,600588.SH,,TimeInForce.GTC,,,,1554220800000000000,2019-04-02T16:00:00Z
29.10908,3218147.06213,1554134400000000000,2019-04-01T16:00:00Z,44221900.0,,79f168a8-788a-466b-b636-a756c5d1ebd7,OrderRole.Standalone,OrderType.Market,_default,,PositionEffect.Open,,44221900.0,False,,OrderSide.Buy,OrderStatus.Filled,600887.SH,,TimeInForce.GTC,,,,1554220800000000000,2019-04-02T16:00:00Z
65.31525,3242102.0506875,1554134400000000000,2019-04-01T16:00:00Z,19855100.0,,7b6d9ae8-aa74-494a-abc9-4b82dd811456,OrderRole.Standalone,OrderType.Market,_default,,PositionEffect.Open,,19855100.0,False,,OrderSide.Buy,OrderStatus.Filled,600276.SH,,TimeInForce.GTC,,,,1554220800000000000,2019-04-02T16:00:00Z
96.36627,3206274.4438725,1554134400000000000,2019-04-01T16:00:00Z,13308700.0,,4ef15024-6895-4fd1-a0e9-e8f4ed4908f8,OrderRole.Standalone,OrderType.Market,_default,,PositionEffect.Open,,13308700.0,False,,OrderSide.Buy,OrderStatus.Filled,600570.SH,,TimeInForce.GTC,,,,1554220800000000000,2019-04-02T16:00:00Z
124.875,3619002.375,1554220800000000000,2019-04-02T16:00:00Z,11592400.0,,0b6d470e-c271-466f-981d-980431c28e64,OrderRole.Standalone,OrderType.Market,_default,,PositionEffect.Close,,11592400.0,False,,OrderSide.Sell,OrderStatus.Filled,300033.SZ,,TimeInForce.GTC,,,,1554307200000000000,2019-04-03T16:00:00Z
27.43254,2778724.27422,1557072000000000000,2019-05-05T16:00:00Z,40517200.0,,9c0bff8a-e0d4-4944-8ac7-ee81f9740a2d,OrderRole.Standalone,OrderType.Market,_default,,PositionEffect.Close,,40517200.0,False,,OrderSide.Sell,OrderStatus.Filled,000002.SZ,,TimeInForce.GTC,,,,1557158400000000000,2019-05-06T16:00:00Z
70.4295,3431307.632625,1557072000000000000,2019-05-05T16:00:00Z,19487900.0,,289ee77d-50c9-4713-b0b5-5d69fe256510,OrderRole.Standalone,OrderType.Market,_default,,PositionEffect.Close,,19487900.0,False,,OrderSide.Sell,OrderStatus.Filled,000568.SZ,,TimeInForce.GTC,,,,1557158400000000000,2019-05-06T16:00:00Z
93.2067,3144095.00775,1557072000000000000,2019-05-05T16:00:00Z,13493000.0,,32c727f0-5367-4e12-ac6f-a752f0037da0,OrderRole.Standalone,OrderType.Market,_default,,PositionEffect.Close,,13493000.0,False,,OrderSide.Sell,OrderStatus.Filled,000858.SZ,,TimeInForce.GTC,,,,1557158400000000000,2019-05-06T16:00:00Z
64.7352,3213309.6738,1557072000000000000,2019-05-05T16:00:00Z,19855100.0,,9721caa0-f8b5-4c4d-a941-dea07c4a31f1,OrderRole.Standalone,OrderType.Market,_default,,PositionEffect.Close,,19855100.0,False,,OrderSide.Sell,OrderStatus.Filled,600276.SH,,TimeInForce.GTC,,,,1557158400000000000,2019-05-06T16:00:00Z
42.57738,2901488.781825,1557072000000000000,2019-05-05T16:00:00Z,27258500.0,,6e3d8a9d-cd4c-47d8-9f5a-b4dec0fca0ed,OrderRole.Standalone,OrderType.Market,_default,,PositionEffect.Close,,27258500.0,False,,OrderSide.Sell,OrderStatus.Filled,600309.SH,,TimeInForce.GTC,,,,1557158400000000000,2019-05-06T16:00:00Z
892.38672,3401778.17664,1557072000000000000,2019-05-05T16:00:00Z,1524800.0,,97e88952-1bfa-4344-8616-abcce8f8a291,OrderRole.Standalone,OrderType.Market,_default,,PositionEffect.Close,,1524800.0,False,,OrderSide.Sell,OrderStatus.Filled,600519.SH,,TimeInForce.GTC,,,,1557158400000000000,2019-05-06T16:00:00Z
75.31461,2505848.8752675,1557072000000000000,2019-05-05T16:00:00Z,13308700.0,,ee315bd8-0261-4097-9217-8ee60221967e,OrderRole.Standalone,OrderType.Market,_default,,PositionEffect.Close,,13308700.0,False,,OrderSide.Sell,OrderStatus.Filled,600570.SH,,TimeInForce.GTC,,,,1557158400000000000,2019-05-06T16:00:00Z
21.978,2005536.456,1557072000000000000,2019-05-05T16:00:00Z,36500800.0,,6e068d98-d2f7-45f2-8fab-176dd5ef1f7e,OrderRole.Standalone,OrderType.Market,_default,,PositionEffect.Close,,36500800.0,False,,OrderSide.Sell,OrderStatus.Filled,600588.SH,,TimeInForce.GTC,,,,1557158400000000000,2019-05-06T16:00:00Z
29.97,3313325.8575,1557072000000000000,2019-05-05T16:00:00Z,44221900.0,,375adea1-70f9-47c6-811e-a802d68d9774,OrderRole.Standalone,OrderType.Market,_default,,PositionEffect.Close,,44221900.0,False,,OrderSide.Sell,OrderStatus.Filled,600887.SH,,TimeInForce.GTC,,,,1557158400000000000,2019-05-06T16:00:00Z
27.8278,3148026.83195,1557072000000000000,2019-05-05T16:00:00Z,45250100.0,,b3d60ce7-c3e8-4734-bc22-6e0d49e9f27a,OrderRole.Standalone,OrderType.Market,_default,,PositionEffect.Open,,45250100.0,False,,OrderSide.Buy,OrderStatus.Filled,603799.SH,,TimeInForce.GTC,,,,1557158400000000000,2019-05-06T16:00:00Z
9.8098,3095048.30635,1557072000000000000,2019-05-05T16:00:00Z,126202300.0,,2d72a3cd-bfe9-4306-ba1e-24e5f122a3dc,OrderRole.Standalone,OrderType.Market,_default,,PositionEffect.Open,,126202300.0,False,,OrderSide.Buy,OrderStatus.Filled,000408.SZ,,TimeInForce.GTC,,,,1557158400000000000,2019-05-06T16:00:00Z
291.31102,3103700.434835,1557072000000000000,2019-05-05T16:00:00Z,4261700.0,,a20f4f95-356b-4d24-a9d5-7d1d685f505b,OrderRole.Standalone,OrderType.Market,_default,,PositionEffect.Open,,4261700.0,False,,OrderSide.Buy,OrderStatus.Filled,000661.SZ,,TimeInForce.GTC,,,,1557158400000000000,2019-05-06T16:00:00Z
17.4174,3158101.19625,1557072000000000000,2019-05-05T16:00:00Z,72527500.0,,d2a6e3a8-f842-4368-8921-c22a0a7291a0,OrderRole.Standalone,OrderType.Market,_default,,PositionEffect.Open,,72527500.0,False,,OrderSide.Buy,OrderStatus.Filled,000876.SZ,,TimeInForce.GTC,,,,1557158400000000000,2019-05-06T16:00:00Z
14.29428,3135532.51011,1557072000000000000,2019-05-05T16:00:00Z,87742300.0,,a5705131-dd2d-4926-9ba6-03656962bcba,OrderRole.Standalone,OrderType.Market,_default,,PositionEffect.Open,,87742300.0,False,,OrderSide.Buy,OrderStatus.Filled,002074.SZ,,TimeInForce.GTC,,,,1557158400000000000,2019-05-06T16:00:00Z
10.13012,3058911.29544,1557072000000000000,2019-05-05T16:00:00Z,120784800.0,,0ae9d826-9f0d-4271-84fb-c019b5ed7ffc,OrderRole.Standalone,OrderType.Market,_default,,PositionEffect.Open,,120784800.0,False,,OrderSide.Buy,OrderStatus.Filled,002463.SZ,,TimeInForce.GTC,,,,1557158400000000000,2019-05-06T16:00:00Z
28.67865,3133199.8698,1557072000000000000,2019-05-05T16:00:00Z,43700800.0,,fc223b6e-2254-4265-8d8a-5fa0ef89708d,OrderRole.Standalone,OrderType.Market,_default,,PositionEffect.Open,,43700800.0,False,,OrderSide.Buy,OrderStatus.Filled,002466.SZ,,TimeInForce.GTC,,,,1557158400000000000,2019-05-06T16:00:00Z
61.91185,3189481.820525,1557072000000000000,2019-05-05T16:00:00Z,20606600.0,,4c1dac0f-2dee-4e85-8b38-590930ab36bf,OrderRole.Standalone,OrderType.Market,_default,,PositionEffect.Open,,20606600.0,False,,OrderSide.Buy,OrderStatus.Filled,002714.SZ,,TimeInForce.GTC,,,,1557158400000000000,2019-05-06T16:00:00Z
81.5815,3081190.487375,1557072000000000000,2019-05-05T16:00:00Z,15107300.0,,7109de3f-6991-4cde-ac6f-9a5d7b0667ec,OrderRole.Standalone,OrderType.Market,_default,,PositionEffect.Open,,15107300.0,False,,OrderSide.Buy,OrderStatus.Filled,300033.SZ,,TimeInForce.GTC,,,,1557158400000000000,2019-05-06T16:00:00Z
40.69065,3134441.46015,1557072000000000000,2019-05-05T16:00:00Z,30812400.0,,c1e0d50b-efb4-428d-a826-8c46abe9f124,OrderRole.Standalone,OrderType.Market,_default,,PositionEffect.Open,,30812400.0,False,,OrderSide.Buy,OrderStatus.Filled,300122.SZ,,TimeInForce.GTC,,,,1557158400000000000,2019-05-06T16:00:00Z
7.13286,2250458.343945,1559491200000000000,2019-06-02T16:00:00Z,126202300.0,,ab1896ce-631c-4bd2-bc45-a234b1852432,OrderRole.Standalone,OrderType.Market,_default,,PositionEffect.Close,,126202300.0,False,,OrderSide.Sell,OrderStatus.Filled,000408.SZ,,TimeInForce.GTC,,,,1559577600000000000,2019-06-03T16:00:00Z
314.81487,3354116.3286975,1559491200000000000,2019-06-02T16:00:00Z,4261700.0,,b6338715-a2c7-4592-a533-6c874e149d91,OrderRole.Standalone,OrderType.Market,_default,,PositionEffect.Close,,4261700.0,False,,OrderSide.Sell,OrderStatus.Filled,000661.SZ,,TimeInForce.GTC,,,,1559577600000000000,2019-06-03T16:00:00Z
19.77021,583670.9672775,1559491200000000000,2019-06-02T16:00:00Z,11809100.0,,738e495a-f694-44e8-a363-2a517fc06f1f,OrderRole.Standalone,OrderType.Market,_default,,PositionEffect.Close,,11809100.0,False,,OrderSide.Sell,OrderStatus.Filled,000876.SZ,,TimeInForce.GTC,,,,1559577600000000000,2019-06-03T16:00:00Z
12.4875,2739204.928125,1559491200000000000,2019-06-02T16:00:00Z,87742300.0,,8e915edf-93e3-4234-b871-6e5d009073c7,OrderRole.Standalone,OrderType.Market,_default,,PositionEffect.Close,,87742300.0,False,,OrderSide.Sell,OrderStatus.Filled,002074.SZ,,TimeInForce.GTC,,,,1559577600000000000,2019-06-03T16:00:00Z
10.14984,3064865.98608,1559491200000000000,2019-06-02T16:00:00Z,120784800.0,,f9673379-a27d-4e35-a47b-fa98bcad0b8a,OrderRole.Standalone,OrderType.Market,_default,,PositionEffect.Close,,120784800.0,False,,OrderSide.Sell,OrderStatus.Filled,002463.SZ,,TimeInForce.GTC,,,,1559577600000000000,2019-06-03T16:00:00Z
27.06291,2956677.04332,1559491200000000000,2019-06-02T16:00:00Z,43700800.0,,0dd719d1-45bf-4f20-86c9-46f581b0a30e,OrderRole.Standalone,OrderType.Market,_default,,PositionEffect.Close,,43700800.0,False,,OrderSide.Sell,OrderStatus.Filled,002466.SZ,,TimeInForce.GTC,,,,1559577600000000000,2019-06-03T16:00:00Z
64.1358,299979.17055,1559491200000000000,2019-06-02T16:00:00Z,1870900.0,,3f83a77e-b4d3-4ed2-bdc9-d811b1a11592,OrderRole.Standalone,OrderType.Market,_default,,PositionEffect.Close,,1870900.0,False,,OrderSide.Sell,OrderStatus.Filled,002714.SZ,,TimeInForce.GTC,,,,1559577600000000000,2019-06-03T16:00:00Z
84.14577,163621.449765,1559491200000000000,2019-06-02T16:00:00Z,777800.0,,7d2bcb96-3ad1-4294-9312-d12010782d4b,OrderRole.Standalone,OrderType.Market,_default,,PositionEffect.Close,,777800.0,False,,OrderSide.Sell,OrderStatus.Filled,300033.SZ,,TimeInForce.GTC,,,,1559577600000000000,2019-06-03T16:00:00Z
12.5874,3.14685,1559491200000000000,2019-06-02T16:00:00Z,100.0,,a288fff2-9646-4500-80c6-118304ad6de5,OrderRole.Standalone,OrderType.Market,_default,,PositionEffect.Close,,100.0,False,,OrderSide.Sell,OrderStatus.Filled,300059.SZ,,TimeInForce.GTC,,,,1559577600000000000,2019-06-03T16:00:00Z
40.0599,3085854.1569,1559491200000000000,2019-06-02T16:00:00Z,30812400.0,,822dccd8-5110-49d7-b3eb-9a6871f3ef57,OrderRole.Standalone,OrderType.Market,_default,,PositionEffect.Close,,30812400.0,False,,OrderSide.Sell,OrderStatus.Filled,300122.SZ,,TimeInForce.GTC,,,,1559577600000000000,2019-06-03T16:00:00Z
22.78719,617361.945075,1559491200000000000,2019-06-02T16:00:00Z,10837000.0,,812c2fba-696d-44ba-9510-dc8974ccde31,OrderRole.Standalone,OrderType.Market,_default,,PositionEffect.Close,,10837000.0,False,,OrderSide.Sell,OrderStatus.Filled,600588.SH,,TimeInForce.GTC,,,,1559577600000000000,2019-06-03T16:00:00Z
26.973,3051327.36825,1559491200000000000,2019-06-02T16:00:00Z,45250100.0,,9e736e49-5d29-4295-bf36-5af452c2942a,OrderRole.Standalone,OrderType.Market,_default,,PositionEffect.Close,,45250100.0,False,,OrderSide.Sell,OrderStatus.Filled,603799.SH,,TimeInForce.GTC,,,,1559577600000000000,2019-06-03T16:00:00Z
106.37627,3062493.0310975,1559491200000000000,2019-06-02T16:00:00Z,11515700.0,,aa2044e9-c9a2-4cda-b091-fa93c929ba49,OrderRole.Standalone,OrderType.Market,_default,,PositionEffect.Open,,11515700.0,False,,OrderSide.Buy,OrderStatus.Filled,000596.SZ,,TimeInForce.GTC,,,,1559577600000000000,2019-06-03T16:00:00Z
113.75364,3052522.05258,1559491200000000000,2019-06-02T16:00:00Z,10733800.0,,12cbb3e7-4035-4f91-983e-7058f753e9d9,OrderRole.Standalone,OrderType.Market,_default,,PositionEffect.Open,,10733800.0,False,,OrderSide.Buy,OrderStatus.Filled,002304.SZ,,TimeInForce.GTC,,,,1559577600000000000,2019-06-03T16:00:00Z
18.018,3047375.331,1559491200000000000,2019-06-02T16:00:00Z,67651800.0,,468995a6-7997-4562-bbba-0a16f090ee16,OrderRole.Standalone,OrderType.Market,_default,,PositionEffect.Open,,67651800.0,False,,OrderSide.Buy,OrderStatus.Filled,002558.SZ,,TimeInForce.GTC,,,,1559577600000000000,2019-06-03T16:00:00Z
84.6846,3108517.6122,1559491200000000000,2019-06-02T16:00:00Z,14682800.0,,f78e702e-8474-4a0a-b207-c0df4a9caf1d,OrderRole.Standalone,OrderType.Market,_default,,PositionEffect.Open,,14682800.0,False,,OrderSide.Buy,OrderStatus.Filled,002916.SZ,,TimeInForce.GTC,,,,1559577600000000000,2019-06-03T16:00:00Z
24.71469,3040598.88132,1559491200000000000,2019-06-02T16:00:00Z,49211200.0,,e653d0af-de10-4dd7-923b-2118ad15b61e,OrderRole.Standalone,OrderType.Market,_default,,PositionEffect.Open,,49211200.0,False,,OrderSide.Buy,OrderStatus.Filled,300142.SZ,,TimeInForce.GTC,,,,1559577600000000000,2019-06-03T16:00:00Z
19.25924,3044649.91831,1559491200000000000,2019-06-02T16:00:00Z,63235100.0,,e053e535-cead-4003-b202-1b73e745921d,OrderRole.Standalone,OrderType.Market,_default,,PositionEffect.Open,,63235100.0,False,,OrderSide.Buy,OrderStatus.Filled,600150.SH,,TimeInForce.GTC,,,,1559577600000000000,2019-06-03T16:00:00Z
895.895,3064408.8475,1559491200000000000,2019-06-02T16:00:00Z,1368200.0,,235cff8d-3a33-49da-a907-267344ce5326,OrderRole.Standalone,OrderType.Market,_default,,PositionEffect.Open,,1368200.0,False,,OrderSide.Buy,OrderStatus.Filled,600519.SH,,TimeInForce.GTC,,,,1559577600000000000,2019-06-03T16:00:00Z
20.4795,3108706.182,1559577600000000000,2019-06-03T16:00:00Z,60718400.0,,430f25f5-7805-40c6-b149-26957ff4b4c2,OrderRole.Standalone,OrderType.Market,_default,,PositionEffect.Close,,60718400.0,False,,OrderSide.Sell,OrderStatus.Filled,000876.SZ,,TimeInForce.GTC,,,,1559664000000000000,2019-06-04T16:00:00Z
63.1368,2957280.3594,1559577600000000000,2019-06-03T16:00:00Z,18735700.0,,a1f0cfe2-0f6f-49a1-a693-ff09b829f66d,OrderRole.Standalone,OrderType.Market,_default,,PositionEffect.Close,,18735700.0,False,,OrderSide.Sell,OrderStatus.Filled,002714.SZ,,TimeInForce.GTC,,,,1559664000000000000,2019-06-04T16:00:00Z
87.49242,3134306.580975,1559577600000000000,2019-06-03T16:00:00Z,14329500.0,,5250b42a-f111-4aa8-ab52-e566dffb55d4,OrderRole.Standalone,OrderType.Market,_default,,PositionEffect.Close,,14329500.0,False,,OrderSide.Sell,OrderStatus.Filled,300033.SZ,,TimeInForce.GTC,,,,1559664000000000000,2019-06-04T16:00:00Z
122.56731,3528620.9294175,1561996800000000000,2019-07-01T16:00:00Z,11515700.0,,e4233bf9-ac1b-4585-a24a-9add0374869a,OrderRole.Standalone,OrderType.Market,_default,,PositionEffect.Close,,11515700.0,False,,OrderSide.Sell,OrderStatus.Filled,000596.SZ,,TimeInForce.GTC,,,,1562083200000000000,2019-07-02T16:00:00Z
133.1667,3573461.81115,1561996800000000000,2019-07-01T16:00:00Z,10733800.0,,3e7f3fe9-d7e3-4772-98ce-4abe752e696f,OrderRole.Standalone,OrderType.Market,_default,,PositionEffect.Close,,10733800.0,False,,OrderSide.Sell,OrderStatus.Filled,002304.SZ,,TimeInForce.GTC,,,,1562083200000000000,2019-07-02T16:00:00Z
18.36162,3105491.60979,1561996800000000000,2019-07-01T16:00:00Z,67651800.0,,a1461e4f-965f-46d5-aa81-6a05a0c30e43,OrderRole.Standalone,OrderType.Market,_default,,PositionEffect.Close,,67651800.0,False,,OrderSide.Sell,OrderStatus.Filled,002558.SZ,,TimeInForce.GTC,,,,1562083200000000000,2019-07-02T16:00:00Z
105.3945,3868715.9115,1561996800000000000,2019-07-01T16:00:00Z,14682800.0,,16aaabb0-6b7a-4ff0-9a49-0cc260f7be09,OrderRole.Standalone,OrderType.Market,_default,,PositionEffect.Close,,14682800.0,False,,OrderSide.Sell,OrderStatus.Filled,002916.SZ,,TimeInForce.GTC,,,,1562083200000000000,2019-07-02T16:00:00Z
29.93004,3682232.96112,1561996800000000000,2019-07-01T16:00:00Z,49211200.0,,6151f087-5c0b-4f06-a391-7bcfedc4f147,OrderRole.Standalone,OrderType.Market,_default,,PositionEffect.Close,,49211200.0,False,,OrderSide.Sell,OrderStatus.Filled,300142.SZ,,TimeInForce.GTC,,,,1562083200000000000,2019-07-02T16:00:00Z
25.79418,677825.910585,1561996800000000000,2019-07-01T16:00:00Z,10511300.0,,a9f21139-2f96-4c82-92b0-d22751ad28b0,OrderRole.Standalone,OrderType.Market,_default,,PositionEffect.Close,,10511300.0,False,,OrderSide.Sell,OrderStatus.Filled,600150.SH,,TimeInForce.GTC,,,,1562083200000000000,2019-07-02T16:00:00Z
1018.98,92727.18,1561996800000000000,2019-07-01T16:00:00Z,36400.0,,5e7eeef6-05ae-4073-a7e9-83f089a90a95,OrderRole.Standalone,OrderType.Market,_default,,PositionEffect.Close,,36400.0,False,,OrderSide.Sell,OrderStatus.Filled,600519.SH,,TimeInForce.GTC,,,,1562083200000000000,2019-07-02T16:00:00Z
34.24421,3390185.3510525,1561996800000000000,2019-07-01T16:00:00Z,39600100.0,,3124ddcd-c8b6-4b88-93a3-0f8fe169e7a7,OrderRole.Standalone,OrderType.Market,_default,,PositionEffect.Open,,39600100.0,False,,OrderSide.Buy,OrderStatus.Filled,600887.SH,,TimeInForce.GTC,,,,1562083200000000000,2019-07-02T16:00:00Z
14.19418,3415957.16462,1561996800000000000,2019-07-01T16:00:00Z,96263600.0,,ee4a2844-f81d-45e7-8e45-7efa20c5b357,OrderRole.Standalone,OrderType.Market,_default,,PositionEffect.Open,,96263600.0,False,,OrderSide.Buy,OrderStatus.Filled,000001.SZ,,TimeInForce.GTC,,,,1562083200000000000,2019-07-02T16:00:00Z
28.73871,3398201.5792725,1561996800000000000,2019-07-01T16:00:00Z,47297900.0,,c6da668a-5bf1-47f0-ac58-da437ba386ae,OrderRole.Standalone,OrderType.Market,_default,,PositionEffect.Open,,47297900.0,False,,OrderSide.Buy,OrderStatus.Filled,000002.SZ,,TimeInForce.GTC,,,,1562083200000000000,2019-07-02T16:00:00Z
33.86383,3390895.3553475,1561996800000000000,2019-07-01T16:00:00Z,40053300.0,,09f416a2-5f41-44d8-aaa0-ef8625f143ce,OrderRole.Standalone,OrderType.Market,_default,,PositionEffect.Open,,40053300.0,False,,OrderSide.Buy,OrderStatus.Filled,000063.SZ,,TimeInForce.GTC,,,,1562083200000000000,2019-07-02T16:00:00Z
83.94386,3402958.16861,1561996800000000000,2019-07-01T16:00:00Z,16215400.0,,a05d9907-f4f7-4528-a2c0-c8a4e0c49934,OrderRole.Standalone,OrderType.Market,_default,,PositionEffect.Open,,16215400.0,False,,OrderSide.Buy,OrderStatus.Filled,000568.SZ,,TimeInForce.GTC,,,,1562083200000000000,2019-07-02T16:00:00Z
58.33828,3399036.13049,1561996800000000000,2019-07-01T16:00:00Z,23305700.0,,aa25590d-c218-4bb0-92d6-ef8e72fcf48c,OrderRole.Standalone,OrderType.Market,_default,,PositionEffect.Open,,23305700.0,False,,OrderSide.Buy,OrderStatus.Filled,000651.SZ,,TimeInForce.GTC,,,,1562083200000000000,2019-07-02T16:00:00Z
127.127,3389269.3835,1561996800000000000,2019-07-01T16:00:00Z,10664200.0,,574d8f1e-129a-4aad-947c-684cc7b59f02,OrderRole.Standalone,OrderType.Market,_default,,PositionEffect.Open,,10664200.0,False,,OrderSide.Buy,OrderStatus.Filled,000858.SZ,,TimeInForce.GTC,,,,1562083200000000000,2019-07-02T16:00:00Z
70.07,3405717.315,1561996800000000000,2019-07-01T16:00:00Z,19441800.0,,be2a0840-d314-4b1e-880a-4bb9fe849eb7,OrderRole.Standalone,OrderType.Market,_default,,PositionEffect.Open,,19441800.0,False,,OrderSide.Buy,OrderStatus.Filled,600276.SH,,TimeInForce.GTC,,,,1562083200000000000,2019-07-02T16:00:00Z
27.29268,3597434.50446,1562083200000000000,2019-07-02T16:00:00Z,52723800.0,,05437057-402f-4aae-b246-cc3df3e3cb11,OrderRole.Standalone,OrderType.Market,_default,,PositionEffect.Close,,52723800.0,False,,OrderSide.Sell,OrderStatus.Filled,600150.SH,,TimeInForce.GTC,,,,1562169600000000000,2019-07-03T16:00:00Z
984.8142,3278938.8789,1562083200000000000,2019-07-02T16:00:00Z,1331800.0,,191fbe6b-eb34-41de-bce3-ac32a221bb8f,OrderRole.Standalone,OrderType.Market,_default,,PositionEffect.Close,,1331800.0,False,,OrderSide.Sell,OrderStatus.Filled,600519.SH,,TimeInForce.GTC,,,,1562169600000000000,2019-07-03T16:00:00Z
14.2857,3437982.2763,1564416000000000000,2019-07-29T16:00:00Z,96263600.0,,14bccb7d-f183-4f57-a539-1b58bc30a60c,OrderRole.Standalone,OrderType.Market,_default,,PositionEffect.Close,,96263600.0,False,,OrderSide.Sell,OrderStatus.Filled,000001.SZ,,TimeInForce.GTC,,,,1564502400000000000,2019-07-30T16:00:00Z
29.3706,3472919.25435,1564416000000000000,2019-07-29T16:00:00Z,47297900.0,,fd0c67c3-2612-470e-bfb1-8f13b8255606,OrderRole.Standalone,OrderType.Market,_default,,PositionEffect.Close,,47297900.0,False,,OrderSide.Sell,OrderStatus.Filled,000002.SZ,,TimeInForce.GTC,,,,1564502400000000000,2019-07-30T16:00:00Z
33.2667,3331102.787775,1564416000000000000,2019-07-29T16:00:00Z,40053300.0,,3be7c348-34e1-4159-ae8e-e8e3f0ef4e6d,OrderRole.Standalone,OrderType.Market,_default,,PositionEffect.Close,,40053300.0,False,,OrderSide.Sell,OrderStatus.Filled,000063.SZ,,TimeInForce.GTC,,,,1564502400000000000,2019-07-30T16:00:00Z
81.85806,3318402.96531,1564416000000000000,2019-07-29T16:00:00Z,16215400.0,,ff7ec290-be7d-4753-939a-b170258a5a82,OrderRole.Standalone,OrderType.Market,_default,,PositionEffect.Close,,16215400.0,False,,OrderSide.Sell,OrderStatus.Filled,000568.SZ,,TimeInForce.GTC,,,,1564502400000000000,2019-07-30T16:00:00Z
55.25469,3219373.0718325,1564416000000000000,2019-07-29T16:00:00Z,23305700.0,,ead7183c-6d0d-45ee-b81b-636a020a38bf,OrderRole.Standalone,OrderType.Market,_default,,PositionEffect.Close,,23305700.0,False,,OrderSide.Sell,OrderStatus.Filled,000651.SZ,,TimeInForce.GTC,,,,1564502400000000000,2019-07-30T16:00:00Z
122.0778,3254655.1869,1564416000000000000,2019-07-29T16:00:00Z,10664200.0,,c99bd494-6c39-4c96-8da7-8ac8fc682881,OrderRole.Standalone,OrderType.Market,_default,,PositionEffect.Close,,10664200.0,False,,OrderSide.Sell,OrderStatus.Filled,000858.SZ,,TimeInForce.GTC,,,,1564502400000000000,2019-07-30T16:00:00Z
66.3336,3224111.4612,1564416000000000000,2019-07-29T16:00:00Z,19441800.0,,a086324a-f76f-4986-bbe5-1f34fd507d57,OrderRole.Standalone,OrderType.Market,_default,,PositionEffect.Close,,19441800.0,False,,OrderSide.Sell,OrderStatus.Filled,600276.SH,,TimeInForce.GTC,,,,1564502400000000000,2019-07-30T16:00:00Z
31.67829,3136158.6295725,1564416000000000000,2019-07-29T16:00:00Z,39600100.0,,c967fc77-6e64-461c-b9d4-992f07adb537,OrderRole.Standalone,OrderType.Market,_default,,PositionEffect.Close,,39600100.0,False,,OrderSide.Sell,OrderStatus.Filled,600887.SH,,TimeInForce.GTC,,,,1564502400000000000,2019-07-30T16:00:00Z
13.82381,3304381.335255,1564416000000000000,2019-07-29T16:00:00Z,95614200.0,,2bca36e0-2edc-4cb8-9537-27c007b988cb,OrderRole.Standalone,OrderType.Market,_default,,PositionEffect.Open,,95614200.0,False,,OrderSide.Buy,OrderStatus.Filled,601236.SH,,TimeInForce.GTC,,,,1564502400000000000,2019-07-30T16:00:00Z
10.63062,3327910.27569,1564416000000000000,2019-07-29T16:00:00Z,125219800.0,,ee92abfd-503d-4064-9d2f-ee639ab031f2,OrderRole.Standalone,OrderType.Market,_default,,PositionEffect.Open,,125219800.0,False,,OrderSide.Buy,OrderStatus.Filled,601698.SH,,TimeInForce.GTC,,,,1564502400000000000,2019-07-30T16:00:00Z
67.80774,3318002.23755,1564416000000000000,2019-07-29T16:00:00Z,19573000.0,,3fc785b8-6624-4a14-86fc-838b38112246,OrderRole.Standalone,OrderType.Market,_default,,PositionEffect.Open,,19573000.0,False,,OrderSide.Buy,OrderStatus.Filled,603501.SH,,TimeInForce.GTC,,,,1564502400000000000,2019-07-30T16:00:00Z
14.96495,3327587.5758125,1564416000000000000,2019-07-29T16:00:00Z,88943500.0,,d8f04237-025b-4005-85b6-976fcad2aeb3,OrderRole.Standalone,OrderType.Market,_default,,PositionEffect.Open,,88943500.0,False,,OrderSide.Buy,OrderStatus.Filled,000975.SZ,,TimeInForce.GTC,,,,1564502400000000000,2019-07-30T16:00:00Z
11.65164,3344099.32857,1564416000000000000,2019-07-29T16:00:00Z,114802700.0,,06c4a93c-0e7b-4b70-adae-b9ecc868ded6,OrderRole.Standalone,OrderType.Market,_default,,PositionEffect.Open,,114802700.0,False,,OrderSide.Buy,OrderStatus.Filled,002241.SZ,,TimeInForce.GTC,,,,1564502400000000000,2019-07-30T16:00:00Z
15.79578,3307920.65604,1564416000000000000,2019-07-29T16:00:00Z,83767200.0,,543a2306-53ec-4e7a-94c4-d73fefe33be9,OrderRole.Standalone,OrderType.Market,_default,,PositionEffect.Open,,83767200.0,False,,OrderSide.Buy,OrderStatus.Filled,002384.SZ,,TimeInForce.GTC,,,,1564502400000000000,2019-07-30T16:00:00Z
16.2162,3358135.83105,1564416000000000000,2019-07-29T16:00:00Z,82834100.0,,b189062c-423a-4b68-923b-b357c479e0b8,OrderRole.Standalone,OrderType.Market,_default,,PositionEffect.Open,,82834100.0,False,,OrderSide.Buy,OrderStatus.Filled,002463.SZ,,TimeInForce.GTC,,,,1564502400000000000,2019-07-30T16:00:00Z
17.96795,3282187.45855,1564416000000000000,2019-07-29T16:00:00Z,73067600.0,,d1f638d2-030d-4816-8a72-9df1764912f3,OrderRole.Standalone,OrderType.Market,_default,,PositionEffect.Open,,73067600.0,False,,OrderSide.Buy,OrderStatus.Filled,002837.SZ,,TimeInForce.GTC,,,,1564502400000000000,2019-07-30T16:00:00Z
112.7126,3402708.85955,1564416000000000000,2019-07-29T16:00:00Z,12075700.0,,5e5755b0-a4e4-4e3a-91f2-1c7ca166de23,OrderRole.Standalone,OrderType.Market,_default,,PositionEffect.Open,,12075700.0,False,,OrderSide.Buy,OrderStatus.Filled,300661.SZ,,TimeInForce.GTC,,,,1564502400000000000,2019-07-30T16:00:00Z
230.7305,3343284.945,1564416000000000000,2019-07-29T16:00:00Z,5796000.0,,babe10a8-5897-4fe2-b302-9e356f01dcb3,OrderRole.Standalone,OrderType.Market,_default,,PositionEffect.Open,,5796000.0,False,,OrderSide.Buy,OrderStatus.Filled,300782.SZ,,TimeInForce.GTC,,,,1564502400000000000,2019-07-30T16:00:00Z
16.04394,3567510.443475,1566835200000000000,2019-08-26T16:00:00Z,88943500.0,,ed66082b-ad9d-47ab-8a4b-277fd8974b67,OrderRole.Standalone,OrderType.Market,_default,,PositionEffect.Close,,88943500.0,False,,OrderSide.Sell,OrderStatus.Filled,000975.SZ,,TimeInForce.GTC,,,,1566921600000000000,2019-08-27T16:00:00Z
13.6863,3928060.482525,1566835200000000000,2019-08-26T16:00:00Z,114802700.0,,593ff91e-dfe3-4d27-87ce-3b54c8945ecc,OrderRole.Standalone,OrderType.Market,_default,,PositionEffect.Close,,114802700.0,False,,OrderSide.Sell,OrderStatus.Filled,002241.SZ,,TimeInForce.GTC,,,,1566921600000000000,2019-08-27T16:00:00Z
19.99998,408894.591105,1566835200000000000,2019-08-26T16:00:00Z,8177900.0,,73250490-7702-4c78-9320-b36ce8fbbd03,OrderRole.Standalone,OrderType.Market,_default,,PositionEffect.Close,,8177900.0,False,,OrderSide.Sell,OrderStatus.Filled,002384.SZ,,TimeInForce.GTC,,,,1566921600000000000,2019-08-27T16:00:00Z
19.72026,253607.473665,1566835200000000000,2019-08-26T16:00:00Z,5144100.0,,bce54a38-e30f-47f8-b6a9-63e42fed54f5,OrderRole.Standalone,OrderType.Market,_default,,PositionEffect.Close,,5144100.0,False,,OrderSide.Sell,OrderStatus.Filled,002463.SZ,,TimeInForce.GTC,,,,1566921600000000000,2019-08-27T16:00:00Z
20.979,42865.34175,1566835200000000000,2019-08-26T16:00:00Z,817300.0,,a9f060ca-2c64-463b-9bc4-f77cd3ff0692,OrderRole.Standalone,OrderType.Market,_default,,PositionEffect.Close,,817300.0,False,,OrderSide.Sell,OrderStatus.Filled,002837.SZ,,TimeInForce.GTC,,,,1566921600000000000,2019-08-27T16:00:00Z
136.863,306436.257,1566835200000000000,2019-08-26T16:00:00Z,895600.0,,67870cf2-c538-4900-9527-fff933d67731,OrderRole.Standalone,OrderType.Market,_default,,PositionEffect.Close,,895600.0,False,,OrderSide.Sell,OrderStatus.Filled,300661.SZ,,TimeInForce.GTC,,,,1566921600000000000,2019-08-27T16:00:00Z
293.706,434097.468,1566835200000000000,2019-08-26T16:00:00Z,591200.0,,eb876b85-dfe1-45e5-bc53-2b29c673c2a7,OrderRole.Standalone,OrderType.Market,_default,,PositionEffect.Close,,591200.0,False,,OrderSide.Sell,OrderStatus.Filled,300782.SZ,,TimeInForce.GTC,,,,1566921600000000000,2019-08-27T16:00:00Z
15.1848,3629706.2604,1566835200000000000,2019-08-26T16:00:00Z,95614200.0,,e7edd2dc-1a86-48ed-abdb-108c641c8de7,OrderRole.Standalone,OrderType.Market,_default,,PositionEffect.Close,,95614200.0,False,,OrderSide.Sell,OrderStatus.Filled,601236.SH,,TimeInForce.GTC,,,,1566921600000000000,2019-08-27T16:00:00Z
9.62037,3011652.018315,1566835200000000000,2019-08-26T16:00:00Z,125219800.0,,3db21b99-74cf-4fff-b82e-39f0ef63f3ba,OrderRole.Standalone,OrderType.Market,_default,,PositionEffect.Close,,125219800.0,False,,OrderSide.Sell,OrderStatus.Filled,601698.SH,,TimeInForce.GTC,,,,1566921600000000000,2019-08-27T16:00:00Z
86.80311,407171.6882325,1566835200000000000,2019-08-26T16:00:00Z,1876300.0,,20e70dad-dd21-45d7-86b4-96c09795109c,OrderRole.Standalone,OrderType.Market,_default,,PositionEffect.Close,,1876300.0,False,,OrderSide.Sell,OrderStatus.Filled,603501.SH,,TimeInForce.GTC,,,,1566921600000000000,2019-08-27T16:00:00Z
8.32832,3792850.18112,1566835200000000000,2019-08-26T16:00:00Z,182166400.0,,1d205dba-6113-44bd-b315-328e1e018497,OrderRole.Standalone,OrderType.Market,_default,,PositionEffect.Open,,182166400.0,False,,OrderSide.Buy,OrderStatus.Filled,002600.SZ,,TimeInForce.GTC,,,,1566921600000000000,2019-08-27T16:00:00Z
90.09,3805266.465,1566835200000000000,2019-08-26T16:00:00Z,16895400.0,,53aa878e-b00d-43d8-9082-857f0a21712e,OrderRole.Standalone,OrderType.Market,_default,,PositionEffect.Open,,16895400.0,False,,OrderSide.Buy,OrderStatus.Filled,300033.SZ,,TimeInForce.GTC,,,,1566921600000000000,2019-08-27T16:00:00Z
45.06502,3806957.69454,1566835200000000000,2019-08-26T16:00:00Z,33790800.0,,5b9bcabc-6d93-4285-bb58-05a8e42ddb08,OrderRole.Standalone,OrderType.Market,_default,,PositionEffect.Open,,33790800.0,False,,OrderSide.Buy,OrderStatus.Filled,300223.SZ,,TimeInForce.GTC,,,,1566921600000000000,2019-08-27T16:00:00Z
25.19517,3862898.26923,1566835200000000000,2019-08-26T16:00:00Z,61327600.0,,83396cbe-3ea4-4368-a40e-531740b26f64,OrderRole.Standalone,OrderType.Market,_default,,PositionEffect.Open,,61327600.0,False,,OrderSide.Buy,OrderStatus.Filled,600183.SH,,TimeInForce.GTC,,,,1566921600000000000,2019-08-27T16:00:00Z
19.98,3775685.535,1566921600000000000,2019-08-27T16:00:00Z,75589300.0,,7d354324-ea83-4baa-ad3d-10bc1f17c99d,OrderRole.Standalone,OrderType.Market,_default,,PositionEffect.Close,,75589300.0,False,,OrderSide.Sell,OrderStatus.Filled,002384.SZ,,TimeInForce.GTC,,,,1567008000000000000,2019-08-28T16:00:00Z
20.42955,3967929.34875,1566921600000000000,2019-08-27T16:00:00Z,77690000.0,,4e22277d-32eb-483c-8934-f8d8402d280d,OrderRole.Standalone,OrderType.Market,_default,,PositionEffect.Close,,77690000.0,False,,OrderSide.Sell,OrderStatus.Filled,002463.SZ,,TimeInForce.GTC,,,,1567008000000000000,2019-08-28T16:00:00Z
20.76921,3751454.1331575,1566921600000000000,2019-08-27T16:00:00Z,72250300.0,,a8106ef8-9cbf-40bf-9011-b3f367bba08c,OrderRole.Standalone,OrderType.Market,_default,,PositionEffect.Close,,72250300.0,False,,OrderSide.Sell,OrderStatus.Filled,002837.SZ,,TimeInForce.GTC,,,,1567008000000000000,2019-08-28T16:00:00Z
136.13373,3804971.7869325,1566921600000000000,2019-08-27T16:00:00Z,11180100.0,,6ecdbe8b-f7fa-4670-b9fe-273108829357,OrderRole.Standalone,OrderType.Market,_default,,PositionEffect.Close,,11180100.0,False,,OrderSide.Sell,OrderStatus.Filled,300661.SZ,,TimeInForce.GTC,,,,1567008000000000000,2019-08-28T16:00:00Z
307.692,4003688.304,1566921600000000000,2019-08-27T16:00:00Z,5204800.0,,3b0269b4-2dc6-4938-a574-bee4de15f586,OrderRole.Standalone,OrderType.Market,_default,,PositionEffect.Close,,5204800.0,False,,OrderSide.Sell,OrderStatus.Filled,300782.SZ,,TimeInForce.GTC,,,,1567008000000000000,2019-08-28T16:00:00Z
85.06485,3763417.8274875,1566921600000000000,2019-08-27T16:00:00Z,17696700.0,,63d21586-4c18-4470-b6b1-af6ce5cdc102,OrderRole.Standalone,OrderType.Market,_default,,PositionEffect.Close,,17696700.0,False,,OrderSide.Sell,OrderStatus.Filled,603501.SH,,TimeInForce.GTC,,,,1567008000000000000,2019-08-28T16:00:00Z
9.84015,4481361.7524,1569340800000000000,2019-09-24T16:00:00Z,182166400.0,,1fbecfd4-94b7-44ef-bc86-935ff18ea70b,OrderRole.Standalone,OrderType.Market,_default,,PositionEffect.Close,,182166400.0,False,,OrderSide.Sell,OrderStatus.Filled,002600.SZ,,TimeInForce.GTC,,,,1569427200000000000,2019-09-25T16:00:00Z
103.75614,4382503.71939,1569340800000000000,2019-09-24T16:00:00Z,16895400.0,,e8ed1ecb-dde2-4079-bb68-59d494a8fa91,OrderRole.Standalone,OrderType.Market,_default,,PositionEffect.Close,,16895400.0,False,,OrderSide.Sell,OrderStatus.Filled,300033.SZ,,TimeInForce.GTC,,,,1569427200000000000,2019-09-25T16:00:00Z
54.05589,4566479.41953,1569340800000000000,2019-09-24T16:00:00Z,33790800.0,,b9f4e355-0d60-454c-a5cf-3fb6dec1fc80,OrderRole.Standalone,OrderType.Market,_default,,PositionEffect.Close,,33790800.0,False,,OrderSide.Sell,OrderStatus.Filled,300223.SZ,,TimeInForce.GTC,,,,1569427200000000000,2019-09-25T16:00:00Z
27.972,261782.955,1569340800000000000,2019-09-24T16:00:00Z,3743500.0,,959a2ce3-7bda-4177-97b0-83ea258b6336,OrderRole.Standalone,OrderType.Market,_default,,PositionEffect.Close,,3743500.0,False,,OrderSide.Sell,OrderStatus.Filled,600183.SH,,TimeInForce.GTC,,,,1569427200000000000,2019-09-25T16:00:00Z
79.4794,4112264.156,1569340800000000000,2019-09-24T16:00:00Z,20696000.0,,34fa8b82-3c3c-426f-9739-2dafceef6cb1,OrderRole.Standalone,OrderType.Market,_default,,PositionEffect.Open,,20696000.0,False,,OrderSide.Buy,OrderStatus.Filled,601799.SH,,TimeInForce.GTC,,,,1569427200000000000,2019-09-25T16:00:00Z
51.24119,4060928.3589875,1569340800000000000,2019-09-24T16:00:00Z,31700500.0,,b7a9b716-c041-42a8-b0aa-2387a953f0d8,OrderRole.Standalone,OrderType.Market,_default,,PositionEffect.Open,,31700500.0,False,,OrderSide.Buy,OrderStatus.Filled,000333.SZ,,TimeInForce.GTC,,,,1569427200000000000,2019-09-25T16:00:00Z
396.28589,4066388.5887625,1569340800000000000,2019-09-24T16:00:00Z,4104500.0,,10248527-2960-4f83-b3ea-0435b2dfec08,OrderRole.Standalone,OrderType.Market,_default,,PositionEffect.Open,,4104500.0,False,,OrderSide.Buy,OrderStatus.Filled,000661.SZ,,TimeInForce.GTC,,,,1569427200000000000,2019-09-25T16:00:00Z
19.89988,4095464.95358,1569340800000000000,2019-09-24T16:00:00Z,82321400.0,,bcd03fee-18fe-4e4d-becf-27cc467d7d31,OrderRole.Standalone,OrderType.Market,_default,,PositionEffect.Open,,82321400.0,False,,OrderSide.Buy,OrderStatus.Filled,002384.SZ,,TimeInForce.GTC,,,,1569427200000000000,2019-09-25T16:00:00Z
27.30728,4044788.4477,1569340800000000000,2019-09-24T16:00:00Z,59248500.0,,8be3eeca-1b95-4955-bf80-cf4a8b1a3abe,OrderRole.Standalone,OrderType.Market,_default,,PositionEffect.Open,,59248500.0,False,,OrderSide.Buy,OrderStatus.Filled,002422.SZ,,TimeInForce.GTC,,,,1569427200000000000,2019-09-25T16:00:00Z
41.12108,4080012.99706,1569340800000000000,2019-09-24T16:00:00Z,39687800.0,,2bbe3dac-b7a8-4834-9c54-810fe5aedb0c,OrderRole.Standalone,OrderType.Market,_default,,PositionEffect.Open,,39687800.0,False,,OrderSide.Buy,OrderStatus.Filled,002938.SZ,,TimeInForce.GTC,,,,1569427200000000000,2019-09-25T16:00:00Z
31.21118,4092893.69489,1569340800000000000,2019-09-24T16:00:00Z,52454200.0,,7098b9be-758b-46f7-8c6c-eb8a6414a776,OrderRole.Standalone,OrderType.Market,_default,,PositionEffect.Open,,52454200.0,False,,OrderSide.Buy,OrderStatus.Filled,300014.SZ,,TimeInForce.GTC,,,,1569427200000000000,2019-09-25T16:00:00Z
49.25921,4097159.421355,1569340800000000000,2019-09-24T16:00:00Z,33270200.0,,392c83f5-f3a2-4ae9-9b47-2f6c9e8297cb,OrderRole.Standalone,OrderType.Market,_default,,PositionEffect.Open,,33270200.0,False,,OrderSide.Buy,OrderStatus.Filled,300122.SZ,,TimeInForce.GTC,,,,1569427200000000000,2019-09-25T16:00:00Z
192.192,4072308.24,1569340800000000000,2019-09-24T16:00:00Z,8475500.0,,700f2969-76d8-4ab3-9ff8-d3d9b9b4315a,OrderRole.Standalone,OrderType.Market,_default,,PositionEffect.Open,,8475500.0,False,,OrderSide.Buy,OrderStatus.Filled,300661.SZ,,TimeInForce.GTC,,,,1569427200000000000,2019-09-25T16:00:00Z
27.62235,3976520.4115875,1569427200000000000,2019-09-25T16:00:00Z,57584100.0,,2e0a5412-3a77-4229-87ac-772747dcdb1d,OrderRole.Standalone,OrderType.Market,_default,,PositionEffect.Close,,57584100.0,False,,OrderSide.Sell,OrderStatus.Filled,600183.SH,,TimeInForce.GTC,,,,1569513600000000000,2019-09-26T16:00:00Z
54.945,4354459.93125,1572364800000000000,2019-10-29T16:00:00Z,31700500.0,,618c68d5-7e6b-4d09-87dd-a4bf2fadc0a9,OrderRole.Standalone,OrderType.Market,_default,,PositionEffect.Close,,31700500.0,False,,OrderSide.Sell,OrderStatus.Filled,000333.SZ,,TimeInForce.GTC,,,,1572451200000000000,2019-10-30T16:00:00Z
447.552,4592442.96,1572364800000000000,2019-10-29T16:00:00Z,4104500.0,,ea9c569d-a8c0-496f-bc1b-fd0e020ab6f8,OrderRole.Standalone,OrderType.Market,_default,,PositionEffect.Close,,4104500.0,False,,OrderSide.Sell,OrderStatus.Filled,000661.SZ,,TimeInForce.GTC,,,,1572451200000000000,2019-10-30T16:00:00Z
20.32965,4183913.123775,1572364800000000000,2019-10-29T16:00:00Z,82321400.0,,cddc431b-703d-488f-b4a6-575b93bfa1a3,OrderRole.Standalone,OrderType.Market,_default,,PositionEffect.Close,,82321400.0,False,,OrderSide.Sell,OrderStatus.Filled,002384.SZ,,TimeInForce.GTC,,,,1572451200000000000,2019-10-30T16:00:00Z
23.85612,3533598.31455,1572364800000000000,2019-10-29T16:00:00Z,59248500.0,,f0bd06f4-c1a3-491e-89a0-690d1632c0c2,OrderRole.Standalone,OrderType.Market,_default,,PositionEffect.Close,,59248500.0,False,,OrderSide.Sell,OrderStatus.Filled,002422.SZ,,TimeInForce.GTC,,,,1572451200000000000,2019-10-30T16:00:00Z
43.39656,4305784.98492,1572364800000000000,2019-10-29T16:00:00Z,39687800.0,,1431dd1f-cac8-4a7c-9cce-6dd245a75f80,OrderRole.Standalone,OrderType.Market,_default,,PositionEffect.Close,,39687800.0,False,,OrderSide.Sell,OrderStatus.Filled,002938.SZ,,TimeInForce.GTC,,,,1572451200000000000,2019-10-30T16:00:00Z
38.95101,5107860.171855,1572364800000000000,2019-10-29T16:00:00Z,52454200.0,,06fd2125-f67d-48fb-bc75-29370e53795f,OrderRole.Standalone,OrderType.Market,_default,,PositionEffect.Close,,52454200.0,False,,OrderSide.Sell,OrderStatus.Filled,300014.SZ,,TimeInForce.GTC,,,,1572451200000000000,2019-10-30T16:00:00Z
48.12183,4002557.271165,1572364800000000000,2019-10-29T16:00:00Z,33270200.0,,83bb765f-93b0-4fb7-bfee-e4429e92152f,OrderRole.Standalone,OrderType.Market,_default,,PositionEffect.Close,,33270200.0,False,,OrderSide.Sell,OrderStatus.Filled,300122.SZ,,TimeInForce.GTC,,,,1572451200000000000,2019-10-30T16:00:00Z
219.78,317472.21,1572364800000000000,2019-10-29T16:00:00Z,577800.0,,d0bebaef-d779-47c7-821c-eb11fcace653,OrderRole.Standalone,OrderType.Market,_default,,PositionEffect.Close,,577800.0,False,,OrderSide.Sell,OrderStatus.Filled,300661.SZ,,TimeInForce.GTC,,,,1572451200000000000,2019-10-30T16:00:00Z
86.12379,4456044.8946,1572364800000000000,2019-10-29T16:00:00Z,20696000.0,,41d556aa-11ee-4a82-aeeb-c0bfbaf4a8bb,OrderRole.Standalone,OrderType.Market,_default,,PositionEffect.Close,,20696000.0,False,,OrderSide.Sell,OrderStatus.Filled,601799.SH,,TimeInForce.GTC,,,,1572451200000000000,2019-10-30T16:00:00Z
5.4054,4271165.9991,1572364800000000000,2019-10-29T16:00:00Z,316066600.0,,8a11ad61-d768-4f1c-a17c-00edc59e5cb3,OrderRole.Standalone,OrderType.Market,_default,,PositionEffect.Open,,316066600.0,False,,OrderSide.Buy,OrderStatus.Filled,601872.SH,,TimeInForce.GTC,,,,1572451200000000000,2019-10-30T16:00:00Z
103.2031,4067879.190375,1572364800000000000,2019-10-29T16:00:00Z,15766500.0,,d7144de3-3e62-4491-a8a3-c4f74ff09fcb,OrderRole.Standalone,OrderType.Market,_default,,PositionEffect.Open,,15766500.0,False,,OrderSide.Buy,OrderStatus.Filled,603501.SH,,TimeInForce.GTC,,,,1572451200000000000,2019-10-30T16:00:00Z
158.6585,4236816.584,1572364800000000000,2019-10-29T16:00:00Z,10681600.0,,c5a3aded-0124-4147-9298-c3d11d124833,OrderRole.Standalone,OrderType.Market,_default,,PositionEffect.Open,,10681600.0,False,,OrderSide.Buy,OrderStatus.Filled,603986.SH,,TimeInForce.GTC,,,,1572451200000000000,2019-10-30T16:00:00Z
18.98897,4226161.4269875,1572364800000000000,2019-10-29T16:00:00Z,89023500.0,,d57e4267-22dd-4ef4-9ea0-2e624b59c877,OrderRole.Standalone,OrderType.Market,_default,,PositionEffect.Open,,89023500.0,False,,OrderSide.Buy,OrderStatus.Filled,002241.SZ,,TimeInForce.GTC,,,,1572451200000000000,2019-10-30T16:00:00Z
22.85283,4224722.697195,1572364800000000000,2019-10-29T16:00:00Z,73946600.0,,5c15387e-7dbf-4907-b736-825cf31a5cce,OrderRole.Standalone,OrderType.Market,_default,,PositionEffect.Open,,73946600.0,False,,OrderSide.Buy,OrderStatus.Filled,002463.SZ,,TimeInForce.GTC,,,,1572451200000000000,2019-10-30T16:00:00Z
33.6336,4208210.8068,1572364800000000000,2019-10-29T16:00:00Z,50047700.0,,810767c7-f73c-4edd-85d7-c2ee9b9740f3,OrderRole.Standalone,OrderType.Market,_default,,PositionEffect.Open,,50047700.0,False,,OrderSide.Buy,OrderStatus.Filled,002475.SZ,,TimeInForce.GTC,,,,1572451200000000000,2019-10-30T16:00:00Z
376.03566,4219308.123030001,1572364800000000000,2019-10-29T16:00:00Z,4488200.0,,2f74bc24-7834-446c-ad29-27f5f43e45bd,OrderRole.Standalone,OrderType.Market,_default,,PositionEffect.Open,,4488200.0,False,,OrderSide.Buy,OrderStatus.Filled,300782.SZ,,TimeInForce.GTC,,,,1572451200000000000,2019-10-30T16:00:00Z
22.6226,4163983.6238,1572364800000000000,2019-10-29T16:00:00Z,73625200.0,,504fe39a-fe1e-419a-8579-bd6ec876c58e,OrderRole.Standalone,OrderType.Market,_default,,PositionEffect.Open,,73625200.0,False,,OrderSide.Buy,OrderStatus.Filled,600183.SH,,TimeInForce.GTC,,,,1572451200000000000,2019-10-30T16:00:00Z
77.94787,4409978.69312,1572364800000000000,2019-10-29T16:00:00Z,22630400.0,,8c493bf1-acff-4cd4-9227-55f22b967165,OrderRole.Standalone,OrderType.Market,_default,,PositionEffect.Open,,22630400.0,False,,OrderSide.Buy,OrderStatus.Filled,600745.SH,,TimeInForce.GTC,,,,1572451200000000000,2019-10-30T16:00:00Z
200.95884,3967781.57667,1572451200000000000,2019-10-30T16:00:00Z,7897700.0,,2d36b7fe-3785-48d2-abe6-b143a4f3b3b2,OrderRole.Standalone,OrderType.Market,_default,,PositionEffect.Close,,7897700.0,False,,OrderSide.Sell,OrderStatus.Filled,300661.SZ,,TimeInForce.GTC,,,,1572537600000000000,2019-10-31T16:00:00Z
21.08889,3898629.283185,1574784000000000000,2019-11-26T16:00:00Z,73946600.0,,76948e7e-5983-4a2e-bbb5-6d64c4b19118,OrderRole.Standalone,OrderType.Market,_default,,PositionEffect.Close,,73946600.0,False,,OrderSide.Sell,OrderStatus.Filled,002463.SZ,,TimeInForce.GTC,,,,1574870400000000000,2019-11-27T16:00:00Z
34.81515,4356045.4566375,1574784000000000000,2019-11-26T16:00:00Z,50047700.0,,97760dec-3185-4cf7-944a-02a144120538,OrderRole.Standalone,OrderType.Market,_default,,PositionEffect.Close,,50047700.0,False,,OrderSide.Sell,OrderStatus.Filled,002475.SZ,,TimeInForce.GTC,,,,1574870400000000000,2019-11-27T16:00:00Z
421.578,4730315.949,1574784000000000000,2019-11-26T16:00:00Z,4488200.0,,b4318f17-0c23-4480-a44f-ece24bb7113e,OrderRole.Standalone,OrderType.Market,_default,,PositionEffect.Close,,4488200.0,False,,OrderSide.Sell,OrderStatus.Filled,300782.SZ,,TimeInForce.GTC,,,,1574870400000000000,2019-11-27T16:00:00Z
22.12785,4072918.45455,1574784000000000000,2019-11-26T16:00:00Z,73625200.0,,c8630a05-8d26-4884-bb27-ef132ec27c68,OrderRole.Standalone,OrderType.Market,_default,,PositionEffect.Close,,73625200.0,False,,OrderSide.Sell,OrderStatus.Filled,600183.SH,,TimeInForce.GTC,,,,1574870400000000000,2019-11-27T16:00:00Z
95.4045,969118.911,1574784000000000000,2019-11-26T16:00:00Z,4063200.0,,d9f6c306-0b06-44af-88e5-b779546ee803,OrderRole.Standalone,OrderType.Market,_default,,PositionEffect.Close,,4063200.0,False,,OrderSide.Sell,OrderStatus.Filled,600745.SH,,TimeInForce.GTC,,,,1574870400000000000,2019-11-27T16:00:00Z
6.25374,4941495.84771,1574784000000000000,2019-11-26T16:00:00Z,316066600.0,,85c1242d-2ec0-440c-ba9f-48ca214a1d86,OrderRole.Standalone,OrderType.Market,_default,,PositionEffect.Close,,316066600.0,False,,OrderSide.Sell,OrderStatus.Filled,601872.SH,,TimeInForce.GTC,,,,1574870400000000000,2019-11-27T16:00:00Z
126.12375,568439.74125,1574784000000000000,2019-11-26T16:00:00Z,1802800.0,,49244106-e0a8-43dd-a9c5-35bb81cdd4ac,OrderRole.Standalone,OrderType.Market,_default,,PositionEffect.Close,,1802800.0,False,,OrderSide.Sell,OrderStatus.Filled,603501.SH,,TimeInForce.GTC,,,,1574870400000000000,2019-11-27T16:00:00Z
166.10594,49001.2523,1574784000000000000,2019-11-26T16:00:00Z,118000.0,,071ab14c-e536-4da7-85da-4ec5c092ed4e,OrderRole.Standalone,OrderType.Market,_default,,PositionEffect.Open,,118000.0,False,,OrderSide.Buy,OrderStatus.Filled,603986.SH,,TimeInForce.GTC,,,,1574870400000000000,2019-11-27T16:00:00Z
22.022,4454632.182,1574784000000000000,2019-11-26T16:00:00Z,80912400.0,,e9cc0ec8-d706-4af6-afbd-02d652f49030,OrderRole.Standalone,OrderType.Market,_default,,PositionEffect.Open,,80912400.0,False,,OrderSide.Buy,OrderStatus.Filled,002555.SZ,,TimeInForce.GTC,,,,1574870400000000000,2019-11-27T16:00:00Z
10.84083,4497258.700935,1574784000000000000,2019-11-26T16:00:00Z,165937800.0,,69d3160b-90ec-4135-822e-066536206181,OrderRole.Standalone,OrderType.Market,_default,,PositionEffect.Open,,165937800.0,False,,OrderSide.Buy,OrderStatus.Filled,002600.SZ,,TimeInForce.GTC,,,,1574870400000000000,2019-11-27T16:00:00Z
45.36532,4494092.74314,1574784000000000000,2019-11-26T16:00:00Z,39625800.0,,3857d214-04b6-4177-a966-823ea99321a4,OrderRole.Standalone,OrderType.Market,_default,,PositionEffect.Open,,39625800.0,False,,OrderSide.Buy,OrderStatus.Filled,300014.SZ,,TimeInForce.GTC,,,,1574870400000000000,2019-11-27T16:00:00Z
60.5605,4406427.400375,1574784000000000000,2019-11-26T16:00:00Z,29104300.0,,1dfb151d-7585-4032-bf0a-ad53f5a357ac,OrderRole.Standalone,OrderType.Market,_default,,PositionEffect.Open,,29104300.0,False,,OrderSide.Buy,OrderStatus.Filled,300223.SZ,,TimeInForce.GTC,,,,1574870400000000000,2019-11-27T16:00:00Z
36.62659,4521525.0655575,1574784000000000000,2019-11-26T16:00:00Z,49379700.0,,95c64137-3d46-4cbf-98ab-4b03364a890e,OrderRole.Standalone,OrderType.Market,_default,,PositionEffect.Open,,49379700.0,False,,OrderSide.Buy,OrderStatus.Filled,300502.SZ,,TimeInForce.GTC,,,,1574870400000000000,2019-11-27T16:00:00Z
222.3221,4556658.181075,1574784000000000000,2019-11-26T16:00:00Z,8198300.0,,a1dd0b61-c9e8-461e-ad75-e18d64706cd4,OrderRole.Standalone,OrderType.Market,_default,,PositionEffect.Open,,8198300.0,False,,OrderSide.Buy,OrderStatus.Filled,300661.SZ,,TimeInForce.GTC,,,,1574870400000000000,2019-11-27T16:00:00Z
19.25924,209131.27235,1574784000000000000,2019-11-26T16:00:00Z,4343500.0,,5b7ac250-e5f2-43b7-a6f3-753856afdbf5,OrderRole.Standalone,OrderType.Market,_default,,PositionEffect.Open,,4343500.0,False,,OrderSide.Buy,OrderStatus.Filled,002241.SZ,,TimeInForce.GTC,,,,1574870400000000000,2019-11-27T16:00:00Z
19.43055,4535430.404625,1574870400000000000,2019-11-27T16:00:00Z,93367000.0,,1145e533-ebe1-42c0-a9ed-b6397c04217d,OrderRole.Standalone,OrderType.Market,_default,,PositionEffect.Close,,93367000.0,False,,OrderSide.Sell,OrderStatus.Filled,002241.SZ,,TimeInForce.GTC,,,,1574956800000000000,2019-11-28T16:00:00Z
98.96094,4593568.91292,1574870400000000000,2019-11-27T16:00:00Z,18567200.0,,326a8060-0c48-4776-bf57-d397b1f74a54,OrderRole.Standalone,OrderType.Market,_default,,PositionEffect.Close,,18567200.0,False,,OrderSide.Sell,OrderStatus.Filled,600745.SH,,TimeInForce.GTC,,,,1574956800000000000,2019-11-28T16:00:00Z
125.7741,4390679.500425,1574870400000000000,2019-11-27T16:00:00Z,13963700.0,,46c759b9-5526-42f7-a9d9-c76a8911a4c2,OrderRole.Standalone,OrderType.Market,_default,,PositionEffect.Close,,13963700.0,False,,OrderSide.Sell,OrderStatus.Filled,603501.SH,,TimeInForce.GTC,,,,1574956800000000000,2019-11-28T16:00:00Z
165.80403,4476543.005970001,1574870400000000000,2019-11-27T16:00:00Z,10799600.0,,bb56b365-9ffd-4386-b491-39da5fd44a85,OrderRole.Standalone,OrderType.Market,_default,,PositionEffect.Close,,10799600.0,False,,OrderSide.Sell,OrderStatus.Filled,603986.SH,,TimeInForce.GTC,,,,1574956800000000000,2019-11-28T16:00:00Z
27.66231,5595559.72911,1577203200000000000,2019-12-24T16:00:00Z,80912400.0,,7e09abe0-e6ea-4119-8653-7aaa70f10af1,OrderRole.Standalone,OrderType.Market,_default,,PositionEffect.Close,,80912400.0,False,,OrderSide.Sell,OrderStatus.Filled,002555.SZ,,TimeInForce.GTC,,,,1577289600000000000,2019-12-25T16:00:00Z
11.27871,4678910.810595,1577203200000000000,2019-12-24T16:00:00Z,165937800.0,,3add0ba2-8262-4b6b-93e2-cc1cac11f977,OrderRole.Standalone,OrderType.Market,_default,,PositionEffect.Close,,165937800.0,False,,OrderSide.Sell,OrderStatus.Filled,002600.SZ,,TimeInForce.GTC,,,,1577289600000000000,2019-12-25T16:00:00Z
51.92802,105530.718645,1577203200000000000,2019-12-24T16:00:00Z,812900.0,,c568023a-d554-45f1-9749-b1fe48ceb223,OrderRole.Standalone,OrderType.Market,_default,,PositionEffect.Close,,812900.0,False,,OrderSide.Sell,OrderStatus.Filled,300014.SZ,,TimeInForce.GTC,,,,1577289600000000000,2019-12-25T16:00:00Z
90.17973,1591717.324365,1577203200000000000,2019-12-24T16:00:00Z,7060200.0,,f5ef1ee9-ed5f-4d3f-b37d-09f24aa3ecd9,OrderRole.Standalone,OrderType.Market,_default,,PositionEffect.Close,,7060200.0,False,,OrderSide.Sell,OrderStatus.Filled,300223.SZ,,TimeInForce.GTC,,,,1577289600000000000,2019-12-25T16:00:00Z
42.7572,261043.3953,1577203200000000000,2019-12-24T16:00:00Z,2442100.0,,9bc0f26f-cd9b-46d6-8322-d136021aa362,OrderRole.Standalone,OrderType.Market,_default,,PositionEffect.Close,,2442100.0,False,,OrderSide.Sell,OrderStatus.Filled,300502.SZ,,TimeInForce.GTC,,,,1577289600000000000,2019-12-25T16:00:00Z
282.717,849776.62275,1577203200000000000,2019-12-24T16:00:00Z,1202300.0,,a45ac10d-73ef-434a-be1e-98602eb727f6,OrderRole.Standalone,OrderType.Market,_default,,PositionEffect.Close,,1202300.0,False,,OrderSide.Sell,OrderStatus.Filled,300661.SZ,,TimeInForce.GTC,,,,1577289600000000000,2019-12-25T16:00:00Z
41.03099,5014910.175275,1577203200000000000,2019-12-24T16:00:00Z,48889000.0,,52ce5626-eff3-44dd-ba16-f7874a53b1f9,OrderRole.Standalone,OrderType.Market,_default,,PositionEffect.Open,,48889000.0,False,,OrderSide.Buy,OrderStatus.Filled,300803.SZ,,TimeInForce.GTC,,,,1577289600000000000,2019-12-25T16:00:00Z
28.028,5085007.928,1577203200000000000,2019-12-24T16:00:00Z,72570400.0,,861165ea-97c4-4876-9576-4e0163781cea,OrderRole.Standalone,OrderType.Market,_default,,PositionEffect.Open,,72570400.0,False,,OrderSide.Buy,OrderStatus.Filled,601066.SH,,TimeInForce.GTC,,,,1577289600000000000,2019-12-25T16:00:00Z
12.13212,5261078.67285,1577203200000000000,2019-12-24T16:00:00Z,173459500.0,,438115f9-449d-4163-b158-ec791a1055c7,OrderRole.Standalone,OrderType.Market,_default,,PositionEffect.Open,,173459500.0,False,,OrderSide.Buy,OrderStatus.Filled,601865.SH,,TimeInForce.GTC,,,,1577289600000000000,2019-12-25T16:00:00Z
7.28728,5096404.8135,1577203200000000000,2019-12-24T16:00:00Z,279742500.0,,3f1f280e-0d83-4f4c-bfd7-b8f7128bc0bb,OrderRole.Standalone,OrderType.Market,_default,,PositionEffect.Open,,279742500.0,False,,OrderSide.Buy,OrderStatus.Filled,601872.SH,,TimeInForce.GTC,,,,1577289600000000000,2019-12-25T16:00:00Z
160.2601,4971628.887225,1577203200000000000,2019-12-24T16:00:00Z,12408900.0,,96f6ad61-2451-49c0-b012-61cdf5e0fae2,OrderRole.Standalone,OrderType.Market,_default,,PositionEffect.Open,,12408900.0,False,,OrderSide.Buy,OrderStatus.Filled,603501.SH,,TimeInForce.GTC,,,,1577289600000000000,2019-12-25T16:00:00Z
88.3883,5021582.390825,1577203200000000000,2019-12-24T16:00:00Z,22725100.0,,e889397d-cb4c-4fdf-aabd-45b8e2866305,OrderRole.Standalone,OrderType.Market,_default,,PositionEffect.Open,,22725100.0,False,,OrderSide.Buy,OrderStatus.Filled,688012.SH,,TimeInForce.GTC,,,,1577289600000000000,2019-12-25T16:00:00Z
51.98796,5044508.73171,1577289600000000000,2019-12-25T16:00:00Z,38812900.0,,6cdf444e-b845-45b8-ad1e-e342d000365c,OrderRole.Standalone,OrderType.Market,_default,,PositionEffect.Close,,38812900.0,False,,OrderSide.Sell,OrderStatus.Filled,300014.SZ,,TimeInForce.GTC,,,,1577376000000000000,2019-12-26T16:00:00Z
89.91,4954962.5775,1577289600000000000,2019-12-25T16:00:00Z,22044100.0,,8a267898-366a-478c-b844-79829c386138,OrderRole.Standalone,OrderType.Market,_default,,PositionEffect.Close,,22044100.0,False,,OrderSide.Sell,OrderStatus.Filled,300223.SZ,,TimeInForce.GTC,,,,1577376000000000000,2019-12-26T16:00:00Z
43.63632,5120460.33408,1577289600000000000,2019-12-25T16:00:00Z,46937600.0,,7709a133-5c2d-4ae1-a280-08e0c7432972,OrderRole.Standalone,OrderType.Market,_default,,PositionEffect.Close,,46937600.0,False,,OrderSide.Sell,OrderStatus.Filled,300502.SZ,,TimeInForce.GTC,,,,1577376000000000000,2019-12-26T16:00:00Z
275.49423,4818394.0827,1577289600000000000,2019-12-25T16:00:00Z,6996000.0,,1b9b72d6-ae0e-4ccb-98b7-2756483a5dc1,OrderRole.Standalone,OrderType.Market,_default,,PositionEffect.Close,,6996000.0,False,,OrderSide.Sell,OrderStatus.Filled,300661.SZ,,TimeInForce.GTC,,,,1577376000000000000,2019-12-26T16:00:00Z
30.47949,5529771.95274,1579708800000000000,2020-01-22T16:00:00Z,72570400.0,,d7bd1dd3-dd24-45e3-9214-773d5a8b7be2,OrderRole.Standalone,OrderType.Market,_default,,PositionEffect.Close,,72570400.0,False,,OrderSide.Sell,OrderStatus.Filled,601066.SH,,TimeInForce.GTC,,,,1580659200000000000,2020-02-02T16:00:00Z
11.79819,5116270.3457625,1579708800000000000,2020-01-22T16:00:00Z,173459500.0,,c63f0bf8-7c40-467b-aaea-5119371eb379,OrderRole.Standalone,OrderType.Market,_default,,PositionEffect.Close,,173459500.0,False,,OrderSide.Sell,OrderStatus.Filled,601865.SH,,TimeInForce.GTC,,,,1580659200000000000,2020-02-02T16:00:00Z
5.67432,3968371.1565,1579708800000000000,2020-01-22T16:00:00Z,279742500.0,,70a6a95c-8b12-46d0-b6fb-ef33fced0590,OrderRole.Standalone,OrderType.Market,_default,,PositionEffect.Close,,279742500.0,False,,OrderSide.Sell,OrderStatus.Filled,601872.SH,,TimeInForce.GTC,,,,1580659200000000000,2020-02-02T16:00:00Z
166.833,82415.502,1579708800000000000,2020-01-22T16:00:00Z,197600.0,,745d1199-8ab2-4b1e-b189-f614556e9eaf,OrderRole.Standalone,OrderType.Market,_default,,PositionEffect.Close,,197600.0,False,,OrderSide.Sell,OrderStatus.Filled,603501.SH,,TimeInForce.GTC,,,,1580659200000000000,2020-02-02T16:00:00Z
154.845,4014085.64625,1579708800000000000,2020-01-22T16:00:00Z,10369300.0,,8a942ef4-6f51-4d74-a16c-109770476220,OrderRole.Standalone,OrderType.Market,_default,,PositionEffect.Close,,10369300.0,False,,OrderSide.Sell,OrderStatus.Filled,688012.SH,,TimeInForce.GTC,,,,1580659200000000000,2020-02-02T16:00:00Z
26.01599,5102743.7586125,1579708800000000000,2020-01-22T16:00:00Z,78455500.0,,9cf9eb81-e132-4404-af51-97c96b25c16e,OrderRole.Standalone,OrderType.Market,_default,,PositionEffect.Open,,78455500.0,False,,OrderSide.Buy,OrderStatus.Filled,002837.SZ,,TimeInForce.GTC,,,,1580659200000000000,2020-02-02T16:00:00Z
91.6916,5103027.2293,1579708800000000000,2020-01-22T16:00:00Z,22261700.0,,8e260301-dc01-4c79-b27b-559d886eabb2,OrderRole.Standalone,OrderType.Market,_default,,PositionEffect.Open,,22261700.0,False,,OrderSide.Buy,OrderStatus.Filled,300223.SZ,,TimeInForce.GTC,,,,1580659200000000000,2020-02-02T16:00:00Z
247.8476,5103120.1221,1579708800000000000,2020-01-22T16:00:00Z,8235900.0,,e664f70e-29f8-4dba-9251-9543c1964011,OrderRole.Standalone,OrderType.Market,_default,,PositionEffect.Open,,8235900.0,False,,OrderSide.Buy,OrderStatus.Filled,300661.SZ,,TimeInForce.GTC,,,,1580659200000000000,2020-02-02T16:00:00Z
162.14198,5103054.001045,1579708800000000000,2020-01-22T16:00:00Z,12589100.0,,0682986f-14d1-457d-b906-a75e1a0658f2,OrderRole.Standalone,OrderType.Market,_default,,PositionEffect.Open,,12589100.0,False,,OrderSide.Buy,OrderStatus.Filled,300751.SZ,,TimeInForce.GTC,,,,1580659200000000000,2020-02-02T16:00:00Z
112.6125,5103119.896875,1579708800000000000,2020-01-22T16:00:00Z,18126300.0,,12343051-b5c7-4f9b-af4f-67ab128bf56c,OrderRole.Standalone,OrderType.Market,_default,,PositionEffect.Open,,18126300.0,False,,OrderSide.Buy,OrderStatus.Filled,600745.SH,,TimeInForce.GTC,,,,1580659200000000000,2020-02-02T16:00:00Z
254.9547,5103109.536525,1579708800000000000,2020-01-22T16:00:00Z,8006300.0,,0150b168-3e62-4805-85a8-0e124689fc7a,OrderRole.Standalone,OrderType.Market,_default,,PositionEffect.Open,,8006300.0,False,,OrderSide.Buy,OrderStatus.Filled,603986.SH,,TimeInForce.GTC,,,,1580659200000000000,2020-02-02T16:00:00Z
82.082,4812159.8525,1579708800000000000,2020-01-22T16:00:00Z,23450500.0,,9ed05e06-e085-43ba-8b19-ad8467490e76,OrderRole.Standalone,OrderType.Market,_default,,PositionEffect.Open,,23450500.0,False,,OrderSide.Buy,OrderStatus.Filled,688008.SH,,TimeInForce.GTC,,,,1580659200000000000,2020-02-02T16:00:00Z
39.039,332085.2535,1579708800000000000,2020-01-22T16:00:00Z,3402600.0,,41189af6-9e4c-4d73-a9cb-7a287eff945a,OrderRole.Standalone,OrderType.Market,_default,,PositionEffect.Open,,3402600.0,False,,OrderSide.Buy,OrderStatus.Filled,300803.SZ,,TimeInForce.GTC,,,,1580659200000000000,2020-02-02T16:00:00Z
35.0649,4583999.3121,1580659200000000000,2020-02-02T16:00:00Z,52291600.0,,bb1184e7-a66e-40d9-bd65-615ed64801c4,OrderRole.Standalone,OrderType.Market,_default,,PositionEffect.Close,,52291600.0,False,,OrderSide.Sell,OrderStatus.Filled,300803.SZ,,TimeInForce.GTC,,,,1580745600000000000,2020-02-03T16:00:00Z
169.9299,5187662.469675,1580659200000000000,2020-02-02T16:00:00Z,12211300.0,,ff7d7150-0f85-4eb9-b844-5d509b47ab99,OrderRole.Standalone,OrderType.Market,_default,,PositionEffect.Close,,12211300.0,False,,OrderSide.Sell,OrderStatus.Filled,603501.SH,,TimeInForce.GTC,,,,1580745600000000000,2020-02-03T16:00:00Z
159.82002,4936760.50779,1580659200000000000,2020-02-02T16:00:00Z,12355800.0,,be1f44e8-936f-4ac8-9311-4590ca32f32a,OrderRole.Standalone,OrderType.Market,_default,,PositionEffect.Close,,12355800.0,False,,OrderSide.Sell,OrderStatus.Filled,688012.SH,,TimeInForce.GTC,,,,1580745600000000000,2020-02-03T16:00:00Z
43.4565,8523503.589375,1582819200000000000,2020-02-27T16:00:00Z,78455500.0,,366ae6b7-e199-4be4-94d8-cca027947247,OrderRole.Standalone,OrderType.Market,_default,,PositionEffect.Close,,78455500.0,False,,OrderSide.Sell,OrderStatus.Filled,002837.SZ,,TimeInForce.GTC,,,,1583078400000000000,2020-03-01T16:00:00Z
122.82705,6835847.3474625,1582819200000000000,2020-02-27T16:00:00Z,22261700.0,,4efcd088-b04b-4850-9363-4390d1570288,OrderRole.Standalone,OrderType.Market,_default,,PositionEffect.Close,,22261700.0,False,,OrderSide.Sell,OrderStatus.Filled,300223.SZ,,TimeInForce.GTC,,,,1583078400000000000,2020-03-01T16:00:00Z
329.67,6787822.8825,1582819200000000000,2020-02-27T16:00:00Z,8235900.0,,0683d034-b758-4fbe-b056-9df284a778e3,OrderRole.Standalone,OrderType.Market,_default,,PositionEffect.Close,,8235900.0,False,,OrderSide.Sell,OrderStatus.Filled,300661.SZ,,TimeInForce.GTC,,,,1583078400000000000,2020-03-01T16:00:00Z
205.77402,6476274.287955,1582819200000000000,2020-02-27T16:00:00Z,12589100.0,,b3b181a5-cd0e-45bb-9d9d-13706ddd4d12,OrderRole.Standalone,OrderType.Market,_default,,PositionEffect.Close,,12589100.0,False,,OrderSide.Sell,OrderStatus.Filled,300751.SZ,,TimeInForce.GTC,,,,1583078400000000000,2020-03-01T16:00:00Z
142.857,6473672.09775,1582819200000000000,2020-02-27T16:00:00Z,18126300.0,,31ef5e8a-25dc-4290-8e10-c429ce15e963,OrderRole.Standalone,OrderType.Market,_default,,PositionEffect.Close,,18126300.0,False,,OrderSide.Sell,OrderStatus.Filled,600745.SH,,TimeInForce.GTC,,,,1583078400000000000,2020-03-01T16:00:00Z
372.627,7458408.87525,1582819200000000000,2020-02-27T16:00:00Z,8006300.0,,77f8e5e3-19d3-4a0d-9631-7f2bf7320ce8,OrderRole.Standalone,OrderType.Market,_default,,PositionEffect.Close,,8006300.0,False,,OrderSide.Sell,OrderStatus.Filled,603986.SH,,TimeInForce.GTC,,,,1583078400000000000,2020-03-01T16:00:00Z
89.8101,5265229.375125,1582819200000000000,2020-02-27T16:00:00Z,23450500.0,,a3a13c59-bbbf-4818-be3d-59070b7e47cb,OrderRole.Standalone,OrderType.Market,_default,,PositionEffect.Close,,23450500.0,False,,OrderSide.Sell,OrderStatus.Filled,688008.SH,,TimeInForce.GTC,,,,1583078400000000000,2020-03-01T16:00:00Z
14.56455,6277037.041275,1582819200000000000,2020-02-27T16:00:00Z,172392200.0,,d1fcda45-7e61-47f5-a6c9-e3cca0f336f7,OrderRole.Standalone,OrderType.Market,_default,,PositionEffect.Open,,172392200.0,False,,OrderSide.Buy,OrderStatus.Filled,000001.SZ,,TimeInForce.GTC,,,,1583078400000000000,2020-03-01T16:00:00Z
6.34634,6315233.41449,1582819200000000000,2020-02-27T16:00:00Z,398039400.0,,498cfe8a-8949-429f-843e-073e3abed13e,OrderRole.Standalone,OrderType.Market,_default,,PositionEffect.Open,,398039400.0,False,,OrderSide.Buy,OrderStatus.Filled,000157.SZ,,TimeInForce.GTC,,,,1583078400000000000,2020-03-01T16:00:00Z
74.7747,6247089.69885,1582819200000000000,2020-02-27T16:00:00Z,33418200.0,,dd19f36c-febf-40d1-9bb8-e994674abc4f,OrderRole.Standalone,OrderType.Market,_default,,PositionEffect.Open,,33418200.0,False,,OrderSide.Buy,OrderStatus.Filled,000568.SZ,,TimeInForce.GTC,,,,1583078400000000000,2020-03-01T16:00:00Z
120.2201,6229505.03175,1582819200000000000,2020-02-27T16:00:00Z,20727000.0,,6131ef02-51f4-4e7c-b2fb-c2ef747f87e8,OrderRole.Standalone,OrderType.Market,_default,,PositionEffect.Open,,20727000.0,False,,OrderSide.Buy,OrderStatus.Filled,000858.SZ,,TimeInForce.GTC,,,,1583078400000000000,2020-03-01T16:00:00Z
6.27627,6295632.29295,1582819200000000000,2020-02-27T16:00:00Z,401234000.0,,0f253863-b756-411e-ad34-1615355ce559,OrderRole.Standalone,OrderType.Market,_default,,PositionEffect.Open,,401234000.0,False,,OrderSide.Buy,OrderStatus.Filled,600089.SH,,TimeInForce.GTC,,,,1583078400000000000,2020-03-01T16:00:00Z
3.48348,6309864.20064,1582819200000000000,2020-02-27T16:00:00Z,724547200.0,,20010a3a-0ffa-4e5d-9faf-80145a18b3eb,OrderRole.Standalone,OrderType.Market,_default,,PositionEffect.Open,,724547200.0,False,,OrderSide.Buy,OrderStatus.Filled,600415.SH,,TimeInForce.GTC,,,,1583078400000000000,2020-03-01T16:00:00Z
1051.16011,6214458.57032,1582819200000000000,2020-02-27T16:00:00Z,2364800.0,,585dafdd-da43-4c2c-b041-ce23712dd72e,OrderRole.Standalone,OrderType.Market,_default,,PositionEffect.Open,,2364800.0,False,,OrderSide.Buy,OrderStatus.Filled,600519.SH,,TimeInForce.GTC,,,,1583078400000000000,2020-03-01T16:00:00Z
2.09209,6225681.17171,1582819200000000000,2020-02-27T16:00:00Z,1190327600.0,,4678a730-5d90-4774-9ab1-66d393bdefe6,OrderRole.Standalone,OrderType.Market,_default,,PositionEffect.Open,,1190327600.0,False,,OrderSide.Buy,OrderStatus.Filled,600795.SH,,TimeInForce.GTC,,,,1583078400000000000,2020-03-01T16:00:00Z
7.61761,6296840.2121625,1582819200000000000,2020-02-27T16:00:00Z,330646500.0,,463bc0ab-e85c-4d55-bfe3-b41cf9b46697,OrderRole.Standalone,OrderType.Market,_default,,PositionEffect.Open,,330646500.0,False,,OrderSide.Buy,OrderStatus.Filled,600886.SH,,TimeInForce.GTC,,,,1583078400000000000,2020-03-01T16:00:00Z
85.13505,6326875.0920375,1582819200000000000,2020-02-27T16:00:00Z,29726300.0,,faf80f0b-fead-4ed2-9102-e5460015a505,OrderRole.Standalone,OrderType.Market,_default,,PositionEffect.Open,,29726300.0,False,,OrderSide.Buy,OrderStatus.Filled,600276.SH,,TimeInForce.GTC,,,,1583078400000000000,2020-03-01T16:00:00Z
12.83715,5532561.325575,1585238400000000000,2020-03-26T16:00:00Z,172392200.0,,d29e7f87-fe89-49a7-b17d-e92a9d075bed,OrderRole.Standalone,OrderType.Market,_default,,PositionEffect.Close,,172392200.0,False,,OrderSide.Sell,OrderStatus.Filled,000001.SZ,,TimeInForce.GTC,,,,1585497600000000000,2020-03-29T16:00:00Z
5.87412,5845328.00082,1585238400000000000,2020-03-26T16:00:00Z,398039400.0,,7ce89d60-39ea-4406-b386-2bbc69b8f5b7,OrderRole.Standalone,OrderType.Market,_default,,PositionEffect.Close,,398039400.0,False,,OrderSide.Sell,OrderStatus.Filled,000157.SZ,,TimeInForce.GTC,,,,1585497600000000000,2020-03-29T16:00:00Z
112.70718,5840204.29965,1585238400000000000,2020-03-26T16:00:00Z,20727000.0,,7f8ce9f5-e849-4519-9fb1-b53ab13173d3,OrderRole.Standalone,OrderType.Market,_default,,PositionEffect.Close,,20727000.0,False,,OrderSide.Sell,OrderStatus.Filled,000858.SZ,,TimeInForce.GTC,,,,1585497600000000000,2020-03-29T16:00:00Z
7.21278,7235031.4263,1585238400000000000,2020-03-26T16:00:00Z,401234000.0,,047acccb-0748-4c1d-9bb3-6e33b1889ad9,OrderRole.Standalone,OrderType.Market,_default,,PositionEffect.Close,,401234000.0,False,,OrderSide.Sell,OrderStatus.Filled,600089.SH,,TimeInForce.GTC,,,,1585497600000000000,2020-03-29T16:00:00Z
89.91,405831.2625,1585238400000000000,2020-03-26T16:00:00Z,1805500.0,,e1e3a027-75af-41ae-806a-b78183d2a191,OrderRole.Standalone,OrderType.Market,_default,,PositionEffect.Close,,1805500.0,False,,OrderSide.Sell,OrderStatus.Filled,600276.SH,,TimeInForce.GTC,,,,1585497600000000000,2020-03-29T16:00:00Z
3.33666,6043919.15088,1585238400000000000,2020-03-26T16:00:00Z,724547200.0,,41935bcd-7a12-44c5-9d2d-2eb604197679,OrderRole.Standalone,OrderType.Market,_default,,PositionEffect.Close,,724547200.0,False,,OrderSide.Sell,OrderStatus.Filled,600415.SH,,TimeInForce.GTC,,,,1585497600000000000,2020-03-29T16:00:00Z
1059.18975,13769.46675,1585238400000000000,2020-03-26T16:00:00Z,5200.0,,35e8730f-7f20-472a-be48-be77908d870d,OrderRole.Standalone,OrderType.Market,_default,,PositionEffect.Close,,5200.0,False,,OrderSide.Sell,OrderStatus.Filled,600519.SH,,TimeInForce.GTC,,,,1585497600000000000,2020-03-29T16:00:00Z
2.01798,6005143.22562,1585238400000000000,2020-03-26T16:00:00Z,1190327600.0,,eda53133-dd36-43f9-9537-88967fd803da,OrderRole.Standalone,OrderType.Market,_default,,PositionEffect.Close,,1190327600.0,False,,OrderSide.Sell,OrderStatus.Filled,600795.SH,,TimeInForce.GTC,,,,1585497600000000000,2020-03-29T16:00:00Z
7.74225,6399869.6615625,1585238400000000000,2020-03-26T16:00:00Z,330646500.0,,4acaf3ec-7b46-4939-9b12-237d47d9ed13,OrderRole.Standalone,OrderType.Market,_default,,PositionEffect.Close,,330646500.0,False,,OrderSide.Sell,OrderStatus.Filled,600886.SH,,TimeInForce.GTC,,,,1585497600000000000,2020-03-29T16:00:00Z
19.06905,6438521.714625,1585238400000000000,2020-03-26T16:00:00Z,135057000.0,,c36bc6d2-55e0-4994-9412-07c8b63255a4,OrderRole.Standalone,OrderType.Market,_default,,PositionEffect.Open,,135057000.0,False,,OrderSide.Buy,OrderStatus.Filled,601607.SH,,TimeInForce.GTC,,,,1585497600000000000,2020-03-29T16:00:00Z
26.1261,6238305.248175,1585238400000000000,2020-03-26T16:00:00Z,95510700.0,,6347c6c6-f8f2-416c-bb41-cab2023be63f,OrderRole.Standalone,OrderType.Market,_default,,PositionEffect.Open,,95510700.0,False,,OrderSide.Buy,OrderStatus.Filled,000002.SZ,,TimeInForce.GTC,,,,1585497600000000000,2020-03-29T16:00:00Z
12.2122,6139292.7596,1585238400000000000,2020-03-26T16:00:00Z,201087200.0,,749dfe76-b07f-44f3-9c1d-55e8fb7513ac,OrderRole.Standalone,OrderType.Market,_default,,PositionEffect.Open,,201087200.0,False,,OrderSide.Buy,OrderStatus.Filled,000338.SZ,,TimeInForce.GTC,,,,1585497600000000000,2020-03-29T16:00:00Z
530.53,6339037.705,1585238400000000000,2020-03-26T16:00:00Z,4779400.0,,b2e3d92e-b59f-417e-ba37-8f249730c250,OrderRole.Standalone,OrderType.Market,_default,,PositionEffect.Open,,4779400.0,False,,OrderSide.Buy,OrderStatus.Filled,000661.SZ,,TimeInForce.GTC,,,,1585497600000000000,2020-03-29T16:00:00Z
46.26622,6262572.40609,1585238400000000000,2020-03-26T16:00:00Z,54143800.0,,0293438b-89d6-47f2-bd80-5c3ccf95b776,OrderRole.Standalone,OrderType.Market,_default,,PositionEffect.Open,,54143800.0,False,,OrderSide.Buy,OrderStatus.Filled,002007.SZ,,TimeInForce.GTC,,,,1585497600000000000,2020-03-29T16:00:00Z
23.3233,6512763.30705,1585238400000000000,2020-03-26T16:00:00Z,111695400.0,,35fbeeea-4a1f-47ff-b883-b23bcbf5765c,OrderRole.Standalone,OrderType.Market,_default,,PositionEffect.Open,,111695400.0,False,,OrderSide.Buy,OrderStatus.Filled,002603.SZ,,TimeInForce.GTC,,,,1585497600000000000,2020-03-29T16:00:00Z
82.082,6148188.046,1585238400000000000,2020-03-26T16:00:00Z,29961200.0,,ac5ba05b-d815-4538-ad4e-ecf947c3932f,OrderRole.Standalone,OrderType.Market,_default,,PositionEffect.Open,,29961200.0,False,,OrderSide.Buy,OrderStatus.Filled,300628.SZ,,TimeInForce.GTC,,,,1585497600000000000,2020-03-29T16:00:00Z
73.073,117848.48075,1585238400000000000,2020-03-26T16:00:00Z,645100.0,,65b62359-c214-4224-8d03-010375a301af,OrderRole.Standalone,OrderType.Market,_default,,PositionEffect.Open,,645100.0,False,,OrderSide.Buy,OrderStatus.Filled,000568.SZ,,TimeInForce.GTC,,,,1585497600000000000,2020-03-29T16:00:00Z
72.89703,6207783.5049975,1585497600000000000,2020-03-29T16:00:00Z,34063300.0,,6a094984-e45d-465d-9927-dfd3afea9281,OrderRole.Standalone,OrderType.Market,_default,,PositionEffect.Close,,34063300.0,False,,OrderSide.Sell,OrderStatus.Filled,000568.SZ,,TimeInForce.GTC,,,,1585584000000000000,2020-03-30T16:00:00Z
91.07883,6357492.6887547,1585497600000000000,2020-03-29T16:00:00Z,27920836.0,,847b905b-fa84-4e8a-9bdb-2e8c7b189c38,OrderRole.Standalone,OrderType.Market,_default,,PositionEffect.Close,,27920836.0,False,,OrderSide.Sell,OrderStatus.Filled,600276.SH,,TimeInForce.GTC,,,,1585584000000000000,2020-03-30T16:00:00Z
1080.918,6376335.282,1585497600000000000,2020-03-29T16:00:00Z,2359600.0,,0a9c4029-19b2-48c3-9fda-479f2e75b304,OrderRole.Standalone,OrderType.Market,_default,,PositionEffect.Close,,2359600.0,False,,OrderSide.Sell,OrderStatus.Filled,600519.SH,,TimeInForce.GTC,,,,1585584000000000000,2020-03-30T16:00:00Z
26.12385,6237768.0004875,1587916800000000000,2020-04-26T16:00:00Z,95510700.0,,083414b3-fbf0-4687-a6a4-ae8c1d79d6e1,OrderRole.Standalone,OrderType.Market,_default,,PositionEffect.Close,,95510700.0,False,,OrderSide.Sell,OrderStatus.Filled,000002.SZ,,TimeInForce.GTC,,,,1588003200000000000,2020-04-27T16:00:00Z
13.00698,6538842.97164,1587916800000000000,2020-04-26T16:00:00Z,201087200.0,,6ddfddcb-07b6-47ca-891f-27b8a20524db,OrderRole.Standalone,OrderType.Market,_default,,PositionEffect.Close,,201087200.0,False,,OrderSide.Sell,OrderStatus.Filled,000338.SZ,,TimeInForce.GTC,,,,1588003200000000000,2020-04-27T16:00:00Z
597.84156,7143309.87966,1587916800000000000,2020-04-26T16:00:00Z,4779400.0,,c2835bd6-be2a-4b12-a476-5877726c78cd,OrderRole.Standalone,OrderType.Market,_default,,PositionEffect.Close,,4779400.0,False,,OrderSide.Sell,OrderStatus.Filled,000661.SZ,,TimeInForce.GTC,,,,1588003200000000000,2020-04-27T16:00:00Z
39.35061,6924418.6275225,1587916800000000000,2020-04-26T16:00:00Z,70386900.0,,96aa27df-d439-4c23-84cb-45354b0b86b4,OrderRole.Standalone,OrderType.Market,_default,,PositionEffect.Close,,70386900.0,False,,OrderSide.Sell,OrderStatus.Filled,002007.SZ,,TimeInForce.GTC,,,,1588003200000000000,2020-04-27T16:00:00Z
30.29967,1915742.085255,1587916800000000000,2020-04-26T16:00:00Z,25290600.0,,63760595-276c-4702-81e3-26767bc0eadc,OrderRole.Standalone,OrderType.Market,_default,,PositionEffect.Close,,25290600.0,False,,OrderSide.Sell,OrderStatus.Filled,002603.SZ,,TimeInForce.GTC,,,,1588003200000000000,2020-04-27T16:00:00Z
86.40351,6471882.10953,1587916800000000000,2020-04-26T16:00:00Z,29961200.0,,c85d86e0-c5ed-4b63-998f-e8159814c897,OrderRole.Standalone,OrderType.Market,_default,,PositionEffect.Close,,29961200.0,False,,OrderSide.Sell,OrderStatus.Filled,300628.SZ,,TimeInForce.GTC,,,,1588003200000000000,2020-04-27T16:00:00Z
18.72126,6321093.02955,1587916800000000000,2020-04-26T16:00:00Z,135057000.0,,77892583-4d19-4199-9be3-aadea25d6b98,OrderRole.Standalone,OrderType.Market,_default,,PositionEffect.Close,,135057000.0,False,,OrderSide.Sell,OrderStatus.Filled,601607.SH,,TimeInForce.GTC,,,,1588003200000000000,2020-04-27T16:00:00Z
247.65741,6650096.77332,1587916800000000000,2020-04-26T16:00:00Z,10740800.0,,ec451da2-f413-4630-83f2-d75a6c22362f,OrderRole.Standalone,OrderType.Market,_default,,PositionEffect.Open,,10740800.0,False,,OrderSide.Buy,OrderStatus.Filled,603986.SH,,TimeInForce.GTC,,,,1588003200000000000,2020-04-27T16:00:00Z
91.9919,6605041.417975,1587916800000000000,2020-04-26T16:00:00Z,28720100.0,,136e1e08-519f-48c6-b930-ebd28ccba733,OrderRole.Standalone,OrderType.Market,_default,,PositionEffect.Open,,28720100.0,False,,OrderSide.Buy,OrderStatus.Filled,688008.SH,,TimeInForce.GTC,,,,1588003200000000000,2020-04-27T16:00:00Z
156.22607,6612229.3562325,1587916800000000000,2020-04-26T16:00:00Z,16929900.0,,eec58758-0a47-4a53-b081-7d851479fbb1,OrderRole.Standalone,OrderType.Market,_default,,PositionEffect.Open,,16929900.0,False,,OrderSide.Buy,OrderStatus.Filled,688012.SH,,TimeInForce.GTC,,,,1588003200000000000,2020-04-27T16:00:00Z
246.246,6566826.7665,1587916800000000000,2020-04-26T16:00:00Z,10667100.0,,dc48bf82-863c-47b3-81e0-c50489126c84,OrderRole.Standalone,OrderType.Market,_default,,PositionEffect.Open,,10667100.0,False,,OrderSide.Buy,OrderStatus.Filled,688111.SH,,TimeInForce.GTC,,,,1588003200000000000,2020-04-27T16:00:00Z
35.4354,6678279.5079,1587916800000000000,2020-04-26T16:00:00Z,75385400.0,,a791429f-6d56-4b0f-a263-b13119fe553b,OrderRole.Standalone,OrderType.Market,_default,,PositionEffect.Open,,75385400.0,False,,OrderSide.Buy,OrderStatus.Filled,002555.SZ,,TimeInForce.GTC,,,,1588003200000000000,2020-04-27T16:00:00Z
42.78274,6744805.91785,1587916800000000000,2020-04-26T16:00:00Z,63061000.0,,f85d1b6b-8c9c-4546-aee9-f3fba34bf063,OrderRole.Standalone,OrderType.Market,_default,,PositionEffect.Open,,63061000.0,False,,OrderSide.Buy,OrderStatus.Filled,002837.SZ,,TimeInForce.GTC,,,,1588003200000000000,2020-04-27T16:00:00Z
85.6856,6613021.8154,1587916800000000000,2020-04-26T16:00:00Z,30871100.0,,dbad6fd8-b7fa-49f9-8673-c649ba961b2f,OrderRole.Standalone,OrderType.Market,_default,,PositionEffect.Open,,30871100.0,False,,OrderSide.Buy,OrderStatus.Filled,300223.SZ,,TimeInForce.GTC,,,,1588003200000000000,2020-04-27T16:00:00Z
271.79152,6562881.88556,1587916800000000000,2020-04-26T16:00:00Z,9658700.0,,f453c894-8a34-44b6-ab89-85b5facd06dd,OrderRole.Standalone,OrderType.Market,_default,,PositionEffect.Open,,9658700.0,False,,OrderSide.Buy,OrderStatus.Filled,300661.SZ,,TimeInForce.GTC,,,,1588003200000000000,2020-04-27T16:00:00Z
529.529,6729122.14975,1587916800000000000,2020-04-26T16:00:00Z,5083100.0,,1682fe11-6295-4456-86a4-ffff99d04738,OrderRole.Standalone,OrderType.Market,_default,,PositionEffect.Open,,5083100.0,False,,OrderSide.Buy,OrderStatus.Filled,300782.SZ,,TimeInForce.GTC,,,,1588003200000000000,2020-04-27T16:00:00Z
28.79118,6219240.37416,1588003200000000000,2020-04-27T16:00:00Z,86404800.0,,e801fafa-c0af-42a7-a355-c40cfb240091,OrderRole.Standalone,OrderType.Market,_default,,PositionEffect.Close,,86404800.0,False,,OrderSide.Sell,OrderStatus.Filled,002603.SZ,,TimeInForce.GTC,,,,1588089600000000000,2020-04-28T16:00:00Z
33.34662,6284620.71837,1590595200000000000,2020-05-27T16:00:00Z,75385400.0,,9a952b0f-8ea7-46a1-95af-5c186fc24c99,OrderRole.Standalone,OrderType.Market,_default,,PositionEffect.Close,,75385400.0,False,,OrderSide.Sell,OrderStatus.Filled,002555.SZ,,TimeInForce.GTC,,,,1590681600000000000,2020-05-28T16:00:00Z
25.0749,3953120.67225,1590595200000000000,2020-05-27T16:00:00Z,63061000.0,,eb998335-8530-489c-9a3c-d63f2c1339f5,OrderRole.Standalone,OrderType.Market,_default,,PositionEffect.Close,,63061000.0,False,,OrderSide.Sell,OrderStatus.Filled,002837.SZ,,TimeInForce.GTC,,,,1590681600000000000,2020-05-28T16:00:00Z
90.4095,6977601.788625,1590595200000000000,2020-05-27T16:00:00Z,30871100.0,,820564d8-8553-4a73-8f75-3b688648b15a,OrderRole.Standalone,OrderType.Market,_default,,PositionEffect.Close,,30871100.0,False,,OrderSide.Sell,OrderStatus.Filled,300223.SZ,,TimeInForce.GTC,,,,1590681600000000000,2020-05-28T16:00:00Z
216.53325,7842834.315,1590595200000000000,2020-05-27T16:00:00Z,14488000.0,,d0a70063-4265-4d7f-bcd8-6274f2e70578,OrderRole.Standalone,OrderType.Market,_default,,PositionEffect.Close,,14488000.0,False,,OrderSide.Sell,OrderStatus.Filled,300661.SZ,,TimeInForce.GTC,,,,1590681600000000000,2020-05-28T16:00:00Z
559.44,7109223.66,1590595200000000000,2020-05-27T16:00:00Z,5083100.0,,148bd466-44a0-4c49-ab7d-4e6358fc2642,OrderRole.Standalone,OrderType.Market,_default,,PositionEffect.Close,,5083100.0,False,,OrderSide.Sell,OrderStatus.Filled,300782.SZ,,TimeInForce.GTC,,,,1590681600000000000,2020-05-28T16:00:00Z
34.45551,8.6138775,1590595200000000000,2020-05-27T16:00:00Z,100.0,,8e463200-273f-43b2-accc-b97f9b7a7593,OrderRole.Standalone,OrderType.Market,_default,,PositionEffect.Close,,100.0,False,,OrderSide.Sell,OrderStatus.Filled,600588.SH,,TimeInForce.GTC,,,,1590681600000000000,2020-05-28T16:00:00Z
193.806,7285700.5065,1590595200000000000,2020-05-27T16:00:00Z,15037100.0,,a7e78903-041e-4f67-8d1f-3d3e36e39aec,OrderRole.Standalone,OrderType.Market,_default,,PositionEffect.Close,,15037100.0,False,,OrderSide.Sell,OrderStatus.Filled,603986.SH,,TimeInForce.GTC,,,,1590681600000000000,2020-05-28T16:00:00Z
87.90201,6311386.2935025,1590595200000000000,2020-05-27T16:00:00Z,28720100.0,,5dfdf6ec-6f33-4173-b16a-e0ae2ad8b8e4,OrderRole.Standalone,OrderType.Market,_default,,PositionEffect.Close,,28720100.0,False,,OrderSide.Sell,OrderStatus.Filled,688008.SH,,TimeInForce.GTC,,,,1590681600000000000,2020-05-28T16:00:00Z
215.84394,9135540.799515,1590595200000000000,2020-05-27T16:00:00Z,16929900.0,,8244cae8-36f0-41b7-8ee6-47bf11dc8f85,OrderRole.Standalone,OrderType.Market,_default,,PositionEffect.Close,,16929900.0,False,,OrderSide.Sell,OrderStatus.Filled,688012.SH,,TimeInForce.GTC,,,,1590681600000000000,2020-05-28T16:00:00Z
262.30743,6995148.9663825,1590595200000000000,2020-05-27T16:00:00Z,10667100.0,,99ce26da-4c14-4fef-95ba-434f98d9005e,OrderRole.Standalone,OrderType.Market,_default,,PositionEffect.Close,,10667100.0,False,,OrderSide.Sell,OrderStatus.Filled,688111.SH,,TimeInForce.GTC,,,,1590681600000000000,2020-05-28T16:00:00Z
30.6306,6842133.24795,1590595200000000000,2020-05-27T16:00:00Z,89350300.0,,3bb4d1dd-59c9-4a9a-997b-e04e67ddc2fe,OrderRole.Standalone,OrderType.Market,_default,,PositionEffect.Open,,89350300.0,False,,OrderSide.Buy,OrderStatus.Filled,688126.SH,,TimeInForce.GTC,,,,1590681600000000000,2020-05-28T16:00:00Z
5.18518,7003128.737605,1590595200000000000,2020-05-27T16:00:00Z,540241900.0,,b66d8e3e-964b-4d7a-a1a6-7f4f9661c444,OrderRole.Standalone,OrderType.Market,_default,,PositionEffect.Open,,540241900.0,False,,OrderSide.Buy,OrderStatus.Filled,000408.SZ,,TimeInForce.GTC,,,,1590681600000000000,2020-05-28T16:00:00Z
50.3503,6996174.185,1590595200000000000,2020-05-27T16:00:00Z,55580000.0,,7c168b53-77ba-48ed-bf6f-7cb236cc6a64,OrderRole.Standalone,OrderType.Market,_default,,PositionEffect.Open,,55580000.0,False,,OrderSide.Buy,OrderStatus.Filled,002920.SZ,,TimeInForce.GTC,,,,1590681600000000000,2020-05-28T16:00:00Z
149.149,7354537.19,1590595200000000000,2020-05-27T16:00:00Z,19724000.0,,b93605c1-7f73-45ad-97d1-eb3b88bef043,OrderRole.Standalone,OrderType.Market,_default,,PositionEffect.Open,,19724000.0,False,,OrderSide.Buy,OrderStatus.Filled,300832.SZ,,TimeInForce.GTC,,,,1590681600000000000,2020-05-28T16:00:00Z
60.93087,6842369.1411075,1590595200000000000,2020-05-27T16:00:00Z,44918900.0,,3c755dd4-323b-47b5-8413-5f7d3068b21f,OrderRole.Standalone,OrderType.Market,_default,,PositionEffect.Open,,44918900.0,False,,OrderSide.Buy,OrderStatus.Filled,600132.SH,,TimeInForce.GTC,,,,1590681600000000000,2020-05-28T16:00:00Z
5.7057,6966464.279775,1590595200000000000,2020-05-27T16:00:00Z,488386300.0,,a4155f60-91c6-4d95-9b82-636a8ffebfe1,OrderRole.Standalone,OrderType.Market,_default,,PositionEffect.Open,,488386300.0,False,,OrderSide.Buy,OrderStatus.Filled,600515.SH,,TimeInForce.GTC,,,,1590681600000000000,2020-05-28T16:00:00Z
61.9619,7003119.8237,1590595200000000000,2020-05-27T16:00:00Z,45209200.0,,c70f08c0-9c62-4bd9-98b8-44b0d4ba0cc3,OrderRole.Standalone,OrderType.Market,_default,,PositionEffect.Open,,45209200.0,False,,OrderSide.Buy,OrderStatus.Filled,600600.SH,,TimeInForce.GTC,,,,1590681600000000000,2020-05-28T16:00:00Z
124.81469,7013805.4861875,1590595200000000000,2020-05-27T16:00:00Z,22477500.0,,3aa405f8-e3f1-4ff4-ab2e-e51a9eab6b37,OrderRole.Standalone,OrderType.Market,_default,,PositionEffect.Open,,22477500.0,False,,OrderSide.Buy,OrderStatus.Filled,600809.SH,,TimeInForce.GTC,,,,1590681600000000000,2020-05-28T16:00:00Z
8.95895,6941085.376225,1590595200000000000,2020-05-27T16:00:00Z,309906200.0,,1054cf73-7eab-43e4-82ad-a9a5b208b954,OrderRole.Standalone,OrderType.Market,_default,,PositionEffect.Open,,309906200.0,False,,OrderSide.Buy,OrderStatus.Filled,600926.SH,,TimeInForce.GTC,,,,1590681600000000000,2020-05-28T16:00:00Z
77.18711,7703427.95222,1590595200000000000,2020-05-27T16:00:00Z,39920800.0,,fdc5b36c-a47f-460a-adcb-60afc853d277,OrderRole.Standalone,OrderType.Market,_default,,PositionEffect.Open,,39920800.0,False,,OrderSide.Buy,OrderStatus.Filled,603392.SH,,TimeInForce.GTC,,,,1590681600000000000,2020-05-28T16:00:00Z
29.04093,2289187.6084125,1593360000000000000,2020-06-28T16:00:00Z,31530500.0,,12314ba5-f090-41b2-9bcc-2c1f093f9a00,OrderRole.Standalone,OrderType.Market,_default,,PositionEffect.Close,,31530500.0,False,,OrderSide.Sell,OrderStatus.Filled,002837.SZ,,TimeInForce.GTC,,,,1593446400000000000,2020-06-29T16:00:00Z
55.4445,7704013.275,1593360000000000000,2020-06-28T16:00:00Z,55580000.0,,0ff9fbd5-532b-4e4e-bdf2-b541cf5cb1a2,OrderRole.Standalone,OrderType.Market,_default,,PositionEffect.Close,,55580000.0,False,,OrderSide.Sell,OrderStatus.Filled,002920.SZ,,TimeInForce.GTC,,,,1593446400000000000,2020-06-29T16:00:00Z
173.2266,8541803.646,1593360000000000000,2020-06-28T16:00:00Z,19724000.0,,565c59ad-7a70-4a8b-abb7-95b3360757ae,OrderRole.Standalone,OrderType.Market,_default,,PositionEffect.Close,,19724000.0,False,,OrderSide.Sell,OrderStatus.Filled,300832.SZ,,TimeInForce.GTC,,,,1593446400000000000,2020-06-29T16:00:00Z
69.93,7852946.6925,1593360000000000000,2020-06-28T16:00:00Z,44918900.0,,c13436cb-43c6-49ce-a8c6-ce8bef5bdf47,OrderRole.Standalone,OrderType.Market,_default,,PositionEffect.Close,,44918900.0,False,,OrderSide.Sell,OrderStatus.Filled,600132.SH,,TimeInForce.GTC,,,,1593446400000000000,2020-06-29T16:00:00Z
4.8951,5976749.442825,1593360000000000000,2020-06-28T16:00:00Z,488386300.0,,01f715e9-6e41-4405-9b50-dc2032ee213f,OrderRole.Standalone,OrderType.Market,_default,,PositionEffect.Close,,488386300.0,False,,OrderSide.Sell,OrderStatus.Filled,600515.SH,,TimeInForce.GTC,,,,1593446400000000000,2020-06-29T16:00:00Z
71.86806,8122743.74538,1593360000000000000,2020-06-28T16:00:00Z,45209200.0,,e2b26547-c8c4-4353-a7ed-1460259d891a,OrderRole.Standalone,OrderType.Market,_default,,PositionEffect.Close,,45209200.0,False,,OrderSide.Sell,OrderStatus.Filled,600600.SH,,TimeInForce.GTC,,,,1593446400000000000,2020-06-29T16:00:00Z
143.62623,8070896.4620625,1593360000000000000,2020-06-28T16:00:00Z,22477500.0,,35484828-eb66-4c16-9ee2-633b9e2af53d,OrderRole.Standalone,OrderType.Market,_default,,PositionEffect.Close,,22477500.0,False,,OrderSide.Sell,OrderStatus.Filled,600809.SH,,TimeInForce.GTC,,,,1593446400000000000,2020-06-29T16:00:00Z
8.97102,6950436.79581,1593360000000000000,2020-06-28T16:00:00Z,309906200.0,,03e92766-577f-4638-bdb7-be255e8ea40d,OrderRole.Standalone,OrderType.Market,_default,,PositionEffect.Close,,309906200.0,False,,OrderSide.Sell,OrderStatus.Filled,600926.SH,,TimeInForce.GTC,,,,1593446400000000000,2020-06-29T16:00:00Z
166.72311,8371792.5647625,1593360000000000000,2020-06-28T16:00:00Z,20085500.0,,0df170d9-ab7f-4ac0-825a-9eef3ba3b33b,OrderRole.Standalone,OrderType.Market,_default,,PositionEffect.Close,,20085500.0,False,,OrderSide.Sell,OrderStatus.Filled,603392.SH,,TimeInForce.GTC,,,,1593446400000000000,2020-06-29T16:00:00Z
222.64242,8420503.306215,1593360000000000000,2020-06-28T16:00:00Z,15128300.0,,fae54464-6522-4e54-8df9-36c55ab780bd,OrderRole.Standalone,OrderType.Market,_default,,PositionEffect.Open,,15128300.0,False,,OrderSide.Buy,OrderStatus.Filled,688012.SH,,TimeInForce.GTC,,,,1593446400000000000,2020-06-29T16:00:00Z
71.5715,8402547.778625,1593360000000000000,2020-06-28T16:00:00Z,46960300.0,,48eefa93-1e89-4735-a265-fdcf529b4f64,OrderRole.Standalone,OrderType.Market,_default,,PositionEffect.Open,,46960300.0,False,,OrderSide.Buy,OrderStatus.Filled,688036.SH,,TimeInForce.GTC,,,,1593446400000000000,2020-06-29T16:00:00Z
34.82479,630894.6018375,1593360000000000000,2020-06-28T16:00:00Z,7246500.0,,10678251-93d4-498a-84bd-a42d2d28c31e,OrderRole.Standalone,OrderType.Market,_default,,PositionEffect.Open,,7246500.0,False,,OrderSide.Buy,OrderStatus.Filled,688126.SH,,TimeInForce.GTC,,,,1593446400000000000,2020-06-29T16:00:00Z
27.01699,8393402.0545375,1593360000000000000,2020-06-28T16:00:00Z,124268500.0,,ff0d9bf7-ba64-4ae3-a86b-71770e005f82,OrderRole.Standalone,OrderType.Market,_default,,PositionEffect.Open,,124268500.0,False,,OrderSide.Buy,OrderStatus.Filled,002074.SZ,,TimeInForce.GTC,,,,1593446400000000000,2020-06-29T16:00:00Z
22.77275,8104679.3953125,1593360000000000000,2020-06-28T16:00:00Z,142357500.0,,9550670a-d15a-48de-8cac-748ea1103b26,OrderRole.Standalone,OrderType.Market,_default,,PositionEffect.Open,,142357500.0,False,,OrderSide.Buy,OrderStatus.Filled,002466.SZ,,TimeInForce.GTC,,,,1593446400000000000,2020-06-29T16:00:00Z
383.74336,4617200.10752,1593360000000000000,2020-06-28T16:00:00Z,4812800.0,,3a4d2a1d-15da-47e2-b69e-c6f12691afd9,OrderRole.Standalone,OrderType.Market,_default,,PositionEffect.Open,,4812800.0,False,,OrderSide.Buy,OrderStatus.Filled,300782.SZ,,TimeInForce.GTC,,,,1593446400000000000,2020-06-29T16:00:00Z
4.86486,8375520.54339,1593360000000000000,2020-06-28T16:00:00Z,688654600.0,,24a7ee03-71b8-4728-9713-348992a5ebf6,OrderRole.Standalone,OrderType.Market,_default,,PositionEffect.Open,,688654600.0,False,,OrderSide.Buy,OrderStatus.Filled,600415.SH,,TimeInForce.GTC,,,,1593446400000000000,2020-06-29T16:00:00Z
290.7905,8269209.4485,1593360000000000000,2020-06-28T16:00:00Z,11374800.0,,3ea8b1f3-82d0-4fd6-82bc-bc07514b4c9c,OrderRole.Standalone,OrderType.Market,_default,,PositionEffect.Open,,11374800.0,False,,OrderSide.Buy,OrderStatus.Filled,300661.SZ,,TimeInForce.GTC,,,,1593446400000000000,2020-06-29T16:00:00Z
6.39639,40618.6755975,1593360000000000000,2020-06-28T16:00:00Z,2540100.0,,0890b7e1-eee0-449b-b807-c357d6f62381,OrderRole.Standalone,OrderType.Market,_default,,PositionEffect.Open,,2540100.0,False,,OrderSide.Buy,OrderStatus.Filled,000408.SZ,,TimeInForce.GTC,,,,1593446400000000000,2020-06-29T16:00:00Z
6.70329,9096062.88195,1593446400000000000,2020-06-29T16:00:00Z,542782000.0,,f468fee4-cabb-42ca-8c4f-6196f64d936a,OrderRole.Standalone,OrderType.Market,_default,,PositionEffect.Close,,542782000.0,False,,OrderSide.Sell,OrderStatus.Filled,000408.SZ,,TimeInForce.GTC,,,,1593532800000000000,2020-06-30T16:00:00Z
166.44339,8253636.4341675,1593446400000000000,2020-06-29T16:00:00Z,19835300.0,,7b192270-fc24-481e-a951-6af50a426247,OrderRole.Standalone,OrderType.Market,_default,,PositionEffect.Close,,19835300.0,False,,OrderSide.Sell,OrderStatus.Filled,603392.SH,,TimeInForce.GTC,,,,1593532800000000000,2020-06-30T16:00:00Z
33.94602,8197692.26184,1593446400000000000,2020-06-29T16:00:00Z,96596800.0,,9968e284-3fc5-41e0-8385-5f58d1a40903,OrderRole.Standalone,OrderType.Market,_default,,PositionEffect.Close,,96596800.0,False,,OrderSide.Sell,OrderStatus.Filled,688126.SH,,TimeInForce.GTC,,,,1593532800000000000,2020-06-30T16:00:00Z
24.65532,7659699.08355,1595779200000000000,2020-07-26T16:00:00Z,124268500.0,,5cfea7d5-f995-4e33-837d-fda6e510333c,OrderRole.Standalone,OrderType.Market,_default,,PositionEffect.Close,,124268500.0,False,,OrderSide.Sell,OrderStatus.Filled,002074.SZ,,TimeInForce.GTC,,,,1595865600000000000,2020-07-27T16:00:00Z
25.26471,8991552.3845625,1595779200000000000,2020-07-26T16:00:00Z,142357500.0,,8bb78270-799e-434f-ac2a-393ce9c4daf9,OrderRole.Standalone,OrderType.Market,_default,,PositionEffect.Close,,142357500.0,False,,OrderSide.Sell,OrderStatus.Filled,002466.SZ,,TimeInForce.GTC,,,,1595865600000000000,2020-07-27T16:00:00Z
338.661,9630502.857,1595779200000000000,2020-07-26T16:00:00Z,11374800.0,,a2665aa0-08d2-46b7-9143-e64f22967f96,OrderRole.Standalone,OrderType.Market,_default,,PositionEffect.Close,,11374800.0,False,,OrderSide.Sell,OrderStatus.Filled,300661.SZ,,TimeInForce.GTC,,,,1595865600000000000,2020-07-27T16:00:00Z
429.4701,5167384.2432,1595779200000000000,2020-07-26T16:00:00Z,4812800.0,,e9f3fcaf-4f2d-4909-9c0f-fb66ae6018fd,OrderRole.Standalone,OrderType.Market,_default,,PositionEffect.Close,,4812800.0,False,,OrderSide.Sell,OrderStatus.Filled,300782.SZ,,TimeInForce.GTC,,,,1595865600000000000,2020-07-27T16:00:00Z
6.62337,11403035.545005,1595779200000000000,2020-07-26T16:00:00Z,688654600.0,,9caec7a7-fb61-41a8-8cda-29d0902c25cd,OrderRole.Standalone,OrderType.Market,_default,,PositionEffect.Close,,688654600.0,False,,OrderSide.Sell,OrderStatus.Filled,600415.SH,,TimeInForce.GTC,,,,1595865600000000000,2020-07-27T16:00:00Z
192.9069,7295883.638175,1595779200000000000,2020-07-26T16:00:00Z,15128300.0,,17c8c720-b2b8-4e7e-89d5-2e260bb8f281,OrderRole.Standalone,OrderType.Market,_default,,PositionEffect.Close,,15128300.0,False,,OrderSide.Sell,OrderStatus.Filled,688012.SH,,TimeInForce.GTC,,,,1595865600000000000,2020-07-27T16:00:00Z
101.87802,11960555.956515,1595779200000000000,2020-07-26T16:00:00Z,46960300.0,,25c0e6af-1619-4961-96f3-1955113e99ef,OrderRole.Standalone,OrderType.Market,_default,,PositionEffect.Close,,46960300.0,False,,OrderSide.Sell,OrderStatus.Filled,688036.SH,,TimeInForce.GTC,,,,1595865600000000000,2020-07-27T16:00:00Z
31.04101,8962967.47346,1595779200000000000,2020-07-26T16:00:00Z,115498400.0,,74084c25-e53f-4b08-9168-a2645af7bc6c,OrderRole.Standalone,OrderType.Market,_default,,PositionEffect.Open,,115498400.0,False,,OrderSide.Buy,OrderStatus.Filled,000786.SZ,,TimeInForce.GTC,,,,1595865600000000000,2020-07-27T16:00:00Z
20.57055,9362572.694475,1595779200000000000,2020-07-26T16:00:00Z,182057800.0,,ed8a5f0a-e0f4-4e86-b927-5133d3a4cb2b,OrderRole.Standalone,OrderType.Market,_default,,PositionEffect.Open,,182057800.0,False,,OrderSide.Buy,OrderStatus.Filled,000975.SZ,,TimeInForce.GTC,,,,1595865600000000000,2020-07-27T16:00:00Z
9.45945,9036797.044275,1595779200000000000,2020-07-26T16:00:00Z,382127800.0,,465606c7-a34f-4ff4-ac69-92343e17826f,OrderRole.Standalone,OrderType.Market,_default,,PositionEffect.Open,,382127800.0,False,,OrderSide.Buy,OrderStatus.Filled,002252.SZ,,TimeInForce.GTC,,,,1595865600000000000,2020-07-27T16:00:00Z
51.68163,9100023.887955,1595779200000000000,2020-07-26T16:00:00Z,70431400.0,,93fd1ec1-c75d-4f38-9bb1-0452a9c03b32,OrderRole.Standalone,OrderType.Market,_default,,PositionEffect.Open,,70431400.0,False,,OrderSide.Buy,OrderStatus.Filled,002271.SZ,,TimeInForce.GTC,,,,1595865600000000000,2020-07-27T16:00:00Z
57.73768,9184837.9623,1595779200000000000,2020-07-26T16:00:00Z,63631500.0,,44e4bfc8-ddd0-4959-8ef1-1b0abb8b7d28,OrderRole.Standalone,OrderType.Market,_default,,PositionEffect.Open,,63631500.0,False,,OrderSide.Buy,OrderStatus.Filled,002311.SZ,,TimeInForce.GTC,,,,1595865600000000000,2020-07-27T16:00:00Z
38.10807,9251429.4647775,1595779200000000000,2020-07-26T16:00:00Z,97107300.0,,c7b51892-1b55-4e73-bd6f-114f9f84a093,OrderRole.Standalone,OrderType.Market,_default,,PositionEffect.Open,,97107300.0,False,,OrderSide.Buy,OrderStatus.Filled,002415.SZ,,TimeInForce.GTC,,,,1595865600000000000,2020-07-27T16:00:00Z
22.74272,8977131.52336,1595779200000000000,2020-07-26T16:00:00Z,157890200.0,,cc8746ea-f087-47fa-8805-261c59ce93ca,OrderRole.Standalone,OrderType.Market,_default,,PositionEffect.Open,,157890200.0,False,,OrderSide.Buy,OrderStatus.Filled,002601.SZ,,TimeInForce.GTC,,,,1595865600000000000,2020-07-27T16:00:00Z
13.99398,9322404.64155,1595779200000000000,2020-07-26T16:00:00Z,266469000.0,,90c22f88-c8c0-4445-b1f3-fb02ba350890,OrderRole.Standalone,OrderType.Market,_default,,PositionEffect.Open,,266469000.0,False,,OrderSide.Buy,OrderStatus.Filled,002625.SZ,,TimeInForce.GTC,,,,1595865600000000000,2020-07-27T16:00:00Z
49.03899,9117390.3195375,1595779200000000000,2020-07-26T16:00:00Z,74368500.0,,678724f8-aed4-4b89-8a40-25dd8a87ecd8,OrderRole.Standalone,OrderType.Market,_default,,PositionEffect.Open,,74368500.0,False,,OrderSide.Buy,OrderStatus.Filled,300124.SZ,,TimeInForce.GTC,,,,1595865600000000000,2020-07-27T16:00:00Z
10.01,8882396.0225,1595779200000000000,2020-07-26T16:00:00Z,354940900.0,,8772d1d8-042a-4027-8512-8809980ef3d4,OrderRole.Standalone,OrderType.Market,_default,,PositionEffect.Open,,354940900.0,False,,OrderSide.Buy,OrderStatus.Filled,600989.SH,,TimeInForce.GTC,,,,1595865600000000000,2020-07-27T16:00:00Z
33.54642,9686394.58932,1598198400000000000,2020-08-23T16:00:00Z,115498400.0,,0cf697a3-0e1c-4799-8c0c-0532ea694555,OrderRole.Standalone,OrderType.Market,_default,,PositionEffect.Close,,115498400.0,False,,OrderSide.Sell,OrderStatus.Filled,000786.SZ,,TimeInForce.GTC,,,,1598284800000000000,2020-08-24T16:00:00Z
16.12386,7338686.19777,1598198400000000000,2020-08-23T16:00:00Z,182057800.0,,adb54e96-a481-4f0a-874f-d29d1aebd659,OrderRole.Standalone,OrderType.Market,_default,,PositionEffect.Close,,182057800.0,False,,OrderSide.Sell,OrderStatus.Filled,000975.SZ,,TimeInForce.GTC,,,,1598284800000000000,2020-08-24T16:00:00Z
9.57042,9142808.84919,1598198400000000000,2020-08-23T16:00:00Z,382127800.0,,f63748dc-7204-4371-a75a-74eef8b749eb,OrderRole.Standalone,OrderType.Market,_default,,PositionEffect.Close,,382127800.0,False,,OrderSide.Sell,OrderStatus.Filled,002252.SZ,,TimeInForce.GTC,,,,1598284800000000000,2020-08-24T16:00:00Z
56.943,10026438.0255,1598198400000000000,2020-08-23T16:00:00Z,70431400.0,,1f0875ac-c1a4-49ba-94a2-6d8f1f83e3eb,OrderRole.Standalone,OrderType.Market,_default,,PositionEffect.Close,,70431400.0,False,,OrderSide.Sell,OrderStatus.Filled,002271.SZ,,TimeInForce.GTC,,,,1598284800000000000,2020-08-24T16:00:00Z
71.60832,11391362.0352,1598198400000000000,2020-08-23T16:00:00Z,63631500.0,,42fb33d1-d42d-456a-a359-c7098ec11453,OrderRole.Standalone,OrderType.Market,_default,,PositionEffect.Close,,63631500.0,False,,OrderSide.Sell,OrderStatus.Filled,002311.SZ,,TimeInForce.GTC,,,,1598284800000000000,2020-08-24T16:00:00Z
38.50146,9346932.066645,1598198400000000000,2020-08-23T16:00:00Z,97107300.0,,686d4c6e-e28c-4111-b5ec-aa0a3186a7f3,OrderRole.Standalone,OrderType.Market,_default,,PositionEffect.Close,,97107300.0,False,,OrderSide.Sell,OrderStatus.Filled,002415.SZ,,TimeInForce.GTC,,,,1598284800000000000,2020-08-24T16:00:00Z
23.7762,9385072.4331,1598198400000000000,2020-08-23T16:00:00Z,157890200.0,,5325d97f-365f-4f14-aa46-7454ea9f8406,OrderRole.Standalone,OrderType.Market,_default,,PositionEffect.Close,,157890200.0,False,,OrderSide.Sell,OrderStatus.Filled,002601.SZ,,TimeInForce.GTC,,,,1598284800000000000,2020-08-24T16:00:00Z
21.18879,14115389.206275,1598198400000000000,2020-08-23T16:00:00Z,266469000.0,,8f63be52-99d3-4bb1-8292-8b842d6e0660,OrderRole.Standalone,OrderType.Market,_default,,PositionEffect.Close,,266469000.0,False,,OrderSide.Sell,OrderStatus.Filled,002625.SZ,,TimeInForce.GTC,,,,1598284800000000000,2020-08-24T16:00:00Z
55.6443,10345457.811375,1598198400000000000,2020-08-23T16:00:00Z,74368500.0,,b631187e-35fc-4d5d-9292-4264ac824344,OrderRole.Standalone,OrderType.Market,_default,,PositionEffect.Close,,74368500.0,False,,OrderSide.Sell,OrderStatus.Filled,300124.SZ,,TimeInForce.GTC,,,,1598284800000000000,2020-08-24T16:00:00Z
12.90708,11453126.47893,1598198400000000000,2020-08-23T16:00:00Z,354940900.0,,4e48f298-8ec9-4f05-b486-3788f16af545,OrderRole.Standalone,OrderType.Market,_default,,PositionEffect.Close,,354940900.0,False,,OrderSide.Sell,OrderStatus.Filled,600989.SH,,TimeInForce.GTC,,,,1598284800000000000,2020-08-24T16:00:00Z
425.07465,9908065.01685,1598198400000000000,2020-08-23T16:00:00Z,9323600.0,,c3165902-a845-46db-9205-d3b6747970fa,OrderRole.Standalone,OrderType.Market,_default,,PositionEffect.Open,,9323600.0,False,,OrderSide.Buy,OrderStatus.Filled,688169.SH,,TimeInForce.GTC,,,,1598284800000000000,2020-08-24T16:00:00Z
198.57838,10009790.045255,1598198400000000000,2020-08-23T16:00:00Z,20162900.0,,c732a6ab-d843-49ac-ae73-91c31714e795,OrderRole.Standalone,OrderType.Market,_default,,PositionEffect.Open,,20162900.0,False,,OrderSide.Buy,OrderStatus.Filled,688256.SH,,TimeInForce.GTC,,,,1598284800000000000,2020-08-24T16:00:00Z
51.11106,10007136.65952,1598198400000000000,2020-08-23T16:00:00Z,78316800.0,,e6869b9a-96a7-45d3-9cfb-e1003f749371,OrderRole.Standalone,OrderType.Market,_default,,PositionEffect.Open,,78316800.0,False,,OrderSide.Buy,OrderStatus.Filled,688396.SH,,TimeInForce.GTC,,,,1598284800000000000,2020-08-24T16:00:00Z
129.68956,9822557.58484,1598198400000000000,2020-08-23T16:00:00Z,30295600.0,,3fde097a-cda1-4b5f-ad0c-976fc253190c,OrderRole.Standalone,OrderType.Market,_default,,PositionEffect.Open,,30295600.0,False,,OrderSide.Buy,OrderStatus.Filled,688521.SH,,TimeInForce.GTC,,,,1598284800000000000,2020-08-24T16:00:00Z
16.3163,9991714.607875,1598198400000000000,2020-08-23T16:00:00Z,244950500.0,,e8a66bff-3bb7-4b5f-aad1-907357b2a582,OrderRole.Standalone,OrderType.Market,_default,,PositionEffect.Open,,244950500.0,False,,OrderSide.Buy,OrderStatus.Filled,688599.SH,,TimeInForce.GTC,,,,1598284800000000000,2020-08-24T16:00:00Z
72.36229,10025795.2795,1598198400000000000,2020-08-23T16:00:00Z,55420000.0,,dbc46507-95d6-4c23-80ad-62e398463472,OrderRole.Standalone,OrderType.Market,_default,,PositionEffect.Open,,55420000.0,False,,OrderSide.Buy,OrderStatus.Filled,688981.SH,,TimeInForce.GTC,,,,1598284800000000000,2020-08-24T16:00:00Z
14.57456,10054642.7982,1598198400000000000,2020-08-23T16:00:00Z,275950500.0,,2536c337-f431-482f-8a43-ebf6fccaf6af,OrderRole.Standalone,OrderType.Market,_default,,PositionEffect.Open,,275950500.0,False,,OrderSide.Buy,OrderStatus.Filled,000001.SZ,,TimeInForce.GTC,,,,1598284800000000000,2020-08-24T16:00:00Z
27.21719,10007665.502835,1598198400000000000,2020-08-23T16:00:00Z,147078600.0,,78137a56-81d1-480c-a04d-af725a1fddb8,OrderRole.Standalone,OrderType.Market,_default,,PositionEffect.Open,,147078600.0,False,,OrderSide.Buy,OrderStatus.Filled,000002.SZ,,TimeInForce.GTC,,,,1598284800000000000,2020-08-24T16:00:00Z
38.56853,9995960.19422,1598198400000000000,2020-08-23T16:00:00Z,103669600.0,,fba87adc-24c1-4f41-b4a3-f7effe889076,OrderRole.Standalone,OrderType.Market,_default,,PositionEffect.Open,,103669600.0,False,,OrderSide.Buy,OrderStatus.Filled,000063.SZ,,TimeInForce.GTC,,,,1598284800000000000,2020-08-24T16:00:00Z
42.90286,9987914.51658,1598198400000000000,2020-08-23T16:00:00Z,93121200.0,,fc3470a7-2187-4e28-bfaa-58748c8c983c,OrderRole.Standalone,OrderType.Market,_default,,PositionEffect.Open,,93121200.0,False,,OrderSide.Buy,OrderStatus.Filled,000733.SZ,,TimeInForce.GTC,,,,1598284800000000000,2020-08-24T16:00:00Z
15.65433,10799550.4766625,1600617600000000000,2020-09-20T16:00:00Z,275950500.0,,1795d9fd-4c26-4dbd-89ae-f4fbce6314f6,OrderRole.Standalone,OrderType.Market,_default,,PositionEffect.Close,,275950500.0,False,,OrderSide.Sell,OrderStatus.Filled,000001.SZ,,TimeInForce.GTC,,,,1600704000000000000,2020-09-21T16:00:00Z
28.93104,10637842.14936,1600617600000000000,2020-09-20T16:00:00Z,147078600.0,,5b8d3f13-9016-486f-8dca-c3dc8f8848de,OrderRole.Standalone,OrderType.Market,_default,,PositionEffect.Close,,147078600.0,False,,OrderSide.Sell,OrderStatus.Filled,000002.SZ,,TimeInForce.GTC,,,,1600704000000000000,2020-09-21T16:00:00Z
34.3656,8906670.0144,1600617600000000000,2020-09-20T16:00:00Z,103669600.0,,c0721f91-afbd-4c0f-9bd5-2f1639c37573,OrderRole.Standalone,OrderType.Market,_default,,PositionEffect.Close,,103669600.0,False,,OrderSide.Sell,OrderStatus.Filled,000063.SZ,,TimeInForce.GTC,,,,1600704000000000000,2020-09-21T16:00:00Z
46.4535,957929.236875,1600617600000000000,2020-09-20T16:00:00Z,8248500.0,,b3296674-dee7-4f5b-a8e2-bb7406ce7bec,OrderRole.Standalone,OrderType.Market,_default,,PositionEffect.Close,,8248500.0,False,,OrderSide.Sell,OrderStatus.Filled,000733.SZ,,TimeInForce.GTC,,,,1600704000000000000,2020-09-21T16:00:00Z
593.38602,3868876.8504,1600617600000000000,2020-09-20T16:00:00Z,2608000.0,,fb98ca36-6a83-4e76-9449-37422a8f77ae,OrderRole.Standalone,OrderType.Market,_default,,PositionEffect.Close,,2608000.0,False,,OrderSide.Sell,OrderStatus.Filled,688169.SH,,TimeInForce.GTC,,,,1600704000000000000,2020-09-21T16:00:00Z
169.81002,8559656.130645,1600617600000000000,2020-09-20T16:00:00Z,20162900.0,,577f74ff-45dc-4f9e-8139-8a2b1aa77d52,OrderRole.Standalone,OrderType.Market,_default,,PositionEffect.Close,,20162900.0,False,,OrderSide.Sell,OrderStatus.Filled,688256.SH,,TimeInForce.GTC,,,,1600704000000000000,2020-09-21T16:00:00Z
52.69725,10317699.972,1600617600000000000,2020-09-20T16:00:00Z,78316800.0,,5045d4c0-0dde-4284-b5ba-b066f72d76b7,OrderRole.Standalone,OrderType.Market,_default,,PositionEffect.Close,,78316800.0,False,,OrderSide.Sell,OrderStatus.Filled,688396.SH,,TimeInForce.GTC,,,,1600704000000000000,2020-09-21T16:00:00Z
103.896,7868979.144,1600617600000000000,2020-09-20T16:00:00Z,30295600.0,,5c28bdd3-f25e-43d8-b904-40b11d4ba339,OrderRole.Standalone,OrderType.Market,_default,,PositionEffect.Close,,30295600.0,False,,OrderSide.Sell,OrderStatus.Filled,688521.SH,,TimeInForce.GTC,,,,1600704000000000000,2020-09-21T16:00:00Z
16.0839,9849398.367375,1600617600000000000,2020-09-20T16:00:00Z,244950500.0,,c14d8ccd-2d3b-442f-bb8d-9fe8890e7301,OrderRole.Standalone,OrderType.Market,_default,,PositionEffect.Close,,244950500.0,False,,OrderSide.Sell,OrderStatus.Filled,688599.SH,,TimeInForce.GTC,,,,1600704000000000000,2020-09-21T16:00:00Z
55.944,7751041.2,1600617600000000000,2020-09-20T16:00:00Z,55420000.0,,10fa11cb-4c48-4a7c-8205-1170202bb33f,OrderRole.Standalone,OrderType.Market,_default,,PositionEffect.Close,,55420000.0,False,,OrderSide.Sell,OrderStatus.Filled,688981.SH,,TimeInForce.GTC,,,,1600704000000000000,2020-09-21T16:00:00Z
7.65765,9803107.2013875,1600617600000000000,2020-09-20T16:00:00Z,512068700.0,,f8041b6d-85ae-4e2b-ac68-5bb004a6043f,OrderRole.Standalone,OrderType.Market,_default,,PositionEffect.Open,,512068700.0,False,,OrderSide.Buy,OrderStatus.Filled,002027.SZ,,TimeInForce.GTC,,,,1600704000000000000,2020-09-21T16:00:00Z
20.49047,9643317.198515,1600617600000000000,2020-09-20T16:00:00Z,188249800.0,,440e426d-79cb-4244-a5d2-4eceb4a0e341,OrderRole.Standalone,OrderType.Market,_default,,PositionEffect.Open,,188249800.0,False,,OrderSide.Buy,OrderStatus.Filled,002625.SZ,,TimeInForce.GTC,,,,1600704000000000000,2020-09-21T16:00:00Z
26.51649,9952454.0790675,1600617600000000000,2020-09-20T16:00:00Z,150132300.0,,91f90ffa-26f0-492d-9b61-a2611f678fdd,OrderRole.Standalone,OrderType.Market,_default,,PositionEffect.Open,,150132300.0,False,,OrderSide.Buy,OrderStatus.Filled,300274.SZ,,TimeInForce.GTC,,,,1600704000000000000,2020-09-21T16:00:00Z
365.365,10030822.05125,1600617600000000000,2020-09-20T16:00:00Z,10981700.0,,0f2a3ca7-21a4-4739-9c73-d8c55b782252,OrderRole.Standalone,OrderType.Market,_default,,PositionEffect.Open,,10981700.0,False,,OrderSide.Buy,OrderStatus.Filled,300751.SZ,,TimeInForce.GTC,,,,1600704000000000000,2020-09-21T16:00:00Z
99.40931,9863317.1812175,1600617600000000000,2020-09-20T16:00:00Z,39687700.0,,8df22e2e-8d16-4b08-8cc8-f21e0c813b29,OrderRole.Standalone,OrderType.Market,_default,,PositionEffect.Open,,39687700.0,False,,OrderSide.Buy,OrderStatus.Filled,600132.SH,,TimeInForce.GTC,,,,1600704000000000000,2020-09-21T16:00:00Z
236.89666,9884750.03516,1600617600000000000,2020-09-20T16:00:00Z,16690400.0,,7d0ef95c-2a6f-490d-b2b5-e7a2510c2b07,OrderRole.Standalone,OrderType.Market,_default,,PositionEffect.Open,,16690400.0,False,,OrderSide.Buy,OrderStatus.Filled,600436.SH,,TimeInForce.GTC,,,,1600704000000000000,2020-09-21T16:00:00Z
9.86986,9697295.36776,1600617600000000000,2020-09-20T16:00:00Z,393006400.0,,e71b3808-b415-43d1-a5ca-36b26897ab1f,OrderRole.Standalone,OrderType.Market,_default,,PositionEffect.Open,,393006400.0,False,,OrderSide.Buy,OrderStatus.Filled,600515.SH,,TimeInForce.GTC,,,,1600704000000000000,2020-09-21T16:00:00Z
18.05804,9894749.52466,1600617600000000000,2020-09-20T16:00:00Z,219176600.0,,53bd7b17-8a69-4206-a93c-6ba04a804613,OrderRole.Standalone,OrderType.Market,_default,,PositionEffect.Open,,219176600.0,False,,OrderSide.Buy,OrderStatus.Filled,601633.SH,,TimeInForce.GTC,,,,1600704000000000000,2020-09-21T16:00:00Z
46.61334,9890500.054545,1600704000000000000,2020-09-21T16:00:00Z,84872700.0,,3ba5f8a8-9bc9-4243-895c-c22046ddeba0,OrderRole.Standalone,OrderType.Market,_default,,PositionEffect.Close,,84872700.0,False,,OrderSide.Sell,OrderStatus.Filled,000733.SZ,,TimeInForce.GTC,,,,1600790400000000000,2020-09-22T16:00:00Z
586.29312,9843275.19168,1600704000000000000,2020-09-21T16:00:00Z,6715600.0,,e51cca21-56ba-47c9-a27e-e5d4b6f15d3b,OrderRole.Standalone,OrderType.Market,_default,,PositionEffect.Close,,6715600.0,False,,OrderSide.Sell,OrderStatus.Filled,688169.SH,,TimeInForce.GTC,,,,1600790400000000000,2020-09-22T16:00:00Z
9.53046,1849126.057965,1603728000000000000,2020-10-26T16:00:00Z,77609100.0,,0de79eca-55dc-49ac-be0e-ca4ae272ef76,OrderRole.Standalone,OrderType.Market,_default,,PositionEffect.Close,,77609100.0,False,,OrderSide.Sell,OrderStatus.Filled,002027.SZ,,TimeInForce.GTC,,,,1603814400000000000,2020-10-27T16:00:00Z
21.16881,9962560.621845,1603728000000000000,2020-10-26T16:00:00Z,188249800.0,,d9c198be-64a1-4078-ab5c-55afc1b3d389,OrderRole.Standalone,OrderType.Market,_default,,PositionEffect.Close,,188249800.0,False,,OrderSide.Sell,OrderStatus.Filled,002625.SZ,,TimeInForce.GTC,,,,1603814400000000000,2020-10-27T16:00:00Z
30.4695,11436140.287125,1603728000000000000,2020-10-26T16:00:00Z,150132300.0,,c7ad6e8d-3898-425d-8bd6-0b759422d347,OrderRole.Standalone,OrderType.Market,_default,,PositionEffect.Close,,150132300.0,False,,OrderSide.Sell,OrderStatus.Filled,300274.SZ,,TimeInForce.GTC,,,,1603814400000000000,2020-10-27T16:00:00Z
398.61099,10943565.7722075,1603728000000000000,2020-10-26T16:00:00Z,10981700.0,,856b5e28-6b73-480e-8c10-fbbb89d5fc40,OrderRole.Standalone,OrderType.Market,_default,,PositionEffect.Close,,10981700.0,False,,OrderSide.Sell,OrderStatus.Filled,300751.SZ,,TimeInForce.GTC,,,,1603814400000000000,2020-10-27T16:00:00Z
103.84605,10303527.1964625,1603728000000000000,2020-10-26T16:00:00Z,39687700.0,,0257bb01-950b-4252-aa24-74dbef25aea7,OrderRole.Standalone,OrderType.Market,_default,,PositionEffect.Close,,39687700.0,False,,OrderSide.Sell,OrderStatus.Filled,600132.SH,,TimeInForce.GTC,,,,1603814400000000000,2020-10-27T16:00:00Z
232.87689,9717021.11214,1603728000000000000,2020-10-26T16:00:00Z,16690400.0,,2b81649c-75ba-4fb2-befa-c93cefe26683,OrderRole.Standalone,OrderType.Market,_default,,PositionEffect.Close,,16690400.0,False,,OrderSide.Sell,OrderStatus.Filled,600436.SH,,TimeInForce.GTC,,,,1603814400000000000,2020-10-27T16:00:00Z
7.07292,6949257.06672,1603728000000000000,2020-10-26T16:00:00Z,393006400.0,,71a03de6-eebb-4ef5-af92-aa68134385d1,OrderRole.Standalone,OrderType.Market,_default,,PositionEffect.Close,,393006400.0,False,,OrderSide.Sell,OrderStatus.Filled,600515.SH,,TimeInForce.GTC,,,,1603814400000000000,2020-10-27T16:00:00Z
23.60637,2429768.254545,1603728000000000000,2020-10-26T16:00:00Z,41171400.0,,c3b7f85b-ffef-4fd7-adfb-1ee90ab4a78e,OrderRole.Standalone,OrderType.Market,_default,,PositionEffect.Close,,41171400.0,False,,OrderSide.Sell,OrderStatus.Filled,601633.SH,,TimeInForce.GTC,,,,1603814400000000000,2020-10-27T16:00:00Z
36.3363,10126999.4826,1603728000000000000,2020-10-26T16:00:00Z,111480800.0,,7e0bc1d1-9fb6-444c-b0fc-9b56cd1481f1,OrderRole.Standalone,OrderType.Market,_default,,PositionEffect.Open,,111480800.0,False,,OrderSide.Buy,OrderStatus.Filled,601865.SH,,TimeInForce.GTC,,,,1603814400000000000,2020-10-27T16:00:00Z
637.637,10409424.025,1603728000000000000,2020-10-26T16:00:00Z,6530000.0,,b504545e-beec-4fde-8fc0-07dbcc114943,OrderRole.Standalone,OrderType.Market,_default,,PositionEffect.Open,,6530000.0,False,,OrderSide.Buy,OrderStatus.Filled,688169.SH,,TimeInForce.GTC,,,,1603814400000000000,2020-10-27T16:00:00Z
167.167,10312532.23,1603728000000000000,2020-10-26T16:00:00Z,24676000.0,,044d9452-7fef-400c-9adb-ca5853730f89,OrderRole.Standalone,OrderType.Market,_default,,PositionEffect.Open,,24676000.0,False,,OrderSide.Buy,OrderStatus.Filled,002304.SZ,,TimeInForce.GTC,,,,1603814400000000000,2020-10-27T16:00:00Z
44.08404,10323831.92841,1603728000000000000,2020-10-26T16:00:00Z,93674100.0,,be91f094-c9de-4977-9747-ce29ec816366,OrderRole.Standalone,OrderType.Market,_default,,PositionEffect.Open,,93674100.0,False,,OrderSide.Buy,OrderStatus.Filled,002415.SZ,,TimeInForce.GTC,,,,1603814400000000000,2020-10-27T16:00:00Z
37.5375,10131690.31875,1603728000000000000,2020-10-26T16:00:00Z,107963400.0,,e66a0c7f-f0c4-4209-b6e1-672c15450024,OrderRole.Standalone,OrderType.Market,_default,,PositionEffect.Open,,107963400.0,False,,OrderSide.Buy,OrderStatus.Filled,002459.SZ,,TimeInForce.GTC,,,,1603814400000000000,2020-10-27T16:00:00Z
62.8628,10459615.5664,1603728000000000000,2020-10-26T16:00:00Z,66555200.0,,a1ce87a2-5b84-4805-816e-060a80a1e0ea,OrderRole.Standalone,OrderType.Market,_default,,PositionEffect.Open,,66555200.0,False,,OrderSide.Buy,OrderStatus.Filled,002460.SZ,,TimeInForce.GTC,,,,1603814400000000000,2020-10-27T16:00:00Z
139.64951,10304458.04388,1603728000000000000,2020-10-26T16:00:00Z,29515200.0,,c5712f0f-4838-443b-ab21-b19fc1f74bb2,OrderRole.Standalone,OrderType.Market,_default,,PositionEffect.Open,,29515200.0,False,,OrderSide.Buy,OrderStatus.Filled,002594.SZ,,TimeInForce.GTC,,,,1603814400000000000,2020-10-27T16:00:00Z
57.3573,10377641.949675,1603728000000000000,2020-10-26T16:00:00Z,72371900.0,,1607af91-118e-4672-a34f-2365032404db,OrderRole.Standalone,OrderType.Market,_default,,PositionEffect.Open,,72371900.0,False,,OrderSide.Buy,OrderStatus.Filled,002709.SZ,,TimeInForce.GTC,,,,1603814400000000000,2020-10-27T16:00:00Z
9.81018,10655317.19682,1603814400000000000,2020-10-27T16:00:00Z,434459600.0,,f042dd8b-5f09-4110-9fbe-b71753b39744,OrderRole.Standalone,OrderType.Market,_default,,PositionEffect.Close,,434459600.0,False,,OrderSide.Sell,OrderStatus.Filled,002027.SZ,,TimeInForce.GTC,,,,1603900800000000000,2020-10-28T16:00:00Z
23.976,10669631.688,1603814400000000000,2020-10-27T16:00:00Z,178005200.0,,cdf451e0-d8f7-4ee1-828b-fc39c0cedf4a,OrderRole.Standalone,OrderType.Market,_default,,PositionEffect.Close,,178005200.0,False,,OrderSide.Sell,OrderStatus.Filled,601633.SH,,TimeInForce.GTC,,,,1603900800000000000,2020-10-28T16:00:00Z
186.66315,11515249.7235,1606147200000000000,2020-11-23T16:00:00Z,24676000.0,,4b9764d2-6c43-4fd7-8608-556e9a81e8e4,OrderRole.Standalone,OrderType.Market,_default,,PositionEffect.Close,,24676000.0,False,,OrderSide.Sell,OrderStatus.Filled,002304.SZ,,TimeInForce.GTC,,,,1606233600000000000,2020-11-24T16:00:00Z
45.78417,10721977.2974925,1606147200000000000,2020-11-23T16:00:00Z,93674100.0,,cdf8d7ba-a863-419d-bced-9eaa5e18f1a7,OrderRole.Standalone,OrderType.Market,_default,,PositionEffect.Close,,93674100.0,False,,OrderSide.Sell,OrderStatus.Filled,002415.SZ,,TimeInForce.GTC,,,,1606233600000000000,2020-11-24T16:00:00Z
33.40656,9016714.49976,1606147200000000000,2020-11-23T16:00:00Z,107963400.0,,c5149f41-e4c9-4341-8187-4fc92ae1674a,OrderRole.Standalone,OrderType.Market,_default,,PositionEffect.Close,,107963400.0,False,,OrderSide.Sell,OrderStatus.Filled,002459.SZ,,TimeInForce.GTC,,,,1606233600000000000,2020-11-24T16:00:00Z
82.6173,13746527.3124,1606147200000000000,2020-11-23T16:00:00Z,66555200.0,,d6079dc1-9537-4ec7-97f9-ad0f7a230422,OrderRole.Standalone,OrderType.Market,_default,,PositionEffect.Close,,66555200.0,False,,OrderSide.Sell,OrderStatus.Filled,002460.SZ,,TimeInForce.GTC,,,,1606233600000000000,2020-11-24T16:00:00Z
182.817,13489700.796,1606147200000000000,2020-11-23T16:00:00Z,29515200.0,,738cef4a-a5aa-4949-b5a8-5d9f8f44c354,OrderRole.Standalone,OrderType.Market,_default,,PositionEffect.Close,,29515200.0,False,,OrderSide.Sell,OrderStatus.Filled,002594.SZ,,TimeInForce.GTC,,,,1606233600000000000,2020-11-24T16:00:00Z
83.39652,15088911.51447,1606147200000000000,2020-11-23T16:00:00Z,72371900.0,,fe17ee99-23bd-41c7-8d31-8e19f5d3065c,OrderRole.Standalone,OrderType.Market,_default,,PositionEffect.Close,,72371900.0,False,,OrderSide.Sell,OrderStatus.Filled,002709.SZ,,TimeInForce.GTC,,,,1606233600000000000,2020-11-24T16:00:00Z
36.4635,10162450.377,1606147200000000000,2020-11-23T16:00:00Z,111480800.0,,f773fa98-69c8-496a-993e-774ebc4d13d6,OrderRole.Standalone,OrderType.Market,_default,,PositionEffect.Close,,111480800.0,False,,OrderSide.Sell,OrderStatus.Filled,601865.SH,,TimeInForce.GTC,,,,1606233600000000000,2020-11-24T16:00:00Z
824.50467,13460038.73775,1606147200000000000,2020-11-23T16:00:00Z,6530000.0,,f19872e6-693c-47c4-b741-645ae2ea33a3,OrderRole.Standalone,OrderType.Market,_default,,PositionEffect.Close,,6530000.0,False,,OrderSide.Sell,OrderStatus.Filled,688169.SH,,TimeInForce.GTC,,,,1606233600000000000,2020-11-24T16:00:00Z
61.3613,11716081.1768,1606147200000000000,2020-11-23T16:00:00Z,76374400.0,,78d4539c-790e-4507-ae52-777c8eecf486,OrderRole.Standalone,OrderType.Market,_default,,PositionEffect.Open,,76374400.0,False,,OrderSide.Buy,OrderStatus.Filled,688981.SH,,TimeInForce.GTC,,,,1606233600000000000,2020-11-24T16:00:00Z
5.4054,11805442.2486,1606147200000000000,2020-11-23T16:00:00Z,873603600.0,,07d0c0e1-dbde-4ce7-9f46-29583503fc0c,OrderRole.Standalone,OrderType.Market,_default,,PositionEffect.Open,,873603600.0,False,,OrderSide.Buy,OrderStatus.Filled,000166.SZ,,TimeInForce.GTC,,,,1606233600000000000,2020-11-24T16:00:00Z
11.2112,12073736.4748,1606147200000000000,2020-11-23T16:00:00Z,430774100.0,,e3737004-5295-48b2-9f59-fdb43bda6873,OrderRole.Standalone,OrderType.Market,_default,,PositionEffect.Open,,430774100.0,False,,OrderSide.Buy,OrderStatus.Filled,000301.SZ,,TimeInForce.GTC,,,,1606233600000000000,2020-11-24T16:00:00Z
45.31527,11651077.042605,1606147200000000000,2020-11-23T16:00:00Z,102844600.0,,dafbfb5e-2a0c-4317-b218-686ef9d1b9f0,OrderRole.Standalone,OrderType.Market,_default,,PositionEffect.Open,,102844600.0,False,,OrderSide.Buy,OrderStatus.Filled,000733.SZ,,TimeInForce.GTC,,,,1606233600000000000,2020-11-24T16:00:00Z
16.99698,11794399.88727,1606147200000000000,2020-11-23T16:00:00Z,277564600.0,,4f446c3d-d5a1-4508-89a0-ee8ac4b53d7a,OrderRole.Standalone,OrderType.Market,_default,,PositionEffect.Open,,277564600.0,False,,OrderSide.Buy,OrderStatus.Filled,000776.SZ,,TimeInForce.GTC,,,,1606233600000000000,2020-11-24T16:00:00Z
9.06906,11888580.87417,1606147200000000000,2020-11-23T16:00:00Z,524357800.0,,00ff4dbc-27fe-4687-803c-0eb98bceea99,OrderRole.Standalone,OrderType.Market,_default,,PositionEffect.Open,,524357800.0,False,,OrderSide.Buy,OrderStatus.Filled,000807.SZ,,TimeInForce.GTC,,,,1606233600000000000,2020-11-24T16:00:00Z
25.80578,11717991.80552,1606147200000000000,2020-11-23T16:00:00Z,181633600.0,,be79636a-6d96-4c83-b8d8-4c1b7e598bff,OrderRole.Standalone,OrderType.Market,_default,,PositionEffect.Open,,181633600.0,False,,OrderSide.Buy,OrderStatus.Filled,000876.SZ,,TimeInForce.GTC,,,,1606233600000000000,2020-11-24T16:00:00Z
51.051,11658555.15825,1606147200000000000,2020-11-23T16:00:00Z,91348300.0,,ffcc73e4-f0bf-444e-934f-dc1d3e5f8db4,OrderRole.Standalone,OrderType.Market,_default,,PositionEffect.Open,,91348300.0,False,,OrderSide.Buy,OrderStatus.Filled,300274.SZ,,TimeInForce.GTC,,,,1606233600000000000,2020-11-24T16:00:00Z
39.039,11482453.23225,1606147200000000000,2020-11-23T16:00:00Z,117651100.0,,22a07125-7589-4f94-91d3-1cc3cf6eff8b,OrderRole.Standalone,OrderType.Market,_default,,PositionEffect.Open,,117651100.0,False,,OrderSide.Buy,OrderStatus.Filled,300442.SZ,,TimeInForce.GTC,,,,1606233600000000000,2020-11-24T16:00:00Z
534.41388,11717959.54329,1606147200000000000,2020-11-23T16:00:00Z,8770700.0,,40257fb1-8ed6-4ea5-895c-95fe316e0eb8,OrderRole.Standalone,OrderType.Market,_default,,PositionEffect.Open,,8770700.0,False,,OrderSide.Buy,OrderStatus.Filled,300896.SZ,,TimeInForce.GTC,,,,1606233600000000000,2020-11-24T16:00:00Z
5.02497,10974579.70473,1608566400000000000,2020-12-21T16:00:00Z,873603600.0,,84cd8999-33de-4f1b-94df-1c334daa91cf,OrderRole.Standalone,OrderType.Market,_default,,PositionEffect.Close,,873603600.0,False,,OrderSide.Sell,OrderStatus.Filled,000166.SZ,,TimeInForce.GTC,,,,1608652800000000000,2020-12-22T16:00:00Z
9.47052,10199136.82383,1608566400000000000,2020-12-21T16:00:00Z,430774100.0,,e16d255f-6624-47ea-99b7-a7e2f330af78,OrderRole.Standalone,OrderType.Market,_default,,PositionEffect.Close,,430774100.0,False,,OrderSide.Sell,OrderStatus.Filled,000301.SZ,,TimeInForce.GTC,,,,1608652800000000000,2020-12-22T16:00:00Z
50.09985,12881247.583275,1608566400000000000,2020-12-21T16:00:00Z,102844600.0,,fa536514-6415-43f6-b454-fe4aaf4bca0a,OrderRole.Standalone,OrderType.Market,_default,,PositionEffect.Close,,102844600.0,False,,OrderSide.Sell,OrderStatus.Filled,000733.SZ,,TimeInForce.GTC,,,,1608652800000000000,2020-12-22T16:00:00Z
15.57441,10807262.204715,1608566400000000000,2020-12-21T16:00:00Z,277564600.0,,4477d8a3-bfae-4c5d-a9b8-704705168c12,OrderRole.Standalone,OrderType.Market,_default,,PositionEffect.Close,,277564600.0,False,,OrderSide.Sell,OrderStatus.Filled,000776.SZ,,TimeInForce.GTC,,,,1608652800000000000,2020-12-22T16:00:00Z
7.54245,9887356.221525,1608566400000000000,2020-12-21T16:00:00Z,524357800.0,,c6dd1a0e-934b-4833-add0-5935236c459a,OrderRole.Standalone,OrderType.Market,_default,,PositionEffect.Close,,524357800.0,False,,OrderSide.Sell,OrderStatus.Filled,000807.SZ,,TimeInForce.GTC,,,,1608652800000000000,2020-12-22T16:00:00Z
21.70827,9857378.07468,1608566400000000000,2020-12-21T16:00:00Z,181633600.0,,5e9e2149-cc20-4aa7-91de-b9bf73de2f8f,OrderRole.Standalone,OrderType.Market,_default,,PositionEffect.Close,,181633600.0,False,,OrderSide.Sell,OrderStatus.Filled,000876.SZ,,TimeInForce.GTC,,,,1608652800000000000,2020-12-22T16:00:00Z
65.17476,3125928.13281,1608566400000000000,2020-12-21T16:00:00Z,19184900.0,,198596a3-3835-4658-ad78-bd1a300b5b86,OrderRole.Standalone,OrderType.Market,_default,,PositionEffect.Close,,19184900.0,False,,OrderSide.Sell,OrderStatus.Filled,300274.SZ,,TimeInForce.GTC,,,,1608652800000000000,2020-12-22T16:00:00Z
36.7632,10813077.2988,1608566400000000000,2020-12-21T16:00:00Z,117651100.0,,c09a045d-fe99-4095-bdfe-45c677ee5dbc,OrderRole.Standalone,OrderType.Market,_default,,PositionEffect.Close,,117651100.0,False,,OrderSide.Sell,OrderStatus.Filled,300442.SZ,,TimeInForce.GTC,,,,1608652800000000000,2020-12-22T16:00:00Z
629.37999,13800257.6957325,1608566400000000000,2020-12-21T16:00:00Z,8770700.0,,472ef695-48ad-46be-a0a9-5b77e01c9b0f,OrderRole.Standalone,OrderType.Market,_default,,PositionEffect.Close,,8770700.0,False,,OrderSide.Sell,OrderStatus.Filled,300896.SZ,,TimeInForce.GTC,,,,1608652800000000000,2020-12-22T16:00:00Z
53.93601,10298326.00536,1608566400000000000,2020-12-21T16:00:00Z,76374400.0,,ad439c06-6d15-4cee-9d5c-89d236b4e3d4,OrderRole.Standalone,OrderType.Market,_default,,PositionEffect.Close,,76374400.0,False,,OrderSide.Sell,OrderStatus.Filled,688981.SH,,TimeInForce.GTC,,,,1608652800000000000,2020-12-22T16:00:00Z
23.2232,11157052.3064,1608566400000000000,2020-12-21T16:00:00Z,192170800.0,,88b75ae1-0cac-4f19-a36f-666104689519,OrderRole.Standalone,OrderType.Market,_default,,PositionEffect.Open,,192170800.0,False,,OrderSide.Buy,OrderStatus.Filled,000625.SZ,,TimeInForce.GTC,,,,1608652800000000000,2020-12-22T16:00:00Z
184.07389,11352204.94408,1608566400000000000,2020-12-21T16:00:00Z,24668800.0,,5863c24d-7198-44bd-8678-2986e8ad060c,OrderRole.Standalone,OrderType.Market,_default,,PositionEffect.Open,,24668800.0,False,,OrderSide.Buy,OrderStatus.Filled,002594.SZ,,TimeInForce.GTC,,,,1608652800000000000,2020-12-22T16:00:00Z
98.07798,11359023.851175,1608566400000000000,2020-12-21T16:00:00Z,46326500.0,,7ed0c9cc-f54d-424a-b976-a976081cfabe,OrderRole.Standalone,OrderType.Market,_default,,PositionEffect.Open,,46326500.0,False,,OrderSide.Buy,OrderStatus.Filled,002709.SZ,,TimeInForce.GTC,,,,1608652800000000000,2020-12-22T16:00:00Z
90.7907,11421992.106525,1608566400000000000,2020-12-21T16:00:00Z,50322300.0,,8b49d5b4-4333-4091-bb66-3673c5a0817e,OrderRole.Standalone,OrderType.Market,_default,,PositionEffect.Open,,50322300.0,False,,OrderSide.Buy,OrderStatus.Filled,300999.SZ,,TimeInForce.GTC,,,,1608652800000000000,2020-12-22T16:00:00Z
15.8158,11092257.12595,1608566400000000000,2020-12-21T16:00:00Z,280536100.0,,312e1871-7fbf-4e59-a3fe-68a575b09259,OrderRole.Standalone,OrderType.Market,_default,,PositionEffect.Open,,280536100.0,False,,OrderSide.Buy,OrderStatus.Filled,601127.SH,,TimeInForce.GTC,,,,1608652800000000000,2020-12-22T16:00:00Z
31.031,11621450.841,1608566400000000000,2020-12-21T16:00:00Z,149804400.0,,2265ad27-5479-4ddf-952e-038e45ba5627,OrderRole.Standalone,OrderType.Market,_default,,PositionEffect.Open,,149804400.0,False,,OrderSide.Buy,OrderStatus.Filled,601633.SH,,TimeInForce.GTC,,,,1608652800000000000,2020-12-22T16:00:00Z
36.5365,11679001.8345,1608566400000000000,2020-12-21T16:00:00Z,127861200.0,,c98c6ea3-5b2d-482e-aab1-a729ca7c990f,OrderRole.Standalone,OrderType.Market,_default,,PositionEffect.Open,,127861200.0,False,,OrderSide.Buy,OrderStatus.Filled,601865.SH,,TimeInForce.GTC,,,,1608652800000000000,2020-12-22T16:00:00Z
9.71971,11312435.139005,1608566400000000000,2020-12-21T16:00:00Z,465546200.0,,279a25b4-1091-447e-9d63-c86f131eeab1,OrderRole.Standalone,OrderType.Market,_default,,PositionEffect.Open,,465546200.0,False,,OrderSide.Buy,OrderStatus.Filled,601919.SH,,TimeInForce.GTC,,,,1608652800000000000,2020-12-22T16:00:00Z
67.77771,11394364.9945125,1608566400000000000,2020-12-21T16:00:00Z,67245500.0,,bf3432dd-3e91-43da-a301-3526f468b4ba,OrderRole.Standalone,OrderType.Market,_default,,PositionEffect.Open,,67245500.0,False,,OrderSide.Buy,OrderStatus.Filled,603799.SH,,TimeInForce.GTC,,,,1608652800000000000,2020-12-22T16:00:00Z
69.44049,12527654.640165,1608652800000000000,2020-12-22T16:00:00Z,72163400.0,,70e31bba-382a-4a10-a38e-86400eeacd79,OrderRole.Standalone,OrderType.Market,_default,,PositionEffect.Close,,72163400.0,False,,OrderSide.Sell,OrderStatus.Filled,300274.SZ,,TimeInForce.GTC,,,,1608739200000000000,2020-12-23T16:00:00Z
19.2807,9262968.8589,1611072000000000000,2021-01-19T16:00:00Z,192170800.0,,617a5d75-b93b-4612-9d62-8158872415e2,OrderRole.Standalone,OrderType.Market,_default,,PositionEffect.Close,,192170800.0,False,,OrderSide.Sell,OrderStatus.Filled,000625.SZ,,TimeInForce.GTC,,,,1611158400000000000,2021-01-20T16:00:00Z
219.78,737856.405,1611072000000000000,2021-01-19T16:00:00Z,1342900.0,,df0c5cb5-3e94-4622-b613-9ed8aa269163,OrderRole.Standalone,OrderType.Market,_default,,PositionEffect.Close,,1342900.0,False,,OrderSide.Sell,OrderStatus.Filled,002594.SZ,,TimeInForce.GTC,,,,1611158400000000000,2021-01-20T16:00:00Z
137.41245,17287276.3315875,1611072000000000000,2021-01-19T16:00:00Z,50322300.0,,e7cca41f-1519-436b-bec1-368af32d87b5,OrderRole.Standalone,OrderType.Market,_default,,PositionEffect.Close,,50322300.0,False,,OrderSide.Sell,OrderStatus.Filled,300999.SZ,,TimeInForce.GTC,,,,1611158400000000000,2021-01-20T16:00:00Z
13.53645,9493657.2271125,1611072000000000000,2021-01-19T16:00:00Z,280536100.0,,b7ad8936-b621-4604-beb0-4791df9f4c75,OrderRole.Standalone,OrderType.Market,_default,,PositionEffect.Close,,280536100.0,False,,OrderSide.Sell,OrderStatus.Filled,601127.SH,,TimeInForce.GTC,,,,1611158400000000000,2021-01-20T16:00:00Z
40.23972,15070217.77692,1611072000000000000,2021-01-19T16:00:00Z,149804400.0,,60720ce7-00b3-4019-92e3-c13f09bc1bd1,OrderRole.Standalone,OrderType.Market,_default,,PositionEffect.Close,,149804400.0,False,,OrderSide.Sell,OrderStatus.Filled,601633.SH,,TimeInForce.GTC,,,,1611158400000000000,2021-01-20T16:00:00Z
38.4615,12294333.8595,1611072000000000000,2021-01-19T16:00:00Z,127861200.0,,42b9f6dd-17c7-43c3-85dd-e32ffca02369,OrderRole.Standalone,OrderType.Market,_default,,PositionEffect.Close,,127861200.0,False,,OrderSide.Sell,OrderStatus.Filled,601865.SH,,TimeInForce.GTC,,,,1611158400000000000,2021-01-20T16:00:00Z
14.10588,16417347.07914,1611072000000000000,2021-01-19T16:00:00Z,465546200.0,,9f9a39d0-6097-4d3f-81ce-4c87956afac4,OrderRole.Standalone,OrderType.Market,_default,,PositionEffect.Close,,465546200.0,False,,OrderSide.Sell,OrderStatus.Filled,601919.SH,,TimeInForce.GTC,,,,1611158400000000000,2021-01-20T16:00:00Z
82.917,13939487.80875,1611072000000000000,2021-01-19T16:00:00Z,67245500.0,,15dc05d8-e768-44c0-ae3d-84049c648db7,OrderRole.Standalone,OrderType.Market,_default,,PositionEffect.Close,,67245500.0,False,,OrderSide.Sell,OrderStatus.Filled,603799.SH,,TimeInForce.GTC,,,,1611158400000000000,2021-01-20T16:00:00Z
22.5225,12976090.6275,1611072000000000000,2021-01-19T16:00:00Z,230455600.0,,2facbde4-50e2-4e1d-a743-99e9cbe98623,OrderRole.Standalone,OrderType.Market,_default,,PositionEffect.Open,,230455600.0,False,,OrderSide.Buy,OrderStatus.Filled,000001.SZ,,TimeInForce.GTC,,,,1611158400000000000,2021-01-20T16:00:00Z
2.47247,13011471.6556825,1611072000000000000,2021-01-19T16:00:00Z,2105015900.0,,a2ac017d-6d59-4bce-b576-de3c0d27e9f1,OrderRole.Standalone,OrderType.Market,_default,,PositionEffect.Open,,2105015900.0,False,,OrderSide.Buy,OrderStatus.Filled,000630.SZ,,TimeInForce.GTC,,,,1611158400000000000,2021-01-20T16:00:00Z
460.46,12981288.32,1611072000000000000,2021-01-19T16:00:00Z,11276800.0,,d69e4599-ea05-4714-bbd5-1a81e7aecfc3,OrderRole.Standalone,OrderType.Market,_default,,PositionEffect.Open,,11276800.0,False,,OrderSide.Buy,OrderStatus.Filled,000661.SZ,,TimeInForce.GTC,,,,1611158400000000000,2021-01-20T16:00:00Z
28.01799,13213718.362845,1611072000000000000,2021-01-19T16:00:00Z,188646200.0,,0325665b-abc7-417a-87de-b5ca898bcc5f,OrderRole.Standalone,OrderType.Market,_default,,PositionEffect.Open,,188646200.0,False,,OrderSide.Buy,OrderStatus.Filled,000708.SZ,,TimeInForce.GTC,,,,1611158400000000000,2021-01-20T16:00:00Z
18.39838,13036816.0923,1611072000000000000,2021-01-19T16:00:00Z,283434000.0,,8a66fe41-931f-4503-87e1-9b5234a1805f,OrderRole.Standalone,OrderType.Market,_default,,PositionEffect.Open,,283434000.0,False,,OrderSide.Buy,OrderStatus.Filled,002422.SZ,,TimeInForce.GTC,,,,1611158400000000000,2021-01-20T16:00:00Z
94.094,13211762.0635,1611072000000000000,2021-01-19T16:00:00Z,56164100.0,,4fb29694-a2a9-420f-8029-a352abfea52c,OrderRole.Standalone,OrderType.Market,_default,,PositionEffect.Open,,56164100.0,False,,OrderSide.Buy,OrderStatus.Filled,300274.SZ,,TimeInForce.GTC,,,,1611158400000000000,2021-01-20T16:00:00Z
387.387,12813018.7185,1611072000000000000,2021-01-19T16:00:00Z,13230200.0,,6a87ac01-ac29-457c-9847-6a3ffaef7a8e,OrderRole.Standalone,OrderType.Market,_default,,PositionEffect.Open,,13230200.0,False,,OrderSide.Buy,OrderStatus.Filled,300750.SZ,,TimeInForce.GTC,,,,1611158400000000000,2021-01-20T16:00:00Z
357.357,12815179.377,1611072000000000000,2021-01-19T16:00:00Z,14344400.0,,c5f42c00-858b-4ec7-a90b-66e22478c57b,OrderRole.Standalone,OrderType.Market,_default,,PositionEffect.Open,,14344400.0,False,,OrderSide.Buy,OrderStatus.Filled,600809.SH,,TimeInForce.GTC,,,,1611158400000000000,2021-01-20T16:00:00Z
103.6035,761330.31975,1611072000000000000,2021-01-19T16:00:00Z,2939400.0,,11318f02-dfdb-4857-b94c-eba6abafeab9,OrderRole.Standalone,OrderType.Market,_default,,PositionEffect.Open,,2939400.0,False,,OrderSide.Buy,OrderStatus.Filled,002709.SZ,,TimeInForce.GTC,,,,1611158400000000000,2021-01-20T16:00:00Z
235.48428,13732206.91713,1611158400000000000,2021-01-20T16:00:00Z,23325900.0,,a0512634-5563-47e9-8731-8efe729e45b2,OrderRole.Standalone,OrderType.Market,_default,,PositionEffect.Close,,23325900.0,False,,OrderSide.Sell,OrderStatus.Filled,002594.SZ,,TimeInForce.GTC,,,,1611244800000000000,2021-01-21T16:00:00Z
109.04085,13429989.0300375,1611158400000000000,2021-01-20T16:00:00Z,49265900.0,,7aee0647-2fc8-44d5-b273-c418f3b2fe1a,OrderRole.Standalone,OrderType.Market,_default,,PositionEffect.Close,,49265900.0,False,,OrderSide.Sell,OrderStatus.Filled,002709.SZ,,TimeInForce.GTC,,,,1611244800000000000,2021-01-21T16:00:00Z
22.3776,12892608.0864,1614096000000000000,2021-02-23T16:00:00Z,230455600.0,,9d6b293a-e0c2-4f93-b470-45f917b32744,OrderRole.Standalone,OrderType.Market,_default,,PositionEffect.Close,,230455600.0,False,,OrderSide.Sell,OrderStatus.Filled,000001.SZ,,TimeInForce.GTC,,,,1614182400000000000,2021-02-24T16:00:00Z
3.20679,16875859.8449025,1614096000000000000,2021-02-23T16:00:00Z,2105015900.0,,1c49a56c-3460-40d5-adb6-8c211af8eee5,OrderRole.Standalone,OrderType.Market,_default,,PositionEffect.Close,,2105015900.0,False,,OrderSide.Sell,OrderStatus.Filled,000630.SZ,,TimeInForce.GTC,,,,1614182400000000000,2021-02-24T16:00:00Z
425.69388,12001161.86496,1614096000000000000,2021-02-23T16:00:00Z,11276800.0,,cf19022c-61a3-413a-9d04-0d8a3cd0398a,OrderRole.Standalone,OrderType.Market,_default,,PositionEffect.Close,,11276800.0,False,,OrderSide.Sell,OrderStatus.Filled,000661.SZ,,TimeInForce.GTC,,,,1614182400000000000,2021-02-24T16:00:00Z
31.1688,14699689.1964,1614096000000000000,2021-02-23T16:00:00Z,188646200.0,,18fafc2d-3f6f-4f04-8c0e-8321a6a732ec,OrderRole.Standalone,OrderType.Market,_default,,PositionEffect.Close,,188646200.0,False,,OrderSide.Sell,OrderStatus.Filled,000708.SZ,,TimeInForce.GTC,,,,1614182400000000000,2021-02-24T16:00:00Z
21.66831,15353839.44135,1614096000000000000,2021-02-23T16:00:00Z,283434000.0,,b214efdb-e3b9-48ad-8ed5-295dee82caa0,OrderRole.Standalone,OrderType.Market,_default,,PositionEffect.Close,,283434000.0,False,,OrderSide.Sell,OrderStatus.Filled,002422.SZ,,TimeInForce.GTC,,,,1614182400000000000,2021-02-24T16:00:00Z
90.4095,12694420.497375,1614096000000000000,2021-02-23T16:00:00Z,56164100.0,,29410720-1f27-4b6b-a1d2-198fe7693241,OrderRole.Standalone,OrderType.Market,_default,,PositionEffect.Close,,56164100.0,False,,OrderSide.Sell,OrderStatus.Filled,300274.SZ,,TimeInForce.GTC,,,,1614182400000000000,2021-02-24T16:00:00Z
353.49615,11692061.909325,1614096000000000000,2021-02-23T16:00:00Z,13230200.0,,648dbf96-a70a-4427-850d-01827e140c40,OrderRole.Standalone,OrderType.Market,_default,,PositionEffect.Close,,13230200.0,False,,OrderSide.Sell,OrderStatus.Filled,300750.SZ,,TimeInForce.GTC,,,,1614182400000000000,2021-02-24T16:00:00Z
350.1495,12556711.2195,1614096000000000000,2021-02-23T16:00:00Z,14344400.0,,604043e7-cde5-4d5e-89db-9ad466df6f55,OrderRole.Standalone,OrderType.Market,_default,,PositionEffect.Close,,14344400.0,False,,OrderSide.Sell,OrderStatus.Filled,600809.SH,,TimeInForce.GTC,,,,1614182400000000000,2021-02-24T16:00:00Z
4.26426,26799287.79528,1614096000000000000,2021-02-23T16:00:00Z,2513851200.0,,f803bc63-d13b-40c6-9e51-ca78056ce56c,OrderRole.Standalone,OrderType.Market,_default,,PositionEffect.Open,,2513851200.0,False,,OrderSide.Buy,OrderStatus.Filled,601077.SH,,TimeInForce.GTC,,,,1614182400000000000,2021-02-24T16:00:00Z
4.81481,26665999.445085,1614096000000000000,2021-02-23T16:00:00Z,2215331400.0,,634d451b-0854-4e8a-a3d4-4929d9e096ff,OrderRole.Standalone,OrderType.Market,_default,,PositionEffect.Open,,2215331400.0,False,,OrderSide.Buy,OrderStatus.Filled,601169.SH,,TimeInForce.GTC,,,,1614182400000000000,2021-02-24T16:00:00Z
3.23323,26693202.541005,1614096000000000000,2021-02-23T16:00:00Z,3302357400.0,,7857233d-2bbe-4a92-8ca2-8c7841c3d648,OrderRole.Standalone,OrderType.Market,_default,,PositionEffect.Open,,3302357400.0,False,,OrderSide.Buy,OrderStatus.Filled,601288.SH,,TimeInForce.GTC,,,,1614182400000000000,2021-02-24T16:00:00Z
3.92392,26815783.81482,1614096000000000000,2021-02-23T16:00:00Z,2733570900.0,,b07efc8a-5178-460f-aab8-9e74d0c33f62,OrderRole.Standalone,OrderType.Market,_default,,PositionEffect.Open,,2733570900.0,False,,OrderSide.Buy,OrderStatus.Filled,601669.SH,,TimeInForce.GTC,,,,1614182400000000000,2021-02-24T16:00:00Z
4.55455,26728046.470125,1614096000000000000,2021-02-23T16:00:00Z,2347371000.0,,64692bf8-2970-49ca-8fd0-89130847cc02,OrderRole.Standalone,OrderType.Market,_default,,PositionEffect.Open,,2347371000.0,False,,OrderSide.Buy,OrderStatus.Filled,600025.SH,,TimeInForce.GTC,,,,1614182400000000000,2021-02-24T16:00:00Z
5.38461,31599193.400775,1616515200000000000,2021-03-23T16:00:00Z,2347371000.0,,fabcfb50-4279-486e-a3a9-cd5cea0a64aa,OrderRole.Standalone,OrderType.Market,_default,,PositionEffect.Close,,2347371000.0,False,,OrderSide.Sell,OrderStatus.Filled,600025.SH,,TimeInForce.GTC,,,,1616601600000000000,2021-03-24T16:00:00Z
4.32567,27185226.80076,1616515200000000000,2021-03-23T16:00:00Z,2513851200.0,,08c45b1e-0e21-4a3b-9c22-920ba2ca6692,OrderRole.Standalone,OrderType.Market,_default,,PositionEffect.Close,,2513851200.0,False,,OrderSide.Sell,OrderStatus.Filled,601077.SH,,TimeInForce.GTC,,,,1616601600000000000,2021-03-24T16:00:00Z
4.75524,26336081.21634,1616515200000000000,2021-03-23T16:00:00Z,2215331400.0,,31528204-d12a-4c60-a6ce-1078d0c8ed0b,OrderRole.Standalone,OrderType.Market,_default,,PositionEffect.Close,,2215331400.0,False,,OrderSide.Sell,OrderStatus.Filled,601169.SH,,TimeInForce.GTC,,,,1616601600000000000,2021-03-24T16:00:00Z
3.3966,28041967.8621,1616515200000000000,2021-03-23T16:00:00Z,3302357400.0,,12ae78ad-cf55-4244-b9cf-8fdd78e428f7,OrderRole.Standalone,OrderType.Market,_default,,PositionEffect.Close,,3302357400.0,False,,OrderSide.Sell,OrderStatus.Filled,601288.SH,,TimeInForce.GTC,,,,1616601600000000000,2021-03-24T16:00:00Z
4.06593,27786269.8235925,1616515200000000000,2021-03-23T16:00:00Z,2733570900.0,,c3eb8f25-90f0-4bae-9375-0143ebf8f82a,OrderRole.Standalone,OrderType.Market,_default,,PositionEffect.Close,,2733570900.0,False,,OrderSide.Sell,OrderStatus.Filled,601669.SH,,TimeInForce.GTC,,,,1616601600000000000,2021-03-24T16:00:00Z
288.3881,27572858.338025,1616515200000000000,2021-03-23T16:00:00Z,38244100.0,,15e34cfa-b14b-4183-8bfe-b5856afa3ce8,OrderRole.Standalone,OrderType.Market,_default,,PositionEffect.Open,,38244100.0,False,,OrderSide.Buy,OrderStatus.Filled,601888.SH,,TimeInForce.GTC,,,,1616601600000000000,2021-03-24T16:00:00Z
61.5615,27421123.47975,1616515200000000000,2021-03-23T16:00:00Z,178170600.0,,3e982a6d-a4bb-4ad2-8c41-d84223d0563c,OrderRole.Standalone,OrderType.Market,_default,,PositionEffect.Open,,178170600.0,False,,OrderSide.Buy,OrderStatus.Filled,300274.SZ,,TimeInForce.GTC,,,,1616601600000000000,2021-03-24T16:00:00Z
380.64026,27727359.09944,1616515200000000000,2021-03-23T16:00:00Z,29137600.0,,6e764351-de72-42cc-9cc3-de230f7501e7,OrderRole.Standalone,OrderType.Market,_default,,PositionEffect.Open,,29137600.0,False,,OrderSide.Buy,OrderStatus.Filled,300896.SZ,,TimeInForce.GTC,,,,1616601600000000000,2021-03-24T16:00:00Z
1971.98001,27967113.4968225,1616515200000000000,2021-03-23T16:00:00Z,5672900.0,,9edfe4a2-45f3-4e8d-875b-b0dbdd08ec94,OrderRole.Standalone,OrderType.Market,_default,,PositionEffect.Open,,5672900.0,False,,OrderSide.Buy,OrderStatus.Filled,600519.SH,,TimeInForce.GTC,,,,1616601600000000000,2021-03-24T16:00:00Z
311.13082,27599481.64974,1616515200000000000,2021-03-23T16:00:00Z,35482800.0,,039131d0-5b1f-417e-82cd-f44facf12c00,OrderRole.Standalone,OrderType.Market,_default,,PositionEffect.Open,,35482800.0,False,,OrderSide.Buy,OrderStatus.Filled,600809.SH,,TimeInForce.GTC,,,,1616601600000000000,2021-03-24T16:00:00Z
73.25667,5033246.02569,1619020800000000000,2021-04-21T16:00:00Z,27482800.0,,50da8e72-332e-4348-99ac-35567e725a8c,OrderRole.Standalone,OrderType.Market,_default,,PositionEffect.Close,,27482800.0,False,,OrderSide.Sell,OrderStatus.Filled,300274.SZ,,TimeInForce.GTC,,,,1619107200000000000,2021-04-22T16:00:00Z
607.392,16440127.416,1619020800000000000,2021-04-21T16:00:00Z,10826700.0,,4ee96dc3-9861-4b9e-a686-85ddfc0485bc,OrderRole.Standalone,OrderType.Market,_default,,PositionEffect.Close,,10826700.0,False,,OrderSide.Sell,OrderStatus.Filled,300896.SZ,,TimeInForce.GTC,,,,1619107200000000000,2021-04-22T16:00:00Z
2053.91403,29129122.2519675,1619020800000000000,2021-04-21T16:00:00Z,5672900.0,,ab2a6410-0a72-4bcb-bdd6-d0ce4ce76c6e,OrderRole.Standalone,OrderType.Market,_default,,PositionEffect.Close,,5672900.0,False,,OrderSide.Sell,OrderStatus.Filled,600519.SH,,TimeInForce.GTC,,,,1619107200000000000,2021-04-22T16:00:00Z
387.1125,34339588.5375,1619020800000000000,2021-04-21T16:00:00Z,35482800.0,,32b8c081-cd46-4a0e-8b8f-5ec6d55eaa36,OrderRole.Standalone,OrderType.Market,_default,,PositionEffect.Close,,35482800.0,False,,OrderSide.Sell,OrderStatus.Filled,600809.SH,,TimeInForce.GTC,,,,1619107200000000000,2021-04-22T16:00:00Z
297.85185,28477689.8414625,1619020800000000000,2021-04-21T16:00:00Z,38244100.0,,9ba784a7-596d-42d1-8f87-5dcf0e5ac1b6,OrderRole.Standalone,OrderType.Market,_default,,PositionEffect.Close,,38244100.0,False,,OrderSide.Sell,OrderStatus.Filled,601888.SH,,TimeInForce.GTC,,,,1619107200000000000,2021-04-22T16:00:00Z
15.44543,27567636.72663,1619020800000000000,2021-04-21T16:00:00Z,713936400.0,,a67395c0-c88a-4ac7-9f14-c97ba08b571a,OrderRole.Standalone,OrderType.Market,_default,,PositionEffect.Open,,713936400.0,False,,OrderSide.Buy,OrderStatus.Filled,601919.SH,,TimeInForce.GTC,,,,1619107200000000000,2021-04-22T16:00:00Z
175.2751,27828383.808225,1619020800000000000,2021-04-21T16:00:00Z,63507900.0,,6d16c705-5f7e-4b2d-8430-9aee30a8001b,OrderRole.Standalone,OrderType.Market,_default,,PositionEffect.Open,,63507900.0,False,,OrderSide.Buy,OrderStatus.Filled,688036.SH,,TimeInForce.GTC,,,,1619107200000000000,2021-04-22T16:00:00Z
10.18017,27942828.3859725,1619020800000000000,2021-04-21T16:00:00Z,1097931700.0,,7b153573-87c7-4e81-82d0-2fbfdeac3da8,OrderRole.Standalone,OrderType.Market,_default,,PositionEffect.Open,,1097931700.0,False,,OrderSide.Buy,OrderStatus.Filled,002532.SZ,,TimeInForce.GTC,,,,1619107200000000000,2021-04-22T16:00:00Z
34.74471,27918694.78398,1619020800000000000,2021-04-21T16:00:00Z,321415200.0,,d0b2c88f-43d1-485e-bcbf-a6eefb299e66,OrderRole.Standalone,OrderType.Market,_default,,PositionEffect.Open,,321415200.0,False,,OrderSide.Buy,OrderStatus.Filled,601127.SH,,TimeInForce.GTC,,,,1619107200000000000,2021-04-22T16:00:00Z
78.60132,29610649.96974,1619107200000000000,2021-04-22T16:00:00Z,150687800.0,,e3ac0a55-33fc-4c74-96c1-bfc8ff3e400f,OrderRole.Standalone,OrderType.Market,_default,,PositionEffect.Close,,150687800.0,False,,OrderSide.Sell,OrderStatus.Filled,300274.SZ,,TimeInForce.GTC,,,,1619366400000000000,2021-04-25T16:00:00Z
580.42899,26570442.9824775,1619107200000000000,2021-04-22T16:00:00Z,18310900.0,,c85ae14c-415a-4ad1-b6d2-8479c20edc9f,OrderRole.Standalone,OrderType.Market,_default,,PositionEffect.Close,,18310900.0,False,,OrderSide.Sell,OrderStatus.Filled,300896.SZ,,TimeInForce.GTC,,,,1619366400000000000,2021-04-25T16:00:00Z
11.57841,10029363.472125,1621872000000000000,2021-05-24T16:00:00Z,346485000.0,,a651c164-7fde-4645-aaa3-a2d28de8ba11,OrderRole.Standalone,OrderType.Market,_default,,PositionEffect.Close,,346485000.0,False,,OrderSide.Sell,OrderStatus.Filled,002532.SZ,,TimeInForce.GTC,,,,1621958400000000000,2021-05-25T16:00:00Z
53.946,21928563.486,1621872000000000000,2021-05-24T16:00:00Z,162596400.0,,ef00aaa5-d2c3-4612-be3d-1985e85def54,OrderRole.Standalone,OrderType.Market,_default,,PositionEffect.Close,,162596400.0,False,,OrderSide.Sell,OrderStatus.Filled,601127.SH,,TimeInForce.GTC,,,,1621958400000000000,2021-05-25T16:00:00Z
20.6793,15890765.103225,1621872000000000000,2021-05-24T16:00:00Z,307375300.0,,c0d3fd63-9dfd-4292-8557-c989d33523f2,OrderRole.Standalone,OrderType.Market,_default,,PositionEffect.Close,,307375300.0,False,,OrderSide.Sell,OrderStatus.Filled,601919.SH,,TimeInForce.GTC,,,,1621958400000000000,2021-05-25T16:00:00Z
176.03379,27948840.8298525,1621872000000000000,2021-05-24T16:00:00Z,63507900.0,,4e27da49-2c64-4e45-9ddd-cb687c45bba0,OrderRole.Standalone,OrderType.Market,_default,,PositionEffect.Close,,63507900.0,False,,OrderSide.Sell,OrderStatus.Filled,688036.SH,,TimeInForce.GTC,,,,1621958400000000000,2021-05-25T16:00:00Z
18.66865,21171947.94715,1621872000000000000,2021-05-24T16:00:00Z,453636400.0,,cbd4cb36-46e6-42e6-9fd5-c469bc9d846e,OrderRole.Standalone,OrderType.Market,_default,,PositionEffect.Open,,453636400.0,False,,OrderSide.Buy,OrderStatus.Filled,000408.SZ,,TimeInForce.GTC,,,,1621958400000000000,2021-05-25T16:00:00Z
21.53151,21579309.9522,1621872000000000000,2021-05-24T16:00:00Z,400888000.0,,e2447d3a-eacc-42ec-bd8c-65d8ff09d204,OrderRole.Standalone,OrderType.Market,_default,,PositionEffect.Open,,400888000.0,False,,OrderSide.Buy,OrderStatus.Filled,000625.SZ,,TimeInForce.GTC,,,,1621958400000000000,2021-05-25T16:00:00Z
70.95088,21535844.77044,1621872000000000000,2021-05-24T16:00:00Z,121412700.0,,c2724925-ee9a-4ad4-a34d-6de28b513179,OrderRole.Standalone,OrderType.Market,_default,,PositionEffect.Open,,121412700.0,False,,OrderSide.Buy,OrderStatus.Filled,300223.SZ,,TimeInForce.GTC,,,,1621958400000000000,2021-05-25T16:00:00Z
666.30564,21563982.58014,1621872000000000000,2021-05-24T16:00:00Z,12945400.0,,35da5c9f-349c-45f9-8711-fe026e1d1851,OrderRole.Standalone,OrderType.Market,_default,,PositionEffect.Open,,12945400.0,False,,OrderSide.Buy,OrderStatus.Filled,300896.SZ,,TimeInForce.GTC,,,,1621958400000000000,2021-05-25T16:00:00Z
38.22819,21529810.78248,1621872000000000000,2021-05-24T16:00:00Z,225276800.0,,ddcd77e1-8bff-48a9-ac30-2b11a3f973de,OrderRole.Standalone,OrderType.Market,_default,,PositionEffect.Open,,225276800.0,False,,OrderSide.Buy,OrderStatus.Filled,600460.SH,,TimeInForce.GTC,,,,1621958400000000000,2021-05-25T16:00:00Z
70.01995,21553873.6037625,1621872000000000000,2021-05-24T16:00:00Z,123129900.0,,593ecf68-4b24-44a4-a3bd-b8ca627596f9,OrderRole.Standalone,OrderType.Market,_default,,PositionEffect.Open,,123129900.0,False,,OrderSide.Buy,OrderStatus.Filled,605117.SH,,TimeInForce.GTC,,,,1621958400000000000,2021-05-25T16:00:00Z
11.23875,21113303.9990625,1621958400000000000,2021-05-25T16:00:00Z,751446700.0,,9660b9ac-11e9-472a-8745-c802c5d455ce,OrderRole.Standalone,OrderType.Market,_default,,PositionEffect.Close,,751446700.0,False,,OrderSide.Sell,OrderStatus.Filled,002532.SZ,,TimeInForce.GTC,,,,1622044800000000000,2021-05-26T16:00:00Z
57.942,23005697.274,1621958400000000000,2021-05-25T16:00:00Z,158818800.0,,75d98454-6462-49af-88b2-dbac9675e40c,OrderRole.Standalone,OrderType.Market,_default,,PositionEffect.Close,,158818800.0,False,,OrderSide.Sell,OrderStatus.Filled,601127.SH,,TimeInForce.GTC,,,,1622044800000000000,2021-05-26T16:00:00Z
20.4795,20815420.118625,1621958400000000000,2021-05-25T16:00:00Z,406561100.0,,7f9da93c-8368-440c-906f-57ec6c01d85c,OrderRole.Standalone,OrderType.Market,_default,,PositionEffect.Close,,406561100.0,False,,OrderSide.Sell,OrderStatus.Filled,601919.SH,,TimeInForce.GTC,,,,1622044800000000000,2021-05-26T16:00:00Z
20.65932,23429548.87812,1624377600000000000,2021-06-22T16:00:00Z,453636400.0,,ee4b2d21-9d8b-4054-b238-77455d4e4fe8,OrderRole.Standalone,OrderType.Market,_default,,PositionEffect.Close,,453636400.0,False,,OrderSide.Sell,OrderStatus.Filled,000408.SZ,,TimeInForce.GTC,,,,1624464000000000000,2021-06-23T16:00:00Z
26.96301,27022867.8822,1624377600000000000,2021-06-22T16:00:00Z,400888000.0,,b89cc3c8-46a8-4cac-9eca-5a75dab4bced,OrderRole.Standalone,OrderType.Market,_default,,PositionEffect.Close,,400888000.0,False,,OrderSide.Sell,OrderStatus.Filled,000625.SZ,,TimeInForce.GTC,,,,1624464000000000000,2021-06-23T16:00:00Z
98.82108,4536653.43537,1624377600000000000,2021-06-22T16:00:00Z,18363100.0,,b92e8361-5a96-4d85-8ae8-15e0b8e59c88,OrderRole.Standalone,OrderType.Market,_default,,PositionEffect.Close,,18363100.0,False,,OrderSide.Sell,OrderStatus.Filled,300223.SZ,,TimeInForce.GTC,,,,1624464000000000000,2021-06-23T16:00:00Z
701.30799,22696781.134365,1624377600000000000,2021-06-22T16:00:00Z,12945400.0,,6164270e-af80-452e-a91f-bc24fc787789,OrderRole.Standalone,OrderType.Market,_default,,PositionEffect.Close,,12945400.0,False,,OrderSide.Sell,OrderStatus.Filled,300896.SZ,,TimeInForce.GTC,,,,1624464000000000000,2021-06-23T16:00:00Z
54.945,5823153.5175,1624377600000000000,2021-06-22T16:00:00Z,42392600.0,,0a90bd58-9cdd-492e-a752-0a3e600e898e,OrderRole.Standalone,OrderType.Market,_default,,PositionEffect.Close,,42392600.0,False,,OrderSide.Sell,OrderStatus.Filled,600460.SH,,TimeInForce.GTC,,,,1624464000000000000,2021-06-23T16:00:00Z
122.877,11452443.5925,1624377600000000000,2021-06-22T16:00:00Z,37281000.0,,d1ca7a69-47e9-4a52-9010-ac2a940e9d25,OrderRole.Standalone,OrderType.Market,_default,,PositionEffect.Close,,37281000.0,False,,OrderSide.Sell,OrderStatus.Filled,605117.SH,,TimeInForce.GTC,,,,1624464000000000000,2021-06-23T16:00:00Z
252.252,25517118.627,1624377600000000000,2021-06-22T16:00:00Z,40462900.0,,908cc1c8-7155-49e7-bb7f-db14fb8eda13,OrderRole.Standalone,OrderType.Market,_default,,PositionEffect.Open,,40462900.0,False,,OrderSide.Buy,OrderStatus.Filled,605499.SH,,TimeInForce.GTC,,,,1624464000000000000,2021-06-23T16:00:00Z
91.8918,25417685.3931,1624377600000000000,2021-06-22T16:00:00Z,110641800.0,,07f22492-eed2-4788-b61a-fb083194bdcb,OrderRole.Standalone,OrderType.Market,_default,,PositionEffect.Open,,110641800.0,False,,OrderSide.Buy,OrderStatus.Filled,688396.SH,,TimeInForce.GTC,,,,1624464000000000000,2021-06-23T16:00:00Z
269.79953,25764101.418055,1624377600000000000,2021-06-22T16:00:00Z,38197400.0,,f62bb809-5b10-433d-97cd-e0eb68471c98,OrderRole.Standalone,OrderType.Market,_default,,PositionEffect.Open,,38197400.0,False,,OrderSide.Buy,OrderStatus.Filled,002371.SZ,,TimeInForce.GTC,,,,1624464000000000000,2021-06-23T16:00:00Z
107.22712,25979281.50818,1624377600000000000,2021-06-22T16:00:00Z,96913100.0,,15f6cdeb-73b8-4318-b514-09c089c45fce,OrderRole.Standalone,OrderType.Market,_default,,PositionEffect.Open,,96913100.0,False,,OrderSide.Buy,OrderStatus.Filled,002709.SZ,,TimeInForce.GTC,,,,1624464000000000000,2021-06-23T16:00:00Z
78.62855,26038964.7893375,1624377600000000000,2021-06-22T16:00:00Z,132465700.0,,27451e01-605c-428d-a6cb-a263abf12b35,OrderRole.Standalone,OrderType.Market,_default,,PositionEffect.Open,,132465700.0,False,,OrderSide.Buy,OrderStatus.Filled,601127.SH,,TimeInForce.GTC,,,,1624464000000000000,2021-06-23T16:00:00Z
142.142,25544729.7105,1624377600000000000,2021-06-22T16:00:00Z,71885100.0,,aaebc1e7-7e24-4865-b37e-94c64b1fdbaa,OrderRole.Standalone,OrderType.Market,_default,,PositionEffect.Open,,71885100.0,False,,OrderSide.Buy,OrderStatus.Filled,603893.SH,,TimeInForce.GTC,,,,1624464000000000000,2021-06-23T16:00:00Z
95.904,24707172.096,1624464000000000000,2021-06-23T16:00:00Z,103049600.0,,5a1ed103-df19-402f-b6a8-13b2cb514759,OrderRole.Standalone,OrderType.Market,_default,,PositionEffect.Close,,103049600.0,False,,OrderSide.Sell,OrderStatus.Filled,300223.SZ,,TimeInForce.GTC,,,,1624550400000000000,2021-06-24T16:00:00Z
56.82312,25980127.10676,1624464000000000000,2021-06-23T16:00:00Z,182884200.0,,b684e75e-7b3a-441b-9ba7-676a7a24622d,OrderRole.Standalone,OrderType.Market,_default,,PositionEffect.Close,,182884200.0,False,,OrderSide.Sell,OrderStatus.Filled,600460.SH,,TimeInForce.GTC,,,,1624550400000000000,2021-06-24T16:00:00Z
116.86302,25081404.294195,1624464000000000000,2021-06-23T16:00:00Z,85848900.0,,42a19a6a-9549-417e-b711-a97080745cec,OrderRole.Standalone,OrderType.Market,_default,,PositionEffect.Close,,85848900.0,False,,OrderSide.Sell,OrderStatus.Filled,605117.SH,,TimeInForce.GTC,,,,1624550400000000000,2021-06-24T16:00:00Z
349.65,33389302.275,1626796800000000000,2021-07-20T16:00:00Z,38197400.0,,4ea226c8-1585-4417-9335-b1d73af9fa89,OrderRole.Standalone,OrderType.Market,_default,,PositionEffect.Close,,38197400.0,False,,OrderSide.Sell,OrderStatus.Filled,002371.SZ,,TimeInForce.GTC,,,,1626883200000000000,2021-07-21T16:00:00Z
103.00689,24956792.5781475,1626796800000000000,2021-07-20T16:00:00Z,96913100.0,,991dcf1c-9b22-432b-8ba7-851f36b77527,OrderRole.Standalone,OrderType.Market,_default,,PositionEffect.Close,,96913100.0,False,,OrderSide.Sell,OrderStatus.Filled,002709.SZ,,TimeInForce.GTC,,,,1626883200000000000,2021-07-21T16:00:00Z
66.46347,22010325.1949475,1626796800000000000,2021-07-20T16:00:00Z,132465700.0,,8da68731-de49-4c95-a94d-15b46755b4b6,OrderRole.Standalone,OrderType.Market,_default,,PositionEffect.Close,,132465700.0,False,,OrderSide.Sell,OrderStatus.Filled,601127.SH,,TimeInForce.GTC,,,,1626883200000000000,2021-07-21T16:00:00Z
149.08077,26791715.1488175,1626796800000000000,2021-07-20T16:00:00Z,71885100.0,,5385ca4a-20c4-42e8-87cd-e616c51443ca,OrderRole.Standalone,OrderType.Market,_default,,PositionEffect.Close,,71885100.0,False,,OrderSide.Sell,OrderStatus.Filled,603893.SH,,TimeInForce.GTC,,,,1626883200000000000,2021-07-21T16:00:00Z
217.62216,22014059.24466,1626796800000000000,2021-07-20T16:00:00Z,40462900.0,,06305e8e-1093-46b5-86f2-c13bd0333a15,OrderRole.Standalone,OrderType.Market,_default,,PositionEffect.Close,,40462900.0,False,,OrderSide.Sell,OrderStatus.Filled,605499.SH,,TimeInForce.GTC,,,,1626883200000000000,2021-07-21T16:00:00Z
83.46645,23087195.669025,1626796800000000000,2021-07-20T16:00:00Z,110641800.0,,7573619e-3ed1-409a-88c0-5c6acbb9e7af,OrderRole.Standalone,OrderType.Market,_default,,PositionEffect.Close,,110641800.0,False,,OrderSide.Sell,OrderStatus.Filled,688396.SH,,TimeInForce.GTC,,,,1626883200000000000,2021-07-21T16:00:00Z
38.75872,38142940.836,1626796800000000000,2021-07-20T16:00:00Z,393645000.0,,f73b3b53-8437-4629-9658-4365c58fa91b,OrderRole.Standalone,OrderType.Market,_default,,PositionEffect.Open,,393645000.0,False,,OrderSide.Buy,OrderStatus.Filled,688599.SH,,TimeInForce.GTC,,,,1626883200000000000,2021-07-21T16:00:00Z
14.03402,37037434.79436,1626796800000000000,2021-07-20T16:00:00Z,1055647200.0,,216e36e4-f612-450b-b63b-0d77c02bdb99,OrderRole.Standalone,OrderType.Market,_default,,PositionEffect.Open,,1055647200.0,False,,OrderSide.Buy,OrderStatus.Filled,000657.SZ,,TimeInForce.GTC,,,,1626883200000000000,2021-07-21T16:00:00Z
57.63758,37988482.286755,1626796800000000000,2021-07-20T16:00:00Z,263636900.0,,fe8a7161-395e-4f88-894a-6f311f23a3e2,OrderRole.Standalone,OrderType.Market,_default,,PositionEffect.Open,,263636900.0,False,,OrderSide.Buy,OrderStatus.Filled,002074.SZ,,TimeInForce.GTC,,,,1626883200000000000,2021-07-21T16:00:00Z
145.56542,39410563.767575,1626796800000000000,2021-07-20T16:00:00Z,108296500.0,,2b269eb3-d26a-4c7f-b911-d838dc3c8165,OrderRole.Standalone,OrderType.Market,_default,,PositionEffect.Open,,108296500.0,False,,OrderSide.Buy,OrderStatus.Filled,300223.SZ,,TimeInForce.GTC,,,,1626883200000000000,2021-07-21T16:00:00Z
40.41037,38763849.47435,1626796800000000000,2021-07-20T16:00:00Z,383702000.0,,d2bab060-cbef-4848-8cf8-b1f81b330eb2,OrderRole.Standalone,OrderType.Market,_default,,PositionEffect.Open,,383702000.0,False,,OrderSide.Buy,OrderStatus.Filled,600111.SH,,TimeInForce.GTC,,,,1626883200000000000,2021-07-21T16:00:00Z
30.17014,37431187.5938,1626796800000000000,2021-07-20T16:00:00Z,496268000.0,,648f3c7c-6346-4ff8-a940-cd1faafe6fe5,OrderRole.Standalone,OrderType.Market,_default,,PositionEffect.Open,,496268000.0,False,,OrderSide.Buy,OrderStatus.Filled,600549.SH,,TimeInForce.GTC,,,,1626883200000000000,2021-07-21T16:00:00Z
12.987,34274225.466,1629216000000000000,2021-08-17T16:00:00Z,1055647200.0,,c24255bd-7b5e-4362-922e-1b1b9376c2df,OrderRole.Standalone,OrderType.Market,_default,,PositionEffect.Close,,1055647200.0,False,,OrderSide.Sell,OrderStatus.Filled,000657.SZ,,TimeInForce.GTC,,,,1629302400000000000,2021-08-18T16:00:00Z
51.4485,33909307.624125,1629216000000000000,2021-08-17T16:00:00Z,263636900.0,,f7de36a8-fb28-4c9a-9b15-c493abc5fe1e,OrderRole.Standalone,OrderType.Market,_default,,PositionEffect.Close,,263636900.0,False,,OrderSide.Sell,OrderStatus.Filled,002074.SZ,,TimeInForce.GTC,,,,1629302400000000000,2021-08-18T16:00:00Z
147.852,40029635.295,1629216000000000000,2021-08-17T16:00:00Z,108296500.0,,69deb3de-b364-47af-b5d6-5fe3dc7d5840,OrderRole.Standalone,OrderType.Market,_default,,PositionEffect.Close,,108296500.0,False,,OrderSide.Sell,OrderStatus.Filled,300223.SZ,,TimeInForce.GTC,,,,1629302400000000000,2021-08-18T16:00:00Z
39.3606,37756852.353,1629216000000000000,2021-08-17T16:00:00Z,383702000.0,,b16f53e7-ef5a-4652-8b49-0a81de9b4e8c,OrderRole.Standalone,OrderType.Market,_default,,PositionEffect.Close,,383702000.0,False,,OrderSide.Sell,OrderStatus.Filled,600111.SH,,TimeInForce.GTC,,,,1629302400000000000,2021-08-18T16:00:00Z
26.13384,32423471.2728,1629216000000000000,2021-08-17T16:00:00Z,496268000.0,,7c0c6269-cc3f-4ccf-9386-c7e5e1f07676,OrderRole.Standalone,OrderType.Market,_default,,PositionEffect.Close,,496268000.0,False,,OrderSide.Sell,OrderStatus.Filled,600549.SH,,TimeInForce.GTC,,,,1629302400000000000,2021-08-18T16:00:00Z
42.5574,41881269.3075,1629216000000000000,2021-08-17T16:00:00Z,393645000.0,,b6393909-f609-4bcb-bb05-f98a48610a06,OrderRole.Standalone,OrderType.Market,_default,,PositionEffect.Close,,393645000.0,False,,OrderSide.Sell,OrderStatus.Filled,688599.SH,,TimeInForce.GTC,,,,1629302400000000000,2021-08-18T16:00:00Z
35.21518,44027347.409045,1629216000000000000,2021-08-17T16:00:00Z,500095100.0,,0a69f299-4ca1-4061-b729-ee900c576d67,OrderRole.Standalone,OrderType.Market,_default,,PositionEffect.Open,,500095100.0,False,,OrderSide.Buy,OrderStatus.Filled,000063.SZ,,TimeInForce.GTC,,,,1629302400000000000,2021-08-18T16:00:00Z
91.96187,44050494.4154275,1629216000000000000,2021-08-17T16:00:00Z,191603300.0,,70547a05-1c6a-4acf-8ced-e2efca680ab6,OrderRole.Standalone,OrderType.Market,_default,,PositionEffect.Open,,191603300.0,False,,OrderSide.Buy,OrderStatus.Filled,000538.SZ,,TimeInForce.GTC,,,,1629302400000000000,2021-08-18T16:00:00Z
5.78578,44919770.390495,1629216000000000000,2021-08-17T16:00:00Z,3105529100.0,,23654c1c-cae4-40b7-9ad2-e763bffad6aa,OrderRole.Standalone,OrderType.Market,_default,,PositionEffect.Open,,3105529100.0,False,,OrderSide.Buy,OrderStatus.Filled,000725.SZ,,TimeInForce.GTC,,,,1629302400000000000,2021-08-18T16:00:00Z
20.86084,46169550.07665,1629216000000000000,2021-08-17T16:00:00Z,885286500.0,,7e4a6e39-a0c0-4c5e-ace0-2e0f1da0bfbb,OrderRole.Standalone,OrderType.Market,_default,,PositionEffect.Open,,885286500.0,False,,OrderSide.Buy,OrderStatus.Filled,000776.SZ,,TimeInForce.GTC,,,,1629302400000000000,2021-08-18T16:00:00Z
35.82579,43326438.610455,1629216000000000000,2021-08-17T16:00:00Z,483745800.0,,44970a07-a9ef-486e-a451-97e49782af32,OrderRole.Standalone,OrderType.Market,_default,,PositionEffect.Open,,483745800.0,False,,OrderSide.Buy,OrderStatus.Filled,000792.SZ,,TimeInForce.GTC,,,,1629302400000000000,2021-08-18T16:00:00Z
33.74622,42190798.163805,1631635200000000000,2021-09-14T16:00:00Z,500095100.0,,e1b14061-a6fa-4068-b117-982838b5e9b6,OrderRole.Standalone,OrderType.Market,_default,,PositionEffect.Close,,500095100.0,False,,OrderSide.Sell,OrderStatus.Filled,000063.SZ,,TimeInForce.GTC,,,,1631721600000000000,2021-09-15T16:00:00Z
96.49341,46221139.4606325,1631635200000000000,2021-09-14T16:00:00Z,191603300.0,,663c2134-e558-413a-8b16-bd71dd9a346a,OrderRole.Standalone,OrderType.Market,_default,,PositionEffect.Close,,191603300.0,False,,OrderSide.Sell,OrderStatus.Filled,000538.SZ,,TimeInForce.GTC,,,,1631721600000000000,2021-09-15T16:00:00Z
5.64435,43821732.9389625,1631635200000000000,2021-09-14T16:00:00Z,3105529100.0,,6a5734b4-82ab-43f8-8b01-16585fb82b9c,OrderRole.Standalone,OrderType.Market,_default,,PositionEffect.Close,,3105529100.0,False,,OrderSide.Sell,OrderStatus.Filled,000725.SZ,,TimeInForce.GTC,,,,1631721600000000000,2021-09-15T16:00:00Z
23.72625,52511322.0515625,1631635200000000000,2021-09-14T16:00:00Z,885286500.0,,c0e15077-f149-4065-ba10-2a2fad44c732,OrderRole.Standalone,OrderType.Market,_default,,PositionEffect.Close,,885286500.0,False,,OrderSide.Sell,OrderStatus.Filled,000776.SZ,,TimeInForce.GTC,,,,1631721600000000000,2021-09-15T16:00:00Z
37.962,45909895.149,1631635200000000000,2021-09-14T16:00:00Z,483745800.0,,d5369831-a386-45be-b293-a1cbcce38383,OrderRole.Standalone,OrderType.Market,_default,,PositionEffect.Close,,483745800.0,False,,OrderSide.Sell,OrderStatus.Filled,000792.SZ,,TimeInForce.GTC,,,,1631721600000000000,2021-09-15T16:00:00Z
27.87785,45634597.7712625,1631635200000000000,2021-09-14T16:00:00Z,654779300.0,,f87eb16b-2bb4-410d-a89c-853dd1dedcc8,OrderRole.Standalone,OrderType.Market,_default,,PositionEffect.Open,,654779300.0,False,,OrderSide.Buy,OrderStatus.Filled,002007.SZ,,TimeInForce.GTC,,,,1631721600000000000,2021-09-15T16:00:00Z
44.5445,44801332.450875,1631635200000000000,2021-09-14T16:00:00Z,402306300.0,,1dcbd247-15ff-4980-893c-b101d8dafe1a,OrderRole.Standalone,OrderType.Market,_default,,PositionEffect.Open,,402306300.0,False,,OrderSide.Buy,OrderStatus.Filled,002271.SZ,,TimeInForce.GTC,,,,1631721600000000000,2021-09-15T16:00:00Z
59.21916,45314145.91704,1631635200000000000,2021-09-14T16:00:00Z,306077600.0,,c13737c2-5b0e-4cdd-8544-1aef697eeb49,OrderRole.Standalone,OrderType.Market,_default,,PositionEffect.Open,,306077600.0,False,,OrderSide.Buy,OrderStatus.Filled,002311.SZ,,TimeInForce.GTC,,,,1631721600000000000,2021-09-15T16:00:00Z
69.09903,46239619.79637,1631635200000000000,2021-09-14T16:00:00Z,267671600.0,,b8c84adb-55d1-4195-bb71-3d3d91298226,OrderRole.Standalone,OrderType.Market,_default,,PositionEffect.Open,,267671600.0,False,,OrderSide.Buy,OrderStatus.Filled,300142.SZ,,TimeInForce.GTC,,,,1631721600000000000,2021-09-15T16:00:00Z
38.8388,45314383.4143,1631635200000000000,2021-09-14T16:00:00Z,466691900.0,,06cefdd0-907e-4ab3-8e70-df2103848e8d,OrderRole.Standalone,OrderType.Market,_default,,PositionEffect.Open,,466691900.0,False,,OrderSide.Buy,OrderStatus.Filled,000651.SZ,,TimeInForce.GTC,,,,1631721600000000000,2021-09-15T16:00:00Z
40.00995,46680798.9610125,1634832000000000000,2021-10-21T16:00:00Z,466691900.0,,6e7ea204-5261-4e20-805a-fba5768710e3,OrderRole.Standalone,OrderType.Market,_default,,PositionEffect.Close,,466691900.0,False,,OrderSide.Sell,OrderStatus.Filled,000651.SZ,,TimeInForce.GTC,,,,1635091200000000000,2021-10-24T16:00:00Z
29.85012,48863101.69629,1634832000000000000,2021-10-21T16:00:00Z,654779300.0,,e060599a-4a16-43b5-b621-f3f894937df4,OrderRole.Standalone,OrderType.Market,_default,,PositionEffect.Close,,654779300.0,False,,OrderSide.Sell,OrderStatus.Filled,002007.SZ,,TimeInForce.GTC,,,,1635091200000000000,2021-10-24T16:00:00Z
47.7522,48027527.24715,1634832000000000000,2021-10-21T16:00:00Z,402306300.0,,e563f12d-bf9e-4da0-87fa-700523b2c7d5,OrderRole.Standalone,OrderType.Market,_default,,PositionEffect.Close,,402306300.0,False,,OrderSide.Sell,OrderStatus.Filled,002271.SZ,,TimeInForce.GTC,,,,1635091200000000000,2021-10-24T16:00:00Z
62.91702,48143726.20188,1634832000000000000,2021-10-21T16:00:00Z,306077600.0,,85190b8a-a871-474a-ac93-d2cbbd8d349a,OrderRole.Standalone,OrderType.Market,_default,,PositionEffect.Close,,306077600.0,False,,OrderSide.Sell,OrderStatus.Filled,002311.SZ,,TimeInForce.GTC,,,,1635091200000000000,2021-10-24T16:00:00Z
60.939,40779099.081,1634832000000000000,2021-10-21T16:00:00Z,267671600.0,,ed9799c2-b17e-4e97-9574-48ed43b875d2,OrderRole.Standalone,OrderType.Market,_default,,PositionEffect.Close,,267671600.0,False,,OrderSide.Sell,OrderStatus.Filled,300142.SZ,,TimeInForce.GTC,,,,1635091200000000000,2021-10-24T16:00:00Z
612.612,46951349.445,1634832000000000000,2021-10-21T16:00:00Z,30656500.0,,668e3e4b-f1bf-41b5-a397-ecef70aa7eb3,OrderRole.Standalone,OrderType.Market,_default,,PositionEffect.Open,,30656500.0,False,,OrderSide.Buy,OrderStatus.Filled,300750.SZ,,TimeInForce.GTC,,,,1635091200000000000,2021-10-24T16:00:00Z
619.619,45989516.32275,1634832000000000000,2021-10-21T16:00:00Z,29688900.0,,aee3b9ae-84d6-43fe-85f0-aa5b5a07640d,OrderRole.Standalone,OrderType.Market,_default,,PositionEffect.Open,,29688900.0,False,,OrderSide.Buy,OrderStatus.Filled,300896.SZ,,TimeInForce.GTC,,,,1635091200000000000,2021-10-24T16:00:00Z
1881.88,45628062.48,1634832000000000000,2021-10-21T16:00:00Z,9698400.0,,3031fef9-2aeb-4c4e-b92d-70099de2e3dc,OrderRole.Standalone,OrderType.Market,_default,,PositionEffect.Open,,9698400.0,False,,OrderSide.Buy,OrderStatus.Filled,600519.SH,,TimeInForce.GTC,,,,1635091200000000000,2021-10-24T16:00:00Z
53.2532,45211833.667,1634832000000000000,2021-10-21T16:00:00Z,339599000.0,,adc8174d-5841-4e87-be79-847dc1c242b3,OrderRole.Standalone,OrderType.Market,_default,,PositionEffect.Open,,339599000.0,False,,OrderSide.Buy,OrderStatus.Filled,601318.SH,,TimeInForce.GTC,,,,1635091200000000000,2021-10-24T16:00:00Z
303.41311,46616466.0736775,1634832000000000000,2021-10-21T16:00:00Z,61456100.0,,5e4d8e03-5b17-4f40-8c4f-0e0ba5c5700f,OrderRole.Standalone,OrderType.Market,_default,,PositionEffect.Open,,61456100.0,False,,OrderSide.Buy,OrderStatus.Filled,002594.SZ,,TimeInForce.GTC,,,,1635091200000000000,2021-10-24T16:00:00Z
298.1016,45800404.3494,1637251200000000000,2021-11-18T16:00:00Z,61456100.0,,58039d60-4eeb-481a-b7f3-30723428c8fa,OrderRole.Standalone,OrderType.Market,_default,,PositionEffect.Close,,61456100.0,False,,OrderSide.Sell,OrderStatus.Filled,002594.SZ,,TimeInForce.GTC,,,,1637510400000000000,2021-11-21T16:00:00Z
644.34501,49383406.9976625,1637251200000000000,2021-11-18T16:00:00Z,30656500.0,,b83eec3b-7713-40b2-aec3-a243d45ef4a8,OrderRole.Standalone,OrderType.Market,_default,,PositionEffect.Close,,30656500.0,False,,OrderSide.Sell,OrderStatus.Filled,300750.SZ,,TimeInForce.GTC,,,,1637510400000000000,2021-11-21T16:00:00Z
1847.151,44786023.146,1637251200000000000,2021-11-18T16:00:00Z,9698400.0,,f038306b-04bc-47ff-a446-2210a1d13a36,OrderRole.Standalone,OrderType.Market,_default,,PositionEffect.Close,,9698400.0,False,,OrderSide.Sell,OrderStatus.Filled,600519.SH,,TimeInForce.GTC,,,,1637510400000000000,2021-11-21T16:00:00Z
49.80015,42280202.849625,1637251200000000000,2021-11-18T16:00:00Z,339599000.0,,171303b4-980b-4031-bf8b-ce13f753685f,OrderRole.Standalone,OrderType.Market,_default,,PositionEffect.Close,,339599000.0,False,,OrderSide.Sell,OrderStatus.Filled,601318.SH,,TimeInForce.GTC,,,,1637510400000000000,2021-11-21T16:00:00Z
129.129,45029897.16225,1637251200000000000,2021-11-18T16:00:00Z,139488100.0,,1735f5c6-cb71-451d-a95b-f414d7a6d335,OrderRole.Standalone,OrderType.Market,_default,,PositionEffect.Open,,139488100.0,False,,OrderSide.Buy,OrderStatus.Filled,002709.SZ,,TimeInForce.GTC,,,,1637510400000000000,2021-11-21T16:00:00Z
72.18211,44584489.2918425,1637251200000000000,2021-11-18T16:00:00Z,247066700.0,,f3e85274-990a-457f-9c75-c60b5b814f36,OrderRole.Standalone,OrderType.Market,_default,,PositionEffect.Open,,247066700.0,False,,OrderSide.Buy,OrderStatus.Filled,300316.SZ,,TimeInForce.GTC,,,,1637510400000000000,2021-11-21T16:00:00Z
33.88385,44149928.047225,1637251200000000000,2021-11-18T16:00:00Z,521191400.0,,2213259d-4cfc-465c-9e01-2715c9e88da0,OrderRole.Standalone,OrderType.Market,_default,,PositionEffect.Open,,521191400.0,False,,OrderSide.Buy,OrderStatus.Filled,300803.SZ,,TimeInForce.GTC,,,,1637510400000000000,2021-11-21T16:00:00Z
52.64259,45055252.9852425,1637251200000000000,2021-11-18T16:00:00Z,342348300.0,,ae7d011f-d01e-4d01-8ed8-97465380a084,OrderRole.Standalone,OrderType.Market,_default,,PositionEffect.Open,,342348300.0,False,,OrderSide.Buy,OrderStatus.Filled,600276.SH,,TimeInForce.GTC,,,,1637510400000000000,2021-11-21T16:00:00Z
567.567,2500842.09375,1637251200000000000,2021-11-18T16:00:00Z,1762500.0,,7f0ecc0d-9071-4794-a168-d16712c02632,OrderRole.Standalone,OrderType.Market,_default,,PositionEffect.Open,,1762500.0,False,,OrderSide.Buy,OrderStatus.Filled,300896.SZ,,TimeInForce.GTC,,,,1637510400000000000,2021-11-21T16:00:00Z
574.27515,45154393.631775,1637510400000000000,2021-11-21T16:00:00Z,31451400.0,,1cf593a3-d90e-4716-82a7-56f029b3eaa9,OrderRole.Standalone,OrderType.Market,_default,,PositionEffect.Close,,31451400.0,False,,OrderSide.Sell,OrderStatus.Filled,300896.SZ,,TimeInForce.GTC,,,,1637596800000000000,2021-11-22T16:00:00Z
121.4784,42361978.0176,1639670400000000000,2021-12-16T16:00:00Z,139488100.0,,f0c19c43-c667-45c8-9a95-ecc7af832db5,OrderRole.Standalone,OrderType.Market,_default,,PositionEffect.Close,,139488100.0,False,,OrderSide.Sell,OrderStatus.Filled,002709.SZ,,TimeInForce.GTC,,,,1639929600000000000,2021-12-19T16:00:00Z
70.1298,43316845.64415,1639670400000000000,2021-12-16T16:00:00Z,247066700.0,,f61acfc0-bbe6-4a53-a25d-548b2b561927,OrderRole.Standalone,OrderType.Market,_default,,PositionEffect.Close,,247066700.0,False,,OrderSide.Sell,OrderStatus.Filled,300316.SZ,,TimeInForce.GTC,,,,1639929600000000000,2021-12-19T16:00:00Z
37.0629,48292161.84765,1639670400000000000,2021-12-16T16:00:00Z,521191400.0,,60b97903-e284-404f-82d8-bb85acdfb192,OrderRole.Standalone,OrderType.Market,_default,,PositionEffect.Close,,521191400.0,False,,OrderSide.Sell,OrderStatus.Filled,300803.SZ,,TimeInForce.GTC,,,,1639929600000000000,2021-12-19T16:00:00Z
49.40055,42280485.7789125,1639670400000000000,2021-12-16T16:00:00Z,342348300.0,,04f6cac4-1e3b-4ce0-8e11-1495b455d2af,OrderRole.Standalone,OrderType.Market,_default,,PositionEffect.Close,,342348300.0,False,,OrderSide.Sell,OrderStatus.Filled,600276.SH,,TimeInForce.GTC,,,,1639929600000000000,2021-12-19T16:00:00Z
64.9649,44677417.409625,1639670400000000000,2021-12-16T16:00:00Z,275086500.0,,61227450-e400-418d-ad89-7c3890779b59,OrderRole.Standalone,OrderType.Market,_default,,PositionEffect.Open,,275086500.0,False,,OrderSide.Buy,OrderStatus.Filled,688396.SH,,TimeInForce.GTC,,,,1639929600000000000,2021-12-19T16:00:00Z
78.54847,44658438.06173751,1639670400000000000,2021-12-16T16:00:00Z,227418500.0,,971fefb4-0318-41bc-bd5c-38d86d17d329,OrderRole.Standalone,OrderType.Market,_default,,PositionEffect.Open,,227418500.0,False,,OrderSide.Buy,OrderStatus.Filled,688521.SH,,TimeInForce.GTC,,,,1639929600000000000,2021-12-19T16:00:00Z
53.27322,44212177.784775,1639670400000000000,2021-12-16T16:00:00Z,331965500.0,,ea211f94-cd6f-49cb-87ff-923fe5888bbb,OrderRole.Standalone,OrderType.Market,_default,,PositionEffect.Open,,331965500.0,False,,OrderSide.Buy,OrderStatus.Filled,688981.SH,,TimeInForce.GTC,,,,1639929600000000000,2021-12-19T16:00:00Z
17.57756,44411195.03821,1639670400000000000,2021-12-16T16:00:00Z,1010633900.0,,4789be5a-266b-49a8-988f-1eb0ec775df4,OrderRole.Standalone,OrderType.Market,_default,,PositionEffect.Open,,1010633900.0,False,,OrderSide.Buy,OrderStatus.Filled,000001.SZ,,TimeInForce.GTC,,,,1639929600000000000,2021-12-19T16:00:00Z
32.6326,44354849.9394,1639670400000000000,2021-12-16T16:00:00Z,543687600.0,,72625a44-06f9-4e94-82ea-8f9cae1d8397,OrderRole.Standalone,OrderType.Market,_default,,PositionEffect.Open,,543687600.0,False,,OrderSide.Buy,OrderStatus.Filled,000063.SZ,,TimeInForce.GTC,,,,1639929600000000000,2021-12-19T16:00:00Z
16.23375,41015945.1853125,1642348800000000000,2022-01-16T16:00:00Z,1010633900.0,,ebffb888-b6ff-4d55-98a0-449a9ac31ab9,OrderRole.Standalone,OrderType.Market,_default,,PositionEffect.Close,,1010633900.0,False,,OrderSide.Sell,OrderStatus.Filled,000001.SZ,,TimeInForce.GTC,,,,1642435200000000000,2022-01-17T16:00:00Z
34.24572,46547433.29268,1642348800000000000,2022-01-16T16:00:00Z,543687600.0,,9dbb10ad-2051-48b4-b8c6-a2dd55f0f6e3,OrderRole.Standalone,OrderType.Market,_default,,PositionEffect.Close,,543687600.0,False,,OrderSide.Sell,OrderStatus.Filled,000063.SZ,,TimeInForce.GTC,,,,1642435200000000000,2022-01-17T16:00:00Z
61.47846,42279735.966975,1642348800000000000,2022-01-16T16:00:00Z,275086500.0,,a9c0b3ba-035a-4c22-aff5-a1c11991a4ee,OrderRole.Standalone,OrderType.Market,_default,,PositionEffect.Close,,275086500.0,False,,OrderSide.Sell,OrderStatus.Filled,688396.SH,,TimeInForce.GTC,,,,1642435200000000000,2022-01-17T16:00:00Z
69.16077,39321096.4306125,1642348800000000000,2022-01-16T16:00:00Z,227418500.0,,1a5d9337-18da-4b2f-a545-f6df4ae4f007,OrderRole.Standalone,OrderType.Market,_default,,PositionEffect.Close,,227418500.0,False,,OrderSide.Sell,OrderStatus.Filled,688521.SH,,TimeInForce.GTC,,,,1642435200000000000,2022-01-17T16:00:00Z
51.4485,42697817.56687501,1642348800000000000,2022-01-16T16:00:00Z,331965500.0,,41af2e1c-470b-40e9-b440-4c056c011b77,OrderRole.Standalone,OrderType.Market,_default,,PositionEffect.Close,,331965500.0,False,,OrderSide.Sell,OrderStatus.Filled,688981.SH,,TimeInForce.GTC,,,,1642435200000000000,2022-01-17T16:00:00Z
22.55253,26328725.6232,1642348800000000000,2022-01-16T16:00:00Z,466976000.0,,7fa319be-8515-4251-b207-9a2d4fa77235,OrderRole.Standalone,OrderType.Market,_default,,PositionEffect.Open,,466976000.0,False,,OrderSide.Buy,OrderStatus.Filled,000708.SZ,,TimeInForce.GTC,,,,1642435200000000000,2022-01-17T16:00:00Z
7.6076,26363046.1094,1642348800000000000,2022-01-16T16:00:00Z,1386142600.0,,ab9150f4-2372-422b-bf64-82281e613789,OrderRole.Standalone,OrderType.Market,_default,,PositionEffect.Open,,1386142600.0,False,,OrderSide.Buy,OrderStatus.Filled,002252.SZ,,TimeInForce.GTC,,,,1642435200000000000,2022-01-17T16:00:00Z
44.06402,26305614.059725,1642348800000000000,2022-01-16T16:00:00Z,238794500.0,,94859cc4-abeb-4969-ab93-6e2a9bfbdc2a,OrderRole.Standalone,OrderType.Market,_default,,PositionEffect.Open,,238794500.0,False,,OrderSide.Buy,OrderStatus.Filled,002353.SZ,,TimeInForce.GTC,,,,1642435200000000000,2022-01-17T16:00:00Z
26.41639,25140940.649825,1642348800000000000,2022-01-16T16:00:00Z,380687000.0,,64386c10-43e4-45d9-96a7-e328458ddada,OrderRole.Standalone,OrderType.Market,_default,,PositionEffect.Open,,380687000.0,False,,OrderSide.Buy,OrderStatus.Filled,002603.SZ,,TimeInForce.GTC,,,,1642435200000000000,2022-01-17T16:00:00Z
6.54654,26414838.825375,1642348800000000000,2022-01-16T16:00:00Z,1613972500.0,,32fb37d6-da56-4598-9a63-eca5b4bedde9,OrderRole.Standalone,OrderType.Market,_default,,PositionEffect.Open,,1613972500.0,False,,OrderSide.Buy,OrderStatus.Filled,600919.SH,,TimeInForce.GTC,,,,1642435200000000000,2022-01-17T16:00:00Z
2.96296,26382801.76532,1642348800000000000,2022-01-16T16:00:00Z,3561681800.0,,69e7045d-69f5-494c-a657-3abf5164203f,OrderRole.Standalone,OrderType.Market,_default,,PositionEffect.Open,,3561681800.0,False,,OrderSide.Buy,OrderStatus.Filled,601288.SH,,TimeInForce.GTC,,,,1642435200000000000,2022-01-17T16:00:00Z
13.85384,26274683.81538,1642348800000000000,2022-01-16T16:00:00Z,758625300.0,,3b934a04-fd06-4320-a179-b3b8f2ad4d48,OrderRole.Standalone,OrderType.Market,_default,,PositionEffect.Open,,758625300.0,False,,OrderSide.Buy,OrderStatus.Filled,601838.SH,,TimeInForce.GTC,,,,1642435200000000000,2022-01-17T16:00:00Z
30.49046,25843980.687525,1642348800000000000,2022-01-16T16:00:00Z,339043500.0,,da302f5c-6612-475a-a9c6-71128120fbaa,OrderRole.Standalone,OrderType.Market,_default,,PositionEffect.Open,,339043500.0,False,,OrderSide.Buy,OrderStatus.Filled,002007.SZ,,TimeInForce.GTC,,,,1642435200000000000,2022-01-17T16:00:00Z
23.43654,27360754.2576,1645372800000000000,2022-02-20T16:00:00Z,466976000.0,,c9487d5d-acb5-42a6-9dfb-a47d75d5c565,OrderRole.Standalone,OrderType.Market,_default,,PositionEffect.Close,,466976000.0,False,,OrderSide.Sell,OrderStatus.Filled,000708.SZ,,TimeInForce.GTC,,,,1645459200000000000,2022-02-21T16:00:00Z
26.06391,22091998.1752125,1645372800000000000,2022-02-20T16:00:00Z,339043500.0,,a5b66ffe-fa14-4384-b904-3fccfff150d2,OrderRole.Standalone,OrderType.Market,_default,,PositionEffect.Close,,339043500.0,False,,OrderSide.Sell,OrderStatus.Filled,002007.SZ,,TimeInForce.GTC,,,,1645459200000000000,2022-02-21T16:00:00Z
6.77322,23471621.95293,1645372800000000000,2022-02-20T16:00:00Z,1386142600.0,,0751032f-943b-4a11-bd46-70f0904005a9,OrderRole.Standalone,OrderType.Market,_default,,PositionEffect.Close,,1386142600.0,False,,OrderSide.Sell,OrderStatus.Filled,002252.SZ,,TimeInForce.GTC,,,,1645459200000000000,2022-02-21T16:00:00Z
43.956,26241127.605,1645372800000000000,2022-02-20T16:00:00Z,238794500.0,,48f535ca-d492-40c9-bcca-2f2aa080f56e,OrderRole.Standalone,OrderType.Market,_default,,PositionEffect.Close,,238794500.0,False,,OrderSide.Sell,OrderStatus.Filled,002353.SZ,,TimeInForce.GTC,,,,1645459200000000000,2022-02-21T16:00:00Z
24.975,23769144.5625,1645372800000000000,2022-02-20T16:00:00Z,380687000.0,,e697d755-f15a-4d24-9585-c7e44dc0957e,OrderRole.Standalone,OrderType.Market,_default,,PositionEffect.Close,,380687000.0,False,,OrderSide.Sell,OrderStatus.Filled,002603.SZ,,TimeInForce.GTC,,,,1645459200000000000,2022-02-21T16:00:00Z
6.82317,27531021.8570625,1645372800000000000,2022-02-20T16:00:00Z,1613972500.0,,32126632-b2ff-4cb4-9805-c149d9624a3b,OrderRole.Standalone,OrderType.Market,_default,,PositionEffect.Close,,1613972500.0,False,,OrderSide.Sell,OrderStatus.Filled,600919.SH,,TimeInForce.GTC,,,,1645459200000000000,2022-02-21T16:00:00Z
3.02697,26952759.895365,1645372800000000000,2022-02-20T16:00:00Z,3561681800.0,,c506696a-4549-4e08-91fa-d0d7c0ab75c7,OrderRole.Standalone,OrderType.Market,_default,,PositionEffect.Close,,3561681800.0,False,,OrderSide.Sell,OrderStatus.Filled,601288.SH,,TimeInForce.GTC,,,,1645459200000000000,2022-02-21T16:00:00Z
14.63535,27756866.9608875,1645372800000000000,2022-02-20T16:00:00Z,758625300.0,,cbc7a016-3ae9-4e89-8cb9-1b0d975b5beb,OrderRole.Standalone,OrderType.Market,_default,,PositionEffect.Close,,758625300.0,False,,OrderSide.Sell,OrderStatus.Filled,601838.SH,,TimeInForce.GTC,,,,1645459200000000000,2022-02-21T16:00:00Z
118.118,41583087.546,1645372800000000000,2022-02-20T16:00:00Z,140818800.0,,5de90d94-5213-4e4a-aac4-58d41c5712c3,OrderRole.Standalone,OrderType.Market,_default,,PositionEffect.Open,,140818800.0,False,,OrderSide.Buy,OrderStatus.Filled,603260.SH,,TimeInForce.GTC,,,,1645459200000000000,2022-02-21T16:00:00Z
249.249,40584466.923,1645372800000000000,2022-02-20T16:00:00Z,65130800.0,,1fe0795e-6c50-4f13-9247-fb9719c0021d,OrderRole.Standalone,OrderType.Market,_default,,PositionEffect.Open,,65130800.0,False,,OrderSide.Buy,OrderStatus.Filled,605117.SH,,TimeInForce.GTC,,,,1645459200000000000,2022-02-21T16:00:00Z
58.28823,41022993.976965,1645372800000000000,2022-02-20T16:00:00Z,281518200.0,,c36f1091-3386-43a9-86b0-20f424f9e063,OrderRole.Standalone,OrderType.Market,_default,,PositionEffect.Open,,281518200.0,False,,OrderSide.Buy,OrderStatus.Filled,688599.SH,,TimeInForce.GTC,,,,1645459200000000000,2022-02-21T16:00:00Z
33.78375,42475151.7815625,1645372800000000000,2022-02-20T16:00:00Z,502906300.0,,ddc6986f-7d50-4685-8f66-636258ccc0f0,OrderRole.Standalone,OrderType.Market,_default,,PositionEffect.Open,,502906300.0,False,,OrderSide.Buy,OrderStatus.Filled,000792.SZ,,TimeInForce.GTC,,,,1645459200000000000,2022-02-21T16:00:00Z
44.9449,40942916.2142,1645372800000000000,2022-02-20T16:00:00Z,364383200.0,,42687843-75d2-48ef-b184-feff0a6d3322,OrderRole.Standalone,OrderType.Market,_default,,PositionEffect.Open,,364383200.0,False,,OrderSide.Buy,OrderStatus.Filled,601127.SH,,TimeInForce.GTC,,,,1645459200000000000,2022-02-21T16:00:00Z
29.80017,37466733.0851775,1647792000000000000,2022-03-20T16:00:00Z,502906300.0,,cf24661d-2942-4162-bf09-072e84e99675,OrderRole.Standalone,OrderType.Market,_default,,PositionEffect.Close,,502906300.0,False,,OrderSide.Sell,OrderStatus.Filled,000792.SZ,,TimeInForce.GTC,,,,1647878400000000000,2022-03-21T16:00:00Z
44.13582,40205878.31556,1647792000000000000,2022-03-20T16:00:00Z,364383200.0,,68eb1438-0cfd-4878-a38d-07dca6adc968,OrderRole.Standalone,OrderType.Market,_default,,PositionEffect.Close,,364383200.0,False,,OrderSide.Sell,OrderStatus.Filled,601127.SH,,TimeInForce.GTC,,,,1647878400000000000,2022-03-21T16:00:00Z
127.872,45016953.984,1647792000000000000,2022-03-20T16:00:00Z,140818800.0,,1e170b94-d3ef-495a-8f63-d2969c7e81a5,OrderRole.Standalone,OrderType.Market,_default,,PositionEffect.Close,,140818800.0,False,,OrderSide.Sell,OrderStatus.Filled,603260.SH,,TimeInForce.GTC,,,,1647878400000000000,2022-03-21T16:00:00Z
262.0377,42666812.5779,1647792000000000000,2022-03-20T16:00:00Z,65130800.0,,d7d8e430-b1a0-4591-badf-f9de1daf1197,OrderRole.Standalone,OrderType.Market,_default,,PositionEffect.Close,,65130800.0,False,,OrderSide.Sell,OrderStatus.Filled,605117.SH,,TimeInForce.GTC,,,,1647878400000000000,2022-03-21T16:00:00Z
65.7342,46263434.1561,1647792000000000000,2022-03-20T16:00:00Z,281518200.0,,00b7dc69-4d7d-49dd-ae4e-98b414df950d,OrderRole.Standalone,OrderType.Market,_default,,PositionEffect.Close,,281518200.0,False,,OrderSide.Sell,OrderStatus.Filled,688599.SH,,TimeInForce.GTC,,,,1647878400000000000,2022-03-21T16:00:00Z
11.70169,42460456.8663275,1647792000000000000,2022-03-20T16:00:00Z,1451429900.0,,1dbb3c3d-34c4-4122-8526-0858bf24537c,OrderRole.Standalone,OrderType.Market,_default,,PositionEffect.Open,,1451429900.0,False,,OrderSide.Buy,OrderStatus.Filled,000983.SZ,,TimeInForce.GTC,,,,1647878400000000000,2022-03-21T16:00:00Z
30.59056,41616147.29272,1647792000000000000,2022-03-20T16:00:00Z,544169800.0,,b46736bd-f813-4fd7-b019-1a3795adf812,OrderRole.Standalone,OrderType.Market,_default,,PositionEffect.Open,,544169800.0,False,,OrderSide.Buy,OrderStatus.Filled,002603.SZ,,TimeInForce.GTC,,,,1647878400000000000,2022-03-21T16:00:00Z
34.31428,42324639.83748,1647792000000000000,2022-03-20T16:00:00Z,493376400.0,,de02f8cd-287a-402e-93fa-54875b632c19,OrderRole.Standalone,OrderType.Market,_default,,PositionEffect.Open,,493376400.0,False,,OrderSide.Buy,OrderStatus.Filled,600188.SH,,TimeInForce.GTC,,,,1647878400000000000,2022-03-21T16:00:00Z
17.87786,41874310.31784,1647792000000000000,2022-03-20T16:00:00Z,936897600.0,,c23e843c-b10f-4aed-a2cf-dc39709c16d4,OrderRole.Standalone,OrderType.Market,_default,,PositionEffect.Open,,936897600.0,False,,OrderSide.Buy,OrderStatus.Filled,600522.SH,,TimeInForce.GTC,,,,1647878400000000000,2022-03-21T16:00:00Z
4.38438,42460459.056015,1647792000000000000,2022-03-20T16:00:00Z,3873793700.0,,b15ed3a1-950f-4f4b-86eb-d09e1738e4bc,OrderRole.Standalone,OrderType.Market,_default,,PositionEffect.Open,,3873793700.0,False,,OrderSide.Buy,OrderStatus.Filled,601169.SH,,TimeInForce.GTC,,,,1647878400000000000,2022-03-21T16:00:00Z
14.0859,51111741.071025,1650384000000000000,2022-04-19T16:00:00Z,1451429900.0,,60126e5e-ec3f-4cd4-a0fa-ddef5abbc8cd,OrderRole.Standalone,OrderType.Market,_default,,PositionEffect.Close,,1451429900.0,False,,OrderSide.Sell,OrderStatus.Filled,000983.SZ,,TimeInForce.GTC,,,,1650470400000000000,2022-04-20T16:00:00Z
29.59038,40255477.91631,1650384000000000000,2022-04-19T16:00:00Z,544169800.0,,46dfa633-2b41-4037-b979-0a75af8c8a56,OrderRole.Standalone,OrderType.Market,_default,,PositionEffect.Close,,544169800.0,False,,OrderSide.Sell,OrderStatus.Filled,002603.SZ,,TimeInForce.GTC,,,,1650470400000000000,2022-04-20T16:00:00Z
35.09487,43287451.54767,1650384000000000000,2022-04-19T16:00:00Z,493376400.0,,58dd49b1-555b-4263-ad73-0d88a121a0a6,OrderRole.Standalone,OrderType.Market,_default,,PositionEffect.Close,,493376400.0,False,,OrderSide.Sell,OrderStatus.Filled,600188.SH,,TimeInForce.GTC,,,,1650470400000000000,2022-04-20T16:00:00Z
14.50548,33975373.49712,1650384000000000000,2022-04-19T16:00:00Z,936897600.0,,11e1c17b-172e-4d8e-b87b-8543e9ed7b29,OrderRole.Standalone,OrderType.Market,_default,,PositionEffect.Close,,936897600.0,False,,OrderSide.Sell,OrderStatus.Filled,600522.SH,,TimeInForce.GTC,,,,1650470400000000000,2022-04-20T16:00:00Z
4.58541,44407330.9247925,1650384000000000000,2022-04-19T16:00:00Z,3873793700.0,,c4f6be08-c43e-4d6b-9f95-ac152ba99089,OrderRole.Standalone,OrderType.Market,_default,,PositionEffect.Close,,3873793700.0,False,,OrderSide.Sell,OrderStatus.Filled,601169.SH,,TimeInForce.GTC,,,,1650470400000000000,2022-04-20T16:00:00Z
35.2352,41907786.7208,1650384000000000000,2022-04-19T16:00:00Z,475749100.0,,4613277a-a95e-4c8b-936c-e896752492c4,OrderRole.Standalone,OrderType.Market,_default,,PositionEffect.Open,,475749100.0,False,,OrderSide.Buy,OrderStatus.Filled,002353.SZ,,TimeInForce.GTC,,,,1650470400000000000,2022-04-20T16:00:00Z
188.188,41919676.799,1650384000000000000,2022-04-19T16:00:00Z,89101700.0,,7c69dfb5-f6fd-4814-a7e0-7a2fd3367795,OrderRole.Standalone,OrderType.Market,_default,,PositionEffect.Open,,89101700.0,False,,OrderSide.Buy,OrderStatus.Filled,002812.SZ,,TimeInForce.GTC,,,,1650470400000000000,2022-04-20T16:00:00Z
52.56251,41414921.472925,1650384000000000000,2022-04-19T16:00:00Z,315167000.0,,25f00fea-c709-485d-8ec7-4bc1b57559ee,OrderRole.Standalone,OrderType.Market,_default,,PositionEffect.Open,,315167000.0,False,,OrderSide.Buy,OrderStatus.Filled,300124.SZ,,TimeInForce.GTC,,,,1650470400000000000,2022-04-20T16:00:00Z
69.1691,40186607.285825,1650384000000000000,2022-04-19T16:00:00Z,232396300.0,,4956dea4-0242-4259-8258-3abcaa01ac98,OrderRole.Standalone,OrderType.Market,_default,,PositionEffect.Open,,232396300.0,False,,OrderSide.Buy,OrderStatus.Filled,300274.SZ,,TimeInForce.GTC,,,,1650470400000000000,2022-04-20T16:00:00Z
412.29188,42422257.62775,1650384000000000000,2022-04-19T16:00:00Z,41157500.0,,a0b6834e-77c2-41a4-98c3-c8df39dbcb2a,OrderRole.Standalone,OrderType.Market,_default,,PositionEffect.Open,,41157500.0,False,,OrderSide.Buy,OrderStatus.Filled,300750.SZ,,TimeInForce.GTC,,,,1650470400000000000,2022-04-20T16:00:00Z
33.55641,39911079.6418275,1653235200000000000,2022-05-22T16:00:00Z,475749100.0,,72cb4a36-e2f8-41f6-b0f2-dbf2dc9ef72a,OrderRole.Standalone,OrderType.Market,_default,,PositionEffect.Close,,475749100.0,False,,OrderSide.Sell,OrderStatus.Filled,002353.SZ,,TimeInForce.GTC,,,,1653321600000000000,2022-05-23T16:00:00Z
214.44534,47768610.877695,1653235200000000000,2022-05-22T16:00:00Z,89101700.0,,cc5465cb-4d20-4bca-b911-cfe581572a13,OrderRole.Standalone,OrderType.Market,_default,,PositionEffect.Close,,89101700.0,False,,OrderSide.Sell,OrderStatus.Filled,002812.SZ,,TimeInForce.GTC,,,,1653321600000000000,2022-05-23T16:00:00Z
61.42851,48400598.027925,1653235200000000000,2022-05-22T16:00:00Z,315167000.0,,3b5d59f2-3620-469b-aae9-0be018299806,OrderRole.Standalone,OrderType.Market,_default,,PositionEffect.Close,,315167000.0,False,,OrderSide.Sell,OrderStatus.Filled,300124.SZ,,TimeInForce.GTC,,,,1653321600000000000,2022-05-23T16:00:00Z
81.89802,47581992.063315,1653235200000000000,2022-05-22T16:00:00Z,232396300.0,,d6aba784-55d1-4ff3-a02d-d5fc2161364e,OrderRole.Standalone,OrderType.Market,_default,,PositionEffect.Close,,232396300.0,False,,OrderSide.Sell,OrderStatus.Filled,300274.SZ,,TimeInForce.GTC,,,,1653321600000000000,2022-05-23T16:00:00Z
413.24634,42520465.596375,1653235200000000000,2022-05-22T16:00:00Z,41157500.0,,2a3c99fe-4188-4ec9-9181-cc875a75a87b,OrderRole.Standalone,OrderType.Market,_default,,PositionEffect.Close,,41157500.0,False,,OrderSide.Sell,OrderStatus.Filled,300750.SZ,,TimeInForce.GTC,,,,1653321600000000000,2022-05-23T16:00:00Z
8.47847,45341225.454525,1653235200000000000,2022-05-22T16:00:00Z,2139123000.0,,9b90da3a-5907-41e7-8784-b299bf6f9844,OrderRole.Standalone,OrderType.Market,_default,,PositionEffect.Open,,2139123000.0,False,,OrderSide.Buy,OrderStatus.Filled,600026.SH,,TimeInForce.GTC,,,,1653321600000000000,2022-05-23T16:00:00Z
22.2222,44473238.86005,1653235200000000000,2022-05-22T16:00:00Z,800519100.0,,40d19696-67a0-4789-abd1-912325f590ae,OrderRole.Standalone,OrderType.Market,_default,,PositionEffect.Open,,800519100.0,False,,OrderSide.Buy,OrderStatus.Filled,600732.SH,,TimeInForce.GTC,,,,1653321600000000000,2022-05-23T16:00:00Z
14.7147,45179613.904425,1653235200000000000,2022-05-22T16:00:00Z,1228149100.0,,be7eabaa-c281-4c72-ab87-53d20f24f6a0,OrderRole.Standalone,OrderType.Market,_default,,PositionEffect.Open,,1228149100.0,False,,OrderSide.Buy,OrderStatus.Filled,601699.SH,,TimeInForce.GTC,,,,1653321600000000000,2022-05-23T16:00:00Z
13.50349,44961473.4944375,1653235200000000000,2022-05-22T16:00:00Z,1331847500.0,,be2fe33f-7e60-4f9d-857d-158bdbae26c1,OrderRole.Standalone,OrderType.Market,_default,,PositionEffect.Open,,1331847500.0,False,,OrderSide.Buy,OrderStatus.Filled,000983.SZ,,TimeInForce.GTC,,,,1653321600000000000,2022-05-23T16:00:00Z
34.8348,44688467.6238,1653235200000000000,2022-05-22T16:00:00Z,513147400.0,,8f554b4c-a854-4503-abae-4931d8759c88,OrderRole.Standalone,OrderType.Market,_default,,PositionEffect.Open,,513147400.0,False,,OrderSide.Buy,OrderStatus.Filled,002074.SZ,,TimeInForce.GTC,,,,1653321600000000000,2022-05-23T16:00:00Z
12.74724,42443449.31475,1655740800000000000,2022-06-20T16:00:00Z,1331847500.0,,de2a81c9-143b-4247-91a5-d986085632f1,OrderRole.Standalone,OrderType.Market,_default,,PositionEffect.Close,,1331847500.0,False,,OrderSide.Sell,OrderStatus.Filled,000983.SZ,,TimeInForce.GTC,,,,1655827200000000000,2022-06-21T16:00:00Z
45.11484,57876407.11854,1655740800000000000,2022-06-20T16:00:00Z,513147400.0,,7cd47089-2d70-4323-aa76-3d045dc06e45,OrderRole.Standalone,OrderType.Market,_default,,PositionEffect.Close,,513147400.0,False,,OrderSide.Sell,OrderStatus.Filled,002074.SZ,,TimeInForce.GTC,,,,1655827200000000000,2022-06-21T16:00:00Z
10.13985,54225965.878875,1655740800000000000,2022-06-20T16:00:00Z,2139123000.0,,7d44f3ff-3e25-45e5-b0a6-5f60056a49d5,OrderRole.Standalone,OrderType.Market,_default,,PositionEffect.Close,,2139123000.0,False,,OrderSide.Sell,OrderStatus.Filled,600026.SH,,TimeInForce.GTC,,,,1655827200000000000,2022-06-21T16:00:00Z
31.77819,12189859.45848,1655740800000000000,2022-06-20T16:00:00Z,153436800.0,,839a37c2-7ad7-47c0-b8ce-9c8af3ed7e7e,OrderRole.Standalone,OrderType.Market,_default,,PositionEffect.Close,,153436800.0,False,,OrderSide.Sell,OrderStatus.Filled,600732.SH,,TimeInForce.GTC,,,,1655827200000000000,2022-06-21T16:00:00Z
14.46552,44414538.42258,1655740800000000000,2022-06-20T16:00:00Z,1228149100.0,,d90277ca-4ef8-417f-a074-b975741dbde0,OrderRole.Standalone,OrderType.Market,_default,,PositionEffect.Close,,1228149100.0,False,,OrderSide.Sell,OrderStatus.Filled,601699.SH,,TimeInForce.GTC,,,,1655827200000000000,2022-06-21T16:00:00Z
16.49648,50860103.65436,1655740800000000000,2022-06-20T16:00:00Z,1233235300.0,,3ffe4daa-f031-433d-b334-fb1435cc48f2,OrderRole.Standalone,OrderType.Market,_default,,PositionEffect.Open,,1233235300.0,False,,OrderSide.Buy,OrderStatus.Filled,601788.SH,,TimeInForce.GTC,,,,1655827200000000000,2022-06-21T16:00:00Z
20.24022,51837227.442,1655740800000000000,2022-06-20T16:00:00Z,1024440000.0,,0207ce0d-feab-449b-aab8-a802dda75682,OrderRole.Standalone,OrderType.Market,_default,,PositionEffect.Open,,1024440000.0,False,,OrderSide.Buy,OrderStatus.Filled,000625.SZ,,TimeInForce.GTC,,,,1655827200000000000,2022-06-21T16:00:00Z
115.115,52062111.35125,1655740800000000000,2022-06-20T16:00:00Z,180904700.0,,e5b82823-8f84-47f5-a8e2-bf032225e66b,OrderRole.Standalone,OrderType.Market,_default,,PositionEffect.Open,,180904700.0,False,,OrderSide.Buy,OrderStatus.Filled,002466.SZ,,TimeInForce.GTC,,,,1655827200000000000,2022-06-21T16:00:00Z
342.76242,52001600.716065,1655740800000000000,2022-06-20T16:00:00Z,60685300.0,,beaba5e0-faea-4eef-a212-d7c1eb741046,OrderRole.Standalone,OrderType.Market,_default,,PositionEffect.Open,,60685300.0,False,,OrderSide.Buy,OrderStatus.Filled,002594.SZ,,TimeInForce.GTC,,,,1655827200000000000,2022-06-21T16:00:00Z
31.7682,51391599.80715,1655827200000000000,2022-06-21T16:00:00Z,647082300.0,,ced5e48a-fa4f-42bf-aa98-67f8c342b406,OrderRole.Standalone,OrderType.Market,_default,,PositionEffect.Close,,647082300.0,False,,OrderSide.Sell,OrderStatus.Filled,600732.SH,,TimeInForce.GTC,,,,1655913600000000000,2022-06-22T16:00:00Z
17.79219,7005545.8191225,1658160000000000000,2022-07-18T16:00:00Z,157497100.0,,10fbdb99-3323-4da2-8969-c068b7219ae0,OrderRole.Standalone,OrderType.Market,_default,,PositionEffect.Close,,157497100.0,False,,OrderSide.Sell,OrderStatus.Filled,000625.SZ,,TimeInForce.GTC,,,,1658246400000000000,2022-07-19T16:00:00Z
123.876,56024376.543,1658160000000000000,2022-07-18T16:00:00Z,180904700.0,,c0a00499-c73d-4fb3-83e6-2e1633b973b8,OrderRole.Standalone,OrderType.Market,_default,,PositionEffect.Close,,180904700.0,False,,OrderSide.Sell,OrderStatus.Filled,002466.SZ,,TimeInForce.GTC,,,,1658246400000000000,2022-07-19T16:00:00Z
332.64702,50466960.507015,1658160000000000000,2022-07-18T16:00:00Z,60685300.0,,7915adee-f56c-4dc1-ac1c-8fa792ebd794,OrderRole.Standalone,OrderType.Market,_default,,PositionEffect.Close,,60685300.0,False,,OrderSide.Sell,OrderStatus.Filled,002594.SZ,,TimeInForce.GTC,,,,1658246400000000000,2022-07-19T16:00:00Z
161.82801,40.4570025,1658160000000000000,2022-07-18T16:00:00Z,100.0,,333df6fc-ea76-436d-a9be-c208f722359a,OrderRole.Standalone,OrderType.Market,_default,,PositionEffect.Close,,100.0,False,,OrderSide.Sell,OrderStatus.Filled,300661.SZ,,TimeInForce.GTC,,,,1658246400000000000,2022-07-19T16:00:00Z
15.21477,46908478.6134525,1658160000000000000,2022-07-18T16:00:00Z,1233235300.0,,46670fb8-10f5-4030-a1ef-48d101a73c07,OrderRole.Standalone,OrderType.Market,_default,,PositionEffect.Close,,1233235300.0,False,,OrderSide.Sell,OrderStatus.Filled,601788.SH,,TimeInForce.GTC,,,,1658246400000000000,2022-07-19T16:00:00Z
101.39129,53340284.712715,1658160000000000000,2022-07-18T16:00:00Z,210433400.0,,07f5cf65-7a1a-402b-b60e-bccdd665e6e7,OrderRole.Standalone,OrderType.Market,_default,,PositionEffect.Open,,210433400.0,False,,OrderSide.Buy,OrderStatus.Filled,688082.SH,,TimeInForce.GTC,,,,1658246400000000000,2022-07-19T16:00:00Z
123.11299,52925443.3883175,1658160000000000000,2022-07-18T16:00:00Z,171957300.0,,97e251d0-168d-4ed8-ac0b-df01019fb958,OrderRole.Standalone,OrderType.Market,_default,,PositionEffect.Open,,171957300.0,False,,OrderSide.Buy,OrderStatus.Filled,000733.SZ,,TimeInForce.GTC,,,,1658246400000000000,2022-07-19T16:00:00Z
26.04602,52276888.60394,1658160000000000000,2022-07-18T16:00:00Z,802838800.0,,08277d47-0a54-4df9-9be8-af76488cd5ca,OrderRole.Standalone,OrderType.Market,_default,,PositionEffect.Open,,802838800.0,False,,OrderSide.Buy,OrderStatus.Filled,600522.SH,,TimeInForce.GTC,,,,1658246400000000000,2022-07-19T16:00:00Z
31.62159,52702209.9328725,1658160000000000000,2022-07-18T16:00:00Z,666661100.0,,a85548a3-048d-4dec-b28e-b4e4c6c93b4c,OrderRole.Standalone,OrderType.Market,_default,,PositionEffect.Open,,666661100.0,False,,OrderSide.Buy,OrderStatus.Filled,600732.SH,,TimeInForce.GTC,,,,1658246400000000000,2022-07-19T16:00:00Z
17.4825,51323152.348125,1658246400000000000,2022-07-19T16:00:00Z,1174274900.0,,f09c2d82-823a-4007-8fcb-cd4f6b58dc03,OrderRole.Standalone,OrderType.Market,_default,,PositionEffect.Close,,1174274900.0,False,,OrderSide.Sell,OrderStatus.Filled,000625.SZ,,TimeInForce.GTC,,,,1658332800000000000,2022-07-20T16:00:00Z
125.82405,54090909.7826625,1660579200000000000,2022-08-15T16:00:00Z,171957300.0,,da1c727b-df64-489b-9bf3-fbfe72a169f4,OrderRole.Standalone,OrderType.Market,_default,,PositionEffect.Close,,171957300.0,False,,OrderSide.Sell,OrderStatus.Filled,000733.SZ,,TimeInForce.GTC,,,,1660665600000000000,2022-08-16T16:00:00Z
24.975,2090532.375,1660579200000000000,2022-08-15T16:00:00Z,33482000.0,,b3f70974-965b-4839-8f86-c4418e36cc4e,OrderRole.Standalone,OrderType.Market,_default,,PositionEffect.Close,,33482000.0,False,,OrderSide.Sell,OrderStatus.Filled,600522.SH,,TimeInForce.GTC,,,,1660665600000000000,2022-08-16T16:00:00Z
43.1568,23636364.3756,1660579200000000000,2022-08-15T16:00:00Z,219074300.0,,525e7081-e694-4371-9b8c-d727aedada1d,OrderRole.Standalone,OrderType.Market,_default,,PositionEffect.Close,,219074300.0,False,,OrderSide.Sell,OrderStatus.Filled,600732.SH,,TimeInForce.GTC,,,,1660665600000000000,2022-08-16T16:00:00Z
123.09678,64759184.86113,1660579200000000000,2022-08-15T16:00:00Z,210433400.0,,128b56d2-23a9-4aab-902f-2d9add1e85fa,OrderRole.Standalone,OrderType.Market,_default,,PositionEffect.Close,,210433400.0,False,,OrderSide.Sell,OrderStatus.Filled,688082.SH,,TimeInForce.GTC,,,,1660665600000000000,2022-08-16T16:00:00Z
17.16715,48006977.9063875,1660579200000000000,2022-08-15T16:00:00Z,1118577700.0,,cb5999ed-0b67-4f98-aa17-339bff8cf5e7,OrderRole.Standalone,OrderType.Market,_default,,PositionEffect.Open,,1118577700.0,False,,OrderSide.Buy,OrderStatus.Filled,000625.SZ,,TimeInForce.GTC,,,,1660665600000000000,2022-08-16T16:00:00Z
48.32828,47988713.42265,1660579200000000000,2022-08-15T16:00:00Z,397189500.0,,ce06d43a-3121-4f36-9cb9-0a8cf0d317db,OrderRole.Standalone,OrderType.Market,_default,,PositionEffect.Open,,397189500.0,False,,OrderSide.Buy,OrderStatus.Filled,600085.SH,,TimeInForce.GTC,,,,1660665600000000000,2022-08-16T16:00:00Z
82.36228,48451773.21985,1660579200000000000,2022-08-15T16:00:00Z,235310500.0,,efb58a28-d870-4d9e-a594-60a28abc604e,OrderRole.Standalone,OrderType.Market,_default,,PositionEffect.Open,,235310500.0,False,,OrderSide.Buy,OrderStatus.Filled,601689.SH,,TimeInForce.GTC,,,,1660665600000000000,2022-08-16T16:00:00Z
376.56619,48286894.260605,1660579200000000000,2022-08-15T16:00:00Z,51291800.0,,8900147a-312c-4111-a7a2-fcd233adccbb,OrderRole.Standalone,OrderType.Market,_default,,PositionEffect.Open,,51291800.0,False,,OrderSide.Buy,OrderStatus.Filled,605117.SH,,TimeInForce.GTC,,,,1660665600000000000,2022-08-16T16:00:00Z
24.89508,47882997.71136,1660665600000000000,2022-08-16T16:00:00Z,769356800.0,,7470b001-60a8-4db3-bcb3-ee2af65ef547,OrderRole.Standalone,OrderType.Market,_default,,PositionEffect.Close,,769356800.0,False,,OrderSide.Sell,OrderStatus.Filled,600522.SH,,TimeInForce.GTC,,,,1660752000000000000,2022-08-17T16:00:00Z
40.88907,45753519.99069,1660665600000000000,2022-08-16T16:00:00Z,447586800.0,,8b89d54c-f722-452b-b756-9c565fde2d1f,OrderRole.Standalone,OrderType.Market,_default,,PositionEffect.Close,,447586800.0,False,,OrderSide.Sell,OrderStatus.Filled,600732.SH,,TimeInForce.GTC,,,,1660752000000000000,2022-08-17T16:00:00Z
14.17581,39641862.3635925,1663084800000000000,2022-09-13T16:00:00Z,1118577700.0,,a2bbeabd-9c5b-461a-943f-462b343fbdd5,OrderRole.Standalone,OrderType.Market,_default,,PositionEffect.Close,,1118577700.0,False,,OrderSide.Sell,OrderStatus.Filled,000625.SZ,,TimeInForce.GTC,,,,1663171200000000000,2022-09-14T16:00:00Z
45.56439,45244243.2047625,1663084800000000000,2022-09-13T16:00:00Z,397189500.0,,6d06a487-700e-4b07-89be-fb2b52abfb8b,OrderRole.Standalone,OrderType.Market,_default,,PositionEffect.Close,,397189500.0,False,,OrderSide.Sell,OrderStatus.Filled,600085.SH,,TimeInForce.GTC,,,,1663171200000000000,2022-09-14T16:00:00Z
36.22374,9.055935,1663084800000000000,2022-09-13T16:00:00Z,100.0,,2d082960-8afb-4bdd-93ff-e966ba53d6e4,OrderRole.Standalone,OrderType.Market,_default,,PositionEffect.Close,,100.0,False,,OrderSide.Sell,OrderStatus.Filled,600570.SH,,TimeInForce.GTC,,,,1663171200000000000,2022-09-14T16:00:00Z
82.82709,48725209.9036125,1663084800000000000,2022-09-13T16:00:00Z,235310500.0,,8570f56c-ca6c-4b5a-8466-4102cf612f5d,OrderRole.Standalone,OrderType.Market,_default,,PositionEffect.Close,,235310500.0,False,,OrderSide.Sell,OrderStatus.Filled,601689.SH,,TimeInForce.GTC,,,,1663171200000000000,2022-09-14T16:00:00Z
423.576,54314938.692,1663084800000000000,2022-09-13T16:00:00Z,51291800.0,,2ac33b8c-13fa-4eea-808b-c87387346244,OrderRole.Standalone,OrderType.Market,_default,,PositionEffect.Close,,51291800.0,False,,OrderSide.Sell,OrderStatus.Filled,605117.SH,,TimeInForce.GTC,,,,1663171200000000000,2022-09-14T16:00:00Z
17.9179,57112352.121825,1663084800000000000,2022-09-13T16:00:00Z,1274978700.0,,3ca91887-6647-4762-b47d-647f82dd18e7,OrderRole.Standalone,OrderType.Market,_default,,PositionEffect.Open,,1274978700.0,False,,OrderSide.Buy,OrderStatus.Filled,600026.SH,,TimeInForce.GTC,,,,1663171200000000000,2022-09-14T16:00:00Z
54.54449,57442670.5677825,1663084800000000000,2022-09-13T16:00:00Z,421253700.0,,b9683dc2-8ff2-4f92-b887-8cc621c2c63a,OrderRole.Standalone,OrderType.Market,_default,,PositionEffect.Open,,421253700.0,False,,OrderSide.Buy,OrderStatus.Filled,600188.SH,,TimeInForce.GTC,,,,1663171200000000000,2022-09-14T16:00:00Z
24.05403,57511351.6102125,1663084800000000000,2022-09-13T16:00:00Z,956369500.0,,f3b3b90f-f19e-4c86-bb73-53c1424c7f44,OrderRole.Standalone,OrderType.Market,_default,,PositionEffect.Open,,956369500.0,False,,OrderSide.Buy,OrderStatus.Filled,600875.SH,,TimeInForce.GTC,,,,1663171200000000000,2022-09-14T16:00:00Z
2.86286,56512293.132295,1663084800000000000,2022-09-13T16:00:00Z,7895921300.0,,3bdfd462-a8c4-4b14-828f-5158dc703374,OrderRole.Standalone,OrderType.Market,_default,,PositionEffect.Open,,7895921300.0,False,,OrderSide.Buy,OrderStatus.Filled,601288.SH,,TimeInForce.GTC,,,,1663171200000000000,2022-09-14T16:00:00Z
31.55152,56118850.74796,1663084800000000000,2022-09-13T16:00:00Z,711456700.0,,c7a37f0d-1588-4963-b5d8-ea134a87153f,OrderRole.Standalone,OrderType.Market,_default,,PositionEffect.Open,,711456700.0,False,,OrderSide.Buy,OrderStatus.Filled,601628.SH,,TimeInForce.GTC,,,,1663171200000000000,2022-09-14T16:00:00Z
21.01896,66996815.74038,1666108800000000000,2022-10-18T16:00:00Z,1274978700.0,,c7a4b2af-ab3f-460f-bbdd-8fdb5680a6da,OrderRole.Standalone,OrderType.Market,_default,,PositionEffect.Close,,1274978700.0,False,,OrderSide.Sell,OrderStatus.Filled,600026.SH,,TimeInForce.GTC,,,,1666195200000000000,2022-10-19T16:00:00Z
45.87408,48311564.83524,1666108800000000000,2022-10-18T16:00:00Z,421253700.0,,fc8c845b-2c5e-4e20-b9f0-f565f743c5e1,OrderRole.Standalone,OrderType.Market,_default,,PositionEffect.Close,,421253700.0,False,,OrderSide.Sell,OrderStatus.Filled,600188.SH,,TimeInForce.GTC,,,,1666195200000000000,2022-10-19T16:00:00Z
22.7772,54458548.4385,1666108800000000000,2022-10-18T16:00:00Z,956369500.0,,7bd4f888-55b2-4e2c-8b50-9f8611436ee2,OrderRole.Standalone,OrderType.Market,_default,,PositionEffect.Close,,956369500.0,False,,OrderSide.Sell,OrderStatus.Filled,600875.SH,,TimeInForce.GTC,,,,1666195200000000000,2022-10-19T16:00:00Z
2.83716,56004980.18877,1666108800000000000,2022-10-18T16:00:00Z,7895921300.0,,00d1235b-8422-4954-a246-1ccd8c451407,OrderRole.Standalone,OrderType.Market,_default,,PositionEffect.Close,,7895921300.0,False,,OrderSide.Sell,OrderStatus.Filled,601288.SH,,TimeInForce.GTC,,,,1666195200000000000,2022-10-19T16:00:00Z
29.39058,52275312.644715,1666108800000000000,2022-10-18T16:00:00Z,711456700.0,,72265d5f-6ee7-4e91-82ba-24c7bcbfc212,OrderRole.Standalone,OrderType.Market,_default,,PositionEffect.Close,,711456700.0,False,,OrderSide.Sell,OrderStatus.Filled,601628.SH,,TimeInForce.GTC,,,,1666195200000000000,2022-10-19T16:00:00Z
59.43938,45254573.178815,1666108800000000000,2022-10-18T16:00:00Z,304542700.0,,c6a0112a-3c08-4ee8-a5d1-715c83e71628,OrderRole.Standalone,OrderType.Market,_default,,PositionEffect.Open,,304542700.0,False,,OrderSide.Buy,OrderStatus.Filled,603799.SH,,TimeInForce.GTC,,,,1666195200000000000,2022-10-19T16:00:00Z
83.3833,45329850.991425,1666108800000000000,2022-10-18T16:00:00Z,217452900.0,,328593b4-cf49-4abf-8c58-b94a89b9e836,OrderRole.Standalone,OrderType.Market,_default,,PositionEffect.Open,,217452900.0,False,,OrderSide.Buy,OrderStatus.Filled,603986.SH,,TimeInForce.GTC,,,,1666195200000000000,2022-10-19T16:00:00Z
85.4854,45230261.02595,1666108800000000000,2022-10-18T16:00:00Z,211639700.0,,48ecb27d-26b2-46c9-8bc2-0e3d63f1a952,OrderRole.Standalone,OrderType.Market,_default,,PositionEffect.Open,,211639700.0,False,,OrderSide.Buy,OrderStatus.Filled,688012.SH,,TimeInForce.GTC,,,,1666195200000000000,2022-10-19T16:00:00Z
72.93286,45366682.17081,1666108800000000000,2022-10-18T16:00:00Z,248813400.0,,45168747-434d-491b-8623-03faa0a10186,OrderRole.Standalone,OrderType.Market,_default,,PositionEffect.Open,,248813400.0,False,,OrderSide.Buy,OrderStatus.Filled,688082.SH,,TimeInForce.GTC,,,,1666195200000000000,2022-10-19T16:00:00Z
44.8448,45340133.2384,1666108800000000000,2022-10-18T16:00:00Z,404418200.0,,63385187-7e6f-45c6-a731-63e67b213f2e,OrderRole.Standalone,OrderType.Market,_default,,PositionEffect.Open,,404418200.0,False,,OrderSide.Buy,OrderStatus.Filled,000333.SZ,,TimeInForce.GTC,,,,1666195200000000000,2022-10-19T16:00:00Z
24.18416,45370832.42692,1666108800000000000,2022-10-18T16:00:00Z,750422300.0,,88418ad0-f14a-420d-8f69-120e941c5641,OrderRole.Standalone,OrderType.Market,_default,,PositionEffect.Open,,750422300.0,False,,OrderSide.Buy,OrderStatus.Filled,002271.SZ,,TimeInForce.GTC,,,,1666195200000000000,2022-10-19T16:00:00Z
48.34161,48875567.253255,1668528000000000000,2022-11-15T16:00:00Z,404418200.0,,fa777e4e-8bd4-461f-85ba-1d7488e26529,OrderRole.Standalone,OrderType.Market,_default,,PositionEffect.Close,,404418200.0,False,,OrderSide.Sell,OrderStatus.Filled,000333.SZ,,TimeInForce.GTC,,,,1668614400000000000,2022-11-16T16:00:00Z
31.09887,58343213.8820025,1668528000000000000,2022-11-15T16:00:00Z,750422300.0,,1abe1491-9581-4ad3-8841-348ae03c1321,OrderRole.Standalone,OrderType.Market,_default,,PositionEffect.Close,,750422300.0,False,,OrderSide.Sell,OrderStatus.Filled,002271.SZ,,TimeInForce.GTC,,,,1668614400000000000,2022-11-16T16:00:00Z
64.67526,49240945.759005,1668528000000000000,2022-11-15T16:00:00Z,304542700.0,,25a3a6a1-fade-47ae-a6ef-8031e73ea793,OrderRole.Standalone,OrderType.Market,_default,,PositionEffect.Close,,304542700.0,False,,OrderSide.Sell,OrderStatus.Filled,603799.SH,,TimeInForce.GTC,,,,1668614400000000000,2022-11-16T16:00:00Z
101.27862,55058324.067495,1668528000000000000,2022-11-15T16:00:00Z,217452900.0,,ba93842b-3cb3-4b46-9845-c17cda7cf2f9,OrderRole.Standalone,OrderType.Market,_default,,PositionEffect.Close,,217452900.0,False,,OrderSide.Sell,OrderStatus.Filled,603986.SH,,TimeInForce.GTC,,,,1668614400000000000,2022-11-16T16:00:00Z
101.898,53914155.3765,1668528000000000000,2022-11-15T16:00:00Z,211639700.0,,8b5ff7c2-846c-4300-9f38-dd4e51bbd8fb,OrderRole.Standalone,OrderType.Market,_default,,PositionEffect.Close,,211639700.0,False,,OrderSide.Sell,OrderStatus.Filled,688012.SH,,TimeInForce.GTC,,,,1668614400000000000,2022-11-16T16:00:00Z
89.4105,55616326.25175,1668528000000000000,2022-11-15T16:00:00Z,248813400.0,,0880160f-966c-4f75-ad1a-18ee8bfc6886,OrderRole.Standalone,OrderType.Market,_default,,PositionEffect.Close,,248813400.0,False,,OrderSide.Sell,OrderStatus.Filled,688082.SH,,TimeInForce.GTC,,,,1668614400000000000,2022-11-16T16:00:00Z
65.78572,64177982.78892,1668528000000000000,2022-11-15T16:00:00Z,390224400.0,,8d2cdc32-f873-4b00-90e6-2a55fc35eafd,OrderRole.Standalone,OrderType.Market,_default,,PositionEffect.Open,,390224400.0,False,,OrderSide.Buy,OrderStatus.Filled,688599.SH,,TimeInForce.GTC,,,,1668614400000000000,2022-11-16T16:00:00Z
42.2422,64201205.71865,1668528000000000000,2022-11-15T16:00:00Z,607934300.0,,daab47eb-6d5b-444b-9664-effb6f3aea3e,OrderRole.Standalone,OrderType.Market,_default,,PositionEffect.Open,,607934300.0,False,,OrderSide.Buy,OrderStatus.Filled,688981.SH,,TimeInForce.GTC,,,,1668614400000000000,2022-11-16T16:00:00Z
24.3243,64894246.592175,1668528000000000000,2022-11-15T16:00:00Z,1067150900.0,,b0b34c55-44ba-4d91-9f83-c37596167ccb,OrderRole.Standalone,OrderType.Market,_default,,PositionEffect.Open,,1067150900.0,False,,OrderSide.Buy,OrderStatus.Filled,000063.SZ,,TimeInForce.GTC,,,,1668614400000000000,2022-11-16T16:00:00Z
4.49449,64340599.678355,1668528000000000000,2022-11-15T16:00:00Z,5726175800.0,,b813050d-3d47-4cd8-9801-04849a1de693,OrderRole.Standalone,OrderType.Market,_default,,PositionEffect.Open,,5726175800.0,False,,OrderSide.Buy,OrderStatus.Filled,000100.SZ,,TimeInForce.GTC,,,,1668614400000000000,2022-11-16T16:00:00Z
4.11411,64470332.51909251,1668528000000000000,2022-11-15T16:00:00Z,6268216700.0,,ccad886a-8639-410e-b6ef-de7c9deda105,OrderRole.Standalone,OrderType.Market,_default,,PositionEffect.Open,,6268216700.0,False,,OrderSide.Buy,OrderStatus.Filled,000166.SZ,,TimeInForce.GTC,,,,1668614400000000000,2022-11-16T16:00:00Z
26.48349,70654700.4716025,1670947200000000000,2022-12-13T16:00:00Z,1067150900.0,,94ae0743-0648-4466-a89a-683abe126fc8,OrderRole.Standalone,OrderType.Market,_default,,PositionEffect.Close,,1067150900.0,False,,OrderSide.Sell,OrderStatus.Filled,000063.SZ,,TimeInForce.GTC,,,,1671033600000000000,2022-12-14T16:00:00Z
3.88611,55631372.595345,1670947200000000000,2022-12-13T16:00:00Z,5726175800.0,,e9de55bc-8db5-4c7b-8df2-0fba4681f481,OrderRole.Standalone,OrderType.Market,_default,,PositionEffect.Close,,5726175800.0,False,,OrderSide.Sell,OrderStatus.Filled,000100.SZ,,TimeInForce.GTC,,,,1671033600000000000,2022-12-14T16:00:00Z
4.08591,64028423.2417425,1670947200000000000,2022-12-13T16:00:00Z,6268216700.0,,a0004840-1077-4a1b-a0a7-0137ffc77bef,OrderRole.Standalone,OrderType.Market,_default,,PositionEffect.Close,,6268216700.0,False,,OrderSide.Sell,OrderStatus.Filled,000166.SZ,,TimeInForce.GTC,,,,1671033600000000000,2022-12-14T16:00:00Z
54.90504,53563215.72744,1670947200000000000,2022-12-13T16:00:00Z,390224400.0,,90688ba9-23fe-4af3-912e-39e68a7b3e08,OrderRole.Standalone,OrderType.Market,_default,,PositionEffect.Close,,390224400.0,False,,OrderSide.Sell,OrderStatus.Filled,688599.SH,,TimeInForce.GTC,,,,1671033600000000000,2022-12-14T16:00:00Z
42.41754,64467693.719055,1670947200000000000,2022-12-13T16:00:00Z,607934300.0,,06c5c6f5-8c36-4d4b-ad19-f06c83048c81,OrderRole.Standalone,OrderType.Market,_default,,PositionEffect.Close,,607934300.0,False,,OrderSide.Sell,OrderStatus.Filled,688981.SH,,TimeInForce.GTC,,,,1671033600000000000,2022-12-14T16:00:00Z
13.15314,60628083.516,1670947200000000000,2022-12-13T16:00:00Z,1843760000.0,,fc10eae9-9e74-45a4-8002-2d3425b4f3f1,OrderRole.Standalone,OrderType.Market,_default,,PositionEffect.Open,,1843760000.0,False,,OrderSide.Buy,OrderStatus.Filled,000001.SZ,,TimeInForce.GTC,,,,1671033600000000000,2022-12-14T16:00:00Z
184.3842,61083120.44835,1670947200000000000,2022-12-13T16:00:00Z,132512700.0,,f97d8664-abe9-41fc-b50e-ad290445f191,OrderRole.Standalone,OrderType.Market,_default,,PositionEffect.Open,,132512700.0,False,,OrderSide.Buy,OrderStatus.Filled,000858.SZ,,TimeInForce.GTC,,,,1671033600000000000,2022-12-14T16:00:00Z
38.21818,60630457.742855,1670947200000000000,2022-12-13T16:00:00Z,634571900.0,,7cf315b0-7fc5-45b0-9398-4edd6c88199e,OrderRole.Standalone,OrderType.Market,_default,,PositionEffect.Open,,634571900.0,False,,OrderSide.Buy,OrderStatus.Filled,600276.SH,,TimeInForce.GTC,,,,1671033600000000000,2022-12-14T16:00:00Z
1806.805,62219588.68125,1670947200000000000,2022-12-13T16:00:00Z,13774500.0,,eaa99beb-9d08-4642-9748-aeae0bf3664f,OrderRole.Standalone,OrderType.Market,_default,,PositionEffect.Open,,13774500.0,False,,OrderSide.Buy,OrderStatus.Filled,600519.SH,,TimeInForce.GTC,,,,1671033600000000000,2022-12-14T16:00:00Z
35.18515,60629370.3890875,1670947200000000000,2022-12-13T16:00:00Z,689260900.0,,94ac944a-94e0-4211-8317-88ad3fc4a0bc,OrderRole.Standalone,OrderType.Market,_default,,PositionEffect.Open,,689260900.0,False,,OrderSide.Buy,OrderStatus.Filled,601628.SH,,TimeInForce.GTC,,,,1671033600000000000,2022-12-14T16:00:00Z
14.65533,67552278.102,1673452800000000000,2023-01-11T16:00:00Z,1843760000.0,,43828e93-7939-486c-81ed-e81e704f1a6a,OrderRole.Standalone,OrderType.Market,_default,,PositionEffect.Close,,1843760000.0,False,,OrderSide.Sell,OrderStatus.Filled,000001.SZ,,TimeInForce.GTC,,,,1673539200000000000,2023-01-12T16:00:00Z
193.19661,64002511.0548675,1673452800000000000,2023-01-11T16:00:00Z,132512700.0,,38512e0c-f54f-45d3-b456-e1d87e4c852a,OrderRole.Standalone,OrderType.Market,_default,,PositionEffect.Close,,132512700.0,False,,OrderSide.Sell,OrderStatus.Filled,000858.SZ,,TimeInForce.GTC,,,,1673539200000000000,2023-01-12T16:00:00Z
38.41155,60937225.66361249,1673452800000000000,2023-01-11T16:00:00Z,634571900.0,,46c82a51-55d9-4724-97f1-92180e9855f8,OrderRole.Standalone,OrderType.Market,_default,,PositionEffect.Close,,634571900.0,False,,OrderSide.Sell,OrderStatus.Filled,600276.SH,,TimeInForce.GTC,,,,1673539200000000000,2023-01-12T16:00:00Z
1842.33582,63443136.881475,1673452800000000000,2023-01-11T16:00:00Z,13774500.0,,4fa5cb07-fee3-43b1-8c8f-31d95c12fb27,OrderRole.Standalone,OrderType.Market,_default,,PositionEffect.Close,,13774500.0,False,,OrderSide.Sell,OrderStatus.Filled,600519.SH,,TimeInForce.GTC,,,,1673539200000000000,2023-01-12T16:00:00Z
37.01295,63778948.0716375,1673452800000000000,2023-01-11T16:00:00Z,689260900.0,,d7b49b00-c318-4b2b-a79f-c22451691c79,OrderRole.Standalone,OrderType.Market,_default,,PositionEffect.Close,,689260900.0,False,,OrderSide.Sell,OrderStatus.Filled,601628.SH,,TimeInForce.GTC,,,,1673539200000000000,2023-01-12T16:00:00Z
84.03395,63207417.01023751,1673452800000000000,2023-01-11T16:00:00Z,300866100.0,,b6e87690-33e0-4cb8-bf01-2487931b7a6b,OrderRole.Standalone,OrderType.Market,_default,,PositionEffect.Open,,300866100.0,False,,OrderSide.Buy,OrderStatus.Filled,688047.SH,,TimeInForce.GTC,,,,1673539200000000000,2023-01-12T16:00:00Z
236.90667,63210075.4760475,1673452800000000000,2023-01-11T16:00:00Z,106725700.0,,83da28c5-6aa9-4e3c-88f8-b4166abf11fe,OrderRole.Standalone,OrderType.Market,_default,,PositionEffect.Open,,106725700.0,False,,OrderSide.Buy,OrderStatus.Filled,000568.SZ,,TimeInForce.GTC,,,,1673539200000000000,2023-01-12T16:00:00Z
595.93534,63838977.36216,1673452800000000000,2023-01-11T16:00:00Z,42849600.0,,a1d1c79c-af24-4b49-8d84-e9f4f1ff8ff6,OrderRole.Standalone,OrderType.Market,_default,,PositionEffect.Open,,42849600.0,False,,OrderSide.Buy,OrderStatus.Filled,300896.SZ,,TimeInForce.GTC,,,,1673539200000000000,2023-01-12T16:00:00Z
89.089,63371188.3805,1673452800000000000,2023-01-11T16:00:00Z,284529800.0,,f16ae690-6bf6-45a5-adff-4af67070ce74,OrderRole.Standalone,OrderType.Market,_default,,PositionEffect.Open,,284529800.0,False,,OrderSide.Buy,OrderStatus.Filled,301269.SZ,,TimeInForce.GTC,,,,1673539200000000000,2023-01-12T16:00:00Z
64.59453,63413790.4374975,1673452800000000000,2023-01-11T16:00:00Z,392688300.0,,21f7b72a-ee19-433d-9b39-2abf4286cc9b,OrderRole.Standalone,OrderType.Market,_default,,PositionEffect.Open,,392688300.0,False,,OrderSide.Buy,OrderStatus.Filled,301308.SZ,,TimeInForce.GTC,,,,1673539200000000000,2023-01-12T16:00:00Z
248.751,66370311.50175,1676476800000000000,2023-02-15T16:00:00Z,106725700.0,,5449bc37-be0e-4c13-bce4-0cfeb29d5b5b,OrderRole.Standalone,OrderType.Market,_default,,PositionEffect.Close,,106725700.0,False,,OrderSide.Sell,OrderStatus.Filled,000568.SZ,,TimeInForce.GTC,,,,1676563200000000000,2023-02-16T16:00:00Z
613.35603,65705151.35772,1676476800000000000,2023-02-15T16:00:00Z,42849600.0,,f8c927e0-48ef-4d59-8496-91308b57a592,OrderRole.Standalone,OrderType.Market,_default,,PositionEffect.Close,,42849600.0,False,,OrderSide.Sell,OrderStatus.Filled,300896.SZ,,TimeInForce.GTC,,,,1676563200000000000,2023-02-16T16:00:00Z
99.11079,70499933.141355,1676476800000000000,2023-02-15T16:00:00Z,284529800.0,,4adb4f84-f48e-4516-b7ba-68792db13847,OrderRole.Standalone,OrderType.Market,_default,,PositionEffect.Close,,284529800.0,False,,OrderSide.Sell,OrderStatus.Filled,301269.SZ,,TimeInForce.GTC,,,,1676563200000000000,2023-02-16T16:00:00Z
69.8301,68553658.144575,1676476800000000000,2023-02-15T16:00:00Z,392688300.0,,4b5f136e-0702-43f8-bed6-4a3092580bc4,OrderRole.Standalone,OrderType.Market,_default,,PositionEffect.Close,,392688300.0,False,,OrderSide.Sell,OrderStatus.Filled,301308.SZ,,TimeInForce.GTC,,,,1676563200000000000,2023-02-16T16:00:00Z
115.63425,86976064.5598125,1676476800000000000,2023-02-15T16:00:00Z,300866100.0,,be8a3c28-3613-4bca-89b2-32c9d122d626,OrderRole.Standalone,OrderType.Market,_default,,PositionEffect.Close,,300866100.0,False,,OrderSide.Sell,OrderStatus.Filled,688047.SH,,TimeInForce.GTC,,,,1676563200000000000,2023-02-16T16:00:00Z
270.52025,38909739.11825,1676476800000000000,2023-02-15T16:00:00Z,57533200.0,,95fef555-29fe-4d1a-94ed-36a21d1f7a77,OrderRole.Standalone,OrderType.Market,_default,,PositionEffect.Open,,57533200.0,False,,OrderSide.Buy,OrderStatus.Filled,688072.SH,,TimeInForce.GTC,,,,1676563200000000000,2023-02-16T16:00:00Z
38.31828,39593885.96163,1676476800000000000,2023-02-15T16:00:00Z,413315900.0,,021d8505-a7d4-480f-b50b-d5fe6c7f6685,OrderRole.Standalone,OrderType.Market,_default,,PositionEffect.Open,,413315900.0,False,,OrderSide.Buy,OrderStatus.Filled,000977.SZ,,TimeInForce.GTC,,,,1676563200000000000,2023-02-16T16:00:00Z
39.04901,39304273.37837,1676476800000000000,2023-02-15T16:00:00Z,402614800.0,,5e62ac6f-3502-4ea8-b181-63a28a5af71d,OrderRole.Standalone,OrderType.Market,_default,,PositionEffect.Open,,402614800.0,False,,OrderSide.Buy,OrderStatus.Filled,300394.SZ,,TimeInForce.GTC,,,,1676563200000000000,2023-02-16T16:00:00Z
24.8248,39225194.8088,1676476800000000000,2023-02-15T16:00:00Z,632032400.0,,1d56e732-d901-4ec7-b139-fb6514ccedda,OrderRole.Standalone,OrderType.Market,_default,,PositionEffect.Open,,632032400.0,False,,OrderSide.Buy,OrderStatus.Filled,300418.SZ,,TimeInForce.GTC,,,,1676563200000000000,2023-02-16T16:00:00Z
18.05804,39304276.62161,1676476800000000000,2023-02-15T16:00:00Z,870621100.0,,d3689f80-1b77-495f-b735-ae64e443a5d0,OrderRole.Standalone,OrderType.Market,_default,,PositionEffect.Open,,870621100.0,False,,OrderSide.Buy,OrderStatus.Filled,300476.SZ,,TimeInForce.GTC,,,,1676563200000000000,2023-02-16T16:00:00Z
70.56049,39348921.6145025,1676476800000000000,2023-02-15T16:00:00Z,223064900.0,,f872fb9c-3f29-4893-bd74-12ec57895264,OrderRole.Standalone,OrderType.Market,_default,,PositionEffect.Open,,223064900.0,False,,OrderSide.Buy,OrderStatus.Filled,300628.SZ,,TimeInForce.GTC,,,,1676563200000000000,2023-02-16T16:00:00Z
53.6536,39794271.517,1676476800000000000,2023-02-15T16:00:00Z,296675500.0,,2c62d577-c1eb-4388-9a69-4fdc45475a4a,OrderRole.Standalone,OrderType.Market,_default,,PositionEffect.Open,,296675500.0,False,,OrderSide.Buy,OrderStatus.Filled,302132.SZ,,TimeInForce.GTC,,,,1676563200000000000,2023-02-16T16:00:00Z
10.74073,38905434.7056375,1676476800000000000,2023-02-15T16:00:00Z,1448893500.0,,279841e6-4c9a-481c-8579-35db75860f02,OrderRole.Standalone,OrderType.Market,_default,,PositionEffect.Open,,1448893500.0,False,,OrderSide.Buy,OrderStatus.Filled,601360.SH,,TimeInForce.GTC,,,,1676563200000000000,2023-02-16T16:00:00Z
29.59957,39304277.417405,1676476800000000000,2023-02-15T16:00:00Z,531146600.0,,bc4b064a-3246-4d99-ac03-05dd4651589f,OrderRole.Standalone,OrderType.Market,_default,,PositionEffect.Open,,531146600.0,False,,OrderSide.Buy,OrderStatus.Filled,603019.SH,,TimeInForce.GTC,,,,1676563200000000000,2023-02-16T16:00:00Z
36.72324,36963299.81988,1678896000000000000,2023-03-15T16:00:00Z,402614800.0,,01ca7737-b553-4b1d-a3b5-76687e4d3fca,OrderRole.Standalone,OrderType.Market,_default,,PositionEffect.Close,,402614800.0,False,,OrderSide.Sell,OrderStatus.Filled,300394.SZ,,TimeInForce.GTC,,,,1678982400000000000,2023-03-16T16:00:00Z
26.68329,3950227.6057125,1678896000000000000,2023-03-15T16:00:00Z,59216500.0,,120d06fd-296a-45c7-940c-520079c0e701,OrderRole.Standalone,OrderType.Market,_default,,PositionEffect.Close,,59216500.0,False,,OrderSide.Sell,OrderStatus.Filled,300418.SZ,,TimeInForce.GTC,,,,1678982400000000000,2023-03-16T16:00:00Z
15.4845,33702831.057375,1678896000000000000,2023-03-15T16:00:00Z,870621100.0,,f49f5b46-ad40-4612-97ac-439657d4bd10,OrderRole.Standalone,OrderType.Market,_default,,PositionEffect.Close,,870621100.0,False,,OrderSide.Sell,OrderStatus.Filled,300476.SZ,,TimeInForce.GTC,,,,1678982400000000000,2023-03-16T16:00:00Z
71.928,40111530.318,1678896000000000000,2023-03-15T16:00:00Z,223064900.0,,dd74bc0a-7d33-4c53-a657-f184e881b2d0,OrderRole.Standalone,OrderType.Market,_default,,PositionEffect.Close,,223064900.0,False,,OrderSide.Sell,OrderStatus.Filled,300628.SZ,,TimeInForce.GTC,,,,1678982400000000000,2023-03-16T16:00:00Z
12.29769,6075661.44681,1678896000000000000,2023-03-15T16:00:00Z,197619600.0,,4701dc4f-1634-4ad1-b27c-0caff30033d3,OrderRole.Standalone,OrderType.Market,_default,,PositionEffect.Close,,197619600.0,False,,OrderSide.Sell,OrderStatus.Filled,601360.SH,,TimeInForce.GTC,,,,1678982400000000000,2023-03-16T16:00:00Z
31.61835,41984947.750275,1678896000000000000,2023-03-15T16:00:00Z,531146600.0,,759f6c21-545d-4f51-8846-a7a433305551,OrderRole.Standalone,OrderType.Market,_default,,PositionEffect.Close,,531146600.0,False,,OrderSide.Sell,OrderStatus.Filled,603019.SH,,TimeInForce.GTC,,,,1678982400000000000,2023-03-16T16:00:00Z
290.3094,41756071.93020001,1678896000000000000,2023-03-15T16:00:00Z,57533200.0,,1d0bad9d-6293-42cb-8dba-a39dc2de61ab,OrderRole.Standalone,OrderType.Market,_default,,PositionEffect.Close,,57533200.0,False,,OrderSide.Sell,OrderStatus.Filled,688072.SH,,TimeInForce.GTC,,,,1678982400000000000,2023-03-16T16:00:00Z
102.75265,38280319.9403625,1678896000000000000,2023-03-15T16:00:00Z,149019300.0,,247c848d-0898-4d06-a840-a25903192ca3,OrderRole.Standalone,OrderType.Market,_default,,PositionEffect.Open,,149019300.0,False,,OrderSide.Buy,OrderStatus.Filled,688256.SH,,TimeInForce.GTC,,,,1678982400000000000,2023-03-16T16:00:00Z
78.078,37200458.295,1678896000000000000,2023-03-15T16:00:00Z,190581000.0,,48853503-66ff-4520-be98-c7d2933a51e9,OrderRole.Standalone,OrderType.Market,_default,,PositionEffect.Open,,190581000.0,False,,OrderSide.Buy,OrderStatus.Filled,688506.SH,,TimeInForce.GTC,,,,1678982400000000000,2023-03-16T16:00:00Z
31.51148,38372663.60928,1678896000000000000,2023-03-15T16:00:00Z,487094400.0,,e82fa758-7299-4b47-9709-aea8f182882f,OrderRole.Standalone,OrderType.Market,_default,,PositionEffect.Open,,487094400.0,False,,OrderSide.Buy,OrderStatus.Filled,600118.SH,,TimeInForce.GTC,,,,1678982400000000000,2023-03-16T16:00:00Z
24.8248,37655404.787,1678896000000000000,2023-03-15T16:00:00Z,606738500.0,,c9a2012c-4028-4f36-b7d4-d11c128727c6,OrderRole.Standalone,OrderType.Market,_default,,PositionEffect.Open,,606738500.0,False,,OrderSide.Buy,OrderStatus.Filled,601698.SH,,TimeInForce.GTC,,,,1678982400000000000,2023-03-16T16:00:00Z
7.05705,38256280.3998375,1678896000000000000,2023-03-15T16:00:00Z,2168400700.0,,170d835d-add6-4c37-a587-476079a549e9,OrderRole.Standalone,OrderType.Market,_default,,PositionEffect.Open,,2168400700.0,False,,OrderSide.Buy,OrderStatus.Filled,601728.SH,,TimeInForce.GTC,,,,1678982400000000000,2023-03-16T16:00:00Z
32.02199,5634517.3109225,1678896000000000000,2023-03-15T16:00:00Z,70383100.0,,d40728d0-a496-40fd-9df3-d9cd10d0f170,OrderRole.Standalone,OrderType.Market,_default,,PositionEffect.Open,,70383100.0,False,,OrderSide.Buy,OrderStatus.Filled,000977.SZ,,TimeInForce.GTC,,,,1678982400000000000,2023-03-16T16:00:00Z
48.76872,2259552.33504,1678896000000000000,2023-03-15T16:00:00Z,18532800.0,,64b4c6be-8d16-4a56-a568-c228b93485cb,OrderRole.Standalone,OrderType.Market,_default,,PositionEffect.Open,,18532800.0,False,,OrderSide.Buy,OrderStatus.Filled,302132.SZ,,TimeInForce.GTC,,,,1678982400000000000,2023-03-16T16:00:00Z
32.2677,39019635.55575,1678982400000000000,2023-03-16T16:00:00Z,483699000.0,,e328fc24-e604-480b-9162-443d17cfdccf,OrderRole.Standalone,OrderType.Market,_default,,PositionEffect.Close,,483699000.0,False,,OrderSide.Sell,OrderStatus.Filled,000977.SZ,,TimeInForce.GTC,,,,1679241600000000000,2023-03-19T16:00:00Z
27.98199,40071321.9641025,1678982400000000000,2023-03-16T16:00:00Z,572815900.0,,8091108a-095a-4e96-b42c-fbf6be1051d9,OrderRole.Standalone,OrderType.Market,_default,,PositionEffect.Close,,572815900.0,False,,OrderSide.Sell,OrderStatus.Filled,300418.SZ,,TimeInForce.GTC,,,,1679241600000000000,2023-03-19T16:00:00Z
47.76219,37637596.7854425,1678982400000000000,2023-03-16T16:00:00Z,315208300.0,,826f9305-353c-4a5a-a25a-d807260bf0c1,OrderRole.Standalone,OrderType.Market,_default,,PositionEffect.Close,,315208300.0,False,,OrderSide.Sell,OrderStatus.Filled,302132.SZ,,TimeInForce.GTC,,,,1679241600000000000,2023-03-19T16:00:00Z
13.5864,42500769.2874,1678982400000000000,2023-03-16T16:00:00Z,1251273900.0,,e5b7a73a-227f-4185-81ed-c41663437dd6,OrderRole.Standalone,OrderType.Market,_default,,PositionEffect.Close,,1251273900.0,False,,OrderSide.Sell,OrderStatus.Filled,601360.SH,,TimeInForce.GTC,,,,1679241600000000000,2023-03-19T16:00:00Z
28.25172,34403136.50592,1681401600000000000,2023-04-13T16:00:00Z,487094400.0,,bd0a5a45-7de0-410a-b839-68066dd6589b,OrderRole.Standalone,OrderType.Market,_default,,PositionEffect.Close,,487094400.0,False,,OrderSide.Sell,OrderStatus.Filled,600118.SH,,TimeInForce.GTC,,,,1681660800000000000,2023-04-16T16:00:00Z
19.89009,30170208.4286625,1681401600000000000,2023-04-13T16:00:00Z,606738500.0,,c79826c8-c1cc-4a45-86cd-a00ee25aabb1,OrderRole.Standalone,OrderType.Market,_default,,PositionEffect.Close,,606738500.0,False,,OrderSide.Sell,OrderStatus.Filled,601698.SH,,TimeInForce.GTC,,,,1681660800000000000,2023-04-16T16:00:00Z
6.81318,36934260.703065,1681401600000000000,2023-04-13T16:00:00Z,2168400700.0,,92f6ffff-c445-41c9-92a3-607dfc3a31a0,OrderRole.Standalone,OrderType.Market,_default,,PositionEffect.Close,,2168400700.0,False,,OrderSide.Sell,OrderStatus.Filled,601728.SH,,TimeInForce.GTC,,,,1681660800000000000,2023-04-16T16:00:00Z
191.19861,71230707.5579325,1681401600000000000,2023-04-13T16:00:00Z,149019300.0,,d3bcfd21-3eba-4fdb-a524-3ccabd914457,OrderRole.Standalone,OrderType.Market,_default,,PositionEffect.Close,,149019300.0,False,,OrderSide.Sell,OrderStatus.Filled,688256.SH,,TimeInForce.GTC,,,,1681660800000000000,2023-04-16T16:00:00Z
79.92,38078083.8,1681401600000000000,2023-04-13T16:00:00Z,190581000.0,,a492f680-cc38-4c11-8b70-66887ed17474,OrderRole.Standalone,OrderType.Market,_default,,PositionEffect.Close,,190581000.0,False,,OrderSide.Sell,OrderStatus.Filled,688506.SH,,TimeInForce.GTC,,,,1681660800000000000,2023-04-16T16:00:00Z
24.58456,74799335.09048,1681401600000000000,2023-04-13T16:00:00Z,1217013200.0,,9a24fead-855d-4c1f-91b8-3b53c8017220,OrderRole.Standalone,OrderType.Market,_default,,PositionEffect.Open,,1217013200.0,False,,OrderSide.Buy,OrderStatus.Filled,002236.SZ,,TimeInForce.GTC,,,,1681660800000000000,2023-04-16T16:00:00Z
48.09805,73605215.4838,1681401600000000000,2023-04-13T16:00:00Z,612126400.0,,2229ae4f-c455-4206-b9b9-58ae097b3c7c,OrderRole.Standalone,OrderType.Market,_default,,PositionEffect.Open,,612126400.0,False,,OrderSide.Buy,OrderStatus.Filled,300418.SZ,,TimeInForce.GTC,,,,1681660800000000000,2023-04-16T16:00:00Z
70.5705,72437583.7185,1681401600000000000,2023-04-13T16:00:00Z,410582800.0,,6cbb6659-a496-425b-bb9b-eae095ec7c52,OrderRole.Standalone,OrderType.Market,_default,,PositionEffect.Open,,410582800.0,False,,OrderSide.Buy,OrderStatus.Filled,300502.SZ,,TimeInForce.GTC,,,,1681660800000000000,2023-04-16T16:00:00Z
49.07903,74028269.0121975,1681401600000000000,2023-04-13T16:00:00Z,603339300.0,,e6b80e96-683c-4c23-b8f4-e509267403e6,OrderRole.Standalone,OrderType.Market,_default,,PositionEffect.Open,,603339300.0,False,,OrderSide.Buy,OrderStatus.Filled,302132.SZ,,TimeInForce.GTC,,,,1681660800000000000,2023-04-16T16:00:00Z
14.78477,74728104.526075,1681401600000000000,2023-04-13T16:00:00Z,2021759000.0,,240826eb-ebc7-4b74-8e1b-c506e156b667,OrderRole.Standalone,OrderType.Market,_default,,PositionEffect.Open,,2021759000.0,False,,OrderSide.Buy,OrderStatus.Filled,600039.SH,,TimeInForce.GTC,,,,1681660800000000000,2023-04-16T16:00:00Z
21.51846,65470624.65918,1684252800000000000,2023-05-16T16:00:00Z,1217013200.0,,5437abc1-5a53-4826-84b4-cfe46d81a25a,OrderRole.Standalone,OrderType.Market,_default,,PositionEffect.Close,,1217013200.0,False,,OrderSide.Sell,OrderStatus.Filled,002236.SZ,,TimeInForce.GTC,,,,1684339200000000000,2023-05-17T16:00:00Z
54.10584,37836322.12368,1684252800000000000,2023-05-16T16:00:00Z,279720800.0,,032f1bd3-c467-49b4-861b-c401b3ed6cda,OrderRole.Standalone,OrderType.Market,_default,,PositionEffect.Close,,279720800.0,False,,OrderSide.Sell,OrderStatus.Filled,300418.SZ,,TimeInForce.GTC,,,,1684339200000000000,2023-05-17T16:00:00Z
66.933,19787754.18825,1684252800000000000,2023-05-16T16:00:00Z,118254100.0,,67cda84e-cfe6-4faa-af46-4d5032dad3fe,OrderRole.Standalone,OrderType.Market,_default,,PositionEffect.Close,,118254100.0,False,,OrderSide.Sell,OrderStatus.Filled,300502.SZ,,TimeInForce.GTC,,,,1684339200000000000,2023-05-17T16:00:00Z
48.48147,73126940.4319275,1684252800000000000,2023-05-16T16:00:00Z,603339300.0,,574f46e7-5253-4ec1-abb7-e1474413f678,OrderRole.Standalone,OrderType.Market,_default,,PositionEffect.Close,,603339300.0,False,,OrderSide.Sell,OrderStatus.Filled,302132.SZ,,TimeInForce.GTC,,,,1684339200000000000,2023-05-17T16:00:00Z
14.65533,74073863.313675,1684252800000000000,2023-05-16T16:00:00Z,2021759000.0,,21c1300e-4fc0-4dd0-b3a8-d0274a7ff6db,OrderRole.Standalone,OrderType.Market,_default,,PositionEffect.Close,,2021759000.0,False,,OrderSide.Sell,OrderStatus.Filled,600039.SH,,TimeInForce.GTC,,,,1684339200000000000,2023-05-17T16:00:00Z
8.49849,44855546.5032675,1684252800000000000,2023-05-16T16:00:00Z,2111224300.0,,b4adc9bb-6a04-4e0a-a740-5c57c6633690,OrderRole.Standalone,OrderType.Market,_default,,PositionEffect.Open,,2111224300.0,False,,OrderSide.Buy,OrderStatus.Filled,600415.SH,,TimeInForce.GTC,,,,1684339200000000000,2023-05-17T16:00:00Z
408.408,44632970.382,1684252800000000000,2023-05-16T16:00:00Z,43714100.0,,20adbe04-505a-448a-92a3-dbce729e59a2,OrderRole.Standalone,OrderType.Market,_default,,PositionEffect.Open,,43714100.0,False,,OrderSide.Buy,OrderStatus.Filled,688072.SH,,TimeInForce.GTC,,,,1684339200000000000,2023-05-17T16:00:00Z
192.41222,46083207.72055,1684252800000000000,2023-05-16T16:00:00Z,95801000.0,,4a473498-804d-4720-a2dd-034e3c36a934,OrderRole.Standalone,OrderType.Market,_default,,PositionEffect.Open,,95801000.0,False,,OrderSide.Buy,OrderStatus.Filled,688256.SH,,TimeInForce.GTC,,,,1684339200000000000,2023-05-17T16:00:00Z
5.29529,44876382.0429925,1684252800000000000,2023-05-16T16:00:00Z,3389909300.0,,c71f7550-1644-4d0d-9fc8-e27fccb25996,OrderRole.Standalone,OrderType.Market,_default,,PositionEffect.Open,,3389909300.0,False,,OrderSide.Buy,OrderStatus.Filled,002602.SZ,,TimeInForce.GTC,,,,1684339200000000000,2023-05-17T16:00:00Z
8.74874,44961214.02773,1684252800000000000,2023-05-16T16:00:00Z,2055665800.0,,42fb63f9-43cf-496f-9873-6eae3ebd2e2c,OrderRole.Standalone,OrderType.Market,_default,,PositionEffect.Open,,2055665800.0,False,,OrderSide.Buy,OrderStatus.Filled,300251.SZ,,TimeInForce.GTC,,,,1684339200000000000,2023-05-17T16:00:00Z
88.5885,50361565.629375,1684252800000000000,2023-05-16T16:00:00Z,227395500.0,,4d741961-6d3f-4c65-9cb0-b6afd2aa93a1,OrderRole.Standalone,OrderType.Market,_default,,PositionEffect.Open,,227395500.0,False,,OrderSide.Buy,OrderStatus.Filled,300308.SZ,,TimeInForce.GTC,,,,1684339200000000000,2023-05-17T16:00:00Z
57.5424,47818539.9936,1684339200000000000,2023-05-17T16:00:00Z,332405600.0,,cc853f1d-1074-464d-9090-589a5273b84f,OrderRole.Standalone,OrderType.Market,_default,,PositionEffect.Close,,332405600.0,False,,OrderSide.Sell,OrderStatus.Filled,300418.SZ,,TimeInForce.GTC,,,,1684425600000000000,2023-05-18T16:00:00Z
70.93899,51843756.8150325,1684339200000000000,2023-05-17T16:00:00Z,292328700.0,,606f53e5-7850-4d3e-938e-a0ba405fb11e,OrderRole.Standalone,OrderType.Market,_default,,PositionEffect.Close,,292328700.0,False,,OrderSide.Sell,OrderStatus.Filled,300502.SZ,,TimeInForce.GTC,,,,1684425600000000000,2023-05-18T16:00:00Z
7.47252,63327912.60609,1686672000000000000,2023-06-13T16:00:00Z,3389909300.0,,d663b681-779d-4d5c-a3d5-79859d473be4,OrderRole.Standalone,OrderType.Market,_default,,PositionEffect.Close,,3389909300.0,False,,OrderSide.Sell,OrderStatus.Filled,002602.SZ,,TimeInForce.GTC,,,,1686758400000000000,2023-06-14T16:00:00Z
9.2907,47746435.62015,1686672000000000000,2023-06-13T16:00:00Z,2055665800.0,,92ce5f43-3e2e-4909-90e3-a75cf003cb9d,OrderRole.Standalone,OrderType.Market,_default,,PositionEffect.Close,,2055665800.0,False,,OrderSide.Sell,OrderStatus.Filled,300251.SZ,,TimeInForce.GTC,,,,1686758400000000000,2023-06-14T16:00:00Z
133.7661,12979358.124525,1686672000000000000,2023-06-13T16:00:00Z,38812100.0,,b3560f7e-4bf0-4356-93cd-c6ecb07bd9c4,OrderRole.Standalone,OrderType.Market,_default,,PositionEffect.Close,,38812100.0,False,,OrderSide.Sell,OrderStatus.Filled,300308.SZ,,TimeInForce.GTC,,,,1686758400000000000,2023-06-14T16:00:00Z
10.31967,54467845.1799525,1686672000000000000,2023-06-13T16:00:00Z,2111224300.0,,9ebe2f0b-7ef9-4e8e-8c46-0c7f9ed890a7,OrderRole.Standalone,OrderType.Market,_default,,PositionEffect.Close,,2111224300.0,False,,OrderSide.Sell,OrderStatus.Filled,600415.SH,,TimeInForce.GTC,,,,1686758400000000000,2023-06-14T16:00:00Z
439.56,48037424.49,1686672000000000000,2023-06-13T16:00:00Z,43714100.0,,97a10278-6217-459a-8fe2-821a556de76c,OrderRole.Standalone,OrderType.Market,_default,,PositionEffect.Close,,43714100.0,False,,OrderSide.Sell,OrderStatus.Filled,688072.SH,,TimeInForce.GTC,,,,1686758400000000000,2023-06-14T16:00:00Z
227.7275,7331459.135,1686672000000000000,2023-06-13T16:00:00Z,12877600.0,,75496d86-c10a-4f28-9655-17be55dae2b4,OrderRole.Standalone,OrderType.Market,_default,,PositionEffect.Open,,12877600.0,False,,OrderSide.Buy,OrderStatus.Filled,688256.SH,,TimeInForce.GTC,,,,1686758400000000000,2023-06-14T16:00:00Z
72.40233,61003542.4723725,1686672000000000000,2023-06-13T16:00:00Z,337025300.0,,bbb703fc-4eaa-46ab-a848-aabb6a90db98,OrderRole.Standalone,OrderType.Market,_default,,PositionEffect.Open,,337025300.0,False,,OrderSide.Buy,OrderStatus.Filled,688506.SH,,TimeInForce.GTC,,,,1686758400000000000,2023-06-14T16:00:00Z
186.186,62039037.06,1686672000000000000,2023-06-13T16:00:00Z,133284000.0,,6c3f60e2-5176-406a-9891-361718c8ea36,OrderRole.Standalone,OrderType.Market,_default,,PositionEffect.Open,,133284000.0,False,,OrderSide.Buy,OrderStatus.Filled,300033.SZ,,TimeInForce.GTC,,,,1686758400000000000,2023-06-14T16:00:00Z
105.105,60624616.5525,1686672000000000000,2023-06-13T16:00:00Z,230720200.0,,532d53b0-29eb-4c77-9322-9c9d478b8f42,OrderRole.Standalone,OrderType.Market,_default,,PositionEffect.Open,,230720200.0,False,,OrderSide.Buy,OrderStatus.Filled,300394.SZ,,TimeInForce.GTC,,,,1686758400000000000,2023-06-14T16:00:00Z
59.5595,65391700.248875,1686672000000000000,2023-06-13T16:00:00Z,439168900.0,,18f8d1ab-a513-4a09-9e4b-a65e3ed1084a,OrderRole.Standalone,OrderType.Market,_default,,PositionEffect.Open,,439168900.0,False,,OrderSide.Buy,OrderStatus.Filled,300418.SZ,,TimeInForce.GTC,,,,1686758400000000000,2023-06-14T16:00:00Z
67.19713,62374274.3849225,1686672000000000000,2023-06-13T16:00:00Z,371291300.0,,05aabe06-ea22-42e7-bd1b-c5c41b3863bf,OrderRole.Standalone,OrderType.Market,_default,,PositionEffect.Open,,371291300.0,False,,OrderSide.Buy,OrderStatus.Filled,300502.SZ,,TimeInForce.GTC,,,,1686758400000000000,2023-06-14T16:00:00Z
136.21365,64219083.108525,1686758400000000000,2023-06-14T16:00:00Z,188583400.0,,7f349641-fffa-4837-96c8-edd2763b793a,OrderRole.Standalone,OrderType.Market,_default,,PositionEffect.Close,,188583400.0,False,,OrderSide.Sell,OrderStatus.Filled,300308.SZ,,TimeInForce.GTC,,,,1686844800000000000,2023-06-15T16:00:00Z
206.6931,56157791.84415,1686758400000000000,2023-06-14T16:00:00Z,108678600.0,,80c2eb7a-3fd6-4638-b32c-cf10733544e0,OrderRole.Standalone,OrderType.Market,_default,,PositionEffect.Close,,108678600.0,False,,OrderSide.Sell,OrderStatus.Filled,688256.SH,,TimeInForce.GTC,,,,1686844800000000000,2023-06-15T16:00:00Z
166.88295,55607067.7695,1689264000000000000,2023-07-13T16:00:00Z,133284000.0,,e8302cb9-6928-46b9-af93-12f3d21ec90d,OrderRole.Standalone,OrderType.Market,_default,,PositionEffect.Close,,133284000.0,False,,OrderSide.Sell,OrderStatus.Filled,300033.SZ,,TimeInForce.GTC,,,,1689523200000000000,2023-07-16T16:00:00Z
103.42647,59656439.609235,1689264000000000000,2023-07-13T16:00:00Z,230720200.0,,df0877ee-59c4-420f-9946-578e763dc9f9,OrderRole.Standalone,OrderType.Market,_default,,PositionEffect.Close,,230720200.0,False,,OrderSide.Sell,OrderStatus.Filled,300394.SZ,,TimeInForce.GTC,,,,1689523200000000000,2023-07-16T16:00:00Z
39.0609,42885831.215025,1689264000000000000,2023-07-13T16:00:00Z,439168900.0,,4404c5a8-3f92-40df-a3b7-b2f35b1ebf5c,OrderRole.Standalone,OrderType.Market,_default,,PositionEffect.Close,,439168900.0,False,,OrderSide.Sell,OrderStatus.Filled,300418.SZ,,TimeInForce.GTC,,,,1689523200000000000,2023-07-16T16:00:00Z
65.3346,60645421.42245,1689264000000000000,2023-07-13T16:00:00Z,371291300.0,,8dd3d5a2-b75b-41ec-a831-986ca0505774,OrderRole.Standalone,OrderType.Market,_default,,PositionEffect.Close,,371291300.0,False,,OrderSide.Sell,OrderStatus.Filled,300502.SZ,,TimeInForce.GTC,,,,1689523200000000000,2023-07-16T16:00:00Z
92.4075,77859163.524375,1689264000000000000,2023-07-13T16:00:00Z,337025300.0,,b9b08b14-4776-43b8-a066-e364a2f80e4b,OrderRole.Standalone,OrderType.Market,_default,,PositionEffect.Close,,337025300.0,False,,OrderSide.Sell,OrderStatus.Filled,688506.SH,,TimeInForce.GTC,,,,1689523200000000000,2023-07-16T16:00:00Z
69.62956,81972565.80513,1689264000000000000,2023-07-13T16:00:00Z,470906700.0,,368665ec-e601-4837-ba01-8a23d126bf1b,OrderRole.Standalone,OrderType.Market,_default,,PositionEffect.Open,,470906700.0,False,,OrderSide.Buy,OrderStatus.Filled,688521.SH,,TimeInForce.GTC,,,,1689523200000000000,2023-07-16T16:00:00Z
37.35732,82231829.35968,1689264000000000000,2023-07-13T16:00:00Z,880489600.0,,1ed80c9d-1af6-4b71-9c1a-a5f4cef91ac6,OrderRole.Standalone,OrderType.Market,_default,,PositionEffect.Open,,880489600.0,False,,OrderSide.Buy,OrderStatus.Filled,688599.SH,,TimeInForce.GTC,,,,1689523200000000000,2023-07-16T16:00:00Z
49.20916,81733043.93254,1689264000000000000,2023-07-13T16:00:00Z,664372600.0,,26183a48-b818-4535-b6ae-65474d8c43fc,OrderRole.Standalone,OrderType.Market,_default,,PositionEffect.Open,,664372600.0,False,,OrderSide.Buy,OrderStatus.Filled,688981.SH,,TimeInForce.GTC,,,,1689523200000000000,2023-07-16T16:00:00Z
13.72371,81814106.4515775,1689264000000000000,2023-07-13T16:00:00Z,2384606100.0,,2d5a6d4f-ce0e-42b1-b7bd-548da63154f0,OrderRole.Standalone,OrderType.Market,_default,,PositionEffect.Open,,2384606100.0,False,,OrderSide.Buy,OrderStatus.Filled,000002.SZ,,TimeInForce.GTC,,,,1689523200000000000,2023-07-16T16:00:00Z
40.26022,82231821.43176,1689264000000000000,2023-07-13T16:00:00Z,817003200.0,,45209197-f872-420e-ad91-e905d9fcfe22,OrderRole.Standalone,OrderType.Market,_default,,PositionEffect.Open,,817003200.0,False,,OrderSide.Buy,OrderStatus.Filled,688303.SH,,TimeInForce.GTC,,,,1689523200000000000,2023-07-16T16:00:00Z
14.31567,5999346.563085,1691683200000000000,2023-08-10T16:00:00Z,167630200.0,,8ecb5c7f-80d4-482d-b841-bd84b2e2fc07,OrderRole.Standalone,OrderType.Market,_default,,PositionEffect.Close,,167630200.0,False,,OrderSide.Sell,OrderStatus.Filled,000002.SZ,,TimeInForce.GTC,,,,1691942400000000000,2023-08-13T16:00:00Z
39.74022,81169717.27176,1691683200000000000,2023-08-10T16:00:00Z,817003200.0,,4224cba8-14e0-49aa-9e8c-40b177ded2da,OrderRole.Standalone,OrderType.Market,_default,,PositionEffect.Close,,817003200.0,False,,OrderSide.Sell,OrderStatus.Filled,688303.SH,,TimeInForce.GTC,,,,1691942400000000000,2023-08-13T16:00:00Z
64.94499,76457577.3060825,1691683200000000000,2023-08-10T16:00:00Z,470906700.0,,f3542c18-f8e8-4a2a-9adc-3faf7e8c40d1,OrderRole.Standalone,OrderType.Market,_default,,PositionEffect.Close,,470906700.0,False,,OrderSide.Sell,OrderStatus.Filled,688521.SH,,TimeInForce.GTC,,,,1691942400000000000,2023-08-13T16:00:00Z
35.7642,78725015.3808,1691683200000000000,2023-08-10T16:00:00Z,880489600.0,,cbc7a116-f0d2-487e-9368-26c63e8c69d4,OrderRole.Standalone,OrderType.Market,_default,,PositionEffect.Close,,880489600.0,False,,OrderSide.Sell,OrderStatus.Filled,688599.SH,,TimeInForce.GTC,,,,1691942400000000000,2023-08-13T16:00:00Z
46.53342,77288823.08073,1691683200000000000,2023-08-10T16:00:00Z,664372600.0,,600a76d9-f39f-4f97-90b2-355f4c457e74,OrderRole.Standalone,OrderType.Market,_default,,PositionEffect.Close,,664372600.0,False,,OrderSide.Sell,OrderStatus.Filled,688981.SH,,TimeInForce.GTC,,,,1691942400000000000,2023-08-13T16:00:00Z
71.09102,77728113.17271,1691683200000000000,2023-08-10T16:00:00Z,437344200.0,,5aa16a11-0c88-4511-9d1f-25f1b0c265c6,OrderRole.Standalone,OrderType.Market,_default,,PositionEffect.Open,,437344200.0,False,,OrderSide.Buy,OrderStatus.Filled,300803.SZ,,TimeInForce.GTC,,,,1691942400000000000,2023-08-13T16:00:00Z
56.056,80000516.596,1691683200000000000,2023-08-10T16:00:00Z,570861400.0,,c5a62126-d810-44d2-8fe6-4cbb39f67cce,OrderRole.Standalone,OrderType.Market,_default,,PositionEffect.Open,,570861400.0,False,,OrderSide.Buy,OrderStatus.Filled,600085.SH,,TimeInForce.GTC,,,,1691942400000000000,2023-08-13T16:00:00Z
21.77175,78300514.9801875,1691683200000000000,2023-08-10T16:00:00Z,1438570900.0,,09d37301-7d04-4e07-bcfa-055ecc158a81,OrderRole.Standalone,OrderType.Market,_default,,PositionEffect.Open,,1438570900.0,False,,OrderSide.Buy,OrderStatus.Filled,601136.SH,,TimeInForce.GTC,,,,1691942400000000000,2023-08-13T16:00:00Z
8.55855,77207867.0488125,1691683200000000000,2023-08-10T16:00:00Z,3608455500.0,,bb834a18-5b85-4c6a-8012-c2e23b0070b0,OrderRole.Standalone,OrderType.Market,_default,,PositionEffect.Open,,3608455500.0,False,,OrderSide.Buy,OrderStatus.Filled,601236.SH,,TimeInForce.GTC,,,,1691942400000000000,2023-08-13T16:00:00Z
14.51547,80451117.9179325,1691942400000000000,2023-08-13T16:00:00Z,2216975900.0,,b99f1926-e071-4777-9065-a2d8a5befe2e,OrderRole.Standalone,OrderType.Market,_default,,PositionEffect.Close,,2216975900.0,False,,OrderSide.Sell,OrderStatus.Filled,000002.SZ,,TimeInForce.GTC,,,,1692028800000000000,2023-08-14T16:00:00Z
62.0379,67829789.36295,1694102400000000000,2023-09-07T16:00:00Z,437344200.0,,aaca711c-ac0e-4685-a58c-6221968c19ec,OrderRole.Standalone,OrderType.Market,_default,,PositionEffect.Close,,437344200.0,False,,OrderSide.Sell,OrderStatus.Filled,300803.SZ,,TimeInForce.GTC,,,,1694361600000000000,2023-09-10T16:00:00Z
54.62532,77958716.62662,1694102400000000000,2023-09-07T16:00:00Z,570861400.0,,d64ae615-ba73-49d2-9bab-9e02ba386980,OrderRole.Standalone,OrderType.Market,_default,,PositionEffect.Close,,570861400.0,False,,OrderSide.Sell,OrderStatus.Filled,600085.SH,,TimeInForce.GTC,,,,1694361600000000000,2023-09-10T16:00:00Z
25.10487,90287838.5757075,1694102400000000000,2023-09-07T16:00:00Z,1438570900.0,,81276744-71e9-4d81-8e04-a3e7eca0190e,OrderRole.Standalone,OrderType.Market,_default,,PositionEffect.Close,,1438570900.0,False,,OrderSide.Sell,OrderStatus.Filled,601136.SH,,TimeInForce.GTC,,,,1694361600000000000,2023-09-10T16:00:00Z
7.85214,70835244.424425,1694102400000000000,2023-09-07T16:00:00Z,3608455500.0,,ba1968b0-0fa7-4e8e-ad5f-c5efabb002d4,OrderRole.Standalone,OrderType.Market,_default,,PositionEffect.Close,,3608455500.0,False,,OrderSide.Sell,OrderStatus.Filled,601236.SH,,TimeInForce.GTC,,,,1694361600000000000,2023-09-10T16:00:00Z
31.031,79628424.12525,1694102400000000000,2023-09-07T16:00:00Z,1026437100.0,,687ffea4-c257-45c4-8fe7-49a5a42e8e0b,OrderRole.Standalone,OrderType.Market,_default,,PositionEffect.Open,,1026437100.0,False,,OrderSide.Buy,OrderStatus.Filled,000786.SZ,,TimeInForce.GTC,,,,1694361600000000000,2023-09-10T16:00:00Z
26.01599,76714578.96852748,1694102400000000000,2023-09-07T16:00:00Z,1179498900.0,,2ce3b4c7-4d40-4c7d-8ba3-3425b31dccee,OrderRole.Standalone,OrderType.Market,_default,,PositionEffect.Open,,1179498900.0,False,,OrderSide.Buy,OrderStatus.Filled,000895.SZ,,TimeInForce.GTC,,,,1694361600000000000,2023-09-10T16:00:00Z
19.40939,78862108.119795,1694102400000000000,2023-09-07T16:00:00Z,1625236200.0,,bff12495-0b2f-4f09-9209-6028b8f6db85,OrderRole.Standalone,OrderType.Market,_default,,PositionEffect.Open,,1625236200.0,False,,OrderSide.Buy,OrderStatus.Filled,600938.SH,,TimeInForce.GTC,,,,1694361600000000000,2023-09-10T16:00:00Z
44.4444,80042697.735,1694102400000000000,2023-09-07T16:00:00Z,720385000.0,,3245d7fb-a17d-4403-aee2-8ef059c8aed6,OrderRole.Standalone,OrderType.Market,_default,,PositionEffect.Open,,720385000.0,False,,OrderSide.Buy,OrderStatus.Filled,601127.SH,,TimeInForce.GTC,,,,1694361600000000000,2023-09-10T16:00:00Z
6.08608,79040771.48968,1694102400000000000,2023-09-07T16:00:00Z,5194855900.0,,f884e5c3-27d5-4f9b-9c37-c1caf30df6e6,OrderRole.Standalone,OrderType.Market,_default,,PositionEffect.Open,,5194855900.0,False,,OrderSide.Buy,OrderStatus.Filled,601229.SH,,TimeInForce.GTC,,,,1694361600000000000,2023-09-10T16:00:00Z
28.83114,73983379.32823502,1697385600000000000,2023-10-15T16:00:00Z,1026437100.0,,4456e751-d7fc-45de-97a0-d06eca5c358c,OrderRole.Standalone,OrderType.Market,_default,,PositionEffect.Close,,1026437100.0,False,,OrderSide.Sell,OrderStatus.Filled,000786.SZ,,TimeInForce.GTC,,,,1697472000000000000,2023-10-16T16:00:00Z
26.11386,77003172.861885,1697385600000000000,2023-10-15T16:00:00Z,1179498900.0,,30812519-c865-48cd-a0df-b8328ee0b750,OrderRole.Standalone,OrderType.Market,_default,,PositionEffect.Close,,1179498900.0,False,,OrderSide.Sell,OrderStatus.Filled,000895.SZ,,TimeInForce.GTC,,,,1697472000000000000,2023-10-16T16:00:00Z
20.6793,84021867.37665,1697385600000000000,2023-10-15T16:00:00Z,1625236200.0,,858eccbd-fb4b-48ee-9433-d9d2625ac8b3,OrderRole.Standalone,OrderType.Market,_default,,PositionEffect.Close,,1625236200.0,False,,OrderSide.Sell,OrderStatus.Filled,600938.SH,,TimeInForce.GTC,,,,1697472000000000000,2023-10-16T16:00:00Z
75.63429,73029085.7895225,1697385600000000000,2023-10-15T16:00:00Z,386222100.0,,16639eec-6d95-4450-a791-9ada33274377,OrderRole.Standalone,OrderType.Market,_default,,PositionEffect.Close,,386222100.0,False,,OrderSide.Sell,OrderStatus.Filled,601127.SH,,TimeInForce.GTC,,,,1697472000000000000,2023-10-16T16:00:00Z
6.23376,80958712.28796,1697385600000000000,2023-10-15T16:00:00Z,5194855900.0,,19d24fe7-db58-4b51-bbaa-647177af1019,OrderRole.Standalone,OrderType.Market,_default,,PositionEffect.Close,,5194855900.0,False,,OrderSide.Sell,OrderStatus.Filled,601229.SH,,TimeInForce.GTC,,,,1697472000000000000,2023-10-16T16:00:00Z
14.92491,63612962.5956825,1697385600000000000,2023-10-15T16:00:00Z,1704880300.0,,9ffb8075-9b75-43ac-927b-3af5e98e0e90,OrderRole.Standalone,OrderType.Market,_default,,PositionEffect.Open,,1704880300.0,False,,OrderSide.Buy,OrderStatus.Filled,000625.SZ,,TimeInForce.GTC,,,,1697472000000000000,2023-10-16T16:00:00Z
18.1181,64648773.414225,1697385600000000000,2023-10-15T16:00:00Z,1427274900.0,,b46b3c70-779c-442b-b51e-f4f22ba65086,OrderRole.Standalone,OrderType.Market,_default,,PositionEffect.Open,,1427274900.0,False,,OrderSide.Buy,OrderStatus.Filled,002241.SZ,,TimeInForce.GTC,,,,1697472000000000000,2023-10-16T16:00:00Z
159.01886,63721242.4849,1697385600000000000,2023-10-15T16:00:00Z,160286000.0,,a98954fd-9397-460f-a6d0-179a739d803d,OrderRole.Standalone,OrderType.Market,_default,,PositionEffect.Open,,160286000.0,False,,OrderSide.Buy,OrderStatus.Filled,002821.SZ,,TimeInForce.GTC,,,,1697472000000000000,2023-10-16T16:00:00Z
57.09704,63791896.32816,1697385600000000000,2023-10-15T16:00:00Z,446901600.0,,02a732f7-5faa-4452-a4e2-124381c72314,OrderRole.Standalone,OrderType.Market,_default,,PositionEffect.Open,,446901600.0,False,,OrderSide.Buy,OrderStatus.Filled,300122.SZ,,TimeInForce.GTC,,,,1697472000000000000,2023-10-16T16:00:00Z
31.031,63551456.969,1697385600000000000,2023-10-15T16:00:00Z,819199600.0,,b1cb7b1f-dcf6-425e-b433-61012a614d08,OrderRole.Standalone,OrderType.Market,_default,,PositionEffect.Open,,819199600.0,False,,OrderSide.Buy,OrderStatus.Filled,301236.SZ,,TimeInForce.GTC,,,,1697472000000000000,2023-10-16T16:00:00Z
98.54845,62626948.6843,1697385600000000000,2023-10-15T16:00:00Z,254197600.0,,aeddac59-f665-4952-bbe8-109c1249737a,OrderRole.Standalone,OrderType.Market,_default,,PositionEffect.Open,,254197600.0,False,,OrderSide.Buy,OrderStatus.Filled,301308.SZ,,TimeInForce.GTC,,,,1697472000000000000,2023-10-16T16:00:00Z
76.94298,64278723.328605,1697472000000000000,2023-10-16T16:00:00Z,334162900.0,,60ef00df-37d6-438f-80c7-d20510b3bca6,OrderRole.Standalone,OrderType.Market,_default,,PositionEffect.Close,,334162900.0,False,,OrderSide.Sell,OrderStatus.Filled,601127.SH,,TimeInForce.GTC,,,,1697558400000000000,2023-10-17T16:00:00Z
15.4845,65998047.513375,1699804800000000000,2023-11-12T16:00:00Z,1704880300.0,,155d8ca0-0ca1-475a-9c7e-eed4b6097d86,OrderRole.Standalone,OrderType.Market,_default,,PositionEffect.Close,,1704880300.0,False,,OrderSide.Sell,OrderStatus.Filled,000625.SZ,,TimeInForce.GTC,,,,1699891200000000000,2023-11-13T16:00:00Z
19.14084,68298101.24229,1699804800000000000,2023-11-12T16:00:00Z,1427274900.0,,b12a898a-b737-4187-93c6-804045da1662,OrderRole.Standalone,OrderType.Market,_default,,PositionEffect.Close,,1427274900.0,False,,OrderSide.Sell,OrderStatus.Filled,002241.SZ,,TimeInForce.GTC,,,,1699891200000000000,2023-11-13T16:00:00Z
147.84201,59242511.03715,1699804800000000000,2023-11-12T16:00:00Z,160286000.0,,c9426633-7434-440f-bb74-548b1405e738,OrderRole.Standalone,OrderType.Market,_default,,PositionEffect.Close,,160286000.0,False,,OrderSide.Sell,OrderStatus.Filled,002821.SZ,,TimeInForce.GTC,,,,1699891200000000000,2023-11-13T16:00:00Z
62.96697,70350099.10038,1699804800000000000,2023-11-12T16:00:00Z,446901600.0,,732542c3-df5f-4e8d-a690-47ac15c26564,OrderRole.Standalone,OrderType.Market,_default,,PositionEffect.Close,,446901600.0,False,,OrderSide.Sell,OrderStatus.Filled,300122.SZ,,TimeInForce.GTC,,,,1699891200000000000,2023-11-13T16:00:00Z
45.93402,39864252.66318,1699804800000000000,2023-11-12T16:00:00Z,347143600.0,,4630f8de-a00b-4824-91c1-bfb9dcfb1f00,OrderRole.Standalone,OrderType.Market,_default,,PositionEffect.Close,,347143600.0,False,,OrderSide.Sell,OrderStatus.Filled,301236.SZ,,TimeInForce.GTC,,,,1699891200000000000,2023-11-13T16:00:00Z
101.22867,64330212.41298,1699804800000000000,2023-11-12T16:00:00Z,254197600.0,,76cfd997-e68e-461e-a759-4c4864fc14a4,OrderRole.Standalone,OrderType.Market,_default,,PositionEffect.Close,,254197600.0,False,,OrderSide.Sell,OrderStatus.Filled,301308.SZ,,TimeInForce.GTC,,,,1699891200000000000,2023-11-13T16:00:00Z
80.1801,52893128.1879,1699804800000000000,2023-11-12T16:00:00Z,263871600.0,,82e3edc0-5be3-4d15-860a-79e79ca1ddcb,OrderRole.Standalone,OrderType.Market,_default,,PositionEffect.Open,,263871600.0,False,,OrderSide.Buy,OrderStatus.Filled,601127.SH,,TimeInForce.GTC,,,,1699891200000000000,2023-11-13T16:00:00Z
16.16615,53421661.0302375,1699804800000000000,2023-11-12T16:00:00Z,1321815300.0,,f3524af4-9d52-44f5-9b9b-4218447b31dc,OrderRole.Standalone,OrderType.Market,_default,,PositionEffect.Open,,1321815300.0,False,,OrderSide.Buy,OrderStatus.Filled,601138.SH,,TimeInForce.GTC,,,,1699891200000000000,2023-11-13T16:00:00Z
134.61448,53009465.88938,1699804800000000000,2023-11-12T16:00:00Z,157514900.0,,fdb194bd-378e-4526-b0c1-0d48ae74df69,OrderRole.Standalone,OrderType.Market,_default,,PositionEffect.Open,,157514900.0,False,,OrderSide.Buy,OrderStatus.Filled,688256.SH,,TimeInForce.GTC,,,,1699891200000000000,2023-11-13T16:00:00Z
34.78475,53274009.914125,1699804800000000000,2023-11-12T16:00:00Z,612613400.0,,d4091eea-4e60-4efd-b85e-cadfd82abc1a,OrderRole.Standalone,OrderType.Market,_default,,PositionEffect.Open,,612613400.0,False,,OrderSide.Buy,OrderStatus.Filled,000977.SZ,,TimeInForce.GTC,,,,1699891200000000000,2023-11-13T16:00:00Z
105.01491,53294410.4818125,1699804800000000000,2023-11-12T16:00:00Z,202997500.0,,b8303ad3-b775-495c-b0e0-8538be0c449b,OrderRole.Standalone,OrderType.Market,_default,,PositionEffect.Open,,202997500.0,False,,OrderSide.Buy,OrderStatus.Filled,300308.SZ,,TimeInForce.GTC,,,,1699891200000000000,2023-11-13T16:00:00Z
81.7817,53315432.545375,1699804800000000000,2023-11-12T16:00:00Z,260769500.0,,0ee04a27-7f68-4c92-8f2f-ba9224b734c0,OrderRole.Standalone,OrderType.Market,_default,,PositionEffect.Open,,260769500.0,False,,OrderSide.Buy,OrderStatus.Filled,300394.SZ,,TimeInForce.GTC,,,,1699891200000000000,2023-11-13T16:00:00Z
35.78575,53229782.230625,1699804800000000000,2023-11-12T16:00:00Z,594983000.0,,3e85942c-dd64-4cec-8f98-c815d27e9a97,OrderRole.Standalone,OrderType.Market,_default,,PositionEffect.Open,,594983000.0,False,,OrderSide.Buy,OrderStatus.Filled,300418.SZ,,TimeInForce.GTC,,,,1699891200000000000,2023-11-13T16:00:00Z
44.21417,54422890.246725,1699804800000000000,2023-11-12T16:00:00Z,492357000.0,,37ac793d-52f0-4e75-ad7d-498916a50256,OrderRole.Standalone,OrderType.Market,_default,,PositionEffect.Open,,492357000.0,False,,OrderSide.Buy,OrderStatus.Filled,300502.SZ,,TimeInForce.GTC,,,,1699891200000000000,2023-11-13T16:00:00Z
47.60235,56177437.329,1699891200000000000,2023-11-13T16:00:00Z,472056000.0,,c7d28066-6c60-4e61-a566-94021568f3cd,OrderRole.Standalone,OrderType.Market,_default,,PositionEffect.Close,,472056000.0,False,,OrderSide.Sell,OrderStatus.Filled,301236.SZ,,TimeInForce.GTC,,,,1699977600000000000,2023-11-14T16:00:00Z
36.09387,55278971.049645,1702224000000000000,2023-12-10T16:00:00Z,612613400.0,,37458b8c-3729-4518-a0c6-7861d69b8848,OrderRole.Standalone,OrderType.Market,_default,,PositionEffect.Close,,612613400.0,False,,OrderSide.Sell,OrderStatus.Filled,000977.SZ,,TimeInForce.GTC,,,,1702310400000000000,2023-12-11T16:00:00Z
41.72823,62068968.675225,1702224000000000000,2023-12-10T16:00:00Z,594983000.0,,01930099-377b-4f41-bc48-4f03d633a708,OrderRole.Standalone,OrderType.Market,_default,,PositionEffect.Close,,594983000.0,False,,OrderSide.Sell,OrderStatus.Filled,300418.SZ,,TimeInForce.GTC,,,,1702310400000000000,2023-12-11T16:00:00Z
54.39555,66955074.528375,1702224000000000000,2023-12-10T16:00:00Z,492357000.0,,2179033f-497c-4c7d-be1b-3b5ff0e5af3a,OrderRole.Standalone,OrderType.Market,_default,,PositionEffect.Close,,492357000.0,False,,OrderSide.Sell,OrderStatus.Filled,300502.SZ,,TimeInForce.GTC,,,,1702310400000000000,2023-12-11T16:00:00Z
78.921,52062526.359,1702224000000000000,2023-12-10T16:00:00Z,263871600.0,,39b73844-60b6-4cef-b3dd-635f2a3515a7,OrderRole.Standalone,OrderType.Market,_default,,PositionEffect.Close,,263871600.0,False,,OrderSide.Sell,OrderStatus.Filled,601127.SH,,TimeInForce.GTC,,,,1702310400000000000,2023-12-11T16:00:00Z
15.59439,51532258.2404175,1702224000000000000,2023-12-10T16:00:00Z,1321815300.0,,1b8705c1-590a-4daa-8fa5-6afb76b09c42,OrderRole.Standalone,OrderType.Market,_default,,PositionEffect.Close,,1321815300.0,False,,OrderSide.Sell,OrderStatus.Filled,601138.SH,,TimeInForce.GTC,,,,1702310400000000000,2023-12-11T16:00:00Z
167.832,66090101.742,1702224000000000000,2023-12-10T16:00:00Z,157514900.0,,64c32600-367e-4f5b-9dad-f1f0b5a8fc0d,OrderRole.Standalone,OrderType.Market,_default,,PositionEffect.Close,,157514900.0,False,,OrderSide.Sell,OrderStatus.Filled,688256.SH,,TimeInForce.GTC,,,,1702310400000000000,2023-12-11T16:00:00Z
131.24111,127695500.17224,1702224000000000000,2023-12-10T16:00:00Z,389193600.0,,08bc8ba5-b1c3-4aec-87ce-e021586f639d,OrderRole.Standalone,OrderType.Market,_default,,PositionEffect.Open,,389193600.0,False,,OrderSide.Buy,OrderStatus.Filled,688506.SH,,TimeInForce.GTC,,,,1702310400000000000,2023-12-11T16:00:00Z
9.98998,105046218.11684,1702224000000000000,2023-12-10T16:00:00Z,4206063200.0,,8c9c1204-3d61-438a-aa69-e6e0b8008422,OrderRole.Standalone,OrderType.Market,_default,,PositionEffect.Open,,4206063200.0,False,,OrderSide.Buy,OrderStatus.Filled,001965.SZ,,TimeInForce.GTC,,,,1702310400000000000,2023-12-11T16:00:00Z
46.5465,105981504.754125,1702224000000000000,2023-12-10T16:00:00Z,910758100.0,,d379d4d7-63c2-4213-89e4-698cf02c2a12,OrderRole.Standalone,OrderType.Market,_default,,PositionEffect.Open,,910758100.0,False,,OrderSide.Buy,OrderStatus.Filled,302132.SZ,,TimeInForce.GTC,,,,1702310400000000000,2023-12-11T16:00:00Z
120.24012,45366867.81627,1702224000000000000,2023-12-10T16:00:00Z,150920900.0,,3f1f24e7-4208-4da5-936b-96c98f3dfa7f,OrderRole.Standalone,OrderType.Market,_default,,PositionEffect.Open,,150920900.0,False,,OrderSide.Buy,OrderStatus.Filled,300308.SZ,,TimeInForce.GTC,,,,1702310400000000000,2023-12-11T16:00:00Z
103.103,37973737.05125,1702224000000000000,2023-12-10T16:00:00Z,147323500.0,,bd498004-1fef-4ae0-ba52-42b70dadcbc8,OrderRole.Standalone,OrderType.Market,_default,,PositionEffect.Open,,147323500.0,False,,OrderSide.Buy,OrderStatus.Filled,300394.SZ,,TimeInForce.GTC,,,,1702310400000000000,2023-12-11T16:00:00Z
114.03585,100898463.9366,1702310400000000000,2023-12-11T16:00:00Z,353918400.0,,dd81f61e-62bc-4f57-9cd4-e73978b1b1a0,OrderRole.Standalone,OrderType.Market,_default,,PositionEffect.Close,,353918400.0,False,,OrderSide.Sell,OrderStatus.Filled,300308.SZ,,TimeInForce.GTC,,,,1702396800000000000,2023-12-12T16:00:00Z
102.897,104978863.5525,1702310400000000000,2023-12-11T16:00:00Z,408093000.0,,c5a314fa-8f34-4aa6-bd8e-7d6c70bafd13,OrderRole.Standalone,OrderType.Market,_default,,PositionEffect.Close,,408093000.0,False,,OrderSide.Sell,OrderStatus.Filled,300394.SZ,,TimeInForce.GTC,,,,1702396800000000000,2023-12-12T16:00:00Z
10.04994,105676706.99052,1704729600000000000,2024-01-08T16:00:00Z,4206063200.0,,20eeef86-97ce-4030-b600-e6c367828b34,OrderRole.Standalone,OrderType.Market,_default,,PositionEffect.Close,,4206063200.0,False,,OrderSide.Sell,OrderStatus.Filled,001965.SZ,,TimeInForce.GTC,,,,1704816000000000000,2024-01-09T16:00:00Z
39.54042,90029394.481005,1704729600000000000,2024-01-08T16:00:00Z,910758100.0,,41655528-6425-41ea-b306-9a5fe283f433,OrderRole.Standalone,OrderType.Market,_default,,PositionEffect.Close,,910758100.0,False,,OrderSide.Sell,OrderStatus.Filled,302132.SZ,,TimeInForce.GTC,,,,1704816000000000000,2024-01-09T16:00:00Z
126.65322,123231556.60848,1704729600000000000,2024-01-08T16:00:00Z,389193600.0,,155ae7f7-5a28-45db-9bd5-3bfe6f022df9,OrderRole.Standalone,OrderType.Market,_default,,PositionEffect.Close,,389193600.0,False,,OrderSide.Sell,OrderStatus.Filled,688506.SH,,TimeInForce.GTC,,,,1704816000000000000,2024-01-09T16:00:00Z
26.8268,101025711.4867,1704729600000000000,2024-01-08T16:00:00Z,1506340100.0,,be7e9da6-204f-4085-b84a-d0711c69baa2,OrderRole.Standalone,OrderType.Market,_default,,PositionEffect.Open,,1506340100.0,False,,OrderSide.Buy,OrderStatus.Filled,000408.SZ,,TimeInForce.GTC,,,,1704816000000000000,2024-01-09T16:00:00Z
159.159,100895028.234,1704729600000000000,2024-01-08T16:00:00Z,253570400.0,,d8b8094e-5a47-4bf0-8bce-cfa72345a61f,OrderRole.Standalone,OrderType.Market,_default,,PositionEffect.Open,,253570400.0,False,,OrderSide.Buy,OrderStatus.Filled,000568.SZ,,TimeInForce.GTC,,,,1704816000000000000,2024-01-09T16:00:00Z
55.04499,100998598.0778775,1704729600000000000,2024-01-08T16:00:00Z,733934900.0,,834fa90a-c068-4ad6-8a35-2f0b34c58556,OrderRole.Standalone,OrderType.Market,_default,,PositionEffect.Open,,733934900.0,False,,OrderSide.Buy,OrderStatus.Filled,002466.SZ,,TimeInForce.GTC,,,,1704816000000000000,2024-01-09T16:00:00Z
280.0798,100697230.5339,1704729600000000000,2024-01-08T16:00:00Z,143812200.0,,b51e711a-e66c-40e4-a478-0a5430a2a194,OrderRole.Standalone,OrderType.Market,_default,,PositionEffect.Open,,143812200.0,False,,OrderSide.Buy,OrderStatus.Filled,300760.SZ,,TimeInForce.GTC,,,,1704816000000000000,2024-01-09T16:00:00Z
1642.7411,101408461.529375,1704729600000000000,2024-01-08T16:00:00Z,24692500.0,,04ce47d6-8226-42ef-afb1-ce0cd4ddba13,OrderRole.Standalone,OrderType.Market,_default,,PositionEffect.Open,,24692500.0,False,,OrderSide.Buy,OrderStatus.Filled,600519.SH,,TimeInForce.GTC,,,,1704816000000000000,2024-01-09T16:00:00Z
25.34463,95444081.2216575,1707148800000000000,2024-02-05T16:00:00Z,1506340100.0,,97502d49-7cf5-4180-954d-f2256f5eb711,OrderRole.Standalone,OrderType.Market,_default,,PositionEffect.Close,,1506340100.0,False,,OrderSide.Sell,OrderStatus.Filled,000408.SZ,,TimeInForce.GTC,,,,1707235200000000000,2024-02-06T16:00:00Z
155.53431,98597243.00106,1707148800000000000,2024-02-05T16:00:00Z,253570400.0,,187e6681-b4e6-43cc-85a3-781d9354ce45,OrderRole.Standalone,OrderType.Market,_default,,PositionEffect.Close,,253570400.0,False,,OrderSide.Sell,OrderStatus.Filled,000568.SZ,,TimeInForce.GTC,,,,1707235200000000000,2024-02-06T16:00:00Z
44.90505,82393458.4531125,1707148800000000000,2024-02-05T16:00:00Z,733934900.0,,b5b4c24f-a2bc-42c0-b34a-aa5565889b63,OrderRole.Standalone,OrderType.Market,_default,,PositionEffect.Close,,733934900.0,False,,OrderSide.Sell,OrderStatus.Filled,002466.SZ,,TimeInForce.GTC,,,,1707235200000000000,2024-02-06T16:00:00Z
292.16754,105043141.73997,1707148800000000000,2024-02-05T16:00:00Z,143812200.0,,9531f9ae-2004-46b7-8e57-b108eaae4903,OrderRole.Standalone,OrderType.Market,_default,,PositionEffect.Close,,143812200.0,False,,OrderSide.Sell,OrderStatus.Filled,300760.SZ,,TimeInForce.GTC,,,,1707235200000000000,2024-02-06T16:00:00Z
1679.34897,103668311.1043125,1707148800000000000,2024-02-05T16:00:00Z,24692500.0,,2ecdb292-6c1d-47b1-a173-f4e0c2486a5e,OrderRole.Standalone,OrderType.Market,_default,,PositionEffect.Close,,24692500.0,False,,OrderSide.Sell,OrderStatus.Filled,600519.SH,,TimeInForce.GTC,,,,1707235200000000000,2024-02-06T16:00:00Z
63.4634,49633915.98165,1707148800000000000,2024-02-05T16:00:00Z,312834900.0,,505ede4d-34b9-4c2e-9ea7-d434113320d2,OrderRole.Standalone,OrderType.Market,_default,,PositionEffect.Open,,312834900.0,False,,OrderSide.Buy,OrderStatus.Filled,601127.SH,,TimeInForce.GTC,,,,1707235200000000000,2024-02-06T16:00:00Z
111.64153,48454238.19486249,1707148800000000000,2024-02-05T16:00:00Z,173606500.0,,e4fdb2c7-1703-41c9-a059-e1a72d7c9192,OrderRole.Standalone,OrderType.Market,_default,,PositionEffect.Open,,173606500.0,False,,OrderSide.Buy,OrderStatus.Filled,688256.SH,,TimeInForce.GTC,,,,1707235200000000000,2024-02-06T16:00:00Z
115.99588,47238742.1506,1707148800000000000,2024-02-05T16:00:00Z,162898000.0,,e015e70f-c93d-4636-88f5-060c82b8f911,OrderRole.Standalone,OrderType.Market,_default,,PositionEffect.Open,,162898000.0,False,,OrderSide.Buy,OrderStatus.Filled,688506.SH,,TimeInForce.GTC,,,,1707235200000000000,2024-02-06T16:00:00Z
28.73871,47614316.2820325,1707148800000000000,2024-02-05T16:00:00Z,662720300.0,,a5895cce-ccb1-4a49-97e8-43b467a8f504,OrderRole.Standalone,OrderType.Market,_default,,PositionEffect.Open,,662720300.0,False,,OrderSide.Buy,OrderStatus.Filled,000977.SZ,,TimeInForce.GTC,,,,1707235200000000000,2024-02-06T16:00:00Z
123.2231,47622247.097425,1707148800000000000,2024-02-05T16:00:00Z,154588700.0,,b1ed0c69-0b4d-45e5-8bd8-70f59cef77b7,OrderRole.Standalone,OrderType.Market,_default,,PositionEffect.Open,,154588700.0,False,,OrderSide.Buy,OrderStatus.Filled,300308.SZ,,TimeInForce.GTC,,,,1707235200000000000,2024-02-06T16:00:00Z
113.06295,47656853.1313875,1707148800000000000,2024-02-05T16:00:00Z,168602900.0,,01d98550-4531-4c3a-ad80-59a378cf3ecb,OrderRole.Standalone,OrderType.Market,_default,,PositionEffect.Open,,168602900.0,False,,OrderSide.Buy,OrderStatus.Filled,300394.SZ,,TimeInForce.GTC,,,,1707235200000000000,2024-02-06T16:00:00Z
31.01098,47893458.297685,1707148800000000000,2024-02-05T16:00:00Z,617761300.0,,263b49ae-b24f-478a-8378-f11de212db81,OrderRole.Standalone,OrderType.Market,_default,,PositionEffect.Open,,617761300.0,False,,OrderSide.Buy,OrderStatus.Filled,300418.SZ,,TimeInForce.GTC,,,,1707235200000000000,2024-02-06T16:00:00Z
51.34129,47835218.976545,1707148800000000000,2024-02-05T16:00:00Z,372684200.0,,abd65289-89f7-4ca7-81f4-34878bdb2132,OrderRole.Standalone,OrderType.Market,_default,,PositionEffect.Open,,372684200.0,False,,OrderSide.Buy,OrderStatus.Filled,300502.SZ,,TimeInForce.GTC,,,,1707235200000000000,2024-02-06T16:00:00Z
31.77174,47546877.543165,1707148800000000000,2024-02-05T16:00:00Z,598605900.0,,c4c93290-e761-4292-8854-37c3615f44f5,OrderRole.Standalone,OrderType.Market,_default,,PositionEffect.Open,,598605900.0,False,,OrderSide.Buy,OrderStatus.Filled,301236.SZ,,TimeInForce.GTC,,,,1707235200000000000,2024-02-06T16:00:00Z
36.8368,48310864.602,1707148800000000000,2024-02-05T16:00:00Z,524593500.0,,21d06c6c-0777-46d8-bbee-6e32b1f4f0ab,OrderRole.Standalone,OrderType.Market,_default,,PositionEffect.Open,,524593500.0,False,,OrderSide.Buy,OrderStatus.Filled,302132.SZ,,TimeInForce.GTC,,,,1707235200000000000,2024-02-06T16:00:00Z
39.14082,64848539.931615,1710259200000000000,2024-03-12T16:00:00Z,662720300.0,,906f4db1-c743-418d-8ad8-0cf9d76e268b,OrderRole.Standalone,OrderType.Market,_default,,PositionEffect.Close,,662720300.0,False,,OrderSide.Sell,OrderStatus.Filled,000977.SZ,,TimeInForce.GTC,,,,1710345600000000000,2024-03-13T16:00:00Z
41.41854,1246470.25203,1710259200000000000,2024-03-12T16:00:00Z,12037800.0,,579a958d-03d2-4a6c-9871-a6a3c3d38883,OrderRole.Standalone,OrderType.Market,_default,,PositionEffect.Close,,12037800.0,False,,OrderSide.Sell,OrderStatus.Filled,300418.SZ,,TimeInForce.GTC,,,,1710345600000000000,2024-03-13T16:00:00Z
51.73821,14557838.83875,1710259200000000000,2024-03-12T16:00:00Z,112550000.0,,e64387a9-81f2-4335-a3f9-24b8d9c197df,OrderRole.Standalone,OrderType.Market,_default,,PositionEffect.Close,,112550000.0,False,,OrderSide.Sell,OrderStatus.Filled,301236.SZ,,TimeInForce.GTC,,,,1710345600000000000,2024-03-13T16:00:00Z
42.5574,55813338.54225,1710259200000000000,2024-03-12T16:00:00Z,524593500.0,,dd2ab3e5-0ced-4abe-93ec-a6f16e909c43,OrderRole.Standalone,OrderType.Market,_default,,PositionEffect.Close,,524593500.0,False,,OrderSide.Sell,OrderStatus.Filled,302132.SZ,,TimeInForce.GTC,,,,1710345600000000000,2024-03-13T16:00:00Z
102.03786,15933517.95258,1710259200000000000,2024-03-12T16:00:00Z,62461200.0,,0d1b1ded-62b2-4808-b6c4-4cde3e07b05a,OrderRole.Standalone,OrderType.Market,_default,,PositionEffect.Close,,62461200.0,False,,OrderSide.Sell,OrderStatus.Filled,601127.SH,,TimeInForce.GTC,,,,1710345600000000000,2024-03-13T16:00:00Z
166.49334,10340152.12737,1710259200000000000,2024-03-12T16:00:00Z,24842200.0,,b44b6de0-aeff-4576-bac5-56f849bb0444,OrderRole.Standalone,OrderType.Market,_default,,PositionEffect.Close,,24842200.0,False,,OrderSide.Sell,OrderStatus.Filled,688256.SH,,TimeInForce.GTC,,,,1710345600000000000,2024-03-13T16:00:00Z
134.865,54923096.925,1710259200000000000,2024-03-12T16:00:00Z,162898000.0,,fb52c4d5-aad2-4c70-98ac-1ec5846c8520,OrderRole.Standalone,OrderType.Market,_default,,PositionEffect.Close,,162898000.0,False,,OrderSide.Sell,OrderStatus.Filled,688506.SH,,TimeInForce.GTC,,,,1710345600000000000,2024-03-13T16:00:00Z
26.03601,62080236.20799,1710259200000000000,2024-03-12T16:00:00Z,953759600.0,,bf23a78f-1a2e-4e3c-8973-d66dba50fe65,OrderRole.Standalone,OrderType.Market,_default,,PositionEffect.Open,,953759600.0,False,,OrderSide.Buy,OrderStatus.Filled,300476.SZ,,TimeInForce.GTC,,,,1710345600000000000,2024-03-13T16:00:00Z
22.79277,59703649.5530475,1710259200000000000,2024-03-12T16:00:00Z,1047764700.0,,206b6ee4-0187-4993-8ca1-b62fe09aa235,OrderRole.Standalone,OrderType.Market,_default,,PositionEffect.Open,,1047764700.0,False,,OrderSide.Buy,OrderStatus.Filled,601138.SH,,TimeInForce.GTC,,,,1710345600000000000,2024-03-13T16:00:00Z
9.25925,62231796.5644375,1710259200000000000,2024-03-12T16:00:00Z,2688416300.0,,13a98c76-ae71-4c44-aa71-503f331c1b99,OrderRole.Standalone,OrderType.Market,_default,,PositionEffect.Open,,2688416300.0,False,,OrderSide.Buy,OrderStatus.Filled,688183.SH,,TimeInForce.GTC,,,,1710345600000000000,2024-03-13T16:00:00Z
135.135,5908102.2,1710259200000000000,2024-03-12T16:00:00Z,17488000.0,,f8924b9e-b786-40d0-ae41-4cebff46f596,OrderRole.Standalone,OrderType.Market,_default,,PositionEffect.Open,,17488000.0,False,,OrderSide.Buy,OrderStatus.Filled,300394.SZ,,TimeInForce.GTC,,,,1710345600000000000,2024-03-13T16:00:00Z
64.90484,1752106.1558,1710259200000000000,2024-03-12T16:00:00Z,10798000.0,,46a8c025-410a-480f-8c50-8031fea2d6b8,OrderRole.Standalone,OrderType.Market,_default,,PositionEffect.Open,,10798000.0,False,,OrderSide.Buy,OrderStatus.Filled,300502.SZ,,TimeInForce.GTC,,,,1710345600000000000,2024-03-13T16:00:00Z
162.162,14554.0395,1710259200000000000,2024-03-12T16:00:00Z,35900.0,,f9f476d4-4d9b-4462-9def-c62dca0571cf,OrderRole.Standalone,OrderType.Market,_default,,PositionEffect.Open,,35900.0,False,,OrderSide.Buy,OrderStatus.Filled,300308.SZ,,TimeInForce.GTC,,,,1710345600000000000,2024-03-13T16:00:00Z
166.833,64491214.7295,1710345600000000000,2024-03-13T16:00:00Z,154624600.0,,d666223e-d716-4dfc-b1fc-16b44174c400,OrderRole.Standalone,OrderType.Market,_default,,PositionEffect.Close,,154624600.0,False,,OrderSide.Sell,OrderStatus.Filled,300308.SZ,,TimeInForce.GTC,,,,1710432000000000000,2024-03-14T16:00:00Z
146.6532,68227064.9397,1710345600000000000,2024-03-13T16:00:00Z,186090900.0,,2ccb80ef-5d47-42d8-b957-5a37aacdc47d,OrderRole.Standalone,OrderType.Market,_default,,PositionEffect.Close,,186090900.0,False,,OrderSide.Sell,OrderStatus.Filled,300394.SZ,,TimeInForce.GTC,,,,1710432000000000000,2024-03-14T16:00:00Z
40.6593,61570733.758875,1710345600000000000,2024-03-13T16:00:00Z,605723500.0,,9981e629-c0cb-45ce-a839-4dfa2a878723,OrderRole.Standalone,OrderType.Market,_default,,PositionEffect.Close,,605723500.0,False,,OrderSide.Sell,OrderStatus.Filled,300418.SZ,,TimeInForce.GTC,,,,1710432000000000000,2024-03-14T16:00:00Z
66.6333,63881711.19315,1710345600000000000,2024-03-13T16:00:00Z,383482200.0,,0de86916-b725-4e3f-af38-1e1b4ea83d0e,OrderRole.Standalone,OrderType.Market,_default,,PositionEffect.Close,,383482200.0,False,,OrderSide.Sell,OrderStatus.Filled,300502.SZ,,TimeInForce.GTC,,,,1710432000000000000,2024-03-14T16:00:00Z
53.1468,64580789.2653,1710345600000000000,2024-03-13T16:00:00Z,486055900.0,,2a951867-37cc-4d62-8780-5fbcd657bc59,OrderRole.Standalone,OrderType.Market,_default,,PositionEffect.Close,,486055900.0,False,,OrderSide.Sell,OrderStatus.Filled,301236.SZ,,TimeInForce.GTC,,,,1710432000000000000,2024-03-14T16:00:00Z
98.4015,61592869.101375,1710345600000000000,2024-03-13T16:00:00Z,250373700.0,,d22cb579-719d-4c62-94bc-8f335ccf9b2c,OrderRole.Standalone,OrderType.Market,_default,,PositionEffect.Close,,250373700.0,False,,OrderSide.Sell,OrderStatus.Filled,601127.SH,,TimeInForce.GTC,,,,1710432000000000000,2024-03-14T16:00:00Z
171.05877,63618595.4447775,1710345600000000000,2024-03-13T16:00:00Z,148764300.0,,c81b947b-205f-4768-8d2d-2bd779ba8d95,OrderRole.Standalone,OrderType.Market,_default,,PositionEffect.Close,,148764300.0,False,,OrderSide.Sell,OrderStatus.Filled,688256.SH,,TimeInForce.GTC,,,,1710432000000000000,2024-03-14T16:00:00Z
23.7762,56691947.5038,1712851200000000000,2024-04-11T16:00:00Z,953759600.0,,ec4596b2-8101-4ac7-9405-fadeb0966068,OrderRole.Standalone,OrderType.Market,_default,,PositionEffect.Close,,953759600.0,False,,OrderSide.Sell,OrderStatus.Filled,300476.SZ,,TimeInForce.GTC,,,,1713110400000000000,2024-04-14T16:00:00Z
10.05993,67613199.4721475,1712851200000000000,2024-04-11T16:00:00Z,2688416300.0,,338bad3b-fb07-4dd7-8bd3-c353b97cee23,OrderRole.Standalone,OrderType.Market,_default,,PositionEffect.Close,,2688416300.0,False,,OrderSide.Sell,OrderStatus.Filled,688183.SH,,TimeInForce.GTC,,,,1713110400000000000,2024-04-14T16:00:00Z
167.95779,63372825.57606,1712851200000000000,2024-04-11T16:00:00Z,150925600.0,,cb0bf9e6-cf80-4f21-bf1e-ea6ad23fb32c,OrderRole.Standalone,OrderType.Market,_default,,PositionEffect.Open,,150925600.0,False,,OrderSide.Buy,OrderStatus.Filled,300308.SZ,,TimeInForce.GTC,,,,1713110400000000000,2024-04-14T16:00:00Z
167.80764,63889654.48866,1712851200000000000,2024-04-11T16:00:00Z,152292600.0,,61f84a52-441d-436a-bd64-ee539c05ce14,OrderRole.Standalone,OrderType.Market,_default,,PositionEffect.Open,,152292600.0,False,,OrderSide.Buy,OrderStatus.Filled,300394.SZ,,TimeInForce.GTC,,,,1713110400000000000,2024-04-14T16:00:00Z
68.9689,63402351.1121,1712851200000000000,2024-04-11T16:00:00Z,367715600.0,,d936333a-1fd3-4c44-a43a-5a8676e7e38b,OrderRole.Standalone,OrderType.Market,_default,,PositionEffect.Open,,367715600.0,False,,OrderSide.Buy,OrderStatus.Filled,300502.SZ,,TimeInForce.GTC,,,,1713110400000000000,2024-04-14T16:00:00Z
43.23319,63733136.552085,1712851200000000000,2024-04-11T16:00:00Z,589668600.0,,54fae022-2835-4649-a2f4-22b1dba0e290,OrderRole.Standalone,OrderType.Market,_default,,PositionEffect.Open,,589668600.0,False,,OrderSide.Buy,OrderStatus.Filled,301236.SZ,,TimeInForce.GTC,,,,1713110400000000000,2024-04-14T16:00:00Z
22.89287,63982458.21968,1712851200000000000,2024-04-11T16:00:00Z,1117945600.0,,d9596354-db65-4cc9-9363-18924ae71bf6,OrderRole.Standalone,OrderType.Market,_default,,PositionEffect.Open,,1117945600.0,False,,OrderSide.Buy,OrderStatus.Filled,600066.SH,,TimeInForce.GTC,,,,1713110400000000000,2024-04-14T16:00:00Z
5.29529,63954484.52393,1712851200000000000,2024-04-11T16:00:00Z,4831046800.0,,2c9d4f67-fb62-4c13-a2b8-aac365d81799,OrderRole.Standalone,OrderType.Market,_default,,PositionEffect.Open,,4831046800.0,False,,OrderSide.Buy,OrderStatus.Filled,600795.SH,,TimeInForce.GTC,,,,1713110400000000000,2024-04-14T16:00:00Z
29.10908,63691656.74872,1712851200000000000,2024-04-11T16:00:00Z,875213600.0,,1162bd58-828d-41bb-9423-44a632f62921,OrderRole.Standalone,OrderType.Market,_default,,PositionEffect.Open,,875213600.0,False,,OrderSide.Buy,OrderStatus.Filled,600938.SH,,TimeInForce.GTC,,,,1713110400000000000,2024-04-14T16:00:00Z
89.89981,63961602.169465,1712851200000000000,2024-04-11T16:00:00Z,284590600.0,,0c6e3e79-8377-452a-b660-7081dcad6fc7,OrderRole.Standalone,OrderType.Market,_default,,PositionEffect.Open,,284590600.0,False,,OrderSide.Buy,OrderStatus.Filled,601127.SH,,TimeInForce.GTC,,,,1713110400000000000,2024-04-14T16:00:00Z
10.18017,63331751.2402575,1712851200000000000,2024-04-11T16:00:00Z,2488435900.0,,1228613a-ec27-4639-8053-5acd92a7bd5f,OrderRole.Standalone,OrderType.Market,_default,,PositionEffect.Open,,2488435900.0,False,,OrderSide.Buy,OrderStatus.Filled,601857.SH,,TimeInForce.GTC,,,,1713110400000000000,2024-04-14T16:00:00Z
21.90188,5492673.92674,1712851200000000000,2024-04-11T16:00:00Z,100314200.0,,892c4c8d-ffbd-4740-898d-978d1ef43967,OrderRole.Standalone,OrderType.Market,_default,,PositionEffect.Open,,100314200.0,False,,OrderSide.Buy,OrderStatus.Filled,601138.SH,,TimeInForce.GTC,,,,1713110400000000000,2024-04-14T16:00:00Z
21.50847,61733551.44570749,1713110400000000000,2024-04-14T16:00:00Z,1148078900.0,,4392bb56-6fde-4002-a0d8-79733868653e,OrderRole.Standalone,OrderType.Market,_default,,PositionEffect.Close,,1148078900.0,False,,OrderSide.Sell,OrderStatus.Filled,601138.SH,,TimeInForce.GTC,,,,1713196800000000000,2024-04-15T16:00:00Z
83.88603,77115504.63267,1715702400000000000,2024-05-14T16:00:00Z,367715600.0,,6b2ccc85-af8d-4a27-a437-2347e3cfae4f,OrderRole.Standalone,OrderType.Market,_default,,PositionEffect.Close,,367715600.0,False,,OrderSide.Sell,OrderStatus.Filled,300502.SZ,,TimeInForce.GTC,,,,1715788800000000000,2024-05-15T16:00:00Z
39.67029,58480810.914735,1715702400000000000,2024-05-14T16:00:00Z,589668600.0,,0c11a860-d440-4177-b0ef-13d63cef517c,OrderRole.Standalone,OrderType.Market,_default,,PositionEffect.Close,,589668600.0,False,,OrderSide.Sell,OrderStatus.Filled,301236.SZ,,TimeInForce.GTC,,,,1715788800000000000,2024-05-15T16:00:00Z
27.05292,75609232.20288,1715702400000000000,2024-05-14T16:00:00Z,1117945600.0,,b506db1b-3eba-4643-9cd6-2eafb876c28f,OrderRole.Standalone,OrderType.Market,_default,,PositionEffect.Close,,1117945600.0,False,,OrderSide.Sell,OrderStatus.Filled,600066.SH,,TimeInForce.GTC,,,,1715788800000000000,2024-05-15T16:00:00Z
5.2947,63947358.7299,1715702400000000000,2024-05-14T16:00:00Z,4831046800.0,,27d6870a-b7a4-4f26-802a-5f99c5cc02e7,OrderRole.Standalone,OrderType.Market,_default,,PositionEffect.Close,,4831046800.0,False,,OrderSide.Sell,OrderStatus.Filled,600795.SH,,TimeInForce.GTC,,,,1715788800000000000,2024-05-15T16:00:00Z
28.30167,61925016.21678,1715702400000000000,2024-05-14T16:00:00Z,875213600.0,,68b8c4ee-7a19-4d12-b784-c9d266ff9b41,OrderRole.Standalone,OrderType.Market,_default,,PositionEffect.Close,,875213600.0,False,,OrderSide.Sell,OrderStatus.Filled,600938.SH,,TimeInForce.GTC,,,,1715788800000000000,2024-05-15T16:00:00Z
85.60431,60905454.863715,1715702400000000000,2024-05-14T16:00:00Z,284590600.0,,5ef4b7ea-5488-495e-87ca-312bf2191856,OrderRole.Standalone,OrderType.Market,_default,,PositionEffect.Close,,284590600.0,False,,OrderSide.Sell,OrderStatus.Filled,601127.SH,,TimeInForce.GTC,,,,1715788800000000000,2024-05-15T16:00:00Z
9.91008,61651497.10968,1715702400000000000,2024-05-14T16:00:00Z,2488435900.0,,bb055c54-58a6-43f8-9545-567a7ea232b5,OrderRole.Standalone,OrderType.Market,_default,,PositionEffect.Close,,2488435900.0,False,,OrderSide.Sell,OrderStatus.Filled,601857.SH,,TimeInForce.GTC,,,,1715788800000000000,2024-05-15T16:00:00Z
10.7107,66080557.99345,1715702400000000000,2024-05-14T16:00:00Z,2467833400.0,,fc9987ff-a8e9-4cb0-a39f-448aef94d112,OrderRole.Standalone,OrderType.Market,_default,,PositionEffect.Open,,2467833400.0,False,,OrderSide.Buy,OrderStatus.Filled,688183.SH,,TimeInForce.GTC,,,,1715788800000000000,2024-05-15T16:00:00Z
193.6935,63543283.3035,1715702400000000000,2024-05-14T16:00:00Z,131224400.0,,73e58dc1-e1d0-4887-981d-12b428fab6e1,OrderRole.Standalone,OrderType.Market,_default,,PositionEffect.Open,,131224400.0,False,,OrderSide.Buy,OrderStatus.Filled,688506.SH,,TimeInForce.GTC,,,,1715788800000000000,2024-05-15T16:00:00Z
20.26024,63702297.2586,1715702400000000000,2024-05-14T16:00:00Z,1257681000.0,,7e5e6754-0ba9-4a22-8ed0-8f126f860856,OrderRole.Standalone,OrderType.Market,_default,,PositionEffect.Open,,1257681000.0,False,,OrderSide.Buy,OrderStatus.Filled,002001.SZ,,TimeInForce.GTC,,,,1715788800000000000,2024-05-15T16:00:00Z
24.98496,64015889.85792,1715702400000000000,2024-05-14T16:00:00Z,1024870800.0,,561c715e-ac83-450e-a43a-5d4eb307e9db,OrderRole.Standalone,OrderType.Market,_default,,PositionEffect.Open,,1024870800.0,False,,OrderSide.Buy,OrderStatus.Filled,002142.SZ,,TimeInForce.GTC,,,,1715788800000000000,2024-05-15T16:00:00Z
57.057,63845770.23825,1715702400000000000,2024-05-14T16:00:00Z,447592900.0,,224038fe-087e-4ae5-9ccb-fe451aa09985,OrderRole.Standalone,OrderType.Market,_default,,PositionEffect.Open,,447592900.0,False,,OrderSide.Buy,OrderStatus.Filled,300347.SZ,,TimeInForce.GTC,,,,1715788800000000000,2024-05-15T16:00:00Z
37.45742,64405009.003335,1715702400000000000,2024-05-14T16:00:00Z,687767700.0,,b4523322-caff-4b33-8cf9-bb6fa054ed37,OrderRole.Standalone,OrderType.Market,_default,,PositionEffect.Open,,687767700.0,False,,OrderSide.Buy,OrderStatus.Filled,300418.SZ,,TimeInForce.GTC,,,,1715788800000000000,2024-05-15T16:00:00Z
29.37935,64480739.7234,1715702400000000000,2024-05-14T16:00:00Z,877905600.0,,52b1958f-2a59-4dbd-a1aa-0e300693a93c,OrderRole.Standalone,OrderType.Market,_default,,PositionEffect.Open,,877905600.0,False,,OrderSide.Buy,OrderStatus.Filled,300442.SZ,,TimeInForce.GTC,,,,1715788800000000000,2024-05-15T16:00:00Z
7.58758,63817964.995785,1715702400000000000,2024-05-14T16:00:00Z,3364338300.0,,5c273f95-b7bb-49ec-ae63-ea43ebf8ad9f,OrderRole.Standalone,OrderType.Market,_default,,PositionEffect.Open,,3364338300.0,False,,OrderSide.Buy,OrderStatus.Filled,601229.SH,,TimeInForce.GTC,,,,1715788800000000000,2024-05-15T16:00:00Z
139.24911,12468400.1216775,1715702400000000000,2024-05-14T16:00:00Z,35816100.0,,d1c647d9-c4ba-4f50-9d20-cf0894d6cc29,OrderRole.Standalone,OrderType.Market,_default,,PositionEffect.Open,,35816100.0,False,,OrderSide.Buy,OrderStatus.Filled,300394.SZ,,TimeInForce.GTC,,,,1715788800000000000,2024-05-15T16:00:00Z
172.15198,769476.312605,1715702400000000000,2024-05-14T16:00:00Z,1787900.0,,855d7c64-4425-4fc0-9859-e865bd9603db,OrderRole.Standalone,OrderType.Market,_default,,PositionEffect.Open,,1787900.0,False,,OrderSide.Buy,OrderStatus.Filled,300308.SZ,,TimeInForce.GTC,,,,1715788800000000000,2024-05-15T16:00:00Z
167.6322,63999249.93675,1715788800000000000,2024-05-15T16:00:00Z,152713500.0,,5a78584a-d284-4665-9502-9515dbec997b,OrderRole.Standalone,OrderType.Market,_default,,PositionEffect.Close,,152713500.0,False,,OrderSide.Sell,OrderStatus.Filled,300308.SZ,,TimeInForce.GTC,,,,1715875200000000000,2024-05-16T16:00:00Z
132.87699,62488294.6220325,1715788800000000000,2024-05-15T16:00:00Z,188108700.0,,bdc2f01b-4e6e-4dd1-a3de-b6b17d2731f7,OrderRole.Standalone,OrderType.Market,_default,,PositionEffect.Close,,188108700.0,False,,OrderSide.Sell,OrderStatus.Filled,300394.SZ,,TimeInForce.GTC,,,,1715875200000000000,2024-05-16T16:00:00Z
18.61137,58517916.082425,1718208000000000000,2024-06-12T16:00:00Z,1257681000.0,,6c61911e-14a5-4dcc-8c36-5bf3f5a6f790,OrderRole.Standalone,OrderType.Market,_default,,PositionEffect.Close,,1257681000.0,False,,OrderSide.Sell,OrderStatus.Filled,002001.SZ,,TimeInForce.GTC,,,,1718294400000000000,2024-06-13T16:00:00Z
22.25772,57028218.25644,1718208000000000000,2024-06-12T16:00:00Z,1024870800.0,,5f81bb4d-dcf6-4388-8661-ec76166f4cb6,OrderRole.Standalone,OrderType.Market,_default,,PositionEffect.Close,,1024870800.0,False,,OrderSide.Sell,OrderStatus.Filled,002142.SZ,,TimeInForce.GTC,,,,1718294400000000000,2024-06-13T16:00:00Z
57.0429,63829992.588525,1718208000000000000,2024-06-12T16:00:00Z,447592900.0,,28ab9ed1-0406-40e2-a9b0-ca3835a0c519,OrderRole.Standalone,OrderType.Market,_default,,PositionEffect.Close,,447592900.0,False,,OrderSide.Sell,OrderStatus.Filled,300347.SZ,,TimeInForce.GTC,,,,1718294400000000000,2024-06-13T16:00:00Z
34.1658,58745334.21165,1718208000000000000,2024-06-12T16:00:00Z,687767700.0,,2e44fdad-6279-4535-a980-d7fa442320f3,OrderRole.Standalone,OrderType.Market,_default,,PositionEffect.Close,,687767700.0,False,,OrderSide.Sell,OrderStatus.Filled,300418.SZ,,TimeInForce.GTC,,,,1718294400000000000,2024-06-13T16:00:00Z
28.94103,63518730.76692,1718208000000000000,2024-06-12T16:00:00Z,877905600.0,,12b72ced-d24b-46ce-ab57-fd9cbfdb2a98,OrderRole.Standalone,OrderType.Market,_default,,PositionEffect.Close,,877905600.0,False,,OrderSide.Sell,OrderStatus.Filled,300442.SZ,,TimeInForce.GTC,,,,1718294400000000000,2024-06-13T16:00:00Z
7.50249,63102286.1309175,1718208000000000000,2024-06-12T16:00:00Z,3364338300.0,,d250167c-4bc2-409c-ac31-5b7318f9dbf9,OrderRole.Standalone,OrderType.Market,_default,,PositionEffect.Close,,3364338300.0,False,,OrderSide.Sell,OrderStatus.Filled,601229.SH,,TimeInForce.GTC,,,,1718294400000000000,2024-06-13T16:00:00Z
19.53045,120494742.067575,1718208000000000000,2024-06-12T16:00:00Z,2467833400.0,,32284e67-3a8a-4a3a-8e50-e54e16903e94,OrderRole.Standalone,OrderType.Market,_default,,PositionEffect.Close,,2467833400.0,False,,OrderSide.Sell,OrderStatus.Filled,688183.SH,,TimeInForce.GTC,,,,1718294400000000000,2024-06-13T16:00:00Z
209.38918,28516660.076905,1718208000000000000,2024-06-12T16:00:00Z,54475900.0,,9429254b-decd-4b99-a284-086588c63691,OrderRole.Standalone,OrderType.Market,_default,,PositionEffect.Open,,54475900.0,False,,OrderSide.Buy,OrderStatus.Filled,688506.SH,,TimeInForce.GTC,,,,1718294400000000000,2024-06-13T16:00:00Z
125.13501,97599864.42706499,1718208000000000000,2024-06-12T16:00:00Z,311982600.0,,a49f6330-a520-4a87-ab80-d0e342e60dde,OrderRole.Standalone,OrderType.Market,_default,,PositionEffect.Open,,311982600.0,False,,OrderSide.Buy,OrderStatus.Filled,300308.SZ,,TimeInForce.GTC,,,,1718294400000000000,2024-06-13T16:00:00Z
89.91983,96835811.4048325,1718208000000000000,2024-06-12T16:00:00Z,430765100.0,,1bad1f95-5ab8-4497-b9a2-86ce21dc175a,OrderRole.Standalone,OrderType.Market,_default,,PositionEffect.Open,,430765100.0,False,,OrderSide.Buy,OrderStatus.Filled,300394.SZ,,TimeInForce.GTC,,,,1718294400000000000,2024-06-13T16:00:00Z
95.58549,96385301.587575,1718208000000000000,2024-06-12T16:00:00Z,403347000.0,,03cffd6e-b7e8-40df-a0e9-8cebf9556f7f,OrderRole.Standalone,OrderType.Market,_default,,PositionEffect.Open,,403347000.0,False,,OrderSide.Buy,OrderStatus.Filled,300502.SZ,,TimeInForce.GTC,,,,1718294400000000000,2024-06-13T16:00:00Z
24.41439,96143489.396955,1718208000000000000,2024-06-12T16:00:00Z,1575193800.0,,b45f3107-bd34-4562-b237-b7cbca6c06f9,OrderRole.Standalone,OrderType.Market,_default,,PositionEffect.Open,,1575193800.0,False,,OrderSide.Buy,OrderStatus.Filled,600066.SH,,TimeInForce.GTC,,,,1718294400000000000,2024-06-13T16:00:00Z
22.79277,96492348.46251,1718208000000000000,2024-06-12T16:00:00Z,1693385200.0,,5dd34bb9-32dc-420b-b845-ff170e1da132,OrderRole.Standalone,OrderType.Market,_default,,PositionEffect.Open,,1693385200.0,False,,OrderSide.Buy,OrderStatus.Filled,600160.SH,,TimeInForce.GTC,,,,1718294400000000000,2024-06-13T16:00:00Z
8.03803,95742488.4891475,1718208000000000000,2024-06-12T16:00:00Z,4764475300.0,,dcb76407-f1ec-42fb-b4ec-7ead1b2b8f81,OrderRole.Standalone,OrderType.Market,_default,,PositionEffect.Open,,4764475300.0,False,,OrderSide.Buy,OrderStatus.Filled,603993.SH,,TimeInForce.GTC,,,,1718294400000000000,2024-06-13T16:00:00Z
195.93387,90962446.0979025,1718294400000000000,2024-06-13T16:00:00Z,185700300.0,,f5e2de3f-f2fe-4b72-b585-de98f3fe3290,OrderRole.Standalone,OrderType.Market,_default,,PositionEffect.Close,,185700300.0,False,,OrderSide.Sell,OrderStatus.Filled,688506.SH,,TimeInForce.GTC,,,,1718553600000000000,2024-06-16T16:00:00Z
147.96189,115403837.857785,1720627200000000000,2024-07-10T16:00:00Z,311982600.0,,94938434-7c66-4177-85a0-8676038486fa,OrderRole.Standalone,OrderType.Market,_default,,PositionEffect.Close,,311982600.0,False,,OrderSide.Sell,OrderStatus.Filled,300308.SZ,,TimeInForce.GTC,,,,1720713600000000000,2024-07-11T16:00:00Z
96.88302,104334559.496505,1720627200000000000,2024-07-10T16:00:00Z,430765100.0,,bfb7b72f-96fd-4d62-84d1-7181e8ffd47d,OrderRole.Standalone,OrderType.Market,_default,,PositionEffect.Close,,430765100.0,False,,OrderSide.Sell,OrderStatus.Filled,300394.SZ,,TimeInForce.GTC,,,,1720713600000000000,2024-07-11T16:00:00Z
111.3885,112320543.27375,1720627200000000000,2024-07-10T16:00:00Z,403347000.0,,0d441aa0-5cf1-4f19-a3ae-96ae23185f6b,OrderRole.Standalone,OrderType.Market,_default,,PositionEffect.Close,,403347000.0,False,,OrderSide.Sell,OrderStatus.Filled,300502.SZ,,TimeInForce.GTC,,,,1720713600000000000,2024-07-11T16:00:00Z
24.53544,96620182.42068,1720627200000000000,2024-07-10T16:00:00Z,1575193800.0,,ea50bb08-c8e7-4396-9dee-41cd265857e0,OrderRole.Standalone,OrderType.Market,_default,,PositionEffect.Close,,1575193800.0,False,,OrderSide.Sell,OrderStatus.Filled,600066.SH,,TimeInForce.GTC,,,,1720713600000000000,2024-07-11T16:00:00Z
23.62635,100021278.55005,1720627200000000000,2024-07-10T16:00:00Z,1693385200.0,,4e8ecd89-783b-41f3-bb4c-352b740e2b00,OrderRole.Standalone,OrderType.Market,_default,,PositionEffect.Close,,1693385200.0,False,,OrderSide.Sell,OrderStatus.Filled,600160.SH,,TimeInForce.GTC,,,,1720713600000000000,2024-07-11T16:00:00Z
8.991,107093493.55575,1720627200000000000,2024-07-10T16:00:00Z,4764475300.0,,e7c4baa9-99db-4d33-b3df-777a0015b5e8,OrderRole.Standalone,OrderType.Market,_default,,PositionEffect.Close,,4764475300.0,False,,OrderSide.Sell,OrderStatus.Filled,603993.SH,,TimeInForce.GTC,,,,1720713600000000000,2024-07-11T16:00:00Z
1.12112,146017841.5696,1720627200000000000,2024-07-10T16:00:00Z,52097132000.0,,0e3de992-2650-4c98-a8fe-dcb8e733f90d,OrderRole.Standalone,OrderType.Market,_default,,PositionEffect.Open,,52097132000.0,False,,OrderSide.Buy,OrderStatus.Filled,600221.SH,,TimeInForce.GTC,,,,1720713600000000000,2024-07-11T16:00:00Z
5.98598,146262427.496185,1720627200000000000,2024-07-10T16:00:00Z,9773666300.0,,331fd1fb-9768-40cb-82ba-b6734e8f113a,OrderRole.Standalone,OrderType.Market,_default,,PositionEffect.Open,,9773666300.0,False,,OrderSide.Buy,OrderStatus.Filled,600795.SH,,TimeInForce.GTC,,,,1720713600000000000,2024-07-11T16:00:00Z
5.5055,145752835.47825,1720627200000000000,2024-07-10T16:00:00Z,10589616600.0,,58e8441c-35cf-4fcd-8733-78770887d793,OrderRole.Standalone,OrderType.Market,_default,,PositionEffect.Open,,10589616600.0,False,,OrderSide.Buy,OrderStatus.Filled,600918.SH,,TimeInForce.GTC,,,,1720713600000000000,2024-07-11T16:00:00Z
3.65365,145618885.1742625,1720627200000000000,2024-07-10T16:00:00Z,15942291700.0,,a8f84202-d369-4a14-90e8-736eed1b7aa0,OrderRole.Standalone,OrderType.Market,_default,,PositionEffect.Open,,15942291700.0,False,,OrderSide.Buy,OrderStatus.Filled,601727.SH,,TimeInForce.GTC,,,,1720713600000000000,2024-07-11T16:00:00Z
2.8028,146017841.5696,1720627200000000000,2024-07-10T16:00:00Z,20838852800.0,,02114e34-00f8-4a38-bb4d-ac45226a905f,OrderRole.Standalone,OrderType.Market,_default,,PositionEffect.Open,,20838852800.0,False,,OrderSide.Buy,OrderStatus.Filled,601916.SH,,TimeInForce.GTC,,,,1720713600000000000,2024-07-11T16:00:00Z
1.12887,147027223.5021,1723046400000000000,2024-08-07T16:00:00Z,52097132000.0,,f5b1144c-22d3-4c88-99ff-73c243d15726,OrderRole.Standalone,OrderType.Market,_default,,PositionEffect.Close,,52097132000.0,False,,OrderSide.Sell,OrderStatus.Filled,600221.SH,,TimeInForce.GTC,,,,1723132800000000000,2024-08-08T16:00:00Z
5.4945,134253523.713375,1723046400000000000,2024-08-07T16:00:00Z,9773666300.0,,e97716e5-8191-4cce-8e65-0a1a2bfaaaae,OrderRole.Standalone,OrderType.Market,_default,,PositionEffect.Close,,9773666300.0,False,,OrderSide.Sell,OrderStatus.Filled,600795.SH,,TimeInForce.GTC,,,,1723132800000000000,2024-08-08T16:00:00Z
5.85414,154982745.30681,1723046400000000000,2024-08-07T16:00:00Z,10589616600.0,,eb9b31b1-f4a9-4c03-a368-e7455cfcb98d,OrderRole.Standalone,OrderType.Market,_default,,PositionEffect.Close,,10589616600.0,False,,OrderSide.Sell,OrderStatus.Filled,600918.SH,,TimeInForce.GTC,,,,1723132800000000000,2024-08-08T16:00:00Z
3.77622,150504001.908435,1723046400000000000,2024-08-07T16:00:00Z,15942291700.0,,9ffbcae6-68a0-4bab-8e1d-729a58425140,OrderRole.Standalone,OrderType.Market,_default,,PositionEffect.Close,,15942291700.0,False,,OrderSide.Sell,OrderStatus.Filled,601727.SH,,TimeInForce.GTC,,,,1723132800000000000,2024-08-08T16:00:00Z
2.75724,143644296.23568,1723046400000000000,2024-08-07T16:00:00Z,20838852800.0,,a09181a9-6593-4c8c-b852-263d0cb480fc,OrderRole.Standalone,OrderType.Market,_default,,PositionEffect.Close,,20838852800.0,False,,OrderSide.Sell,OrderStatus.Filled,601916.SH,,TimeInForce.GTC,,,,1723132800000000000,2024-08-08T16:00:00Z
33.58355,144777164.3943625,1723046400000000000,2024-08-07T16:00:00Z,1724381900.0,,8055e4cb-ae45-423e-b6fc-fbd937af14ce,OrderRole.Standalone,OrderType.Market,_default,,PositionEffect.Open,,1724381900.0,False,,OrderSide.Buy,OrderStatus.Filled,000977.SZ,,TimeInForce.GTC,,,,1723132800000000000,2024-08-08T16:00:00Z
113.113,146596399.19925,1723046400000000000,2024-08-07T16:00:00Z,518406900.0,,8e25b388-8370-49ee-8145-64048f06a0d2,OrderRole.Standalone,OrderType.Market,_default,,PositionEffect.Open,,518406900.0,False,,OrderSide.Buy,OrderStatus.Filled,300308.SZ,,TimeInForce.GTC,,,,1723132800000000000,2024-08-08T16:00:00Z
31.31128,148923477.06236,1723046400000000000,2024-08-07T16:00:00Z,1902489800.0,,27231554-b0f4-4295-91c4-b59e85057f01,OrderRole.Standalone,OrderType.Market,_default,,PositionEffect.Open,,1902489800.0,False,,OrderSide.Buy,OrderStatus.Filled,300476.SZ,,TimeInForce.GTC,,,,1723132800000000000,2024-08-08T16:00:00Z
6.5065,143353129.044125,1723046400000000000,2024-08-07T16:00:00Z,8812918100.0,,e075c616-1208-4917-98ce-114a68a70de7,OrderRole.Standalone,OrderType.Market,_default,,PositionEffect.Open,,8812918100.0,False,,OrderSide.Buy,OrderStatus.Filled,600028.SH,,TimeInForce.GTC,,,,1723132800000000000,2024-08-08T16:00:00Z
1461.49003,146292594.3954475,1723046400000000000,2024-08-07T16:00:00Z,40039300.0,,f51a348c-46d6-4627-9b39-25e7c9df6d90,OrderRole.Standalone,OrderType.Market,_default,,PositionEffect.Open,,40039300.0,False,,OrderSide.Buy,OrderStatus.Filled,600519.SH,,TimeInForce.GTC,,,,1723132800000000000,2024-08-08T16:00:00Z
31.6683,1796091.385725,1725465600000000000,2024-09-04T16:00:00Z,22686300.0,,cbb8ff41-9512-4050-a37a-79fa05cec6d3,OrderRole.Standalone,OrderType.Market,_default,,PositionEffect.Close,,22686300.0,False,,OrderSide.Sell,OrderStatus.Filled,000977.SZ,,TimeInForce.GTC,,,,1725552000000000000,2024-09-05T16:00:00Z
100.899,130766844.50775,1725465600000000000,2024-09-04T16:00:00Z,518406900.0,,aea2adde-dd4b-4f42-9e8f-c4ab9a9f8b69,OrderRole.Standalone,OrderType.Market,_default,,PositionEffect.Close,,518406900.0,False,,OrderSide.Sell,OrderStatus.Filled,300308.SZ,,TimeInForce.GTC,,,,1725552000000000000,2024-09-05T16:00:00Z
27.92205,132803538.300225,1725465600000000000,2024-09-04T16:00:00Z,1902489800.0,,b1a6d7ca-53db-42ce-b922-7d166e0e24ca,OrderRole.Standalone,OrderType.Market,_default,,PositionEffect.Close,,1902489800.0,False,,OrderSide.Sell,OrderStatus.Filled,300476.SZ,,TimeInForce.GTC,,,,1725552000000000000,2024-09-05T16:00:00Z
6.54345,144167222.3536125,1725465600000000000,2024-09-04T16:00:00Z,8812918100.0,,c4668a29-40a6-41f2-b987-1e43b9664b39,OrderRole.Standalone,OrderType.Market,_default,,PositionEffect.Close,,8812918100.0,False,,OrderSide.Sell,OrderStatus.Filled,600028.SH,,TimeInForce.GTC,,,,1725552000000000000,2024-09-05T16:00:00Z
1403.595,140497403.20875,1725465600000000000,2024-09-04T16:00:00Z,40039300.0,,21c756fe-c474-4978-b6b4-7c7f7c65216e,OrderRole.Standalone,OrderType.Market,_default,,PositionEffect.Close,,40039300.0,False,,OrderSide.Sell,OrderStatus.Filled,600519.SH,,TimeInForce.GTC,,,,1725552000000000000,2024-09-05T16:00:00Z
211.211,137625879.64125,1725465600000000000,2024-09-04T16:00:00Z,260641500.0,,1d8399b1-8713-438c-9abe-c3d8b9447973,OrderRole.Standalone,OrderType.Market,_default,,PositionEffect.Open,,260641500.0,False,,OrderSide.Buy,OrderStatus.Filled,688256.SH,,TimeInForce.GTC,,,,1725552000000000000,2024-09-05T16:00:00Z
89.9899,134398498.309075,1725465600000000000,2024-09-04T16:00:00Z,597393700.0,,bfafc9a0-89dd-4b36-a26c-93c695efeda3,OrderRole.Standalone,OrderType.Market,_default,,PositionEffect.Open,,597393700.0,False,,OrderSide.Buy,OrderStatus.Filled,300502.SZ,,TimeInForce.GTC,,,,1725552000000000000,2024-09-05T16:00:00Z
140.78064,134990015.52036,1725465600000000000,2024-09-04T16:00:00Z,383547100.0,,81f6cd97-795f-4774-b970-b6e364332a36,OrderRole.Standalone,OrderType.Market,_default,,PositionEffect.Open,,383547100.0,False,,OrderSide.Buy,OrderStatus.Filled,300896.SZ,,TimeInForce.GTC,,,,1725552000000000000,2024-09-05T16:00:00Z
33.38335,135316822.015375,1725465600000000000,2024-09-04T16:00:00Z,1621369000.0,,aaf3172a-030b-4307-8044-e5f6269ebe8c,OrderRole.Standalone,OrderType.Market,_default,,PositionEffect.Open,,1621369000.0,False,,OrderSide.Buy,OrderStatus.Filled,301236.SZ,,TimeInForce.GTC,,,,1725552000000000000,2024-09-05T16:00:00Z
30.74922,130814530.94358,1725552000000000000,2024-09-05T16:00:00Z,1701695600.0,,b04ab59a-c666-4f1d-b8ed-3f3acd73f9fe,OrderRole.Standalone,OrderType.Market,_default,,PositionEffect.Close,,1701695600.0,False,,OrderSide.Sell,OrderStatus.Filled,000977.SZ,,TimeInForce.GTC,,,,1725811200000000000,2024-09-08T16:00:00Z
146.46339,218740766.1666075,1728835200000000000,2024-10-13T16:00:00Z,597393700.0,,c5cc775e-d449-42e9-b69d-cdb38fbc186e,OrderRole.Standalone,OrderType.Market,_default,,PositionEffect.Close,,597393700.0,False,,OrderSide.Sell,OrderStatus.Filled,300502.SZ,,TimeInForce.GTC,,,,1728921600000000000,2024-10-14T16:00:00Z
211.9878,88405007.24925,1728835200000000000,2024-10-13T16:00:00Z,166811500.0,,b4d44b90-d33c-4a6d-9cf6-0345f54bed0d,OrderRole.Standalone,OrderType.Market,_default,,PositionEffect.Close,,166811500.0,False,,OrderSide.Sell,OrderStatus.Filled,300896.SZ,,TimeInForce.GTC,,,,1728921600000000000,2024-10-14T16:00:00Z
68.87106,165827755.485765,1728835200000000000,2024-10-13T16:00:00Z,963120100.0,,12e7c4d6-3853-4858-96ef-d03d41e9bafb,OrderRole.Standalone,OrderType.Market,_default,,PositionEffect.Close,,963120100.0,False,,OrderSide.Sell,OrderStatus.Filled,301236.SZ,,TimeInForce.GTC,,,,1728921600000000000,2024-10-14T16:00:00Z
367.632,126671833.368,1728835200000000000,2024-10-13T16:00:00Z,137824600.0,,c2f518ad-1843-4809-b4c1-2ded91752fd8,OrderRole.Standalone,OrderType.Market,_default,,PositionEffect.Close,,137824600.0,False,,OrderSide.Sell,OrderStatus.Filled,688256.SH,,TimeInForce.GTC,,,,1728921600000000000,2024-10-14T16:00:00Z
14.45444,114979295.65122,1728835200000000000,2024-10-13T16:00:00Z,3181840200.0,,9b02c259-3501-4817-b4b3-9c7a36d2a0c0,OrderRole.Standalone,OrderType.Market,_default,,PositionEffect.Open,,3181840200.0,False,,OrderSide.Buy,OrderStatus.Filled,300015.SZ,,TimeInForce.GTC,,,,1728921600000000000,2024-10-14T16:00:00Z
185.185,111806369.675,1728835200000000000,2024-10-13T16:00:00Z,241502000.0,,c8da5190-ab40-457a-9427-3b9eb07f0214,OrderRole.Standalone,OrderType.Market,_default,,PositionEffect.Open,,241502000.0,False,,OrderSide.Buy,OrderStatus.Filled,300033.SZ,,TimeInForce.GTC,,,,1728921600000000000,2024-10-14T16:00:00Z
66.066,114510826.9305,1728835200000000000,2024-10-13T16:00:00Z,693311700.0,,6a58b2f0-f6fb-4886-a61a-29b8fa3a1360,OrderRole.Standalone,OrderType.Market,_default,,PositionEffect.Open,,693311700.0,False,,OrderSide.Buy,OrderStatus.Filled,300454.SZ,,TimeInForce.GTC,,,,1728921600000000000,2024-10-14T16:00:00Z
75.8758,110085011.4364,1728835200000000000,2024-10-13T16:00:00Z,580343200.0,,d8ab070c-543f-4581-91ea-f53491e3d579,OrderRole.Standalone,OrderType.Market,_default,,PositionEffect.Open,,580343200.0,False,,OrderSide.Buy,OrderStatus.Filled,300803.SZ,,TimeInForce.GTC,,,,1728921600000000000,2024-10-14T16:00:00Z
20.3203,110777390.548825,1728835200000000000,2024-10-13T16:00:00Z,2180625100.0,,2f063698-4bff-42d5-9578-8fbdedd1ca36,OrderRole.Standalone,OrderType.Market,_default,,PositionEffect.Open,,2180625100.0,False,,OrderSide.Buy,OrderStatus.Filled,300059.SZ,,TimeInForce.GTC,,,,1728921600000000000,2024-10-14T16:00:00Z
60.9609,113304824.38275,1728835200000000000,2024-10-13T16:00:00Z,743459000.0,,49e72695-0656-445a-8514-f3b676e33829,OrderRole.Standalone,OrderType.Market,_default,,PositionEffect.Open,,743459000.0,False,,OrderSide.Buy,OrderStatus.Filled,300496.SZ,,TimeInForce.GTC,,,,1728921600000000000,2024-10-14T16:00:00Z
197.82198,107187663.82122,1728921600000000000,2024-10-14T16:00:00Z,216735600.0,,8b0f779f-e50c-4e6f-886b-54ba1b1401cd,OrderRole.Standalone,OrderType.Market,_default,,PositionEffect.Close,,216735600.0,False,,OrderSide.Sell,OrderStatus.Filled,300896.SZ,,TimeInForce.GTC,,,,1729008000000000000,2024-10-15T16:00:00Z
59.94,98638597.665,1728921600000000000,2024-10-14T16:00:00Z,658248900.0,,a990a87a-675f-4e48-be01-c021c6ec252e,OrderRole.Standalone,OrderType.Market,_default,,PositionEffect.Close,,658248900.0,False,,OrderSide.Sell,OrderStatus.Filled,301236.SZ,,TimeInForce.GTC,,,,1729008000000000000,2024-10-15T16:00:00Z
341.658,104903441.0505,1728921600000000000,2024-10-14T16:00:00Z,122816900.0,,b8ecd583-1dbc-4b12-a88c-ccc62f393497,OrderRole.Standalone,OrderType.Market,_default,,PositionEffect.Close,,122816900.0,False,,OrderSide.Sell,OrderStatus.Filled,688256.SH,,TimeInForce.GTC,,,,1729008000000000000,2024-10-15T16:00:00Z
16.24374,129212462.32587,1731254400000000000,2024-11-10T16:00:00Z,3181840200.0,,e730f0b6-1caa-4a7f-bd47-95aae6d48db0,OrderRole.Standalone,OrderType.Market,_default,,PositionEffect.Close,,3181840200.0,False,,OrderSide.Sell,OrderStatus.Filled,300015.SZ,,TimeInForce.GTC,,,,1731340800000000000,2024-11-11T16:00:00Z
299.7,35989624.35,1731254400000000000,2024-11-10T16:00:00Z,48034200.0,,c5c85a6d-50d6-4f3d-9084-264cc42e8f3b,OrderRole.Standalone,OrderType.Market,_default,,PositionEffect.Close,,48034200.0,False,,OrderSide.Sell,OrderStatus.Filled,300033.SZ,,TimeInForce.GTC,,,,1731340800000000000,2024-11-11T16:00:00Z
28.68129,10481584.6008225,1731254400000000000,2024-11-10T16:00:00Z,146180100.0,,dbd2019b-ccf0-43b0-b24d-fc4ab2634ba4,OrderRole.Standalone,OrderType.Market,_default,,PositionEffect.Close,,146180100.0,False,,OrderSide.Sell,OrderStatus.Filled,300059.SZ,,TimeInForce.GTC,,,,1731340800000000000,2024-11-11T16:00:00Z
74.28564,128757758.38497,1731254400000000000,2024-11-10T16:00:00Z,693311700.0,,f8fd2d0d-7b27-47ea-b7ce-715f876c86ab,OrderRole.Standalone,OrderType.Market,_default,,PositionEffect.Close,,693311700.0,False,,OrderSide.Sell,OrderStatus.Filled,300454.SZ,,TimeInForce.GTC,,,,1731340800000000000,2024-11-11T16:00:00Z
64.28565,119484362.658375,1731254400000000000,2024-11-10T16:00:00Z,743459000.0,,0c9ad523-06dc-4406-9127-e3abfd8cb3d6,OrderRole.Standalone,OrderType.Market,_default,,PositionEffect.Close,,743459000.0,False,,OrderSide.Sell,OrderStatus.Filled,300496.SZ,,TimeInForce.GTC,,,,1731340800000000000,2024-11-11T16:00:00Z
107.5923,10153727.433675,1731254400000000000,2024-11-10T16:00:00Z,37748900.0,,e738e1fd-5144-4fbe-8cc1-ec84d9232e99,OrderRole.Standalone,OrderType.Market,_default,,PositionEffect.Close,,37748900.0,False,,OrderSide.Sell,OrderStatus.Filled,300803.SZ,,TimeInForce.GTC,,,,1731340800000000000,2024-11-11T16:00:00Z
68.57851,143007178.37406,1731254400000000000,2024-11-10T16:00:00Z,834122400.0,,05cf7b6d-d4f8-469d-a959-b722186e686c,OrderRole.Standalone,OrderType.Market,_default,,PositionEffect.Open,,834122400.0,False,,OrderSide.Buy,OrderStatus.Filled,301236.SZ,,TimeInForce.GTC,,,,1731340800000000000,2024-11-11T16:00:00Z
85.07499,147226034.7633075,1731254400000000000,2024-11-10T16:00:00Z,692217700.0,,0d9cc40c-4f47-4396-86b3-dc6c04568f13,OrderRole.Standalone,OrderType.Market,_default,,PositionEffect.Open,,692217700.0,False,,OrderSide.Buy,OrderStatus.Filled,302132.SZ,,TimeInForce.GTC,,,,1731340800000000000,2024-11-11T16:00:00Z
1.97197,143209587.536015,1731254400000000000,2024-11-10T16:00:00Z,29049039800.0,,eec2a5b5-77ce-4983-a82b-a8c48673f2dd,OrderRole.Standalone,OrderType.Market,_default,,PositionEffect.Open,,29049039800.0,False,,OrderSide.Buy,OrderStatus.Filled,600221.SH,,TimeInForce.GTC,,,,1731340800000000000,2024-11-11T16:00:00Z
425.425,144247259.40625,1731254400000000000,2024-11-10T16:00:00Z,135626500.0,,63396531-7329-4751-9fa3-6c16be39cb87,OrderRole.Standalone,OrderType.Market,_default,,PositionEffect.Open,,135626500.0,False,,OrderSide.Buy,OrderStatus.Filled,688256.SH,,TimeInForce.GTC,,,,1731340800000000000,2024-11-11T16:00:00Z
102.7026,142804755.84375,1731254400000000000,2024-11-10T16:00:00Z,556187500.0,,fa7c8589-5400-4418-b832-adba09a8a0a0,OrderRole.Standalone,OrderType.Market,_default,,PositionEffect.Open,,556187500.0,False,,OrderSide.Buy,OrderStatus.Filled,688981.SH,,TimeInForce.GTC,,,,1731340800000000000,2024-11-11T16:00:00Z
312.67701,151232333.088195,1731340800000000000,2024-11-11T16:00:00Z,193467800.0,,7de7c5d1-5fce-4aec-bfd8-1bc576be8460,OrderRole.Standalone,OrderType.Market,_default,,PositionEffect.Close,,193467800.0,False,,OrderSide.Sell,OrderStatus.Filled,300033.SZ,,TimeInForce.GTC,,,,1731427200000000000,2024-11-12T16:00:00Z
,0.0,1731340800000000000,2024-11-11T16:00:00Z,0.0,,5a487ddf-5376-459f-b758-c842acfc7f29,OrderRole.Standalone,OrderType.Market,_default,,PositionEffect.Close,,2034445006.8067164,False,"Risk: Insufficient available position for 300059.SZ at execution. Available: 2034445006.8067164159642253549, Required: 2034445006.8067164421081542967",OrderSide.Sell,OrderStatus.Rejected,300059.SZ,,TimeInForce.GTC,,,,1731427200000000000,2024-11-12T16:00:00Z
104.3955,141611008.114125,1731340800000000000,2024-11-11T16:00:00Z,542594300.0,,6fb369cb-3e59-4d47-bc2e-618958ca9d86,OrderRole.Standalone,OrderType.Market,_default,,PositionEffect.Close,,542594300.0,False,,OrderSide.Sell,OrderStatus.Filled,300803.SZ,,TimeInForce.GTC,,,,1731427200000000000,2024-11-12T16:00:00Z
29.97,152430791.625,1733673600000000000,2024-12-08T16:00:00Z,2034445000.0,,7916d1a0-6c9b-4c10-a9cc-b5216f030ff3,OrderRole.Standalone,OrderType.Market,_default,,PositionEffect.Close,,2034445000.0,False,,OrderSide.Sell,OrderStatus.Filled,300059.SZ,,TimeInForce.GTC,,,,1733760000000000000,2024-12-09T16:00:00Z
63.40653,132222017.44818,1733673600000000000,2024-12-08T16:00:00Z,834122400.0,,0e35faa1-420a-4af1-96bc-38b8059903eb,OrderRole.Standalone,OrderType.Market,_default,,PositionEffect.Close,,834122400.0,False,,OrderSide.Sell,OrderStatus.Filled,301236.SZ,,TimeInForce.GTC,,,,1733760000000000000,2024-12-09T16:00:00Z
69.24069,119824077.9455325,1733673600000000000,2024-12-08T16:00:00Z,692217700.0,,28563ff0-a333-4cc7-8724-efbfcdb5a838,OrderRole.Standalone,OrderType.Market,_default,,PositionEffect.Close,,692217700.0,False,,OrderSide.Sell,OrderStatus.Filled,302132.SZ,,TimeInForce.GTC,,,,1733760000000000000,2024-12-09T16:00:00Z
2.00799,145825453.570005,1733673600000000000,2024-12-08T16:00:00Z,29049039800.0,,b58a3a16-4603-41f8-8f28-fe42ca885a9a,OrderRole.Standalone,OrderType.Market,_default,,PositionEffect.Close,,29049039800.0,False,,OrderSide.Sell,OrderStatus.Filled,600221.SH,,TimeInForce.GTC,,,,1733760000000000000,2024-12-09T16:00:00Z
557.442,42425935.0965,1733673600000000000,2024-12-08T16:00:00Z,30443300.0,,e0c9534e-615c-4956-932c-257c7785b83e,OrderRole.Standalone,OrderType.Market,_default,,PositionEffect.Close,,30443300.0,False,,OrderSide.Sell,OrderStatus.Filled,688256.SH,,TimeInForce.GTC,,,,1733760000000000000,2024-12-09T16:00:00Z
91.39851,127086771.9515625,1733673600000000000,2024-12-08T16:00:00Z,556187500.0,,3e3bec54-2b8b-4df4-9aad-7bfdd0bca5d4,OrderRole.Standalone,OrderType.Market,_default,,PositionEffect.Close,,556187500.0,False,,OrderSide.Sell,OrderStatus.Filled,688981.SH,,TimeInForce.GTC,,,,1733760000000000000,2024-12-09T16:00:00Z
43.043,147039493.601,1733673600000000000,2024-12-08T16:00:00Z,1366442800.0,,c207dc63-0d4c-4353-9945-a6e9d6404120,OrderRole.Standalone,OrderType.Market,_default,,PositionEffect.Open,,1366442800.0,False,,OrderSide.Buy,OrderStatus.Filled,002625.SZ,,TimeInForce.GTC,,,,1733760000000000000,2024-12-09T16:00:00Z
360.36,154628494.02,1733673600000000000,2024-12-08T16:00:00Z,171637800.0,,2188e2c0-d399-4bc2-90c8-fbbac1211896,OrderRole.Standalone,OrderType.Market,_default,,PositionEffect.Open,,171637800.0,False,,OrderSide.Buy,OrderStatus.Filled,300033.SZ,,TimeInForce.GTC,,,,1733760000000000000,2024-12-09T16:00:00Z
128.97885,146128877.4820875,1733673600000000000,2024-12-08T16:00:00Z,453187100.0,,6223973e-13ef-4bc7-abb5-e15082df1f16,OrderRole.Standalone,OrderType.Market,_default,,PositionEffect.Open,,453187100.0,False,,OrderSide.Buy,OrderStatus.Filled,300308.SZ,,TimeInForce.GTC,,,,1733760000000000000,2024-12-09T16:00:00Z
108.108,145100449.494,1733673600000000000,2024-12-08T16:00:00Z,536872200.0,,bcd80c2f-1ea1-452a-9fc7-ed4bc792b654,OrderRole.Standalone,OrderType.Market,_default,,PositionEffect.Open,,536872200.0,False,,OrderSide.Buy,OrderStatus.Filled,300394.SZ,,TimeInForce.GTC,,,,1733760000000000000,2024-12-09T16:00:00Z
119.68957,146242371.9581825,1733673600000000000,2024-12-08T16:00:00Z,488738900.0,,7c8fe4f0-9c83-4b3d-8bd9-c1babf162c62,OrderRole.Standalone,OrderType.Market,_default,,PositionEffect.Open,,488738900.0,False,,OrderSide.Buy,OrderStatus.Filled,300502.SZ,,TimeInForce.GTC,,,,1733760000000000000,2024-12-09T16:00:00Z
9.21921,146488579.6749375,1733673600000000000,2024-12-08T16:00:00Z,6355797500.0,,5a92c963-16dd-4652-b5b4-588edc46672b,OrderRole.Standalone,OrderType.Market,_default,,PositionEffect.Open,,6355797500.0,False,,OrderSide.Buy,OrderStatus.Filled,601727.SH,,TimeInForce.GTC,,,,1733760000000000000,2024-12-09T16:00:00Z
38.9389,147290555.7123,1733673600000000000,2024-12-08T16:00:00Z,1513042800.0,,6c48f394-b932-4057-a306-434e2a2b7840,OrderRole.Standalone,OrderType.Market,_default,,PositionEffect.Open,,1513042800.0,False,,OrderSide.Buy,OrderStatus.Filled,688183.SH,,TimeInForce.GTC,,,,1733760000000000000,2024-12-09T16:00:00Z
530.40906,139475305.59948,1733760000000000000,2024-12-09T16:00:00Z,105183200.0,,8c702f42-65c2-4589-a76c-2166c40388f3,OrderRole.Standalone,OrderType.Market,_default,,PositionEffect.Close,,105183200.0,False,,OrderSide.Sell,OrderStatus.Filled,688256.SH,,TimeInForce.GTC,,,,1733846400000000000,2024-12-10T16:00:00Z
40.5594,138555250.2558,1736179200000000000,2025-01-06T16:00:00Z,1366442800.0,,f0ea163e-f69f-4e24-9b3c-8b2a7fb49854,OrderRole.Standalone,OrderType.Market,_default,,PositionEffect.Close,,1366442800.0,False,,OrderSide.Sell,OrderStatus.Filled,002625.SZ,,TimeInForce.GTC,,,,1736265600000000000,2025-01-07T16:00:00Z
256.89285,110231309.024325,1736179200000000000,2025-01-06T16:00:00Z,171637800.0,,f028875a-8590-47a7-9b2d-27390ba947c7,OrderRole.Standalone,OrderType.Market,_default,,PositionEffect.Close,,171637800.0,False,,OrderSide.Sell,OrderStatus.Filled,300033.SZ,,TimeInForce.GTC,,,,1736265600000000000,2025-01-07T16:00:00Z
125.75412,142475362.38963,1736179200000000000,2025-01-06T16:00:00Z,453187100.0,,01e3d174-d017-4677-88d6-657f28d7f90e,OrderRole.Standalone,OrderType.Market,_default,,PositionEffect.Close,,453187100.0,False,,OrderSide.Sell,OrderStatus.Filled,300308.SZ,,TimeInForce.GTC,,,,1736265600000000000,2025-01-07T16:00:00Z
92.0079,123491209.22595,1736179200000000000,2025-01-06T16:00:00Z,536872200.0,,b7ec2ce9-b914-4f63-bc6a-d59e2dcdeea3,OrderRole.Standalone,OrderType.Market,_default,,PositionEffect.Close,,536872200.0,False,,OrderSide.Sell,OrderStatus.Filled,300394.SZ,,TimeInForce.GTC,,,,1736265600000000000,2025-01-07T16:00:00Z
116.90298,142837584.629805,1736179200000000000,2025-01-06T16:00:00Z,488738900.0,,d27f43b8-5e5e-4b90-bb14-5a114ea933de,OrderRole.Standalone,OrderType.Market,_default,,PositionEffect.Close,,488738900.0,False,,OrderSide.Sell,OrderStatus.Filled,300502.SZ,,TimeInForce.GTC,,,,1736265600000000000,2025-01-07T16:00:00Z
7.14285,113496270.4321875,1736179200000000000,2025-01-06T16:00:00Z,6355797500.0,,e05a5abd-1e4c-4216-a0df-117d40b24402,OrderRole.Standalone,OrderType.Market,_default,,PositionEffect.Close,,6355797500.0,False,,OrderSide.Sell,OrderStatus.Filled,601727.SH,,TimeInForce.GTC,,,,1736265600000000000,2025-01-07T16:00:00Z
38.8611,146996268.8877,1736179200000000000,2025-01-06T16:00:00Z,1513042800.0,,1e9afe4d-a1ba-4336-99c0-03bc6a6673f5,OrderRole.Standalone,OrderType.Market,_default,,PositionEffect.Close,,1513042800.0,False,,OrderSide.Sell,OrderStatus.Filled,688183.SH,,TimeInForce.GTC,,,,1736265600000000000,2025-01-07T16:00:00Z
701.701,116062397.9515,1736179200000000000,2025-01-06T16:00:00Z,66160600.0,,d4dfcef5-fd9e-4c68-86ff-55321f2bb1a0,OrderRole.Standalone,OrderType.Market,_default,,PositionEffect.Open,,66160600.0,False,,OrderSide.Buy,OrderStatus.Filled,688256.SH,,TimeInForce.GTC,,,,1736265600000000000,2025-01-07T16:00:00Z
31.12109,118838986.4937275,1736179200000000000,2025-01-06T16:00:00Z,1527439900.0,,5193f801-858f-4f37-b588-41703a375a5d,OrderRole.Standalone,OrderType.Market,_default,,PositionEffect.Open,,1527439900.0,False,,OrderSide.Buy,OrderStatus.Filled,000786.SZ,,TimeInForce.GTC,,,,1736265600000000000,2025-01-07T16:00:00Z
37.48745,118940724.928025,1736179200000000000,2025-01-06T16:00:00Z,1269125800.0,,7e4ba185-1a6a-4f56-b316-460dbdd6c567,OrderRole.Standalone,OrderType.Market,_default,,PositionEffect.Open,,1269125800.0,False,,OrderSide.Buy,OrderStatus.Filled,002353.SZ,,TimeInForce.GTC,,,,1736265600000000000,2025-01-07T16:00:00Z
124.14402,117690982.804395,1736179200000000000,2025-01-06T16:00:00Z,379207900.0,,18e497a5-72cb-4473-bf1a-8cdaa7cdef39,OrderRole.Standalone,OrderType.Market,_default,,PositionEffect.Open,,379207900.0,False,,OrderSide.Buy,OrderStatus.Filled,002916.SZ,,TimeInForce.GTC,,,,1736265600000000000,2025-01-07T16:00:00Z
68.27821,115606138.87823,1736179200000000000,2025-01-06T16:00:00Z,677265200.0,,403f743d-5493-49ee-bf15-b4ff503aab82,OrderRole.Standalone,OrderType.Market,_default,,PositionEffect.Open,,677265200.0,False,,OrderSide.Buy,OrderStatus.Filled,301165.SZ,,TimeInForce.GTC,,,,1736265600000000000,2025-01-07T16:00:00Z
10.27026,118761458.400585,1736179200000000000,2025-01-06T16:00:00Z,4625450900.0,,d9f0977e-2373-4560-9ac6-e72f42d9aecc,OrderRole.Standalone,OrderType.Market,_default,,PositionEffect.Open,,4625450900.0,False,,OrderSide.Buy,OrderStatus.Filled,600000.SH,,TimeInForce.GTC,,,,1736265600000000000,2025-01-07T16:00:00Z
27.23721,117112560.4323675,1736179200000000000,2025-01-06T16:00:00Z,1719890700.0,,b5e6056b-6405-49c9-a8b8-eb3521312bb9,OrderRole.Standalone,OrderType.Market,_default,,PositionEffect.Open,,1719890700.0,False,,OrderSide.Buy,OrderStatus.Filled,600066.SH,,TimeInForce.GTC,,,,1736265600000000000,2025-01-07T16:00:00Z
110.11,121213299.7075,1736179200000000000,2025-01-06T16:00:00Z,440335300.0,,c73f888b-5617-4271-aa38-e5cd423893c1,OrderRole.Standalone,OrderType.Market,_default,,PositionEffect.Open,,440335300.0,False,,OrderSide.Buy,OrderStatus.Filled,603893.SH,,TimeInForce.GTC,,,,1736265600000000000,2025-01-07T16:00:00Z
258.83858,118831239.04652,1736179200000000000,2025-01-06T16:00:00Z,183637600.0,,2a8dd908-24ed-4c92-b246-c97fbae90a50,OrderRole.Standalone,OrderType.Market,_default,,PositionEffect.Open,,183637600.0,False,,OrderSide.Buy,OrderStatus.Filled,605499.SH,,TimeInForce.GTC,,,,1736265600000000000,2025-01-07T16:00:00Z
29.56041,112879374.23589751,1739289600000000000,2025-02-11T16:00:00Z,1527439900.0,,28bdad97-a71c-4815-afc9-1daf5a8dc979,OrderRole.Standalone,OrderType.Market,_default,,PositionEffect.Close,,1527439900.0,False,,OrderSide.Sell,OrderStatus.Filled,000786.SZ,,TimeInForce.GTC,,,,1739376000000000000,2025-02-12T16:00:00Z
37.63233,119400402.292785,1739289600000000000,2025-02-11T16:00:00Z,1269125800.0,,e03f286f-6bf5-4e6b-b73c-2a397bfd8e5d,OrderRole.Standalone,OrderType.Market,_default,,PositionEffect.Close,,1269125800.0,False,,OrderSide.Sell,OrderStatus.Filled,002353.SZ,,TimeInForce.GTC,,,,1739376000000000000,2025-02-12T16:00:00Z
142.84701,135421786.7084475,1739289600000000000,2025-02-11T16:00:00Z,379207900.0,,744953d3-ad9f-46da-9ac3-c0bf04d4c821,OrderRole.Standalone,OrderType.Market,_default,,PositionEffect.Close,,379207900.0,False,,OrderSide.Sell,OrderStatus.Filled,002916.SZ,,TimeInForce.GTC,,,,1739376000000000000,2025-02-12T16:00:00Z
10.37961,120025941.0403725,1739289600000000000,2025-02-11T16:00:00Z,4625450900.0,,9ea71c56-162c-4fd9-a7b4-b6a72076a619,OrderRole.Standalone,OrderType.Market,_default,,PositionEffect.Close,,4625450900.0,False,,OrderSide.Sell,OrderStatus.Filled,600000.SH,,TimeInForce.GTC,,,,1739376000000000000,2025-02-12T16:00:00Z
26.91306,115718804.006355,1739289600000000000,2025-02-11T16:00:00Z,1719890700.0,,8d3daa94-f773-42fb-8235-978ef2b448c8,OrderRole.Standalone,OrderType.Market,_default,,PositionEffect.Close,,1719890700.0,False,,OrderSide.Sell,OrderStatus.Filled,600066.SH,,TimeInForce.GTC,,,,1739376000000000000,2025-02-12T16:00:00Z
180.819,199052471.52675,1739289600000000000,2025-02-11T16:00:00Z,440335300.0,,b238db83-51e1-46cc-b5c2-4317108c3e25,OrderRole.Standalone,OrderType.Market,_default,,PositionEffect.Close,,440335300.0,False,,OrderSide.Sell,OrderStatus.Filled,603893.SH,,TimeInForce.GTC,,,,1739376000000000000,2025-02-12T16:00:00Z
228.74103,105013634.42682,1739289600000000000,2025-02-11T16:00:00Z,183637600.0,,c65cfcd2-a32d-4fa9-abf9-5c8f51160c77,OrderRole.Standalone,OrderType.Market,_default,,PositionEffect.Close,,183637600.0,False,,OrderSide.Sell,OrderStatus.Filled,605499.SH,,TimeInForce.GTC,,,,1739376000000000000,2025-02-12T16:00:00Z
659.34,109055825.01,1739289600000000000,2025-02-11T16:00:00Z,66160600.0,,7f4d0c2f-c88d-45ff-ba00-0305340932e4,OrderRole.Standalone,OrderType.Market,_default,,PositionEffect.Close,,66160600.0,False,,OrderSide.Sell,OrderStatus.Filled,688256.SH,,TimeInForce.GTC,,,,1739376000000000000,2025-02-12T16:00:00Z
58.4584,184398984.77,1739289600000000000,2025-02-11T16:00:00Z,1261745000.0,,5b742292-24eb-49a1-8af7-54390e855ac7,OrderRole.Standalone,OrderType.Market,_default,,PositionEffect.Open,,1261745000.0,False,,OrderSide.Buy,OrderStatus.Filled,688521.SH,,TimeInForce.GTC,,,,1739376000000000000,2025-02-12T16:00:00Z
321.321,184009531.45575,1739289600000000000,2025-02-11T16:00:00Z,229066300.0,,2e72ea08-a9d0-41e5-8f3e-f1d13f7102fc,OrderRole.Standalone,OrderType.Market,_default,,PositionEffect.Open,,229066300.0,False,,OrderSide.Buy,OrderStatus.Filled,300033.SZ,,TimeInForce.GTC,,,,1739376000000000000,2025-02-12T16:00:00Z
93.16307,184967869.020935,1739289600000000000,2025-02-11T16:00:00Z,794168200.0,,445249b5-6e76-4ee3-a8c5-5f7cf84ed719,OrderRole.Standalone,OrderType.Market,_default,,PositionEffect.Open,,794168200.0,False,,OrderSide.Buy,OrderStatus.Filled,300394.SZ,,TimeInForce.GTC,,,,1739376000000000000,2025-02-12T16:00:00Z
59.059,186609298.12525,1739289600000000000,2025-02-11T16:00:00Z,1263883900.0,,443bea80-f7f1-45f9-8efa-94ad6a38b45b,OrderRole.Standalone,OrderType.Market,_default,,PositionEffect.Open,,1263883900.0,False,,OrderSide.Buy,OrderStatus.Filled,300442.SZ,,TimeInForce.GTC,,,,1739376000000000000,2025-02-12T16:00:00Z
54.64459,185862684.9504425,1739289600000000000,2025-02-11T16:00:00Z,1360520300.0,,2ae39a44-1ecd-426c-99dd-5898ff97c23a,OrderRole.Standalone,OrderType.Market,_default,,PositionEffect.Open,,1360520300.0,False,,OrderSide.Buy,OrderStatus.Filled,300476.SZ,,TimeInForce.GTC,,,,1739376000000000000,2025-02-12T16:00:00Z
70.72065,67631713.4493,1739289600000000000,2025-02-11T16:00:00Z,382528800.0,,beb84a31-d900-44ab-aa6e-4105223b50f2,OrderRole.Standalone,OrderType.Market,_default,,PositionEffect.Open,,382528800.0,False,,OrderSide.Buy,OrderStatus.Filled,301165.SZ,,TimeInForce.GTC,,,,1739376000000000000,2025-02-12T16:00:00Z
69.93999,185304954.40515,1739376000000000000,2025-02-12T16:00:00Z,1059794000.0,,f00e10c8-3ce5-477e-a5f2-030f2c4a627d,OrderRole.Standalone,OrderType.Market,_default,,PositionEffect.Close,,1059794000.0,False,,OrderSide.Sell,OrderStatus.Filled,301165.SZ,,TimeInForce.GTC,,,,1739462400000000000,2025-02-13T16:00:00Z
303.80589,173979227.8512675,1741708800000000000,2025-03-11T16:00:00Z,229066300.0,,18df0df5-a2a4-4833-8a65-f8e26f2f8e15,OrderRole.Standalone,OrderType.Market,_default,,PositionEffect.Close,,229066300.0,False,,OrderSide.Sell,OrderStatus.Filled,300033.SZ,,TimeInForce.GTC,,,,1741795200000000000,2025-03-12T16:00:00Z
93.39651,185431345.582455,1741708800000000000,2025-03-11T16:00:00Z,794168200.0,,e2fe60be-e199-4469-8052-619e3e88d85e,OrderRole.Standalone,OrderType.Market,_default,,PositionEffect.Close,,794168200.0,False,,OrderSide.Sell,OrderStatus.Filled,300394.SZ,,TimeInForce.GTC,,,,1741795200000000000,2025-03-12T16:00:00Z
66.58335,210384060.1826625,1741708800000000000,2025-03-11T16:00:00Z,1263883900.0,,715b63a6-9f84-4875-85a4-2ab7bf89a5d0,OrderRole.Standalone,OrderType.Market,_default,,PositionEffect.Close,,1263883900.0,False,,OrderSide.Sell,OrderStatus.Filled,300442.SZ,,TimeInForce.GTC,,,,1741795200000000000,2025-03-12T16:00:00Z
70.76916,240707196.98487,1741708800000000000,2025-03-11T16:00:00Z,1360520300.0,,30a12dff-4ce4-42a8-a64e-a0941fde40de,OrderRole.Standalone,OrderType.Market,_default,,PositionEffect.Close,,1360520300.0,False,,OrderSide.Sell,OrderStatus.Filled,300476.SZ,,TimeInForce.GTC,,,,1741795200000000000,2025-03-12T16:00:00Z
89.91999,283640244.456375,1741708800000000000,2025-03-11T16:00:00Z,1261745000.0,,4f6deba5-b688-42bf-ac31-1f9b475c2087,OrderRole.Standalone,OrderType.Market,_default,,PositionEffect.Close,,1261745000.0,False,,OrderSide.Sell,OrderStatus.Filled,688521.SH,,TimeInForce.GTC,,,,1741795200000000000,2025-03-12T16:00:00Z
70.08001,251118120.31306,1741708800000000000,2025-03-11T16:00:00Z,1433322400.0,,d81eeac6-14a2-4548-991b-76bcc6385306,OrderRole.Standalone,OrderType.Market,_default,,PositionEffect.Open,,1433322400.0,False,,OrderSide.Buy,OrderStatus.Filled,000333.SZ,,TimeInForce.GTC,,,,1741795200000000000,2025-03-12T16:00:00Z
42.1421,251321556.43595,1741708800000000000,2025-03-11T16:00:00Z,2385467800.0,,070ecc02-73da-4f4b-961b-3bfadd9d8c3d,OrderRole.Standalone,OrderType.Market,_default,,PositionEffect.Open,,2385467800.0,False,,OrderSide.Buy,OrderStatus.Filled,000651.SZ,,TimeInForce.GTC,,,,1741795200000000000,2025-03-12T16:00:00Z
40.6406,251750980.5811,1741708800000000000,2025-03-11T16:00:00Z,2477827400.0,,eaa07cc3-297f-4ac0-8d7b-7c180fd67879,OrderRole.Standalone,OrderType.Market,_default,,PositionEffect.Open,,2477827400.0,False,,OrderSide.Buy,OrderStatus.Filled,002475.SZ,,TimeInForce.GTC,,,,1741795200000000000,2025-03-12T16:00:00Z
125.14502,247384485.49815,1741708800000000000,2025-03-11T16:00:00Z,790713000.0,,eaea06c2-6141-4333-bd56-a2b170f9985b,OrderRole.Standalone,OrderType.Market,_default,,PositionEffect.Open,,790713000.0,False,,OrderSide.Buy,OrderStatus.Filled,002916.SZ,,TimeInForce.GTC,,,,1741795200000000000,2025-03-12T16:00:00Z
99.7997,251038061.5743,1741708800000000000,2025-03-11T16:00:00Z,1006167600.0,,ac5a248d-1587-480a-84f6-7053f427abcd,OrderRole.Standalone,OrderType.Market,_default,,PositionEffect.Open,,1006167600.0,False,,OrderSide.Buy,OrderStatus.Filled,300866.SZ,,TimeInForce.GTC,,,,1741795200000000000,2025-03-12T16:00:00Z
70.44948,252442044.38088,1744214400000000000,2025-04-09T16:00:00Z,1433322400.0,,df3385f9-62a4-4a9c-b6ea-c0150e9dc584,OrderRole.Standalone,OrderType.Market,_default,,PositionEffect.Close,,1433322400.0,False,,OrderSide.Sell,OrderStatus.Filled,000333.SZ,,TimeInForce.GTC,,,,1744300800000000000,2025-04-10T16:00:00Z
44.5554,265713680.0403,1744214400000000000,2025-04-09T16:00:00Z,2385467800.0,,2db09e79-4f08-46bc-93cf-c8b9a46aa7e7,OrderRole.Standalone,OrderType.Market,_default,,PositionEffect.Close,,2385467800.0,False,,OrderSide.Sell,OrderStatus.Filled,000651.SZ,,TimeInForce.GTC,,,,1744300800000000000,2025-04-10T16:00:00Z
29.97999,185713101.684315,1744214400000000000,2025-04-09T16:00:00Z,2477827400.0,,56130f44-06ee-480c-9ad8-f8b4d64d9fec,OrderRole.Standalone,OrderType.Market,_default,,PositionEffect.Close,,2477827400.0,False,,OrderSide.Sell,OrderStatus.Filled,002475.SZ,,TimeInForce.GTC,,,,1744300800000000000,2025-04-10T16:00:00Z
106.893,211304211.7725,1744214400000000000,2025-04-09T16:00:00Z,790713000.0,,a6eb5f37-7501-416c-8b40-5112bc954b7f,OrderRole.Standalone,OrderType.Market,_default,,PositionEffect.Close,,790713000.0,False,,OrderSide.Sell,OrderStatus.Filled,002916.SZ,,TimeInForce.GTC,,,,1744300800000000000,2025-04-10T16:00:00Z
77.69223,195428511.49437,1744214400000000000,2025-04-09T16:00:00Z,1006167600.0,,2bf8be5d-9bda-4137-bbee-75e811d5635e,OrderRole.Standalone,OrderType.Market,_default,,PositionEffect.Close,,1006167600.0,False,,OrderSide.Sell,OrderStatus.Filled,300866.SZ,,TimeInForce.GTC,,,,1744300800000000000,2025-04-10T16:00:00Z
41.15111,114089775.5672675,1744214400000000000,2025-04-09T16:00:00Z,1108983700.0,,4963409e-1a8f-41ef-910c-a201bba0e281,OrderRole.Standalone,OrderType.Market,_default,,PositionEffect.Open,,1108983700.0,False,,OrderSide.Buy,OrderStatus.Filled,600036.SH,,TimeInForce.GTC,,,,1744300800000000000,2025-04-10T16:00:00Z
25.1251,113519309.75385,1744214400000000000,2025-04-09T16:00:00Z,1807265400.0,,fcdb77ef-15a6-42ec-b519-0d93f526e3da,OrderRole.Standalone,OrderType.Market,_default,,PositionEffect.Open,,1807265400.0,False,,OrderSide.Buy,OrderStatus.Filled,600066.SH,,TimeInForce.GTC,,,,1744300800000000000,2025-04-10T16:00:00Z
1581.54997,116342374.2806325,1744214400000000000,2025-04-09T16:00:00Z,29424900.0,,4a744f7c-0e24-47a6-8bcd-3510ddbe1370,OrderRole.Standalone,OrderType.Market,_default,,PositionEffect.Open,,29424900.0,False,,OrderSide.Buy,OrderStatus.Filled,600519.SH,,TimeInForce.GTC,,,,1744300800000000000,2025-04-10T16:00:00Z
222.222,114061997.049,1744214400000000000,2025-04-09T16:00:00Z,205311800.0,,6e48d8dc-a475-42a0-b477-2f38f18a8e18,OrderRole.Standalone,OrderType.Market,_default,,PositionEffect.Open,,205311800.0,False,,OrderSide.Buy,OrderStatus.Filled,600809.SH,,TimeInForce.GTC,,,,1744300800000000000,2025-04-10T16:00:00Z
126.6265,114062017.194125,1744214400000000000,2025-04-09T16:00:00Z,360310100.0,,4971a59e-e485-4178-8d92-8ab465714c9e,OrderRole.Standalone,OrderType.Market,_default,,PositionEffect.Open,,360310100.0,False,,OrderSide.Buy,OrderStatus.Filled,601127.SH,,TimeInForce.GTC,,,,1744300800000000000,2025-04-10T16:00:00Z
17.00699,113660639.37228,1744214400000000000,2025-04-09T16:00:00Z,2673268800.0,,66beeceb-4d68-4c28-b4b7-98aaad9f0c26,OrderRole.Standalone,OrderType.Market,_default,,PositionEffect.Open,,2673268800.0,False,,OrderSide.Buy,OrderStatus.Filled,601838.SH,,TimeInForce.GTC,,,,1744300800000000000,2025-04-10T16:00:00Z
240.24,113805952.26,1744214400000000000,2025-04-09T16:00:00Z,189487100.0,,24effc07-14d8-4a47-afb9-dc039d72ab3c,OrderRole.Standalone,OrderType.Market,_default,,PositionEffect.Open,,189487100.0,False,,OrderSide.Buy,OrderStatus.Filled,688506.SH,,TimeInForce.GTC,,,,1744300800000000000,2025-04-10T16:00:00Z
216.216,113025941.028,1744214400000000000,2025-04-09T16:00:00Z,209098200.0,,9adbfcb8-c922-4682-ac3c-4e9c74553c83,OrderRole.Standalone,OrderType.Market,_default,,PositionEffect.Open,,209098200.0,False,,OrderSide.Buy,OrderStatus.Filled,300750.SZ,,TimeInForce.GTC,,,,1744300800000000000,2025-04-10T16:00:00Z
215.25504,113633996.63616,1744214400000000000,2025-04-09T16:00:00Z,211161600.0,,88b559ce-af23-4e94-9487-e46757996b4c,OrderRole.Standalone,OrderType.Market,_default,,PositionEffect.Open,,211161600.0,False,,OrderSide.Buy,OrderStatus.Filled,300760.SZ,,TimeInForce.GTC,,,,1744300800000000000,2025-04-10T16:00:00Z
55.93588,114062027.26919,1744214400000000000,2025-04-09T16:00:00Z,815662700.0,,dd97fd34-1c16-409a-b6eb-a9aa246b87ab,OrderRole.Standalone,OrderType.Market,_default,,PositionEffect.Open,,815662700.0,False,,OrderSide.Buy,OrderStatus.Filled,300803.SZ,,TimeInForce.GTC,,,,1744300800000000000,2025-04-10T16:00:00Z
258.51123,135135582.181965,1747065600000000000,2025-05-12T16:00:00Z,209098200.0,,edb6d05e-4ff2-438a-a093-286e7046959a,OrderRole.Standalone,OrderType.Market,_default,,PositionEffect.Close,,209098200.0,False,,OrderSide.Sell,OrderStatus.Filled,300750.SZ,,TimeInForce.GTC,,,,1747152000000000000,2025-05-13T16:00:00Z
231.83793,122388170.59872,1747065600000000000,2025-05-12T16:00:00Z,211161600.0,,03fc13a2-3493-45da-bdca-176ee31ac2e1,OrderRole.Standalone,OrderType.Market,_default,,PositionEffect.Close,,211161600.0,False,,OrderSide.Sell,OrderStatus.Filled,300760.SZ,,TimeInForce.GTC,,,,1747152000000000000,2025-05-13T16:00:00Z
60.64929,123673409.0862075,1747065600000000000,2025-05-12T16:00:00Z,815662700.0,,2a54d21a-de91-40c6-bef9-b511a5bdbf0a,OrderRole.Standalone,OrderType.Market,_default,,PositionEffect.Close,,815662700.0,False,,OrderSide.Sell,OrderStatus.Filled,300803.SZ,,TimeInForce.GTC,,,,1747152000000000000,2025-05-13T16:00:00Z
44.50545,123389546.5279125,1747065600000000000,2025-05-12T16:00:00Z,1108983700.0,,7c52f403-4784-4d13-a8f8-043470d6d8f9,OrderRole.Standalone,OrderType.Market,_default,,PositionEffect.Close,,1108983700.0,False,,OrderSide.Sell,OrderStatus.Filled,600036.SH,,TimeInForce.GTC,,,,1747152000000000000,2025-05-13T16:00:00Z
25.70427,116136094.508145,1747065600000000000,2025-05-12T16:00:00Z,1807265400.0,,832a5f9a-689f-4835-93cb-7da859d7af0f,OrderRole.Standalone,OrderType.Market,_default,,PositionEffect.Close,,1807265400.0,False,,OrderSide.Sell,OrderStatus.Filled,600066.SH,,TimeInForce.GTC,,,,1747152000000000000,2025-05-13T16:00:00Z
1588.41,116847013.5225,1747065600000000000,2025-05-12T16:00:00Z,29424900.0,,d8a09054-b6e0-493a-aafe-5dda6349a11b,OrderRole.Standalone,OrderType.Market,_default,,PositionEffect.Close,,29424900.0,False,,OrderSide.Sell,OrderStatus.Filled,600519.SH,,TimeInForce.GTC,,,,1747152000000000000,2025-05-13T16:00:00Z
204.84495,105142713.513525,1747065600000000000,2025-05-12T16:00:00Z,205311800.0,,9d9b219f-ec99-46a3-9fb9-0f67817633b1,OrderRole.Standalone,OrderType.Market,_default,,PositionEffect.Close,,205311800.0,False,,OrderSide.Sell,OrderStatus.Filled,600809.SH,,TimeInForce.GTC,,,,1747152000000000000,2025-05-13T16:00:00Z
127.32255,114689001.8068875,1747065600000000000,2025-05-12T16:00:00Z,360310100.0,,a4700727-4222-4cd2-a636-d6ef926ded72,OrderRole.Standalone,OrderType.Market,_default,,PositionEffect.Close,,360310100.0,False,,OrderSide.Sell,OrderStatus.Filled,601127.SH,,TimeInForce.GTC,,,,1747152000000000000,2025-05-13T16:00:00Z
18.1818,121512096.6696,1747065600000000000,2025-05-12T16:00:00Z,2673268800.0,,d7c3f61c-e563-49fd-87f3-4b54cf7a9e8a,OrderRole.Standalone,OrderType.Market,_default,,PositionEffect.Close,,2673268800.0,False,,OrderSide.Sell,OrderStatus.Filled,601838.SH,,TimeInForce.GTC,,,,1747152000000000000,2025-05-13T16:00:00Z
266.04369,7386303.987315,1747065600000000000,2025-05-12T16:00:00Z,11105400.0,,96c83604-e6cd-4319-aaab-698778dcd29c,OrderRole.Standalone,OrderType.Market,_default,,PositionEffect.Close,,11105400.0,False,,OrderSide.Sell,OrderStatus.Filled,688506.SH,,TimeInForce.GTC,,,,1747152000000000000,2025-05-13T16:00:00Z
49.26922,118819744.89385,1747065600000000000,2025-05-12T16:00:00Z,964657000.0,,04879c32-3a16-40f8-929e-1a83b00a68db,OrderRole.Standalone,OrderType.Market,_default,,PositionEffect.Open,,964657000.0,False,,OrderSide.Buy,OrderStatus.Filled,000733.SZ,,TimeInForce.GTC,,,,1747152000000000000,2025-05-13T16:00:00Z
7.79779,119805990.248945,1747065600000000000,2025-05-12T16:00:00Z,6145638200.0,,18596269-dfe7-4782-a71f-51c4381e4069,OrderRole.Standalone,OrderType.Market,_default,,PositionEffect.Open,,6145638200.0,False,,OrderSide.Buy,OrderStatus.Filled,002602.SZ,,TimeInForce.GTC,,,,1747152000000000000,2025-05-13T16:00:00Z
18.75874,119675625.994925,1747065600000000000,2025-05-12T16:00:00Z,2551890500.0,,bf0ff6d7-cae1-48b8-9322-c788e07c971e,OrderRole.Standalone,OrderType.Market,_default,,PositionEffect.Open,,2551890500.0,False,,OrderSide.Buy,OrderStatus.Filled,300251.SZ,,TimeInForce.GTC,,,,1747152000000000000,2025-05-13T16:00:00Z
98.14805,121036788.6853125,1747065600000000000,2025-05-12T16:00:00Z,493282500.0,,577bd195-2f4d-44df-ae14-7e8ef1e21f31,OrderRole.Standalone,OrderType.Market,_default,,PositionEffect.Open,,493282500.0,False,,OrderSide.Buy,OrderStatus.Filled,300308.SZ,,TimeInForce.GTC,,,,1747152000000000000,2025-05-13T16:00:00Z
22.41239,118192405.4336025,1747065600000000000,2025-05-12T16:00:00Z,2109411900.0,,9d944937-21e7-4fce-bc1e-143f3ec05b1c,OrderRole.Standalone,OrderType.Market,_default,,PositionEffect.Open,,2109411900.0,False,,OrderSide.Buy,OrderStatus.Filled,300433.SZ,,TimeInForce.GTC,,,,1747152000000000000,2025-05-13T16:00:00Z
46.5465,119088231.136875,1747065600000000000,2025-05-12T16:00:00Z,1023391500.0,,27e1a0d9-da0b-461d-b61a-4158793d2417,OrderRole.Standalone,OrderType.Market,_default,,PositionEffect.Open,,1023391500.0,False,,OrderSide.Buy,OrderStatus.Filled,300442.SZ,,TimeInForce.GTC,,,,1747152000000000000,2025-05-13T16:00:00Z
82.05197,122967410.48341751,1747065600000000000,2025-05-12T16:00:00Z,599461100.0,,8e5180e3-50d4-4bd4-af15-8f6e2b27a232,OrderRole.Standalone,OrderType.Market,_default,,PositionEffect.Open,,599461100.0,False,,OrderSide.Buy,OrderStatus.Filled,300476.SZ,,TimeInForce.GTC,,,,1747152000000000000,2025-05-13T16:00:00Z
119.10899,122231729.945325,1747065600000000000,2025-05-12T16:00:00Z,410487000.0,,63a719f1-15be-4d77-8e75-c67d762e6933,OrderRole.Standalone,OrderType.Market,_default,,PositionEffect.Open,,410487000.0,False,,OrderSide.Buy,OrderStatus.Filled,300502.SZ,,TimeInForce.GTC,,,,1747152000000000000,2025-05-13T16:00:00Z
31.6316,120911917.5264,1747065600000000000,2025-05-12T16:00:00Z,1529001600.0,,1dfbf1ff-b4aa-4421-96c3-c55f57f02b6e,OrderRole.Standalone,OrderType.Market,_default,,PositionEffect.Open,,1529001600.0,False,,OrderSide.Buy,OrderStatus.Filled,688183.SH,,TimeInForce.GTC,,,,1747152000000000000,2025-05-13T16:00:00Z
265.72401,118500751.5865425,1747152000000000000,2025-05-13T16:00:00Z,178381700.0,,e923eeb7-f09a-44fb-bcc7-e06b57eca4ef,OrderRole.Standalone,OrderType.Market,_default,,PositionEffect.Close,,178381700.0,False,,OrderSide.Sell,OrderStatus.Filled,688506.SH,,TimeInForce.GTC,,,,1747238400000000000,2025-05-14T16:00:00Z
46.28367,111619665.627975,1749571200000000000,2025-06-10T16:00:00Z,964657000.0,,94574e4b-80a8-4dc1-b2ad-e99e139f9ba1,OrderRole.Standalone,OrderType.Market,_default,,PositionEffect.Close,,964657000.0,False,,OrderSide.Sell,OrderStatus.Filled,000733.SZ,,TimeInForce.GTC,,,,1749657600000000000,2025-06-11T16:00:00Z
9.51048,146119922.97084,1749571200000000000,2025-06-10T16:00:00Z,6145638200.0,,0fec065f-39a0-4b67-8e5b-07fddc3c683c,OrderRole.Standalone,OrderType.Market,_default,,PositionEffect.Close,,6145638200.0,False,,OrderSide.Sell,OrderStatus.Filled,002602.SZ,,TimeInForce.GTC,,,,1749657600000000000,2025-06-11T16:00:00Z
17.90208,114210369.7056,1749571200000000000,2025-06-10T16:00:00Z,2551890500.0,,12ab5d35-260a-454c-9f83-c2df209c5231,OrderRole.Standalone,OrderType.Market,_default,,PositionEffect.Close,,2551890500.0,False,,OrderSide.Sell,OrderStatus.Filled,300251.SZ,,TimeInForce.GTC,,,,1749657600000000000,2025-06-11T16:00:00Z
106.9929,5193114.3873,1749571200000000000,2025-06-10T16:00:00Z,19414800.0,,1c83bbc2-41cd-4c00-9bf4-8e70d02831a9,OrderRole.Standalone,OrderType.Market,_default,,PositionEffect.Close,,19414800.0,False,,OrderSide.Sell,OrderStatus.Filled,300308.SZ,,TimeInForce.GTC,,,,1749657600000000000,2025-06-11T16:00:00Z
44.08587,112792761.5702625,1749571200000000000,2025-06-10T16:00:00Z,1023391500.0,,b0660caf-5fd3-4071-8846-3af425d53908,OrderRole.Standalone,OrderType.Market,_default,,PositionEffect.Close,,1023391500.0,False,,OrderSide.Sell,OrderStatus.Filled,300442.SZ,,TimeInForce.GTC,,,,1749657600000000000,2025-06-11T16:00:00Z
105.2946,31729764.32415,1749571200000000000,2025-06-10T16:00:00Z,120537100.0,,b4a474d9-7b53-44d4-b283-6bdf00949b38,OrderRole.Standalone,OrderType.Market,_default,,PositionEffect.Close,,120537100.0,False,,OrderSide.Sell,OrderStatus.Filled,300476.SZ,,TimeInForce.GTC,,,,1749657600000000000,2025-06-11T16:00:00Z
97.66224,13298642.80524,1749571200000000000,2025-06-10T16:00:00Z,54467900.0,,2ce6a56a-94b9-4b43-ac64-3542392a64d0,OrderRole.Standalone,OrderType.Market,_default,,PositionEffect.Close,,54467900.0,False,,OrderSide.Sell,OrderStatus.Filled,300502.SZ,,TimeInForce.GTC,,,,1749657600000000000,2025-06-11T16:00:00Z
40.61934,27349093.015515,1749571200000000000,2025-06-10T16:00:00Z,269320900.0,,f1b63ad8-73d0-4f3a-a247-88acb0affb1e,OrderRole.Standalone,OrderType.Market,_default,,PositionEffect.Close,,269320900.0,False,,OrderSide.Sell,OrderStatus.Filled,688183.SH,,TimeInForce.GTC,,,,1749657600000000000,2025-06-11T16:00:00Z
91.2912,126139789.776,1749571200000000000,2025-06-10T16:00:00Z,552692000.0,,322a9f78-6391-4c8d-80fd-59ac6b21af60,OrderRole.Standalone,OrderType.Market,_default,,PositionEffect.Open,,552692000.0,False,,OrderSide.Buy,OrderStatus.Filled,688521.SH,,TimeInForce.GTC,,,,1749657600000000000,2025-06-11T16:00:00Z
67.95789,127916592.68388,1749571200000000000,2025-06-10T16:00:00Z,752916800.0,,72f4021a-707c-40b6-9151-0c2f2e8b5dc1,OrderRole.Standalone,OrderType.Market,_default,,PositionEffect.Open,,752916800.0,False,,OrderSide.Buy,OrderStatus.Filled,300394.SZ,,TimeInForce.GTC,,,,1749657600000000000,2025-06-11T16:00:00Z
33.5335,126500274.775875,1749571200000000000,2025-06-10T16:00:00Z,1508942100.0,,4f29c6ad-894f-43a0-8898-bbbbb67c255e,OrderRole.Standalone,OrderType.Market,_default,,PositionEffect.Open,,1508942100.0,False,,OrderSide.Buy,OrderStatus.Filled,300418.SZ,,TimeInForce.GTC,,,,1749657600000000000,2025-06-11T16:00:00Z
112.112,127626843.344,1749571200000000000,2025-06-10T16:00:00Z,455354800.0,,0c1b4851-b0b4-4e2d-ae7a-61c2fefc6ef6,OrderRole.Standalone,OrderType.Market,_default,,PositionEffect.Open,,455354800.0,False,,OrderSide.Buy,OrderStatus.Filled,300866.SZ,,TimeInForce.GTC,,,,1749657600000000000,2025-06-11T16:00:00Z
79.20913,126846233.4664525,1749571200000000000,2025-06-10T16:00:00Z,640563700.0,,7c53de86-3980-4841-a07b-456568ae2717,OrderRole.Standalone,OrderType.Market,_default,,PositionEffect.Open,,640563700.0,False,,OrderSide.Buy,OrderStatus.Filled,302132.SZ,,TimeInForce.GTC,,,,1749657600000000000,2025-06-11T16:00:00Z
21.4214,13896469.1866,1749571200000000000,2025-06-10T16:00:00Z,259487600.0,,620ca422-5591-4ad4-9fdc-5feb609a244c,OrderRole.Standalone,OrderType.Market,_default,,PositionEffect.Open,,259487600.0,False,,OrderSide.Buy,OrderStatus.Filled,300433.SZ,,TimeInForce.GTC,,,,1749657600000000000,2025-06-11T16:00:00Z
114.39549,135520819.3416825,1749657600000000000,2025-06-11T16:00:00Z,473867700.0,,3c67a2ce-432b-4232-a3d3-7f5e6822ec78,OrderRole.Standalone,OrderType.Market,_default,,PositionEffect.Close,,473867700.0,False,,OrderSide.Sell,OrderStatus.Filled,300308.SZ,,TimeInForce.GTC,,,,1749744000000000000,2025-06-12T16:00:00Z
21.3786,126609387.12675,1749657600000000000,2025-06-11T16:00:00Z,2368899500.0,,4f7b2647-92c6-4df6-8ea1-52d30cd15a7f,OrderRole.Standalone,OrderType.Market,_default,,PositionEffect.Close,,2368899500.0,False,,OrderSide.Sell,OrderStatus.Filled,300433.SZ,,TimeInForce.GTC,,,,1749744000000000000,2025-06-12T16:00:00Z
105.45444,126261655.5564,1749657600000000000,2025-06-11T16:00:00Z,478924000.0,,4cfed9d2-6800-42a5-b3e9-8ce8b35b4550,OrderRole.Standalone,OrderType.Market,_default,,PositionEffect.Close,,478924000.0,False,,OrderSide.Sell,OrderStatus.Filled,300476.SZ,,TimeInForce.GTC,,,,1749744000000000000,2025-06-12T16:00:00Z
99.01089,128767103.07342748,1749657600000000000,2025-06-11T16:00:00Z,520213899.99999994,,dd8061ec-b0d4-4ea1-aecc-1e7b006f6bfc,OrderRole.Standalone,OrderType.Market,_default,,PositionEffect.Close,,520213899.99999994,False,,OrderSide.Sell,OrderStatus.Filled,300502.SZ,,TimeInForce.GTC,,,,1749744000000000000,2025-06-12T16:00:00Z
41.74821,131473535.9913675,1749657600000000000,2025-06-11T16:00:00Z,1259680700.0,,ee2355bc-9f98-4e82-b771-ea33638e99f5,OrderRole.Standalone,OrderType.Market,_default,,PositionEffect.Close,,1259680700.0,False,,OrderSide.Sell,OrderStatus.Filled,688183.SH,,TimeInForce.GTC,,,,1749744000000000000,2025-06-12T16:00:00Z
86.07384,162016100.44128,1751990400000000000,2025-07-08T16:00:00Z,752916800.0,,fb7aae8e-a1d0-4b16-99e8-1fd4c28122af,OrderRole.Standalone,OrderType.Market,_default,,PositionEffect.Close,,752916800.0,False,,OrderSide.Sell,OrderStatus.Filled,300394.SZ,,TimeInForce.GTC,,,,1752076800000000000,2025-07-09T16:00:00Z
33.48648,126322898.63202,1751990400000000000,2025-07-08T16:00:00Z,1508942100.0,,3d62929b-fc0b-4cbb-8f1d-8a547d7c4c0c,OrderRole.Standalone,OrderType.Market,_default,,PositionEffect.Close,,1508942100.0,False,,OrderSide.Sell,OrderStatus.Filled,300418.SZ,,TimeInForce.GTC,,,,1752076800000000000,2025-07-09T16:00:00Z
119.43045,135958071.68415,1751990400000000000,2025-07-08T16:00:00Z,455354800.0,,ad2453bb-2570-4b22-a52f-f50e9a33de64,OrderRole.Standalone,OrderType.Market,_default,,PositionEffect.Close,,455354800.0,False,,OrderSide.Sell,OrderStatus.Filled,300866.SZ,,TimeInForce.GTC,,,,1752076800000000000,2025-07-09T16:00:00Z
83.2167,133263993.134475,1751990400000000000,2025-07-08T16:00:00Z,640563700.0,,820db84b-aed5-4137-b9f0-94c2c892700c,OrderRole.Standalone,OrderType.Market,_default,,PositionEffect.Close,,640563700.0,False,,OrderSide.Sell,OrderStatus.Filled,302132.SZ,,TimeInForce.GTC,,,,1752076800000000000,2025-07-09T16:00:00Z
86.913,120090299.49,1751990400000000000,2025-07-08T16:00:00Z,552692000.0,,cc136932-0beb-4b53-b56c-628fc69c0477,OrderRole.Standalone,OrderType.Market,_default,,PositionEffect.Close,,552692000.0,False,,OrderSide.Sell,OrderStatus.Filled,688521.SH,,TimeInForce.GTC,,,,1752076800000000000,2025-07-09T16:00:00Z
47.38734,134817574.64175,1751990400000000000,2025-07-08T16:00:00Z,1138005000.0,,585984f9-2bd5-4e37-8bbb-dcdec9c7a1cb,OrderRole.Standalone,OrderType.Market,_default,,PositionEffect.Open,,1138005000.0,False,,OrderSide.Buy,OrderStatus.Filled,002384.SZ,,TimeInForce.GTC,,,,1752076800000000000,2025-07-09T16:00:00Z
26.04602,131289313.49534,1751990400000000000,2025-07-08T16:00:00Z,2016266800.0,,fc0dba3e-5c18-4918-93cd-fc9e73d290f3,OrderRole.Standalone,OrderType.Market,_default,,PositionEffect.Open,,2016266800.0,False,,OrderSide.Buy,OrderStatus.Filled,002558.SZ,,TimeInForce.GTC,,,,1752076800000000000,2025-07-09T16:00:00Z
13.4134,132991523.71505,1751990400000000000,2025-07-08T16:00:00Z,3965930300.0,,6309d280-6f70-470c-8e70-3c5a95acd5fb,OrderRole.Standalone,OrderType.Market,_default,,PositionEffect.Open,,3965930300.0,False,,OrderSide.Buy,OrderStatus.Filled,002602.SZ,,TimeInForce.GTC,,,,1752076800000000000,2025-07-09T16:00:00Z
39.08905,134715915.58425,1751990400000000000,2025-07-08T16:00:00Z,1378554000.0,,91922fc8-752d-48d4-acf5-d66d125ae623,OrderRole.Standalone,OrderType.Market,_default,,PositionEffect.Open,,1378554000.0,False,,OrderSide.Buy,OrderStatus.Filled,002938.SZ,,TimeInForce.GTC,,,,1752076800000000000,2025-07-09T16:00:00Z
156.156,135054444.525,1751990400000000000,2025-07-08T16:00:00Z,345947500.0,,79b22505-da79-48a9-a0ec-bc422543dfb2,OrderRole.Standalone,OrderType.Market,_default,,PositionEffect.Open,,345947500.0,False,,OrderSide.Buy,OrderStatus.Filled,300476.SZ,,TimeInForce.GTC,,,,1752076800000000000,2025-07-09T16:00:00Z
137.68755,134148050.5740375,1751990400000000000,2025-07-08T16:00:00Z,389717300.0,,1209e9dc-8ef5-45b2-a240-11181045226f,OrderRole.Standalone,OrderType.Market,_default,,PositionEffect.Open,,389717300.0,False,,OrderSide.Buy,OrderStatus.Filled,300502.SZ,,TimeInForce.GTC,,,,1752076800000000000,2025-07-09T16:00:00Z
77.89782,130553455.137105,1751990400000000000,2025-07-08T16:00:00Z,670383100.0,,50a6f7b0-f0e8-4d16-922e-a4a8eb3c1447,OrderRole.Standalone,OrderType.Market,_default,,PositionEffect.Open,,670383100.0,False,,OrderSide.Buy,OrderStatus.Filled,300803.SZ,,TimeInForce.GTC,,,,1752076800000000000,2025-07-09T16:00:00Z
26.9269,133688490.68575,1751990400000000000,2025-07-08T16:00:00Z,1985947000.0,,f4118835-23ba-43ec-a2c6-dd4833895ac9,OrderRole.Standalone,OrderType.Market,_default,,PositionEffect.Open,,1985947000.0,False,,OrderSide.Buy,OrderStatus.Filled,601138.SH,,TimeInForce.GTC,,,,1752076800000000000,2025-07-09T16:00:00Z
49.049,134419581.54625,1751990400000000000,2025-07-08T16:00:00Z,1096206500.0,,72edf78b-1922-4e1f-85e8-c87f4cf5b68e,OrderRole.Standalone,OrderType.Market,_default,,PositionEffect.Open,,1096206500.0,False,,OrderSide.Buy,OrderStatus.Filled,688183.SH,,TimeInForce.GTC,,,,1752076800000000000,2025-07-09T16:00:00Z
26.13611,129276322.149975,1751990400000000000,2025-07-08T16:00:00Z,1978509000.0,,b49d3db8-2214-4757-90c6-18fc666de2fa,OrderRole.Standalone,OrderType.Market,_default,,PositionEffect.Open,,1978509000.0,False,,OrderSide.Buy,OrderStatus.Filled,688303.SH,,TimeInForce.GTC,,,,1752076800000000000,2025-07-09T16:00:00Z
27.66231,139436493.16077,1754409600000000000,2025-08-05T16:00:00Z,2016266800.0,,3a72807b-2c98-492a-8908-c8fd37ff152e,OrderRole.Standalone,OrderType.Market,_default,,PositionEffect.Close,,2016266800.0,False,,OrderSide.Sell,OrderStatus.Filled,002558.SZ,,TimeInForce.GTC,,,,1754496000000000000,2025-08-06T16:00:00Z
14.05593,139362096.7041975,1754409600000000000,2025-08-05T16:00:00Z,3965930300.0,,2e61c02c-67af-4bb5-927a-059656cef6f0,OrderRole.Standalone,OrderType.Market,_default,,PositionEffect.Close,,3965930300.0,False,,OrderSide.Sell,OrderStatus.Filled,002602.SZ,,TimeInForce.GTC,,,,1754496000000000000,2025-08-06T16:00:00Z
48.71124,167877686.8674,1754409600000000000,2025-08-05T16:00:00Z,1378554000.0,,08d34d5d-d958-4103-85cd-7741e4319e1f,OrderRole.Standalone,OrderType.Market,_default,,PositionEffect.Close,,1378554000.0,False,,OrderSide.Sell,OrderStatus.Filled,002938.SZ,,TimeInForce.GTC,,,,1754496000000000000,2025-08-06T16:00:00Z
195.6042,19955198.17665,1754409600000000000,2025-08-05T16:00:00Z,40807300.0,,f86e8176-0da8-43eb-9f25-4a551f74f792,OrderRole.Standalone,OrderType.Market,_default,,PositionEffect.Close,,40807300.0,False,,OrderSide.Sell,OrderStatus.Filled,300476.SZ,,TimeInForce.GTC,,,,1754496000000000000,2025-08-06T16:00:00Z
186.2136,30800008.7604,1754409600000000000,2025-08-05T16:00:00Z,66160600.0,,0de14321-1048-4919-ab21-6fcde3389b9c,OrderRole.Standalone,OrderType.Market,_default,,PositionEffect.Close,,66160600.0,False,,OrderSide.Sell,OrderStatus.Filled,300502.SZ,,TimeInForce.GTC,,,,1754496000000000000,2025-08-06T16:00:00Z
89.91,359392.7475,1754409600000000000,2025-08-05T16:00:00Z,1598900.0,,47f8d603-61d5-4c68-a68c-f6d0e5e1b065,OrderRole.Standalone,OrderType.Market,_default,,PositionEffect.Close,,1598900.0,False,,OrderSide.Sell,OrderStatus.Filled,300803.SZ,,TimeInForce.GTC,,,,1754496000000000000,2025-08-06T16:00:00Z
36.1638,179548475.2965,1754409600000000000,2025-08-05T16:00:00Z,1985947000.0,,e89ef472-e392-43d9-9ec6-987fb2ff325a,OrderRole.Standalone,OrderType.Market,_default,,PositionEffect.Close,,1985947000.0,False,,OrderSide.Sell,OrderStatus.Filled,601138.SH,,TimeInForce.GTC,,,,1754496000000000000,2025-08-06T16:00:00Z
50.66061,12062126.5940175,1754409600000000000,2025-08-05T16:00:00Z,95238700.0,,58054b57-6b47-40de-9fbc-da890309af90,OrderRole.Standalone,OrderType.Market,_default,,PositionEffect.Open,,95238700.0,False,,OrderSide.Buy,OrderStatus.Filled,688183.SH,,TimeInForce.GTC,,,,1754496000000000000,2025-08-06T16:00:00Z
701.21051,152269264.66752,1754409600000000000,2025-08-05T16:00:00Z,86860800.0,,4ef43bc0-ade4-4061-a3c6-f98867d34f3a,OrderRole.Standalone,OrderType.Market,_default,,PositionEffect.Open,,86860800.0,False,,OrderSide.Buy,OrderStatus.Filled,688256.SH,,TimeInForce.GTC,,,,1754496000000000000,2025-08-06T16:00:00Z
26.53651,18709672.52154,1754409600000000000,2025-08-05T16:00:00Z,282021600.0,,6a6d4699-62c4-4a5a-8195-20a8deeac0c9,OrderRole.Standalone,OrderType.Market,_default,,PositionEffect.Open,,282021600.0,False,,OrderSide.Buy,OrderStatus.Filled,688303.SH,,TimeInForce.GTC,,,,1754496000000000000,2025-08-06T16:00:00Z
23.51349,150543638.37513,1754409600000000000,2025-08-05T16:00:00Z,2560974800.0,,1b3cf885-25b8-42a6-a028-d9f9f9609b6b,OrderRole.Standalone,OrderType.Market,_default,,PositionEffect.Open,,2560974800.0,False,,OrderSide.Buy,OrderStatus.Filled,300122.SZ,,TimeInForce.GTC,,,,1754496000000000000,2025-08-06T16:00:00Z
210.73052,150928148.65128,1754409600000000000,2025-08-05T16:00:00Z,286485600.0,,341e82f4-570d-4d73-a24d-13ff0f4f407a,OrderRole.Standalone,OrderType.Market,_default,,PositionEffect.Open,,286485600.0,False,,OrderSide.Buy,OrderStatus.Filled,300308.SZ,,TimeInForce.GTC,,,,1754496000000000000,2025-08-06T16:00:00Z
103.103,150884203.72025,1754409600000000000,2025-08-05T16:00:00Z,585372700.0,,6f28aae9-95fd-4e96-9d7e-d5d0e3abcbcf,OrderRole.Standalone,OrderType.Market,_default,,PositionEffect.Open,,585372700.0,False,,OrderSide.Buy,OrderStatus.Filled,300394.SZ,,TimeInForce.GTC,,,,1754496000000000000,2025-08-06T16:00:00Z
52.32227,2883493.3802675,1754409600000000000,2025-08-05T16:00:00Z,22044100.0,,ed72f2df-b63b-40cd-9d92-a43715240b4b,OrderRole.Standalone,OrderType.Market,_default,,PositionEffect.Open,,22044100.0,False,,OrderSide.Buy,OrderStatus.Filled,002384.SZ,,TimeInForce.GTC,,,,1754496000000000000,2025-08-06T16:00:00Z
51.2487,148627520.777925,1754496000000000000,2025-08-06T16:00:00Z,1160049100.0,,3fe2c709-d548-4d1e-9f89-fe30fff0415f,OrderRole.Standalone,OrderType.Market,_default,,PositionEffect.Close,,1160049100.0,False,,OrderSide.Sell,OrderStatus.Filled,002384.SZ,,TimeInForce.GTC,,,,1754582400000000000,2025-08-07T16:00:00Z
187.94187,143371549.500435,1754496000000000000,2025-08-06T16:00:00Z,305140200.0,,579f1425-e279-48de-ba85-17c815ef4ed3,OrderRole.Standalone,OrderType.Market,_default,,PositionEffect.Close,,305140200.0,False,,OrderSide.Sell,OrderStatus.Filled,300476.SZ,,TimeInForce.GTC,,,,1754582400000000000,2025-08-07T16:00:00Z
182.817,147879163.05975,1754496000000000000,2025-08-06T16:00:00Z,323556700.0,,0769a729-ec5a-40dd-a394-95492768db46,OrderRole.Standalone,OrderType.Market,_default,,PositionEffect.Close,,323556700.0,False,,OrderSide.Sell,OrderStatus.Filled,300502.SZ,,TimeInForce.GTC,,,,1754582400000000000,2025-08-07T16:00:00Z
88.42149,147837238.631145,1754496000000000000,2025-08-06T16:00:00Z,668784200.0,,bfc09013-4a8e-42b0-b845-5a96075dbefc,OrderRole.Standalone,OrderType.Market,_default,,PositionEffect.Close,,668784200.0,False,,OrderSide.Sell,OrderStatus.Filled,300803.SZ,,TimeInForce.GTC,,,,1754582400000000000,2025-08-07T16:00:00Z
49.16079,146430968.18427,1754496000000000000,2025-08-06T16:00:00Z,1191445200.0,,904c4a9f-7f98-489d-83ce-d75339b00770,OrderRole.Standalone,OrderType.Market,_default,,PositionEffect.Close,,1191445200.0,False,,OrderSide.Sell,OrderStatus.Filled,688183.SH,,TimeInForce.GTC,,,,1754582400000000000,2025-08-07T16:00:00Z
26.29368,148594170.56652,1754496000000000000,2025-08-06T16:00:00Z,2260530600.0,,77b7190f-d05c-4592-a694-ed8682922507,OrderRole.Standalone,OrderType.Market,_default,,PositionEffect.Close,,2260530600.0,False,,OrderSide.Sell,OrderStatus.Filled,688303.SH,,TimeInForce.GTC,,,,1754582400000000000,2025-08-07T16:00:00Z
21.85812,139945236.23844,1756828800000000000,2025-09-02T16:00:00Z,2560974800.0,,95adbca7-c265-4dea-ae7b-c82aafb42b33,OrderRole.Standalone,OrderType.Market,_default,,PositionEffect.Close,,2560974800.0,False,,OrderSide.Sell,OrderStatus.Filled,300122.SZ,,TimeInForce.GTC,,,,1756915200000000000,2025-09-03T16:00:00Z
435.564,118561283.037,1756828800000000000,2025-09-02T16:00:00Z,108880700.0,,30be0189-d76a-462c-b755-09f4dab1e5d2,OrderRole.Standalone,OrderType.Market,_default,,PositionEffect.Close,,108880700.0,False,,OrderSide.Sell,OrderStatus.Filled,300308.SZ,,TimeInForce.GTC,,,,1756915200000000000,2025-09-03T16:00:00Z
204.795,110944619.325,1756828800000000000,2025-09-02T16:00:00Z,216694000.0,,e4363bb2-a252-4d48-b3ee-b1ed4573e101,OrderRole.Standalone,OrderType.Market,_default,,PositionEffect.Close,,216694000.0,False,,OrderSide.Sell,OrderStatus.Filled,300394.SZ,,TimeInForce.GTC,,,,1756915200000000000,2025-09-03T16:00:00Z
1373.625,113277359.25,1756828800000000000,2025-09-02T16:00:00Z,32986400.0,,3d3281a8-2f10-4380-8d4f-ab7c64eb1631,OrderRole.Standalone,OrderType.Market,_default,,PositionEffect.Close,,32986400.0,False,,OrderSide.Sell,OrderStatus.Filled,688256.SH,,TimeInForce.GTC,,,,1756915200000000000,2025-09-03T16:00:00Z
73.82375,189422754.4584375,1756828800000000000,2025-09-02T16:00:00Z,1026351300.0,,7916c960-149d-4477-a2a5-e695ca194d2e,OrderRole.Standalone,OrderType.Market,_default,,PositionEffect.Open,,1026351300.0,False,,OrderSide.Buy,OrderStatus.Filled,002837.SZ,,TimeInForce.GTC,,,,1756915200000000000,2025-09-03T16:00:00Z
44.87483,193171570.0489575,1756828800000000000,2025-09-02T16:00:00Z,1721870100.0,,474ad8cb-91e9-4f98-a80c-85641795af2b,OrderRole.Standalone,OrderType.Market,_default,,PositionEffect.Open,,1721870100.0,False,,OrderSide.Buy,OrderStatus.Filled,300450.SZ,,TimeInForce.GTC,,,,1756915200000000000,2025-09-03T16:00:00Z
285.285,199716902.385,1756828800000000000,2025-09-02T16:00:00Z,280024400.0,,8ae4e63e-c92d-4251-9bc6-02a4fbccd818,OrderRole.Standalone,OrderType.Market,_default,,PositionEffect.Open,,280024400.0,False,,OrderSide.Buy,OrderStatus.Filled,300476.SZ,,TimeInForce.GTC,,,,1756915200000000000,2025-09-03T16:00:00Z
138.24811,189669943.8208575,1756828800000000000,2025-09-02T16:00:00Z,548781300.0,,22e38a9b-8617-411b-97d7-9d59b634c838,OrderRole.Standalone,OrderType.Market,_default,,PositionEffect.Open,,548781300.0,False,,OrderSide.Buy,OrderStatus.Filled,300803.SZ,,TimeInForce.GTC,,,,1756915200000000000,2025-09-03T16:00:00Z
90.40031,189422752.9669475,1756828800000000000,2025-09-02T16:00:00Z,838150900.0,,b0397c9a-c10c-4dea-8839-458695d660f7,OrderRole.Standalone,OrderType.Market,_default,,PositionEffect.Open,,838150900.0,False,,OrderSide.Buy,OrderStatus.Filled,301165.SZ,,TimeInForce.GTC,,,,1756915200000000000,2025-09-03T16:00:00Z
83.6836,192695819.8165,1756828800000000000,2025-09-02T16:00:00Z,921068500.0,,7588b01d-20ce-4712-a059-1b798db91757,OrderRole.Standalone,OrderType.Market,_default,,PositionEffect.Open,,921068500.0,False,,OrderSide.Buy,OrderStatus.Filled,688183.SH,,TimeInForce.GTC,,,,1756915200000000000,2025-09-03T16:00:00Z
383.383,196231904.869,1756828800000000000,2025-09-02T16:00:00Z,204737200.0,,f1619362-6f26-474a-adf6-e6e3d674e892,OrderRole.Standalone,OrderType.Market,_default,,PositionEffect.Open,,204737200.0,False,,OrderSide.Buy,OrderStatus.Filled,300502.SZ,,TimeInForce.GTC,,,,1756915200000000000,2025-09-03T16:00:00Z
377.64198,167677665.234255,1756915200000000000,2025-09-03T16:00:00Z,177604900.0,,b590f505-16f2-4fd5-9f64-18fcccf1a23c,OrderRole.Standalone,OrderType.Market,_default,,PositionEffect.Close,,177604900.0,False,,OrderSide.Sell,OrderStatus.Filled,300308.SZ,,TimeInForce.GTC,,,,1757001600000000000,2025-09-04T16:00:00Z
176.61321,162783821.6640675,1756915200000000000,2025-09-03T16:00:00Z,368678700.0,,0925499a-3f8c-424a-a60d-3a5c0031e0f5,OrderRole.Standalone,OrderType.Market,_default,,PositionEffect.Close,,368678700.0,False,,OrderSide.Sell,OrderStatus.Filled,300394.SZ,,TimeInForce.GTC,,,,1757001600000000000,2025-09-04T16:00:00Z
1218.78,164152603.08,1756915200000000000,2025-09-03T16:00:00Z,53874400.0,,b558c749-48a2-4213-a235-a414fa904828,OrderRole.Standalone,OrderType.Market,_default,,PositionEffect.Close,,53874400.0,False,,OrderSide.Sell,OrderStatus.Filled,688256.SH,,TimeInForce.GTC,,,,1757001600000000000,2025-09-04T16:00:00Z
77.29263,198323478.2022975,1759939200000000000,2025-10-08T16:00:00Z,1026351300.0,,d141d76b-4a65-4b8d-a975-3c0a96768196,OrderRole.Standalone,OrderType.Market,_default,,PositionEffect.Close,,1026351300.0,False,,OrderSide.Sell,OrderStatus.Filled,002837.SZ,,TimeInForce.GTC,,,,1760025600000000000,2025-10-09T16:00:00Z
59.94,258022234.485,1759939200000000000,2025-10-08T16:00:00Z,1721870100.0,,611a0172-8214-4fe2-85a9-fe579f1eaac0,OrderRole.Standalone,OrderType.Market,_default,,PositionEffect.Close,,1721870100.0,False,,OrderSide.Sell,OrderStatus.Filled,300450.SZ,,TimeInForce.GTC,,,,1760025600000000000,2025-10-09T16:00:00Z
279.72,195821062.92,1759939200000000000,2025-10-08T16:00:00Z,280024400.0,,ecd41d48-065f-4b01-9f38-cb3a5aebc2ce,OrderRole.Standalone,OrderType.Market,_default,,PositionEffect.Close,,280024400.0,False,,OrderSide.Sell,OrderStatus.Filled,300476.SZ,,TimeInForce.GTC,,,,1760025600000000000,2025-10-09T16:00:00Z
354.65499,181527674.04657,1759939200000000000,2025-10-08T16:00:00Z,204737200.0,,01c104be-bfbb-407a-8ed9-b1522c616363,OrderRole.Standalone,OrderType.Market,_default,,PositionEffect.Close,,204737200.0,False,,OrderSide.Sell,OrderStatus.Filled,300502.SZ,,TimeInForce.GTC,,,,1760025600000000000,2025-10-09T16:00:00Z
164.49534,225679916.322855,1759939200000000000,2025-10-08T16:00:00Z,548781300.0,,b241e643-b1f2-4483-9b5e-483295d34a14,OrderRole.Standalone,OrderType.Market,_default,,PositionEffect.Close,,548781300.0,False,,OrderSide.Sell,OrderStatus.Filled,300803.SZ,,TimeInForce.GTC,,,,1760025600000000000,2025-10-09T16:00:00Z
90.64926,189944397.133335,1759939200000000000,2025-10-08T16:00:00Z,838150900.0,,82f74144-8417-4cc3-85b2-83e2e0c18e70,OrderRole.Standalone,OrderType.Market,_default,,PositionEffect.Close,,838150900.0,False,,OrderSide.Sell,OrderStatus.Filled,301165.SZ,,TimeInForce.GTC,,,,1760025600000000000,2025-10-09T16:00:00Z
78.70122,181223036.633925,1759939200000000000,2025-10-08T16:00:00Z,921068500.0,,d4f6411a-63de-4628-8d8a-264b063886ea,OrderRole.Standalone,OrderType.Market,_default,,PositionEffect.Close,,921068500.0,False,,OrderSide.Sell,OrderStatus.Filled,688183.SH,,TimeInForce.GTC,,,,1760025600000000000,2025-10-09T16:00:00Z
4.49449,190802108.6296325,1759939200000000000,2025-10-08T16:00:00Z,16980979700.0,,20387f87-3ceb-441a-98d9-3c5edda5e9b7,OrderRole.Standalone,OrderType.Market,_default,,PositionEffect.Open,,16980979700.0,False,,OrderSide.Buy,OrderStatus.Filled,000100.SZ,,TimeInForce.GTC,,,,1760025600000000000,2025-10-09T16:00:00Z
21.021,189843967.06275,1759939200000000000,2025-10-08T16:00:00Z,3612463100.0,,5915236b-e8b0-411c-b3ad-b58ceb8a1529,OrderRole.Standalone,OrderType.Market,_default,,PositionEffect.Open,,3612463100.0,False,,OrderSide.Buy,OrderStatus.Filled,002236.SZ,,TimeInForce.GTC,,,,1760025600000000000,2025-10-09T16:00:00Z
67.067,191737846.3,1759939200000000000,2025-10-08T16:00:00Z,1143560000.0,,ccff695f-8ebe-4ef5-8541-d7e1727654c4,OrderRole.Standalone,OrderType.Market,_default,,PositionEffect.Open,,1143560000.0,False,,OrderSide.Buy,OrderStatus.Filled,002460.SZ,,TimeInForce.GTC,,,,1760025600000000000,2025-10-09T16:00:00Z
64.5645,189304034.044125,1759939200000000000,2025-10-08T16:00:00Z,1172805700.0,,66aca6e7-b38a-4ccd-9ba9-4268dd9c8f12,OrderRole.Standalone,OrderType.Market,_default,,PositionEffect.Open,,1172805700.0,False,,OrderSide.Buy,OrderStatus.Filled,002475.SZ,,TimeInForce.GTC,,,,1760025600000000000,2025-10-09T16:00:00Z
399.40901,191748077.816295,1759939200000000000,2025-10-08T16:00:00Z,192031800.0,,c502322a-0939-40a2-b220-2725ca0b7e83,OrderRole.Standalone,OrderType.Market,_default,,PositionEffect.Open,,192031800.0,False,,OrderSide.Buy,OrderStatus.Filled,300308.SZ,,TimeInForce.GTC,,,,1760025600000000000,2025-10-09T16:00:00Z
178.178,183211884.856,1759939200000000000,2025-10-08T16:00:00Z,411300800.0,,79fbcef3-7115-422c-8f61-839d3c4f44f9,OrderRole.Standalone,OrderType.Market,_default,,PositionEffect.Open,,411300800.0,False,,OrderSide.Buy,OrderStatus.Filled,301308.SZ,,TimeInForce.GTC,,,,1760025600000000000,2025-10-09T16:00:00Z
19.87986,194392686.26778,1759939200000000000,2025-10-08T16:00:00Z,3911349200.0,,e606966e-8eeb-4247-8c6f-284cb7ba35f7,OrderRole.Standalone,OrderType.Market,_default,,PositionEffect.Open,,3911349200.0,False,,OrderSide.Buy,OrderStatus.Filled,600089.SH,,TimeInForce.GTC,,,,1760025600000000000,2025-10-09T16:00:00Z
23.50348,186566710.91058,1759939200000000000,2025-10-08T16:00:00Z,3175133400.0,,24d5ef84-cd45-4dcf-b789-b8b4c57e63ad,OrderRole.Standalone,OrderType.Market,_default,,PositionEffect.Open,,3175133400.0,False,,OrderSide.Buy,OrderStatus.Filled,600489.SH,,TimeInForce.GTC,,,,1760025600000000000,2025-10-09T16:00:00Z
68.068,185408110.888,1759939200000000000,2025-10-08T16:00:00Z,1089546400.0,,568f728c-054c-43cd-9901-d087b2450316,OrderRole.Standalone,OrderType.Market,_default,,PositionEffect.Open,,1089546400.0,False,,OrderSide.Buy,OrderStatus.Filled,603799.SH,,TimeInForce.GTC,,,,1760025600000000000,2025-10-09T16:00:00Z
267.267,184280730.1335,1759939200000000000,2025-10-08T16:00:00Z,275800200.0,,75a49cb9-98eb-4b0c-af6c-ac4977bd16b9,OrderRole.Standalone,OrderType.Market,_default,,PositionEffect.Open,,275800200.0,False,,OrderSide.Buy,OrderStatus.Filled,688072.SH,,TimeInForce.GTC,,,,1760025600000000000,2025-10-09T16:00:00Z
4.26573,181090686.3392025,1762358400000000000,2025-11-05T16:00:00Z,16980979700.0,,f4417a36-9127-4124-b4eb-31f00eec0705,OrderRole.Standalone,OrderType.Market,_default,,PositionEffect.Close,,16980979700.0,False,,OrderSide.Sell,OrderStatus.Filled,000100.SZ,,TimeInForce.GTC,,,,1762444800000000000,2025-11-06T16:00:00Z
20.42955,184502488.8115125,1762358400000000000,2025-11-05T16:00:00Z,3612463100.0,,a91d4393-f068-4925-859f-7e5f8a175feb,OrderRole.Standalone,OrderType.Market,_default,,PositionEffect.Close,,3612463100.0,False,,OrderSide.Sell,OrderStatus.Filled,002236.SZ,,TimeInForce.GTC,,,,1762444800000000000,2025-11-06T16:00:00Z
70.1298,200494085.22,1762358400000000000,2025-11-05T16:00:00Z,1143560000.0,,89755f8f-9cad-46bf-ab79-2c3c85820cde,OrderRole.Standalone,OrderType.Market,_default,,PositionEffect.Close,,1143560000.0,False,,OrderSide.Sell,OrderStatus.Filled,002460.SZ,,TimeInForce.GTC,,,,1762444800000000000,2025-11-06T16:00:00Z
60.65928,177853873.35474,1762358400000000000,2025-11-05T16:00:00Z,1172805700.0,,d71cf06c-0ca2-4582-8180-b868eb59b43f,OrderRole.Standalone,OrderType.Market,_default,,PositionEffect.Close,,1172805700.0,False,,OrderSide.Sell,OrderStatus.Filled,002475.SZ,,TimeInForce.GTC,,,,1762444800000000000,2025-11-06T16:00:00Z
490.509,235483315.4655,1762358400000000000,2025-11-05T16:00:00Z,192031800.0,,cd50a1a2-864f-464c-ad0a-49fc60844ec8,OrderRole.Standalone,OrderType.Market,_default,,PositionEffect.Close,,192031800.0,False,,OrderSide.Sell,OrderStatus.Filled,300308.SZ,,TimeInForce.GTC,,,,1762444800000000000,2025-11-06T16:00:00Z
264.9348,69739847.1432,1762358400000000000,2025-11-05T16:00:00Z,105293600.0,,e5c2d037-e1f4-454e-a14f-fe38e121c971,OrderRole.Standalone,OrderType.Market,_default,,PositionEffect.Close,,105293600.0,False,,OrderSide.Sell,OrderStatus.Filled,301308.SZ,,TimeInForce.GTC,,,,1762444800000000000,2025-11-06T16:00:00Z
25.4745,43183474.423875,1762358400000000000,2025-11-05T16:00:00Z,678065900.0,,22f53cb0-8aa8-4557-9520-01665555bfbb,OrderRole.Standalone,OrderType.Market,_default,,PositionEffect.Close,,678065900.0,False,,OrderSide.Sell,OrderStatus.Filled,600089.SH,,TimeInForce.GTC,,,,1762444800000000000,2025-11-06T16:00:00Z
21.03894,167003602.73649,1762358400000000000,2025-11-05T16:00:00Z,3175133400.0,,59975b1a-b572-47f7-b430-dcc5cdf648f0,OrderRole.Standalone,OrderType.Market,_default,,PositionEffect.Close,,3175133400.0,False,,OrderSide.Sell,OrderStatus.Filled,600489.SH,,TimeInForce.GTC,,,,1762444800000000000,2025-11-06T16:00:00Z
61.5384,167622355.4544,1762358400000000000,2025-11-05T16:00:00Z,1089546400.0,,68cbd380-ca89-4c3e-9878-6f20e329ff49,OrderRole.Standalone,OrderType.Market,_default,,PositionEffect.Close,,1089546400.0,False,,OrderSide.Sell,OrderStatus.Filled,603799.SH,,TimeInForce.GTC,,,,1762444800000000000,2025-11-06T16:00:00Z
324.52515,20301887.7275625,1762358400000000000,2025-11-05T16:00:00Z,25023500.0,,30d3f8a3-518c-448a-b24e-92671687de73,OrderRole.Standalone,OrderType.Market,_default,,PositionEffect.Close,,25023500.0,False,,OrderSide.Sell,OrderStatus.Filled,688072.SH,,TimeInForce.GTC,,,,1762444800000000000,2025-11-06T16:00:00Z
21.69167,209516483.7440675,1762358400000000000,2025-11-05T16:00:00Z,3863538100.0,,91c120a8-52bc-4b0a-b697-9704f18ac65d,OrderRole.Standalone,OrderType.Market,_default,,PositionEffect.Open,,3863538100.0,False,,OrderSide.Buy,OrderStatus.Filled,688472.SH,,TimeInForce.GTC,,,,1762444800000000000,2025-11-06T16:00:00Z
56.90685,205228750.0263,1762358400000000000,2025-11-05T16:00:00Z,1442559200.0,,5056fc81-cc50-47ea-be82-e1720ad16aa2,OrderRole.Standalone,OrderType.Market,_default,,PositionEffect.Open,,1442559200.0,False,,OrderSide.Buy,OrderStatus.Filled,000408.SZ,,TimeInForce.GTC,,,,1762444800000000000,2025-11-06T16:00:00Z
39.98995,205636550.8322125,1762358400000000000,2025-11-05T16:00:00Z,2056882300.0,,5aa5c8e5-1f00-4f30-a430-f2eebcd023d3,OrderRole.Standalone,OrderType.Market,_default,,PositionEffect.Open,,2056882300.0,False,,OrderSide.Buy,OrderStatus.Filled,000651.SZ,,TimeInForce.GTC,,,,1762444800000000000,2025-11-06T16:00:00Z
146.21607,203570785.6182,1762358400000000000,2025-11-05T16:00:00Z,556904000.0,,5631c208-8b42-4f70-bb97-77a967066bd2,OrderRole.Standalone,OrderType.Market,_default,,PositionEffect.Open,,556904000.0,False,,OrderSide.Buy,OrderStatus.Filled,002028.SZ,,TimeInForce.GTC,,,,1762444800000000000,2025-11-06T16:00:00Z
97.097,204744851.311,1762358400000000000,2025-11-05T16:00:00Z,843465200.0,,4453434f-d7e5-44a1-85bd-9acb7afee3cb,OrderRole.Standalone,OrderType.Market,_default,,PositionEffect.Open,,843465200.0,False,,OrderSide.Buy,OrderStatus.Filled,002594.SZ,,TimeInForce.GTC,,,,1762444800000000000,2025-11-06T16:00:00Z
202.21201,202445109.8945275,1762358400000000000,2025-11-05T16:00:00Z,400461100.0,,2637667a-ff3d-4a19-abec-0b5507bc2b1c,OrderRole.Standalone,OrderType.Market,_default,,PositionEffect.Open,,400461100.0,False,,OrderSide.Buy,OrderStatus.Filled,300274.SZ,,TimeInForce.GTC,,,,1762444800000000000,2025-11-06T16:00:00Z
14.83482,205426608.92754,1762358400000000000,2025-11-05T16:00:00Z,5539038800.0,,d5494a59-4900-4311-bd5d-83529a23b011,OrderRole.Standalone,OrderType.Market,_default,,PositionEffect.Open,,5539038800.0,False,,OrderSide.Buy,OrderStatus.Filled,601898.SH,,TimeInForce.GTC,,,,1762444800000000000,2025-11-06T16:00:00Z
291.708,223161870.744,1762444800000000000,2025-11-06T16:00:00Z,306007200.0,,2787bb61-bc18-4c89-a159-f081e809fd46,OrderRole.Standalone,OrderType.Market,_default,,PositionEffect.Close,,306007200.0,False,,OrderSide.Sell,OrderStatus.Filled,301308.SZ,,TimeInForce.GTC,,,,1762704000000000000,2025-11-09T16:00:00Z
26.74323,216171097.3676475,1762444800000000000,2025-11-06T16:00:00Z,3233283300.0,,06df3d75-3272-44cb-8e3d-5a35ccd6142b,OrderRole.Standalone,OrderType.Market,_default,,PositionEffect.Close,,3233283300.0,False,,OrderSide.Sell,OrderStatus.Filled,600089.SH,,TimeInForce.GTC,,,,1762704000000000000,2025-11-09T16:00:00Z
342.657,214825979.22975,1762444800000000000,2025-11-06T16:00:00Z,250776700.0,,000537ef-afce-4bce-9caf-0ea5e40e3ea8,OrderRole.Standalone,OrderType.Market,_default,,PositionEffect.Close,,250776700.0,False,,OrderSide.Sell,OrderStatus.Filled,688072.SH,,TimeInForce.GTC,,,,1762704000000000000,2025-11-09T16:00:00Z
66.933,241387037.334,1764777600000000000,2025-12-03T16:00:00Z,1442559200.0,,3e4746b4-a260-4e90-a453-f73ef257d3b4,OrderRole.Standalone,OrderType.Market,_default,,PositionEffect.Close,,1442559200.0,False,,OrderSide.Sell,OrderStatus.Filled,000408.SZ,,TimeInForce.GTC,,,,1764864000000000000,2025-12-04T16:00:00Z
40.89906,210311381.501595,1764777600000000000,2025-12-03T16:00:00Z,2056882300.0,,37738c12-9f6f-48e8-a226-87df5323d44a,OrderRole.Standalone,OrderType.Market,_default,,PositionEffect.Close,,2056882300.0,False,,OrderSide.Sell,OrderStatus.Filled,000651.SZ,,TimeInForce.GTC,,,,1764864000000000000,2025-12-04T16:00:00Z
149.28057,207837366.3882,1764777600000000000,2025-12-03T16:00:00Z,556904000.0,,76ccb3ad-d5bc-4409-9c03-c023d2b46241,OrderRole.Standalone,OrderType.Market,_default,,PositionEffect.Close,,556904000.0,False,,OrderSide.Sell,OrderStatus.Filled,002028.SZ,,TimeInForce.GTC,,,,1764864000000000000,2025-12-04T16:00:00Z
95.19471,200733562.77273,1764777600000000000,2025-12-03T16:00:00Z,843465200.0,,b6830370-d3ca-43f8-bc80-83960978cc97,OrderRole.Standalone,OrderType.Market,_default,,PositionEffect.Close,,843465200.0,False,,OrderSide.Sell,OrderStatus.Filled,002594.SZ,,TimeInForce.GTC,,,,1764864000000000000,2025-12-04T16:00:00Z
179.82,180027287.505,1764777600000000000,2025-12-03T16:00:00Z,400461100.0,,9af73fac-d6be-4c99-a6b6-e87bb4e2cc9f,OrderRole.Standalone,OrderType.Market,_default,,PositionEffect.Close,,400461100.0,False,,OrderSide.Sell,OrderStatus.Filled,300274.SZ,,TimeInForce.GTC,,,,1764864000000000000,2025-12-04T16:00:00Z
13.85613,191874104.21961,1764777600000000000,2025-12-03T16:00:00Z,5539038800.0,,78c67b46-990d-4ad9-8be8-6420eb43daa2,OrderRole.Standalone,OrderType.Market,_default,,PositionEffect.Close,,5539038800.0,False,,OrderSide.Sell,OrderStatus.Filled,601898.SH,,TimeInForce.GTC,,,,1764864000000000000,2025-12-04T16:00:00Z
15.5844,150527307.9141,1764777600000000000,2025-12-03T16:00:00Z,3863538100.0,,c8bce1c6-3163-4bb4-b89a-cb97b054a54c,OrderRole.Standalone,OrderType.Market,_default,,PositionEffect.Close,,3863538100.0,False,,OrderSide.Sell,OrderStatus.Filled,688472.SH,,TimeInForce.GTC,,,,1764864000000000000,2025-12-04T16:00:00Z
17.27726,201742314.81404,1764777600000000000,2025-12-03T16:00:00Z,4670701600.0,,1becc5b5-9cb0-4898-9bbe-878231eb313c,OrderRole.Standalone,OrderType.Market,_default,,PositionEffect.Open,,4670701600.0,False,,OrderSide.Buy,OrderStatus.Filled,002602.SZ,,TimeInForce.GTC,,,,1764864000000000000,2025-12-04T16:00:00Z
71.61154,204210707.886185,1764777600000000000,2025-12-03T16:00:00Z,1140658100.0,,4f3e5f0a-f97c-4ea2-8a95-956c84ab7c51,OrderRole.Standalone,OrderType.Market,_default,,PositionEffect.Open,,1140658100.0,False,,OrderSide.Buy,OrderStatus.Filled,002837.SZ,,TimeInForce.GTC,,,,1764864000000000000,2025-12-04T16:00:00Z
195.74555,202585731.4355875,1764777600000000000,2025-12-03T16:00:00Z,413977700.0,,b34e3ca6-2090-4ea9-a7d0-ab87b54dedfe,OrderRole.Standalone,OrderType.Market,_default,,PositionEffect.Open,,413977700.0,False,,OrderSide.Buy,OrderStatus.Filled,002916.SZ,,TimeInForce.GTC,,,,1764864000000000000,2025-12-04T16:00:00Z
540.06953,203849379.1158825,1764777600000000000,2025-12-03T16:00:00Z,150980100.0,,86a01e08-0ee3-4c6e-9095-9f16c0e5399f,OrderRole.Standalone,OrderType.Market,_default,,PositionEffect.Open,,150980100.0,False,,OrderSide.Buy,OrderStatus.Filled,300308.SZ,,TimeInForce.GTC,,,,1764864000000000000,2025-12-04T16:00:00Z
193.18299,208673754.41913,1764777600000000000,2025-12-03T16:00:00Z,432074800.0,,e61e75e7-cccf-457f-b724-52d047e8c93f,OrderRole.Standalone,OrderType.Market,_default,,PositionEffect.Open,,432074800.0,False,,OrderSide.Buy,OrderStatus.Filled,300394.SZ,,TimeInForce.GTC,,,,1764864000000000000,2025-12-04T16:00:00Z
275.35508,203124210.76948,1764777600000000000,2025-12-03T16:00:00Z,295072400.0,,6c95e052-d599-440f-944f-0fbaa9da8ff3,OrderRole.Standalone,OrderType.Market,_default,,PositionEffect.Open,,295072400.0,False,,OrderSide.Buy,OrderStatus.Filled,300476.SZ,,TimeInForce.GTC,,,,1764864000000000000,2025-12-04T16:00:00Z
240.57033,203682719.01978,1764777600000000000,2025-12-03T16:00:00Z,338666400.0,,6675a671-0d23-4463-ad47-99a5b0d10587,OrderRole.Standalone,OrderType.Market,_default,,PositionEffect.Open,,338666400.0,False,,OrderSide.Buy,OrderStatus.Filled,301308.SZ,,TimeInForce.GTC,,,,1764864000000000000,2025-12-04T16:00:00Z
62.05199,204270916.0316825,1764777600000000000,2025-12-03T16:00:00Z,1316772700.0,,3e85add5-584b-4fb4-bc28-415999291467,OrderRole.Standalone,OrderType.Market,_default,,PositionEffect.Open,,1316772700.0,False,,OrderSide.Buy,OrderStatus.Filled,601138.SH,,TimeInForce.GTC,,,,1764864000000000000,2025-12-04T16:00:00Z
93.38329,204054698.51516753,1764777600000000000,2025-12-03T16:00:00Z,874052300.0,,09e5a6e4-bc60-4a30-bb28-fa078d461d9d,OrderRole.Standalone,OrderType.Market,_default,,PositionEffect.Open,,874052300.0,False,,OrderSide.Buy,OrderStatus.Filled,688183.SH,,TimeInForce.GTC,,,,1764864000000000000,2025-12-04T16:00:00Z
382.03165,206327271.50035,1764777600000000000,2025-12-03T16:00:00Z,216031600.0,,d153d44a-4420-4b9e-8b9d-f9564dee62c8,OrderRole.Standalone,OrderType.Market,_default,,PositionEffect.Open,,216031600.0,False,,OrderSide.Buy,OrderStatus.Filled,300502.SZ,,TimeInForce.GTC,,,,1764864000000000000,2025-12-04T16:00:00Z
,0.0,1767110400000000000,2025-12-30T16:00:00Z,0.0,,c891af70-0dca-4919-8937-b166b1db3514,OrderRole.Standalone,OrderType.Market,_default,,PositionEffect.Close,,216031600.00000003,False,,OrderSide.Sell,OrderStatus.New,300502.SZ,,TimeInForce.GTC,,,,1767110400000000000,2025-12-30T16:00:00Z
,0.0,1767110400000000000,2025-12-30T16:00:00Z,0.0,,d5f7a9b9-af53-4cc2-9a19-6a16c72b8d58,OrderRole.Standalone,OrderType.Market,_default,,PositionEffect.Close,,150980100.0,False,,OrderSide.Sell,OrderStatus.New,300308.SZ,,TimeInForce.GTC,,,,1767110400000000000,2025-12-30T16:00:00Z
,0.0,1767110400000000000,2025-12-30T16:00:00Z,0.0,,2d68fd30-ee3f-49c5-bee9-020b8dd8e415,OrderRole.Standalone,OrderType.Market,_default,,PositionEffect.Close,,295072400.0,False,,OrderSide.Sell,OrderStatus.New,300476.SZ,,TimeInForce.GTC,,,,1767110400000000000,2025-12-30T16:00:00Z
,0.0,1767110400000000000,2025-12-30T16:00:00Z,0.0,,0edfb2ac-29a4-4f42-bc3f-376accefdd6a,OrderRole.Standalone,OrderType.Market,_default,,PositionEffect.Close,,874052300.0,False,,OrderSide.Sell,OrderStatus.New,688183.SH,,TimeInForce.GTC,,,,1767110400000000000,2025-12-30T16:00:00Z
,0.0,1767110400000000000,2025-12-30T16:00:00Z,0.0,,c506ae56-bc62-4f91-9489-423ead7489c3,OrderRole.Standalone,OrderType.Market,_default,,PositionEffect.Close,,338666400.0,False,,OrderSide.Sell,OrderStatus.New,301308.SZ,,TimeInForce.GTC,,,,1767110400000000000,2025-12-30T16:00:00Z
,0.0,1767110400000000000,2025-12-30T16:00:00Z,0.0,,243ed631-9878-423f-89b0-8efcbd9889c4,OrderRole.Standalone,OrderType.Market,_default,,PositionEffect.Close,,432074800.0,False,,OrderSide.Sell,OrderStatus.New,300394.SZ,,TimeInForce.GTC,,,,1767110400000000000,2025-12-30T16:00:00Z
,0.0,1767110400000000000,2025-12-30T16:00:00Z,0.0,,4762b186-69b8-44b1-942f-4c98e4067fb7,OrderRole.Standalone,OrderType.Market,_default,,PositionEffect.Close,,1316772700.0,False,,OrderSide.Sell,OrderStatus.New,601138.SH,,TimeInForce.GTC,,,,1767110400000000000,2025-12-30T16:00:00Z
,0.0,1767110400000000000,2025-12-30T16:00:00Z,0.0,,d6b891d9-ff4c-4892-8cfa-dc2942173501,OrderRole.Standalone,OrderType.Market,_default,,PositionEffect.Close,,413977700.0,False,,OrderSide.Sell,OrderStatus.New,002916.SZ,,TimeInForce.GTC,,,,1767110400000000000,2025-12-30T16:00:00Z
,0.0,1767110400000000000,2025-12-30T16:00:00Z,0.0,,0a38dd55-c8a6-4620-a108-7392c5033bd5,OrderRole.Standalone,OrderType.Market,_default,,PositionEffect.Close,,4670701600.0,False,,OrderSide.Sell,OrderStatus.New,002602.SZ,,TimeInForce.GTC,,,,1767110400000000000,2025-12-30T16:00:00Z
,0.0,1767110400000000000,2025-12-30T16:00:00Z,0.0,,5f383384-b2fc-43cf-8c5d-c3074bd44791,OrderRole.Standalone,OrderType.Market,_default,,PositionEffect.Close,,1140658100.0,False,,OrderSide.Sell,OrderStatus.New,002837.SZ,,TimeInForce.GTC,,,,1767110400000000000,2025-12-30T16:00:00Z
