[01:37:23] V41 v34 [V14_10]: picks=194; window_end=2025-12-31; actions=on
[01:37:23] universe=313 symbols
[01:37:24] data=313 symbols, bounds=2010-01-04 00:00:00..2025-12-31 00:00:00
[01:37:25] panel_days: 3886 trading days (2010-01-04..2025-12-31)
[01:37:25] corporate actions[all]: 4689 (dividend=4060, split=629)
2026-10-10 01:37:28 | INFO | akquant.backtest | Running backtest via run_backtest()...
2026-10-10 01:37:29 | INFO | akquant.strategy | [2010-01-20 00:00:00] rebalance 2010-01-20: 10 stocks
2026-10-10 01:37:29 | INFO | akquant.strategy | [2010-02-24 00:00:00] rebalance 2010-02-24: 10 stocks
2026-10-10 01:37:29 | WARNING | akquant.execution.simulated | Deferred same-cycle order until cross-symbol reduce-first orders finish in current slice
2026-10-10 01:37:29 | WARNING | akquant.execution.simulated | Deferred same-cycle order until cross-symbol reduce-first orders finish in current slice
2026-10-10 01:37:29 | WARNING | akquant.execution.simulated | Deferred same-cycle order until cross-symbol reduce-first orders finish in current slice
2026-10-10 01:37:29 | WARNING | akquant.execution.simulated | Deferred same-cycle order until cross-symbol reduce-first orders finish in current slice
2026-10-10 01:37:29 | WARNING | akquant.execution.simulated | Deferred same-cycle order until cross-symbol reduce-first orders finish in current slice
2026-10-10 01:37:29 | WARNING | akquant.execution.simulated | Deferred same-cycle order until cross-symbol reduce-first orders finish in current slice
2026-10-10 01:37:29 | WARNING | akquant.execution.simulated | Deferred same-cycle order until cross-symbol reduce-first orders finish in current slice
2026-10-10 01:37:29 | INFO | akquant.strategy | [2010-03-24 00:00:00] rebalance 2010-03-24: 10 stocks
2026-10-10 01:37:29 | WARNING | akquant.execution.simulated | Deferred same-cycle order until cross-symbol reduce-first orders finish in current slice
2026-10-10 01:37:29 | WARNING | akquant.execution.simulated | Deferred same-cycle order until cross-symbol reduce-first orders finish in current slice
2026-10-10 01:37:29 | WARNING | akquant.execution.simulated | Deferred same-cycle order until cross-symbol reduce-first orders finish in current slice
2026-10-10 01:37:29 | WARNING | akquant.execution.simulated | Deferred same-cycle order until cross-symbol reduce-first orders finish in current slice
2026-10-10 01:37:29 | WARNING | akquant.execution.simulated | Deferred same-cycle order until cross-symbol reduce-first orders finish in current slice
2026-10-10 01:37:29 | WARNING | akquant.execution.simulated | Deferred same-cycle order until cross-symbol reduce-first orders finish in current slice
2026-10-10 01:37:29 | WARNING | akquant.execution.simulated | Deferred same-cycle order until cross-symbol reduce-first orders finish in current slice
2026-10-10 01:37:29 | WARNING | akquant.execution.simulated | Deferred same-cycle order until cross-symbol reduce-first orders finish in current slice
2026-10-10 01:37:29 | WARNING | akquant.execution.simulated | Rejected order due to insufficient margin during execution. Required: 9581650.598520000, Available: 9498698.59699499976665776558
2026-10-10 01:37:29 | INFO | akquant.strategy | [2010-04-22 00:00:00] rebalance 2010-04-22: 10 stocks
2026-10-10 01:37:29 | WARNING | akquant.execution.simulated | Deferred same-cycle order until cross-symbol reduce-first orders finish in current slice
2026-10-10 01:37:29 | WARNING | akquant.execution.simulated | Deferred same-cycle order until cross-symbol reduce-first orders finish in current slice
2026-10-10 01:37:29 | WARNING | akquant.execution.simulated | Deferred same-cycle order until cross-symbol reduce-first orders finish in current slice
2026-10-10 01:37:29 | WARNING | akquant.execution.simulated | Deferred same-cycle order until cross-symbol reduce-first orders finish in current slice
2026-10-10 01:37:29 | WARNING | akquant.execution.simulated | Deferred same-cycle order until cross-symbol reduce-first orders finish in current slice
2026-10-10 01:37:29 | WARNING | akquant.execution.simulated | Deferred same-cycle order until cross-symbol reduce-first orders finish in current slice
2026-10-10 01:37:29 | WARNING | akquant.execution.simulated | Deferred same-cycle order until cross-symbol reduce-first orders finish in current slice
2026-10-10 01:37:29 | INFO | akquant.strategy | [2010-05-21 00:00:00] rebalance 2010-05-21: 10 stocks
2026-10-10 01:37:29 | WARNING | akquant.execution.simulated | Deferred same-cycle order until cross-symbol reduce-first orders finish in current slice
2026-10-10 01:37:29 | WARNING | akquant.execution.simulated | Deferred same-cycle order until cross-symbol reduce-first orders finish in current slice
2026-10-10 01:37:29 | WARNING | akquant.execution.simulated | Deferred same-cycle order until cross-symbol reduce-first orders finish in current slice
2026-10-10 01:37:29 | WARNING | akquant.execution.simulated | Deferred same-cycle order until cross-symbol reduce-first orders finish in current slice
2026-10-10 01:37:29 | WARNING | akquant.execution.simulated | Deferred same-cycle order until cross-symbol reduce-first orders finish in current slice
2026-10-10 01:37:29 | WARNING | akquant.execution.simulated | Deferred same-cycle order until cross-symbol reduce-first orders finish in current slice
2026-10-10 01:37:30 | INFO | akquant.strategy | [2010-06-23 00:00:00] rebalance 2010-06-23: 10 stocks
2026-10-10 01:37:30 | WARNING | akquant.execution.simulated | Deferred same-cycle order until cross-symbol reduce-first orders finish in current slice
2026-10-10 01:37:30 | WARNING | akquant.execution.simulated | Deferred same-cycle order until cross-symbol reduce-first orders finish in current slice
2026-10-10 01:37:30 | WARNING | akquant.execution.simulated | Deferred same-cycle order until cross-symbol reduce-first orders finish in current slice
2026-10-10 01:37:30 | WARNING | akquant.execution.simulated | Deferred same-cycle order until cross-symbol reduce-first orders finish in current slice
2026-10-10 01:37:30 | WARNING | akquant.execution.simulated | Deferred same-cycle order until cross-symbol reduce-first orders finish in current slice
2026-10-10 01:37:30 | WARNING | akquant.execution.simulated | Deferred same-cycle order until cross-symbol reduce-first orders finish in current slice
2026-10-10 01:37:30 | WARNING | akquant.execution.simulated | Deferred same-cycle order until cross-symbol reduce-first orders finish in current slice
2026-10-10 01:37:30 | WARNING | akquant.execution.simulated | Deferred same-cycle order until cross-symbol reduce-first orders finish in current slice
2026-10-10 01:37:30 | INFO | akquant.strategy | [2010-07-21 00:00:00] rebalance 2010-07-21: 10 stocks
2026-10-10 01:37:30 | WARNING | akquant.execution.simulated | Deferred same-cycle order until cross-symbol reduce-first orders finish in current slice
2026-10-10 01:37:30 | WARNING | akquant.execution.simulated | Deferred same-cycle order until cross-symbol reduce-first orders finish in current slice
2026-10-10 01:37:30 | WARNING | akquant.execution.simulated | Deferred same-cycle order until cross-symbol reduce-first orders finish in current slice
2026-10-10 01:37:30 | WARNING | akquant.execution.simulated | Deferred same-cycle order until cross-symbol reduce-first orders finish in current slice
2026-10-10 01:37:30 | INFO | akquant.strategy | [2010-08-18 00:00:00] rebalance 2010-08-18: 10 stocks
2026-10-10 01:37:30 | WARNING | akquant.execution.simulated | Deferred same-cycle order until cross-symbol reduce-first orders finish in current slice
2026-10-10 01:37:30 | WARNING | akquant.execution.simulated | Deferred same-cycle order until cross-symbol reduce-first orders finish in current slice
2026-10-10 01:37:30 | WARNING | akquant.execution.simulated | Deferred same-cycle order until cross-symbol reduce-first orders finish in current slice
2026-10-10 01:37:30 | WARNING | akquant.execution.simulated | Deferred same-cycle order until cross-symbol reduce-first orders finish in current slice
2026-10-10 01:37:30 | WARNING | akquant.execution.simulated | Deferred same-cycle order until cross-symbol reduce-first orders finish in current slice
2026-10-10 01:37:30 | WARNING | akquant.execution.simulated | Deferred same-cycle order until cross-symbol reduce-first orders finish in current slice
2026-10-10 01:37:30 | WARNING | akquant.execution.simulated | Deferred same-cycle order until cross-symbol reduce-first orders finish in current slice
2026-10-10 01:37:30 | WARNING | akquant.execution.simulated | Deferred same-cycle order until cross-symbol reduce-first orders finish in current slice
2026-10-10 01:37:30 | WARNING | akquant.execution.simulated | Deferred same-cycle order until cross-symbol reduce-first orders finish in current slice
2026-10-10 01:37:30 | WARNING | akquant.execution.simulated | Deferred same-cycle order until cross-symbol reduce-first orders finish in current slice
2026-10-10 01:37:30 | INFO | akquant.strategy | [2010-09-15 00:00:00] rebalance 2010-09-15: 10 stocks
2026-10-10 01:37:30 | WARNING | akquant.execution.simulated | Deferred same-cycle order until cross-symbol reduce-first orders finish in current slice
2026-10-10 01:37:30 | WARNING | akquant.execution.simulated | Deferred same-cycle order until cross-symbol reduce-first orders finish in current slice
2026-10-10 01:37:30 | WARNING | akquant.execution.simulated | Deferred same-cycle order until cross-symbol reduce-first orders finish in current slice
2026-10-10 01:37:30 | WARNING | akquant.execution.simulated | Deferred same-cycle order until cross-symbol reduce-first orders finish in current slice
2026-10-10 01:37:30 | WARNING | akquant.execution.simulated | Deferred same-cycle order until cross-symbol reduce-first orders finish in current slice
2026-10-10 01:37:30 | WARNING | akquant.execution.simulated | Deferred same-cycle order until cross-symbol reduce-first orders finish in current slice
2026-10-10 01:37:30 | WARNING | akquant.execution.simulated | Deferred same-cycle order until cross-symbol reduce-first orders finish in current slice
2026-10-10 01:37:30 | WARNING | akquant.execution.simulated | Deferred same-cycle order until cross-symbol reduce-first orders finish in current slice
2026-10-10 01:37:30 | WARNING | akquant.execution.simulated | Deferred same-cycle order until cross-symbol reduce-first orders finish in current slice
2026-10-10 01:37:30 | WARNING | akquant.execution.simulated | Deferred same-cycle order until cross-symbol reduce-first orders finish in current slice
2026-10-10 01:37:31 | INFO | akquant.strategy | [2010-10-25 00:00:00] rebalance 2010-10-25: 10 stocks
2026-10-10 01:37:31 | WARNING | akquant.execution.simulated | Deferred same-cycle order until cross-symbol reduce-first orders finish in current slice
2026-10-10 01:37:31 | WARNING | akquant.execution.simulated | Deferred same-cycle order until cross-symbol reduce-first orders finish in current slice
2026-10-10 01:37:31 | WARNING | akquant.execution.simulated | Deferred same-cycle order until cross-symbol reduce-first orders finish in current slice
2026-10-10 01:37:31 | WARNING | akquant.execution.simulated | Deferred same-cycle order until cross-symbol reduce-first orders finish in current slice
2026-10-10 01:37:31 | WARNING | akquant.execution.simulated | Deferred same-cycle order until cross-symbol reduce-first orders finish in current slice
2026-10-10 01:37:31 | WARNING | akquant.execution.simulated | Deferred same-cycle order until cross-symbol reduce-first orders finish in current slice
2026-10-10 01:37:31 | INFO | akquant.strategy | [2010-11-22 00:00:00] rebalance 2010-11-22: 10 stocks
2026-10-10 01:37:31 | WARNING | akquant.execution.simulated | Deferred same-cycle order until cross-symbol reduce-first orders finish in current slice
2026-10-10 01:37:31 | WARNING | akquant.execution.simulated | Deferred same-cycle order until cross-symbol reduce-first orders finish in current slice
2026-10-10 01:37:31 | WARNING | akquant.execution.simulated | Deferred same-cycle order until cross-symbol reduce-first orders finish in current slice
2026-10-10 01:37:31 | WARNING | akquant.execution.simulated | Deferred same-cycle order until cross-symbol reduce-first orders finish in current slice
2026-10-10 01:37:31 | WARNING | akquant.execution.simulated | Deferred same-cycle order until cross-symbol reduce-first orders finish in current slice
2026-10-10 01:37:31 | WARNING | akquant.execution.simulated | Deferred same-cycle order until cross-symbol reduce-first orders finish in current slice
2026-10-10 01:37:31 | WARNING | akquant.execution.simulated | Deferred same-cycle order until cross-symbol reduce-first orders finish in current slice
2026-10-10 01:37:31 | WARNING | akquant.execution.simulated | Deferred same-cycle order until cross-symbol reduce-first orders finish in current slice
2026-10-10 01:37:31 | WARNING | akquant.execution.simulated | Deferred same-cycle order until cross-symbol reduce-first orders finish in current slice
2026-10-10 01:37:31 | INFO | akquant.strategy | [2010-12-20 00:00:00] rebalance 2010-12-20: 10 stocks
2026-10-10 01:37:31 | WARNING | akquant.execution.simulated | Deferred same-cycle order until cross-symbol reduce-first orders finish in current slice
2026-10-10 01:37:31 | WARNING | akquant.execution.simulated | Deferred same-cycle order until cross-symbol reduce-first orders finish in current slice
2026-10-10 01:37:31 | WARNING | akquant.execution.simulated | Deferred same-cycle order until cross-symbol reduce-first orders finish in current slice
2026-10-10 01:37:31 | WARNING | akquant.execution.simulated | Deferred same-cycle order until cross-symbol reduce-first orders finish in current slice
2026-10-10 01:37:31 | WARNING | akquant.execution.simulated | Deferred same-cycle order until cross-symbol reduce-first orders finish in current slice
2026-10-10 01:37:31 | WARNING | akquant.execution.simulated | Deferred same-cycle order until cross-symbol reduce-first orders finish in current slice
2026-10-10 01:37:31 | WARNING | akquant.execution.simulated | Deferred same-cycle order until cross-symbol reduce-first orders finish in current slice
2026-10-10 01:37:31 | WARNING | akquant.execution.simulated | Deferred same-cycle order until cross-symbol reduce-first orders finish in current slice
2026-10-10 01:37:31 | WARNING | akquant.execution.simulated | Deferred same-cycle order until cross-symbol reduce-first orders finish in current slice
2026-10-10 01:37:31 | WARNING | akquant.execution.simulated | Deferred same-cycle order until cross-symbol reduce-first orders finish in current slice
2026-10-10 01:37:31 | INFO | akquant.strategy | [2011-01-18 00:00:00] rebalance 2011-01-18: 10 stocks
2026-10-10 01:37:31 | WARNING | akquant.execution.simulated | Deferred same-cycle order until cross-symbol reduce-first orders finish in current slice
2026-10-10 01:37:31 | WARNING | akquant.execution.simulated | Deferred same-cycle order until cross-symbol reduce-first orders finish in current slice
2026-10-10 01:37:31 | WARNING | akquant.execution.simulated | Deferred same-cycle order until cross-symbol reduce-first orders finish in current slice
2026-10-10 01:37:31 | WARNING | akquant.execution.simulated | Deferred same-cycle order until cross-symbol reduce-first orders finish in current slice
2026-10-10 01:37:31 | WARNING | akquant.execution.simulated | Deferred same-cycle order until cross-symbol reduce-first orders finish in current slice
2026-10-10 01:37:32 | INFO | akquant.strategy | [2011-02-22 00:00:00] rebalance 2011-02-22: 10 stocks
2026-10-10 01:37:32 | WARNING | akquant.execution.simulated | Deferred same-cycle order until cross-symbol reduce-first orders finish in current slice
2026-10-10 01:37:32 | WARNING | akquant.execution.simulated | Deferred same-cycle order until cross-symbol reduce-first orders finish in current slice
2026-10-10 01:37:32 | WARNING | akquant.execution.simulated | Deferred same-cycle order until cross-symbol reduce-first orders finish in current slice
2026-10-10 01:37:32 | WARNING | akquant.execution.simulated | Deferred same-cycle order until cross-symbol reduce-first orders finish in current slice
2026-10-10 01:37:32 | WARNING | akquant.execution.simulated | Deferred same-cycle order until cross-symbol reduce-first orders finish in current slice
2026-10-10 01:37:32 | WARNING | akquant.execution.simulated | Deferred same-cycle order until cross-symbol reduce-first orders finish in current slice
2026-10-10 01:37:32 | WARNING | akquant.execution.simulated | Deferred same-cycle order until cross-symbol reduce-first orders finish in current slice
2026-10-10 01:37:32 | WARNING | akquant.execution.simulated | Deferred same-cycle order until cross-symbol reduce-first orders finish in current slice
2026-10-10 01:37:32 | WARNING | akquant.execution.simulated | Deferred same-cycle order until cross-symbol reduce-first orders finish in current slice
2026-10-10 01:37:32 | WARNING | akquant.execution.simulated | Deferred same-cycle order until cross-symbol reduce-first orders finish in current slice
2026-10-10 01:37:32 | INFO | akquant.strategy | [2011-03-22 00:00:00] rebalance 2011-03-22: 10 stocks
2026-10-10 01:37:32 | WARNING | akquant.execution.simulated | Deferred same-cycle order until cross-symbol reduce-first orders finish in current slice
2026-10-10 01:37:32 | WARNING | akquant.execution.simulated | Deferred same-cycle order until cross-symbol reduce-first orders finish in current slice
2026-10-10 01:37:32 | WARNING | akquant.execution.simulated | Deferred same-cycle order until cross-symbol reduce-first orders finish in current slice
2026-10-10 01:37:32 | WARNING | akquant.execution.simulated | Deferred same-cycle order until cross-symbol reduce-first orders finish in current slice
2026-10-10 01:37:32 | WARNING | akquant.execution.simulated | Deferred same-cycle order until cross-symbol reduce-first orders finish in current slice
2026-10-10 01:37:32 | WARNING | akquant.execution.simulated | Deferred same-cycle order until cross-symbol reduce-first orders finish in current slice
2026-10-10 01:37:32 | WARNING | akquant.execution.simulated | Deferred same-cycle order until cross-symbol reduce-first orders finish in current slice
2026-10-10 01:37:32 | WARNING | akquant.execution.simulated | Deferred same-cycle order until cross-symbol reduce-first orders finish in current slice
2026-10-10 01:37:32 | WARNING | akquant.execution.simulated | Deferred same-cycle order until cross-symbol reduce-first orders finish in current slice
2026-10-10 01:37:32 | WARNING | akquant.execution.simulated | Deferred same-cycle order until cross-symbol reduce-first orders finish in current slice
2026-10-10 01:37:32 | INFO | akquant.strategy | [2011-04-21 00:00:00] rebalance 2011-04-21: 10 stocks
2026-10-10 01:37:32 | WARNING | akquant.execution.simulated | Deferred same-cycle order until cross-symbol reduce-first orders finish in current slice
2026-10-10 01:37:32 | WARNING | akquant.execution.simulated | Deferred same-cycle order until cross-symbol reduce-first orders finish in current slice
2026-10-10 01:37:32 | WARNING | akquant.execution.simulated | Deferred same-cycle order until cross-symbol reduce-first orders finish in current slice
2026-10-10 01:37:32 | WARNING | akquant.execution.simulated | Deferred same-cycle order until cross-symbol reduce-first orders finish in current slice
2026-10-10 01:37:32 | WARNING | akquant.execution.simulated | Deferred same-cycle order until cross-symbol reduce-first orders finish in current slice
2026-10-10 01:37:32 | WARNING | akquant.execution.simulated | Deferred same-cycle order until cross-symbol reduce-first orders finish in current slice
2026-10-10 01:37:32 | INFO | akquant.strategy | [2011-05-20 00:00:00] rebalance 2011-05-20: 6 stocks
2026-10-10 01:37:32 | WARNING | akquant.execution.simulated | Deferred same-cycle order until cross-symbol reduce-first orders finish in current slice
2026-10-10 01:37:32 | WARNING | akquant.execution.simulated | Deferred same-cycle order until cross-symbol reduce-first orders finish in current slice
2026-10-10 01:37:32 | WARNING | akquant.execution.simulated | Deferred same-cycle order until cross-symbol reduce-first orders finish in current slice
2026-10-10 01:37:33 | INFO | akquant.strategy | [2011-06-20 00:00:00] rebalance 2011-06-20: 9 stocks
2026-10-10 01:37:33 | WARNING | akquant.execution.simulated | Deferred same-cycle order until cross-symbol reduce-first orders finish in current slice
2026-10-10 01:37:33 | WARNING | akquant.execution.simulated | Deferred same-cycle order until cross-symbol reduce-first orders finish in current slice
2026-10-10 01:37:33 | WARNING | akquant.execution.simulated | Deferred same-cycle order until cross-symbol reduce-first orders finish in current slice
2026-10-10 01:37:33 | WARNING | akquant.execution.simulated | Deferred same-cycle order until cross-symbol reduce-first orders finish in current slice
2026-10-10 01:37:33 | WARNING | akquant.execution.simulated | Deferred same-cycle order until cross-symbol reduce-first orders finish in current slice
2026-10-10 01:37:33 | WARNING | akquant.execution.simulated | Deferred same-cycle order until cross-symbol reduce-first orders finish in current slice
2026-10-10 01:37:33 | WARNING | akquant.execution.simulated | Deferred same-cycle order until cross-symbol reduce-first orders finish in current slice
2026-10-10 01:37:33 | WARNING | akquant.execution.simulated | Deferred same-cycle order until cross-symbol reduce-first orders finish in current slice
2026-10-10 01:37:33 | WARNING | akquant.execution.simulated | Deferred same-cycle order until cross-symbol reduce-first orders finish in current slice
2026-10-10 01:37:33 | INFO | akquant.strategy | [2011-07-18 00:00:00] rebalance 2011-07-18: 6 stocks
2026-10-10 01:37:33 | WARNING | akquant.execution.simulated | Deferred same-cycle order until cross-symbol reduce-first orders finish in current slice
2026-10-10 01:37:33 | WARNING | akquant.execution.simulated | Deferred same-cycle order until cross-symbol reduce-first orders finish in current slice
2026-10-10 01:37:33 | WARNING | akquant.execution.simulated | Deferred same-cycle order until cross-symbol reduce-first orders finish in current slice
2026-10-10 01:37:33 | WARNING | akquant.execution.simulated | Deferred same-cycle order until cross-symbol reduce-first orders finish in current slice
2026-10-10 01:37:33 | WARNING | akquant.execution.simulated | Deferred same-cycle order until cross-symbol reduce-first orders finish in current slice
2026-10-10 01:37:33 | WARNING | akquant.execution.simulated | Deferred same-cycle order until cross-symbol reduce-first orders finish in current slice
2026-10-10 01:37:33 | INFO | akquant.strategy | [2011-08-15 00:00:00] rebalance 2011-08-15: 5 stocks
2026-10-10 01:37:33 | WARNING | akquant.execution.simulated | Deferred same-cycle order until cross-symbol reduce-first orders finish in current slice
2026-10-10 01:37:33 | WARNING | akquant.execution.simulated | Deferred same-cycle order until cross-symbol reduce-first orders finish in current slice
2026-10-10 01:37:33 | WARNING | akquant.execution.simulated | Deferred same-cycle order until cross-symbol reduce-first orders finish in current slice
2026-10-10 01:37:33 | WARNING | akquant.execution.simulated | Deferred same-cycle order until cross-symbol reduce-first orders finish in current slice
2026-10-10 01:37:33 | WARNING | akquant.execution.simulated | Deferred same-cycle order until cross-symbol reduce-first orders finish in current slice
2026-10-10 01:37:34 | INFO | akquant.strategy | [2011-09-13 00:00:00] rebalance 2011-09-13: 6 stocks
2026-10-10 01:37:34 | WARNING | akquant.execution.simulated | Deferred same-cycle order until cross-symbol reduce-first orders finish in current slice
2026-10-10 01:37:34 | WARNING | akquant.execution.simulated | Deferred same-cycle order until cross-symbol reduce-first orders finish in current slice
2026-10-10 01:37:34 | WARNING | akquant.execution.simulated | Deferred same-cycle order until cross-symbol reduce-first orders finish in current slice
2026-10-10 01:37:34 | WARNING | akquant.execution.simulated | Deferred same-cycle order until cross-symbol reduce-first orders finish in current slice
2026-10-10 01:37:34 | INFO | akquant.strategy | [2011-10-18 00:00:00] rebalance 2011-10-18: 5 stocks
2026-10-10 01:37:34 | WARNING | akquant.execution.simulated | Deferred same-cycle order until cross-symbol reduce-first orders finish in current slice
2026-10-10 01:37:34 | WARNING | akquant.execution.simulated | Deferred same-cycle order until cross-symbol reduce-first orders finish in current slice
2026-10-10 01:37:34 | INFO | akquant.strategy | [2011-11-15 00:00:00] rebalance 2011-11-15: 5 stocks
2026-10-10 01:37:34 | WARNING | akquant.execution.simulated | Deferred same-cycle order until cross-symbol reduce-first orders finish in current slice
2026-10-10 01:37:34 | WARNING | akquant.execution.simulated | Deferred same-cycle order until cross-symbol reduce-first orders finish in current slice
2026-10-10 01:37:34 | WARNING | akquant.execution.simulated | Deferred same-cycle order until cross-symbol reduce-first orders finish in current slice
2026-10-10 01:37:34 | INFO | akquant.strategy | [2011-12-13 00:00:00] rebalance 2011-12-13: 5 stocks
2026-10-10 01:37:34 | WARNING | akquant.execution.simulated | Deferred same-cycle order until cross-symbol reduce-first orders finish in current slice
2026-10-10 01:37:34 | WARNING | akquant.execution.simulated | Deferred same-cycle order until cross-symbol reduce-first orders finish in current slice
2026-10-10 01:37:34 | WARNING | akquant.execution.simulated | Deferred same-cycle order until cross-symbol reduce-first orders finish in current slice
2026-10-10 01:37:34 | WARNING | akquant.execution.simulated | Deferred same-cycle order until cross-symbol reduce-first orders finish in current slice
2026-10-10 01:37:34 | WARNING | akquant.execution.simulated | Deferred same-cycle order until cross-symbol reduce-first orders finish in current slice
2026-10-10 01:37:35 | INFO | akquant.strategy | [2012-01-12 00:00:00] rebalance 2012-01-12: 10 stocks
2026-10-10 01:37:35 | WARNING | akquant.execution.simulated | Deferred same-cycle order until cross-symbol reduce-first orders finish in current slice
2026-10-10 01:37:35 | WARNING | akquant.execution.simulated | Deferred same-cycle order until cross-symbol reduce-first orders finish in current slice
2026-10-10 01:37:35 | WARNING | akquant.execution.simulated | Deferred same-cycle order until cross-symbol reduce-first orders finish in current slice
2026-10-10 01:37:35 | WARNING | akquant.execution.simulated | Deferred same-cycle order until cross-symbol reduce-first orders finish in current slice
2026-10-10 01:37:35 | INFO | akquant.strategy | [2012-02-16 00:00:00] rebalance 2012-02-16: 10 stocks
2026-10-10 01:37:35 | WARNING | akquant.execution.simulated | Deferred same-cycle order until cross-symbol reduce-first orders finish in current slice
2026-10-10 01:37:35 | WARNING | akquant.execution.simulated | Deferred same-cycle order until cross-symbol reduce-first orders finish in current slice
2026-10-10 01:37:35 | WARNING | akquant.execution.simulated | Deferred same-cycle order until cross-symbol reduce-first orders finish in current slice
2026-10-10 01:37:35 | WARNING | akquant.execution.simulated | Deferred same-cycle order until cross-symbol reduce-first orders finish in current slice
2026-10-10 01:37:35 | WARNING | akquant.execution.simulated | Deferred same-cycle order until cross-symbol reduce-first orders finish in current slice
2026-10-10 01:37:35 | WARNING | akquant.execution.simulated | Deferred same-cycle order until cross-symbol reduce-first orders finish in current slice
2026-10-10 01:37:35 | WARNING | akquant.execution.simulated | Deferred same-cycle order until cross-symbol reduce-first orders finish in current slice
2026-10-10 01:37:35 | WARNING | akquant.execution.simulated | Deferred same-cycle order until cross-symbol reduce-first orders finish in current slice
2026-10-10 01:37:35 | WARNING | akquant.execution.simulated | Deferred same-cycle order until cross-symbol reduce-first orders finish in current slice
2026-10-10 01:37:35 | INFO | akquant.strategy | [2012-03-15 00:00:00] rebalance 2012-03-15: 10 stocks
2026-10-10 01:37:35 | WARNING | akquant.execution.simulated | Deferred same-cycle order until cross-symbol reduce-first orders finish in current slice
2026-10-10 01:37:35 | WARNING | akquant.execution.simulated | Deferred same-cycle order until cross-symbol reduce-first orders finish in current slice
2026-10-10 01:37:35 | WARNING | akquant.execution.simulated | Deferred same-cycle order until cross-symbol reduce-first orders finish in current slice
2026-10-10 01:37:35 | WARNING | akquant.execution.simulated | Deferred same-cycle order until cross-symbol reduce-first orders finish in current slice
2026-10-10 01:37:35 | WARNING | akquant.execution.simulated | Deferred same-cycle order until cross-symbol reduce-first orders finish in current slice
2026-10-10 01:37:35 | WARNING | akquant.execution.simulated | Deferred same-cycle order until cross-symbol reduce-first orders finish in current slice
2026-10-10 01:37:35 | WARNING | akquant.execution.simulated | Deferred same-cycle order until cross-symbol reduce-first orders finish in current slice
2026-10-10 01:37:35 | WARNING | akquant.execution.simulated | Deferred same-cycle order until cross-symbol reduce-first orders finish in current slice
2026-10-10 01:37:35 | WARNING | akquant.execution.simulated | Deferred same-cycle order until cross-symbol reduce-first orders finish in current slice
2026-10-10 01:37:36 | INFO | akquant.strategy | [2012-04-17 00:00:00] rebalance 2012-04-17: 10 stocks
2026-10-10 01:37:36 | WARNING | akquant.execution.simulated | Deferred same-cycle order until cross-symbol reduce-first orders finish in current slice
2026-10-10 01:37:36 | WARNING | akquant.execution.simulated | Deferred same-cycle order until cross-symbol reduce-first orders finish in current slice
2026-10-10 01:37:36 | WARNING | akquant.execution.simulated | Deferred same-cycle order until cross-symbol reduce-first orders finish in current slice
2026-10-10 01:37:36 | WARNING | akquant.execution.simulated | Deferred same-cycle order until cross-symbol reduce-first orders finish in current slice
2026-10-10 01:37:36 | WARNING | akquant.execution.simulated | Deferred same-cycle order until cross-symbol reduce-first orders finish in current slice
2026-10-10 01:37:36 | WARNING | akquant.execution.simulated | Deferred same-cycle order until cross-symbol reduce-first orders finish in current slice
2026-10-10 01:37:36 | WARNING | akquant.execution.simulated | Deferred same-cycle order until cross-symbol reduce-first orders finish in current slice
2026-10-10 01:37:36 | WARNING | akquant.execution.simulated | Deferred same-cycle order until cross-symbol reduce-first orders finish in current slice
2026-10-10 01:37:36 | WARNING | akquant.execution.simulated | Deferred same-cycle order until cross-symbol reduce-first orders finish in current slice
2026-10-10 01:37:36 | WARNING | akquant.execution.simulated | Deferred same-cycle order until cross-symbol reduce-first orders finish in current slice
2026-10-10 01:37:36 | INFO | akquant.strategy | [2012-05-17 00:00:00] rebalance 2012-05-17: 5 stocks
2026-10-10 01:37:36 | WARNING | akquant.execution.simulated | Deferred same-cycle order until cross-symbol reduce-first orders finish in current slice
2026-10-10 01:37:36 | WARNING | akquant.execution.simulated | Deferred same-cycle order until cross-symbol reduce-first orders finish in current slice
2026-10-10 01:37:36 | INFO | akquant.strategy | [2012-06-14 00:00:00] rebalance 2012-06-14: 10 stocks
2026-10-10 01:37:36 | WARNING | akquant.execution.simulated | Deferred same-cycle order until cross-symbol reduce-first orders finish in current slice
2026-10-10 01:37:36 | WARNING | akquant.execution.simulated | Deferred same-cycle order until cross-symbol reduce-first orders finish in current slice
2026-10-10 01:37:36 | WARNING | akquant.execution.simulated | Deferred same-cycle order until cross-symbol reduce-first orders finish in current slice
2026-10-10 01:37:36 | WARNING | akquant.execution.simulated | Deferred same-cycle order until cross-symbol reduce-first orders finish in current slice
2026-10-10 01:37:36 | WARNING | akquant.execution.simulated | Deferred same-cycle order until cross-symbol reduce-first orders finish in current slice
2026-10-10 01:37:36 | WARNING | akquant.execution.simulated | Deferred same-cycle order until cross-symbol reduce-first orders finish in current slice
2026-10-10 01:37:36 | WARNING | akquant.execution.simulated | Deferred same-cycle order until cross-symbol reduce-first orders finish in current slice
2026-10-10 01:37:36 | WARNING | akquant.execution.simulated | Deferred same-cycle order until cross-symbol reduce-first orders finish in current slice
2026-10-10 01:37:37 | INFO | akquant.strategy | [2012-07-13 00:00:00] rebalance 2012-07-13: 10 stocks
2026-10-10 01:37:37 | WARNING | akquant.execution.simulated | Deferred same-cycle order until cross-symbol reduce-first orders finish in current slice
2026-10-10 01:37:37 | WARNING | akquant.execution.simulated | Deferred same-cycle order until cross-symbol reduce-first orders finish in current slice
2026-10-10 01:37:37 | WARNING | akquant.execution.simulated | Deferred same-cycle order until cross-symbol reduce-first orders finish in current slice
2026-10-10 01:37:37 | WARNING | akquant.execution.simulated | Deferred same-cycle order until cross-symbol reduce-first orders finish in current slice
2026-10-10 01:37:37 | WARNING | akquant.execution.simulated | Deferred same-cycle order until cross-symbol reduce-first orders finish in current slice
2026-10-10 01:37:37 | WARNING | akquant.execution.simulated | Deferred same-cycle order until cross-symbol reduce-first orders finish in current slice
2026-10-10 01:37:37 | WARNING | akquant.execution.simulated | Deferred same-cycle order until cross-symbol reduce-first orders finish in current slice
2026-10-10 01:37:37 | WARNING | akquant.execution.simulated | Deferred same-cycle order until cross-symbol reduce-first orders finish in current slice
2026-10-10 01:37:37 | INFO | akquant.strategy | [2012-08-10 00:00:00] rebalance 2012-08-10: 7 stocks
2026-10-10 01:37:37 | WARNING | akquant.execution.simulated | Deferred same-cycle order until cross-symbol reduce-first orders finish in current slice
2026-10-10 01:37:37 | WARNING | akquant.execution.simulated | Deferred same-cycle order until cross-symbol reduce-first orders finish in current slice
2026-10-10 01:37:37 | WARNING | akquant.execution.simulated | Deferred same-cycle order until cross-symbol reduce-first orders finish in current slice
2026-10-10 01:37:37 | WARNING | akquant.execution.simulated | Deferred same-cycle order until cross-symbol reduce-first orders finish in current slice
2026-10-10 01:37:37 | WARNING | akquant.execution.simulated | Deferred same-cycle order until cross-symbol reduce-first orders finish in current slice
2026-10-10 01:37:37 | WARNING | akquant.execution.simulated | Deferred same-cycle order until cross-symbol reduce-first orders finish in current slice
2026-10-10 01:37:37 | WARNING | akquant.execution.simulated | Deferred same-cycle order until cross-symbol reduce-first orders finish in current slice
2026-10-10 01:37:37 | INFO | akquant.strategy | [2012-09-07 00:00:00] rebalance 2012-09-07: 5 stocks
2026-10-10 01:37:37 | WARNING | akquant.execution.simulated | Deferred same-cycle order until cross-symbol reduce-first orders finish in current slice
2026-10-10 01:37:37 | WARNING | akquant.execution.simulated | Deferred same-cycle order until cross-symbol reduce-first orders finish in current slice
2026-10-10 01:37:37 | WARNING | akquant.execution.simulated | Deferred same-cycle order until cross-symbol reduce-first orders finish in current slice
2026-10-10 01:37:37 | INFO | akquant.strategy | [2012-10-12 00:00:00] rebalance 2012-10-12: 5 stocks
2026-10-10 01:37:37 | WARNING | akquant.execution.simulated | Deferred same-cycle order until cross-symbol reduce-first orders finish in current slice
2026-10-10 01:37:37 | WARNING | akquant.execution.simulated | Deferred same-cycle order until cross-symbol reduce-first orders finish in current slice
2026-10-10 01:37:37 | WARNING | akquant.execution.simulated | Deferred same-cycle order until cross-symbol reduce-first orders finish in current slice
2026-10-10 01:37:37 | WARNING | akquant.execution.simulated | Deferred same-cycle order until cross-symbol reduce-first orders finish in current slice
2026-10-10 01:37:37 | WARNING | akquant.execution.simulated | Deferred same-cycle order until cross-symbol reduce-first orders finish in current slice
2026-10-10 01:37:38 | INFO | akquant.strategy | [2012-11-09 00:00:00] rebalance 2012-11-09: 5 stocks
2026-10-10 01:37:38 | WARNING | akquant.execution.simulated | Deferred same-cycle order until cross-symbol reduce-first orders finish in current slice
2026-10-10 01:37:38 | WARNING | akquant.execution.simulated | Deferred same-cycle order until cross-symbol reduce-first orders finish in current slice
2026-10-10 01:37:38 | WARNING | akquant.execution.simulated | Deferred same-cycle order until cross-symbol reduce-first orders finish in current slice
2026-10-10 01:37:38 | WARNING | akquant.execution.simulated | Deferred same-cycle order until cross-symbol reduce-first orders finish in current slice
2026-10-10 01:37:38 | WARNING | akquant.execution.simulated | Deferred same-cycle order until cross-symbol reduce-first orders finish in current slice
2026-10-10 01:37:38 | INFO | akquant.strategy | [2012-12-07 00:00:00] rebalance 2012-12-07: 6 stocks
2026-10-10 01:37:38 | WARNING | akquant.execution.simulated | Deferred same-cycle order until cross-symbol reduce-first orders finish in current slice
2026-10-10 01:37:38 | WARNING | akquant.execution.simulated | Deferred same-cycle order until cross-symbol reduce-first orders finish in current slice
2026-10-10 01:37:38 | WARNING | akquant.execution.simulated | Deferred same-cycle order until cross-symbol reduce-first orders finish in current slice
2026-10-10 01:37:38 | WARNING | akquant.execution.simulated | Deferred same-cycle order until cross-symbol reduce-first orders finish in current slice
2026-10-10 01:37:38 | WARNING | akquant.execution.simulated | Deferred same-cycle order until cross-symbol reduce-first orders finish in current slice
2026-10-10 01:37:38 | WARNING | akquant.execution.simulated | Deferred same-cycle order until cross-symbol reduce-first orders finish in current slice
2026-10-10 01:37:38 | WARNING | akquant.execution.simulated | Rejected order due to insufficient margin during execution. Required: 7635650.522500000000000000000, Available: 3671411.298910001705478216423
2026-10-10 01:37:38 | INFO | akquant.strategy | [2013-01-09 00:00:00] rebalance 2013-01-09: 10 stocks
2026-10-10 01:37:38 | WARNING | akquant.execution.simulated | Deferred same-cycle order until cross-symbol reduce-first orders finish in current slice
2026-10-10 01:37:38 | WARNING | akquant.execution.simulated | Deferred same-cycle order until cross-symbol reduce-first orders finish in current slice
2026-10-10 01:37:38 | WARNING | akquant.execution.simulated | Deferred same-cycle order until cross-symbol reduce-first orders finish in current slice
2026-10-10 01:37:38 | WARNING | akquant.execution.simulated | Deferred same-cycle order until cross-symbol reduce-first orders finish in current slice
2026-10-10 01:37:38 | WARNING | akquant.execution.simulated | Deferred same-cycle order until cross-symbol reduce-first orders finish in current slice
2026-10-10 01:37:38 | WARNING | akquant.execution.simulated | Deferred same-cycle order until cross-symbol reduce-first orders finish in current slice
2026-10-10 01:37:38 | WARNING | akquant.execution.simulated | Deferred same-cycle order until cross-symbol reduce-first orders finish in current slice
2026-10-10 01:37:38 | WARNING | akquant.execution.simulated | Deferred same-cycle order until cross-symbol reduce-first orders finish in current slice
2026-10-10 01:37:38 | WARNING | akquant.execution.simulated | Deferred same-cycle order until cross-symbol reduce-first orders finish in current slice
2026-10-10 01:37:39 | INFO | akquant.strategy | [2013-02-06 00:00:00] rebalance 2013-02-06: 5 stocks
2026-10-10 01:37:39 | WARNING | akquant.execution.simulated | Deferred same-cycle order until cross-symbol reduce-first orders finish in current slice
2026-10-10 01:37:39 | WARNING | akquant.execution.simulated | Deferred same-cycle order until cross-symbol reduce-first orders finish in current slice
2026-10-10 01:37:39 | WARNING | akquant.execution.simulated | Deferred same-cycle order until cross-symbol reduce-first orders finish in current slice
2026-10-10 01:37:39 | WARNING | akquant.execution.simulated | Deferred same-cycle order until cross-symbol reduce-first orders finish in current slice
2026-10-10 01:37:39 | INFO | akquant.strategy | [2013-03-13 00:00:00] rebalance 2013-03-13: 5 stocks
2026-10-10 01:37:39 | WARNING | akquant.execution.simulated | Deferred same-cycle order until cross-symbol reduce-first orders finish in current slice
2026-10-10 01:37:39 | WARNING | akquant.execution.simulated | Deferred same-cycle order until cross-symbol reduce-first orders finish in current slice
2026-10-10 01:37:39 | WARNING | akquant.execution.simulated | Deferred same-cycle order until cross-symbol reduce-first orders finish in current slice
2026-10-10 01:37:39 | WARNING | akquant.execution.simulated | Deferred same-cycle order until cross-symbol reduce-first orders finish in current slice
2026-10-10 01:37:39 | WARNING | akquant.execution.simulated | Deferred same-cycle order until cross-symbol reduce-first orders finish in current slice
2026-10-10 01:37:39 | INFO | akquant.strategy | [2013-04-12 00:00:00] rebalance 2013-04-12: 9 stocks
2026-10-10 01:37:39 | WARNING | akquant.execution.simulated | Deferred same-cycle order until cross-symbol reduce-first orders finish in current slice
2026-10-10 01:37:39 | WARNING | akquant.execution.simulated | Deferred same-cycle order until cross-symbol reduce-first orders finish in current slice
2026-10-10 01:37:39 | WARNING | akquant.execution.simulated | Deferred same-cycle order until cross-symbol reduce-first orders finish in current slice
2026-10-10 01:37:39 | WARNING | akquant.execution.simulated | Deferred same-cycle order until cross-symbol reduce-first orders finish in current slice
2026-10-10 01:37:40 | INFO | akquant.strategy | [2013-05-15 00:00:00] rebalance 2013-05-15: 10 stocks
2026-10-10 01:37:40 | WARNING | akquant.execution.simulated | Deferred same-cycle order until cross-symbol reduce-first orders finish in current slice
2026-10-10 01:37:40 | WARNING | akquant.execution.simulated | Deferred same-cycle order until cross-symbol reduce-first orders finish in current slice
2026-10-10 01:37:40 | WARNING | akquant.execution.simulated | Deferred same-cycle order until cross-symbol reduce-first orders finish in current slice
2026-10-10 01:37:40 | WARNING | akquant.execution.simulated | Deferred same-cycle order until cross-symbol reduce-first orders finish in current slice
2026-10-10 01:37:40 | WARNING | akquant.execution.simulated | Deferred same-cycle order until cross-symbol reduce-first orders finish in current slice
2026-10-10 01:37:40 | WARNING | akquant.execution.simulated | Deferred same-cycle order until cross-symbol reduce-first orders finish in current slice
2026-10-10 01:37:40 | WARNING | akquant.execution.simulated | Deferred same-cycle order until cross-symbol reduce-first orders finish in current slice
2026-10-10 01:37:40 | WARNING | akquant.execution.simulated | Deferred same-cycle order until cross-symbol reduce-first orders finish in current slice
2026-10-10 01:37:40 | INFO | akquant.strategy | [2013-06-17 00:00:00] rebalance 2013-06-17: 6 stocks
2026-10-10 01:37:40 | WARNING | akquant.execution.simulated | Deferred same-cycle order until cross-symbol reduce-first orders finish in current slice
2026-10-10 01:37:40 | WARNING | akquant.execution.simulated | Deferred same-cycle order until cross-symbol reduce-first orders finish in current slice
2026-10-10 01:37:40 | WARNING | akquant.execution.simulated | Deferred same-cycle order until cross-symbol reduce-first orders finish in current slice
2026-10-10 01:37:40 | WARNING | akquant.execution.simulated | Deferred same-cycle order until cross-symbol reduce-first orders finish in current slice
2026-10-10 01:37:40 | WARNING | akquant.execution.simulated | Deferred same-cycle order until cross-symbol reduce-first orders finish in current slice
2026-10-10 01:37:40 | WARNING | akquant.execution.simulated | Deferred same-cycle order until cross-symbol reduce-first orders finish in current slice
2026-10-10 01:37:40 | INFO | akquant.strategy | [2013-07-15 00:00:00] rebalance 2013-07-15: 10 stocks
2026-10-10 01:37:40 | WARNING | akquant.execution.simulated | Deferred same-cycle order until cross-symbol reduce-first orders finish in current slice
2026-10-10 01:37:40 | WARNING | akquant.execution.simulated | Deferred same-cycle order until cross-symbol reduce-first orders finish in current slice
2026-10-10 01:37:40 | WARNING | akquant.execution.simulated | Deferred same-cycle order until cross-symbol reduce-first orders finish in current slice
2026-10-10 01:37:40 | WARNING | akquant.execution.simulated | Deferred same-cycle order until cross-symbol reduce-first orders finish in current slice
2026-10-10 01:37:40 | WARNING | akquant.execution.simulated | Deferred same-cycle order until cross-symbol reduce-first orders finish in current slice
2026-10-10 01:37:40 | WARNING | akquant.execution.simulated | Deferred same-cycle order until cross-symbol reduce-first orders finish in current slice
2026-10-10 01:37:40 | WARNING | akquant.execution.simulated | Deferred same-cycle order until cross-symbol reduce-first orders finish in current slice
2026-10-10 01:37:40 | WARNING | akquant.execution.simulated | Deferred same-cycle order until cross-symbol reduce-first orders finish in current slice
2026-10-10 01:37:41 | INFO | akquant.strategy | [2013-08-12 00:00:00] rebalance 2013-08-12: 8 stocks
2026-10-10 01:37:41 | WARNING | akquant.execution.simulated | Deferred same-cycle order until cross-symbol reduce-first orders finish in current slice
2026-10-10 01:37:41 | WARNING | akquant.execution.simulated | Deferred same-cycle order until cross-symbol reduce-first orders finish in current slice
2026-10-10 01:37:41 | WARNING | akquant.execution.simulated | Deferred same-cycle order until cross-symbol reduce-first orders finish in current slice
2026-10-10 01:37:41 | WARNING | akquant.execution.simulated | Deferred same-cycle order until cross-symbol reduce-first orders finish in current slice
2026-10-10 01:37:41 | WARNING | akquant.execution.simulated | Deferred same-cycle order until cross-symbol reduce-first orders finish in current slice
2026-10-10 01:37:41 | WARNING | akquant.execution.simulated | Deferred same-cycle order until cross-symbol reduce-first orders finish in current slice
2026-10-10 01:37:41 | WARNING | akquant.execution.simulated | Deferred same-cycle order until cross-symbol reduce-first orders finish in current slice
2026-10-10 01:37:41 | WARNING | akquant.execution.simulated | Deferred same-cycle order until cross-symbol reduce-first orders finish in current slice
2026-10-10 01:37:41 | INFO | akquant.strategy | [2013-09-09 00:00:00] rebalance 2013-09-09: 5 stocks
2026-10-10 01:37:41 | WARNING | akquant.execution.simulated | Deferred same-cycle order until cross-symbol reduce-first orders finish in current slice
2026-10-10 01:37:41 | WARNING | akquant.execution.simulated | Deferred same-cycle order until cross-symbol reduce-first orders finish in current slice
2026-10-10 01:37:41 | INFO | akquant.strategy | [2013-10-16 00:00:00] rebalance 2013-10-16: 9 stocks
2026-10-10 01:37:41 | WARNING | akquant.execution.simulated | Deferred same-cycle order until cross-symbol reduce-first orders finish in current slice
2026-10-10 01:37:41 | WARNING | akquant.execution.simulated | Deferred same-cycle order until cross-symbol reduce-first orders finish in current slice
2026-10-10 01:37:41 | WARNING | akquant.execution.simulated | Deferred same-cycle order until cross-symbol reduce-first orders finish in current slice
2026-10-10 01:37:41 | WARNING | akquant.execution.simulated | Deferred same-cycle order until cross-symbol reduce-first orders finish in current slice
2026-10-10 01:37:41 | WARNING | akquant.execution.simulated | Deferred same-cycle order until cross-symbol reduce-first orders finish in current slice
2026-10-10 01:37:41 | WARNING | akquant.execution.simulated | Deferred same-cycle order until cross-symbol reduce-first orders finish in current slice
2026-10-10 01:37:41 | WARNING | akquant.execution.simulated | Deferred same-cycle order until cross-symbol reduce-first orders finish in current slice
2026-10-10 01:37:41 | WARNING | akquant.execution.simulated | Deferred same-cycle order until cross-symbol reduce-first orders finish in current slice
2026-10-10 01:37:41 | WARNING | akquant.execution.simulated | Deferred same-cycle order until cross-symbol reduce-first orders finish in current slice
2026-10-10 01:37:42 | INFO | akquant.strategy | [2013-11-13 00:00:00] rebalance 2013-11-13: 5 stocks
2026-10-10 01:37:42 | WARNING | akquant.execution.simulated | Deferred same-cycle order until cross-symbol reduce-first orders finish in current slice
2026-10-10 01:37:42 | WARNING | akquant.execution.simulated | Deferred same-cycle order until cross-symbol reduce-first orders finish in current slice
2026-10-10 01:37:42 | WARNING | akquant.execution.simulated | Deferred same-cycle order until cross-symbol reduce-first orders finish in current slice
2026-10-10 01:37:42 | WARNING | akquant.execution.simulated | Deferred same-cycle order until cross-symbol reduce-first orders finish in current slice
2026-10-10 01:37:42 | WARNING | akquant.execution.simulated | Deferred same-cycle order until cross-symbol reduce-first orders finish in current slice
2026-10-10 01:37:42 | WARNING | akquant.execution.simulated | Rejected order due to insufficient margin during execution. Required: 5438562.078950000000000000000, Available: 4496936.617977501732825177563
2026-10-10 01:37:42 | INFO | akquant.strategy | [2013-12-11 00:00:00] rebalance 2013-12-11: 5 stocks
2026-10-10 01:37:42 | WARNING | akquant.execution.simulated | Deferred same-cycle order until cross-symbol reduce-first orders finish in current slice
2026-10-10 01:37:42 | WARNING | akquant.execution.simulated | Deferred same-cycle order until cross-symbol reduce-first orders finish in current slice
2026-10-10 01:37:42 | WARNING | akquant.execution.simulated | Deferred same-cycle order until cross-symbol reduce-first orders finish in current slice
2026-10-10 01:37:42 | INFO | akquant.strategy | [2014-01-09 00:00:00] rebalance 2014-01-09: 7 stocks
2026-10-10 01:37:42 | WARNING | akquant.execution.simulated | Deferred same-cycle order until cross-symbol reduce-first orders finish in current slice
2026-10-10 01:37:42 | WARNING | akquant.execution.simulated | Deferred same-cycle order until cross-symbol reduce-first orders finish in current slice
2026-10-10 01:37:42 | WARNING | akquant.execution.simulated | Deferred same-cycle order until cross-symbol reduce-first orders finish in current slice
2026-10-10 01:37:42 | WARNING | akquant.execution.simulated | Deferred same-cycle order until cross-symbol reduce-first orders finish in current slice
2026-10-10 01:37:42 | WARNING | akquant.execution.simulated | Deferred same-cycle order until cross-symbol reduce-first orders finish in current slice
2026-10-10 01:37:42 | WARNING | akquant.execution.simulated | Deferred same-cycle order until cross-symbol reduce-first orders finish in current slice
2026-10-10 01:37:43 | INFO | akquant.strategy | [2014-02-13 00:00:00] rebalance 2014-02-13: 10 stocks
2026-10-10 01:37:43 | WARNING | akquant.execution.simulated | Deferred same-cycle order until cross-symbol reduce-first orders finish in current slice
2026-10-10 01:37:43 | WARNING | akquant.execution.simulated | Deferred same-cycle order until cross-symbol reduce-first orders finish in current slice
2026-10-10 01:37:43 | WARNING | akquant.execution.simulated | Deferred same-cycle order until cross-symbol reduce-first orders finish in current slice
2026-10-10 01:37:43 | WARNING | akquant.execution.simulated | Deferred same-cycle order until cross-symbol reduce-first orders finish in current slice
2026-10-10 01:37:43 | WARNING | akquant.execution.simulated | Deferred same-cycle order until cross-symbol reduce-first orders finish in current slice
2026-10-10 01:37:43 | WARNING | akquant.execution.simulated | Deferred same-cycle order until cross-symbol reduce-first orders finish in current slice
2026-10-10 01:37:43 | WARNING | akquant.execution.simulated | Deferred same-cycle order until cross-symbol reduce-first orders finish in current slice
2026-10-10 01:37:43 | WARNING | akquant.execution.simulated | Rejected order due to insufficient margin during execution. Required: 5195830.880240000000000000000, Available: 3878148.863392501741361922208
2026-10-10 01:37:43 | INFO | akquant.strategy | [2014-03-13 00:00:00] rebalance 2014-03-13: 5 stocks
2026-10-10 01:37:43 | WARNING | akquant.execution.simulated | Deferred same-cycle order until cross-symbol reduce-first orders finish in current slice
2026-10-10 01:37:43 | WARNING | akquant.execution.simulated | Deferred same-cycle order until cross-symbol reduce-first orders finish in current slice
2026-10-10 01:37:43 | WARNING | akquant.execution.simulated | Deferred same-cycle order until cross-symbol reduce-first orders finish in current slice
2026-10-10 01:37:43 | WARNING | akquant.execution.simulated | Deferred same-cycle order until cross-symbol reduce-first orders finish in current slice
2026-10-10 01:37:43 | WARNING | akquant.execution.simulated | Deferred same-cycle order until cross-symbol reduce-first orders finish in current slice
2026-10-10 01:37:43 | WARNING | akquant.execution.simulated | Rejected order due to insufficient margin during execution. Required: 9857011.684520000000000000000, Available: 8589823.809500001741361922207
2026-10-10 01:37:43 | INFO | akquant.strategy | [2014-04-11 00:00:00] rebalance 2014-04-11: 10 stocks
2026-10-10 01:37:43 | WARNING | akquant.execution.simulated | Deferred same-cycle order until cross-symbol reduce-first orders finish in current slice
2026-10-10 01:37:43 | WARNING | akquant.execution.simulated | Deferred same-cycle order until cross-symbol reduce-first orders finish in current slice
2026-10-10 01:37:43 | WARNING | akquant.execution.simulated | Deferred same-cycle order until cross-symbol reduce-first orders finish in current slice
2026-10-10 01:37:43 | WARNING | akquant.execution.simulated | Deferred same-cycle order until cross-symbol reduce-first orders finish in current slice
2026-10-10 01:37:43 | WARNING | akquant.execution.simulated | Deferred same-cycle order until cross-symbol reduce-first orders finish in current slice
2026-10-10 01:37:43 | WARNING | akquant.execution.simulated | Deferred same-cycle order until cross-symbol reduce-first orders finish in current slice
2026-10-10 01:37:43 | WARNING | akquant.execution.simulated | Deferred same-cycle order until cross-symbol reduce-first orders finish in current slice
2026-10-10 01:37:43 | WARNING | akquant.execution.simulated | Deferred same-cycle order until cross-symbol reduce-first orders finish in current slice
2026-10-10 01:37:43 | WARNING | akquant.execution.simulated | Deferred same-cycle order until cross-symbol reduce-first orders finish in current slice
2026-10-10 01:37:43 | WARNING | akquant.execution.simulated | Deferred same-cycle order until cross-symbol reduce-first orders finish in current slice
2026-10-10 01:37:43 | WARNING | akquant.execution.simulated | Rejected order due to insufficient margin during execution. Required: 4928230.882575000000000000000, Available: 3088942.586477501741361922208
2026-10-10 01:37:44 | INFO | akquant.strategy | [2014-05-13 00:00:00] rebalance 2014-05-13: 10 stocks
2026-10-10 01:37:44 | WARNING | akquant.execution.simulated | Deferred same-cycle order until cross-symbol reduce-first orders finish in current slice
2026-10-10 01:37:44 | WARNING | akquant.execution.simulated | Deferred same-cycle order until cross-symbol reduce-first orders finish in current slice
2026-10-10 01:37:44 | WARNING | akquant.execution.simulated | Deferred same-cycle order until cross-symbol reduce-first orders finish in current slice
2026-10-10 01:37:44 | WARNING | akquant.execution.simulated | Deferred same-cycle order until cross-symbol reduce-first orders finish in current slice
2026-10-10 01:37:44 | WARNING | akquant.execution.simulated | Deferred same-cycle order until cross-symbol reduce-first orders finish in current slice
2026-10-10 01:37:44 | WARNING | akquant.execution.simulated | Deferred same-cycle order until cross-symbol reduce-first orders finish in current slice
2026-10-10 01:37:44 | WARNING | akquant.execution.simulated | Deferred same-cycle order until cross-symbol reduce-first orders finish in current slice
2026-10-10 01:37:44 | WARNING | akquant.execution.simulated | Deferred same-cycle order until cross-symbol reduce-first orders finish in current slice
2026-10-10 01:37:44 | WARNING | akquant.execution.simulated | Deferred same-cycle order until cross-symbol reduce-first orders finish in current slice
2026-10-10 01:37:44 | WARNING | akquant.execution.simulated | Deferred same-cycle order until cross-symbol reduce-first orders finish in current slice
2026-10-10 01:37:44 | INFO | akquant.strategy | [2014-06-11 00:00:00] rebalance 2014-06-11: 10 stocks
2026-10-10 01:37:44 | WARNING | akquant.execution.simulated | Deferred same-cycle order until cross-symbol reduce-first orders finish in current slice
2026-10-10 01:37:44 | WARNING | akquant.execution.simulated | Deferred same-cycle order until cross-symbol reduce-first orders finish in current slice
2026-10-10 01:37:44 | WARNING | akquant.execution.simulated | Deferred same-cycle order until cross-symbol reduce-first orders finish in current slice
2026-10-10 01:37:44 | WARNING | akquant.execution.simulated | Deferred same-cycle order until cross-symbol reduce-first orders finish in current slice
2026-10-10 01:37:44 | WARNING | akquant.execution.simulated | Deferred same-cycle order until cross-symbol reduce-first orders finish in current slice
2026-10-10 01:37:44 | WARNING | akquant.execution.simulated | Deferred same-cycle order until cross-symbol reduce-first orders finish in current slice
2026-10-10 01:37:44 | WARNING | akquant.execution.simulated | Deferred same-cycle order until cross-symbol reduce-first orders finish in current slice
2026-10-10 01:37:44 | WARNING | akquant.execution.simulated | Deferred same-cycle order until cross-symbol reduce-first orders finish in current slice
2026-10-10 01:37:44 | WARNING | akquant.execution.simulated | Deferred same-cycle order until cross-symbol reduce-first orders finish in current slice
2026-10-10 01:37:45 | INFO | akquant.strategy | [2014-07-09 00:00:00] rebalance 2014-07-09: 10 stocks
2026-10-10 01:37:45 | WARNING | akquant.execution.simulated | Deferred same-cycle order until cross-symbol reduce-first orders finish in current slice
2026-10-10 01:37:45 | WARNING | akquant.execution.simulated | Deferred same-cycle order until cross-symbol reduce-first orders finish in current slice
2026-10-10 01:37:45 | WARNING | akquant.execution.simulated | Deferred same-cycle order until cross-symbol reduce-first orders finish in current slice
2026-10-10 01:37:45 | WARNING | akquant.execution.simulated | Deferred same-cycle order until cross-symbol reduce-first orders finish in current slice
2026-10-10 01:37:45 | WARNING | akquant.execution.simulated | Deferred same-cycle order until cross-symbol reduce-first orders finish in current slice
2026-10-10 01:37:45 | WARNING | akquant.execution.simulated | Deferred same-cycle order until cross-symbol reduce-first orders finish in current slice
2026-10-10 01:37:45 | WARNING | akquant.execution.simulated | Deferred same-cycle order until cross-symbol reduce-first orders finish in current slice
2026-10-10 01:37:45 | WARNING | akquant.execution.simulated | Deferred same-cycle order until cross-symbol reduce-first orders finish in current slice
2026-10-10 01:37:45 | INFO | akquant.strategy | [2014-08-06 00:00:00] rebalance 2014-08-06: 10 stocks
2026-10-10 01:37:45 | WARNING | akquant.execution.simulated | Deferred same-cycle order until cross-symbol reduce-first orders finish in current slice
2026-10-10 01:37:45 | WARNING | akquant.execution.simulated | Deferred same-cycle order until cross-symbol reduce-first orders finish in current slice
2026-10-10 01:37:45 | WARNING | akquant.execution.simulated | Deferred same-cycle order until cross-symbol reduce-first orders finish in current slice
2026-10-10 01:37:45 | WARNING | akquant.execution.simulated | Deferred same-cycle order until cross-symbol reduce-first orders finish in current slice
2026-10-10 01:37:45 | WARNING | akquant.execution.simulated | Deferred same-cycle order until cross-symbol reduce-first orders finish in current slice
2026-10-10 01:37:45 | WARNING | akquant.execution.simulated | Deferred same-cycle order until cross-symbol reduce-first orders finish in current slice
2026-10-10 01:37:45 | WARNING | akquant.execution.simulated | Deferred same-cycle order until cross-symbol reduce-first orders finish in current slice
2026-10-10 01:37:45 | WARNING | akquant.execution.simulated | Deferred same-cycle order until cross-symbol reduce-first orders finish in current slice
2026-10-10 01:37:45 | WARNING | akquant.execution.simulated | Deferred same-cycle order until cross-symbol reduce-first orders finish in current slice
2026-10-10 01:37:45 | WARNING | akquant.execution.simulated | Deferred same-cycle order until cross-symbol reduce-first orders finish in current slice
2026-10-10 01:37:45 | INFO | akquant.strategy | [2014-09-03 00:00:00] rebalance 2014-09-03: 10 stocks
2026-10-10 01:37:45 | WARNING | akquant.execution.simulated | Deferred same-cycle order until cross-symbol reduce-first orders finish in current slice
2026-10-10 01:37:45 | WARNING | akquant.execution.simulated | Deferred same-cycle order until cross-symbol reduce-first orders finish in current slice
2026-10-10 01:37:45 | WARNING | akquant.execution.simulated | Deferred same-cycle order until cross-symbol reduce-first orders finish in current slice
2026-10-10 01:37:45 | WARNING | akquant.execution.simulated | Deferred same-cycle order until cross-symbol reduce-first orders finish in current slice
2026-10-10 01:37:45 | WARNING | akquant.execution.simulated | Deferred same-cycle order until cross-symbol reduce-first orders finish in current slice
2026-10-10 01:37:45 | WARNING | akquant.execution.simulated | Deferred same-cycle order until cross-symbol reduce-first orders finish in current slice
2026-10-10 01:37:45 | WARNING | akquant.execution.simulated | Deferred same-cycle order until cross-symbol reduce-first orders finish in current slice
2026-10-10 01:37:45 | WARNING | akquant.execution.simulated | Deferred same-cycle order until cross-symbol reduce-first orders finish in current slice
2026-10-10 01:37:45 | WARNING | akquant.execution.simulated | Deferred same-cycle order until cross-symbol reduce-first orders finish in current slice
2026-10-10 01:37:45 | WARNING | akquant.execution.simulated | Deferred same-cycle order until cross-symbol reduce-first orders finish in current slice
2026-10-10 01:37:46 | INFO | akquant.strategy | [2014-10-09 00:00:00] rebalance 2014-10-09: 10 stocks
2026-10-10 01:37:46 | WARNING | akquant.execution.simulated | Deferred same-cycle order until cross-symbol reduce-first orders finish in current slice
2026-10-10 01:37:46 | WARNING | akquant.execution.simulated | Deferred same-cycle order until cross-symbol reduce-first orders finish in current slice
2026-10-10 01:37:46 | WARNING | akquant.execution.simulated | Deferred same-cycle order until cross-symbol reduce-first orders finish in current slice
2026-10-10 01:37:46 | WARNING | akquant.execution.simulated | Deferred same-cycle order until cross-symbol reduce-first orders finish in current slice
2026-10-10 01:37:46 | WARNING | akquant.execution.simulated | Deferred same-cycle order until cross-symbol reduce-first orders finish in current slice
2026-10-10 01:37:46 | WARNING | akquant.execution.simulated | Deferred same-cycle order until cross-symbol reduce-first orders finish in current slice
2026-10-10 01:37:46 | WARNING | akquant.execution.simulated | Deferred same-cycle order until cross-symbol reduce-first orders finish in current slice
2026-10-10 01:37:46 | WARNING | akquant.execution.simulated | Deferred same-cycle order until cross-symbol reduce-first orders finish in current slice
2026-10-10 01:37:46 | WARNING | akquant.execution.simulated | Deferred same-cycle order until cross-symbol reduce-first orders finish in current slice
2026-10-10 01:37:46 | INFO | akquant.strategy | [2014-11-06 00:00:00] rebalance 2014-11-06: 10 stocks
2026-10-10 01:37:46 | WARNING | akquant.execution.simulated | Deferred same-cycle order until cross-symbol reduce-first orders finish in current slice
2026-10-10 01:37:46 | WARNING | akquant.execution.simulated | Deferred same-cycle order until cross-symbol reduce-first orders finish in current slice
2026-10-10 01:37:46 | WARNING | akquant.execution.simulated | Deferred same-cycle order until cross-symbol reduce-first orders finish in current slice
2026-10-10 01:37:46 | WARNING | akquant.execution.simulated | Deferred same-cycle order until cross-symbol reduce-first orders finish in current slice
2026-10-10 01:37:46 | WARNING | akquant.execution.simulated | Deferred same-cycle order until cross-symbol reduce-first orders finish in current slice
2026-10-10 01:37:46 | WARNING | akquant.execution.simulated | Deferred same-cycle order until cross-symbol reduce-first orders finish in current slice
2026-10-10 01:37:46 | WARNING | akquant.execution.simulated | Deferred same-cycle order until cross-symbol reduce-first orders finish in current slice
2026-10-10 01:37:46 | WARNING | akquant.execution.simulated | Rejected order due to insufficient margin during execution. Required: 5558851.923625000000000000000, Available: 5256619.860740001600656508664
2026-10-10 01:37:46 | INFO | akquant.strategy | [2014-12-04 00:00:00] rebalance 2014-12-04: 10 stocks
2026-10-10 01:37:46 | WARNING | akquant.execution.simulated | Deferred same-cycle order until cross-symbol reduce-first orders finish in current slice
2026-10-10 01:37:46 | WARNING | akquant.execution.simulated | Deferred same-cycle order until cross-symbol reduce-first orders finish in current slice
2026-10-10 01:37:46 | WARNING | akquant.execution.simulated | Deferred same-cycle order until cross-symbol reduce-first orders finish in current slice
2026-10-10 01:37:46 | WARNING | akquant.execution.simulated | Deferred same-cycle order until cross-symbol reduce-first orders finish in current slice
2026-10-10 01:37:46 | WARNING | akquant.execution.simulated | Deferred same-cycle order until cross-symbol reduce-first orders finish in current slice
2026-10-10 01:37:47 | WARNING | akquant.execution.simulated | Deferred same-cycle order until cross-symbol reduce-first orders finish in current slice
2026-10-10 01:37:47 | WARNING | akquant.execution.simulated | Deferred same-cycle order until cross-symbol reduce-first orders finish in current slice
2026-10-10 01:37:47 | WARNING | akquant.execution.simulated | Deferred same-cycle order until cross-symbol reduce-first orders finish in current slice
2026-10-10 01:37:47 | WARNING | akquant.execution.simulated | Deferred same-cycle order until cross-symbol reduce-first orders finish in current slice
2026-10-10 01:37:47 | INFO | akquant.strategy | [2015-01-05 00:00:00] rebalance 2015-01-05: 10 stocks
2026-10-10 01:37:47 | WARNING | akquant.execution.simulated | Deferred same-cycle order until cross-symbol reduce-first orders finish in current slice
2026-10-10 01:37:47 | WARNING | akquant.execution.simulated | Deferred same-cycle order until cross-symbol reduce-first orders finish in current slice
2026-10-10 01:37:47 | WARNING | akquant.execution.simulated | Deferred same-cycle order until cross-symbol reduce-first orders finish in current slice
2026-10-10 01:37:47 | WARNING | akquant.execution.simulated | Deferred same-cycle order until cross-symbol reduce-first orders finish in current slice
2026-10-10 01:37:47 | WARNING | akquant.execution.simulated | Deferred same-cycle order until cross-symbol reduce-first orders finish in current slice
2026-10-10 01:37:47 | WARNING | akquant.execution.simulated | Deferred same-cycle order until cross-symbol reduce-first orders finish in current slice
2026-10-10 01:37:47 | WARNING | akquant.execution.simulated | Deferred same-cycle order until cross-symbol reduce-first orders finish in current slice
2026-10-10 01:37:47 | WARNING | akquant.execution.simulated | Deferred same-cycle order until cross-symbol reduce-first orders finish in current slice
2026-10-10 01:37:47 | WARNING | akquant.execution.simulated | Deferred same-cycle order until cross-symbol reduce-first orders finish in current slice
2026-10-10 01:37:47 | WARNING | akquant.execution.simulated | Deferred same-cycle order until cross-symbol reduce-first orders finish in current slice
2026-10-10 01:37:47 | WARNING | akquant.execution.simulated | Rejected order due to insufficient margin during execution. Required: 6005510.886374999999999999999, Available: 5006174.210932501600656508663
2026-10-10 01:37:47 | INFO | akquant.strategy | [2015-02-02 00:00:00] rebalance 2015-02-02: 10 stocks
2026-10-10 01:37:47 | WARNING | akquant.execution.simulated | Deferred same-cycle order until cross-symbol reduce-first orders finish in current slice
2026-10-10 01:37:47 | WARNING | akquant.execution.simulated | Deferred same-cycle order until cross-symbol reduce-first orders finish in current slice
2026-10-10 01:37:47 | WARNING | akquant.execution.simulated | Deferred same-cycle order until cross-symbol reduce-first orders finish in current slice
2026-10-10 01:37:47 | WARNING | akquant.execution.simulated | Deferred same-cycle order until cross-symbol reduce-first orders finish in current slice
2026-10-10 01:37:47 | WARNING | akquant.execution.simulated | Deferred same-cycle order until cross-symbol reduce-first orders finish in current slice
2026-10-10 01:37:47 | WARNING | akquant.execution.simulated | Deferred same-cycle order until cross-symbol reduce-first orders finish in current slice
2026-10-10 01:37:47 | WARNING | akquant.execution.simulated | Deferred same-cycle order until cross-symbol reduce-first orders finish in current slice
2026-10-10 01:37:47 | WARNING | akquant.execution.simulated | Deferred same-cycle order until cross-symbol reduce-first orders finish in current slice
2026-10-10 01:37:47 | WARNING | akquant.execution.simulated | Deferred same-cycle order until cross-symbol reduce-first orders finish in current slice
2026-10-10 01:37:47 | WARNING | akquant.execution.simulated | Deferred same-cycle order until cross-symbol reduce-first orders finish in current slice
2026-10-10 01:37:48 | INFO | akquant.strategy | [2015-03-09 00:00:00] rebalance 2015-03-09: 10 stocks
2026-10-10 01:37:48 | WARNING | akquant.execution.simulated | Deferred same-cycle order until cross-symbol reduce-first orders finish in current slice
2026-10-10 01:37:48 | WARNING | akquant.execution.simulated | Deferred same-cycle order until cross-symbol reduce-first orders finish in current slice
2026-10-10 01:37:48 | WARNING | akquant.execution.simulated | Deferred same-cycle order until cross-symbol reduce-first orders finish in current slice
2026-10-10 01:37:48 | WARNING | akquant.execution.simulated | Deferred same-cycle order until cross-symbol reduce-first orders finish in current slice
2026-10-10 01:37:48 | WARNING | akquant.execution.simulated | Deferred same-cycle order until cross-symbol reduce-first orders finish in current slice
2026-10-10 01:37:48 | WARNING | akquant.execution.simulated | Deferred same-cycle order until cross-symbol reduce-first orders finish in current slice
2026-10-10 01:37:48 | WARNING | akquant.execution.simulated | Deferred same-cycle order until cross-symbol reduce-first orders finish in current slice
2026-10-10 01:37:48 | WARNING | akquant.execution.simulated | Deferred same-cycle order until cross-symbol reduce-first orders finish in current slice
2026-10-10 01:37:48 | WARNING | akquant.execution.simulated | Deferred same-cycle order until cross-symbol reduce-first orders finish in current slice
2026-10-10 01:37:48 | INFO | akquant.strategy | [2015-04-07 00:00:00] rebalance 2015-04-07: 10 stocks
2026-10-10 01:37:48 | WARNING | akquant.execution.simulated | Deferred same-cycle order until cross-symbol reduce-first orders finish in current slice
2026-10-10 01:37:48 | WARNING | akquant.execution.simulated | Deferred same-cycle order until cross-symbol reduce-first orders finish in current slice
2026-10-10 01:37:48 | WARNING | akquant.execution.simulated | Deferred same-cycle order until cross-symbol reduce-first orders finish in current slice
2026-10-10 01:37:48 | WARNING | akquant.execution.simulated | Deferred same-cycle order until cross-symbol reduce-first orders finish in current slice
2026-10-10 01:37:48 | WARNING | akquant.execution.simulated | Deferred same-cycle order until cross-symbol reduce-first orders finish in current slice
2026-10-10 01:37:48 | WARNING | akquant.execution.simulated | Deferred same-cycle order until cross-symbol reduce-first orders finish in current slice
2026-10-10 01:37:48 | WARNING | akquant.execution.simulated | Deferred same-cycle order until cross-symbol reduce-first orders finish in current slice
2026-10-10 01:37:48 | WARNING | akquant.execution.simulated | Deferred same-cycle order until cross-symbol reduce-first orders finish in current slice
2026-10-10 01:37:48 | WARNING | akquant.execution.simulated | Deferred same-cycle order until cross-symbol reduce-first orders finish in current slice
2026-10-10 01:37:48 | INFO | akquant.strategy | [2015-05-06 00:00:00] rebalance 2015-05-06: 10 stocks
2026-10-10 01:37:48 | WARNING | akquant.execution.simulated | Deferred same-cycle order until cross-symbol reduce-first orders finish in current slice
2026-10-10 01:37:48 | WARNING | akquant.execution.simulated | Deferred same-cycle order until cross-symbol reduce-first orders finish in current slice
2026-10-10 01:37:48 | WARNING | akquant.execution.simulated | Deferred same-cycle order until cross-symbol reduce-first orders finish in current slice
2026-10-10 01:37:48 | WARNING | akquant.execution.simulated | Deferred same-cycle order until cross-symbol reduce-first orders finish in current slice
2026-10-10 01:37:48 | WARNING | akquant.execution.simulated | Deferred same-cycle order until cross-symbol reduce-first orders finish in current slice
2026-10-10 01:37:48 | WARNING | akquant.execution.simulated | Deferred same-cycle order until cross-symbol reduce-first orders finish in current slice
2026-10-10 01:37:48 | WARNING | akquant.execution.simulated | Deferred same-cycle order until cross-symbol reduce-first orders finish in current slice
2026-10-10 01:37:48 | WARNING | akquant.execution.simulated | Deferred same-cycle order until cross-symbol reduce-first orders finish in current slice
2026-10-10 01:37:49 | INFO | akquant.strategy | [2015-06-03 00:00:00] rebalance 2015-06-03: 10 stocks
2026-10-10 01:37:49 | WARNING | akquant.execution.simulated | Deferred same-cycle order until cross-symbol reduce-first orders finish in current slice
2026-10-10 01:37:49 | WARNING | akquant.execution.simulated | Deferred same-cycle order until cross-symbol reduce-first orders finish in current slice
2026-10-10 01:37:49 | WARNING | akquant.execution.simulated | Deferred same-cycle order until cross-symbol reduce-first orders finish in current slice
2026-10-10 01:37:49 | WARNING | akquant.execution.simulated | Deferred same-cycle order until cross-symbol reduce-first orders finish in current slice
2026-10-10 01:37:49 | WARNING | akquant.execution.simulated | Deferred same-cycle order until cross-symbol reduce-first orders finish in current slice
2026-10-10 01:37:49 | WARNING | akquant.execution.simulated | Deferred same-cycle order until cross-symbol reduce-first orders finish in current slice
2026-10-10 01:37:49 | WARNING | akquant.execution.simulated | Deferred same-cycle order until cross-symbol reduce-first orders finish in current slice
2026-10-10 01:37:49 | WARNING | akquant.execution.simulated | Deferred same-cycle order until cross-symbol reduce-first orders finish in current slice
2026-10-10 01:37:49 | WARNING | akquant.execution.simulated | Rejected order: Risk: Insufficient available position for 300059.SZ at execution. Available: 100139.99999999998811190948791, Required: 100140
2026-10-10 01:37:49 | INFO | akquant.strategy | [2015-07-02 00:00:00] rebalance 2015-07-02: 10 stocks
2026-10-10 01:37:49 | WARNING | akquant.execution.simulated | Deferred same-cycle order until cross-symbol reduce-first orders finish in current slice
2026-10-10 01:37:49 | WARNING | akquant.execution.simulated | Deferred same-cycle order until cross-symbol reduce-first orders finish in current slice
2026-10-10 01:37:49 | WARNING | akquant.execution.simulated | Deferred same-cycle order until cross-symbol reduce-first orders finish in current slice
2026-10-10 01:37:49 | WARNING | akquant.execution.simulated | Deferred same-cycle order until cross-symbol reduce-first orders finish in current slice
2026-10-10 01:37:49 | WARNING | akquant.execution.simulated | Deferred same-cycle order until cross-symbol reduce-first orders finish in current slice
2026-10-10 01:37:49 | WARNING | akquant.execution.simulated | Deferred same-cycle order until cross-symbol reduce-first orders finish in current slice
2026-10-10 01:37:49 | WARNING | akquant.execution.simulated | Deferred same-cycle order until cross-symbol reduce-first orders finish in current slice
2026-10-10 01:37:49 | WARNING | akquant.execution.simulated | Deferred same-cycle order until cross-symbol reduce-first orders finish in current slice
2026-10-10 01:37:49 | WARNING | akquant.execution.simulated | Deferred same-cycle order until cross-symbol reduce-first orders finish in current slice
2026-10-10 01:37:49 | WARNING | akquant.execution.simulated | Deferred same-cycle order until cross-symbol reduce-first orders finish in current slice
2026-10-10 01:37:49 | WARNING | akquant.execution.simulated | Rejected order due to insufficient margin during execution. Required: 6692304.986867500000000000000, Available: 6240012.707982500707627424915
2026-10-10 01:37:50 | INFO | akquant.strategy | [2015-07-30 00:00:00] rebalance 2015-07-30: 10 stocks
2026-10-10 01:37:50 | WARNING | akquant.execution.simulated | Deferred same-cycle order until cross-symbol reduce-first orders finish in current slice
2026-10-10 01:37:50 | WARNING | akquant.execution.simulated | Deferred same-cycle order until cross-symbol reduce-first orders finish in current slice
2026-10-10 01:37:50 | WARNING | akquant.execution.simulated | Deferred same-cycle order until cross-symbol reduce-first orders finish in current slice
2026-10-10 01:37:50 | WARNING | akquant.execution.simulated | Deferred same-cycle order until cross-symbol reduce-first orders finish in current slice
2026-10-10 01:37:50 | WARNING | akquant.execution.simulated | Deferred same-cycle order until cross-symbol reduce-first orders finish in current slice
2026-10-10 01:37:50 | WARNING | akquant.execution.simulated | Deferred same-cycle order until cross-symbol reduce-first orders finish in current slice
2026-10-10 01:37:50 | WARNING | akquant.execution.simulated | Deferred same-cycle order until cross-symbol reduce-first orders finish in current slice
2026-10-10 01:37:50 | WARNING | akquant.execution.simulated | Deferred same-cycle order until cross-symbol reduce-first orders finish in current slice
2026-10-10 01:37:50 | WARNING | akquant.execution.simulated | Deferred same-cycle order until cross-symbol reduce-first orders finish in current slice
2026-10-10 01:37:50 | WARNING | akquant.execution.simulated | Deferred same-cycle order until cross-symbol reduce-first orders finish in current slice
2026-10-10 01:37:50 | WARNING | akquant.execution.simulated | Rejected order due to insufficient margin during execution. Required: 6654852.266562500000000000000, Available: 5495479.526507501158253627935
2026-10-10 01:37:50 | INFO | akquant.strategy | [2015-08-27 00:00:00] rebalance 2015-08-27: 10 stocks
2026-10-10 01:37:50 | WARNING | akquant.execution.simulated | Deferred same-cycle order until cross-symbol reduce-first orders finish in current slice
2026-10-10 01:37:50 | WARNING | akquant.execution.simulated | Deferred same-cycle order until cross-symbol reduce-first orders finish in current slice
2026-10-10 01:37:50 | WARNING | akquant.execution.simulated | Deferred same-cycle order until cross-symbol reduce-first orders finish in current slice
2026-10-10 01:37:50 | WARNING | akquant.execution.simulated | Deferred same-cycle order until cross-symbol reduce-first orders finish in current slice
2026-10-10 01:37:50 | WARNING | akquant.execution.simulated | Deferred same-cycle order until cross-symbol reduce-first orders finish in current slice
2026-10-10 01:37:50 | WARNING | akquant.execution.simulated | Deferred same-cycle order until cross-symbol reduce-first orders finish in current slice
2026-10-10 01:37:50 | WARNING | akquant.execution.simulated | Deferred same-cycle order until cross-symbol reduce-first orders finish in current slice
2026-10-10 01:37:50 | WARNING | akquant.execution.simulated | Deferred same-cycle order until cross-symbol reduce-first orders finish in current slice
2026-10-10 01:37:50 | WARNING | akquant.execution.simulated | Deferred same-cycle order until cross-symbol reduce-first orders finish in current slice
2026-10-10 01:37:50 | WARNING | akquant.execution.simulated | Deferred same-cycle order until cross-symbol reduce-first orders finish in current slice
2026-10-10 01:37:50 | WARNING | akquant.execution.simulated | Rejected order due to insufficient margin during execution. Required: 5765061.652350000000000000000, Available: 3769862.524447501162916955436
2026-10-10 01:37:50 | INFO | akquant.strategy | [2015-09-28 00:00:00] rebalance 2015-09-28: 10 stocks
2026-10-10 01:37:50 | WARNING | akquant.execution.simulated | Deferred same-cycle order until cross-symbol reduce-first orders finish in current slice
2026-10-10 01:37:50 | WARNING | akquant.execution.simulated | Deferred same-cycle order until cross-symbol reduce-first orders finish in current slice
2026-10-10 01:37:50 | WARNING | akquant.execution.simulated | Deferred same-cycle order until cross-symbol reduce-first orders finish in current slice
2026-10-10 01:37:51 | WARNING | akquant.execution.simulated | Deferred same-cycle order until cross-symbol reduce-first orders finish in current slice
2026-10-10 01:37:51 | WARNING | akquant.execution.simulated | Deferred same-cycle order until cross-symbol reduce-first orders finish in current slice
2026-10-10 01:37:51 | WARNING | akquant.execution.simulated | Deferred same-cycle order until cross-symbol reduce-first orders finish in current slice
2026-10-10 01:37:51 | INFO | akquant.strategy | [2015-11-02 00:00:00] rebalance 2015-11-02: 10 stocks
2026-10-10 01:37:51 | WARNING | akquant.execution.simulated | Deferred same-cycle order until cross-symbol reduce-first orders finish in current slice
2026-10-10 01:37:51 | WARNING | akquant.execution.simulated | Deferred same-cycle order until cross-symbol reduce-first orders finish in current slice
2026-10-10 01:37:51 | WARNING | akquant.execution.simulated | Deferred same-cycle order until cross-symbol reduce-first orders finish in current slice
2026-10-10 01:37:51 | WARNING | akquant.execution.simulated | Deferred same-cycle order until cross-symbol reduce-first orders finish in current slice
2026-10-10 01:37:51 | WARNING | akquant.execution.simulated | Deferred same-cycle order until cross-symbol reduce-first orders finish in current slice
2026-10-10 01:37:51 | WARNING | akquant.execution.simulated | Deferred same-cycle order until cross-symbol reduce-first orders finish in current slice
2026-10-10 01:37:51 | WARNING | akquant.execution.simulated | Deferred same-cycle order until cross-symbol reduce-first orders finish in current slice
2026-10-10 01:37:51 | WARNING | akquant.execution.simulated | Deferred same-cycle order until cross-symbol reduce-first orders finish in current slice
2026-10-10 01:37:51 | WARNING | akquant.execution.simulated | Deferred same-cycle order until cross-symbol reduce-first orders finish in current slice
2026-10-10 01:37:51 | WARNING | akquant.execution.simulated | Deferred same-cycle order until cross-symbol reduce-first orders finish in current slice
2026-10-10 01:37:51 | INFO | akquant.strategy | [2015-11-30 00:00:00] rebalance 2015-11-30: 10 stocks
2026-10-10 01:37:51 | WARNING | akquant.execution.simulated | Deferred same-cycle order until cross-symbol reduce-first orders finish in current slice
2026-10-10 01:37:51 | WARNING | akquant.execution.simulated | Deferred same-cycle order until cross-symbol reduce-first orders finish in current slice
2026-10-10 01:37:51 | WARNING | akquant.execution.simulated | Deferred same-cycle order until cross-symbol reduce-first orders finish in current slice
2026-10-10 01:37:51 | WARNING | akquant.execution.simulated | Deferred same-cycle order until cross-symbol reduce-first orders finish in current slice
2026-10-10 01:37:51 | WARNING | akquant.execution.simulated | Deferred same-cycle order until cross-symbol reduce-first orders finish in current slice
2026-10-10 01:37:51 | WARNING | akquant.execution.simulated | Deferred same-cycle order until cross-symbol reduce-first orders finish in current slice
2026-10-10 01:37:51 | WARNING | akquant.execution.simulated | Deferred same-cycle order until cross-symbol reduce-first orders finish in current slice
2026-10-10 01:37:51 | WARNING | akquant.execution.simulated | Rejected order: Risk: Insufficient available position for 300059.SZ at execution. Available: 113239.99999999998811190948791, Required: 113240
2026-10-10 01:37:52 | INFO | akquant.strategy | [2015-12-28 00:00:00] rebalance 2015-12-28: 10 stocks
2026-10-10 01:37:52 | WARNING | akquant.execution.simulated | Deferred same-cycle order until cross-symbol reduce-first orders finish in current slice
2026-10-10 01:37:52 | WARNING | akquant.execution.simulated | Deferred same-cycle order until cross-symbol reduce-first orders finish in current slice
2026-10-10 01:37:52 | WARNING | akquant.execution.simulated | Deferred same-cycle order until cross-symbol reduce-first orders finish in current slice
2026-10-10 01:37:52 | WARNING | akquant.execution.simulated | Deferred same-cycle order until cross-symbol reduce-first orders finish in current slice
2026-10-10 01:37:52 | WARNING | akquant.execution.simulated | Deferred same-cycle order until cross-symbol reduce-first orders finish in current slice
2026-10-10 01:37:52 | INFO | akquant.strategy | [2016-01-26 00:00:00] rebalance 2016-01-26: 10 stocks
2026-10-10 01:37:52 | WARNING | akquant.execution.simulated | Deferred same-cycle order until cross-symbol reduce-first orders finish in current slice
2026-10-10 01:37:52 | WARNING | akquant.execution.simulated | Deferred same-cycle order until cross-symbol reduce-first orders finish in current slice
2026-10-10 01:37:52 | WARNING | akquant.execution.simulated | Deferred same-cycle order until cross-symbol reduce-first orders finish in current slice
2026-10-10 01:37:52 | WARNING | akquant.execution.simulated | Deferred same-cycle order until cross-symbol reduce-first orders finish in current slice
2026-10-10 01:37:52 | WARNING | akquant.execution.simulated | Deferred same-cycle order until cross-symbol reduce-first orders finish in current slice
2026-10-10 01:37:52 | WARNING | akquant.execution.simulated | Deferred same-cycle order until cross-symbol reduce-first orders finish in current slice
2026-10-10 01:37:52 | WARNING | akquant.execution.simulated | Deferred same-cycle order until cross-symbol reduce-first orders finish in current slice
2026-10-10 01:37:52 | WARNING | akquant.execution.simulated | Deferred same-cycle order until cross-symbol reduce-first orders finish in current slice
2026-10-10 01:37:53 | INFO | akquant.strategy | [2016-03-01 00:00:00] rebalance 2016-03-01: 10 stocks
2026-10-10 01:37:53 | WARNING | akquant.execution.simulated | Deferred same-cycle order until cross-symbol reduce-first orders finish in current slice
2026-10-10 01:37:53 | WARNING | akquant.execution.simulated | Deferred same-cycle order until cross-symbol reduce-first orders finish in current slice
2026-10-10 01:37:53 | WARNING | akquant.execution.simulated | Deferred same-cycle order until cross-symbol reduce-first orders finish in current slice
2026-10-10 01:37:53 | WARNING | akquant.execution.simulated | Deferred same-cycle order until cross-symbol reduce-first orders finish in current slice
2026-10-10 01:37:53 | WARNING | akquant.execution.simulated | Deferred same-cycle order until cross-symbol reduce-first orders finish in current slice
2026-10-10 01:37:53 | WARNING | akquant.execution.simulated | Deferred same-cycle order until cross-symbol reduce-first orders finish in current slice
2026-10-10 01:37:53 | WARNING | akquant.execution.simulated | Deferred same-cycle order until cross-symbol reduce-first orders finish in current slice
2026-10-10 01:37:53 | WARNING | akquant.execution.simulated | Deferred same-cycle order until cross-symbol reduce-first orders finish in current slice
2026-10-10 01:37:53 | WARNING | akquant.execution.simulated | Rejected order: Risk: Insufficient available position for 300059.SZ at execution. Available: 166639.99999999998811190948791, Required: 166640
2026-10-10 01:37:53 | INFO | akquant.strategy | [2016-03-29 00:00:00] rebalance 2016-03-29: 10 stocks
2026-10-10 01:37:53 | WARNING | akquant.execution.simulated | Deferred same-cycle order until cross-symbol reduce-first orders finish in current slice
2026-10-10 01:37:53 | WARNING | akquant.execution.simulated | Deferred same-cycle order until cross-symbol reduce-first orders finish in current slice
2026-10-10 01:37:53 | WARNING | akquant.execution.simulated | Deferred same-cycle order until cross-symbol reduce-first orders finish in current slice
2026-10-10 01:37:53 | WARNING | akquant.execution.simulated | Deferred same-cycle order until cross-symbol reduce-first orders finish in current slice
2026-10-10 01:37:53 | WARNING | akquant.execution.simulated | Deferred same-cycle order until cross-symbol reduce-first orders finish in current slice
2026-10-10 01:37:53 | WARNING | akquant.execution.simulated | Deferred same-cycle order until cross-symbol reduce-first orders finish in current slice
2026-10-10 01:37:53 | WARNING | akquant.execution.simulated | Deferred same-cycle order until cross-symbol reduce-first orders finish in current slice
2026-10-10 01:37:53 | WARNING | akquant.execution.simulated | Deferred same-cycle order until cross-symbol reduce-first orders finish in current slice
2026-10-10 01:37:53 | WARNING | akquant.execution.simulated | Deferred same-cycle order until cross-symbol reduce-first orders finish in current slice
2026-10-10 01:37:53 | WARNING | akquant.execution.simulated | Deferred same-cycle order until cross-symbol reduce-first orders finish in current slice
2026-10-10 01:37:53 | INFO | akquant.strategy | [2016-04-27 00:00:00] rebalance 2016-04-27: 10 stocks
2026-10-10 01:37:53 | WARNING | akquant.execution.simulated | Deferred same-cycle order until cross-symbol reduce-first orders finish in current slice
2026-10-10 01:37:53 | WARNING | akquant.execution.simulated | Deferred same-cycle order until cross-symbol reduce-first orders finish in current slice
2026-10-10 01:37:53 | WARNING | akquant.execution.simulated | Deferred same-cycle order until cross-symbol reduce-first orders finish in current slice
2026-10-10 01:37:53 | WARNING | akquant.execution.simulated | Deferred same-cycle order until cross-symbol reduce-first orders finish in current slice
2026-10-10 01:37:53 | WARNING | akquant.execution.simulated | Deferred same-cycle order until cross-symbol reduce-first orders finish in current slice
2026-10-10 01:37:53 | WARNING | akquant.execution.simulated | Deferred same-cycle order until cross-symbol reduce-first orders finish in current slice
2026-10-10 01:37:53 | WARNING | akquant.execution.simulated | Deferred same-cycle order until cross-symbol reduce-first orders finish in current slice
2026-10-10 01:37:53 | WARNING | akquant.execution.simulated | Deferred same-cycle order until cross-symbol reduce-first orders finish in current slice
2026-10-10 01:37:53 | WARNING | akquant.execution.simulated | Deferred same-cycle order until cross-symbol reduce-first orders finish in current slice
2026-10-10 01:37:53 | WARNING | akquant.execution.simulated | Deferred same-cycle order until cross-symbol reduce-first orders finish in current slice
2026-10-10 01:37:54 | INFO | akquant.strategy | [2016-05-26 00:00:00] rebalance 2016-05-26: 10 stocks
2026-10-10 01:37:54 | WARNING | akquant.execution.simulated | Deferred same-cycle order until cross-symbol reduce-first orders finish in current slice
2026-10-10 01:37:54 | WARNING | akquant.execution.simulated | Deferred same-cycle order until cross-symbol reduce-first orders finish in current slice
2026-10-10 01:37:54 | WARNING | akquant.execution.simulated | Deferred same-cycle order until cross-symbol reduce-first orders finish in current slice
2026-10-10 01:37:54 | WARNING | akquant.execution.simulated | Deferred same-cycle order until cross-symbol reduce-first orders finish in current slice
2026-10-10 01:37:54 | WARNING | akquant.execution.simulated | Deferred same-cycle order until cross-symbol reduce-first orders finish in current slice
2026-10-10 01:37:54 | WARNING | akquant.execution.simulated | Deferred same-cycle order until cross-symbol reduce-first orders finish in current slice
2026-10-10 01:37:54 | WARNING | akquant.execution.simulated | Deferred same-cycle order until cross-symbol reduce-first orders finish in current slice
2026-10-10 01:37:54 | WARNING | akquant.execution.simulated | Deferred same-cycle order until cross-symbol reduce-first orders finish in current slice
2026-10-10 01:37:54 | WARNING | akquant.execution.simulated | Deferred same-cycle order until cross-symbol reduce-first orders finish in current slice
2026-10-10 01:37:54 | WARNING | akquant.execution.simulated | Deferred same-cycle order until cross-symbol reduce-first orders finish in current slice
2026-10-10 01:37:54 | WARNING | akquant.execution.simulated | Rejected order due to insufficient margin during execution. Required: 6940327.654259999999999999999, Available: 2570657.562230002025121146500
2026-10-10 01:37:54 | INFO | akquant.strategy | [2016-06-27 00:00:00] rebalance 2016-06-27: 10 stocks
2026-10-10 01:37:54 | WARNING | akquant.execution.simulated | Deferred same-cycle order until cross-symbol reduce-first orders finish in current slice
2026-10-10 01:37:54 | WARNING | akquant.execution.simulated | Deferred same-cycle order until cross-symbol reduce-first orders finish in current slice
2026-10-10 01:37:54 | WARNING | akquant.execution.simulated | Deferred same-cycle order until cross-symbol reduce-first orders finish in current slice
2026-10-10 01:37:54 | WARNING | akquant.execution.simulated | Deferred same-cycle order until cross-symbol reduce-first orders finish in current slice
2026-10-10 01:37:54 | WARNING | akquant.execution.simulated | Deferred same-cycle order until cross-symbol reduce-first orders finish in current slice
2026-10-10 01:37:54 | WARNING | akquant.execution.simulated | Deferred same-cycle order until cross-symbol reduce-first orders finish in current slice
2026-10-10 01:37:54 | WARNING | akquant.execution.simulated | Deferred same-cycle order until cross-symbol reduce-first orders finish in current slice
2026-10-10 01:37:54 | WARNING | akquant.execution.simulated | Deferred same-cycle order until cross-symbol reduce-first orders finish in current slice
2026-10-10 01:37:54 | WARNING | akquant.execution.simulated | Deferred same-cycle order until cross-symbol reduce-first orders finish in current slice
2026-10-10 01:37:54 | WARNING | akquant.execution.simulated | Rejected order: Risk: Insufficient available position for 600276.SH at execution. Available: 186599.99999999999309441278675, Required: 186600
2026-10-10 01:37:54 | WARNING | akquant.execution.simulated | Deferred same-cycle order until cross-symbol reduce-first orders finish in current slice
2026-10-10 01:37:54 | WARNING | akquant.execution.simulated | Rejected order due to insufficient margin during execution. Required: 7485702.16143750000000000000, Available: 2278883.15289750212451634968
2026-10-10 01:37:55 | INFO | akquant.strategy | [2016-07-25 00:00:00] rebalance 2016-07-25: 10 stocks
2026-10-10 01:37:55 | WARNING | akquant.execution.simulated | Deferred same-cycle order until cross-symbol reduce-first orders finish in current slice
2026-10-10 01:37:55 | WARNING | akquant.execution.simulated | Deferred same-cycle order until cross-symbol reduce-first orders finish in current slice
2026-10-10 01:37:55 | WARNING | akquant.execution.simulated | Deferred same-cycle order until cross-symbol reduce-first orders finish in current slice
2026-10-10 01:37:55 | WARNING | akquant.execution.simulated | Deferred same-cycle order until cross-symbol reduce-first orders finish in current slice
2026-10-10 01:37:55 | WARNING | akquant.execution.simulated | Deferred same-cycle order until cross-symbol reduce-first orders finish in current slice
2026-10-10 01:37:55 | WARNING | akquant.execution.simulated | Deferred same-cycle order until cross-symbol reduce-first orders finish in current slice
2026-10-10 01:37:55 | WARNING | akquant.execution.simulated | Deferred same-cycle order until cross-symbol reduce-first orders finish in current slice
2026-10-10 01:37:55 | WARNING | akquant.execution.simulated | Rejected order: Risk: Insufficient available position for 600276.SH at execution. Available: 186599.99999999999309441278675, Required: 186600
2026-10-10 01:37:55 | WARNING | akquant.execution.simulated | Rejected order due to insufficient margin during execution. Required: 905861.70675000000000000000, Available: 712870.15345500197331285551
2026-10-10 01:37:55 | INFO | akquant.strategy | [2016-08-22 00:00:00] rebalance 2016-08-22: 10 stocks
2026-10-10 01:37:55 | WARNING | akquant.execution.simulated | Deferred same-cycle order until cross-symbol reduce-first orders finish in current slice
2026-10-10 01:37:55 | WARNING | akquant.execution.simulated | Deferred same-cycle order until cross-symbol reduce-first orders finish in current slice
2026-10-10 01:37:55 | WARNING | akquant.execution.simulated | Deferred same-cycle order until cross-symbol reduce-first orders finish in current slice
2026-10-10 01:37:56 | INFO | akquant.strategy | [2016-09-21 00:00:00] rebalance 2016-09-21: 10 stocks
2026-10-10 01:37:56 | WARNING | akquant.execution.simulated | Deferred same-cycle order until cross-symbol reduce-first orders finish in current slice
2026-10-10 01:37:56 | WARNING | akquant.execution.simulated | Deferred same-cycle order until cross-symbol reduce-first orders finish in current slice
2026-10-10 01:37:56 | WARNING | akquant.execution.simulated | Deferred same-cycle order until cross-symbol reduce-first orders finish in current slice
2026-10-10 01:37:56 | WARNING | akquant.execution.simulated | Deferred same-cycle order until cross-symbol reduce-first orders finish in current slice
2026-10-10 01:37:56 | WARNING | akquant.execution.simulated | Deferred same-cycle order until cross-symbol reduce-first orders finish in current slice
2026-10-10 01:37:56 | WARNING | akquant.execution.simulated | Deferred same-cycle order until cross-symbol reduce-first orders finish in current slice
2026-10-10 01:37:56 | WARNING | akquant.execution.simulated | Deferred same-cycle order until cross-symbol reduce-first orders finish in current slice
2026-10-10 01:37:56 | WARNING | akquant.execution.simulated | Deferred same-cycle order until cross-symbol reduce-first orders finish in current slice
2026-10-10 01:37:56 | WARNING | akquant.execution.simulated | Deferred same-cycle order until cross-symbol reduce-first orders finish in current slice
2026-10-10 01:37:56 | WARNING | akquant.execution.simulated | Rejected order: Risk: Insufficient available position for 600276.SH at execution. Available: 161699.99999999999309441278675, Required: 161700
2026-10-10 01:37:56 | WARNING | akquant.execution.simulated | Deferred same-cycle order until cross-symbol reduce-first orders finish in current slice
2026-10-10 01:37:56 | WARNING | akquant.execution.simulated | Rejected order due to insufficient margin during execution. Required: 9162379.22600000000000000000, Available: 6820806.49932500265078893519
2026-10-10 01:37:56 | WARNING | akquant.execution.simulated | Rejected order due to insufficient margin during execution. Required: 9164130.33786250000000000000, Available: 6820806.49932500265078893519
2026-10-10 01:37:56 | WARNING | akquant.execution.simulated | Rejected order due to insufficient margin during execution. Required: 9193881.17648000000000000000, Available: 6820806.49932500265078893519
2026-10-10 01:37:56 | WARNING | akquant.execution.simulated | Rejected order due to insufficient margin during execution. Required: 9160785.66403000000000000000, Available: 6820806.49932500265078893519
2026-10-10 01:37:56 | INFO | akquant.strategy | [2016-10-26 00:00:00] rebalance 2016-10-26: 10 stocks
2026-10-10 01:37:56 | WARNING | akquant.execution.simulated | Deferred same-cycle order until cross-symbol reduce-first orders finish in current slice
2026-10-10 01:37:56 | WARNING | akquant.execution.simulated | Deferred same-cycle order until cross-symbol reduce-first orders finish in current slice
2026-10-10 01:37:56 | WARNING | akquant.execution.simulated | Deferred same-cycle order until cross-symbol reduce-first orders finish in current slice
2026-10-10 01:37:56 | WARNING | akquant.execution.simulated | Deferred same-cycle order until cross-symbol reduce-first orders finish in current slice
2026-10-10 01:37:56 | WARNING | akquant.execution.simulated | Deferred same-cycle order until cross-symbol reduce-first orders finish in current slice
2026-10-10 01:37:56 | WARNING | akquant.execution.simulated | Deferred same-cycle order until cross-symbol reduce-first orders finish in current slice
2026-10-10 01:37:56 | WARNING | akquant.execution.simulated | Deferred same-cycle order until cross-symbol reduce-first orders finish in current slice
2026-10-10 01:37:56 | WARNING | akquant.execution.simulated | Deferred same-cycle order until cross-symbol reduce-first orders finish in current slice
2026-10-10 01:37:56 | WARNING | akquant.execution.simulated | Rejected order: Risk: Insufficient available position for 600276.SH at execution. Available: 161699.99999999999309441278675, Required: 161700
2026-10-10 01:37:56 | WARNING | akquant.execution.simulated | Deferred same-cycle order until cross-symbol reduce-first orders finish in current slice
2026-10-10 01:37:56 | WARNING | akquant.execution.simulated | Deferred same-cycle order until cross-symbol reduce-first orders finish in current slice
2026-10-10 01:37:56 | WARNING | akquant.execution.simulated | Rejected order due to insufficient margin during execution. Required: 9519321.05124000000000000000, Available: 8459084.12330750330349349225
2026-10-10 01:37:56 | WARNING | akquant.execution.simulated | Rejected order due to insufficient margin during execution. Required: 9328759.94050000000000000000, Available: 8459084.12330750330349349225
2026-10-10 01:37:56 | WARNING | akquant.execution.simulated | Rejected order due to insufficient margin during execution. Required: 9321815.70320000000000000000, Available: 8459084.12330750330349349225
2026-10-10 01:37:56 | WARNING | akquant.execution.simulated | Rejected order due to insufficient margin during execution. Required: 9424309.43454000000000000000, Available: 8459084.12330750330349349225
2026-10-10 01:37:57 | INFO | akquant.strategy | [2016-11-23 00:00:00] rebalance 2016-11-23: 10 stocks
2026-10-10 01:37:57 | WARNING | akquant.execution.simulated | Deferred same-cycle order until cross-symbol reduce-first orders finish in current slice
2026-10-10 01:37:57 | WARNING | akquant.execution.simulated | Deferred same-cycle order until cross-symbol reduce-first orders finish in current slice
2026-10-10 01:37:57 | WARNING | akquant.execution.simulated | Deferred same-cycle order until cross-symbol reduce-first orders finish in current slice
2026-10-10 01:37:57 | WARNING | akquant.execution.simulated | Deferred same-cycle order until cross-symbol reduce-first orders finish in current slice
2026-10-10 01:37:57 | WARNING | akquant.execution.simulated | Deferred same-cycle order until cross-symbol reduce-first orders finish in current slice
2026-10-10 01:37:57 | WARNING | akquant.execution.simulated | Deferred same-cycle order until cross-symbol reduce-first orders finish in current slice
2026-10-10 01:37:57 | WARNING | akquant.execution.simulated | Deferred same-cycle order until cross-symbol reduce-first orders finish in current slice
2026-10-10 01:37:57 | WARNING | akquant.execution.simulated | Deferred same-cycle order until cross-symbol reduce-first orders finish in current slice
2026-10-10 01:37:57 | WARNING | akquant.execution.simulated | Deferred same-cycle order until cross-symbol reduce-first orders finish in current slice
2026-10-10 01:37:57 | WARNING | akquant.execution.simulated | Rejected order: Risk: Insufficient available position for 600276.SH at execution. Available: 161699.99999999999309441278675, Required: 161700
2026-10-10 01:37:57 | WARNING | akquant.execution.simulated | Rejected order due to insufficient margin during execution. Required: 9865794.33840000000000000000, Available: 1612434.95062250330349349226
2026-10-10 01:37:57 | WARNING | akquant.execution.simulated | Rejected order due to insufficient margin during execution. Required: 9899018.29917000000000000000, Available: 1612434.95062250330349349226
2026-10-10 01:37:57 | WARNING | akquant.execution.simulated | Rejected order due to insufficient margin during execution. Required: 9825393.32775000000000000000, Available: 1612434.95062250330349349226
2026-10-10 01:37:57 | INFO | akquant.strategy | [2016-12-21 00:00:00] rebalance 2016-12-21: 10 stocks
2026-10-10 01:37:57 | WARNING | akquant.execution.simulated | Deferred same-cycle order until cross-symbol reduce-first orders finish in current slice
2026-10-10 01:37:57 | WARNING | akquant.execution.simulated | Deferred same-cycle order until cross-symbol reduce-first orders finish in current slice
2026-10-10 01:37:57 | WARNING | akquant.execution.simulated | Deferred same-cycle order until cross-symbol reduce-first orders finish in current slice
2026-10-10 01:37:57 | WARNING | akquant.execution.simulated | Rejected order: Risk: Insufficient available position for 600276.SH at execution. Available: 161699.99999999999309441278675, Required: 161700
2026-10-10 01:37:57 | WARNING | akquant.execution.simulated | Deferred same-cycle order until cross-symbol reduce-first orders finish in current slice
2026-10-10 01:37:57 | WARNING | akquant.execution.simulated | Deferred same-cycle order until cross-symbol reduce-first orders finish in current slice
2026-10-10 01:37:57 | WARNING | akquant.execution.simulated | Deferred same-cycle order until cross-symbol reduce-first orders finish in current slice
2026-10-10 01:37:57 | WARNING | akquant.execution.simulated | Deferred same-cycle order until cross-symbol reduce-first orders finish in current slice
2026-10-10 01:37:57 | WARNING | akquant.execution.simulated | Deferred same-cycle order until cross-symbol reduce-first orders finish in current slice
2026-10-10 01:37:57 | WARNING | akquant.execution.simulated | Deferred same-cycle order until cross-symbol reduce-first orders finish in current slice
2026-10-10 01:37:57 | WARNING | akquant.execution.simulated | Deferred same-cycle order until cross-symbol reduce-first orders finish in current slice
2026-10-10 01:37:57 | WARNING | akquant.execution.simulated | Rejected order due to insufficient margin during execution. Required: 9352655.34203000000000000000, Available: 9248067.35673750330349349226
2026-10-10 01:37:57 | WARNING | akquant.execution.simulated | Rejected order due to insufficient margin during execution. Required: 9289011.20647500000000000000, Available: 9248067.35673750330349349226
2026-10-10 01:37:57 | WARNING | akquant.execution.simulated | Rejected order due to insufficient margin during execution. Required: 9329233.59368000000000000000, Available: 9248067.35673750330349349226
2026-10-10 01:37:57 | WARNING | akquant.execution.simulated | Rejected order due to insufficient margin during execution. Required: 9325480.49433000000000000000, Available: 9248067.35673750330349349226
2026-10-10 01:37:57 | WARNING | akquant.execution.simulated | Rejected order due to insufficient margin during execution. Required: 9325814.66066250000000000000, Available: 9248067.35673750330349349226
2026-10-10 01:37:57 | INFO | akquant.strategy | [2017-01-19 00:00:00] rebalance 2017-01-19: 10 stocks
2026-10-10 01:37:57 | WARNING | akquant.execution.simulated | Deferred same-cycle order until cross-symbol reduce-first orders finish in current slice
2026-10-10 01:37:57 | WARNING | akquant.execution.simulated | Deferred same-cycle order until cross-symbol reduce-first orders finish in current slice
2026-10-10 01:37:57 | WARNING | akquant.execution.simulated | Deferred same-cycle order until cross-symbol reduce-first orders finish in current slice
2026-10-10 01:37:57 | WARNING | akquant.execution.simulated | Deferred same-cycle order until cross-symbol reduce-first orders finish in current slice
2026-10-10 01:37:57 | WARNING | akquant.execution.simulated | Deferred same-cycle order until cross-symbol reduce-first orders finish in current slice
2026-10-10 01:37:57 | WARNING | akquant.execution.simulated | Deferred same-cycle order until cross-symbol reduce-first orders finish in current slice
2026-10-10 01:37:57 | WARNING | akquant.execution.simulated | Deferred same-cycle order until cross-symbol reduce-first orders finish in current slice
2026-10-10 01:37:57 | WARNING | akquant.execution.simulated | Rejected order: Risk: Insufficient available position for 600276.SH at execution. Available: 161699.99999999999309441278675, Required: 161700
2026-10-10 01:37:57 | WARNING | akquant.execution.simulated | Deferred same-cycle order until cross-symbol reduce-first orders finish in current slice
2026-10-10 01:37:57 | WARNING | akquant.execution.simulated | Deferred same-cycle order until cross-symbol reduce-first orders finish in current slice
2026-10-10 01:37:58 | WARNING | akquant.execution.simulated | Deferred same-cycle order until cross-symbol reduce-first orders finish in current slice
2026-10-10 01:37:58 | WARNING | akquant.execution.simulated | Rejected order due to insufficient margin during execution. Required: 9434946.56104000000000000000, Available: 8496069.54589000330349349226
2026-10-10 01:37:58 | WARNING | akquant.execution.simulated | Rejected order due to insufficient margin during execution. Required: 9417549.84170000000000000000, Available: 8496069.54589000330349349226
2026-10-10 01:37:58 | WARNING | akquant.execution.simulated | Rejected order due to insufficient margin during execution. Required: 9764737.62264000000000000000, Available: 8496069.54589000330349349226
2026-10-10 01:37:58 | WARNING | akquant.execution.simulated | Rejected order due to insufficient margin during execution. Required: 9403231.86803000000000000000, Available: 8496069.54589000330349349226
2026-10-10 01:37:58 | INFO | akquant.strategy | [2017-02-23 00:00:00] rebalance 2017-02-23: 10 stocks
2026-10-10 01:37:58 | WARNING | akquant.execution.simulated | Deferred same-cycle order until cross-symbol reduce-first orders finish in current slice
2026-10-10 01:37:58 | WARNING | akquant.execution.simulated | Deferred same-cycle order until cross-symbol reduce-first orders finish in current slice
2026-10-10 01:37:58 | WARNING | akquant.execution.simulated | Deferred same-cycle order until cross-symbol reduce-first orders finish in current slice
2026-10-10 01:37:58 | WARNING | akquant.execution.simulated | Deferred same-cycle order until cross-symbol reduce-first orders finish in current slice
2026-10-10 01:37:58 | WARNING | akquant.execution.simulated | Deferred same-cycle order until cross-symbol reduce-first orders finish in current slice
2026-10-10 01:37:58 | WARNING | akquant.execution.simulated | Deferred same-cycle order until cross-symbol reduce-first orders finish in current slice
2026-10-10 01:37:58 | WARNING | akquant.execution.simulated | Deferred same-cycle order until cross-symbol reduce-first orders finish in current slice
2026-10-10 01:37:58 | WARNING | akquant.execution.simulated | Deferred same-cycle order until cross-symbol reduce-first orders finish in current slice
2026-10-10 01:37:58 | WARNING | akquant.execution.simulated | Deferred same-cycle order until cross-symbol reduce-first orders finish in current slice
2026-10-10 01:37:58 | WARNING | akquant.execution.simulated | Deferred same-cycle order until cross-symbol reduce-first orders finish in current slice
2026-10-10 01:37:58 | WARNING | akquant.execution.simulated | Rejected order due to insufficient margin during execution. Required: 1553623.57400250000000000000, Available: 44218.44578500330349349226
2026-10-10 01:37:58 | WARNING | akquant.execution.simulated | Rejected order due to insufficient margin during execution. Required: 9717950.32208000000000000000, Available: 44218.44578500330349349226
2026-10-10 01:37:58 | WARNING | akquant.execution.simulated | Rejected order due to insufficient margin during execution. Required: 9699253.06350000000000000000, Available: 44218.44578500330349349226
2026-10-10 01:37:58 | INFO | akquant.strategy | [2017-03-23 00:00:00] rebalance 2017-03-23: 10 stocks
2026-10-10 01:37:58 | WARNING | akquant.execution.simulated | Deferred same-cycle order until cross-symbol reduce-first orders finish in current slice
2026-10-10 01:37:58 | WARNING | akquant.execution.simulated | Deferred same-cycle order until cross-symbol reduce-first orders finish in current slice
2026-10-10 01:37:58 | WARNING | akquant.execution.simulated | Deferred same-cycle order until cross-symbol reduce-first orders finish in current slice
2026-10-10 01:37:58 | WARNING | akquant.execution.simulated | Deferred same-cycle order until cross-symbol reduce-first orders finish in current slice
2026-10-10 01:37:58 | WARNING | akquant.execution.simulated | Deferred same-cycle order until cross-symbol reduce-first orders finish in current slice
2026-10-10 01:37:58 | WARNING | akquant.execution.simulated | Deferred same-cycle order until cross-symbol reduce-first orders finish in current slice
2026-10-10 01:37:58 | WARNING | akquant.execution.simulated | Deferred same-cycle order until cross-symbol reduce-first orders finish in current slice
2026-10-10 01:37:58 | WARNING | akquant.execution.simulated | Rejected order: Risk: Insufficient available position for 600276.SH at execution. Available: 161699.99999999999309441278675, Required: 161700
2026-10-10 01:37:58 | WARNING | akquant.execution.simulated | Deferred same-cycle order until cross-symbol reduce-first orders finish in current slice
2026-10-10 01:37:58 | WARNING | akquant.execution.simulated | Deferred same-cycle order until cross-symbol reduce-first orders finish in current slice
2026-10-10 01:37:59 | INFO | akquant.strategy | [2017-04-24 00:00:00] rebalance 2017-04-24: 10 stocks
2026-10-10 01:37:59 | WARNING | akquant.execution.simulated | Deferred same-cycle order until cross-symbol reduce-first orders finish in current slice
2026-10-10 01:37:59 | WARNING | akquant.execution.simulated | Deferred same-cycle order until cross-symbol reduce-first orders finish in current slice
2026-10-10 01:37:59 | WARNING | akquant.execution.simulated | Deferred same-cycle order until cross-symbol reduce-first orders finish in current slice
2026-10-10 01:37:59 | WARNING | akquant.execution.simulated | Deferred same-cycle order until cross-symbol reduce-first orders finish in current slice
2026-10-10 01:37:59 | WARNING | akquant.execution.simulated | Deferred same-cycle order until cross-symbol reduce-first orders finish in current slice
2026-10-10 01:37:59 | WARNING | akquant.execution.simulated | Deferred same-cycle order until cross-symbol reduce-first orders finish in current slice
2026-10-10 01:37:59 | WARNING | akquant.execution.simulated | Deferred same-cycle order until cross-symbol reduce-first orders finish in current slice
2026-10-10 01:37:59 | WARNING | akquant.execution.simulated | Deferred same-cycle order until cross-symbol reduce-first orders finish in current slice
2026-10-10 01:37:59 | WARNING | akquant.execution.simulated | Deferred same-cycle order until cross-symbol reduce-first orders finish in current slice
2026-10-10 01:37:59 | WARNING | akquant.execution.simulated | Deferred same-cycle order until cross-symbol reduce-first orders finish in current slice
2026-10-10 01:37:59 | INFO | akquant.strategy | [2017-05-23 00:00:00] rebalance 2017-05-23: 10 stocks
2026-10-10 01:37:59 | WARNING | akquant.execution.simulated | Deferred same-cycle order until cross-symbol reduce-first orders finish in current slice
2026-10-10 01:37:59 | WARNING | akquant.execution.simulated | Deferred same-cycle order until cross-symbol reduce-first orders finish in current slice
2026-10-10 01:37:59 | WARNING | akquant.execution.simulated | Deferred same-cycle order until cross-symbol reduce-first orders finish in current slice
2026-10-10 01:37:59 | WARNING | akquant.execution.simulated | Rejected order: Risk: Insufficient available position for 000538.SZ at execution. Available: 106100.00000000000852651282903, Required: 106100.00000000002910383045671
2026-10-10 01:37:59 | WARNING | akquant.execution.simulated | Rejected order: Risk: Insufficient available position for 600276.SH at execution. Available: 161499.99999999999309441278675, Required: 161500
2026-10-10 01:38:00 | INFO | akquant.strategy | [2017-06-22 00:00:00] rebalance 2017-06-22: 10 stocks
2026-10-10 01:38:00 | WARNING | akquant.execution.simulated | Deferred same-cycle order until cross-symbol reduce-first orders finish in current slice
2026-10-10 01:38:00 | WARNING | akquant.execution.simulated | Deferred same-cycle order until cross-symbol reduce-first orders finish in current slice
2026-10-10 01:38:00 | WARNING | akquant.execution.simulated | Deferred same-cycle order until cross-symbol reduce-first orders finish in current slice
2026-10-10 01:38:00 | WARNING | akquant.execution.simulated | Deferred same-cycle order until cross-symbol reduce-first orders finish in current slice
2026-10-10 01:38:00 | WARNING | akquant.execution.simulated | Deferred same-cycle order until cross-symbol reduce-first orders finish in current slice
2026-10-10 01:38:00 | WARNING | akquant.execution.simulated | Deferred same-cycle order until cross-symbol reduce-first orders finish in current slice
2026-10-10 01:38:00 | WARNING | akquant.execution.simulated | Deferred same-cycle order until cross-symbol reduce-first orders finish in current slice
2026-10-10 01:38:00 | INFO | akquant.strategy | [2017-07-20 00:00:00] rebalance 2017-07-20: 10 stocks
2026-10-10 01:38:00 | WARNING | akquant.execution.simulated | Deferred same-cycle order until cross-symbol reduce-first orders finish in current slice
2026-10-10 01:38:00 | WARNING | akquant.execution.simulated | Deferred same-cycle order until cross-symbol reduce-first orders finish in current slice
2026-10-10 01:38:00 | WARNING | akquant.execution.simulated | Deferred same-cycle order until cross-symbol reduce-first orders finish in current slice
2026-10-10 01:38:00 | WARNING | akquant.execution.simulated | Deferred same-cycle order until cross-symbol reduce-first orders finish in current slice
2026-10-10 01:38:00 | WARNING | akquant.execution.simulated | Deferred same-cycle order until cross-symbol reduce-first orders finish in current slice
2026-10-10 01:38:00 | WARNING | akquant.execution.simulated | Deferred same-cycle order until cross-symbol reduce-first orders finish in current slice
2026-10-10 01:38:00 | WARNING | akquant.execution.simulated | Deferred same-cycle order until cross-symbol reduce-first orders finish in current slice
2026-10-10 01:38:00 | WARNING | akquant.execution.simulated | Deferred same-cycle order until cross-symbol reduce-first orders finish in current slice
2026-10-10 01:38:00 | WARNING | akquant.execution.simulated | Deferred same-cycle order until cross-symbol reduce-first orders finish in current slice
2026-10-10 01:38:01 | INFO | akquant.strategy | [2017-08-17 00:00:00] rebalance 2017-08-17: 10 stocks
2026-10-10 01:38:01 | WARNING | akquant.execution.simulated | Deferred same-cycle order until cross-symbol reduce-first orders finish in current slice
2026-10-10 01:38:01 | WARNING | akquant.execution.simulated | Deferred same-cycle order until cross-symbol reduce-first orders finish in current slice
2026-10-10 01:38:01 | WARNING | akquant.execution.simulated | Deferred same-cycle order until cross-symbol reduce-first orders finish in current slice
2026-10-10 01:38:01 | WARNING | akquant.execution.simulated | Deferred same-cycle order until cross-symbol reduce-first orders finish in current slice
2026-10-10 01:38:01 | WARNING | akquant.execution.simulated | Deferred same-cycle order until cross-symbol reduce-first orders finish in current slice
2026-10-10 01:38:01 | WARNING | akquant.execution.simulated | Deferred same-cycle order until cross-symbol reduce-first orders finish in current slice
2026-10-10 01:38:01 | WARNING | akquant.execution.simulated | Deferred same-cycle order until cross-symbol reduce-first orders finish in current slice
2026-10-10 01:38:01 | WARNING | akquant.execution.simulated | Deferred same-cycle order until cross-symbol reduce-first orders finish in current slice
2026-10-10 01:38:01 | WARNING | akquant.execution.simulated | Deferred same-cycle order until cross-symbol reduce-first orders finish in current slice
2026-10-10 01:38:01 | INFO | akquant.strategy | [2017-09-14 00:00:00] rebalance 2017-09-14: 10 stocks
2026-10-10 01:38:01 | WARNING | akquant.execution.simulated | Deferred same-cycle order until cross-symbol reduce-first orders finish in current slice
2026-10-10 01:38:01 | WARNING | akquant.execution.simulated | Deferred same-cycle order until cross-symbol reduce-first orders finish in current slice
2026-10-10 01:38:01 | WARNING | akquant.execution.simulated | Deferred same-cycle order until cross-symbol reduce-first orders finish in current slice
2026-10-10 01:38:01 | WARNING | akquant.execution.simulated | Deferred same-cycle order until cross-symbol reduce-first orders finish in current slice
2026-10-10 01:38:01 | WARNING | akquant.execution.simulated | Deferred same-cycle order until cross-symbol reduce-first orders finish in current slice
2026-10-10 01:38:01 | WARNING | akquant.execution.simulated | Deferred same-cycle order until cross-symbol reduce-first orders finish in current slice
2026-10-10 01:38:01 | WARNING | akquant.execution.simulated | Deferred same-cycle order until cross-symbol reduce-first orders finish in current slice
2026-10-10 01:38:01 | WARNING | akquant.execution.simulated | Deferred same-cycle order until cross-symbol reduce-first orders finish in current slice
2026-10-10 01:38:01 | WARNING | akquant.execution.simulated | Deferred same-cycle order until cross-symbol reduce-first orders finish in current slice
2026-10-10 01:38:01 | WARNING | akquant.execution.simulated | Rejected order due to insufficient margin during execution. Required: 11056905.64478500000000000000, Available: 841859.06936750448744095382
2026-10-10 01:38:02 | INFO | akquant.strategy | [2017-10-19 00:00:00] rebalance 2017-10-19: 10 stocks
2026-10-10 01:38:02 | WARNING | akquant.execution.simulated | Deferred same-cycle order until cross-symbol reduce-first orders finish in current slice
2026-10-10 01:38:02 | WARNING | akquant.execution.simulated | Deferred same-cycle order until cross-symbol reduce-first orders finish in current slice
2026-10-10 01:38:02 | WARNING | akquant.execution.simulated | Deferred same-cycle order until cross-symbol reduce-first orders finish in current slice
2026-10-10 01:38:02 | WARNING | akquant.execution.simulated | Deferred same-cycle order until cross-symbol reduce-first orders finish in current slice
2026-10-10 01:38:02 | WARNING | akquant.execution.simulated | Deferred same-cycle order until cross-symbol reduce-first orders finish in current slice
2026-10-10 01:38:02 | WARNING | akquant.execution.simulated | Deferred same-cycle order until cross-symbol reduce-first orders finish in current slice
2026-10-10 01:38:02 | WARNING | akquant.execution.simulated | Deferred same-cycle order until cross-symbol reduce-first orders finish in current slice
2026-10-10 01:38:02 | WARNING | akquant.execution.simulated | Deferred same-cycle order until cross-symbol reduce-first orders finish in current slice
2026-10-10 01:38:02 | WARNING | akquant.execution.simulated | Deferred same-cycle order until cross-symbol reduce-first orders finish in current slice
2026-10-10 01:38:02 | WARNING | akquant.execution.simulated | Deferred same-cycle order until cross-symbol reduce-first orders finish in current slice
2026-10-10 01:38:02 | WARNING | akquant.execution.simulated | Rejected order due to insufficient margin during execution. Required: 10386702.45112500000000000000, Available: 9329432.71815250448921944229
2026-10-10 01:38:02 | WARNING | akquant.execution.simulated | Rejected order due to insufficient margin during execution. Required: 10368187.83000000000000000000, Available: 9329432.71815250448921944229
2026-10-10 01:38:02 | INFO | akquant.strategy | [2017-11-16 00:00:00] rebalance 2017-11-16: 10 stocks
2026-10-10 01:38:02 | WARNING | akquant.execution.simulated | Deferred same-cycle order until cross-symbol reduce-first orders finish in current slice
2026-10-10 01:38:02 | WARNING | akquant.execution.simulated | Deferred same-cycle order until cross-symbol reduce-first orders finish in current slice
2026-10-10 01:38:02 | WARNING | akquant.execution.simulated | Deferred same-cycle order until cross-symbol reduce-first orders finish in current slice
2026-10-10 01:38:02 | WARNING | akquant.execution.simulated | Deferred same-cycle order until cross-symbol reduce-first orders finish in current slice
2026-10-10 01:38:02 | WARNING | akquant.execution.simulated | Deferred same-cycle order until cross-symbol reduce-first orders finish in current slice
2026-10-10 01:38:02 | WARNING | akquant.execution.simulated | Rejected order due to insufficient margin during execution. Required: 11319207.14925000000000000001, Available: 10950726.22776500448922303942
2026-10-10 01:38:02 | WARNING | akquant.execution.simulated | Rejected order: Risk: Insufficient available position for 000538.SZ at execution. Available: 111200.00000000000852651282903, Required: 111200.00000000001455191522833
2026-10-10 01:38:02 | WARNING | akquant.execution.simulated | Rejected order: Risk: Insufficient available position for 600309.SH at execution. Available: 279219.99999999998647304266782, Required: 279220
2026-10-10 01:38:03 | INFO | akquant.strategy | [2017-12-14 00:00:00] rebalance 2017-12-14: 10 stocks
2026-10-10 01:38:03 | WARNING | akquant.execution.simulated | Deferred same-cycle order until cross-symbol reduce-first orders finish in current slice
2026-10-10 01:38:03 | WARNING | akquant.execution.simulated | Deferred same-cycle order until cross-symbol reduce-first orders finish in current slice
2026-10-10 01:38:03 | WARNING | akquant.execution.simulated | Deferred same-cycle order until cross-symbol reduce-first orders finish in current slice
2026-10-10 01:38:03 | WARNING | akquant.execution.simulated | Deferred same-cycle order until cross-symbol reduce-first orders finish in current slice
2026-10-10 01:38:03 | WARNING | akquant.execution.simulated | Deferred same-cycle order until cross-symbol reduce-first orders finish in current slice
2026-10-10 01:38:03 | WARNING | akquant.execution.simulated | Deferred same-cycle order until cross-symbol reduce-first orders finish in current slice
2026-10-10 01:38:03 | WARNING | akquant.execution.simulated | Deferred same-cycle order until cross-symbol reduce-first orders finish in current slice
2026-10-10 01:38:03 | WARNING | akquant.execution.simulated | Deferred same-cycle order until cross-symbol reduce-first orders finish in current slice
2026-10-10 01:38:03 | WARNING | akquant.execution.simulated | Deferred same-cycle order until cross-symbol reduce-first orders finish in current slice
2026-10-10 01:38:03 | WARNING | akquant.execution.simulated | Deferred same-cycle order until cross-symbol reduce-first orders finish in current slice
2026-10-10 01:38:03 | WARNING | akquant.execution.simulated | Rejected order due to insufficient margin during execution. Required: 11061728.47780000000000000000, Available: 329096.97628000255913729007
2026-10-10 01:38:03 | INFO | akquant.strategy | [2018-01-12 00:00:00] rebalance 2018-01-12: 10 stocks
2026-10-10 01:38:03 | WARNING | akquant.execution.simulated | Deferred same-cycle order until cross-symbol reduce-first orders finish in current slice
2026-10-10 01:38:03 | WARNING | akquant.execution.simulated | Deferred same-cycle order until cross-symbol reduce-first orders finish in current slice
2026-10-10 01:38:03 | WARNING | akquant.execution.simulated | Deferred same-cycle order until cross-symbol reduce-first orders finish in current slice
2026-10-10 01:38:03 | WARNING | akquant.execution.simulated | Deferred same-cycle order until cross-symbol reduce-first orders finish in current slice
2026-10-10 01:38:03 | WARNING | akquant.execution.simulated | Deferred same-cycle order until cross-symbol reduce-first orders finish in current slice
2026-10-10 01:38:03 | WARNING | akquant.execution.simulated | Deferred same-cycle order until cross-symbol reduce-first orders finish in current slice
2026-10-10 01:38:03 | WARNING | akquant.execution.simulated | Deferred same-cycle order until cross-symbol reduce-first orders finish in current slice
2026-10-10 01:38:03 | WARNING | akquant.execution.simulated | Deferred same-cycle order until cross-symbol reduce-first orders finish in current slice
2026-10-10 01:38:03 | WARNING | akquant.execution.simulated | Deferred same-cycle order until cross-symbol reduce-first orders finish in current slice
2026-10-10 01:38:03 | WARNING | akquant.execution.simulated | Deferred same-cycle order until cross-symbol reduce-first orders finish in current slice
2026-10-10 01:38:03 | WARNING | akquant.execution.simulated | Rejected order due to insufficient margin during execution. Required: 10938157.17995000000000000001, Available: 9580217.90441500255255922754
2026-10-10 01:38:03 | WARNING | akquant.execution.simulated | Rejected order due to insufficient margin during execution. Required: 11006680.34466000000000000001, Available: 9580217.90441500255255922754
2026-10-10 01:38:04 | INFO | akquant.strategy | [2018-02-09 00:00:00] rebalance 2018-02-09: 8 stocks
2026-10-10 01:38:04 | WARNING | akquant.execution.simulated | Deferred same-cycle order until cross-symbol reduce-first orders finish in current slice
2026-10-10 01:38:04 | WARNING | akquant.execution.simulated | Deferred same-cycle order until cross-symbol reduce-first orders finish in current slice
2026-10-10 01:38:04 | WARNING | akquant.execution.simulated | Deferred same-cycle order until cross-symbol reduce-first orders finish in current slice
2026-10-10 01:38:04 | WARNING | akquant.execution.simulated | Deferred same-cycle order until cross-symbol reduce-first orders finish in current slice
2026-10-10 01:38:04 | WARNING | akquant.execution.simulated | Deferred same-cycle order until cross-symbol reduce-first orders finish in current slice
2026-10-10 01:38:04 | WARNING | akquant.execution.simulated | Deferred same-cycle order until cross-symbol reduce-first orders finish in current slice
2026-10-10 01:38:04 | WARNING | akquant.execution.simulated | Deferred same-cycle order until cross-symbol reduce-first orders finish in current slice
2026-10-10 01:38:04 | WARNING | akquant.execution.simulated | Deferred same-cycle order until cross-symbol reduce-first orders finish in current slice
2026-10-10 01:38:04 | WARNING | akquant.execution.simulated | Rejected order due to insufficient margin during execution. Required: 11794541.19593750000000000000, Available: 51410.27728250255255922753
2026-10-10 01:38:04 | INFO | akquant.strategy | [2018-03-16 00:00:00] rebalance 2018-03-16: 5 stocks
2026-10-10 01:38:04 | WARNING | akquant.execution.simulated | Deferred same-cycle order until cross-symbol reduce-first orders finish in current slice
2026-10-10 01:38:04 | WARNING | akquant.execution.simulated | Deferred same-cycle order until cross-symbol reduce-first orders finish in current slice
2026-10-10 01:38:04 | WARNING | akquant.execution.simulated | Deferred same-cycle order until cross-symbol reduce-first orders finish in current slice
2026-10-10 01:38:04 | WARNING | akquant.execution.simulated | Deferred same-cycle order until cross-symbol reduce-first orders finish in current slice
2026-10-10 01:38:04 | WARNING | akquant.execution.simulated | Deferred same-cycle order until cross-symbol reduce-first orders finish in current slice
2026-10-10 01:38:04 | WARNING | akquant.execution.simulated | Rejected order due to insufficient margin during execution. Required: 17912152.34308500000000000000, Available: 16653534.01060000255255922753
2026-10-10 01:38:05 | INFO | akquant.strategy | [2018-04-17 00:00:00] rebalance 2018-04-17: 5 stocks
2026-10-10 01:38:05 | WARNING | akquant.execution.simulated | Deferred same-cycle order until cross-symbol reduce-first orders finish in current slice
2026-10-10 01:38:05 | WARNING | akquant.execution.simulated | Deferred same-cycle order until cross-symbol reduce-first orders finish in current slice
2026-10-10 01:38:05 | WARNING | akquant.execution.simulated | Deferred same-cycle order until cross-symbol reduce-first orders finish in current slice
2026-10-10 01:38:05 | WARNING | akquant.execution.simulated | Deferred same-cycle order until cross-symbol reduce-first orders finish in current slice
2026-10-10 01:38:05 | WARNING | akquant.execution.simulated | Deferred same-cycle order until cross-symbol reduce-first orders finish in current slice
2026-10-10 01:38:05 | WARNING | akquant.execution.simulated | Rejected order due to insufficient margin during execution. Required: 16806910.74562500000000000000, Available: 14754797.094600002551861677692
2026-10-10 01:38:05 | INFO | akquant.strategy | [2018-05-17 00:00:00] rebalance 2018-05-17: 5 stocks
2026-10-10 01:38:05 | WARNING | akquant.execution.simulated | Deferred same-cycle order until cross-symbol reduce-first orders finish in current slice
2026-10-10 01:38:05 | WARNING | akquant.execution.simulated | Deferred same-cycle order until cross-symbol reduce-first orders finish in current slice
2026-10-10 01:38:05 | WARNING | akquant.execution.simulated | Deferred same-cycle order until cross-symbol reduce-first orders finish in current slice
2026-10-10 01:38:05 | WARNING | akquant.execution.simulated | Deferred same-cycle order until cross-symbol reduce-first orders finish in current slice
2026-10-10 01:38:05 | WARNING | akquant.execution.simulated | Deferred same-cycle order until cross-symbol reduce-first orders finish in current slice
2026-10-10 01:38:05 | WARNING | akquant.execution.simulated | Rejected order due to insufficient margin during execution. Required: 15713895.822625000000000000008, Available: 13100957.466320002770293883348
2026-10-10 01:38:06 | INFO | akquant.strategy | [2018-06-14 00:00:00] rebalance 2018-06-14: 5 stocks
2026-10-10 01:38:06 | WARNING | akquant.execution.simulated | Deferred same-cycle order until cross-symbol reduce-first orders finish in current slice
2026-10-10 01:38:06 | INFO | akquant.strategy | [2018-07-13 00:00:00] rebalance 2018-07-13: 10 stocks
2026-10-10 01:38:06 | WARNING | akquant.execution.simulated | Deferred same-cycle order until cross-symbol reduce-first orders finish in current slice
2026-10-10 01:38:06 | WARNING | akquant.execution.simulated | Deferred same-cycle order until cross-symbol reduce-first orders finish in current slice
2026-10-10 01:38:06 | WARNING | akquant.execution.simulated | Deferred same-cycle order until cross-symbol reduce-first orders finish in current slice
2026-10-10 01:38:06 | WARNING | akquant.execution.simulated | Deferred same-cycle order until cross-symbol reduce-first orders finish in current slice
2026-10-10 01:38:06 | WARNING | akquant.execution.simulated | Deferred same-cycle order until cross-symbol reduce-first orders finish in current slice
2026-10-10 01:38:06 | WARNING | akquant.execution.simulated | Deferred same-cycle order until cross-symbol reduce-first orders finish in current slice
2026-10-10 01:38:06 | WARNING | akquant.execution.simulated | Deferred same-cycle order until cross-symbol reduce-first orders finish in current slice
2026-10-10 01:38:06 | WARNING | akquant.execution.simulated | Deferred same-cycle order until cross-symbol reduce-first orders finish in current slice
2026-10-10 01:38:06 | WARNING | akquant.execution.simulated | Rejected order: Risk: Insufficient available position for 600309.SH at execution. Available: 158319.99999999998647304266782, Required: 158320
2026-10-10 01:38:06 | INFO | akquant.strategy | [2018-08-10 00:00:00] rebalance 2018-08-10: 5 stocks
2026-10-10 01:38:06 | WARNING | akquant.execution.simulated | Deferred same-cycle order until cross-symbol reduce-first orders finish in current slice
2026-10-10 01:38:06 | WARNING | akquant.execution.simulated | Deferred same-cycle order until cross-symbol reduce-first orders finish in current slice
2026-10-10 01:38:06 | WARNING | akquant.execution.simulated | Deferred same-cycle order until cross-symbol reduce-first orders finish in current slice
2026-10-10 01:38:06 | WARNING | akquant.execution.simulated | Deferred same-cycle order until cross-symbol reduce-first orders finish in current slice
2026-10-10 01:38:06 | WARNING | akquant.execution.simulated | Deferred same-cycle order until cross-symbol reduce-first orders finish in current slice
2026-10-10 01:38:07 | INFO | akquant.strategy | [2018-09-07 00:00:00] rebalance 2018-09-07: 5 stocks
2026-10-10 01:38:07 | WARNING | akquant.execution.simulated | Deferred same-cycle order until cross-symbol reduce-first orders finish in current slice
2026-10-10 01:38:07 | WARNING | akquant.execution.simulated | Deferred same-cycle order until cross-symbol reduce-first orders finish in current slice
2026-10-10 01:38:07 | WARNING | akquant.execution.simulated | Deferred same-cycle order until cross-symbol reduce-first orders finish in current slice
2026-10-10 01:38:07 | INFO | akquant.strategy | [2018-10-15 00:00:00] rebalance 2018-10-15: 6 stocks
2026-10-10 01:38:07 | WARNING | akquant.execution.simulated | Deferred same-cycle order until cross-symbol reduce-first orders finish in current slice
2026-10-10 01:38:07 | WARNING | akquant.execution.simulated | Deferred same-cycle order until cross-symbol reduce-first orders finish in current slice
2026-10-10 01:38:07 | WARNING | akquant.execution.simulated | Deferred same-cycle order until cross-symbol reduce-first orders finish in current slice
2026-10-10 01:38:07 | WARNING | akquant.execution.simulated | Deferred same-cycle order until cross-symbol reduce-first orders finish in current slice
2026-10-10 01:38:07 | WARNING | akquant.execution.simulated | Deferred same-cycle order until cross-symbol reduce-first orders finish in current slice
2026-10-10 01:38:07 | WARNING | akquant.execution.simulated | Deferred same-cycle order until cross-symbol reduce-first orders finish in current slice
2026-10-10 01:38:08 | INFO | akquant.strategy | [2018-11-12 00:00:00] rebalance 2018-11-12: 5 stocks
2026-10-10 01:38:08 | WARNING | akquant.execution.simulated | Deferred same-cycle order until cross-symbol reduce-first orders finish in current slice
2026-10-10 01:38:08 | WARNING | akquant.execution.simulated | Deferred same-cycle order until cross-symbol reduce-first orders finish in current slice
2026-10-10 01:38:08 | WARNING | akquant.execution.simulated | Deferred same-cycle order until cross-symbol reduce-first orders finish in current slice
2026-10-10 01:38:08 | WARNING | akquant.execution.simulated | Deferred same-cycle order until cross-symbol reduce-first orders finish in current slice
2026-10-10 01:38:08 | WARNING | akquant.execution.simulated | Deferred same-cycle order until cross-symbol reduce-first orders finish in current slice
2026-10-10 01:38:08 | WARNING | akquant.execution.simulated | Rejected order due to insufficient margin during execution. Required: 13384691.257437500000000000000, Available: 10112763.924207505271221436836
2026-10-10 01:38:08 | INFO | akquant.strategy | [2018-12-10 00:00:00] rebalance 2018-12-10: 5 stocks
2026-10-10 01:38:08 | WARNING | akquant.execution.simulated | Deferred same-cycle order until cross-symbol reduce-first orders finish in current slice
2026-10-10 01:38:08 | WARNING | akquant.execution.simulated | Deferred same-cycle order until cross-symbol reduce-first orders finish in current slice
2026-10-10 01:38:08 | WARNING | akquant.execution.simulated | Deferred same-cycle order until cross-symbol reduce-first orders finish in current slice
2026-10-10 01:38:08 | WARNING | akquant.execution.simulated | Deferred same-cycle order until cross-symbol reduce-first orders finish in current slice
2026-10-10 01:38:08 | WARNING | akquant.execution.simulated | Deferred same-cycle order until cross-symbol reduce-first orders finish in current slice
2026-10-10 01:38:09 | INFO | akquant.strategy | [2019-01-09 00:00:00] rebalance 2019-01-09: 10 stocks
2026-10-10 01:38:09 | WARNING | akquant.execution.simulated | Deferred same-cycle order until cross-symbol reduce-first orders finish in current slice
2026-10-10 01:38:09 | WARNING | akquant.execution.simulated | Deferred same-cycle order until cross-symbol reduce-first orders finish in current slice
2026-10-10 01:38:09 | WARNING | akquant.execution.simulated | Deferred same-cycle order until cross-symbol reduce-first orders finish in current slice
2026-10-10 01:38:09 | WARNING | akquant.execution.simulated | Deferred same-cycle order until cross-symbol reduce-first orders finish in current slice
2026-10-10 01:38:09 | WARNING | akquant.execution.simulated | Deferred same-cycle order until cross-symbol reduce-first orders finish in current slice
2026-10-10 01:38:09 | WARNING | akquant.execution.simulated | Deferred same-cycle order until cross-symbol reduce-first orders finish in current slice
2026-10-10 01:38:09 | WARNING | akquant.execution.simulated | Deferred same-cycle order until cross-symbol reduce-first orders finish in current slice
2026-10-10 01:38:09 | WARNING | akquant.execution.simulated | Deferred same-cycle order until cross-symbol reduce-first orders finish in current slice
2026-10-10 01:38:09 | INFO | akquant.strategy | [2019-02-13 00:00:00] rebalance 2019-02-13: 10 stocks
2026-10-10 01:38:09 | WARNING | akquant.execution.simulated | Deferred same-cycle order until cross-symbol reduce-first orders finish in current slice
2026-10-10 01:38:09 | WARNING | akquant.execution.simulated | Deferred same-cycle order until cross-symbol reduce-first orders finish in current slice
2026-10-10 01:38:09 | WARNING | akquant.execution.simulated | Deferred same-cycle order until cross-symbol reduce-first orders finish in current slice
2026-10-10 01:38:09 | WARNING | akquant.execution.simulated | Deferred same-cycle order until cross-symbol reduce-first orders finish in current slice
2026-10-10 01:38:09 | WARNING | akquant.execution.simulated | Deferred same-cycle order until cross-symbol reduce-first orders finish in current slice
2026-10-10 01:38:09 | WARNING | akquant.execution.simulated | Deferred same-cycle order until cross-symbol reduce-first orders finish in current slice
2026-10-10 01:38:09 | WARNING | akquant.execution.simulated | Deferred same-cycle order until cross-symbol reduce-first orders finish in current slice
2026-10-10 01:38:09 | WARNING | akquant.execution.simulated | Deferred same-cycle order until cross-symbol reduce-first orders finish in current slice
2026-10-10 01:38:09 | WARNING | akquant.execution.simulated | Deferred same-cycle order until cross-symbol reduce-first orders finish in current slice
2026-10-10 01:38:10 | INFO | akquant.strategy | [2019-03-13 00:00:00] rebalance 2019-03-13: 10 stocks
2026-10-10 01:38:10 | WARNING | akquant.execution.simulated | Deferred same-cycle order until cross-symbol reduce-first orders finish in current slice
2026-10-10 01:38:10 | WARNING | akquant.execution.simulated | Deferred same-cycle order until cross-symbol reduce-first orders finish in current slice
2026-10-10 01:38:10 | WARNING | akquant.execution.simulated | Deferred same-cycle order until cross-symbol reduce-first orders finish in current slice
2026-10-10 01:38:10 | WARNING | akquant.execution.simulated | Deferred same-cycle order until cross-symbol reduce-first orders finish in current slice
2026-10-10 01:38:10 | WARNING | akquant.execution.simulated | Deferred same-cycle order until cross-symbol reduce-first orders finish in current slice
2026-10-10 01:38:10 | WARNING | akquant.execution.simulated | Deferred same-cycle order until cross-symbol reduce-first orders finish in current slice
2026-10-10 01:38:10 | INFO | akquant.strategy | [2019-04-11 00:00:00] rebalance 2019-04-11: 10 stocks
2026-10-10 01:38:10 | WARNING | akquant.execution.simulated | Deferred same-cycle order until cross-symbol reduce-first orders finish in current slice
2026-10-10 01:38:10 | WARNING | akquant.execution.simulated | Deferred same-cycle order until cross-symbol reduce-first orders finish in current slice
2026-10-10 01:38:10 | WARNING | akquant.execution.simulated | Deferred same-cycle order until cross-symbol reduce-first orders finish in current slice
2026-10-10 01:38:10 | WARNING | akquant.execution.simulated | Deferred same-cycle order until cross-symbol reduce-first orders finish in current slice
2026-10-10 01:38:10 | WARNING | akquant.execution.simulated | Deferred same-cycle order until cross-symbol reduce-first orders finish in current slice
2026-10-10 01:38:10 | WARNING | akquant.execution.simulated | Deferred same-cycle order until cross-symbol reduce-first orders finish in current slice
2026-10-10 01:38:10 | WARNING | akquant.execution.simulated | Deferred same-cycle order until cross-symbol reduce-first orders finish in current slice
2026-10-10 01:38:11 | INFO | akquant.strategy | [2019-05-14 00:00:00] rebalance 2019-05-14: 10 stocks
2026-10-10 01:38:11 | WARNING | akquant.execution.simulated | Deferred same-cycle order until cross-symbol reduce-first orders finish in current slice
2026-10-10 01:38:11 | WARNING | akquant.execution.simulated | Deferred same-cycle order until cross-symbol reduce-first orders finish in current slice
2026-10-10 01:38:11 | WARNING | akquant.execution.simulated | Deferred same-cycle order until cross-symbol reduce-first orders finish in current slice
2026-10-10 01:38:11 | WARNING | akquant.execution.simulated | Deferred same-cycle order until cross-symbol reduce-first orders finish in current slice
2026-10-10 01:38:11 | WARNING | akquant.execution.simulated | Deferred same-cycle order until cross-symbol reduce-first orders finish in current slice
2026-10-10 01:38:11 | WARNING | akquant.execution.simulated | Deferred same-cycle order until cross-symbol reduce-first orders finish in current slice
2026-10-10 01:38:11 | WARNING | akquant.execution.simulated | Deferred same-cycle order until cross-symbol reduce-first orders finish in current slice
2026-10-10 01:38:11 | INFO | akquant.strategy | [2019-06-12 00:00:00] rebalance 2019-06-12: 10 stocks
2026-10-10 01:38:11 | WARNING | akquant.execution.simulated | Deferred same-cycle order until cross-symbol reduce-first orders finish in current slice
2026-10-10 01:38:11 | WARNING | akquant.execution.simulated | Deferred same-cycle order until cross-symbol reduce-first orders finish in current slice
2026-10-10 01:38:11 | WARNING | akquant.execution.simulated | Deferred same-cycle order until cross-symbol reduce-first orders finish in current slice
2026-10-10 01:38:11 | WARNING | akquant.execution.simulated | Deferred same-cycle order until cross-symbol reduce-first orders finish in current slice
2026-10-10 01:38:11 | WARNING | akquant.execution.simulated | Deferred same-cycle order until cross-symbol reduce-first orders finish in current slice
2026-10-10 01:38:11 | WARNING | akquant.execution.simulated | Deferred same-cycle order until cross-symbol reduce-first orders finish in current slice
2026-10-10 01:38:11 | WARNING | akquant.execution.simulated | Deferred same-cycle order until cross-symbol reduce-first orders finish in current slice
2026-10-10 01:38:11 | WARNING | akquant.execution.simulated | Deferred same-cycle order until cross-symbol reduce-first orders finish in current slice
2026-10-10 01:38:12 | INFO | akquant.strategy | [2019-07-10 00:00:00] rebalance 2019-07-10: 10 stocks
2026-10-10 01:38:12 | WARNING | akquant.execution.simulated | Deferred same-cycle order until cross-symbol reduce-first orders finish in current slice
2026-10-10 01:38:12 | WARNING | akquant.execution.simulated | Deferred same-cycle order until cross-symbol reduce-first orders finish in current slice
2026-10-10 01:38:12 | WARNING | akquant.execution.simulated | Deferred same-cycle order until cross-symbol reduce-first orders finish in current slice
2026-10-10 01:38:12 | WARNING | akquant.execution.simulated | Deferred same-cycle order until cross-symbol reduce-first orders finish in current slice
2026-10-10 01:38:12 | WARNING | akquant.execution.simulated | Deferred same-cycle order until cross-symbol reduce-first orders finish in current slice
2026-10-10 01:38:12 | WARNING | akquant.execution.simulated | Deferred same-cycle order until cross-symbol reduce-first orders finish in current slice
2026-10-10 01:38:12 | WARNING | akquant.execution.simulated | Deferred same-cycle order until cross-symbol reduce-first orders finish in current slice
2026-10-10 01:38:12 | WARNING | akquant.execution.simulated | Deferred same-cycle order until cross-symbol reduce-first orders finish in current slice
2026-10-10 01:38:12 | WARNING | akquant.execution.simulated | Deferred same-cycle order until cross-symbol reduce-first orders finish in current slice
2026-10-10 01:38:12 | INFO | akquant.strategy | [2019-08-07 00:00:00] rebalance 2019-08-07: 10 stocks
2026-10-10 01:38:12 | WARNING | akquant.execution.simulated | Deferred same-cycle order until cross-symbol reduce-first orders finish in current slice
2026-10-10 01:38:12 | WARNING | akquant.execution.simulated | Deferred same-cycle order until cross-symbol reduce-first orders finish in current slice
2026-10-10 01:38:12 | WARNING | akquant.execution.simulated | Deferred same-cycle order until cross-symbol reduce-first orders finish in current slice
2026-10-10 01:38:12 | WARNING | akquant.execution.simulated | Deferred same-cycle order until cross-symbol reduce-first orders finish in current slice
2026-10-10 01:38:12 | WARNING | akquant.execution.simulated | Deferred same-cycle order until cross-symbol reduce-first orders finish in current slice
2026-10-10 01:38:12 | WARNING | akquant.execution.simulated | Deferred same-cycle order until cross-symbol reduce-first orders finish in current slice
2026-10-10 01:38:12 | WARNING | akquant.execution.simulated | Deferred same-cycle order until cross-symbol reduce-first orders finish in current slice
2026-10-10 01:38:12 | WARNING | akquant.execution.simulated | Deferred same-cycle order until cross-symbol reduce-first orders finish in current slice
2026-10-10 01:38:12 | WARNING | akquant.execution.simulated | Deferred same-cycle order until cross-symbol reduce-first orders finish in current slice
2026-10-10 01:38:13 | INFO | akquant.strategy | [2019-09-04 00:00:00] rebalance 2019-09-04: 10 stocks
2026-10-10 01:38:13 | WARNING | akquant.execution.simulated | Deferred same-cycle order until cross-symbol reduce-first orders finish in current slice
2026-10-10 01:38:13 | WARNING | akquant.execution.simulated | Deferred same-cycle order until cross-symbol reduce-first orders finish in current slice
2026-10-10 01:38:13 | WARNING | akquant.execution.simulated | Deferred same-cycle order until cross-symbol reduce-first orders finish in current slice
2026-10-10 01:38:13 | WARNING | akquant.execution.simulated | Deferred same-cycle order until cross-symbol reduce-first orders finish in current slice
2026-10-10 01:38:13 | WARNING | akquant.execution.simulated | Deferred same-cycle order until cross-symbol reduce-first orders finish in current slice
2026-10-10 01:38:13 | INFO | akquant.strategy | [2019-10-10 00:00:00] rebalance 2019-10-10: 10 stocks
2026-10-10 01:38:13 | WARNING | akquant.execution.simulated | Deferred same-cycle order until cross-symbol reduce-first orders finish in current slice
2026-10-10 01:38:13 | WARNING | akquant.execution.simulated | Deferred same-cycle order until cross-symbol reduce-first orders finish in current slice
2026-10-10 01:38:14 | WARNING | akquant.execution.simulated | Deferred same-cycle order until cross-symbol reduce-first orders finish in current slice
2026-10-10 01:38:14 | WARNING | akquant.execution.simulated | Deferred same-cycle order until cross-symbol reduce-first orders finish in current slice
2026-10-10 01:38:14 | WARNING | akquant.execution.simulated | Deferred same-cycle order until cross-symbol reduce-first orders finish in current slice
2026-10-10 01:38:14 | WARNING | akquant.execution.simulated | Deferred same-cycle order until cross-symbol reduce-first orders finish in current slice
2026-10-10 01:38:14 | WARNING | akquant.execution.simulated | Deferred same-cycle order until cross-symbol reduce-first orders finish in current slice
2026-10-10 01:38:14 | INFO | akquant.strategy | [2019-11-07 00:00:00] rebalance 2019-11-07: 10 stocks
2026-10-10 01:38:14 | WARNING | akquant.execution.simulated | Deferred same-cycle order until cross-symbol reduce-first orders finish in current slice
2026-10-10 01:38:14 | WARNING | akquant.execution.simulated | Deferred same-cycle order until cross-symbol reduce-first orders finish in current slice
2026-10-10 01:38:14 | WARNING | akquant.execution.simulated | Deferred same-cycle order until cross-symbol reduce-first orders finish in current slice
2026-10-10 01:38:14 | WARNING | akquant.execution.simulated | Deferred same-cycle order until cross-symbol reduce-first orders finish in current slice
2026-10-10 01:38:14 | WARNING | akquant.execution.simulated | Deferred same-cycle order until cross-symbol reduce-first orders finish in current slice
2026-10-10 01:38:14 | WARNING | akquant.execution.simulated | Deferred same-cycle order until cross-symbol reduce-first orders finish in current slice
2026-10-10 01:38:14 | WARNING | akquant.execution.simulated | Deferred same-cycle order until cross-symbol reduce-first orders finish in current slice
2026-10-10 01:38:15 | INFO | akquant.strategy | [2019-12-05 00:00:00] rebalance 2019-12-05: 10 stocks
2026-10-10 01:38:15 | WARNING | akquant.execution.simulated | Deferred same-cycle order until cross-symbol reduce-first orders finish in current slice
2026-10-10 01:38:15 | WARNING | akquant.execution.simulated | Deferred same-cycle order until cross-symbol reduce-first orders finish in current slice
2026-10-10 01:38:15 | WARNING | akquant.execution.simulated | Deferred same-cycle order until cross-symbol reduce-first orders finish in current slice
2026-10-10 01:38:15 | WARNING | akquant.execution.simulated | Deferred same-cycle order until cross-symbol reduce-first orders finish in current slice
2026-10-10 01:38:15 | WARNING | akquant.execution.simulated | Deferred same-cycle order until cross-symbol reduce-first orders finish in current slice
2026-10-10 01:38:15 | WARNING | akquant.execution.simulated | Deferred same-cycle order until cross-symbol reduce-first orders finish in current slice
2026-10-10 01:38:15 | WARNING | akquant.execution.simulated | Deferred same-cycle order until cross-symbol reduce-first orders finish in current slice
2026-10-10 01:38:15 | WARNING | akquant.execution.simulated | Deferred same-cycle order until cross-symbol reduce-first orders finish in current slice
2026-10-10 01:38:15 | INFO | akquant.strategy | [2020-01-03 00:00:00] rebalance 2020-01-03: 10 stocks
2026-10-10 01:38:15 | WARNING | akquant.execution.simulated | Deferred same-cycle order until cross-symbol reduce-first orders finish in current slice
2026-10-10 01:38:15 | WARNING | akquant.execution.simulated | Deferred same-cycle order until cross-symbol reduce-first orders finish in current slice
2026-10-10 01:38:15 | WARNING | akquant.execution.simulated | Deferred same-cycle order until cross-symbol reduce-first orders finish in current slice
2026-10-10 01:38:15 | WARNING | akquant.execution.simulated | Deferred same-cycle order until cross-symbol reduce-first orders finish in current slice
2026-10-10 01:38:15 | WARNING | akquant.execution.simulated | Deferred same-cycle order until cross-symbol reduce-first orders finish in current slice
2026-10-10 01:38:15 | WARNING | akquant.execution.simulated | Deferred same-cycle order until cross-symbol reduce-first orders finish in current slice
2026-10-10 01:38:16 | INFO | akquant.strategy | [2020-02-10 00:00:00] rebalance 2020-02-10: 10 stocks
2026-10-10 01:38:16 | WARNING | akquant.execution.simulated | Deferred same-cycle order until cross-symbol reduce-first orders finish in current slice
2026-10-10 01:38:16 | WARNING | akquant.execution.simulated | Deferred same-cycle order until cross-symbol reduce-first orders finish in current slice
2026-10-10 01:38:16 | WARNING | akquant.execution.simulated | Deferred same-cycle order until cross-symbol reduce-first orders finish in current slice
2026-10-10 01:38:16 | WARNING | akquant.execution.simulated | Deferred same-cycle order until cross-symbol reduce-first orders finish in current slice
2026-10-10 01:38:16 | WARNING | akquant.execution.simulated | Deferred same-cycle order until cross-symbol reduce-first orders finish in current slice
2026-10-10 01:38:16 | WARNING | akquant.execution.simulated | Deferred same-cycle order until cross-symbol reduce-first orders finish in current slice
2026-10-10 01:38:16 | WARNING | akquant.execution.simulated | Deferred same-cycle order until cross-symbol reduce-first orders finish in current slice
2026-10-10 01:38:16 | INFO | akquant.strategy | [2020-03-09 00:00:00] rebalance 2020-03-09: 10 stocks
2026-10-10 01:38:16 | WARNING | akquant.execution.simulated | Deferred same-cycle order until cross-symbol reduce-first orders finish in current slice
2026-10-10 01:38:16 | WARNING | akquant.execution.simulated | Deferred same-cycle order until cross-symbol reduce-first orders finish in current slice
2026-10-10 01:38:17 | INFO | akquant.strategy | [2020-04-07 00:00:00] rebalance 2020-04-07: 10 stocks
2026-10-10 01:38:17 | WARNING | akquant.execution.simulated | Deferred same-cycle order until cross-symbol reduce-first orders finish in current slice
2026-10-10 01:38:17 | WARNING | akquant.execution.simulated | Deferred same-cycle order until cross-symbol reduce-first orders finish in current slice
2026-10-10 01:38:17 | WARNING | akquant.execution.simulated | Deferred same-cycle order until cross-symbol reduce-first orders finish in current slice
2026-10-10 01:38:17 | WARNING | akquant.execution.simulated | Deferred same-cycle order until cross-symbol reduce-first orders finish in current slice
2026-10-10 01:38:17 | WARNING | akquant.execution.simulated | Deferred same-cycle order until cross-symbol reduce-first orders finish in current slice
2026-10-10 01:38:17 | WARNING | akquant.execution.simulated | Deferred same-cycle order until cross-symbol reduce-first orders finish in current slice
2026-10-10 01:38:17 | WARNING | akquant.execution.simulated | Deferred same-cycle order until cross-symbol reduce-first orders finish in current slice
2026-10-10 01:38:17 | WARNING | akquant.execution.simulated | Deferred same-cycle order until cross-symbol reduce-first orders finish in current slice
2026-10-10 01:38:17 | WARNING | akquant.execution.simulated | Deferred same-cycle order until cross-symbol reduce-first orders finish in current slice
2026-10-10 01:38:17 | WARNING | akquant.execution.simulated | Deferred same-cycle order until cross-symbol reduce-first orders finish in current slice
2026-10-10 01:38:17 | INFO | akquant.strategy | [2020-05-08 00:00:00] rebalance 2020-05-08: 10 stocks
2026-10-10 01:38:17 | WARNING | akquant.execution.simulated | Deferred same-cycle order until cross-symbol reduce-first orders finish in current slice
2026-10-10 01:38:17 | WARNING | akquant.execution.simulated | Deferred same-cycle order until cross-symbol reduce-first orders finish in current slice
2026-10-10 01:38:17 | WARNING | akquant.execution.simulated | Deferred same-cycle order until cross-symbol reduce-first orders finish in current slice
2026-10-10 01:38:17 | WARNING | akquant.execution.simulated | Deferred same-cycle order until cross-symbol reduce-first orders finish in current slice
2026-10-10 01:38:17 | WARNING | akquant.execution.simulated | Deferred same-cycle order until cross-symbol reduce-first orders finish in current slice
2026-10-10 01:38:17 | WARNING | akquant.execution.simulated | Deferred same-cycle order until cross-symbol reduce-first orders finish in current slice
2026-10-10 01:38:17 | WARNING | akquant.execution.simulated | Deferred same-cycle order until cross-symbol reduce-first orders finish in current slice
2026-10-10 01:38:17 | WARNING | akquant.execution.simulated | Deferred same-cycle order until cross-symbol reduce-first orders finish in current slice
2026-10-10 01:38:17 | WARNING | akquant.execution.simulated | Deferred same-cycle order until cross-symbol reduce-first orders finish in current slice
2026-10-10 01:38:17 | WARNING | akquant.execution.simulated | Deferred same-cycle order until cross-symbol reduce-first orders finish in current slice
2026-10-10 01:38:18 | INFO | akquant.strategy | [2020-06-05 00:00:00] rebalance 2020-06-05: 10 stocks
2026-10-10 01:38:18 | WARNING | akquant.execution.simulated | Deferred same-cycle order until cross-symbol reduce-first orders finish in current slice
2026-10-10 01:38:18 | WARNING | akquant.execution.simulated | Deferred same-cycle order until cross-symbol reduce-first orders finish in current slice
2026-10-10 01:38:18 | WARNING | akquant.execution.simulated | Deferred same-cycle order until cross-symbol reduce-first orders finish in current slice
2026-10-10 01:38:18 | WARNING | akquant.execution.simulated | Deferred same-cycle order until cross-symbol reduce-first orders finish in current slice
2026-10-10 01:38:18 | WARNING | akquant.execution.simulated | Deferred same-cycle order until cross-symbol reduce-first orders finish in current slice
2026-10-10 01:38:18 | WARNING | akquant.execution.simulated | Deferred same-cycle order until cross-symbol reduce-first orders finish in current slice
2026-10-10 01:38:18 | WARNING | akquant.execution.simulated | Deferred same-cycle order until cross-symbol reduce-first orders finish in current slice
2026-10-10 01:38:18 | WARNING | akquant.execution.simulated | Deferred same-cycle order until cross-symbol reduce-first orders finish in current slice
2026-10-10 01:38:18 | INFO | akquant.strategy | [2020-07-07 00:00:00] rebalance 2020-07-07: 10 stocks
2026-10-10 01:38:18 | WARNING | akquant.execution.simulated | Deferred same-cycle order until cross-symbol reduce-first orders finish in current slice
2026-10-10 01:38:18 | WARNING | akquant.execution.simulated | Deferred same-cycle order until cross-symbol reduce-first orders finish in current slice
2026-10-10 01:38:18 | WARNING | akquant.execution.simulated | Deferred same-cycle order until cross-symbol reduce-first orders finish in current slice
2026-10-10 01:38:18 | WARNING | akquant.execution.simulated | Deferred same-cycle order until cross-symbol reduce-first orders finish in current slice
2026-10-10 01:38:18 | WARNING | akquant.execution.simulated | Deferred same-cycle order until cross-symbol reduce-first orders finish in current slice
2026-10-10 01:38:18 | WARNING | akquant.execution.simulated | Deferred same-cycle order until cross-symbol reduce-first orders finish in current slice
2026-10-10 01:38:18 | WARNING | akquant.execution.simulated | Deferred same-cycle order until cross-symbol reduce-first orders finish in current slice
2026-10-10 01:38:18 | WARNING | akquant.execution.simulated | Deferred same-cycle order until cross-symbol reduce-first orders finish in current slice
2026-10-10 01:38:18 | WARNING | akquant.execution.simulated | Deferred same-cycle order until cross-symbol reduce-first orders finish in current slice
2026-10-10 01:38:18 | WARNING | akquant.execution.simulated | Deferred same-cycle order until cross-symbol reduce-first orders finish in current slice
2026-10-10 01:38:19 | INFO | akquant.strategy | [2020-08-04 00:00:00] rebalance 2020-08-04: 10 stocks
2026-10-10 01:38:19 | WARNING | akquant.execution.simulated | Deferred same-cycle order until cross-symbol reduce-first orders finish in current slice
2026-10-10 01:38:19 | WARNING | akquant.execution.simulated | Deferred same-cycle order until cross-symbol reduce-first orders finish in current slice
2026-10-10 01:38:19 | WARNING | akquant.execution.simulated | Deferred same-cycle order until cross-symbol reduce-first orders finish in current slice
2026-10-10 01:38:19 | WARNING | akquant.execution.simulated | Deferred same-cycle order until cross-symbol reduce-first orders finish in current slice
2026-10-10 01:38:19 | WARNING | akquant.execution.simulated | Rejected order: Risk: Insufficient available position for 600999.SH at execution. Available: 464999.99999999998279154311812, Required: 465000
2026-10-10 01:38:19 | WARNING | akquant.execution.simulated | Deferred same-cycle order until cross-symbol reduce-first orders finish in current slice
2026-10-10 01:38:19 | WARNING | akquant.execution.simulated | Rejected order due to insufficient margin during execution. Required: 10783830.53747999999999999999, Available: 10438077.77560541320882935380
2026-10-10 01:38:19 | INFO | akquant.strategy | [2020-09-01 00:00:00] rebalance 2020-09-01: 10 stocks
2026-10-10 01:38:19 | WARNING | akquant.execution.simulated | Deferred same-cycle order until cross-symbol reduce-first orders finish in current slice
2026-10-10 01:38:19 | WARNING | akquant.execution.simulated | Deferred same-cycle order until cross-symbol reduce-first orders finish in current slice
2026-10-10 01:38:19 | WARNING | akquant.execution.simulated | Deferred same-cycle order until cross-symbol reduce-first orders finish in current slice
2026-10-10 01:38:19 | WARNING | akquant.execution.simulated | Deferred same-cycle order until cross-symbol reduce-first orders finish in current slice
2026-10-10 01:38:19 | WARNING | akquant.execution.simulated | Deferred same-cycle order until cross-symbol reduce-first orders finish in current slice
2026-10-10 01:38:19 | WARNING | akquant.execution.simulated | Deferred same-cycle order until cross-symbol reduce-first orders finish in current slice
2026-10-10 01:38:19 | WARNING | akquant.execution.simulated | Deferred same-cycle order until cross-symbol reduce-first orders finish in current slice
2026-10-10 01:38:19 | WARNING | akquant.execution.simulated | Deferred same-cycle order until cross-symbol reduce-first orders finish in current slice
2026-10-10 01:38:20 | WARNING | akquant.execution.simulated | Rejected order: Risk: Insufficient available position for 600999.SH at execution. Available: 464999.99999999998279154311812, Required: 465000
2026-10-10 01:38:20 | WARNING | akquant.execution.simulated | Deferred same-cycle order until cross-symbol reduce-first orders finish in current slice
2026-10-10 01:38:20 | INFO | akquant.strategy | [2020-09-29 00:00:00] rebalance 2020-09-29: 10 stocks
2026-10-10 01:38:20 | WARNING | akquant.execution.simulated | Deferred same-cycle order until cross-symbol reduce-first orders finish in current slice
2026-10-10 01:38:20 | WARNING | akquant.execution.simulated | Deferred same-cycle order until cross-symbol reduce-first orders finish in current slice
2026-10-10 01:38:20 | WARNING | akquant.execution.simulated | Deferred same-cycle order until cross-symbol reduce-first orders finish in current slice
2026-10-10 01:38:20 | WARNING | akquant.execution.simulated | Deferred same-cycle order until cross-symbol reduce-first orders finish in current slice
2026-10-10 01:38:20 | WARNING | akquant.execution.simulated | Deferred same-cycle order until cross-symbol reduce-first orders finish in current slice
2026-10-10 01:38:20 | WARNING | akquant.execution.simulated | Deferred same-cycle order until cross-symbol reduce-first orders finish in current slice
2026-10-10 01:38:20 | WARNING | akquant.execution.simulated | Rejected order: Risk: Insufficient available position for 600999.SH at execution. Available: 464999.99999999998279154311812, Required: 465000
2026-10-10 01:38:20 | WARNING | akquant.execution.simulated | Deferred same-cycle order until cross-symbol reduce-first orders finish in current slice
2026-10-10 01:38:20 | WARNING | akquant.execution.simulated | Rejected order due to insufficient margin during execution. Required: 9319628.06775000000000000000, Available: 8685458.91100791233315648626
2026-10-10 01:38:21 | INFO | akquant.strategy | [2020-11-04 00:00:00] rebalance 2020-11-04: 10 stocks
2026-10-10 01:38:21 | WARNING | akquant.execution.simulated | Deferred same-cycle order until cross-symbol reduce-first orders finish in current slice
2026-10-10 01:38:21 | WARNING | akquant.execution.simulated | Deferred same-cycle order until cross-symbol reduce-first orders finish in current slice
2026-10-10 01:38:21 | WARNING | akquant.execution.simulated | Deferred same-cycle order until cross-symbol reduce-first orders finish in current slice
2026-10-10 01:38:21 | WARNING | akquant.execution.simulated | Deferred same-cycle order until cross-symbol reduce-first orders finish in current slice
2026-10-10 01:38:21 | WARNING | akquant.execution.simulated | Deferred same-cycle order until cross-symbol reduce-first orders finish in current slice
2026-10-10 01:38:21 | WARNING | akquant.execution.simulated | Deferred same-cycle order until cross-symbol reduce-first orders finish in current slice
2026-10-10 01:38:21 | WARNING | akquant.execution.simulated | Deferred same-cycle order until cross-symbol reduce-first orders finish in current slice
2026-10-10 01:38:21 | WARNING | akquant.execution.simulated | Rejected order: Risk: Insufficient available position for 600999.SH at execution. Available: 464999.99999999998279154311812, Required: 465000
2026-10-10 01:38:21 | WARNING | akquant.execution.simulated | Deferred same-cycle order until cross-symbol reduce-first orders finish in current slice
2026-10-10 01:38:21 | WARNING | akquant.execution.simulated | Deferred same-cycle order until cross-symbol reduce-first orders finish in current slice
2026-10-10 01:38:21 | WARNING | akquant.execution.simulated | Deferred same-cycle order until cross-symbol reduce-first orders finish in current slice
2026-10-10 01:38:21 | WARNING | akquant.execution.simulated | Rejected order due to insufficient margin during execution. Required: 9839494.54488000000000000000, Available: 9706405.70306541233315648626
2026-10-10 01:38:21 | INFO | akquant.strategy | [2020-12-02 00:00:00] rebalance 2020-12-02: 10 stocks
2026-10-10 01:38:21 | WARNING | akquant.execution.simulated | Deferred same-cycle order until cross-symbol reduce-first orders finish in current slice
2026-10-10 01:38:21 | WARNING | akquant.execution.simulated | Deferred same-cycle order until cross-symbol reduce-first orders finish in current slice
2026-10-10 01:38:21 | WARNING | akquant.execution.simulated | Deferred same-cycle order until cross-symbol reduce-first orders finish in current slice
2026-10-10 01:38:21 | WARNING | akquant.execution.simulated | Deferred same-cycle order until cross-symbol reduce-first orders finish in current slice
2026-10-10 01:38:21 | WARNING | akquant.execution.simulated | Deferred same-cycle order until cross-symbol reduce-first orders finish in current slice
2026-10-10 01:38:21 | WARNING | akquant.execution.simulated | Deferred same-cycle order until cross-symbol reduce-first orders finish in current slice
2026-10-10 01:38:21 | WARNING | akquant.execution.simulated | Rejected order: Risk: Insufficient available position for 600999.SH at execution. Available: 464999.99999999998279154311812, Required: 465000
2026-10-10 01:38:21 | WARNING | akquant.execution.simulated | Deferred same-cycle order until cross-symbol reduce-first orders finish in current slice
2026-10-10 01:38:21 | WARNING | akquant.execution.simulated | Rejected order due to insufficient margin during execution. Required: 9942546.22361000000000000000, Available: 8983295.91045541288590189126
2026-10-10 01:38:22 | INFO | akquant.strategy | [2020-12-30 00:00:00] rebalance 2020-12-30: 10 stocks
2026-10-10 01:38:22 | WARNING | akquant.execution.simulated | Deferred same-cycle order until cross-symbol reduce-first orders finish in current slice
2026-10-10 01:38:22 | WARNING | akquant.execution.simulated | Deferred same-cycle order until cross-symbol reduce-first orders finish in current slice
2026-10-10 01:38:22 | WARNING | akquant.execution.simulated | Deferred same-cycle order until cross-symbol reduce-first orders finish in current slice
2026-10-10 01:38:22 | WARNING | akquant.execution.simulated | Deferred same-cycle order until cross-symbol reduce-first orders finish in current slice
2026-10-10 01:38:22 | WARNING | akquant.execution.simulated | Deferred same-cycle order until cross-symbol reduce-first orders finish in current slice
2026-10-10 01:38:22 | WARNING | akquant.execution.simulated | Deferred same-cycle order until cross-symbol reduce-first orders finish in current slice
2026-10-10 01:38:22 | WARNING | akquant.execution.simulated | Rejected order: Risk: Insufficient available position for 600999.SH at execution. Available: 464999.99999999998279154311812, Required: 465000
2026-10-10 01:38:22 | WARNING | akquant.execution.simulated | Deferred same-cycle order until cross-symbol reduce-first orders finish in current slice
2026-10-10 01:38:22 | WARNING | akquant.execution.simulated | Deferred same-cycle order until cross-symbol reduce-first orders finish in current slice
2026-10-10 01:38:22 | INFO | akquant.strategy | [2021-01-28 00:00:00] rebalance 2021-01-28: 10 stocks
2026-10-10 01:38:22 | WARNING | akquant.execution.simulated | Deferred same-cycle order until cross-symbol reduce-first orders finish in current slice
2026-10-10 01:38:22 | WARNING | akquant.execution.simulated | Deferred same-cycle order until cross-symbol reduce-first orders finish in current slice
2026-10-10 01:38:22 | WARNING | akquant.execution.simulated | Deferred same-cycle order until cross-symbol reduce-first orders finish in current slice
2026-10-10 01:38:22 | WARNING | akquant.execution.simulated | Deferred same-cycle order until cross-symbol reduce-first orders finish in current slice
2026-10-10 01:38:22 | WARNING | akquant.execution.simulated | Deferred same-cycle order until cross-symbol reduce-first orders finish in current slice
2026-10-10 01:38:22 | WARNING | akquant.execution.simulated | Deferred same-cycle order until cross-symbol reduce-first orders finish in current slice
2026-10-10 01:38:22 | WARNING | akquant.execution.simulated | Rejected order: Risk: Insufficient available position for 600999.SH at execution. Available: 464999.99999999998279154311812, Required: 465000
2026-10-10 01:38:22 | WARNING | akquant.execution.simulated | Deferred same-cycle order until cross-symbol reduce-first orders finish in current slice
2026-10-10 01:38:22 | WARNING | akquant.execution.simulated | Deferred same-cycle order until cross-symbol reduce-first orders finish in current slice
2026-10-10 01:38:22 | WARNING | akquant.execution.simulated | Rejected order due to insufficient margin during execution. Required: 10363036.85166750000000000001, Available: 10160592.87429791511657613859
2026-10-10 01:38:23 | INFO | akquant.strategy | [2021-03-04 00:00:00] rebalance 2021-03-04: 5 stocks
2026-10-10 01:38:23 | WARNING | akquant.execution.simulated | Deferred same-cycle order until cross-symbol reduce-first orders finish in current slice
2026-10-10 01:38:23 | WARNING | akquant.execution.simulated | Deferred same-cycle order until cross-symbol reduce-first orders finish in current slice
2026-10-10 01:38:23 | WARNING | akquant.execution.simulated | Deferred same-cycle order until cross-symbol reduce-first orders finish in current slice
2026-10-10 01:38:23 | WARNING | akquant.execution.simulated | Deferred same-cycle order until cross-symbol reduce-first orders finish in current slice
2026-10-10 01:38:23 | WARNING | akquant.execution.simulated | Deferred same-cycle order until cross-symbol reduce-first orders finish in current slice
2026-10-10 01:38:23 | WARNING | akquant.execution.simulated | Rejected order: Risk: Insufficient available position for 600999.SH at execution. Available: 464999.99999999998279154311812, Required: 465000
2026-10-10 01:38:23 | INFO | akquant.strategy | [2021-04-01 00:00:00] rebalance 2021-04-01: 5 stocks
2026-10-10 01:38:23 | WARNING | akquant.execution.simulated | Deferred same-cycle order until cross-symbol reduce-first orders finish in current slice
2026-10-10 01:38:23 | WARNING | akquant.execution.simulated | Deferred same-cycle order until cross-symbol reduce-first orders finish in current slice
2026-10-10 01:38:23 | WARNING | akquant.execution.simulated | Rejected order: Risk: Insufficient available position for 600999.SH at execution. Available: 464999.99999999998279154311812, Required: 465000
2026-10-10 01:38:24 | INFO | akquant.strategy | [2021-04-30 00:00:00] rebalance 2021-04-30: 7 stocks
2026-10-10 01:38:24 | WARNING | akquant.execution.simulated | Deferred same-cycle order until cross-symbol reduce-first orders finish in current slice
2026-10-10 01:38:24 | WARNING | akquant.execution.simulated | Deferred same-cycle order until cross-symbol reduce-first orders finish in current slice
2026-10-10 01:38:24 | WARNING | akquant.execution.simulated | Deferred same-cycle order until cross-symbol reduce-first orders finish in current slice
2026-10-10 01:38:24 | WARNING | akquant.execution.simulated | Rejected order: Risk: Insufficient available position for 600999.SH at execution. Available: 464999.99999999998279154311812, Required: 465000
2026-10-10 01:38:24 | WARNING | akquant.execution.simulated | Deferred same-cycle order until cross-symbol reduce-first orders finish in current slice
2026-10-10 01:38:24 | WARNING | akquant.execution.simulated | Rejected order due to insufficient margin during execution. Required: 13181005.33750000000000000000, Available: 12507475.20713291359111239761
2026-10-10 01:38:25 | INFO | akquant.strategy | [2021-06-02 00:00:00] rebalance 2021-06-02: 9 stocks
2026-10-10 01:38:25 | WARNING | akquant.execution.simulated | Deferred same-cycle order until cross-symbol reduce-first orders finish in current slice
2026-10-10 01:38:25 | WARNING | akquant.execution.simulated | Deferred same-cycle order until cross-symbol reduce-first orders finish in current slice
2026-10-10 01:38:25 | WARNING | akquant.execution.simulated | Deferred same-cycle order until cross-symbol reduce-first orders finish in current slice
2026-10-10 01:38:25 | WARNING | akquant.execution.simulated | Deferred same-cycle order until cross-symbol reduce-first orders finish in current slice
2026-10-10 01:38:25 | WARNING | akquant.execution.simulated | Deferred same-cycle order until cross-symbol reduce-first orders finish in current slice
2026-10-10 01:38:25 | WARNING | akquant.execution.simulated | Rejected order: Risk: Insufficient available position for 600999.SH at execution. Available: 464999.99999999998279154311812, Required: 465000
2026-10-10 01:38:25 | WARNING | akquant.execution.simulated | Deferred same-cycle order until cross-symbol reduce-first orders finish in current slice
2026-10-10 01:38:25 | WARNING | akquant.execution.simulated | Deferred same-cycle order until cross-symbol reduce-first orders finish in current slice
2026-10-10 01:38:25 | INFO | akquant.strategy | [2021-07-01 00:00:00] rebalance 2021-07-01: 5 stocks
2026-10-10 01:38:25 | WARNING | akquant.execution.simulated | Deferred same-cycle order until cross-symbol reduce-first orders finish in current slice
2026-10-10 01:38:25 | WARNING | akquant.execution.simulated | Deferred same-cycle order until cross-symbol reduce-first orders finish in current slice
2026-10-10 01:38:25 | WARNING | akquant.execution.simulated | Rejected order: Risk: Insufficient available position for 600999.SH at execution. Available: 464999.99999999998279154311812, Required: 465000
2026-10-10 01:38:26 | INFO | akquant.strategy | [2021-07-29 00:00:00] rebalance 2021-07-29: 7 stocks
2026-10-10 01:38:26 | WARNING | akquant.execution.simulated | Deferred same-cycle order until cross-symbol reduce-first orders finish in current slice
2026-10-10 01:38:26 | WARNING | akquant.execution.simulated | Deferred same-cycle order until cross-symbol reduce-first orders finish in current slice
2026-10-10 01:38:26 | WARNING | akquant.execution.simulated | Deferred same-cycle order until cross-symbol reduce-first orders finish in current slice
2026-10-10 01:38:26 | WARNING | akquant.execution.simulated | Deferred same-cycle order until cross-symbol reduce-first orders finish in current slice
2026-10-10 01:38:26 | WARNING | akquant.execution.simulated | Rejected order: Risk: Insufficient available position for 600999.SH at execution. Available: 464999.99999999998279154311812, Required: 465000
2026-10-10 01:38:26 | WARNING | akquant.execution.simulated | Deferred same-cycle order until cross-symbol reduce-first orders finish in current slice
2026-10-10 01:38:26 | WARNING | akquant.execution.simulated | Deferred same-cycle order until cross-symbol reduce-first orders finish in current slice
2026-10-10 01:38:26 | INFO | akquant.strategy | [2021-08-26 00:00:00] rebalance 2021-08-26: 6 stocks
2026-10-10 01:38:26 | WARNING | akquant.execution.simulated | Deferred same-cycle order until cross-symbol reduce-first orders finish in current slice
2026-10-10 01:38:26 | WARNING | akquant.execution.simulated | Deferred same-cycle order until cross-symbol reduce-first orders finish in current slice
2026-10-10 01:38:26 | WARNING | akquant.execution.simulated | Deferred same-cycle order until cross-symbol reduce-first orders finish in current slice
2026-10-10 01:38:26 | WARNING | akquant.execution.simulated | Deferred same-cycle order until cross-symbol reduce-first orders finish in current slice
2026-10-10 01:38:26 | WARNING | akquant.execution.simulated | Rejected order: Risk: Insufficient available position for 600999.SH at execution. Available: 464999.99999999998279154311812, Required: 465000
2026-10-10 01:38:27 | INFO | akquant.strategy | [2021-09-27 00:00:00] rebalance 2021-09-27: 5 stocks
2026-10-10 01:38:27 | WARNING | akquant.execution.simulated | Deferred same-cycle order until cross-symbol reduce-first orders finish in current slice
2026-10-10 01:38:27 | WARNING | akquant.execution.simulated | Deferred same-cycle order until cross-symbol reduce-first orders finish in current slice
2026-10-10 01:38:27 | WARNING | akquant.execution.simulated | Deferred same-cycle order until cross-symbol reduce-first orders finish in current slice
2026-10-10 01:38:27 | WARNING | akquant.execution.simulated | Rejected order: Risk: Insufficient available position for 600999.SH at execution. Available: 464999.99999999998279154311812, Required: 465000
2026-10-10 01:38:27 | INFO | akquant.strategy | [2021-11-01 00:00:00] rebalance 2021-11-01: 5 stocks
2026-10-10 01:38:27 | WARNING | akquant.execution.simulated | Deferred same-cycle order until cross-symbol reduce-first orders finish in current slice
2026-10-10 01:38:27 | WARNING | akquant.execution.simulated | Deferred same-cycle order until cross-symbol reduce-first orders finish in current slice
2026-10-10 01:38:27 | WARNING | akquant.execution.simulated | Deferred same-cycle order until cross-symbol reduce-first orders finish in current slice
2026-10-10 01:38:27 | WARNING | akquant.execution.simulated | Deferred same-cycle order until cross-symbol reduce-first orders finish in current slice
2026-10-10 01:38:27 | WARNING | akquant.execution.simulated | Deferred same-cycle order until cross-symbol reduce-first orders finish in current slice
2026-10-10 01:38:27 | WARNING | akquant.execution.simulated | Rejected order: Risk: Insufficient available position for 600999.SH at execution. Available: 464999.99999999998279154311812, Required: 465000
2026-10-10 01:38:28 | INFO | akquant.strategy | [2021-11-29 00:00:00] rebalance 2021-11-29: 5 stocks
2026-10-10 01:38:28 | WARNING | akquant.execution.simulated | Deferred same-cycle order until cross-symbol reduce-first orders finish in current slice
2026-10-10 01:38:28 | WARNING | akquant.execution.simulated | Deferred same-cycle order until cross-symbol reduce-first orders finish in current slice
2026-10-10 01:38:28 | WARNING | akquant.execution.simulated | Deferred same-cycle order until cross-symbol reduce-first orders finish in current slice
2026-10-10 01:38:28 | WARNING | akquant.execution.simulated | Deferred same-cycle order until cross-symbol reduce-first orders finish in current slice
2026-10-10 01:38:28 | WARNING | akquant.execution.simulated | Rejected order: Risk: Insufficient available position for 600999.SH at execution. Available: 464999.99999999998279154311812, Required: 465000
2026-10-10 01:38:28 | INFO | akquant.strategy | [2021-12-27 00:00:00] rebalance 2021-12-27: 5 stocks
2026-10-10 01:38:28 | WARNING | akquant.execution.simulated | Deferred same-cycle order until cross-symbol reduce-first orders finish in current slice
2026-10-10 01:38:28 | WARNING | akquant.execution.simulated | Deferred same-cycle order until cross-symbol reduce-first orders finish in current slice
2026-10-10 01:38:29 | WARNING | akquant.execution.simulated | Rejected order: Risk: Insufficient available position for 600999.SH at execution. Available: 464999.99999999998279154311812, Required: 465000
2026-10-10 01:38:29 | WARNING | akquant.execution.simulated | Deferred same-cycle order until cross-symbol reduce-first orders finish in current slice
2026-10-10 01:38:29 | WARNING | akquant.execution.simulated | Deferred same-cycle order until cross-symbol reduce-first orders finish in current slice
2026-10-10 01:38:29 | WARNING | akquant.execution.simulated | Deferred same-cycle order until cross-symbol reduce-first orders finish in current slice
2026-10-10 01:38:29 | INFO | akquant.strategy | [2022-01-25 00:00:00] rebalance 2022-01-25: 5 stocks
2026-10-10 01:38:29 | WARNING | akquant.execution.simulated | Deferred same-cycle order until cross-symbol reduce-first orders finish in current slice
2026-10-10 01:38:29 | WARNING | akquant.execution.simulated | Deferred same-cycle order until cross-symbol reduce-first orders finish in current slice
2026-10-10 01:38:29 | WARNING | akquant.execution.simulated | Deferred same-cycle order until cross-symbol reduce-first orders finish in current slice
2026-10-10 01:38:29 | WARNING | akquant.execution.simulated | Rejected order: Risk: Insufficient available position for 600999.SH at execution. Available: 464999.99999999998279154311812, Required: 465000
2026-10-10 01:38:29 | WARNING | akquant.execution.simulated | Deferred same-cycle order until cross-symbol reduce-first orders finish in current slice
2026-10-10 01:38:30 | INFO | akquant.strategy | [2022-03-01 00:00:00] rebalance 2022-03-01: 5 stocks
2026-10-10 01:38:30 | WARNING | akquant.execution.simulated | Deferred same-cycle order until cross-symbol reduce-first orders finish in current slice
2026-10-10 01:38:30 | WARNING | akquant.execution.simulated | Deferred same-cycle order until cross-symbol reduce-first orders finish in current slice
2026-10-10 01:38:30 | WARNING | akquant.execution.simulated | Deferred same-cycle order until cross-symbol reduce-first orders finish in current slice
2026-10-10 01:38:30 | WARNING | akquant.execution.simulated | Rejected order: Risk: Insufficient available position for 600999.SH at execution. Available: 464999.99999999998279154311812, Required: 465000
2026-10-10 01:38:30 | WARNING | akquant.execution.simulated | Deferred same-cycle order until cross-symbol reduce-first orders finish in current slice
2026-10-10 01:38:30 | WARNING | akquant.execution.simulated | Deferred same-cycle order until cross-symbol reduce-first orders finish in current slice
2026-10-10 01:38:30 | INFO | akquant.strategy | [2022-03-29 00:00:00] rebalance 2022-03-29: 5 stocks
2026-10-10 01:38:30 | WARNING | akquant.execution.simulated | Deferred same-cycle order until cross-symbol reduce-first orders finish in current slice
2026-10-10 01:38:30 | WARNING | akquant.execution.simulated | Deferred same-cycle order until cross-symbol reduce-first orders finish in current slice
2026-10-10 01:38:30 | WARNING | akquant.execution.simulated | Deferred same-cycle order until cross-symbol reduce-first orders finish in current slice
2026-10-10 01:38:30 | WARNING | akquant.execution.simulated | Rejected order: Risk: Insufficient available position for 600999.SH at execution. Available: 464999.99999999998279154311812, Required: 465000
2026-10-10 01:38:31 | INFO | akquant.strategy | [2022-04-28 00:00:00] rebalance 2022-04-28: 5 stocks
2026-10-10 01:38:31 | WARNING | akquant.execution.simulated | Rejected order: Risk: Insufficient available position for 600999.SH at execution. Available: 464999.99999999998279154311812, Required: 465000
2026-10-10 01:38:31 | WARNING | akquant.execution.simulated | Deferred same-cycle order until cross-symbol reduce-first orders finish in current slice
2026-10-10 01:38:31 | WARNING | akquant.execution.simulated | Deferred same-cycle order until cross-symbol reduce-first orders finish in current slice
2026-10-10 01:38:31 | WARNING | akquant.execution.simulated | Deferred same-cycle order until cross-symbol reduce-first orders finish in current slice
2026-10-10 01:38:31 | WARNING | akquant.execution.simulated | Deferred same-cycle order until cross-symbol reduce-first orders finish in current slice
2026-10-10 01:38:31 | WARNING | akquant.execution.simulated | Deferred same-cycle order until cross-symbol reduce-first orders finish in current slice
2026-10-10 01:38:31 | INFO | akquant.strategy | [2022-05-31 00:00:00] rebalance 2022-05-31: 5 stocks
2026-10-10 01:38:31 | WARNING | akquant.execution.simulated | Deferred same-cycle order until cross-symbol reduce-first orders finish in current slice
2026-10-10 01:38:31 | WARNING | akquant.execution.simulated | Deferred same-cycle order until cross-symbol reduce-first orders finish in current slice
2026-10-10 01:38:31 | WARNING | akquant.execution.simulated | Deferred same-cycle order until cross-symbol reduce-first orders finish in current slice
2026-10-10 01:38:31 | WARNING | akquant.execution.simulated | Deferred same-cycle order until cross-symbol reduce-first orders finish in current slice
2026-10-10 01:38:31 | WARNING | akquant.execution.simulated | Rejected order: Risk: Insufficient available position for 600999.SH at execution. Available: 464999.99999999998279154311812, Required: 465000
2026-10-10 01:38:32 | INFO | akquant.strategy | [2022-06-29 00:00:00] rebalance 2022-06-29: 5 stocks
2026-10-10 01:38:32 | WARNING | akquant.execution.simulated | Deferred same-cycle order until cross-symbol reduce-first orders finish in current slice
2026-10-10 01:38:32 | WARNING | akquant.execution.simulated | Deferred same-cycle order until cross-symbol reduce-first orders finish in current slice
2026-10-10 01:38:32 | WARNING | akquant.execution.simulated | Deferred same-cycle order until cross-symbol reduce-first orders finish in current slice
2026-10-10 01:38:32 | WARNING | akquant.execution.simulated | Rejected order: Risk: Insufficient available position for 600999.SH at execution. Available: 464999.99999999998279154311812, Required: 465000
2026-10-10 01:38:32 | WARNING | akquant.execution.simulated | Deferred same-cycle order until cross-symbol reduce-first orders finish in current slice
2026-10-10 01:38:33 | INFO | akquant.strategy | [2022-07-27 00:00:00] rebalance 2022-07-27: 5 stocks
2026-10-10 01:38:33 | WARNING | akquant.execution.simulated | Deferred same-cycle order until cross-symbol reduce-first orders finish in current slice
2026-10-10 01:38:33 | WARNING | akquant.execution.simulated | Deferred same-cycle order until cross-symbol reduce-first orders finish in current slice
2026-10-10 01:38:33 | WARNING | akquant.execution.simulated | Deferred same-cycle order until cross-symbol reduce-first orders finish in current slice
2026-10-10 01:38:33 | WARNING | akquant.execution.simulated | Rejected order: Risk: Insufficient available position for 600999.SH at execution. Available: 464999.99999999998279154311812, Required: 465000
2026-10-10 01:38:33 | WARNING | akquant.execution.simulated | Deferred same-cycle order until cross-symbol reduce-first orders finish in current slice
2026-10-10 01:38:33 | WARNING | akquant.execution.simulated | Rejected order: Risk: Insufficient available position for 000625.SZ at execution. Available: 906103.9999999999502735548159, Required: 906104
2026-10-10 01:38:33 | INFO | akquant.strategy | [2022-08-24 00:00:00] rebalance 2022-08-24: 5 stocks
2026-10-10 01:38:33 | WARNING | akquant.execution.simulated | Deferred same-cycle order until cross-symbol reduce-first orders finish in current slice
2026-10-10 01:38:33 | WARNING | akquant.execution.simulated | Deferred same-cycle order until cross-symbol reduce-first orders finish in current slice
2026-10-10 01:38:33 | WARNING | akquant.execution.simulated | Deferred same-cycle order until cross-symbol reduce-first orders finish in current slice
2026-10-10 01:38:33 | WARNING | akquant.execution.simulated | Rejected order: Risk: Insufficient available position for 600999.SH at execution. Available: 464999.99999999998279154311812, Required: 465000
2026-10-10 01:38:34 | INFO | akquant.strategy | [2022-09-22 00:00:00] rebalance 2022-09-22: 5 stocks
2026-10-10 01:38:34 | WARNING | akquant.execution.simulated | Deferred same-cycle order until cross-symbol reduce-first orders finish in current slice
2026-10-10 01:38:34 | WARNING | akquant.execution.simulated | Deferred same-cycle order until cross-symbol reduce-first orders finish in current slice
2026-10-10 01:38:34 | WARNING | akquant.execution.simulated | Deferred same-cycle order until cross-symbol reduce-first orders finish in current slice
2026-10-10 01:38:34 | WARNING | akquant.execution.simulated | Deferred same-cycle order until cross-symbol reduce-first orders finish in current slice
2026-10-10 01:38:34 | WARNING | akquant.execution.simulated | Rejected order: Risk: Insufficient available position for 600999.SH at execution. Available: 464999.99999999998279154311812, Required: 465000
2026-10-10 01:38:34 | WARNING | akquant.execution.simulated | Deferred same-cycle order until cross-symbol reduce-first orders finish in current slice
2026-10-10 01:38:34 | INFO | akquant.strategy | [2022-10-27 00:00:00] rebalance 2022-10-27: 6 stocks
2026-10-10 01:38:34 | WARNING | akquant.execution.simulated | Deferred same-cycle order until cross-symbol reduce-first orders finish in current slice
2026-10-10 01:38:34 | WARNING | akquant.execution.simulated | Deferred same-cycle order until cross-symbol reduce-first orders finish in current slice
2026-10-10 01:38:34 | WARNING | akquant.execution.simulated | Deferred same-cycle order until cross-symbol reduce-first orders finish in current slice
2026-10-10 01:38:34 | WARNING | akquant.execution.simulated | Deferred same-cycle order until cross-symbol reduce-first orders finish in current slice
2026-10-10 01:38:34 | WARNING | akquant.execution.simulated | Deferred same-cycle order until cross-symbol reduce-first orders finish in current slice
2026-10-10 01:38:34 | WARNING | akquant.execution.simulated | Rejected order: Risk: Insufficient available position for 600999.SH at execution. Available: 464999.99999999998279154311812, Required: 465000
2026-10-10 01:38:35 | INFO | akquant.strategy | [2022-11-24 00:00:00] rebalance 2022-11-24: 5 stocks
2026-10-10 01:38:35 | WARNING | akquant.execution.simulated | Deferred same-cycle order until cross-symbol reduce-first orders finish in current slice
2026-10-10 01:38:35 | WARNING | akquant.execution.simulated | Deferred same-cycle order until cross-symbol reduce-first orders finish in current slice
2026-10-10 01:38:35 | WARNING | akquant.execution.simulated | Deferred same-cycle order until cross-symbol reduce-first orders finish in current slice
2026-10-10 01:38:35 | WARNING | akquant.execution.simulated | Deferred same-cycle order until cross-symbol reduce-first orders finish in current slice
2026-10-10 01:38:35 | WARNING | akquant.execution.simulated | Deferred same-cycle order until cross-symbol reduce-first orders finish in current slice
2026-10-10 01:38:35 | WARNING | akquant.execution.simulated | Rejected order: Risk: Insufficient available position for 600999.SH at execution. Available: 464999.99999999998279154311812, Required: 465000
2026-10-10 01:38:35 | INFO | akquant.strategy | [2022-12-22 00:00:00] rebalance 2022-12-22: 10 stocks
2026-10-10 01:38:35 | WARNING | akquant.execution.simulated | Deferred same-cycle order until cross-symbol reduce-first orders finish in current slice
2026-10-10 01:38:35 | WARNING | akquant.execution.simulated | Deferred same-cycle order until cross-symbol reduce-first orders finish in current slice
2026-10-10 01:38:35 | WARNING | akquant.execution.simulated | Deferred same-cycle order until cross-symbol reduce-first orders finish in current slice
2026-10-10 01:38:35 | WARNING | akquant.execution.simulated | Deferred same-cycle order until cross-symbol reduce-first orders finish in current slice
2026-10-10 01:38:35 | WARNING | akquant.execution.simulated | Deferred same-cycle order until cross-symbol reduce-first orders finish in current slice
2026-10-10 01:38:35 | WARNING | akquant.execution.simulated | Deferred same-cycle order until cross-symbol reduce-first orders finish in current slice
2026-10-10 01:38:36 | WARNING | akquant.execution.simulated | Rejected order: Risk: Insufficient available position for 600999.SH at execution. Available: 464999.99999999998279154311812, Required: 465000
2026-10-10 01:38:36 | INFO | akquant.strategy | [2023-01-20 00:00:00] rebalance 2023-01-20: 10 stocks
2026-10-10 01:38:36 | WARNING | akquant.execution.simulated | Deferred same-cycle order until cross-symbol reduce-first orders finish in current slice
2026-10-10 01:38:36 | WARNING | akquant.execution.simulated | Deferred same-cycle order until cross-symbol reduce-first orders finish in current slice
2026-10-10 01:38:36 | WARNING | akquant.execution.simulated | Deferred same-cycle order until cross-symbol reduce-first orders finish in current slice
2026-10-10 01:38:36 | WARNING | akquant.execution.simulated | Deferred same-cycle order until cross-symbol reduce-first orders finish in current slice
2026-10-10 01:38:36 | WARNING | akquant.execution.simulated | Deferred same-cycle order until cross-symbol reduce-first orders finish in current slice
2026-10-10 01:38:36 | WARNING | akquant.execution.simulated | Deferred same-cycle order until cross-symbol reduce-first orders finish in current slice
2026-10-10 01:38:36 | WARNING | akquant.execution.simulated | Deferred same-cycle order until cross-symbol reduce-first orders finish in current slice
2026-10-10 01:38:36 | WARNING | akquant.execution.simulated | Deferred same-cycle order until cross-symbol reduce-first orders finish in current slice
2026-10-10 01:38:36 | WARNING | akquant.execution.simulated | Deferred same-cycle order until cross-symbol reduce-first orders finish in current slice
2026-10-10 01:38:36 | WARNING | akquant.execution.simulated | Deferred same-cycle order until cross-symbol reduce-first orders finish in current slice
2026-10-10 01:38:36 | WARNING | akquant.execution.simulated | Rejected order: Risk: Insufficient available position for 600999.SH at execution. Available: 464999.99999999998279154311812, Required: 465000
2026-10-10 01:38:37 | INFO | akquant.strategy | [2023-02-24 00:00:00] rebalance 2023-02-24: 5 stocks
2026-10-10 01:38:37 | WARNING | akquant.execution.simulated | Deferred same-cycle order until cross-symbol reduce-first orders finish in current slice
2026-10-10 01:38:37 | WARNING | akquant.execution.simulated | Deferred same-cycle order until cross-symbol reduce-first orders finish in current slice
2026-10-10 01:38:37 | WARNING | akquant.execution.simulated | Deferred same-cycle order until cross-symbol reduce-first orders finish in current slice
2026-10-10 01:38:37 | WARNING | akquant.execution.simulated | Deferred same-cycle order until cross-symbol reduce-first orders finish in current slice
2026-10-10 01:38:37 | WARNING | akquant.execution.simulated | Deferred same-cycle order until cross-symbol reduce-first orders finish in current slice
2026-10-10 01:38:37 | WARNING | akquant.execution.simulated | Rejected order: Risk: Insufficient available position for 600999.SH at execution. Available: 464999.99999999998279154311812, Required: 465000
2026-10-10 01:38:37 | INFO | akquant.strategy | [2023-03-24 00:00:00] rebalance 2023-03-24: 10 stocks
2026-10-10 01:38:37 | WARNING | akquant.execution.simulated | Deferred same-cycle order until cross-symbol reduce-first orders finish in current slice
2026-10-10 01:38:37 | WARNING | akquant.execution.simulated | Deferred same-cycle order until cross-symbol reduce-first orders finish in current slice
2026-10-10 01:38:37 | WARNING | akquant.execution.simulated | Deferred same-cycle order until cross-symbol reduce-first orders finish in current slice
2026-10-10 01:38:37 | WARNING | akquant.execution.simulated | Deferred same-cycle order until cross-symbol reduce-first orders finish in current slice
2026-10-10 01:38:37 | WARNING | akquant.execution.simulated | Deferred same-cycle order until cross-symbol reduce-first orders finish in current slice
2026-10-10 01:38:37 | WARNING | akquant.execution.simulated | Deferred same-cycle order until cross-symbol reduce-first orders finish in current slice
2026-10-10 01:38:37 | WARNING | akquant.execution.simulated | Rejected order: Risk: Insufficient available position for 600999.SH at execution. Available: 464999.99999999998279154311812, Required: 465000
2026-10-10 01:38:38 | INFO | akquant.strategy | [2023-04-24 00:00:00] rebalance 2023-04-24: 10 stocks
2026-10-10 01:38:38 | WARNING | akquant.execution.simulated | Deferred same-cycle order until cross-symbol reduce-first orders finish in current slice
2026-10-10 01:38:38 | WARNING | akquant.execution.simulated | Deferred same-cycle order until cross-symbol reduce-first orders finish in current slice
2026-10-10 01:38:38 | WARNING | akquant.execution.simulated | Deferred same-cycle order until cross-symbol reduce-first orders finish in current slice
2026-10-10 01:38:38 | WARNING | akquant.execution.simulated | Deferred same-cycle order until cross-symbol reduce-first orders finish in current slice
2026-10-10 01:38:38 | WARNING | akquant.execution.simulated | Deferred same-cycle order until cross-symbol reduce-first orders finish in current slice
2026-10-10 01:38:38 | WARNING | akquant.execution.simulated | Rejected order: Risk: Insufficient available position for 600999.SH at execution. Available: 464999.99999999998279154311812, Required: 465000
2026-10-10 01:38:38 | WARNING | akquant.execution.simulated | Deferred same-cycle order until cross-symbol reduce-first orders finish in current slice
2026-10-10 01:38:38 | WARNING | akquant.execution.simulated | Deferred same-cycle order until cross-symbol reduce-first orders finish in current slice
2026-10-10 01:38:39 | INFO | akquant.strategy | [2023-05-25 00:00:00] rebalance 2023-05-25: 5 stocks
2026-10-10 01:38:39 | WARNING | akquant.execution.simulated | Deferred same-cycle order until cross-symbol reduce-first orders finish in current slice
2026-10-10 01:38:39 | WARNING | akquant.execution.simulated | Rejected order: Risk: Insufficient available position for 600999.SH at execution. Available: 464999.99999999998279154311812, Required: 465000
2026-10-10 01:38:39 | WARNING | akquant.execution.simulated | Deferred same-cycle order until cross-symbol reduce-first orders finish in current slice
2026-10-10 01:38:39 | WARNING | akquant.execution.simulated | Deferred same-cycle order until cross-symbol reduce-first orders finish in current slice
2026-10-10 01:38:39 | WARNING | akquant.execution.simulated | Deferred same-cycle order until cross-symbol reduce-first orders finish in current slice
2026-10-10 01:38:39 | WARNING | akquant.execution.simulated | Deferred same-cycle order until cross-symbol reduce-first orders finish in current slice
2026-10-10 01:38:39 | INFO | akquant.strategy | [2023-06-26 00:00:00] rebalance 2023-06-26: 6 stocks
2026-10-10 01:38:39 | WARNING | akquant.execution.simulated | Deferred same-cycle order until cross-symbol reduce-first orders finish in current slice
2026-10-10 01:38:39 | WARNING | akquant.execution.simulated | Deferred same-cycle order until cross-symbol reduce-first orders finish in current slice
2026-10-10 01:38:39 | WARNING | akquant.execution.simulated | Deferred same-cycle order until cross-symbol reduce-first orders finish in current slice
2026-10-10 01:38:39 | WARNING | akquant.execution.simulated | Deferred same-cycle order until cross-symbol reduce-first orders finish in current slice
2026-10-10 01:38:39 | WARNING | akquant.execution.simulated | Deferred same-cycle order until cross-symbol reduce-first orders finish in current slice
2026-10-10 01:38:39 | WARNING | akquant.execution.simulated | Rejected order: Risk: Insufficient available position for 600999.SH at execution. Available: 464999.99999999998279154311812, Required: 465000
2026-10-10 01:38:40 | INFO | akquant.strategy | [2023-07-24 00:00:00] rebalance 2023-07-24: 10 stocks
2026-10-10 01:38:40 | WARNING | akquant.execution.simulated | Deferred same-cycle order until cross-symbol reduce-first orders finish in current slice
2026-10-10 01:38:40 | WARNING | akquant.execution.simulated | Deferred same-cycle order until cross-symbol reduce-first orders finish in current slice
2026-10-10 01:38:40 | WARNING | akquant.execution.simulated | Deferred same-cycle order until cross-symbol reduce-first orders finish in current slice
2026-10-10 01:38:40 | WARNING | akquant.execution.simulated | Deferred same-cycle order until cross-symbol reduce-first orders finish in current slice
2026-10-10 01:38:40 | WARNING | akquant.execution.simulated | Deferred same-cycle order until cross-symbol reduce-first orders finish in current slice
2026-10-10 01:38:40 | WARNING | akquant.execution.simulated | Rejected order: Risk: Insufficient available position for 600999.SH at execution. Available: 464999.99999999998279154311812, Required: 465000
2026-10-10 01:38:40 | INFO | akquant.strategy | [2023-08-21 00:00:00] rebalance 2023-08-21: 5 stocks
2026-10-10 01:38:40 | WARNING | akquant.execution.simulated | Deferred same-cycle order until cross-symbol reduce-first orders finish in current slice
2026-10-10 01:38:40 | WARNING | akquant.execution.simulated | Deferred same-cycle order until cross-symbol reduce-first orders finish in current slice
2026-10-10 01:38:40 | WARNING | akquant.execution.simulated | Deferred same-cycle order until cross-symbol reduce-first orders finish in current slice
2026-10-10 01:38:40 | WARNING | akquant.execution.simulated | Deferred same-cycle order until cross-symbol reduce-first orders finish in current slice
2026-10-10 01:38:40 | WARNING | akquant.execution.simulated | Deferred same-cycle order until cross-symbol reduce-first orders finish in current slice
2026-10-10 01:38:40 | WARNING | akquant.execution.simulated | Rejected order: Risk: Insufficient available position for 600999.SH at execution. Available: 464999.99999999998279154311812, Required: 465000
2026-10-10 01:38:41 | INFO | akquant.strategy | [2023-09-18 00:00:00] rebalance 2023-09-18: 5 stocks
2026-10-10 01:38:41 | WARNING | akquant.execution.simulated | Deferred same-cycle order until cross-symbol reduce-first orders finish in current slice
2026-10-10 01:38:41 | WARNING | akquant.execution.simulated | Deferred same-cycle order until cross-symbol reduce-first orders finish in current slice
2026-10-10 01:38:41 | WARNING | akquant.execution.simulated | Deferred same-cycle order until cross-symbol reduce-first orders finish in current slice
2026-10-10 01:38:41 | WARNING | akquant.execution.simulated | Rejected order: Risk: Insufficient available position for 600999.SH at execution. Available: 464999.99999999998279154311812, Required: 465000
2026-10-10 01:38:42 | INFO | akquant.strategy | [2023-10-24 00:00:00] rebalance 2023-10-24: 10 stocks
2026-10-10 01:38:42 | WARNING | akquant.execution.simulated | Rejected order: Risk: Insufficient available position for 600999.SH at execution. Available: 464999.99999999998279154311812, Required: 465000
2026-10-10 01:38:42 | INFO | akquant.strategy | [2023-11-21 00:00:00] rebalance 2023-11-21: 6 stocks
2026-10-10 01:38:42 | WARNING | akquant.execution.simulated | Deferred same-cycle order until cross-symbol reduce-first orders finish in current slice
2026-10-10 01:38:42 | WARNING | akquant.execution.simulated | Deferred same-cycle order until cross-symbol reduce-first orders finish in current slice
2026-10-10 01:38:42 | WARNING | akquant.execution.simulated | Rejected order: Risk: Insufficient available position for 600999.SH at execution. Available: 464999.99999999998279154311812, Required: 465000
2026-10-10 01:38:42 | WARNING | akquant.execution.simulated | Deferred same-cycle order until cross-symbol reduce-first orders finish in current slice
2026-10-10 01:38:42 | WARNING | akquant.execution.simulated | Deferred same-cycle order until cross-symbol reduce-first orders finish in current slice
2026-10-10 01:38:42 | WARNING | akquant.execution.simulated | Deferred same-cycle order until cross-symbol reduce-first orders finish in current slice
2026-10-10 01:38:42 | WARNING | akquant.execution.simulated | Deferred same-cycle order until cross-symbol reduce-first orders finish in current slice
2026-10-10 01:38:43 | INFO | akquant.strategy | [2023-12-19 00:00:00] rebalance 2023-12-19: 7 stocks
2026-10-10 01:38:43 | WARNING | akquant.execution.simulated | Deferred same-cycle order until cross-symbol reduce-first orders finish in current slice
2026-10-10 01:38:43 | WARNING | akquant.execution.simulated | Deferred same-cycle order until cross-symbol reduce-first orders finish in current slice
2026-10-10 01:38:43 | WARNING | akquant.execution.simulated | Deferred same-cycle order until cross-symbol reduce-first orders finish in current slice
2026-10-10 01:38:43 | WARNING | akquant.execution.simulated | Rejected order: Risk: Insufficient available position for 600999.SH at execution. Available: 464999.99999999998279154311812, Required: 465000
2026-10-10 01:38:43 | INFO | akquant.strategy | [2024-01-17 00:00:00] rebalance 2024-01-17: 5 stocks
2026-10-10 01:38:43 | WARNING | akquant.execution.simulated | Deferred same-cycle order until cross-symbol reduce-first orders finish in current slice
2026-10-10 01:38:43 | WARNING | akquant.execution.simulated | Deferred same-cycle order until cross-symbol reduce-first orders finish in current slice
2026-10-10 01:38:43 | WARNING | akquant.execution.simulated | Deferred same-cycle order until cross-symbol reduce-first orders finish in current slice
2026-10-10 01:38:43 | WARNING | akquant.execution.simulated | Deferred same-cycle order until cross-symbol reduce-first orders finish in current slice
2026-10-10 01:38:43 | WARNING | akquant.execution.simulated | Rejected order: Risk: Insufficient available position for 600999.SH at execution. Available: 464999.99999999998279154311812, Required: 465000
2026-10-10 01:38:43 | WARNING | akquant.execution.simulated | Deferred same-cycle order until cross-symbol reduce-first orders finish in current slice
2026-10-10 01:38:43 | WARNING | akquant.execution.simulated | Rejected order due to insufficient margin during execution. Required: 11550835.596300000000000000000, Available: 11473290.796086826080612634056
2026-10-10 01:38:44 | INFO | akquant.strategy | [2024-02-22 00:00:00] rebalance 2024-02-22: 10 stocks
2026-10-10 01:38:44 | WARNING | akquant.execution.simulated | Deferred same-cycle order until cross-symbol reduce-first orders finish in current slice
2026-10-10 01:38:44 | WARNING | akquant.execution.simulated | Deferred same-cycle order until cross-symbol reduce-first orders finish in current slice
2026-10-10 01:38:44 | WARNING | akquant.execution.simulated | Deferred same-cycle order until cross-symbol reduce-first orders finish in current slice
2026-10-10 01:38:44 | WARNING | akquant.execution.simulated | Deferred same-cycle order until cross-symbol reduce-first orders finish in current slice
2026-10-10 01:38:44 | WARNING | akquant.execution.simulated | Deferred same-cycle order until cross-symbol reduce-first orders finish in current slice
2026-10-10 01:38:44 | WARNING | akquant.execution.simulated | Rejected order: Risk: Insufficient available position for 600999.SH at execution. Available: 464999.99999999998279154311812, Required: 465000
2026-10-10 01:38:44 | WARNING | akquant.execution.simulated | Rejected order due to insufficient margin during execution. Required: 5666440.437157500000000000000, Available: 5228259.356691826080612634056
2026-10-10 01:38:45 | INFO | akquant.strategy | [2024-03-21 00:00:00] rebalance 2024-03-21: 10 stocks
2026-10-10 01:38:45 | WARNING | akquant.execution.simulated | Deferred same-cycle order until cross-symbol reduce-first orders finish in current slice
2026-10-10 01:38:45 | WARNING | akquant.execution.simulated | Deferred same-cycle order until cross-symbol reduce-first orders finish in current slice
2026-10-10 01:38:45 | WARNING | akquant.execution.simulated | Deferred same-cycle order until cross-symbol reduce-first orders finish in current slice
2026-10-10 01:38:45 | WARNING | akquant.execution.simulated | Deferred same-cycle order until cross-symbol reduce-first orders finish in current slice
2026-10-10 01:38:45 | WARNING | akquant.execution.simulated | Deferred same-cycle order until cross-symbol reduce-first orders finish in current slice
2026-10-10 01:38:45 | WARNING | akquant.execution.simulated | Deferred same-cycle order until cross-symbol reduce-first orders finish in current slice
2026-10-10 01:38:45 | WARNING | akquant.execution.simulated | Rejected order: Risk: Insufficient available position for 600999.SH at execution. Available: 464999.99999999998279154311812, Required: 465000
2026-10-10 01:38:45 | WARNING | akquant.execution.simulated | Deferred same-cycle order until cross-symbol reduce-first orders finish in current slice
2026-10-10 01:38:45 | WARNING | akquant.execution.simulated | Rejected order due to insufficient margin during execution. Required: 5736066.451115000000000000000, Available: 5372795.643927165520641249409
2026-10-10 01:38:45 | INFO | akquant.strategy | [2024-04-22 00:00:00] rebalance 2024-04-22: 10 stocks
2026-10-10 01:38:45 | WARNING | akquant.execution.simulated | Deferred same-cycle order until cross-symbol reduce-first orders finish in current slice
2026-10-10 01:38:45 | WARNING | akquant.execution.simulated | Deferred same-cycle order until cross-symbol reduce-first orders finish in current slice
2026-10-10 01:38:45 | WARNING | akquant.execution.simulated | Deferred same-cycle order until cross-symbol reduce-first orders finish in current slice
2026-10-10 01:38:45 | WARNING | akquant.execution.simulated | Deferred same-cycle order until cross-symbol reduce-first orders finish in current slice
2026-10-10 01:38:45 | WARNING | akquant.execution.simulated | Deferred same-cycle order until cross-symbol reduce-first orders finish in current slice
2026-10-10 01:38:45 | WARNING | akquant.execution.simulated | Deferred same-cycle order until cross-symbol reduce-first orders finish in current slice
2026-10-10 01:38:45 | WARNING | akquant.execution.simulated | Deferred same-cycle order until cross-symbol reduce-first orders finish in current slice
2026-10-10 01:38:45 | WARNING | akquant.execution.simulated | Rejected order: Risk: Insufficient available position for 600999.SH at execution. Available: 464999.99999999998279154311812, Required: 465000
2026-10-10 01:38:45 | WARNING | akquant.execution.simulated | Rejected order due to insufficient margin during execution. Required: 5245508.268000000000000000000, Available: 4378658.361618793463486941170
2026-10-10 01:38:46 | INFO | akquant.strategy | [2024-05-23 00:00:00] rebalance 2024-05-23: 5 stocks
2026-10-10 01:38:46 | WARNING | akquant.execution.simulated | Deferred same-cycle order until cross-symbol reduce-first orders finish in current slice
2026-10-10 01:38:46 | WARNING | akquant.execution.simulated | Deferred same-cycle order until cross-symbol reduce-first orders finish in current slice
2026-10-10 01:38:46 | WARNING | akquant.execution.simulated | Deferred same-cycle order until cross-symbol reduce-first orders finish in current slice
2026-10-10 01:38:46 | WARNING | akquant.execution.simulated | Rejected order: Risk: Insufficient available position for 600999.SH at execution. Available: 464999.99999999998279154311812, Required: 465000
2026-10-10 01:38:46 | WARNING | akquant.execution.simulated | Deferred same-cycle order until cross-symbol reduce-first orders finish in current slice
2026-10-10 01:38:46 | WARNING | akquant.execution.simulated | Deferred same-cycle order until cross-symbol reduce-first orders finish in current slice
2026-10-10 01:38:46 | WARNING | akquant.execution.simulated | Rejected order due to insufficient margin during execution. Required: 10394113.317087500000000000000, Available: 9235635.040426293769438631817
2026-10-10 01:38:47 | INFO | akquant.strategy | [2024-06-21 00:00:00] rebalance 2024-06-21: 5 stocks
2026-10-10 01:38:47 | WARNING | akquant.execution.simulated | Deferred same-cycle order until cross-symbol reduce-first orders finish in current slice
2026-10-10 01:38:47 | WARNING | akquant.execution.simulated | Deferred same-cycle order until cross-symbol reduce-first orders finish in current slice
2026-10-10 01:38:47 | WARNING | akquant.execution.simulated | Deferred same-cycle order until cross-symbol reduce-first orders finish in current slice
2026-10-10 01:38:47 | WARNING | akquant.execution.simulated | Rejected order: Risk: Insufficient available position for 600999.SH at execution. Available: 464999.99999999998279154311812, Required: 465000
2026-10-10 01:38:47 | WARNING | akquant.execution.simulated | Rejected order due to insufficient margin during execution. Required: 10616940.043710000000000000001, Available: 9672863.067101795256795969416
2026-10-10 01:38:47 | INFO | akquant.strategy | [2024-07-19 00:00:00] rebalance 2024-07-19: 6 stocks
2026-10-10 01:38:47 | WARNING | akquant.execution.simulated | Deferred same-cycle order until cross-symbol reduce-first orders finish in current slice
2026-10-10 01:38:47 | WARNING | akquant.execution.simulated | Deferred same-cycle order until cross-symbol reduce-first orders finish in current slice
2026-10-10 01:38:47 | WARNING | akquant.execution.simulated | Deferred same-cycle order until cross-symbol reduce-first orders finish in current slice
2026-10-10 01:38:47 | WARNING | akquant.execution.simulated | Rejected order: Risk: Insufficient available position for 600999.SH at execution. Available: 464999.99999999998279154311812, Required: 465000
2026-10-10 01:38:47 | WARNING | akquant.execution.simulated | Deferred same-cycle order until cross-symbol reduce-first orders finish in current slice
2026-10-10 01:38:47 | WARNING | akquant.execution.simulated | Rejected order due to insufficient margin during execution. Required: 9308039.620880000000000000000, Available: 8546575.836434543771416618529
2026-10-10 01:38:48 | INFO | akquant.strategy | [2024-08-16 00:00:00] rebalance 2024-08-16: 5 stocks
2026-10-10 01:38:48 | WARNING | akquant.execution.simulated | Deferred same-cycle order until cross-symbol reduce-first orders finish in current slice
2026-10-10 01:38:48 | WARNING | akquant.execution.simulated | Deferred same-cycle order until cross-symbol reduce-first orders finish in current slice
2026-10-10 01:38:48 | WARNING | akquant.execution.simulated | Deferred same-cycle order until cross-symbol reduce-first orders finish in current slice
2026-10-10 01:38:48 | WARNING | akquant.execution.simulated | Rejected order: Risk: Insufficient available position for 600999.SH at execution. Available: 464999.99999999998279154311812, Required: 465000
2026-10-10 01:38:48 | WARNING | akquant.execution.simulated | Deferred same-cycle order until cross-symbol reduce-first orders finish in current slice
2026-10-10 01:38:48 | WARNING | akquant.execution.simulated | Deferred same-cycle order until cross-symbol reduce-first orders finish in current slice
2026-10-10 01:38:48 | WARNING | akquant.execution.simulated | Rejected order due to insufficient margin during execution. Required: 11146172.209672500000000000000, Available: 10087055.977197043771416618529
2026-10-10 01:38:48 | INFO | akquant.strategy | [2024-09-13 00:00:00] rebalance 2024-09-13: 5 stocks
2026-10-10 01:38:48 | WARNING | akquant.execution.simulated | Deferred same-cycle order until cross-symbol reduce-first orders finish in current slice
2026-10-10 01:38:48 | WARNING | akquant.execution.simulated | Deferred same-cycle order until cross-symbol reduce-first orders finish in current slice
2026-10-10 01:38:48 | WARNING | akquant.execution.simulated | Deferred same-cycle order until cross-symbol reduce-first orders finish in current slice
2026-10-10 01:38:48 | WARNING | akquant.execution.simulated | Deferred same-cycle order until cross-symbol reduce-first orders finish in current slice
2026-10-10 01:38:48 | WARNING | akquant.execution.simulated | Deferred same-cycle order until cross-symbol reduce-first orders finish in current slice
2026-10-10 01:38:48 | WARNING | akquant.execution.simulated | Rejected order: Risk: Insufficient available position for 600999.SH at execution. Available: 464999.99999999998279154311812, Required: 465000
2026-10-10 01:38:48 | WARNING | akquant.execution.simulated | Rejected order due to insufficient margin during execution. Required: 10440590.535375000000000000000, Available: 9183052.295789543764303019930
2026-10-10 01:38:49 | INFO | akquant.strategy | [2024-10-22 00:00:00] rebalance 2024-10-22: 6 stocks
2026-10-10 01:38:49 | WARNING | akquant.execution.simulated | Deferred same-cycle order until cross-symbol reduce-first orders finish in current slice
2026-10-10 01:38:49 | WARNING | akquant.execution.simulated | Deferred same-cycle order until cross-symbol reduce-first orders finish in current slice
2026-10-10 01:38:49 | WARNING | akquant.execution.simulated | Deferred same-cycle order until cross-symbol reduce-first orders finish in current slice
2026-10-10 01:38:49 | WARNING | akquant.execution.simulated | Deferred same-cycle order until cross-symbol reduce-first orders finish in current slice
2026-10-10 01:38:49 | WARNING | akquant.execution.simulated | Deferred same-cycle order until cross-symbol reduce-first orders finish in current slice
2026-10-10 01:38:49 | WARNING | akquant.execution.simulated | Rejected order: Risk: Insufficient available position for 600999.SH at execution. Available: 464999.99999999998279154311812, Required: 465000
2026-10-10 01:38:49 | WARNING | akquant.execution.simulated | Rejected order due to insufficient margin during execution. Required: 10744456.109887500000000000000, Available: 8046353.326997043593988146615
2026-10-10 01:38:50 | INFO | akquant.strategy | [2024-11-19 00:00:00] rebalance 2024-11-19: 7 stocks
2026-10-10 01:38:50 | WARNING | akquant.execution.simulated | Deferred same-cycle order until cross-symbol reduce-first orders finish in current slice
2026-10-10 01:38:50 | WARNING | akquant.execution.simulated | Deferred same-cycle order until cross-symbol reduce-first orders finish in current slice
2026-10-10 01:38:50 | WARNING | akquant.execution.simulated | Deferred same-cycle order until cross-symbol reduce-first orders finish in current slice
2026-10-10 01:38:50 | WARNING | akquant.execution.simulated | Rejected order: Risk: Insufficient available position for 600999.SH at execution. Available: 464999.99999999998279154311812, Required: 465000
2026-10-10 01:38:50 | WARNING | akquant.execution.simulated | Rejected order due to insufficient margin during execution. Required: 9783643.609740000000000000000, Available: 8246946.044479543593988146615
2026-10-10 01:38:50 | INFO | akquant.strategy | [2024-12-17 00:00:00] rebalance 2024-12-17: 5 stocks
2026-10-10 01:38:50 | WARNING | akquant.execution.simulated | Deferred same-cycle order until cross-symbol reduce-first orders finish in current slice
2026-10-10 01:38:50 | WARNING | akquant.execution.simulated | Deferred same-cycle order until cross-symbol reduce-first orders finish in current slice
2026-10-10 01:38:50 | WARNING | akquant.execution.simulated | Deferred same-cycle order until cross-symbol reduce-first orders finish in current slice
2026-10-10 01:38:50 | WARNING | akquant.execution.simulated | Deferred same-cycle order until cross-symbol reduce-first orders finish in current slice
2026-10-10 01:38:50 | WARNING | akquant.execution.simulated | Rejected order: Risk: Insufficient available position for 600999.SH at execution. Available: 464999.99999999998279154311812, Required: 465000
2026-10-10 01:38:50 | WARNING | akquant.execution.simulated | Rejected order due to insufficient margin during execution. Required: 13997739.966210000000000000000, Available: 11895565.805209715560596587538
2026-10-10 01:38:51 | INFO | akquant.strategy | [2025-01-15 00:00:00] rebalance 2025-01-15: 8 stocks
2026-10-10 01:38:51 | WARNING | akquant.execution.simulated | Deferred same-cycle order until cross-symbol reduce-first orders finish in current slice
2026-10-10 01:38:51 | WARNING | akquant.execution.simulated | Deferred same-cycle order until cross-symbol reduce-first orders finish in current slice
2026-10-10 01:38:51 | WARNING | akquant.execution.simulated | Deferred same-cycle order until cross-symbol reduce-first orders finish in current slice
2026-10-10 01:38:51 | WARNING | akquant.execution.simulated | Deferred same-cycle order until cross-symbol reduce-first orders finish in current slice
2026-10-10 01:38:51 | WARNING | akquant.execution.simulated | Deferred same-cycle order until cross-symbol reduce-first orders finish in current slice
2026-10-10 01:38:51 | WARNING | akquant.execution.simulated | Rejected order: Risk: Insufficient available position for 600999.SH at execution. Available: 464999.99999999998279154311812, Required: 465000
2026-10-10 01:38:51 | WARNING | akquant.execution.simulated | Deferred same-cycle order until cross-symbol reduce-first orders finish in current slice
2026-10-10 01:38:51 | WARNING | akquant.execution.simulated | Rejected order due to insufficient margin during execution. Required: 8117883.648875000000000000000, Available: 6311020.673047215560596587539
2026-10-10 01:38:51 | INFO | akquant.strategy | [2025-02-20 00:00:00] rebalance 2025-02-20: 6 stocks
2026-10-10 01:38:51 | WARNING | akquant.execution.simulated | Deferred same-cycle order until cross-symbol reduce-first orders finish in current slice
2026-10-10 01:38:51 | WARNING | akquant.execution.simulated | Deferred same-cycle order until cross-symbol reduce-first orders finish in current slice
2026-10-10 01:38:52 | WARNING | akquant.execution.simulated | Deferred same-cycle order until cross-symbol reduce-first orders finish in current slice
2026-10-10 01:38:52 | WARNING | akquant.execution.simulated | Rejected order: Risk: Insufficient available position for 600999.SH at execution. Available: 464999.99999999998279154311812, Required: 465000
2026-10-10 01:38:52 | WARNING | akquant.execution.simulated | Deferred same-cycle order until cross-symbol reduce-first orders finish in current slice
2026-10-10 01:38:52 | WARNING | akquant.execution.simulated | Deferred same-cycle order until cross-symbol reduce-first orders finish in current slice
2026-10-10 01:38:52 | WARNING | akquant.execution.simulated | Deferred same-cycle order until cross-symbol reduce-first orders finish in current slice
2026-10-10 01:38:52 | WARNING | akquant.execution.simulated | Rejected order due to insufficient margin during execution. Required: 10708245.725677500000000000000, Available: 9156439.675259715560596587539
2026-10-10 01:38:52 | INFO | akquant.strategy | [2025-03-20 00:00:00] rebalance 2025-03-20: 5 stocks
2026-10-10 01:38:52 | WARNING | akquant.execution.simulated | Deferred same-cycle order until cross-symbol reduce-first orders finish in current slice
2026-10-10 01:38:52 | WARNING | akquant.execution.simulated | Deferred same-cycle order until cross-symbol reduce-first orders finish in current slice
2026-10-10 01:38:52 | WARNING | akquant.execution.simulated | Deferred same-cycle order until cross-symbol reduce-first orders finish in current slice
2026-10-10 01:38:52 | WARNING | akquant.execution.simulated | Deferred same-cycle order until cross-symbol reduce-first orders finish in current slice
2026-10-10 01:38:52 | WARNING | akquant.execution.simulated | Rejected order: Risk: Insufficient available position for 600999.SH at execution. Available: 464999.99999999998279154311812, Required: 465000
2026-10-10 01:38:52 | WARNING | akquant.execution.simulated | Rejected order due to insufficient margin during execution. Required: 12079862.044250000000000000000, Available: 9893334.966699715560596587539
2026-10-10 01:38:53 | INFO | akquant.strategy | [2025-04-18 00:00:00] rebalance 2025-04-18: 10 stocks
2026-10-10 01:38:53 | WARNING | akquant.execution.simulated | Deferred same-cycle order until cross-symbol reduce-first orders finish in current slice
2026-10-10 01:38:53 | WARNING | akquant.execution.simulated | Deferred same-cycle order until cross-symbol reduce-first orders finish in current slice
2026-10-10 01:38:53 | WARNING | akquant.execution.simulated | Deferred same-cycle order until cross-symbol reduce-first orders finish in current slice
2026-10-10 01:38:53 | WARNING | akquant.execution.simulated | Deferred same-cycle order until cross-symbol reduce-first orders finish in current slice
2026-10-10 01:38:53 | WARNING | akquant.execution.simulated | Deferred same-cycle order until cross-symbol reduce-first orders finish in current slice
2026-10-10 01:38:53 | WARNING | akquant.execution.simulated | Deferred same-cycle order until cross-symbol reduce-first orders finish in current slice
2026-10-10 01:38:53 | WARNING | akquant.execution.simulated | Deferred same-cycle order until cross-symbol reduce-first orders finish in current slice
2026-10-10 01:38:53 | WARNING | akquant.execution.simulated | Rejected order: Risk: Insufficient available position for 600999.SH at execution. Available: 464999.99999999998279154311812, Required: 465000
2026-10-10 01:38:53 | WARNING | akquant.execution.simulated | Deferred same-cycle order until cross-symbol reduce-first orders finish in current slice
2026-10-10 01:38:53 | WARNING | akquant.execution.simulated | Deferred same-cycle order until cross-symbol reduce-first orders finish in current slice
2026-10-10 01:38:53 | WARNING | akquant.execution.simulated | Deferred same-cycle order until cross-symbol reduce-first orders finish in current slice
2026-10-10 01:38:53 | WARNING | akquant.execution.simulated | Rejected order due to insufficient margin during execution. Required: 5629649.025000000000000000000, Available: 4183793.913207215562061461996
2026-10-10 01:38:53 | INFO | akquant.strategy | [2025-05-21 00:00:00] rebalance 2025-05-21: 10 stocks
2026-10-10 01:38:53 | WARNING | akquant.execution.simulated | Deferred same-cycle order until cross-symbol reduce-first orders finish in current slice
2026-10-10 01:38:53 | WARNING | akquant.execution.simulated | Deferred same-cycle order until cross-symbol reduce-first orders finish in current slice
2026-10-10 01:38:53 | WARNING | akquant.execution.simulated | Deferred same-cycle order until cross-symbol reduce-first orders finish in current slice
2026-10-10 01:38:53 | WARNING | akquant.execution.simulated | Deferred same-cycle order until cross-symbol reduce-first orders finish in current slice
2026-10-10 01:38:53 | WARNING | akquant.execution.simulated | Deferred same-cycle order until cross-symbol reduce-first orders finish in current slice
2026-10-10 01:38:53 | WARNING | akquant.execution.simulated | Rejected order: Risk: Insufficient available position for 600999.SH at execution. Available: 464999.99999999998279154311812, Required: 465000
2026-10-10 01:38:53 | WARNING | akquant.execution.simulated | Deferred same-cycle order until cross-symbol reduce-first orders finish in current slice
2026-10-10 01:38:53 | WARNING | akquant.execution.simulated | Rejected order due to insufficient margin during execution. Required: 5680742.354787500000000000000, Available: 4056147.539517215996902247597
2026-10-10 01:38:54 | INFO | akquant.strategy | [2025-06-19 00:00:00] rebalance 2025-06-19: 10 stocks
2026-10-10 01:38:54 | WARNING | akquant.execution.simulated | Deferred same-cycle order until cross-symbol reduce-first orders finish in current slice
2026-10-10 01:38:54 | WARNING | akquant.execution.simulated | Deferred same-cycle order until cross-symbol reduce-first orders finish in current slice
2026-10-10 01:38:54 | WARNING | akquant.execution.simulated | Deferred same-cycle order until cross-symbol reduce-first orders finish in current slice
2026-10-10 01:38:54 | WARNING | akquant.execution.simulated | Deferred same-cycle order until cross-symbol reduce-first orders finish in current slice
2026-10-10 01:38:54 | WARNING | akquant.execution.simulated | Deferred same-cycle order until cross-symbol reduce-first orders finish in current slice
2026-10-10 01:38:54 | WARNING | akquant.execution.simulated | Deferred same-cycle order until cross-symbol reduce-first orders finish in current slice
2026-10-10 01:38:54 | WARNING | akquant.execution.simulated | Rejected order: Risk: Insufficient available position for 600999.SH at execution. Available: 464999.99999999998279154311812, Required: 465000
2026-10-10 01:38:54 | WARNING | akquant.execution.simulated | Deferred same-cycle order until cross-symbol reduce-first orders finish in current slice
2026-10-10 01:38:54 | WARNING | akquant.execution.simulated | Rejected order due to insufficient margin during execution. Required: 6052007.171210000000000000000, Available: 4723428.137032215550971914118
2026-10-10 01:38:55 | INFO | akquant.strategy | [2025-07-17 00:00:00] rebalance 2025-07-17: 10 stocks
2026-10-10 01:38:55 | WARNING | akquant.execution.simulated | Deferred same-cycle order until cross-symbol reduce-first orders finish in current slice
2026-10-10 01:38:55 | WARNING | akquant.execution.simulated | Deferred same-cycle order until cross-symbol reduce-first orders finish in current slice
2026-10-10 01:38:55 | WARNING | akquant.execution.simulated | Deferred same-cycle order until cross-symbol reduce-first orders finish in current slice
2026-10-10 01:38:55 | WARNING | akquant.execution.simulated | Deferred same-cycle order until cross-symbol reduce-first orders finish in current slice
2026-10-10 01:38:55 | WARNING | akquant.execution.simulated | Deferred same-cycle order until cross-symbol reduce-first orders finish in current slice
2026-10-10 01:38:55 | WARNING | akquant.execution.simulated | Deferred same-cycle order until cross-symbol reduce-first orders finish in current slice
2026-10-10 01:38:55 | WARNING | akquant.execution.simulated | Rejected order: Risk: Insufficient available position for 600999.SH at execution. Available: 464999.99999999998279154311812, Required: 465000
2026-10-10 01:38:55 | WARNING | akquant.execution.simulated | Rejected order due to insufficient margin during execution. Required: 6533972.362417500000000000000, Available: 4884807.946457215920477604398
2026-10-10 01:38:55 | WARNING | akquant.execution.simulated | Rejected order: Risk: Insufficient available position for 300308.SZ at execution. Available: 36700.000000000003737454790065, Required: 36700.000000000007275957614177
2026-10-10 01:38:55 | INFO | akquant.strategy | [2025-08-14 00:00:00] rebalance 2025-08-14: 10 stocks
2026-10-10 01:38:55 | WARNING | akquant.execution.simulated | Deferred same-cycle order until cross-symbol reduce-first orders finish in current slice
2026-10-10 01:38:55 | WARNING | akquant.execution.simulated | Deferred same-cycle order until cross-symbol reduce-first orders finish in current slice
2026-10-10 01:38:55 | WARNING | akquant.execution.simulated | Deferred same-cycle order until cross-symbol reduce-first orders finish in current slice
2026-10-10 01:38:55 | WARNING | akquant.execution.simulated | Deferred same-cycle order until cross-symbol reduce-first orders finish in current slice
2026-10-10 01:38:55 | WARNING | akquant.execution.simulated | Deferred same-cycle order until cross-symbol reduce-first orders finish in current slice
2026-10-10 01:38:55 | WARNING | akquant.execution.simulated | Rejected order: Risk: Insufficient available position for 600999.SH at execution. Available: 464999.99999999998279154311812, Required: 465000
2026-10-10 01:38:55 | WARNING | akquant.execution.simulated | Deferred same-cycle order until cross-symbol reduce-first orders finish in current slice
2026-10-10 01:38:55 | WARNING | akquant.execution.simulated | Deferred same-cycle order until cross-symbol reduce-first orders finish in current slice
2026-10-10 01:38:55 | WARNING | akquant.execution.simulated | Rejected order due to insufficient margin during execution. Required: 6761499.494750000000000000000, Available: 6197901.803681914153376500527
2026-10-10 01:38:55 | WARNING | akquant.execution.simulated | Rejected order: Risk: Insufficient available position for 300502.SZ at execution. Available: 30100.000000000002968292278621, Required: 30100.000000000003637978807082
2026-10-10 01:38:56 | INFO | akquant.strategy | [2025-09-11 00:00:00] rebalance 2025-09-11: 10 stocks
2026-10-10 01:38:56 | WARNING | akquant.execution.simulated | Deferred same-cycle order until cross-symbol reduce-first orders finish in current slice
2026-10-10 01:38:56 | WARNING | akquant.execution.simulated | Deferred same-cycle order until cross-symbol reduce-first orders finish in current slice
2026-10-10 01:38:56 | WARNING | akquant.execution.simulated | Deferred same-cycle order until cross-symbol reduce-first orders finish in current slice
2026-10-10 01:38:56 | WARNING | akquant.execution.simulated | Deferred same-cycle order until cross-symbol reduce-first orders finish in current slice
2026-10-10 01:38:56 | WARNING | akquant.execution.simulated | Rejected order: Risk: Insufficient available position for 600999.SH at execution. Available: 464999.99999999998279154311812, Required: 465000
2026-10-10 01:38:56 | WARNING | akquant.execution.simulated | Rejected order: Risk: Insufficient available position for 300394.SZ at execution. Available: 45500.00000000000504662978069, Required: 45500.000000000007275957614175
2026-10-10 01:38:57 | INFO | akquant.strategy | [2025-10-17 00:00:00] rebalance 2025-10-17: 10 stocks
2026-10-10 01:38:57 | WARNING | akquant.execution.simulated | Deferred same-cycle order until cross-symbol reduce-first orders finish in current slice
2026-10-10 01:38:57 | WARNING | akquant.execution.simulated | Deferred same-cycle order until cross-symbol reduce-first orders finish in current slice
2026-10-10 01:38:57 | WARNING | akquant.execution.simulated | Deferred same-cycle order until cross-symbol reduce-first orders finish in current slice
2026-10-10 01:38:57 | WARNING | akquant.execution.simulated | Deferred same-cycle order until cross-symbol reduce-first orders finish in current slice
2026-10-10 01:38:57 | WARNING | akquant.execution.simulated | Deferred same-cycle order until cross-symbol reduce-first orders finish in current slice
2026-10-10 01:38:57 | WARNING | akquant.execution.simulated | Deferred same-cycle order until cross-symbol reduce-first orders finish in current slice
2026-10-10 01:38:57 | WARNING | akquant.execution.simulated | Deferred same-cycle order until cross-symbol reduce-first orders finish in current slice
2026-10-10 01:38:57 | WARNING | akquant.execution.simulated | Deferred same-cycle order until cross-symbol reduce-first orders finish in current slice
2026-10-10 01:38:57 | WARNING | akquant.execution.simulated | Rejected order: Risk: Insufficient available position for 600999.SH at execution. Available: 464999.99999999998279154311812, Required: 465000
2026-10-10 01:38:57 | WARNING | akquant.execution.simulated | Rejected order due to insufficient margin during execution. Required: 8385925.18764000000000000000, Available: 8039090.78522941585941416619
2026-10-10 01:38:57 | INFO | akquant.strategy | [2025-11-14 00:00:00] rebalance 2025-11-14: 10 stocks
2026-10-10 01:38:57 | WARNING | akquant.execution.simulated | Deferred same-cycle order until cross-symbol reduce-first orders finish in current slice
2026-10-10 01:38:57 | WARNING | akquant.execution.simulated | Deferred same-cycle order until cross-symbol reduce-first orders finish in current slice
2026-10-10 01:38:57 | WARNING | akquant.execution.simulated | Deferred same-cycle order until cross-symbol reduce-first orders finish in current slice
2026-10-10 01:38:57 | WARNING | akquant.execution.simulated | Deferred same-cycle order until cross-symbol reduce-first orders finish in current slice
2026-10-10 01:38:57 | WARNING | akquant.execution.simulated | Deferred same-cycle order until cross-symbol reduce-first orders finish in current slice
2026-10-10 01:38:57 | WARNING | akquant.execution.simulated | Deferred same-cycle order until cross-symbol reduce-first orders finish in current slice
2026-10-10 01:38:57 | WARNING | akquant.execution.simulated | Deferred same-cycle order until cross-symbol reduce-first orders finish in current slice
2026-10-10 01:38:57 | WARNING | akquant.execution.simulated | Rejected order: Risk: Insufficient available position for 600999.SH at execution. Available: 464999.99999999998279154311812, Required: 465000
2026-10-10 01:38:57 | WARNING | akquant.execution.simulated | Deferred same-cycle order until cross-symbol reduce-first orders finish in current slice
2026-10-10 01:38:57 | WARNING | akquant.execution.simulated | Deferred same-cycle order until cross-symbol reduce-first orders finish in current slice
2026-10-10 01:38:57 | WARNING | akquant.execution.simulated | Rejected order: Risk: Insufficient available position for 300394.SZ at execution. Available: 55500.00000000000504662978069, Required: 55500.000000000007275957614165
2026-10-10 01:38:58 | INFO | akquant.strategy | [2025-12-12 00:00:00] rebalance 2025-12-12: 10 stocks
2026-10-10 01:38:58 | WARNING | akquant.execution.simulated | Deferred same-cycle order until cross-symbol reduce-first orders finish in current slice
2026-10-10 01:38:58 | WARNING | akquant.execution.simulated | Deferred same-cycle order until cross-symbol reduce-first orders finish in current slice
2026-10-10 01:38:58 | WARNING | akquant.execution.simulated | Deferred same-cycle order until cross-symbol reduce-first orders finish in current slice
2026-10-10 01:38:58 | WARNING | akquant.execution.simulated | Deferred same-cycle order until cross-symbol reduce-first orders finish in current slice
2026-10-10 01:38:58 | WARNING | akquant.execution.simulated | Deferred same-cycle order until cross-symbol reduce-first orders finish in current slice
2026-10-10 01:38:58 | WARNING | akquant.execution.simulated | Deferred same-cycle order until cross-symbol reduce-first orders finish in current slice
2026-10-10 01:38:58 | WARNING | akquant.execution.simulated | Deferred same-cycle order until cross-symbol reduce-first orders finish in current slice
2026-10-10 01:38:58 | WARNING | akquant.execution.simulated | Rejected order: Risk: Insufficient available position for 600999.SH at execution. Available: 464999.99999999998279154311812, Required: 465000
[01:38:58] finished in 93.1s
[01:38:59]   [PASS] trades_exist: 1559
[01:38:59]   [PASS] orders_exist: 3049
[01:38:59]   [PASS] orders_both_sides: {'OrderSide.Sell': 1571, 'OrderSide.Buy': 1478}
[01:38:59]   [FAIL] orders_rejected_classified: filled=2818, rejected=222, suspension=59, margin=76
[01:38:59]   [PASS] buy_qty_lot_multiple: n_buys=1478
[01:38:59]   [PASS] sell_odd_lots_info: odd_sells=28/1571 (split residues)
[01:38:59]   [PASS] nav_bounded: last=2025-12-31
[01:38:59]   [PASS] rebalance_dates_in_window: 194
[01:38:59]   [PASS] trade_pnl_identity: diff=-0.000000
[01:38:59]   [PASS] mdd_recomputed: -0.633121
[01:38:59]   [PASS] holding_cap_21bars: pct_20_22=0.883 median=20.0 n_le_1=93
[01:38:59] saved=evidence/audit_lookahead_20261010/sims/V14_10
