date,value
2010-01-04,100000000.0
2010-01-05,100814362.2876675
2010-01-06,100372314.2876675
2010-01-07,98506976.2876675
2010-01-08,98867279.2876675
2010-01-11,99996807.2876675
2010-01-12,101015655.8194175
2010-01-13,100349673.2794
2010-01-14,103226133.2794
2010-01-15,103002986.2794
2010-01-18,103238948.2794
2010-01-19,103939290.2607675
2010-01-20,99761237.7259575
2010-01-21,99416903.7259575
2010-01-22,97561596.7259575
2010-01-25,96883934.7259575
2010-01-26,94175324.761475
2010-01-27,93861471.469435
2010-01-28,95087248.469435
2010-01-29,95651766.469435
2010-02-01,95085519.469435
2010-02-02,95035789.1732325
2010-02-03,94018530.9544925
2010-02-04,94105599.9544925
2010-02-05,93545540.9544925
2010-02-08,93324113.9544925
2010-02-09,94486931.9451625
2010-02-10,96738445.2385025
2010-02-11,97223446.2385025
2010-02-12,98689425.2385025
2010-02-22,98198861.2385025
2010-02-23,98531684.058815
2010-02-24,100353570.2247925
2010-02-25,101029227.2247925
2010-02-26,100394782.2247925
2010-03-01,100606451.2247925
2010-03-02,100657987.9226775
2010-03-03,101255077.52072
2010-03-04,98215351.52072
2010-03-05,98096103.52072
2010-03-08,98793649.52072
2010-03-09,98448806.15514
2010-03-10,96952250.686755
2010-03-11,97688503.686755
2010-03-12,95786360.686755
2010-03-15,94901678.686755
2010-03-16,95663902.78246
2010-03-17,97785424.4201975
2010-03-18,97906843.4201975
2010-03-19,98344708.4201975
2010-03-22,98992355.4201975
2010-03-23,99716036.5401125
2010-03-24,99984682.1367225
2010-03-25,98126483.1367225
2010-03-26,99741421.1367225
2010-03-29,100223694.13672252
2010-03-30,100628531.8937225
2010-03-31,102341123.0031175
2010-04-01,103965593.00311749
2010-04-02,103933469.0031175
2010-04-06,104185233.00311752
2010-04-07,104124238.03166498
2010-04-08,104820724.3272575
2010-04-09,107523749.32725751
2010-04-12,108854375.3272575
2010-04-13,105920594.3272575
2010-04-14,106592909.65103
2010-04-15,104239918.23397249
2010-04-16,105287701.23397252
2010-04-19,102416603.2339725
2010-04-20,105086290.2339725
2010-04-21,107469927.0831875
2010-04-22,109190008.49095
2010-04-23,108058223.49095
2010-04-26,107817291.49095
2010-04-27,106651262.49095
2010-04-28,106213849.423945
2010-04-29,103553929.80857499
2010-04-30,102538973.808575
2010-05-04,103661430.808575
2010-05-05,107124734.80857499
2010-05-06,106168862.737315
2010-05-07,104960958.95799
2010-05-10,100212704.95798999
2010-05-11,98778738.95799
2010-05-12,94603139.95799
2010-05-13,98011831.2387625
2010-05-14,99344128.709335
2010-05-17,95556290.709335
2010-05-18,97045211.709335
2010-05-19,98444761.709335
2010-05-20,97464179.854795
2010-05-21,99490629.41741249
2010-05-24,103167064.4174125
2010-05-25,103305142.4174125
2010-05-26,102805777.4174125
2010-05-27,104269982.4569175
2010-05-28,105892343.787405
2010-05-31,103374181.787405
2010-06-01,103174124.78740501
2010-06-02,102901515.787405
2010-06-03,103841200.15995999
2010-06-04,103819371.79536
2010-06-07,105060927.79535998
2010-06-08,106030665.79536
2010-06-09,108309328.79536001
2010-06-10,107949340.80887
2010-06-11,106616479.44953
2010-06-17,104241510.44953
2010-06-18,100639665.44953
2010-06-21,101196918.44953002
2010-06-22,101208934.92581
2010-06-23,101417179.4441325
2010-06-24,101113177.44413249
2010-06-25,99091331.4441325
2010-06-28,98000298.4441325
2010-06-29,94475009.993775
2010-06-30,93846501.1761525
2010-07-01,93505674.1761525
2010-07-02,91801645.1761525
2010-07-05,92186445.1761525
2010-07-06,93132329.4891725
2010-07-07,96019711.8473825
2010-07-08,95873108.8473825
2010-07-09,98722152.8473825
2010-07-12,98537193.0473825
2010-07-13,97661370.3973725
2010-07-14,97513525.10635
2010-07-15,95258049.30635001
2010-07-16,95533184.30635001
2010-07-19,96862524.90635
2010-07-20,98675531.684205
2010-07-21,99374273.2862375
2010-07-22,100720763.28623748
2010-07-23,101199374.6862375
2010-07-26,103272454.6862375
2010-07-27,103363552.4999575
2010-07-28,105318049.32388498
2010-07-29,105630729.52388501
2010-07-30,105933810.723885
2010-08-02,107635461.323885
2010-08-03,106563452.191525
2010-08-04,105673979.35467002
2010-08-05,104774451.35467002
2010-08-06,107305791.15467001
2010-08-09,108041820.15467
2010-08-10,105685928.04485498
2010-08-11,107270357.74666251
2010-08-12,106816789.74666248
2010-08-13,108391847.74666251
2010-08-16,110606113.94666249
2010-08-17,111454052.832785
2010-08-18,111905211.967185
2010-08-19,112006925.167185
2010-08-20,109702808.367185
2010-08-23,110135403.16718501
2010-08-24,110368433.2635475
2010-08-25,108352836.5806175
2010-08-26,108693786.3806175
2010-08-27,109745203.6806175
2010-08-30,113776577.58061749
2010-08-31,113822116.51489748
2010-09-01,113751374.53437749
2010-09-02,116828433.5343775
2010-09-03,116951773.63437751
2010-09-06,116715466.8343775
2010-09-07,117535132.52537498
2010-09-08,119910779.00429502
2010-09-09,118502747.404295
2010-09-10,120083898.20429498
2010-09-13,122150568.804295
2010-09-14,122425606.164895
2010-09-15,120244329.587
2010-09-16,118200688.78699999
2010-09-17,119017325.487
2010-09-20,118242318.087
2010-09-21,118080935.38805251
2010-09-27,122683164.59625502
2010-09-28,126344784.396255
2010-09-29,125822056.396255
2010-09-30,129479504.496255
2010-10-08,131554054.3255875
2010-10-11,128981506.901345
2010-10-12,128250808.001345
2010-10-13,127722440.001345
2010-10-14,125675204.701345
2010-10-15,127128988.19762
2010-10-18,125196325.07862999
2010-10-19,128592334.77863
2010-10-20,131342598.77863
2010-10-21,132411246.47863002
2010-10-22,133528939.983125
2010-10-25,138083050.226585
2010-10-26,138966393.226585
2010-10-27,139858960.926585
2010-10-28,141395463.426585
2010-10-29,143673552.1436425
2010-11-01,147000202.8283775
2010-11-02,146950393.1283775
2010-11-03,143092432.7283775
2010-11-04,145030225.9283775
2010-11-05,145107073.478035
2010-11-08,145317009.6658875
2010-11-09,145096864.4658875
2010-11-10,145016848.5658875
2010-11-11,144642742.3658875
2010-11-12,134886177.3958075
2010-11-15,133649607.0408425
2010-11-16,125198448.34084252
2010-11-17,121354127.2408425
2010-11-18,124002056.3408425
2010-11-19,126174585.4819375
2010-11-22,127047015.7115625
2010-11-23,124283964.8115625
2010-11-24,127496410.2115625
2010-11-25,128654347.2115625
2010-11-26,128016894.623085
2010-11-29,129001095.917795
2010-11-30,127921870.417795
2010-12-01,127434289.517795
2010-12-02,127962512.21779498
2010-12-03,126160585.57997498
2010-12-06,122159814.235235
2010-12-07,124000557.135235
2010-12-08,123687442.535235
2010-12-09,121246068.035235
2010-12-10,121648617.4763175
2010-12-13,124054714.3519775
2010-12-14,124487384.2519775
2010-12-15,124334389.5519775
2010-12-16,124280309.1519775
2010-12-17,123101691.23524998
2010-12-20,120074333.80360502
2010-12-21,119788250.303605
2010-12-22,117700136.003605
2010-12-23,117164955.303605
2010-12-24,115928860.8162775
2010-12-27,113932982.91344
2010-12-28,112372360.31344
2010-12-29,114679883.11343999
2010-12-30,115431372.61344
2010-12-31,116289451.7735725
2011-01-04,120369579.7793775
2011-01-05,120612785.4793775
2011-01-06,118786706.0793775
2011-01-07,115820131.77937752
2011-01-10,113641350.531755
2011-01-11,112177759.082915
2011-01-12,111088799.78291498
2011-01-13,110911836.582915
2011-01-14,107828512.082915
2011-01-17,104939859.46997498
2011-01-18,104706105.39418748
2011-01-19,107941183.0941875
2011-01-20,104189540.9941875
2011-01-21,103909419.6941875
2011-01-24,102381270.621145
2011-01-25,101423587.92694251
2011-01-26,102982972.0269425
2011-01-27,104635886.0269425
2011-01-28,106083988.92694248
2011-01-31,106919653.642495
2011-02-01,107823973.6843875
2011-02-09,107010050.7843875
2011-02-10,107712159.7843875
2011-02-11,108164718.38438751
2011-02-14,110932388.3934325
2011-02-15,111377662.0478575
2011-02-16,111803236.94785748
2011-02-17,111481994.8478575
2011-02-18,111142741.3478575
2011-02-21,112887462.83999498
2011-02-22,110198172.42272002
2011-02-23,110856361.02271998
2011-02-24,111183992.22272
2011-02-25,109838820.02272
2011-02-28,109741977.130805
2011-03-01,109886825.70785
2011-03-02,109849132.10785002
2011-03-03,109945181.30785
2011-03-04,111034825.60785002
2011-03-07,111613140.40512
2011-03-08,111724825.09111
2011-03-09,112057973.49111
2011-03-10,111019260.19111
2011-03-11,109940969.99111
2011-03-14,109362904.0859775
2011-03-15,107912750.966535
2011-03-16,108683432.466535
2011-03-17,107637804.86653498
2011-03-18,108023466.766535
2011-03-21,108139956.86458752
2011-03-22,108823579.9642175
2011-03-23,109450812.9642175
2011-03-24,109018192.7642175
2011-03-25,110102097.9642175
2011-03-28,110227900.24360752
2011-03-29,108852813.9916675
2011-03-30,108357636.59166752
2011-03-31,107221727.69166751
2011-04-01,108110169.49166751
2011-04-06,108282266.01686
2011-04-07,108554825.94102
2011-04-08,109571214.94102
2011-04-11,109160702.64102
2011-04-12,109794052.74102
2011-04-13,110704873.0072925
2011-04-14,110074514.82736751
2011-04-15,109595472.3273675
2011-04-18,110164204.4273675
2011-04-19,108705183.02736749
2011-04-20,108784930.97190252
2011-04-21,109506941.2863175
2011-04-22,109654791.2863175
2011-04-25,108242569.7863175
2011-04-26,107131679.0863175
2011-04-27,106696647.94826
2011-04-28,103572304.04416
2011-04-29,104411724.14416002
2011-05-03,104950493.64416
2011-05-04,103904245.64416
2011-05-05,103431063.2293
2011-05-06,104702411.94104248
2011-05-09,106492122.2410425
2011-05-10,106729981.54104252
2011-05-11,106600094.8410425
2011-05-12,105171719.3039475
2011-05-13,105725776.7531525
2011-05-16,104902550.65315248
2011-05-17,105591083.1531525
2011-05-18,105250315.5531525
2011-05-19,104699610.47854748
2011-05-20,103970408.37704252
2011-05-23,101058634.77704252
2011-05-24,100767986.8770425
2011-05-25,100426350.9770425
2011-05-26,99675680.60930002
2011-05-27,97883172.95585251
2011-05-30,97354204.7558525
2011-05-31,98633101.7558525
2011-06-01,99236819.5558525
2011-06-02,98030498.1560175
2011-06-03,98644586.7576
2011-06-07,99124313.45759998
2011-06-08,100225679.55759999
2011-06-09,98419550.8576
2011-06-10,97847960.87558
2011-06-13,98141747.7229225
2011-06-14,99106684.3829225
2011-06-15,98245582.0029225
2011-06-16,96974091.7229225
2011-06-17,96382262.51957001
2011-06-20,95357685.13858001
2011-06-21,95709902.03858
2011-06-22,95770342.69858
2011-06-23,97168836.99858001
2011-06-24,98996646.1560875
2011-06-27,99359908.14298251
2011-06-28,99368664.4029825
2011-06-29,98718880.44298251
2011-06-30,99196691.98298252
2011-07-01,98610295.47058001
2011-07-04,99729866.251185
2011-07-05,99722898.151185
2011-07-06,99174428.971185
2011-07-07,98643487.691185
2011-07-08,98901986.99934751
2011-07-11,98708098.3998675
2011-07-12,96894510.5398675
2011-07-13,97895656.4798675
2011-07-14,98597563.9998675
2011-07-15,98492625.13062
2011-07-18,98355194.59880501
2011-07-19,97686034.978805
2011-07-20,97585760.548805
2011-07-21,96830089.92880501
2011-07-22,96914761.57806
2011-07-25,93848144.45795001
2011-07-26,93986843.96795
2011-07-27,94276098.16795
2011-07-28,94055846.35795
2011-07-29,94138162.22369
2011-08-01,94171113.38049
2011-08-02,93379524.17049
2011-08-03,93106333.43049
2011-08-04,93062803.54049
2011-08-05,91158264.51206501
2011-08-08,88143089.92969
2011-08-09,87650859.54969001
2011-08-10,88300021.48969
2011-08-11,89036016.16969
2011-08-12,89452373.3839975
2011-08-15,90414758.212665
2011-08-16,89508950.58266501
2011-08-17,89422742.612665
2011-08-18,88159021.592665
2011-08-19,87129405.2074375
2011-08-22,86310124.945995
2011-08-23,87779890.73599501
2011-08-24,87673852.48599501
2011-08-25,90064668.415995
2011-08-26,89712714.81136751
2011-08-29,88385823.7281625
2011-08-30,88069112.05816251
2011-08-31,88047459.94816251
2011-09-01,87762923.9581625
2011-09-02,87022178.91584
2011-09-05,85370612.450745
2011-09-06,85391095.30074501
2011-09-07,87160145.140745
2011-09-08,86291068.69074501
2011-09-09,86541767.05703
2011-09-13,86063293.55897
2011-09-14,87012760.85897
2011-09-15,86546053.28897001
2011-09-16,86665267.22897
2011-09-19,85477354.6500925
2011-09-20,85231479.55479
2011-09-21,87801001.74479
2011-09-22,85598094.36479001
2011-09-23,85775795.86479001
2011-09-26,84571667.69074251
2011-09-27,84745855.711925
2011-09-28,83977599.771925
2011-09-29,83355962.56192501
2011-09-30,83143120.541925
2011-10-10,82467693.1737675
2011-10-11,83017335.9330475
2011-10-12,85919635.89304751
2011-10-13,86685551.14304751
2011-10-14,86772261.9530475
2011-10-17,86722529.3324025
2011-10-18,84619339.81978
2011-10-19,84954938.17978
2011-10-20,83608916.80978
2011-10-21,83308853.82978
2011-10-24,84766427.17678
2011-10-25,86299971.04941
2011-10-26,87251081.11941001
2011-10-27,87362983.43941
2011-10-28,88321552.79941
2011-10-31,88242538.50766501
2011-11-01,87716145.47923501
2011-11-02,89184611.569235
2011-11-03,89356997.409235
2011-11-04,89525952.309235
2011-11-07,88670571.467005
2011-11-08,88482291.27098
2011-11-09,89099393.01098001
2011-11-10,87558725.27098
2011-11-11,87320215.67098
2011-11-14,88659439.78574
2011-11-15,89206980.78950751
2011-11-16,87143158.4695075
2011-11-17,86882347.92950751
2011-11-18,85936423.6995075
2011-11-21,85888630.11324
2011-11-22,85553022.80937001
2011-11-23,84648241.40937
2011-11-24,84499668.95937
2011-11-25,84007522.96937001
2011-11-28,84125128.4049775
2011-11-29,84842553.56577751
2011-11-30,81300374.4657775
2011-12-01,82759295.00577751
2011-12-02,81682004.6557775
2011-12-05,80692918.5948625
2011-12-06,80705713.127
2011-12-07,80809143.377
2011-12-08,81244101.71700001
2011-12-09,80552598.60700001
2011-12-12,80003973.875825
2011-12-13,78443903.59580751
2011-12-14,77665047.87580751
2011-12-15,76426759.5058075
2011-12-16,77706225.6658075
2011-12-19,77016196.064435
2011-12-20,76473544.24534501
2011-12-21,75778839.40534501
2011-12-22,75307877.345345
2011-12-23,75918121.285345
2011-12-26,75568759.87552251
2011-12-27,75112599.09222001
2011-12-28,75928055.86222
2011-12-29,75424335.66222
2011-12-30,76127370.63222
2012-01-04,75081857.52725
2012-01-05,73359085.2446925
2012-01-06,74531363.2346925
2012-01-09,76615815.8446925
2012-01-10,78694802.5946925
2012-01-11,78394956.7140125
2012-01-12,78348013.259595
2012-01-13,77527190.219595
2012-01-16,77691330.28959501
2012-01-17,81586534.23959501
2012-01-18,81209024.13275251
2012-01-19,81675084.76996501
2012-01-20,82187465.899965
2012-01-30,81008478.43996501
2012-01-31,81371650.129965
2012-02-01,80540529.85131751
2012-02-02,82422226.58571501
2012-02-03,83750981.97571501
2012-02-06,84233340.845715
2012-02-07,82348938.125715
2012-02-08,83961630.372295
2012-02-09,83780579.916855
2012-02-10,84118221.61685501
2012-02-13,84009175.546855
2012-02-14,83765672.11685501
2012-02-15,84380337.4823225
2012-02-16,84515313.49769251
2012-02-17,84745725.3176925
2012-02-20,84797821.9876925
2012-02-21,85230600.4576925
2012-02-22,85596001.14550251
2012-02-23,85950672.59735501
2012-02-24,86768314.48735501
2012-02-27,87176731.087355
2012-02-28,87585081.917355
2012-02-29,86540416.558135
2012-03-01,86342673.06996751
2012-03-02,87393235.40996751
2012-03-05,86902347.40996751
2012-03-06,85789118.2299675
2012-03-07,85409078.80675
2012-03-08,85683425.4658675
2012-03-09,86062356.14586751
2012-03-12,85581917.08586751
2012-03-13,86092373.7758675
2012-03-14,85433507.60374251
2012-03-15,84263133.30742751
2012-03-16,84890567.83742751
2012-03-19,84624377.27742751
2012-03-20,84244488.7974275
2012-03-21,84039741.1896875
2012-03-22,84027354.10434
2012-03-23,83519009.80434
2012-03-26,83701606.03434001
2012-03-27,83902307.86434
2012-03-28,82786177.74663001
2012-03-29,81118429.1644725
2012-03-30,81801458.4444725
2012-04-05,82774895.84447251
2012-04-06,82570147.4044725
2012-04-09,81995304.886775
2012-04-10,82475280.2194425
2012-04-11,82307015.34944251
2012-04-12,83482626.98944251
2012-04-13,83678115.73944251
2012-04-16,83406635.98435001
2012-04-17,82476025.765695
2012-04-18,83893558.365695
2012-04-19,84168370.115695
2012-04-20,84969035.21569501
2012-04-23,84814521.82231
2012-04-24,85033544.6466725
2012-04-25,86097218.0166725
2012-04-26,85351688.4866725
2012-04-27,84654304.9466725
2012-05-02,85976803.33354251
2012-05-03,85729280.8269325
2012-05-04,85878935.5769325
2012-05-07,86638482.69693251
2012-05-08,87346404.4369325
2012-05-09,86367458.25494
2012-05-10,85518898.77399501
2012-05-11,85429975.483995
2012-05-14,84275745.82399501
2012-05-15,83588351.513995
2012-05-16,82431397.925565
2012-05-17,82973825.77814251
2012-05-18,81742520.9581425
2012-05-21,82055631.79814251
2012-05-22,82643837.52814251
2012-05-23,81974995.4162075
2012-05-24,81732673.1307375
2012-05-25,81965371.93073751
2012-05-28,82858628.04073751
2012-05-29,83370447.8307375
2012-05-30,83290770.70787
2012-05-31,82631433.31055
2012-06-01,82582362.82055001
2012-06-04,80411704.19055
2012-06-05,80256872.30055
2012-06-06,80256154.01947501
2012-06-07,79563958.96364501
2012-06-08,78840503.96364501
2012-06-11,79802357.833645
2012-06-12,79069508.203645
2012-06-13,80142478.9007975
2012-06-14,79704024.16512251
2012-06-15,80270916.88512251
2012-06-18,80193170.47512251
2012-06-19,79990538.3551225
2012-06-20,79966624.4747
2012-06-21,79031982.33604251
2012-06-25,78068566.7160425
2012-06-26,78131488.9660425
2012-06-27,77595840.8860425
2012-06-28,76940119.79794
2012-06-29,77033147.82326001
2012-07-02,76954645.25326
2012-07-03,77011428.04326001
2012-07-04,77352039.64326
2012-07-05,76574980.8609
2012-07-06,76464197.450825
2012-07-09,74783567.030825
2012-07-10,74169334.970825
2012-07-11,74429657.63082501
2012-07-12,74780868.58655751
2012-07-13,75566985.056865
2012-07-16,73508684.28686501
2012-07-17,73941004.326865
2012-07-18,74778430.996865
2012-07-19,75399248.0370125
2012-07-20,74902351.3166725
2012-07-23,73933781.6166725
2012-07-24,74356641.4766725
2012-07-25,74217340.0666725
2012-07-26,73911953.24117
2012-07-27,74069655.29039751
2012-07-30,72586064.21039751
2012-07-31,72144497.7803975
2012-08-01,73262400.4503975
2012-08-02,72977900.39855501
2012-08-03,73166939.27239251
2012-08-06,73619877.9023925
2012-08-07,73738658.7823925
2012-08-08,73863437.4823925
2012-08-09,73871012.9341225
2012-08-10,74082153.0511775
2012-08-13,73622570.8911775
2012-08-14,73457802.62117751
2012-08-15,72802933.5611775
2012-08-16,72578507.80829501
2012-08-17,72758792.99636501
2012-08-20,72772330.96636501
2012-08-21,72982085.29636501
2012-08-22,72431216.04636501
2012-08-23,72342721.09247501
2012-08-24,71698964.66515501
2012-08-27,70575316.795155
2012-08-28,71114513.745155
2012-08-29,70409373.19515501
2012-08-30,70770492.651685
2012-08-31,70785563.66291751
2012-09-03,71269768.4629175
2012-09-04,70372666.5329175
2012-09-05,70174884.5929175
2012-09-06,71012657.53946
2012-09-07,75340020.7511425
2012-09-10,75524545.3911425
2012-09-11,74708538.2211425
2012-09-12,75181052.63114251
2012-09-13,74256392.5662675
2012-09-14,74913075.2649925
2012-09-17,72427404.3149925
2012-09-18,71210199.41499251
2012-09-19,71799879.1149925
2012-09-20,70509085.78019
2012-09-21,70759371.40331
2012-09-24,70651463.45331001
2012-09-25,69881096.14331001
2012-09-26,68980895.23331
2012-09-27,70529701.54738
2012-09-28,71437490.90747
2012-10-08,71085720.27747001
2012-10-09,72506036.65747
2012-10-10,72873610.17747001
2012-10-11,72348988.23302251
2012-10-12,72211479.5326475
2012-10-15,71776032.82264751
2012-10-16,71927756.1626475
2012-10-17,72164956.6026475
2012-10-18,73182226.17891
2012-10-19,73286008.4938375
2012-10-22,73545684.14383751
2012-10-23,73144590.50383751
2012-10-24,73359554.9838375
2012-10-25,73060012.8367375
2012-10-26,71794110.38043751
2012-10-29,71762625.0304375
2012-10-30,71923511.6504375
2012-10-31,71989966.4004375
2012-11-01,72408601.16174
2012-11-02,73217219.3547825
2012-11-05,73229638.6547825
2012-11-06,72791943.66478251
2012-11-07,72786121.2347825
2012-11-08,71352852.70743251
2012-11-09,71006263.2070125
2012-11-12,71488358.91701251
2012-11-13,71257476.1270125
2012-11-14,71388771.35701251
2012-11-15,70505723.90644501
2012-11-16,69739503.8241525
2012-11-19,69863962.3041525
2012-11-20,69574301.3941525
2012-11-21,70146613.7741525
2012-11-22,69666188.7844225
2012-11-23,69864449.78965251
2012-11-26,68702804.5796525
2012-11-27,67194858.1596525
2012-11-28,66030590.639652506
2012-11-29,65917862.790935
2012-11-30,67180027.9005925
2012-12-03,66847966.010592505
2012-12-04,67471879.3605925
2012-12-05,69620912.32059251
2012-12-06,69578343.5015725
2012-12-07,70251622.33550501
2012-12-10,70934387.845505
2012-12-11,70390457.47550501
2012-12-12,70664442.575505
2012-12-13,70222315.72813751
2012-12-14,72983606.728635
2012-12-17,73297588.228635
2012-12-18,73484472.728635
2012-12-19,73436100.10863501
2012-12-20,73322368.6827725
2012-12-21,72710495.5543025
2012-12-24,72864882.1643025
2012-12-25,74729125.5843025
2012-12-26,74707231.40430251
2012-12-27,74376055.837145
2012-12-28,74746027.00846
2012-12-31,75642428.98846
2013-01-04,76006810.49846001
2013-01-07,76213294.54846
2013-01-08,76159568.208605
2013-01-09,75809974.1201975
2013-01-10,76450460.1401975
2013-01-11,74964074.5601975
2013-01-14,76640810.30019751
2013-01-15,76946310.6709425
2013-01-16,76855566.7371425
2013-01-17,75969503.5671425
2013-01-18,76638546.22714251
2013-01-21,77021671.6571425
2013-01-22,75996375.97413251
2013-01-23,75884019.81105751
2013-01-24,75501877.45105751
2013-01-25,75099635.3610575
2013-01-28,76402120.51105751
2013-01-29,76650784.644185
2013-01-30,76350843.975555
2013-01-31,76746447.71555501
2013-02-01,77695811.835555
2013-02-04,78040757.43555501
2013-02-05,79161145.16694501
2013-02-06,79564557.5649275
2013-02-07,79017210.5049275
2013-02-08,79622672.8949275
2013-02-18,79432029.8349275
2013-02-19,78155175.9356575
2013-02-20,78593465.04681751
2013-02-21,76447673.5368175
2013-02-22,76603040.9968175
2013-02-25,77543231.93681751
2013-02-26,75959601.743935
2013-02-27,76295788.3919225
2013-02-28,77625299.5519225
2013-03-01,77336907.8919225
2013-03-04,74322083.54192251
2013-03-05,75974375.38951
2013-03-06,77265801.12291001
2013-03-07,76505214.92291
2013-03-08,75873386.91291
2013-03-11,75590544.75291
2013-03-12,75312019.0745475
2013-03-13,73981848.2051875
2013-03-14,73979406.2451875
2013-03-15,74490701.91518751
2013-03-18,73165059.7451875
2013-03-19,73369667.8437525
2013-03-20,75473111.56539251
2013-03-21,75469608.40539251
2013-03-22,75326523.4453925
2013-03-25,75397760.23539251
2013-03-26,74339062.23683001
2013-03-27,74738783.63045001
2013-03-28,73670773.20045
2013-03-29,73722784.20045
2013-04-01,73288885.89045
2013-04-02,73522528.050025
2013-04-03,73514719.256795
2013-04-08,73055077.71679501
2013-04-09,73322892.316795
2013-04-10,74048076.98679501
2013-04-11,73772749.4252475
2013-04-12,72450273.75334501
2013-04-15,72567737.77334501
2013-04-16,72808244.75334501
2013-04-17,72901796.483345
2013-04-18,72336584.3724925
2013-04-19,73802944.14484751
2013-04-22,73628231.1248475
2013-04-23,71820938.3448475
2013-04-24,72488307.91484751
2013-04-25,72201868.13275251
2013-04-26,71118813.89713751
2013-05-02,70765636.76713751
2013-05-03,71724733.2971375
2013-05-06,72667108.53713751
2013-05-07,72853211.97717
2013-05-08,72903477.82429
2013-05-09,72448132.79429
2013-05-10,72986081.97429
2013-05-13,72762352.28429
2013-05-14,71836109.120605
2013-05-15,71811240.76024501
2013-05-16,72659045.820245
2013-05-17,73475130.360245
2013-05-20,73869199.050245
2013-05-21,73960269.22651
2013-05-22,73810624.75644751
2013-05-23,73284112.8864475
2013-05-24,73329420.2464475
2013-05-27,72909228.9464475
2013-05-28,73251000.783775
2013-05-29,73608740.08162001
2013-05-30,73570394.21162
2013-05-31,73147635.45162
2013-06-03,73212093.02162
2013-06-04,72600853.05177
2013-06-05,72394335.976895
2013-06-06,71704589.216895
2013-06-07,70702120.106895
2013-06-13,68851512.466895
2013-06-14,69173278.645565
2013-06-17,69566948.41046001
2013-06-18,69754540.65046
2013-06-19,69071135.81046
2013-06-20,67362398.81046
2013-06-21,67208541.8968675
2013-06-24,63846629.415325
2013-06-25,63472809.905325
2013-06-26,62883883.17532501
2013-06-27,62616366.59532501
2013-06-28,62721287.69427501
2013-07-01,63236499.274637505
2013-07-02,63343850.15463751
2013-07-03,62746200.994637504
2013-07-04,63357281.55463751
2013-07-05,63899571.258715004
2013-07-08,62583169.7581
2013-07-09,63045254.8281
2013-07-10,64055111.9381
2013-07-11,65611980.998100005
2013-07-12,64518260.3138175
2013-07-15,65092468.25677
2013-07-16,65189683.02677
2013-07-17,64807152.07677
2013-07-18,64161160.31677
2013-07-19,63427061.44318
2013-07-22,63276996.241845004
2013-07-23,64841499.131845005
2013-07-24,64332517.641845
2013-07-25,64482983.511845
2013-07-26,64136284.80009501
2013-07-29,63155542.31585249
2013-07-30,63448819.1658525
2013-07-31,63548459.9558525
2013-08-01,64394695.665852495
2013-08-02,64423318.888665006
2013-08-05,64927011.7777675
2013-08-06,64874937.19776751
2013-08-07,64529385.1977675
2013-08-08,64312064.5677675
2013-08-09,64414301.707625
2013-08-12,65841566.300340004
2013-08-13,66118250.95034
2013-08-14,65900288.080340005
2013-08-15,65614470.330340005
2013-08-16,65458516.91852
2013-08-19,65710309.6043075
2013-08-20,65120506.4943075
2013-08-21,64975973.3943075
2013-08-22,64675002.22430751
2013-08-23,64627722.455425
2013-08-26,65565834.9915475
2013-08-27,65763767.4515475
2013-08-28,67581342.1515475
2013-08-29,67004348.1815475
2013-08-30,67150603.66863
2013-09-02,66177357.8301125
2013-09-03,66365342.780112505
2013-09-04,66393525.810112506
2013-09-05,65972861.560112506
2013-09-06,66514727.1726175
2013-09-09,68984673.50134501
2013-09-10,70645791.261345
2013-09-11,73057066.331345
2013-09-12,73652721.991345
2013-09-13,73416618.48655
2013-09-16,73264045.5916625
2013-09-17,72066259.8316625
2013-09-18,72020394.6516625
2013-09-23,72784756.3416625
2013-09-24,72086105.3819375
2013-09-25,71795656.27108501
2013-09-26,70477688.971085
2013-09-27,70429269.861085
2013-09-30,70826973.331085
2013-10-08,71018880.825325
2013-10-09,71175272.7365625
2013-10-10,71381965.9565625
2013-10-11,72483664.6765625
2013-10-14,73128086.4765625
2013-10-15,72775573.08121501
2013-10-16,71200428.48175
2013-10-17,71166166.55175
2013-10-18,71099476.77175
2013-10-21,72123928.99175
2013-10-22,71560349.19498001
2013-10-23,70469932.99816251
2013-10-24,69883211.77816251
2013-10-25,68126835.9781625
2013-10-28,67774450.6581625
2013-10-29,66653960.962385006
2013-10-30,67435463.3897375
2013-10-31,67154475.5597375
2013-11-01,67598803.3297375
2013-11-04,67318768.59973751
2013-11-05,67163822.55455
2013-11-06,67571573.23108001
2013-11-07,66878455.761080004
2013-11-08,65538083.67108
2013-11-11,66545517.37108
2013-11-12,66756799.6018925
2013-11-13,66656323.66878001
2013-11-14,67378153.45878
2013-11-15,68182926.71878
2013-11-18,69619248.23878
2013-11-19,69365105.2172025
2013-11-20,69813268.01240501
2013-11-21,70027042.68240501
2013-11-22,69416855.772405
2013-11-25,69378237.382405
2013-11-26,69209934.83504501
2013-11-27,70072999.486815
2013-11-28,70300496.776815
2013-11-29,70857436.026815
2013-12-02,68406924.71681501
2013-12-03,69115112.95033251
2013-12-04,70476581.79219
2013-12-05,70126277.07219
2013-12-06,70140907.87219
2013-12-09,70621283.09219
2013-12-10,70579530.771395
2013-12-11,70252796.4822325
2013-12-12,70253687.31223251
2013-12-13,70026274.5722325
2013-12-16,68190752.6122325
2013-12-17,67880802.60211751
2013-12-18,67149882.6389675
2013-12-19,66575637.7389675
2013-12-20,65746059.1989675
2013-12-23,66002497.8089675
2013-12-24,66227461.9569675
2013-12-25,66510323.5210075
2013-12-26,65356234.7310075
2013-12-27,66306242.751007505
2013-12-30,66123883.751007505
2013-12-31,66056509.355005
2014-01-02,65814469.459025
2014-01-03,65110301.599025
2014-01-06,63783713.269025005
2014-01-07,64008597.74902501
2014-01-08,63698143.507850006
2014-01-09,63112921.55830251
2014-01-10,62560895.608302504
2014-01-13,62746374.1583025
2014-01-14,63457496.00830251
2014-01-15,63807541.8777675
2014-01-16,63983948.73071501
2014-01-17,62914280.350715004
2014-01-20,62348298.000715
2014-01-21,62854762.930715
2014-01-22,63706434.2405525
2014-01-23,63652920.81756
2014-01-24,64391092.10756001
2014-01-27,64648222.77756
2014-01-28,64882192.79756001
2014-01-29,64902136.115912504
2014-01-30,64093684.62131251
2014-02-07,64576252.4013125
2014-02-10,66409905.0713125
2014-02-11,66756711.241312504
2014-02-12,66606300.292160004
2014-02-13,66780350.6853
2014-02-14,67713454.0853
2014-02-17,68590419.6953
2014-02-18,67953991.0453
2014-02-19,68655517.4955775
2014-02-20,67761712.4659875
2014-02-21,66965326.26598749
2014-02-24,66408997.855987504
2014-02-25,64837716.4059875
2014-02-26,65085695.16319
2014-02-27,65756219.67408001
2014-02-28,66685063.974080004
2014-03-03,67420702.64408
2014-03-04,66520528.464080006
2014-03-05,66164896.811362505
2014-03-06,65403502.202530004
2014-03-07,65897021.132530004
2014-03-10,64913376.85253
2014-03-11,64862289.00253
2014-03-12,65151669.838630006
2014-03-13,65596031.326715
2014-03-14,65424840.95671501
2014-03-17,65601872.416715
2014-03-18,66581742.946715
2014-03-19,65918917.035367504
2014-03-20,65137414.114300005
2014-03-21,66931386.584300004
2014-03-24,67532713.8543
2014-03-25,67805330.9243
2014-03-26,67538734.45875001
2014-03-27,66870590.21822251
2014-03-28,65499352.828222506
2014-03-31,65509600.158222504
2014-04-01,66003069.8082225
2014-04-02,65726714.5164975
2014-04-03,65223099.7071375
2014-04-04,65375606.46713749
2014-04-08,66221070.3171375
2014-04-09,66119712.54713751
2014-04-10,66027071.5633625
2014-04-11,67341007.63432251
2014-04-14,67430147.8643225
2014-04-15,66155106.2343225
2014-04-16,66204126.044322506
2014-04-17,65995926.6319125
2014-04-18,65670946.5941075
2014-04-21,64265659.874107495
2014-04-22,64359445.28410751
2014-04-23,63840699.9841075
2014-04-24,63912912.384567514
2014-04-25,62647246.054855004
2014-04-28,61834545.754855014
2014-04-29,62568633.964855
2014-04-30,62851906.244855
2014-05-05,63203058.0688875
2014-05-06,63199179.58561
2014-05-07,62716367.19561
2014-05-08,62846080.77561
2014-05-09,62487685.51561
2014-05-12,63387637.2298775
2014-05-13,63363023.065249994
2014-05-14,63235661.17525
2014-05-15,62024505.18525
2014-05-16,61898225.77525
2014-05-19,61138155.361219995
2014-05-20,61257003.6237575
2014-05-21,62061971.373757504
2014-05-22,61660429.0937575
2014-05-23,62327482.18375751
2014-05-26,62900137.153647505
2014-05-27,62592647.848565005
2014-05-28,63415250.018565
2014-05-29,62635193.408565
2014-05-30,63285638.60856501
2014-06-03,63204037.74635501
2014-06-04,62159409.6888275
2014-06-05,62465180.39882751
2014-06-06,61907002.8488275
2014-06-09,61958818.988827504
2014-06-10,62259209.285155006
2014-06-11,62626975.7420725
2014-06-12,62777612.2020725
2014-06-13,63853030.3420725
2014-06-16,63978363.2120725
2014-06-17,63725457.889372505
2014-06-18,62928764.565762505
2014-06-19,61971032.4657625
2014-06-20,62264129.605762504
2014-06-23,62338448.3257625
2014-06-24,62348641.830655
2014-06-25,62259217.717020005
2014-06-26,62816214.01702
2014-06-27,62640049.72702001
2014-06-30,63095814.01702
2014-07-01,63094656.106385
2014-07-02,63558306.1282225
2014-07-03,63764483.478222504
2014-07-04,63892064.95822251
2014-07-07,63988846.1082225
2014-07-08,63903601.37743
2014-07-09,63107344.305515006
2014-07-10,62918719.045515
2014-07-11,63093942.635515004
2014-07-14,63788707.395515
2014-07-15,63715617.9346325
2014-07-16,63040223.248965
2014-07-17,63090089.458965
2014-07-18,63422372.858965
2014-07-21,63517246.578965
2014-07-22,64138146.443165004
2014-07-23,66065030.761842504
2014-07-24,67184311.99184251
2014-07-25,67441708.3918425
2014-07-28,67828232.6918425
2014-07-29,68165016.8437075
2014-07-30,67547699.1923475
2014-07-31,67938886.3123475
2014-08-01,67860459.2023475
2014-08-04,69828911.8123475
2014-08-05,69583262.44409001
2014-08-06,69261151.5013725
2014-08-07,68268709.82137251
2014-08-08,68410771.1213725
2014-08-11,69149172.1613725
2014-08-12,69487400.1736725
2014-08-13,69502048.3582475
2014-08-14,69208796.0982475
2014-08-15,69583994.8782475
2014-08-18,70593148.8882475
2014-08-19,70371749.94078751
2014-08-20,70367155.764105
2014-08-21,70200254.534105
2014-08-22,70593380.634105
2014-08-25,70330906.944105
2014-08-26,69589697.5135
2014-08-27,69821704.2317275
2014-08-28,68974705.59172751
2014-08-29,69628330.7617275
2014-09-01,70438565.5117275
2014-09-02,71122022.0181725
2014-09-03,72234400.420185
2014-09-04,72752101.900185
2014-09-05,73117234.070185
2014-09-09,72725638.55018501
2014-09-10,72466984.0530075
2014-09-11,72119433.057625
2014-09-12,72705547.707625
2014-09-15,73114279.217625
2014-09-16,72744646.307625
2014-09-17,73107835.112435
2014-09-18,73487336.4976725
2014-09-19,73553323.87767251
2014-09-22,72011769.1776725
2014-09-23,72548317.5376725
2014-09-24,73295255.567645
2014-09-25,73783839.51033251
2014-09-26,73890985.8603325
2014-09-29,74260950.1503325
2014-09-30,74390079.40033251
2014-10-08,74364620.6874775
2014-10-09,74752804.7308825
2014-10-10,74300786.7108825
2014-10-13,73994852.6908825
2014-10-14,73820299.8708825
2014-10-15,73846930.34539
2014-10-16,72925359.79705
2014-10-17,72474653.27705
2014-10-20,73070783.28705001
2014-10-21,72656201.01705
2014-10-22,72605346.4822225
2014-10-23,71469646.61415
2014-10-24,71178512.90415001
2014-10-27,70450622.84415
2014-10-28,72481892.33415
2014-10-29,73672410.4572525
2014-10-30,74907212.473425
2014-10-31,75045827.773425
2014-11-03,76630205.803425
2014-11-04,78716810.613425
2014-11-05,78298432.57971
2014-11-06,78395556.75039001
2014-11-07,77384665.93039
2014-11-10,78993186.94039
2014-11-11,78676588.01039
2014-11-12,79172223.10660501
2014-11-13,79628590.9213925
2014-11-14,78900502.5913925
2014-11-17,79102436.24139251
2014-11-18,79204544.6513925
2014-11-19,79123658.48393251
2014-11-20,78722051.4637225
2014-11-21,79305078.8637225
2014-11-24,80408694.2037225
2014-11-25,81871965.4337225
2014-11-26,82783917.162055
2014-11-27,82806039.45558
2014-11-28,83540912.02558
2014-12-01,83947494.27558
2014-12-02,84530143.90558
2014-12-03,85763393.41966
2014-12-04,88092452.24534
2014-12-05,87217830.77534
2014-12-08,90801241.65534
2014-12-09,87993906.48534
2014-12-10,89941317.4623575
2014-12-11,92874501.2762475
2014-12-12,93348677.45624751
2014-12-15,97980007.8862475
2014-12-16,100615384.9662475
2014-12-17,99885361.4178275
2014-12-18,101387192.24238251
2014-12-19,102453801.7223825
2014-12-22,97903093.7723825
2014-12-23,95417166.9523825
2014-12-24,97123065.465615
2014-12-25,99792846.4752375
2014-12-26,100838795.09523751
2014-12-29,101833923.47523749
2014-12-30,100834624.4152375
2014-12-31,99989879.9700575
2015-01-05,101671126.13088751
2015-01-06,102476114.6908875
2015-01-07,102641468.6108875
2015-01-08,102116225.76088752
2015-01-09,101674434.20103751
2015-01-12,100283774.9326075
2015-01-13,102379409.34260748
2015-01-14,102821863.3826075
2015-01-15,103168220.6026075
2015-01-16,103620707.71834002
2015-01-19,99867019.6451975
2015-01-20,102842651.0351975
2015-01-21,105246332.2651975
2015-01-22,106493552.2151975
2015-01-23,106946995.7154225
2015-01-26,107409247.609895
2015-01-27,108964724.349895
2015-01-28,106848399.65989502
2015-01-29,105243751.609895
2015-01-30,104231323.5841575
2015-02-02,102211729.4454575
2015-02-03,103357138.75545749
2015-02-04,103175169.27545749
2015-02-05,101801686.1354575
2015-02-06,100734737.6274925
2015-02-09,102478028.09116751
2015-02-10,104662911.21116751
2015-02-11,105054018.20116751
2015-02-12,105041338.77116752
2015-02-13,105774807.487815
2015-02-16,106781425.536975
2015-02-17,107060893.706975
2015-02-25,106239675.316975
2015-02-26,109778411.37697499
2015-02-27,109925697.72187
2015-03-02,111871548.42610502
2015-03-03,110572473.266105
2015-03-04,110082715.526105
2015-03-05,109153145.406105
2015-03-06,109109908.1776625
2015-03-09,111750549.55210501
2015-03-10,111087315.77210502
2015-03-11,112375875.492105
2015-03-12,114591202.902105
2015-03-13,115559190.52377
2015-03-16,116907060.54731001
2015-03-17,120661635.87731001
2015-03-18,123341937.50731
2015-03-19,122793272.38731001
2015-03-20,122936510.7931325
2015-03-23,124730675.63895251
2015-03-24,125119895.43895252
2015-03-25,124958299.4589525
2015-03-26,127514600.1989525
2015-03-27,127224855.38105251
2015-03-30,129452083.0017475
2015-03-31,128615313.7817475
2015-04-01,131652144.68174753
2015-04-02,132457215.4017475
2015-04-03,132467462.35194252
2015-04-07,135593042.799555
2015-04-08,135644872.439555
2015-04-09,133964258.519555
2015-04-10,137023850.719555
2015-04-13,139505186.6213
2015-04-14,140305996.616295
2015-04-15,139077696.376295
2015-04-16,144605156.406295
2015-04-17,148492174.846295
2015-04-20,148008220.9876375
2015-04-21,147474025.53741
2015-04-22,150965752.06741
2015-04-23,153603641.26741
2015-04-24,153984023.41741002
2015-04-27,155253016.1229475
2015-04-28,158167538.1457425
2015-04-29,158638772.9957425
2015-04-30,157208081.41574252
2015-05-04,155959136.0557425
2015-05-05,150503296.648975
2015-05-06,146475110.232725
2015-05-07,142471894.032725
2015-05-08,145939001.992725
2015-05-11,150233635.512725
2015-05-12,152546481.4011425
2015-05-13,149285226.964275
2015-05-14,150955374.424275
2015-05-15,148721422.774275
2015-05-18,146423138.514275
2015-05-19,148771450.6207375
2015-05-20,149561704.5438275
2015-05-21,151091365.6738275
2015-05-22,155586807.9438275
2015-05-25,161437633.2638275
2015-05-26,163424790.4110375
2015-05-27,164072592.035955
2015-05-28,152257853.285955
2015-05-29,151878886.525955
2015-06-01,158525012.265955
2015-06-02,157836387.10397
2015-06-03,158505775.520585
2015-06-04,159484770.41058502
2015-06-05,160413035.770585
2015-06-08,166777541.66058502
2015-06-09,167751508.65465
2015-06-10,166210244.0480225
2015-06-11,163817689.7380225
2015-06-12,163515705.1080225
2015-06-15,159210005.7680225
2015-06-16,155143161.9473925
2015-06-17,155742919.88093
2015-06-18,149263567.98093
2015-06-19,139848770.75093
2015-06-23,143535194.09093
2015-06-24,145108559.5776175
2015-06-25,143455859.468045
2015-06-26,133113624.648045
2015-06-29,127670059.588045
2015-06-30,135118274.878045
2015-07-01,129634456.89399001
2015-07-02,123282576.5089475
2015-07-03,117095847.3989475
2015-07-06,121458088.6989475
2015-07-07,121795055.96894749
2015-07-08,113803512.5607225
2015-07-09,121372583.0919725
2015-07-10,129345657.6819725
2015-07-13,132007559.71197249
2015-07-14,124918916.8119725
2015-07-15,119144053.11726749
2015-07-16,120014140.5386575
2015-07-17,126834378.32865752
2015-07-20,129243252.78865752
2015-07-21,131057611.51865752
2015-07-22,131915138.54029
2015-07-23,134785780.5507175
2015-07-24,133481741.0707175
2015-07-27,122679737.0407175
2015-07-28,119353081.17071751
2015-07-29,122780334.35092251
2015-07-30,118834773.20481001
2015-07-31,114618355.20481001
2015-08-03,108606071.22481
2015-08-04,114566398.15481
2015-08-05,114073638.5647675
2015-08-06,111750725.9623725
2015-08-07,114616052.45237252
2015-08-10,120308856.6123725
2015-08-11,119024412.2523725
2015-08-12,119873439.1960175
2015-08-13,121785430.10322002
2015-08-14,121831557.85322
2015-08-17,122103361.11322002
2015-08-18,116519854.86322
2015-08-19,115943736.123365
2015-08-20,112278319.503575
2015-08-21,108040852.653575
2015-08-24,99765189.33357501
2015-08-25,94419289.733575
2015-08-26,95540759.717655
2015-08-27,100481259.86734
2015-08-28,104450705.67734
2015-08-31,105408287.16733998
2015-09-01,104884094.42734
2015-09-02,104213260.85179752
2015-09-07,103113028.20442
2015-09-08,105819078.06442
2015-09-09,108664677.04442002
2015-09-10,107066047.60442002
2015-09-11,107121205.1227925
2015-09-14,105145237.81476
2015-09-15,101322018.75476
2015-09-16,106639935.27476001
2015-09-17,104859064.78476
2015-09-18,105447353.16339
2015-09-21,109432126.46235
2015-09-22,110225327.37235
2015-09-23,107972394.50235002
2015-09-24,109364211.70235
2015-09-25,105631666.92158748
2015-09-28,106207714.04759249
2015-09-29,104227420.1275925
2015-09-30,104694195.4075925
2015-10-08,108043675.29759249
2015-10-09,108952644.58204001
2015-10-12,114378736.45032251
2015-10-13,115916688.2203225
2015-10-14,114182882.5203225
2015-10-15,116426122.22032249
2015-10-16,117995154.83995001
2015-10-19,119052768.16059999
2015-10-20,120616310.84060001
2015-10-21,115022117.3206
2015-10-22,116537664.94060001
2015-10-23,116821650.39418751
2015-10-26,117132393.0871575
2015-10-27,116602159.5371575
2015-10-28,114587734.90715751
2015-10-29,114844934.4971575
2015-10-30,114282024.4423975
2015-11-02,112664676.90025751
2015-11-03,112389315.9902575
2015-11-04,115881859.51025751
2015-11-05,118097479.12025751
2015-11-06,119504457.68360002
2015-11-09,120737093.3515125
2015-11-10,121010745.55151252
2015-11-11,120588851.50151253
2015-11-12,119856838.41151251
2015-11-13,118636525.38771251
2015-11-16,118514465.7319875
2015-11-17,118900608.86198752
2015-11-18,116132815.15198751
2015-11-19,117490466.0519875
2015-11-20,117170705.0488075
2015-11-23,116053100.013205
2015-11-24,116795557.39320499
2015-11-25,117308969.73320502
2015-11-26,116605311.373205
2015-11-27,110318685.82817501
2015-11-30,109846997.60113001
2015-12-01,110155190.64113
2015-12-02,113509887.06113
2015-12-03,113391145.27113003
2015-12-04,111765707.37149501
2015-12-07,114162150.35827748
2015-12-08,115297596.5882775
2015-12-09,117147815.9982775
2015-12-10,118261838.02827749
2015-12-11,116998839.9581175
2015-12-14,119936980.81128502
2015-12-15,120227647.63128501
2015-12-16,121186609.38128501
2015-12-17,122793826.761285
2015-12-18,122729366.60705502
2015-12-21,124225363.72994
2015-12-22,125082793.38994
2015-12-23,123694298.79994002
2015-12-24,121988750.98993999
2015-12-25,122249982.1134825
2015-12-28,119861027.41066001
2015-12-29,121310561.03065999
2015-12-30,121379979.38066001
2015-12-31,120273850.50066
2016-01-04,114511946.04435001
2016-01-05,107755851.40579501
2016-01-06,109478382.35579503
2016-01-07,100870981.74579501
2016-01-08,102253749.005795
2016-01-11,96020389.732095
2016-01-12,96389017.30786501
2016-01-13,92418584.327865
2016-01-14,95599332.327865
2016-01-15,90746872.347865
2016-01-18,92111338.29713501
2016-01-19,95572914.38624501
2016-01-20,94989075.46624501
2016-01-21,92204028.806245
2016-01-22,93406765.536245
2016-01-25,93997828.85782501
2016-01-26,86557631.853025
2016-01-27,85757879.663025
2016-01-28,82409397.03302501
2016-01-29,85695730.69302501
2016-02-01,83785702.2398225
2016-02-02,86026271.15915
2016-02-03,86820360.41915001
2016-02-04,88851609.57915
2016-02-05,87878791.51915
2016-02-15,86519708.632175
2016-02-16,89895906.17795001
2016-02-17,91380921.18795
2016-02-18,91015650.55795
2016-02-19,92074633.56795001
2016-02-22,93048321.52508001
2016-02-23,92892373.41233
2016-02-24,92234644.44233
2016-02-25,87420808.97233
2016-02-26,88104304.79233001
2016-02-29,85538737.81130251
2016-03-01,87209574.8109625
2016-03-02,90276577.2609625
2016-03-03,90655809.0709625
2016-03-04,90971258.7909625
2016-03-07,91279607.04568501
2016-03-08,89196650.8570925
2016-03-09,85211019.2470925
2016-03-10,84846944.8270925
2016-03-11,85346699.18709251
2016-03-14,86110730.12587
2016-03-15,85963384.7064075
2016-03-16,85560540.74640751
2016-03-17,87412231.7664075
2016-03-18,89383337.2064075
2016-03-21,90592221.7887775
2016-03-22,90079463.77318001
2016-03-23,90731389.43318
2016-03-24,89507425.88318
2016-03-25,89679495.26318
2016-03-28,89240595.64398001
2016-03-29,88745142.70776251
2016-03-30,90048574.95776251
2016-03-31,89669751.20776251
2016-04-01,90750704.2777625
2016-04-05,91535767.51597
2016-04-06,92120501.72304751
2016-04-07,91067206.86304751
2016-04-08,90460173.9330475
2016-04-11,90565498.78304751
2016-04-12,90059751.89408751
2016-04-13,90420388.8565375
2016-04-14,90836252.1265375
2016-04-15,91405049.80653751
2016-04-18,90495465.72653751
2016-04-19,90557020.7174275
2016-04-20,86138653.5489925
2016-04-21,84244272.31899251
2016-04-22,85282588.7289925
2016-04-25,84300342.67899251
2016-04-26,85043695.89755
2016-04-27,85631510.76221001
2016-04-28,85738974.00221
2016-04-29,86138710.01221001
2016-05-03,88494855.79221001
2016-05-04,88371510.90975
2016-05-05,88866648.51773001
2016-05-06,85797139.96773
2016-05-09,82498778.34773001
2016-05-10,81569391.08773
2016-05-11,81660999.01327251
2016-05-12,83047669.418025
2016-05-13,82360762.428025
2016-05-16,83867263.678025
2016-05-17,83603557.37802501
2016-05-18,81803318.0531675
2016-05-19,81876072.82846251
2016-05-20,82666546.4784625
2016-05-23,84386469.1784625
2016-05-24,84039669.1184625
2016-05-25,83762672.37403251
2016-05-26,83424464.50332001
2016-05-27,82780519.73332001
2016-05-30,82397790.42332001
2016-05-31,86402012.15332
2016-06-01,86667676.32512
2016-06-02,88810176.724225
2016-06-03,89941166.154225
2016-06-06,91073584.284225
2016-06-07,92266129.174225
2016-06-08,92193354.459115
2016-06-13,89353870.41973251
2016-06-14,89994825.07973251
2016-06-15,94805479.0197325
2016-06-16,96364877.05973251
2016-06-17,96544992.608825
2016-06-20,96333445.9622225
2016-06-21,93772324.3347225
2016-06-22,95634314.3722225
2016-06-23,93124229.1947225
2016-06-24,92543388.6075
2016-06-27,93970078.57786751
2016-06-28,93354226.0668675
2016-06-29,95079270.6293675
2016-06-30,93997914.0758675
2016-07-01,94172002.4566475
2016-07-04,96273209.6456625
2016-07-05,96851181.07216251
2016-07-06,97592911.9326625
2016-07-07,98224074.1581625
2016-07-08,96743780.61325
2016-07-11,96939555.32761751
2016-07-12,98089934.95611751
2016-07-13,98533232.44011751
2016-07-14,98172757.6626175
2016-07-15,98325878.811635
2016-07-18,97227307.6664025
2016-07-19,96685764.85090251
2016-07-20,96718762.7764025
2016-07-21,96866974.33240251
2016-07-22,95539243.418555
2016-07-25,94576148.547725
2016-07-26,97522709.811725
2016-07-27,95424425.411225
2016-07-28,96576132.893225
2016-07-29,96434284.85125251
2016-08-01,94028006.75734
2016-08-02,93766751.82184
2016-08-03,94387407.75384
2016-08-04,95119599.17184001
2016-08-05,94601978.86326501
2016-08-08,96181893.64024
2016-08-09,96901005.93724
2016-08-10,96228020.05774
2016-08-11,95647730.85274
2016-08-12,96213305.79497251
2016-08-15,99171053.5327425
2016-08-16,98416354.3557425
2016-08-17,98974671.0327425
2016-08-18,97932463.42074251
2016-08-19,97460173.87623
2016-08-22,97189764.64462751
2016-08-23,97007604.37962751
2016-08-24,96829968.4726275
2016-08-25,96396616.2376275
2016-08-26,96489049.70109001
2016-08-29,96862014.4319025
2016-08-30,97230605.6444025
2016-08-31,97128138.7049025
2016-09-01,96492987.6014025
2016-09-02,96062989.07589
2016-09-05,95969081.4110575
2016-09-06,96493931.6000575
2016-09-07,96874908.2015575
2016-09-08,96354174.4710575
2016-09-09,95407183.6009825
2016-09-12,92548665.9901375
2016-09-13,92425586.56813751
2016-09-14,92615523.39813751
2016-09-19,92924254.5746375
2016-09-20,92508164.9298725
2016-09-21,92941655.16016251
2016-09-22,93531957.35116251
2016-09-23,93793572.49216251
2016-09-26,90909684.8496625
2016-09-27,91592444.01025501
2016-09-28,91498773.129785
2016-09-29,92250519.753285
2016-09-30,92656905.952785
2016-10-10,92522417.69178501
2016-10-11,92474915.77899751
2016-10-12,92823741.4657425
2016-10-13,92143050.9457425
2016-10-14,91690044.5057425
2016-10-17,91397982.23574251
2016-10-18,91552967.0541625
2016-10-19,92267183.7501225
2016-10-20,92231274.6701225
2016-10-21,92226740.3901225
2016-10-24,92761514.7701225
2016-10-25,92641541.7371325
2016-10-26,92165054.07748
2016-10-27,91941892.39748001
2016-10-28,91549733.10748
2016-10-31,91406700.09748
2016-11-01,91943190.800325
2016-11-02,91541780.863555
2016-11-03,92157721.203555
2016-11-04,91452596.643555
2016-11-07,91653873.983555
2016-11-08,91952671.3322525
2016-11-09,92243315.00720501
2016-11-10,92376378.607205
2016-11-11,91789467.947205
2016-11-14,90721851.72720501
2016-11-15,90902428.61969751
2016-11-16,90347379.79968001
2016-11-17,90871396.05968
2016-11-18,90313388.50968
2016-11-21,90736961.41968
2016-11-22,91305387.13624251
2016-11-23,91206057.72407
2016-11-24,91395443.49407001
2016-11-25,91478692.84407
2016-11-28,92908594.46407
2016-11-29,94107950.5622175
2016-11-30,93011936.3046975
2016-12-01,93176062.6446975
2016-12-02,91880621.8946975
2016-12-05,89400619.4146975
2016-12-06,89361040.340885
2016-12-07,89880747.39389251
2016-12-08,89103181.7638925
2016-12-09,89883108.2738925
2016-12-12,87035674.58389251
2016-12-13,86996088.7226
2016-12-14,85923801.10530001
2016-12-15,85864308.6753
2016-12-16,85818906.1453
2016-12-19,85096580.6753
2016-12-20,84971118.427975
2016-12-21,86350291.0071975
2016-12-22,86463579.55719751
2016-12-23,85660636.3471975
2016-12-26,86473784.7371975
2016-12-27,86387724.475585
2016-12-28,85585066.86828251
2016-12-29,85788296.77828251
2016-12-30,85788787.0782825
2017-01-03,86398649.1082825
2017-01-04,86916871.92013751
2017-01-05,86928707.23934251
2017-01-06,87057427.3138425
2017-01-09,87798738.0293425
2017-01-10,87106626.3408425
2017-01-11,86851274.30185
2017-01-12,85679777.41652751
2017-01-13,84846506.9890275
2017-01-16,84877016.1575275
2017-01-17,85538767.1505275
2017-01-18,85491664.83382751
2017-01-19,85120918.9378425
2017-01-20,86334737.3178425
2017-01-23,86793482.3548425
2017-01-24,86606414.63984251
2017-01-25,87108828.98662001
2017-01-26,86980668.600805
2017-02-03,86332089.662805
2017-02-06,86321254.646805
2017-02-07,86411338.706805
2017-02-08,85831894.297655
2017-02-09,86177670.9644175
2017-02-10,86481001.75441751
2017-02-13,87169457.56691751
2017-02-14,87576630.8774175
2017-02-15,87567869.54984501
2017-02-16,87333854.03051001
2017-02-17,86805734.44401
2017-02-20,87989421.45701
2017-02-21,87992190.20701
2017-02-22,88431864.601945
2017-02-23,88156258.56716001
2017-02-24,88028888.90066001
2017-02-27,87614810.30116001
2017-02-28,87750050.46616
2017-03-01,87974325.4175325
2017-03-02,87515064.18092251
2017-03-03,87452993.4559225
2017-03-06,87515322.0509225
2017-03-07,87843674.3999225
2017-03-08,87656650.88737501
2017-03-09,86929388.9993325
2017-03-10,86888518.1543325
2017-03-13,87418907.0258325
2017-03-14,87398157.1358325
2017-03-15,87271508.34257251
2017-03-16,87975204.46279
2017-03-17,86689694.04279001
2017-03-20,86997928.41229
2017-03-21,86807723.69329001
2017-03-22,86286633.81721501
2017-03-23,85763641.87231
2017-03-24,86587967.27481
2017-03-27,86676825.40231
2017-03-28,86292858.31031
2017-03-29,86500448.9989375
2017-03-30,86143050.9844175
2017-03-31,86223581.80641751
2017-04-05,88107919.4474175
2017-04-06,88643121.2594175
2017-04-07,88619412.26127
2017-04-10,88029638.7932575
2017-04-11,88614792.38775751
2017-04-12,88588868.8662575
2017-04-13,88297601.7417575
2017-04-14,87723628.0839325
2017-04-17,87209307.47964251
2017-04-18,86266505.6771425
2017-04-19,84754188.55264251
2017-04-20,84428377.9151425
2017-04-21,83750127.50678751
2017-04-24,81779057.02564
2017-04-25,81477439.42864001
2017-04-26,82162764.88414
2017-04-27,82395058.60714
2017-04-28,82666575.197025
2017-05-02,83193013.585325
2017-05-03,82290926.33832501
2017-05-04,82560428.901825
2017-05-05,82044500.191825
2017-05-08,81792868.22769
2017-05-09,81952321.143595
2017-05-10,81404204.788595
2017-05-11,81745667.618095
2017-05-12,81416100.300595
2017-05-15,81486716.5589875
2017-05-16,82115135.0820675
2017-05-17,81958582.59456751
2017-05-18,82543986.3615675
2017-05-19,82962898.97756751
2017-05-22,82703112.791275
2017-05-23,81613847.1595875
2017-05-24,81320316.4015875
2017-05-25,82000886.4005875
2017-05-26,82274273.4655875
2017-05-31,82128280.9940525
2017-06-01,81509292.222135
2017-06-02,81400474.63763501
2017-06-05,80888049.772135
2017-06-06,80993374.288135
2017-06-07,81170716.523625
2017-06-08,81334843.3399875
2017-06-09,81586053.9229875
2017-06-12,81241024.3919875
2017-06-13,81913099.0469875
2017-06-14,81655207.6515
2017-06-15,82521086.244615
2017-06-16,82326880.139615
2017-06-19,82807538.964615
2017-06-20,83412187.38661501
2017-06-21,83336104.3821225
2017-06-22,83180969.6371325
2017-06-23,83448121.4171325
2017-06-26,83529354.0046325
2017-06-27,84124596.74963251
2017-06-28,84107414.370195
2017-06-29,84258790.39631
2017-06-30,84424819.55131
2017-07-03,84689528.09631
2017-07-04,84418014.04631001
2017-07-05,84314528.4379525
2017-07-06,84143665.27114001
2017-07-07,84200517.42314
2017-07-10,84488445.33814
2017-07-11,84199201.25414
2017-07-12,84090546.17319
2017-07-13,84841986.556255
2017-07-14,84799789.070255
2017-07-17,83372980.181755
2017-07-18,84407000.684255
2017-07-19,84602339.0675875
2017-07-20,85216271.149465
2017-07-21,85174805.744965
2017-07-24,85023484.712965
2017-07-25,84521512.315965
2017-07-26,84502959.509165
2017-07-27,83691204.25928
2017-07-28,83709798.23678
2017-07-31,84838196.09128
2017-08-01,85208831.52178
2017-08-02,85223173.8804625
2017-08-03,85426205.28257
2017-08-04,85488458.50607
2017-08-07,85684110.41857
2017-08-08,85788402.81207
2017-08-09,86705821.5207225
2017-08-10,85895246.1962625
2017-08-11,83887748.2477625
2017-08-14,84131228.0857625
2017-08-15,84019914.5667625
2017-08-16,83912718.7925975
2017-08-17,84484781.7175425
2017-08-18,84280583.6770425
2017-08-21,84781585.7285425
2017-08-22,84265043.9235425
2017-08-23,83920223.8501975
2017-08-24,82712485.5657175
2017-08-25,84641824.8097175
2017-08-28,85453882.4942175
2017-08-29,85033584.9657175
2017-08-30,85667237.38806
2017-08-31,86681813.11555
2017-09-01,88762719.84705
2017-09-04,89137634.85655
2017-09-05,88458159.08805
2017-09-06,88544353.4870725
2017-09-07,87547733.2435775
2017-09-08,87907477.9090775
2017-09-11,89542603.0710775
2017-09-12,90536022.1475775
2017-09-13,91469432.96168
2017-09-14,90757404.517875
2017-09-15,87949245.898375
2017-09-18,89598543.402875
2017-09-19,89006550.608875
2017-09-20,90068032.4177075
2017-09-21,89049687.02197
2017-09-22,89818508.64647
2017-09-25,88000710.17997
2017-09-26,87325158.63297
2017-09-27,88204222.485725
2017-09-28,89855054.2260025
2017-09-29,90263688.9165025
2017-10-09,91144965.7515025
2017-10-10,91182468.1415025
2017-10-11,91317994.7717575
2017-10-12,91135982.7026725
2017-10-13,91634143.3176725
2017-10-16,90868181.1006725
2017-10-17,91248844.0526725
2017-10-18,91713944.284905
2017-10-19,92430446.4443875
2017-10-20,91923304.0408875
2017-10-23,92531912.8283875
2017-10-24,92749577.2268875
2017-10-25,92691330.830795
2017-10-26,93870337.744785
2017-10-27,93409656.533285
2017-10-30,93195225.609785
2017-10-31,93094309.180785
2017-11-01,92265046.600105
2017-11-02,92369442.3008675
2017-11-03,92451173.4988675
2017-11-06,94240260.0893675
2017-11-07,94652455.7738675
2017-11-08,94460136.9023025
2017-11-09,94355757.6816925
2017-11-10,95238553.73169251
2017-11-13,95212321.6366925
2017-11-14,94222098.8486925
2017-11-15,93579692.87546
2017-11-16,95644343.6456625
2017-11-17,96675135.97616251
2017-11-20,97582037.2276625
2017-11-21,99200900.76616251
2017-11-22,99448955.82707
2017-11-23,94831484.968685
2017-11-24,94342271.19268501
2017-11-27,93209962.370185
2017-11-28,93817992.951185
2017-11-29,92692642.46748
2017-11-30,90812166.181865
2017-12-01,91115746.96186501
2017-12-04,92538052.978365
2017-12-05,92949218.54636501
2017-12-06,91851586.1580525
2017-12-07,91995181.0500525
2017-12-08,93507892.8150525
2017-12-11,96824700.2655525
2017-12-12,95641036.3980525
2017-12-13,97213154.4899625
2017-12-14,97506824.9803425
2017-12-15,95925542.05784251
2017-12-18,95034934.7898425
2017-12-19,95769399.9073425
2017-12-20,95980529.01215251
2017-12-21,98198788.4602225
2017-12-22,97827454.4732225
2017-12-25,98104467.3872225
2017-12-26,98150565.0827225
2017-12-27,96489760.68181
2017-12-28,98141484.2384725
2017-12-29,98714922.22447251
2018-01-02,100897243.8574725
2018-01-03,102103442.9534725
2018-01-04,103516545.17388752
2018-01-05,103851747.62909
2018-01-08,104539285.57609001
2018-01-09,106005072.49608998
2018-01-10,106653951.54709001
2018-01-11,105814185.929685
2018-01-12,104983913.3688125
2018-01-15,103390437.29481252
2018-01-16,104525978.51831248
2018-01-17,101514329.7938125
2018-01-18,101940910.5036675
2018-01-19,101726675.6687025
2018-01-22,104643180.2972025
2018-01-23,105183854.9487025
2018-01-24,104363989.1397025
2018-01-25,104371511.207965
2018-01-26,103681101.484125
2018-01-29,101869149.131125
2018-01-30,102510195.592625
2018-01-31,101458494.022625
2018-02-01,99412241.8814125
2018-02-02,101323883.50768
2018-02-05,102819508.17117998
2018-02-06,98335568.87518
2018-02-07,97138111.66068
2018-02-08,97251730.17472251
2018-02-09,93317544.45397
2018-02-12,95363799.01897
2018-02-13,97492300.42247
2018-02-14,98853268.09447
2018-02-22,100891415.687855
2018-02-23,101454480.189715
2018-02-26,101390864.172215
2018-02-27,99387741.964215
2018-02-28,97796339.38571501
2018-03-01,97621172.8342475
2018-03-02,98073934.0367475
2018-03-05,98452273.3797475
2018-03-06,98525562.1392475
2018-03-07,99082252.22824748
2018-03-08,98561905.5165
2018-03-09,99709054.88175002
2018-03-12,100844431.88574998
2018-03-13,100033000.59374999
2018-03-14,98678820.07775
2018-03-15,99603111.9463025
2018-03-16,98217355.80315
2018-03-19,99463648.46514998
2018-03-20,99607916.19215001
2018-03-21,97566688.69415
2018-03-22,96515936.4302925
2018-03-23,92609768.3678775
2018-03-26,96372050.8313775
2018-03-27,98854277.6553775
2018-03-28,96546076.0008775
2018-03-29,95777460.178675
2018-03-30,98220270.4981875
2018-04-02,97454516.8751875
2018-04-03,96829587.5781875
2018-04-04,95707814.5911875
2018-04-09,94328816.1737525
2018-04-10,94097945.5712275
2018-04-11,93535444.6937275
2018-04-12,93644765.3337275
2018-04-13,93254864.3197275
2018-04-16,94078266.5640425
2018-04-17,92769893.6198675
2018-04-18,94942771.5198675
2018-04-19,95551204.5623675
2018-04-20,94222442.7698675
2018-04-23,92251020.657865
2018-04-24,93756522.1961575
2018-04-25,95261459.6761575
2018-04-26,94667488.5251575
2018-04-27,95166007.8006575
2018-05-02,95573776.279315
2018-05-03,95070716.395215
2018-05-04,95594894.522215
2018-05-07,96722798.327715
2018-05-08,96830626.489215
2018-05-09,96957556.312435
2018-05-10,97529312.6504
2018-05-11,95906389.6759
2018-05-14,95967518.5229
2018-05-15,97792302.4189
2018-05-16,98703262.907855
2018-05-17,96446011.85655
2018-05-18,96885077.63105
2018-05-21,98005907.39805
2018-05-22,99154376.55255
2018-05-23,98362163.461315
2018-05-24,97334570.94094001
2018-05-25,97265407.63244
2018-05-28,98405511.51494001
2018-05-29,95452426.06694
2018-05-30,93932222.6978575
2018-05-31,95509361.08433
2018-06-01,91982320.45233001
2018-06-04,92195719.48783
2018-06-05,93650230.76333
2018-06-06,93147296.932335
2018-06-07,92955701.264475
2018-06-08,91987919.568975
2018-06-11,90452083.38097501
2018-06-12,93675902.207475
2018-06-13,92835700.6548
2018-06-14,91999115.385355
2018-06-15,91949468.21885501
2018-06-19,89969460.209355
2018-06-20,91711644.177855
2018-06-21,91531184.71998501
2018-06-22,91719865.4833475
2018-06-25,91895497.7473475
2018-06-26,91198304.6703475
2018-06-27,87485894.3423475
2018-06-28,85796163.1495825
2018-06-29,88669303.421295
2018-07-02,87035701.138795
2018-07-03,85809569.466795
2018-07-04,84526771.56079501
2018-07-05,84681983.9548375
2018-07-06,85164584.702065
2018-07-09,87509454.303065
2018-07-10,87793903.329065
2018-07-11,86740871.83956501
2018-07-12,88353279.74894251
2018-07-13,91765685.97706251
2018-07-16,92423459.26056251
2018-07-17,91889034.5330625
2018-07-18,92118820.4445625
2018-07-19,90584186.78428
2018-07-20,91233703.1655675
2018-07-23,90423516.9670675
2018-07-24,91077077.9490675
2018-07-25,91338592.5660675
2018-07-26,89641171.81804
2018-07-27,89262784.9844075
2018-07-30,86704482.1409075
2018-07-31,87036939.4609075
2018-08-01,86675432.3409075
2018-08-02,86091422.9426025
2018-08-03,82339573.0141875
2018-08-06,80416308.7766875
2018-08-07,83008925.3336875
2018-08-08,80666523.9001875
2018-08-09,82581259.2876075
2018-08-10,84683913.0683775
2018-08-13,85768792.9653775
2018-08-14,84560520.6443775
2018-08-15,82464907.2588775
2018-08-16,82019152.2631125
2018-08-17,79466081.418335
2018-08-20,79988686.801335
2018-08-21,81789028.928835
2018-08-22,81204398.836335
2018-08-23,81413965.0769325
2018-08-24,81597674.378205
2018-08-27,84155300.879705
2018-08-28,83685636.118705
2018-08-29,83268070.829705
2018-08-30,82297223.98827
2018-08-31,80210313.62565
2018-09-03,79740929.80265
2018-09-04,80427500.04865
2018-09-05,78743046.74865
2018-09-06,78214053.6378975
2018-09-07,78694002.6729025
2018-09-10,77600135.5814025
2018-09-11,78687520.6224025
2018-09-12,77314915.76090251
2018-09-13,77187605.6592575
2018-09-14,75453148.498085
2018-09-17,75033287.139585
2018-09-18,77149882.935585
2018-09-19,78450938.809085
2018-09-20,77870375.7260775
2018-09-21,78962993.5526125
2018-09-25,79391374.4041125
2018-09-26,80391405.8321125
2018-09-27,80252946.01361251
2018-09-28,80319051.91724001
2018-10-08,76680279.8143925
2018-10-09,74474107.5603925
2018-10-10,74843769.6003925
2018-10-11,70435908.9298925
2018-10-12,70660032.2443625
2018-10-15,69808824.2307175
2018-10-16,68578313.6902175
2018-10-17,69090724.8157175
2018-10-18,67520100.8992175
2018-10-19,68831708.7246825
2018-10-22,71606146.106055
2018-10-23,70022604.491055
2018-10-24,69518932.26905501
2018-10-25,69054815.513555
2018-10-26,68564317.410275
2018-10-29,66117124.308832504
2018-10-30,66498619.783332504
2018-10-31,68214590.8493325
2018-11-01,68644763.81483251
2018-11-02,70095147.7732
2018-11-05,69827664.3723325
2018-11-06,69581453.6268325
2018-11-07,69227726.38783251
2018-11-08,69045317.4253325
2018-11-09,68119606.8175275
2018-11-12,68976796.7676075
2018-11-13,69606753.5806075
2018-11-14,68935530.84060751
2018-11-15,70326455.9721075
2018-11-16,71121493.14499
2018-11-19,71627968.7839425
2018-11-20,70207700.36244251
2018-11-21,70219998.1729425
2018-11-22,69827195.94694251
2018-11-23,68194620.3941575
2018-11-26,68619693.19832
2018-11-27,68866760.84982
2018-11-28,69901561.80632
2018-11-29,69170627.63832
2018-11-30,69463806.39311
2018-12-03,71058775.652225
2018-12-04,71708926.358725
2018-12-05,71042502.93422501
2018-12-06,69610883.83572501
2018-12-07,69804697.81269
2018-12-10,68957515.13097501
2018-12-11,68708252.23847501
2018-12-12,68256693.06847501
2018-12-13,69090656.89247501
2018-12-14,68464327.1400575
2018-12-17,67966132.4536525
2018-12-18,67486579.6946525
2018-12-19,66691269.8431525
2018-12-20,66021711.5976525
2018-12-21,65606600.4093325
2018-12-24,65744072.302797504
2018-12-25,65135208.236797504
2018-12-26,64631587.167797506
2018-12-27,64412195.9162975
2018-12-28,64716913.05224
2019-01-02,63980326.93016
2019-01-03,63471230.72366
2019-01-04,64313350.939660005
2019-01-07,65087760.02866
2019-01-08,65100660.9314975
2019-01-09,64936718.8808775
2019-01-10,64368028.823877506
2019-01-11,64612666.36087751
2019-01-14,64306489.9693775
2019-01-15,65306872.028862506
2019-01-16,65291687.737532504
2019-01-17,65123366.0380325
2019-01-18,65968926.26453251
2019-01-21,66280192.0085325
2019-01-22,65977381.5222175
2019-01-23,65284590.5668475
2019-01-24,65367450.417347506
2019-01-25,65331993.281347506
2019-01-28,65226551.3643475
2019-01-29,65126820.5156275
2019-01-30,64618489.02031
2019-01-31,64745630.64531
2019-02-01,65660796.25631
2019-02-11,66271249.463810004
2019-02-12,66316383.54217251
2019-02-13,67558647.1426225
2019-02-14,67267333.4041225
2019-02-15,66722726.343622506
2019-02-18,68490151.2696225
2019-02-19,68281841.7229625
2019-02-20,68567269.792825
2019-02-21,68220432.042325
2019-02-22,69395075.045825
2019-02-25,73579899.86132501
2019-02-26,73596880.535445
2019-02-27,73479104.145535
2019-02-28,73526227.34553501
2019-03-01,74647343.031535
2019-03-04,75904481.005035
2019-03-05,77188217.68014
2019-03-06,78631837.2703675
2019-03-07,78374378.1373675
2019-03-08,75016414.83586751
2019-03-11,76913189.1188675
2019-03-12,77508700.2784125
2019-03-13,75691926.380425
2019-03-14,74106974.458425
2019-03-15,74270324.860925
2019-03-18,76565970.244925
2019-03-19,76327235.37658
2019-03-20,76041236.57017
2019-03-21,76195642.89317
2019-03-22,75862122.11467001
2019-03-25,73913086.01467
2019-03-26,73650489.2313275
2019-03-27,73162148.0489625
2019-03-28,72478029.8154625
2019-03-29,76193865.59946251
2019-04-01,78023244.8484625
2019-04-02,78641028.684165
2019-04-03,80442417.41940251
2019-04-04,81138814.97040251
2019-04-08,79638288.98090251
2019-04-09,79681227.6049025
2019-04-10,79955794.59848
2019-04-11,78346370.96675
2019-04-12,78488983.39725
2019-04-15,78339283.40475
2019-04-16,80361896.54125
2019-04-17,80719396.4019075
2019-04-18,80981934.2348075
2019-04-19,81606020.7143075
2019-04-22,80830439.24380751
2019-04-23,80255911.8773075
2019-04-24,80796022.66580251
2019-04-25,78802146.552975
2019-04-26,77821949.50247501
2019-04-29,76407680.625475
2019-04-30,75772065.15747501
2019-05-06,71679659.58417751
2019-05-07,72715970.3239125
2019-05-08,72773498.1546725
2019-05-09,72223492.2193325
2019-05-10,75769100.2877325
2019-05-13,75307333.076885
2019-05-14,74509771.01264
2019-05-15,76831500.61182
2019-05-16,77202722.1712
2019-05-17,75414542.57184
2019-05-20,75243812.348965
2019-05-21,75166664.1915375
2019-05-22,75870170.5241175
2019-05-23,74104523.3742575
2019-05-24,73411835.4427375
2019-05-27,74236170.5672275
2019-05-28,75006745.5987325
2019-05-29,74963272.7164725
2019-05-30,75650986.1333525
2019-05-31,76005340.2310725
2019-06-03,75248706.3960575
2019-06-04,73992773.88589
2019-06-05,73644703.65569
2019-06-06,72652708.38069001
2019-06-10,74324922.83321
2019-06-11,75615472.38443
2019-06-12,75385371.202845
2019-06-13,74853109.41864501
2019-06-14,74796889.993185
2019-06-17,74620761.541345
2019-06-18,74118863.9851575
2019-06-19,75268004.742855
2019-06-20,76415769.996695
2019-06-21,76682796.631735
2019-06-24,76814687.434755
2019-06-25,76521336.40697001
2019-06-26,76098487.462495
2019-06-27,77241122.168335
2019-06-28,77458647.03067501
2019-07-01,78633586.822675
2019-07-02,78672801.64938751
2019-07-03,78064396.6499825
2019-07-04,77249331.9396825
2019-07-05,77861815.0139625
2019-07-08,76898489.6382225
2019-07-09,76649226.0039875
2019-07-10,76242542.8522675
2019-07-11,76347353.4462875
2019-07-12,76834930.9863075
2019-07-15,76861853.7120275
2019-07-16,76507343.14595
2019-07-17,75973538.12307
2019-07-18,74913924.09139
2019-07-19,76598831.15903
2019-07-22,75513028.88747
2019-07-23,75992879.43908751
2019-07-24,76248980.3871475
2019-07-25,76414381.1868675
2019-07-26,76403479.8292875
2019-07-29,76249613.9471475
2019-07-30,76055071.1821375
2019-07-31,76165091.5126775
2019-08-01,76048605.6466375
2019-08-02,75019107.73603751
2019-08-05,73615620.3532775
2019-08-06,72227377.6465425
2019-08-07,72944434.191355
2019-08-08,73478197.83209501
2019-08-09,73007299.080915
2019-08-12,74338098.70893501
2019-08-13,74096320.01423
2019-08-14,75136928.32225001
2019-08-15,75316262.13057001
2019-08-16,75958124.87737
2019-08-19,78160271.82375
2019-08-20,78049967.15365501
2019-08-21,78147058.8786775
2019-08-22,78261409.2255775
2019-08-23,78285517.6844975
2019-08-26,77976449.1575775
2019-08-27,78871922.11664
2019-08-28,78563256.33074
2019-08-29,78321531.35610001
2019-08-30,77997488.44996001
2019-09-02,79429801.29824
2019-09-03,80376931.082085
2019-09-04,81512893.36526501
2019-09-05,81131636.636425
2019-09-06,81072334.038485
2019-09-09,82302895.78934501
2019-09-10,82054320.33768001
2019-09-11,81823130.0736625
2019-09-12,82462603.5845425
2019-09-16,81967758.62878251
2019-09-17,80753808.8824225
2019-09-18,80970419.023585
2019-09-19,80848918.6404325
2019-09-20,81457524.4613325
2019-09-23,81468797.9584925
2019-09-24,81564893.5164725
2019-09-25,80087249.26105501
2019-09-26,76941706.45743251
2019-09-27,77737050.10113251
2019-09-30,75683049.17607251
2019-10-08,75261105.7634525
2019-10-09,76360625.0684925
2019-10-10,77339438.9476175
2019-10-11,77082400.2553575
2019-10-14,78017962.4209975
2019-10-15,76856273.7829775
2019-10-16,76135477.4305525
2019-10-17,75551150.97728
2019-10-18,74065478.56030001
2019-10-21,73433281.29152
2019-10-22,74490127.22866
2019-10-23,73904826.5908875
2019-10-24,73281602.50320001
2019-10-25,73964603.10382001
2019-10-28,74626350.15538001
2019-10-29,74528529.78922
2019-10-30,74834457.3117125
2019-10-31,74693892.8686375
2019-11-01,75660052.3291375
2019-11-04,76523981.51829751
2019-11-05,77342298.9588175
2019-11-06,76157557.246185
2019-11-07,75980670.7799475
2019-11-08,75745116.84896751
2019-11-11,75217864.5517075
2019-11-12,75801438.2786075
2019-11-13,76900206.4078025
2019-11-14,77701360.81090501
2019-11-15,77558420.593145
2019-11-18,77771890.375905
2019-11-19,78950468.012485
2019-11-20,78685764.64051251
2019-11-21,78418155.68612
2019-11-22,77540985.17050001
2019-11-25,76210828.49052
2019-11-26,77775096.5249
2019-11-27,78794075.00002
2019-11-28,78436811.35616
2019-11-29,77190150.40032001
2019-12-02,78515689.70094
2019-12-03,81045974.63616
2019-12-04,80868275.37615
2019-12-05,82316195.04527001
2019-12-06,84226010.41393
2019-12-09,83843559.77831
2019-12-10,85706119.45421
2019-12-11,84965625.47612001
2019-12-12,84839264.17570001
2019-12-13,86048637.252
2019-12-16,86202469.89670001
2019-12-17,86835597.76538001
2019-12-18,86536963.814995
2019-12-19,85468193.65718001
2019-12-20,84373475.95804
2019-12-23,84378328.58108
2019-12-24,87246387.52914001
2019-12-25,88377472.590415
2019-12-26,88435016.0200925
2019-12-27,86805065.7437125
2019-12-30,88169652.8987925
2019-12-31,88607055.93971251
2020-01-02,90309291.61127001
2020-01-03,89468839.1968525
2020-01-06,92227057.2226725
2020-01-07,92037793.60713251
2020-01-08,91513081.9916325
2020-01-09,92817084.89564501
2020-01-10,92741964.08983001
2020-01-13,95472833.21333
2020-01-14,94705092.69313
2020-01-15,94830460.98883
2020-01-16,94444489.2636825
2020-01-17,94550238.56364751
2020-01-20,97165928.3308475
2020-01-21,96568190.9544075
2020-01-22,98868100.2460875
2020-01-23,96645128.46835001
2020-02-03,87418001.919395
2020-02-04,93009915.725295
2020-02-05,94239606.284975
2020-02-06,96278583.98103501
2020-02-07,95846937.599545
2020-02-10,97785057.02385001
2020-02-11,99029164.55225
2020-02-12,101422985.78517002
2020-02-13,102759525.96029001
2020-02-14,102006920.53449252
2020-02-17,104162211.32903
2020-02-18,105963106.41312999
2020-02-19,103422175.46613
2020-02-20,104246593.25801
2020-02-21,105575545.53415501
2020-02-24,106691665.62736501
2020-02-25,109165712.41910501
2020-02-26,103429384.094245
2020-02-27,102666573.09610501
2020-02-28,97851621.0891625
2020-03-02,101245170.92750001
2020-03-03,102649261.20746
2020-03-04,100991729.92904
2020-03-05,100426402.92310002
2020-03-06,98759886.32780251
2020-03-09,93516488.657865
2020-03-10,97907843.030765
2020-03-11,96205552.391365
2020-03-12,93913842.145425
2020-03-13,93503115.4881175
2020-03-16,88819081.13639751
2020-03-17,90388143.38585751
2020-03-18,89416634.5832575
2020-03-19,90059085.6455975
2020-03-20,91466304.4598875
2020-03-23,86081918.11767
2020-03-24,85561003.06779
2020-03-25,89595212.21127
2020-03-26,89678796.29585001
2020-03-27,89047455.33174251
2020-03-30,86864976.6260625
2020-03-31,87455941.5993825
2020-04-01,87089953.8168225
2020-04-02,89872230.73032251
2020-04-03,88928456.4358625
2020-04-07,91924208.66206251
2020-04-08,91938357.6546025
2020-04-09,92881925.7059825
2020-04-10,90360604.7815225
2020-04-13,89255599.88253501
2020-04-14,91105761.49919501
2020-04-15,90986301.749795
2020-04-16,92372840.49841501
2020-04-17,92533662.087435
2020-04-20,93459390.981765
2020-04-21,93346910.462175
2020-04-22,94424376.013375
2020-04-23,93917944.29037501
2020-04-24,92527974.201175
2020-04-27,93837540.43939501
2020-04-28,96134084.339985
2020-04-29,93868942.985725
2020-04-30,93257529.365485
2020-05-06,94644468.88842501
2020-05-07,95429863.60702
2020-05-08,95950839.3840825
2020-05-11,94331836.4843225
2020-05-12,96038961.8091225
2020-05-13,96619838.9462225
2020-05-14,95420595.74634
2020-05-15,94626984.7962425
2020-05-18,95513426.9241625
2020-05-19,96979801.30207404
2020-05-20,95057177.35144861
2020-05-21,94738968.5541468
2020-05-22,92591731.19669922
2020-05-25,93521757.09891479
2020-05-26,95810016.2303465
2020-05-27,94440099.90184969
2020-05-28,93178486.82105497
2020-05-29,94223239.6858073
2020-06-01,96959485.86580671
2020-06-02,95269888.07405198
2020-06-03,95795201.0473303
2020-06-04,95705574.14835599
2020-06-05,97240578.51057869
2020-06-08,96221016.40746991
2020-06-09,98197719.01275066
2020-06-10,98815476.8859756
2020-06-11,98479589.10288368
2020-06-12,98170092.7032025
2020-06-15,97279217.17565547
2020-06-16,99256906.26329605
2020-06-17,98917258.64190978
2020-06-18,99475942.47584456
2020-06-19,102337940.96885204
2020-06-22,104068795.08409555
2020-06-23,105736465.65539645
2020-06-24,105742167.58433545
2020-06-29,105855192.08567297
2020-06-30,107771574.55880705
2020-07-01,108035280.56955275
2020-07-02,107375808.33140539
2020-07-03,107555632.91593485
2020-07-06,108148752.48923527
2020-07-07,111194830.74042939
2020-07-08,112314610.5686478
2020-07-09,115259300.20831949
2020-07-10,115755561.45651999
2020-07-13,118606209.85783854
2020-07-14,118183695.20761944
2020-07-15,119653314.66021629
2020-07-16,111694433.3922249
2020-07-17,113274112.51911236
2020-07-20,114664519.0756987
2020-07-21,116821084.85595587
2020-07-22,118890448.81957288
2020-07-23,124726418.46696559
2020-07-24,118425480.61410408
2020-07-27,119903163.8236773
2020-07-28,121193493.45299108
2020-07-29,126242454.1505469
2020-07-30,128773155.13658144
2020-07-31,132994930.15272763
2020-08-03,136309618.89832428
2020-08-04,132915535.56424387
2020-08-05,133793400.02693383
2020-08-06,131615063.04200396
2020-08-07,129097809.47098699
2020-08-10,129115091.35372038
2020-08-11,127092665.50820802
2020-08-12,123602101.87681198
2020-08-13,122367260.79152359
2020-08-14,123152083.36554368
2020-08-17,123670853.53075227
2020-08-18,124842027.36286534
2020-08-19,121621347.00227197
2020-08-20,120161694.435077
2020-08-21,121195519.93332168
2020-08-24,121943236.4001827
2020-08-25,120511617.68384086
2020-08-26,117874119.3548151
2020-08-27,119605707.9717976
2020-08-28,123078095.794718
2020-08-31,122640629.67034914
2020-09-01,124650610.15252824
2020-09-02,125179503.07603979
2020-09-03,124249093.5816557
2020-09-04,123134028.80525579
2020-09-07,121102866.40223752
2020-09-08,119224394.40312946
2020-09-09,116852038.16209859
2020-09-10,116285728.33575515
2020-09-11,117210501.14921683
2020-09-14,117902929.21522939
2020-09-15,119312044.97640216
2020-09-16,117949067.15353227
2020-09-17,117763697.88505135
2020-09-18,120024489.38382106
2020-09-21,119552694.00706097
2020-09-22,116980163.4192955
2020-09-23,119116957.29145193
2020-09-24,116338292.87582056
2020-09-25,115684073.84541078
2020-09-28,115769908.8761162
2020-09-29,117375368.4323336
2020-09-30,117185905.28867227
2020-10-09,118390887.24367778
2020-10-12,122772171.52078481
2020-10-13,123563623.84672621
2020-10-14,124390060.1060991
2020-10-15,122792315.29615481
2020-10-16,121710837.05965056
2020-10-19,119123989.36991692
2020-10-20,119622825.93616974
2020-10-21,117986464.27478199
2020-10-22,117424466.1565847
2020-10-23,115378513.60627139
2020-10-26,117398857.74917531
2020-10-27,119021466.86569916
2020-10-28,119712649.86351952
2020-10-29,120973914.98271501
2020-10-30,120021166.48109041
2020-11-02,121463089.05955508
2020-11-03,120257073.36284591
2020-11-04,118692023.37410691
2020-11-05,122517104.1750753
2020-11-06,121593784.67451587
2020-11-09,123479082.7683551
2020-11-10,124499722.32446457
2020-11-11,121207950.88806994
2020-11-12,121701716.15566356
2020-11-13,122004369.16193855
2020-11-16,121515884.61205928
2020-11-17,122698394.38177794
2020-11-18,120151204.09224263
2020-11-19,121336682.45020035
2020-11-20,125071504.84570219
2020-11-23,127395628.29153356
2020-11-24,126081335.0255953
2020-11-25,122616220.16521995
2020-11-26,121962663.38504788
2020-11-27,122321631.15677828
2020-11-30,121769279.52956544
2020-12-01,124447306.72485308
2020-12-02,124291478.3305263
2020-12-03,124201338.25069745
2020-12-04,125722941.35032181
2020-12-07,126296169.11619592
2020-12-08,127848257.0681875
2020-12-09,126335151.38988446
2020-12-10,127343953.05347516
2020-12-11,127034424.57984327
2020-12-14,130882273.62994185
2020-12-15,132209086.82032034
2020-12-16,130587025.65448537
2020-12-17,130472605.48748769
2020-12-18,130923934.79104026
2020-12-21,136257994.38651907
2020-12-22,134544770.8793974
2020-12-23,139124230.2859506
2020-12-24,138634716.40651697
2020-12-25,141417951.76800138
2020-12-28,140208488.48005846
2020-12-29,138346950.8738985
2020-12-30,140123686.7805801
2020-12-31,144353847.76773334
2021-01-04,149754828.10518327
2021-01-05,154637660.40691406
2021-01-06,155449411.6719175
2021-01-07,159559027.81351355
2021-01-08,157020033.8978815
2021-01-11,154076581.907365
2021-01-12,157530067.25751764
2021-01-13,159043680.1922849
2021-01-14,152496431.62804186
2021-01-15,152667350.40259135
2021-01-18,156450193.07848355
2021-01-19,152218691.97316155
2021-01-20,154213595.09786665
2021-01-21,160464191.1634753
2021-01-22,166568475.3064917
2021-01-25,171993769.71364668
2021-01-26,166008906.1147224
2021-01-27,166778343.6096114
2021-01-28,160937156.45730487
2021-01-29,162252911.21040455
2021-02-01,164857625.5539165
2021-02-02,170636482.522839
2021-02-03,172153012.29155007
2021-02-04,170397107.089015
2021-02-05,168712261.0116792
2021-02-08,173459104.58018556
2021-02-09,178305530.14452732
2021-02-10,182150926.17697993
2021-02-18,180019708.63618362
2021-02-19,173766577.93748915
2021-02-22,166811057.02426144
2021-02-23,164537721.831569
2021-02-24,159038280.16373143
2021-02-25,157665643.15250048
2021-02-26,156609087.55256042
2021-03-01,159722070.22086918
2021-03-02,158127598.68728685
2021-03-03,157443162.58620784
2021-03-04,147451013.4056839
2021-03-05,149007522.2899035
2021-03-08,140612403.83724877
2021-03-09,135862105.5813465
2021-03-10,139847540.0551826
2021-03-11,143652621.13798043
2021-03-12,144205608.87302545
2021-03-15,138028710.02401048
2021-03-16,138248353.1550667
2021-03-17,139148361.11231452
2021-03-18,141367540.6687156
2021-03-19,138647854.76313227
2021-03-22,139064108.76562658
2021-03-23,137078100.0660762
2021-03-24,135326360.8304492
2021-03-25,136864506.1012281
2021-03-26,142932757.05250415
2021-03-29,143440541.9142065
2021-03-30,145108679.0622315
2021-03-31,143296308.3044178
2021-04-01,147578318.71467152
2021-04-02,151178753.29755387
2021-04-06,151587730.41263595
2021-04-07,150757898.6373385
2021-04-08,153860794.68176517
2021-04-09,150787954.79650477
2021-04-12,148439187.67035884
2021-04-13,150118357.0286847
2021-04-14,151162143.4365933
2021-04-15,151079154.9682515
2021-04-16,150200268.58735096
2021-04-19,155333598.9913303
2021-04-20,156472935.454339
2021-04-21,155942698.97349516
2021-04-22,156231564.521683
2021-04-23,157814706.55297723
2021-04-26,158964406.75407892
2021-04-27,160308376.1325959
2021-04-28,161053816.08747372
2021-04-29,164683178.42295086
2021-04-30,164480972.87836105
2021-05-06,165804763.25250465
2021-05-07,165579610.10411552
2021-05-10,166492260.72111955
2021-05-11,163825710.09142488
2021-05-12,165753961.35490695
2021-05-13,163996302.35696685
2021-05-14,167629380.70670527
2021-05-17,171246079.51375422
2021-05-18,171179139.5949125
2021-05-19,171411931.4763266
2021-05-20,171350220.35114577
2021-05-21,170430044.2288293
2021-05-24,171203030.76931956
2021-05-25,173332964.64186525
2021-05-26,173576422.45423314
2021-05-27,174409130.51047748
2021-05-28,175061233.070164
2021-05-31,177968322.29669765
2021-06-01,181002313.4397524
2021-06-02,177814107.2278045
2021-06-03,176042790.43861774
2021-06-04,174745231.2734101
2021-06-07,174367680.2704502
2021-06-08,174577571.34343347
2021-06-09,173614711.66084522
2021-06-10,179158357.8195335
2021-06-11,181813846.5582448
2021-06-15,180388590.0617892
2021-06-16,177478216.3869716
2021-06-17,180094342.4965579
2021-06-18,185768663.07773966
2021-06-21,187379148.09328842
2021-06-22,189769982.29801095
2021-06-23,193150018.03959048
2021-06-24,191248616.81283778
2021-06-25,194473649.31909606
2021-06-28,196695551.36024976
2021-06-29,193560123.6285297
2021-06-30,196813830.0523276
2021-07-01,195438300.2347748
2021-07-02,192092495.28738886
2021-07-05,197832722.33605704
2021-07-06,193405862.95156798
2021-07-07,198074883.26546445
2021-07-08,202986328.3151574
2021-07-09,197536351.4006758
2021-07-12,200983525.76009855
2021-07-13,194751614.6175299
2021-07-14,192434336.8516272
2021-07-15,192839683.40437898
2021-07-16,188294460.6493621
2021-07-19,189317257.5491702
2021-07-20,190660599.13198146
2021-07-21,196554217.99558622
2021-07-22,202003833.32433993
2021-07-23,199365828.43406147
2021-07-26,195589163.08248082
2021-07-27,187805372.5908333
2021-07-28,188201425.66744745
2021-07-29,202399325.69119024
2021-07-30,200460546.92478836
2021-08-02,203790334.84623608
2021-08-03,199126896.9444111
2021-08-04,207935706.74465927
2021-08-05,209665321.94493046
2021-08-06,211173934.71489125
2021-08-09,209637596.2078233
2021-08-10,205341090.54033792
2021-08-11,204427909.1891246
2021-08-12,202508743.01300856
2021-08-13,199223094.89147708
2021-08-16,195347682.53403863
2021-08-17,190504351.59202418
2021-08-18,189808662.1784585
2021-08-19,192370951.5870188
2021-08-20,190492021.07374987
2021-08-23,196630993.53457955
2021-08-24,202872454.40826735
2021-08-25,204682642.83239046
2021-08-26,205133924.4405629
2021-08-27,208094851.71918228
2021-08-30,209375861.79024804
2021-08-31,201962865.9548107
2021-09-01,202296044.85064456
2021-09-02,197131960.02339762
2021-09-03,194061866.7408043
2021-09-06,194678705.23131424
2021-09-07,197046796.87785366
2021-09-08,192617262.13029367
2021-09-09,194743262.9881943
2021-09-10,197520108.3423692
2021-09-13,191622903.6564675
2021-09-14,192915897.3897209
2021-09-15,192765218.71153277
2021-09-16,185039400.40532342
2021-09-17,183773224.3038454
2021-09-22,187664509.90493426
2021-09-23,190597517.4763266
2021-09-24,188840578.61590016
2021-09-27,180046146.75683078
2021-09-28,179019823.43153644
2021-09-29,177355765.8026673
2021-09-30,181891818.74986583
2021-10-08,177005885.5103975
2021-10-11,172651640.20721978
2021-10-12,168054213.8103835
2021-10-13,170300222.05269462
2021-10-14,170949688.12131923
2021-10-15,175818004.4554181
2021-10-18,175626577.06679317
2021-10-19,176775173.1767099
2021-10-20,178038765.22015676
2021-10-21,176621196.30043858
2021-10-22,173653387.92333537
2021-10-25,177988657.9968212
2021-10-26,178970598.5450153
2021-10-27,178734201.62241957
2021-10-28,177771482.2755316
2021-10-29,181594074.43409076
2021-11-01,178831108.6022293
2021-11-02,177368988.2416414
2021-11-03,175778989.15226215
2021-11-04,174189324.78780434
2021-11-05,170870774.25518993
2021-11-08,170493107.16193393
2021-11-09,170217951.47270286
2021-11-10,168388973.25168422
2021-11-11,169953771.16095114
2021-11-12,170660726.7120935
2021-11-15,166605153.62651435
2021-11-16,165683069.62958342
2021-11-17,167469322.26102147
2021-11-18,166146385.4100169
2021-11-19,168678021.86728418
2021-11-22,172376386.81100106
2021-11-23,173175746.15261856
2021-11-24,170743978.95000795
2021-11-25,168394063.9403749
2021-11-26,167655584.4164041
2021-11-29,168347758.0033858
2021-11-30,168656329.38393715
2021-12-01,169203687.5627736
2021-12-02,170269835.83622208
2021-12-03,175193717.0113135
2021-12-06,174343978.43300825
2021-12-07,174507169.00390953
2021-12-08,175892044.66226956
2021-12-09,175234042.87154225
2021-12-10,174412530.0430362
2021-12-13,176419551.31996766
2021-12-14,173144258.29918694
2021-12-15,171912596.98607078
2021-12-16,175219184.96336016
2021-12-17,172955804.38876095
2021-12-20,171797122.92918807
2021-12-21,172674310.39376166
2021-12-22,171573117.39497206
2021-12-23,172768946.16119567
2021-12-24,170896503.97459725
2021-12-27,169407584.12827033
2021-12-28,172930211.51511303
2021-12-29,171613340.86453485
2021-12-30,171379711.3229228
2021-12-31,173013059.7481323
2022-01-04,167325975.72799408
2022-01-05,164673557.1781816
2022-01-06,164419382.9252372
2022-01-07,162824874.05462873
2022-01-10,162799313.59499213
2022-01-11,162995387.90044144
2022-01-12,166271491.67114133
2022-01-13,164423456.07815093
2022-01-14,165610521.4069897
2022-01-17,166005693.6441976
2022-01-18,169538930.69310245
2022-01-19,167596614.80325827
2022-01-20,167797622.42428976
2022-01-21,166484272.81272373
2022-01-24,167669005.3490088
2022-01-25,165070848.7675179
2022-01-26,165217427.098856
2022-01-27,164092512.06228706
2022-01-28,162789457.77370486
2022-02-07,167933214.74708405
2022-02-08,171208983.86051777
2022-02-09,171854386.5199224
2022-02-10,172028988.81940034
2022-02-11,170104872.20539096
2022-02-14,168265258.38030306
2022-02-15,168141623.94298875
2022-02-16,170060436.53241208
2022-02-17,169356125.8996575
2022-02-18,169954284.8422254
2022-02-21,168473896.78557843
2022-02-22,167428620.76904538
2022-02-23,169552670.18574974
2022-02-24,167295765.7409798
2022-02-25,167008999.9954079
2022-02-28,167612994.1068586
2022-03-01,169272491.455742
2022-03-02,169672238.81056163
2022-03-03,169355302.17508948
2022-03-04,166516941.80900002
2022-03-07,164939368.5030782
2022-03-08,159116117.62181887
2022-03-09,155588886.50142056
2022-03-10,155584170.01557362
2022-03-11,157147156.43443096
2022-03-14,153381862.43003026
2022-03-15,146426861.7641077
2022-03-16,151712374.37150732
2022-03-17,152650587.593578
2022-03-18,154652901.99290654
2022-03-21,154468275.74618798
2022-03-22,154683512.21059912
2022-03-23,154153894.83251292
2022-03-24,153022543.45204392
2022-03-25,152073747.78817967
2022-03-28,152383393.94344243
2022-03-29,152318425.32743677
2022-03-30,154418611.19923913
2022-03-31,153680697.2511048
2022-04-01,154783157.79697898
2022-04-06,153653858.53007522
2022-04-07,152069412.41248152
2022-04-08,154275199.43541405
2022-04-11,151823731.44429258
2022-04-12,153634571.15657133
2022-04-13,154605962.95859477
2022-04-14,156440719.50308582
2022-04-15,155132582.9140461
2022-04-18,156253854.24765423
2022-04-19,155076731.21674454
2022-04-20,152850095.70367652
2022-04-21,151211602.23082653
2022-04-22,151549468.6852783
2022-04-25,145549749.58114016
2022-04-26,143847462.55198723
2022-04-27,146824718.59701997
2022-04-28,146816578.57881004
2022-04-29,150264595.97300893
2022-05-05,151220235.93914452
2022-05-06,148679466.6055017
2022-05-09,148351658.10547492
2022-05-10,151142381.56649968
2022-05-11,153277071.16030502
2022-05-12,154066588.3577875
2022-05-13,154828137.09123358
2022-05-16,154926655.03809577
2022-05-17,154889191.52184704
2022-05-18,153986386.97789487
2022-05-19,155078292.2131631
2022-05-20,155916483.18892655
2022-05-23,155842488.45007873
2022-05-24,151932366.25334617
2022-05-25,153464407.66757467
2022-05-26,155171563.15025964
2022-05-27,154801767.29724678
2022-05-30,154972030.47833994
2022-05-31,156708541.32362545
2022-06-01,156073099.33943
2022-06-02,158043877.25616795
2022-06-06,160113534.52154425
2022-06-07,159933863.66092235
2022-06-08,161749690.84743837
2022-06-09,162362149.53346822
2022-06-10,165470336.84897235
2022-06-13,164115651.21868113
2022-06-14,165698438.0401599
2022-06-15,170577515.37849793
2022-06-16,167162114.34117317
2022-06-17,169148136.72401416
2022-06-20,169120190.56882963
2022-06-21,169243702.60104984
2022-06-22,166952228.4841199
2022-06-23,168793490.88463315
2022-06-24,168903356.6822921
2022-06-27,170264456.5706056
2022-06-28,170179626.87700284
2022-06-29,169838200.68395802
2022-06-30,170424383.64386618
2022-07-01,171137495.32313234
2022-07-04,170921139.11224642
2022-07-05,170912849.03181246
2022-07-06,168218027.97044542
2022-07-07,168186897.01253265
2022-07-08,168664311.76758778
2022-07-11,169031486.345146
2022-07-12,169386223.3366927
2022-07-13,169873138.4927069
2022-07-14,168722149.8310476
2022-07-15,165907990.14365444
2022-07-18,168909570.86291727
2022-07-19,168501871.43173143
2022-07-20,168834733.68802565
2022-07-21,167400960.04528427
2022-07-22,167521769.62843204
2022-07-25,167176591.2968214
2022-07-26,167197972.1516664
2022-07-27,166672947.57263294
2022-07-28,167129988.07627764
2022-07-29,166665820.1134185
2022-08-01,166015456.786076
2022-08-02,163318861.36138552
2022-08-03,162612267.95755494
2022-08-04,163704210.06396422
2022-08-05,168395382.12391353
2022-08-08,167375000.1935687
2022-08-09,166472925.65764686
2022-08-10,164698804.22119713
2022-08-11,170842580.23774952
2022-08-12,170312519.5394897
2022-08-15,169885601.50319147
2022-08-16,169317145.08862612
2022-08-17,170472957.98698208
2022-08-18,170918967.6708993
2022-08-19,169593155.2840845
2022-08-22,171430534.2668898
2022-08-23,170283206.04888487
2022-08-24,166903132.68164662
2022-08-25,168554507.4333472
2022-08-26,168348904.39277676
2022-08-29,168413843.40227446
2022-08-30,168526234.07910877
2022-08-31,168346271.12852725
2022-09-01,168166807.48737642
2022-09-02,168267167.15788922
2022-09-05,169863086.32010114
2022-09-06,171255919.79824132
2022-09-07,172913360.37050718
2022-09-08,171257053.76482567
2022-09-09,172605209.92912835
2022-09-13,172201413.22588408
2022-09-14,170604634.76322278
2022-09-15,170058958.78258592
2022-09-16,166355940.47947416
2022-09-19,166314764.97020307
2022-09-20,165286156.9362792
2022-09-21,166261876.86167046
2022-09-22,165949318.73142576
2022-09-23,164804449.55705807
2022-09-26,161889170.3511175
2022-09-27,162985535.451995
2022-09-28,161188847.02789485
2022-09-29,159524121.2687007
2022-09-30,158859490.8911335
2022-10-10,155957020.31475464
2022-10-11,155789472.76954162
2022-10-12,157331814.78382054
2022-10-13,157879533.12069362
2022-10-14,158381891.0840415
2022-10-17,159823910.13659284
2022-10-18,159069614.71511495
2022-10-19,158324086.19559965
2022-10-20,160060939.41720533
2022-10-21,161731882.21677485
2022-10-24,158810269.53585166
2022-10-25,157458765.0745006
2022-10-26,157948946.94814375
2022-10-27,158070028.20758313
2022-10-28,155777474.20561618
2022-10-31,155639979.1024671
2022-11-01,157733864.23995984
2022-11-02,157727460.11555338
2022-11-03,157721058.29653823
2022-11-04,159585829.99513113
2022-11-07,160532815.95191684
2022-11-08,160643719.09503353
2022-11-09,160039974.18341005
2022-11-10,158945219.98353627
2022-11-11,163047744.189859
2022-11-14,164463351.57388622
2022-11-15,165339220.2176205
2022-11-16,164674834.07374427
2022-11-17,163684800.11209828
2022-11-18,162848505.74166834
2022-11-21,161990668.03896183
2022-11-22,166029903.49414295
2022-11-23,167297536.73493582
2022-11-24,167180775.2555843
2022-11-25,170525094.95141712
2022-11-28,167899593.22964162
2022-11-29,172648247.68508714
2022-11-30,171033069.88278094
2022-12-01,169538550.48999557
2022-12-02,168139708.35832405
2022-12-05,172144925.01836225
2022-12-06,171585926.28067896
2022-12-07,170651235.88790593
2022-12-08,170645032.20888504
2022-12-09,170323651.57365245
2022-12-12,170652081.98276663
2022-12-13,171275201.65998575
2022-12-14,170905599.02709565
2022-12-15,170489564.94989708
2022-12-16,170863204.11178935
2022-12-19,168068083.3320256
2022-12-20,167353802.2728066
2022-12-21,166104764.09054112
2022-12-22,162836174.73445177
2022-12-23,160969342.54037288
2022-12-26,165321038.57532912
2022-12-27,166179072.9026287
2022-12-28,164594944.54346544
2022-12-29,163633026.06988883
2022-12-30,163880396.64703953
2023-01-03,166043262.65232605
2023-01-04,165702038.22619945
2023-01-05,165929949.45138517
2023-01-06,167235274.28601375
2023-01-09,168085483.51113158
2023-01-10,167684623.48283008
2023-01-11,168122831.44818693
2023-01-12,167907726.52103433
2023-01-13,168453589.94818324
2023-01-16,170732615.62147737
2023-01-17,171421809.42312455
2023-01-18,172137925.4389842
2023-01-19,173120223.75247443
2023-01-20,174152002.4779704
2023-01-30,173326413.5027383
2023-01-31,173478798.5602813
2023-02-01,175662805.76597506
2023-02-02,175842650.54898986
2023-02-03,173514474.83373457
2023-02-06,172579174.087505
2023-02-07,174281852.51992476
2023-02-08,172833474.36323747
2023-02-09,173435327.4685067
2023-02-10,173479018.04770324
2023-02-13,174466599.42014194
2023-02-14,174337637.98758516
2023-02-15,173252390.26449203
2023-02-16,172264531.79521248
2023-02-17,171049188.70555168
2023-02-20,175393726.93919626
2023-02-21,176174258.30725455
2023-02-22,175702713.82305357
2023-02-23,175511120.94114482
2023-02-24,175337601.5185274
2023-02-27,175589428.30211377
2023-02-28,176818889.8250191
2023-03-01,179364289.65655264
2023-03-02,179067226.01075634
2023-03-03,182003475.37447527
2023-03-06,182566605.94017306
2023-03-07,182407580.2953841
2023-03-08,181352337.6009815
2023-03-09,181692019.83685926
2023-03-10,178644083.64572862
2023-03-13,179612492.91852084
2023-03-14,179242500.1404417
2023-03-15,180253859.81393594
2023-03-16,176704536.06534734
2023-03-17,177640658.68801358
2023-03-20,179337700.99591902
2023-03-21,180167129.6272058
2023-03-22,179866158.91598397
2023-03-23,179463339.36418143
2023-03-24,177832935.9302189
2023-03-27,176181438.9378367
2023-03-28,175209191.396612
2023-03-29,174798970.256784
2023-03-30,175546592.43968397
2023-03-31,175937687.89761287
2023-04-03,178971875.29111448
2023-04-04,180539425.84511995
2023-04-06,179543753.72781765
2023-04-07,180221059.11409584
2023-04-10,178237695.0122098
2023-04-11,178337900.40864256
2023-04-12,180035065.1205565
2023-04-13,179116208.47862062
2023-04-14,180585416.43620792
2023-04-17,183777279.05084586
2023-04-18,184807232.87675977
2023-04-19,185902838.02355292
2023-04-20,187096327.21324462
2023-04-21,184645586.21548522
2023-04-24,182598796.1489253
2023-04-25,182507298.09947094
2023-04-26,182229836.32671282
2023-04-27,182538563.2708145
2023-04-28,183900122.389751
2023-05-04,182157862.52601627
2023-05-05,180792195.02941793
2023-05-08,182612219.3983235
2023-05-09,181447993.66319096
2023-05-10,180782406.58787778
2023-05-11,179782487.5769589
2023-05-12,176030166.05131397
2023-05-15,178652197.975751
2023-05-16,177376730.69101897
2023-05-17,177875986.8919174
2023-05-18,178245161.52128297
2023-05-19,177670033.24616152
2023-05-22,176812403.27327424
2023-05-23,173728996.7873657
2023-05-24,172414137.04202443
2023-05-25,172422191.5533338
2023-05-26,173066543.2102714
2023-05-29,173792576.69913733
2023-05-30,175026911.62949505
2023-05-31,177111864.79713613
2023-06-01,175808546.11319453
2023-06-02,176922783.32520428
2023-06-05,175459901.96491376
2023-06-06,173014673.21969938
2023-06-07,173768892.6904722
2023-06-08,173951177.84211147
2023-06-09,175172291.20190796
2023-06-12,175034608.9027085
2023-06-13,175201915.54202473
2023-06-14,174416090.79814902
2023-06-15,175806957.85289276
2023-06-16,177346531.9897921
2023-06-19,176192939.9468695
2023-06-20,174407341.94730315
2023-06-21,172889305.7933901
2023-06-26,170386239.61676493
2023-06-27,172819193.6892754
2023-06-28,172244674.4616869
2023-06-29,171704513.66473985
2023-06-30,172894395.3704059
2023-07-03,176013581.51617983
2023-07-04,177527302.90411863
2023-07-05,175766998.96100077
2023-07-06,175340752.49487936
2023-07-07,174106387.70372874
2023-07-10,174566793.67510563
2023-07-11,175467452.48007917
2023-07-12,174224831.56345147
2023-07-13,177033270.95794162
2023-07-14,176898913.67588145
2023-07-17,176115870.41822955
2023-07-18,175762921.25989628
2023-07-19,175594407.53889212
2023-07-20,173203938.74772692
2023-07-21,173255311.52858832
2023-07-24,172574512.5353689
2023-07-25,175824344.44011846
2023-07-26,174679728.01014292
2023-07-27,173873038.3741672
2023-07-28,176994400.71905574
2023-07-31,177805440.20551783
2023-08-01,178569604.2307926
2023-08-02,178083331.62703645
2023-08-03,178942388.18681404
2023-08-04,180246158.11454672
2023-08-07,178055237.18158588
2023-08-08,177339342.67049864
2023-08-09,173810439.33546233
2023-08-10,174891454.2823193
2023-08-11,171856707.22405013
2023-08-14,169835863.96797138
2023-08-15,166779845.93902898
2023-08-16,165017530.51542744
2023-08-17,166866014.77392083
2023-08-18,165493066.23235193
2023-08-21,161681471.38017493
2023-08-22,163336584.865509
2023-08-23,159390936.6533395
2023-08-24,160887685.15423027
2023-08-25,158734844.7805899
2023-08-28,161050359.39438117
2023-08-29,164862434.85826853
2023-08-30,165663106.14701474
2023-08-31,164170799.38555372
2023-09-01,164624118.30331033
2023-09-04,166919450.2965761
2023-09-05,165781004.75433856
2023-09-06,166700280.8882892
2023-09-07,164057145.67930475
2023-09-08,165423538.32171157
2023-09-11,167474311.2354314
2023-09-12,166909402.48212215
2023-09-13,163468616.91092497
2023-09-14,165118431.1936781
2023-09-15,164634709.26591402
2023-09-18,165647588.1905516
2023-09-19,166237325.70150054
2023-09-20,164783249.66991693
2023-09-21,163882937.16414368
2023-09-22,165919474.009794
2023-09-25,164353147.21483126
2023-09-26,163140646.95682827
2023-09-27,164872168.37332907
2023-09-28,165147580.43175897
2023-10-09,164085064.1967587
2023-10-10,162927742.93697447
2023-10-11,164312191.00983468
2023-10-12,165193296.75502855
2023-10-13,164801348.2183894
2023-10-16,163484093.44363436
2023-10-17,164635055.51414514
2023-10-18,165683565.47221577
2023-10-19,167909279.4918838
2023-10-20,167325194.5244373
2023-10-23,161570276.0764344
2023-10-24,162343041.131606
2023-10-25,162178717.78571448
2023-10-26,162126081.02621618
2023-10-27,162001236.732194
2023-10-30,163125260.49144164
2023-10-31,161300433.40331465
2023-11-01,160834438.4537209
2023-11-02,159197925.38625902
2023-11-03,161632726.7268102
2023-11-06,166483636.00675178
2023-11-07,169133867.9544327
2023-11-08,169216396.23398423
2023-11-09,169271067.0837804
2023-11-10,170644920.4715399
2023-11-13,170289113.3893984
2023-11-14,170816205.04593503
2023-11-15,171744171.96949708
2023-11-16,170404335.17186278
2023-11-17,170587453.49751645
2023-11-20,169643818.89866704
2023-11-21,169492792.91723475
2023-11-22,167945816.27159
2023-11-23,168543535.15507203
2023-11-24,167963980.6103547
2023-11-27,166835673.60834852
2023-11-28,166805834.37675646
2023-11-29,164758259.00567156
2023-11-30,165401812.68554842
2023-12-01,165838754.00755653
2023-12-04,165386897.37470305
2023-12-05,162690534.79352245
2023-12-06,161778954.3179391
2023-12-07,162230156.95334756
2023-12-08,164219624.76404756
2023-12-11,164200571.82638654
2023-12-12,164768035.0640639
2023-12-13,162665885.79332256
2023-12-14,162473328.9849164
2023-12-15,162488694.001388
2023-12-18,161417850.81431365
2023-12-19,161860970.1255094
2023-12-20,160051006.41955352
2023-12-21,161576099.42099008
2023-12-22,163372610.98189354
2023-12-25,163681458.19530976
2023-12-26,163787562.1577501
2023-12-27,164690149.15749928
2023-12-28,168055703.47561
2023-12-29,168779415.35122287
2024-01-02,166874653.815751
2024-01-03,167482470.78257683
2024-01-04,165862729.99631864
2024-01-05,164427842.2061479
2024-01-08,163043611.99822938
2024-01-09,162999943.4042718
2024-01-10,161559098.19847718
2024-01-11,162991485.3173541
2024-01-12,163707673.83825523
2024-01-15,164099130.78430498
2024-01-16,164440739.54315996
2024-01-17,162083346.00194868
2024-01-18,164731237.26550397
2024-01-19,163833577.6832264
2024-01-22,159620809.39975905
2024-01-23,160835314.80472606
2024-01-24,162909311.55862173
2024-01-25,166583095.54495418
2024-01-26,163888392.12448615
2024-01-29,161332820.19252485
2024-01-30,156631310.32135457
2024-01-31,152376614.51007485
2024-02-01,152993415.37346292
2024-02-02,148048386.4337662
2024-02-05,144292315.29854783
2024-02-06,151041227.0089747
2024-02-07,152347654.16424677
2024-02-08,156265813.56556508
2024-02-19,161264107.82538804
2024-02-20,161487243.12763014
2024-02-21,160952428.99293256
2024-02-22,164351994.54741955
2024-02-23,167167416.95783216
2024-02-26,165787314.9738849
2024-02-27,171748165.6959948
2024-02-28,168904457.1670818
2024-02-29,173357619.70742637
2024-03-01,173993717.77199888
2024-03-04,173899333.63221166
2024-03-05,172249124.59687516
2024-03-06,172549031.70484433
2024-03-07,169357405.1035076
2024-03-08,173949494.57685938
2024-03-11,177892710.4631396
2024-03-12,179627904.66412196
2024-03-13,178069014.5970335
2024-03-14,177703237.5568904
2024-03-15,177504033.36929572
2024-03-18,180770161.09541854
2024-03-19,180265918.01487678
2024-03-20,180785886.27049643
2024-03-21,179863887.60137886
2024-03-22,176941810.65213653
2024-03-25,175081012.9739868
2024-03-26,177597994.4171039
2024-03-27,178352349.2265872
2024-03-28,177286702.8800966
2024-03-29,180426388.80265996
2024-04-01,182426739.33340296
2024-04-02,182235795.23518884
2024-04-03,181869368.9121039
2024-04-08,180150497.14962414
2024-04-09,180986135.20403826
2024-04-10,180456965.6258422
2024-04-11,180957015.84435183
2024-04-12,181735194.31730407
2024-04-15,182891715.56638232
2024-04-16,179918807.92740387
2024-04-17,184361378.08882004
2024-04-18,184797437.6394002
2024-04-19,183625164.05025813
2024-04-22,182511497.67514
2024-04-23,181829602.97697666
2024-04-24,182365000.19361976
2024-04-25,182482420.35648456
2024-04-26,185452417.5931972
2024-04-29,187465857.3736858
2024-04-30,185531412.51941365
2024-05-06,187882205.92564452
2024-05-07,188238851.17170885
2024-05-08,185345646.04371104
2024-05-09,189225277.46223494
2024-05-10,187382656.25682902
2024-05-13,187457905.7032493
2024-05-14,186505750.4930923
2024-05-15,185498940.3131291
2024-05-16,183119651.0761204
2024-05-17,182844762.7369102
2024-05-20,182214771.20830247
2024-05-21,180602586.43756914
2024-05-22,184369377.2082079
2024-05-23,182185792.99719095
2024-05-24,180910134.40906844
2024-05-27,183925067.76707157
2024-05-28,183427265.2232497
2024-05-29,183830793.1060661
2024-05-30,182298455.3856085
2024-05-31,181434056.81293875
2024-06-03,182527564.59162545
2024-06-04,184440711.7075602
2024-06-05,184419519.73960328
2024-06-06,183985700.98118165
2024-06-07,183632356.06950033
2024-06-11,181768672.18697366
2024-06-12,181909091.9550148
2024-06-13,181287175.2613766
2024-06-14,182582546.7419954
2024-06-17,180846849.97338513
2024-06-18,181540543.3913303
2024-06-19,178407954.22477207
2024-06-20,177796156.05335677
2024-06-21,177787502.29131606
2024-06-24,174198914.16964808
2024-06-25,171205812.84941065
2024-06-26,172178628.50333935
2024-06-27,169104564.30590427
2024-06-28,169991096.05337477
2024-07-01,171438463.2378001
2024-07-02,171349998.71207458
2024-07-03,173075995.62890247
2024-07-04,171006797.04828358
2024-07-05,170404652.88920212
2024-07-08,170234081.0094903
2024-07-09,173171518.16727784
2024-07-10,173328026.7352966
2024-07-11,175228495.10352597
2024-07-12,178074389.79062998
2024-07-15,176070445.73312014
2024-07-16,178007720.3685357
2024-07-17,176782997.34013113
2024-07-18,177360491.5684008
2024-07-19,179075763.9655369
2024-07-22,178794859.18787664
2024-07-23,176414212.71832064
2024-07-24,175017682.33362004
2024-07-25,174961432.24286488
2024-07-26,175455922.5680688
2024-07-29,174170175.71454284
2024-07-30,172734946.10796794
2024-07-31,178268082.20990437
2024-08-01,176804505.06100643
2024-08-02,174989457.42112383
2024-08-05,173533260.26885152
2024-08-06,176073416.15751335
2024-08-07,175830589.1704473
2024-08-08,175004885.43728134
2024-08-09,172514339.0446315
2024-08-12,172010729.62455702
2024-08-13,172986164.82579368
2024-08-14,171943991.32621187
2024-08-15,173024184.08269343
2024-08-16,173666223.72542626
2024-08-19,174314224.51622668
2024-08-20,172449635.19190595
2024-08-21,172392388.65873754
2024-08-22,172022453.41786474
2024-08-23,173448846.9002884
2024-08-26,174177379.71919876
2024-08-27,173138383.23279083
2024-08-28,172578156.3144337
2024-08-29,171257878.76963487
2024-08-30,171446948.28500676
2024-09-02,167556972.56845513
2024-09-03,167629295.8895138
2024-09-04,165467342.2669159
2024-09-05,165261377.15660396
2024-09-06,163162532.75588357
2024-09-09,161529678.74646336
2024-09-10,162933488.16342115
2024-09-11,160635270.12659255
2024-09-12,160979520.00298384
2024-09-13,159523966.32026133
2024-09-18,160211899.69677818
2024-09-19,160495080.76693967
2024-09-20,161074091.7840785
2024-09-23,161390381.851096
2024-09-24,167984777.26780993
2024-09-25,170513415.82478735
2024-09-26,174594745.9783338
2024-09-27,177559913.29293057
2024-09-30,190738708.77742258
2024-10-08,204102132.00238046
2024-10-09,188391400.09863454
2024-10-10,192600774.6743105
2024-10-11,188503385.34625483
2024-10-14,190425860.3851415
2024-10-15,186540799.64701545
2024-10-16,186967331.85407484
2024-10-17,184182100.2743554
2024-10-18,187330841.11973172
2024-10-21,188247699.27368274
2024-10-22,190390864.2439788
2024-10-23,192534421.77173993
2024-10-24,190403551.67026263
2024-10-25,191699484.94694054
2024-10-28,194092898.0790515
2024-10-29,194514966.01991615
2024-10-30,195485571.91980082
2024-10-31,196389407.98664016
2024-11-01,195203993.3572294
2024-11-04,194438741.2725084
2024-11-05,196701565.8150363
2024-11-06,196799489.66079214
2024-11-07,200179457.7579941
2024-11-08,198392471.59448814
2024-11-11,197840823.68981856
2024-11-12,195294641.55823225
2024-11-13,197468183.6661292
2024-11-14,195129048.36835423
2024-11-15,195289216.74523816
2024-11-18,197769420.7055763
2024-11-19,197149793.91867092
2024-11-20,196864354.02487615
2024-11-21,197102593.9514542
2024-11-22,193206589.78195202
2024-11-25,194476910.6328037
2024-11-26,194037677.63036326
2024-11-27,196367231.34636992
2024-11-28,194559556.71160287
2024-11-29,195444040.13151038
2024-12-02,195141092.59577122
2024-12-03,195799353.83193988
2024-12-04,196214783.05571422
2024-12-05,196484761.07809195
2024-12-06,197651541.16416198
2024-12-09,198252438.03393346
2024-12-10,199053262.1543961
2024-12-11,198282000.54794043
2024-12-12,198401241.30934444
2024-12-13,196846161.7623911
2024-12-16,195058233.3140874
2024-12-17,194251407.10383037
2024-12-18,195905882.00547138
2024-12-19,196858788.74801424
2024-12-20,194907589.96274027
2024-12-23,193793805.65365267
2024-12-24,195427912.27373868
2024-12-25,195337738.05266017
2024-12-26,196892923.75895897
2024-12-27,194179883.84905303
2024-12-30,195582352.70394135
2024-12-31,192224091.30551967
2025-01-02,187565652.3715988
2025-01-03,188285511.36695504
2025-01-06,189010669.33666995
2025-01-07,190530683.40859097
2025-01-08,192909085.4634744
2025-01-09,191523315.8072173
2025-01-10,187632986.01862434
2025-01-13,186065864.88387856
2025-01-14,190645886.82825246
2025-01-15,189512923.30013892
2025-01-16,190482015.56466854
2025-01-17,189350752.38422543
2025-01-20,187900274.92994747
2025-01-21,187820763.49056587
2025-01-22,186124656.32716498
2025-01-23,188595655.21967122
2025-01-24,188962091.40654507
2025-01-27,189555410.2298409
2025-02-05,191571983.8994437
2025-02-06,194659519.752116
2025-02-07,198455124.543188
2025-02-10,200974178.10464585
2025-02-11,199135576.8082893
2025-02-12,198508490.93530458
2025-02-13,196774624.6302867
2025-02-14,196709230.32074127
2025-02-17,197180943.8918216
2025-02-18,194091331.90790176
2025-02-19,194238161.24540517
2025-02-20,194952653.8110191
2025-02-21,197887416.11253187
2025-02-24,195458552.11426124
2025-02-25,192700376.4602069
2025-02-26,194856829.36022174
2025-02-27,193910000.81839553
2025-02-28,189564563.62724966
2025-03-03,190174311.4884082
2025-03-04,190271336.88067332
2025-03-05,190775814.37276
2025-03-06,195355506.3363583
2025-03-07,193681740.08884555
2025-03-10,195975933.01625654
2025-03-11,194962039.4230481
2025-03-12,193032741.9187745
2025-03-13,189769359.54314047
2025-03-14,193915990.0144712
2025-03-17,195288295.8298601
2025-03-18,198772184.74707988
2025-03-19,195813035.46234342
2025-03-20,195785808.1673191
2025-03-21,194890587.83450952
2025-03-24,195576704.85156354
2025-03-25,193514430.1867046
2025-03-26,193524067.26393366
2025-03-27,194719162.9177963
2025-03-28,193310014.32776073
2025-03-31,192418319.55323923
2025-04-01,191431968.84019405
2025-04-02,190876326.3287896
2025-04-03,190847608.816103
2025-04-07,174208929.9824975
2025-04-08,177779790.123616
2025-04-09,184149162.374149
2025-04-10,185607624.83670834
2025-04-11,186821058.3439155
2025-04-14,187594928.19839862
2025-04-15,187661766.6727821
2025-04-16,189726142.28129587
2025-04-17,188492780.14456832
2025-04-18,187979235.20791098
2025-04-21,189195349.5191336
2025-04-22,187512518.1668154
2025-04-23,187595715.11996278
2025-04-24,184384518.88552266
2025-04-25,185659042.68875554
2025-04-28,185694849.20506927
2025-04-29,186824041.16315874
2025-04-30,188589527.20266125
2025-05-06,193237762.99883947
2025-05-07,193355213.0175183
2025-05-08,194010365.99161738
2025-05-09,191641446.47700655
2025-05-12,194070472.41573465
2025-05-13,197793478.33269328
2025-05-14,197041669.500998
2025-05-15,193350480.77948317
2025-05-16,192837287.22526768
2025-05-19,192758903.37727925
2025-05-20,192938518.1485299
2025-05-21,193248746.63038257
2025-05-22,192298252.88316295
2025-05-23,190449383.60715064
2025-05-26,189739260.92504096
2025-05-27,187099950.67283162
2025-05-28,187738243.25440162
2025-05-29,191316373.58180928
2025-05-30,190993993.4472689
2025-06-03,189095518.39067504
2025-06-04,191201680.73846734
2025-06-05,194979751.4725822
2025-06-06,196753379.24783278
2025-06-09,198330209.91582668
2025-06-10,197992512.9458223
2025-06-11,198305966.48526105
2025-06-12,197170048.06210038
2025-06-13,196616611.14062604
2025-06-16,196449390.9974251
2025-06-17,196422648.50579035
2025-06-18,197451093.37298435
2025-06-19,195333751.88092953
2025-06-20,195116400.29260883
2025-06-23,195678896.02014634
2025-06-24,197776209.94650158
2025-06-25,199178710.90324596
2025-06-26,199213444.02340096
2025-06-27,197272209.1048042
2025-06-30,200568621.37226805
2025-07-01,200357250.28869376
2025-07-02,202538246.9936165
2025-07-03,203084101.73294505
2025-07-04,204945624.87743273
2025-07-07,203355113.0259139
2025-07-08,207470999.51917765
2025-07-09,206531975.6182827
2025-07-10,205606453.07608956
2025-07-11,206410224.8980805
2025-07-14,206795860.40216103
2025-07-15,208128303.112398
2025-07-16,207678168.24938032
2025-07-17,211429474.76277384
2025-07-18,212009833.38526425
2025-07-21,211750587.0307706
2025-07-22,212147944.10289705
2025-07-23,212613640.48353797
2025-07-24,214181971.24482918
2025-07-25,214267677.73227456
2025-07-28,215257100.2994328
2025-07-29,216136976.14292267
2025-07-30,214546250.42414317
2025-07-31,213125023.75088707
2025-08-01,211309174.70611975
2025-08-04,211431014.99877533
2025-08-05,212133387.90653136
2025-08-06,212328044.0309063
2025-08-07,211085025.8781117
2025-08-08,208807879.89077207
2025-08-11,208479726.68473133
2025-08-12,208481233.84709686
2025-08-13,209785611.1457026
2025-08-14,208820944.67207724
2025-08-15,208350144.6736103
2025-08-18,212787057.55738804
2025-08-19,212292351.437405
2025-08-20,212838941.22087434
2025-08-21,214490504.89673567
2025-08-22,216137359.71394855
2025-08-25,219590075.9010922
2025-08-26,218253314.249528
2025-08-27,214814937.40044218
2025-08-28,216302519.20431623
2025-08-29,218522058.66304263
2025-09-01,220357687.5673861
2025-09-02,219951104.93587455
2025-09-03,220528397.63418484
2025-09-04,213837419.56178555
2025-09-05,216454137.87640715
2025-09-08,216504036.9690291
2025-09-09,213529744.31139082
2025-09-10,213463629.27776438
2025-09-11,224282711.2985458
2025-09-12,232766523.1740022
2025-09-15,230648458.50482973
2025-09-16,230245088.31207418
2025-09-17,227335118.51498213
2025-09-18,226923454.54666778
2025-09-19,223668003.86292806
2025-09-22,230424376.34739238
2025-09-23,228691407.30791843
2025-09-24,229435126.95091087
2025-09-25,231826314.15799972
2025-09-26,224837918.0090278
2025-09-29,228049270.6992454
2025-09-30,231507106.283601
2025-10-09,236917623.79247174
2025-10-10,228519166.91939703
2025-10-13,230008387.46745366
2025-10-14,223629099.53624645
2025-10-15,227169323.8258244
2025-10-16,226649011.69497117
2025-10-17,219621323.30610427
2025-10-20,219605000.95839494
2025-10-21,224777994.66617596
2025-10-22,222965367.6488616
2025-10-23,221850586.45734987
2025-10-24,227884454.28904465
2025-10-27,232642239.41815603
2025-10-28,231904220.5711126
2025-10-29,235944153.59568745
2025-10-30,233887219.19259393
2025-10-31,222145605.14873704
2025-11-03,220063670.07381597
2025-11-04,221582846.27135628
2025-11-05,222338759.23429242
2025-11-06,225349311.26708248
2025-11-07,224505121.08853534
2025-11-10,225602381.81625146
2025-11-11,223080214.1151992
2025-11-12,221381498.25990808
2025-11-13,223896369.03870243
2025-11-14,219928855.67259628
2025-11-17,219846056.92158237
2025-11-18,217579476.45137265
2025-11-19,217422365.35919824
2025-11-20,214768881.52179638
2025-11-21,207506297.3754307
2025-11-24,206179828.88837755
2025-11-25,208810866.4060585
2025-11-26,209443548.68516624
2025-11-27,209924657.15028507
2025-11-28,209054143.17142785
2025-12-01,207219919.56135932
2025-12-02,204853805.46192816
2025-12-03,202478568.17125094
2025-12-04,200705730.78189763
2025-12-05,201154540.91128597
2025-12-08,201137286.72884575
2025-12-09,199780344.9304207
2025-12-10,198197527.80598515
2025-12-11,197326050.38935098
2025-12-12,197055240.90962234
2025-12-15,197514671.30525315
2025-12-16,195178799.34196305
2025-12-17,194863507.72569177
2025-12-18,194628209.03096196
2025-12-19,195107323.0258896
2025-12-22,196914522.80225062
2025-12-23,196691080.4455615
2025-12-24,195678247.45425302
2025-12-25,195828855.51941058
2025-12-26,198061124.40548417
2025-12-29,196955063.6616053
2025-12-30,198691923.26613045
2025-12-31,201424409.6344272
