average_filled_price,commission,created_at,created_at_iso,filled_quantity,graph_id,id,order_role,order_type,owner_strategy_id,parent_order_id,position_effect,price,quantity,reduce_only,reject_reason,side,status,symbol,tag,time_in_force,trail_offset,trail_reference_price,trigger_price,updated_at,updated_at_iso
34.39436,22425.12272,1262534400000000000,2010-01-03T16:00:00Z,260800.0,,a0c370d0-1d68-4b47-8ce6-0fa84fa10fc4,OrderRole.Standalone,OrderType.Market,_default,,PositionEffect.Open,,260800.0,False,,OrderSide.Buy,OrderStatus.Filled,000596.SZ,,TimeInForce.GTC,,,,1262620800000000000,2010-01-04T16:00:00Z
15.09508,22521.85936,1262534400000000000,2010-01-03T16:00:00Z,596800.0,,50d7a95c-8c05-403e-9571-4740db7ccb6c,OrderRole.Standalone,OrderType.Market,_default,,PositionEffect.Open,,596800.0,False,,OrderSide.Buy,OrderStatus.Filled,000988.SZ,,TimeInForce.GTC,,,,1262620800000000000,2010-01-04T16:00:00Z
11.77176,22501.71924,1262534400000000000,2010-01-03T16:00:00Z,764600.0,,7b1c39e2-297d-466b-a1d5-bffe9d3b23fd,OrderRole.Standalone,OrderType.Market,_default,,PositionEffect.Open,,764600.0,False,,OrderSide.Buy,OrderStatus.Filled,002049.SZ,,TimeInForce.GTC,,,,1262620800000000000,2010-01-04T16:00:00Z
24.2242,22352.88055,1262534400000000000,2010-01-03T16:00:00Z,369100.0,,ca33394d-0014-4098-82b2-b4bf3b44454d,OrderRole.Standalone,OrderType.Market,_default,,PositionEffect.Open,,369100.0,False,,OrderSide.Buy,OrderStatus.Filled,002180.SZ,,TimeInForce.GTC,,,,1262620800000000000,2010-01-04T16:00:00Z
76.076,22290.268,1262534400000000000,2010-01-03T16:00:00Z,117200.0,,6ae5923c-4d35-48f2-ab21-0e83614f2fc3,OrderRole.Standalone,OrderType.Market,_default,,PositionEffect.Open,,117200.0,False,,OrderSide.Buy,OrderStatus.Filled,002236.SZ,,TimeInForce.GTC,,,,1262620800000000000,2010-01-04T16:00:00Z
29.05903,22295.5407675,1262534400000000000,2010-01-03T16:00:00Z,306900.0,,10752c41-22ca-4ec1-aa4a-d0153d0a36ee,OrderRole.Standalone,OrderType.Market,_default,,PositionEffect.Open,,306900.0,False,,OrderSide.Buy,OrderStatus.Filled,002241.SZ,,TimeInForce.GTC,,,,1262620800000000000,2010-01-04T16:00:00Z
53.5535,22733.46075,1262534400000000000,2010-01-03T16:00:00Z,169800.0,,e1406f34-fdf8-4f50-a1a1-b37e3d58fc9d,OrderRole.Standalone,OrderType.Market,_default,,PositionEffect.Open,,169800.0,False,,OrderSide.Buy,OrderStatus.Filled,002271.SZ,,TimeInForce.GTC,,,,1262620800000000000,2010-01-04T16:00:00Z
13.65364,24774.52978,1262534400000000000,2010-01-03T16:00:00Z,725800.0,,ba2115a2-9f62-4330-9816-8a85314c24e4,OrderRole.Standalone,OrderType.Market,_default,,PositionEffect.Open,,725800.0,False,,OrderSide.Buy,OrderStatus.Filled,600460.SH,,TimeInForce.GTC,,,,1262620800000000000,2010-01-04T16:00:00Z
9.12912,22594.572,1262534400000000000,2010-01-03T16:00:00Z,990000.0,,8d4e0ac0-4b72-4d47-b706-c1392eac8300,OrderRole.Standalone,OrderType.Market,_default,,PositionEffect.Open,,990000.0,False,,OrderSide.Buy,OrderStatus.Filled,600584.SH,,TimeInForce.GTC,,,,1262620800000000000,2010-01-04T16:00:00Z
8.05805,22465.8434,1262534400000000000,2010-01-03T16:00:00Z,1115200.0,,d625ebcb-418f-43ed-98b2-66ef5dfefe33,OrderRole.Standalone,OrderType.Market,_default,,PositionEffect.Open,,1115200.0,False,,OrderSide.Buy,OrderStatus.Filled,601998.SH,,TimeInForce.GTC,,,,1262620800000000000,2010-01-04T16:00:00Z
36.4635,23774.202,1264953600000000000,2010-01-31T16:00:00Z,260800.0,,ae18851d-0e68-4873-9e8e-5404fee12ee5,OrderRole.Standalone,OrderType.Market,_default,,PositionEffect.Close,,260800.0,False,,OrderSide.Sell,OrderStatus.Filled,000596.SZ,,TimeInForce.GTC,,,,1265040000000000000,2010-02-01T16:00:00Z
14.87511,22193.66412,1264953600000000000,2010-01-31T16:00:00Z,596800.0,,b11dabb1-0897-4443-b1ac-4cfa7a3d576c,OrderRole.Standalone,OrderType.Market,_default,,PositionEffect.Close,,596800.0,False,,OrderSide.Sell,OrderStatus.Filled,000988.SZ,,TimeInForce.GTC,,,,1265040000000000000,2010-02-01T16:00:00Z
11.1888,21387.3912,1264953600000000000,2010-01-31T16:00:00Z,764600.0,,0049be8c-9450-49bf-9911-58eee04b1eec,OrderRole.Standalone,OrderType.Market,_default,,PositionEffect.Close,,764600.0,False,,OrderSide.Sell,OrderStatus.Filled,002049.SZ,,TimeInForce.GTC,,,,1265040000000000000,2010-02-01T16:00:00Z
19.99998,18454.981545,1264953600000000000,2010-01-31T16:00:00Z,369100.0,,9362e7a8-3cb0-450e-8a3d-3d09c8750108,OrderRole.Standalone,OrderType.Market,_default,,PositionEffect.Close,,369100.0,False,,OrderSide.Sell,OrderStatus.Filled,002180.SZ,,TimeInForce.GTC,,,,1265040000000000000,2010-02-01T16:00:00Z
68.1318,19962.6174,1264953600000000000,2010-01-31T16:00:00Z,117200.0,,3511cd2d-16cb-4f94-b3cf-b2b86f2afabd,OrderRole.Standalone,OrderType.Market,_default,,PositionEffect.Close,,117200.0,False,,OrderSide.Sell,OrderStatus.Filled,002236.SZ,,TimeInForce.GTC,,,,1265040000000000000,2010-02-01T16:00:00Z
29.46051,22603.5762975,1264953600000000000,2010-01-31T16:00:00Z,306900.0,,80a428a2-4588-47cc-b53f-8d6b1183e673,OrderRole.Standalone,OrderType.Market,_default,,PositionEffect.Close,,306900.0,False,,OrderSide.Sell,OrderStatus.Filled,002241.SZ,,TimeInForce.GTC,,,,1265040000000000000,2010-02-01T16:00:00Z
58.26168,24732.08316,1264953600000000000,2010-01-31T16:00:00Z,169800.0,,62470d3c-7317-47e9-a7a4-d3919f053f5d,OrderRole.Standalone,OrderType.Market,_default,,PositionEffect.Close,,169800.0,False,,OrderSide.Sell,OrderStatus.Filled,002271.SZ,,TimeInForce.GTC,,,,1265040000000000000,2010-02-01T16:00:00Z
12.64734,22948.59843,1264953600000000000,2010-01-31T16:00:00Z,725800.0,,6c0522e2-cb99-4c97-9b62-50aa4d5a4f01,OrderRole.Standalone,OrderType.Market,_default,,PositionEffect.Close,,725800.0,False,,OrderSide.Sell,OrderStatus.Filled,600460.SH,,TimeInForce.GTC,,,,1265040000000000000,2010-02-01T16:00:00Z
7.80219,19310.42025,1264953600000000000,2010-01-31T16:00:00Z,990000.0,,14fd2a97-46e1-4779-a7e7-0e651bc8228b,OrderRole.Standalone,OrderType.Market,_default,,PositionEffect.Close,,990000.0,False,,OrderSide.Sell,OrderStatus.Filled,600584.SH,,TimeInForce.GTC,,,,1265040000000000000,2010-02-01T16:00:00Z
6.74325,18800.181,1264953600000000000,2010-01-31T16:00:00Z,1115200.0,,87d0b048-4201-4525-8a54-1e5528125ab5,OrderRole.Standalone,OrderType.Market,_default,,PositionEffect.Close,,1115200.0,False,,OrderSide.Sell,OrderStatus.Filled,601998.SH,,TimeInForce.GTC,,,,1265040000000000000,2010-02-01T16:00:00Z
34.3343,21416.019625,1264953600000000000,2010-01-31T16:00:00Z,249500.0,,69700daf-410f-4b55-90c5-ce0f37cfbd2d,OrderRole.Standalone,OrderType.Market,_default,,PositionEffect.Open,,249500.0,False,,OrderSide.Buy,OrderStatus.Filled,000425.SZ,,TimeInForce.GTC,,,,1265040000000000000,2010-02-01T16:00:00Z
35.51548,21211.62043,1264953600000000000,2010-01-31T16:00:00Z,238900.0,,71d65814-ef02-4d78-a97c-edd54a8df838,OrderRole.Standalone,OrderType.Market,_default,,PositionEffect.Open,,238900.0,False,,OrderSide.Buy,OrderStatus.Filled,000661.SZ,,TimeInForce.GTC,,,,1265040000000000000,2010-02-01T16:00:00Z
16.77676,20891.26039,1264953600000000000,2010-01-31T16:00:00Z,498100.0,,5b33182a-f33d-4455-86b1-2fa3514aa5fa,OrderRole.Standalone,OrderType.Market,_default,,PositionEffect.Open,,498100.0,False,,OrderSide.Buy,OrderStatus.Filled,000786.SZ,,TimeInForce.GTC,,,,1265040000000000000,2010-02-01T16:00:00Z
20.94092,21228.85765,1264953600000000000,2010-01-31T16:00:00Z,405500.0,,19f49c8e-9be9-4636-84dd-66f03571e999,OrderRole.Standalone,OrderType.Market,_default,,PositionEffect.Open,,405500.0,False,,OrderSide.Buy,OrderStatus.Filled,000963.SZ,,TimeInForce.GTC,,,,1265040000000000000,2010-02-01T16:00:00Z
12.63262,20641.70108,1264953600000000000,2010-01-31T16:00:00Z,653600.0,,08c98d13-3bc3-4d9f-9ab0-6194a84932e1,OrderRole.Standalone,OrderType.Market,_default,,PositionEffect.Open,,653600.0,False,,OrderSide.Buy,OrderStatus.Filled,000977.SZ,,TimeInForce.GTC,,,,1265040000000000000,2010-02-01T16:00:00Z
81.57149,21208.5874,1264953600000000000,2010-01-31T16:00:00Z,104000.0,,f7d5304b-a9d5-43ae-b4d1-6240dd403a84,OrderRole.Standalone,OrderType.Market,_default,,PositionEffect.Open,,104000.0,False,,OrderSide.Buy,OrderStatus.Filled,300033.SZ,,TimeInForce.GTC,,,,1265040000000000000,2010-02-01T16:00:00Z
24.28426,21218.372175,1264953600000000000,2010-01-31T16:00:00Z,349500.0,,60dbd953-4812-40e7-a7a2-240f14388705,OrderRole.Standalone,OrderType.Market,_default,,PositionEffect.Open,,349500.0,False,,OrderSide.Buy,OrderStatus.Filled,600085.SH,,TimeInForce.GTC,,,,1265040000000000000,2010-02-01T16:00:00Z
26.4264,21081.6606,1264953600000000000,2010-01-31T16:00:00Z,319100.0,,0b13acaf-07e4-4339-a53f-d1a8726ea41f,OrderRole.Standalone,OrderType.Market,_default,,PositionEffect.Open,,319100.0,False,,OrderSide.Buy,OrderStatus.Filled,600118.SH,,TimeInForce.GTC,,,,1265040000000000000,2010-02-01T16:00:00Z
11.53152,21137.27616,1264953600000000000,2010-01-31T16:00:00Z,733200.0,,125c7df7-909e-46a8-89be-34f0ee38cb0f,OrderRole.Standalone,OrderType.Market,_default,,PositionEffect.Open,,733200.0,False,,OrderSide.Buy,OrderStatus.Filled,600332.SH,,TimeInForce.GTC,,,,1265040000000000000,2010-02-01T16:00:00Z
10.36035,21331.96065,1264953600000000000,2010-01-31T16:00:00Z,823600.0,,6a9eb254-ef4c-49f5-8167-3f7df00c38b6,OrderRole.Standalone,OrderType.Market,_default,,PositionEffect.Open,,823600.0,False,,OrderSide.Buy,OrderStatus.Filled,600515.SH,,TimeInForce.GTC,,,,1265040000000000000,2010-02-01T16:00:00Z
35.6643,22245.607125,1267977600000000000,2010-03-07T16:00:00Z,249500.0,,11682d36-0480-49f0-ad88-f77b27e30dd2,OrderRole.Standalone,OrderType.Market,_default,,PositionEffect.Close,,249500.0,False,,OrderSide.Sell,OrderStatus.Filled,000425.SZ,,TimeInForce.GTC,,,,1268064000000000000,2010-03-08T16:00:00Z
36.1638,21598.82955,1267977600000000000,2010-03-07T16:00:00Z,238900.0,,82330418-fdcd-46e4-8c64-d6cba5593d17,OrderRole.Standalone,OrderType.Market,_default,,PositionEffect.Close,,238900.0,False,,OrderSide.Sell,OrderStatus.Filled,000661.SZ,,TimeInForce.GTC,,,,1268064000000000000,2010-03-08T16:00:00Z
17.47251,21757.6430775,1267977600000000000,2010-03-07T16:00:00Z,498100.0,,8bdd85ba-6149-4429-92c1-0a9e67bd50e0,OrderRole.Standalone,OrderType.Market,_default,,PositionEffect.Close,,498100.0,False,,OrderSide.Sell,OrderStatus.Filled,000786.SZ,,TimeInForce.GTC,,,,1268064000000000000,2010-03-08T16:00:00Z
21.978,22280.1975,1267977600000000000,2010-03-07T16:00:00Z,405500.0,,8844d877-0aed-4bfd-b617-302e0fa2b403,OrderRole.Standalone,OrderType.Market,_default,,PositionEffect.Close,,405500.0,False,,OrderSide.Sell,OrderStatus.Filled,000963.SZ,,TimeInForce.GTC,,,,1268064000000000000,2010-03-08T16:00:00Z
15.22476,1701.36693,1267977600000000000,2010-03-07T16:00:00Z,44700.0,,550362e6-0f4d-4b36-b8b7-e534afa9d18b,OrderRole.Standalone,OrderType.Market,_default,,PositionEffect.Close,,44700.0,False,,OrderSide.Sell,OrderStatus.Filled,000977.SZ,,TimeInForce.GTC,,,,1268064000000000000,2010-03-08T16:00:00Z
89.2107,23194.782,1267977600000000000,2010-03-07T16:00:00Z,104000.0,,3227d827-0960-47ad-9f12-25ccb81b7b1d,OrderRole.Standalone,OrderType.Market,_default,,PositionEffect.Close,,104000.0,False,,OrderSide.Sell,OrderStatus.Filled,300033.SZ,,TimeInForce.GTC,,,,1268064000000000000,2010-03-08T16:00:00Z
24.0759,21036.317625,1267977600000000000,2010-03-07T16:00:00Z,349500.0,,616cc460-4839-4f96-9c9c-e161c3e7e9f4,OrderRole.Standalone,OrderType.Market,_default,,PositionEffect.Close,,349500.0,False,,OrderSide.Sell,OrderStatus.Filled,600085.SH,,TimeInForce.GTC,,,,1268064000000000000,2010-03-08T16:00:00Z
33.52644,26745.71751,1267977600000000000,2010-03-07T16:00:00Z,319100.0,,0750a01d-2c04-4f03-8502-92436fd74f65,OrderRole.Standalone,OrderType.Market,_default,,PositionEffect.Close,,319100.0,False,,OrderSide.Sell,OrderStatus.Filled,600118.SH,,TimeInForce.GTC,,,,1268064000000000000,2010-03-08T16:00:00Z
11.988,21974.004,1267977600000000000,2010-03-07T16:00:00Z,733200.0,,fad633ae-b38f-49d9-ad89-61ddb8ea3273,OrderRole.Standalone,OrderType.Market,_default,,PositionEffect.Close,,733200.0,False,,OrderSide.Sell,OrderStatus.Filled,600332.SH,,TimeInForce.GTC,,,,1268064000000000000,2010-03-08T16:00:00Z
,0.0,1267977600000000000,2010-03-07T16:00:00Z,0.0,,ddb9af55-c506-4a54-a29f-b465075691f0,OrderRole.Standalone,OrderType.Market,_default,,PositionEffect.Close,,823600.0,False,"Symbol 600515.SH not tradable (zero volume, suspension) at execution timestamp 1268064000000000000",OrderSide.Sell,OrderStatus.Rejected,600515.SH,,TimeInForce.GTC,,,,1268064000000000000,2010-03-08T16:00:00Z
31.6316,22877.5547,1267977600000000000,2010-03-07T16:00:00Z,289300.0,,db1e38fe-0361-49b5-8928-5cbba5a5a818,OrderRole.Standalone,OrderType.Market,_default,,PositionEffect.Open,,289300.0,False,,OrderSide.Buy,OrderStatus.Filled,000568.SZ,,TimeInForce.GTC,,,,1268064000000000000,2010-03-08T16:00:00Z
51.90185,23005.4950125,1267977600000000000,2010-03-07T16:00:00Z,177300.0,,42a0625e-6e43-4449-94fe-33d1e6902352,OrderRole.Standalone,OrderType.Market,_default,,PositionEffect.Open,,177300.0,False,,OrderSide.Buy,OrderStatus.Filled,000776.SZ,,TimeInForce.GTC,,,,1268064000000000000,2010-03-08T16:00:00Z
50.8508,22997.2743,1267977600000000000,2010-03-07T16:00:00Z,180900.0,,9203a81b-b30d-417a-8cbe-19c1407f4147,OrderRole.Standalone,OrderType.Market,_default,,PositionEffect.Open,,180900.0,False,,OrderSide.Buy,OrderStatus.Filled,000895.SZ,,TimeInForce.GTC,,,,1268064000000000000,2010-03-08T16:00:00Z
19.50949,22952.914985,1267977600000000000,2010-03-07T16:00:00Z,470600.0,,bcd50e97-9a04-47ba-a7ad-7539f9e784a1,OrderRole.Standalone,OrderType.Market,_default,,PositionEffect.Open,,470600.0,False,,OrderSide.Buy,OrderStatus.Filled,002179.SZ,,TimeInForce.GTC,,,,1268064000000000000,2010-03-08T16:00:00Z
58.8588,23057.9349,1267977600000000000,2010-03-07T16:00:00Z,156700.0,,8121b92e-c698-4099-bf08-a5446067eeda,OrderRole.Standalone,OrderType.Market,_default,,PositionEffect.Open,,156700.0,False,,OrderSide.Buy,OrderStatus.Filled,002271.SZ,,TimeInForce.GTC,,,,1268064000000000000,2010-03-08T16:00:00Z
12.6126,22491.41895,1267977600000000000,2010-03-07T16:00:00Z,713300.0,,182561ef-3b29-438e-a731-2d4ba0ec4bb6,OrderRole.Standalone,OrderType.Market,_default,,PositionEffect.Open,,713300.0,False,,OrderSide.Buy,OrderStatus.Filled,600039.SH,,TimeInForce.GTC,,,,1268064000000000000,2010-03-08T16:00:00Z
7.75775,23023.0625625,1267977600000000000,2010-03-07T16:00:00Z,1187100.0,,c61f6118-a53b-4765-b423-25e1c7dcd8b6,OrderRole.Standalone,OrderType.Market,_default,,PositionEffect.Open,,1187100.0,False,,OrderSide.Buy,OrderStatus.Filled,600221.SH,,TimeInForce.GTC,,,,1268064000000000000,2010-03-08T16:00:00Z
14.09408,23015.63264,1267977600000000000,2010-03-07T16:00:00Z,653200.0,,4c8c2fe7-7a02-4234-82e3-1436cb0cf4c3,OrderRole.Standalone,OrderType.Market,_default,,PositionEffect.Open,,653200.0,False,,OrderSide.Buy,OrderStatus.Filled,600460.SH,,TimeInForce.GTC,,,,1268064000000000000,2010-03-08T16:00:00Z
,0.0,1267977600000000000,2010-03-07T16:00:00Z,0.0,,a3d008ad-a107-4994-ad87-90b711008f46,OrderRole.Standalone,OrderType.Market,_default,,PositionEffect.Open,,819900.0,False,"Risk: Insufficient margin at execution. Required: 9099854.999235000, Available: 8964665.395502500",OrderSide.Buy,OrderStatus.Rejected,600732.SH,,TimeInForce.GTC,,,,1268064000000000000,2010-03-08T16:00:00Z
15.12486,23023.818135,1268064000000000000,2010-03-08T16:00:00Z,608900.0,,dad28aec-399f-45e5-bfc6-f597e78dd270,OrderRole.Standalone,OrderType.Market,_default,,PositionEffect.Close,,608900.0,False,,OrderSide.Sell,OrderStatus.Filled,000977.SZ,,TimeInForce.GTC,,,,1268150400000000000,2010-03-09T16:00:00Z
32.6673,23626.624725,1270483200000000000,2010-04-05T16:00:00Z,289300.0,,e5ff9607-e53b-4877-a585-54e27998fc7b,OrderRole.Standalone,OrderType.Market,_default,,PositionEffect.Close,,289300.0,False,,OrderSide.Sell,OrderStatus.Filled,000568.SZ,,TimeInForce.GTC,,,,1270569600000000000,2010-04-06T16:00:00Z
55.8441,24752.897325,1270483200000000000,2010-04-05T16:00:00Z,177300.0,,80eee399-5c7a-46da-be71-dde8e88cfd51,OrderRole.Standalone,OrderType.Market,_default,,PositionEffect.Close,,177300.0,False,,OrderSide.Sell,OrderStatus.Filled,000776.SZ,,TimeInForce.GTC,,,,1270569600000000000,2010-04-06T16:00:00Z
20.79918,24470.23527,1270483200000000000,2010-04-05T16:00:00Z,470600.0,,a46c481d-f461-4bd8-ad72-98ffc205bb92,OrderRole.Standalone,OrderType.Market,_default,,PositionEffect.Close,,470600.0,False,,OrderSide.Sell,OrderStatus.Filled,002179.SZ,,TimeInForce.GTC,,,,1270569600000000000,2010-04-06T16:00:00Z
68.95098,3844.017135,1270483200000000000,2010-04-05T16:00:00Z,22300.0,,18fe7cf6-f425-4908-ba6a-9db5ce07b6c1,OrderRole.Standalone,OrderType.Market,_default,,PositionEffect.Close,,22300.0,False,,OrderSide.Sell,OrderStatus.Filled,002271.SZ,,TimeInForce.GTC,,,,1270569600000000000,2010-04-06T16:00:00Z
7.67232,22769.52768,1270483200000000000,2010-04-05T16:00:00Z,1187100.0,,c0afbc6e-1db8-4f80-a0dd-24d4133267c4,OrderRole.Standalone,OrderType.Market,_default,,PositionEffect.Close,,1187100.0,False,,OrderSide.Sell,OrderStatus.Filled,600221.SH,,TimeInForce.GTC,,,,1270569600000000000,2010-04-06T16:00:00Z
15.15483,24747.83739,1270483200000000000,2010-04-05T16:00:00Z,653200.0,,3efea84c-1456-4357-907e-be5d806358e9,OrderRole.Standalone,OrderType.Market,_default,,PositionEffect.Close,,653200.0,False,,OrderSide.Sell,OrderStatus.Filled,600460.SH,,TimeInForce.GTC,,,,1270569600000000000,2010-04-06T16:00:00Z
10.09989,20795.67351,1270483200000000000,2010-04-05T16:00:00Z,823600.0,,4ed361fe-c6f9-4707-b89f-5d8b63169a08,OrderRole.Standalone,OrderType.Market,_default,,PositionEffect.Close,,823600.0,False,,OrderSide.Sell,OrderStatus.Filled,600515.SH,,TimeInForce.GTC,,,,1270569600000000000,2010-04-06T16:00:00Z
,0.0,1270483200000000000,2010-04-05T16:00:00Z,0.0,,e50185cd-f635-4559-a55d-8a129732a8d9,OrderRole.Standalone,OrderType.Market,_default,,PositionEffect.Close,,180900.0,False,"Symbol 000895.SZ not tradable (zero volume, suspension) at execution timestamp 1270569600000000000",OrderSide.Sell,OrderStatus.Rejected,000895.SZ,,TimeInForce.GTC,,,,1270569600000000000,2010-04-06T16:00:00Z
42.2422,23328.25495,1270483200000000000,2010-04-05T16:00:00Z,220900.0,,2b03aeca-9e47-439a-8db7-8087a450aa2b,OrderRole.Standalone,OrderType.Market,_default,,PositionEffect.Open,,220900.0,False,,OrderSide.Buy,OrderStatus.Filled,000596.SZ,,TimeInForce.GTC,,,,1270569600000000000,2010-04-06T16:00:00Z
39.7397,23188.11495,1270483200000000000,2010-04-05T16:00:00Z,233400.0,,4c5d2f4a-fc58-4f24-b4cf-c5829b4fb43e,OrderRole.Standalone,OrderType.Market,_default,,PositionEffect.Open,,233400.0,False,,OrderSide.Buy,OrderStatus.Filled,000661.SZ,,TimeInForce.GTC,,,,1270569600000000000,2010-04-06T16:00:00Z
23.60358,23190.51735,1270483200000000000,2010-04-05T16:00:00Z,393000.0,,7bcdad82-1807-42f1-9837-a8d8b3d9d104,OrderRole.Standalone,OrderType.Market,_default,,PositionEffect.Open,,393000.0,False,,OrderSide.Buy,OrderStatus.Filled,000963.SZ,,TimeInForce.GTC,,,,1270569600000000000,2010-04-06T16:00:00Z
28.80878,23155.056925,1270483200000000000,2010-04-05T16:00:00Z,321500.0,,04dd0101-72e2-49e5-bdc2-0d2bedab028b,OrderRole.Standalone,OrderType.Market,_default,,PositionEffect.Open,,321500.0,False,,OrderSide.Buy,OrderStatus.Filled,600111.SH,,TimeInForce.GTC,,,,1270569600000000000,2010-04-06T16:00:00Z
8.22822,23246.778555,1270483200000000000,2010-04-05T16:00:00Z,1130100.0,,06bf81b2-2665-429e-bf05-b7abdb837c47,OrderRole.Standalone,OrderType.Market,_default,,PositionEffect.Open,,1130100.0,False,,OrderSide.Buy,OrderStatus.Filled,600115.SH,,TimeInForce.GTC,,,,1270569600000000000,2010-04-06T16:00:00Z
37.80777,23176.16301,1270483200000000000,2010-04-05T16:00:00Z,245200.0,,73b5cf84-adf5-4d9c-a926-a7ce4c4ad6dc,OrderRole.Standalone,OrderType.Market,_default,,PositionEffect.Open,,245200.0,False,,OrderSide.Buy,OrderStatus.Filled,600118.SH,,TimeInForce.GTC,,,,1270569600000000000,2010-04-06T16:00:00Z
37.9379,23246.448225,1270483200000000000,2010-04-05T16:00:00Z,245100.0,,ffb68869-ac0e-40ec-926b-d8557d4fca19,OrderRole.Standalone,OrderType.Market,_default,,PositionEffect.Open,,245100.0,False,,OrderSide.Buy,OrderStatus.Filled,600406.SH,,TimeInForce.GTC,,,,1270569600000000000,2010-04-06T16:00:00Z
,0.0,1270483200000000000,2010-04-05T16:00:00Z,0.0,,531026ef-5ca2-4918-9e34-8886cd4755c1,OrderRole.Standalone,OrderType.Market,_default,,PositionEffect.Open,,121800.0,False,"Symbol 600547.SH not tradable (zero volume, suspension) at execution timestamp 1270569600000000000",OrderSide.Buy,OrderStatus.Rejected,600547.SH,,TimeInForce.GTC,,,,1270569600000000000,2010-04-06T16:00:00Z
11.2112,2690.688,1270483200000000000,2010-04-05T16:00:00Z,96000.0,,2ec8bfbd-558d-46b1-8ecc-94693a4a8c96,OrderRole.Standalone,OrderType.Market,_default,,PositionEffect.Open,,96000.0,False,,OrderSide.Buy,OrderStatus.Filled,600039.SH,,TimeInForce.GTC,,,,1270569600000000000,2010-04-06T16:00:00Z
70.8291,23798.5776,1270569600000000000,2010-04-06T16:00:00Z,134400.0,,6210c466-8dc2-42bf-8377-423a3150b88a,OrderRole.Standalone,OrderType.Market,_default,,PositionEffect.Close,,134400.0,False,,OrderSide.Sell,OrderStatus.Filled,002271.SZ,,TimeInForce.GTC,,,,1270656000000000000,2010-04-07T16:00:00Z
11.19879,22657.9518675,1270569600000000000,2010-04-06T16:00:00Z,809300.0,,e8458672-98b5-4272-a1b8-840a3ea02ebd,OrderRole.Standalone,OrderType.Market,_default,,PositionEffect.Close,,809300.0,False,,OrderSide.Sell,OrderStatus.Filled,600039.SH,,TimeInForce.GTC,,,,1270656000000000000,2010-04-07T16:00:00Z
43.4565,23998.852125,1272988800000000000,2010-05-04T16:00:00Z,220900.0,,0626ca69-11e9-4f6c-a9c1-39ef37e4d1e2,OrderRole.Standalone,OrderType.Market,_default,,PositionEffect.Close,,220900.0,False,,OrderSide.Sell,OrderStatus.Filled,000596.SZ,,TimeInForce.GTC,,,,1273075200000000000,2010-05-05T16:00:00Z
26.09388,25637.2371,1272988800000000000,2010-05-04T16:00:00Z,393000.0,,68bd5cfd-0d6a-44cb-9aaa-0c8c314e787f,OrderRole.Standalone,OrderType.Market,_default,,PositionEffect.Close,,393000.0,False,,OrderSide.Sell,OrderStatus.Filled,000963.SZ,,TimeInForce.GTC,,,,1273075200000000000,2010-05-05T16:00:00Z
38.3616,6521.472,1272988800000000000,2010-05-04T16:00:00Z,68000.0,,e87d4aba-3948-4f20-bfa0-c13563abe1a2,OrderRole.Standalone,OrderType.Market,_default,,PositionEffect.Close,,68000.0,False,,OrderSide.Sell,OrderStatus.Filled,600111.SH,,TimeInForce.GTC,,,,1273075200000000000,2010-05-05T16:00:00Z
8.66133,24470.4225825,1272988800000000000,2010-05-04T16:00:00Z,1130100.0,,e3192e63-319e-4b68-899a-9bd0d45bdfb3,OrderRole.Standalone,OrderType.Market,_default,,PositionEffect.Close,,1130100.0,False,,OrderSide.Sell,OrderStatus.Filled,600115.SH,,TimeInForce.GTC,,,,1273075200000000000,2010-05-05T16:00:00Z
16.43355,20147.5323,1272988800000000000,2010-05-04T16:00:00Z,490400.0,,c7ccff55-0288-4175-a726-ce7dc42568e8,OrderRole.Standalone,OrderType.Market,_default,,PositionEffect.Close,,490400.0,False,,OrderSide.Sell,OrderStatus.Filled,600118.SH,,TimeInForce.GTC,,,,1273075200000000000,2010-05-05T16:00:00Z
40.80915,530.51895,1272988800000000000,2010-05-04T16:00:00Z,5200.0,,5557ec2c-cdc8-476d-8d76-178dbad37d94,OrderRole.Standalone,OrderType.Market,_default,,PositionEffect.Close,,5200.0,False,,OrderSide.Sell,OrderStatus.Filled,600406.SH,,TimeInForce.GTC,,,,1273075200000000000,2010-05-05T16:00:00Z
,0.0,1272988800000000000,2010-05-04T16:00:00Z,0.0,,56d486c2-5a91-40a8-b3c9-a178e05d9181,OrderRole.Standalone,OrderType.Market,_default,,PositionEffect.Close,,233400.0,False,"Symbol 000661.SZ not tradable (zero volume, suspension) at execution timestamp 1273075200000000000",OrderSide.Sell,OrderStatus.Rejected,000661.SZ,,TimeInForce.GTC,,,,1273075200000000000,2010-05-05T16:00:00Z
,0.0,1272988800000000000,2010-05-04T16:00:00Z,0.0,,6f2ccc4a-ff59-46f6-a950-e118e32a93ea,OrderRole.Standalone,OrderType.Market,_default,,PositionEffect.Close,,180900.0,False,"Symbol 000895.SZ not tradable (zero volume, suspension) at execution timestamp 1273075200000000000",OrderSide.Sell,OrderStatus.Rejected,000895.SZ,,TimeInForce.GTC,,,,1273075200000000000,2010-05-05T16:00:00Z
68.41835,24391.141775,1272988800000000000,2010-05-04T16:00:00Z,142600.0,,6072203d-3e88-44c1-ae73-9e34d02ca9d0,OrderRole.Standalone,OrderType.Market,_default,,PositionEffect.Open,,142600.0,False,,OrderSide.Buy,OrderStatus.Filled,000538.SZ,,TimeInForce.GTC,,,,1273075200000000000,2010-05-05T16:00:00Z
74.95488,24285.38112,1272988800000000000,2010-05-04T16:00:00Z,129600.0,,39da83d6-f398-4801-a03e-736fa7ca3944,OrderRole.Standalone,OrderType.Market,_default,,PositionEffect.Open,,129600.0,False,,OrderSide.Buy,OrderStatus.Filled,002007.SZ,,TimeInForce.GTC,,,,1273075200000000000,2010-05-05T16:00:00Z
141.65151,24222.40821,1272988800000000000,2010-05-04T16:00:00Z,68400.0,,9a618008-e4ab-483d-b2c3-191b4d6a72eb,OrderRole.Standalone,OrderType.Market,_default,,PositionEffect.Open,,68400.0,False,,OrderSide.Buy,OrderStatus.Filled,002304.SZ,,TimeInForce.GTC,,,,1273075200000000000,2010-05-05T16:00:00Z
33.82379,24150.18606,1272988800000000000,2010-05-04T16:00:00Z,285600.0,,07ac7462-b6ad-4fd6-8ff8-234d571d8752,OrderRole.Standalone,OrderType.Market,_default,,PositionEffect.Open,,285600.0,False,,OrderSide.Buy,OrderStatus.Filled,600132.SH,,TimeInForce.GTC,,,,1273075200000000000,2010-05-05T16:00:00Z
28.67865,24240.6289125,1272988800000000000,2010-05-04T16:00:00Z,338100.0,,078d62a3-1ad7-4707-96bf-9bac23c31420,OrderRole.Standalone,OrderType.Market,_default,,PositionEffect.Open,,338100.0,False,,OrderSide.Buy,OrderStatus.Filled,600161.SH,,TimeInForce.GTC,,,,1273075200000000000,2010-05-05T16:00:00Z
44.044,24323.299,1272988800000000000,2010-05-04T16:00:00Z,220900.0,,cb37d181-7ffa-4b41-882a-fc7abee2f068,OrderRole.Standalone,OrderType.Market,_default,,PositionEffect.Open,,220900.0,False,,OrderSide.Buy,OrderStatus.Filled,600436.SH,,TimeInForce.GTC,,,,1273075200000000000,2010-05-05T16:00:00Z
61.4614,24384.81045,1272988800000000000,2010-05-04T16:00:00Z,158700.0,,7af90745-7cd2-4006-ac40-3b00483b327a,OrderRole.Standalone,OrderType.Market,_default,,PositionEffect.Open,,158700.0,False,,OrderSide.Buy,OrderStatus.Filled,600489.SH,,TimeInForce.GTC,,,,1273075200000000000,2010-05-05T16:00:00Z
,0.0,1272988800000000000,2010-05-04T16:00:00Z,0.0,,88ca9564-89fd-4880-945d-bd80c90fc177,OrderRole.Standalone,OrderType.Market,_default,,PositionEffect.Open,,532300.0,False,"Risk: Insufficient margin at execution. Required: 9748499.948687500, Available: 555239.60331499930309968477",OrderSide.Buy,OrderStatus.Rejected,601607.SH,,TimeInForce.GTC,,,,1273075200000000000,2010-05-05T16:00:00Z
38.25171,24242.0212125,1273075200000000000,2010-05-05T16:00:00Z,253500.0,,b3cbdd71-bbf0-4420-9288-fdcc29fc9894,OrderRole.Standalone,OrderType.Market,_default,,PositionEffect.Close,,253500.0,False,,OrderSide.Sell,OrderStatus.Filled,600111.SH,,TimeInForce.GTC,,,,1273161600000000000,2010-05-06T16:00:00Z
39.3606,23606.51985,1273075200000000000,2010-05-05T16:00:00Z,239900.0,,4a98fc00-18c8-45f4-bb42-568205bf409d,OrderRole.Standalone,OrderType.Market,_default,,PositionEffect.Close,,239900.0,False,,OrderSide.Sell,OrderStatus.Filled,600406.SH,,TimeInForce.GTC,,,,1273161600000000000,2010-05-06T16:00:00Z
67.2327,23968.45755,1275408000000000000,2010-06-01T16:00:00Z,142600.0,,7a88e770-3ba6-4310-9cb0-ff1cb3cda58c,OrderRole.Standalone,OrderType.Market,_default,,PositionEffect.Close,,142600.0,False,,OrderSide.Sell,OrderStatus.Filled,000538.SZ,,TimeInForce.GTC,,,,1275494400000000000,2010-06-02T16:00:00Z
46.14381,2480.2297875,1275408000000000000,2010-06-01T16:00:00Z,21500.0,,178b2987-e345-4d52-bf01-803f88693786,OrderRole.Standalone,OrderType.Market,_default,,PositionEffect.Close,,21500.0,False,,OrderSide.Sell,OrderStatus.Filled,000661.SZ,,TimeInForce.GTC,,,,1275494400000000000,2010-06-02T16:00:00Z
48.33162,25047.862065,1275408000000000000,2010-06-01T16:00:00Z,207300.0,,f7e68255-76d1-4588-bcc6-239294bd2d45,OrderRole.Standalone,OrderType.Market,_default,,PositionEffect.Close,,207300.0,False,,OrderSide.Sell,OrderStatus.Filled,002007.SZ,,TimeInForce.GTC,,,,1275494400000000000,2010-06-02T16:00:00Z
152.847,26136.837,1275408000000000000,2010-06-01T16:00:00Z,68400.0,,8f40350c-918e-4afd-9389-9720356fa7bf,OrderRole.Standalone,OrderType.Market,_default,,PositionEffect.Close,,68400.0,False,,OrderSide.Sell,OrderStatus.Filled,002304.SZ,,TimeInForce.GTC,,,,1275494400000000000,2010-06-02T16:00:00Z
35.92404,25649.76456,1275408000000000000,2010-06-01T16:00:00Z,285600.0,,4f5d531a-7238-4634-8441-5d514b8c0b91,OrderRole.Standalone,OrderType.Market,_default,,PositionEffect.Close,,285600.0,False,,OrderSide.Sell,OrderStatus.Filled,600132.SH,,TimeInForce.GTC,,,,1275494400000000000,2010-06-02T16:00:00Z
26.78319,22638.4913475,1275408000000000000,2010-06-01T16:00:00Z,338100.0,,7f276db7-98cb-4470-8dd3-d727bd0e961c,OrderRole.Standalone,OrderType.Market,_default,,PositionEffect.Close,,338100.0,False,,OrderSide.Sell,OrderStatus.Filled,600161.SH,,TimeInForce.GTC,,,,1275494400000000000,2010-06-02T16:00:00Z
41.83812,23105.10177,1275408000000000000,2010-06-01T16:00:00Z,220900.0,,fdd1ceb5-8151-434c-bb97-dacb61bb5ea2,OrderRole.Standalone,OrderType.Market,_default,,PositionEffect.Close,,220900.0,False,,OrderSide.Sell,OrderStatus.Filled,600436.SH,,TimeInForce.GTC,,,,1275494400000000000,2010-06-02T16:00:00Z
58.75119,23309.5346325,1275408000000000000,2010-06-01T16:00:00Z,158700.0,,6733007d-037c-46ad-925a-e970c85ca11e,OrderRole.Standalone,OrderType.Market,_default,,PositionEffect.Close,,158700.0,False,,OrderSide.Sell,OrderStatus.Filled,600489.SH,,TimeInForce.GTC,,,,1275494400000000000,2010-06-02T16:00:00Z
,0.0,1275408000000000000,2010-06-01T16:00:00Z,0.0,,44faa787-3669-403d-849b-5a5bf417e097,OrderRole.Standalone,OrderType.Market,_default,,PositionEffect.Close,,180900.0,False,"Symbol 000895.SZ not tradable (zero volume, suspension) at execution timestamp 1275494400000000000",OrderSide.Sell,OrderStatus.Rejected,000895.SZ,,TimeInForce.GTC,,,,1275494400000000000,2010-06-02T16:00:00Z
43.9439,24114.215125,1275408000000000000,2010-06-01T16:00:00Z,219500.0,,2ccca4ce-c8e8-4349-aaf4-3800ae62b734,OrderRole.Standalone,OrderType.Market,_default,,PositionEffect.Open,,219500.0,False,,OrderSide.Buy,OrderStatus.Filled,000596.SZ,,TimeInForce.GTC,,,,1275494400000000000,2010-06-02T16:00:00Z
30.50047,23866.617775,1275408000000000000,2010-06-01T16:00:00Z,313000.0,,7ae564fe-00a0-41cb-9df3-f06023da15b0,OrderRole.Standalone,OrderType.Market,_default,,PositionEffect.Open,,313000.0,False,,OrderSide.Buy,OrderStatus.Filled,300014.SZ,,TimeInForce.GTC,,,,1275494400000000000,2010-06-02T16:00:00Z
39.3393,24252.67845,1275408000000000000,2010-06-01T16:00:00Z,246600.0,,4da818e0-b84a-49df-b1b6-bf120c9e9db7,OrderRole.Standalone,OrderType.Market,_default,,PositionEffect.Open,,246600.0,False,,OrderSide.Buy,OrderStatus.Filled,300015.SZ,,TimeInForce.GTC,,,,1275494400000000000,2010-06-02T16:00:00Z
61.94188,24141.84773,1275408000000000000,2010-06-01T16:00:00Z,155900.0,,572db572-b456-451c-8cfa-ca7b2c4f86c1,OrderRole.Standalone,OrderType.Market,_default,,PositionEffect.Open,,155900.0,False,,OrderSide.Buy,OrderStatus.Filled,300059.SZ,,TimeInForce.GTC,,,,1275494400000000000,2010-06-02T16:00:00Z
41.1411,24190.9668,1275408000000000000,2010-06-01T16:00:00Z,235200.0,,75855847-4f81-4cc0-b093-9de85f8d566f,OrderRole.Standalone,OrderType.Market,_default,,PositionEffect.Open,,235200.0,False,,OrderSide.Buy,OrderStatus.Filled,600111.SH,,TimeInForce.GTC,,,,1275494400000000000,2010-06-02T16:00:00Z
5.6056,24172.7486,1275408000000000000,2010-06-01T16:00:00Z,1724900.0,,ccfd7a08-206b-47f5-a868-5e677588460a,OrderRole.Standalone,OrderType.Market,_default,,PositionEffect.Open,,1724900.0,False,,OrderSide.Buy,OrderStatus.Filled,600221.SH,,TimeInForce.GTC,,,,1275494400000000000,2010-06-02T16:00:00Z
15.46545,24052.6411125,1275408000000000000,2010-06-01T16:00:00Z,622100.0,,ffccdc71-9d26-488e-b61d-fa3e16eb2fab,OrderRole.Standalone,OrderType.Market,_default,,PositionEffect.Open,,622100.0,False,,OrderSide.Buy,OrderStatus.Filled,600482.SH,,TimeInForce.GTC,,,,1275494400000000000,2010-06-02T16:00:00Z
20.2202,24011.4875,1275408000000000000,2010-06-01T16:00:00Z,475000.0,,4ffcbe2c-404f-47f4-96b4-c50e0b8f0e94,OrderRole.Standalone,OrderType.Market,_default,,PositionEffect.Open,,475000.0,False,,OrderSide.Buy,OrderStatus.Filled,600549.SH,,TimeInForce.GTC,,,,1275494400000000000,2010-06-02T16:00:00Z
11.6116,23655.7321,1275408000000000000,2010-06-01T16:00:00Z,814900.0,,61869678-66de-495c-84ec-70bff8b61267,OrderRole.Standalone,OrderType.Market,_default,,PositionEffect.Open,,814900.0,False,,OrderSide.Buy,OrderStatus.Filled,600584.SH,,TimeInForce.GTC,,,,1275494400000000000,2010-06-02T16:00:00Z
39.18078,21500.453025,1278259200000000000,2010-07-04T16:00:00Z,219500.0,,fe3df1e8-fd10-4442-9f22-70ff6b5aff73,OrderRole.Standalone,OrderType.Market,_default,,PositionEffect.Close,,219500.0,False,,OrderSide.Sell,OrderStatus.Filled,000596.SZ,,TimeInForce.GTC,,,,1278345600000000000,2010-07-05T16:00:00Z
33.51645,17755.3393875,1278259200000000000,2010-07-04T16:00:00Z,211900.0,,25a7bcf0-d583-4422-8c60-675497e9d3ac,OrderRole.Standalone,OrderType.Market,_default,,PositionEffect.Close,,211900.0,False,,OrderSide.Sell,OrderStatus.Filled,000661.SZ,,TimeInForce.GTC,,,,1278345600000000000,2010-07-05T16:00:00Z
24.1758,18917.5635,1278259200000000000,2010-07-04T16:00:00Z,313000.0,,2ae87506-0b2a-4f28-aeb5-c1c7413d0375,OrderRole.Standalone,OrderType.Market,_default,,PositionEffect.Close,,313000.0,False,,OrderSide.Sell,OrderStatus.Filled,300014.SZ,,TimeInForce.GTC,,,,1278345600000000000,2010-07-05T16:00:00Z
35.74422,22036.31163,1278259200000000000,2010-07-04T16:00:00Z,246600.0,,cb25bd8b-9793-433d-9251-82b57817b133,OrderRole.Standalone,OrderType.Market,_default,,PositionEffect.Close,,246600.0,False,,OrderSide.Sell,OrderStatus.Filled,300015.SZ,,TimeInForce.GTC,,,,1278345600000000000,2010-07-05T16:00:00Z
48.46149,18887.8657275,1278259200000000000,2010-07-04T16:00:00Z,155900.0,,85f14e07-3505-42d2-8b8b-d0daa3d8d12c,OrderRole.Standalone,OrderType.Market,_default,,PositionEffect.Close,,155900.0,False,,OrderSide.Sell,OrderStatus.Filled,300059.SZ,,TimeInForce.GTC,,,,1278345600000000000,2010-07-05T16:00:00Z
32.55741,19143.75708,1278259200000000000,2010-07-04T16:00:00Z,235200.0,,04058ddf-ff38-4576-aacb-d16e37e39187,OrderRole.Standalone,OrderType.Market,_default,,PositionEffect.Close,,235200.0,False,,OrderSide.Sell,OrderStatus.Filled,600111.SH,,TimeInForce.GTC,,,,1278345600000000000,2010-07-05T16:00:00Z
5.08491,21927.4031475,1278259200000000000,2010-07-04T16:00:00Z,1724900.0,,81447d48-c231-41b4-b5cf-bf58c612a75c,OrderRole.Standalone,OrderType.Market,_default,,PositionEffect.Close,,1724900.0,False,,OrderSide.Sell,OrderStatus.Filled,600221.SH,,TimeInForce.GTC,,,,1278345600000000000,2010-07-05T16:00:00Z
11.1888,17401.3812,1278259200000000000,2010-07-04T16:00:00Z,622100.0,,77781dff-6851-420b-8648-d250702a1837,OrderRole.Standalone,OrderType.Market,_default,,PositionEffect.Close,,622100.0,False,,OrderSide.Sell,OrderStatus.Filled,600482.SH,,TimeInForce.GTC,,,,1278345600000000000,2010-07-05T16:00:00Z
16.83315,19989.365625,1278259200000000000,2010-07-04T16:00:00Z,475000.0,,ff46a74c-4fca-40b2-b03d-a1211f4eab2a,OrderRole.Standalone,OrderType.Market,_default,,PositionEffect.Close,,475000.0,False,,OrderSide.Sell,OrderStatus.Filled,600549.SH,,TimeInForce.GTC,,,,1278345600000000000,2010-07-05T16:00:00Z
10.26972,20921.98707,1278259200000000000,2010-07-04T16:00:00Z,814900.0,,02951bc6-6e99-42cd-8b6e-fd8d30dbb3c1,OrderRole.Standalone,OrderType.Market,_default,,PositionEffect.Close,,814900.0,False,,OrderSide.Sell,OrderStatus.Filled,600584.SH,,TimeInForce.GTC,,,,1278345600000000000,2010-07-05T16:00:00Z
,0.0,1278259200000000000,2010-07-04T16:00:00Z,0.0,,e675c2a2-8df0-4b72-a138-5930ce877587,OrderRole.Standalone,OrderType.Market,_default,,PositionEffect.Close,,180900.0,False,"Symbol 000895.SZ not tradable (zero volume, suspension) at execution timestamp 1278345600000000000",OrderSide.Sell,OrderStatus.Rejected,000895.SZ,,TimeInForce.GTC,,,,1278345600000000000,2010-07-05T16:00:00Z
18.47846,20409.45907,1278259200000000000,2010-07-04T16:00:00Z,441800.0,,6a66415b-82bb-450b-ba52-1acb589a5bc1,OrderRole.Standalone,OrderType.Market,_default,,PositionEffect.Open,,441800.0,False,,OrderSide.Buy,OrderStatus.Filled,000063.SZ,,TimeInForce.GTC,,,,1278345600000000000,2010-07-05T16:00:00Z
18.19818,20454.75432,1278259200000000000,2010-07-04T16:00:00Z,449600.0,,480d8a1f-68f6-4c9e-b6d6-ba55d7b84907,OrderRole.Standalone,OrderType.Market,_default,,PositionEffect.Open,,449600.0,False,,OrderSide.Buy,OrderStatus.Filled,000651.SZ,,TimeInForce.GTC,,,,1278345600000000000,2010-07-05T16:00:00Z
8.21821,20333.9060925,1278259200000000000,2010-07-04T16:00:00Z,989700.0,,88ab6d57-8d2c-4633-a4f8-07dacd72c6ed,OrderRole.Standalone,OrderType.Market,_default,,PositionEffect.Open,,989700.0,False,,OrderSide.Buy,OrderStatus.Filled,000876.SZ,,TimeInForce.GTC,,,,1278345600000000000,2010-07-05T16:00:00Z
23.47345,20474.7167625,1278259200000000000,2010-07-04T16:00:00Z,348900.0,,f5f66fbb-f9f2-40d0-a6d7-5381cebbc677,OrderRole.Standalone,OrderType.Market,_default,,PositionEffect.Open,,348900.0,False,,OrderSide.Buy,OrderStatus.Filled,002001.SZ,,TimeInForce.GTC,,,,1278345600000000000,2010-07-05T16:00:00Z
21.85183,20447.8499225,1278259200000000000,2010-07-04T16:00:00Z,374300.0,,42a03340-7e11-4e80-b5d4-21192d2780dc,OrderRole.Standalone,OrderType.Market,_default,,PositionEffect.Open,,374300.0,False,,OrderSide.Buy,OrderStatus.Filled,002028.SZ,,TimeInForce.GTC,,,,1278345600000000000,2010-07-05T16:00:00Z
13.8138,20371.90155,1278259200000000000,2010-07-04T16:00:00Z,589900.0,,2b7dd5c3-99e9-4443-9903-d89dc2bffe24,OrderRole.Standalone,OrderType.Market,_default,,PositionEffect.Open,,589900.0,False,,OrderSide.Buy,OrderStatus.Filled,600089.SH,,TimeInForce.GTC,,,,1278345600000000000,2010-07-05T16:00:00Z
16.2162,20545.9254,1278259200000000000,2010-07-04T16:00:00Z,506800.0,,006706f8-fcbc-4cba-9238-52e19ef7c3e0,OrderRole.Standalone,OrderType.Market,_default,,PositionEffect.Open,,506800.0,False,,OrderSide.Buy,OrderStatus.Filled,600196.SH,,TimeInForce.GTC,,,,1278345600000000000,2010-07-05T16:00:00Z
13.40339,20463.6256825,1278259200000000000,2010-07-04T16:00:00Z,610700.0,,c962bdd7-5da5-4cbd-9714-42f1c0284cd6,OrderRole.Standalone,OrderType.Market,_default,,PositionEffect.Open,,610700.0,False,,OrderSide.Buy,OrderStatus.Filled,600309.SH,,TimeInForce.GTC,,,,1278345600000000000,2010-07-05T16:00:00Z
,0.0,1278259200000000000,2010-07-04T16:00:00Z,0.0,,f62414c0-7724-4191-85f6-1e1b7a560498,OrderRole.Standalone,OrderType.Market,_default,,PositionEffect.Open,,910200.0,False,"Risk: Insufficient margin at execution. Required: 8165688.50097000000000000000, Available: 7157405.08455500074701347330",OrderSide.Buy,OrderStatus.Rejected,600837.SH,,TimeInForce.GTC,,,,1278345600000000000,2010-07-05T16:00:00Z
41.49145,20247.8276,1278259200000000000,2010-07-04T16:00:00Z,195200.0,,c3aaec37-c021-4963-a5dc-f41633f219af,OrderRole.Standalone,OrderType.Market,_default,,PositionEffect.Open,,195200.0,False,,OrderSide.Buy,OrderStatus.Filled,002007.SZ,,TimeInForce.GTC,,,,1278345600000000000,2010-07-05T16:00:00Z
23.28669,25720.149105,1280678400000000000,2010-08-01T16:00:00Z,441800.0,,51843d92-c0ae-4664-9853-a15ba86f432d,OrderRole.Standalone,OrderType.Market,_default,,PositionEffect.Close,,441800.0,False,,OrderSide.Sell,OrderStatus.Filled,000063.SZ,,TimeInForce.GTC,,,,1280764800000000000,2010-08-02T16:00:00Z
15.46452,1519.38909,1280678400000000000,2010-08-01T16:00:00Z,39300.0,,3b467fbf-973f-4a35-ab09-3ff697f6e088,OrderRole.Standalone,OrderType.Market,_default,,PositionEffect.Close,,39300.0,False,,OrderSide.Sell,OrderStatus.Filled,000651.SZ,,TimeInForce.GTC,,,,1280764800000000000,2010-08-02T16:00:00Z
33.78618,29469.995505,1280678400000000000,2010-08-01T16:00:00Z,348900.0,,70cebefa-c8e1-446b-ae5b-05f03e2f02db,OrderRole.Standalone,OrderType.Market,_default,,PositionEffect.Close,,348900.0,False,,OrderSide.Sell,OrderStatus.Filled,002001.SZ,,TimeInForce.GTC,,,,1280764800000000000,2010-08-02T16:00:00Z
25.72425,24071.4669375,1280678400000000000,2010-08-01T16:00:00Z,374300.0,,a66e39ae-111f-4198-8f6c-e6b75a7fecc6,OrderRole.Standalone,OrderType.Market,_default,,PositionEffect.Close,,374300.0,False,,OrderSide.Sell,OrderStatus.Filled,002028.SZ,,TimeInForce.GTC,,,,1280764800000000000,2010-08-02T16:00:00Z
17.00298,25075.144755,1280678400000000000,2010-08-01T16:00:00Z,589900.0,,c7c1bfd2-b2c4-45da-9b33-234574ce2449,OrderRole.Standalone,OrderType.Market,_default,,PositionEffect.Close,,589900.0,False,,OrderSide.Sell,OrderStatus.Filled,600089.SH,,TimeInForce.GTC,,,,1280764800000000000,2010-08-02T16:00:00Z
13.986,26580.393,1280678400000000000,2010-08-01T16:00:00Z,760200.0,,95644d73-cc84-4cd3-8b00-17dc0f9c41ae,OrderRole.Standalone,OrderType.Market,_default,,PositionEffect.Close,,760200.0,False,,OrderSide.Sell,OrderStatus.Filled,600196.SH,,TimeInForce.GTC,,,,1280764800000000000,2010-08-02T16:00:00Z
17.11287,26127.0742725,1280678400000000000,2010-08-01T16:00:00Z,610700.0,,8023d132-21a7-4835-8c2a-2bf4c6360721,OrderRole.Standalone,OrderType.Market,_default,,PositionEffect.Close,,610700.0,False,,OrderSide.Sell,OrderStatus.Filled,600309.SH,,TimeInForce.GTC,,,,1280764800000000000,2010-08-02T16:00:00Z
,0.0,1280678400000000000,2010-08-01T16:00:00Z,0.0,,ad18aff1-b444-4c0d-9e2b-ce0a13d9e09a,OrderRole.Standalone,OrderType.Market,_default,,PositionEffect.Close,,1088600.0,False,"Symbol 000876.SZ not tradable (zero volume, suspension) at execution timestamp 1280764800000000000",OrderSide.Sell,OrderStatus.Rejected,000876.SZ,,TimeInForce.GTC,,,,1280764800000000000,2010-08-02T16:00:00Z
,0.0,1280678400000000000,2010-08-01T16:00:00Z,0.0,,b3456f5f-e1d3-405a-aa32-4b932badf418,OrderRole.Standalone,OrderType.Market,_default,,PositionEffect.Close,,180900.0,False,"Symbol 000895.SZ not tradable (zero volume, suspension) at execution timestamp 1280764800000000000",OrderSide.Sell,OrderStatus.Rejected,000895.SZ,,TimeInForce.GTC,,,,1280764800000000000,2010-08-02T16:00:00Z
8.32832,24441.53712,1280678400000000000,2010-08-01T16:00:00Z,1173900.0,,908e8aa8-8a68-47df-8f3e-281875b574c5,OrderRole.Standalone,OrderType.Market,_default,,PositionEffect.Open,,1173900.0,False,,OrderSide.Buy,OrderStatus.Filled,000002.SZ,,TimeInForce.GTC,,,,1280764800000000000,2010-08-02T16:00:00Z
57.10705,24498.92445,1280678400000000000,2010-08-01T16:00:00Z,171600.0,,defa8413-580b-49d7-9ac9-c39258da7742,OrderRole.Standalone,OrderType.Market,_default,,PositionEffect.Open,,171600.0,False,,OrderSide.Buy,OrderStatus.Filled,000538.SZ,,TimeInForce.GTC,,,,1280764800000000000,2010-08-02T16:00:00Z
34.32429,24430.3134075,1280678400000000000,2010-08-01T16:00:00Z,284700.0,,9b2b3b6f-7ca3-4cb7-871b-f7e19d964884,OrderRole.Standalone,OrderType.Market,_default,,PositionEffect.Open,,284700.0,False,,OrderSide.Buy,OrderStatus.Filled,000568.SZ,,TimeInForce.GTC,,,,1280764800000000000,2010-08-02T16:00:00Z
29.1291,24381.0567,1280678400000000000,2010-08-01T16:00:00Z,334800.0,,ae92831f-4057-465e-9c26-5c5cc68065ca,OrderRole.Standalone,OrderType.Market,_default,,PositionEffect.Open,,334800.0,False,,OrderSide.Buy,OrderStatus.Filled,000858.SZ,,TimeInForce.GTC,,,,1280764800000000000,2010-08-02T16:00:00Z
143.143,24334.31,1280678400000000000,2010-08-01T16:00:00Z,68000.0,,5c4d4a7c-2462-4dfd-ac4b-a5f5a3361992,OrderRole.Standalone,OrderType.Market,_default,,PositionEffect.Open,,68000.0,False,,OrderSide.Buy,OrderStatus.Filled,600519.SH,,TimeInForce.GTC,,,,1280764800000000000,2010-08-02T16:00:00Z
36.41638,24544.64012,1280678400000000000,2010-08-01T16:00:00Z,269600.0,,f666cfc5-3de7-4c63-b0f8-d2f98dfbeb28,OrderRole.Standalone,OrderType.Market,_default,,PositionEffect.Open,,269600.0,False,,OrderSide.Buy,OrderStatus.Filled,600547.SH,,TimeInForce.GTC,,,,1280764800000000000,2010-08-02T16:00:00Z
10.7107,24350.77645,1280678400000000000,2010-08-01T16:00:00Z,909400.0,,4431bf34-9b13-4ab2-9cb6-ce3628b37f3f,OrderRole.Standalone,OrderType.Market,_default,,PositionEffect.Open,,909400.0,False,,OrderSide.Buy,OrderStatus.Filled,600660.SH,,TimeInForce.GTC,,,,1280764800000000000,2010-08-02T16:00:00Z
,0.0,1280678400000000000,2010-08-01T16:00:00Z,0.0,,bc2faa80-370e-4cfb-8fd1-501eb411865d,OrderRole.Standalone,OrderType.Market,_default,,PositionEffect.Open,,2713100.0,False,"Risk: Insufficient margin at execution. Required: 9801369.47790000000000000000, Available: 2003450.47157999823212704087",OrderSide.Buy,OrderStatus.Rejected,600795.SH,,TimeInForce.GTC,,,,1280764800000000000,2010-08-02T16:00:00Z
48.79875,622.1840625,1280678400000000000,2010-08-01T16:00:00Z,5100.0,,102f4499-ef21-4831-8c01-cc2140bde990,OrderRole.Standalone,OrderType.Market,_default,,PositionEffect.Open,,5100.0,False,,OrderSide.Buy,OrderStatus.Filled,002007.SZ,,TimeInForce.GTC,,,,1280764800000000000,2010-08-02T16:00:00Z
14.84514,23570.371035,1280764800000000000,2010-08-02T16:00:00Z,635100.0,,5cd4511a-1c9b-45da-aaca-bddbed5b6a4b,OrderRole.Standalone,OrderType.Market,_default,,PositionEffect.Close,,635100.0,False,,OrderSide.Sell,OrderStatus.Filled,000651.SZ,,TimeInForce.GTC,,,,1280851200000000000,2010-08-03T16:00:00Z
46.953,23518.7577,1280764800000000000,2010-08-02T16:00:00Z,200360.0,,887d14f7-e41c-4f95-8382-fcee9ad3608b,OrderRole.Standalone,OrderType.Market,_default,,PositionEffect.Close,,200360.0,False,,OrderSide.Sell,OrderStatus.Filled,002007.SZ,,TimeInForce.GTC,,,,1280851200000000000,2010-08-03T16:00:00Z
8.42157,24715.2025575,1283097600000000000,2010-08-29T16:00:00Z,1173900.0,,fb8540f8-28f8-4f9d-afec-00317efeee6d,OrderRole.Standalone,OrderType.Market,_default,,PositionEffect.Close,,1173900.0,False,,OrderSide.Sell,OrderStatus.Filled,000002.SZ,,TimeInForce.GTC,,,,1283184000000000000,2010-08-30T16:00:00Z
58.71123,25187.11767,1283097600000000000,2010-08-29T16:00:00Z,171600.0,,1173b7fe-cb29-4674-8231-b2dba7e042a2,OrderRole.Standalone,OrderType.Market,_default,,PositionEffect.Close,,171600.0,False,,OrderSide.Sell,OrderStatus.Filled,000538.SZ,,TimeInForce.GTC,,,,1283184000000000000,2010-08-30T16:00:00Z
36.04392,25654.26006,1283097600000000000,2010-08-29T16:00:00Z,284700.0,,45cc6233-4468-4fa4-9be7-9321b30520fb,OrderRole.Standalone,OrderType.Market,_default,,PositionEffect.Close,,284700.0,False,,OrderSide.Sell,OrderStatus.Filled,000568.SZ,,TimeInForce.GTC,,,,1283184000000000000,2010-08-30T16:00:00Z
31.5684,26422.7508,1283097600000000000,2010-08-29T16:00:00Z,334800.0,,32daee19-b6b8-4a45-b8f4-33af24871b62,OrderRole.Standalone,OrderType.Market,_default,,PositionEffect.Close,,334800.0,False,,OrderSide.Sell,OrderStatus.Filled,000858.SZ,,TimeInForce.GTC,,,,1283184000000000000,2010-08-30T16:00:00Z
158.37147,26923.1499,1283097600000000000,2010-08-29T16:00:00Z,68000.0,,94cf052f-9cd3-4720-a15b-56183989b080,OrderRole.Standalone,OrderType.Market,_default,,PositionEffect.Close,,68000.0,False,,OrderSide.Sell,OrderStatus.Filled,600519.SH,,TimeInForce.GTC,,,,1283184000000000000,2010-08-30T16:00:00Z
41.8581,28212.3594,1283097600000000000,2010-08-29T16:00:00Z,269600.0,,0318b134-0dbe-4881-bfee-e814df74f442,OrderRole.Standalone,OrderType.Market,_default,,PositionEffect.Close,,269600.0,False,,OrderSide.Sell,OrderStatus.Filled,600547.SH,,TimeInForce.GTC,,,,1283184000000000000,2010-08-30T16:00:00Z
11.03895,25097.052825,1283097600000000000,2010-08-29T16:00:00Z,909400.0,,bf2b4be7-4a99-47d7-8996-4c10d4a2e63d,OrderRole.Standalone,OrderType.Market,_default,,PositionEffect.Close,,909400.0,False,,OrderSide.Sell,OrderStatus.Filled,600660.SH,,TimeInForce.GTC,,,,1283184000000000000,2010-08-30T16:00:00Z
,0.0,1283097600000000000,2010-08-29T16:00:00Z,0.0,,3b3f389d-8fe3-4334-b7c1-646627ec0402,OrderRole.Standalone,OrderType.Market,_default,,PositionEffect.Close,,1088600.0,False,"Symbol 000876.SZ not tradable (zero volume, suspension) at execution timestamp 1283184000000000000",OrderSide.Sell,OrderStatus.Rejected,000876.SZ,,TimeInForce.GTC,,,,1283184000000000000,2010-08-30T16:00:00Z
,0.0,1283097600000000000,2010-08-29T16:00:00Z,0.0,,4b6951fd-e55b-4ef3-8ce8-b1ded16a1d57,OrderRole.Standalone,OrderType.Market,_default,,PositionEffect.Close,,180900.0,False,"Symbol 000895.SZ not tradable (zero volume, suspension) at execution timestamp 1283184000000000000",OrderSide.Sell,OrderStatus.Rejected,000895.SZ,,TimeInForce.GTC,,,,1283184000000000000,2010-08-30T16:00:00Z
51.87182,25222.672475,1283097600000000000,2010-08-29T16:00:00Z,194500.0,,ea2ac1b7-9494-4114-adde-ea5b222640c0,OrderRole.Standalone,OrderType.Market,_default,,PositionEffect.Open,,194500.0,False,,OrderSide.Buy,OrderStatus.Filled,000661.SZ,,TimeInForce.GTC,,,,1283184000000000000,2010-08-30T16:00:00Z
79.079,25285.51025,1283097600000000000,2010-08-29T16:00:00Z,127900.0,,7388a8b2-5462-4a12-a68b-c2a422fe4bae,OrderRole.Standalone,OrderType.Market,_default,,PositionEffect.Open,,127900.0,False,,OrderSide.Buy,OrderStatus.Filled,002236.SZ,,TimeInForce.GTC,,,,1283184000000000000,2010-08-30T16:00:00Z
59.26921,25130.14504,1283097600000000000,2010-08-29T16:00:00Z,169600.0,,eceb579b-bf3a-4d98-9fda-3ea2b237035d,OrderRole.Standalone,OrderType.Market,_default,,PositionEffect.Open,,169600.0,False,,OrderSide.Buy,OrderStatus.Filled,002252.SZ,,TimeInForce.GTC,,,,1283184000000000000,2010-08-30T16:00:00Z
66.78672,25111.80672,1283097600000000000,2010-08-29T16:00:00Z,150400.0,,b4c5a855-8cbd-460a-87d0-d5beaf025cef,OrderRole.Standalone,OrderType.Market,_default,,PositionEffect.Open,,150400.0,False,,OrderSide.Buy,OrderStatus.Filled,002410.SZ,,TimeInForce.GTC,,,,1283184000000000000,2010-08-30T16:00:00Z
26.27625,25185.785625,1283097600000000000,2010-08-29T16:00:00Z,383400.0,,0ba7b12f-661a-47c6-8d59-c984c6c88437,OrderRole.Standalone,OrderType.Market,_default,,PositionEffect.Open,,383400.0,False,,OrderSide.Buy,OrderStatus.Filled,600031.SH,,TimeInForce.GTC,,,,1283184000000000000,2010-08-30T16:00:00Z
53.9539,25331.35605,1283097600000000000,2010-08-29T16:00:00Z,187800.0,,6d629cd1-fcba-49b2-a62f-56202ec0b955,OrderRole.Standalone,OrderType.Market,_default,,PositionEffect.Open,,187800.0,False,,OrderSide.Buy,OrderStatus.Filled,600111.SH,,TimeInForce.GTC,,,,1283184000000000000,2010-08-30T16:00:00Z
49.52948,25235.27006,1283097600000000000,2010-08-29T16:00:00Z,203800.0,,8a8ae77d-7927-4811-bc4e-9c8485fb5d5a,OrderRole.Standalone,OrderType.Market,_default,,PositionEffect.Open,,203800.0,False,,OrderSide.Buy,OrderStatus.Filled,600436.SH,,TimeInForce.GTC,,,,1283184000000000000,2010-08-30T16:00:00Z
31.06103,25283.67842,1283097600000000000,2010-08-29T16:00:00Z,325600.0,,81b97b06-fa60-4259-855c-84a2dc0c87d9,OrderRole.Standalone,OrderType.Market,_default,,PositionEffect.Open,,325600.0,False,,OrderSide.Buy,OrderStatus.Filled,600549.SH,,TimeInForce.GTC,,,,1283184000000000000,2010-08-30T16:00:00Z
58.058,25284.259,1283097600000000000,2010-08-29T16:00:00Z,174200.0,,b8751a7b-d4fe-424c-ad04-f4a27bb492ab,OrderRole.Standalone,OrderType.Market,_default,,PositionEffect.Open,,174200.0,False,,OrderSide.Buy,OrderStatus.Filled,600809.SH,,TimeInForce.GTC,,,,1283184000000000000,2010-08-30T16:00:00Z
,0.0,1283097600000000000,2010-08-29T16:00:00Z,0.0,,607f80db-afe4-4c6e-905b-fc632419a518,OrderRole.Standalone,OrderType.Market,_default,,PositionEffect.Open,,503300.0,False,"Risk: Insufficient margin at execution. Required: 10111357.42116500000000000000, Available: 2439294.28899249823212704086",OrderSide.Buy,OrderStatus.Rejected,601607.SH,,TimeInForce.GTC,,,,1283184000000000000,2010-08-30T16:00:00Z
51.85809,25215.9962625,1285776000000000000,2010-09-29T16:00:00Z,194500.0,,9b17913a-b1ac-4f5b-aeab-9ad4c802300e,OrderRole.Standalone,OrderType.Market,_default,,PositionEffect.Close,,194500.0,False,,OrderSide.Sell,OrderStatus.Filled,000661.SZ,,TimeInForce.GTC,,,,1286467200000000000,2010-10-07T16:00:00Z
17.07291,46463.924565,1285776000000000000,2010-09-29T16:00:00Z,1088600.0,,3a02aba1-9325-4346-81ec-81637b743a14,OrderRole.Standalone,OrderType.Market,_default,,PositionEffect.Close,,1088600.0,False,,OrderSide.Sell,OrderStatus.Filled,000876.SZ,,TimeInForce.GTC,,,,1286467200000000000,2010-10-07T16:00:00Z
77.20272,24685.56972,1285776000000000000,2010-09-29T16:00:00Z,127900.0,,9f9c6006-1f62-4e8b-9e63-6b8a39a59fd1,OrderRole.Standalone,OrderType.Market,_default,,PositionEffect.Close,,127900.0,False,,OrderSide.Sell,OrderStatus.Filled,002236.SZ,,TimeInForce.GTC,,,,1286467200000000000,2010-10-07T16:00:00Z
62.11782,26337.95568,1285776000000000000,2010-09-29T16:00:00Z,169600.0,,3239d733-9133-4e24-aaf1-b8ae44404d4a,OrderRole.Standalone,OrderType.Market,_default,,PositionEffect.Close,,169600.0,False,,OrderSide.Sell,OrderStatus.Filled,002252.SZ,,TimeInForce.GTC,,,,1286467200000000000,2010-10-07T16:00:00Z
51.88806,29264.86584,1285776000000000000,2010-09-29T16:00:00Z,225600.0,,296d16f0-da7b-44a1-a006-c85932eef530,OrderRole.Standalone,OrderType.Market,_default,,PositionEffect.Close,,225600.0,False,,OrderSide.Sell,OrderStatus.Filled,002410.SZ,,TimeInForce.GTC,,,,1286467200000000000,2010-10-07T16:00:00Z
29.28069,28065.541365,1285776000000000000,2010-09-29T16:00:00Z,383400.0,,c57055c0-e00a-4ee6-a8f1-81b78190e7ce,OrderRole.Standalone,OrderType.Market,_default,,PositionEffect.Close,,383400.0,False,,OrderSide.Sell,OrderStatus.Filled,600031.SH,,TimeInForce.GTC,,,,1286467200000000000,2010-10-07T16:00:00Z
78.4215,6371.746875,1285776000000000000,2010-09-29T16:00:00Z,32500.0,,d23af53d-7266-4f29-ae1f-9624b2d36e96,OrderRole.Standalone,OrderType.Market,_default,,PositionEffect.Close,,32500.0,False,,OrderSide.Sell,OrderStatus.Filled,600111.SH,,TimeInForce.GTC,,,,1286467200000000000,2010-10-07T16:00:00Z
54.4455,27739.98225,1285776000000000000,2010-09-29T16:00:00Z,203800.0,,0ffe7010-7fc5-4af2-a378-a8e7e5871911,OrderRole.Standalone,OrderType.Market,_default,,PositionEffect.Close,,203800.0,False,,OrderSide.Sell,OrderStatus.Filled,600436.SH,,TimeInForce.GTC,,,,1286467200000000000,2010-10-07T16:00:00Z
36.24372,29502.38808,1285776000000000000,2010-09-29T16:00:00Z,325600.0,,578770a3-7098-4758-9308-307b5bccd20d,OrderRole.Standalone,OrderType.Market,_default,,PositionEffect.Close,,325600.0,False,,OrderSide.Sell,OrderStatus.Filled,600549.SH,,TimeInForce.GTC,,,,1286467200000000000,2010-10-07T16:00:00Z
68.82111,29971.593405,1285776000000000000,2010-09-29T16:00:00Z,174200.0,,fe9caf36-2a1e-442d-ac58-25b3ec802c3a,OrderRole.Standalone,OrderType.Market,_default,,PositionEffect.Close,,174200.0,False,,OrderSide.Sell,OrderStatus.Filled,600809.SH,,TimeInForce.GTC,,,,1286467200000000000,2010-10-07T16:00:00Z
,0.0,1285776000000000000,2010-09-29T16:00:00Z,0.0,,d21af8dc-c699-4bc4-b0e0-7b017a624a7a,OrderRole.Standalone,OrderType.Market,_default,,PositionEffect.Close,,180900.0,False,"Symbol 000895.SZ not tradable (zero volume, suspension) at execution timestamp 1286467200000000000",OrderSide.Sell,OrderStatus.Rejected,000895.SZ,,TimeInForce.GTC,,,,1286467200000000000,2010-10-07T16:00:00Z
10.8108,30359.4291,1285776000000000000,2010-09-29T16:00:00Z,1123300.0,,8446107a-8e2c-455d-b2a4-4b9c95de8976,OrderRole.Standalone,OrderType.Market,_default,,PositionEffect.Open,,1123300.0,False,,OrderSide.Buy,OrderStatus.Filled,000157.SZ,,TimeInForce.GTC,,,,1286467200000000000,2010-10-07T16:00:00Z
13.10309,30153.4858625,1285776000000000000,2010-09-29T16:00:00Z,920500.0,,edc311cf-1fe4-49fc-9d08-770a3bdc5416,OrderRole.Standalone,OrderType.Market,_default,,PositionEffect.Open,,920500.0,False,,OrderSide.Buy,OrderStatus.Filled,600000.SH,,TimeInForce.GTC,,,,1286467200000000000,2010-10-07T16:00:00Z
10.75074,30134.32422,1285776000000000000,2010-09-29T16:00:00Z,1121200.0,,091ec8c2-4070-44dc-ae44-6db550c1fc4d,OrderRole.Standalone,OrderType.Market,_default,,PositionEffect.Open,,1121200.0,False,,OrderSide.Buy,OrderStatus.Filled,600030.SH,,TimeInForce.GTC,,,,1286467200000000000,2010-10-07T16:00:00Z
13.1131,30199.4693,1285776000000000000,2010-09-29T16:00:00Z,921200.0,,ac5787c7-52f8-45dc-b712-c41b61dac8bf,OrderRole.Standalone,OrderType.Market,_default,,PositionEffect.Open,,921200.0,False,,OrderSide.Buy,OrderStatus.Filled,600036.SH,,TimeInForce.GTC,,,,1286467200000000000,2010-10-07T16:00:00Z
32.2322,30886.50565,1285776000000000000,2010-09-29T16:00:00Z,383300.0,,e59eca59-2ede-4ed1-9e57-f224e99e478c,OrderRole.Standalone,OrderType.Market,_default,,PositionEffect.Open,,383300.0,False,,OrderSide.Buy,OrderStatus.Filled,600362.SH,,TimeInForce.GTC,,,,1286467200000000000,2010-10-07T16:00:00Z
41.8418,31810.22845,1285776000000000000,2010-09-29T16:00:00Z,304100.0,,674443e4-30cf-40c7-b410-bc16784a6379,OrderRole.Standalone,OrderType.Market,_default,,PositionEffect.Open,,304100.0,False,,OrderSide.Buy,OrderStatus.Filled,600489.SH,,TimeInForce.GTC,,,,1286467200000000000,2010-10-07T16:00:00Z
59.059,31522.74125,1285776000000000000,2010-09-29T16:00:00Z,213500.0,,58e262f3-d5b7-43ea-a0df-ea5951f5b490,OrderRole.Standalone,OrderType.Market,_default,,PositionEffect.Open,,213500.0,False,,OrderSide.Buy,OrderStatus.Filled,600547.SH,,TimeInForce.GTC,,,,1286467200000000000,2010-10-07T16:00:00Z
23.3233,30087.057,1285776000000000000,2010-09-29T16:00:00Z,516000.0,,23159a6d-6ad6-4fd8-b7a9-c1779068c18f,OrderRole.Standalone,OrderType.Market,_default,,PositionEffect.Open,,516000.0,False,,OrderSide.Buy,OrderStatus.Filled,601166.SH,,TimeInForce.GTC,,,,1286467200000000000,2010-10-07T16:00:00Z
52.5525,29626.471875,1285776000000000000,2010-09-29T16:00:00Z,225500.0,,a68e8b1a-8d9a-45da-9ead-c108d6c8ac67,OrderRole.Standalone,OrderType.Market,_default,,PositionEffect.Open,,225500.0,False,,OrderSide.Buy,OrderStatus.Filled,601318.SH,,TimeInForce.GTC,,,,1286467200000000000,2010-10-07T16:00:00Z
77.7222,30175.64415,1286467200000000000,2010-10-07T16:00:00Z,155300.0,,6c16c1ea-9af2-4a92-b3ad-3baf9ccf3537,OrderRole.Standalone,OrderType.Market,_default,,PositionEffect.Close,,155300.0,False,,OrderSide.Sell,OrderStatus.Filled,600111.SH,,TimeInForce.GTC,,,,1286726400000000000,2010-10-10T16:00:00Z
15.46452,43428.23829,1288800000000000000,2010-11-03T16:00:00Z,1123300.0,,75e48ecc-71fc-45bd-8664-fee5a82fcf99,OrderRole.Standalone,OrderType.Market,_default,,PositionEffect.Close,,1123300.0,False,,OrderSide.Sell,OrderStatus.Filled,000157.SZ,,TimeInForce.GTC,,,,1288886400000000000,2010-11-04T16:00:00Z
14.84514,34162.378425,1288800000000000000,2010-11-03T16:00:00Z,920500.0,,f5a5831d-ae09-4301-a9e3-73d8e4a5e7fc,OrderRole.Standalone,OrderType.Market,_default,,PositionEffect.Close,,920500.0,False,,OrderSide.Sell,OrderStatus.Filled,600000.SH,,TimeInForce.GTC,,,,1288886400000000000,2010-11-04T16:00:00Z
16.64334,46651.28202,1288800000000000000,2010-11-03T16:00:00Z,1121200.0,,9c7d8242-3656-41cd-8b5e-6877e446b648,OrderRole.Standalone,OrderType.Market,_default,,PositionEffect.Close,,1121200.0,False,,OrderSide.Sell,OrderStatus.Filled,600030.SH,,TimeInForce.GTC,,,,1288886400000000000,2010-11-04T16:00:00Z
15.55443,35821.85229,1288800000000000000,2010-11-03T16:00:00Z,921200.0,,adac03c8-bf2b-4172-8f81-1fe32d830dac,OrderRole.Standalone,OrderType.Market,_default,,PositionEffect.Close,,921200.0,False,,OrderSide.Sell,OrderStatus.Filled,600036.SH,,TimeInForce.GTC,,,,1288886400000000000,2010-11-04T16:00:00Z
47.3526,45375.62895,1288800000000000000,2010-11-03T16:00:00Z,383300.0,,1e386048-ad36-41c3-a1d1-6eb3f3e7ca8a,OrderRole.Standalone,OrderType.Market,_default,,PositionEffect.Close,,383300.0,False,,OrderSide.Sell,OrderStatus.Filled,600362.SH,,TimeInForce.GTC,,,,1288886400000000000,2010-11-04T16:00:00Z
49.10085,37328.9212125,1288800000000000000,2010-11-03T16:00:00Z,304100.0,,0f8a0fc5-178d-4e1d-b0c2-883bdbc070b6,OrderRole.Standalone,OrderType.Market,_default,,PositionEffect.Close,,304100.0,False,,OrderSide.Sell,OrderStatus.Filled,600489.SH,,TimeInForce.GTC,,,,1288886400000000000,2010-11-04T16:00:00Z
67.76217,36168.0582375,1288800000000000000,2010-11-03T16:00:00Z,213500.0,,7ca16ef3-d788-4b65-89d8-3522c7e01d23,OrderRole.Standalone,OrderType.Market,_default,,PositionEffect.Close,,213500.0,False,,OrderSide.Sell,OrderStatus.Filled,600547.SH,,TimeInForce.GTC,,,,1288886400000000000,2010-11-04T16:00:00Z
28.7712,37114.848,1288800000000000000,2010-11-03T16:00:00Z,516000.0,,de198230-0fd1-42b5-bb26-ce8d0ae11025,OrderRole.Standalone,OrderType.Market,_default,,PositionEffect.Close,,516000.0,False,,OrderSide.Sell,OrderStatus.Filled,601166.SH,,TimeInForce.GTC,,,,1288886400000000000,2010-11-04T16:00:00Z
62.4375,35199.140625,1288800000000000000,2010-11-03T16:00:00Z,225500.0,,ae46f974-d678-4a4b-80ef-b54f44c463cc,OrderRole.Standalone,OrderType.Market,_default,,PositionEffect.Close,,225500.0,False,,OrderSide.Sell,OrderStatus.Filled,601318.SH,,TimeInForce.GTC,,,,1288886400000000000,2010-11-04T16:00:00Z
,0.0,1288800000000000000,2010-11-03T16:00:00Z,0.0,,9a871501-585d-4c43-8911-c20b1d35ed50,OrderRole.Standalone,OrderType.Market,_default,,PositionEffect.Close,,180900.0,False,"Symbol 000895.SZ not tradable (zero volume, suspension) at execution timestamp 1288886400000000000",OrderSide.Sell,OrderStatus.Rejected,000895.SZ,,TimeInForce.GTC,,,,1288886400000000000,2010-11-04T16:00:00Z
65.81575,35540.505,1288800000000000000,2010-11-03T16:00:00Z,216000.0,,349baced-c707-493e-b3eb-3933bd96c70e,OrderRole.Standalone,OrderType.Market,_default,,PositionEffect.Open,,216000.0,False,,OrderSide.Buy,OrderStatus.Filled,000538.SZ,,TimeInForce.GTC,,,,1288886400000000000,2010-11-04T16:00:00Z
75.02495,35543.0700625,1288800000000000000,2010-11-03T16:00:00Z,189500.0,,246e4a23-703a-4bf1-84c5-d7fda1612970,OrderRole.Standalone,OrderType.Market,_default,,PositionEffect.Open,,189500.0,False,,OrderSide.Buy,OrderStatus.Filled,000596.SZ,,TimeInForce.GTC,,,,1288886400000000000,2010-11-04T16:00:00Z
20.8208,35535.9004,1288800000000000000,2010-11-03T16:00:00Z,682700.0,,a03be4f5-f2bf-4a47-aca7-dfe5c71c311d,OrderRole.Standalone,OrderType.Market,_default,,PositionEffect.Open,,682700.0,False,,OrderSide.Buy,OrderStatus.Filled,002180.SZ,,TimeInForce.GTC,,,,1288886400000000000,2010-11-04T16:00:00Z
82.06198,35450.77536,1288800000000000000,2010-11-03T16:00:00Z,172800.0,,7427710d-4d2b-4d9c-a5ca-f3ee7811fdba,OrderRole.Standalone,OrderType.Market,_default,,PositionEffect.Open,,172800.0,False,,OrderSide.Buy,OrderStatus.Filled,002236.SZ,,TimeInForce.GTC,,,,1288886400000000000,2010-11-04T16:00:00Z
46.71667,35247.727515,1288800000000000000,2010-11-03T16:00:00Z,301800.0,,b649fde2-29f4-4fec-99fd-85523b14af24,OrderRole.Standalone,OrderType.Market,_default,,PositionEffect.Open,,301800.0,False,,OrderSide.Buy,OrderStatus.Filled,002241.SZ,,TimeInForce.GTC,,,,1288886400000000000,2010-11-04T16:00:00Z
226.226,35404.369,1288800000000000000,2010-11-03T16:00:00Z,62600.0,,73e5a26c-c335-4390-b79f-786c6531f489,OrderRole.Standalone,OrderType.Market,_default,,PositionEffect.Open,,62600.0,False,,OrderSide.Buy,OrderStatus.Filled,002304.SZ,,TimeInForce.GTC,,,,1288886400000000000,2010-11-04T16:00:00Z
86.6866,36256.67045,1288800000000000000,2010-11-03T16:00:00Z,167300.0,,0ff2bb38-2b32-4b71-9c08-acda3609beb8,OrderRole.Standalone,OrderType.Market,_default,,PositionEffect.Open,,167300.0,False,,OrderSide.Buy,OrderStatus.Filled,600111.SH,,TimeInForce.GTC,,,,1288886400000000000,2010-11-04T16:00:00Z
69.5695,35776.115375,1288800000000000000,2010-11-03T16:00:00Z,205700.0,,0d48b5e8-2a69-43b6-b648-01136eda9234,OrderRole.Standalone,OrderType.Market,_default,,PositionEffect.Open,,205700.0,False,,OrderSide.Buy,OrderStatus.Filled,600132.SH,,TimeInForce.GTC,,,,1288886400000000000,2010-11-04T16:00:00Z
165.4653,35575.0395,1288800000000000000,2010-11-03T16:00:00Z,86000.0,,eaa8ddf6-2ff6-480a-85f6-e658500e3fc2,OrderRole.Standalone,OrderType.Market,_default,,PositionEffect.Open,,86000.0,False,,OrderSide.Buy,OrderStatus.Filled,600519.SH,,TimeInForce.GTC,,,,1288886400000000000,2010-11-04T16:00:00Z
24.01399,35756.83111,1288800000000000000,2010-11-03T16:00:00Z,595600.0,,c80ff9d5-6c8c-4cc3-9ace-a473e92c1560,OrderRole.Standalone,OrderType.Market,_default,,PositionEffect.Open,,595600.0,False,,OrderSide.Buy,OrderStatus.Filled,600588.SH,,TimeInForce.GTC,,,,1288886400000000000,2010-11-04T16:00:00Z
63.7362,34417.548,1291219200000000000,2010-12-01T16:00:00Z,216000.0,,075423e5-2016-4d7b-adf6-6e01802c2d79,OrderRole.Standalone,OrderType.Market,_default,,PositionEffect.Close,,216000.0,False,,OrderSide.Sell,OrderStatus.Filled,000538.SZ,,TimeInForce.GTC,,,,1291305600000000000,2010-12-02T16:00:00Z
85.0149,40275.808875,1291219200000000000,2010-12-01T16:00:00Z,189500.0,,14fdcf88-2871-4a9f-903d-f7b9e3232c2a,OrderRole.Standalone,OrderType.Market,_default,,PositionEffect.Close,,189500.0,False,,OrderSide.Sell,OrderStatus.Filled,000596.SZ,,TimeInForce.GTC,,,,1291305600000000000,2010-12-02T16:00:00Z
22.85712,39011.38956,1291219200000000000,2010-12-01T16:00:00Z,682700.0,,ad713840-91a6-4acd-80ee-40f2211c7140,OrderRole.Standalone,OrderType.Market,_default,,PositionEffect.Close,,682700.0,False,,OrderSide.Sell,OrderStatus.Filled,002180.SZ,,TimeInForce.GTC,,,,1291305600000000000,2010-12-02T16:00:00Z
89.46045,38646.9144,1291219200000000000,2010-12-01T16:00:00Z,172800.0,,343bf906-d4bd-4864-a395-6c0e5c9d24fb,OrderRole.Standalone,OrderType.Market,_default,,PositionEffect.Close,,172800.0,False,,OrderSide.Sell,OrderStatus.Filled,002236.SZ,,TimeInForce.GTC,,,,1291305600000000000,2010-12-02T16:00:00Z
47.8521,36104.40945,1291219200000000000,2010-12-01T16:00:00Z,301800.0,,b687d415-82a6-4d86-90a8-b366a418c66b,OrderRole.Standalone,OrderType.Market,_default,,PositionEffect.Close,,301800.0,False,,OrderSide.Sell,OrderStatus.Filled,002241.SZ,,TimeInForce.GTC,,,,1291305600000000000,2010-12-02T16:00:00Z
253.9458,39742.5177,1291219200000000000,2010-12-01T16:00:00Z,62600.0,,c1149d63-646e-461e-bd61-c5855bbf3728,OrderRole.Standalone,OrderType.Market,_default,,PositionEffect.Close,,62600.0,False,,OrderSide.Sell,OrderStatus.Filled,002304.SZ,,TimeInForce.GTC,,,,1291305600000000000,2010-12-02T16:00:00Z
71.0289,29707.837425,1291219200000000000,2010-12-01T16:00:00Z,167300.0,,ce8ac8fe-bab0-4b2b-8738-4a03a10aa0e0,OrderRole.Standalone,OrderType.Market,_default,,PositionEffect.Close,,167300.0,False,,OrderSide.Sell,OrderStatus.Filled,600111.SH,,TimeInForce.GTC,,,,1291305600000000000,2010-12-02T16:00:00Z
72.0279,37040.347575,1291219200000000000,2010-12-01T16:00:00Z,205700.0,,475165de-8758-4784-b8d8-7ddc82518d9e,OrderRole.Standalone,OrderType.Market,_default,,PositionEffect.Close,,205700.0,False,,OrderSide.Sell,OrderStatus.Filled,600132.SH,,TimeInForce.GTC,,,,1291305600000000000,2010-12-02T16:00:00Z
197.802,42527.43,1291219200000000000,2010-12-01T16:00:00Z,86000.0,,f45ae878-fdfa-4bb7-b871-27a82e12284c,OrderRole.Standalone,OrderType.Market,_default,,PositionEffect.Close,,86000.0,False,,OrderSide.Sell,OrderStatus.Filled,600519.SH,,TimeInForce.GTC,,,,1291305600000000000,2010-12-02T16:00:00Z
,0.0,1291219200000000000,2010-12-01T16:00:00Z,0.0,,52250e15-e2ab-4256-8761-fc92e411f83f,OrderRole.Standalone,OrderType.Market,_default,,PositionEffect.Close,,595600.0,False,"Symbol 600588.SH not tradable (zero volume, suspension) at execution timestamp 1291305600000000000",OrderSide.Sell,OrderStatus.Rejected,600588.SH,,TimeInForce.GTC,,,,1291305600000000000,2010-12-02T16:00:00Z
3.55355,39116.5900125,1291219200000000000,2010-12-01T16:00:00Z,4403100.0,,0f4f239d-55f0-49e9-a7e6-8750dc82097d,OrderRole.Standalone,OrderType.Market,_default,,PositionEffect.Open,,4403100.0,False,,OrderSide.Buy,OrderStatus.Filled,000100.SZ,,TimeInForce.GTC,,,,1291305600000000000,2010-12-02T16:00:00Z
21.2212,38214.0759,1291219200000000000,2010-12-01T16:00:00Z,720300.0,,be3cf6bc-2f15-45cd-810d-7eb753b1c0a8,OrderRole.Standalone,OrderType.Market,_default,,PositionEffect.Open,,720300.0,False,,OrderSide.Buy,OrderStatus.Filled,000617.SZ,,TimeInForce.GTC,,,,1291305600000000000,2010-12-02T16:00:00Z
45.045,38603.565,1291219200000000000,2010-12-01T16:00:00Z,342800.0,,dabbbb3a-1244-4606-80ba-ddca603a900f,OrderRole.Standalone,OrderType.Market,_default,,PositionEffect.Open,,342800.0,False,,OrderSide.Buy,OrderStatus.Filled,000776.SZ,,TimeInForce.GTC,,,,1291305600000000000,2010-12-02T16:00:00Z
33.04301,37974.6792425,1291219200000000000,2010-12-01T16:00:00Z,459700.0,,e0a1f399-1655-4d2b-8d93-09eb978aa5e0,OrderRole.Standalone,OrderType.Market,_default,,PositionEffect.Open,,459700.0,False,,OrderSide.Buy,OrderStatus.Filled,000963.SZ,,TimeInForce.GTC,,,,1291305600000000000,2010-12-02T16:00:00Z
24.00398,39132.488395,1291219200000000000,2010-12-01T16:00:00Z,652100.0,,0f1f26a1-7230-4d5b-9c93-50514a1a687c,OrderRole.Standalone,OrderType.Market,_default,,PositionEffect.Open,,652100.0,False,,OrderSide.Buy,OrderStatus.Filled,002049.SZ,,TimeInForce.GTC,,,,1291305600000000000,2010-12-02T16:00:00Z
97.10701,38769.9737425,1291219200000000000,2010-12-01T16:00:00Z,159700.0,,2ff9cd46-a51c-4738-b22c-78be85c95f79,OrderRole.Standalone,OrderType.Market,_default,,PositionEffect.Open,,159700.0,False,,OrderSide.Buy,OrderStatus.Filled,002371.SZ,,TimeInForce.GTC,,,,1291305600000000000,2010-12-02T16:00:00Z
30.9309,39189.4503,1291219200000000000,2010-12-01T16:00:00Z,506800.0,,9a3c5511-17b4-4d9e-9315-0c6608c6b482,OrderRole.Standalone,OrderType.Market,_default,,PositionEffect.Open,,506800.0,False,,OrderSide.Buy,OrderStatus.Filled,600372.SH,,TimeInForce.GTC,,,,1291305600000000000,2010-12-02T16:00:00Z
47.83779,38975.8394025,1291219200000000000,2010-12-01T16:00:00Z,325900.0,,3bd239b8-8cb5-4e61-ae6e-5cf0989edbc6,OrderRole.Standalone,OrderType.Market,_default,,PositionEffect.Open,,325900.0,False,,OrderSide.Buy,OrderStatus.Filled,600549.SH,,TimeInForce.GTC,,,,1291305600000000000,2010-12-02T16:00:00Z
7.43743,38700.667005,1291219200000000000,2010-12-01T16:00:00Z,2081400.0,,41958194-9498-4540-b7bd-8bf9ce00532f,OrderRole.Standalone,OrderType.Market,_default,,PositionEffect.Open,,2081400.0,False,,OrderSide.Buy,OrderStatus.Filled,600732.SH,,TimeInForce.GTC,,,,1291305600000000000,2010-12-02T16:00:00Z
72.52245,10225.66545,1291219200000000000,2010-12-01T16:00:00Z,56400.0,,21d3360c-9472-4fb5-813b-2c00f05dbc41,OrderRole.Standalone,OrderType.Market,_default,,PositionEffect.Open,,56400.0,False,,OrderSide.Buy,OrderStatus.Filled,000895.SZ,,TimeInForce.GTC,,,,1291305600000000000,2010-12-02T16:00:00Z
18.67131,33622.3614825,1293638400000000000,2010-12-29T16:00:00Z,720300.0,,6ca18e4e-773c-4b58-87c3-e07020e7f4ba,OrderRole.Standalone,OrderType.Market,_default,,PositionEffect.Close,,720300.0,False,,OrderSide.Sell,OrderStatus.Filled,000617.SZ,,TimeInForce.GTC,,,,1293724800000000000,2010-12-30T16:00:00Z
50.70924,43457.81868,1293638400000000000,2010-12-29T16:00:00Z,342800.0,,6627c6e3-6cd0-4f0c-b49a-b67c1971fab9,OrderRole.Standalone,OrderType.Market,_default,,PositionEffect.Close,,342800.0,False,,OrderSide.Sell,OrderStatus.Filled,000776.SZ,,TimeInForce.GTC,,,,1293724800000000000,2010-12-30T16:00:00Z
84.7152,50257.2924,1293638400000000000,2010-12-29T16:00:00Z,237300.0,,cb00724c-78c2-4f16-9453-659e25665b81,OrderRole.Standalone,OrderType.Market,_default,,PositionEffect.Close,,237300.0,False,,OrderSide.Sell,OrderStatus.Filled,000895.SZ,,TimeInForce.GTC,,,,1293724800000000000,2010-12-30T16:00:00Z
32.84712,37749.55266,1293638400000000000,2010-12-29T16:00:00Z,459700.0,,a449298d-4c1f-4729-83e1-00e648cfc50d,OrderRole.Standalone,OrderType.Market,_default,,PositionEffect.Close,,459700.0,False,,OrderSide.Sell,OrderStatus.Filled,000963.SZ,,TimeInForce.GTC,,,,1293724800000000000,2010-12-30T16:00:00Z
26.2737,42832.699425,1293638400000000000,2010-12-29T16:00:00Z,652100.0,,eb6e7bcd-4101-486d-b1ac-5b366f899ce7,OrderRole.Standalone,OrderType.Market,_default,,PositionEffect.Close,,652100.0,False,,OrderSide.Sell,OrderStatus.Filled,002049.SZ,,TimeInForce.GTC,,,,1293724800000000000,2010-12-30T16:00:00Z
104.895,41879.32875,1293638400000000000,2010-12-29T16:00:00Z,159700.0,,f4b9af76-d467-4a33-b6be-e852a2c5e58e,OrderRole.Standalone,OrderType.Market,_default,,PositionEffect.Close,,159700.0,False,,OrderSide.Sell,OrderStatus.Filled,002371.SZ,,TimeInForce.GTC,,,,1293724800000000000,2010-12-30T16:00:00Z
31.3686,39744.0162,1293638400000000000,2010-12-29T16:00:00Z,506800.0,,839e7166-485d-423c-8273-36166305373b,OrderRole.Standalone,OrderType.Market,_default,,PositionEffect.Close,,506800.0,False,,OrderSide.Sell,OrderStatus.Filled,600372.SH,,TimeInForce.GTC,,,,1293724800000000000,2010-12-30T16:00:00Z
44.94501,36618.9468975,1293638400000000000,2010-12-29T16:00:00Z,325900.0,,a6aaba0e-ccac-405d-8cef-cf7458c42ba5,OrderRole.Standalone,OrderType.Market,_default,,PositionEffect.Close,,325900.0,False,,OrderSide.Sell,OrderStatus.Filled,600549.SH,,TimeInForce.GTC,,,,1293724800000000000,2010-12-30T16:00:00Z
22.8771,34064.0019,1293638400000000000,2010-12-29T16:00:00Z,595600.0,,b06e6bb8-5ca7-475a-8337-1598edf201b6,OrderRole.Standalone,OrderType.Market,_default,,PositionEffect.Close,,595600.0,False,,OrderSide.Sell,OrderStatus.Filled,600588.SH,,TimeInForce.GTC,,,,1293724800000000000,2010-12-30T16:00:00Z
6.84315,35608.331025,1293638400000000000,2010-12-29T16:00:00Z,2081400.0,,6d33f155-2047-4ada-a461-c2a6d42bd698,OrderRole.Standalone,OrderType.Market,_default,,PositionEffect.Close,,2081400.0,False,,OrderSide.Sell,OrderStatus.Filled,600732.SH,,TimeInForce.GTC,,,,1293724800000000000,2010-12-30T16:00:00Z
3.08308,39327.76848,1293638400000000000,2010-12-29T16:00:00Z,5102400.0,,3aa3fffc-bb6c-4374-a20d-987c6a042867,OrderRole.Standalone,OrderType.Market,_default,,PositionEffect.Open,,5102400.0,False,,OrderSide.Buy,OrderStatus.Filled,601018.SH,,TimeInForce.GTC,,,,1293724800000000000,2010-12-30T16:00:00Z
2.6026,39456.06665,1293638400000000000,2010-12-29T16:00:00Z,6064100.0,,36b175ea-fe5a-4553-8de9-c75132ea7124,OrderRole.Standalone,OrderType.Market,_default,,PositionEffect.Open,,6064100.0,False,,OrderSide.Buy,OrderStatus.Filled,601288.SH,,TimeInForce.GTC,,,,1293724800000000000,2010-12-30T16:00:00Z
4.27427,39455.78637,1293638400000000000,2010-12-29T16:00:00Z,3692400.0,,f77b87a6-0acb-4d72-bb02-6fd30acdb244,OrderRole.Standalone,OrderType.Market,_default,,PositionEffect.Open,,3692400.0,False,,OrderSide.Buy,OrderStatus.Filled,601390.SH,,TimeInForce.GTC,,,,1293724800000000000,2010-12-30T16:00:00Z
4.21421,39176.3497125,1293638400000000000,2010-12-29T16:00:00Z,3718500.0,,cd682793-a1ed-44f9-be98-72145e7550ad,OrderRole.Standalone,OrderType.Market,_default,,PositionEffect.Open,,3718500.0,False,,OrderSide.Buy,OrderStatus.Filled,601398.SH,,TimeInForce.GTC,,,,1293724800000000000,2010-12-30T16:00:00Z
3.4034,39455.6162,1293638400000000000,2010-12-29T16:00:00Z,4637200.0,,a28ebe04-2345-4aa6-af51-b8211ba567e7,OrderRole.Standalone,OrderType.Market,_default,,PositionEffect.Open,,4637200.0,False,,OrderSide.Buy,OrderStatus.Filled,601668.SH,,TimeInForce.GTC,,,,1293724800000000000,2010-12-30T16:00:00Z
3.9039,39354.239925,1293638400000000000,2010-12-29T16:00:00Z,4032300.0,,cd6ec3e9-d1ab-4e3d-ab57-8c22de30a3a3,OrderRole.Standalone,OrderType.Market,_default,,PositionEffect.Open,,4032300.0,False,,OrderSide.Buy,OrderStatus.Filled,601818.SH,,TimeInForce.GTC,,,,1293724800000000000,2010-12-30T16:00:00Z
3.22322,39455.43602,1293638400000000000,2010-12-29T16:00:00Z,4896400.0,,13b1d337-b6ba-4250-b763-de4b7b475275,OrderRole.Standalone,OrderType.Market,_default,,PositionEffect.Open,,4896400.0,False,,OrderSide.Buy,OrderStatus.Filled,601988.SH,,TimeInForce.GTC,,,,1293724800000000000,2010-12-30T16:00:00Z
8.14814,39406.442075,1293638400000000000,2010-12-29T16:00:00Z,1934500.0,,7667df92-9463-443a-9128-e39570ae029c,OrderRole.Standalone,OrderType.Market,_default,,PositionEffect.Open,,1934500.0,False,,OrderSide.Buy,OrderStatus.Filled,000002.SZ,,TimeInForce.GTC,,,,1293724800000000000,2010-12-30T16:00:00Z
5.25525,39531.3043125,1293638400000000000,2010-12-29T16:00:00Z,3008900.0,,893b2062-174d-4f73-8ac8-5cffcda9c16a,OrderRole.Standalone,OrderType.Market,_default,,PositionEffect.Open,,3008900.0,False,,OrderSide.Buy,OrderStatus.Filled,600050.SH,,TimeInForce.GTC,,,,1293724800000000000,2010-12-30T16:00:00Z
3.41341,1881.6422625,1293638400000000000,2010-12-29T16:00:00Z,220500.0,,334c14cc-b403-44f3-9df8-92f82b9af222,OrderRole.Standalone,OrderType.Market,_default,,PositionEffect.Open,,220500.0,False,,OrderSide.Buy,OrderStatus.Filled,000100.SZ,,TimeInForce.GTC,,,,1293724800000000000,2010-12-30T16:00:00Z
3.43656,39723.19704,1293724800000000000,2010-12-30T16:00:00Z,4623600.0,,07a6f3c0-b70f-487d-a1fc-5e2f7f9c1773,OrderRole.Standalone,OrderType.Market,_default,,PositionEffect.Close,,4623600.0,False,,OrderSide.Sell,OrderStatus.Filled,000100.SZ,,TimeInForce.GTC,,,,1294070400000000000,2011-01-03T16:00:00Z
8.24175,39859.1634375,1296144000000000000,2011-01-27T16:00:00Z,1934500.0,,ee2ff7f8-a5a6-4264-b514-a9b2345c5c8f,OrderRole.Standalone,OrderType.Market,_default,,PositionEffect.Close,,1934500.0,False,,OrderSide.Sell,OrderStatus.Filled,000002.SZ,,TimeInForce.GTC,,,,1296403200000000000,2011-01-30T16:00:00Z
6.07392,45689.54472,1296144000000000000,2011-01-27T16:00:00Z,3008900.0,,4719f6e1-f60c-4847-b284-aa8b701cb3b7,OrderRole.Standalone,OrderType.Market,_default,,PositionEffect.Close,,3008900.0,False,,OrderSide.Sell,OrderStatus.Filled,600050.SH,,TimeInForce.GTC,,,,1296403200000000000,2011-01-30T16:00:00Z
3.11688,39758.92128,1296144000000000000,2011-01-27T16:00:00Z,5102400.0,,e204fc8c-0563-4457-b6cb-98e3a3d94cf9,OrderRole.Standalone,OrderType.Market,_default,,PositionEffect.Close,,5102400.0,False,,OrderSide.Sell,OrderStatus.Filled,601018.SH,,TimeInForce.GTC,,,,1296403200000000000,2011-01-30T16:00:00Z
2.5974,39377.23335,1296144000000000000,2011-01-27T16:00:00Z,6064100.0,,09801cf5-7823-44f0-877c-4c258bdd8626,OrderRole.Standalone,OrderType.Market,_default,,PositionEffect.Close,,6064100.0,False,,OrderSide.Sell,OrderStatus.Filled,601288.SH,,TimeInForce.GTC,,,,1296403200000000000,2011-01-30T16:00:00Z
4.80519,44356.70889,1296144000000000000,2011-01-27T16:00:00Z,3692400.0,,dcd6377d-0048-4233-a080-53a598e95efa,OrderRole.Standalone,OrderType.Market,_default,,PositionEffect.Close,,3692400.0,False,,OrderSide.Sell,OrderStatus.Filled,601390.SH,,TimeInForce.GTC,,,,1296403200000000000,2011-01-30T16:00:00Z
4.20579,39098.0752875,1296144000000000000,2011-01-27T16:00:00Z,3718500.0,,9f36f9bb-40b5-4557-acd4-8301ad0e182d,OrderRole.Standalone,OrderType.Market,_default,,PositionEffect.Close,,3718500.0,False,,OrderSide.Sell,OrderStatus.Filled,601398.SH,,TimeInForce.GTC,,,,1296403200000000000,2011-01-30T16:00:00Z
3.71628,43082.83404,1296144000000000000,2011-01-27T16:00:00Z,4637200.0,,d3b3b4f7-1386-47ce-86ee-4d6ed4373187,OrderRole.Standalone,OrderType.Market,_default,,PositionEffect.Close,,4637200.0,False,,OrderSide.Sell,OrderStatus.Filled,601668.SH,,TimeInForce.GTC,,,,1296403200000000000,2011-01-30T16:00:00Z
3.84615,38772.0766125,1296144000000000000,2011-01-27T16:00:00Z,4032300.0,,935ab441-cdf9-4144-892d-6a46f5c3c1b5,OrderRole.Standalone,OrderType.Market,_default,,PositionEffect.Close,,4032300.0,False,,OrderSide.Sell,OrderStatus.Filled,601818.SH,,TimeInForce.GTC,,,,1296403200000000000,2011-01-30T16:00:00Z
3.22677,39498.89157,1296144000000000000,2011-01-27T16:00:00Z,4896400.0,,352f1fae-839e-46c9-bd64-35ca62455d73,OrderRole.Standalone,OrderType.Market,_default,,PositionEffect.Close,,4896400.0,False,,OrderSide.Sell,OrderStatus.Filled,601988.SH,,TimeInForce.GTC,,,,1296403200000000000,2011-01-30T16:00:00Z
10.28027,41357.52621,1296144000000000000,2011-01-27T16:00:00Z,1609200.0,,227c71e3-52f9-4c63-8e06-61dba0a0fee0,OrderRole.Standalone,OrderType.Market,_default,,PositionEffect.Open,,1609200.0,False,,OrderSide.Buy,OrderStatus.Filled,000408.SZ,,TimeInForce.GTC,,,,1296403200000000000,2011-01-30T16:00:00Z
56.47642,41100.714655,1296144000000000000,2011-01-27T16:00:00Z,291100.0,,f13c6f1c-1220-4a31-8ee9-2975d95ba096,OrderRole.Standalone,OrderType.Market,_default,,PositionEffect.Open,,291100.0,False,,OrderSide.Buy,OrderStatus.Filled,000792.SZ,,TimeInForce.GTC,,,,1296403200000000000,2011-01-30T16:00:00Z
21.57155,41039.873875,1296144000000000000,2011-01-27T16:00:00Z,761000.0,,6e0cba03-287d-4a8b-b2d7-b0ea964d0625,OrderRole.Standalone,OrderType.Market,_default,,PositionEffect.Open,,761000.0,False,,OrderSide.Buy,OrderStatus.Filled,002049.SZ,,TimeInForce.GTC,,,,1296403200000000000,2011-01-30T16:00:00Z
61.061,41094.053,1296144000000000000,2011-01-27T16:00:00Z,269200.0,,1c745656-2bab-4493-8de7-45baef2902b2,OrderRole.Standalone,OrderType.Market,_default,,PositionEffect.Open,,269200.0,False,,OrderSide.Buy,OrderStatus.Filled,002230.SZ,,TimeInForce.GTC,,,,1296403200000000000,2011-01-30T16:00:00Z
57.057,40752.96225,1296144000000000000,2011-01-27T16:00:00Z,285700.0,,97b6a795-d1a6-4a30-a4ae-5dbffcabafae,OrderRole.Standalone,OrderType.Market,_default,,PositionEffect.Open,,285700.0,False,,OrderSide.Buy,OrderStatus.Filled,002410.SZ,,TimeInForce.GTC,,,,1296403200000000000,2011-01-30T16:00:00Z
42.1421,40677.662025,1296144000000000000,2011-01-27T16:00:00Z,386100.0,,0b95bea7-9303-46de-8dd6-e5e5638049fe,OrderRole.Standalone,OrderType.Market,_default,,PositionEffect.Open,,386100.0,False,,OrderSide.Buy,OrderStatus.Filled,002460.SZ,,TimeInForce.GTC,,,,1296403200000000000,2011-01-30T16:00:00Z
59.82977,40684.2436,1296144000000000000,2011-01-27T16:00:00Z,272000.0,,f83b1bf0-fce5-4fb3-b234-d672c91d0dc8,OrderRole.Standalone,OrderType.Market,_default,,PositionEffect.Open,,272000.0,False,,OrderSide.Buy,OrderStatus.Filled,600111.SH,,TimeInForce.GTC,,,,1296403200000000000,2011-01-30T16:00:00Z
19.42941,40583.1801375,1296144000000000000,2011-01-27T16:00:00Z,835500.0,,128ff3bf-758d-4209-b855-df24de283881,OrderRole.Standalone,OrderType.Market,_default,,PositionEffect.Open,,835500.0,False,,OrderSide.Buy,OrderStatus.Filled,600160.SH,,TimeInForce.GTC,,,,1296403200000000000,2011-01-30T16:00:00Z
19.019,40201.41125,1296144000000000000,2011-01-27T16:00:00Z,845500.0,,ce5555c7-f755-48ce-b734-a85eb9b6dcfb,OrderRole.Standalone,OrderType.Market,_default,,PositionEffect.Open,,845500.0,False,,OrderSide.Buy,OrderStatus.Filled,600332.SH,,TimeInForce.GTC,,,,1296403200000000000,2011-01-30T16:00:00Z
43.83379,41685.93429,1296144000000000000,2011-01-27T16:00:00Z,380400.0,,8ddb0bfa-a957-4fd3-8ebf-531cd6e999b2,OrderRole.Standalone,OrderType.Market,_default,,PositionEffect.Open,,380400.0,False,,OrderSide.Buy,OrderStatus.Filled,600547.SH,,TimeInForce.GTC,,,,1296403200000000000,2011-01-30T16:00:00Z
11.1888,45012.5424,1299168000000000000,2011-03-03T16:00:00Z,1609200.0,,17b53f49-b6a5-428b-a7f9-130585c0dc78,OrderRole.Standalone,OrderType.Market,_default,,PositionEffect.Close,,1609200.0,False,,OrderSide.Sell,OrderStatus.Filled,000408.SZ,,TimeInForce.GTC,,,,1299427200000000000,2011-03-06T16:00:00Z
24.66531,46925.752275,1299168000000000000,2011-03-03T16:00:00Z,761000.0,,9f42f0c6-9c35-4d8f-aeb3-49eea4c52d0d,OrderRole.Standalone,OrderType.Market,_default,,PositionEffect.Close,,761000.0,False,,OrderSide.Sell,OrderStatus.Filled,002049.SZ,,TimeInForce.GTC,,,,1299427200000000000,2011-03-06T16:00:00Z
43.90605,44323.157475,1299168000000000000,2011-03-03T16:00:00Z,403800.0,,20230e94-9612-45fa-9159-2be706d57e75,OrderRole.Standalone,OrderType.Market,_default,,PositionEffect.Close,,403800.0,False,,OrderSide.Sell,OrderStatus.Filled,002230.SZ,,TimeInForce.GTC,,,,1299427200000000000,2011-03-06T16:00:00Z
58.53141,41806.0595925,1299168000000000000,2011-03-03T16:00:00Z,285700.0,,459aae01-bd25-4f17-97d7-d62de1dfdb23,OrderRole.Standalone,OrderType.Market,_default,,PositionEffect.Close,,285700.0,False,,OrderSide.Sell,OrderStatus.Filled,002410.SZ,,TimeInForce.GTC,,,,1299427200000000000,2011-03-06T16:00:00Z
49.70025,47973.1663125,1299168000000000000,2011-03-03T16:00:00Z,386100.0,,de941279-1d3d-4ade-8f5f-cd6f01a8e1bb,OrderRole.Standalone,OrderType.Market,_default,,PositionEffect.Close,,386100.0,False,,OrderSide.Sell,OrderStatus.Filled,002460.SZ,,TimeInForce.GTC,,,,1299427200000000000,2011-03-06T16:00:00Z
82.1178,8786.6046,1299168000000000000,2011-03-03T16:00:00Z,42800.0,,34809972-f084-49e0-894d-d38ad72d9d76,OrderRole.Standalone,OrderType.Market,_default,,PositionEffect.Close,,42800.0,False,,OrderSide.Sell,OrderStatus.Filled,600111.SH,,TimeInForce.GTC,,,,1299427200000000000,2011-03-06T16:00:00Z
26.42355,55192.1900625,1299168000000000000,2011-03-03T16:00:00Z,835500.0,,6f377047-8db4-41c7-af8f-bd69635540e1,OrderRole.Standalone,OrderType.Market,_default,,PositionEffect.Close,,835500.0,False,,OrderSide.Sell,OrderStatus.Filled,600160.SH,,TimeInForce.GTC,,,,1299427200000000000,2011-03-06T16:00:00Z
22.6773,47934.142875,1299168000000000000,2011-03-03T16:00:00Z,845500.0,,b55ee0e9-2b29-495d-9ac2-413736a631ef,OrderRole.Standalone,OrderType.Market,_default,,PositionEffect.Close,,845500.0,False,,OrderSide.Sell,OrderStatus.Filled,600332.SH,,TimeInForce.GTC,,,,1299427200000000000,2011-03-06T16:00:00Z
50.0499,47597.4549,1299168000000000000,2011-03-03T16:00:00Z,380400.0,,ab30de90-4640-4d4c-9c90-097386fbd106,OrderRole.Standalone,OrderType.Market,_default,,PositionEffect.Close,,380400.0,False,,OrderSide.Sell,OrderStatus.Filled,600547.SH,,TimeInForce.GTC,,,,1299427200000000000,2011-03-06T16:00:00Z
,0.0,1299168000000000000,2011-03-03T16:00:00Z,0.0,,b27b9540-3cc8-4e3b-b624-c82a65227d9a,OrderRole.Standalone,OrderType.Market,_default,,PositionEffect.Close,,291100.0,False,"Symbol 000792.SZ not tradable (zero volume, suspension) at execution timestamp 1299427200000000000",OrderSide.Sell,OrderStatus.Rejected,000792.SZ,,TimeInForce.GTC,,,,1299427200000000000,2011-03-06T16:00:00Z
15.05504,46301.77552,1299168000000000000,2011-03-03T16:00:00Z,1230200.0,,8d77a261-6d67-4abe-8ac1-b9bf3ad7840c,OrderRole.Standalone,OrderType.Market,_default,,PositionEffect.Open,,1230200.0,False,,OrderSide.Buy,OrderStatus.Filled,000157.SZ,,TimeInForce.GTC,,,,1299427200000000000,2011-03-06T16:00:00Z
43.55351,46700.2510975,1299168000000000000,2011-03-03T16:00:00Z,428900.0,,4e5958ba-9b7e-400b-bf3a-9de8c9faf9fc,OrderRole.Standalone,OrderType.Market,_default,,PositionEffect.Open,,428900.0,False,,OrderSide.Buy,OrderStatus.Filled,000568.SZ,,TimeInForce.GTC,,,,1299427200000000000,2011-03-06T16:00:00Z
21.90188,46776.94021,1299168000000000000,2011-03-03T16:00:00Z,854300.0,,c9259ede-502f-4e3e-aee1-c2d4569a806a,OrderRole.Standalone,OrderType.Market,_default,,PositionEffect.Open,,854300.0,False,,OrderSide.Buy,OrderStatus.Filled,000651.SZ,,TimeInForce.GTC,,,,1299427200000000000,2011-03-06T16:00:00Z
44.4444,46411.0647,1299168000000000000,2011-03-03T16:00:00Z,417700.0,,2f4c7992-3a47-47a7-8c25-4ee74dbd8b34,OrderRole.Standalone,OrderType.Market,_default,,PositionEffect.Open,,417700.0,False,,OrderSide.Buy,OrderStatus.Filled,000776.SZ,,TimeInForce.GTC,,,,1299427200000000000,2011-03-06T16:00:00Z
26.58656,46493.2468,1299168000000000000,2011-03-03T16:00:00Z,699500.0,,39d01122-19d8-43bf-99f5-70994defdc10,OrderRole.Standalone,OrderType.Market,_default,,PositionEffect.Open,,699500.0,False,,OrderSide.Buy,OrderStatus.Filled,600031.SH,,TimeInForce.GTC,,,,1299427200000000000,2011-03-06T16:00:00Z
63.92386,46169.007885,1299168000000000000,2011-03-03T16:00:00Z,288900.0,,19139cff-abb0-4922-a660-882d1feadb68,OrderRole.Standalone,OrderType.Market,_default,,PositionEffect.Open,,288900.0,False,,OrderSide.Buy,OrderStatus.Filled,600132.SH,,TimeInForce.GTC,,,,1299427200000000000,2011-03-06T16:00:00Z
25.08506,46194.13799,1299168000000000000,2011-03-03T16:00:00Z,736600.0,,45373753-c12c-490c-a785-4aaf51338d8f,OrderRole.Standalone,OrderType.Market,_default,,PositionEffect.Open,,736600.0,False,,OrderSide.Buy,OrderStatus.Filled,600309.SH,,TimeInForce.GTC,,,,1299427200000000000,2011-03-06T16:00:00Z
49.83979,46662.5033875,1299168000000000000,2011-03-03T16:00:00Z,374500.0,,e293e950-6479-40c4-90a7-e053f9c44918,OrderRole.Standalone,OrderType.Market,_default,,PositionEffect.Open,,374500.0,False,,OrderSide.Buy,OrderStatus.Filled,600549.SH,,TimeInForce.GTC,,,,1299427200000000000,2011-03-06T16:00:00Z
12.8128,46180.5344,1299168000000000000,2011-03-03T16:00:00Z,1441700.0,,395d6761-d64f-43e6-9b9a-b39e4fb6c022,OrderRole.Standalone,OrderType.Market,_default,,PositionEffect.Open,,1441700.0,False,,OrderSide.Buy,OrderStatus.Filled,600660.SH,,TimeInForce.GTC,,,,1299427200000000000,2011-03-06T16:00:00Z
81.22869,46544.03937,1299427200000000000,2011-03-06T16:00:00Z,229200.0,,fe207662-8d53-4304-8668-964a179a0c15,OrderRole.Standalone,OrderType.Market,_default,,PositionEffect.Close,,229200.0,False,,OrderSide.Sell,OrderStatus.Filled,600111.SH,,TimeInForce.GTC,,,,1299513600000000000,2011-03-07T16:00:00Z
15.7842,48544.3071,1301587200000000000,2011-03-31T16:00:00Z,1230200.0,,2e134e0b-d8e8-4d18-955c-c158246f1626,OrderRole.Standalone,OrderType.Market,_default,,PositionEffect.Close,,1230200.0,False,,OrderSide.Sell,OrderStatus.Filled,000157.SZ,,TimeInForce.GTC,,,,1302019200000000000,2011-04-05T16:00:00Z
43.80615,46971.1443375,1301587200000000000,2011-03-31T16:00:00Z,428900.0,,9bd5d00f-93c4-431e-8254-ecc1d90562b8,OrderRole.Standalone,OrderType.Market,_default,,PositionEffect.Close,,428900.0,False,,OrderSide.Sell,OrderStatus.Filled,000568.SZ,,TimeInForce.GTC,,,,1302019200000000000,2011-04-05T16:00:00Z
22.6773,48433.043475,1301587200000000000,2011-03-31T16:00:00Z,854300.0,,28d9e09f-73af-4af2-b550-cacc1f129149,OrderRole.Standalone,OrderType.Market,_default,,PositionEffect.Close,,854300.0,False,,OrderSide.Sell,OrderStatus.Filled,000651.SZ,,TimeInForce.GTC,,,,1302019200000000000,2011-04-05T16:00:00Z
38.5614,40267.74195,1301587200000000000,2011-03-31T16:00:00Z,417700.0,,9836b16a-cf06-452f-9b5e-988f71d56766,OrderRole.Standalone,OrderType.Market,_default,,PositionEffect.Close,,417700.0,False,,OrderSide.Sell,OrderStatus.Filled,000776.SZ,,TimeInForce.GTC,,,,1302019200000000000,2011-04-05T16:00:00Z
52.31763,38074.1552325,1301587200000000000,2011-03-31T16:00:00Z,291100.0,,0a51df9c-467a-4d1d-aeea-875163e144e1,OrderRole.Standalone,OrderType.Market,_default,,PositionEffect.Close,,291100.0,False,,OrderSide.Sell,OrderStatus.Filled,000792.SZ,,TimeInForce.GTC,,,,1302019200000000000,2011-04-05T16:00:00Z
28.16181,49247.9652375,1301587200000000000,2011-03-31T16:00:00Z,699500.0,,c08a9861-47be-438f-8699-5da390964c70,OrderRole.Standalone,OrderType.Market,_default,,PositionEffect.Close,,699500.0,False,,OrderSide.Sell,OrderStatus.Filled,600031.SH,,TimeInForce.GTC,,,,1302019200000000000,2011-04-05T16:00:00Z
70.6293,51012.011925,1301587200000000000,2011-03-31T16:00:00Z,288900.0,,be8335ec-b6a1-4b7c-8ebb-469ff16f4dac,OrderRole.Standalone,OrderType.Market,_default,,PositionEffect.Close,,288900.0,False,,OrderSide.Sell,OrderStatus.Filled,600132.SH,,TimeInForce.GTC,,,,1302019200000000000,2011-04-05T16:00:00Z
25.3746,46727.3259,1301587200000000000,2011-03-31T16:00:00Z,736600.0,,07d1f5ac-1336-417f-9da9-b8929d1f4508,OrderRole.Standalone,OrderType.Market,_default,,PositionEffect.Close,,736600.0,False,,OrderSide.Sell,OrderStatus.Filled,600309.SH,,TimeInForce.GTC,,,,1302019200000000000,2011-04-05T16:00:00Z
50.33961,47130.4598625,1301587200000000000,2011-03-31T16:00:00Z,374500.0,,9d61a9bc-114c-45d4-b19e-679c80c1454e,OrderRole.Standalone,OrderType.Market,_default,,PositionEffect.Close,,374500.0,False,,OrderSide.Sell,OrderStatus.Filled,600549.SH,,TimeInForce.GTC,,,,1302019200000000000,2011-04-05T16:00:00Z
11.76822,42415.606935,1301587200000000000,2011-03-31T16:00:00Z,1441700.0,,3b189703-eb78-43b0-871d-a1b54940a149,OrderRole.Standalone,OrderType.Market,_default,,PositionEffect.Close,,1441700.0,False,,OrderSide.Sell,OrderStatus.Filled,600660.SH,,TimeInForce.GTC,,,,1302019200000000000,2011-04-05T16:00:00Z
11.68167,46890.22338,1301587200000000000,2011-03-31T16:00:00Z,1605600.0,,e2fd77a5-ed09-4da2-9d28-39c2ffc628d2,OrderRole.Standalone,OrderType.Market,_default,,PositionEffect.Open,,1605600.0,False,,OrderSide.Buy,OrderStatus.Filled,600745.SH,,TimeInForce.GTC,,,,1302019200000000000,2011-04-05T16:00:00Z
37.04701,45743.7955975,1301587200000000000,2011-03-31T16:00:00Z,493900.0,,40470a07-f71e-4da2-9d19-f12d677a937d,OrderRole.Standalone,OrderType.Market,_default,,PositionEffect.Open,,493900.0,False,,OrderSide.Buy,OrderStatus.Filled,002180.SZ,,TimeInForce.GTC,,,,1302019200000000000,2011-04-05T16:00:00Z
7.75775,45543.8108125,1301587200000000000,2011-03-31T16:00:00Z,2348300.0,,ff17992e-c237-4809-aa4a-f011ff68e425,OrderRole.Standalone,OrderType.Market,_default,,PositionEffect.Open,,2348300.0,False,,OrderSide.Buy,OrderStatus.Filled,600010.SH,,TimeInForce.GTC,,,,1302019200000000000,2011-04-05T16:00:00Z
5.81581,46366.545225,1301587200000000000,2011-03-31T16:00:00Z,3189000.0,,9c4a974f-aa9e-4e2b-8577-be4b98155d96,OrderRole.Standalone,OrderType.Market,_default,,PositionEffect.Open,,3189000.0,False,,OrderSide.Buy,OrderStatus.Filled,600016.SH,,TimeInForce.GTC,,,,1302019200000000000,2011-04-05T16:00:00Z
26.6266,46090.6446,1301587200000000000,2011-03-31T16:00:00Z,692400.0,,ceed6b26-2dee-4542-9d06-b92a93254252,OrderRole.Standalone,OrderType.Market,_default,,PositionEffect.Open,,692400.0,False,,OrderSide.Buy,OrderStatus.Filled,600160.SH,,TimeInForce.GTC,,,,1302019200000000000,2011-04-05T16:00:00Z
32.01198,46377.356025,1301587200000000000,2011-03-31T16:00:00Z,579500.0,,e5a06d43-cd67-485c-9650-288189aa24b9,OrderRole.Standalone,OrderType.Market,_default,,PositionEffect.Open,,579500.0,False,,OrderSide.Buy,OrderStatus.Filled,600176.SH,,TimeInForce.GTC,,,,1302019200000000000,2011-04-05T16:00:00Z
36.52649,45758.5603475,1301587200000000000,2011-03-31T16:00:00Z,501100.0,,773c3837-a767-4f09-b363-c4872e91a753,OrderRole.Standalone,OrderType.Market,_default,,PositionEffect.Open,,501100.0,False,,OrderSide.Buy,OrderStatus.Filled,600188.SH,,TimeInForce.GTC,,,,1302019200000000000,2011-04-05T16:00:00Z
17.6176,45792.5468,1301587200000000000,2011-03-31T16:00:00Z,1039700.0,,38d1fab0-c428-49aa-af5a-53aec99bee31,OrderRole.Standalone,OrderType.Market,_default,,PositionEffect.Open,,1039700.0,False,,OrderSide.Buy,OrderStatus.Filled,600233.SH,,TimeInForce.GTC,,,,1302019200000000000,2011-04-05T16:00:00Z
45.01497,47997.2117625,1301587200000000000,2011-03-31T16:00:00Z,426500.0,,ad84122e-b1aa-4862-bead-2ca934d55a83,OrderRole.Standalone,OrderType.Market,_default,,PositionEffect.Open,,426500.0,False,,OrderSide.Buy,OrderStatus.Filled,600372.SH,,TimeInForce.GTC,,,,1302019200000000000,2011-04-05T16:00:00Z
40.40036,46319.01274,1301587200000000000,2011-03-31T16:00:00Z,458600.0,,2e671e92-de6b-4a68-94e9-0ad327b5bbf9,OrderRole.Standalone,OrderType.Market,_default,,PositionEffect.Open,,458600.0,False,,OrderSide.Buy,OrderStatus.Filled,600585.SH,,TimeInForce.GTC,,,,1302019200000000000,2011-04-05T16:00:00Z
43.33662,53509.891545,1304438400000000000,2011-05-03T16:00:00Z,493900.0,,bf15444a-2ef9-438a-9332-ac33da87c558,OrderRole.Standalone,OrderType.Market,_default,,PositionEffect.Close,,493900.0,False,,OrderSide.Sell,OrderStatus.Filled,002180.SZ,,TimeInForce.GTC,,,,1304524800000000000,2011-05-04T16:00:00Z
5.96403,47548.229175,1304438400000000000,2011-05-03T16:00:00Z,3189000.0,,a557751a-84b9-4ba2-8b02-a70ea804f7cc,OrderRole.Standalone,OrderType.Market,_default,,PositionEffect.Close,,3189000.0,False,,OrderSide.Sell,OrderStatus.Filled,600016.SH,,TimeInForce.GTC,,,,1304524800000000000,2011-05-04T16:00:00Z
28.09188,40698.11115,1304438400000000000,2011-05-03T16:00:00Z,579500.0,,db341909-5810-41a6-9649-d9db029947e8,OrderRole.Standalone,OrderType.Market,_default,,PositionEffect.Close,,579500.0,False,,OrderSide.Sell,OrderStatus.Filled,600176.SH,,TimeInForce.GTC,,,,1304524800000000000,2011-05-04T16:00:00Z
32.5674,40798.81035,1304438400000000000,2011-05-03T16:00:00Z,501100.0,,d9c3a444-fc57-46cc-9050-35fb03598fc3,OrderRole.Standalone,OrderType.Market,_default,,PositionEffect.Close,,501100.0,False,,OrderSide.Sell,OrderStatus.Filled,600188.SH,,TimeInForce.GTC,,,,1304524800000000000,2011-05-04T16:00:00Z
15.13485,39339.2588625,1304438400000000000,2011-05-03T16:00:00Z,1039700.0,,c37c937e-8730-4969-b7f4-9f98071bd75b,OrderRole.Standalone,OrderType.Market,_default,,PositionEffect.Close,,1039700.0,False,,OrderSide.Sell,OrderStatus.Filled,600233.SH,,TimeInForce.GTC,,,,1304524800000000000,2011-05-04T16:00:00Z
42.0579,44844.235875,1304438400000000000,2011-05-03T16:00:00Z,426500.0,,2c321011-8610-4735-83e6-2828b0783177,OrderRole.Standalone,OrderType.Market,_default,,PositionEffect.Close,,426500.0,False,,OrderSide.Sell,OrderStatus.Filled,600372.SH,,TimeInForce.GTC,,,,1304524800000000000,2011-05-04T16:00:00Z
37.45251,42939.302715,1304438400000000000,2011-05-03T16:00:00Z,458600.0,,6a31a820-d6c1-40b5-a31e-523526d788a5,OrderRole.Standalone,OrderType.Market,_default,,PositionEffect.Close,,458600.0,False,,OrderSide.Sell,OrderStatus.Filled,600585.SH,,TimeInForce.GTC,,,,1304524800000000000,2011-05-04T16:00:00Z
8.73126,35047.27764,1304438400000000000,2011-05-03T16:00:00Z,1605600.0,,70ec7528-90d5-4dfd-aaa5-2c96fec6c140,OrderRole.Standalone,OrderType.Market,_default,,PositionEffect.Close,,1605600.0,False,,OrderSide.Sell,OrderStatus.Filled,600745.SH,,TimeInForce.GTC,,,,1304524800000000000,2011-05-04T16:00:00Z
7.13713,87956.2058375,1304438400000000000,2011-05-03T16:00:00Z,4929500.0,,7f434e11-d6f7-4154-b598-cd4a8436170a,OrderRole.Standalone,OrderType.Market,_default,,PositionEffect.Open,,4929500.0,False,,OrderSide.Buy,OrderStatus.Filled,601899.SH,,TimeInForce.GTC,,,,1304524800000000000,2011-05-04T16:00:00Z
8.3083,89237.373225,1304438400000000000,2011-05-03T16:00:00Z,4296300.0,,b069af4a-d744-4bd2-bfa0-a07e27438455,OrderRole.Standalone,OrderType.Market,_default,,PositionEffect.Open,,4296300.0,False,,OrderSide.Buy,OrderStatus.Filled,000002.SZ,,TimeInForce.GTC,,,,1304524800000000000,2011-05-04T16:00:00Z
8.46846,89454.460095,1304438400000000000,2011-05-03T16:00:00Z,4225300.0,,623b55de-98a1-49f8-8885-6b0240672e2d,OrderRole.Standalone,OrderType.Market,_default,,PositionEffect.Open,,4225300.0,False,,OrderSide.Buy,OrderStatus.Filled,600028.SH,,TimeInForce.GTC,,,,1304524800000000000,2011-05-04T16:00:00Z
7.72772,42040.72873,1304438400000000000,2011-05-03T16:00:00Z,2176100.0,,ddbc35ab-55d7-4043-82a0-7b876eda2305,OrderRole.Standalone,OrderType.Market,_default,,PositionEffect.Open,,2176100.0,False,,OrderSide.Buy,OrderStatus.Filled,600010.SH,,TimeInForce.GTC,,,,1304524800000000000,2011-05-04T16:00:00Z
30.58055,34502.5055375,1304438400000000000,2011-05-03T16:00:00Z,451300.0,,0ab87a53-0da4-46c3-9ef6-7926cacf5ade,OrderRole.Standalone,OrderType.Market,_default,,PositionEffect.Open,,451300.0,False,,OrderSide.Buy,OrderStatus.Filled,600160.SH,,TimeInForce.GTC,,,,1304524800000000000,2011-05-04T16:00:00Z
7.94205,89832.52755,1304524800000000000,2011-05-04T16:00:00Z,4524400.0,,06d96369-48c8-47db-a054-80771789a6c1,OrderRole.Standalone,OrderType.Market,_default,,PositionEffect.Close,,4524400.0,False,,OrderSide.Sell,OrderStatus.Filled,600010.SH,,TimeInForce.GTC,,,,1304611200000000000,2011-05-05T16:00:00Z
29.38059,84006.4519575,1304524800000000000,2011-05-04T16:00:00Z,1143700.0,,d03508e5-b200-465d-a72f-3416b55f6e14,OrderRole.Standalone,OrderType.Market,_default,,PositionEffect.Close,,1143700.0,False,,OrderSide.Sell,OrderStatus.Filled,600160.SH,,TimeInForce.GTC,,,,1304611200000000000,2011-05-05T16:00:00Z
7.73226,83050.271595,1306857600000000000,2011-05-31T16:00:00Z,4296300.0,,e511ba1d-6d28-4378-adf6-8cd0d9f97675,OrderRole.Standalone,OrderType.Market,_default,,PositionEffect.Close,,4296300.0,False,,OrderSide.Sell,OrderStatus.Filled,000002.SZ,,TimeInForce.GTC,,,,1306944000000000000,2011-06-01T16:00:00Z
7.96203,84104.9133975,1306857600000000000,2011-05-31T16:00:00Z,4225300.0,,70e28a85-8cc3-4174-8ad6-5254059555c4,OrderRole.Standalone,OrderType.Market,_default,,PositionEffect.Close,,4225300.0,False,,OrderSide.Sell,OrderStatus.Filled,600028.SH,,TimeInForce.GTC,,,,1306944000000000000,2011-06-01T16:00:00Z
7.08291,87288.0121125,1306857600000000000,2011-05-31T16:00:00Z,4929500.0,,d5926fe5-66f9-462f-95ad-961f5ff2655f,OrderRole.Standalone,OrderType.Market,_default,,PositionEffect.Close,,4929500.0,False,,OrderSide.Sell,OrderStatus.Filled,601899.SH,,TimeInForce.GTC,,,,1306944000000000000,2011-06-01T16:00:00Z
2.64264,47153.28618,1306857600000000000,2011-05-31T16:00:00Z,7137300.0,,02d417c4-cac1-4c9b-bcf5-a254a68218eb,OrderRole.Standalone,OrderType.Market,_default,,PositionEffect.Open,,7137300.0,False,,OrderSide.Buy,OrderStatus.Filled,000100.SZ,,TimeInForce.GTC,,,,1306944000000000000,2011-06-01T16:00:00Z
27.8278,47474.2268,1306857600000000000,2011-05-31T16:00:00Z,682400.0,,87e4d55d-6ad8-4843-b9ff-c2be77037620,OrderRole.Standalone,OrderType.Market,_default,,PositionEffect.Open,,682400.0,False,,OrderSide.Buy,OrderStatus.Filled,002180.SZ,,TimeInForce.GTC,,,,1306944000000000000,2011-06-01T16:00:00Z
6.61661,46804.2449875,1306857600000000000,2011-05-31T16:00:00Z,2829500.0,,df82e19e-f503-4e95-bca2-bcc6dad7ad39,OrderRole.Standalone,OrderType.Market,_default,,PositionEffect.Open,,2829500.0,False,,OrderSide.Buy,OrderStatus.Filled,600010.SH,,TimeInForce.GTC,,,,1306944000000000000,2011-06-01T16:00:00Z
5.95595,47626.754175,1306857600000000000,2011-05-31T16:00:00Z,3198600.0,,ba831519-d6e1-4402-9b84-1121f774eb12,OrderRole.Standalone,OrderType.Market,_default,,PositionEffect.Open,,3198600.0,False,,OrderSide.Buy,OrderStatus.Filled,600016.SH,,TimeInForce.GTC,,,,1306944000000000000,2011-06-01T16:00:00Z
16.5165,46898.60175,1306857600000000000,2011-05-31T16:00:00Z,1135800.0,,b0d00fbf-693b-4666-bb46-66cc0a96336f,OrderRole.Standalone,OrderType.Market,_default,,PositionEffect.Open,,1135800.0,False,,OrderSide.Buy,OrderStatus.Filled,600031.SH,,TimeInForce.GTC,,,,1306944000000000000,2011-06-01T16:00:00Z
69.51945,47168.946825,1306857600000000000,2011-05-31T16:00:00Z,271400.0,,afdf377a-f8b2-4f17-a036-d278341b3e0e,OrderRole.Standalone,OrderType.Market,_default,,PositionEffect.Open,,271400.0,False,,OrderSide.Buy,OrderStatus.Filled,600111.SH,,TimeInForce.GTC,,,,1306944000000000000,2011-06-01T16:00:00Z
27.25723,46950.578675,1306857600000000000,2011-05-31T16:00:00Z,689000.0,,32cc50a4-3513-45d1-a2e1-8d72d6148493,OrderRole.Standalone,OrderType.Market,_default,,PositionEffect.Open,,689000.0,False,,OrderSide.Buy,OrderStatus.Filled,600160.SH,,TimeInForce.GTC,,,,1306944000000000000,2011-06-01T16:00:00Z
208.7085,47533.360875,1306857600000000000,2011-05-31T16:00:00Z,91100.0,,8ad08e53-2d48-4e92-80f8-cf8c73a6be91,OrderRole.Standalone,OrderType.Market,_default,,PositionEffect.Open,,91100.0,False,,OrderSide.Buy,OrderStatus.Filled,600519.SH,,TimeInForce.GTC,,,,1306944000000000000,2011-06-01T16:00:00Z
36.31628,47365.50819,1306857600000000000,2011-05-31T16:00:00Z,521700.0,,1fac2cbd-093a-4f9d-b8a6-7462bf6a3e19,OrderRole.Standalone,OrderType.Market,_default,,PositionEffect.Open,,521700.0,False,,OrderSide.Buy,OrderStatus.Filled,600585.SH,,TimeInForce.GTC,,,,1306944000000000000,2011-06-01T16:00:00Z
2.98701,53297.9661825,1309363200000000000,2011-06-29T16:00:00Z,7137300.0,,6478b711-d4eb-4470-8a3b-371a5734b4fd,OrderRole.Standalone,OrderType.Market,_default,,PositionEffect.Close,,7137300.0,False,,OrderSide.Sell,OrderStatus.Filled,000100.SZ,,TimeInForce.GTC,,,,1309449600000000000,2011-06-30T16:00:00Z
26.7732,45675.0792,1309363200000000000,2011-06-29T16:00:00Z,682400.0,,14798ea9-b028-4bc7-af73-672afa56ee51,OrderRole.Standalone,OrderType.Market,_default,,PositionEffect.Close,,682400.0,False,,OrderSide.Sell,OrderStatus.Filled,002180.SZ,,TimeInForce.GTC,,,,1309449600000000000,2011-06-30T16:00:00Z
8.27172,58512.07935,1309363200000000000,2011-06-29T16:00:00Z,2829500.0,,b2021d61-4e02-475e-acfd-e7b61c7c2179,OrderRole.Standalone,OrderType.Market,_default,,PositionEffect.Close,,2829500.0,False,,OrderSide.Sell,OrderStatus.Filled,600010.SH,,TimeInForce.GTC,,,,1309449600000000000,2011-06-30T16:00:00Z
5.74425,45933.895125,1309363200000000000,2011-06-29T16:00:00Z,3198600.0,,8ff83e3f-45d5-4a63-8094-6f31ea7a6b2e,OrderRole.Standalone,OrderType.Market,_default,,PositionEffect.Close,,3198600.0,False,,OrderSide.Sell,OrderStatus.Filled,600016.SH,,TimeInForce.GTC,,,,1309449600000000000,2011-06-30T16:00:00Z
18.10188,51400.28826,1309363200000000000,2011-06-29T16:00:00Z,1135800.0,,4acfd095-30bf-4d20-96c2-5eee3c6ef6bf,OrderRole.Standalone,OrderType.Market,_default,,PositionEffect.Close,,1135800.0,False,,OrderSide.Sell,OrderStatus.Filled,600031.SH,,TimeInForce.GTC,,,,1309449600000000000,2011-06-30T16:00:00Z
71.35857,48416.789745,1309363200000000000,2011-06-29T16:00:00Z,271400.0,,2d8aa5bf-0a7b-412b-844d-2be1f58cd86e,OrderRole.Standalone,OrderType.Market,_default,,PositionEffect.Close,,271400.0,False,,OrderSide.Sell,OrderStatus.Filled,600111.SH,,TimeInForce.GTC,,,,1309449600000000000,2011-06-30T16:00:00Z
32.4675,55925.26875,1309363200000000000,2011-06-29T16:00:00Z,689000.0,,87e82c23-43c9-494c-9147-7c36b3f95e79,OrderRole.Standalone,OrderType.Market,_default,,PositionEffect.Close,,689000.0,False,,OrderSide.Sell,OrderStatus.Filled,600160.SH,,TimeInForce.GTC,,,,1309449600000000000,2011-06-30T16:00:00Z
192.3075,43798.033125,1309363200000000000,2011-06-29T16:00:00Z,91100.0,,8ad4703e-43a7-4d51-831e-0974c37225e0,OrderRole.Standalone,OrderType.Market,_default,,PositionEffect.Close,,91100.0,False,,OrderSide.Sell,OrderStatus.Filled,600519.SH,,TimeInForce.GTC,,,,1309449600000000000,2011-06-30T16:00:00Z
27.972,54720.225,1309363200000000000,2011-06-29T16:00:00Z,782500.0,,220d8d25-4b68-442a-ba93-b960c665bdae,OrderRole.Standalone,OrderType.Market,_default,,PositionEffect.Close,,782500.0,False,,OrderSide.Sell,OrderStatus.Filled,600585.SH,,TimeInForce.GTC,,,,1309449600000000000,2011-06-30T16:00:00Z
8.76876,91162.22115,1309363200000000000,2011-06-29T16:00:00Z,4158500.0,,5b128dc7-6346-4ae1-8a40-05271b0f02af,OrderRole.Standalone,OrderType.Market,_default,,PositionEffect.Open,,4158500.0,False,,OrderSide.Buy,OrderStatus.Filled,600745.SH,,TimeInForce.GTC,,,,1309449600000000000,2011-06-30T16:00:00Z
33.78375,92407.0021875,1309363200000000000,2011-06-29T16:00:00Z,1094100.0,,159fb1c4-3cfd-4dc5-891c-445c3223694b,OrderRole.Standalone,OrderType.Market,_default,,PositionEffect.Open,,1094100.0,False,,OrderSide.Buy,OrderStatus.Filled,002384.SZ,,TimeInForce.GTC,,,,1309449600000000000,2011-06-30T16:00:00Z
19.14913,91834.4401975,1309363200000000000,2011-06-29T16:00:00Z,1918300.0,,542a7761-1ca2-402d-a27a-928c18069e6b,OrderRole.Standalone,OrderType.Market,_default,,PositionEffect.Open,,1918300.0,False,,OrderSide.Buy,OrderStatus.Filled,002459.SZ,,TimeInForce.GTC,,,,1309449600000000000,2011-06-30T16:00:00Z
19.54953,92459.502135,1309363200000000000,2011-06-29T16:00:00Z,1891800.0,,9e22e249-4e0a-49a2-b4e8-7e9a3dfb5b84,OrderRole.Standalone,OrderType.Market,_default,,PositionEffect.Open,,1891800.0,False,,OrderSide.Buy,OrderStatus.Filled,002532.SZ,,TimeInForce.GTC,,,,1309449600000000000,2011-06-30T16:00:00Z
,0.0,1309363200000000000,2011-06-29T16:00:00Z,0.0,,1d446fa9-e273-4f78-b82f-7cd0e645402b,OrderRole.Standalone,OrderType.Market,_default,,PositionEffect.Open,,3054400.0,False,"Symbol 600346.SH not tradable (zero volume, suspension) at execution timestamp 1309449600000000000",OrderSide.Buy,OrderStatus.Rejected,600346.SH,,TimeInForce.GTC,,,,1309449600000000000,2011-06-30T16:00:00Z
33.09687,90528.2136675,1311782400000000000,2011-07-27T16:00:00Z,1094100.0,,e6f7eb4b-ea1a-446f-8454-b2fb9f091421,OrderRole.Standalone,OrderType.Market,_default,,PositionEffect.Close,,1094100.0,False,,OrderSide.Sell,OrderStatus.Filled,002384.SZ,,TimeInForce.GTC,,,,1311868800000000000,2011-07-28T16:00:00Z
21.1788,101568.2301,1311782400000000000,2011-07-27T16:00:00Z,1918300.0,,86f56886-7e2b-4a70-b5a2-3e545fa18944,OrderRole.Standalone,OrderType.Market,_default,,PositionEffect.Close,,1918300.0,False,,OrderSide.Sell,OrderStatus.Filled,002459.SZ,,TimeInForce.GTC,,,,1311868800000000000,2011-07-28T16:00:00Z
22.92705,108433.482975,1311782400000000000,2011-07-27T16:00:00Z,1891800.0,,f2b24ef9-9c5d-49e8-bd2f-fd9db726473a,OrderRole.Standalone,OrderType.Market,_default,,PositionEffect.Close,,1891800.0,False,,OrderSide.Sell,OrderStatus.Filled,002532.SZ,,TimeInForce.GTC,,,,1311868800000000000,2011-07-28T16:00:00Z
8.52147,88591.3324875,1311782400000000000,2011-07-27T16:00:00Z,4158500.0,,5e998ea5-40d0-4679-b850-d802d5ba1c32,OrderRole.Standalone,OrderType.Market,_default,,PositionEffect.Close,,4158500.0,False,,OrderSide.Sell,OrderStatus.Filled,600745.SH,,TimeInForce.GTC,,,,1311868800000000000,2011-07-28T16:00:00Z
95.8958,68493.57515,1311782400000000000,2011-07-27T16:00:00Z,285700.0,,42509632-67a9-4b6d-ba52-30e75cf66f7b,OrderRole.Standalone,OrderType.Market,_default,,PositionEffect.Open,,285700.0,False,,OrderSide.Buy,OrderStatus.Filled,000596.SZ,,TimeInForce.GTC,,,,1311868800000000000,2011-07-28T16:00:00Z
73.83376,68610.02148,1311782400000000000,2011-07-27T16:00:00Z,371700.0,,01dbf2c7-125a-4729-a642-3e94b99c2d9d,OrderRole.Standalone,OrderType.Market,_default,,PositionEffect.Open,,371700.0,False,,OrderSide.Buy,OrderStatus.Filled,000895.SZ,,TimeInForce.GTC,,,,1311868800000000000,2011-07-28T16:00:00Z
28.34832,68610.02148,1311782400000000000,2011-07-27T16:00:00Z,968100.0,,ffec4d38-613e-468f-8a06-dc4733d8789e,OrderRole.Standalone,OrderType.Market,_default,,PositionEffect.Open,,968100.0,False,,OrderSide.Buy,OrderStatus.Filled,002241.SZ,,TimeInForce.GTC,,,,1311868800000000000,2011-07-28T16:00:00Z
140.9408,68779.1104,1311782400000000000,2011-07-27T16:00:00Z,195200.0,,c59a2fdf-a5c2-4c4d-a727-821b7e0307c4,OrderRole.Standalone,OrderType.Market,_default,,PositionEffect.Open,,195200.0,False,,OrderSide.Buy,OrderStatus.Filled,002304.SZ,,TimeInForce.GTC,,,,1311868800000000000,2011-07-28T16:00:00Z
69.9699,68535.51705,1311782400000000000,2011-07-27T16:00:00Z,391800.0,,d217522a-bc25-40ad-9699-e22a93db0082,OrderRole.Standalone,OrderType.Market,_default,,PositionEffect.Open,,391800.0,False,,OrderSide.Buy,OrderStatus.Filled,600132.SH,,TimeInForce.GTC,,,,1311868800000000000,2011-07-28T16:00:00Z
74.1741,67943.4756,1311782400000000000,2011-07-27T16:00:00Z,366400.0,,a033688d-7433-476d-bae4-a190053a063a,OrderRole.Standalone,OrderType.Market,_default,,PositionEffect.Open,,366400.0,False,,OrderSide.Buy,OrderStatus.Filled,600436.SH,,TimeInForce.GTC,,,,1311868800000000000,2011-07-28T16:00:00Z
207.7075,63766.2025,1311782400000000000,2011-07-27T16:00:00Z,122800.0,,8c6729ec-f45f-44d9-b2ef-1d3eb8f4ba8e,OrderRole.Standalone,OrderType.Market,_default,,PositionEffect.Open,,122800.0,False,,OrderSide.Buy,OrderStatus.Filled,600519.SH,,TimeInForce.GTC,,,,1311868800000000000,2011-07-28T16:00:00Z
97.53237,69662.4952725,1314201600000000000,2011-08-24T16:00:00Z,285700.0,,13bee832-994a-4538-a7ab-d3757f12c838,OrderRole.Standalone,OrderType.Market,_default,,PositionEffect.Close,,285700.0,False,,OrderSide.Sell,OrderStatus.Filled,000596.SZ,,TimeInForce.GTC,,,,1314288000000000000,2011-08-25T16:00:00Z
72.37755,67256.8383375,1314201600000000000,2011-08-24T16:00:00Z,371700.0,,0300f9a4-0ada-43f5-9cb6-9120079cf7f0,OrderRole.Standalone,OrderType.Market,_default,,PositionEffect.Close,,371700.0,False,,OrderSide.Sell,OrderStatus.Filled,000895.SZ,,TimeInForce.GTC,,,,1314288000000000000,2011-08-25T16:00:00Z
25.85412,62573.43393,1314201600000000000,2011-08-24T16:00:00Z,968100.0,,f783d309-da5d-4df7-8b9a-35b4af238444,OrderRole.Standalone,OrderType.Market,_default,,PositionEffect.Close,,968100.0,False,,OrderSide.Sell,OrderStatus.Filled,002241.SZ,,TimeInForce.GTC,,,,1314288000000000000,2011-08-25T16:00:00Z
149.50035,72956.1708,1314201600000000000,2011-08-24T16:00:00Z,195200.0,,2ded0907-a893-42d6-ad68-ea4d5d116d53,OrderRole.Standalone,OrderType.Market,_default,,PositionEffect.Close,,195200.0,False,,OrderSide.Sell,OrderStatus.Filled,002304.SZ,,TimeInForce.GTC,,,,1314288000000000000,2011-08-25T16:00:00Z
70.77915,69328.177425,1314201600000000000,2011-08-24T16:00:00Z,391800.0,,84e80801-936a-48fd-bc0b-35696ab70435,OrderRole.Standalone,OrderType.Market,_default,,PositionEffect.Close,,391800.0,False,,OrderSide.Sell,OrderStatus.Filled,600132.SH,,TimeInForce.GTC,,,,1314288000000000000,2011-08-25T16:00:00Z
70.67925,64742.193,1314201600000000000,2011-08-24T16:00:00Z,366400.0,,c296469e-4026-4d1d-a941-069d3fe6bc42,OrderRole.Standalone,OrderType.Market,_default,,PositionEffect.Close,,366400.0,False,,OrderSide.Sell,OrderStatus.Filled,600436.SH,,TimeInForce.GTC,,,,1314288000000000000,2011-08-25T16:00:00Z
207.17262,68315.171445,1314201600000000000,2011-08-24T16:00:00Z,131900.0,,f9649be6-43cd-4c39-b600-790d388321ab,OrderRole.Standalone,OrderType.Market,_default,,PositionEffect.Close,,131900.0,False,,OrderSide.Sell,OrderStatus.Filled,600519.SH,,TimeInForce.GTC,,,,1314288000000000000,2011-08-25T16:00:00Z
2.64264,95091.43644,1314201600000000000,2011-08-24T16:00:00Z,14393400.0,,facce2da-8c04-4285-867d-b3ba64ecdba8,OrderRole.Standalone,OrderType.Market,_default,,PositionEffect.Open,,14393400.0,False,,OrderSide.Buy,OrderStatus.Filled,601288.SH,,TimeInForce.GTC,,,,1314288000000000000,2011-08-25T16:00:00Z
3.21321,94502.9160075,1314201600000000000,2011-08-24T16:00:00Z,11764300.0,,53205b63-f267-4fb6-9184-215a52b7d85c,OrderRole.Standalone,OrderType.Market,_default,,PositionEffect.Open,,11764300.0,False,,OrderSide.Buy,OrderStatus.Filled,601390.SH,,TimeInForce.GTC,,,,1314288000000000000,2011-08-25T16:00:00Z
4.16416,94635.7412,1314201600000000000,2011-08-24T16:00:00Z,9090500.0,,550e4507-a679-4e09-bf5f-333102e744b0,OrderRole.Standalone,OrderType.Market,_default,,PositionEffect.Open,,9090500.0,False,,OrderSide.Buy,OrderStatus.Filled,601398.SH,,TimeInForce.GTC,,,,1314288000000000000,2011-08-25T16:00:00Z
3.07307,94171.15708,1314201600000000000,2011-08-24T16:00:00Z,12257600.0,,e4669788-c3af-49fe-b933-c4a4560e74ad,OrderRole.Standalone,OrderType.Market,_default,,PositionEffect.Open,,12257600.0,False,,OrderSide.Buy,OrderStatus.Filled,600027.SH,,TimeInForce.GTC,,,,1314288000000000000,2011-08-25T16:00:00Z
25.01499,95125.7532225,1314201600000000000,2011-08-24T16:00:00Z,1521100.0,,e35694ee-68f1-4f9a-a136-9a73276e4776,OrderRole.Standalone,OrderType.Market,_default,,PositionEffect.Open,,1521100.0,False,,OrderSide.Buy,OrderStatus.Filled,600176.SH,,TimeInForce.GTC,,,,1314288000000000000,2011-08-25T16:00:00Z
2.82717,222.6396375,1316707200000000000,2011-09-22T16:00:00Z,31500.0,,c9e9737e-c955-461f-91d1-eaebabcbd7d9,OrderRole.Standalone,OrderType.Market,_default,,PositionEffect.Close,,31500.0,False,,OrderSide.Sell,OrderStatus.Filled,600027.SH,,TimeInForce.GTC,,,,1316966400000000000,2011-09-25T16:00:00Z
19.7802,75219.15555,1316707200000000000,2011-09-22T16:00:00Z,1521100.0,,4b6a0d8d-ddac-482d-a885-8b0061f2d2b7,OrderRole.Standalone,OrderType.Market,_default,,PositionEffect.Close,,1521100.0,False,,OrderSide.Sell,OrderStatus.Filled,600176.SH,,TimeInForce.GTC,,,,1316966400000000000,2011-09-25T16:00:00Z
2.4975,3191.180625,1316707200000000000,2011-09-22T16:00:00Z,511100.0,,db22f80a-524a-4446-b663-1de4e7d1b0de,OrderRole.Standalone,OrderType.Market,_default,,PositionEffect.Close,,511100.0,False,,OrderSide.Sell,OrderStatus.Filled,601288.SH,,TimeInForce.GTC,,,,1316966400000000000,2011-09-25T16:00:00Z
2.997,1409.33925,1316707200000000000,2011-09-22T16:00:00Z,188100.0,,3c20b23f-898c-4bfd-8812-c9a9a8381119,OrderRole.Standalone,OrderType.Market,_default,,PositionEffect.Close,,188100.0,False,,OrderSide.Sell,OrderStatus.Filled,601390.SH,,TimeInForce.GTC,,,,1316966400000000000,2011-09-25T16:00:00Z
3.97602,90360.024525,1316707200000000000,2011-09-22T16:00:00Z,9090500.0,,7050ad4d-1c48-4eb7-8d64-2bbd36b79d7e,OrderRole.Standalone,OrderType.Market,_default,,PositionEffect.Close,,9090500.0,False,,OrderSide.Sell,OrderStatus.Filled,601398.SH,,TimeInForce.GTC,,,,1316966400000000000,2011-09-25T16:00:00Z
4.63463,87197.0874775,1316707200000000000,2011-09-22T16:00:00Z,7525700.0,,34bf4c09-d8ff-4cf1-8d02-1923c6cb321d,OrderRole.Standalone,OrderType.Market,_default,,PositionEffect.Open,,7525700.0,False,,OrderSide.Buy,OrderStatus.Filled,601766.SH,,TimeInForce.GTC,,,,1316966400000000000,2011-09-25T16:00:00Z
2.89289,87197.49038,1316707200000000000,2011-09-22T16:00:00Z,12056800.0,,6f6f4f96-a187-4b1c-847b-319cc34fb4d0,OrderRole.Standalone,OrderType.Market,_default,,PositionEffect.Open,,12056800.0,False,,OrderSide.Buy,OrderStatus.Filled,601988.SH,,TimeInForce.GTC,,,,1316966400000000000,2011-09-25T16:00:00Z
2.82717,86413.1578425,1316966400000000000,2011-09-25T16:00:00Z,12226100.0,,0b46f27c-59a9-4492-a89c-540e4020bb4c,OrderRole.Standalone,OrderType.Market,_default,,PositionEffect.Close,,12226100.0,False,,OrderSide.Sell,OrderStatus.Filled,600027.SH,,TimeInForce.GTC,,,,1317052800000000000,2011-09-26T16:00:00Z
2.48751,86330.9001825,1316966400000000000,2011-09-25T16:00:00Z,13882300.0,,57de13e2-bfb1-4c17-90e0-bf5d5f117622,OrderRole.Standalone,OrderType.Market,_default,,PositionEffect.Close,,13882300.0,False,,OrderSide.Sell,OrderStatus.Filled,601288.SH,,TimeInForce.GTC,,,,1317052800000000000,2011-09-26T16:00:00Z
3.00699,87023.794095,1316966400000000000,2011-09-25T16:00:00Z,11576200.0,,5206d0d3-3c04-4139-9047-7b7ad6b442c2,OrderRole.Standalone,OrderType.Market,_default,,PositionEffect.Close,,11576200.0,False,,OrderSide.Sell,OrderStatus.Filled,601390.SH,,TimeInForce.GTC,,,,1317052800000000000,2011-09-26T16:00:00Z
5.42457,102059.2161225,1319731200000000000,2011-10-27T16:00:00Z,7525700.0,,ddd68ae7-80a2-4834-a57e-fd62cbdfa873,OrderRole.Standalone,OrderType.Market,_default,,PositionEffect.Close,,7525700.0,False,,OrderSide.Sell,OrderStatus.Filled,601766.SH,,TimeInForce.GTC,,,,1319990400000000000,2011-10-30T16:00:00Z
3.00699,90636.69258,1319731200000000000,2011-10-27T16:00:00Z,12056800.0,,bbf78323-56ea-4209-aafa-1c843a6d95f9,OrderRole.Standalone,OrderType.Market,_default,,PositionEffect.Close,,12056800.0,False,,OrderSide.Sell,OrderStatus.Filled,601988.SH,,TimeInForce.GTC,,,,1319990400000000000,2011-10-30T16:00:00Z
25.83581,89779.43975,1319731200000000000,2011-10-27T16:00:00Z,1390000.0,,d7fd5c75-7519-4d94-a3af-65755b93c715,OrderRole.Standalone,OrderType.Market,_default,,PositionEffect.Open,,1390000.0,False,,OrderSide.Buy,OrderStatus.Filled,002384.SZ,,TimeInForce.GTC,,,,1319990400000000000,2011-10-30T16:00:00Z
18.5185,89249.91075,1319731200000000000,2011-10-27T16:00:00Z,1927800.0,,47bb16a1-8b5c-473b-b35a-2e3dd164beb4,OrderRole.Standalone,OrderType.Market,_default,,PositionEffect.Open,,1927800.0,False,,OrderSide.Buy,OrderStatus.Filled,002600.SZ,,TimeInForce.GTC,,,,1319990400000000000,2011-10-30T16:00:00Z
80.6806,89454.61525,1319731200000000000,2011-10-27T16:00:00Z,443500.0,,7e428818-b46a-418d-94b9-f8f81b3a04df,OrderRole.Standalone,OrderType.Market,_default,,PositionEffect.Open,,443500.0,False,,OrderSide.Buy,OrderStatus.Filled,002601.SZ,,TimeInForce.GTC,,,,1319990400000000000,2011-10-30T16:00:00Z
20.00999,88234.050905,1319731200000000000,2011-10-27T16:00:00Z,1763800.0,,dbd66f19-f0ac-41f3-a24e-3d679023a5f0,OrderRole.Standalone,OrderType.Market,_default,,PositionEffect.Open,,1763800.0,False,,OrderSide.Buy,OrderStatus.Filled,600588.SH,,TimeInForce.GTC,,,,1319990400000000000,2011-10-30T16:00:00Z
12.75274,91650.754195,1319731200000000000,2011-10-27T16:00:00Z,2874700.0,,0023496b-eb26-4cd8-ac5b-8d65bbaada89,OrderRole.Standalone,OrderType.Market,_default,,PositionEffect.Open,,2874700.0,False,,OrderSide.Buy,OrderStatus.Filled,600893.SH,,TimeInForce.GTC,,,,1319990400000000000,2011-10-30T16:00:00Z
24.42555,84878.78625,1322150400000000000,2011-11-24T16:00:00Z,1390000.0,,43041465-290c-4bc8-84d9-e96e718fb08a,OrderRole.Standalone,OrderType.Market,_default,,PositionEffect.Close,,1390000.0,False,,OrderSide.Sell,OrderStatus.Filled,002384.SZ,,TimeInForce.GTC,,,,1322409600000000000,2011-11-27T16:00:00Z
19.39059,93452.948505,1322150400000000000,2011-11-24T16:00:00Z,1927800.0,,ea7e850b-9df4-4267-aa35-e09cac65bd79,OrderRole.Standalone,OrderType.Market,_default,,PositionEffect.Close,,1927800.0,False,,OrderSide.Sell,OrderStatus.Filled,002600.SZ,,TimeInForce.GTC,,,,1322409600000000000,2011-11-27T16:00:00Z
105.894,117409.9725,1322150400000000000,2011-11-24T16:00:00Z,443500.0,,0af7ff4f-df47-4f9e-ac72-90a44e05be77,OrderRole.Standalone,OrderType.Market,_default,,PositionEffect.Close,,443500.0,False,,OrderSide.Sell,OrderStatus.Filled,002601.SZ,,TimeInForce.GTC,,,,1322409600000000000,2011-11-27T16:00:00Z
21.26871,93784.376745,1322150400000000000,2011-11-24T16:00:00Z,1763800.0,,c5f78f89-7fa1-46eb-8b52-faa24a09eb8b,OrderRole.Standalone,OrderType.Market,_default,,PositionEffect.Close,,1763800.0,False,,OrderSide.Sell,OrderStatus.Filled,600588.SH,,TimeInForce.GTC,,,,1322409600000000000,2011-11-27T16:00:00Z
13.00698,93477.913515,1322150400000000000,2011-11-24T16:00:00Z,2874700.0,,fbed8111-4deb-4612-b162-81b50291623e,OrderRole.Standalone,OrderType.Market,_default,,PositionEffect.Close,,2874700.0,False,,OrderSide.Sell,OrderStatus.Filled,600893.SH,,TimeInForce.GTC,,,,1322409600000000000,2011-11-27T16:00:00Z
77.9779,68484.090675,1322150400000000000,2011-11-24T16:00:00Z,351300.0,,37870127-42d8-4557-9b17-bbf2cd082db8,OrderRole.Standalone,OrderType.Market,_default,,PositionEffect.Open,,351300.0,False,,OrderSide.Buy,OrderStatus.Filled,000895.SZ,,TimeInForce.GTC,,,,1322409600000000000,2011-11-27T16:00:00Z
146.96682,68302.829595,1322150400000000000,2011-11-24T16:00:00Z,185900.0,,ccf257a8-fdc9-4334-a2cc-4e3d4b2d5540,OrderRole.Standalone,OrderType.Market,_default,,PositionEffect.Open,,185900.0,False,,OrderSide.Buy,OrderStatus.Filled,002304.SZ,,TimeInForce.GTC,,,,1322409600000000000,2011-11-27T16:00:00Z
19.43942,68465.63724,1322150400000000000,2011-11-24T16:00:00Z,1408800.0,,7da5093b-ce45-44fb-b95e-8ba4008c5299,OrderRole.Standalone,OrderType.Market,_default,,PositionEffect.Open,,1408800.0,False,,OrderSide.Buy,OrderStatus.Filled,002311.SZ,,TimeInForce.GTC,,,,1322409600000000000,2011-11-27T16:00:00Z
,0.0,1322150400000000000,2011-11-24T16:00:00Z,0.0,,80933404-81c8-44c3-8971-73fcebae32e4,OrderRole.Standalone,OrderType.Market,_default,,PositionEffect.Open,,336800.0,False,"Symbol 600132.SH not tradable (zero volume, suspension) at execution timestamp 1322409600000000000",OrderSide.Buy,OrderStatus.Rejected,600132.SH,,TimeInForce.GTC,,,,1322409600000000000,2011-11-27T16:00:00Z
,0.0,1322150400000000000,2011-11-24T16:00:00Z,0.0,,24ad7631-92b9-45b2-ba74-bad96b6e865a,OrderRole.Standalone,OrderType.Market,_default,,PositionEffect.Open,,332200.0,False,"Symbol 600436.SH not tradable (zero volume, suspension) at execution timestamp 1322409600000000000",OrderSide.Buy,OrderStatus.Rejected,600436.SH,,TimeInForce.GTC,,,,1322409600000000000,2011-11-27T16:00:00Z
22.98296,68322.59434,1322150400000000000,2011-11-24T16:00:00Z,1189100.0,,e91b6124-339f-4bca-bf8e-bf7103ff8431,OrderRole.Standalone,OrderType.Market,_default,,PositionEffect.Open,,1189100.0,False,,OrderSide.Buy,OrderStatus.Filled,600887.SH,,TimeInForce.GTC,,,,1322409600000000000,2011-11-27T16:00:00Z
210.52031,68419.10075,1322150400000000000,2011-11-24T16:00:00Z,130000.0,,74fb725a-ae14-48ce-9459-fcf5511655e5,OrderRole.Standalone,OrderType.Market,_default,,PositionEffect.Open,,130000.0,False,,OrderSide.Buy,OrderStatus.Filled,600519.SH,,TimeInForce.GTC,,,,1322409600000000000,2011-11-27T16:00:00Z
129.4704,60171.3684,1324569600000000000,2011-12-22T16:00:00Z,185900.0,,92d8d0d1-9f0d-4898-929d-d46cb93e9cee,OrderRole.Standalone,OrderType.Market,_default,,PositionEffect.Close,,185900.0,False,,OrderSide.Sell,OrderStatus.Filled,002304.SZ,,TimeInForce.GTC,,,,1324828800000000000,2011-12-25T16:00:00Z
17.43255,61397.4411,1324569600000000000,2011-12-22T16:00:00Z,1408800.0,,2bcace8d-8b28-4378-aa96-ff31aa4540c8,OrderRole.Standalone,OrderType.Market,_default,,PositionEffect.Close,,1408800.0,False,,OrderSide.Sell,OrderStatus.Filled,002311.SZ,,TimeInForce.GTC,,,,1324828800000000000,2011-12-25T16:00:00Z
200.40939,65133.05175,1324569600000000000,2011-12-22T16:00:00Z,130000.0,,022df6a0-8465-41f5-87e2-0a03cc683415,OrderRole.Standalone,OrderType.Market,_default,,PositionEffect.Close,,130000.0,False,,OrderSide.Sell,OrderStatus.Filled,600519.SH,,TimeInForce.GTC,,,,1324828800000000000,2011-12-25T16:00:00Z
20.86911,62038.6467525,1324569600000000000,2011-12-22T16:00:00Z,1189100.0,,477f9abb-c61d-473c-8084-d4c92d5fdfba,OrderRole.Standalone,OrderType.Market,_default,,PositionEffect.Close,,1189100.0,False,,OrderSide.Sell,OrderStatus.Filled,600887.SH,,TimeInForce.GTC,,,,1324828800000000000,2011-12-25T16:00:00Z
,0.0,1324569600000000000,2011-12-22T16:00:00Z,0.0,,196390b5-07da-4d7d-9f59-fda2ffcfd67f,OrderRole.Standalone,OrderType.Market,_default,,PositionEffect.Close,,351300.0,False,"Symbol 000895.SZ not tradable (zero volume, suspension) at execution timestamp 1324828800000000000",OrderSide.Sell,OrderStatus.Rejected,000895.SZ,,TimeInForce.GTC,,,,1324828800000000000,2011-12-25T16:00:00Z
1.78178,89608.38887,1324569600000000000,2011-12-22T16:00:00Z,20116600.0,,c479efed-b989-449a-8aea-bf5ddb4d6417,OrderRole.Standalone,OrderType.Market,_default,,PositionEffect.Open,,20116600.0,False,,OrderSide.Buy,OrderStatus.Filled,000100.SZ,,TimeInForce.GTC,,,,1324828800000000000,2011-12-25T16:00:00Z
5.97597,89159.9784075,1324569600000000000,2011-12-22T16:00:00Z,5967900.0,,ec19d144-a077-455c-9519-3c9bebb1964f,OrderRole.Standalone,OrderType.Market,_default,,PositionEffect.Open,,5967900.0,False,,OrderSide.Buy,OrderStatus.Filled,600016.SH,,TimeInForce.GTC,,,,1324828800000000000,2011-12-25T16:00:00Z
33.76373,88916.782955,1324569600000000000,2011-12-22T16:00:00Z,1053400.0,,f50c2094-837c-49c4-83f8-09cd1df79dd2,OrderRole.Standalone,OrderType.Market,_default,,PositionEffect.Open,,1053400.0,False,,OrderSide.Buy,OrderStatus.Filled,601318.SH,,TimeInForce.GTC,,,,1324828800000000000,2011-12-25T16:00:00Z
4.49449,89013.37445,1324569600000000000,2011-12-22T16:00:00Z,7922000.0,,2eb6bc59-1635-43ef-803c-8e2b4c8201d7,OrderRole.Standalone,OrderType.Market,_default,,PositionEffect.Open,,7922000.0,False,,OrderSide.Buy,OrderStatus.Filled,601328.SH,,TimeInForce.GTC,,,,1324828800000000000,2011-12-25T16:00:00Z
,0.0,1324569600000000000,2011-12-22T16:00:00Z,0.0,,2cddf3e1-17fa-4217-b421-8fba41f81d59,OrderRole.Standalone,OrderType.Market,_default,,PositionEffect.Open,,8819600.0,False,"Risk: Insufficient margin at execution. Required: 35667477.31547000000000000000, Available: 30768398.62760749132682617640",OrderSide.Buy,OrderStatus.Rejected,601901.SH,,TimeInForce.GTC,,,,1324828800000000000,2011-12-25T16:00:00Z
2.02797,101989.653255,1327939200000000000,2012-01-30T16:00:00Z,20116600.0,,8e790bc6-5304-4afa-a346-0e3dbbfad56a,OrderRole.Standalone,OrderType.Market,_default,,PositionEffect.Close,,20116600.0,False,,OrderSide.Sell,OrderStatus.Filled,000100.SZ,,TimeInForce.GTC,,,,1328025600000000000,2012-01-31T16:00:00Z
64.8351,56941.426575,1327939200000000000,2012-01-30T16:00:00Z,351300.0,,3a3a3336-1b9b-4e34-ac7b-3ba66e0309bd,OrderRole.Standalone,OrderType.Market,_default,,PositionEffect.Close,,351300.0,False,,OrderSide.Sell,OrderStatus.Filled,000895.SZ,,TimeInForce.GTC,,,,1328025600000000000,2012-01-31T16:00:00Z
6.38361,95241.8652975,1327939200000000000,2012-01-30T16:00:00Z,5967900.0,,83aea288-fdc4-4762-876b-96686bde97fd,OrderRole.Standalone,OrderType.Market,_default,,PositionEffect.Close,,5967900.0,False,,OrderSide.Sell,OrderStatus.Filled,600016.SH,,TimeInForce.GTC,,,,1328025600000000000,2012-01-31T16:00:00Z
38.19177,100578.026295,1327939200000000000,2012-01-30T16:00:00Z,1053400.0,,7f98d73e-7c7f-435a-98d4-d45622d1838f,OrderRole.Standalone,OrderType.Market,_default,,PositionEffect.Close,,1053400.0,False,,OrderSide.Sell,OrderStatus.Filled,601318.SH,,TimeInForce.GTC,,,,1328025600000000000,2012-01-31T16:00:00Z
4.82517,95562.49185,1327939200000000000,2012-01-30T16:00:00Z,7922000.0,,8571a221-63f2-4cab-a141-b3264de0244f,OrderRole.Standalone,OrderType.Market,_default,,PositionEffect.Close,,7922000.0,False,,OrderSide.Sell,OrderStatus.Filled,601328.SH,,TimeInForce.GTC,,,,1328025600000000000,2012-01-31T16:00:00Z
6.23623,47629.206625,1327939200000000000,2012-01-30T16:00:00Z,3055000.0,,b9735d3b-f51c-451c-8cfa-3920f57a4b5b,OrderRole.Standalone,OrderType.Market,_default,,PositionEffect.Open,,3055000.0,False,,OrderSide.Buy,OrderStatus.Filled,002074.SZ,,TimeInForce.GTC,,,,1328025600000000000,2012-01-31T16:00:00Z
11.74173,46987.4680275,1327939200000000000,2012-01-30T16:00:00Z,1600700.0,,fca6a3cf-7ef7-4154-858d-d21a22f7167a,OrderRole.Standalone,OrderType.Market,_default,,PositionEffect.Open,,1600700.0,False,,OrderSide.Buy,OrderStatus.Filled,002180.SZ,,TimeInForce.GTC,,,,1328025600000000000,2012-01-31T16:00:00Z
8.09809,47337.385095,1327939200000000000,2012-01-30T16:00:00Z,2338200.0,,1c8b53e9-0f40-41d6-8e59-8271006324d7,OrderRole.Standalone,OrderType.Market,_default,,PositionEffect.Open,,2338200.0,False,,OrderSide.Buy,OrderStatus.Filled,002459.SZ,,TimeInForce.GTC,,,,1328025600000000000,2012-01-31T16:00:00Z
18.04803,47840.8155225,1327939200000000000,2012-01-30T16:00:00Z,1060300.0,,dcb0963b-248f-4d83-bd10-8d944e10483a,OrderRole.Standalone,OrderType.Market,_default,,PositionEffect.Open,,1060300.0,False,,OrderSide.Buy,OrderStatus.Filled,002532.SZ,,TimeInForce.GTC,,,,1328025600000000000,2012-01-31T16:00:00Z
13.66365,47112.2652,1327939200000000000,2012-01-30T16:00:00Z,1379200.0,,4c739542-e02d-4c91-82fd-47eac3c2c6e2,OrderRole.Standalone,OrderType.Market,_default,,PositionEffect.Open,,1379200.0,False,,OrderSide.Buy,OrderStatus.Filled,002600.SZ,,TimeInForce.GTC,,,,1328025600000000000,2012-01-31T16:00:00Z
21.05103,47764.78707,1327939200000000000,2012-01-30T16:00:00Z,907600.0,,b0957f4d-c833-465f-8f58-e56b9ef81036,OrderRole.Standalone,OrderType.Market,_default,,PositionEffect.Open,,907600.0,False,,OrderSide.Buy,OrderStatus.Filled,300122.SZ,,TimeInForce.GTC,,,,1328025600000000000,2012-01-31T16:00:00Z
38.3383,47309.4622,1327939200000000000,2012-01-30T16:00:00Z,493600.0,,5483fb6b-9dac-4343-a464-463ca2ccd398,OrderRole.Standalone,OrderType.Market,_default,,PositionEffect.Open,,493600.0,False,,OrderSide.Buy,OrderStatus.Filled,300142.SZ,,TimeInForce.GTC,,,,1328025600000000000,2012-01-31T16:00:00Z
24.41439,47547.024525,1327939200000000000,2012-01-30T16:00:00Z,779000.0,,966809df-da4f-44f7-a87b-f0f9886cb66b,OrderRole.Standalone,OrderType.Market,_default,,PositionEffect.Open,,779000.0,False,,OrderSide.Buy,OrderStatus.Filled,300223.SZ,,TimeInForce.GTC,,,,1328025600000000000,2012-01-31T16:00:00Z
48.3483,47429.6823,1327939200000000000,2012-01-30T16:00:00Z,392400.0,,57f5c808-6dab-41ca-b82a-b5be0aa0f581,OrderRole.Standalone,OrderType.Market,_default,,PositionEffect.Open,,392400.0,False,,OrderSide.Buy,OrderStatus.Filled,300251.SZ,,TimeInForce.GTC,,,,1328025600000000000,2012-01-31T16:00:00Z
22.88286,47481.9345,1327939200000000000,2012-01-30T16:00:00Z,830000.0,,c9b1d78f-3c3d-4d85-993a-c9fd88d539c1,OrderRole.Standalone,OrderType.Market,_default,,PositionEffect.Open,,830000.0,False,,OrderSide.Buy,OrderStatus.Filled,600132.SH,,TimeInForce.GTC,,,,1328025600000000000,2012-01-31T16:00:00Z
6.95304,53103.843,1330358400000000000,2012-02-27T16:00:00Z,3055000.0,,c64a2f03-c696-4077-ad20-a7b70caff986,OrderRole.Standalone,OrderType.Market,_default,,PositionEffect.Close,,3055000.0,False,,OrderSide.Sell,OrderStatus.Filled,002074.SZ,,TimeInForce.GTC,,,,1330444800000000000,2012-02-28T16:00:00Z
14.20578,170.46936,1330358400000000000,2012-02-27T16:00:00Z,4800.0,,9adee1e7-d350-4c97-afaa-0a3755c55036,OrderRole.Standalone,OrderType.Market,_default,,PositionEffect.Close,,4800.0,False,,OrderSide.Sell,OrderStatus.Filled,002180.SZ,,TimeInForce.GTC,,,,1330444800000000000,2012-02-28T16:00:00Z
9.77022,1030.75821,1330358400000000000,2012-02-27T16:00:00Z,42200.0,,b816478f-94b8-40ef-bdda-f95feeb3ac8f,OrderRole.Standalone,OrderType.Market,_default,,PositionEffect.Close,,42200.0,False,,OrderSide.Sell,OrderStatus.Filled,002459.SZ,,TimeInForce.GTC,,,,1330444800000000000,2012-02-28T16:00:00Z
16.43355,1010.663325,1330358400000000000,2012-02-27T16:00:00Z,24600.0,,087c0eb1-e257-41e9-a06f-d98a14862b07,OrderRole.Standalone,OrderType.Market,_default,,PositionEffect.Close,,24600.0,False,,OrderSide.Sell,OrderStatus.Filled,002600.SZ,,TimeInForce.GTC,,,,1330444800000000000,2012-02-28T16:00:00Z
24.1758,54854.8902,1330358400000000000,2012-02-27T16:00:00Z,907600.0,,876263f6-84b9-4741-801f-7df22116940b,OrderRole.Standalone,OrderType.Market,_default,,PositionEffect.Close,,907600.0,False,,OrderSide.Sell,OrderStatus.Filled,300122.SZ,,TimeInForce.GTC,,,,1330444800000000000,2012-02-28T16:00:00Z
43.97598,54266.35932,1330358400000000000,2012-02-27T16:00:00Z,493600.0,,12795024-5a24-4a50-9cb8-d442058ab27b,OrderRole.Standalone,OrderType.Market,_default,,PositionEffect.Close,,493600.0,False,,OrderSide.Sell,OrderStatus.Filled,300142.SZ,,TimeInForce.GTC,,,,1330444800000000000,2012-02-28T16:00:00Z
28.85112,56187.5562,1330358400000000000,2012-02-27T16:00:00Z,779000.0,,94d09c9c-7f44-4e7a-8b15-00c27f79b9aa,OrderRole.Standalone,OrderType.Market,_default,,PositionEffect.Close,,779000.0,False,,OrderSide.Sell,OrderStatus.Filled,300223.SZ,,TimeInForce.GTC,,,,1330444800000000000,2012-02-28T16:00:00Z
57.39255,56302.09155,1330358400000000000,2012-02-27T16:00:00Z,392400.0,,5ce924a4-b72b-43a1-bdd2-10a0bbfd68e0,OrderRole.Standalone,OrderType.Market,_default,,PositionEffect.Close,,392400.0,False,,OrderSide.Sell,OrderStatus.Filled,300251.SZ,,TimeInForce.GTC,,,,1330444800000000000,2012-02-28T16:00:00Z
36.24372,18728.94231,1330358400000000000,2012-02-27T16:00:00Z,206700.0,,2f839e87-aefa-49bd-b4c9-b9a913643ca4,OrderRole.Standalone,OrderType.Market,_default,,PositionEffect.Close,,206700.0,False,,OrderSide.Sell,OrderStatus.Filled,600132.SH,,TimeInForce.GTC,,,,1330444800000000000,2012-02-28T16:00:00Z
7.28728,56168.53242,1330358400000000000,2012-02-27T16:00:00Z,3083100.0,,4a453bd4-be7b-48ea-b73a-8cc2795bc7d5,OrderRole.Standalone,OrderType.Market,_default,,PositionEffect.Open,,3083100.0,False,,OrderSide.Buy,OrderStatus.Filled,600745.SH,,TimeInForce.GTC,,,,1330444800000000000,2012-02-28T16:00:00Z
21.84182,56755.96927,1330358400000000000,2012-02-27T16:00:00Z,1039400.0,,fd4dec7c-f990-4970-96e9-edbbfff8eb29,OrderRole.Standalone,OrderType.Market,_default,,PositionEffect.Open,,1039400.0,False,,OrderSide.Buy,OrderStatus.Filled,000630.SZ,,TimeInForce.GTC,,,,1330444800000000000,2012-02-28T16:00:00Z
13.52351,56372.751435,1330358400000000000,2012-02-27T16:00:00Z,1667400.0,,2c068416-3eec-41b6-9cc3-3dbbfc807ff4,OrderRole.Standalone,OrderType.Market,_default,,PositionEffect.Open,,1667400.0,False,,OrderSide.Buy,OrderStatus.Filled,002129.SZ,,TimeInForce.GTC,,,,1330444800000000000,2012-02-28T16:00:00Z
15.4154,56597.6411,1330358400000000000,2012-02-27T16:00:00Z,1468600.0,,2f2da4f6-5a9a-4a90-ba72-d4bd2f6aabd3,OrderRole.Standalone,OrderType.Market,_default,,PositionEffect.Open,,1468600.0,False,,OrderSide.Buy,OrderStatus.Filled,002625.SZ,,TimeInForce.GTC,,,,1330444800000000000,2012-02-28T16:00:00Z
26.7267,56814.282525,1330358400000000000,2012-02-27T16:00:00Z,850300.0,,a03044d5-cb35-4072-8d1f-b5db93727d7a,OrderRole.Standalone,OrderType.Market,_default,,PositionEffect.Open,,850300.0,False,,OrderSide.Buy,OrderStatus.Filled,300274.SZ,,TimeInForce.GTC,,,,1330444800000000000,2012-02-28T16:00:00Z
21.27125,159.534375,1330358400000000000,2012-02-27T16:00:00Z,3000.0,,77fc234b-d43e-4cec-8069-92e6163a5637,OrderRole.Standalone,OrderType.Market,_default,,PositionEffect.Open,,3000.0,False,,OrderSide.Buy,OrderStatus.Filled,002532.SZ,,TimeInForce.GTC,,,,1330444800000000000,2012-02-28T16:00:00Z
13.8861,55402.067475,1330444800000000000,2012-02-28T16:00:00Z,1595900.0,,4eace74e-321e-4f79-b8b9-d1be4dbae919,OrderRole.Standalone,OrderType.Market,_default,,PositionEffect.Close,,1595900.0,False,,OrderSide.Sell,OrderStatus.Filled,002180.SZ,,TimeInForce.GTC,,,,1330531200000000000,2012-02-29T16:00:00Z
9.81018,56310.4332,1330444800000000000,2012-02-28T16:00:00Z,2296000.0,,52b3d658-e0fa-4243-b872-ce648f685e14,OrderRole.Standalone,OrderType.Market,_default,,PositionEffect.Close,,2296000.0,False,,OrderSide.Sell,OrderStatus.Filled,002459.SZ,,TimeInForce.GTC,,,,1330531200000000000,2012-02-29T16:00:00Z
20.3796,54174.0717,1330444800000000000,2012-02-28T16:00:00Z,1063300.0,,5ca9117e-7467-400d-9b9d-f6d883e82308,OrderRole.Standalone,OrderType.Market,_default,,PositionEffect.Close,,1063300.0,False,,OrderSide.Sell,OrderStatus.Filled,002532.SZ,,TimeInForce.GTC,,,,1330531200000000000,2012-02-29T16:00:00Z
16.32366,55280.07459,1330444800000000000,2012-02-28T16:00:00Z,1354600.0,,343cea69-edf2-4f7e-a574-33ee302d4887,OrderRole.Standalone,OrderType.Market,_default,,PositionEffect.Close,,1354600.0,False,,OrderSide.Sell,OrderStatus.Filled,002600.SZ,,TimeInForce.GTC,,,,1330531200000000000,2012-02-29T16:00:00Z
36.87309,57457.4924925,1330444800000000000,2012-02-28T16:00:00Z,623300.0,,7e7aa2b0-4a3e-458d-9256-5e8a825bbaef,OrderRole.Standalone,OrderType.Market,_default,,PositionEffect.Close,,623300.0,False,,OrderSide.Sell,OrderStatus.Filled,600132.SH,,TimeInForce.GTC,,,,1330531200000000000,2012-02-29T16:00:00Z
20.52945,53345.775825,1332777600000000000,2012-03-26T16:00:00Z,1039400.0,,cb570a48-7563-4816-a68a-09391e58e00a,OrderRole.Standalone,OrderType.Market,_default,,PositionEffect.Close,,1039400.0,False,,OrderSide.Sell,OrderStatus.Filled,000630.SZ,,TimeInForce.GTC,,,,1332864000000000000,2012-03-27T16:00:00Z
14.02596,58467.21426,1332777600000000000,2012-03-26T16:00:00Z,1667400.0,,5ebfc2e0-f4c4-4de5-81b2-1a0fa3e4da03,OrderRole.Standalone,OrderType.Market,_default,,PositionEffect.Close,,1667400.0,False,,OrderSide.Sell,OrderStatus.Filled,002129.SZ,,TimeInForce.GTC,,,,1332864000000000000,2012-03-27T16:00:00Z
15.33465,56301.167475,1332777600000000000,2012-03-26T16:00:00Z,1468600.0,,a09287c1-cf55-416a-861f-666da810e909,OrderRole.Standalone,OrderType.Market,_default,,PositionEffect.Close,,1468600.0,False,,OrderSide.Sell,OrderStatus.Filled,002625.SZ,,TimeInForce.GTC,,,,1332864000000000000,2012-03-27T16:00:00Z
26.3736,56063.6802,1332777600000000000,2012-03-26T16:00:00Z,850300.0,,b6069133-81ad-46c8-a626-e24b376099b8,OrderRole.Standalone,OrderType.Market,_default,,PositionEffect.Close,,850300.0,False,,OrderSide.Sell,OrderStatus.Filled,300274.SZ,,TimeInForce.GTC,,,,1332864000000000000,2012-03-27T16:00:00Z
8.65134,66682.365885,1332777600000000000,2012-03-26T16:00:00Z,3083100.0,,d21cb962-ea64-47a6-beaa-3c5075ee1757,OrderRole.Standalone,OrderType.Market,_default,,PositionEffect.Close,,3083100.0,False,,OrderSide.Sell,OrderStatus.Filled,600745.SH,,TimeInForce.GTC,,,,1332864000000000000,2012-03-27T16:00:00Z
22.6226,57150.34325,1332777600000000000,2012-03-26T16:00:00Z,1010500.0,,af5cc24e-8975-4b66-9f36-669e56a94041,OrderRole.Standalone,OrderType.Market,_default,,PositionEffect.Open,,1010500.0,False,,OrderSide.Buy,OrderStatus.Filled,600887.SH,,TimeInForce.GTC,,,,1332864000000000000,2012-03-27T16:00:00Z
8.01801,57204.492345,1332777600000000000,2012-03-26T16:00:00Z,2853800.0,,3384c34e-2bea-4dad-8387-808d31304ed7,OrderRole.Standalone,OrderType.Market,_default,,PositionEffect.Open,,2853800.0,False,,OrderSide.Buy,OrderStatus.Filled,000002.SZ,,TimeInForce.GTC,,,,1332864000000000000,2012-03-27T16:00:00Z
48.52848,57433.45608,1332777600000000000,2012-03-26T16:00:00Z,473400.0,,7c9a7431-6979-4e45-abb7-b049c1343fe7,OrderRole.Standalone,OrderType.Market,_default,,PositionEffect.Open,,473400.0,False,,OrderSide.Buy,OrderStatus.Filled,002236.SZ,,TimeInForce.GTC,,,,1332864000000000000,2012-03-27T16:00:00Z
152.152,56866.81,1332777600000000000,2012-03-26T16:00:00Z,149500.0,,95a4198a-1a77-4f46-9a90-8412f95266bb,OrderRole.Standalone,OrderType.Market,_default,,PositionEffect.Open,,149500.0,False,,OrderSide.Buy,OrderStatus.Filled,002304.SZ,,TimeInForce.GTC,,,,1332864000000000000,2012-03-27T16:00:00Z
20.31029,57386.724395,1332777600000000000,2012-03-26T16:00:00Z,1130200.0,,f125f808-c2a6-4d08-91a7-32b2705c7f08,OrderRole.Standalone,OrderType.Market,_default,,PositionEffect.Open,,1130200.0,False,,OrderSide.Buy,OrderStatus.Filled,002311.SZ,,TimeInForce.GTC,,,,1332864000000000000,2012-03-27T16:00:00Z
6.41641,56397.035695,1332777600000000000,2012-03-26T16:00:00Z,3515800.0,,9d0042d7-61a0-43d8-8002-40f53ec5301a,OrderRole.Standalone,OrderType.Market,_default,,PositionEffect.Open,,3515800.0,False,,OrderSide.Buy,OrderStatus.Filled,600010.SH,,TimeInForce.GTC,,,,1332864000000000000,2012-03-27T16:00:00Z
6.3063,57185.5284,1332777600000000000,2012-03-26T16:00:00Z,3627200.0,,a61b0986-13d9-4168-8fab-60e5d76ff6a8,OrderRole.Standalone,OrderType.Market,_default,,PositionEffect.Open,,3627200.0,False,,OrderSide.Buy,OrderStatus.Filled,600016.SH,,TimeInForce.GTC,,,,1332864000000000000,2012-03-27T16:00:00Z
24.99497,57275.973755,1332777600000000000,2012-03-26T16:00:00Z,916600.0,,76a0f1dd-2261-4e22-ae0f-9cb2675ee238,OrderRole.Standalone,OrderType.Market,_default,,PositionEffect.Open,,916600.0,False,,OrderSide.Buy,OrderStatus.Filled,600066.SH,,TimeInForce.GTC,,,,1332864000000000000,2012-03-27T16:00:00Z
70.07,56511.455,1332777600000000000,2012-03-26T16:00:00Z,322600.0,,58961748-f6ff-49d7-9d28-799e789ce2ce,OrderRole.Standalone,OrderType.Market,_default,,PositionEffect.Open,,322600.0,False,,OrderSide.Buy,OrderStatus.Filled,600111.SH,,TimeInForce.GTC,,,,1332864000000000000,2012-03-27T16:00:00Z
199.199,56522.71625,1332777600000000000,2012-03-26T16:00:00Z,113500.0,,4f7b00ee-6bcb-4bd0-9f8e-b0425c72db35,OrderRole.Standalone,OrderType.Market,_default,,PositionEffect.Open,,113500.0,False,,OrderSide.Buy,OrderStatus.Filled,600519.SH,,TimeInForce.GTC,,,,1332864000000000000,2012-03-27T16:00:00Z
9.02097,5205.09969,1335456000000000000,2012-04-26T16:00:00Z,230800.0,,2dd8389f-8bd4-4f9e-8dc4-b28147bd0358,OrderRole.Standalone,OrderType.Market,_default,,PositionEffect.Close,,230800.0,False,,OrderSide.Sell,OrderStatus.Filled,000002.SZ,,TimeInForce.GTC,,,,1335888000000000000,2012-05-01T16:00:00Z
50.29965,59529.635775,1335456000000000000,2012-04-26T16:00:00Z,473400.0,,29e78a5d-eaf0-4b75-a277-4e3f9454c2dc,OrderRole.Standalone,OrderType.Market,_default,,PositionEffect.Close,,473400.0,False,,OrderSide.Sell,OrderStatus.Filled,002236.SZ,,TimeInForce.GTC,,,,1335888000000000000,2012-05-01T16:00:00Z
165.834,61980.4575,1335456000000000000,2012-04-26T16:00:00Z,149500.0,,272d081c-f3cc-475b-9f8d-6ac3b8c90e9a,OrderRole.Standalone,OrderType.Market,_default,,PositionEffect.Close,,149500.0,False,,OrderSide.Sell,OrderStatus.Filled,002304.SZ,,TimeInForce.GTC,,,,1335888000000000000,2012-05-01T16:00:00Z
21.83814,61703.66457,1335456000000000000,2012-04-26T16:00:00Z,1130200.0,,0e7e0ade-0d09-40e9-8e6f-f064b81596a9,OrderRole.Standalone,OrderType.Market,_default,,PositionEffect.Close,,1130200.0,False,,OrderSide.Sell,OrderStatus.Filled,002311.SZ,,TimeInForce.GTC,,,,1335888000000000000,2012-05-01T16:00:00Z
6.08391,53474.526945,1335456000000000000,2012-04-26T16:00:00Z,3515800.0,,94195b01-1d07-441e-86ac-53f0dd0e3b31,OrderRole.Standalone,OrderType.Market,_default,,PositionEffect.Close,,3515800.0,False,,OrderSide.Sell,OrderStatus.Filled,600010.SH,,TimeInForce.GTC,,,,1335888000000000000,2012-05-01T16:00:00Z
6.73326,61057.20168,1335456000000000000,2012-04-26T16:00:00Z,3627200.0,,b5a36973-8197-4d60-8dc9-9509e5e53202,OrderRole.Standalone,OrderType.Market,_default,,PositionEffect.Close,,3627200.0,False,,OrderSide.Sell,OrderStatus.Filled,600016.SH,,TimeInForce.GTC,,,,1335888000000000000,2012-05-01T16:00:00Z
71.5284,57687.6546,1335456000000000000,2012-04-26T16:00:00Z,322600.0,,2f9cd3e4-e471-4af1-9934-5a4a75c321c0,OrderRole.Standalone,OrderType.Market,_default,,PositionEffect.Close,,322600.0,False,,OrderSide.Sell,OrderStatus.Filled,600111.SH,,TimeInForce.GTC,,,,1335888000000000000,2012-05-01T16:00:00Z
225.774,4854.141,1335456000000000000,2012-04-26T16:00:00Z,8600.0,,bad74505-c1f8-46dc-b011-a821c6d31abf,OrderRole.Standalone,OrderType.Market,_default,,PositionEffect.Close,,8600.0,False,,OrderSide.Sell,OrderStatus.Filled,600519.SH,,TimeInForce.GTC,,,,1335888000000000000,2012-05-01T16:00:00Z
,0.0,1335456000000000000,2012-04-26T16:00:00Z,0.0,,92c11370-0225-479c-84fa-ca79ddf3277e,OrderRole.Standalone,OrderType.Market,_default,,PositionEffect.Close,,916600.0,False,"Symbol 600066.SH not tradable (zero volume, suspension) at execution timestamp 1335888000000000000",OrderSide.Sell,OrderStatus.Rejected,600066.SH,,TimeInForce.GTC,,,,1335888000000000000,2012-05-01T16:00:00Z
16.73672,59511.59214,1335456000000000000,2012-04-26T16:00:00Z,1422300.0,,a3487ed1-5771-4c46-bf4c-e8281efa6eb2,OrderRole.Standalone,OrderType.Market,_default,,PositionEffect.Open,,1422300.0,False,,OrderSide.Buy,OrderStatus.Filled,000001.SZ,,TimeInForce.GTC,,,,1335888000000000000,2012-05-01T16:00:00Z
10.14013,60250.1174275,1335456000000000000,2012-04-26T16:00:00Z,2376700.0,,07431945-a31f-401d-aef2-128e55aba32f,OrderRole.Standalone,OrderType.Market,_default,,PositionEffect.Open,,2376700.0,False,,OrderSide.Buy,OrderStatus.Filled,000157.SZ,,TimeInForce.GTC,,,,1335888000000000000,2012-05-01T16:00:00Z
44.2442,59574.8153,1335456000000000000,2012-04-26T16:00:00Z,538600.0,,a2232450-887b-4e92-971a-db241aa33ebf,OrderRole.Standalone,OrderType.Market,_default,,PositionEffect.Open,,538600.0,False,,OrderSide.Buy,OrderStatus.Filled,000568.SZ,,TimeInForce.GTC,,,,1335888000000000000,2012-05-01T16:00:00Z
22.3223,60046.987,1335456000000000000,2012-04-26T16:00:00Z,1076000.0,,9355dc65-5b34-4efe-ab6e-8f61f8737163,OrderRole.Standalone,OrderType.Market,_default,,PositionEffect.Open,,1076000.0,False,,OrderSide.Buy,OrderStatus.Filled,000651.SZ,,TimeInForce.GTC,,,,1335888000000000000,2012-05-01T16:00:00Z
65.39533,59346.261975,1335456000000000000,2012-04-26T16:00:00Z,363000.0,,560d91d2-a63f-4962-9f69-1c64cca6d264,OrderRole.Standalone,OrderType.Market,_default,,PositionEffect.Open,,363000.0,False,,OrderSide.Buy,OrderStatus.Filled,000895.SZ,,TimeInForce.GTC,,,,1335888000000000000,2012-05-01T16:00:00Z
14.4144,60068.4084,1335456000000000000,2012-04-26T16:00:00Z,1666900.0,,73d83ab8-e920-4883-9c69-82cc57e074ae,OrderRole.Standalone,OrderType.Market,_default,,PositionEffect.Open,,1666900.0,False,,OrderSide.Buy,OrderStatus.Filled,600031.SH,,TimeInForce.GTC,,,,1335888000000000000,2012-05-01T16:00:00Z
13.86385,59936.8895125,1335456000000000000,2012-04-26T16:00:00Z,1729300.0,,adff7f70-b84e-4f26-b2d2-560054303ba7,OrderRole.Standalone,OrderType.Market,_default,,PositionEffect.Open,,1729300.0,False,,OrderSide.Buy,OrderStatus.Filled,600309.SH,,TimeInForce.GTC,,,,1335888000000000000,2012-05-01T16:00:00Z
22.3223,3270.21695,1335456000000000000,2012-04-26T16:00:00Z,58600.0,,aa17d7a1-e776-407a-8187-2da31de7a775,OrderRole.Standalone,OrderType.Market,_default,,PositionEffect.Open,,58600.0,False,,OrderSide.Buy,OrderStatus.Filled,600887.SH,,TimeInForce.GTC,,,,1335888000000000000,2012-05-01T16:00:00Z
9.1908,60268.671,1335888000000000000,2012-05-01T16:00:00Z,2623000.0,,b70a8abd-51b0-487f-a2c5-06e4e1d2f8c9,OrderRole.Standalone,OrderType.Market,_default,,PositionEffect.Close,,2623000.0,False,,OrderSide.Sell,OrderStatus.Filled,000002.SZ,,TimeInForce.GTC,,,,1335974400000000000,2012-05-02T16:00:00Z
225.75402,59209.6355955,1335888000000000000,2012-05-01T16:00:00Z,104910.0,,4ac65086-1e20-4176-ab80-5e0d8d9dda84,OrderRole.Standalone,OrderType.Market,_default,,PositionEffect.Close,,104910.0,False,,OrderSide.Sell,OrderStatus.Filled,600519.SH,,TimeInForce.GTC,,,,1335974400000000000,2012-05-02T16:00:00Z
22.23774,59435.919585,1335888000000000000,2012-05-01T16:00:00Z,1069100.0,,332eb910-8cf3-43bb-bf11-56c5a4733632,OrderRole.Standalone,OrderType.Market,_default,,PositionEffect.Close,,1069100.0,False,,OrderSide.Sell,OrderStatus.Filled,600887.SH,,TimeInForce.GTC,,,,1335974400000000000,2012-05-02T16:00:00Z
15.84414,56337.800805,1338220800000000000,2012-05-28T16:00:00Z,1422300.0,,5eaf15ab-8263-47e7-96d3-a6e9c76e382f,OrderRole.Standalone,OrderType.Market,_default,,PositionEffect.Close,,1422300.0,False,,OrderSide.Sell,OrderStatus.Filled,000001.SZ,,TimeInForce.GTC,,,,1338307200000000000,2012-05-29T16:00:00Z
11.0889,65887.471575,1338220800000000000,2012-05-28T16:00:00Z,2376700.0,,ed31a259-6410-4a47-b8f2-371bf2cdd2b1,OrderRole.Standalone,OrderType.Market,_default,,PositionEffect.Close,,2376700.0,False,,OrderSide.Sell,OrderStatus.Filled,000157.SZ,,TimeInForce.GTC,,,,1338307200000000000,2012-05-29T16:00:00Z
39.96,53806.14,1338220800000000000,2012-05-28T16:00:00Z,538600.0,,faab98eb-7281-4c41-9cb1-9df855f72e8b,OrderRole.Standalone,OrderType.Market,_default,,PositionEffect.Close,,538600.0,False,,OrderSide.Sell,OrderStatus.Filled,000568.SZ,,TimeInForce.GTC,,,,1338307200000000000,2012-05-29T16:00:00Z
22.31766,60034.5054,1338220800000000000,2012-05-28T16:00:00Z,1076000.0,,3422662c-925d-480b-9b59-2ac76a749cde,OrderRole.Standalone,OrderType.Market,_default,,PositionEffect.Close,,1076000.0,False,,OrderSide.Sell,OrderStatus.Filled,000651.SZ,,TimeInForce.GTC,,,,1338307200000000000,2012-05-29T16:00:00Z
59.94,54395.55,1338220800000000000,2012-05-28T16:00:00Z,363000.0,,4753f274-bbb1-4206-85af-eacaefcf801e,OrderRole.Standalone,OrderType.Market,_default,,PositionEffect.Close,,363000.0,False,,OrderSide.Sell,OrderStatus.Filled,000895.SZ,,TimeInForce.GTC,,,,1338307200000000000,2012-05-29T16:00:00Z
15.0849,62862.549525,1338220800000000000,2012-05-28T16:00:00Z,1666900.0,,55b905f6-e864-48a4-ba01-fba34babade2,OrderRole.Standalone,OrderType.Market,_default,,PositionEffect.Close,,1666900.0,False,,OrderSide.Sell,OrderStatus.Filled,600031.SH,,TimeInForce.GTC,,,,1338307200000000000,2012-05-29T16:00:00Z
14.71527,63617.7910275,1338220800000000000,2012-05-28T16:00:00Z,1729300.0,,a1abd057-1a4b-4510-afde-5c6744fcc7af,OrderRole.Standalone,OrderType.Market,_default,,PositionEffect.Close,,1729300.0,False,,OrderSide.Sell,OrderStatus.Filled,600309.SH,,TimeInForce.GTC,,,,1338307200000000000,2012-05-29T16:00:00Z
83.34326,65236.936765,1338220800000000000,2012-05-28T16:00:00Z,313100.0,,1297e0ba-3c2a-44de-ae04-8a2c1e4b2cf0,OrderRole.Standalone,OrderType.Market,_default,,PositionEffect.Open,,313100.0,False,,OrderSide.Buy,OrderStatus.Filled,600436.SH,,TimeInForce.GTC,,,,1338307200000000000,2012-05-29T16:00:00Z
49.1491,65208.568425,1338220800000000000,2012-05-28T16:00:00Z,530700.0,,f0ba65a8-5d02-4e56-8fec-bc1ee6228ef0,OrderRole.Standalone,OrderType.Market,_default,,PositionEffect.Open,,530700.0,False,,OrderSide.Buy,OrderStatus.Filled,600549.SH,,TimeInForce.GTC,,,,1338307200000000000,2012-05-29T16:00:00Z
9.28928,65324.53928,1338220800000000000,2012-05-28T16:00:00Z,2812900.0,,ecc16522-febb-4a41-9192-808cfb1fd2d4,OrderRole.Standalone,OrderType.Market,_default,,PositionEffect.Open,,2812900.0,False,,OrderSide.Buy,OrderStatus.Filled,000002.SZ,,TimeInForce.GTC,,,,1338307200000000000,2012-05-29T16:00:00Z
28.03801,64354.2424525,1338220800000000000,2012-05-28T16:00:00Z,918100.0,,72ed9ee3-7136-4018-804d-fece0879f23a,OrderRole.Standalone,OrderType.Market,_default,,PositionEffect.Open,,918100.0,False,,OrderSide.Buy,OrderStatus.Filled,002236.SZ,,TimeInForce.GTC,,,,1338307200000000000,2012-05-29T16:00:00Z
168.168,64954.89,1338220800000000000,2012-05-28T16:00:00Z,154500.0,,de2e3f3a-5296-4372-aac0-c5330b195836,OrderRole.Standalone,OrderType.Market,_default,,PositionEffect.Open,,154500.0,False,,OrderSide.Buy,OrderStatus.Filled,002304.SZ,,TimeInForce.GTC,,,,1338307200000000000,2012-05-29T16:00:00Z
16.9169,65333.0678,1338220800000000000,2012-05-28T16:00:00Z,1544800.0,,23df4d97-b095-4d5e-8d36-8fa132d8b320,OrderRole.Standalone,OrderType.Market,_default,,PositionEffect.Open,,1544800.0,False,,OrderSide.Buy,OrderStatus.Filled,002311.SZ,,TimeInForce.GTC,,,,1338307200000000000,2012-05-29T16:00:00Z
13.90389,64927.6903275,1338220800000000000,2012-05-28T16:00:00Z,1867900.0,,95ec34ab-1e33-4edd-b64b-7baca463e864,OrderRole.Standalone,OrderType.Market,_default,,PositionEffect.Open,,1867900.0,False,,OrderSide.Buy,OrderStatus.Filled,600048.SH,,TimeInForce.GTC,,,,1338307200000000000,2012-05-29T16:00:00Z
44.82478,65253.673485,1338220800000000000,2012-05-28T16:00:00Z,582300.0,,0e2bf6da-5a11-4fb4-9242-5e4481ba78e6,OrderRole.Standalone,OrderType.Market,_default,,PositionEffect.Open,,582300.0,False,,OrderSide.Buy,OrderStatus.Filled,600111.SH,,TimeInForce.GTC,,,,1338307200000000000,2012-05-29T16:00:00Z
23.3233,11778.2665,1338220800000000000,2012-05-28T16:00:00Z,202000.0,,592cdacf-c215-45bc-9b82-754091ac675d,OrderRole.Standalone,OrderType.Market,_default,,PositionEffect.Open,,202000.0,False,,OrderSide.Buy,OrderStatus.Filled,600066.SH,,TimeInForce.GTC,,,,1338307200000000000,2012-05-29T16:00:00Z
8.95104,62945.95104,1340726400000000000,2012-06-26T16:00:00Z,2812900.0,,a9ce4551-e419-47ba-9c22-2bc7d7347b1c,OrderRole.Standalone,OrderType.Market,_default,,PositionEffect.Close,,2812900.0,False,,OrderSide.Sell,OrderStatus.Filled,000002.SZ,,TimeInForce.GTC,,,,1340812800000000000,2012-06-27T16:00:00Z
31.62834,14968.111905,1340726400000000000,2012-06-26T16:00:00Z,189300.0,,022a18b5-ca39-433a-9d70-c5a4c2d4258b,OrderRole.Standalone,OrderType.Market,_default,,PositionEffect.Close,,189300.0,False,,OrderSide.Sell,OrderStatus.Filled,002236.SZ,,TimeInForce.GTC,,,,1340812800000000000,2012-06-27T16:00:00Z
,0.0,1340726400000000000,2012-06-26T16:00:00Z,0.0,,8dad430e-3e10-48d2-801a-b82e787c17d6,OrderRole.Standalone,OrderType.Market,_default,,PositionEffect.Close,,185400.0,False,"Risk: Insufficient available position for 002304.SZ at execution. Available: 185399.99999999999313882170774, Required: 185400",OrderSide.Sell,OrderStatus.Rejected,002304.SZ,,TimeInForce.GTC,,,,1340812800000000000,2012-06-27T16:00:00Z
17.23275,8965.3381875,1340726400000000000,2012-06-26T16:00:00Z,208100.0,,8eb6c508-f201-4673-a015-b73d5e02e4d6,OrderRole.Standalone,OrderType.Market,_default,,PositionEffect.Close,,208100.0,False,,OrderSide.Sell,OrderStatus.Filled,002311.SZ,,TimeInForce.GTC,,,,1340812800000000000,2012-06-27T16:00:00Z
11.44854,64151.89389,1340726400000000000,2012-06-26T16:00:00Z,2241400.0,,f15c73de-d9e3-4777-9e5f-bc4c968636ec,OrderRole.Standalone,OrderType.Market,_default,,PositionEffect.Close,,2241400.0,False,,OrderSide.Sell,OrderStatus.Filled,600048.SH,,TimeInForce.GTC,,,,1340812800000000000,2012-06-27T16:00:00Z
22.66731,63389.132415,1340726400000000000,2012-06-26T16:00:00Z,1118600.0,,6f26519f-4a55-428c-b522-ccf757e30b0e,OrderRole.Standalone,OrderType.Market,_default,,PositionEffect.Close,,1118600.0,False,,OrderSide.Sell,OrderStatus.Filled,600066.SH,,TimeInForce.GTC,,,,1340812800000000000,2012-06-27T16:00:00Z
40.10985,58389.9141375,1340726400000000000,2012-06-26T16:00:00Z,582300.0,,fa451878-c0a1-4a12-9da4-fc6179d0a5fc,OrderRole.Standalone,OrderType.Market,_default,,PositionEffect.Close,,582300.0,False,,OrderSide.Sell,OrderStatus.Filled,600111.SH,,TimeInForce.GTC,,,,1340812800000000000,2012-06-27T16:00:00Z
86.4135,10326.41325,1340726400000000000,2012-06-26T16:00:00Z,47800.0,,f0f0218b-897a-491f-8975-00385a056950,OrderRole.Standalone,OrderType.Market,_default,,PositionEffect.Close,,47800.0,False,,OrderSide.Sell,OrderStatus.Filled,600436.SH,,TimeInForce.GTC,,,,1340812800000000000,2012-06-27T16:00:00Z
43.43652,57629.40291,1340726400000000000,2012-06-26T16:00:00Z,530700.0,,23775c0d-214d-4f67-8174-c2968cfb3c46,OrderRole.Standalone,OrderType.Market,_default,,PositionEffect.Close,,530700.0,False,,OrderSide.Sell,OrderStatus.Filled,600549.SH,,TimeInForce.GTC,,,,1340812800000000000,2012-06-27T16:00:00Z
46.01597,58359.7539525,1340726400000000000,2012-06-26T16:00:00Z,507300.0,,a89972f3-42a6-4fd9-9eff-4a1fa3278d8e,OrderRole.Standalone,OrderType.Market,_default,,PositionEffect.Open,,507300.0,False,,OrderSide.Buy,OrderStatus.Filled,000661.SZ,,TimeInForce.GTC,,,,1340812800000000000,2012-06-27T16:00:00Z
36.036,57693.636,1340726400000000000,2012-06-26T16:00:00Z,640400.0,,eedc724f-f7ed-404b-977c-b5770ee8fff6,OrderRole.Standalone,OrderType.Market,_default,,PositionEffect.Open,,640400.0,False,,OrderSide.Buy,OrderStatus.Filled,002241.SZ,,TimeInForce.GTC,,,,1340812800000000000,2012-06-27T16:00:00Z
46.66662,57469.94253,1340726400000000000,2012-06-26T16:00:00Z,492600.0,,95d4b2e6-5ca6-4fbc-ba45-e3a2ed6de071,OrderRole.Standalone,OrderType.Market,_default,,PositionEffect.Open,,492600.0,False,,OrderSide.Buy,OrderStatus.Filled,002353.SZ,,TimeInForce.GTC,,,,1340812800000000000,2012-06-27T16:00:00Z
24.7247,58381.197875,1340726400000000000,2012-06-26T16:00:00Z,944500.0,,1d4df3a0-8910-4dae-a607-77c7892aaa7d,OrderRole.Standalone,OrderType.Market,_default,,PositionEffect.Open,,944500.0,False,,OrderSide.Buy,OrderStatus.Filled,002410.SZ,,TimeInForce.GTC,,,,1340812800000000000,2012-06-27T16:00:00Z
27.1271,57719.687025,1340726400000000000,2012-06-26T16:00:00Z,851100.0,,218aedaf-f3a1-4397-bbee-ffa33b500c20,OrderRole.Standalone,OrderType.Market,_default,,PositionEffect.Open,,851100.0,False,,OrderSide.Buy,OrderStatus.Filled,002415.SZ,,TimeInForce.GTC,,,,1340812800000000000,2012-06-27T16:00:00Z
6.57657,57699.536895,1340726400000000000,2012-06-26T16:00:00Z,3509400.0,,0effa696-ff2c-4f7c-aacd-3bb8c2ef3de0,OrderRole.Standalone,OrderType.Market,_default,,PositionEffect.Open,,3509400.0,False,,OrderSide.Buy,OrderStatus.Filled,600011.SH,,TimeInForce.GTC,,,,1340812800000000000,2012-06-27T16:00:00Z
,0.0,1340726400000000000,2012-06-26T16:00:00Z,0.0,,9604257a-45d0-480b-bf55-fdff355b1533,OrderRole.Standalone,OrderType.Market,_default,,PositionEffect.Open,,5425200.0,False,"Risk: Insufficient margin at execution. Required: 23137857.49275000000000000000, Available: 22542459.37057198867066821615",OrderSide.Buy,OrderStatus.Rejected,600027.SH,,TimeInForce.GTC,,,,1340812800000000000,2012-06-27T16:00:00Z
17.11287,57186.9333225,1340812800000000000,2012-06-27T16:00:00Z,1336700.0,,b852ef2e-5537-4353-9a1d-46f49a899779,OrderRole.Standalone,OrderType.Market,_default,,PositionEffect.Close,,1336700.0,False,,OrderSide.Sell,OrderStatus.Filled,002311.SZ,,TimeInForce.GTC,,,,1340899200000000000,2012-06-28T16:00:00Z
,0.0,1340812800000000000,2012-06-27T16:00:00Z,0.0,,cdc5fa82-a2c3-4bc1-b8da-3231acc19d3e,OrderRole.Standalone,OrderType.Market,_default,,PositionEffect.Close,,728800.0,False,"Symbol 002236.SZ not tradable (zero volume, suspension) at execution timestamp 1340899200000000000",OrderSide.Sell,OrderStatus.Rejected,002236.SZ,,TimeInForce.GTC,,,,1340899200000000000,2012-06-28T16:00:00Z
,0.0,1340812800000000000,2012-06-27T16:00:00Z,0.0,,e435957f-2b7f-4e86-aa6c-d8b9506a554c,OrderRole.Standalone,OrderType.Market,_default,,PositionEffect.Close,,265300.0,False,"Symbol 600436.SH not tradable (zero volume, suspension) at execution timestamp 1340899200000000000",OrderSide.Sell,OrderStatus.Rejected,600436.SH,,TimeInForce.GTC,,,,1340899200000000000,2012-06-28T16:00:00Z
50.19975,63665.8329375,1343145600000000000,2012-07-24T16:00:00Z,507300.0,,22e5aab2-942d-4eb4-abc6-4816a9a1178b,OrderRole.Standalone,OrderType.Market,_default,,PositionEffect.Close,,507300.0,False,,OrderSide.Sell,OrderStatus.Filled,000661.SZ,,TimeInForce.GTC,,,,1343232000000000000,2012-07-25T16:00:00Z
,0.0,1343145600000000000,2012-07-24T16:00:00Z,0.0,,676a424f-663b-4cce-a458-45bcb8b1953d,OrderRole.Standalone,OrderType.Market,_default,,PositionEffect.Close,,185400.0,False,"Risk: Insufficient available position for 002304.SZ at execution. Available: 185399.99999999999313882170774, Required: 185400",OrderSide.Sell,OrderStatus.Rejected,002304.SZ,,TimeInForce.GTC,,,,1343232000000000000,2012-07-25T16:00:00Z
48.0519,59175.91485,1343145600000000000,2012-07-24T16:00:00Z,492600.0,,70ca8582-8988-4cd1-8e32-580faf9e3750,OrderRole.Standalone,OrderType.Market,_default,,PositionEffect.Close,,492600.0,False,,OrderSide.Sell,OrderStatus.Filled,002353.SZ,,TimeInForce.GTC,,,,1343232000000000000,2012-07-25T16:00:00Z
19.01097,44889.6529125,1343145600000000000,2012-07-24T16:00:00Z,944500.0,,e165838d-3423-4c9b-a537-cbf965a144b1,OrderRole.Standalone,OrderType.Market,_default,,PositionEffect.Close,,944500.0,False,,OrderSide.Sell,OrderStatus.Filled,002410.SZ,,TimeInForce.GTC,,,,1343232000000000000,2012-07-25T16:00:00Z
27.83214,59219.835885,1343145600000000000,2012-07-24T16:00:00Z,851100.0,,a4e7adb9-5c62-494f-b84f-51b9f39d2c3f,OrderRole.Standalone,OrderType.Market,_default,,PositionEffect.Close,,851100.0,False,,OrderSide.Sell,OrderStatus.Filled,002415.SZ,,TimeInForce.GTC,,,,1343232000000000000,2012-07-25T16:00:00Z
6.94305,60914.849175,1343145600000000000,2012-07-24T16:00:00Z,3509400.0,,4a9c41ec-ffc8-42d8-a8ca-c302691d1115,OrderRole.Standalone,OrderType.Market,_default,,PositionEffect.Close,,3509400.0,False,,OrderSide.Sell,OrderStatus.Filled,600011.SH,,TimeInForce.GTC,,,,1343232000000000000,2012-07-25T16:00:00Z
102.60729,68054.2850925,1343145600000000000,2012-07-24T16:00:00Z,265300.0,,0c32876c-f8d0-4072-b198-978679bf5ba2,OrderRole.Standalone,OrderType.Market,_default,,PositionEffect.Close,,265300.0,False,,OrderSide.Sell,OrderStatus.Filled,600436.SH,,TimeInForce.GTC,,,,1343232000000000000,2012-07-25T16:00:00Z
8.38838,118712.35376,1343145600000000000,2012-07-24T16:00:00Z,5660800.0,,5e7137bb-0de4-4866-a50b-6dd334af7131,OrderRole.Standalone,OrderType.Market,_default,,PositionEffect.Open,,5660800.0,False,,OrderSide.Buy,OrderStatus.Filled,600015.SH,,TimeInForce.GTC,,,,1343232000000000000,2012-07-25T16:00:00Z
4.35435,117771.0158625,1343145600000000000,2012-07-24T16:00:00Z,10818700.0,,fb1d7c1b-bba6-448f-91ee-3af27c463cf0,OrderRole.Standalone,OrderType.Market,_default,,PositionEffect.Open,,10818700.0,False,,OrderSide.Buy,OrderStatus.Filled,600027.SH,,TimeInForce.GTC,,,,1343232000000000000,2012-07-25T16:00:00Z
,0.0,1343145600000000000,2012-07-24T16:00:00Z,0.0,,fb66e369-1314-47b8-8ab4-5f5a03483c5d,OrderRole.Standalone,OrderType.Market,_default,,PositionEffect.Open,,4259400.0,False,"Risk: Insufficient margin at execution. Required: 47487679.07383500000000000000, Available: 45791298.01081948871922892716",OrderSide.Buy,OrderStatus.Rejected,600048.SH,,TimeInForce.GTC,,,,1343232000000000000,2012-07-25T16:00:00Z
35.65562,61595.08355,1343145600000000000,2012-07-24T16:00:00Z,691000.0,,29187ced-8172-4d7c-9406-5a1270718510,OrderRole.Standalone,OrderType.Market,_default,,PositionEffect.Open,,691000.0,False,,OrderSide.Buy,OrderStatus.Filled,002241.SZ,,TimeInForce.GTC,,,,1343232000000000000,2012-07-25T16:00:00Z
35.49546,54991.341405,1343145600000000000,2012-07-24T16:00:00Z,619700.0,,659111ed-5ef8-4ba5-8548-35c6ef2bf825,OrderRole.Standalone,OrderType.Market,_default,,PositionEffect.Open,,619700.0,False,,OrderSide.Buy,OrderStatus.Filled,002236.SZ,,TimeInForce.GTC,,,,1343232000000000000,2012-07-25T16:00:00Z
36.6633,122033.79405,1343232000000000000,2012-07-25T16:00:00Z,1331400.0,,63284e34-155b-4d1d-ac1a-030dfd80b061,OrderRole.Standalone,OrderType.Market,_default,,PositionEffect.Close,,1331400.0,False,,OrderSide.Sell,OrderStatus.Filled,002241.SZ,,TimeInForce.GTC,,,,1343318400000000000,2012-07-26T16:00:00Z
4.20579,113752.9506825,1343232000000000000,2012-07-25T16:00:00Z,10818700.0,,b8878ed3-7cc0-4302-a4a1-c95129ec2b34,OrderRole.Standalone,OrderType.Market,_default,,PositionEffect.Close,,10818700.0,False,,OrderSide.Sell,OrderStatus.Filled,600027.SH,,TimeInForce.GTC,,,,1343318400000000000,2012-07-26T16:00:00Z
39.94002,59480.674785,1345564800000000000,2012-08-21T16:00:00Z,595700.0,,d56e2ab2-2bf1-41b9-9c93-b4f3e3bc0b8e,OrderRole.Standalone,OrderType.Market,_default,,PositionEffect.Close,,595700.0,False,,OrderSide.Sell,OrderStatus.Filled,002236.SZ,,TimeInForce.GTC,,,,1345651200000000000,2012-08-22T16:00:00Z
,0.0,1345564800000000000,2012-08-21T16:00:00Z,0.0,,5729e529-0c1a-42e0-8478-c9a9bda909e1,OrderRole.Standalone,OrderType.Market,_default,,PositionEffect.Close,,185400.0,False,"Risk: Insufficient available position for 002304.SZ at execution. Available: 185399.99999999999313882170774, Required: 185400",OrderSide.Sell,OrderStatus.Rejected,002304.SZ,,TimeInForce.GTC,,,,1345651200000000000,2012-08-22T16:00:00Z
8.71128,123282.03456,1345564800000000000,2012-08-21T16:00:00Z,5660800.0,,8f76327c-ed25-41f4-b368-daa9f4f5b689,OrderRole.Standalone,OrderType.Market,_default,,PositionEffect.Close,,5660800.0,False,,OrderSide.Sell,OrderStatus.Filled,600015.SH,,TimeInForce.GTC,,,,1345651200000000000,2012-08-22T16:00:00Z
35.89586,76808.166435,1345564800000000000,2012-08-21T16:00:00Z,855900.0,,a41a3bcb-fd89-4412-a60e-15854e406520,OrderRole.Standalone,OrderType.Market,_default,,PositionEffect.Open,,855900.0,False,,OrderSide.Buy,OrderStatus.Filled,600547.SH,,TimeInForce.GTC,,,,1345651200000000000,2012-08-22T16:00:00Z
15.08507,75915.614775,1345564800000000000,2012-08-21T16:00:00Z,2013000.0,,81f7a9d4-05a5-4eb8-8db3-ce7b7f2bb64c,OrderRole.Standalone,OrderType.Market,_default,,PositionEffect.Open,,2013000.0,False,,OrderSide.Buy,OrderStatus.Filled,600588.SH,,TimeInForce.GTC,,,,1345651200000000000,2012-08-22T16:00:00Z
63.81375,75842.641875,1345564800000000000,2012-08-21T16:00:00Z,475400.0,,fdee0092-64d8-43e2-bd53-a698eac9a163,OrderRole.Standalone,OrderType.Market,_default,,PositionEffect.Open,,475400.0,False,,OrderSide.Buy,OrderStatus.Filled,000538.SZ,,TimeInForce.GTC,,,,1345651200000000000,2012-08-22T16:00:00Z
56.3563,75193.393275,1345564800000000000,2012-08-21T16:00:00Z,533700.0,,00245386-24d4-43df-867a-24b57e834b49,OrderRole.Standalone,OrderType.Market,_default,,PositionEffect.Open,,533700.0,False,,OrderSide.Buy,OrderStatus.Filled,000661.SZ,,TimeInForce.GTC,,,,1345651200000000000,2012-08-22T16:00:00Z
26.25623,75191.2786625,1345564800000000000,2012-08-21T16:00:00Z,1145500.0,,f5c41104-f565-4087-9eb0-f777d2ad68b7,OrderRole.Standalone,OrderType.Market,_default,,PositionEffect.Open,,1145500.0,False,,OrderSide.Buy,OrderStatus.Filled,002007.SZ,,TimeInForce.GTC,,,,1345651200000000000,2012-08-22T16:00:00Z
40.3403,75083.383375,1345564800000000000,2012-08-21T16:00:00Z,744500.0,,a3e3adca-a4a5-4536-a663-9142cfee0763,OrderRole.Standalone,OrderType.Market,_default,,PositionEffect.Open,,744500.0,False,,OrderSide.Buy,OrderStatus.Filled,002241.SZ,,TimeInForce.GTC,,,,1345651200000000000,2012-08-22T16:00:00Z
46.23619,75145.3677975,1345564800000000000,2012-08-21T16:00:00Z,650100.0,,ec3375ca-f36f-4472-bc2e-a913ad788d14,OrderRole.Standalone,OrderType.Market,_default,,PositionEffect.Open,,650100.0,False,,OrderSide.Buy,OrderStatus.Filled,300142.SZ,,TimeInForce.GTC,,,,1345651200000000000,2012-08-22T16:00:00Z
39.5604,74452.6728,1345651200000000000,2012-08-22T16:00:00Z,752800.0,,73c66076-dc57-4fbf-ace9-97511d840dcd,OrderRole.Standalone,OrderType.Market,_default,,PositionEffect.Close,,752800.0,False,,OrderSide.Sell,OrderStatus.Filled,002236.SZ,,TimeInForce.GTC,,,,1345737600000000000,2012-08-23T16:00:00Z
61.1388,72663.4638,1347984000000000000,2012-09-18T16:00:00Z,475400.0,,a7ad61ae-c69f-4157-ac94-988f6adf6233,OrderRole.Standalone,OrderType.Market,_default,,PositionEffect.Close,,475400.0,False,,OrderSide.Sell,OrderStatus.Filled,000538.SZ,,TimeInForce.GTC,,,,1348070400000000000,2012-09-19T16:00:00Z
49.70025,66312.5585625,1347984000000000000,2012-09-18T16:00:00Z,533700.0,,d723325c-708d-4640-a96d-de8e53da8198,OrderRole.Standalone,OrderType.Market,_default,,PositionEffect.Close,,533700.0,False,,OrderSide.Sell,OrderStatus.Filled,000661.SZ,,TimeInForce.GTC,,,,1348070400000000000,2012-09-19T16:00:00Z
26.35362,75470.179275,1347984000000000000,2012-09-18T16:00:00Z,1145500.0,,f827f4df-ff16-421b-acf7-2dfd0b37673b,OrderRole.Standalone,OrderType.Market,_default,,PositionEffect.Close,,1145500.0,False,,OrderSide.Sell,OrderStatus.Filled,002007.SZ,,TimeInForce.GTC,,,,1348070400000000000,2012-09-19T16:00:00Z
37.52244,69838.64145,1347984000000000000,2012-09-18T16:00:00Z,744500.0,,f4364464-2fe3-488f-b9d1-8642eed8eec5,OrderRole.Standalone,OrderType.Market,_default,,PositionEffect.Close,,744500.0,False,,OrderSide.Sell,OrderStatus.Filled,002241.SZ,,TimeInForce.GTC,,,,1348070400000000000,2012-09-19T16:00:00Z
,0.0,1347984000000000000,2012-09-18T16:00:00Z,0.0,,ea2187a3-9557-4f93-9384-b1e96fa20da5,OrderRole.Standalone,OrderType.Market,_default,,PositionEffect.Close,,185400.0,False,"Risk: Insufficient available position for 002304.SZ at execution. Available: 185399.99999999999313882170774, Required: 185400",OrderSide.Sell,OrderStatus.Rejected,002304.SZ,,TimeInForce.GTC,,,,1348070400000000000,2012-09-19T16:00:00Z
41.21874,66990.757185,1347984000000000000,2012-09-18T16:00:00Z,650100.0,,7139d0b8-e8bd-461f-9a64-6a005f940d0d,OrderRole.Standalone,OrderType.Market,_default,,PositionEffect.Close,,650100.0,False,,OrderSide.Sell,OrderStatus.Filled,300142.SZ,,TimeInForce.GTC,,,,1348070400000000000,2012-09-19T16:00:00Z
40.959,87642.02025,1347984000000000000,2012-09-18T16:00:00Z,855900.0,,027b47fc-5c09-49df-8d40-b03b3eb4fc4b,OrderRole.Standalone,OrderType.Market,_default,,PositionEffect.Close,,855900.0,False,,OrderSide.Sell,OrderStatus.Filled,600547.SH,,TimeInForce.GTC,,,,1348070400000000000,2012-09-19T16:00:00Z
14.73525,74155.145625,1347984000000000000,2012-09-18T16:00:00Z,2013000.0,,910d072c-39e8-4f8d-8fb3-4af3a72d2b4f,OrderRole.Standalone,OrderType.Market,_default,,PositionEffect.Close,,2013000.0,False,,OrderSide.Sell,OrderStatus.Filled,600588.SH,,TimeInForce.GTC,,,,1348070400000000000,2012-09-19T16:00:00Z
3.69369,116338.307085,1347984000000000000,2012-09-18T16:00:00Z,12598600.0,,93d89f6c-0edf-4612-ab4d-920741b61c30,OrderRole.Standalone,OrderType.Market,_default,,PositionEffect.Open,,12598600.0,False,,OrderSide.Buy,OrderStatus.Filled,601398.SH,,TimeInForce.GTC,,,,1348070400000000000,2012-09-19T16:00:00Z
12.30229,116462.7038575,1347984000000000000,2012-09-18T16:00:00Z,3786700.0,,462729fc-fadf-4603-8191-d0b968eb96fe,OrderRole.Standalone,OrderType.Market,_default,,PositionEffect.Open,,3786700.0,False,,OrderSide.Buy,OrderStatus.Filled,000776.SZ,,TimeInForce.GTC,,,,1348070400000000000,2012-09-19T16:00:00Z
5.5055,116230.739625,1347984000000000000,2012-09-18T16:00:00Z,8444700.0,,d6a1a3f6-d173-46fc-80a2-1dedc1a75bef,OrderRole.Standalone,OrderType.Market,_default,,PositionEffect.Open,,8444700.0,False,,OrderSide.Buy,OrderStatus.Filled,600016.SH,,TimeInForce.GTC,,,,1348070400000000000,2012-09-19T16:00:00Z
231.1309,116316.625425,1347984000000000000,2012-09-18T16:00:00Z,201300.0,,1cc3dcdd-5904-4684-ba1e-7f311f9a80bc,OrderRole.Standalone,OrderType.Market,_default,,PositionEffect.Open,,201300.0,False,,OrderSide.Buy,OrderStatus.Filled,600519.SH,,TimeInForce.GTC,,,,1348070400000000000,2012-09-19T16:00:00Z
14.80479,116413.7649675,1347984000000000000,2012-09-18T16:00:00Z,3145300.0,,675d937c-92d4-4222-ae33-4357e27babdb,OrderRole.Standalone,OrderType.Market,_default,,PositionEffect.Open,,3145300.0,False,,OrderSide.Buy,OrderStatus.Filled,600585.SH,,TimeInForce.GTC,,,,1348070400000000000,2012-09-19T16:00:00Z
13.1868,124836.1389,1351008000000000000,2012-10-23T16:00:00Z,3786700.0,,57e44720-7868-45f1-ae4c-dc307230e448,OrderRole.Standalone,OrderType.Market,_default,,PositionEffect.Close,,3786700.0,False,,OrderSide.Sell,OrderStatus.Filled,000776.SZ,,TimeInForce.GTC,,,,1351094400000000000,2012-10-24T16:00:00Z
,0.0,1351008000000000000,2012-10-23T16:00:00Z,0.0,,8bfb6bb0-93d0-4af9-84ff-c8499c4ab388,OrderRole.Standalone,OrderType.Market,_default,,PositionEffect.Close,,185400.0,False,"Risk: Insufficient available position for 002304.SZ at execution. Available: 185399.99999999999313882170774, Required: 185400",OrderSide.Sell,OrderStatus.Rejected,002304.SZ,,TimeInForce.GTC,,,,1351094400000000000,2012-10-24T16:00:00Z
5.95404,125700.20397,1351008000000000000,2012-10-23T16:00:00Z,8444700.0,,d6ac1831-2af7-4d17-9ebf-3a0bb95f5718,OrderRole.Standalone,OrderType.Market,_default,,PositionEffect.Close,,8444700.0,False,,OrderSide.Sell,OrderStatus.Filled,600016.SH,,TimeInForce.GTC,,,,1351094400000000000,2012-10-24T16:00:00Z
246.753,124178.44725,1351008000000000000,2012-10-23T16:00:00Z,201300.0,,84b928f2-b745-4ef2-8aa9-6f93f7fbdd05,OrderRole.Standalone,OrderType.Market,_default,,PositionEffect.Close,,201300.0,False,,OrderSide.Sell,OrderStatus.Filled,600519.SH,,TimeInForce.GTC,,,,1351094400000000000,2012-10-24T16:00:00Z
16.19379,127335.8192175,1351008000000000000,2012-10-23T16:00:00Z,3145300.0,,258ca7f8-7b05-4717-9ef0-9b3db9bbdc67,OrderRole.Standalone,OrderType.Market,_default,,PositionEffect.Close,,3145300.0,False,,OrderSide.Sell,OrderStatus.Filled,600585.SH,,TimeInForce.GTC,,,,1351094400000000000,2012-10-24T16:00:00Z
3.88611,122398.863615,1351008000000000000,2012-10-23T16:00:00Z,12598600.0,,72edf5d0-4b39-467c-9884-a97150895613,OrderRole.Standalone,OrderType.Market,_default,,PositionEffect.Close,,12598600.0,False,,OrderSide.Sell,OrderStatus.Filled,601398.SH,,TimeInForce.GTC,,,,1351094400000000000,2012-10-24T16:00:00Z
3.3033,123596.2728,1351008000000000000,2012-10-23T16:00:00Z,14966400.0,,b662f96f-cec8-4efd-a568-71365a027351,OrderRole.Standalone,OrderType.Market,_default,,PositionEffect.Open,,14966400.0,False,,OrderSide.Buy,OrderStatus.Filled,601669.SH,,TimeInForce.GTC,,,,1351094400000000000,2012-10-24T16:00:00Z
2.74274,123146.968945,1351008000000000000,2012-10-23T16:00:00Z,17959700.0,,9db7bb2d-797f-4106-9d8d-8a2cce71f96a,OrderRole.Standalone,OrderType.Market,_default,,PositionEffect.Open,,17959700.0,False,,OrderSide.Buy,OrderStatus.Filled,601988.SH,,TimeInForce.GTC,,,,1351094400000000000,2012-10-24T16:00:00Z
43.65361,123736.157545,1351008000000000000,2012-10-23T16:00:00Z,1133800.0,,8ea07e93-8a83-444e-b43f-65bcd4674452,OrderRole.Standalone,OrderType.Market,_default,,PositionEffect.Open,,1133800.0,False,,OrderSide.Buy,OrderStatus.Filled,002236.SZ,,TimeInForce.GTC,,,,1351094400000000000,2012-10-24T16:00:00Z
38.6386,125218.04295,1351008000000000000,2012-10-23T16:00:00Z,1296300.0,,178bd610-f43c-41c6-a7f8-089b34fff93a,OrderRole.Standalone,OrderType.Market,_default,,PositionEffect.Open,,1296300.0,False,,OrderSide.Buy,OrderStatus.Filled,002241.SZ,,TimeInForce.GTC,,,,1351094400000000000,2012-10-24T16:00:00Z
7.58758,123432.854545,1351008000000000000,2012-10-23T16:00:00Z,6507100.0,,522861c5-6378-46fc-9538-db7e3445d4c0,OrderRole.Standalone,OrderType.Market,_default,,PositionEffect.Open,,6507100.0,False,,OrderSide.Buy,OrderStatus.Filled,600000.SH,,TimeInForce.GTC,,,,1351094400000000000,2012-10-24T16:00:00Z
40.70925,115390.369125,1353427200000000000,2012-11-20T16:00:00Z,1133800.0,,77f23ec9-8af6-451d-a1be-92d27eeca92e,OrderRole.Standalone,OrderType.Market,_default,,PositionEffect.Close,,1133800.0,False,,OrderSide.Sell,OrderStatus.Filled,002236.SZ,,TimeInForce.GTC,,,,1353513600000000000,2012-11-21T16:00:00Z
35.45451,114899.2032825,1353427200000000000,2012-11-20T16:00:00Z,1296300.0,,c5814395-7bfb-4d06-bf30-ec37ae0c4127,OrderRole.Standalone,OrderType.Market,_default,,PositionEffect.Close,,1296300.0,False,,OrderSide.Sell,OrderStatus.Filled,002241.SZ,,TimeInForce.GTC,,,,1353513600000000000,2012-11-21T16:00:00Z
,0.0,1353427200000000000,2012-11-20T16:00:00Z,0.0,,1dde1d36-e97c-4775-a6b8-db5ed82eae94,OrderRole.Standalone,OrderType.Market,_default,,PositionEffect.Close,,185400.0,False,"Risk: Insufficient available position for 002304.SZ at execution. Available: 185399.99999999999313882170774, Required: 185400",OrderSide.Sell,OrderStatus.Rejected,002304.SZ,,TimeInForce.GTC,,,,1353513600000000000,2012-11-21T16:00:00Z
7.44255,121073.5427625,1353427200000000000,2012-11-20T16:00:00Z,6507100.0,,cb829d2c-f39b-44be-8f8e-4716a362fa0b,OrderRole.Standalone,OrderType.Market,_default,,PositionEffect.Close,,6507100.0,False,,OrderSide.Sell,OrderStatus.Filled,600000.SH,,TimeInForce.GTC,,,,1353513600000000000,2012-11-21T16:00:00Z
3.15684,118116.32544,1353427200000000000,2012-11-20T16:00:00Z,14966400.0,,c7c45979-bfca-4ed7-87fe-a6aafd887c4d,OrderRole.Standalone,OrderType.Market,_default,,PositionEffect.Close,,14966400.0,False,,OrderSide.Sell,OrderStatus.Filled,601669.SH,,TimeInForce.GTC,,,,1353513600000000000,2012-11-21T16:00:00Z
2.73726,122900.921055,1353427200000000000,2012-11-20T16:00:00Z,17959700.0,,450b2de2-6403-446b-972b-d0f6d576c347,OrderRole.Standalone,OrderType.Market,_default,,PositionEffect.Close,,17959700.0,False,,OrderSide.Sell,OrderStatus.Filled,601988.SH,,TimeInForce.GTC,,,,1353513600000000000,2012-11-21T16:00:00Z
13.25324,116558.93249,1353427200000000000,2012-11-20T16:00:00Z,3517900.0,,a3abf796-dfb6-4b5b-b21c-ef79015b3b72,OrderRole.Standalone,OrderType.Market,_default,,PositionEffect.Open,,3517900.0,False,,OrderSide.Buy,OrderStatus.Filled,000001.SZ,,TimeInForce.GTC,,,,1353513600000000000,2012-11-21T16:00:00Z
2.12212,116187.66159,1353427200000000000,2012-11-20T16:00:00Z,21900300.0,,835f426d-bd4d-4e81-b583-a9921f4d7596,OrderRole.Standalone,OrderType.Market,_default,,PositionEffect.Open,,21900300.0,False,,OrderSide.Buy,OrderStatus.Filled,000100.SZ,,TimeInForce.GTC,,,,1353513600000000000,2012-11-21T16:00:00Z
5.55555,116734.6054875,1353427200000000000,2012-11-20T16:00:00Z,8404900.0,,d3854197-e4e5-4e6c-ac29-dddfd35e446e,OrderRole.Standalone,OrderType.Market,_default,,PositionEffect.Open,,8404900.0,False,,OrderSide.Buy,OrderStatus.Filled,000625.SZ,,TimeInForce.GTC,,,,1353513600000000000,2012-11-21T16:00:00Z
19.13912,115887.3716,1353427200000000000,2012-11-20T16:00:00Z,2422000.0,,ac2b9dd3-7ffe-4aab-86bc-ec2a19aebaef,OrderRole.Standalone,OrderType.Market,_default,,PositionEffect.Open,,2422000.0,False,,OrderSide.Buy,OrderStatus.Filled,601633.SH,,TimeInForce.GTC,,,,1353513600000000000,2012-11-21T16:00:00Z
2.58258,116285.184015,1353427200000000000,2012-11-20T16:00:00Z,18010700.0,,1f41b1f4-ff7f-4d8b-ae22-1377ab4479a0,OrderRole.Standalone,OrderType.Market,_default,,PositionEffect.Open,,18010700.0,False,,OrderSide.Buy,OrderStatus.Filled,601818.SH,,TimeInForce.GTC,,,,1353513600000000000,2012-11-21T16:00:00Z
15.0849,132667.924275,1355846400000000000,2012-12-18T16:00:00Z,3517900.0,,a19e8e5d-7b64-40d0-bcf3-1237014b9b35,OrderRole.Standalone,OrderType.Market,_default,,PositionEffect.Close,,3517900.0,False,,OrderSide.Sell,OrderStatus.Filled,000001.SZ,,TimeInForce.GTC,,,,1355932800000000000,2012-12-19T16:00:00Z
2.13786,117049.438395,1355846400000000000,2012-12-18T16:00:00Z,21900300.0,,76ab3c15-249f-4943-ac93-696769a8a397,OrderRole.Standalone,OrderType.Market,_default,,PositionEffect.Close,,21900300.0,False,,OrderSide.Sell,OrderStatus.Filled,000100.SZ,,TimeInForce.GTC,,,,1355932800000000000,2012-12-19T16:00:00Z
5.90409,124058.2151025,1355846400000000000,2012-12-18T16:00:00Z,8404900.0,,d65aed0e-b742-4f63-8954-1b1deb865427,OrderRole.Standalone,OrderType.Market,_default,,PositionEffect.Close,,8404900.0,False,,OrderSide.Sell,OrderStatus.Filled,000625.SZ,,TimeInForce.GTC,,,,1355932800000000000,2012-12-19T16:00:00Z
,0.0,1355846400000000000,2012-12-18T16:00:00Z,0.0,,d1c6dee7-1cf8-4b26-b53d-8f89f8804c3f,OrderRole.Standalone,OrderType.Market,_default,,PositionEffect.Close,,185400.0,False,"Risk: Insufficient available position for 002304.SZ at execution. Available: 185399.99999999999313882170774, Required: 185400",OrderSide.Sell,OrderStatus.Rejected,002304.SZ,,TimeInForce.GTC,,,,1355932800000000000,2012-12-19T16:00:00Z
21.42855,129749.87025,1355846400000000000,2012-12-18T16:00:00Z,2422000.0,,4693e4aa-1762-4036-87b2-ca74d0b054bf,OrderRole.Standalone,OrderType.Market,_default,,PositionEffect.Close,,2422000.0,False,,OrderSide.Sell,OrderStatus.Filled,601633.SH,,TimeInForce.GTC,,,,1355932800000000000,2012-12-19T16:00:00Z
2.90709,130896.8146575,1355846400000000000,2012-12-18T16:00:00Z,18010700.0,,5bf7322b-9e53-4e51-811f-88c4bec9c937,OrderRole.Standalone,OrderType.Market,_default,,PositionEffect.Close,,18010700.0,False,,OrderSide.Sell,OrderStatus.Filled,601818.SH,,TimeInForce.GTC,,,,1355932800000000000,2012-12-19T16:00:00Z
10.2102,123474.50115,1355846400000000000,2012-12-18T16:00:00Z,4837300.0,,70ca9ff1-e58f-4bee-8855-fe9d9785b523,OrderRole.Standalone,OrderType.Market,_default,,PositionEffect.Open,,4837300.0,False,,OrderSide.Buy,OrderStatus.Filled,002600.SZ,,TimeInForce.GTC,,,,1355932800000000000,2012-12-19T16:00:00Z
19.86985,124901.8771,1355846400000000000,2012-12-18T16:00:00Z,2514400.0,,193921d0-6410-4364-ab28-1dabe614b490,OrderRole.Standalone,OrderType.Market,_default,,PositionEffect.Open,,2514400.0,False,,OrderSide.Buy,OrderStatus.Filled,002601.SZ,,TimeInForce.GTC,,,,1355932800000000000,2012-12-19T16:00:00Z
7.89789,124273.29915,1355846400000000000,2012-12-18T16:00:00Z,6294000.0,,c717609c-9c84-4ad6-b1fa-ebcb0ddaa839,OrderRole.Standalone,OrderType.Market,_default,,PositionEffect.Open,,6294000.0,False,,OrderSide.Buy,OrderStatus.Filled,002625.SZ,,TimeInForce.GTC,,,,1355932800000000000,2012-12-19T16:00:00Z
13.13312,125342.49728,1355846400000000000,2012-12-18T16:00:00Z,3817600.0,,b43ecec2-ad41-4d78-8c83-845672dc8669,OrderRole.Standalone,OrderType.Market,_default,,PositionEffect.Open,,3817600.0,False,,OrderSide.Buy,OrderStatus.Filled,300033.SZ,,TimeInForce.GTC,,,,1355932800000000000,2012-12-19T16:00:00Z
19.68967,129346.3646475,1355846400000000000,2012-12-18T16:00:00Z,2627700.0,,a7e64f06-363f-4281-8392-28d3d420e136,OrderRole.Standalone,OrderType.Market,_default,,PositionEffect.Open,,2627700.0,False,,OrderSide.Buy,OrderStatus.Filled,300316.SZ,,TimeInForce.GTC,,,,1355932800000000000,2012-12-19T16:00:00Z
,0.0,1358697600000000000,2013-01-20T16:00:00Z,0.0,,fee8ac4d-98dc-4759-8b2d-20746b0d7dd1,OrderRole.Standalone,OrderType.Market,_default,,PositionEffect.Close,,185400.0,False,"Risk: Insufficient available position for 002304.SZ at execution. Available: 185399.99999999999313882170774, Required: 185400",OrderSide.Sell,OrderStatus.Rejected,002304.SZ,,TimeInForce.GTC,,,,1358784000000000000,2013-01-21T16:00:00Z
11.4885,138933.302625,1358697600000000000,2013-01-20T16:00:00Z,4837300.0,,12c83f32-c011-419d-9ad5-03ad2a5b6ffc,OrderRole.Standalone,OrderType.Market,_default,,PositionEffect.Close,,4837300.0,False,,OrderSide.Sell,OrderStatus.Filled,002600.SZ,,TimeInForce.GTC,,,,1358784000000000000,2013-01-21T16:00:00Z
23.64633,148640.83038,1358697600000000000,2013-01-20T16:00:00Z,2514400.0,,99ecb60f-16ba-4a2b-a27d-67479c97246b,OrderRole.Standalone,OrderType.Market,_default,,PositionEffect.Close,,2514400.0,False,,OrderSide.Sell,OrderStatus.Filled,002601.SZ,,TimeInForce.GTC,,,,1358784000000000000,2013-01-21T16:00:00Z
8.72127,137229.18345,1358697600000000000,2013-01-20T16:00:00Z,6294000.0,,88b493c8-95d0-4fbf-906c-cedc8dd3c2c8,OrderRole.Standalone,OrderType.Market,_default,,PositionEffect.Close,,6294000.0,False,,OrderSide.Sell,OrderStatus.Filled,002625.SZ,,TimeInForce.GTC,,,,1358784000000000000,2013-01-21T16:00:00Z
14.7852,141109.9488,1358697600000000000,2013-01-20T16:00:00Z,3817600.0,,8cc6bc09-e802-412c-ae85-28f993430656,OrderRole.Standalone,OrderType.Market,_default,,PositionEffect.Close,,3817600.0,False,,OrderSide.Sell,OrderStatus.Filled,300033.SZ,,TimeInForce.GTC,,,,1358784000000000000,2013-01-21T16:00:00Z
27.92205,183426.9269625,1358697600000000000,2013-01-20T16:00:00Z,2627700.0,,1c914335-baa3-4a6b-b5ff-8a55ee95bfd7,OrderRole.Standalone,OrderType.Market,_default,,PositionEffect.Close,,2627700.0,False,,OrderSide.Sell,OrderStatus.Filled,300316.SZ,,TimeInForce.GTC,,,,1358784000000000000,2013-01-21T16:00:00Z
8.84884,91707.16555,1358697600000000000,2013-01-20T16:00:00Z,4145500.0,,83f56992-7a14-43b3-aceb-3078184fd5ba,OrderRole.Standalone,OrderType.Market,_default,,PositionEffect.Open,,4145500.0,False,,OrderSide.Buy,OrderStatus.Filled,600660.SH,,TimeInForce.GTC,,,,1358784000000000000,2013-01-21T16:00:00Z
2.87287,93333.0823425,1358697600000000000,2013-01-20T16:00:00Z,12995100.0,,14f5f0f9-6bce-482a-af3c-70785727d57a,OrderRole.Standalone,OrderType.Market,_default,,PositionEffect.Open,,12995100.0,False,,OrderSide.Buy,OrderStatus.Filled,600795.SH,,TimeInForce.GTC,,,,1358784000000000000,2013-01-21T16:00:00Z
25.53551,91417.1258,1358697600000000000,2013-01-20T16:00:00Z,1432000.0,,09114c05-2946-4059-afcb-689d2557292c,OrderRole.Standalone,OrderType.Market,_default,,PositionEffect.Open,,1432000.0,False,,OrderSide.Buy,OrderStatus.Filled,600887.SH,,TimeInForce.GTC,,,,1358784000000000000,2013-01-21T16:00:00Z
19.47946,90589.22873,1358697600000000000,2013-01-20T16:00:00Z,1860200.0,,88d082f7-1b55-4eae-a289-78f443203f10,OrderRole.Standalone,OrderType.Market,_default,,PositionEffect.Open,,1860200.0,False,,OrderSide.Buy,OrderStatus.Filled,000001.SZ,,TimeInForce.GTC,,,,1358784000000000000,2013-01-21T16:00:00Z
11.70169,96319.5358125,1358697600000000000,2013-01-20T16:00:00Z,3292500.0,,80a09449-6350-4d4f-8cd1-93d2a151bf32,OrderRole.Standalone,OrderType.Market,_default,,PositionEffect.Open,,3292500.0,False,,OrderSide.Buy,OrderStatus.Filled,000002.SZ,,TimeInForce.GTC,,,,1358784000000000000,2013-01-21T16:00:00Z
72.85278,91575.94446,1358697600000000000,2013-01-20T16:00:00Z,502800.0,,8f9126c3-fc17-4a41-aa90-f8b69a608575,OrderRole.Standalone,OrderType.Market,_default,,PositionEffect.Open,,502800.0,False,,OrderSide.Buy,OrderStatus.Filled,000538.SZ,,TimeInForce.GTC,,,,1358784000000000000,2013-01-21T16:00:00Z
28.67865,91513.57215,1358697600000000000,2013-01-20T16:00:00Z,1276400.0,,23d55167-7509-4d80-ac25-97805a807ba8,OrderRole.Standalone,OrderType.Market,_default,,PositionEffect.Open,,1276400.0,False,,OrderSide.Buy,OrderStatus.Filled,000651.SZ,,TimeInForce.GTC,,,,1358784000000000000,2013-01-21T16:00:00Z
61.03097,92370.373095,1358697600000000000,2013-01-20T16:00:00Z,605400.0,,bbae4c22-2b34-465e-8102-fac4990a6b4c,OrderRole.Standalone,OrderType.Market,_default,,PositionEffect.Open,,605400.0,False,,OrderSide.Buy,OrderStatus.Filled,002353.SZ,,TimeInForce.GTC,,,,1358784000000000000,2013-01-21T16:00:00Z
19.79019,92034.278595,1361721600000000000,2013-02-24T16:00:00Z,1860200.0,,f790c00b-dddb-410b-a5d9-1db2c0e2db8b,OrderRole.Standalone,OrderType.Market,_default,,PositionEffect.Close,,1860200.0,False,,OrderSide.Sell,OrderStatus.Filled,000001.SZ,,TimeInForce.GTC,,,,1361808000000000000,2013-02-25T16:00:00Z
10.8891,89630.904375,1361721600000000000,2013-02-24T16:00:00Z,3292500.0,,c7be7a95-54e3-41bc-90d7-21172754f721,OrderRole.Standalone,OrderType.Market,_default,,PositionEffect.Close,,3292500.0,False,,OrderSide.Sell,OrderStatus.Filled,000002.SZ,,TimeInForce.GTC,,,,1361808000000000000,2013-02-25T16:00:00Z
77.19273,97031.26161,1361721600000000000,2013-02-24T16:00:00Z,502800.0,,81d5cca1-293d-4d03-9aae-ac9ac6756542,OrderRole.Standalone,OrderType.Market,_default,,PositionEffect.Close,,502800.0,False,,OrderSide.Sell,OrderStatus.Filled,000538.SZ,,TimeInForce.GTC,,,,1361808000000000000,2013-02-25T16:00:00Z
27.972,89258.652,1361721600000000000,2013-02-24T16:00:00Z,1276400.0,,cc9b89b3-c161-49eb-96e6-70218716d528,OrderRole.Standalone,OrderType.Market,_default,,PositionEffect.Close,,1276400.0,False,,OrderSide.Sell,OrderStatus.Filled,000651.SZ,,TimeInForce.GTC,,,,1361808000000000000,2013-02-25T16:00:00Z
,0.0,1361721600000000000,2013-02-24T16:00:00Z,0.0,,932bb700-21c4-4a71-827d-8c6a3926d23b,OrderRole.Standalone,OrderType.Market,_default,,PositionEffect.Close,,185400.0,False,"Risk: Insufficient available position for 002304.SZ at execution. Available: 185399.99999999999313882170774, Required: 185400",OrderSide.Sell,OrderStatus.Rejected,002304.SZ,,TimeInForce.GTC,,,,1361808000000000000,2013-02-25T16:00:00Z
65.72421,99473.591835,1361721600000000000,2013-02-24T16:00:00Z,605400.0,,f2c13111-c300-4208-adab-ad571a4b6d90,OrderRole.Standalone,OrderType.Market,_default,,PositionEffect.Close,,605400.0,False,,OrderSide.Sell,OrderStatus.Filled,002353.SZ,,TimeInForce.GTC,,,,1361808000000000000,2013-02-25T16:00:00Z
8.30169,86036.6397375,1361721600000000000,2013-02-24T16:00:00Z,4145500.0,,2e30c314-c265-4005-8b08-379356f79d6f,OrderRole.Standalone,OrderType.Market,_default,,PositionEffect.Close,,4145500.0,False,,OrderSide.Sell,OrderStatus.Filled,600660.SH,,TimeInForce.GTC,,,,1361808000000000000,2013-02-25T16:00:00Z
2.70729,87953.7606975,1361721600000000000,2013-02-24T16:00:00Z,12995100.0,,7fa9f25c-ad65-4aac-9ffb-5167dd248430,OrderRole.Standalone,OrderType.Market,_default,,PositionEffect.Close,,12995100.0,False,,OrderSide.Sell,OrderStatus.Filled,600795.SH,,TimeInForce.GTC,,,,1361808000000000000,2013-02-25T16:00:00Z
27.25272,97564.7376,1361721600000000000,2013-02-24T16:00:00Z,1432000.0,,0e77c650-76e9-472c-bf62-bc41d7080847,OrderRole.Standalone,OrderType.Market,_default,,PositionEffect.Close,,1432000.0,False,,OrderSide.Sell,OrderStatus.Filled,600887.SH,,TimeInForce.GTC,,,,1361808000000000000,2013-02-25T16:00:00Z
12.50249,144272.483355,1361721600000000000,2013-02-24T16:00:00Z,4615800.0,,8a23155d-74aa-47d7-b574-1f451a7436f8,OrderRole.Standalone,OrderType.Market,_default,,PositionEffect.Open,,4615800.0,False,,OrderSide.Buy,OrderStatus.Filled,000657.SZ,,TimeInForce.GTC,,,,1361808000000000000,2013-02-25T16:00:00Z
86.14606,145306.866705,1361721600000000000,2013-02-24T16:00:00Z,674700.0,,145542da-5f35-4852-bafa-8133a30cc017,OrderRole.Standalone,OrderType.Market,_default,,PositionEffect.Open,,674700.0,False,,OrderSide.Buy,OrderStatus.Filled,000661.SZ,,TimeInForce.GTC,,,,1361808000000000000,2013-02-25T16:00:00Z
20.4204,143831.0874,1361721600000000000,2013-02-24T16:00:00Z,2817400.0,,dc0ceafc-ce97-431a-aeff-b374d5fd1631,OrderRole.Standalone,OrderType.Market,_default,,PositionEffect.Open,,2817400.0,False,,OrderSide.Buy,OrderStatus.Filled,002410.SZ,,TimeInForce.GTC,,,,1361808000000000000,2013-02-25T16:00:00Z
15.00499,145214.5419725,1361721600000000000,2013-02-24T16:00:00Z,3871100.0,,b613072f-b0c4-4a31-8901-25820ac2e4ca,OrderRole.Standalone,OrderType.Market,_default,,PositionEffect.Open,,3871100.0,False,,OrderSide.Buy,OrderStatus.Filled,300033.SZ,,TimeInForce.GTC,,,,1361808000000000000,2013-02-25T16:00:00Z
12.09208,144476.17184,1361721600000000000,2013-02-24T16:00:00Z,4779200.0,,d30b8af2-9728-45c2-ae19-c21ad322e9ab,OrderRole.Standalone,OrderType.Market,_default,,PositionEffect.Open,,4779200.0,False,,OrderSide.Buy,OrderStatus.Filled,300059.SZ,,TimeInForce.GTC,,,,1361808000000000000,2013-02-25T16:00:00Z
12.15783,140295.279285,1364140800000000000,2013-03-24T16:00:00Z,4615800.0,,6a6b8042-3372-4bd7-bb7d-eda343c255b4,OrderRole.Standalone,OrderType.Market,_default,,PositionEffect.Close,,4615800.0,False,,OrderSide.Sell,OrderStatus.Filled,000657.SZ,,TimeInForce.GTC,,,,1364227200000000000,2013-03-25T16:00:00Z
88.1118,70819.85925,1364140800000000000,2013-03-24T16:00:00Z,321500.0,,ae157b77-cbbc-46ee-b143-976fb3c12046,OrderRole.Standalone,OrderType.Market,_default,,PositionEffect.Close,,321500.0,False,,OrderSide.Sell,OrderStatus.Filled,000661.SZ,,TimeInForce.GTC,,,,1364227200000000000,2013-03-25T16:00:00Z
,0.0,1364140800000000000,2013-03-24T16:00:00Z,0.0,,e8c93c8d-7f6b-4bf3-9db7-0d629c4cf27e,OrderRole.Standalone,OrderType.Market,_default,,PositionEffect.Close,,185400.0,False,"Risk: Insufficient available position for 002304.SZ at execution. Available: 185399.99999999999313882170774, Required: 185400",OrderSide.Sell,OrderStatus.Rejected,002304.SZ,,TimeInForce.GTC,,,,1364227200000000000,2013-03-25T16:00:00Z
24.18579,170352.611865,1364140800000000000,2013-03-24T16:00:00Z,2817400.0,,b7166442-b015-4f71-b70a-b0791d05182b,OrderRole.Standalone,OrderType.Market,_default,,PositionEffect.Close,,2817400.0,False,,OrderSide.Sell,OrderStatus.Filled,002410.SZ,,TimeInForce.GTC,,,,1364227200000000000,2013-03-25T16:00:00Z
15.93405,154205.7523875,1364140800000000000,2013-03-24T16:00:00Z,3871100.0,,6d852cce-fdfa-404f-b360-f82f4f6aea3b,OrderRole.Standalone,OrderType.Market,_default,,PositionEffect.Close,,3871100.0,False,,OrderSide.Sell,OrderStatus.Filled,300033.SZ,,TimeInForce.GTC,,,,1364227200000000000,2013-03-25T16:00:00Z
15.86412,189544.50576,1364140800000000000,2013-03-24T16:00:00Z,4779200.0,,9e9a5365-8cbb-4668-a7a8-e7dd2cd0ff17,OrderRole.Standalone,OrderType.Market,_default,,PositionEffect.Close,,4779200.0,False,,OrderSide.Sell,OrderStatus.Filled,300059.SZ,,TimeInForce.GTC,,,,1364227200000000000,2013-03-25T16:00:00Z
2.99299,78813.6574225,1364140800000000000,2013-03-24T16:00:00Z,10533100.0,,1146ee3c-b818-441b-889e-3ab31981c06a,OrderRole.Standalone,OrderType.Market,_default,,PositionEffect.Open,,10533100.0,False,,OrderSide.Buy,OrderStatus.Filled,600795.SH,,TimeInForce.GTC,,,,1364227200000000000,2013-03-25T16:00:00Z
32.032,78005.928,1364140800000000000,2013-03-24T16:00:00Z,974100.0,,f93e9228-972c-4e49-9d99-b1c0532c87f2,OrderRole.Standalone,OrderType.Market,_default,,PositionEffect.Open,,974100.0,False,,OrderSide.Buy,OrderStatus.Filled,600887.SH,,TimeInForce.GTC,,,,1364227200000000000,2013-03-25T16:00:00Z
22.61259,78222.6019575,1364140800000000000,2013-03-24T16:00:00Z,1383700.0,,0adfad7d-204d-4e9f-ae28-cf80232a9902,OrderRole.Standalone,OrderType.Market,_default,,PositionEffect.Open,,1383700.0,False,,OrderSide.Buy,OrderStatus.Filled,000001.SZ,,TimeInForce.GTC,,,,1364227200000000000,2013-03-25T16:00:00Z
85.5855,78353.52525,1364140800000000000,2013-03-24T16:00:00Z,366200.0,,b2aceadd-f74f-4db1-b9d4-fd812fd31e94,OrderRole.Standalone,OrderType.Market,_default,,PositionEffect.Open,,366200.0,False,,OrderSide.Buy,OrderStatus.Filled,000538.SZ,,TimeInForce.GTC,,,,1364227200000000000,2013-03-25T16:00:00Z
77.2772,81121.7407,1364140800000000000,2013-03-24T16:00:00Z,419900.0,,e5fe61c4-d271-4b4e-ba71-4b34f5a34ba0,OrderRole.Standalone,OrderType.Market,_default,,PositionEffect.Open,,419900.0,False,,OrderSide.Buy,OrderStatus.Filled,000895.SZ,,TimeInForce.GTC,,,,1364227200000000000,2013-03-25T16:00:00Z
68.7687,77983.7058,1364140800000000000,2013-03-24T16:00:00Z,453600.0,,e988415c-e60f-4349-9a9c-63076c09e2e5,OrderRole.Standalone,OrderType.Market,_default,,PositionEffect.Open,,453600.0,False,,OrderSide.Buy,OrderStatus.Filled,002236.SZ,,TimeInForce.GTC,,,,1364227200000000000,2013-03-25T16:00:00Z
49.8498,78488.5101,1364140800000000000,2013-03-24T16:00:00Z,629800.0,,2ecbb98b-5ea8-42b7-b39a-ebabae79d53c,OrderRole.Standalone,OrderType.Market,_default,,PositionEffect.Open,,629800.0,False,,OrderSide.Buy,OrderStatus.Filled,002241.SZ,,TimeInForce.GTC,,,,1364227200000000000,2013-03-25T16:00:00Z
75.5755,78277.324125,1364140800000000000,2013-03-24T16:00:00Z,414300.0,,7d1ed768-c5ec-470d-ad59-dd7d2d08231e,OrderRole.Standalone,OrderType.Market,_default,,PositionEffect.Open,,414300.0,False,,OrderSide.Buy,OrderStatus.Filled,002353.SZ,,TimeInForce.GTC,,,,1364227200000000000,2013-03-25T16:00:00Z
39.3393,78029.50155,1364140800000000000,2013-03-24T16:00:00Z,793400.0,,43454357-59f2-4a8f-85de-97e215c8d386,OrderRole.Standalone,OrderType.Market,_default,,PositionEffect.Open,,793400.0,False,,OrderSide.Buy,OrderStatus.Filled,002415.SZ,,TimeInForce.GTC,,,,1364227200000000000,2013-03-25T16:00:00Z
87.79212,77520.44196,1364227200000000000,2013-03-25T16:00:00Z,353200.0,,fd6867cc-d7a4-454b-b07e-4d13e5ab6002,OrderRole.Standalone,OrderType.Market,_default,,PositionEffect.Close,,353200.0,False,,OrderSide.Sell,OrderStatus.Filled,000661.SZ,,TimeInForce.GTC,,,,1364313600000000000,2013-03-26T16:00:00Z
18.981,65660.02425,1366732800000000000,2013-04-23T16:00:00Z,1383700.0,,b60f9612-6a16-4a47-b9cf-11724e64e36d,OrderRole.Standalone,OrderType.Market,_default,,PositionEffect.Close,,1383700.0,False,,OrderSide.Sell,OrderStatus.Filled,000001.SZ,,TimeInForce.GTC,,,,1366819200000000000,2013-04-24T16:00:00Z
85.02489,77840.286795,1366732800000000000,2013-04-23T16:00:00Z,366200.0,,10e8b37c-0364-4590-86d9-f5e32ec5d5ba,OrderRole.Standalone,OrderType.Market,_default,,PositionEffect.Close,,366200.0,False,,OrderSide.Sell,OrderStatus.Filled,000538.SZ,,TimeInForce.GTC,,,,1366819200000000000,2013-04-24T16:00:00Z
80.92899,84955.2072525,1366732800000000000,2013-04-23T16:00:00Z,419900.0,,b9b843b0-0f2e-434d-9c22-b012cd6311fa,OrderRole.Standalone,OrderType.Market,_default,,PositionEffect.Close,,419900.0,False,,OrderSide.Sell,OrderStatus.Filled,000895.SZ,,TimeInForce.GTC,,,,1366819200000000000,2013-04-24T16:00:00Z
52.82712,83176.30044,1366732800000000000,2013-04-23T16:00:00Z,629800.0,,d5cc549d-d673-4a97-8dcc-9b14ab7b0c7f,OrderRole.Standalone,OrderType.Market,_default,,PositionEffect.Close,,629800.0,False,,OrderSide.Sell,OrderStatus.Filled,002241.SZ,,TimeInForce.GTC,,,,1366819200000000000,2013-04-24T16:00:00Z
,0.0,1366732800000000000,2013-04-23T16:00:00Z,0.0,,3083f581-83d1-4e36-a56b-2501bec057cc,OrderRole.Standalone,OrderType.Market,_default,,PositionEffect.Close,,185400.0,False,"Risk: Insufficient available position for 002304.SZ at execution. Available: 185399.99999999999313882170774, Required: 185400",OrderSide.Sell,OrderStatus.Rejected,002304.SZ,,TimeInForce.GTC,,,,1366819200000000000,2013-04-24T16:00:00Z
38.7612,76882.8402,1366732800000000000,2013-04-23T16:00:00Z,793400.0,,1a29a460-60fb-4195-bec0-47e86372adca,OrderRole.Standalone,OrderType.Market,_default,,PositionEffect.Close,,793400.0,False,,OrderSide.Sell,OrderStatus.Filled,002415.SZ,,TimeInForce.GTC,,,,1366819200000000000,2013-04-24T16:00:00Z
2.78721,73394.9041275,1366732800000000000,2013-04-23T16:00:00Z,10533100.0,,c8a59523-c42e-4b11-9556-2956345bf0a3,OrderRole.Standalone,OrderType.Market,_default,,PositionEffect.Close,,10533100.0,False,,OrderSide.Sell,OrderStatus.Filled,600795.SH,,TimeInForce.GTC,,,,1366819200000000000,2013-04-24T16:00:00Z
29.99997,73057.4269425,1366732800000000000,2013-04-23T16:00:00Z,974100.0,,307f98b3-4bbe-40fe-ab5b-c21383138f8e,OrderRole.Standalone,OrderType.Market,_default,,PositionEffect.Close,,974100.0,False,,OrderSide.Sell,OrderStatus.Filled,600887.SH,,TimeInForce.GTC,,,,1366819200000000000,2013-04-24T16:00:00Z
7.15715,97093.8969,1366732800000000000,2013-04-23T16:00:00Z,5426400.0,,0f113a9a-f475-486c-bd6c-a3fa0bb017fb,OrderRole.Standalone,OrderType.Market,_default,,PositionEffect.Open,,5426400.0,False,,OrderSide.Buy,OrderStatus.Filled,601901.SH,,TimeInForce.GTC,,,,1366819200000000000,2013-04-24T16:00:00Z
11.3113,98597.774275,1366732800000000000,2013-04-23T16:00:00Z,3486700.0,,abb32871-4fd9-4b40-864d-4893b894b8c7,OrderRole.Standalone,OrderType.Market,_default,,PositionEffect.Open,,3486700.0,False,,OrderSide.Buy,OrderStatus.Filled,000625.SZ,,TimeInForce.GTC,,,,1366819200000000000,2013-04-24T16:00:00Z
16.4164,98797.9993,1366732800000000000,2013-04-23T16:00:00Z,2407300.0,,2795c53a-456b-4f24-b300-6f13490c7367,OrderRole.Standalone,OrderType.Market,_default,,PositionEffect.Open,,2407300.0,False,,OrderSide.Buy,OrderStatus.Filled,300059.SZ,,TimeInForce.GTC,,,,1366819200000000000,2013-04-24T16:00:00Z
28.30828,108739.18055,1366732800000000000,2013-04-23T16:00:00Z,1536500.0,,87e9aad0-aee9-440d-bd0a-19aa256ee26a,OrderRole.Standalone,OrderType.Market,_default,,PositionEffect.Open,,1536500.0,False,,OrderSide.Buy,OrderStatus.Filled,300251.SZ,,TimeInForce.GTC,,,,1366819200000000000,2013-04-24T16:00:00Z
107.35725,98849.1879375,1366732800000000000,2013-04-23T16:00:00Z,368300.0,,03714ba8-dbde-499c-a204-4ba409a80778,OrderRole.Standalone,OrderType.Market,_default,,PositionEffect.Open,,368300.0,False,,OrderSide.Buy,OrderStatus.Filled,300347.SZ,,TimeInForce.GTC,,,,1366819200000000000,2013-04-24T16:00:00Z
9.54954,97832.649915,1366732800000000000,2013-04-23T16:00:00Z,4097900.0,,a8662260-bda9-4d02-b08c-9e7ad7bc0c80,OrderRole.Standalone,OrderType.Market,_default,,PositionEffect.Open,,4097900.0,False,,OrderSide.Buy,OrderStatus.Filled,600515.SH,,TimeInForce.GTC,,,,1366819200000000000,2013-04-24T16:00:00Z
85.5855,8900.892,1366732800000000000,2013-04-23T16:00:00Z,41600.0,,45f83d1e-5931-48e7-9534-8a541e84fd2c,OrderRole.Standalone,OrderType.Market,_default,,PositionEffect.Open,,41600.0,False,,OrderSide.Buy,OrderStatus.Filled,002353.SZ,,TimeInForce.GTC,,,,1366819200000000000,2013-04-24T16:00:00Z
40.69065,7080.1731,1366732800000000000,2013-04-23T16:00:00Z,69600.0,,a0ed6c3c-db9c-40bc-b513-cc845eb447fd,OrderRole.Standalone,OrderType.Market,_default,,PositionEffect.Open,,69600.0,False,,OrderSide.Buy,OrderStatus.Filled,002236.SZ,,TimeInForce.GTC,,,,1366819200000000000,2013-04-24T16:00:00Z
39.22074,95777.04708,1366819200000000000,2013-04-24T16:00:00Z,976800.0,,ba543826-abdc-447a-8b3b-8bd73b0da9b1,OrderRole.Standalone,OrderType.Market,_default,,PositionEffect.Close,,976800.0,False,,OrderSide.Sell,OrderStatus.Filled,002236.SZ,,TimeInForce.GTC,,,,1366905600000000000,2013-04-25T16:00:00Z
80.919,92227.43025,1366819200000000000,2013-04-24T16:00:00Z,455900.0,,af87c6e4-8464-40af-9eda-5e26c9b42081,OrderRole.Standalone,OrderType.Market,_default,,PositionEffect.Close,,455900.0,False,,OrderSide.Sell,OrderStatus.Filled,002353.SZ,,TimeInForce.GTC,,,,1366905600000000000,2013-04-25T16:00:00Z
10.69929,93263.0361075,1369584000000000000,2013-05-26T16:00:00Z,3486700.0,,c6ad92ac-4dcc-466a-b10c-f124e7f5972a,OrderRole.Standalone,OrderType.Market,_default,,PositionEffect.Close,,3486700.0,False,,OrderSide.Sell,OrderStatus.Filled,000625.SZ,,TimeInForce.GTC,,,,1369670400000000000,2013-05-27T16:00:00Z
,0.0,1369584000000000000,2013-05-26T16:00:00Z,0.0,,dff8416d-e80f-4e6d-aca4-88fd05e43564,OrderRole.Standalone,OrderType.Market,_default,,PositionEffect.Close,,185400.0,False,"Risk: Insufficient available position for 002304.SZ at execution. Available: 185399.99999999999313882170774, Required: 185400",OrderSide.Sell,OrderStatus.Rejected,002304.SZ,,TimeInForce.GTC,,,,1369670400000000000,2013-05-27T16:00:00Z
10.44954,125775.88821,1369584000000000000,2013-05-26T16:00:00Z,4814600.0,,32f047db-6b1d-40de-8da5-8d7c6747e0d0,OrderRole.Standalone,OrderType.Market,_default,,PositionEffect.Close,,4814600.0,False,,OrderSide.Sell,OrderStatus.Filled,300059.SZ,,TimeInForce.GTC,,,,1369670400000000000,2013-05-27T16:00:00Z
33.84612,130011.40845,1369584000000000000,2013-05-26T16:00:00Z,1536500.0,,8b82291d-f930-45b4-af7d-1f2ffd3aae41,OrderRole.Standalone,OrderType.Market,_default,,PositionEffect.Close,,1536500.0,False,,OrderSide.Sell,OrderStatus.Filled,300251.SZ,,TimeInForce.GTC,,,,1369670400000000000,2013-05-27T16:00:00Z
53.56638,98642.48877,1369584000000000000,2013-05-26T16:00:00Z,736600.0,,5a332c0e-41e4-4112-82f9-1f3456e48117,OrderRole.Standalone,OrderType.Market,_default,,PositionEffect.Close,,736600.0,False,,OrderSide.Sell,OrderStatus.Filled,300347.SZ,,TimeInForce.GTC,,,,1369670400000000000,2013-05-27T16:00:00Z
9.34065,95692.6240875,1369584000000000000,2013-05-26T16:00:00Z,4097900.0,,7464d1f6-d3dc-4db4-8578-981a09d52e23,OrderRole.Standalone,OrderType.Market,_default,,PositionEffect.Close,,4097900.0,False,,OrderSide.Sell,OrderStatus.Filled,600515.SH,,TimeInForce.GTC,,,,1369670400000000000,2013-05-27T16:00:00Z
7.33266,99474.86556,1369584000000000000,2013-05-26T16:00:00Z,5426400.0,,ec93c10b-5064-4094-a667-64e550461ca5,OrderRole.Standalone,OrderType.Market,_default,,PositionEffect.Close,,5426400.0,False,,OrderSide.Sell,OrderStatus.Filled,601901.SH,,TimeInForce.GTC,,,,1369670400000000000,2013-05-27T16:00:00Z
18.3183,163138.200225,1369584000000000000,2013-05-26T16:00:00Z,3562300.0,,0392e31a-b9c2-4368-b0b7-52dea4c1647e,OrderRole.Standalone,OrderType.Market,_default,,PositionEffect.Open,,3562300.0,False,,OrderSide.Buy,OrderStatus.Filled,002129.SZ,,TimeInForce.GTC,,,,1369670400000000000,2013-05-27T16:00:00Z
39.9399,164043.154275,1369584000000000000,2013-05-26T16:00:00Z,1642900.0,,76a21f4f-28b8-4111-a974-0511f872178b,OrderRole.Standalone,OrderType.Market,_default,,PositionEffect.Open,,1642900.0,False,,OrderSide.Buy,OrderStatus.Filled,002241.SZ,,TimeInForce.GTC,,,,1369670400000000000,2013-05-27T16:00:00Z
16.60659,163375.63242,1369584000000000000,2013-05-26T16:00:00Z,3935200.0,,1ed34a35-acbc-42a4-8816-b46c798edc73,OrderRole.Standalone,OrderType.Market,_default,,PositionEffect.Open,,3935200.0,False,,OrderSide.Buy,OrderStatus.Filled,300223.SZ,,TimeInForce.GTC,,,,1369670400000000000,2013-05-27T16:00:00Z
5.22522,163988.30448,1369584000000000000,2013-05-26T16:00:00Z,12553600.0,,344d1299-828c-4d15-8b49-b8ba3f1c3d8d,OrderRole.Standalone,OrderType.Market,_default,,PositionEffect.Open,,12553600.0,False,,OrderSide.Buy,OrderStatus.Filled,600183.SH,,TimeInForce.GTC,,,,1369670400000000000,2013-05-27T16:00:00Z
9.4094,168145.978,1369584000000000000,2013-05-26T16:00:00Z,7148000.0,,29dee9c9-ec2b-48b2-8234-4cdfbef8ab68,OrderRole.Standalone,OrderType.Market,_default,,PositionEffect.Open,,7148000.0,False,,OrderSide.Buy,OrderStatus.Filled,601238.SH,,TimeInForce.GTC,,,,1369670400000000000,2013-05-27T16:00:00Z
17.93205,159698.3542875,1372262400000000000,2013-06-26T16:00:00Z,3562300.0,,618fa391-3228-4eac-adfb-74414a821370,OrderRole.Standalone,OrderType.Market,_default,,PositionEffect.Close,,3562300.0,False,,OrderSide.Sell,OrderStatus.Filled,002129.SZ,,TimeInForce.GTC,,,,1372348800000000000,2013-06-27T16:00:00Z
36.25371,148903.0503975,1372262400000000000,2013-06-26T16:00:00Z,1642900.0,,a493926f-bcc9-42be-b9af-5c66df75d141,OrderRole.Standalone,OrderType.Market,_default,,PositionEffect.Close,,1642900.0,False,,OrderSide.Sell,OrderStatus.Filled,002241.SZ,,TimeInForce.GTC,,,,1372348800000000000,2013-06-27T16:00:00Z
,0.0,1372262400000000000,2013-06-26T16:00:00Z,0.0,,4a84113a-fb6e-4bb8-8ab5-ebdba00fc186,OrderRole.Standalone,OrderType.Market,_default,,PositionEffect.Close,,185400.0,False,"Risk: Insufficient available position for 002304.SZ at execution. Available: 185399.99999999999313882170774, Required: 185400",OrderSide.Sell,OrderStatus.Rejected,002304.SZ,,TimeInForce.GTC,,,,1372348800000000000,2013-06-27T16:00:00Z
15.43455,151845.1029,1372262400000000000,2013-06-26T16:00:00Z,3935200.0,,14d3849d-11b0-4fe7-b3a8-f6cfecb23194,OrderRole.Standalone,OrderType.Market,_default,,PositionEffect.Close,,3935200.0,False,,OrderSide.Sell,OrderStatus.Filled,300223.SZ,,TimeInForce.GTC,,,,1372348800000000000,2013-06-27T16:00:00Z
4.48551,140773.24584,1372262400000000000,2013-06-26T16:00:00Z,12553600.0,,382bf846-30fc-4796-a557-da58003538b8,OrderRole.Standalone,OrderType.Market,_default,,PositionEffect.Close,,12553600.0,False,,OrderSide.Sell,OrderStatus.Filled,600183.SH,,TimeInForce.GTC,,,,1372348800000000000,2013-06-27T16:00:00Z
7.0929,126750.123,1372262400000000000,2013-06-26T16:00:00Z,7148000.0,,58cc9795-347d-488d-9d41-cc3c5e29bbbb,OrderRole.Standalone,OrderType.Market,_default,,PositionEffect.Close,,7148000.0,False,,OrderSide.Sell,OrderStatus.Filled,601238.SH,,TimeInForce.GTC,,,,1372348800000000000,2013-06-27T16:00:00Z
12.17216,104309.32512,1372262400000000000,2013-06-26T16:00:00Z,3427800.0,,11763a7b-9f8f-46c9-807d-df3bb9ec99f1,OrderRole.Standalone,OrderType.Market,_default,,PositionEffect.Open,,3427800.0,False,,OrderSide.Buy,OrderStatus.Filled,000800.SZ,,TimeInForce.GTC,,,,1372348800000000000,2013-06-27T16:00:00Z
18.94893,104730.73611,1372262400000000000,2013-06-26T16:00:00Z,2210800.0,,5ab430e4-749c-4475-b21f-e5948adead42,OrderRole.Standalone,OrderType.Market,_default,,PositionEffect.Open,,2210800.0,False,,OrderSide.Buy,OrderStatus.Filled,002410.SZ,,TimeInForce.GTC,,,,1372348800000000000,2013-06-27T16:00:00Z
24.024,104168.064,1372262400000000000,2013-06-26T16:00:00Z,1734400.0,,5fd6de17-bc67-4f20-89d0-079dffbeb2ff,OrderRole.Standalone,OrderType.Market,_default,,PositionEffect.Open,,1734400.0,False,,OrderSide.Buy,OrderStatus.Filled,300014.SZ,,TimeInForce.GTC,,,,1372348800000000000,2013-06-27T16:00:00Z
12.22221,104399.0622675,1372262400000000000,2013-06-26T16:00:00Z,3416700.0,,d3dd1ee6-2046-4885-8754-c616b6bbf0d0,OrderRole.Standalone,OrderType.Market,_default,,PositionEffect.Open,,3416700.0,False,,OrderSide.Buy,OrderStatus.Filled,300059.SZ,,TimeInForce.GTC,,,,1372348800000000000,2013-06-27T16:00:00Z
31.61158,101607.521015,1372262400000000000,2013-06-26T16:00:00Z,1285700.0,,0586fc46-93eb-426b-acca-e5ccf9e6d49f,OrderRole.Standalone,OrderType.Market,_default,,PositionEffect.Open,,1285700.0,False,,OrderSide.Buy,OrderStatus.Filled,300251.SZ,,TimeInForce.GTC,,,,1372348800000000000,2013-06-27T16:00:00Z
15.57556,105473.79843,1372262400000000000,2013-06-26T16:00:00Z,2708700.0,,1abe14a9-7faa-4210-b278-3892e16c9648,OrderRole.Standalone,OrderType.Market,_default,,PositionEffect.Open,,2708700.0,False,,OrderSide.Buy,OrderStatus.Filled,300274.SZ,,TimeInForce.GTC,,,,1372348800000000000,2013-06-27T16:00:00Z
51.5515,104726.87225,1372262400000000000,2013-06-26T16:00:00Z,812600.0,,8f73a1aa-7ad1-44ad-ade2-66a1ab3b82dd,OrderRole.Standalone,OrderType.Market,_default,,PositionEffect.Open,,812600.0,False,,OrderSide.Buy,OrderStatus.Filled,300347.SZ,,TimeInForce.GTC,,,,1372348800000000000,2013-06-27T16:00:00Z
13.07691,112062.580245,1374681600000000000,2013-07-24T16:00:00Z,3427800.0,,a0e712e9-1dcb-4680-91db-0ae9e1600c92,OrderRole.Standalone,OrderType.Market,_default,,PositionEffect.Close,,3427800.0,False,,OrderSide.Sell,OrderStatus.Filled,000800.SZ,,TimeInForce.GTC,,,,1374768000000000000,2013-07-25T16:00:00Z
,0.0,1374681600000000000,2013-07-24T16:00:00Z,0.0,,793445cd-50c7-49b3-8d44-eee9be9f0f02,OrderRole.Standalone,OrderType.Market,_default,,PositionEffect.Close,,185400.0,False,"Risk: Insufficient available position for 002304.SZ at execution. Available: 185399.99999999999313882170774, Required: 185400",OrderSide.Sell,OrderStatus.Rejected,002304.SZ,,TimeInForce.GTC,,,,1374768000000000000,2013-07-25T16:00:00Z
28.73124,124578.65664,1374681600000000000,2013-07-24T16:00:00Z,1734400.0,,2e52fe55-4214-4e20-8c25-37a2b098af2a,OrderRole.Standalone,OrderType.Market,_default,,PositionEffect.Close,,1734400.0,False,,OrderSide.Sell,OrderStatus.Filled,300014.SZ,,TimeInForce.GTC,,,,1374768000000000000,2013-07-25T16:00:00Z
40.24971,129372.6303675,1374681600000000000,2013-07-24T16:00:00Z,1285700.0,,07165d2c-5156-4bf8-ac7e-451837743832,OrderRole.Standalone,OrderType.Market,_default,,PositionEffect.Close,,1285700.0,False,,OrderSide.Sell,OrderStatus.Filled,300251.SZ,,TimeInForce.GTC,,,,1374768000000000000,2013-07-25T16:00:00Z
17.0829,115681.128075,1374681600000000000,2013-07-24T16:00:00Z,2708700.0,,b4f0e7c5-ca07-4a6c-be17-7a581f020450,OrderRole.Standalone,OrderType.Market,_default,,PositionEffect.Close,,2708700.0,False,,OrderSide.Sell,OrderStatus.Filled,300274.SZ,,TimeInForce.GTC,,,,1374768000000000000,2013-07-25T16:00:00Z
62.95698,127897.10487,1374681600000000000,2013-07-24T16:00:00Z,812600.0,,5bc9b594-ac35-4821-93e5-aba292c11275,OrderRole.Standalone,OrderType.Market,_default,,PositionEffect.Close,,812600.0,False,,OrderSide.Sell,OrderStatus.Filled,300347.SZ,,TimeInForce.GTC,,,,1374768000000000000,2013-07-25T16:00:00Z
32.82279,173017.1317875,1374681600000000000,2013-07-24T16:00:00Z,2108500.0,,802c9c34-5ac9-4cbd-b105-f53ef57ffa49,OrderRole.Standalone,OrderType.Market,_default,,PositionEffect.Open,,2108500.0,False,,OrderSide.Buy,OrderStatus.Filled,002603.SZ,,TimeInForce.GTC,,,,1374768000000000000,2013-07-25T16:00:00Z
21.14112,171042.23136,1374681600000000000,2013-07-24T16:00:00Z,3236200.0,,8361adfd-c3a5-47dc-9f6e-83619ddfdd62,OrderRole.Standalone,OrderType.Market,_default,,PositionEffect.Open,,3236200.0,False,,OrderSide.Buy,OrderStatus.Filled,300223.SZ,,TimeInForce.GTC,,,,1374768000000000000,2013-07-25T16:00:00Z
10.62061,172977.87507,1374681600000000000,2013-07-24T16:00:00Z,6514800.0,,5e1e5fbb-ccb0-4d36-8150-b6b8d67a2f33,OrderRole.Standalone,OrderType.Market,_default,,PositionEffect.Open,,6514800.0,False,,OrderSide.Buy,OrderStatus.Filled,300316.SZ,,TimeInForce.GTC,,,,1374768000000000000,2013-07-25T16:00:00Z
24.5245,35566.656125,1374681600000000000,2013-07-24T16:00:00Z,580100.0,,6871acf3-e99a-45e7-a115-96294f64185d,OrderRole.Standalone,OrderType.Market,_default,,PositionEffect.Open,,580100.0,False,,OrderSide.Buy,OrderStatus.Filled,002410.SZ,,TimeInForce.GTC,,,,1374768000000000000,2013-07-25T16:00:00Z
17.04703,29303.84457,1374681600000000000,2013-07-24T16:00:00Z,687600.0,,b0c25b98-9069-47fc-8473-535cf066c43e,OrderRole.Standalone,OrderType.Market,_default,,PositionEffect.Open,,687600.0,False,,OrderSide.Buy,OrderStatus.Filled,300059.SZ,,TimeInForce.GTC,,,,1374768000000000000,2013-07-25T16:00:00Z
24.62535,171817.2232875,1374768000000000000,2013-07-25T16:00:00Z,2790900.0,,631373fa-7fb0-4d2f-8fd5-927e8083f962,OrderRole.Standalone,OrderType.Market,_default,,PositionEffect.Close,,2790900.0,False,,OrderSide.Sell,OrderStatus.Filled,002410.SZ,,TimeInForce.GTC,,,,1375027200000000000,2013-07-28T16:00:00Z
17.23275,176820.9395625,1374768000000000000,2013-07-25T16:00:00Z,4104300.0,,89275b50-66ca-490d-939e-9f2780156885,OrderRole.Standalone,OrderType.Market,_default,,PositionEffect.Close,,4104300.0,False,,OrderSide.Sell,OrderStatus.Filled,300059.SZ,,TimeInForce.GTC,,,,1375027200000000000,2013-07-28T16:00:00Z
,0.0,1377100800000000000,2013-08-21T16:00:00Z,0.0,,023fb7b5-600b-47ff-9ea1-12865cbaaa98,OrderRole.Standalone,OrderType.Market,_default,,PositionEffect.Close,,185400.0,False,"Risk: Insufficient available position for 002304.SZ at execution. Available: 185399.99999999999313882170774, Required: 185400",OrderSide.Sell,OrderStatus.Rejected,002304.SZ,,TimeInForce.GTC,,,,1377187200000000000,2013-08-22T16:00:00Z
33.10686,174514.535775,1377100800000000000,2013-08-21T16:00:00Z,2108500.0,,52a0afda-f2dc-4036-8de1-de2026c977f5,OrderRole.Standalone,OrderType.Market,_default,,PositionEffect.Close,,2108500.0,False,,OrderSide.Sell,OrderStatus.Filled,002603.SZ,,TimeInForce.GTC,,,,1377187200000000000,2013-08-22T16:00:00Z
22.34763,33.521445,1377100800000000000,2013-08-21T16:00:00Z,600.0,,5f76123f-d71b-44c5-ad0e-fb56027ae1c5,OrderRole.Standalone,OrderType.Market,_default,,PositionEffect.Close,,600.0,False,,OrderSide.Sell,OrderStatus.Filled,300223.SZ,,TimeInForce.GTC,,,,1377187200000000000,2013-08-22T16:00:00Z
12.66732,206312.64084,1377100800000000000,2013-08-21T16:00:00Z,6514800.0,,56c21110-6b8e-4090-95d8-a5c95e7f29e0,OrderRole.Standalone,OrderType.Market,_default,,PositionEffect.Close,,6514800.0,False,,OrderSide.Sell,OrderStatus.Filled,300316.SZ,,TimeInForce.GTC,,,,1377187200000000000,2013-08-22T16:00:00Z
15.74573,181855.308635,1377100800000000000,2013-08-21T16:00:00Z,4619800.0,,d42793d9-3786-4e93-922e-22c87a07b910,OrderRole.Standalone,OrderType.Market,_default,,PositionEffect.Open,,4619800.0,False,,OrderSide.Buy,OrderStatus.Filled,600893.SH,,TimeInForce.GTC,,,,1377187200000000000,2013-08-22T16:00:00Z
2.7027,181721.4399,1377100800000000000,2013-08-21T16:00:00Z,26894800.0,,3aa9893b-ae3c-443d-9a97-b303641d2f10,OrderRole.Standalone,OrderType.Market,_default,,PositionEffect.Open,,26894800.0,False,,OrderSide.Buy,OrderStatus.Filled,601390.SH,,TimeInForce.GTC,,,,1377187200000000000,2013-08-22T16:00:00Z
2.84284,181048.39753,1377100800000000000,2013-08-21T16:00:00Z,25474300.0,,3d87abf2-821b-43ef-96d8-0ef9f0a19f69,OrderRole.Standalone,OrderType.Market,_default,,PositionEffect.Open,,25474300.0,False,,OrderSide.Buy,OrderStatus.Filled,601919.SH,,TimeInForce.GTC,,,,1377187200000000000,2013-08-22T16:00:00Z
16.66665,180395.6529375,1377100800000000000,2013-08-21T16:00:00Z,4329500.0,,2a3843b4-6b3b-449b-be2d-2f0e3582a4a1,OrderRole.Standalone,OrderType.Market,_default,,PositionEffect.Open,,4329500.0,False,,OrderSide.Buy,OrderStatus.Filled,300059.SZ,,TimeInForce.GTC,,,,1377187200000000000,2013-08-22T16:00:00Z
21.2787,172123.4043,1377187200000000000,2013-08-22T16:00:00Z,3235600.0,,4fde6cac-462e-445a-8357-c4667949139e,OrderRole.Standalone,OrderType.Market,_default,,PositionEffect.Close,,3235600.0,False,,OrderSide.Sell,OrderStatus.Filled,300223.SZ,,TimeInForce.GTC,,,,1377446400000000000,2013-08-25T16:00:00Z
,0.0,1379865600000000000,2013-09-22T16:00:00Z,0.0,,0f304ee4-bbc7-43ef-8cae-8eaddbcfc1a6,OrderRole.Standalone,OrderType.Market,_default,,PositionEffect.Close,,185400.0,False,"Risk: Insufficient available position for 002304.SZ at execution. Available: 185399.99999999999313882170774, Required: 185400",OrderSide.Sell,OrderStatus.Rejected,002304.SZ,,TimeInForce.GTC,,,,1379952000000000000,2013-09-23T16:00:00Z
20.8791,126642.18105,1379865600000000000,2013-09-22T16:00:00Z,2426200.0,,9799a718-92df-4836-8a65-0940ede94692,OrderRole.Standalone,OrderType.Market,_default,,PositionEffect.Close,,2426200.0,False,,OrderSide.Sell,OrderStatus.Filled,300059.SZ,,TimeInForce.GTC,,,,1379952000000000000,2013-09-23T16:00:00Z
17.35263,200414.200185,1379865600000000000,2013-09-22T16:00:00Z,4619800.0,,bc31b68e-e011-48e7-b921-8e653db1740c,OrderRole.Standalone,OrderType.Market,_default,,PositionEffect.Close,,4619800.0,False,,OrderSide.Sell,OrderStatus.Filled,600893.SH,,TimeInForce.GTC,,,,1379952000000000000,2013-09-23T16:00:00Z
2.82717,190090.42929,1379865600000000000,2013-09-22T16:00:00Z,26894800.0,,af6ff9c9-7f94-43af-b35a-ffd176bc0168,OrderRole.Standalone,OrderType.Market,_default,,PositionEffect.Close,,26894800.0,False,,OrderSide.Sell,OrderStatus.Filled,601390.SH,,TimeInForce.GTC,,,,1379952000000000000,2013-09-23T16:00:00Z
3.58641,228403.2106575,1379865600000000000,2013-09-22T16:00:00Z,25474300.0,,fd26cd2e-cf46-40b6-a0d1-db1602b34a1b,OrderRole.Standalone,OrderType.Market,_default,,PositionEffect.Close,,25474300.0,False,,OrderSide.Sell,OrderStatus.Filled,601919.SH,,TimeInForce.GTC,,,,1379952000000000000,2013-09-23T16:00:00Z
26.31629,99929.5322025,1379865600000000000,2013-09-22T16:00:00Z,1518900.0,,251be719-d2a5-4272-a16d-e146e8d9bd23,OrderRole.Standalone,OrderType.Market,_default,,PositionEffect.Open,,1518900.0,False,,OrderSide.Buy,OrderStatus.Filled,000938.SZ,,TimeInForce.GTC,,,,1379952000000000000,2013-09-23T16:00:00Z
53.10305,99329.255025,1379865600000000000,2013-09-22T16:00:00Z,748200.0,,8c8a0a7b-a40a-4bf2-9b43-9c4bf4471f69,OrderRole.Standalone,OrderType.Market,_default,,PositionEffect.Open,,748200.0,False,,OrderSide.Buy,OrderStatus.Filled,000977.SZ,,TimeInForce.GTC,,,,1379952000000000000,2013-09-23T16:00:00Z
36.8368,99910.6108,1379865600000000000,2013-09-22T16:00:00Z,1084900.0,,83b568a3-a216-44c5-91be-f35bd63cf3d3,OrderRole.Standalone,OrderType.Market,_default,,PositionEffect.Open,,1084900.0,False,,OrderSide.Buy,OrderStatus.Filled,300014.SZ,,TimeInForce.GTC,,,,1379952000000000000,2013-09-23T16:00:00Z
29.53951,99038.5921525,1379865600000000000,2013-09-22T16:00:00Z,1341100.0,,9386d85c-f4e8-49aa-a2e7-364bbfda658b,OrderRole.Standalone,OrderType.Market,_default,,PositionEffect.Open,,1341100.0,False,,OrderSide.Buy,OrderStatus.Filled,300033.SZ,,TimeInForce.GTC,,,,1379952000000000000,2013-09-23T16:00:00Z
51.44139,98998.955055,1379865600000000000,2013-09-22T16:00:00Z,769800.0,,929149d3-448f-4181-b007-5827fb918c15,OrderRole.Standalone,OrderType.Market,_default,,PositionEffect.Open,,769800.0,False,,OrderSide.Buy,OrderStatus.Filled,300251.SZ,,TimeInForce.GTC,,,,1379952000000000000,2013-09-23T16:00:00Z
27.5275,98238.765625,1379865600000000000,2013-09-22T16:00:00Z,1427500.0,,ccd449f6-9d6c-4364-bd7e-fcac5bf7d6d6,OrderRole.Standalone,OrderType.Market,_default,,PositionEffect.Open,,1427500.0,False,,OrderSide.Buy,OrderStatus.Filled,300274.SZ,,TimeInForce.GTC,,,,1379952000000000000,2013-09-23T16:00:00Z
27.86784,100059.47952,1379865600000000000,2013-09-22T16:00:00Z,1436200.0,,42570766-365a-47a3-8688-bdb4386ceeef,OrderRole.Standalone,OrderType.Market,_default,,PositionEffect.Open,,1436200.0,False,,OrderSide.Buy,OrderStatus.Filled,600845.SH,,TimeInForce.GTC,,,,1379952000000000000,2013-09-23T16:00:00Z
15.78577,99466.13677,1379865600000000000,2013-09-22T16:00:00Z,2520400.0,,a79e2bef-db83-4e2f-b97f-f377ca695609,OrderRole.Standalone,OrderType.Market,_default,,PositionEffect.Open,,2520400.0,False,,OrderSide.Buy,OrderStatus.Filled,601012.SH,,TimeInForce.GTC,,,,1379952000000000000,2013-09-23T16:00:00Z
49.30926,98347.31907,1379865600000000000,2013-09-22T16:00:00Z,797800.0,,c6be5cbb-0267-4714-919d-376dad057c65,OrderRole.Standalone,OrderType.Market,_default,,PositionEffect.Open,,797800.0,False,,OrderSide.Buy,OrderStatus.Filled,601633.SH,,TimeInForce.GTC,,,,1379952000000000000,2013-09-23T16:00:00Z
20.0799,95545.184175,1379952000000000000,2013-09-23T16:00:00Z,1903300.0,,4d6d831c-3bc8-4e5f-b422-4e30c7992f02,OrderRole.Standalone,OrderType.Market,_default,,PositionEffect.Close,,1903300.0,False,,OrderSide.Sell,OrderStatus.Filled,300059.SZ,,TimeInForce.GTC,,,,1380038400000000000,2013-09-24T16:00:00Z
25.68429,97529.6702025,1382889600000000000,2013-10-27T16:00:00Z,1518900.0,,1d209f5d-a0fc-40a1-8b8d-21632cb7d3c8,OrderRole.Standalone,OrderType.Market,_default,,PositionEffect.Close,,1518900.0,False,,OrderSide.Sell,OrderStatus.Filled,000938.SZ,,TimeInForce.GTC,,,,1382976000000000000,2013-10-28T16:00:00Z
42.8571,80164.20555,1382889600000000000,2013-10-27T16:00:00Z,748200.0,,263b3714-fdb8-4a07-b15e-aeea5abd669f,OrderRole.Standalone,OrderType.Market,_default,,PositionEffect.Close,,748200.0,False,,OrderSide.Sell,OrderStatus.Filled,000977.SZ,,TimeInForce.GTC,,,,1382976000000000000,2013-10-28T16:00:00Z
,0.0,1382889600000000000,2013-10-27T16:00:00Z,0.0,,2efd7f8c-2967-4cd3-982d-3656d427de1c,OrderRole.Standalone,OrderType.Market,_default,,PositionEffect.Close,,185400.0,False,"Risk: Insufficient available position for 002304.SZ at execution. Available: 185399.99999999999313882170774, Required: 185400",OrderSide.Sell,OrderStatus.Rejected,002304.SZ,,TimeInForce.GTC,,,,1382976000000000000,2013-10-28T16:00:00Z
40.16979,108950.5129275,1382889600000000000,2013-10-27T16:00:00Z,1084900.0,,1e58b422-600f-4ff1-8d76-739fa72f5bd4,OrderRole.Standalone,OrderType.Market,_default,,PositionEffect.Close,,1084900.0,False,,OrderSide.Sell,OrderStatus.Filled,300014.SZ,,TimeInForce.GTC,,,,1382976000000000000,2013-10-28T16:00:00Z
25.48449,85443.1238475,1382889600000000000,2013-10-27T16:00:00Z,1341100.0,,977244e9-f230-45f7-ad0a-be5e129dcf42,OrderRole.Standalone,OrderType.Market,_default,,PositionEffect.Close,,1341100.0,False,,OrderSide.Sell,OrderStatus.Filled,300033.SZ,,TimeInForce.GTC,,,,1382976000000000000,2013-10-28T16:00:00Z
42.957,82670.7465,1382889600000000000,2013-10-27T16:00:00Z,769800.0,,7c54527f-6c2b-47c0-83dc-dfc03b707385,OrderRole.Standalone,OrderType.Market,_default,,PositionEffect.Close,,769800.0,False,,OrderSide.Sell,OrderStatus.Filled,300251.SZ,,TimeInForce.GTC,,,,1382976000000000000,2013-10-28T16:00:00Z
34.82514,124282.218375,1382889600000000000,2013-10-27T16:00:00Z,1427500.0,,911ad239-00eb-43ee-ab24-cc70da0233c5,OrderRole.Standalone,OrderType.Market,_default,,PositionEffect.Close,,1427500.0,False,,OrderSide.Sell,OrderStatus.Filled,300274.SZ,,TimeInForce.GTC,,,,1382976000000000000,2013-10-28T16:00:00Z
28.6713,102944.30265,1382889600000000000,2013-10-27T16:00:00Z,1436200.0,,8afe8d7b-2414-4449-96d2-3e5c46176501,OrderRole.Standalone,OrderType.Market,_default,,PositionEffect.Close,,1436200.0,False,,OrderSide.Sell,OrderStatus.Filled,600845.SH,,TimeInForce.GTC,,,,1382976000000000000,2013-10-28T16:00:00Z
16.89309,106443.36009,1382889600000000000,2013-10-27T16:00:00Z,2520400.0,,15caa9da-ad92-4830-964e-5cd743e602dd,OrderRole.Standalone,OrderType.Market,_default,,PositionEffect.Close,,2520400.0,False,,OrderSide.Sell,OrderStatus.Filled,601012.SH,,TimeInForce.GTC,,,,1382976000000000000,2013-10-28T16:00:00Z
43.6563,87072.49035,1382889600000000000,2013-10-27T16:00:00Z,797800.0,,835e12ae-6e86-4b0f-931c-290f33fbf49d,OrderRole.Standalone,OrderType.Market,_default,,PositionEffect.Close,,797800.0,False,,OrderSide.Sell,OrderStatus.Filled,601633.SH,,TimeInForce.GTC,,,,1382976000000000000,2013-10-28T16:00:00Z
4.07407,195859.8967325,1382889600000000000,2013-10-27T16:00:00Z,19229900.0,,3dddb65a-200a-4d1b-beff-754341b16d9a,OrderRole.Standalone,OrderType.Market,_default,,PositionEffect.Open,,19229900.0,False,,OrderSide.Buy,OrderStatus.Filled,601800.SH,,TimeInForce.GTC,,,,1382976000000000000,2013-10-28T16:00:00Z
10.23022,197210.508495,1382889600000000000,2013-10-27T16:00:00Z,7710900.0,,2d8c091b-2c78-4844-9ce5-dbf9fec9d7cf,OrderRole.Standalone,OrderType.Market,_default,,PositionEffect.Open,,7710900.0,False,,OrderSide.Buy,OrderStatus.Filled,600000.SH,,TimeInForce.GTC,,,,1382976000000000000,2013-10-28T16:00:00Z
7.62762,196632.41598,1382889600000000000,2013-10-27T16:00:00Z,10311600.0,,238639a1-a795-4e59-96fa-85eb1148ecb2,OrderRole.Standalone,OrderType.Market,_default,,PositionEffect.Open,,10311600.0,False,,OrderSide.Buy,OrderStatus.Filled,600015.SH,,TimeInForce.GTC,,,,1382976000000000000,2013-10-28T16:00:00Z
134.28415,196122.001075,1382889600000000000,2013-10-27T16:00:00Z,584200.0,,741270e4-020e-4337-8470-3cf9388fcc31,OrderRole.Standalone,OrderType.Market,_default,,PositionEffect.Open,,584200.0,False,,OrderSide.Buy,OrderStatus.Filled,600519.SH,,TimeInForce.GTC,,,,1382976000000000000,2013-10-28T16:00:00Z
2.5025,196646.45,1382889600000000000,2013-10-27T16:00:00Z,31432000.0,,75461230-479a-4c85-9e1c-d0c3cafb4cc8,OrderRole.Standalone,OrderType.Market,_default,,PositionEffect.Open,,31432000.0,False,,OrderSide.Buy,OrderStatus.Filled,601288.SH,,TimeInForce.GTC,,,,1382976000000000000,2013-10-28T16:00:00Z
,0.0,1385308800000000000,2013-11-24T16:00:00Z,0.0,,4538fca3-61c8-49d7-a6bd-9c15347bdbe7,OrderRole.Standalone,OrderType.Market,_default,,PositionEffect.Close,,185400.0,False,"Risk: Insufficient available position for 002304.SZ at execution. Available: 185399.99999999999313882170774, Required: 185400",OrderSide.Sell,OrderStatus.Rejected,002304.SZ,,TimeInForce.GTC,,,,1385395200000000000,2013-11-25T16:00:00Z
9.8901,190653.930225,1385308800000000000,2013-11-24T16:00:00Z,7710900.0,,9b395567-29a2-4c35-9f65-55abd1ecf24b,OrderRole.Standalone,OrderType.Market,_default,,PositionEffect.Close,,7710900.0,False,,OrderSide.Sell,OrderStatus.Filled,600000.SH,,TimeInForce.GTC,,,,1385395200000000000,2013-11-25T16:00:00Z
7.97202,205510.70358,1385308800000000000,2013-11-24T16:00:00Z,10311600.0,,cca5a24e-d033-40ca-838b-92f53ec3c1fc,OrderRole.Standalone,OrderType.Market,_default,,PositionEffect.Close,,10311600.0,False,,OrderSide.Sell,OrderStatus.Filled,600015.SH,,TimeInForce.GTC,,,,1385395200000000000,2013-11-25T16:00:00Z
140.84901,205709.979105,1385308800000000000,2013-11-24T16:00:00Z,584200.0,,1454ecef-da28-4def-b519-7d00a0d34298,OrderRole.Standalone,OrderType.Market,_default,,PositionEffect.Close,,584200.0,False,,OrderSide.Sell,OrderStatus.Filled,600519.SH,,TimeInForce.GTC,,,,1385395200000000000,2013-11-25T16:00:00Z
2.5974,204103.692,1385308800000000000,2013-11-24T16:00:00Z,31432000.0,,95cda44b-337e-407d-843b-615035d40081,OrderRole.Standalone,OrderType.Market,_default,,PositionEffect.Close,,31432000.0,False,,OrderSide.Sell,OrderStatus.Filled,601288.SH,,TimeInForce.GTC,,,,1385395200000000000,2013-11-25T16:00:00Z
4.1958,201712.03605,1385308800000000000,2013-11-24T16:00:00Z,19229900.0,,ff376ccd-d083-4bdf-bc27-2aba40f941b8,OrderRole.Standalone,OrderType.Market,_default,,PositionEffect.Close,,19229900.0,False,,OrderSide.Sell,OrderStatus.Filled,601800.SH,,TimeInForce.GTC,,,,1385395200000000000,2013-11-25T16:00:00Z
27.47745,200104.529625,1385308800000000000,2013-11-24T16:00:00Z,2913000.0,,cef9242d-50e1-465e-af12-85ff38aa1d12,OrderRole.Standalone,OrderType.Market,_default,,PositionEffect.Open,,2913000.0,False,,OrderSide.Buy,OrderStatus.Filled,002555.SZ,,TimeInForce.GTC,,,,1385395200000000000,2013-11-25T16:00:00Z
26.90688,202628.98656,1385308800000000000,2013-11-24T16:00:00Z,3012300.0,,a642dd31-d24c-4c55-a8c0-f10b4be4306f,OrderRole.Standalone,OrderType.Market,_default,,PositionEffect.Open,,3012300.0,False,,OrderSide.Buy,OrderStatus.Filled,300223.SZ,,TimeInForce.GTC,,,,1385395200000000000,2013-11-25T16:00:00Z
40.26022,198120.54262,1385308800000000000,2013-11-24T16:00:00Z,1968400.0,,1a9bcce4-8b83-4f0a-ae55-b6df48b1f85c,OrderRole.Standalone,OrderType.Market,_default,,PositionEffect.Open,,1968400.0,False,,OrderSide.Buy,OrderStatus.Filled,300251.SZ,,TimeInForce.GTC,,,,1385395200000000000,2013-11-25T16:00:00Z
11.92191,197683.150665,1385308800000000000,2013-11-24T16:00:00Z,6632600.0,,98c74f47-8686-473c-be48-f445a1258a53,OrderRole.Standalone,OrderType.Market,_default,,PositionEffect.Open,,6632600.0,False,,OrderSide.Buy,OrderStatus.Filled,300308.SZ,,TimeInForce.GTC,,,,1385395200000000000,2013-11-25T16:00:00Z
16.7167,201912.66095,1385308800000000000,2013-11-24T16:00:00Z,4831400.0,,bb9d52b8-5e9c-435f-8e77-95b0cbea3f41,OrderRole.Standalone,OrderType.Market,_default,,PositionEffect.Open,,4831400.0,False,,OrderSide.Buy,OrderStatus.Filled,300316.SZ,,TimeInForce.GTC,,,,1385395200000000000,2013-11-25T16:00:00Z
,0.0,1387728000000000000,2013-12-22T16:00:00Z,0.0,,81a4cecf-81f0-4114-863a-d0cb9f43ec93,OrderRole.Standalone,OrderType.Market,_default,,PositionEffect.Close,,185400.0,False,"Risk: Insufficient available position for 002304.SZ at execution. Available: 185399.99999999999313882170774, Required: 185400",OrderSide.Sell,OrderStatus.Rejected,002304.SZ,,TimeInForce.GTC,,,,1387814400000000000,2013-12-23T16:00:00Z
24.62535,67362.644925,1387728000000000000,2013-12-22T16:00:00Z,1094200.0,,1dfcfe3d-0362-46bc-8e74-d98a1cd3d777,OrderRole.Standalone,OrderType.Market,_default,,PositionEffect.Close,,1094200.0,False,,OrderSide.Sell,OrderStatus.Filled,002555.SZ,,TimeInForce.GTC,,,,1387814400000000000,2013-12-23T16:00:00Z
37.2627,169852.702275,1387728000000000000,2013-12-22T16:00:00Z,1823300.0,,6a9472f9-d34e-4544-94b8-9f9e4f821686,OrderRole.Standalone,OrderType.Market,_default,,PositionEffect.Close,,1823300.0,False,,OrderSide.Sell,OrderStatus.Filled,300223.SZ,,TimeInForce.GTC,,,,1387814400000000000,2013-12-23T16:00:00Z
36.8631,70611.26805,1387728000000000000,2013-12-22T16:00:00Z,766200.0,,ef8fa0c4-b711-4e93-95dc-d1be8ccc9d78,OrderRole.Standalone,OrderType.Market,_default,,PositionEffect.Close,,766200.0,False,,OrderSide.Sell,OrderStatus.Filled,300251.SZ,,TimeInForce.GTC,,,,1387814400000000000,2013-12-23T16:00:00Z
10.8891,180557.61165,1387728000000000000,2013-12-22T16:00:00Z,6632600.0,,e6776fa5-c521-482b-9bfb-7a2677bc095b,OrderRole.Standalone,OrderType.Market,_default,,PositionEffect.Close,,6632600.0,False,,OrderSide.Sell,OrderStatus.Filled,300308.SZ,,TimeInForce.GTC,,,,1387814400000000000,2013-12-23T16:00:00Z
15.96402,192821.41557,1387728000000000000,2013-12-22T16:00:00Z,4831400.0,,64226733-1bbf-42ae-a956-185e26c62026,OrderRole.Standalone,OrderType.Market,_default,,PositionEffect.Close,,4831400.0,False,,OrderSide.Sell,OrderStatus.Filled,300316.SZ,,TimeInForce.GTC,,,,1387814400000000000,2013-12-23T16:00:00Z
5.3053,110655.29475,1387728000000000000,2013-12-22T16:00:00Z,8343000.0,,54c06f47-0d4e-426c-aab6-d029f7620b35,OrderRole.Standalone,OrderType.Market,_default,,PositionEffect.Open,,8343000.0,False,,OrderSide.Buy,OrderStatus.Filled,600018.SH,,TimeInForce.GTC,,,,1387814400000000000,2013-12-23T16:00:00Z
24.10408,111885.11334,1387728000000000000,2013-12-22T16:00:00Z,1856700.0,,96457198-18da-4743-9753-8d749628ec36,OrderRole.Standalone,OrderType.Market,_default,,PositionEffect.Open,,1856700.0,False,,OrderSide.Buy,OrderStatus.Filled,000938.SZ,,TimeInForce.GTC,,,,1387814400000000000,2013-12-23T16:00:00Z
53.79374,110317.512305,1387728000000000000,2013-12-22T16:00:00Z,820300.0,,9848346a-f8ae-4f92-957d-90094f563aa9,OrderRole.Standalone,OrderType.Market,_default,,PositionEffect.Open,,820300.0,False,,OrderSide.Buy,OrderStatus.Filled,002252.SZ,,TimeInForce.GTC,,,,1387814400000000000,2013-12-23T16:00:00Z
29.6296,112303.5914,1387728000000000000,2013-12-22T16:00:00Z,1516100.0,,c09f6ec3-e039-488f-917a-77331c3c879b,OrderRole.Standalone,OrderType.Market,_default,,PositionEffect.Open,,1516100.0,False,,OrderSide.Buy,OrderStatus.Filled,002410.SZ,,TimeInForce.GTC,,,,1387814400000000000,2013-12-23T16:00:00Z
13.76375,110877.3290625,1387728000000000000,2013-12-22T16:00:00Z,3222300.0,,c67e77ae-53d3-49a3-adc2-aea942c44bc9,OrderRole.Standalone,OrderType.Market,_default,,PositionEffect.Open,,3222300.0,False,,OrderSide.Buy,OrderStatus.Filled,300059.SZ,,TimeInForce.GTC,,,,1387814400000000000,2013-12-23T16:00:00Z
28.8288,113246.7336,1387728000000000000,2013-12-22T16:00:00Z,1571300.0,,27f2ef71-5cb4-4cc1-914c-82e39152712b,OrderRole.Standalone,OrderType.Market,_default,,PositionEffect.Open,,1571300.0,False,,OrderSide.Buy,OrderStatus.Filled,300274.SZ,,TimeInForce.GTC,,,,1387814400000000000,2013-12-23T16:00:00Z
25.02495,113788.44765,1387814400000000000,2013-12-23T16:00:00Z,1818800.0,,b5029a30-b099-40cb-82dc-f5231bb03939,OrderRole.Standalone,OrderType.Market,_default,,PositionEffect.Close,,1818800.0,False,,OrderSide.Sell,OrderStatus.Filled,002555.SZ,,TimeInForce.GTC,,,,1387900800000000000,2013-12-24T16:00:00Z
44.07588,131015.5533,1387814400000000000,2013-12-23T16:00:00Z,1189000.0,,6958c1e7-2445-4f00-b220-56907212cda1,OrderRole.Standalone,OrderType.Market,_default,,PositionEffect.Close,,1189000.0,False,,OrderSide.Sell,OrderStatus.Filled,300223.SZ,,TimeInForce.GTC,,,,1387900800000000000,2013-12-24T16:00:00Z
36.87309,110822.071995,1387814400000000000,2013-12-23T16:00:00Z,1202200.0,,664cccfc-d091-4d3a-8b60-1d8385e9e975,OrderRole.Standalone,OrderType.Market,_default,,PositionEffect.Close,,1202200.0,False,,OrderSide.Sell,OrderStatus.Filled,300251.SZ,,TimeInForce.GTC,,,,1387900800000000000,2013-12-24T16:00:00Z
31.84812,27094.78809,1390233600000000000,2014-01-20T16:00:00Z,340300.0,,d28a8a06-73a5-4374-8200-4ea3be954f2f,OrderRole.Standalone,OrderType.Market,_default,,PositionEffect.Close,,340300.0,False,,OrderSide.Sell,OrderStatus.Filled,000938.SZ,,TimeInForce.GTC,,,,1390320000000000000,2014-01-21T16:00:00Z
,0.0,1390233600000000000,2014-01-20T16:00:00Z,0.0,,4763e584-33eb-4262-88b7-021a0ea5ae62,OrderRole.Standalone,OrderType.Market,_default,,PositionEffect.Close,,185400.0,False,"Risk: Insufficient available position for 002304.SZ at execution. Available: 185399.99999999999313882170774, Required: 185400",OrderSide.Sell,OrderStatus.Rejected,002304.SZ,,TimeInForce.GTC,,,,1390320000000000000,2014-01-21T16:00:00Z
38.40156,145551.51279,1390233600000000000,2014-01-20T16:00:00Z,1516100.0,,f40bf40e-5779-4d7c-ba41-32cae90e3211,OrderRole.Standalone,OrderType.Market,_default,,PositionEffect.Close,,1516100.0,False,,OrderSide.Sell,OrderStatus.Filled,002410.SZ,,TimeInForce.GTC,,,,1390320000000000000,2014-01-21T16:00:00Z
33.6663,11050.962975,1390233600000000000,2014-01-20T16:00:00Z,131300.0,,34a63876-138e-403a-94cc-5cbdc2de06f2,OrderRole.Standalone,OrderType.Market,_default,,PositionEffect.Close,,131300.0,False,,OrderSide.Sell,OrderStatus.Filled,300274.SZ,,TimeInForce.GTC,,,,1390320000000000000,2014-01-21T16:00:00Z
4.85514,101266.08255,1390233600000000000,2014-01-20T16:00:00Z,8343000.0,,4dff34d3-2bf0-4815-98b7-4cba53d8f4ba,OrderRole.Standalone,OrderType.Market,_default,,PositionEffect.Close,,8343000.0,False,,OrderSide.Sell,OrderStatus.Filled,600018.SH,,TimeInForce.GTC,,,,1390320000000000000,2014-01-21T16:00:00Z
16.48647,119596.9749975,1390233600000000000,2014-01-20T16:00:00Z,2901700.0,,797743fb-4a6e-4c2a-a891-e0b95409a828,OrderRole.Standalone,OrderType.Market,_default,,PositionEffect.Open,,2901700.0,False,,OrderSide.Buy,OrderStatus.Filled,601012.SH,,TimeInForce.GTC,,,,1390320000000000000,2014-01-21T16:00:00Z
45.29525,119466.221875,1390233600000000000,2014-01-20T16:00:00Z,1055000.0,,917dd267-73c2-40c8-90e6-d72bf17725d9,OrderRole.Standalone,OrderType.Market,_default,,PositionEffect.Open,,1055000.0,False,,OrderSide.Buy,OrderStatus.Filled,002049.SZ,,TimeInForce.GTC,,,,1390320000000000000,2014-01-21T16:00:00Z
33.5335,119236.742625,1390233600000000000,2014-01-20T16:00:00Z,1422300.0,,133b0435-1592-452a-a643-b77de40fec3c,OrderRole.Standalone,OrderType.Market,_default,,PositionEffect.Open,,1422300.0,False,,OrderSide.Buy,OrderStatus.Filled,002555.SZ,,TimeInForce.GTC,,,,1390320000000000000,2014-01-21T16:00:00Z
39.58955,119431.7749625,1390233600000000000,2014-01-20T16:00:00Z,1206700.0,,e847786f-750d-4397-b7e7-fd19f3335bfe,OrderRole.Standalone,OrderType.Market,_default,,PositionEffect.Open,,1206700.0,False,,OrderSide.Buy,OrderStatus.Filled,300223.SZ,,TimeInForce.GTC,,,,1390320000000000000,2014-01-21T16:00:00Z
45.3453,121865.49375,1390233600000000000,2014-01-20T16:00:00Z,1075000.0,,db5365f2-5fd9-432f-b7e4-3fa2ed90f22f,OrderRole.Standalone,OrderType.Market,_default,,PositionEffect.Open,,1075000.0,False,,OrderSide.Buy,OrderStatus.Filled,300251.SZ,,TimeInForce.GTC,,,,1390320000000000000,2014-01-21T16:00:00Z
44.9449,27348.97165,1390233600000000000,2014-01-20T16:00:00Z,243400.0,,52d3be61-c6be-459d-a4ac-6e7b195b5a96,OrderRole.Standalone,OrderType.Market,_default,,PositionEffect.Open,,243400.0,False,,OrderSide.Buy,OrderStatus.Filled,002252.SZ,,TimeInForce.GTC,,,,1390320000000000000,2014-01-21T16:00:00Z
14.65464,1472.79132,1390233600000000000,2014-01-20T16:00:00Z,40200.0,,36e71b73-21e4-4d6e-98df-25eb9f1efc74,OrderRole.Standalone,OrderType.Market,_default,,PositionEffect.Open,,40200.0,False,,OrderSide.Buy,OrderStatus.Filled,300059.SZ,,TimeInForce.GTC,,,,1390320000000000000,2014-01-21T16:00:00Z
31.68828,120130.26948,1390320000000000000,2014-01-21T16:00:00Z,1516400.0,,d4e0ae7f-62fa-462f-bdfc-5de3320d0ff6,OrderRole.Standalone,OrderType.Market,_default,,PositionEffect.Close,,1516400.0,False,,OrderSide.Sell,OrderStatus.Filled,000938.SZ,,TimeInForce.GTC,,,,1390406400000000000,2014-01-22T16:00:00Z
45.12483,119998.2041775,1390320000000000000,2014-01-21T16:00:00Z,1063700.0,,922f3ce6-1b3b-454d-a260-47f35c3340a8,OrderRole.Standalone,OrderType.Market,_default,,PositionEffect.Close,,1063700.0,False,,OrderSide.Sell,OrderStatus.Filled,002252.SZ,,TimeInForce.GTC,,,,1390406400000000000,2014-01-22T16:00:00Z
15.4845,126295.453125,1390320000000000000,2014-01-21T16:00:00Z,3262500.0,,49565b88-44be-461d-b180-aba140cbd640,OrderRole.Standalone,OrderType.Market,_default,,PositionEffect.Close,,3262500.0,False,,OrderSide.Sell,OrderStatus.Filled,300059.SZ,,TimeInForce.GTC,,,,1390406400000000000,2014-01-22T16:00:00Z
36.81315,132527.34,1390320000000000000,2014-01-21T16:00:00Z,1440000.0,,7871d125-c737-4e0c-b9ba-446462f6e1dd,OrderRole.Standalone,OrderType.Market,_default,,PositionEffect.Close,,1440000.0,False,,OrderSide.Sell,OrderStatus.Filled,300274.SZ,,TimeInForce.GTC,,,,1390406400000000000,2014-01-22T16:00:00Z
47.98197,126552.445875,1393257600000000000,2014-02-24T16:00:00Z,1055000.0,,c59012d0-3bc9-433f-8c98-8b07667f6ad3,OrderRole.Standalone,OrderType.Market,_default,,PositionEffect.Close,,1055000.0,False,,OrderSide.Sell,OrderStatus.Filled,002049.SZ,,TimeInForce.GTC,,,,1393344000000000000,2014-02-25T16:00:00Z
,0.0,1393257600000000000,2014-02-24T16:00:00Z,0.0,,3d05cd1e-a0c1-4033-b63b-115f0dcda087,OrderRole.Standalone,OrderType.Market,_default,,PositionEffect.Close,,185400.0,False,"Risk: Insufficient available position for 002304.SZ at execution. Available: 185399.99999999999313882170774, Required: 185400",OrderSide.Sell,OrderStatus.Rejected,002304.SZ,,TimeInForce.GTC,,,,1393344000000000000,2014-02-25T16:00:00Z
47.68227,169546.2315525,1393257600000000000,2014-02-24T16:00:00Z,1422300.0,,8eebc589-26e2-4808-abfc-70fbb689cf3d,OrderRole.Standalone,OrderType.Market,_default,,PositionEffect.Close,,1422300.0,False,,OrderSide.Sell,OrderStatus.Filled,002555.SZ,,TimeInForce.GTC,,,,1393344000000000000,2014-02-25T16:00:00Z
34.2657,103371.050475,1393257600000000000,2014-02-24T16:00:00Z,1206700.0,,7dc2f19e-122b-4e37-a88b-8d899d0f44ed,OrderRole.Standalone,OrderType.Market,_default,,PositionEffect.Close,,1206700.0,False,,OrderSide.Sell,OrderStatus.Filled,300223.SZ,,TimeInForce.GTC,,,,1393344000000000000,2014-02-25T16:00:00Z
44.21574,118829.80125,1393257600000000000,2014-02-24T16:00:00Z,1075000.0,,c5ae1f80-7e0b-46ed-b08e-84c470f10582,OrderRole.Standalone,OrderType.Market,_default,,PositionEffect.Close,,1075000.0,False,,OrderSide.Sell,OrderStatus.Filled,300251.SZ,,TimeInForce.GTC,,,,1393344000000000000,2014-02-25T16:00:00Z
13.1868,95660.3439,1393257600000000000,2014-02-24T16:00:00Z,2901700.0,,f99509f7-cd2f-4ad8-8e2c-cd652a7856e0,OrderRole.Standalone,OrderType.Market,_default,,PositionEffect.Close,,2901700.0,False,,OrderSide.Sell,OrderStatus.Filled,601012.SH,,TimeInForce.GTC,,,,1393344000000000000,2014-02-25T16:00:00Z
4.85485,109200.14105,1393257600000000000,2014-02-24T16:00:00Z,8997200.0,,f149291d-b625-4f4b-b6c5-4a2e23ca76bc,OrderRole.Standalone,OrderType.Market,_default,,PositionEffect.Open,,8997200.0,False,,OrderSide.Buy,OrderStatus.Filled,601998.SH,,TimeInForce.GTC,,,,1393344000000000000,2014-02-25T16:00:00Z
2.42242,110315.189985,1393257600000000000,2014-02-24T16:00:00Z,18215700.0,,bbcbea6e-1368-4b88-af55-a2cbecb15115,OrderRole.Standalone,OrderType.Market,_default,,PositionEffect.Open,,18215700.0,False,,OrderSide.Buy,OrderStatus.Filled,000725.SZ,,TimeInForce.GTC,,,,1393344000000000000,2014-02-25T16:00:00Z
8.85885,110726.76615,1393257600000000000,2014-02-24T16:00:00Z,4999600.0,,d89cac1f-22fa-4f50-91b1-c1d3542bc0bc,OrderRole.Standalone,OrderType.Market,_default,,PositionEffect.Open,,4999600.0,False,,OrderSide.Buy,OrderStatus.Filled,000988.SZ,,TimeInForce.GTC,,,,1393344000000000000,2014-02-25T16:00:00Z
8.39839,119181.55249,1393257600000000000,2014-02-24T16:00:00Z,5676400.0,,e4398b82-9f54-4c6f-9f86-a35c58d168c8,OrderRole.Standalone,OrderType.Market,_default,,PositionEffect.Open,,5676400.0,False,,OrderSide.Buy,OrderStatus.Filled,002459.SZ,,TimeInForce.GTC,,,,1393344000000000000,2014-02-25T16:00:00Z
26.026,103277.6745,1393257600000000000,2014-02-24T16:00:00Z,1587300.0,,e83a88dd-da02-40a7-aeb9-da565b1f35d2,OrderRole.Standalone,OrderType.Market,_default,,PositionEffect.Open,,1587300.0,False,,OrderSide.Buy,OrderStatus.Filled,002602.SZ,,TimeInForce.GTC,,,,1393344000000000000,2014-02-25T16:00:00Z
53.053,109302.44325,1393257600000000000,2014-02-24T16:00:00Z,824100.0,,9bc91daf-d0bb-4d7f-a606-11b57047950d,OrderRole.Standalone,OrderType.Market,_default,,PositionEffect.Open,,824100.0,False,,OrderSide.Buy,OrderStatus.Filled,300142.SZ,,TimeInForce.GTC,,,,1393344000000000000,2014-02-25T16:00:00Z
23.07305,111512.05065,1393257600000000000,2014-02-24T16:00:00Z,1933200.0,,754e1c2e-01e9-4041-a058-8fe0dda10aa4,OrderRole.Standalone,OrderType.Market,_default,,PositionEffect.Open,,1933200.0,False,,OrderSide.Buy,OrderStatus.Filled,600196.SH,,TimeInForce.GTC,,,,1393344000000000000,2014-02-25T16:00:00Z
16.86685,114416.276975,1393257600000000000,2014-02-24T16:00:00Z,2713400.0,,884f6ef9-3681-4a0c-8d6f-5789dd188cc8,OrderRole.Standalone,OrderType.Market,_default,,PositionEffect.Open,,2713400.0,False,,OrderSide.Buy,OrderStatus.Filled,600406.SH,,TimeInForce.GTC,,,,1393344000000000000,2014-02-25T16:00:00Z
8.94894,111599.993505,1393257600000000000,2014-02-24T16:00:00Z,4988300.0,,ba40d85e-a353-4c33-92a8-78e986095eec,OrderRole.Standalone,OrderType.Market,_default,,PositionEffect.Open,,4988300.0,False,,OrderSide.Buy,OrderStatus.Filled,600515.SH,,TimeInForce.GTC,,,,1393344000000000000,2014-02-25T16:00:00Z
12.9129,111054.168225,1393257600000000000,2014-02-24T16:00:00Z,3440100.0,,b6e6a54c-69fc-41cc-8ffa-52dfed309d36,OrderRole.Standalone,OrderType.Market,_default,,PositionEffect.Open,,3440100.0,False,,OrderSide.Buy,OrderStatus.Filled,600522.SH,,TimeInForce.GTC,,,,1393344000000000000,2014-02-25T16:00:00Z
2.32767,106000.3460475,1395676800000000000,2014-03-24T16:00:00Z,18215700.0,,194351e6-8ecc-4725-b2c0-5342bf348fd7,OrderRole.Standalone,OrderType.Market,_default,,PositionEffect.Close,,18215700.0,False,,OrderSide.Sell,OrderStatus.Filled,000725.SZ,,TimeInForce.GTC,,,,1395763200000000000,2014-03-25T16:00:00Z
8.88111,111004.99389,1395676800000000000,2014-03-24T16:00:00Z,4999600.0,,8defe948-0e35-441b-a64c-151b0e512951,OrderRole.Standalone,OrderType.Market,_default,,PositionEffect.Close,,4999600.0,False,,OrderSide.Sell,OrderStatus.Filled,000988.SZ,,TimeInForce.GTC,,,,1395763200000000000,2014-03-25T16:00:00Z
,0.0,1395676800000000000,2014-03-24T16:00:00Z,0.0,,9fdeb152-c32f-4973-b1f6-561d5d205453,OrderRole.Standalone,OrderType.Market,_default,,PositionEffect.Close,,185400.0,False,"Risk: Insufficient available position for 002304.SZ at execution. Available: 185399.99999999999313882170774, Required: 185400",OrderSide.Sell,OrderStatus.Rejected,002304.SZ,,TimeInForce.GTC,,,,1395763200000000000,2014-03-25T16:00:00Z
8.17182,115966.29762,1395676800000000000,2014-03-24T16:00:00Z,5676400.0,,017bb73b-522a-47ca-8277-7ebb4dfc1597,OrderRole.Standalone,OrderType.Market,_default,,PositionEffect.Close,,5676400.0,False,,OrderSide.Sell,OrderStatus.Filled,002459.SZ,,TimeInForce.GTC,,,,1395763200000000000,2014-03-25T16:00:00Z
20.95902,83170.631115,1395676800000000000,2014-03-24T16:00:00Z,1587300.0,,d794236e-b72d-40be-944b-c8b73db4d2f2,OrderRole.Standalone,OrderType.Market,_default,,PositionEffect.Close,,1587300.0,False,,OrderSide.Sell,OrderStatus.Filled,002602.SZ,,TimeInForce.GTC,,,,1395763200000000000,2014-03-25T16:00:00Z
50.96898,105008.841045,1395676800000000000,2014-03-24T16:00:00Z,824100.0,,520b46c3-1d5a-44c6-821e-14f660e7612e,OrderRole.Standalone,OrderType.Market,_default,,PositionEffect.Close,,824100.0,False,,OrderSide.Sell,OrderStatus.Filled,300142.SZ,,TimeInForce.GTC,,,,1395763200000000000,2014-03-25T16:00:00Z
21.4785,103805.5905,1395676800000000000,2014-03-24T16:00:00Z,1933200.0,,a127d7f1-9203-4260-b852-ef5aa04d7207,OrderRole.Standalone,OrderType.Market,_default,,PositionEffect.Close,,1933200.0,False,,OrderSide.Sell,OrderStatus.Filled,600196.SH,,TimeInForce.GTC,,,,1395763200000000000,2014-03-25T16:00:00Z
15.56442,105581.24307,1395676800000000000,2014-03-24T16:00:00Z,2713400.0,,1149abf5-2821-4f36-a9de-bb2f1ccf0274,OrderRole.Standalone,OrderType.Market,_default,,PositionEffect.Close,,2713400.0,False,,OrderSide.Sell,OrderStatus.Filled,600406.SH,,TimeInForce.GTC,,,,1395763200000000000,2014-03-25T16:00:00Z
10.30968,128569.44186,1395676800000000000,2014-03-24T16:00:00Z,4988300.0,,25cee9a3-02d5-482d-a5fd-f502871ade18,OrderRole.Standalone,OrderType.Market,_default,,PositionEffect.Close,,4988300.0,False,,OrderSide.Sell,OrderStatus.Filled,600515.SH,,TimeInForce.GTC,,,,1395763200000000000,2014-03-25T16:00:00Z
12.90708,111004.11477,1395676800000000000,2014-03-24T16:00:00Z,3440100.0,,a08662e2-7bd6-45a5-8a80-06373d65b854,OrderRole.Standalone,OrderType.Market,_default,,PositionEffect.Close,,3440100.0,False,,OrderSide.Sell,OrderStatus.Filled,600522.SH,,TimeInForce.GTC,,,,1395763200000000000,2014-03-25T16:00:00Z
4.61538,103813.74234,1395676800000000000,2014-03-24T16:00:00Z,8997200.0,,c46df3d4-189b-4906-8613-d1f0d8488e37,OrderRole.Standalone,OrderType.Market,_default,,PositionEffect.Close,,8997200.0,False,,OrderSide.Sell,OrderStatus.Filled,601998.SH,,TimeInForce.GTC,,,,1395763200000000000,2014-03-25T16:00:00Z
15.20519,107192.7882025,1395676800000000000,2014-03-24T16:00:00Z,2819900.0,,ff483aa3-af6d-49f9-9662-5e93aadb91f5,OrderRole.Standalone,OrderType.Market,_default,,PositionEffect.Open,,2819900.0,False,,OrderSide.Buy,OrderStatus.Filled,002028.SZ,,TimeInForce.GTC,,,,1395763200000000000,2014-03-25T16:00:00Z
25.6256,107877.3696,1395676800000000000,2014-03-24T16:00:00Z,1683900.0,,10246167-7eff-4a26-a106-98f76f089608,OrderRole.Standalone,OrderType.Market,_default,,PositionEffect.Open,,1683900.0,False,,OrderSide.Buy,OrderStatus.Filled,002241.SZ,,TimeInForce.GTC,,,,1395763200000000000,2014-03-25T16:00:00Z
18.76875,106911.4921875,1395676800000000000,2014-03-24T16:00:00Z,2278500.0,,d9bf0cab-2e28-4314-8e5f-1c5e2cce03a9,OrderRole.Standalone,OrderType.Market,_default,,PositionEffect.Open,,2278500.0,False,,OrderSide.Buy,OrderStatus.Filled,002371.SZ,,TimeInForce.GTC,,,,1395763200000000000,2014-03-25T16:00:00Z
17.86785,106970.3509875,1395676800000000000,2014-03-24T16:00:00Z,2394700.0,,2486f98c-90e2-431d-8401-b31fd1413833,OrderRole.Standalone,OrderType.Market,_default,,PositionEffect.Open,,2394700.0,False,,OrderSide.Buy,OrderStatus.Filled,002415.SZ,,TimeInForce.GTC,,,,1395763200000000000,2014-03-25T16:00:00Z
26.40638,107071.269305,1395676800000000000,2014-03-24T16:00:00Z,1621900.0,,23672eda-5d7c-4daa-9e3f-8831a357d783,OrderRole.Standalone,OrderType.Market,_default,,PositionEffect.Open,,1621900.0,False,,OrderSide.Buy,OrderStatus.Filled,002709.SZ,,TimeInForce.GTC,,,,1395763200000000000,2014-03-25T16:00:00Z
15.92591,107249.0594175,1395676800000000000,2014-03-24T16:00:00Z,2693700.0,,803ee780-9af7-4d59-8df8-958d69c49183,OrderRole.Standalone,OrderType.Market,_default,,PositionEffect.Open,,2693700.0,False,,OrderSide.Buy,OrderStatus.Filled,600066.SH,,TimeInForce.GTC,,,,1395763200000000000,2014-03-25T16:00:00Z
2.4024,106912.806,1395676800000000000,2014-03-24T16:00:00Z,17801000.0,,4af603b1-127d-4b68-b633-a5a4c4906fe0,OrderRole.Standalone,OrderType.Market,_default,,PositionEffect.Open,,17801000.0,False,,OrderSide.Buy,OrderStatus.Filled,601288.SH,,TimeInForce.GTC,,,,1395763200000000000,2014-03-25T16:00:00Z
2.47247,107347.8481075,1395676800000000000,2014-03-24T16:00:00Z,17366900.0,,97934b6d-fefa-486f-a899-c9eb8a07bc07,OrderRole.Standalone,OrderType.Market,_default,,PositionEffect.Open,,17366900.0,False,,OrderSide.Buy,OrderStatus.Filled,601390.SH,,TimeInForce.GTC,,,,1395763200000000000,2014-03-25T16:00:00Z
1.7017,107545.7383,1395676800000000000,2014-03-24T16:00:00Z,25279600.0,,04e43d30-c0cb-4424-9a22-d9e42741b640,OrderRole.Standalone,OrderType.Market,_default,,PositionEffect.Open,,25279600.0,False,,OrderSide.Buy,OrderStatus.Filled,601618.SH,,TimeInForce.GTC,,,,1395763200000000000,2014-03-25T16:00:00Z
2.45245,107351.09385,1395676800000000000,2014-03-24T16:00:00Z,17509200.0,,cb552262-c54e-41a6-a955-c455048aca77,OrderRole.Standalone,OrderType.Market,_default,,PositionEffect.Open,,17509200.0,False,,OrderSide.Buy,OrderStatus.Filled,601818.SH,,TimeInForce.GTC,,,,1395763200000000000,2014-03-25T16:00:00Z
15.00498,105781.357755,1398182400000000000,2014-04-22T16:00:00Z,2819900.0,,1ede5260-0b22-4a04-8f22-d28bdd7dc079,OrderRole.Standalone,OrderType.Market,_default,,PositionEffect.Close,,2819900.0,False,,OrderSide.Sell,OrderStatus.Filled,002028.SZ,,TimeInForce.GTC,,,,1398268800000000000,2014-04-23T16:00:00Z
29.30067,123348.4955325,1398182400000000000,2014-04-22T16:00:00Z,1683900.0,,34090a1f-e361-454d-b183-6f46747e0d8c,OrderRole.Standalone,OrderType.Market,_default,,PositionEffect.Close,,1683900.0,False,,OrderSide.Sell,OrderStatus.Filled,002241.SZ,,TimeInForce.GTC,,,,1398268800000000000,2014-04-23T16:00:00Z
,0.0,1398182400000000000,2014-04-22T16:00:00Z,0.0,,53c4405e-0e18-438d-9a1c-456f44c38e28,OrderRole.Standalone,OrderType.Market,_default,,PositionEffect.Close,,185400.0,False,"Risk: Insufficient available position for 002304.SZ at execution. Available: 185399.99999999999313882170774, Required: 185400",OrderSide.Sell,OrderStatus.Rejected,002304.SZ,,TimeInForce.GTC,,,,1398268800000000000,2014-04-23T16:00:00Z
19.99998,113924.886075,1398182400000000000,2014-04-22T16:00:00Z,2278500.0,,02f38cbc-a2df-423a-9a94-2f3f521fd915,OrderRole.Standalone,OrderType.Market,_default,,PositionEffect.Close,,2278500.0,False,,OrderSide.Sell,OrderStatus.Filled,002371.SZ,,TimeInForce.GTC,,,,1398268800000000000,2014-04-23T16:00:00Z
19.1808,114830.6544,1398182400000000000,2014-04-22T16:00:00Z,2394700.0,,bcc6c429-ae94-4131-a137-a8a51f228ee4,OrderRole.Standalone,OrderType.Market,_default,,PositionEffect.Close,,2394700.0,False,,OrderSide.Sell,OrderStatus.Filled,002415.SZ,,TimeInForce.GTC,,,,1398268800000000000,2014-04-23T16:00:00Z
25.53444,103535.77059,1398182400000000000,2014-04-22T16:00:00Z,1621900.0,,bb215ca5-ae3f-4383-8ae5-d35acec9509e,OrderRole.Standalone,OrderType.Market,_default,,PositionEffect.Close,,1621900.0,False,,OrderSide.Sell,OrderStatus.Filled,002709.SZ,,TimeInForce.GTC,,,,1398268800000000000,2014-04-23T16:00:00Z
2.40759,107143.773975,1398182400000000000,2014-04-22T16:00:00Z,17801000.0,,07625944-5a77-4cfc-8bd1-df7517744189,OrderRole.Standalone,OrderType.Market,_default,,PositionEffect.Close,,17801000.0,False,,OrderSide.Sell,OrderStatus.Filled,601288.SH,,TimeInForce.GTC,,,,1398268800000000000,2014-04-23T16:00:00Z
2.52747,109735.7968575,1398182400000000000,2014-04-22T16:00:00Z,17366900.0,,0d33554b-0137-4e3b-a187-78bafeefd81e,OrderRole.Standalone,OrderType.Market,_default,,PositionEffect.Close,,17366900.0,False,,OrderSide.Sell,OrderStatus.Filled,601390.SH,,TimeInForce.GTC,,,,1398268800000000000,2014-04-23T16:00:00Z
1.67832,106068.14568,1398182400000000000,2014-04-22T16:00:00Z,25279600.0,,c47295f8-94a2-4055-83dd-1db6d403c7b5,OrderRole.Standalone,OrderType.Market,_default,,PositionEffect.Close,,25279600.0,False,,OrderSide.Sell,OrderStatus.Filled,601618.SH,,TimeInForce.GTC,,,,1398268800000000000,2014-04-23T16:00:00Z
2.46753,108011.19069,1398182400000000000,2014-04-22T16:00:00Z,17509200.0,,f18f05bc-0965-42d2-a08e-7847467ee126,OrderRole.Standalone,OrderType.Market,_default,,PositionEffect.Close,,17509200.0,False,,OrderSide.Sell,OrderStatus.Filled,601818.SH,,TimeInForce.GTC,,,,1398268800000000000,2014-04-23T16:00:00Z
,0.0,1398182400000000000,2014-04-22T16:00:00Z,0.0,,8894cd7c-b7a0-44dd-a27f-f4536879718d,OrderRole.Standalone,OrderType.Market,_default,,PositionEffect.Close,,2693700.0,False,"Symbol 600066.SH not tradable (zero volume, suspension) at execution timestamp 1398268800000000000",OrderSide.Sell,OrderStatus.Rejected,600066.SH,,TimeInForce.GTC,,,,1398268800000000000,2014-04-23T16:00:00Z
11.43142,111324.88367,1398182400000000000,2014-04-22T16:00:00Z,3895400.0,,3e3ffe22-1be1-408b-8d9c-ea5ab365a3e0,OrderRole.Standalone,OrderType.Market,_default,,PositionEffect.Open,,3895400.0,False,,OrderSide.Buy,OrderStatus.Filled,000001.SZ,,TimeInForce.GTC,,,,1398268800000000000,2014-04-23T16:00:00Z
7.83783,110578.0650975,1398182400000000000,2014-04-22T16:00:00Z,5643300.0,,f200dc2e-3dc0-44ae-9148-f3e82fdc4fb3,OrderRole.Standalone,OrderType.Market,_default,,PositionEffect.Open,,5643300.0,False,,OrderSide.Buy,OrderStatus.Filled,000002.SZ,,TimeInForce.GTC,,,,1398268800000000000,2014-04-23T16:00:00Z
17.22721,109961.28143,1398182400000000000,2014-04-22T16:00:00Z,2553200.0,,60ede999-9d57-4c95-94d8-f6ab6b1108e7,OrderRole.Standalone,OrderType.Market,_default,,PositionEffect.Open,,2553200.0,False,,OrderSide.Buy,OrderStatus.Filled,000338.SZ,,TimeInForce.GTC,,,,1398268800000000000,2014-04-23T16:00:00Z
48.5485,109925.941125,1398182400000000000,2014-04-22T16:00:00Z,905700.0,,1077897e-a993-4968-90ee-1c6e8e10518f,OrderRole.Standalone,OrderType.Market,_default,,PositionEffect.Open,,905700.0,False,,OrderSide.Buy,OrderStatus.Filled,000977.SZ,,TimeInForce.GTC,,,,1398268800000000000,2014-04-23T16:00:00Z
62.44238,109929.80999,1398182400000000000,2014-04-22T16:00:00Z,704200.0,,21c816a3-73f6-4209-a97a-93f332a20e5d,OrderRole.Standalone,OrderType.Market,_default,,PositionEffect.Open,,704200.0,False,,OrderSide.Buy,OrderStatus.Filled,002252.SZ,,TimeInForce.GTC,,,,1398268800000000000,2014-04-23T16:00:00Z
10.6106,109636.67715,1398182400000000000,2014-04-22T16:00:00Z,4133100.0,,5d0f4d81-db99-46bb-8e3c-ccc106e8728a,OrderRole.Standalone,OrderType.Market,_default,,PositionEffect.Open,,4133100.0,False,,OrderSide.Buy,OrderStatus.Filled,002311.SZ,,TimeInForce.GTC,,,,1398268800000000000,2014-04-23T16:00:00Z
40.2402,110147.48745,1398182400000000000,2014-04-22T16:00:00Z,1094900.0,,0710184b-587a-4585-a514-33d79deccb52,OrderRole.Standalone,OrderType.Market,_default,,PositionEffect.Open,,1094900.0,False,,OrderSide.Buy,OrderStatus.Filled,002475.SZ,,TimeInForce.GTC,,,,1398268800000000000,2014-04-23T16:00:00Z
11.38137,109576.9850175,1398182400000000000,2014-04-22T16:00:00Z,3851100.0,,c7508261-be79-4a30-abd8-487d05a251b6,OrderRole.Standalone,OrderType.Market,_default,,PositionEffect.Open,,3851100.0,False,,OrderSide.Buy,OrderStatus.Filled,600030.SH,,TimeInForce.GTC,,,,1398268800000000000,2014-04-23T16:00:00Z
10.29028,110368.39814,1398182400000000000,2014-04-22T16:00:00Z,4290200.0,,f985eae4-9731-49b0-aba8-e545d0bcc64e,OrderRole.Standalone,OrderType.Market,_default,,PositionEffect.Open,,4290200.0,False,,OrderSide.Buy,OrderStatus.Filled,601166.SH,,TimeInForce.GTC,,,,1398268800000000000,2014-04-23T16:00:00Z
,0.0,1398182400000000000,2014-04-22T16:00:00Z,0.0,,ef266c62-9416-4cd2-8efa-4c89d9d0a975,OrderRole.Standalone,OrderType.Market,_default,,PositionEffect.Open,,1129500.0,False,"Risk: Insufficient margin at execution. Required: 44193452.31551250000000000000, Available: 33811263.09326948676560637454",OrderSide.Buy,OrderStatus.Rejected,601318.SH,,TimeInForce.GTC,,,,1398268800000000000,2014-04-23T16:00:00Z
11.63835,113340.071475,1400774400000000000,2014-05-22T16:00:00Z,3895400.0,,4ab62481-4b40-40a6-98c7-87adc37e934c,OrderRole.Standalone,OrderType.Market,_default,,PositionEffect.Close,,3895400.0,False,,OrderSide.Sell,OrderStatus.Filled,000001.SZ,,TimeInForce.GTC,,,,1401033600000000000,2014-05-25T16:00:00Z
8.1918,115571.96235,1400774400000000000,2014-05-22T16:00:00Z,5643300.0,,b986a585-5951-4bc6-b08f-6ca99b7424cf,OrderRole.Standalone,OrderType.Market,_default,,PositionEffect.Close,,5643300.0,False,,OrderSide.Sell,OrderStatus.Filled,000002.SZ,,TimeInForce.GTC,,,,1401033600000000000,2014-05-25T16:00:00Z
17.56242,112100.92686,1400774400000000000,2014-05-22T16:00:00Z,2553200.0,,adcc2585-4cab-479a-a315-faba8c9787b7,OrderRole.Standalone,OrderType.Market,_default,,PositionEffect.Close,,2553200.0,False,,OrderSide.Sell,OrderStatus.Filled,000338.SZ,,TimeInForce.GTC,,,,1401033600000000000,2014-05-25T16:00:00Z
29.21076,132280.92666,1400774400000000000,2014-05-22T16:00:00Z,1811400.0,,a3f5aed2-9cf0-43a4-aeb3-72d3656205f2,OrderRole.Standalone,OrderType.Market,_default,,PositionEffect.Close,,1811400.0,False,,OrderSide.Sell,OrderStatus.Filled,000977.SZ,,TimeInForce.GTC,,,,1401033600000000000,2014-05-25T16:00:00Z
,0.0,1400774400000000000,2014-05-22T16:00:00Z,0.0,,fa962866-28cc-41c0-90e4-67ea67a1f18d,OrderRole.Standalone,OrderType.Market,_default,,PositionEffect.Close,,185400.0,False,"Risk: Insufficient available position for 002304.SZ at execution. Available: 185399.99999999999313882170774, Required: 185400",OrderSide.Sell,OrderStatus.Rejected,002304.SZ,,TimeInForce.GTC,,,,1401033600000000000,2014-05-25T16:00:00Z
9.6903,100127.447325,1400774400000000000,2014-05-22T16:00:00Z,4133100.0,,40b026d8-feef-48e2-a273-2a9cbdfac375,OrderRole.Standalone,OrderType.Market,_default,,PositionEffect.Close,,4133100.0,False,,OrderSide.Sell,OrderStatus.Filled,002311.SZ,,TimeInForce.GTC,,,,1401033600000000000,2014-05-25T16:00:00Z
29.97,114845.04,1400774400000000000,2014-05-22T16:00:00Z,1532800.0,,d4df97a4-302d-4512-8e5e-a9997f38f882,OrderRole.Standalone,OrderType.Market,_default,,PositionEffect.Close,,1532800.0,False,,OrderSide.Sell,OrderStatus.Filled,002475.SZ,,TimeInForce.GTC,,,,1401033600000000000,2014-05-25T16:00:00Z
11.43855,110127.4997625,1400774400000000000,2014-05-22T16:00:00Z,3851100.0,,0fd5fd3e-acc4-48ef-adca-54dd7e79dbf4,OrderRole.Standalone,OrderType.Market,_default,,PositionEffect.Close,,3851100.0,False,,OrderSide.Sell,OrderStatus.Filled,600030.SH,,TimeInForce.GTC,,,,1401033600000000000,2014-05-25T16:00:00Z
5.0949,1.273725,1400774400000000000,2014-05-22T16:00:00Z,100.0,,d8e77a94-9ff5-4312-8d15-b871f16b3191,OrderRole.Standalone,OrderType.Market,_default,,PositionEffect.Close,,100.0,False,,OrderSide.Sell,OrderStatus.Filled,600048.SH,,TimeInForce.GTC,,,,1401033600000000000,2014-05-25T16:00:00Z
15.33465,103267.3667625,1400774400000000000,2014-05-22T16:00:00Z,2693700.0,,5d9d81a9-3a91-4a56-90de-0b5a145e56bd,OrderRole.Standalone,OrderType.Market,_default,,PositionEffect.Close,,2693700.0,False,,OrderSide.Sell,OrderStatus.Filled,600066.SH,,TimeInForce.GTC,,,,1401033600000000000,2014-05-25T16:00:00Z
9.96003,106826.301765,1400774400000000000,2014-05-22T16:00:00Z,4290200.0,,b2c1b853-329a-4674-8a94-45c63abd759e,OrderRole.Standalone,OrderType.Market,_default,,PositionEffect.Close,,4290200.0,False,,OrderSide.Sell,OrderStatus.Filled,601166.SH,,TimeInForce.GTC,,,,1401033600000000000,2014-05-25T16:00:00Z
,0.0,1400774400000000000,2014-05-22T16:00:00Z,0.0,,be9be55a-44a0-4724-ad0f-3ddfe235fbaf,OrderRole.Standalone,OrderType.Market,_default,,PositionEffect.Close,,7400.0,False,"Symbol 002252.SZ not tradable (zero volume, suspension) at execution timestamp 1401033600000000000",OrderSide.Sell,OrderStatus.Rejected,002252.SZ,,TimeInForce.GTC,,,,1401033600000000000,2014-05-25T16:00:00Z
10.59058,110570.95049,1400774400000000000,2014-05-22T16:00:00Z,4176200.0,,53e82686-f297-4783-9e3c-d0aca6bbd7bb,OrderRole.Standalone,OrderType.Market,_default,,PositionEffect.Open,,4176200.0,False,,OrderSide.Buy,OrderStatus.Filled,000733.SZ,,TimeInForce.GTC,,,,1401033600000000000,2014-05-25T16:00:00Z
24.90488,112806.65396,1400774400000000000,2014-05-22T16:00:00Z,1811800.0,,54e811f6-cacf-40de-b5c9-386b9f7f355a,OrderRole.Standalone,OrderType.Market,_default,,PositionEffect.Open,,1811800.0,False,,OrderSide.Buy,OrderStatus.Filled,000938.SZ,,TimeInForce.GTC,,,,1401033600000000000,2014-05-25T16:00:00Z
13.1131,110530.3199,1400774400000000000,2014-05-22T16:00:00Z,3371600.0,,06221763-f7af-482a-b426-8ecea44ffa51,OrderRole.Standalone,OrderType.Market,_default,,PositionEffect.Open,,3371600.0,False,,OrderSide.Buy,OrderStatus.Filled,002180.SZ,,TimeInForce.GTC,,,,1401033600000000000,2014-05-25T16:00:00Z
19.33932,110591.90142,1400774400000000000,2014-05-22T16:00:00Z,2287400.0,,6783a667-3c6a-4e17-b1c7-4ea85b5182ae,OrderRole.Standalone,OrderType.Market,_default,,PositionEffect.Open,,2287400.0,False,,OrderSide.Buy,OrderStatus.Filled,002602.SZ,,TimeInForce.GTC,,,,1401033600000000000,2014-05-25T16:00:00Z
26.30628,113202.49941,1400774400000000000,2014-05-22T16:00:00Z,1721300.0,,0e84c7a1-97d9-438a-a57a-d79f2dafd3b0,OrderRole.Standalone,OrderType.Market,_default,,PositionEffect.Open,,1721300.0,False,,OrderSide.Buy,OrderStatus.Filled,002709.SZ,,TimeInForce.GTC,,,,1401033600000000000,2014-05-25T16:00:00Z
27.40738,110965.629775,1400774400000000000,2014-05-22T16:00:00Z,1619500.0,,565347c4-0199-4f1d-8fae-55e4e105704b,OrderRole.Standalone,OrderType.Market,_default,,PositionEffect.Open,,1619500.0,False,,OrderSide.Buy,OrderStatus.Filled,300223.SZ,,TimeInForce.GTC,,,,1401033600000000000,2014-05-25T16:00:00Z
24.13411,110359.2515025,1400774400000000000,2014-05-22T16:00:00Z,1829100.0,,dce698c5-0e62-4d64-8362-4bb2383778ce,OrderRole.Standalone,OrderType.Market,_default,,PositionEffect.Open,,1829100.0,False,,OrderSide.Buy,OrderStatus.Filled,300316.SZ,,TimeInForce.GTC,,,,1401033600000000000,2014-05-25T16:00:00Z
27.4274,109922.16235,1400774400000000000,2014-05-22T16:00:00Z,1603100.0,,ef92d761-2b83-4545-b400-8a9eafb20950,OrderRole.Standalone,OrderType.Market,_default,,PositionEffect.Open,,1603100.0,False,,OrderSide.Buy,OrderStatus.Filled,600570.SH,,TimeInForce.GTC,,,,1401033600000000000,2014-05-25T16:00:00Z
14.1141,110520.46005,1400774400000000000,2014-05-22T16:00:00Z,3132200.0,,c3a64e90-ef94-4ea7-a121-866863551041,OrderRole.Standalone,OrderType.Market,_default,,PositionEffect.Open,,3132200.0,False,,OrderSide.Buy,OrderStatus.Filled,600588.SH,,TimeInForce.GTC,,,,1401033600000000000,2014-05-25T16:00:00Z
,0.0,1401033600000000000,2014-05-25T16:00:00Z,0.0,,ae145a6f-c9ef-432d-b4e0-e4580bfb85b9,OrderRole.Standalone,OrderType.Market,_default,,PositionEffect.Close,,704200.0,False,"Symbol 002252.SZ not tradable (zero volume, suspension) at execution timestamp 1401120000000000000",OrderSide.Sell,OrderStatus.Rejected,002252.SZ,,TimeInForce.GTC,,,,1401120000000000000,2014-05-26T16:00:00Z
12.03795,125682.216975,1403452800000000000,2014-06-22T16:00:00Z,4176200.0,,631540ed-a60d-4879-8b12-f9908de021db,OrderRole.Standalone,OrderType.Market,_default,,PositionEffect.Close,,4176200.0,False,,OrderSide.Sell,OrderStatus.Filled,000733.SZ,,TimeInForce.GTC,,,,1403539200000000000,2014-06-23T16:00:00Z
17.23275,145254.84975,1403452800000000000,2014-06-22T16:00:00Z,3371600.0,,8be41444-db07-4e5c-88bc-b6510a6988d9,OrderRole.Standalone,OrderType.Market,_default,,PositionEffect.Close,,3371600.0,False,,OrderSide.Sell,OrderStatus.Filled,002180.SZ,,TimeInForce.GTC,,,,1403539200000000000,2014-06-23T16:00:00Z
,0.0,1403452800000000000,2014-06-22T16:00:00Z,0.0,,36f049be-ff11-45d9-ab0f-d57829cf8f96,OrderRole.Standalone,OrderType.Market,_default,,PositionEffect.Close,,185400.0,False,"Risk: Insufficient available position for 002304.SZ at execution. Available: 185399.99999999999313882170774, Required: 185400",OrderSide.Sell,OrderStatus.Rejected,002304.SZ,,TimeInForce.GTC,,,,1403539200000000000,2014-06-23T16:00:00Z
24.55542,140420.16927,1403452800000000000,2014-06-22T16:00:00Z,2287400.0,,c9ea3cb3-00bd-4035-a843-ea98b2ea09f9,OrderRole.Standalone,OrderType.Market,_default,,PositionEffect.Close,,2287400.0,False,,OrderSide.Sell,OrderStatus.Filled,002602.SZ,,TimeInForce.GTC,,,,1403539200000000000,2014-06-23T16:00:00Z
29.1708,125529.2451,1403452800000000000,2014-06-22T16:00:00Z,1721300.0,,d87c83ce-8b3c-4232-ae85-ad181b8d6dc0,OrderRole.Standalone,OrderType.Market,_default,,PositionEffect.Close,,1721300.0,False,,OrderSide.Sell,OrderStatus.Filled,002709.SZ,,TimeInForce.GTC,,,,1403539200000000000,2014-06-23T16:00:00Z
31.35861,126963.1722375,1403452800000000000,2014-06-22T16:00:00Z,1619500.0,,5ca67f4b-778e-46f6-96bb-71f790c28ce2,OrderRole.Standalone,OrderType.Market,_default,,PositionEffect.Close,,1619500.0,False,,OrderSide.Sell,OrderStatus.Filled,300223.SZ,,TimeInForce.GTC,,,,1403539200000000000,2014-06-23T16:00:00Z
18.19179,124777.48761,1403452800000000000,2014-06-22T16:00:00Z,2743600.0,,a66aa396-4264-44a6-b469-41a3b177af2b,OrderRole.Standalone,OrderType.Market,_default,,PositionEffect.Close,,2743600.0,False,,OrderSide.Sell,OrderStatus.Filled,300316.SZ,,TimeInForce.GTC,,,,1403539200000000000,2014-06-23T16:00:00Z
28.85112,115628.07618,1403452800000000000,2014-06-22T16:00:00Z,1603100.0,,527cfd9a-1a50-42ee-9444-5b89ce65d8eb,OrderRole.Standalone,OrderType.Market,_default,,PositionEffect.Close,,1603100.0,False,,OrderSide.Sell,OrderStatus.Filled,600570.SH,,TimeInForce.GTC,,,,1403539200000000000,2014-06-23T16:00:00Z
13.0869,102476.97045,1403452800000000000,2014-06-22T16:00:00Z,3132200.0,,4950cc71-1748-4b07-aaa5-e1ed533d0af2,OrderRole.Standalone,OrderType.Market,_default,,PositionEffect.Close,,3132200.0,False,,OrderSide.Sell,OrderStatus.Filled,600588.SH,,TimeInForce.GTC,,,,1403539200000000000,2014-06-23T16:00:00Z
,0.0,1403452800000000000,2014-06-22T16:00:00Z,0.0,,a8a2cf6a-8dae-46e3-a58a-a922a0ef3ec4,OrderRole.Standalone,OrderType.Market,_default,,PositionEffect.Close,,1811800.0,False,"Symbol 000938.SZ not tradable (zero volume, suspension) at execution timestamp 1403539200000000000",OrderSide.Sell,OrderStatus.Rejected,000938.SZ,,TimeInForce.GTC,,,,1403539200000000000,2014-06-23T16:00:00Z
,0.0,1403452800000000000,2014-06-22T16:00:00Z,0.0,,34072d0a-ac9b-44d1-893a-3938af518167,OrderRole.Standalone,OrderType.Market,_default,,PositionEffect.Close,,704200.0,False,"Symbol 002252.SZ not tradable (zero volume, suspension) at execution timestamp 1403539200000000000",OrderSide.Sell,OrderStatus.Rejected,002252.SZ,,TimeInForce.GTC,,,,1403539200000000000,2014-06-23T16:00:00Z
7.8078,123138.76575,1403452800000000000,2014-06-22T16:00:00Z,6308500.0,,0af9449b-0afc-472c-8aba-d6c705ff904e,OrderRole.Standalone,OrderType.Market,_default,,PositionEffect.Open,,6308500.0,False,,OrderSide.Buy,OrderStatus.Filled,601788.SH,,TimeInForce.GTC,,,,1403539200000000000,2014-06-23T16:00:00Z
15.82581,122748.9388125,1403452800000000000,2014-06-22T16:00:00Z,3102500.0,,2ee64c5b-f6ab-4d0e-a963-c638b9896f3a,OrderRole.Standalone,OrderType.Market,_default,,PositionEffect.Open,,3102500.0,False,,OrderSide.Buy,OrderStatus.Filled,601799.SH,,TimeInForce.GTC,,,,1403539200000000000,2014-06-23T16:00:00Z
3.68368,122982.41956,1403452800000000000,2014-06-22T16:00:00Z,13354300.0,,466f44d4-dee2-44ee-90b0-ee0302113d23,OrderRole.Standalone,OrderType.Market,_default,,PositionEffect.Open,,13354300.0,False,,OrderSide.Buy,OrderStatus.Filled,601800.SH,,TimeInForce.GTC,,,,1403539200000000000,2014-06-23T16:00:00Z
2.51251,122982.33948,1403452800000000000,2014-06-22T16:00:00Z,19579200.0,,5faceb86-9b10-4c43-8c77-ee9bd8211bbf,OrderRole.Standalone,OrderType.Market,_default,,PositionEffect.Open,,19579200.0,False,,OrderSide.Buy,OrderStatus.Filled,601818.SH,,TimeInForce.GTC,,,,1403539200000000000,2014-06-23T16:00:00Z
3.99399,122981.9415825,1403452800000000000,2014-06-22T16:00:00Z,12316700.0,,a3e2d9aa-4cd4-4841-9e47-df79ecebe7b5,OrderRole.Standalone,OrderType.Market,_default,,PositionEffect.Open,,12316700.0,False,,OrderSide.Buy,OrderStatus.Filled,601898.SH,,TimeInForce.GTC,,,,1403539200000000000,2014-06-23T16:00:00Z
2.16216,122415.55326,1403452800000000000,2014-06-22T16:00:00Z,22646900.0,,cfcc777f-ee70-41f6-9a20-b094cdf7efba,OrderRole.Standalone,OrderType.Market,_default,,PositionEffect.Open,,22646900.0,False,,OrderSide.Buy,OrderStatus.Filled,601899.SH,,TimeInForce.GTC,,,,1403539200000000000,2014-06-23T16:00:00Z
5.33533,122982.024165,1403452800000000000,2014-06-22T16:00:00Z,9220200.0,,d62bfd3e-83fa-4d1b-912b-11eedb63c8c6,OrderRole.Standalone,OrderType.Market,_default,,PositionEffect.Open,,9220200.0,False,,OrderSide.Buy,OrderStatus.Filled,601901.SH,,TimeInForce.GTC,,,,1403539200000000000,2014-06-23T16:00:00Z
2.95295,122982.2468875,1403452800000000000,2014-06-22T16:00:00Z,16658900.0,,dea40e89-a8f5-4fee-a8ec-d41ee56bb538,OrderRole.Standalone,OrderType.Market,_default,,PositionEffect.Open,,16658900.0,False,,OrderSide.Buy,OrderStatus.Filled,601919.SH,,TimeInForce.GTC,,,,1403539200000000000,2014-06-23T16:00:00Z
,0.0,1403452800000000000,2014-06-22T16:00:00Z,0.0,,64bcc0e7-0671-4e92-bd37-3ad8830197a8,OrderRole.Standalone,OrderType.Market,_default,,PositionEffect.Open,,11093400.0,False,"Risk: Insufficient margin at execution. Required: 49204565.48007000000000000000, Available: 48042686.09165698906072595781",OrderSide.Buy,OrderStatus.Rejected,601989.SH,,TimeInForce.GTC,,,,1403539200000000000,2014-06-23T16:00:00Z
,0.0,1403452800000000000,2014-06-22T16:00:00Z,0.0,,b1de5675-efbd-4364-ae5a-7bf2b3b16204,OrderRole.Standalone,OrderType.Market,_default,,PositionEffect.Open,,11563200.0,False,"Risk: Insufficient margin at execution. Required: 49315725.45900000000000000000, Available: 48042686.09165698906072595781",OrderSide.Buy,OrderStatus.Rejected,601998.SH,,TimeInForce.GTC,,,,1403539200000000000,2014-06-23T16:00:00Z
24.52545,111088.025775,1405872000000000000,2014-07-20T16:00:00Z,1811800.0,,7b2eb3be-44c0-4321-bd2a-897b8eeacb8f,OrderRole.Standalone,OrderType.Market,_default,,PositionEffect.Close,,1811800.0,False,,OrderSide.Sell,OrderStatus.Filled,000938.SZ,,TimeInForce.GTC,,,,1405958400000000000,2014-07-21T16:00:00Z
,0.0,1405872000000000000,2014-07-20T16:00:00Z,0.0,,07bafbb2-446b-4ae4-b166-a5cf692a87fc,OrderRole.Standalone,OrderType.Market,_default,,PositionEffect.Close,,185400.0,False,"Risk: Insufficient available position for 002304.SZ at execution. Available: 185399.99999999999313882170774, Required: 185400",OrderSide.Sell,OrderStatus.Rejected,002304.SZ,,TimeInForce.GTC,,,,1405958400000000000,2014-07-21T16:00:00Z
8.08191,127461.8230875,1405872000000000000,2014-07-20T16:00:00Z,6308500.0,,a28eb04b-509c-4821-a822-64f6ca0f15be,OrderRole.Standalone,OrderType.Market,_default,,PositionEffect.Close,,6308500.0,False,,OrderSide.Sell,OrderStatus.Filled,601788.SH,,TimeInForce.GTC,,,,1405958400000000000,2014-07-21T16:00:00Z
16.80318,130329.664875,1405872000000000000,2014-07-20T16:00:00Z,3102500.0,,fd16a517-675f-4c82-995e-c26ba7996e2f,OrderRole.Standalone,OrderType.Market,_default,,PositionEffect.Close,,3102500.0,False,,OrderSide.Sell,OrderStatus.Filled,601799.SH,,TimeInForce.GTC,,,,1405958400000000000,2014-07-21T16:00:00Z
3.68631,123070.2240825,1405872000000000000,2014-07-20T16:00:00Z,13354300.0,,0aa54486-fe14-406a-8857-6787314b4d9a,OrderRole.Standalone,OrderType.Market,_default,,PositionEffect.Close,,13354300.0,False,,OrderSide.Sell,OrderStatus.Filled,601800.SH,,TimeInForce.GTC,,,,1405958400000000000,2014-07-21T16:00:00Z
2.3976,117357.7248,1405872000000000000,2014-07-20T16:00:00Z,19579200.0,,05f930b5-4666-448c-8ae7-d50e71e39ebc,OrderRole.Standalone,OrderType.Market,_default,,PositionEffect.Close,,19579200.0,False,,OrderSide.Sell,OrderStatus.Filled,601818.SH,,TimeInForce.GTC,,,,1405958400000000000,2014-07-21T16:00:00Z
3.98601,122736.2234175,1405872000000000000,2014-07-20T16:00:00Z,12316700.0,,52259101-d135-4f09-b79b-caf298e62659,OrderRole.Standalone,OrderType.Market,_default,,PositionEffect.Close,,12316700.0,False,,OrderSide.Sell,OrderStatus.Filled,601898.SH,,TimeInForce.GTC,,,,1405958400000000000,2014-07-21T16:00:00Z
2.12787,120474.1477575,1405872000000000000,2014-07-20T16:00:00Z,22646900.0,,b829335b-900f-4aa4-93d6-78068805d02a,OrderRole.Standalone,OrderType.Market,_default,,PositionEffect.Close,,22646900.0,False,,OrderSide.Sell,OrderStatus.Filled,601899.SH,,TimeInForce.GTC,,,,1405958400000000000,2014-07-21T16:00:00Z
5.40459,124578.501795,1405872000000000000,2014-07-20T16:00:00Z,9220200.0,,2db440d9-ed7d-43fc-bc8e-8dec6df66cce,OrderRole.Standalone,OrderType.Market,_default,,PositionEffect.Close,,9220200.0,False,,OrderSide.Sell,OrderStatus.Filled,601901.SH,,TimeInForce.GTC,,,,1405958400000000000,2014-07-21T16:00:00Z
3.13686,130641.592635,1405872000000000000,2014-07-20T16:00:00Z,16658900.0,,07d900ec-8751-4f87-b02c-dc8279e11275,OrderRole.Standalone,OrderType.Market,_default,,PositionEffect.Close,,16658900.0,False,,OrderSide.Sell,OrderStatus.Filled,601919.SH,,TimeInForce.GTC,,,,1405958400000000000,2014-07-21T16:00:00Z
,0.0,1405872000000000000,2014-07-20T16:00:00Z,0.0,,7ea1cb64-3beb-4e4a-ba1a-8f9d74a95666,OrderRole.Standalone,OrderType.Market,_default,,PositionEffect.Close,,704200.0,False,"Symbol 002252.SZ not tradable (zero volume, suspension) at execution timestamp 1405958400000000000",OrderSide.Sell,OrderStatus.Rejected,002252.SZ,,TimeInForce.GTC,,,,1405958400000000000,2014-07-21T16:00:00Z
9.53953,124929.68488,1405872000000000000,2014-07-20T16:00:00Z,5238400.0,,f5057fe3-fa6c-4914-a5f8-1b4995b306c0,OrderRole.Standalone,OrderType.Market,_default,,PositionEffect.Open,,5238400.0,False,,OrderSide.Buy,OrderStatus.Filled,000001.SZ,,TimeInForce.GTC,,,,1405958400000000000,2014-07-21T16:00:00Z
19.12911,125190.460395,1405872000000000000,2014-07-20T16:00:00Z,2617800.0,,0a57b3bf-ad36-4b63-97f0-2273daa46c8f,OrderRole.Standalone,OrderType.Market,_default,,PositionEffect.Open,,2617800.0,False,,OrderSide.Buy,OrderStatus.Filled,002180.SZ,,TimeInForce.GTC,,,,1405958400000000000,2014-07-21T16:00:00Z
26.3263,125523.7984,1405872000000000000,2014-07-20T16:00:00Z,1907200.0,,3df43b07-fa13-4f68-bdb6-77e48b7eb275,OrderRole.Standalone,OrderType.Market,_default,,PositionEffect.Open,,1907200.0,False,,OrderSide.Buy,OrderStatus.Filled,002410.SZ,,TimeInForce.GTC,,,,1405958400000000000,2014-07-21T16:00:00Z
44.26422,125079.619665,1405872000000000000,2014-07-20T16:00:00Z,1130300.0,,a5dafaa3-7ebc-4a58-9fac-b235455f4f8e,OrderRole.Standalone,OrderType.Market,_default,,PositionEffect.Open,,1130300.0,False,,OrderSide.Buy,OrderStatus.Filled,002555.SZ,,TimeInForce.GTC,,,,1405958400000000000,2014-07-21T16:00:00Z
19.89988,123946.40258,1405872000000000000,2014-07-20T16:00:00Z,2491400.0,,9117bbaf-1277-4e1e-b60e-c14bf761c885,OrderRole.Standalone,OrderType.Market,_default,,PositionEffect.Open,,2491400.0,False,,OrderSide.Buy,OrderStatus.Filled,002602.SZ,,TimeInForce.GTC,,,,1405958400000000000,2014-07-21T16:00:00Z
16.46645,124963.88905,1405872000000000000,2014-07-20T16:00:00Z,3035600.0,,655d6657-59f6-4253-ae13-97c6c81038c0,OrderRole.Standalone,OrderType.Market,_default,,PositionEffect.Open,,3035600.0,False,,OrderSide.Buy,OrderStatus.Filled,300014.SZ,,TimeInForce.GTC,,,,1405958400000000000,2014-07-21T16:00:00Z
10.35034,125192.53747,1405872000000000000,2014-07-20T16:00:00Z,4838200.0,,56db79ee-97ae-4c7c-ab0d-41b29486e0ec,OrderRole.Standalone,OrderType.Market,_default,,PositionEffect.Open,,4838200.0,False,,OrderSide.Buy,OrderStatus.Filled,300059.SZ,,TimeInForce.GTC,,,,1405958400000000000,2014-07-21T16:00:00Z
26.21619,125863.92819,1405872000000000000,2014-07-20T16:00:00Z,1920400.0,,8eb09619-84b7-4448-91bc-2cf4fcad61f1,OrderRole.Standalone,OrderType.Market,_default,,PositionEffect.Open,,1920400.0,False,,OrderSide.Buy,OrderStatus.Filled,300124.SZ,,TimeInForce.GTC,,,,1405958400000000000,2014-07-21T16:00:00Z
18.08807,124916.21142,1405872000000000000,2014-07-20T16:00:00Z,2762400.0,,89cd24f4-b921-4608-89d4-3b6134e4e4aa,OrderRole.Standalone,OrderType.Market,_default,,PositionEffect.Open,,2762400.0,False,,OrderSide.Buy,OrderStatus.Filled,300251.SZ,,TimeInForce.GTC,,,,1405958400000000000,2014-07-21T16:00:00Z
,0.0,1405872000000000000,2014-07-20T16:00:00Z,0.0,,546ee65b-acc4-4cbc-ba6a-edaae50c727e,OrderRole.Standalone,OrderType.Market,_default,,PositionEffect.Open,,1819100.0,False,"Risk: Insufficient margin at execution. Required: 49835369.15857500000000000000, Available: 46339433.10138198860246282370",OrderSide.Buy,OrderStatus.Rejected,600570.SH,,TimeInForce.GTC,,,,1405958400000000000,2014-07-21T16:00:00Z
10.63935,139332.9276,1408291200000000000,2014-08-17T16:00:00Z,5238400.0,,05c4666f-131f-4de3-ba12-3299689d2465,OrderRole.Standalone,OrderType.Market,_default,,PositionEffect.Close,,5238400.0,False,,OrderSide.Sell,OrderStatus.Filled,000001.SZ,,TimeInForce.GTC,,,,1408377600000000000,2014-08-18T16:00:00Z
,0.0,1408291200000000000,2014-08-17T16:00:00Z,0.0,,4084b3df-b40f-4af2-903a-f4ee0827b025,OrderRole.Standalone,OrderType.Market,_default,,PositionEffect.Close,,185400.0,False,"Risk: Insufficient available position for 002304.SZ at execution. Available: 185399.99999999999313882170774, Required: 185400",OrderSide.Sell,OrderStatus.Rejected,002304.SZ,,TimeInForce.GTC,,,,1408377600000000000,2014-08-18T16:00:00Z
28.28169,134847.09792,1408291200000000000,2014-08-17T16:00:00Z,1907200.0,,e8e451d0-0a6a-453b-9247-ee5835f8bd38,OrderRole.Standalone,OrderType.Market,_default,,PositionEffect.Close,,1907200.0,False,,OrderSide.Sell,OrderStatus.Filled,002410.SZ,,TimeInForce.GTC,,,,1408377600000000000,2014-08-18T16:00:00Z
22.66731,141183.340335,1408291200000000000,2014-08-17T16:00:00Z,2491400.0,,721cda9b-ad0e-4c75-8271-e230fbbba689,OrderRole.Standalone,OrderType.Market,_default,,PositionEffect.Close,,2491400.0,False,,OrderSide.Sell,OrderStatus.Filled,002602.SZ,,TimeInForce.GTC,,,,1408377600000000000,2014-08-18T16:00:00Z
18.26172,138588.19308,1408291200000000000,2014-08-17T16:00:00Z,3035600.0,,75cd28f5-fe3c-494b-b814-0a91296c2af9,OrderRole.Standalone,OrderType.Market,_default,,PositionEffect.Close,,3035600.0,False,,OrderSide.Sell,OrderStatus.Filled,300014.SZ,,TimeInForce.GTC,,,,1408377600000000000,2014-08-18T16:00:00Z
11.988,145000.854,1408291200000000000,2014-08-17T16:00:00Z,4838200.0,,aeda2b3a-f4df-4049-9f31-199c1fa7ad59,OrderRole.Standalone,OrderType.Market,_default,,PositionEffect.Close,,4838200.0,False,,OrderSide.Sell,OrderStatus.Filled,300059.SZ,,TimeInForce.GTC,,,,1408377600000000000,2014-08-18T16:00:00Z
29.30067,140672.51667,1408291200000000000,2014-08-17T16:00:00Z,1920400.0,,7f6e1b39-aeca-4a00-a249-104ac21fedda,OrderRole.Standalone,OrderType.Market,_default,,PositionEffect.Close,,1920400.0,False,,OrderSide.Sell,OrderStatus.Filled,300124.SZ,,TimeInForce.GTC,,,,1408377600000000000,2014-08-18T16:00:00Z
21.12885,145915.8381,1408291200000000000,2014-08-17T16:00:00Z,2762400.0,,4a10ebe3-3fb3-4b05-9638-03dbd7dda4b9,OrderRole.Standalone,OrderType.Market,_default,,PositionEffect.Close,,2762400.0,False,,OrderSide.Sell,OrderStatus.Filled,300251.SZ,,TimeInForce.GTC,,,,1408377600000000000,2014-08-18T16:00:00Z
,0.0,1408291200000000000,2014-08-17T16:00:00Z,0.0,,5948db86-dbc0-443e-9817-7b5775b65117,OrderRole.Standalone,OrderType.Market,_default,,PositionEffect.Close,,704200.0,False,"Symbol 002252.SZ not tradable (zero volume, suspension) at execution timestamp 1408377600000000000",OrderSide.Sell,OrderStatus.Rejected,002252.SZ,,TimeInForce.GTC,,,,1408377600000000000,2014-08-18T16:00:00Z
9.43943,135672.92739,1408291200000000000,2014-08-17T16:00:00Z,5749200.0,,24ff9b21-6bc5-4168-a786-0887328ec718,OrderRole.Standalone,OrderType.Market,_default,,PositionEffect.Open,,5749200.0,False,,OrderSide.Buy,OrderStatus.Filled,000002.SZ,,TimeInForce.GTC,,,,1408377600000000000,2014-08-18T16:00:00Z
12.40239,135719.35377,1408291200000000000,2014-08-17T16:00:00Z,4377200.0,,0f9e43e8-8d92-4f40-8508-1972a0b1b624,OrderRole.Standalone,OrderType.Market,_default,,PositionEffect.Open,,4377200.0,False,,OrderSide.Buy,OrderStatus.Filled,000768.SZ,,TimeInForce.GTC,,,,1408377600000000000,2014-08-18T16:00:00Z
4.97497,134683.6315825,1408291200000000000,2014-08-17T16:00:00Z,10828900.0,,261d6532-2997-4f1a-a03b-e7aff88d40c6,OrderRole.Standalone,OrderType.Market,_default,,PositionEffect.Open,,10828900.0,False,,OrderSide.Buy,OrderStatus.Filled,000807.SZ,,TimeInForce.GTC,,,,1408377600000000000,2014-08-18T16:00:00Z
9.77977,146662.320805,1408291200000000000,2014-08-17T16:00:00Z,5998600.0,,888f377c-67ea-47b7-8ef2-fca5d942909b,OrderRole.Standalone,OrderType.Market,_default,,PositionEffect.Open,,5998600.0,False,,OrderSide.Buy,OrderStatus.Filled,002625.SZ,,TimeInForce.GTC,,,,1408377600000000000,2014-08-18T16:00:00Z
22.27225,135866.2930625,1408291200000000000,2014-08-17T16:00:00Z,2440100.0,,07729cae-45f3-465f-82f7-e83b420daa3b,OrderRole.Standalone,OrderType.Market,_default,,PositionEffect.Open,,2440100.0,False,,OrderSide.Buy,OrderStatus.Filled,300033.SZ,,TimeInForce.GTC,,,,1408377600000000000,2014-08-18T16:00:00Z
9.41941,134810.59592,1408291200000000000,2014-08-17T16:00:00Z,5724800.0,,756ef20b-bb10-4f24-acdb-caeb5d1552ef,OrderRole.Standalone,OrderType.Market,_default,,PositionEffect.Open,,5724800.0,False,,OrderSide.Buy,OrderStatus.Filled,600346.SH,,TimeInForce.GTC,,,,1408377600000000000,2014-08-18T16:00:00Z
84.85477,135088.79384,1408291200000000000,2014-08-17T16:00:00Z,636800.0,,1f221321-6b82-4ea2-a7f4-c22d6754566b,OrderRole.Standalone,OrderType.Market,_default,,PositionEffect.Open,,636800.0,False,,OrderSide.Buy,OrderStatus.Filled,600436.SH,,TimeInForce.GTC,,,,1408377600000000000,2014-08-18T16:00:00Z
,0.0,1408291200000000000,2014-08-17T16:00:00Z,0.0,,a5c3e347-77da-4878-a548-9061266fc786,OrderRole.Standalone,OrderType.Market,_default,,PositionEffect.Open,,12145900.0,False,"Risk: Insufficient margin at execution. Required: 54116678.10549000000000000000, Available: 53365045.10069698860246282370",OrderSide.Buy,OrderStatus.Rejected,601998.SH,,TimeInForce.GTC,,,,1408377600000000000,2014-08-18T16:00:00Z
45.6456,3354.9516,1408291200000000000,2014-08-17T16:00:00Z,29400.0,,103c41af-6913-4742-82e4-27a6aba50e8e,OrderRole.Standalone,OrderType.Market,_default,,PositionEffect.Open,,29400.0,False,,OrderSide.Buy,OrderStatus.Filled,002555.SZ,,TimeInForce.GTC,,,,1408377600000000000,2014-08-18T16:00:00Z
20.43041,1246.25501,1408291200000000000,2014-08-17T16:00:00Z,24400.0,,23ec3633-a5fa-4436-b657-863f80f5616c,OrderRole.Standalone,OrderType.Market,_default,,PositionEffect.Open,,24400.0,False,,OrderSide.Buy,OrderStatus.Filled,002180.SZ,,TimeInForce.GTC,,,,1408377600000000000,2014-08-18T16:00:00Z
20.2797,133957.55835,1408377600000000000,2014-08-18T16:00:00Z,2642200.0,,d971f119-931a-4d97-a9fb-033785fa3255,OrderRole.Standalone,OrderType.Market,_default,,PositionEffect.Close,,2642200.0,False,,OrderSide.Sell,OrderStatus.Filled,002180.SZ,,TimeInForce.GTC,,,,1408464000000000000,2014-08-19T16:00:00Z
45.954,133232.1345,1408377600000000000,2014-08-18T16:00:00Z,1159700.0,,b890ddd9-9075-4cf3-8847-03842e0e9624,OrderRole.Standalone,OrderType.Market,_default,,PositionEffect.Close,,1159700.0,False,,OrderSide.Sell,OrderStatus.Filled,002555.SZ,,TimeInForce.GTC,,,,1408464000000000000,2014-08-19T16:00:00Z
9.26073,133104.47229,1410796800000000000,2014-09-15T16:00:00Z,5749200.0,,0f5e42dd-ca57-4fa5-9dd1-d44f4d8fb2fa,OrderRole.Standalone,OrderType.Market,_default,,PositionEffect.Close,,5749200.0,False,,OrderSide.Sell,OrderStatus.Filled,000002.SZ,,TimeInForce.GTC,,,,1410883200000000000,2014-09-16T16:00:00Z
14.8851,162887.6493,1410796800000000000,2014-09-15T16:00:00Z,4377200.0,,ca74b7df-113c-45bd-9623-be90fac75cb4,OrderRole.Standalone,OrderType.Market,_default,,PositionEffect.Close,,4377200.0,False,,OrderSide.Sell,OrderStatus.Filled,000768.SZ,,TimeInForce.GTC,,,,1410883200000000000,2014-09-16T16:00:00Z
,0.0,1410796800000000000,2014-09-15T16:00:00Z,0.0,,c16c5ca8-4729-4286-b71e-4820e96540c8,OrderRole.Standalone,OrderType.Market,_default,,PositionEffect.Close,,185400.0,False,"Risk: Insufficient available position for 002304.SZ at execution. Available: 185399.99999999999313882170774, Required: 185400",OrderSide.Sell,OrderStatus.Rejected,002304.SZ,,TimeInForce.GTC,,,,1410883200000000000,2014-09-16T16:00:00Z
11.15883,28485.7032825,1410796800000000000,2014-09-15T16:00:00Z,1021100.0,,d255173d-deed-4396-a434-f8215a8e888e,OrderRole.Standalone,OrderType.Market,_default,,PositionEffect.Close,,1021100.0,False,,OrderSide.Sell,OrderStatus.Filled,002625.SZ,,TimeInForce.GTC,,,,1410883200000000000,2014-09-16T16:00:00Z
23.33664,142359.33816,1410796800000000000,2014-09-15T16:00:00Z,2440100.0,,3b7aff2f-6e00-4b44-9423-f39488be2659,OrderRole.Standalone,OrderType.Market,_default,,PositionEffect.Close,,2440100.0,False,,OrderSide.Sell,OrderStatus.Filled,300033.SZ,,TimeInForce.GTC,,,,1410883200000000000,2014-09-16T16:00:00Z
9.16083,131109.79896,1410796800000000000,2014-09-15T16:00:00Z,5724800.0,,92d480b1-e5b7-4ae4-9c30-e1ee08372b18,OrderRole.Standalone,OrderType.Market,_default,,PositionEffect.Close,,5724800.0,False,,OrderSide.Sell,OrderStatus.Filled,600346.SH,,TimeInForce.GTC,,,,1410883200000000000,2014-09-16T16:00:00Z
82.6173,131526.7416,1410796800000000000,2014-09-15T16:00:00Z,636800.0,,850135f5-9835-468d-a4f5-5d4641625fb6,OrderRole.Standalone,OrderType.Market,_default,,PositionEffect.Close,,636800.0,False,,OrderSide.Sell,OrderStatus.Filled,600436.SH,,TimeInForce.GTC,,,,1410883200000000000,2014-09-16T16:00:00Z
,0.0,1410796800000000000,2014-09-15T16:00:00Z,0.0,,00e9669c-e2df-4aae-8216-1b7669222ba0,OrderRole.Standalone,OrderType.Market,_default,,PositionEffect.Close,,10828900.0,False,"Symbol 000807.SZ not tradable (zero volume, suspension) at execution timestamp 1410883200000000000",OrderSide.Sell,OrderStatus.Rejected,000807.SZ,,TimeInForce.GTC,,,,1410883200000000000,2014-09-16T16:00:00Z
,0.0,1410796800000000000,2014-09-15T16:00:00Z,0.0,,2880146c-2311-4210-a6db-717e980e5982,OrderRole.Standalone,OrderType.Market,_default,,PositionEffect.Close,,704200.0,False,"Symbol 002252.SZ not tradable (zero volume, suspension) at execution timestamp 1410883200000000000",OrderSide.Sell,OrderStatus.Rejected,002252.SZ,,TimeInForce.GTC,,,,1410883200000000000,2014-09-16T16:00:00Z
3.67367,141572.22079,1410796800000000000,2014-09-15T16:00:00Z,15414800.0,,03eaa059-f283-4060-969d-020c924bb56f,OrderRole.Standalone,OrderType.Market,_default,,PositionEffect.Open,,15414800.0,False,,OrderSide.Buy,OrderStatus.Filled,000301.SZ,,TimeInForce.GTC,,,,1410883200000000000,2014-09-16T16:00:00Z
9.67967,138257.1465275,1410796800000000000,2014-09-15T16:00:00Z,5713300.0,,2f50f212-84f8-4ebe-94be-c5bb52fe5d0b,OrderRole.Standalone,OrderType.Market,_default,,PositionEffect.Open,,5713300.0,False,,OrderSide.Buy,OrderStatus.Filled,000708.SZ,,TimeInForce.GTC,,,,1410883200000000000,2014-09-16T16:00:00Z
2.83283,140249.164055,1410796800000000000,2014-09-15T16:00:00Z,19803400.0,,ff124815-3c8b-44b2-88a9-d3fb8bea808f,OrderRole.Standalone,OrderType.Market,_default,,PositionEffect.Open,,19803400.0,False,,OrderSide.Buy,OrderStatus.Filled,600029.SH,,TimeInForce.GTC,,,,1410883200000000000,2014-09-16T16:00:00Z
2.91291,139738.11852,1410796800000000000,2014-09-15T16:00:00Z,19188800.0,,17d257d9-30c7-44c5-97c8-192425e0c180,OrderRole.Standalone,OrderType.Market,_default,,PositionEffect.Open,,19188800.0,False,,OrderSide.Buy,OrderStatus.Filled,600115.SH,,TimeInForce.GTC,,,,1410883200000000000,2014-09-16T16:00:00Z
2.04204,139258.44933,1410796800000000000,2014-09-15T16:00:00Z,27278300.0,,5f956a53-d3d2-4fdb-9ebb-f17af4d4ed64,OrderRole.Standalone,OrderType.Market,_default,,PositionEffect.Open,,27278300.0,False,,OrderSide.Buy,OrderStatus.Filled,600221.SH,,TimeInForce.GTC,,,,1410883200000000000,2014-09-16T16:00:00Z
11.87186,138787.97933,1410796800000000000,2014-09-15T16:00:00Z,4676200.0,,b2bec621-861f-45c5-acf3-b4c3cf237533,OrderRole.Standalone,OrderType.Market,_default,,PositionEffect.Open,,4676200.0,False,,OrderSide.Buy,OrderStatus.Filled,600233.SH,,TimeInForce.GTC,,,,1410883200000000000,2014-09-16T16:00:00Z
3.09309,139257.8712525,1410796800000000000,2014-09-15T16:00:00Z,18008900.0,,d26d6a0c-7184-4902-bdb7-23e5f63d81f8,OrderRole.Standalone,OrderType.Market,_default,,PositionEffect.Open,,18008900.0,False,,OrderSide.Buy,OrderStatus.Filled,601018.SH,,TimeInForce.GTC,,,,1410883200000000000,2014-09-16T16:00:00Z
2.34234,141066.840915,1410796800000000000,2014-09-15T16:00:00Z,24089900.0,,36b8f1f9-9543-4ac3-8c3c-8b673e584a7b,OrderRole.Standalone,OrderType.Market,_default,,PositionEffect.Open,,24089900.0,False,,OrderSide.Buy,OrderStatus.Filled,601618.SH,,TimeInForce.GTC,,,,1410883200000000000,2014-09-16T16:00:00Z
,0.0,1410796800000000000,2014-09-15T16:00:00Z,0.0,,161a3ec9-34aa-41a2-bf81-a141bf975756,OrderRole.Standalone,OrderType.Market,_default,,PositionEffect.Open,,17017600.0,False,"Risk: Insufficient margin at execution. Required: 55500913.46800000000000000000, Available: 2640436.20253448860246282370",OrderSide.Buy,OrderStatus.Rejected,601872.SH,,TimeInForce.GTC,,,,1410883200000000000,2014-09-16T16:00:00Z
11.12886,138484.751625,1410883200000000000,2014-09-16T16:00:00Z,4977500.0,,b236a9a3-0c4e-49ee-98f9-f72b377aab5a,OrderRole.Standalone,OrderType.Market,_default,,PositionEffect.Close,,4977500.0,False,,OrderSide.Sell,OrderStatus.Filled,002625.SZ,,TimeInForce.GTC,,,,1410969600000000000,2014-09-17T16:00:00Z
3.97602,153223.88274,1413820800000000000,2014-10-20T16:00:00Z,15414800.0,,45e6703c-0bf5-4990-a307-f7bf3a1c7336,OrderRole.Standalone,OrderType.Market,_default,,PositionEffect.Close,,15414800.0,False,,OrderSide.Sell,OrderStatus.Filled,000301.SZ,,TimeInForce.GTC,,,,1413907200000000000,2014-10-21T16:00:00Z
9.0909,129847.597425,1413820800000000000,2014-10-20T16:00:00Z,5713300.0,,fe56a9df-2430-4cb0-bd4d-3c26091e3651,OrderRole.Standalone,OrderType.Market,_default,,PositionEffect.Close,,5713300.0,False,,OrderSide.Sell,OrderStatus.Filled,000708.SZ,,TimeInForce.GTC,,,,1413907200000000000,2014-10-21T16:00:00Z
4.83516,130898.66031,1413820800000000000,2014-10-20T16:00:00Z,10828900.0,,351046b4-ca12-46b9-b6a2-68390287d2e4,OrderRole.Standalone,OrderType.Market,_default,,PositionEffect.Close,,10828900.0,False,,OrderSide.Sell,OrderStatus.Filled,000807.SZ,,TimeInForce.GTC,,,,1413907200000000000,2014-10-21T16:00:00Z
43.11684,6790.9023,1413820800000000000,2014-10-20T16:00:00Z,63000.0,,b7e5bdc5-5f58-4225-8d9e-0735144401e8,OrderRole.Standalone,OrderType.Market,_default,,PositionEffect.Close,,63000.0,False,,OrderSide.Sell,OrderStatus.Filled,002252.SZ,,TimeInForce.GTC,,,,1413907200000000000,2014-10-21T16:00:00Z
,0.0,1413820800000000000,2014-10-20T16:00:00Z,0.0,,6c8cf623-0693-43e9-a56c-8074cfa0f997,OrderRole.Standalone,OrderType.Market,_default,,PositionEffect.Close,,185400.0,False,"Risk: Insufficient available position for 002304.SZ at execution. Available: 185399.99999999999313882170774, Required: 185400",OrderSide.Sell,OrderStatus.Rejected,002304.SZ,,TimeInForce.GTC,,,,1413907200000000000,2014-10-21T16:00:00Z
2.97702,147387.79467,1413820800000000000,2014-10-20T16:00:00Z,19803400.0,,586fb754-171d-4d59-8dba-ce5991ded86a,OrderRole.Standalone,OrderType.Market,_default,,PositionEffect.Close,,19803400.0,False,,OrderSide.Sell,OrderStatus.Filled,600029.SH,,TimeInForce.GTC,,,,1413907200000000000,2014-10-21T16:00:00Z
3.13686,150481.44792,1413820800000000000,2014-10-20T16:00:00Z,19188800.0,,b5bef036-fe44-4e85-9921-997ed4ab8d58,OrderRole.Standalone,OrderType.Market,_default,,PositionEffect.Close,,19188800.0,False,,OrderSide.Sell,OrderStatus.Filled,600115.SH,,TimeInForce.GTC,,,,1413907200000000000,2014-10-21T16:00:00Z
2.06793,141024.0372975,1413820800000000000,2014-10-20T16:00:00Z,27278300.0,,ba285b96-33aa-43d7-8610-e1db31270fec,OrderRole.Standalone,OrderType.Market,_default,,PositionEffect.Close,,27278300.0,False,,OrderSide.Sell,OrderStatus.Filled,600221.SH,,TimeInForce.GTC,,,,1413907200000000000,2014-10-21T16:00:00Z
12.30768,143882.93304,1413820800000000000,2014-10-20T16:00:00Z,4676200.0,,0fafc5f3-3bec-40ed-8efd-8befbd6cf240,OrderRole.Standalone,OrderType.Market,_default,,PositionEffect.Close,,4676200.0,False,,OrderSide.Sell,OrderStatus.Filled,600233.SH,,TimeInForce.GTC,,,,1413907200000000000,2014-10-21T16:00:00Z
3.27672,147525.30702,1413820800000000000,2014-10-20T16:00:00Z,18008900.0,,38387940-5dbb-456a-815f-6ed3949fed88,OrderRole.Standalone,OrderType.Market,_default,,PositionEffect.Close,,18008900.0,False,,OrderSide.Sell,OrderStatus.Filled,601018.SH,,TimeInForce.GTC,,,,1413907200000000000,2014-10-21T16:00:00Z
2.4975,150411.313125,1413820800000000000,2014-10-20T16:00:00Z,24089900.0,,792b2780-f02b-4ed4-9c5a-c4322b7fbf3b,OrderRole.Standalone,OrderType.Market,_default,,PositionEffect.Close,,24089900.0,False,,OrderSide.Sell,OrderStatus.Filled,601618.SH,,TimeInForce.GTC,,,,1413907200000000000,2014-10-21T16:00:00Z
3.76376,146490.2439,1413820800000000000,2014-10-20T16:00:00Z,15568500.0,,8732da1b-7034-419b-8ce5-3791d8f745a5,OrderRole.Standalone,OrderType.Market,_default,,PositionEffect.Open,,15568500.0,False,,OrderSide.Buy,OrderStatus.Filled,601669.SH,,TimeInForce.GTC,,,,1413907200000000000,2014-10-21T16:00:00Z
10.14013,146344.8911925,1413820800000000000,2014-10-20T16:00:00Z,5772900.0,,1b9edf65-c237-42db-bc22-df974ac925a6,OrderRole.Standalone,OrderType.Market,_default,,PositionEffect.Open,,5772900.0,False,,OrderSide.Buy,OrderStatus.Filled,601788.SH,,TimeInForce.GTC,,,,1413907200000000000,2014-10-21T16:00:00Z
26.2262,144178.5345,1413820800000000000,2014-10-20T16:00:00Z,2199000.0,,82f86bd7-baea-421c-9e67-a12754ee4b66,OrderRole.Standalone,OrderType.Market,_default,,PositionEffect.Open,,2199000.0,False,,OrderSide.Buy,OrderStatus.Filled,002352.SZ,,TimeInForce.GTC,,,,1413907200000000000,2014-10-21T16:00:00Z
15.015,145517.8725,1413820800000000000,2014-10-20T16:00:00Z,3876600.0,,23ddbeb1-b16f-4da7-b2c9-408222d5205a,OrderRole.Standalone,OrderType.Market,_default,,PositionEffect.Open,,3876600.0,False,,OrderSide.Buy,OrderStatus.Filled,002384.SZ,,TimeInForce.GTC,,,,1413907200000000000,2014-10-21T16:00:00Z
4.86486,145591.881435,1413820800000000000,2014-10-20T16:00:00Z,11970900.0,,83d6a9ba-2a49-4df8-b90d-70f081d39f08,OrderRole.Standalone,OrderType.Market,_default,,PositionEffect.Open,,11970900.0,False,,OrderSide.Buy,OrderStatus.Filled,002463.SZ,,TimeInForce.GTC,,,,1413907200000000000,2014-10-21T16:00:00Z
33.01298,146396.05981,1413820800000000000,2014-10-20T16:00:00Z,1773800.0,,8713d295-775d-4a27-8853-284f798eb607,OrderRole.Standalone,OrderType.Market,_default,,PositionEffect.Open,,1773800.0,False,,OrderSide.Buy,OrderStatus.Filled,002558.SZ,,TimeInForce.GTC,,,,1413907200000000000,2014-10-21T16:00:00Z
38.31828,144526.97259,1413820800000000000,2014-10-20T16:00:00Z,1508700.0,,e5a73141-65b7-4895-a061-61850bed9623,OrderRole.Standalone,OrderType.Market,_default,,PositionEffect.Open,,1508700.0,False,,OrderSide.Buy,OrderStatus.Filled,300347.SZ,,TimeInForce.GTC,,,,1413907200000000000,2014-10-21T16:00:00Z
16.08607,147312.2075425,1413820800000000000,2014-10-20T16:00:00Z,3663100.0,,1760a6c8-0653-4bed-9e78-576785f5d4b9,OrderRole.Standalone,OrderType.Market,_default,,PositionEffect.Open,,3663100.0,False,,OrderSide.Buy,OrderStatus.Filled,601058.SH,,TimeInForce.GTC,,,,1413907200000000000,2014-10-21T16:00:00Z
10.3103,145782.48685,1413820800000000000,2014-10-20T16:00:00Z,5655800.0,,6f3250f7-2f91-49c6-97e3-c99fb2e6465a,OrderRole.Standalone,OrderType.Market,_default,,PositionEffect.Open,,5655800.0,False,,OrderSide.Buy,OrderStatus.Filled,601360.SH,,TimeInForce.GTC,,,,1413907200000000000,2014-10-21T16:00:00Z
46.3536,155910.3336,1416240000000000000,2014-11-17T16:00:00Z,1345400.0,,dc320ffc-4ba4-430b-94f3-de370b712890,OrderRole.Standalone,OrderType.Market,_default,,PositionEffect.Close,,1345400.0,False,,OrderSide.Sell,OrderStatus.Filled,002252.SZ,,TimeInForce.GTC,,,,1416326400000000000,2014-11-18T16:00:00Z
,0.0,1416240000000000000,2014-11-17T16:00:00Z,0.0,,a8d4c58c-e4ff-4465-b66e-413ff5490bfe,OrderRole.Standalone,OrderType.Market,_default,,PositionEffect.Close,,185400.0,False,"Risk: Insufficient available position for 002304.SZ at execution. Available: 185399.99999999999313882170774, Required: 185400",OrderSide.Sell,OrderStatus.Rejected,002304.SZ,,TimeInForce.GTC,,,,1416326400000000000,2014-11-18T16:00:00Z
26.46351,145483.146225,1416240000000000000,2014-11-17T16:00:00Z,2199000.0,,02ebf5f0-2e75-483d-bcd4-0c48d1bb7ed6,OrderRole.Standalone,OrderType.Market,_default,,PositionEffect.Close,,2199000.0,False,,OrderSide.Sell,OrderStatus.Filled,002352.SZ,,TimeInForce.GTC,,,,1416326400000000000,2014-11-18T16:00:00Z
12.61737,122281.241355,1416240000000000000,2014-11-17T16:00:00Z,3876600.0,,1e4d76cb-7fe3-4307-8e23-4b7878a5d115,OrderRole.Standalone,OrderType.Market,_default,,PositionEffect.Close,,3876600.0,False,,OrderSide.Sell,OrderStatus.Filled,002384.SZ,,TimeInForce.GTC,,,,1416326400000000000,2014-11-18T16:00:00Z
4.98501,149187.6405225,1416240000000000000,2014-11-17T16:00:00Z,11970900.0,,c5fe5c37-ff73-4fee-b050-c690c7f7dc24,OrderRole.Standalone,OrderType.Market,_default,,PositionEffect.Close,,11970900.0,False,,OrderSide.Sell,OrderStatus.Filled,002463.SZ,,TimeInForce.GTC,,,,1416326400000000000,2014-11-18T16:00:00Z
34.2657,129241.653975,1416240000000000000,2014-11-17T16:00:00Z,1508700.0,,952f2f96-4354-42e9-852b-2a4927015d80,OrderRole.Standalone,OrderType.Market,_default,,PositionEffect.Close,,1508700.0,False,,OrderSide.Sell,OrderStatus.Filled,300347.SZ,,TimeInForce.GTC,,,,1416326400000000000,2014-11-18T16:00:00Z
17.64234,161564.139135,1416240000000000000,2014-11-17T16:00:00Z,3663100.0,,28d0edc5-1f80-4120-b8e9-718520260374,OrderRole.Standalone,OrderType.Market,_default,,PositionEffect.Close,,3663100.0,False,,OrderSide.Sell,OrderStatus.Filled,601058.SH,,TimeInForce.GTC,,,,1416326400000000000,2014-11-18T16:00:00Z
11.12886,157356.51597,1416240000000000000,2014-11-17T16:00:00Z,5655800.0,,40fa6176-634d-4017-ab0c-999a1148b369,OrderRole.Standalone,OrderType.Market,_default,,PositionEffect.Close,,5655800.0,False,,OrderSide.Sell,OrderStatus.Filled,601360.SH,,TimeInForce.GTC,,,,1416326400000000000,2014-11-18T16:00:00Z
3.97602,154751.668425,1416240000000000000,2014-11-17T16:00:00Z,15568500.0,,84934a54-ccaa-4384-bd62-8f48f2f73556,OrderRole.Standalone,OrderType.Market,_default,,PositionEffect.Close,,15568500.0,False,,OrderSide.Sell,OrderStatus.Filled,601669.SH,,TimeInForce.GTC,,,,1416326400000000000,2014-11-18T16:00:00Z
,0.0,1416240000000000000,2014-11-17T16:00:00Z,0.0,,25e11fa3-bfa4-4529-b166-77d8a3c0909d,OrderRole.Standalone,OrderType.Market,_default,,PositionEffect.Close,,5772900.0,False,"Symbol 601788.SH not tradable (zero volume, suspension) at execution timestamp 1416326400000000000",OrderSide.Sell,OrderStatus.Rejected,601788.SH,,TimeInForce.GTC,,,,1416326400000000000,2014-11-18T16:00:00Z
,0.0,1416240000000000000,2014-11-17T16:00:00Z,0.0,,f1ddefa3-ca93-4c7b-8f9c-f713da4577d4,OrderRole.Standalone,OrderType.Market,_default,,PositionEffect.Close,,1773800.0,False,"Symbol 002558.SZ not tradable (zero volume, suspension) at execution timestamp 1416326400000000000",OrderSide.Sell,OrderStatus.Rejected,002558.SZ,,TimeInForce.GTC,,,,1416326400000000000,2014-11-18T16:00:00Z
18.018,149310.6615,1416240000000000000,2014-11-17T16:00:00Z,3314700.0,,948c735e-b763-4f42-bc1a-c70456ca68a1,OrderRole.Standalone,OrderType.Market,_default,,PositionEffect.Open,,3314700.0,False,,OrderSide.Buy,OrderStatus.Filled,002074.SZ,,TimeInForce.GTC,,,,1416326400000000000,2014-11-18T16:00:00Z
27.34732,149480.45112,1416240000000000000,2014-11-17T16:00:00Z,2186400.0,,cbbfe1ba-0b07-48fe-957b-369b98445baa,OrderRole.Standalone,OrderType.Market,_default,,PositionEffect.Open,,2186400.0,False,,OrderSide.Buy,OrderStatus.Filled,002602.SZ,,TimeInForce.GTC,,,,1416326400000000000,2014-11-18T16:00:00Z
33.7337,147163.26625,1416240000000000000,2014-11-17T16:00:00Z,1745000.0,,42d80226-2552-4f2d-9e61-ea387915ce5f,OrderRole.Standalone,OrderType.Market,_default,,PositionEffect.Open,,1745000.0,False,,OrderSide.Buy,OrderStatus.Filled,300033.SZ,,TimeInForce.GTC,,,,1416326400000000000,2014-11-18T16:00:00Z
19.3193,147493.19585,1416240000000000000,2014-11-17T16:00:00Z,3053800.0,,5adbf5e9-0d94-4eae-9042-4d225b3c5d48,OrderRole.Standalone,OrderType.Market,_default,,PositionEffect.Open,,3053800.0,False,,OrderSide.Buy,OrderStatus.Filled,300059.SZ,,TimeInForce.GTC,,,,1416326400000000000,2014-11-18T16:00:00Z
5.85585,149993.2058625,1416240000000000000,2014-11-17T16:00:00Z,10245700.0,,0ee7a8fb-45eb-4702-a636-acb088679fbb,OrderRole.Standalone,OrderType.Market,_default,,PositionEffect.Open,,10245700.0,False,,OrderSide.Buy,OrderStatus.Filled,600018.SH,,TimeInForce.GTC,,,,1416326400000000000,2014-11-18T16:00:00Z
24.14412,146802.28563,1416240000000000000,2014-11-17T16:00:00Z,2432100.0,,a5caf92b-9329-4656-bbf9-0fd4814d5744,OrderRole.Standalone,OrderType.Market,_default,,PositionEffect.Open,,2432100.0,False,,OrderSide.Buy,OrderStatus.Filled,600588.SH,,TimeInForce.GTC,,,,1416326400000000000,2014-11-18T16:00:00Z
9.16916,148506.00765,1416240000000000000,2014-11-17T16:00:00Z,6478500.0,,7a69826e-d0b1-408c-b641-2c221e3ef854,OrderRole.Standalone,OrderType.Market,_default,,PositionEffect.Open,,6478500.0,False,,OrderSide.Buy,OrderStatus.Filled,601006.SH,,TimeInForce.GTC,,,,1416326400000000000,2014-11-18T16:00:00Z
8.5085,148954.05525,1416240000000000000,2014-11-17T16:00:00Z,7002600.0,,4650ee70-c48b-4f42-9bbe-924ad1f5f5ae,OrderRole.Standalone,OrderType.Market,_default,,PositionEffect.Open,,7002600.0,False,,OrderSide.Buy,OrderStatus.Filled,601377.SH,,TimeInForce.GTC,,,,1416326400000000000,2014-11-18T16:00:00Z
,0.0,1416240000000000000,2014-11-17T16:00:00Z,0.0,,e47c7d63-ddc3-4559-84cb-0d4a13cd56c7,OrderRole.Standalone,OrderType.Market,_default,,PositionEffect.Open,,14087800.0,False,"Risk: Insufficient margin at execution. Required: 59375998.58190000000000000000, Available: 43881131.85542198860246282370",OrderSide.Buy,OrderStatus.Rejected,601872.SH,,TimeInForce.GTC,,,,1416326400000000000,2014-11-18T16:00:00Z
,0.0,1416240000000000000,2014-11-17T16:00:00Z,0.0,,628ed5a6-f287-4d85-bb89-f5c19f2b0d90,OrderRole.Standalone,OrderType.Market,_default,,PositionEffect.Open,,3655600.0,False,"Risk: Insufficient margin at execution. Required: 65921215.18983000000000000000, Available: 43881131.85542198860246282370",OrderSide.Buy,OrderStatus.Rejected,603019.SH,,TimeInForce.GTC,,,,1416326400000000000,2014-11-18T16:00:00Z
15.13485,125418.7182375,1418659200000000000,2014-12-15T16:00:00Z,3314700.0,,6294bcae-2d73-4e7b-9778-10ee8399c151,OrderRole.Standalone,OrderType.Market,_default,,PositionEffect.Close,,3314700.0,False,,OrderSide.Sell,OrderStatus.Filled,002074.SZ,,TimeInForce.GTC,,,,1418745600000000000,2014-12-16T16:00:00Z
,0.0,1418659200000000000,2014-12-15T16:00:00Z,0.0,,ef035bc9-2eec-4b84-b4c9-63bb3fb92cad,OrderRole.Standalone,OrderType.Market,_default,,PositionEffect.Close,,185400.0,False,"Risk: Insufficient available position for 002304.SZ at execution. Available: 185399.99999999999313882170774, Required: 185400",OrderSide.Sell,OrderStatus.Rejected,002304.SZ,,TimeInForce.GTC,,,,1418745600000000000,2014-12-16T16:00:00Z
60.12981,262316.296125,1418659200000000000,2014-12-15T16:00:00Z,1745000.0,,52064fb4-db2a-4558-b8fa-31f2234b25f7,OrderRole.Standalone,OrderType.Market,_default,,PositionEffect.Close,,1745000.0,False,,OrderSide.Sell,OrderStatus.Filled,300033.SZ,,TimeInForce.GTC,,,,1418745600000000000,2014-12-16T16:00:00Z
33.966,259313.427,1418659200000000000,2014-12-15T16:00:00Z,3053800.0,,de593302-e81f-4822-a8fb-f39ca46e753a,OrderRole.Standalone,OrderType.Market,_default,,PositionEffect.Close,,3053800.0,False,,OrderSide.Sell,OrderStatus.Filled,300059.SZ,,TimeInForce.GTC,,,,1418745600000000000,2014-12-16T16:00:00Z
6.28371,160952.5188675,1418659200000000000,2014-12-15T16:00:00Z,10245700.0,,3f71b873-f397-492e-8562-b7f72a263e56,OrderRole.Standalone,OrderType.Market,_default,,PositionEffect.Close,,10245700.0,False,,OrderSide.Sell,OrderStatus.Filled,600018.SH,,TimeInForce.GTC,,,,1418745600000000000,2014-12-16T16:00:00Z
27.5724,167647.0851,1418659200000000000,2014-12-15T16:00:00Z,2432100.0,,42dc9d91-9241-48ef-ab9a-4b6e5fb2d3d2,OrderRole.Standalone,OrderType.Market,_default,,PositionEffect.Close,,2432100.0,False,,OrderSide.Sell,OrderStatus.Filled,600588.SH,,TimeInForce.GTC,,,,1418745600000000000,2014-12-16T16:00:00Z
10.29969,166816.3541625,1418659200000000000,2014-12-15T16:00:00Z,6478500.0,,d5b4f2a0-495e-4c54-a06b-5dc560a1b781,OrderRole.Standalone,OrderType.Market,_default,,PositionEffect.Close,,6478500.0,False,,OrderSide.Sell,OrderStatus.Filled,601006.SH,,TimeInForce.GTC,,,,1418745600000000000,2014-12-16T16:00:00Z
16.2837,285070.59405,1418659200000000000,2014-12-15T16:00:00Z,7002600.0,,0582ab66-6b07-4ecd-9e27-294796c56677,OrderRole.Standalone,OrderType.Market,_default,,PositionEffect.Close,,7002600.0,False,,OrderSide.Sell,OrderStatus.Filled,601377.SH,,TimeInForce.GTC,,,,1418745600000000000,2014-12-16T16:00:00Z
29.52045,213454.9938375,1418659200000000000,2014-12-15T16:00:00Z,2892300.0,,0daafe73-baf6-46d5-ba85-b48bb4885306,OrderRole.Standalone,OrderType.Market,_default,,PositionEffect.Close,,2892300.0,False,,OrderSide.Sell,OrderStatus.Filled,601788.SH,,TimeInForce.GTC,,,,1418745600000000000,2014-12-16T16:00:00Z
,0.0,1418659200000000000,2014-12-15T16:00:00Z,0.0,,06e64ff7-5731-47ff-b36c-40a911da185f,OrderRole.Standalone,OrderType.Market,_default,,PositionEffect.Close,,2186400.0,False,"Symbol 002602.SZ not tradable (zero volume, suspension) at execution timestamp 1418745600000000000",OrderSide.Sell,OrderStatus.Rejected,002602.SZ,,TimeInForce.GTC,,,,1418745600000000000,2014-12-16T16:00:00Z
,0.0,1418659200000000000,2014-12-15T16:00:00Z,0.0,,b9242ca0-1062-4b94-b304-a37b586b3604,OrderRole.Standalone,OrderType.Market,_default,,PositionEffect.Close,,1773800.0,False,"Symbol 002558.SZ not tradable (zero volume, suspension) at execution timestamp 1418745600000000000",OrderSide.Sell,OrderStatus.Rejected,002558.SZ,,TimeInForce.GTC,,,,1418745600000000000,2014-12-16T16:00:00Z
31.5315,216920.95425,1418659200000000000,2014-12-15T16:00:00Z,2751800.0,,c1668ebf-6e7c-444c-aa4c-007a2f4dec7f,OrderRole.Standalone,OrderType.Market,_default,,PositionEffect.Open,,2751800.0,False,,OrderSide.Buy,OrderStatus.Filled,600030.SH,,TimeInForce.GTC,,,,1418745600000000000,2014-12-16T16:00:00Z
27.97795,205966.6734125,1418659200000000000,2014-12-15T16:00:00Z,2944700.0,,5f25495e-b270-429a-9796-80912c89e9af,OrderRole.Standalone,OrderType.Market,_default,,PositionEffect.Open,,2944700.0,False,,OrderSide.Buy,OrderStatus.Filled,600061.SH,,TimeInForce.GTC,,,,1418745600000000000,2014-12-16T16:00:00Z
23.6236,215606.6913,1418659200000000000,2014-12-15T16:00:00Z,3650700.0,,252f93ca-5d23-4f34-8d4c-b75979ee33a2,OrderRole.Standalone,OrderType.Market,_default,,PositionEffect.Open,,3650700.0,False,,OrderSide.Buy,OrderStatus.Filled,600837.SH,,TimeInForce.GTC,,,,1418745600000000000,2014-12-16T16:00:00Z
32.05202,214171.59764,1418659200000000000,2014-12-15T16:00:00Z,2672800.0,,2cefa7dc-5bc1-4d14-9c13-65d98e21b24c,OrderRole.Standalone,OrderType.Market,_default,,PositionEffect.Open,,2672800.0,False,,OrderSide.Buy,OrderStatus.Filled,600999.SH,,TimeInForce.GTC,,,,1418745600000000000,2014-12-16T16:00:00Z
5.99599,205013.3910825,1418659200000000000,2014-12-15T16:00:00Z,13676700.0,,93de2757-7095-423d-aa86-be9bf966467c,OrderRole.Standalone,OrderType.Market,_default,,PositionEffect.Open,,13676700.0,False,,OrderSide.Buy,OrderStatus.Filled,601668.SH,,TimeInForce.GTC,,,,1418745600000000000,2014-12-16T16:00:00Z
6.11611,202690.943455,1418659200000000000,2014-12-15T16:00:00Z,13256200.0,,7f88fc3a-fe71-4f94-b872-12a3e65e5027,OrderRole.Standalone,OrderType.Market,_default,,PositionEffect.Open,,13256200.0,False,,OrderSide.Buy,OrderStatus.Filled,601669.SH,,TimeInForce.GTC,,,,1418745600000000000,2014-12-16T16:00:00Z
25.83581,213707.3613675,1418659200000000000,2014-12-15T16:00:00Z,3308700.0,,31d5a804-87bb-4584-ab26-70ee00055389,OrderRole.Standalone,OrderType.Market,_default,,PositionEffect.Open,,3308700.0,False,,OrderSide.Buy,OrderStatus.Filled,601688.SH,,TimeInForce.GTC,,,,1418745600000000000,2014-12-16T16:00:00Z
4.15415,207514.332025,1418659200000000000,2014-12-15T16:00:00Z,19981400.0,,f8e2aaaf-3a70-4410-87f7-48d61b6a3c23,OrderRole.Standalone,OrderType.Market,_default,,PositionEffect.Open,,19981400.0,False,,OrderSide.Buy,OrderStatus.Filled,601818.SH,,TimeInForce.GTC,,,,1418745600000000000,2014-12-16T16:00:00Z
,0.0,1418659200000000000,2014-12-15T16:00:00Z,0.0,,7ff60102-40a3-4178-b38f-2578174672d1,OrderRole.Standalone,OrderType.Market,_default,,PositionEffect.Open,,5344000.0,False,"Risk: Insufficient margin at execution. Required: 85320833.1976000000000000000, Available: 24317767.0625094886024628236",OrderSide.Buy,OrderStatus.Rejected,601901.SH,,TimeInForce.GTC,,,,1418745600000000000,2014-12-16T16:00:00Z
,0.0,1421251200000000000,2015-01-14T16:00:00Z,0.0,,46bebce0-253d-469d-be02-ab4055b89758,OrderRole.Standalone,OrderType.Market,_default,,PositionEffect.Close,,185400.0,False,"Risk: Insufficient available position for 002304.SZ at execution. Available: 185399.99999999999313882170774, Required: 185400",OrderSide.Sell,OrderStatus.Rejected,002304.SZ,,TimeInForce.GTC,,,,1421337600000000000,2015-01-15T16:00:00Z
33.55641,230851.322595,1421251200000000000,2015-01-14T16:00:00Z,2751800.0,,54baef65-d0ed-4836-aed2-c21a790f3023,OrderRole.Standalone,OrderType.Market,_default,,PositionEffect.Close,,2751800.0,False,,OrderSide.Sell,OrderStatus.Filled,600030.SH,,TimeInForce.GTC,,,,1421337600000000000,2015-01-15T16:00:00Z
23.2767,212440.621725,1421251200000000000,2015-01-14T16:00:00Z,3650700.0,,f7845b32-39dc-42c7-9c87-8fec2e2f61ff,OrderRole.Standalone,OrderType.Market,_default,,PositionEffect.Close,,3650700.0,False,,OrderSide.Sell,OrderStatus.Filled,600837.SH,,TimeInForce.GTC,,,,1421337600000000000,2015-01-15T16:00:00Z
27.00297,180433.84554,1421251200000000000,2015-01-14T16:00:00Z,2672800.0,,4cf17524-66db-4686-a21f-8e7c1d3f15c3,OrderRole.Standalone,OrderType.Market,_default,,PositionEffect.Close,,2672800.0,False,,OrderSide.Sell,OrderStatus.Filled,600999.SH,,TimeInForce.GTC,,,,1421337600000000000,2015-01-15T16:00:00Z
6.64335,227147.7623625,1421251200000000000,2015-01-14T16:00:00Z,13676700.0,,72dc117b-dfbc-4063-9790-4fbab7411ded,OrderRole.Standalone,OrderType.Market,_default,,PositionEffect.Close,,13676700.0,False,,OrderSide.Sell,OrderStatus.Filled,601668.SH,,TimeInForce.GTC,,,,1421337600000000000,2015-01-15T16:00:00Z
7.71228,255588.81534,1421251200000000000,2015-01-14T16:00:00Z,13256200.0,,e1f327b7-fd64-4759-b50d-fbd2e1b73c5d,OrderRole.Standalone,OrderType.Market,_default,,PositionEffect.Close,,13256200.0,False,,OrderSide.Sell,OrderStatus.Filled,601669.SH,,TimeInForce.GTC,,,,1421337600000000000,2015-01-15T16:00:00Z
25.974,214850.4345,1421251200000000000,2015-01-14T16:00:00Z,3308700.0,,832c38a8-8031-4b5b-af12-f46aee0e2c31,OrderRole.Standalone,OrderType.Market,_default,,PositionEffect.Close,,3308700.0,False,,OrderSide.Sell,OrderStatus.Filled,601688.SH,,TimeInForce.GTC,,,,1421337600000000000,2015-01-15T16:00:00Z
27.4725,197843.20875,1421251200000000000,2015-01-14T16:00:00Z,2880600.0,,c8fae65d-7b02-4f38-a4a9-4134dae5fa44,OrderRole.Standalone,OrderType.Market,_default,,PositionEffect.Close,,2880600.0,False,,OrderSide.Sell,OrderStatus.Filled,601788.SH,,TimeInForce.GTC,,,,1421337600000000000,2015-01-15T16:00:00Z
4.85514,242531.23599,1421251200000000000,2015-01-14T16:00:00Z,19981400.0,,eea00300-c8b8-490b-b15d-fea5015bcc72,OrderRole.Standalone,OrderType.Market,_default,,PositionEffect.Close,,19981400.0,False,,OrderSide.Sell,OrderStatus.Filled,601818.SH,,TimeInForce.GTC,,,,1421337600000000000,2015-01-15T16:00:00Z
,0.0,1421251200000000000,2015-01-14T16:00:00Z,0.0,,ea2fd51a-f41e-4314-b714-91cfbf9264eb,OrderRole.Standalone,OrderType.Market,_default,,PositionEffect.Close,,2186400.0,False,"Symbol 002602.SZ not tradable (zero volume, suspension) at execution timestamp 1421337600000000000",OrderSide.Sell,OrderStatus.Rejected,002602.SZ,,TimeInForce.GTC,,,,1421337600000000000,2015-01-15T16:00:00Z
,0.0,1421251200000000000,2015-01-14T16:00:00Z,0.0,,633b25bb-f663-49d3-9755-d4ddedc4a3a2,OrderRole.Standalone,OrderType.Market,_default,,PositionEffect.Close,,1773800.0,False,"Symbol 002558.SZ not tradable (zero volume, suspension) at execution timestamp 1421337600000000000",OrderSide.Sell,OrderStatus.Rejected,002558.SZ,,TimeInForce.GTC,,,,1421337600000000000,2015-01-15T16:00:00Z
19.2192,206063.4576,1421251200000000000,2015-01-14T16:00:00Z,4288700.0,,ac601d61-f15f-4912-8fd9-7af081634b18,OrderRole.Standalone,OrderType.Market,_default,,PositionEffect.Open,,4288700.0,False,,OrderSide.Buy,OrderStatus.Filled,000568.SZ,,TimeInForce.GTC,,,,1421337600000000000,2015-01-15T16:00:00Z
14.60459,205176.2337625,1421251200000000000,2015-01-14T16:00:00Z,5619500.0,,d6502243-a25d-48d4-99ad-98ffbb704056,OrderRole.Standalone,OrderType.Market,_default,,PositionEffect.Open,,5619500.0,False,,OrderSide.Buy,OrderStatus.Filled,000630.SZ,,TimeInForce.GTC,,,,1421337600000000000,2015-01-15T16:00:00Z
14.60459,211777.5084425,1421251200000000000,2015-01-14T16:00:00Z,5800300.0,,ee1f704d-3925-441c-bd1d-ed39175fd3da,OrderRole.Standalone,OrderType.Market,_default,,PositionEffect.Open,,5800300.0,False,,OrderSide.Buy,OrderStatus.Filled,000975.SZ,,TimeInForce.GTC,,,,1421337600000000000,2015-01-15T16:00:00Z
15.82581,206780.03346,1421251200000000000,2015-01-14T16:00:00Z,5226400.0,,552abf11-b0f6-4724-880c-806aba877973,OrderRole.Standalone,OrderType.Market,_default,,PositionEffect.Open,,5226400.0,False,,OrderSide.Buy,OrderStatus.Filled,002074.SZ,,TimeInForce.GTC,,,,1421337600000000000,2015-01-15T16:00:00Z
10.46045,208165.5701125,1421251200000000000,2015-01-14T16:00:00Z,7960100.0,,5e61eed6-f3a8-4e20-99af-e972718d7cd4,OrderRole.Standalone,OrderType.Market,_default,,PositionEffect.Open,,7960100.0,False,,OrderSide.Buy,OrderStatus.Filled,002600.SZ,,TimeInForce.GTC,,,,1421337600000000000,2015-01-15T16:00:00Z
56.12607,202264.3247625,1421251200000000000,2015-01-14T16:00:00Z,1441500.0,,676f1c66-02b3-441f-8270-75ba37737dcf,OrderRole.Standalone,OrderType.Market,_default,,PositionEffect.Open,,1441500.0,False,,OrderSide.Buy,OrderStatus.Filled,300033.SZ,,TimeInForce.GTC,,,,1421337600000000000,2015-01-15T16:00:00Z
40.19015,207773.0279625,1421251200000000000,2015-01-14T16:00:00Z,2067900.0,,5de98f5b-17aa-4005-8514-70c41f67597c,OrderRole.Standalone,OrderType.Market,_default,,PositionEffect.Open,,2067900.0,False,,OrderSide.Buy,OrderStatus.Filled,300059.SZ,,TimeInForce.GTC,,,,1421337600000000000,2015-01-15T16:00:00Z
23.83381,207562.6928375,1421251200000000000,2015-01-14T16:00:00Z,3483500.0,,bd3aa327-4614-4a9a-bd36-40bc4c011db6,OrderRole.Standalone,OrderType.Market,_default,,PositionEffect.Open,,3483500.0,False,,OrderSide.Buy,OrderStatus.Filled,300251.SZ,,TimeInForce.GTC,,,,1421337600000000000,2015-01-15T16:00:00Z
,0.0,1421251200000000000,2015-01-14T16:00:00Z,0.0,,d427c82b-2cd5-4ab5-8114-bb59b779def8,OrderRole.Standalone,OrderType.Market,_default,,PositionEffect.Open,,6245800.0,False,"Risk: Insufficient margin at execution. Required: 82607968.5531100000000000000, Available: 45540715.8432669886024628237",OrderSide.Buy,OrderStatus.Rejected,601800.SH,,TimeInForce.GTC,,,,1421337600000000000,2015-01-15T16:00:00Z
22.022,44412.8685,1421251200000000000,2015-01-14T16:00:00Z,806700.0,,11260112-30e8-4e9c-9484-4a97038b4664,OrderRole.Standalone,OrderType.Market,_default,,PositionEffect.Open,,806700.0,False,,OrderSide.Buy,OrderStatus.Filled,600061.SH,,TimeInForce.GTC,,,,1421337600000000000,2015-01-15T16:00:00Z
20.86911,195720.948135,1421337600000000000,2015-01-15T16:00:00Z,3751400.0,,4563ce2d-5d64-42bc-ab0f-34ed23209d24,OrderRole.Standalone,OrderType.Market,_default,,PositionEffect.Close,,3751400.0,False,,OrderSide.Sell,OrderStatus.Filled,600061.SH,,TimeInForce.GTC,,,,1421596800000000000,2015-01-18T16:00:00Z
20.2797,217433.873475,1423670400000000000,2015-02-11T16:00:00Z,4288700.0,,eec52b6f-19a5-43ba-bb73-754651bace3e,OrderRole.Standalone,OrderType.Market,_default,,PositionEffect.Close,,4288700.0,False,,OrderSide.Sell,OrderStatus.Filled,000568.SZ,,TimeInForce.GTC,,,,1423756800000000000,2015-02-12T16:00:00Z
14.17581,199152.4107375,1423670400000000000,2015-02-11T16:00:00Z,5619500.0,,4d7154e3-1631-4a45-a9cc-914f974c43fa,OrderRole.Standalone,OrderType.Market,_default,,PositionEffect.Close,,5619500.0,False,,OrderSide.Sell,OrderStatus.Filled,000630.SZ,,TimeInForce.GTC,,,,1423756800000000000,2015-02-12T16:00:00Z
16.13385,233952.9253875,1423670400000000000,2015-02-11T16:00:00Z,5800300.0,,1a04d802-e9f9-40f1-b724-c7a30e5d0bb6,OrderRole.Standalone,OrderType.Market,_default,,PositionEffect.Close,,5800300.0,False,,OrderSide.Sell,OrderStatus.Filled,000975.SZ,,TimeInForce.GTC,,,,1423756800000000000,2015-02-12T16:00:00Z
20.29968,265235.61888,1423670400000000000,2015-02-11T16:00:00Z,5226400.0,,c9b70aaa-f103-4af9-8618-d7d71f7901f0,OrderRole.Standalone,OrderType.Market,_default,,PositionEffect.Close,,5226400.0,False,,OrderSide.Sell,OrderStatus.Filled,002074.SZ,,TimeInForce.GTC,,,,1423756800000000000,2015-02-12T16:00:00Z
,0.0,1423670400000000000,2015-02-11T16:00:00Z,0.0,,cf13ee95-408d-4832-a989-536371d7ea37,OrderRole.Standalone,OrderType.Market,_default,,PositionEffect.Close,,185400.0,False,"Risk: Insufficient available position for 002304.SZ at execution. Available: 185399.99999999999313882170774, Required: 185400",OrderSide.Sell,OrderStatus.Rejected,002304.SZ,,TimeInForce.GTC,,,,1423756800000000000,2015-02-12T16:00:00Z
10.82916,215502.99129,1423670400000000000,2015-02-11T16:00:00Z,7960100.0,,37e4373f-014f-4b5f-9435-eaa25559a035,OrderRole.Standalone,OrderType.Market,_default,,PositionEffect.Close,,7960100.0,False,,OrderSide.Sell,OrderStatus.Filled,002600.SZ,,TimeInForce.GTC,,,,1423756800000000000,2015-02-12T16:00:00Z
78.43149,59882.442615,1423670400000000000,2015-02-11T16:00:00Z,305400.0,,fbba0148-74d8-48a9-8472-2f3520c8db05,OrderRole.Standalone,OrderType.Market,_default,,PositionEffect.Close,,305400.0,False,,OrderSide.Sell,OrderStatus.Filled,300033.SZ,,TimeInForce.GTC,,,,1423756800000000000,2015-02-12T16:00:00Z
25.8741,225331.068375,1423670400000000000,2015-02-11T16:00:00Z,3483500.0,,ce8bdb23-17cd-4021-a24f-a872187a1134,OrderRole.Standalone,OrderType.Market,_default,,PositionEffect.Close,,3483500.0,False,,OrderSide.Sell,OrderStatus.Filled,300251.SZ,,TimeInForce.GTC,,,,1423756800000000000,2015-02-12T16:00:00Z
,0.0,1423670400000000000,2015-02-11T16:00:00Z,0.0,,91e71624-0880-408b-9fc7-2130e99b01df,OrderRole.Standalone,OrderType.Market,_default,,PositionEffect.Close,,2067900.0,False,"Symbol 300059.SZ not tradable (zero volume, suspension) at execution timestamp 1423756800000000000",OrderSide.Sell,OrderStatus.Rejected,300059.SZ,,TimeInForce.GTC,,,,1423756800000000000,2015-02-12T16:00:00Z
,0.0,1423670400000000000,2015-02-11T16:00:00Z,0.0,,e0d5b587-0359-427f-b958-a381487b1cc8,OrderRole.Standalone,OrderType.Market,_default,,PositionEffect.Close,,2186400.0,False,"Symbol 002602.SZ not tradable (zero volume, suspension) at execution timestamp 1423756800000000000",OrderSide.Sell,OrderStatus.Rejected,002602.SZ,,TimeInForce.GTC,,,,1423756800000000000,2015-02-12T16:00:00Z
,0.0,1423670400000000000,2015-02-11T16:00:00Z,0.0,,6466139e-1279-4f57-8132-ed8cf0339614,OrderRole.Standalone,OrderType.Market,_default,,PositionEffect.Close,,1773800.0,False,"Symbol 002558.SZ not tradable (zero volume, suspension) at execution timestamp 1423756800000000000",OrderSide.Sell,OrderStatus.Rejected,002558.SZ,,TimeInForce.GTC,,,,1423756800000000000,2015-02-12T16:00:00Z
51.67162,223298.90583,1423670400000000000,2015-02-11T16:00:00Z,1728600.0,,92f6fdc6-8871-4a2e-9102-53e413b38c6a,OrderRole.Standalone,OrderType.Market,_default,,PositionEffect.Open,,1728600.0,False,,OrderSide.Buy,OrderStatus.Filled,000977.SZ,,TimeInForce.GTC,,,,1423756800000000000,2015-02-12T16:00:00Z
48.15811,223766.658115,1423670400000000000,2015-02-11T16:00:00Z,1858600.0,,971171fa-5b73-4cf1-b22b-f1c004bf2fe3,OrderRole.Standalone,OrderType.Market,_default,,PositionEffect.Open,,1858600.0,False,,OrderSide.Buy,OrderStatus.Filled,002252.SZ,,TimeInForce.GTC,,,,1423756800000000000,2015-02-12T16:00:00Z
53.2532,228895.5669,1423670400000000000,2015-02-11T16:00:00Z,1719300.0,,143a05b3-ab9a-49a8-a3e4-7daf9b706fa0,OrderRole.Standalone,OrderType.Market,_default,,PositionEffect.Open,,1719300.0,False,,OrderSide.Buy,OrderStatus.Filled,002555.SZ,,TimeInForce.GTC,,,,1423756800000000000,2015-02-12T16:00:00Z
40.52048,223166.5436,1423670400000000000,2015-02-11T16:00:00Z,2203000.0,,27614319-fb9b-4afb-9370-a7a8809b12d2,OrderRole.Standalone,OrderType.Market,_default,,PositionEffect.Open,,2203000.0,False,,OrderSide.Buy,OrderStatus.Filled,300347.SZ,,TimeInForce.GTC,,,,1423756800000000000,2015-02-12T16:00:00Z
33.52349,219821.9048025,1423670400000000000,2015-02-11T16:00:00Z,2622900.0,,3a332328-9f2a-48fc-afc9-4e06c9c79891,OrderRole.Standalone,OrderType.Market,_default,,PositionEffect.Open,,2622900.0,False,,OrderSide.Buy,OrderStatus.Filled,300413.SZ,,TimeInForce.GTC,,,,1423756800000000000,2015-02-12T16:00:00Z
67.69763,227920.9958025,1423670400000000000,2015-02-11T16:00:00Z,1346700.0,,91a13a03-ee16-481d-a199-cfff40be0212,OrderRole.Standalone,OrderType.Market,_default,,PositionEffect.Open,,1346700.0,False,,OrderSide.Buy,OrderStatus.Filled,300418.SZ,,TimeInForce.GTC,,,,1423756800000000000,2015-02-12T16:00:00Z
21.56154,223377.5544,1423670400000000000,2015-02-11T16:00:00Z,4144000.0,,d92699ed-b470-4711-828b-6f713c59470f,OrderRole.Standalone,OrderType.Market,_default,,PositionEffect.Open,,4144000.0,False,,OrderSide.Buy,OrderStatus.Filled,600061.SH,,TimeInForce.GTC,,,,1423756800000000000,2015-02-12T16:00:00Z
,0.0,1423670400000000000,2015-02-11T16:00:00Z,0.0,,7e92f9e8-e69c-46e5-8db6-56a784f50cae,OrderRole.Standalone,OrderType.Market,_default,,PositionEffect.Open,,1278200.0,False,"Risk: Insufficient margin at execution. Required: 93378877.9924000000000000000, Available: 59143915.2129219886024628238",OrderSide.Buy,OrderStatus.Rejected,600570.SH,,TimeInForce.GTC,,,,1423756800000000000,2015-02-12T16:00:00Z
,0.0,1423670400000000000,2015-02-11T16:00:00Z,0.0,,63183538-db88-4486-8e3e-bca49f14984f,OrderRole.Standalone,OrderType.Market,_default,,PositionEffect.Open,,2289000.0,False,"Risk: Insufficient margin at execution. Required: 89583671.6775000000000000000, Available: 59143915.2129219886024628238",OrderSide.Buy,OrderStatus.Rejected,600588.SH,,TimeInForce.GTC,,,,1423756800000000000,2015-02-12T16:00:00Z
83.90601,238314.0449025,1423756800000000000,2015-02-12T16:00:00Z,1136100.0,,5cb86d6b-4ef3-4273-b7d1-eb23c481181f,OrderRole.Standalone,OrderType.Market,_default,,PositionEffect.Close,,1136100.0,False,,OrderSide.Sell,OrderStatus.Filled,300033.SZ,,TimeInForce.GTC,,,,1424016000000000000,2015-02-15T16:00:00Z
55.19475,238524.112125,1426694400000000000,2015-03-18T16:00:00Z,1728600.0,,8146e1be-504c-4c32-8cdd-eb9527b24570,OrderRole.Standalone,OrderType.Market,_default,,PositionEffect.Close,,1728600.0,False,,OrderSide.Sell,OrderStatus.Filled,000977.SZ,,TimeInForce.GTC,,,,1426780800000000000,2015-03-19T16:00:00Z
52.25769,242815.356585,1426694400000000000,2015-03-18T16:00:00Z,1858600.0,,67070492-0c70-4cad-8d20-7d935ff41376,OrderRole.Standalone,OrderType.Market,_default,,PositionEffect.Close,,1858600.0,False,,OrderSide.Sell,OrderStatus.Filled,002252.SZ,,TimeInForce.GTC,,,,1426780800000000000,2015-03-19T16:00:00Z
,0.0,1426694400000000000,2015-03-18T16:00:00Z,0.0,,4caa5f9a-73d1-4d5b-832b-211db87e8d19,OrderRole.Standalone,OrderType.Market,_default,,PositionEffect.Close,,185400.0,False,"Risk: Insufficient available position for 002304.SZ at execution. Available: 185399.99999999999313882170774, Required: 185400",OrderSide.Sell,OrderStatus.Rejected,002304.SZ,,TimeInForce.GTC,,,,1426780800000000000,2015-03-19T16:00:00Z
53.96598,297217.63485,1426694400000000000,2015-03-18T16:00:00Z,2203000.0,,f821ee48-d1a7-4b9b-8db3-9f076b0aadf8,OrderRole.Standalone,OrderType.Market,_default,,PositionEffect.Close,,2203000.0,False,,OrderSide.Sell,OrderStatus.Filled,300347.SZ,,TimeInForce.GTC,,,,1426780800000000000,2015-03-19T16:00:00Z
36.88308,241851.57633,1426694400000000000,2015-03-18T16:00:00Z,2622900.0,,7e741993-848f-4eef-8299-45fe27266852,OrderRole.Standalone,OrderType.Market,_default,,PositionEffect.Close,,2622900.0,False,,OrderSide.Sell,OrderStatus.Filled,300413.SZ,,TimeInForce.GTC,,,,1426780800000000000,2015-03-19T16:00:00Z
80.1198,24556.7187,1426694400000000000,2015-03-18T16:00:00Z,122600.0,,8873337d-0046-40a0-8cb9-bb3a1b1ec7a5,OrderRole.Standalone,OrderType.Market,_default,,PositionEffect.Close,,122600.0,False,,OrderSide.Sell,OrderStatus.Filled,300418.SZ,,TimeInForce.GTC,,,,1426780800000000000,2015-03-19T16:00:00Z
25.0749,15696.8874,1426694400000000000,2015-03-18T16:00:00Z,250400.0,,c65f2d52-7a6a-404f-8c29-34bd2c7cb7cd,OrderRole.Standalone,OrderType.Market,_default,,PositionEffect.Close,,250400.0,False,,OrderSide.Sell,OrderStatus.Filled,600061.SH,,TimeInForce.GTC,,,,1426780800000000000,2015-03-19T16:00:00Z
,0.0,1426694400000000000,2015-03-18T16:00:00Z,0.0,,666eea27-0bce-49a1-b59b-5aa9a703140e,OrderRole.Standalone,OrderType.Market,_default,,PositionEffect.Close,,1719300.0,False,"Symbol 002555.SZ not tradable (zero volume, suspension) at execution timestamp 1426780800000000000",OrderSide.Sell,OrderStatus.Rejected,002555.SZ,,TimeInForce.GTC,,,,1426780800000000000,2015-03-19T16:00:00Z
,0.0,1426694400000000000,2015-03-18T16:00:00Z,0.0,,f156c034-85b4-47db-8d1a-f1322ec0a7ba,OrderRole.Standalone,OrderType.Market,_default,,PositionEffect.Close,,2067900.0,False,"Symbol 300059.SZ not tradable (zero volume, suspension) at execution timestamp 1426780800000000000",OrderSide.Sell,OrderStatus.Rejected,300059.SZ,,TimeInForce.GTC,,,,1426780800000000000,2015-03-19T16:00:00Z
,0.0,1426694400000000000,2015-03-18T16:00:00Z,0.0,,681e3abc-d072-4991-bfff-88b6a4a9a0c7,OrderRole.Standalone,OrderType.Market,_default,,PositionEffect.Close,,2186400.0,False,"Symbol 002602.SZ not tradable (zero volume, suspension) at execution timestamp 1426780800000000000",OrderSide.Sell,OrderStatus.Rejected,002602.SZ,,TimeInForce.GTC,,,,1426780800000000000,2015-03-19T16:00:00Z
,0.0,1426694400000000000,2015-03-18T16:00:00Z,0.0,,7c468763-55b4-4211-aee7-2f64e0a297f6,OrderRole.Standalone,OrderType.Market,_default,,PositionEffect.Close,,1773800.0,False,"Symbol 002558.SZ not tradable (zero volume, suspension) at execution timestamp 1426780800000000000",OrderSide.Sell,OrderStatus.Rejected,002558.SZ,,TimeInForce.GTC,,,,1426780800000000000,2015-03-19T16:00:00Z
25.9259,246088.6428,1426694400000000000,2015-03-18T16:00:00Z,3796800.0,,c9b77cd7-3f3f-4914-b542-4ce1e09c2ad1,OrderRole.Standalone,OrderType.Market,_default,,PositionEffect.Open,,3796800.0,False,,OrderSide.Buy,OrderStatus.Filled,002074.SZ,,TimeInForce.GTC,,,,1426780800000000000,2015-03-19T16:00:00Z
98.098,247820.0725,1426694400000000000,2015-03-18T16:00:00Z,1010500.0,,450de5cd-749f-4307-bdc3-d54fc9386036,OrderRole.Standalone,OrderType.Market,_default,,PositionEffect.Open,,1010500.0,False,,OrderSide.Buy,OrderStatus.Filled,300033.SZ,,TimeInForce.GTC,,,,1426780800000000000,2015-03-19T16:00:00Z
40.6406,247643.4961,1426694400000000000,2015-03-18T16:00:00Z,2437400.0,,ea5e3a75-086d-4a8c-8069-72a9023ca882,OrderRole.Standalone,OrderType.Market,_default,,PositionEffect.Open,,2437400.0,False,,OrderSide.Buy,OrderStatus.Filled,600588.SH,,TimeInForce.GTC,,,,1426780800000000000,2015-03-19T16:00:00Z
86.086,243601.8585,1426694400000000000,2015-03-18T16:00:00Z,1131900.0,,28b6fd45-cf1f-4d8d-9e1d-53d0c2cee15f,OrderRole.Standalone,OrderType.Market,_default,,PositionEffect.Open,,1131900.0,False,,OrderSide.Buy,OrderStatus.Filled,601021.SH,,TimeInForce.GTC,,,,1426780800000000000,2015-03-19T16:00:00Z
10.38037,253714.4084475,1426694400000000000,2015-03-18T16:00:00Z,9776700.0,,ac6f0141-ed51-4bd6-91fc-e5438dfa2834,OrderRole.Standalone,OrderType.Market,_default,,PositionEffect.Open,,9776700.0,False,,OrderSide.Buy,OrderStatus.Filled,601390.SH,,TimeInForce.GTC,,,,1426780800000000000,2015-03-19T16:00:00Z
,0.0,1426694400000000000,2015-03-18T16:00:00Z,0.0,,69b66b98-5338-4d98-b870-d3c3e9184870,OrderRole.Standalone,OrderType.Market,_default,,PositionEffect.Open,,6548400.0,False,"Risk: Insufficient margin at execution. Required: 98832889.9958400000000000000, Available: 80649211.4216819886024628237",OrderSide.Buy,OrderStatus.Rejected,601766.SH,,TimeInForce.GTC,,,,1426780800000000000,2015-03-19T16:00:00Z
,0.0,1426694400000000000,2015-03-18T16:00:00Z,0.0,,efdc8b3d-9992-4383-a789-49a309df23a4,OrderRole.Standalone,OrderType.Market,_default,,PositionEffect.Open,,6470400.0,False,"Risk: Insufficient margin at execution. Required: 97395938.6400000000000000000, Available: 80649211.4216819886024628237",OrderSide.Buy,OrderStatus.Rejected,601800.SH,,TimeInForce.GTC,,,,1426780800000000000,2015-03-19T16:00:00Z
,0.0,1426694400000000000,2015-03-18T16:00:00Z,0.0,,e8cb6131-35f4-4703-b39d-9308be252390,OrderRole.Standalone,OrderType.Market,_default,,PositionEffect.Open,,1553800.0,False,"Risk: Insufficient margin at execution. Required: 97608560.7497000000000000000, Available: 80649211.4216819886024628237",OrderSide.Buy,OrderStatus.Rejected,603019.SH,,TimeInForce.GTC,,,,1426780800000000000,2015-03-19T16:00:00Z
80.49942,246348.350055,1426780800000000000,2015-03-19T16:00:00Z,1224100.0,,82493445-e4bf-461d-b837-e1717f3ffd2a,OrderRole.Standalone,OrderType.Market,_default,,PositionEffect.Close,,1224100.0,False,,OrderSide.Sell,OrderStatus.Filled,300418.SZ,,TimeInForce.GTC,,,,1427040000000000000,2015-03-22T16:00:00Z
26.3736,256720.6224,1426780800000000000,2015-03-19T16:00:00Z,3893600.0,,71ac0fc8-1704-4956-88c1-d5d9f837997c,OrderRole.Standalone,OrderType.Market,_default,,PositionEffect.Close,,3893600.0,False,,OrderSide.Sell,OrderStatus.Filled,600061.SH,,TimeInForce.GTC,,,,1427040000000000000,2015-03-22T16:00:00Z
42.8571,261149.73885,1426780800000000000,2015-03-19T16:00:00Z,2437400.0,,59843d21-0ee4-438b-afa8-c1f055050c5a,OrderRole.Standalone,OrderType.Market,_default,,PositionEffect.Close,,2437400.0,False,,OrderSide.Sell,OrderStatus.Filled,600588.SH,,TimeInForce.GTC,,,,1427040000000000000,2015-03-22T16:00:00Z
27.5724,261717.2208,1429200000000000000,2015-04-16T16:00:00Z,3796800.0,,e27f125c-d021-44db-8890-652fc2e0ad50,OrderRole.Standalone,OrderType.Market,_default,,PositionEffect.Close,,3796800.0,False,,OrderSide.Sell,OrderStatus.Filled,002074.SZ,,TimeInForce.GTC,,,,1429459200000000000,2015-04-19T16:00:00Z
,0.0,1429200000000000000,2015-04-16T16:00:00Z,0.0,,abec67b2-3e7c-4bcf-8c3a-87c4f589f3ba,OrderRole.Standalone,OrderType.Market,_default,,PositionEffect.Close,,185400.0,False,"Risk: Insufficient available position for 002304.SZ at execution. Available: 185399.99999999999313882170774, Required: 185400",OrderSide.Sell,OrderStatus.Rejected,002304.SZ,,TimeInForce.GTC,,,,1429459200000000000,2015-04-19T16:00:00Z
135.864,57436.506,1429200000000000000,2015-04-16T16:00:00Z,169100.0,,e11b7d4b-37f4-4e2d-81e1-de022d6ddd01,OrderRole.Standalone,OrderType.Market,_default,,PositionEffect.Close,,169100.0,False,,OrderSide.Sell,OrderStatus.Filled,300033.SZ,,TimeInForce.GTC,,,,1429459200000000000,2015-04-19T16:00:00Z
96.23367,272317.2276825,1429200000000000000,2015-04-16T16:00:00Z,1131900.0,,5b6af67b-b043-45bc-9d79-d6700f2abc35,OrderRole.Standalone,OrderType.Market,_default,,PositionEffect.Close,,1131900.0,False,,OrderSide.Sell,OrderStatus.Filled,601021.SH,,TimeInForce.GTC,,,,1429459200000000000,2015-04-19T16:00:00Z
18.87111,461242.9528425,1429200000000000000,2015-04-16T16:00:00Z,9776700.0,,15f1d5fc-5ef5-47da-8e4e-b788a4b6d255,OrderRole.Standalone,OrderType.Market,_default,,PositionEffect.Close,,9776700.0,False,,OrderSide.Sell,OrderStatus.Filled,601390.SH,,TimeInForce.GTC,,,,1429459200000000000,2015-04-19T16:00:00Z
,0.0,1429200000000000000,2015-04-16T16:00:00Z,0.0,,213d45a4-e2b6-4ed6-893e-cd4a0d7a11d4,OrderRole.Standalone,OrderType.Market,_default,,PositionEffect.Close,,1719300.0,False,"Symbol 002555.SZ not tradable (zero volume, suspension) at execution timestamp 1429459200000000000",OrderSide.Sell,OrderStatus.Rejected,002555.SZ,,TimeInForce.GTC,,,,1429459200000000000,2015-04-19T16:00:00Z
,0.0,1429200000000000000,2015-04-16T16:00:00Z,0.0,,a6f2ede4-be50-4682-86a2-60fdc9d05f86,OrderRole.Standalone,OrderType.Market,_default,,PositionEffect.Close,,2186400.0,False,"Symbol 002602.SZ not tradable (zero volume, suspension) at execution timestamp 1429459200000000000",OrderSide.Sell,OrderStatus.Rejected,002602.SZ,,TimeInForce.GTC,,,,1429459200000000000,2015-04-19T16:00:00Z
,0.0,1429200000000000000,2015-04-16T16:00:00Z,0.0,,593a7edd-7e83-4429-8c3a-f53466db2803,OrderRole.Standalone,OrderType.Market,_default,,PositionEffect.Close,,1773800.0,False,"Symbol 002558.SZ not tradable (zero volume, suspension) at execution timestamp 1429459200000000000",OrderSide.Sell,OrderStatus.Rejected,002558.SZ,,TimeInForce.GTC,,,,1429459200000000000,2015-04-19T16:00:00Z
40.1401,282656.549175,1429200000000000000,2015-04-16T16:00:00Z,2816700.0,,e35bff10-f6e3-4b76-b87b-aa5fdda1e39e,OrderRole.Standalone,OrderType.Market,_default,,PositionEffect.Open,,2816700.0,False,,OrderSide.Buy,OrderStatus.Filled,002410.SZ,,TimeInForce.GTC,,,,1429459200000000000,2015-04-19T16:00:00Z
24.40438,281949.903235,1429200000000000000,2015-04-16T16:00:00Z,4621300.0,,ea07688b-76b4-4bbb-86a4-c011f7605cff,OrderRole.Standalone,OrderType.Market,_default,,PositionEffect.Open,,4621300.0,False,,OrderSide.Buy,OrderStatus.Filled,002460.SZ,,TimeInForce.GTC,,,,1429459200000000000,2015-04-19T16:00:00Z
35.87584,310164.57472,1429200000000000000,2015-04-16T16:00:00Z,3458200.0,,56a8ca39-4841-4d88-9b51-431a59f7e466,OrderRole.Standalone,OrderType.Market,_default,,PositionEffect.Open,,3458200.0,False,,OrderSide.Buy,OrderStatus.Filled,002625.SZ,,TimeInForce.GTC,,,,1429459200000000000,2015-04-19T16:00:00Z
81.081,279080.802,1429200000000000000,2015-04-16T16:00:00Z,1376800.0,,54c44d29-4e99-4536-99c2-83ed41aa6345,OrderRole.Standalone,OrderType.Market,_default,,PositionEffect.Open,,1376800.0,False,,OrderSide.Buy,OrderStatus.Filled,300347.SZ,,TimeInForce.GTC,,,,1429459200000000000,2015-04-19T16:00:00Z
28.5285,294670.8765,1429200000000000000,2015-04-16T16:00:00Z,4131600.0,,75d8b530-5506-4cc9-a062-6b7306411684,OrderRole.Standalone,OrderType.Market,_default,,PositionEffect.Open,,4131600.0,False,,OrderSide.Buy,OrderStatus.Filled,600196.SH,,TimeInForce.GTC,,,,1429459200000000000,2015-04-19T16:00:00Z
42.01197,277321.01397,1429200000000000000,2015-04-16T16:00:00Z,2640400.0,,d96bf967-2a08-472f-a929-ccd8bfdcceb9,OrderRole.Standalone,OrderType.Market,_default,,PositionEffect.Open,,2640400.0,False,,OrderSide.Buy,OrderStatus.Filled,600588.SH,,TimeInForce.GTC,,,,1429459200000000000,2015-04-19T16:00:00Z
,0.0,1429200000000000000,2015-04-16T16:00:00Z,0.0,,5ac1e306-9838-46fc-8eba-5b62b784cca9,OrderRole.Standalone,OrderType.Market,_default,,PositionEffect.Open,,7754200.0,False,"Risk: Insufficient margin at execution. Required: 124346118.1862900000000000000, Available: 103067831.2940319836655095775",OrderSide.Buy,OrderStatus.Rejected,601727.SH,,TimeInForce.GTC,,,,1429459200000000000,2015-04-19T16:00:00Z
,0.0,1429200000000000000,2015-04-16T16:00:00Z,0.0,,2c0a838a-cdd0-4229-b2ab-7b9a4c31bbb7,OrderRole.Standalone,OrderType.Market,_default,,PositionEffect.Open,,3140100.0,False,"Risk: Insufficient margin at execution. Required: 124373845.9638675000000000000, Available: 103067831.2940319836655095775",OrderSide.Buy,OrderStatus.Rejected,601766.SH,,TimeInForce.GTC,,,,1429459200000000000,2015-04-19T16:00:00Z
39.19916,26439.83342,1429200000000000000,2015-04-16T16:00:00Z,269800.0,,6cdfedf3-5cc3-4fae-a851-853e6ed26e1f,OrderRole.Standalone,OrderType.Market,_default,,PositionEffect.Open,,269800.0,False,,OrderSide.Buy,OrderStatus.Filled,300059.SZ,,TimeInForce.GTC,,,,1429459200000000000,2015-04-19T16:00:00Z
138.1617,290623.13595,1429459200000000000,2015-04-19T16:00:00Z,841400.0,,16b3d248-e2e6-44eb-a125-652232edaa65,OrderRole.Standalone,OrderType.Market,_default,,PositionEffect.Close,,841400.0,False,,OrderSide.Sell,OrderStatus.Filled,300033.SZ,,TimeInForce.GTC,,,,1429545600000000000,2015-04-20T16:00:00Z
,0.0,1431878400000000000,2015-05-17T16:00:00Z,0.0,,1d1159c9-2e30-440d-830a-91684468b200,OrderRole.Standalone,OrderType.Market,_default,,PositionEffect.Close,,185400.0,False,"Risk: Insufficient available position for 002304.SZ at execution. Available: 185399.99999999999313882170774, Required: 185400",OrderSide.Sell,OrderStatus.Rejected,002304.SZ,,TimeInForce.GTC,,,,1431964800000000000,2015-05-18T16:00:00Z
33.966,358765.875,1431878400000000000,2015-05-17T16:00:00Z,4225000.0,,d22701bb-fd70-434c-9006-30ec22a734e3,OrderRole.Standalone,OrderType.Market,_default,,PositionEffect.Close,,4225000.0,False,,OrderSide.Sell,OrderStatus.Filled,002410.SZ,,TimeInForce.GTC,,,,1431964800000000000,2015-05-18T16:00:00Z
62.22771,268465.8978675,1431878400000000000,2015-05-17T16:00:00Z,1725700.0,,fbde184e-5091-410b-8ab1-623290f63b0f,OrderRole.Standalone,OrderType.Market,_default,,PositionEffect.Close,,1725700.0,False,,OrderSide.Sell,OrderStatus.Filled,002555.SZ,,TimeInForce.GTC,,,,1431964800000000000,2015-05-18T16:00:00Z
91.89801,379354.98528,1431878400000000000,2015-05-17T16:00:00Z,1651200.0,,1bd0fa9a-d49e-42cd-9026-69c313ff744f,OrderRole.Standalone,OrderType.Market,_default,,PositionEffect.Close,,1651200.0,False,,OrderSide.Sell,OrderStatus.Filled,002625.SZ,,TimeInForce.GTC,,,,1431964800000000000,2015-05-18T16:00:00Z
79.7202,208488.25305,1431878400000000000,2015-05-17T16:00:00Z,1046100.0,,cec0da59-d3c8-4762-944d-bdf54a066485,OrderRole.Standalone,OrderType.Market,_default,,PositionEffect.Close,,1046100.0,False,,OrderSide.Sell,OrderStatus.Filled,300059.SZ,,TimeInForce.GTC,,,,1431964800000000000,2015-05-18T16:00:00Z
21.6783,5.419575,1431878400000000000,2015-05-17T16:00:00Z,100.0,,d701b405-27ab-43cb-a85b-e8cc35f7b469,OrderRole.Standalone,OrderType.Market,_default,,PositionEffect.Close,,100.0,False,,OrderSide.Sell,OrderStatus.Filled,300316.SZ,,TimeInForce.GTC,,,,1431964800000000000,2015-05-18T16:00:00Z
94.91499,326697.39558,1431878400000000000,2015-05-17T16:00:00Z,1376800.0,,1c84d5bd-fd31-450d-98f7-dce291dbb529,OrderRole.Standalone,OrderType.Market,_default,,PositionEffect.Close,,1376800.0,False,,OrderSide.Sell,OrderStatus.Filled,300347.SZ,,TimeInForce.GTC,,,,1431964800000000000,2015-05-18T16:00:00Z
28.05192,289748.28168,1431878400000000000,2015-05-17T16:00:00Z,4131600.0,,2a164ea3-5baa-4a2a-8693-fee15a593d55,OrderRole.Standalone,OrderType.Market,_default,,PositionEffect.Close,,4131600.0,False,,OrderSide.Sell,OrderStatus.Filled,600196.SH,,TimeInForce.GTC,,,,1431964800000000000,2015-05-18T16:00:00Z
50.73921,401905.28241,1431878400000000000,2015-05-17T16:00:00Z,3168400.0,,27866a86-d666-4caa-a68a-ae026c6e618d,OrderRole.Standalone,OrderType.Market,_default,,PositionEffect.Close,,3168400.0,False,,OrderSide.Sell,OrderStatus.Filled,600588.SH,,TimeInForce.GTC,,,,1431964800000000000,2015-05-18T16:00:00Z
,0.0,1431878400000000000,2015-05-17T16:00:00Z,0.0,,d47d924e-6b2f-4358-a9c5-296eb480c03b,OrderRole.Standalone,OrderType.Market,_default,,PositionEffect.Close,,4621300.0,False,"Symbol 002460.SZ not tradable (zero volume, suspension) at execution timestamp 1431964800000000000",OrderSide.Sell,OrderStatus.Rejected,002460.SZ,,TimeInForce.GTC,,,,1431964800000000000,2015-05-18T16:00:00Z
,0.0,1431878400000000000,2015-05-17T16:00:00Z,0.0,,ec36bcb6-4723-43a4-914f-00b54c09e902,OrderRole.Standalone,OrderType.Market,_default,,PositionEffect.Close,,2186400.0,False,"Symbol 002602.SZ not tradable (zero volume, suspension) at execution timestamp 1431964800000000000",OrderSide.Sell,OrderStatus.Rejected,002602.SZ,,TimeInForce.GTC,,,,1431964800000000000,2015-05-18T16:00:00Z
,0.0,1431878400000000000,2015-05-17T16:00:00Z,0.0,,685ecba8-02ea-4bb9-bd8d-dd3027f02d79,OrderRole.Standalone,OrderType.Market,_default,,PositionEffect.Close,,1773800.0,False,"Symbol 002558.SZ not tradable (zero volume, suspension) at execution timestamp 1431964800000000000",OrderSide.Sell,OrderStatus.Rejected,002558.SZ,,TimeInForce.GTC,,,,1431964800000000000,2015-05-18T16:00:00Z
15.8158,405347.09215,1431878400000000000,2015-05-17T16:00:00Z,10251700.0,,d5df64a9-5f21-42cd-bc28-d888104c1b27,OrderRole.Standalone,OrderType.Market,_default,,PositionEffect.Open,,10251700.0,False,,OrderSide.Buy,OrderStatus.Filled,000617.SZ,,TimeInForce.GTC,,,,1431964800000000000,2015-05-18T16:00:00Z
28.47845,454694.0523125,1431878400000000000,2015-05-17T16:00:00Z,6386500.0,,682ac410-468a-4ca1-81ce-afe341ac833f,OrderRole.Standalone,OrderType.Market,_default,,PositionEffect.Open,,6386500.0,False,,OrderSide.Buy,OrderStatus.Filled,002180.SZ,,TimeInForce.GTC,,,,1431964800000000000,2015-05-18T16:00:00Z
11.011,411428.76775,1431878400000000000,2015-05-17T16:00:00Z,14946100.0,,f80487a5-910d-4558-b0d0-53b49379d539,OrderRole.Standalone,OrderType.Market,_default,,PositionEffect.Open,,14946100.0,False,,OrderSide.Buy,OrderStatus.Filled,002600.SZ,,TimeInForce.GTC,,,,1431964800000000000,2015-05-18T16:00:00Z
109.11901,405868.157695,1431878400000000000,2015-05-17T16:00:00Z,1487800.0,,f608335e-6d7d-4e5a-b040-a706cb446a4e,OrderRole.Standalone,OrderType.Market,_default,,PositionEffect.Open,,1487800.0,False,,OrderSide.Buy,OrderStatus.Filled,300033.SZ,,TimeInForce.GTC,,,,1431964800000000000,2015-05-18T16:00:00Z
43.3433,406809.377975,1431878400000000000,2015-05-17T16:00:00Z,3754300.0,,f5a2d63e-ccd2-43fd-a64b-0ccd1871cfb1,OrderRole.Standalone,OrderType.Market,_default,,PositionEffect.Open,,3754300.0,False,,OrderSide.Buy,OrderStatus.Filled,300223.SZ,,TimeInForce.GTC,,,,1431964800000000000,2015-05-18T16:00:00Z
75.5755,413568.029875,1431878400000000000,2015-05-17T16:00:00Z,2188900.0,,9409b45c-27ba-479f-84d4-12f998135825,OrderRole.Standalone,OrderType.Market,_default,,PositionEffect.Open,,2188900.0,False,,OrderSide.Buy,OrderStatus.Filled,300413.SZ,,TimeInForce.GTC,,,,1431964800000000000,2015-05-18T16:00:00Z
,0.0,1431878400000000000,2015-05-17T16:00:00Z,0.0,,4761652d-06b6-4017-9b7f-fcd8f2e83f1d,OrderRole.Standalone,OrderType.Market,_default,,PositionEffect.Open,,11382100.0,False,"Risk: Insufficient margin at execution. Required: 166760700.7566500000000000000, Available: 110670244.7438819962965293632",OrderSide.Buy,OrderStatus.Rejected,601669.SH,,TimeInForce.GTC,,,,1431964800000000000,2015-05-18T16:00:00Z
85.40451,385814.873925,1431964800000000000,2015-05-18T16:00:00Z,1807000.0,,493cd009-3b6f-454f-a25a-ba29a68395a4,OrderRole.Standalone,OrderType.Market,_default,,PositionEffect.Close,,1807000.0,False,,OrderSide.Sell,OrderStatus.Filled,002625.SZ,,TimeInForce.GTC,,,,1432051200000000000,2015-05-19T16:00:00Z
,0.0,1431964800000000000,2015-05-18T16:00:00Z,0.0,,a5fadd88-5087-4a9a-86e5-388468c89a87,OrderRole.Standalone,OrderType.Market,_default,,PositionEffect.Close,,2118760.0,False,"Risk: Insufficient available position for 300059.SZ at execution. Available: 2118759.9999999998163335845888, Required: 2118760",OrderSide.Sell,OrderStatus.Rejected,300059.SZ,,TimeInForce.GTC,,,,1432051200000000000,2015-05-19T16:00:00Z
20.62935,528714.7684875,1434297600000000000,2015-06-14T16:00:00Z,10251700.0,,816c1457-f280-4327-84ad-aa3d961cb4d6,OrderRole.Standalone,OrderType.Market,_default,,PositionEffect.Close,,10251700.0,False,,OrderSide.Sell,OrderStatus.Filled,000617.SZ,,TimeInForce.GTC,,,,1434384000000000000,2015-06-15T16:00:00Z
68.931,610228.91025,1434297600000000000,2015-06-14T16:00:00Z,3541100.0,,f7da1aec-6a93-4577-a9ca-8be8b1d5c2c1,OrderRole.Standalone,OrderType.Market,_default,,PositionEffect.Close,,3541100.0,False,,OrderSide.Sell,OrderStatus.Filled,002180.SZ,,TimeInForce.GTC,,,,1434384000000000000,2015-06-15T16:00:00Z
,0.0,1434297600000000000,2015-06-14T16:00:00Z,0.0,,d3945710-bf6d-46f1-8fec-ffe139161416,OrderRole.Standalone,OrderType.Market,_default,,PositionEffect.Close,,185400.0,False,"Risk: Insufficient available position for 002304.SZ at execution. Available: 185399.99999999999313882170774, Required: 185400",OrderSide.Sell,OrderStatus.Rejected,002304.SZ,,TimeInForce.GTC,,,,1434384000000000000,2015-06-15T16:00:00Z
32.58738,376490.147985,1434297600000000000,2015-06-14T16:00:00Z,4621300.0,,f6138fd6-fd5c-443f-8bd9-2be8f256094e,OrderRole.Standalone,OrderType.Market,_default,,PositionEffect.Close,,4621300.0,False,,OrderSide.Sell,OrderStatus.Filled,002460.SZ,,TimeInForce.GTC,,,,1434384000000000000,2015-06-15T16:00:00Z
52.8471,385308.2061,1434297600000000000,2015-06-14T16:00:00Z,2916400.0,,3751a493-75f3-4a59-be8b-515a16940c75,OrderRole.Standalone,OrderType.Market,_default,,PositionEffect.Close,,2916400.0,False,,OrderSide.Sell,OrderStatus.Filled,002555.SZ,,TimeInForce.GTC,,,,1434384000000000000,2015-06-15T16:00:00Z
97.902,364146.489,1434297600000000000,2015-06-14T16:00:00Z,1487800.0,,879e22d3-9431-4d79-83b2-13e3c14519d5,OrderRole.Standalone,OrderType.Market,_default,,PositionEffect.Close,,1487800.0,False,,OrderSide.Sell,OrderStatus.Filled,300033.SZ,,TimeInForce.GTC,,,,1434384000000000000,2015-06-15T16:00:00Z
71.78814,380243.830545,1434297600000000000,2015-06-14T16:00:00Z,2118700.0,,d77df998-4f7b-4023-89ab-3faf3e4020b2,OrderRole.Standalone,OrderType.Market,_default,,PositionEffect.Close,,2118700.0,False,,OrderSide.Sell,OrderStatus.Filled,300059.SZ,,TimeInForce.GTC,,,,1434384000000000000,2015-06-15T16:00:00Z
45.8541,430375.119075,1434297600000000000,2015-06-14T16:00:00Z,3754300.0,,f1c1936b-d3a8-4f12-8cb4-ace56113064d,OrderRole.Standalone,OrderType.Market,_default,,PositionEffect.Close,,3754300.0,False,,OrderSide.Sell,OrderStatus.Filled,300223.SZ,,TimeInForce.GTC,,,,1434384000000000000,2015-06-15T16:00:00Z
64.94499,355395.2215275,1434297600000000000,2015-06-14T16:00:00Z,2188900.0,,5785a9a7-2b1e-4bb1-88c7-543e61c9a096,OrderRole.Standalone,OrderType.Market,_default,,PositionEffect.Close,,2188900.0,False,,OrderSide.Sell,OrderStatus.Filled,300413.SZ,,TimeInForce.GTC,,,,1434384000000000000,2015-06-15T16:00:00Z
,0.0,1434297600000000000,2015-06-14T16:00:00Z,0.0,,f5fa0cd9-c492-4d64-9056-7ef8d6e0717a,OrderRole.Standalone,OrderType.Market,_default,,PositionEffect.Close,,14946100.0,False,"Symbol 002600.SZ not tradable (zero volume, suspension) at execution timestamp 1434384000000000000",OrderSide.Sell,OrderStatus.Rejected,002600.SZ,,TimeInForce.GTC,,,,1434384000000000000,2015-06-15T16:00:00Z
,0.0,1434297600000000000,2015-06-14T16:00:00Z,0.0,,82bdacc7-c8e7-47c6-b118-07f284fb8095,OrderRole.Standalone,OrderType.Market,_default,,PositionEffect.Close,,2186400.0,False,"Symbol 002602.SZ not tradable (zero volume, suspension) at execution timestamp 1434384000000000000",OrderSide.Sell,OrderStatus.Rejected,002602.SZ,,TimeInForce.GTC,,,,1434384000000000000,2015-06-15T16:00:00Z
,0.0,1434297600000000000,2015-06-14T16:00:00Z,0.0,,06b8e27c-3974-47c0-a764-0dbfd67a746a,OrderRole.Standalone,OrderType.Market,_default,,PositionEffect.Close,,1773800.0,False,"Symbol 002558.SZ not tradable (zero volume, suspension) at execution timestamp 1434384000000000000",OrderSide.Sell,OrderStatus.Rejected,002558.SZ,,TimeInForce.GTC,,,,1434384000000000000,2015-06-15T16:00:00Z
59.29924,551453.28238,1434297600000000000,2015-06-14T16:00:00Z,3719800.0,,a3f16200-43b5-4108-ba11-f7f6771695f6,OrderRole.Standalone,OrderType.Market,_default,,PositionEffect.Open,,3719800.0,False,,OrderSide.Buy,OrderStatus.Filled,002601.SZ,,TimeInForce.GTC,,,,1434384000000000000,2015-06-15T16:00:00Z
31.6316,495018.7242,1434297600000000000,2015-06-14T16:00:00Z,6259800.0,,3cc53188-5a56-4f35-8ce5-48a7caa3a793,OrderRole.Standalone,OrderType.Market,_default,,PositionEffect.Open,,6259800.0,False,,OrderSide.Buy,OrderStatus.Filled,002736.SZ,,TimeInForce.GTC,,,,1434384000000000000,2015-06-15T16:00:00Z
30.18015,551398.8855375,1434297600000000000,2015-06-14T16:00:00Z,7308100.0,,34d8d8d8-677a-46e7-a301-aa38f7a34f4c,OrderRole.Standalone,OrderType.Market,_default,,PositionEffect.Open,,7308100.0,False,,OrderSide.Buy,OrderStatus.Filled,300476.SZ,,TimeInForce.GTC,,,,1434384000000000000,2015-06-15T16:00:00Z
3.84384,497404.42752,1434297600000000000,2015-06-14T16:00:00Z,51761200.0,,f829c426-7bbc-4ff5-b94f-c12c24ab190e,OrderRole.Standalone,OrderType.Market,_default,,PositionEffect.Open,,51761200.0,False,,OrderSide.Buy,OrderStatus.Filled,601288.SH,,TimeInForce.GTC,,,,1434384000000000000,2015-06-15T16:00:00Z
5.29529,498462.8573925,1434297600000000000,2015-06-14T16:00:00Z,37653300.0,,c7a66c9b-2fe1-4dfc-a099-2f71e5daad71,OrderRole.Standalone,OrderType.Market,_default,,PositionEffect.Open,,37653300.0,False,,OrderSide.Buy,OrderStatus.Filled,601398.SH,,TimeInForce.GTC,,,,1434384000000000000,2015-06-15T16:00:00Z
6.85685,497658.1735125,1434297600000000000,2015-06-14T16:00:00Z,29031300.0,,5df93787-23b2-4bbb-a131-3686272c51f5,OrderRole.Standalone,OrderType.Market,_default,,PositionEffect.Open,,29031300.0,False,,OrderSide.Buy,OrderStatus.Filled,601939.SH,,TimeInForce.GTC,,,,1434384000000000000,2015-06-15T16:00:00Z
7.15715,551419.043175,1434297600000000000,2015-06-14T16:00:00Z,30817800.0,,8f34b0a6-a6b8-442d-96f0-4f778863d99f,OrderRole.Standalone,OrderType.Market,_default,,PositionEffect.Open,,30817800.0,False,,OrderSide.Buy,OrderStatus.Filled,601985.SH,,TimeInForce.GTC,,,,1434384000000000000,2015-06-15T16:00:00Z
,0.0,1434297600000000000,2015-06-14T16:00:00Z,0.0,,eb1c41b7-da5c-4ecc-9419-2ded28835d61,OrderRole.Standalone,OrderType.Market,_default,,PositionEffect.Open,,40386300.0,False,"Risk: Insufficient margin at execution. Required: 199396544.8374900000000000000, Available: 173872365.4542694665402519655",OrderSide.Buy,OrderStatus.Rejected,601988.SH,,TimeInForce.GTC,,,,1434384000000000000,2015-06-15T16:00:00Z
,0.0,1434297600000000000,2015-06-14T16:00:00Z,0.0,,af1fbe15-2a2f-4db0-8ae5-1fe9e6df7b01,OrderRole.Standalone,OrderType.Market,_default,,PositionEffect.Open,,24791500.0,False,"Risk: Insufficient margin at execution. Required: 199026657.8300000000000000000, Available: 173872365.4542694665402519655",OrderSide.Buy,OrderStatus.Rejected,601998.SH,,TimeInForce.GTC,,,,1434384000000000000,2015-06-15T16:00:00Z
61.12881,434839.789935,1434384000000000000,2015-06-15T16:00:00Z,2845400.0,,f6255b6d-6148-4c14-9db6-6f6a475cc8be,OrderRole.Standalone,OrderType.Market,_default,,PositionEffect.Close,,2845400.0,False,,OrderSide.Sell,OrderStatus.Filled,002180.SZ,,TimeInForce.GTC,,,,1434470400000000000,2015-06-16T16:00:00Z
68.931,44718.98625,1436803200000000000,2015-07-13T16:00:00Z,259500.0,,efd32f16-c69e-49a5-90c8-6ff9ee13e081,OrderRole.Standalone,OrderType.Market,_default,,PositionEffect.Close,,259500.0,False,,OrderSide.Sell,OrderStatus.Filled,002304.SZ,,TimeInForce.GTC,,,,1436889600000000000,2015-07-14T16:00:00Z
7.992,298623.078,1436803200000000000,2015-07-13T16:00:00Z,14946100.0,,35cfc715-3962-4e66-90a6-020a4a189c75,OrderRole.Standalone,OrderType.Market,_default,,PositionEffect.Close,,14946100.0,False,,OrderSide.Sell,OrderStatus.Filled,002600.SZ,,TimeInForce.GTC,,,,1436889600000000000,2015-07-14T16:00:00Z
37.5624,349311.5388,1436803200000000000,2015-07-13T16:00:00Z,3719800.0,,63d1a30e-10ce-4f2f-bf94-3975b43a389a,OrderRole.Standalone,OrderType.Market,_default,,PositionEffect.Close,,3719800.0,False,,OrderSide.Sell,OrderStatus.Filled,002601.SZ,,TimeInForce.GTC,,,,1436889600000000000,2015-07-14T16:00:00Z
22.8771,358015.17645,1436803200000000000,2015-07-13T16:00:00Z,6259800.0,,f93bda20-6c9e-49ec-95f6-47e871f9b6d8,OrderRole.Standalone,OrderType.Market,_default,,PositionEffect.Close,,6259800.0,False,,OrderSide.Sell,OrderStatus.Filled,002736.SZ,,TimeInForce.GTC,,,,1436889600000000000,2015-07-14T16:00:00Z
40.959,748331.16975,1436803200000000000,2015-07-13T16:00:00Z,7308100.0,,1c8c3df3-717c-48bf-a8d9-fd42c7f509e3,OrderRole.Standalone,OrderType.Market,_default,,PositionEffect.Close,,7308100.0,False,,OrderSide.Sell,OrderStatus.Filled,300476.SZ,,TimeInForce.GTC,,,,1436889600000000000,2015-07-14T16:00:00Z
3.67632,475726.83696,1436803200000000000,2015-07-13T16:00:00Z,51761200.0,,8a0fd2be-08d7-4732-aeff-4624b8779414,OrderRole.Standalone,OrderType.Market,_default,,PositionEffect.Close,,51761200.0,False,,OrderSide.Sell,OrderStatus.Filled,601288.SH,,TimeInForce.GTC,,,,1436889600000000000,2015-07-14T16:00:00Z
5.10489,480539.8865925,1436803200000000000,2015-07-13T16:00:00Z,37653300.0,,0b3f35df-f6bf-462e-aa3e-7767df030d94,OrderRole.Standalone,OrderType.Market,_default,,PositionEffect.Close,,37653300.0,False,,OrderSide.Sell,OrderStatus.Filled,601398.SH,,TimeInForce.GTC,,,,1436889600000000000,2015-07-14T16:00:00Z
6.62337,480712.6037025,1436803200000000000,2015-07-13T16:00:00Z,29031300.0,,a8161140-a12a-47bf-a6b0-897197aa99ee,OrderRole.Standalone,OrderType.Market,_default,,PositionEffect.Close,,29031300.0,False,,OrderSide.Sell,OrderStatus.Filled,601939.SH,,TimeInForce.GTC,,,,1436889600000000000,2015-07-14T16:00:00Z
10.96902,845102.66139,1436803200000000000,2015-07-13T16:00:00Z,30817800.0,,7a11499b-63a8-4e00-8e58-57fffbc3bdd2,OrderRole.Standalone,OrderType.Market,_default,,PositionEffect.Close,,30817800.0,False,,OrderSide.Sell,OrderStatus.Filled,601985.SH,,TimeInForce.GTC,,,,1436889600000000000,2015-07-14T16:00:00Z
,0.0,1436803200000000000,2015-07-13T16:00:00Z,0.0,,7b2ab35f-5d9a-46e1-b36c-3fefe1d467e4,OrderRole.Standalone,OrderType.Market,_default,,PositionEffect.Close,,2186400.0,False,"Symbol 002602.SZ not tradable (zero volume, suspension) at execution timestamp 1436889600000000000",OrderSide.Sell,OrderStatus.Rejected,002602.SZ,,TimeInForce.GTC,,,,1436889600000000000,2015-07-14T16:00:00Z
,0.0,1436803200000000000,2015-07-13T16:00:00Z,0.0,,8410be7c-4454-48d5-81a6-3f3207667656,OrderRole.Standalone,OrderType.Market,_default,,PositionEffect.Close,,1773800.0,False,"Symbol 002558.SZ not tradable (zero volume, suspension) at execution timestamp 1436889600000000000",OrderSide.Sell,OrderStatus.Rejected,002558.SZ,,TimeInForce.GTC,,,,1436889600000000000,2015-07-14T16:00:00Z
13.49348,532412.24036,1436803200000000000,2015-07-13T16:00:00Z,15782800.0,,26426a69-9d01-4e85-8a7d-e081f035e77d,OrderRole.Standalone,OrderType.Market,_default,,PositionEffect.Open,,15782800.0,False,,OrderSide.Buy,OrderStatus.Filled,000657.SZ,,TimeInForce.GTC,,,,1436889600000000000,2015-07-14T16:00:00Z
26.38636,532292.04028,1436803200000000000,2015-07-13T16:00:00Z,8069200.0,,755ebf57-210a-4bd2-a623-3dab259b22a0,OrderRole.Standalone,OrderType.Market,_default,,PositionEffect.Open,,8069200.0,False,,OrderSide.Buy,OrderStatus.Filled,000977.SZ,,TimeInForce.GTC,,,,1436889600000000000,2015-07-14T16:00:00Z
10.19018,532475.118175,1436803200000000000,2015-07-13T16:00:00Z,20901500.0,,7c7fe334-866e-4561-b6c0-68abdd38181a,OrderRole.Standalone,OrderType.Market,_default,,PositionEffect.Open,,20901500.0,False,,OrderSide.Buy,OrderStatus.Filled,002050.SZ,,TimeInForce.GTC,,,,1436889600000000000,2015-07-14T16:00:00Z
14.06405,532327.8085125,1436803200000000000,2015-07-13T16:00:00Z,15140100.0,,3bf679e2-e215-400f-8c41-8a1680754f05,OrderRole.Standalone,OrderType.Market,_default,,PositionEffect.Open,,15140100.0,False,,OrderSide.Buy,OrderStatus.Filled,002532.SZ,,TimeInForce.GTC,,,,1436889600000000000,2015-07-14T16:00:00Z
17.87786,532094.277715,1436803200000000000,2015-07-13T16:00:00Z,11905100.0,,4145b1ff-aa9e-42b1-9cc5-edad551d4390,OrderRole.Standalone,OrderType.Market,_default,,PositionEffect.Open,,11905100.0,False,,OrderSide.Buy,OrderStatus.Filled,002603.SZ,,TimeInForce.GTC,,,,1436889600000000000,2015-07-14T16:00:00Z
23.98396,532258.03631,1436803200000000000,2015-07-13T16:00:00Z,8876900.0,,d9e04a31-0ad7-406a-bcbc-3147c9155460,OrderRole.Standalone,OrderType.Market,_default,,PositionEffect.Open,,8876900.0,False,,OrderSide.Buy,OrderStatus.Filled,300122.SZ,,TimeInForce.GTC,,,,1436889600000000000,2015-07-14T16:00:00Z
12.37236,532042.4109,1436803200000000000,2015-07-13T16:00:00Z,17201000.0,,05c5acae-a539-4896-99d5-b91cb1388f1e,OrderRole.Standalone,OrderType.Market,_default,,PositionEffect.Open,,17201000.0,False,,OrderSide.Buy,OrderStatus.Filled,600438.SH,,TimeInForce.GTC,,,,1436889600000000000,2015-07-14T16:00:00Z
86.06598,467617.985835,1436803200000000000,2015-07-13T16:00:00Z,2173300.0,,635e5b35-5f80-40f0-bdb2-ab2eac2a0bfa,OrderRole.Standalone,OrderType.Market,_default,,PositionEffect.Open,,2173300.0,False,,OrderSide.Buy,OrderStatus.Filled,600570.SH,,TimeInForce.GTC,,,,1436889600000000000,2015-07-14T16:00:00Z
36.036,494963.469,1436803200000000000,2015-07-13T16:00:00Z,5494100.0,,6c68fb84-b7ec-4510-b65d-bf69d429112f,OrderRole.Standalone,OrderType.Market,_default,,PositionEffect.Open,,5494100.0,False,,OrderSide.Buy,OrderStatus.Filled,600745.SH,,TimeInForce.GTC,,,,1436889600000000000,2015-07-14T16:00:00Z
,0.0,1436803200000000000,2015-07-13T16:00:00Z,0.0,,e20183cf-43be-4d5c-8b23-da5fe891cc2e,OrderRole.Standalone,OrderType.Market,_default,,PositionEffect.Open,,6618900.0,False,"Risk: Insufficient margin at execution. Required: 213410117.0626425000000000000, Available: 125081616.6363519555082359980",OrderSide.Buy,OrderStatus.Rejected,601799.SH,,TimeInForce.GTC,,,,1436889600000000000,2015-07-14T16:00:00Z
30.82914,621916.24122,1439222400000000000,2015-08-10T16:00:00Z,8069200.0,,f8714969-acac-4501-92da-ea07fbf5caef,OrderRole.Standalone,OrderType.Market,_default,,PositionEffect.Close,,8069200.0,False,,OrderSide.Sell,OrderStatus.Filled,000977.SZ,,TimeInForce.GTC,,,,1439308800000000000,2015-08-11T16:00:00Z
10.59939,553857.8752125,1439222400000000000,2015-08-10T16:00:00Z,20901500.0,,202ef686-14ba-4e32-9435-acf1d4780b9f,OrderRole.Standalone,OrderType.Market,_default,,PositionEffect.Close,,20901500.0,False,,OrderSide.Sell,OrderStatus.Filled,002050.SZ,,TimeInForce.GTC,,,,1439308800000000000,2015-08-11T16:00:00Z
14.47551,547901.6723775,1439222400000000000,2015-08-10T16:00:00Z,15140100.0,,39713725-5795-40df-bfef-6b00819a7737,OrderRole.Standalone,OrderType.Market,_default,,PositionEffect.Close,,15140100.0,False,,OrderSide.Sell,OrderStatus.Filled,002532.SZ,,TimeInForce.GTC,,,,1439308800000000000,2015-08-11T16:00:00Z
18.94104,563737.43826,1439222400000000000,2015-08-10T16:00:00Z,11905100.0,,1a4b12f8-db67-4e55-b5b4-3c27e8593bc1,OrderRole.Standalone,OrderType.Market,_default,,PositionEffect.Close,,11905100.0,False,,OrderSide.Sell,OrderStatus.Filled,002603.SZ,,TimeInForce.GTC,,,,1439308800000000000,2015-08-11T16:00:00Z
26.98299,598813.2598275,1439222400000000000,2015-08-10T16:00:00Z,8876900.0,,bee27d13-b5c2-4ba3-ba72-56a0df576859,OrderRole.Standalone,OrderType.Market,_default,,PositionEffect.Close,,8876900.0,False,,OrderSide.Sell,OrderStatus.Filled,300122.SZ,,TimeInForce.GTC,,,,1439308800000000000,2015-08-11T16:00:00Z
13.36662,574798.07655,1439222400000000000,2015-08-10T16:00:00Z,17201000.0,,531f5b7d-904e-49d9-92aa-9b0df765096b,OrderRole.Standalone,OrderType.Market,_default,,PositionEffect.Close,,17201000.0,False,,OrderSide.Sell,OrderStatus.Filled,600438.SH,,TimeInForce.GTC,,,,1439308800000000000,2015-08-11T16:00:00Z
72.90702,396122.066415,1439222400000000000,2015-08-10T16:00:00Z,2173300.0,,8cd47bf7-c1dc-43aa-996f-ad9b5fcf6202,OrderRole.Standalone,OrderType.Market,_default,,PositionEffect.Close,,2173300.0,False,,OrderSide.Sell,OrderStatus.Filled,600570.SH,,TimeInForce.GTC,,,,1439308800000000000,2015-08-11T16:00:00Z
,0.0,1439222400000000000,2015-08-10T16:00:00Z,0.0,,00fe00ec-a471-4dde-b1b5-03688bab2f82,OrderRole.Standalone,OrderType.Market,_default,,PositionEffect.Close,,15782800.0,False,"Symbol 000657.SZ not tradable (zero volume, suspension) at execution timestamp 1439308800000000000",OrderSide.Sell,OrderStatus.Rejected,000657.SZ,,TimeInForce.GTC,,,,1439308800000000000,2015-08-11T16:00:00Z
,0.0,1439222400000000000,2015-08-10T16:00:00Z,0.0,,12fc53ac-b20f-4b2e-8830-01038a22eea3,OrderRole.Standalone,OrderType.Market,_default,,PositionEffect.Close,,5494100.0,False,"Symbol 600745.SH not tradable (zero volume, suspension) at execution timestamp 1439308800000000000",OrderSide.Sell,OrderStatus.Rejected,600745.SH,,TimeInForce.GTC,,,,1439308800000000000,2015-08-11T16:00:00Z
,0.0,1439222400000000000,2015-08-10T16:00:00Z,0.0,,525a4a6e-562e-42d0-b357-3afab880d458,OrderRole.Standalone,OrderType.Market,_default,,PositionEffect.Close,,2186400.0,False,"Symbol 002602.SZ not tradable (zero volume, suspension) at execution timestamp 1439308800000000000",OrderSide.Sell,OrderStatus.Rejected,002602.SZ,,TimeInForce.GTC,,,,1439308800000000000,2015-08-11T16:00:00Z
,0.0,1439222400000000000,2015-08-10T16:00:00Z,0.0,,19c3a49d-79d3-4be5-a26e-60a12b11459c,OrderRole.Standalone,OrderType.Market,_default,,PositionEffect.Close,,1773800.0,False,"Symbol 002558.SZ not tradable (zero volume, suspension) at execution timestamp 1439308800000000000",OrderSide.Sell,OrderStatus.Rejected,002558.SZ,,TimeInForce.GTC,,,,1439308800000000000,2015-08-11T16:00:00Z
76.3763,485314.104275,1439222400000000000,2015-08-10T16:00:00Z,2541700.0,,bbf051d9-48c2-45f8-b96b-ffd72fb7a2e0,OrderRole.Standalone,OrderType.Market,_default,,PositionEffect.Open,,2541700.0,False,,OrderSide.Buy,OrderStatus.Filled,000938.SZ,,TimeInForce.GTC,,,,1439308800000000000,2015-08-11T16:00:00Z
62.12206,477439.09213,1439222400000000000,2015-08-10T16:00:00Z,3074200.0,,54cc5ddd-d676-4a2d-8355-240b32914c53,OrderRole.Standalone,OrderType.Market,_default,,PositionEffect.Open,,3074200.0,False,,OrderSide.Buy,OrderStatus.Filled,002625.SZ,,TimeInForce.GTC,,,,1439308800000000000,2015-08-11T16:00:00Z
26.54652,482609.09697,1439222400000000000,2015-08-10T16:00:00Z,7271900.0,,8dc44cec-db25-497f-b190-ee570ea1aef0,OrderRole.Standalone,OrderType.Market,_default,,PositionEffect.Open,,7271900.0,False,,OrderSide.Buy,OrderStatus.Filled,300223.SZ,,TimeInForce.GTC,,,,1439308800000000000,2015-08-11T16:00:00Z
21.79177,484866.8825,1439222400000000000,2015-08-10T16:00:00Z,8900000.0,,4856e1ca-05d7-4a95-af90-478e6bb2606b,OrderRole.Standalone,OrderType.Market,_default,,PositionEffect.Open,,8900000.0,False,,OrderSide.Buy,OrderStatus.Filled,600030.SH,,TimeInForce.GTC,,,,1439308800000000000,2015-08-11T16:00:00Z
6.8068,485304.4196,1439222400000000000,2015-08-10T16:00:00Z,28518800.0,,9807271b-5924-44b2-81f2-226ad3443496,OrderRole.Standalone,OrderType.Market,_default,,PositionEffect.Open,,28518800.0,False,,OrderSide.Buy,OrderStatus.Filled,601328.SH,,TimeInForce.GTC,,,,1439308800000000000,2015-08-11T16:00:00Z
4.58458,488178.685995,1439222400000000000,2015-08-10T16:00:00Z,42593100.0,,afb55477-cc28-4fe4-8483-71cd0051945e,OrderRole.Standalone,OrderType.Market,_default,,PositionEffect.Open,,42593100.0,False,,OrderSide.Buy,OrderStatus.Filled,601818.SH,,TimeInForce.GTC,,,,1439308800000000000,2015-08-11T16:00:00Z
11.00099,485374.67979,1439222400000000000,2015-08-10T16:00:00Z,17648400.0,,705da060-6aae-4aff-b94c-3a2d8c70216b,OrderRole.Standalone,OrderType.Market,_default,,PositionEffect.Open,,17648400.0,False,,OrderSide.Buy,OrderStatus.Filled,601857.SH,,TimeInForce.GTC,,,,1439308800000000000,2015-08-11T16:00:00Z
,0.0,1439222400000000000,2015-08-10T16:00:00Z,0.0,,4afbbaef-aed7-4efe-a5ab-d98897000372,OrderRole.Standalone,OrderType.Market,_default,,PositionEffect.Open,,44220200.0,False,"Risk: Insufficient margin at execution. Required: 196137859.1272100000000000000, Available: 87844890.0056294555691600603",OrderSide.Buy,OrderStatus.Rejected,601988.SH,,TimeInForce.GTC,,,,1439308800000000000,2015-08-11T16:00:00Z
,0.0,1439222400000000000,2015-08-10T16:00:00Z,0.0,,8ff491cb-3738-4594-aa29-5824eabf868f,OrderRole.Standalone,OrderType.Market,_default,,PositionEffect.Open,,25260600.0,False,"Risk: Insufficient margin at execution. Required: 195187879.4365500000000000000, Available: 87844890.0056294555691600603",OrderSide.Buy,OrderStatus.Rejected,601998.SH,,TimeInForce.GTC,,,,1439308800000000000,2015-08-11T16:00:00Z
46.2462,541681.7406,1439222400000000000,2015-08-10T16:00:00Z,4685200.0,,d8c6a1f5-7b8b-4a05-8356-b547a4b8e639,OrderRole.Standalone,OrderType.Market,_default,,PositionEffect.Open,,4685200.0,False,,OrderSide.Buy,OrderStatus.Filled,002555.SZ,,TimeInForce.GTC,,,,1439308800000000000,2015-08-11T16:00:00Z
56.0439,356116.951575,1441814400000000000,2015-09-09T16:00:00Z,2541700.0,,d2691d71-3f17-459b-9276-950721d5b9b8,OrderRole.Standalone,OrderType.Market,_default,,PositionEffect.Close,,2541700.0,False,,OrderSide.Sell,OrderStatus.Filled,000938.SZ,,TimeInForce.GTC,,,,1441900800000000000,2015-09-10T16:00:00Z
30.4695,356889.2535,1441814400000000000,2015-09-09T16:00:00Z,4685200.0,,5eb63080-22d1-4855-a271-3ad93187f46e,OrderRole.Standalone,OrderType.Market,_default,,PositionEffect.Close,,4685200.0,False,,OrderSide.Sell,OrderStatus.Filled,002555.SZ,,TimeInForce.GTC,,,,1441900800000000000,2015-09-10T16:00:00Z
33.35661,256362.226155,1441814400000000000,2015-09-09T16:00:00Z,3074200.0,,3755123f-ade3-4298-af1e-db091985d30a,OrderRole.Standalone,OrderType.Market,_default,,PositionEffect.Close,,3074200.0,False,,OrderSide.Sell,OrderStatus.Filled,002625.SZ,,TimeInForce.GTC,,,,1441900800000000000,2015-09-10T16:00:00Z
17.982,326908.2645,1441814400000000000,2015-09-09T16:00:00Z,7271900.0,,da6ce33d-91fa-4cb6-83a0-0b47704d641b,OrderRole.Standalone,OrderType.Market,_default,,PositionEffect.Close,,7271900.0,False,,OrderSide.Sell,OrderStatus.Filled,300223.SZ,,TimeInForce.GTC,,,,1441900800000000000,2015-09-10T16:00:00Z
15.15483,337194.9675,1441814400000000000,2015-09-09T16:00:00Z,8900000.0,,e4642ca5-8859-468c-8301-c5d2f192d398,OrderRole.Standalone,OrderType.Market,_default,,PositionEffect.Close,,8900000.0,False,,OrderSide.Sell,OrderStatus.Filled,600030.SH,,TimeInForce.GTC,,,,1441900800000000000,2015-09-10T16:00:00Z
6.33366,451570.95702,1441814400000000000,2015-09-09T16:00:00Z,28518800.0,,39099c6f-6dbd-463a-aa5b-43f1cea623c3,OrderRole.Standalone,OrderType.Market,_default,,PositionEffect.Close,,28518800.0,False,,OrderSide.Sell,OrderStatus.Filled,601328.SH,,TimeInForce.GTC,,,,1441900800000000000,2015-09-10T16:00:00Z
4.16583,443589.0344325,1441814400000000000,2015-09-09T16:00:00Z,42593100.0,,7cdaa808-0210-462b-8ddf-16c55bf277ea,OrderRole.Standalone,OrderType.Market,_default,,PositionEffect.Close,,42593100.0,False,,OrderSide.Sell,OrderStatus.Filled,601818.SH,,TimeInForce.GTC,,,,1441900800000000000,2015-09-10T16:00:00Z
8.87112,391402.68552,1441814400000000000,2015-09-09T16:00:00Z,17648400.0,,082d37b3-21e5-4d05-8604-85db0f7f1317,OrderRole.Standalone,OrderType.Market,_default,,PositionEffect.Close,,17648400.0,False,,OrderSide.Sell,OrderStatus.Filled,601857.SH,,TimeInForce.GTC,,,,1441900800000000000,2015-09-10T16:00:00Z
,0.0,1441814400000000000,2015-09-09T16:00:00Z,0.0,,07a509a7-cf31-4245-be3d-14a77b823f16,OrderRole.Standalone,OrderType.Market,_default,,PositionEffect.Close,,15782800.0,False,"Symbol 000657.SZ not tradable (zero volume, suspension) at execution timestamp 1441900800000000000",OrderSide.Sell,OrderStatus.Rejected,000657.SZ,,TimeInForce.GTC,,,,1441900800000000000,2015-09-10T16:00:00Z
,0.0,1441814400000000000,2015-09-09T16:00:00Z,0.0,,677a9d22-a7ac-4f78-a472-16e4551a699d,OrderRole.Standalone,OrderType.Market,_default,,PositionEffect.Close,,5494100.0,False,"Symbol 600745.SH not tradable (zero volume, suspension) at execution timestamp 1441900800000000000",OrderSide.Sell,OrderStatus.Rejected,600745.SH,,TimeInForce.GTC,,,,1441900800000000000,2015-09-10T16:00:00Z
,0.0,1441814400000000000,2015-09-09T16:00:00Z,0.0,,46ffa418-a5f7-48ca-8e04-d5ee0911bdf4,OrderRole.Standalone,OrderType.Market,_default,,PositionEffect.Close,,2186400.0,False,"Symbol 002602.SZ not tradable (zero volume, suspension) at execution timestamp 1441900800000000000",OrderSide.Sell,OrderStatus.Rejected,002602.SZ,,TimeInForce.GTC,,,,1441900800000000000,2015-09-10T16:00:00Z
,0.0,1441814400000000000,2015-09-09T16:00:00Z,0.0,,bfd89c05-afca-43dc-9855-c00c64e52d7e,OrderRole.Standalone,OrderType.Market,_default,,PositionEffect.Close,,1773800.0,False,"Symbol 002558.SZ not tradable (zero volume, suspension) at execution timestamp 1441900800000000000",OrderSide.Sell,OrderStatus.Rejected,002558.SZ,,TimeInForce.GTC,,,,1441900800000000000,2015-09-10T16:00:00Z
11.95194,399185.832045,1441814400000000000,2015-09-09T16:00:00Z,13359700.0,,876be61b-13ae-4f7a-9af2-13a77ce793e1,OrderRole.Standalone,OrderType.Market,_default,,PositionEffect.Open,,13359700.0,False,,OrderSide.Buy,OrderStatus.Filled,000988.SZ,,TimeInForce.GTC,,,,1441900800000000000,2015-09-10T16:00:00Z
20.7207,397521.449325,1441814400000000000,2015-09-09T16:00:00Z,7673900.0,,560ed954-7744-47ee-b549-9c44b8b818d0,OrderRole.Standalone,OrderType.Market,_default,,PositionEffect.Open,,7673900.0,False,,OrderSide.Buy,OrderStatus.Filled,002371.SZ,,TimeInForce.GTC,,,,1441900800000000000,2015-09-10T16:00:00Z
31.5315,394049.1555,1441814400000000000,2015-09-09T16:00:00Z,4998800.0,,64fff0d1-edfd-4878-85cc-2190429dd1f9,OrderRole.Standalone,OrderType.Market,_default,,PositionEffect.Open,,4998800.0,False,,OrderSide.Buy,OrderStatus.Filled,002415.SZ,,TimeInForce.GTC,,,,1441900800000000000,2015-09-10T16:00:00Z
14.3143,400657.257,1441814400000000000,2015-09-09T16:00:00Z,11196000.0,,fb9e4cd7-a445-4e23-ab08-5f8a7553f827,OrderRole.Standalone,OrderType.Market,_default,,PositionEffect.Open,,11196000.0,False,,OrderSide.Buy,OrderStatus.Filled,002493.SZ,,TimeInForce.GTC,,,,1441900800000000000,2015-09-10T16:00:00Z
17.79778,396623.5273,1441814400000000000,2015-09-09T16:00:00Z,8914000.0,,8dfeeb7f-4738-4225-b39f-8f7296c76efe,OrderRole.Standalone,OrderType.Market,_default,,PositionEffect.Open,,8914000.0,False,,OrderSide.Buy,OrderStatus.Filled,300014.SZ,,TimeInForce.GTC,,,,1441900800000000000,2015-09-10T16:00:00Z
80.09001,398708.0922825,1441814400000000000,2015-09-09T16:00:00Z,1991300.0,,361061c6-0886-4a4f-9987-8eecab00810c,OrderRole.Standalone,OrderType.Market,_default,,PositionEffect.Open,,1991300.0,False,,OrderSide.Buy,OrderStatus.Filled,300418.SZ,,TimeInForce.GTC,,,,1441900800000000000,2015-09-10T16:00:00Z
37.02699,393615.417195,1441814400000000000,2015-09-09T16:00:00Z,4252200.0,,3f3d03c6-6fdc-43ae-9d18-6ec5b271f465,OrderRole.Standalone,OrderType.Market,_default,,PositionEffect.Open,,4252200.0,False,,OrderSide.Buy,OrderStatus.Filled,600118.SH,,TimeInForce.GTC,,,,1441900800000000000,2015-09-10T16:00:00Z
,0.0,1441814400000000000,2015-09-09T16:00:00Z,0.0,,dba977ad-6f7a-47b7-833c-0b7b4e0b4ac6,OrderRole.Standalone,OrderType.Market,_default,,PositionEffect.Open,,11188100.0,False,"Risk: Insufficient margin at execution. Required: 158866101.4315375000000000000, Available: 140505938.7567794656872886175",OrderSide.Buy,OrderStatus.Rejected,600584.SH,,TimeInForce.GTC,,,,1441900800000000000,2015-09-10T16:00:00Z
,0.0,1441814400000000000,2015-09-09T16:00:00Z,0.0,,14e26ad1-c4fe-47a2-8a7d-e72de953fc9a,OrderRole.Standalone,OrderType.Market,_default,,PositionEffect.Open,,12121900.0,False,"Risk: Insufficient margin at execution. Required: 158866501.8290350000000000000, Available: 140505938.7567794656872886175",OrderSide.Buy,OrderStatus.Rejected,600760.SH,,TimeInForce.GTC,,,,1441900800000000000,2015-09-10T16:00:00Z
,0.0,1441814400000000000,2015-09-09T16:00:00Z,0.0,,ffa15df5-f22a-4431-bf3a-943082ad56f5,OrderRole.Standalone,OrderType.Market,_default,,PositionEffect.Open,,10963400.0,False,"Risk: Insufficient margin at execution. Required: 157105694.1253800000000000000, Available: 140505938.7567794656872886175",OrderSide.Buy,OrderStatus.Rejected,603799.SH,,TimeInForce.GTC,,,,1441900800000000000,2015-09-10T16:00:00Z
14.67531,46032.7786425,1444838400000000000,2015-10-14T16:00:00Z,1254700.0,,81600586-ad26-4828-97ca-1b9f53121605,OrderRole.Standalone,OrderType.Market,_default,,PositionEffect.Close,,1254700.0,False,,OrderSide.Sell,OrderStatus.Filled,000988.SZ,,TimeInForce.GTC,,,,1444924800000000000,2015-10-15T16:00:00Z
36.1638,451939.0086,1444838400000000000,2015-10-14T16:00:00Z,4998800.0,,4934c9a4-64ba-48c5-a579-8462886e7ab8,OrderRole.Standalone,OrderType.Market,_default,,PositionEffect.Close,,4998800.0,False,,OrderSide.Sell,OrderStatus.Filled,002415.SZ,,TimeInForce.GTC,,,,1444924800000000000,2015-10-15T16:00:00Z
9.63036,539107.5528,1444838400000000000,2015-10-14T16:00:00Z,22392000.0,,a872d4cf-7cc1-42dc-bd20-6b87a3dbfb70,OrderRole.Standalone,OrderType.Market,_default,,PositionEffect.Close,,22392000.0,False,,OrderSide.Sell,OrderStatus.Filled,002493.SZ,,TimeInForce.GTC,,,,1444924800000000000,2015-10-15T16:00:00Z
21.96801,489557.10285,1444838400000000000,2015-10-14T16:00:00Z,8914000.0,,2a2d7988-aa17-4ff0-aca5-a4c81685d74d,OrderRole.Standalone,OrderType.Market,_default,,PositionEffect.Close,,8914000.0,False,,OrderSide.Sell,OrderStatus.Filled,300014.SZ,,TimeInForce.GTC,,,,1444924800000000000,2015-10-15T16:00:00Z
121.05882,602661.070665,1444838400000000000,2015-10-14T16:00:00Z,1991300.0,,442ac731-703c-49f4-9a37-531285eacdcc,OrderRole.Standalone,OrderType.Market,_default,,PositionEffect.Close,,1991300.0,False,,OrderSide.Sell,OrderStatus.Filled,300418.SZ,,TimeInForce.GTC,,,,1444924800000000000,2015-10-15T16:00:00Z
43.4565,461964.32325,1444838400000000000,2015-10-14T16:00:00Z,4252200.0,,6f0997d3-206a-4c74-82ff-97d8696da8b0,OrderRole.Standalone,OrderType.Market,_default,,PositionEffect.Close,,4252200.0,False,,OrderSide.Sell,OrderStatus.Filled,600118.SH,,TimeInForce.GTC,,,,1444924800000000000,2015-10-15T16:00:00Z
,0.0,1444838400000000000,2015-10-14T16:00:00Z,0.0,,dc950c03-edf7-4038-97d7-8c79812e5661,OrderRole.Standalone,OrderType.Market,_default,,PositionEffect.Close,,15782800.0,False,"Symbol 000657.SZ not tradable (zero volume, suspension) at execution timestamp 1444924800000000000",OrderSide.Sell,OrderStatus.Rejected,000657.SZ,,TimeInForce.GTC,,,,1444924800000000000,2015-10-15T16:00:00Z
,0.0,1444838400000000000,2015-10-14T16:00:00Z,0.0,,fca225b1-4818-4819-9695-7924521099de,OrderRole.Standalone,OrderType.Market,_default,,PositionEffect.Close,,7673900.0,False,"Symbol 002371.SZ not tradable (zero volume, suspension) at execution timestamp 1444924800000000000",OrderSide.Sell,OrderStatus.Rejected,002371.SZ,,TimeInForce.GTC,,,,1444924800000000000,2015-10-15T16:00:00Z
,0.0,1444838400000000000,2015-10-14T16:00:00Z,0.0,,a5abbe14-a139-44b2-bfbc-1d1253b7c04d,OrderRole.Standalone,OrderType.Market,_default,,PositionEffect.Close,,5494100.0,False,"Symbol 600745.SH not tradable (zero volume, suspension) at execution timestamp 1444924800000000000",OrderSide.Sell,OrderStatus.Rejected,600745.SH,,TimeInForce.GTC,,,,1444924800000000000,2015-10-15T16:00:00Z
,0.0,1444838400000000000,2015-10-14T16:00:00Z,0.0,,1e13476e-8088-4b84-99aa-f5f0d61aa074,OrderRole.Standalone,OrderType.Market,_default,,PositionEffect.Close,,2186400.0,False,"Symbol 002602.SZ not tradable (zero volume, suspension) at execution timestamp 1444924800000000000",OrderSide.Sell,OrderStatus.Rejected,002602.SZ,,TimeInForce.GTC,,,,1444924800000000000,2015-10-15T16:00:00Z
,0.0,1444838400000000000,2015-10-14T16:00:00Z,0.0,,a1b4fa66-1dfe-4f91-88f3-b685151b887d,OrderRole.Standalone,OrderType.Market,_default,,PositionEffect.Close,,1773800.0,False,"Symbol 002558.SZ not tradable (zero volume, suspension) at execution timestamp 1444924800000000000",OrderSide.Sell,OrderStatus.Rejected,002558.SZ,,TimeInForce.GTC,,,,1444924800000000000,2015-10-15T16:00:00Z
31.031,471438.4675,1444838400000000000,2015-10-14T16:00:00Z,6077000.0,,bec753e5-bd0c-4241-a53d-c40a5e8fc986,OrderRole.Standalone,OrderType.Market,_default,,PositionEffect.Open,,6077000.0,False,,OrderSide.Buy,OrderStatus.Filled,002027.SZ,,TimeInForce.GTC,,,,1444924800000000000,2015-10-15T16:00:00Z
30.24021,463189.29657,1444838400000000000,2015-10-14T16:00:00Z,6126800.0,,60c9b983-74ae-428f-b6ce-35d57dc306a7,OrderRole.Standalone,OrderType.Market,_default,,PositionEffect.Open,,6126800.0,False,,OrderSide.Buy,OrderStatus.Filled,002460.SZ,,TimeInForce.GTC,,,,1444924800000000000,2015-10-15T16:00:00Z
41.56152,450298.28844,1444838400000000000,2015-10-14T16:00:00Z,4333800.0,,5d465510-2032-445f-b414-643d94b164a0,OrderRole.Standalone,OrderType.Market,_default,,PositionEffect.Open,,4333800.0,False,,OrderSide.Buy,OrderStatus.Filled,002625.SZ,,TimeInForce.GTC,,,,1444924800000000000,2015-10-15T16:00:00Z
65.27521,462589.0944675,1444838400000000000,2015-10-14T16:00:00Z,2834700.0,,e0993276-f825-415c-83cd-42f611847c17,OrderRole.Standalone,OrderType.Market,_default,,PositionEffect.Open,,2834700.0,False,,OrderSide.Buy,OrderStatus.Filled,300033.SZ,,TimeInForce.GTC,,,,1444924800000000000,2015-10-15T16:00:00Z
28.3283,452254.227425,1444838400000000000,2015-10-14T16:00:00Z,6385900.0,,a44d55b9-951a-4699-ba39-fd07e765aa53,OrderRole.Standalone,OrderType.Market,_default,,PositionEffect.Open,,6385900.0,False,,OrderSide.Buy,OrderStatus.Filled,300223.SZ,,TimeInForce.GTC,,,,1444924800000000000,2015-10-15T16:00:00Z
,0.0,1444838400000000000,2015-10-14T16:00:00Z,0.0,,52779ace-6cd4-4a84-9da9-66bed041f6c5,OrderRole.Standalone,OrderType.Market,_default,,PositionEffect.Open,,4457500.0,False,"Risk: Insufficient margin at execution. Required: 178477184.5106250000000000000, Available: 65537236.5647944656872886175",OrderSide.Buy,OrderStatus.Rejected,300413.SZ,,TimeInForce.GTC,,,,1444924800000000000,2015-10-15T16:00:00Z
,0.0,1444838400000000000,2015-10-14T16:00:00Z,0.0,,cf7172fb-73f4-4e80-8016-c7fbb38b5373,OrderRole.Standalone,OrderType.Market,_default,,PositionEffect.Open,,2962300.0,False,"Risk: Insufficient margin at execution. Required: 180322493.1457950000000000000, Available: 65537236.5647944656872886175",OrderSide.Buy,OrderStatus.Rejected,600570.SH,,TimeInForce.GTC,,,,1444924800000000000,2015-10-15T16:00:00Z
,0.0,1444838400000000000,2015-10-14T16:00:00Z,0.0,,d54b06e3-34bd-4715-b85b-be1dd60d49b2,OrderRole.Standalone,OrderType.Market,_default,,PositionEffect.Open,,10933500.0,False,"Risk: Insufficient margin at execution. Required: 179827713.2276625000000000000, Available: 65537236.5647944656872886175",OrderSide.Buy,OrderStatus.Rejected,600760.SH,,TimeInForce.GTC,,,,1444924800000000000,2015-10-15T16:00:00Z
50.40035,465522.832775,1444838400000000000,2015-10-14T16:00:00Z,3694600.0,,1917d7b9-886b-47d0-957d-08e21e54903c,OrderRole.Standalone,OrderType.Market,_default,,PositionEffect.Open,,3694600.0,False,,OrderSide.Buy,OrderStatus.Filled,300059.SZ,,TimeInForce.GTC,,,,1444924800000000000,2015-10-15T16:00:00Z
14.83515,448948.726875,1444924800000000000,2015-10-15T16:00:00Z,12105000.0,,5a8e235e-34bd-47b3-a37b-6d46ebacdd6e,OrderRole.Standalone,OrderType.Market,_default,,PositionEffect.Close,,12105000.0,False,,OrderSide.Sell,OrderStatus.Filled,000988.SZ,,TimeInForce.GTC,,,,1445184000000000000,2015-10-18T16:00:00Z
45.40455,162877.4719875,1447257600000000000,2015-11-11T16:00:00Z,1434900.0,,f4b54ac6-618b-4720-bb33-bd2b74ea6184,OrderRole.Standalone,OrderType.Market,_default,,PositionEffect.Close,,1434900.0,False,,OrderSide.Sell,OrderStatus.Filled,002460.SZ,,TimeInForce.GTC,,,,1447344000000000000,2015-11-12T16:00:00Z
42.08787,186638.659515,1447257600000000000,2015-11-11T16:00:00Z,1773800.0,,7e0b449b-81f2-402c-90ef-6d7f87e82d7c,OrderRole.Standalone,OrderType.Market,_default,,PositionEffect.Close,,1773800.0,False,,OrderSide.Sell,OrderStatus.Filled,002558.SZ,,TimeInForce.GTC,,,,1447344000000000000,2015-11-12T16:00:00Z
56.49345,612078.284025,1447257600000000000,2015-11-11T16:00:00Z,4333800.0,,33e5c5ba-aa7e-475c-8b9a-d87fcbbdee39,OrderRole.Standalone,OrderType.Market,_default,,PositionEffect.Close,,4333800.0,False,,OrderSide.Sell,OrderStatus.Filled,002625.SZ,,TimeInForce.GTC,,,,1447344000000000000,2015-11-12T16:00:00Z
88.911,102514.383,1447257600000000000,2015-11-11T16:00:00Z,461200.0,,7f424b5e-375f-4745-b629-1aad234e8699,OrderRole.Standalone,OrderType.Market,_default,,PositionEffect.Close,,461200.0,False,,OrderSide.Sell,OrderStatus.Filled,300033.SZ,,TimeInForce.GTC,,,,1447344000000000000,2015-11-12T16:00:00Z
62.04789,573105.335985,1447257600000000000,2015-11-11T16:00:00Z,3694600.0,,d3781150-cf2a-456a-abe6-198a8b449851,OrderRole.Standalone,OrderType.Market,_default,,PositionEffect.Close,,3694600.0,False,,OrderSide.Sell,OrderStatus.Filled,300059.SZ,,TimeInForce.GTC,,,,1447344000000000000,2015-11-12T16:00:00Z
36.963,59381.0595,1447257600000000000,2015-11-11T16:00:00Z,642600.0,,e7a15003-1be6-4a2c-a7cd-149f9a09bbdb,OrderRole.Standalone,OrderType.Market,_default,,PositionEffect.Close,,642600.0,False,,OrderSide.Sell,OrderStatus.Filled,300223.SZ,,TimeInForce.GTC,,,,1447344000000000000,2015-11-12T16:00:00Z
,0.0,1447257600000000000,2015-11-11T16:00:00Z,0.0,,6e65011c-2e49-4466-83bf-9fd01cf9ea55,OrderRole.Standalone,OrderType.Market,_default,,PositionEffect.Close,,15782800.0,False,"Symbol 000657.SZ not tradable (zero volume, suspension) at execution timestamp 1447344000000000000",OrderSide.Sell,OrderStatus.Rejected,000657.SZ,,TimeInForce.GTC,,,,1447344000000000000,2015-11-12T16:00:00Z
,0.0,1447257600000000000,2015-11-11T16:00:00Z,0.0,,bf7a8962-11c0-4d95-a2d0-ecbdf099621d,OrderRole.Standalone,OrderType.Market,_default,,PositionEffect.Close,,6077000.0,False,"Symbol 002027.SZ not tradable (zero volume, suspension) at execution timestamp 1447344000000000000",OrderSide.Sell,OrderStatus.Rejected,002027.SZ,,TimeInForce.GTC,,,,1447344000000000000,2015-11-12T16:00:00Z
,0.0,1447257600000000000,2015-11-11T16:00:00Z,0.0,,ceb67866-5819-48db-a846-ff1bf16b8136,OrderRole.Standalone,OrderType.Market,_default,,PositionEffect.Close,,7673900.0,False,"Symbol 002371.SZ not tradable (zero volume, suspension) at execution timestamp 1447344000000000000",OrderSide.Sell,OrderStatus.Rejected,002371.SZ,,TimeInForce.GTC,,,,1447344000000000000,2015-11-12T16:00:00Z
,0.0,1447257600000000000,2015-11-11T16:00:00Z,0.0,,1ea9ca4f-b1fb-451a-8339-e04d089f36c2,OrderRole.Standalone,OrderType.Market,_default,,PositionEffect.Close,,5494100.0,False,"Symbol 600745.SH not tradable (zero volume, suspension) at execution timestamp 1447344000000000000",OrderSide.Sell,OrderStatus.Rejected,600745.SH,,TimeInForce.GTC,,,,1447344000000000000,2015-11-12T16:00:00Z
,0.0,1447257600000000000,2015-11-11T16:00:00Z,0.0,,dd74a92e-b2c4-43e4-8048-df05d7275705,OrderRole.Standalone,OrderType.Market,_default,,PositionEffect.Close,,2186400.0,False,"Symbol 002602.SZ not tradable (zero volume, suspension) at execution timestamp 1447344000000000000",OrderSide.Sell,OrderStatus.Rejected,002602.SZ,,TimeInForce.GTC,,,,1447344000000000000,2015-11-12T16:00:00Z
38.42839,525690.7681025,1447257600000000000,2015-11-11T16:00:00Z,5471900.0,,1f0f3060-101b-4a81-9dc2-d8e5b3c08a60,OrderRole.Standalone,OrderType.Market,_default,,PositionEffect.Open,,5471900.0,False,,OrderSide.Buy,OrderStatus.Filled,002074.SZ,,TimeInForce.GTC,,,,1447344000000000000,2015-11-12T16:00:00Z
133.6335,531994.9635,1447257600000000000,2015-11-11T16:00:00Z,1592400.0,,b60fbd24-dc1e-439b-92f7-fbecd67de23b,OrderRole.Standalone,OrderType.Market,_default,,PositionEffect.Open,,1592400.0,False,,OrderSide.Buy,OrderStatus.Filled,002466.SZ,,TimeInForce.GTC,,,,1447344000000000000,2015-11-12T16:00:00Z
10.8108,530202.1725,1447257600000000000,2015-11-11T16:00:00Z,19617500.0,,3841c2bf-8a25-4c62-985f-6ca3f0e78f5b,OrderRole.Standalone,OrderType.Market,_default,,PositionEffect.Open,,19617500.0,False,,OrderSide.Buy,OrderStatus.Filled,002600.SZ,,TimeInForce.GTC,,,,1447344000000000000,2015-11-12T16:00:00Z
109.109,527842.06475,1447257600000000000,2015-11-11T16:00:00Z,1935100.0,,29821e55-e3f5-48fb-b716-e1c342ca0ef2,OrderRole.Standalone,OrderType.Market,_default,,PositionEffect.Open,,1935100.0,False,,OrderSide.Buy,OrderStatus.Filled,300394.SZ,,TimeInForce.GTC,,,,1447344000000000000,2015-11-12T16:00:00Z
,0.0,1447257600000000000,2015-11-11T16:00:00Z,0.0,,ff397537-34a2-41a0-ba91-345e0abf7c3f,OrderRole.Standalone,OrderType.Market,_default,,PositionEffect.Open,,5218700.0,False,"Risk: Insufficient margin at execution. Required: 207960416.1059425000000000000, Available: 73201543.4890544656872886175",OrderSide.Buy,OrderStatus.Rejected,300418.SZ,,TimeInForce.GTC,,,,1447344000000000000,2015-11-12T16:00:00Z
,0.0,1447257600000000000,2015-11-11T16:00:00Z,0.0,,18c1ff96-8db3-4e77-8a7d-24f169b93157,OrderRole.Standalone,OrderType.Market,_default,,PositionEffect.Open,,2643700.0,False,"Risk: Insufficient margin at execution. Required: 216216204.0788750000000000000, Available: 73201543.4890544656872886175",OrderSide.Buy,OrderStatus.Rejected,300442.SZ,,TimeInForce.GTC,,,,1447344000000000000,2015-11-12T16:00:00Z
,0.0,1447257600000000000,2015-11-11T16:00:00Z,0.0,,98aebd4c-2a51-4eff-bcd1-bb9b66e51537,OrderRole.Standalone,OrderType.Market,_default,,PositionEffect.Open,,1908100.0,False,"Risk: Insufficient margin at execution. Required: 210645291.0587025000000000000, Available: 73201543.4890544656872886175",OrderSide.Buy,OrderStatus.Rejected,300450.SZ,,TimeInForce.GTC,,,,1447344000000000000,2015-11-12T16:00:00Z
44.4555,521451.901125,1447344000000000000,2015-11-12T16:00:00Z,4691900.0,,2fde57ec-8bfc-44f2-88c9-9aa0418275d5,OrderRole.Standalone,OrderType.Market,_default,,PositionEffect.Close,,4691900.0,False,,OrderSide.Sell,OrderStatus.Filled,002460.SZ,,TimeInForce.GTC,,,,1447603200000000000,2015-11-15T16:00:00Z
81.918,486080.9325,1447344000000000000,2015-11-12T16:00:00Z,2373500.0,,a544487e-3dd3-4945-bfab-3a5277168d8a,OrderRole.Standalone,OrderType.Market,_default,,PositionEffect.Close,,2373500.0,False,,OrderSide.Sell,OrderStatus.Filled,300033.SZ,,TimeInForce.GTC,,,,1447603200000000000,2015-11-15T16:00:00Z
35.964,516380.103,1447344000000000000,2015-11-12T16:00:00Z,5743300.0,,8c737b49-0622-495b-8c99-2a89a16c0637,OrderRole.Standalone,OrderType.Market,_default,,PositionEffect.Close,,5743300.0,False,,OrderSide.Sell,OrderStatus.Filled,300223.SZ,,TimeInForce.GTC,,,,1447603200000000000,2015-11-15T16:00:00Z
45.954,698156.145,1449676800000000000,2015-12-09T16:00:00Z,6077000.0,,6d647189-3917-46fb-8d79-09cbf17e37c3,OrderRole.Standalone,OrderType.Market,_default,,PositionEffect.Close,,6077000.0,False,,OrderSide.Sell,OrderStatus.Filled,002027.SZ,,TimeInForce.GTC,,,,1449763200000000000,2015-12-10T16:00:00Z
36.19377,495121.7251575,1449676800000000000,2015-12-09T16:00:00Z,5471900.0,,46ae587c-52ab-4d42-be67-f63d09e9a5e3,OrderRole.Standalone,OrderType.Market,_default,,PositionEffect.Close,,5471900.0,False,,OrderSide.Sell,OrderStatus.Filled,002074.SZ,,TimeInForce.GTC,,,,1449763200000000000,2015-12-10T16:00:00Z
158.7411,86990.1228,1449676800000000000,2015-12-09T16:00:00Z,219200.0,,316ab8f2-b564-43a7-acb0-ad3a68bff96b,OrderRole.Standalone,OrderType.Market,_default,,PositionEffect.Close,,219200.0,False,,OrderSide.Sell,OrderStatus.Filled,002466.SZ,,TimeInForce.GTC,,,,1449763200000000000,2015-12-10T16:00:00Z
10.0899,494846.533125,1449676800000000000,2015-12-09T16:00:00Z,19617500.0,,2874fd1b-8649-4be4-a3e0-2d89e0859c81,OrderRole.Standalone,OrderType.Market,_default,,PositionEffect.Close,,19617500.0,False,,OrderSide.Sell,OrderStatus.Filled,002600.SZ,,TimeInForce.GTC,,,,1449763200000000000,2015-12-10T16:00:00Z
93.45645,452118.9409875,1449676800000000000,2015-12-09T16:00:00Z,1935100.0,,43ef23ef-8616-4052-82cb-3711169d85dd,OrderRole.Standalone,OrderType.Market,_default,,PositionEffect.Close,,1935100.0,False,,OrderSide.Sell,OrderStatus.Filled,300394.SZ,,TimeInForce.GTC,,,,1449763200000000000,2015-12-10T16:00:00Z
,0.0,1449676800000000000,2015-12-09T16:00:00Z,0.0,,c75ecafc-44bb-4683-ad2c-96c8bc8b9f02,OrderRole.Standalone,OrderType.Market,_default,,PositionEffect.Close,,15782800.0,False,"Symbol 000657.SZ not tradable (zero volume, suspension) at execution timestamp 1449763200000000000",OrderSide.Sell,OrderStatus.Rejected,000657.SZ,,TimeInForce.GTC,,,,1449763200000000000,2015-12-10T16:00:00Z
,0.0,1449676800000000000,2015-12-09T16:00:00Z,0.0,,6b4967c7-7c57-4b85-92f5-35150a212d79,OrderRole.Standalone,OrderType.Market,_default,,PositionEffect.Close,,7673900.0,False,"Symbol 002371.SZ not tradable (zero volume, suspension) at execution timestamp 1449763200000000000",OrderSide.Sell,OrderStatus.Rejected,002371.SZ,,TimeInForce.GTC,,,,1449763200000000000,2015-12-10T16:00:00Z
19.15914,544957.788375,1449676800000000000,2015-12-09T16:00:00Z,11377500.0,,05d7cfee-027f-4d3e-a5b2-3e58d9e1c093,OrderRole.Standalone,OrderType.Market,_default,,PositionEffect.Open,,11377500.0,False,,OrderSide.Buy,OrderStatus.Filled,000002.SZ,,TimeInForce.GTC,,,,1449763200000000000,2015-12-10T16:00:00Z
27.93791,554357.979175,1449676800000000000,2015-12-09T16:00:00Z,7937000.0,,f30bff61-792d-4dc9-8956-16706b0424e6,OrderRole.Standalone,OrderType.Market,_default,,PositionEffect.Open,,7937000.0,False,,OrderSide.Buy,OrderStatus.Filled,002352.SZ,,TimeInForce.GTC,,,,1449763200000000000,2015-12-10T16:00:00Z
62.07201,545861.25594,1449676800000000000,2015-12-09T16:00:00Z,3517600.0,,4e9a577a-0770-4b27-845c-3cd45024c8ed,OrderRole.Standalone,OrderType.Market,_default,,PositionEffect.Open,,3517600.0,False,,OrderSide.Buy,OrderStatus.Filled,002460.SZ,,TimeInForce.GTC,,,,1449763200000000000,2015-12-10T16:00:00Z
28.5285,553431.503625,1449676800000000000,2015-12-09T16:00:00Z,7759700.0,,8f76902d-013f-4ce0-adbc-5a1f3e5d7f3c,OrderRole.Standalone,OrderType.Market,_default,,PositionEffect.Open,,7759700.0,False,,OrderSide.Buy,OrderStatus.Filled,300347.SZ,,TimeInForce.GTC,,,,1449763200000000000,2015-12-10T16:00:00Z
20.55053,562098.09656,1449676800000000000,2015-12-09T16:00:00Z,10940800.0,,2929337c-11c3-49c6-93e5-f71d51aa070e,OrderRole.Standalone,OrderType.Market,_default,,PositionEffect.Open,,10940800.0,False,,OrderSide.Buy,OrderStatus.Filled,600160.SH,,TimeInForce.GTC,,,,1449763200000000000,2015-12-10T16:00:00Z
49.7497,553005.227775,1449676800000000000,2015-12-09T16:00:00Z,4446300.0,,101116d8-1142-4ed7-a55d-9d7e01331ab2,OrderRole.Standalone,OrderType.Market,_default,,PositionEffect.Open,,4446300.0,False,,OrderSide.Buy,OrderStatus.Filled,600276.SH,,TimeInForce.GTC,,,,1449763200000000000,2015-12-10T16:00:00Z
,0.0,1449676800000000000,2015-12-09T16:00:00Z,0.0,,a27def15-328b-4b49-b1be-254911978267,OrderRole.Standalone,OrderType.Market,_default,,PositionEffect.Open,,3415000.0,False,"Risk: Insufficient margin at execution. Required: 220387864.3216250000000000000, Available: 49228042.3923644610266967051",OrderSide.Buy,OrderStatus.Rejected,600845.SH,,TimeInForce.GTC,,,,1449763200000000000,2015-12-10T16:00:00Z
19.39938,399845.471025,1449676800000000000,2015-12-09T16:00:00Z,8244500.0,,73974db8-1fb3-4844-b99c-986cd58b9c86,OrderRole.Standalone,OrderType.Market,_default,,PositionEffect.Open,,8244500.0,False,,OrderSide.Buy,OrderStatus.Filled,002602.SZ,,TimeInForce.GTC,,,,1449763200000000000,2015-12-10T16:00:00Z
34.92489,79209.65052,1449676800000000000,2015-12-09T16:00:00Z,907200.0,,c82bd932-5906-4f87-be16-356590409af0,OrderRole.Standalone,OrderType.Market,_default,,PositionEffect.Open,,907200.0,False,,OrderSide.Buy,OrderStatus.Filled,600745.SH,,TimeInForce.GTC,,,,1449763200000000000,2015-12-10T16:00:00Z
153.846,528153.318,1449763200000000000,2015-12-10T16:00:00Z,1373200.0,,89c8bbdb-5150-44a9-8298-410992cca3b5,OrderRole.Standalone,OrderType.Market,_default,,PositionEffect.Close,,1373200.0,False,,OrderSide.Sell,OrderStatus.Filled,002466.SZ,,TimeInForce.GTC,,,,1450022400000000000,2015-12-13T16:00:00Z
24.6753,489619.64025,1452182400000000000,2016-01-07T16:00:00Z,7937000.0,,507b6c4b-0217-44e6-8d8e-8e27d6166b51,OrderRole.Standalone,OrderType.Market,_default,,PositionEffect.Close,,7937000.0,False,,OrderSide.Sell,OrderStatus.Filled,002352.SZ,,TimeInForce.GTC,,,,1452441600000000000,2016-01-10T16:00:00Z
21.18879,406501.6389525,1452182400000000000,2016-01-07T16:00:00Z,7673900.0,,bf298b7b-e66b-4d11-a73e-1b7b5f427775,OrderRole.Standalone,OrderType.Market,_default,,PositionEffect.Close,,7673900.0,False,,OrderSide.Sell,OrderStatus.Filled,002371.SZ,,TimeInForce.GTC,,,,1452441600000000000,2016-01-10T16:00:00Z
42.4575,373371.255,1452182400000000000,2016-01-07T16:00:00Z,3517600.0,,62c9da4a-f980-406d-987b-2a970b669a91,OrderRole.Standalone,OrderType.Market,_default,,PositionEffect.Close,,3517600.0,False,,OrderSide.Sell,OrderStatus.Filled,002460.SZ,,TimeInForce.GTC,,,,1452441600000000000,2016-01-10T16:00:00Z
23.98599,756596.0790675,1452182400000000000,2016-01-07T16:00:00Z,12617300.0,,518167c9-4e89-48bc-932a-e19d25514896,OrderRole.Standalone,OrderType.Market,_default,,PositionEffect.Close,,12617300.0,False,,OrderSide.Sell,OrderStatus.Filled,002602.SZ,,TimeInForce.GTC,,,,1452441600000000000,2016-01-10T16:00:00Z
25.5744,496124.1792,1452182400000000000,2016-01-07T16:00:00Z,7759700.0,,f2b75ce6-dfa4-4a11-965a-6473aedc4298,OrderRole.Standalone,OrderType.Market,_default,,PositionEffect.Close,,7759700.0,False,,OrderSide.Sell,OrderStatus.Filled,300347.SZ,,TimeInForce.GTC,,,,1452441600000000000,2016-01-10T16:00:00Z
20.5794,562887.7488,1452182400000000000,2016-01-07T16:00:00Z,10940800.0,,5a1c70cc-2974-43cd-9b5f-21fba4a49eb3,OrderRole.Standalone,OrderType.Market,_default,,PositionEffect.Close,,10940800.0,False,,OrderSide.Sell,OrderStatus.Filled,600160.SH,,TimeInForce.GTC,,,,1452441600000000000,2016-01-10T16:00:00Z
47.60235,529135.8220125,1452182400000000000,2016-01-07T16:00:00Z,4446300.0,,ca62322c-1dae-400d-859e-d53d0a73fb0d,OrderRole.Standalone,OrderType.Market,_default,,PositionEffect.Close,,4446300.0,False,,OrderSide.Sell,OrderStatus.Filled,600276.SH,,TimeInForce.GTC,,,,1452441600000000000,2016-01-10T16:00:00Z
29.2707,468426.329775,1452182400000000000,2016-01-07T16:00:00Z,6401300.0,,6a7e00c1-b5c2-43df-be9f-aa66ec5992fd,OrderRole.Standalone,OrderType.Market,_default,,PositionEffect.Close,,6401300.0,False,,OrderSide.Sell,OrderStatus.Filled,600745.SH,,TimeInForce.GTC,,,,1452441600000000000,2016-01-10T16:00:00Z
,0.0,1452182400000000000,2016-01-07T16:00:00Z,0.0,,fa188279-10da-43be-86a2-f6854918dc73,OrderRole.Standalone,OrderType.Market,_default,,PositionEffect.Close,,11377500.0,False,"Symbol 000002.SZ not tradable (zero volume, suspension) at execution timestamp 1452441600000000000",OrderSide.Sell,OrderStatus.Rejected,000002.SZ,,TimeInForce.GTC,,,,1452441600000000000,2016-01-10T16:00:00Z
,0.0,1452182400000000000,2016-01-07T16:00:00Z,0.0,,7935c5e2-681f-4575-afe4-7c6a339b7398,OrderRole.Standalone,OrderType.Market,_default,,PositionEffect.Close,,15782800.0,False,"Symbol 000657.SZ not tradable (zero volume, suspension) at execution timestamp 1452441600000000000",OrderSide.Sell,OrderStatus.Rejected,000657.SZ,,TimeInForce.GTC,,,,1452441600000000000,2016-01-10T16:00:00Z
29.029,541419.879,1452182400000000000,2016-01-07T16:00:00Z,7460400.0,,4ab97bb1-8a9e-459c-b337-1c8bfb7312f5,OrderRole.Standalone,OrderType.Market,_default,,PositionEffect.Open,,7460400.0,False,,OrderSide.Buy,OrderStatus.Filled,000333.SZ,,TimeInForce.GTC,,,,1452441600000000000,2016-01-10T16:00:00Z
15.37536,546232.72704,1452182400000000000,2016-01-07T16:00:00Z,14210600.0,,f650308a-3608-4b96-a837-fd65d9f874be,OrderRole.Standalone,OrderType.Market,_default,,PositionEffect.Open,,14210600.0,False,,OrderSide.Buy,OrderStatus.Filled,000625.SZ,,TimeInForce.GTC,,,,1452441600000000000,2016-01-10T16:00:00Z
72.04197,544961.482065,1452182400000000000,2016-01-07T16:00:00Z,3025800.0,,f5e66d68-c257-4394-bbc0-46c2e763bd44,OrderRole.Standalone,OrderType.Market,_default,,PositionEffect.Open,,3025800.0,False,,OrderSide.Buy,OrderStatus.Filled,000963.SZ,,TimeInForce.GTC,,,,1452441600000000000,2016-01-10T16:00:00Z
7.19719,563601.153115,1452182400000000000,2016-01-07T16:00:00Z,31323400.0,,d04d0a16-c479-4f77-af1f-dcd31f7392ba,OrderRole.Standalone,OrderType.Market,_default,,PositionEffect.Open,,31323400.0,False,,OrderSide.Buy,OrderStatus.Filled,000983.SZ,,TimeInForce.GTC,,,,1452441600000000000,2016-01-10T16:00:00Z
23.7237,542804.186925,1452182400000000000,2016-01-07T16:00:00Z,9152100.0,,cafb2abb-bda9-4d00-ba58-fe8c069b423c,OrderRole.Standalone,OrderType.Market,_default,,PositionEffect.Open,,9152100.0,False,,OrderSide.Buy,OrderStatus.Filled,000999.SZ,,TimeInForce.GTC,,,,1452441600000000000,2016-01-10T16:00:00Z
60.00995,531703.1594875,1452182400000000000,2016-01-07T16:00:00Z,3544100.0,,60152854-2c34-40c1-bf44-40fa79c3e980,OrderRole.Standalone,OrderType.Market,_default,,PositionEffect.Open,,3544100.0,False,,OrderSide.Buy,OrderStatus.Filled,300033.SZ,,TimeInForce.GTC,,,,1452441600000000000,2016-01-10T16:00:00Z
218.218,538016.479,1452182400000000000,2016-01-07T16:00:00Z,986200.0,,e4ec90d9-fd9a-4082-a135-bf017b27539f,OrderRole.Standalone,OrderType.Market,_default,,PositionEffect.Open,,986200.0,False,,OrderSide.Buy,OrderStatus.Filled,300496.SZ,,TimeInForce.GTC,,,,1452441600000000000,2016-01-10T16:00:00Z
,0.0,1452182400000000000,2016-01-07T16:00:00Z,0.0,,c5dfd239-11ee-453c-8562-f9b33e922331,OrderRole.Standalone,OrderType.Market,_default,,PositionEffect.Open,,13527700.0,False,"Risk: Insufficient margin at execution. Required: 220730813.3080050000000000000, Available: 147092798.8505744610266967051",OrderSide.Buy,OrderStatus.Rejected,601166.SH,,TimeInForce.GTC,,,,1452441600000000000,2016-01-10T16:00:00Z
,0.0,1452182400000000000,2016-01-07T16:00:00Z,0.0,,123bccf2-b14f-4224-b195-b1f3bbad77e8,OrderRole.Standalone,OrderType.Market,_default,,PositionEffect.Open,,55185200.0,False,"Risk: Insufficient margin at execution. Required: 222067729.5136300000000000000, Available: 147092798.8505744610266967051",OrderSide.Buy,OrderStatus.Rejected,601818.SH,,TimeInForce.GTC,,,,1452441600000000000,2016-01-10T16:00:00Z
39.8398,535028.5941,1452182400000000000,2016-01-07T16:00:00Z,5371800.0,,57adae76-1514-4fc7-b64b-e739f15ccf71,OrderRole.Standalone,OrderType.Market,_default,,PositionEffect.Open,,5371800.0,False,,OrderSide.Buy,OrderStatus.Filled,300059.SZ,,TimeInForce.GTC,,,,1452441600000000000,2016-01-10T16:00:00Z
26.92305,502141.80555,1454601600000000000,2016-02-04T16:00:00Z,7460400.0,,870a3f02-f9fe-4fca-8247-801d96ccb9ef,OrderRole.Standalone,OrderType.Market,_default,,PositionEffect.Close,,7460400.0,False,,OrderSide.Sell,OrderStatus.Filled,000333.SZ,,TimeInForce.GTC,,,,1455465600000000000,2016-02-14T16:00:00Z
14.22576,505391.46264,1454601600000000000,2016-02-04T16:00:00Z,14210600.0,,e2942d4e-631e-4e86-9183-69a8e5285062,OrderRole.Standalone,OrderType.Market,_default,,PositionEffect.Close,,14210600.0,False,,OrderSide.Sell,OrderStatus.Filled,000625.SZ,,TimeInForce.GTC,,,,1455465600000000000,2016-02-14T16:00:00Z
68.98095,10812.7639125,1454601600000000000,2016-02-04T16:00:00Z,62700.0,,856bd1e6-ebd9-4546-abc2-9aaa34922c1a,OrderRole.Standalone,OrderType.Market,_default,,PositionEffect.Close,,62700.0,False,,OrderSide.Sell,OrderStatus.Filled,000963.SZ,,TimeInForce.GTC,,,,1455465600000000000,2016-02-14T16:00:00Z
6.4935,943.180875,1454601600000000000,2016-02-04T16:00:00Z,58100.0,,b2754dd1-df13-4ff4-8f8b-91b75797bbb0,OrderRole.Standalone,OrderType.Market,_default,,PositionEffect.Close,,58100.0,False,,OrderSide.Sell,OrderStatus.Filled,000983.SZ,,TimeInForce.GTC,,,,1455465600000000000,2016-02-14T16:00:00Z
20.85912,477261.88038,1454601600000000000,2016-02-04T16:00:00Z,9152100.0,,db6e7e22-05e9-44cf-b729-ccc7283fd534,OrderRole.Standalone,OrderType.Market,_default,,PositionEffect.Close,,9152100.0,False,,OrderSide.Sell,OrderStatus.Filled,000999.SZ,,TimeInForce.GTC,,,,1455465600000000000,2016-02-14T16:00:00Z
65.2347,577995.750675,1454601600000000000,2016-02-04T16:00:00Z,3544100.0,,31a66788-42ad-4a84-9288-d05dd7aace52,OrderRole.Standalone,OrderType.Market,_default,,PositionEffect.Close,,3544100.0,False,,OrderSide.Sell,OrderStatus.Filled,300033.SZ,,TimeInForce.GTC,,,,1455465600000000000,2016-02-14T16:00:00Z
37.21275,499748.626125,1454601600000000000,2016-02-04T16:00:00Z,5371800.0,,e3b8cf03-0598-4984-a2c4-1a889d199e1a,OrderRole.Standalone,OrderType.Market,_default,,PositionEffect.Close,,5371800.0,False,,OrderSide.Sell,OrderStatus.Filled,300059.SZ,,TimeInForce.GTC,,,,1455465600000000000,2016-02-14T16:00:00Z
160.839,396548.5545,1454601600000000000,2016-02-04T16:00:00Z,986200.0,,0700f991-b11f-478c-8492-647fa90c07fe,OrderRole.Standalone,OrderType.Market,_default,,PositionEffect.Close,,986200.0,False,,OrderSide.Sell,OrderStatus.Filled,300496.SZ,,TimeInForce.GTC,,,,1455465600000000000,2016-02-14T16:00:00Z
,0.0,1454601600000000000,2016-02-04T16:00:00Z,0.0,,2229ae8f-3fda-4a3f-b3ab-31dc5340b854,OrderRole.Standalone,OrderType.Market,_default,,PositionEffect.Close,,11377500.0,False,"Symbol 000002.SZ not tradable (zero volume, suspension) at execution timestamp 1455465600000000000",OrderSide.Sell,OrderStatus.Rejected,000002.SZ,,TimeInForce.GTC,,,,1455465600000000000,2016-02-14T16:00:00Z
,0.0,1454601600000000000,2016-02-04T16:00:00Z,0.0,,1c13f84b-c866-44ab-a4b4-781268abbed5,OrderRole.Standalone,OrderType.Market,_default,,PositionEffect.Close,,15782800.0,False,"Symbol 000657.SZ not tradable (zero volume, suspension) at execution timestamp 1455465600000000000",OrderSide.Sell,OrderStatus.Rejected,000657.SZ,,TimeInForce.GTC,,,,1455465600000000000,2016-02-14T16:00:00Z
20.63061,509586.382305,1454601600000000000,2016-02-04T16:00:00Z,9880200.0,,a2a0fe55-d042-4985-afc2-33fd21c6122a,OrderRole.Standalone,OrderType.Market,_default,,PositionEffect.Open,,9880200.0,False,,OrderSide.Buy,OrderStatus.Filled,000568.SZ,,TimeInForce.GTC,,,,1455465600000000000,2016-02-14T16:00:00Z
18.46845,512324.037225,1454601600000000000,2016-02-04T16:00:00Z,11096200.0,,4bbe55a0-bc21-4cf6-8d09-42065da14e0c,OrderRole.Standalone,OrderType.Market,_default,,PositionEffect.Open,,11096200.0,False,,OrderSide.Buy,OrderStatus.Filled,000651.SZ,,TimeInForce.GTC,,,,1455465600000000000,2016-02-14T16:00:00Z
11.9119,501517.791775,1454601600000000000,2016-02-04T16:00:00Z,16840900.0,,4e5b612d-1689-415c-9f55-6643493be8bd,OrderRole.Standalone,OrderType.Market,_default,,PositionEffect.Open,,16840900.0,False,,OrderSide.Buy,OrderStatus.Filled,002028.SZ,,TimeInForce.GTC,,,,1455465600000000000,2016-02-14T16:00:00Z
137.4373,513328.3155,1454601600000000000,2016-02-04T16:00:00Z,1494000.0,,595d0805-5494-4826-8001-0db6931826b2,OrderRole.Standalone,OrderType.Market,_default,,PositionEffect.Open,,1494000.0,False,,OrderSide.Buy,OrderStatus.Filled,002466.SZ,,TimeInForce.GTC,,,,1455465600000000000,2016-02-14T16:00:00Z
39.54951,498086.52894,1454601600000000000,2016-02-04T16:00:00Z,5037600.0,,ff2d3c41-e890-4ab3-a1dd-18083b2eaba1,OrderRole.Standalone,OrderType.Market,_default,,PositionEffect.Open,,5037600.0,False,,OrderSide.Buy,OrderStatus.Filled,300498.SZ,,TimeInForce.GTC,,,,1455465600000000000,2016-02-14T16:00:00Z
2.75275,506845.964625,1454601600000000000,2016-02-04T16:00:00Z,73649400.0,,0ee4205d-5fa0-48a5-a112-dd640976c4f2,OrderRole.Standalone,OrderType.Market,_default,,PositionEffect.Open,,73649400.0,False,,OrderSide.Buy,OrderStatus.Filled,600010.SH,,TimeInForce.GTC,,,,1455465600000000000,2016-02-14T16:00:00Z
,0.0,1454601600000000000,2016-02-04T16:00:00Z,0.0,,aa8c350e-2d83-4947-b219-75b9b7ddf06c,OrderRole.Standalone,OrderType.Market,_default,,PositionEffect.Open,,52819300.0,False,"Risk: Insufficient margin at execution. Required: 204596596.4492450000000000000, Available: 112742267.5205469610266967051",OrderSide.Buy,OrderStatus.Rejected,601600.SH,,TimeInForce.GTC,,,,1455465600000000000,2016-02-14T16:00:00Z
,0.0,1454601600000000000,2016-02-04T16:00:00Z,0.0,,cb6ca30d-77c4-4d04-8bcb-ce0180943c40,OrderRole.Standalone,OrderType.Market,_default,,PositionEffect.Open,,38308500.0,False,"Risk: Insufficient margin at execution. Required: 197210925.4240125000000000000, Available: 112742267.5205469610266967051",OrderSide.Buy,OrderStatus.Rejected,601919.SH,,TimeInForce.GTC,,,,1455465600000000000,2016-02-14T16:00:00Z
71.96796,533120.65569,1455465600000000000,2016-02-14T16:00:00Z,2963100.0,,7ea47f97-6c88-4cd5-9456-95d97fdd5c05,OrderRole.Standalone,OrderType.Market,_default,,PositionEffect.Close,,2963100.0,False,,OrderSide.Sell,OrderStatus.Filled,000963.SZ,,TimeInForce.GTC,,,,1455552000000000000,2016-02-15T16:00:00Z
6.65334,520046.677755,1455465600000000000,2016-02-14T16:00:00Z,31265300.0,,3055400a-073a-41a8-abf6-212aeab78d9c,OrderRole.Standalone,OrderType.Market,_default,,PositionEffect.Close,,31265300.0,False,,OrderSide.Sell,OrderStatus.Filled,000983.SZ,,TimeInForce.GTC,,,,1455552000000000000,2016-02-15T16:00:00Z
22.39758,553231.42479,1457625600000000000,2016-03-10T16:00:00Z,9880200.0,,773d79de-a6ba-4c2b-b06d-2f08f4d82f9c,OrderRole.Standalone,OrderType.Market,_default,,PositionEffect.Close,,9880200.0,False,,OrderSide.Sell,OrderStatus.Filled,000568.SZ,,TimeInForce.GTC,,,,1457884800000000000,2016-03-13T16:00:00Z
13.64634,538443.63738,1457625600000000000,2016-03-10T16:00:00Z,15782800.0,,eb85183e-bbae-45bd-89bf-3017230d12df,OrderRole.Standalone,OrderType.Market,_default,,PositionEffect.Close,,15782800.0,False,,OrderSide.Sell,OrderStatus.Filled,000657.SZ,,TimeInForce.GTC,,,,1457884800000000000,2016-03-13T16:00:00Z
11.61837,489159.5183325,1457625600000000000,2016-03-10T16:00:00Z,16840900.0,,8b4626a4-f08d-48f8-b207-c7487e047b84,OrderRole.Standalone,OrderType.Market,_default,,PositionEffect.Close,,16840900.0,False,,OrderSide.Sell,OrderStatus.Filled,002028.SZ,,TimeInForce.GTC,,,,1457884800000000000,2016-03-13T16:00:00Z
119.83005,447565.23675,1457625600000000000,2016-03-10T16:00:00Z,1494000.0,,b4e2835c-a55e-4282-a9ce-2d1351986cc9,OrderRole.Standalone,OrderType.Market,_default,,PositionEffect.Close,,1494000.0,False,,OrderSide.Sell,OrderStatus.Filled,002466.SZ,,TimeInForce.GTC,,,,1457884800000000000,2016-03-13T16:00:00Z
48.4515,610198.191,1457625600000000000,2016-03-10T16:00:00Z,5037600.0,,1ff49248-1060-49fd-8177-5878d0bcae32,OrderRole.Standalone,OrderType.Market,_default,,PositionEffect.Close,,5037600.0,False,,OrderSide.Sell,OrderStatus.Filled,300498.SZ,,TimeInForce.GTC,,,,1457884800000000000,2016-03-13T16:00:00Z
2.93706,540781.76691,1457625600000000000,2016-03-10T16:00:00Z,73649400.0,,fb07e9d1-59cb-4892-b1c0-bf40e7d982cf,OrderRole.Standalone,OrderType.Market,_default,,PositionEffect.Close,,73649400.0,False,,OrderSide.Sell,OrderStatus.Filled,600010.SH,,TimeInForce.GTC,,,,1457884800000000000,2016-03-13T16:00:00Z
,0.0,1457625600000000000,2016-03-10T16:00:00Z,0.0,,36e2616b-ed18-4b6f-a9b5-00fc1077cc28,OrderRole.Standalone,OrderType.Market,_default,,PositionEffect.Close,,11377500.0,False,"Symbol 000002.SZ not tradable (zero volume, suspension) at execution timestamp 1457884800000000000",OrderSide.Sell,OrderStatus.Rejected,000002.SZ,,TimeInForce.GTC,,,,1457884800000000000,2016-03-13T16:00:00Z
,0.0,1457625600000000000,2016-03-10T16:00:00Z,0.0,,eb72db53-2f0a-45c5-aa0d-9325423189ce,OrderRole.Standalone,OrderType.Market,_default,,PositionEffect.Close,,11096200.0,False,"Symbol 000651.SZ not tradable (zero volume, suspension) at execution timestamp 1457884800000000000",OrderSide.Sell,OrderStatus.Rejected,000651.SZ,,TimeInForce.GTC,,,,1457884800000000000,2016-03-13T16:00:00Z
48.77873,462154.077385,1457625600000000000,2016-03-10T16:00:00Z,3789800.0,,5186d53b-e695-4ca7-b055-61a49fdcb8c1,OrderRole.Standalone,OrderType.Market,_default,,PositionEffect.Open,,3789800.0,False,,OrderSide.Buy,OrderStatus.Filled,002049.SZ,,TimeInForce.GTC,,,,1457884800000000000,2016-03-13T16:00:00Z
22.5225,521581.685625,1457625600000000000,2016-03-10T16:00:00Z,9263300.0,,19ac4670-ffe3-4a14-9db2-9583985ab349,OrderRole.Standalone,OrderType.Market,_default,,PositionEffect.Open,,9263300.0,False,,OrderSide.Buy,OrderStatus.Filled,002241.SZ,,TimeInForce.GTC,,,,1457884800000000000,2016-03-13T16:00:00Z
21.37135,523021.04855,1457625600000000000,2016-03-10T16:00:00Z,9789200.0,,accaba00-2be6-47de-bca3-b2349261cadd,OrderRole.Standalone,OrderType.Market,_default,,PositionEffect.Open,,9789200.0,False,,OrderSide.Buy,OrderStatus.Filled,002371.SZ,,TimeInForce.GTC,,,,1457884800000000000,2016-03-13T16:00:00Z
115.3152,522752.6304,1457625600000000000,2016-03-10T16:00:00Z,1813300.0,,a207dc9e-35d6-4f66-9af1-4247fb46fb1b,OrderRole.Standalone,OrderType.Market,_default,,PositionEffect.Open,,1813300.0,False,,OrderSide.Buy,OrderStatus.Filled,002558.SZ,,TimeInForce.GTC,,,,1457884800000000000,2016-03-13T16:00:00Z
52.70265,520978.8709125,1457625600000000000,2016-03-10T16:00:00Z,3954100.0,,06683a73-2bbb-40e6-96ca-cd5aa4e74f5a,OrderRole.Standalone,OrderType.Market,_default,,PositionEffect.Open,,3954100.0,False,,OrderSide.Buy,OrderStatus.Filled,300033.SZ,,TimeInForce.GTC,,,,1457884800000000000,2016-03-13T16:00:00Z
31.85182,530818.543255,1457625600000000000,2016-03-10T16:00:00Z,6666100.0,,bb71d27b-8d20-43e2-b8a6-5e55855fda2e,OrderRole.Standalone,OrderType.Market,_default,,PositionEffect.Open,,6666100.0,False,,OrderSide.Buy,OrderStatus.Filled,302132.SZ,,TimeInForce.GTC,,,,1457884800000000000,2016-03-13T16:00:00Z
,0.0,1457625600000000000,2016-03-10T16:00:00Z,0.0,,e1c67ed9-fff3-4d8a-933b-1a85b9a88c0b,OrderRole.Standalone,OrderType.Market,_default,,PositionEffect.Open,,21174700.0,False,"Risk: Insufficient margin at execution. Required: 209513802.8533550000000000000, Available: 148160013.4238419610266967051",OrderSide.Buy,OrderStatus.Rejected,600160.SH,,TimeInForce.GTC,,,,1457884800000000000,2016-03-13T16:00:00Z
,0.0,1457625600000000000,2016-03-10T16:00:00Z,0.0,,c362d8c0-e91a-4db5-9f77-836475dd8294,OrderRole.Standalone,OrderType.Market,_default,,PositionEffect.Open,,7485600.0,False,"Risk: Insufficient margin at execution. Required: 207852012.7483800000000000000, Available: 148160013.4238419610266967051",OrderSide.Buy,OrderStatus.Rejected,600161.SH,,TimeInForce.GTC,,,,1457884800000000000,2016-03-13T16:00:00Z
14.89488,517991.79432,1457625600000000000,2016-03-10T16:00:00Z,13910600.0,,20c40d0a-33c6-4a04-9401-cd389183bea3,OrderRole.Standalone,OrderType.Market,_default,,PositionEffect.Open,,13910600.0,False,,OrderSide.Buy,OrderStatus.Filled,000876.SZ,,TimeInForce.GTC,,,,1457884800000000000,2016-03-13T16:00:00Z
35.4354,523814.94165,1457625600000000000,2016-03-10T16:00:00Z,5912900.0,,babb1ad3-d00a-48bc-97cb-90fe8a5c7167,OrderRole.Standalone,OrderType.Market,_default,,PositionEffect.Open,,5912900.0,False,,OrderSide.Buy,OrderStatus.Filled,300059.SZ,,TimeInForce.GTC,,,,1457884800000000000,2016-03-13T16:00:00Z
16.37361,569416.848165,1460304000000000000,2016-04-10T16:00:00Z,13910600.0,,529b52ad-5856-4112-a48b-964128e62030,OrderRole.Standalone,OrderType.Market,_default,,PositionEffect.Close,,13910600.0,False,,OrderSide.Sell,OrderStatus.Filled,000876.SZ,,TimeInForce.GTC,,,,1460390400000000000,2016-04-11T16:00:00Z
41.68827,394975.514115,1460304000000000000,2016-04-10T16:00:00Z,3789800.0,,6c072fbe-9dbd-4dea-b9c5-6445caa26dac,OrderRole.Standalone,OrderType.Market,_default,,PositionEffect.Close,,3789800.0,False,,OrderSide.Sell,OrderStatus.Filled,002049.SZ,,TimeInForce.GTC,,,,1460390400000000000,2016-04-11T16:00:00Z
26.46351,612848.5804575,1460304000000000000,2016-04-10T16:00:00Z,9263300.0,,756a9c36-4c07-4896-802a-4b07663412f2,OrderRole.Standalone,OrderType.Market,_default,,PositionEffect.Close,,9263300.0,False,,OrderSide.Sell,OrderStatus.Filled,002241.SZ,,TimeInForce.GTC,,,,1460390400000000000,2016-04-11T16:00:00Z
25.23474,617569.79202,1460304000000000000,2016-04-10T16:00:00Z,9789200.0,,c231bbe3-ff85-495f-81c0-c1b63f2155fc,OrderRole.Standalone,OrderType.Market,_default,,PositionEffect.Close,,9789200.0,False,,OrderSide.Sell,OrderStatus.Filled,002371.SZ,,TimeInForce.GTC,,,,1460390400000000000,2016-04-11T16:00:00Z
126.81306,574875.304245,1460304000000000000,2016-04-10T16:00:00Z,1813300.0,,611ef1d8-f3b7-42f3-b317-26cb0cfa766a,OrderRole.Standalone,OrderType.Market,_default,,PositionEffect.Close,,1813300.0,False,,OrderSide.Sell,OrderStatus.Filled,002558.SZ,,TimeInForce.GTC,,,,1460390400000000000,2016-04-11T16:00:00Z
74.925,740652.35625,1460304000000000000,2016-04-10T16:00:00Z,3954100.0,,b5459b32-040c-40cf-9b1d-afd4730ab79b,OrderRole.Standalone,OrderType.Market,_default,,PositionEffect.Close,,3954100.0,False,,OrderSide.Sell,OrderStatus.Filled,300033.SZ,,TimeInForce.GTC,,,,1460390400000000000,2016-04-11T16:00:00Z
43.70625,646076.7140625,1460304000000000000,2016-04-10T16:00:00Z,5912900.0,,3f07d147-eaf7-45b0-8066-abd130fcfadf,OrderRole.Standalone,OrderType.Market,_default,,PositionEffect.Close,,5912900.0,False,,OrderSide.Sell,OrderStatus.Filled,300059.SZ,,TimeInForce.GTC,,,,1460390400000000000,2016-04-11T16:00:00Z
37.73223,628817.0460075,1460304000000000000,2016-04-10T16:00:00Z,6666100.0,,4e5d2b9d-5cac-4d48-b3a1-9dd98cc0fc1b,OrderRole.Standalone,OrderType.Market,_default,,PositionEffect.Close,,6666100.0,False,,OrderSide.Sell,OrderStatus.Filled,302132.SZ,,TimeInForce.GTC,,,,1460390400000000000,2016-04-11T16:00:00Z
,0.0,1460304000000000000,2016-04-10T16:00:00Z,0.0,,4a5dac9f-a328-4f59-9504-964593e29fe5,OrderRole.Standalone,OrderType.Market,_default,,PositionEffect.Close,,11377500.0,False,"Symbol 000002.SZ not tradable (zero volume, suspension) at execution timestamp 1460390400000000000",OrderSide.Sell,OrderStatus.Rejected,000002.SZ,,TimeInForce.GTC,,,,1460390400000000000,2016-04-11T16:00:00Z
,0.0,1460304000000000000,2016-04-10T16:00:00Z,0.0,,59ceac10-6480-4834-bd2e-4dd5861369e3,OrderRole.Standalone,OrderType.Market,_default,,PositionEffect.Close,,11096200.0,False,"Symbol 000651.SZ not tradable (zero volume, suspension) at execution timestamp 1460390400000000000",OrderSide.Sell,OrderStatus.Rejected,000651.SZ,,TimeInForce.GTC,,,,1460390400000000000,2016-04-11T16:00:00Z
15.56555,558912.20385,1460304000000000000,2016-04-10T16:00:00Z,14362800.0,,d427707f-fad6-4bac-84d1-f8efae887019,OrderRole.Standalone,OrderType.Market,_default,,PositionEffect.Open,,14362800.0,False,,OrderSide.Buy,OrderStatus.Filled,000408.SZ,,TimeInForce.GTC,,,,1460390400000000000,2016-04-11T16:00:00Z
12.26225,572389.56775,1460304000000000000,2016-04-10T16:00:00Z,18671600.0,,a56c9b3c-89f8-4cf0-89c3-78b219bf6524,OrderRole.Standalone,OrderType.Market,_default,,PositionEffect.Open,,18671600.0,False,,OrderSide.Buy,OrderStatus.Filled,000617.SZ,,TimeInForce.GTC,,,,1460390400000000000,2016-04-11T16:00:00Z
58.3583,564645.73165,1460304000000000000,2016-04-10T16:00:00Z,3870200.0,,2ce18f71-e9cb-4da6-a913-e69a924da157,OrderRole.Standalone,OrderType.Market,_default,,PositionEffect.Open,,3870200.0,False,,OrderSide.Buy,OrderStatus.Filled,002460.SZ,,TimeInForce.GTC,,,,1460390400000000000,2016-04-11T16:00:00Z
60.51045,568147.7426625,1460304000000000000,2016-04-10T16:00:00Z,3755700.0,,3b00d4b3-7915-4ce0-8941-0aed1aed08a2,OrderRole.Standalone,OrderType.Market,_default,,PositionEffect.Open,,3755700.0,False,,OrderSide.Buy,OrderStatus.Filled,002601.SZ,,TimeInForce.GTC,,,,1460390400000000000,2016-04-11T16:00:00Z
59.07902,565519.149195,1460304000000000000,2016-04-10T16:00:00Z,3828900.0,,6d28f000-245e-4d09-a893-469a077fbad7,OrderRole.Standalone,OrderType.Market,_default,,PositionEffect.Open,,3828900.0,False,,OrderSide.Buy,OrderStatus.Filled,002714.SZ,,TimeInForce.GTC,,,,1460390400000000000,2016-04-11T16:00:00Z
27.03701,564485.4540325,1460304000000000000,2016-04-10T16:00:00Z,8351300.0,,24f644af-110b-4459-8e07-a0492c320ed1,OrderRole.Standalone,OrderType.Market,_default,,PositionEffect.Open,,8351300.0,False,,OrderSide.Buy,OrderStatus.Filled,300223.SZ,,TimeInForce.GTC,,,,1460390400000000000,2016-04-11T16:00:00Z
24.75473,581309.1359075,1460304000000000000,2016-04-10T16:00:00Z,9393100.0,,1d1f138b-1523-49cc-bc71-7cad3809edd4,OrderRole.Standalone,OrderType.Market,_default,,PositionEffect.Open,,9393100.0,False,,OrderSide.Buy,OrderStatus.Filled,300274.SZ,,TimeInForce.GTC,,,,1460390400000000000,2016-04-11T16:00:00Z
99.099,559463.4045,1460304000000000000,2016-04-10T16:00:00Z,2258200.0,,db931332-211d-4566-ad90-cfe229312e11,OrderRole.Standalone,OrderType.Market,_default,,PositionEffect.Open,,2258200.0,False,,OrderSide.Buy,OrderStatus.Filled,300394.SZ,,TimeInForce.GTC,,,,1460390400000000000,2016-04-11T16:00:00Z
,0.0,1460304000000000000,2016-04-10T16:00:00Z,0.0,,ab3d46af-f01b-41e7-a086-d2f7ae2c1fcf,OrderRole.Standalone,OrderType.Market,_default,,PositionEffect.Open,,8309000.0,False,"Risk: Insufficient margin at execution. Required: 253478309.0839999999999999999, Available: 238983815.1889719610266967050",OrderSide.Buy,OrderStatus.Rejected,600233.SH,,TimeInForce.GTC,,,,1460390400000000000,2016-04-11T16:00:00Z
13.6136,568456.2884,1460304000000000000,2016-04-10T16:00:00Z,16702600.0,,d0d5898e-b906-4703-9483-c877ab75eb97,OrderRole.Standalone,OrderType.Market,_default,,PositionEffect.Open,,16702600.0,False,,OrderSide.Buy,OrderStatus.Filled,600803.SH,,TimeInForce.GTC,,,,1460390400000000000,2016-04-11T16:00:00Z
14.03595,503988.85665,1462809600000000000,2016-05-09T16:00:00Z,14362800.0,,2bc915c1-991c-4296-802d-a866870788ea,OrderRole.Standalone,OrderType.Market,_default,,PositionEffect.Close,,14362800.0,False,,OrderSide.Sell,OrderStatus.Filled,000408.SZ,,TimeInForce.GTC,,,,1462896000000000000,2016-05-10T16:00:00Z
63.46647,66068.59527,1462809600000000000,2016-05-09T16:00:00Z,416400.0,,8f83b81b-c5c6-4aca-8033-9ebdf611a769,OrderRole.Standalone,OrderType.Market,_default,,PositionEffect.Close,,416400.0,False,,OrderSide.Sell,OrderStatus.Filled,002460.SZ,,TimeInForce.GTC,,,,1462896000000000000,2016-05-10T16:00:00Z
12.89709,423827.3958525,1462809600000000000,2016-05-09T16:00:00Z,13144900.0,,8b8de925-7ced-44d4-b182-2dadeecdd60c,OrderRole.Standalone,OrderType.Market,_default,,PositionEffect.Close,,13144900.0,False,,OrderSide.Sell,OrderStatus.Filled,002601.SZ,,TimeInForce.GTC,,,,1462896000000000000,2016-05-10T16:00:00Z
53.10684,508351.94919,1462809600000000000,2016-05-09T16:00:00Z,3828900.0,,6c9d0b1d-82ce-40df-a38b-110ee63a2000,OrderRole.Standalone,OrderType.Market,_default,,PositionEffect.Close,,3828900.0,False,,OrderSide.Sell,OrderStatus.Filled,002714.SZ,,TimeInForce.GTC,,,,1462896000000000000,2016-05-10T16:00:00Z
20.4795,5.119875,1462809600000000000,2016-05-09T16:00:00Z,100.0,,6b082458-ee8b-4ef3-a52b-051c75060eec,OrderRole.Standalone,OrderType.Market,_default,,PositionEffect.Close,,100.0,False,,OrderSide.Sell,OrderStatus.Filled,300059.SZ,,TimeInForce.GTC,,,,1462896000000000000,2016-05-10T16:00:00Z
29.16081,608826.6813825,1462809600000000000,2016-05-09T16:00:00Z,8351300.0,,c3aa6461-d67e-4858-916f-b4ed8e456069,OrderRole.Standalone,OrderType.Market,_default,,PositionEffect.Close,,8351300.0,False,,OrderSide.Sell,OrderStatus.Filled,300223.SZ,,TimeInForce.GTC,,,,1462896000000000000,2016-05-10T16:00:00Z
21.28869,499916.9850975,1462809600000000000,2016-05-09T16:00:00Z,9393100.0,,8f962539-18dc-4e56-9974-3522ce362695,OrderRole.Standalone,OrderType.Market,_default,,PositionEffect.Close,,9393100.0,False,,OrderSide.Sell,OrderStatus.Filled,300274.SZ,,TimeInForce.GTC,,,,1462896000000000000,2016-05-10T16:00:00Z
88.92099,502003.449045,1462809600000000000,2016-05-09T16:00:00Z,2258200.0,,34c9fb9d-97d1-4700-ba41-d6c469e5d604,OrderRole.Standalone,OrderType.Market,_default,,PositionEffect.Close,,2258200.0,False,,OrderSide.Sell,OrderStatus.Filled,300394.SZ,,TimeInForce.GTC,,,,1462896000000000000,2016-05-10T16:00:00Z
12.13785,506834.133525,1462809600000000000,2016-05-09T16:00:00Z,16702600.0,,8bcd3312-8876-4891-9e48-e15609f3dbc2,OrderRole.Standalone,OrderType.Market,_default,,PositionEffect.Close,,16702600.0,False,,OrderSide.Sell,OrderStatus.Filled,600803.SH,,TimeInForce.GTC,,,,1462896000000000000,2016-05-10T16:00:00Z
,0.0,1462809600000000000,2016-05-09T16:00:00Z,0.0,,13ca1409-8ce5-46c1-831b-b786876c197f,OrderRole.Standalone,OrderType.Market,_default,,PositionEffect.Close,,11377500.0,False,"Symbol 000002.SZ not tradable (zero volume, suspension) at execution timestamp 1462896000000000000",OrderSide.Sell,OrderStatus.Rejected,000002.SZ,,TimeInForce.GTC,,,,1462896000000000000,2016-05-10T16:00:00Z
,0.0,1462809600000000000,2016-05-09T16:00:00Z,0.0,,91a25576-8278-4370-87bc-8ba9ba21371b,OrderRole.Standalone,OrderType.Market,_default,,PositionEffect.Close,,18671600.0,False,"Symbol 000617.SZ not tradable (zero volume, suspension) at execution timestamp 1462896000000000000",OrderSide.Sell,OrderStatus.Rejected,000617.SZ,,TimeInForce.GTC,,,,1462896000000000000,2016-05-10T16:00:00Z
,0.0,1462809600000000000,2016-05-09T16:00:00Z,0.0,,066ea0c6-9adb-4076-a10f-36dd76e6a2cf,OrderRole.Standalone,OrderType.Market,_default,,PositionEffect.Close,,11096200.0,False,"Symbol 000651.SZ not tradable (zero volume, suspension) at execution timestamp 1462896000000000000",OrderSide.Sell,OrderStatus.Rejected,000651.SZ,,TimeInForce.GTC,,,,1462896000000000000,2016-05-10T16:00:00Z
14.3143,542551.334325,1462809600000000000,2016-05-09T16:00:00Z,15161100.0,,a22e39a8-da6f-48e9-8740-c110a182c621,OrderRole.Standalone,OrderType.Market,_default,,PositionEffect.Open,,15161100.0,False,,OrderSide.Buy,OrderStatus.Filled,000657.SZ,,TimeInForce.GTC,,,,1462896000000000000,2016-05-10T16:00:00Z
171.6715,549348.8,1462809600000000000,2016-05-09T16:00:00Z,1280000.0,,efafe441-53df-47b6-a4b9-e0911f1626f4,OrderRole.Standalone,OrderType.Market,_default,,PositionEffect.Open,,1280000.0,False,,OrderSide.Buy,OrderStatus.Filled,002466.SZ,,TimeInForce.GTC,,,,1462896000000000000,2016-05-10T16:00:00Z
10.14013,546750.739535,1462809600000000000,2016-05-09T16:00:00Z,21567800.0,,5d097b30-6420-4e54-be88-adb5d7965f33,OrderRole.Standalone,OrderType.Market,_default,,PositionEffect.Open,,21567800.0,False,,OrderSide.Buy,OrderStatus.Filled,002600.SZ,,TimeInForce.GTC,,,,1462896000000000000,2016-05-10T16:00:00Z
130.06994,548439.90201,1462809600000000000,2016-05-09T16:00:00Z,1686600.0,,f26537b8-5bc5-4eed-9571-d8c1c3af9c9e,OrderRole.Standalone,OrderType.Market,_default,,PositionEffect.Open,,1686600.0,False,,OrderSide.Buy,OrderStatus.Filled,002709.SZ,,TimeInForce.GTC,,,,1462896000000000000,2016-05-10T16:00:00Z
25.07505,548146.8617625,1462809600000000000,2016-05-09T16:00:00Z,8744100.0,,fae2c42b-8b60-4888-b6f4-1a575f150951,OrderRole.Standalone,OrderType.Market,_default,,PositionEffect.Open,,8744100.0,False,,OrderSide.Buy,OrderStatus.Filled,300476.SZ,,TimeInForce.GTC,,,,1462896000000000000,2016-05-10T16:00:00Z
220.22,537777.24,1462809600000000000,2016-05-09T16:00:00Z,976800.0,,94f04875-28e2-40cf-a296-4eba8c564bb1,OrderRole.Standalone,OrderType.Market,_default,,PositionEffect.Open,,976800.0,False,,OrderSide.Buy,OrderStatus.Filled,300496.SZ,,TimeInForce.GTC,,,,1462896000000000000,2016-05-10T16:00:00Z
,0.0,1462809600000000000,2016-05-09T16:00:00Z,0.0,,663af094-d312-47c7-ad46-bbffb645a8f2,OrderRole.Standalone,OrderType.Market,_default,,PositionEffect.Open,,13812800.0,False,"Risk: Insufficient margin at execution. Required: 219006633.4456000000000000000, Available: 144215390.9190519588571415385",OrderSide.Buy,OrderStatus.Rejected,600233.SH,,TimeInForce.GTC,,,,1462896000000000000,2016-05-10T16:00:00Z
,0.0,1462809600000000000,2016-05-09T16:00:00Z,0.0,,4a7ec3c2-64a0-4924-bcd3-4f60f5d4e938,OrderRole.Standalone,OrderType.Market,_default,,PositionEffect.Open,,4109100.0,False,"Risk: Insufficient margin at execution. Required: 218545082.5057500000000000000, Available: 144215390.9190519588571415385",OrderSide.Buy,OrderStatus.Rejected,600570.SH,,TimeInForce.GTC,,,,1462896000000000000,2016-05-10T16:00:00Z
,0.0,1462809600000000000,2016-05-09T16:00:00Z,0.0,,c36be5a2-1c92-438e-8b71-1d62c459c845,OrderRole.Standalone,OrderType.Market,_default,,PositionEffect.Open,,10892700.0,False,"Risk: Insufficient margin at execution. Required: 195006394.0024200000000000000, Available: 144215390.9190519588571415385",OrderSide.Buy,OrderStatus.Rejected,600584.SH,,TimeInForce.GTC,,,,1462896000000000000,2016-05-10T16:00:00Z
60.939,526177.7955,1462896000000000000,2016-05-10T16:00:00Z,3453800.0,,126a4fa2-77bc-43fa-80ef-6c56b828efd0,OrderRole.Standalone,OrderType.Market,_default,,PositionEffect.Close,,3453800.0,False,,OrderSide.Sell,OrderStatus.Filled,002460.SZ,,TimeInForce.GTC,,,,1462982400000000000,2016-05-11T16:00:00Z
15.35463,581982.7022325,1465228800000000000,2016-06-06T16:00:00Z,15161100.0,,fb218c80-e7bd-40cf-a5bb-b08b76920705,OrderRole.Standalone,OrderType.Market,_default,,PositionEffect.Close,,15161100.0,False,,OrderSide.Sell,OrderStatus.Filled,000657.SZ,,TimeInForce.GTC,,,,1465315200000000000,2016-06-07T16:00:00Z
,0.0,1465228800000000000,2016-06-06T16:00:00Z,0.0,,69d196b6-ede8-448f-900b-e6b6c58f72b7,OrderRole.Standalone,OrderType.Market,_default,,PositionEffect.Close,,4864000.0,False,"Risk: Insufficient available position for 002466.SZ at execution. Available: 4863999.9999999997726263245551, Required: 4864000",OrderSide.Sell,OrderStatus.Rejected,002466.SZ,,TimeInForce.GTC,,,,1465315200000000000,2016-06-07T16:00:00Z
12.8871,694865.98845,1465228800000000000,2016-06-06T16:00:00Z,21567800.0,,9485d415-e677-4809-a17a-098cddc37df7,OrderRole.Standalone,OrderType.Market,_default,,PositionEffect.Close,,21567800.0,False,,OrderSide.Sell,OrderStatus.Filled,002600.SZ,,TimeInForce.GTC,,,,1465315200000000000,2016-06-07T16:00:00Z
57.89205,19234.6336125,1465228800000000000,2016-06-06T16:00:00Z,132900.0,,90d9bdc5-c32f-4f40-9ac0-ebb675fd5006,OrderRole.Standalone,OrderType.Market,_default,,PositionEffect.Close,,132900.0,False,,OrderSide.Sell,OrderStatus.Filled,002709.SZ,,TimeInForce.GTC,,,,1465315200000000000,2016-06-07T16:00:00Z
27.3726,15821.3628,1465228800000000000,2016-06-06T16:00:00Z,231200.0,,bc45b9c3-07ec-4423-89e6-8a0eec2283d1,OrderRole.Standalone,OrderType.Market,_default,,PositionEffect.Close,,231200.0,False,,OrderSide.Sell,OrderStatus.Filled,300476.SZ,,TimeInForce.GTC,,,,1465315200000000000,2016-06-07T16:00:00Z
322.98669,204854.3081325,1465228800000000000,2016-06-06T16:00:00Z,253700.0,,5a3b19ea-adf7-4cf4-90c3-bf23fc631b5b,OrderRole.Standalone,OrderType.Market,_default,,PositionEffect.Close,,253700.0,False,,OrderSide.Sell,OrderStatus.Filled,300496.SZ,,TimeInForce.GTC,,,,1465315200000000000,2016-06-07T16:00:00Z
,0.0,1465228800000000000,2016-06-06T16:00:00Z,0.0,,66db2a32-122f-4d58-a836-bb09e536db5a,OrderRole.Standalone,OrderType.Market,_default,,PositionEffect.Close,,11377500.0,False,"Symbol 000002.SZ not tradable (zero volume, suspension) at execution timestamp 1465315200000000000",OrderSide.Sell,OrderStatus.Rejected,000002.SZ,,TimeInForce.GTC,,,,1465315200000000000,2016-06-07T16:00:00Z
,0.0,1465228800000000000,2016-06-06T16:00:00Z,0.0,,e1ffdd7e-2e75-4939-950a-632b33bffa52,OrderRole.Standalone,OrderType.Market,_default,,PositionEffect.Close,,18671600.0,False,"Symbol 000617.SZ not tradable (zero volume, suspension) at execution timestamp 1465315200000000000",OrderSide.Sell,OrderStatus.Rejected,000617.SZ,,TimeInForce.GTC,,,,1465315200000000000,2016-06-07T16:00:00Z
,0.0,1465228800000000000,2016-06-06T16:00:00Z,0.0,,3580b5c5-c3fd-40a6-9152-2ca3aa512120,OrderRole.Standalone,OrderType.Market,_default,,PositionEffect.Close,,11096200.0,False,"Symbol 000651.SZ not tradable (zero volume, suspension) at execution timestamp 1465315200000000000",OrderSide.Sell,OrderStatus.Rejected,000651.SZ,,TimeInForce.GTC,,,,1465315200000000000,2016-06-07T16:00:00Z
,0.0,1465228800000000000,2016-06-06T16:00:00Z,0.0,,4842e439-b0e6-4a90-aaee-d2c27aab75d5,OrderRole.Standalone,OrderType.Market,_default,,PositionEffect.Open,,9669700.0,False,"Symbol 002352.SZ not tradable (zero volume, suspension) at execution timestamp 1465315200000000000",OrderSide.Buy,OrderStatus.Rejected,002352.SZ,,TimeInForce.GTC,,,,1465315200000000000,2016-06-07T16:00:00Z
32.27224,586798.07186,1465228800000000000,2016-06-06T16:00:00Z,7273100.0,,b713615e-7070-469e-b634-e65a41dc411d,OrderRole.Standalone,OrderType.Market,_default,,PositionEffect.Open,,7273100.0,False,,OrderSide.Buy,OrderStatus.Filled,002371.SZ,,TimeInForce.GTC,,,,1465315200000000000,2016-06-07T16:00:00Z
65.5655,586680.094,1465228800000000000,2016-06-06T16:00:00Z,3579200.0,,10da3987-07fc-4836-8ede-130a7c1e0b66,OrderRole.Standalone,OrderType.Market,_default,,PositionEffect.Open,,3579200.0,False,,OrderSide.Buy,OrderStatus.Filled,002460.SZ,,TimeInForce.GTC,,,,1465315200000000000,2016-06-07T16:00:00Z
44.044,586104.519,1465228800000000000,2016-06-06T16:00:00Z,5322900.0,,933a569a-d9f4-47ed-aeb0-4b4c8970735e,OrderRole.Standalone,OrderType.Market,_default,,PositionEffect.Open,,5322900.0,False,,OrderSide.Buy,OrderStatus.Filled,300014.SZ,,TimeInForce.GTC,,,,1465315200000000000,2016-06-07T16:00:00Z
17.16715,589790.3136125,1465228800000000000,2016-06-06T16:00:00Z,13742300.0,,00b86ac8-198b-432d-9f50-71becf547f1e,OrderRole.Standalone,OrderType.Market,_default,,PositionEffect.Open,,13742300.0,False,,OrderSide.Buy,OrderStatus.Filled,600061.SH,,TimeInForce.GTC,,,,1465315200000000000,2016-06-07T16:00:00Z
,0.0,1465228800000000000,2016-06-06T16:00:00Z,0.0,,508e4c43-4ca7-4c13-b88f-3f99a179cdbf,OrderRole.Standalone,OrderType.Market,_default,,PositionEffect.Open,,13234200.0,False,"Risk: Insufficient margin at execution. Required: 237190672.7490300000000000000, Available: 17921896.8318519281233785462",OrderSide.Buy,OrderStatus.Rejected,600233.SH,,TimeInForce.GTC,,,,1465315200000000000,2016-06-07T16:00:00Z
,0.0,1465228800000000000,2016-06-06T16:00:00Z,0.0,,9e5c9e7f-9f67-4a6c-bece-71989768d6fe,OrderRole.Standalone,OrderType.Market,_default,,PositionEffect.Open,,3372800.0,False,"Risk: Insufficient margin at execution. Required: 235941388.4027200000000000000, Available: 17921896.8318519281233785462",OrderSide.Buy,OrderStatus.Rejected,600570.SH,,TimeInForce.GTC,,,,1465315200000000000,2016-06-07T16:00:00Z
63.87606,652110.69654,1465315200000000000,2016-06-07T16:00:00Z,4083600.0,,cca2faa8-bf05-4d6a-a39f-c675c68882a0,OrderRole.Standalone,OrderType.Market,_default,,PositionEffect.Close,,4083600.0,False,,OrderSide.Sell,OrderStatus.Filled,002709.SZ,,TimeInForce.GTC,,,,1465747200000000000,2016-06-12T16:00:00Z
25.76421,548320.3582725,1465315200000000000,2016-06-07T16:00:00Z,8512900.0,,a815533f-4412-404a-bec8-61348ac7f8aa,OrderRole.Standalone,OrderType.Market,_default,,PositionEffect.Close,,8512900.0,False,,OrderSide.Sell,OrderStatus.Filled,300476.SZ,,TimeInForce.GTC,,,,1465747200000000000,2016-06-12T16:00:00Z
321.678,581513.4045,1465315200000000000,2016-06-07T16:00:00Z,723100.0,,38c8e348-2a62-45b8-a9f8-95327da12d67,OrderRole.Standalone,OrderType.Market,_default,,PositionEffect.Close,,723100.0,False,,OrderSide.Sell,OrderStatus.Filled,300496.SZ,,TimeInForce.GTC,,,,1465747200000000000,2016-06-12T16:00:00Z
18.5814,528524.69625,1467820800000000000,2016-07-06T16:00:00Z,11377500.0,,bcbdb846-0d90-41da-bdb4-062ddd8cd544,OrderRole.Standalone,OrderType.Market,_default,,PositionEffect.Close,,11377500.0,False,,OrderSide.Sell,OrderStatus.Filled,000002.SZ,,TimeInForce.GTC,,,,1467907200000000000,2016-07-07T16:00:00Z
8.91108,2.22777,1467820800000000000,2016-07-06T16:00:00Z,100.0,,cb610b49-ee99-4a94-a595-3b41e6d2e5ff,OrderRole.Standalone,OrderType.Market,_default,,PositionEffect.Close,,100.0,False,,OrderSide.Sell,OrderStatus.Filled,000876.SZ,,TimeInForce.GTC,,,,1467907200000000000,2016-07-07T16:00:00Z
42.957,781076.39175,1467820800000000000,2016-07-06T16:00:00Z,7273100.0,,4d4af750-9563-46ab-a13e-cf7d16945ee8,OrderRole.Standalone,OrderType.Market,_default,,PositionEffect.Close,,7273100.0,False,,OrderSide.Sell,OrderStatus.Filled,002371.SZ,,TimeInForce.GTC,,,,1467907200000000000,2016-07-07T16:00:00Z
38.51145,61589.4364125,1467820800000000000,2016-07-06T16:00:00Z,639700.0,,85af8569-9ddf-46f0-bb1f-ad432a76cd68,OrderRole.Standalone,OrderType.Market,_default,,PositionEffect.Close,,639700.0,False,,OrderSide.Sell,OrderStatus.Filled,002460.SZ,,TimeInForce.GTC,,,,1467907200000000000,2016-07-07T16:00:00Z
,0.0,1467820800000000000,2016-07-06T16:00:00Z,0.0,,759c1878-d3da-49c6-ad1c-44df31b03790,OrderRole.Standalone,OrderType.Market,_default,,PositionEffect.Close,,4864000.0,False,"Risk: Insufficient available position for 002466.SZ at execution. Available: 4863999.9999999997726263245551, Required: 4864000",OrderSide.Sell,OrderStatus.Rejected,002466.SZ,,TimeInForce.GTC,,,,1467907200000000000,2016-07-07T16:00:00Z
19.6803,4.920075,1467820800000000000,2016-07-06T16:00:00Z,100.0,,02d989a4-f805-49bd-a321-20eeadaf4b5d,OrderRole.Standalone,OrderType.Market,_default,,PositionEffect.Close,,100.0,False,,OrderSide.Sell,OrderStatus.Filled,002475.SZ,,TimeInForce.GTC,,,,1467907200000000000,2016-07-07T16:00:00Z
51.28866,682511.020785,1467820800000000000,2016-07-06T16:00:00Z,5322900.0,,4378fa84-67b6-49c6-bfe3-09878b4fc870,OrderRole.Standalone,OrderType.Market,_default,,PositionEffect.Close,,5322900.0,False,,OrderSide.Sell,OrderStatus.Filled,300014.SZ,,TimeInForce.GTC,,,,1467907200000000000,2016-07-07T16:00:00Z
17.81217,611950.4594775,1467820800000000000,2016-07-06T16:00:00Z,13742300.0,,c5f4c672-9d8c-440e-ad64-bd05d3729b78,OrderRole.Standalone,OrderType.Market,_default,,PositionEffect.Close,,13742300.0,False,,OrderSide.Sell,OrderStatus.Filled,600061.SH,,TimeInForce.GTC,,,,1467907200000000000,2016-07-07T16:00:00Z
,0.0,1467820800000000000,2016-07-06T16:00:00Z,0.0,,c60def51-964e-4d09-a0e6-d9c920ed35de,OrderRole.Standalone,OrderType.Market,_default,,PositionEffect.Close,,18671600.0,False,"Symbol 000617.SZ not tradable (zero volume, suspension) at execution timestamp 1467907200000000000",OrderSide.Sell,OrderStatus.Rejected,000617.SZ,,TimeInForce.GTC,,,,1467907200000000000,2016-07-07T16:00:00Z
,0.0,1467820800000000000,2016-07-06T16:00:00Z,0.0,,72a56605-88a9-44db-9dff-185586939b96,OrderRole.Standalone,OrderType.Market,_default,,PositionEffect.Close,,11096200.0,False,"Symbol 000651.SZ not tradable (zero volume, suspension) at execution timestamp 1467907200000000000",OrderSide.Sell,OrderStatus.Rejected,000651.SZ,,TimeInForce.GTC,,,,1467907200000000000,2016-07-07T16:00:00Z
2.69269,607411.62482,1467820800000000000,2016-07-06T16:00:00Z,90231200.0,,0c10e2d5-6e1c-4175-a621-eca54857bfac,OrderRole.Standalone,OrderType.Market,_default,,PositionEffect.Open,,90231200.0,False,,OrderSide.Buy,OrderStatus.Filled,000630.SZ,,TimeInForce.GTC,,,,1467907200000000000,2016-07-07T16:00:00Z
24.87485,621690.9073375,1467820800000000000,2016-07-06T16:00:00Z,9997100.0,,13a6094f-d1cd-4f2b-83ee-6754c8061996,OrderRole.Standalone,OrderType.Market,_default,,PositionEffect.Open,,9997100.0,False,,OrderSide.Buy,OrderStatus.Filled,000768.SZ,,TimeInForce.GTC,,,,1467907200000000000,2016-07-07T16:00:00Z
8.71871,604468.1643,1467820800000000000,2016-07-06T16:00:00Z,27732000.0,,4390fcab-182d-4066-b99e-e7be4caa50f1,OrderRole.Standalone,OrderType.Market,_default,,PositionEffect.Open,,27732000.0,False,,OrderSide.Buy,OrderStatus.Filled,000983.SZ,,TimeInForce.GTC,,,,1467907200000000000,2016-07-07T16:00:00Z
12.27226,612686.44437,1467820800000000000,2016-07-06T16:00:00Z,19969800.0,,e7b274bf-f4c9-4ec3-b6f3-b89c96619b32,OrderRole.Standalone,OrderType.Market,_default,,PositionEffect.Open,,19969800.0,False,,OrderSide.Buy,OrderStatus.Filled,002493.SZ,,TimeInForce.GTC,,,,1467907200000000000,2016-07-07T16:00:00Z
54.76471,597154.39784,1467820800000000000,2016-07-06T16:00:00Z,4361600.0,,a06ff8bd-8d4a-47da-934e-16f2e574e72a,OrderRole.Standalone,OrderType.Market,_default,,PositionEffect.Open,,4361600.0,False,,OrderSide.Buy,OrderStatus.Filled,300442.SZ,,TimeInForce.GTC,,,,1467907200000000000,2016-07-07T16:00:00Z
26.28626,612082.135665,1467820800000000000,2016-07-06T16:00:00Z,9314100.0,,0177c73a-8be1-4a0e-bce5-f8b64f61e379,OrderRole.Standalone,OrderType.Market,_default,,PositionEffect.Open,,9314100.0,False,,OrderSide.Buy,OrderStatus.Filled,600009.SH,,TimeInForce.GTC,,,,1467907200000000000,2016-07-07T16:00:00Z
4.78478,611626.46545,1467820800000000000,2016-07-06T16:00:00Z,51131000.0,,79b66303-8cf8-4f92-8e9c-d3108839ad47,OrderRole.Standalone,OrderType.Market,_default,,PositionEffect.Open,,51131000.0,False,,OrderSide.Buy,OrderStatus.Filled,600028.SH,,TimeInForce.GTC,,,,1467907200000000000,2016-07-07T16:00:00Z
,0.0,1467820800000000000,2016-07-06T16:00:00Z,0.0,,304cb903-531b-40dc-9651-40e1af10e1c5,OrderRole.Standalone,OrderType.Market,_default,,PositionEffect.Open,,16764200.0,False,"Risk: Insufficient margin at execution. Required: 242586457.5234100000000000000, Available: 82492621.3002369399868936738",OrderSide.Buy,OrderStatus.Rejected,600489.SH,,TimeInForce.GTC,,,,1467907200000000000,2016-07-07T16:00:00Z
,0.0,1467820800000000000,2016-07-06T16:00:00Z,0.0,,0945e6ae-34ee-4549-ac82-147771a7daa5,OrderRole.Standalone,OrderType.Market,_default,,PositionEffect.Open,,6381400.0,False,"Risk: Insufficient margin at execution. Required: 270942698.6115850000000000000, Available: 82492621.3002369399868936738",OrderSide.Buy,OrderStatus.Rejected,601127.SH,,TimeInForce.GTC,,,,1467907200000000000,2016-07-07T16:00:00Z
,0.0,1467907200000000000,2016-07-07T16:00:00Z,0.0,,5f55ed36-c1e4-4643-b125-fbd62f7e9649,OrderRole.Standalone,OrderType.Market,_default,,PositionEffect.Close,,6518700.0,False,"Symbol 002460.SZ not tradable (zero volume, suspension) at execution timestamp 1468166400000000000",OrderSide.Sell,OrderStatus.Rejected,002460.SZ,,TimeInForce.GTC,,,,1468166400000000000,2016-07-10T16:00:00Z
2.57742,581409.24876,1470240000000000000,2016-08-03T16:00:00Z,90231200.0,,700f5980-1d83-4ae1-b925-a8bd23554a6a,OrderRole.Standalone,OrderType.Market,_default,,PositionEffect.Close,,90231200.0,False,,OrderSide.Sell,OrderStatus.Filled,000630.SZ,,TimeInForce.GTC,,,,1470326400000000000,2016-08-04T16:00:00Z
21.4785,536806.780875,1470240000000000000,2016-08-03T16:00:00Z,9997100.0,,3bd8a7c5-c51a-4943-af30-82edf82bb282,OrderRole.Standalone,OrderType.Market,_default,,PositionEffect.Close,,9997100.0,False,,OrderSide.Sell,OrderStatus.Filled,000768.SZ,,TimeInForce.GTC,,,,1470326400000000000,2016-08-04T16:00:00Z
9.15084,634427.7372,1470240000000000000,2016-08-03T16:00:00Z,27732000.0,,be7e2918-9ce2-4b0f-9041-5558524a073d,OrderRole.Standalone,OrderType.Market,_default,,PositionEffect.Close,,27732000.0,False,,OrderSide.Sell,OrderStatus.Filled,000983.SZ,,TimeInForce.GTC,,,,1470326400000000000,2016-08-04T16:00:00Z
33.0669,538883.002575,1470240000000000000,2016-08-03T16:00:00Z,6518700.0,,90bb2712-5a7d-4ea0-912d-538603a72fd9,OrderRole.Standalone,OrderType.Market,_default,,PositionEffect.Close,,6518700.0,False,,OrderSide.Sell,OrderStatus.Filled,002460.SZ,,TimeInForce.GTC,,,,1470326400000000000,2016-08-04T16:00:00Z
,0.0,1470240000000000000,2016-08-03T16:00:00Z,0.0,,52be50ce-3f52-4cba-a297-94eb888a5c24,OrderRole.Standalone,OrderType.Market,_default,,PositionEffect.Close,,4864000.0,False,"Risk: Insufficient available position for 002466.SZ at execution. Available: 4863999.9999999997726263245551, Required: 4864000",OrderSide.Sell,OrderStatus.Rejected,002466.SZ,,TimeInForce.GTC,,,,1470326400000000000,2016-08-04T16:00:00Z
12.26772,612459.78714,1470240000000000000,2016-08-03T16:00:00Z,19969800.0,,119473a4-36e8-4d22-aad3-c39e9b213529,OrderRole.Standalone,OrderType.Market,_default,,PositionEffect.Close,,19969800.0,False,,OrderSide.Sell,OrderStatus.Filled,002493.SZ,,TimeInForce.GTC,,,,1470326400000000000,2016-08-04T16:00:00Z
44.8551,489100.0104,1470240000000000000,2016-08-03T16:00:00Z,4361600.0,,d1661340-5d40-4b79-8d6c-883e0810854f,OrderRole.Standalone,OrderType.Market,_default,,PositionEffect.Close,,4361600.0,False,,OrderSide.Sell,OrderStatus.Filled,300442.SZ,,TimeInForce.GTC,,,,1470326400000000000,2016-08-04T16:00:00Z
28.22175,657150.5041875,1470240000000000000,2016-08-03T16:00:00Z,9314100.0,,8a5371aa-9307-4f8d-ad39-6d4d426706b5,OrderRole.Standalone,OrderType.Market,_default,,PositionEffect.Close,,9314100.0,False,,OrderSide.Sell,OrderStatus.Filled,600009.SH,,TimeInForce.GTC,,,,1470326400000000000,2016-08-04T16:00:00Z
4.78521,611681.431275,1470240000000000000,2016-08-03T16:00:00Z,51131000.0,,d1dbb9b9-8461-49da-aaf9-2e940823684e,OrderRole.Standalone,OrderType.Market,_default,,PositionEffect.Close,,51131000.0,False,,OrderSide.Sell,OrderStatus.Filled,600028.SH,,TimeInForce.GTC,,,,1470326400000000000,2016-08-04T16:00:00Z
,0.0,1470240000000000000,2016-08-03T16:00:00Z,0.0,,c0cdeaf1-5061-4f40-86ef-4b644e4fcdd2,OrderRole.Standalone,OrderType.Market,_default,,PositionEffect.Close,,18671600.0,False,"Symbol 000617.SZ not tradable (zero volume, suspension) at execution timestamp 1470326400000000000",OrderSide.Sell,OrderStatus.Rejected,000617.SZ,,TimeInForce.GTC,,,,1470326400000000000,2016-08-04T16:00:00Z
,0.0,1470240000000000000,2016-08-03T16:00:00Z,0.0,,5cfe5055-4fa0-4e8e-b7d4-852ebc1dde44,OrderRole.Standalone,OrderType.Market,_default,,PositionEffect.Close,,11096200.0,False,"Symbol 000651.SZ not tradable (zero volume, suspension) at execution timestamp 1470326400000000000",OrderSide.Sell,OrderStatus.Rejected,000651.SZ,,TimeInForce.GTC,,,,1470326400000000000,2016-08-04T16:00:00Z
38.26823,581782.3336325,1470240000000000000,2016-08-03T16:00:00Z,6081100.0,,52882f94-70d0-49fa-9ece-4a74d4c4e790,OrderRole.Standalone,OrderType.Market,_default,,PositionEffect.Open,,6081100.0,False,,OrderSide.Buy,OrderStatus.Filled,002007.SZ,,TimeInForce.GTC,,,,1470326400000000000,2016-08-04T16:00:00Z
3.11311,583562.5871075,1470240000000000000,2016-08-03T16:00:00Z,74981300.0,,e94b0ec7-a450-4d67-ae65-d6474f1aae2d,OrderRole.Standalone,OrderType.Market,_default,,PositionEffect.Open,,74981300.0,False,,OrderSide.Buy,OrderStatus.Filled,601288.SH,,TimeInForce.GTC,,,,1470326400000000000,2016-08-04T16:00:00Z
5.58558,585438.60375,1470240000000000000,2016-08-03T16:00:00Z,41925000.0,,5b595d60-c501-4b96-bbb3-f6dcb0dd8e06,OrderRole.Standalone,OrderType.Market,_default,,PositionEffect.Open,,41925000.0,False,,OrderSide.Buy,OrderStatus.Filled,601328.SH,,TimeInForce.GTC,,,,1470326400000000000,2016-08-04T16:00:00Z
4.31431,582734.9302775,1470240000000000000,2016-08-03T16:00:00Z,54028100.0,,de7cee86-e758-47fa-bea0-8a70e4e43b36,OrderRole.Standalone,OrderType.Market,_default,,PositionEffect.Open,,54028100.0,False,,OrderSide.Buy,OrderStatus.Filled,601398.SH,,TimeInForce.GTC,,,,1470326400000000000,2016-08-04T16:00:00Z
3.56356,585438.56371,1470240000000000000,2016-08-03T16:00:00Z,65713900.0,,8f3946ac-7fa2-47d4-866d-1deef3c322e5,OrderRole.Standalone,OrderType.Market,_default,,PositionEffect.Open,,65713900.0,False,,OrderSide.Buy,OrderStatus.Filled,601899.SH,,TimeInForce.GTC,,,,1470326400000000000,2016-08-04T16:00:00Z
5.03503,585438.04319,1470240000000000000,2016-08-03T16:00:00Z,46509200.0,,87d63058-05cb-4aea-b717-e3414201932c,OrderRole.Standalone,OrderType.Market,_default,,PositionEffect.Open,,46509200.0,False,,OrderSide.Buy,OrderStatus.Filled,601939.SH,,TimeInForce.GTC,,,,1470326400000000000,2016-08-04T16:00:00Z
3.32332,585438.54369,1470240000000000000,2016-08-03T16:00:00Z,70464300.0,,75fee6d8-9ede-4a6d-812c-b965dc8358d4,OrderRole.Standalone,OrderType.Market,_default,,PositionEffect.Open,,70464300.0,False,,OrderSide.Buy,OrderStatus.Filled,601988.SH,,TimeInForce.GTC,,,,1470326400000000000,2016-08-04T16:00:00Z
6.52652,583648.73567,1470240000000000000,2016-08-03T16:00:00Z,35770900.0,,99778ebb-c1b4-4c69-bcaa-256c54e12432,OrderRole.Standalone,OrderType.Market,_default,,PositionEffect.Open,,35770900.0,False,,OrderSide.Buy,OrderStatus.Filled,601989.SH,,TimeInForce.GTC,,,,1470326400000000000,2016-08-04T16:00:00Z
,0.0,1470240000000000000,2016-08-03T16:00:00Z,0.0,,fb7c58b5-24bb-44c4-b002-e836e2b0d866,OrderRole.Standalone,OrderType.Market,_default,,PositionEffect.Open,,39718400.0,False,"Risk: Insufficient margin at execution. Required: 234760755.6694400000000000000, Available: 68531685.0107969399868936738",OrderSide.Buy,OrderStatus.Rejected,601998.SH,,TimeInForce.GTC,,,,1470326400000000000,2016-08-04T16:00:00Z
,0.0,1470240000000000000,2016-08-03T16:00:00Z,0.0,,9d7688fa-ed5a-4512-80a5-6c0a8b03a3e2,OrderRole.Standalone,OrderType.Market,_default,,PositionEffect.Open,,57621100.0,False,"Risk: Insufficient margin at execution. Required: 234182817.5061375000000000000, Available: 68531685.0107969399868936738",OrderSide.Buy,OrderStatus.Rejected,603993.SH,,TimeInForce.GTC,,,,1470326400000000000,2016-08-04T16:00:00Z
19.47051,540121.682655,1472659200000000000,2016-08-31T16:00:00Z,11096200.0,,ab327f62-4f08-4ca9-9260-ba1b4b2a6afb,OrderRole.Standalone,OrderType.Market,_default,,PositionEffect.Close,,11096200.0,False,,OrderSide.Sell,OrderStatus.Filled,000651.SZ,,TimeInForce.GTC,,,,1472745600000000000,2016-09-01T16:00:00Z
39.09087,594288.7238925,1472659200000000000,2016-08-31T16:00:00Z,6081100.0,,e60d858d-6e54-4f8c-83bd-bbecdcbd55ab,OrderRole.Standalone,OrderType.Market,_default,,PositionEffect.Close,,6081100.0,False,,OrderSide.Sell,OrderStatus.Filled,002007.SZ,,TimeInForce.GTC,,,,1472745600000000000,2016-09-01T16:00:00Z
,0.0,1472659200000000000,2016-08-31T16:00:00Z,0.0,,39a63723-8b85-4228-9ace-1d0ac0496953,OrderRole.Standalone,OrderType.Market,_default,,PositionEffect.Close,,4864000.0,False,"Risk: Insufficient available position for 002466.SZ at execution. Available: 4863999.9999999997726263245551, Required: 4864000",OrderSide.Sell,OrderStatus.Rejected,002466.SZ,,TimeInForce.GTC,,,,1472745600000000000,2016-09-01T16:00:00Z
3.17682,595505.233665,1472659200000000000,2016-08-31T16:00:00Z,74981300.0,,42c11645-923e-4014-b3e7-09557bc9aa3f,OrderRole.Standalone,OrderType.Market,_default,,PositionEffect.Close,,74981300.0,False,,OrderSide.Sell,OrderStatus.Filled,601288.SH,,TimeInForce.GTC,,,,1472745600000000000,2016-09-01T16:00:00Z
5.76423,604163.356875,1472659200000000000,2016-08-31T16:00:00Z,41925000.0,,9009af9f-0d51-42af-b290-e8dc6d8ef832,OrderRole.Standalone,OrderType.Market,_default,,PositionEffect.Close,,41925000.0,False,,OrderSide.Sell,OrderStatus.Filled,601328.SH,,TimeInForce.GTC,,,,1472745600000000000,2016-09-01T16:00:00Z
4.50549,608557.6606725,1472659200000000000,2016-08-31T16:00:00Z,54028100.0,,74879ed2-9414-4f4e-a019-a7e539dcd168,OrderRole.Standalone,OrderType.Market,_default,,PositionEffect.Close,,54028100.0,False,,OrderSide.Sell,OrderStatus.Filled,601398.SH,,TimeInForce.GTC,,,,1472745600000000000,2016-09-01T16:00:00Z
3.32667,546521.1492825,1472659200000000000,2016-08-31T16:00:00Z,65713900.0,,2a261d3f-9053-4a05-bc74-f7bfab677b43,OrderRole.Standalone,OrderType.Market,_default,,PositionEffect.Close,,65713900.0,False,,OrderSide.Sell,OrderStatus.Filled,601899.SH,,TimeInForce.GTC,,,,1472745600000000000,2016-09-01T16:00:00Z
5.27472,613307.51856,1472659200000000000,2016-08-31T16:00:00Z,46509200.0,,ae32b0be-dfec-4f54-92c2-e281fc155a92,OrderRole.Standalone,OrderType.Market,_default,,PositionEffect.Close,,46509200.0,False,,OrderSide.Sell,OrderStatus.Filled,601939.SH,,TimeInForce.GTC,,,,1472745600000000000,2016-09-01T16:00:00Z
3.46653,610666.5246975,1472659200000000000,2016-08-31T16:00:00Z,70464300.0,,7b006cd5-3c4b-41bb-ab85-4a76e71435d9,OrderRole.Standalone,OrderType.Market,_default,,PositionEffect.Close,,70464300.0,False,,OrderSide.Sell,OrderStatus.Filled,601988.SH,,TimeInForce.GTC,,,,1472745600000000000,2016-09-01T16:00:00Z
6.60339,590523.0083775,1472659200000000000,2016-08-31T16:00:00Z,35770900.0,,bd531f17-43f6-4ba2-85d8-4da4503c215c,OrderRole.Standalone,OrderType.Market,_default,,PositionEffect.Close,,35770900.0,False,,OrderSide.Sell,OrderStatus.Filled,601989.SH,,TimeInForce.GTC,,,,1472745600000000000,2016-09-01T16:00:00Z
,0.0,1472659200000000000,2016-08-31T16:00:00Z,0.0,,3c43b38e-3f15-4110-a47b-0e8b6498b069,OrderRole.Standalone,OrderType.Market,_default,,PositionEffect.Close,,18671600.0,False,"Symbol 000617.SZ not tradable (zero volume, suspension) at execution timestamp 1472745600000000000",OrderSide.Sell,OrderStatus.Rejected,000617.SZ,,TimeInForce.GTC,,,,1472745600000000000,2016-09-01T16:00:00Z
41.52148,586293.67797,1472659200000000000,2016-08-31T16:00:00Z,5648100.0,,93a1273c-f232-4301-8636-2745a3e40e8a,OrderRole.Standalone,OrderType.Market,_default,,PositionEffect.Open,,5648100.0,False,,OrderSide.Buy,OrderStatus.Filled,002252.SZ,,TimeInForce.GTC,,,,1472745600000000000,2016-09-01T16:00:00Z
34.99496,587924.07674,1472659200000000000,2016-08-31T16:00:00Z,6720100.0,,d35c9d37-d7dc-420f-bee2-bb1789a6b928,OrderRole.Standalone,OrderType.Market,_default,,PositionEffect.Open,,6720100.0,False,,OrderSide.Buy,OrderStatus.Filled,300394.SZ,,TimeInForce.GTC,,,,1472745600000000000,2016-09-01T16:00:00Z
38.21818,589028.144705,1472659200000000000,2016-08-31T16:00:00Z,6164900.0,,4b97456e-c116-4c6a-b150-4702c222ee5b,OrderRole.Standalone,OrderType.Market,_default,,PositionEffect.Open,,6164900.0,False,,OrderSide.Buy,OrderStatus.Filled,300498.SZ,,TimeInForce.GTC,,,,1472745600000000000,2016-09-01T16:00:00Z
18.53852,586938.81246,1472659200000000000,2016-08-31T16:00:00Z,12664200.0,,c7a1db45-e881-4cd2-a191-d02934941fb8,OrderRole.Standalone,OrderType.Market,_default,,PositionEffect.Open,,12664200.0,False,,OrderSide.Buy,OrderStatus.Filled,600036.SH,,TimeInForce.GTC,,,,1472745600000000000,2016-09-01T16:00:00Z
11.98197,594081.0500625,1472659200000000000,2016-08-31T16:00:00Z,19832500.0,,afd720c9-fd6f-4305-89fc-7a7c6c3acf9f,OrderRole.Standalone,OrderType.Market,_default,,PositionEffect.Open,,19832500.0,False,,OrderSide.Buy,OrderStatus.Filled,600183.SH,,TimeInForce.GTC,,,,1472745600000000000,2016-09-01T16:00:00Z
23.76374,589857.613345,1472659200000000000,2016-08-31T16:00:00Z,9928700.0,,da1f79a1-88f0-4e66-af7d-916fbd875a05,OrderRole.Standalone,OrderType.Market,_default,,PositionEffect.Open,,9928700.0,False,,OrderSide.Buy,OrderStatus.Filled,600196.SH,,TimeInForce.GTC,,,,1472745600000000000,2016-09-01T16:00:00Z
7.88788,591612.69167,1472659200000000000,2016-08-31T16:00:00Z,30001100.0,,c3930bc2-7e6a-466d-b03f-7b4a2d44f619,OrderRole.Standalone,OrderType.Market,_default,,PositionEffect.Open,,30001100.0,False,,OrderSide.Buy,OrderStatus.Filled,600346.SH,,TimeInForce.GTC,,,,1472745600000000000,2016-09-01T16:00:00Z
5.27527,579121.778235,1472659200000000000,2016-08-31T16:00:00Z,43912200.0,,b6dbb5d0-996d-4d79-aef2-68e09d6d3ced,OrderRole.Standalone,OrderType.Market,_default,,PositionEffect.Open,,43912200.0,False,,OrderSide.Buy,OrderStatus.Filled,601018.SH,,TimeInForce.GTC,,,,1472745600000000000,2016-09-01T16:00:00Z
28.18816,593903.39008,1472659200000000000,2016-08-31T16:00:00Z,8427700.0,,52769dc2-041b-4425-8690-53a61c4d31fb,OrderRole.Standalone,OrderType.Market,_default,,PositionEffect.Open,,8427700.0,False,,OrderSide.Buy,OrderStatus.Filled,601601.SH,,TimeInForce.GTC,,,,1472745600000000000,2016-09-01T16:00:00Z
,0.0,1472659200000000000,2016-08-31T16:00:00Z,0.0,,af3e459e-1b33-4eae-b4bf-4855ae9e4097,OrderRole.Standalone,OrderType.Market,_default,,PositionEffect.Open,,2714800.0,False,"Risk: Insufficient margin at execution. Required: 260307685.4878500000000000000, Available: 76531019.1808519400143435384",OrderSide.Buy,OrderStatus.Rejected,603986.SH,,TimeInForce.GTC,,,,1472745600000000000,2016-09-01T16:00:00Z
18.1818,233922.49335,1476028800000000000,2016-10-09T16:00:00Z,5146300.0,,29892fa7-fc1b-4dbb-9264-c32c82397369,OrderRole.Standalone,OrderType.Market,_default,,PositionEffect.Close,,5146300.0,False,,OrderSide.Sell,OrderStatus.Filled,000617.SZ,,TimeInForce.GTC,,,,1476115200000000000,2016-10-10T16:00:00Z
22.32765,567485.1343125,1476028800000000000,2016-10-09T16:00:00Z,10166500.0,,23acfd76-053f-4dd1-90ac-47d7d243b41c,OrderRole.Standalone,OrderType.Market,_default,,PositionEffect.Close,,10166500.0,False,,OrderSide.Sell,OrderStatus.Filled,002252.SZ,,TimeInForce.GTC,,,,1476115200000000000,2016-10-10T16:00:00Z
,0.0,1476028800000000000,2016-10-09T16:00:00Z,0.0,,cf396148-9a1d-4819-b892-320fd1bb3e88,OrderRole.Standalone,OrderType.Market,_default,,PositionEffect.Close,,4864000.0,False,"Risk: Insufficient available position for 002466.SZ at execution. Available: 4863999.9999999997726263245551, Required: 4864000",OrderSide.Sell,OrderStatus.Rejected,002466.SZ,,TimeInForce.GTC,,,,1476115200000000000,2016-10-10T16:00:00Z
41.30865,693995.6471625,1476028800000000000,2016-10-09T16:00:00Z,6720100.0,,10a16473-ab21-4e1b-98dc-c66e36a9811d,OrderRole.Standalone,OrderType.Market,_default,,PositionEffect.Close,,6720100.0,False,,OrderSide.Sell,OrderStatus.Filled,300394.SZ,,TimeInForce.GTC,,,,1476115200000000000,2016-10-10T16:00:00Z
36.33363,559982.9889675,1476028800000000000,2016-10-09T16:00:00Z,6164900.0,,6a0211b4-9a48-4381-885c-64e65e487cd9,OrderRole.Standalone,OrderType.Market,_default,,PositionEffect.Close,,6164900.0,False,,OrderSide.Sell,OrderStatus.Filled,300498.SZ,,TimeInForce.GTC,,,,1476115200000000000,2016-10-10T16:00:00Z
18.31167,579756.628035,1476028800000000000,2016-10-09T16:00:00Z,12664200.0,,b2d424fd-c63f-4efd-a345-9d8e2f3068bc,OrderRole.Standalone,OrderType.Market,_default,,PositionEffect.Close,,12664200.0,False,,OrderSide.Sell,OrderStatus.Filled,600036.SH,,TimeInForce.GTC,,,,1476115200000000000,2016-10-10T16:00:00Z
12.83715,636481.9434375,1476028800000000000,2016-10-09T16:00:00Z,19832500.0,,73bbf1b4-2cf6-472c-bf98-4a70d743bdef,OrderRole.Standalone,OrderType.Market,_default,,PositionEffect.Close,,19832500.0,False,,OrderSide.Sell,OrderStatus.Filled,600183.SH,,TimeInForce.GTC,,,,1476115200000000000,2016-10-10T16:00:00Z
23.78619,590414.8616325,1476028800000000000,2016-10-09T16:00:00Z,9928700.0,,a30d6820-5c87-43a9-9d79-5eb60e0d1c12,OrderRole.Standalone,OrderType.Market,_default,,PositionEffect.Close,,9928700.0,False,,OrderSide.Sell,OrderStatus.Filled,600196.SH,,TimeInForce.GTC,,,,1476115200000000000,2016-10-10T16:00:00Z
7.43256,557462.43954,1476028800000000000,2016-10-09T16:00:00Z,30001100.0,,b35ab621-e916-4698-9fac-3ab2030950f3,OrderRole.Standalone,OrderType.Market,_default,,PositionEffect.Close,,30001100.0,False,,OrderSide.Sell,OrderStatus.Filled,600346.SH,,TimeInForce.GTC,,,,1476115200000000000,2016-10-10T16:00:00Z
5.03496,552740.42628,1476028800000000000,2016-10-09T16:00:00Z,43912200.0,,f33b9e23-b889-4dc8-8759-1395de79aa82,OrderRole.Standalone,OrderType.Market,_default,,PositionEffect.Close,,43912200.0,False,,OrderSide.Sell,OrderStatus.Filled,601018.SH,,TimeInForce.GTC,,,,1476115200000000000,2016-10-10T16:00:00Z
29.56041,622815.6683925,1476028800000000000,2016-10-09T16:00:00Z,8427700.0,,6c82e206-568c-48fa-9f3d-3aff0d1a450e,OrderRole.Standalone,OrderType.Market,_default,,PositionEffect.Close,,8427700.0,False,,OrderSide.Sell,OrderStatus.Filled,601601.SH,,TimeInForce.GTC,,,,1476115200000000000,2016-10-10T16:00:00Z
28.50848,619617.55856,1476028800000000000,2016-10-09T16:00:00Z,8693800.0,,4bef5378-bee5-48c1-87e5-79d7497be40c,OrderRole.Standalone,OrderType.Market,_default,,PositionEffect.Open,,8693800.0,False,,OrderSide.Buy,OrderStatus.Filled,603799.SH,,TimeInForce.GTC,,,,1476115200000000000,2016-10-10T16:00:00Z
25.77575,614152.3513125,1476028800000000000,2016-10-09T16:00:00Z,9530700.0,,29d698cd-f0fc-4247-bafc-a4cf43790e45,OrderRole.Standalone,OrderType.Market,_default,,PositionEffect.Open,,9530700.0,False,,OrderSide.Buy,OrderStatus.Filled,000002.SZ,,TimeInForce.GTC,,,,1476115200000000000,2016-10-10T16:00:00Z
22.10208,618554.3364,1476028800000000000,2016-10-09T16:00:00Z,11194500.0,,e5f7a326-6612-49be-b6de-54714369d748,OrderRole.Standalone,OrderType.Market,_default,,PositionEffect.Open,,11194500.0,False,,OrderSide.Buy,OrderStatus.Filled,000651.SZ,,TimeInForce.GTC,,,,1476115200000000000,2016-10-10T16:00:00Z
24.19417,624046.2753525,1476028800000000000,2016-10-09T16:00:00Z,10317300.0,,68aa596e-e62d-4e2e-ae4e-7439f760984f,OrderRole.Standalone,OrderType.Market,_default,,PositionEffect.Open,,10317300.0,False,,OrderSide.Buy,OrderStatus.Filled,002602.SZ,,TimeInForce.GTC,,,,1476115200000000000,2016-10-10T16:00:00Z
16.46645,681546.3655,1476028800000000000,2016-10-09T16:00:00Z,16556000.0,,237b2891-bc36-4319-9dd8-433c02cd0289,OrderRole.Standalone,OrderType.Market,_default,,PositionEffect.Open,,16556000.0,False,,OrderSide.Buy,OrderStatus.Filled,300308.SZ,,TimeInForce.GTC,,,,1476115200000000000,2016-10-10T16:00:00Z
31.6316,620967.8475,1476028800000000000,2016-10-09T16:00:00Z,7852500.0,,f214c0cf-4644-4a36-a2a3-491f5a18c914,OrderRole.Standalone,OrderType.Market,_default,,PositionEffect.Open,,7852500.0,False,,OrderSide.Buy,OrderStatus.Filled,300450.SZ,,TimeInForce.GTC,,,,1476115200000000000,2016-10-10T16:00:00Z
132.52239,614771.36721,1476028800000000000,2016-10-09T16:00:00Z,1855600.0,,4296cc70-d0e5-4bdb-a33f-9f595eb4fc81,OrderRole.Standalone,OrderType.Market,_default,,PositionEffect.Open,,1855600.0,False,,OrderSide.Buy,OrderStatus.Filled,300502.SZ,,TimeInForce.GTC,,,,1476115200000000000,2016-10-10T16:00:00Z
31.8318,630301.4718,1476028800000000000,2016-10-09T16:00:00Z,7920400.0,,5011e9d3-a61f-43d4-85dc-051f9deb3dbb,OrderRole.Standalone,OrderType.Market,_default,,PositionEffect.Open,,7920400.0,False,,OrderSide.Buy,OrderStatus.Filled,600233.SH,,TimeInForce.GTC,,,,1476115200000000000,2016-10-10T16:00:00Z
36.72669,614373.2519925,1476028800000000000,2016-10-09T16:00:00Z,6691300.0,,e57685ae-f144-4e45-8e75-a16e7e757f83,OrderRole.Standalone,OrderType.Market,_default,,PositionEffect.Open,,6691300.0,False,,OrderSide.Buy,OrderStatus.Filled,600547.SH,,TimeInForce.GTC,,,,1476115200000000000,2016-10-10T16:00:00Z
16.36362,553307.173965,1478448000000000000,2016-11-06T16:00:00Z,13525300.0,,59976b68-be77-4f48-8f92-3bd8d0f4d5ce,OrderRole.Standalone,OrderType.Market,_default,,PositionEffect.Close,,13525300.0,False,,OrderSide.Sell,OrderStatus.Filled,000617.SZ,,TimeInForce.GTC,,,,1478534400000000000,2016-11-07T16:00:00Z
,0.0,1478448000000000000,2016-11-06T16:00:00Z,0.0,,11ffccfe-bb5c-45bd-871d-469d54db2425,OrderRole.Standalone,OrderType.Market,_default,,PositionEffect.Close,,4864000.0,False,"Risk: Insufficient available position for 002466.SZ at execution. Available: 4863999.9999999997726263245551, Required: 4864000",OrderSide.Sell,OrderStatus.Rejected,002466.SZ,,TimeInForce.GTC,,,,1478534400000000000,2016-11-07T16:00:00Z
29.30067,755759.5064775,1478448000000000000,2016-11-06T16:00:00Z,10317300.0,,8037ef0d-c8dd-47e0-ac8f-f8ee410a4748,OrderRole.Standalone,OrderType.Market,_default,,PositionEffect.Close,,10317300.0,False,,OrderSide.Sell,OrderStatus.Filled,002602.SZ,,TimeInForce.GTC,,,,1478534400000000000,2016-11-07T16:00:00Z
27.22275,1126749.6225,1478448000000000000,2016-11-06T16:00:00Z,16556000.0,,17561f4c-71a9-4e41-8649-389af79d5764,OrderRole.Standalone,OrderType.Market,_default,,PositionEffect.Close,,16556000.0,False,,OrderSide.Sell,OrderStatus.Filled,300308.SZ,,TimeInForce.GTC,,,,1478534400000000000,2016-11-07T16:00:00Z
35.2647,692290.141875,1478448000000000000,2016-11-06T16:00:00Z,7852500.0,,938cf346-bf21-4583-9d85-26947098d504,OrderRole.Standalone,OrderType.Market,_default,,PositionEffect.Close,,7852500.0,False,,OrderSide.Sell,OrderStatus.Filled,300450.SZ,,TimeInForce.GTC,,,,1478534400000000000,2016-11-07T16:00:00Z
130.869,607101.291,1478448000000000000,2016-11-06T16:00:00Z,1855600.0,,f3617293-5a9b-4052-8882-fbfc193fbb62,OrderRole.Standalone,OrderType.Market,_default,,PositionEffect.Close,,1855600.0,False,,OrderSide.Sell,OrderStatus.Filled,300502.SZ,,TimeInForce.GTC,,,,1478534400000000000,2016-11-07T16:00:00Z
41.13882,688180.465665,1478448000000000000,2016-11-06T16:00:00Z,6691300.0,,555070d0-6078-4ee4-9485-7a937766e7b7,OrderRole.Standalone,OrderType.Market,_default,,PositionEffect.Close,,6691300.0,False,,OrderSide.Sell,OrderStatus.Filled,600547.SH,,TimeInForce.GTC,,,,1478534400000000000,2016-11-07T16:00:00Z
35.77419,777534.132555,1478448000000000000,2016-11-06T16:00:00Z,8693800.0,,2618cfeb-5a25-49f3-a597-f18b93a3fddf,OrderRole.Standalone,OrderType.Market,_default,,PositionEffect.Close,,8693800.0,False,,OrderSide.Sell,OrderStatus.Filled,603799.SH,,TimeInForce.GTC,,,,1478534400000000000,2016-11-07T16:00:00Z
,0.0,1478448000000000000,2016-11-06T16:00:00Z,0.0,,36e7cc6b-4635-4af9-ac0d-da342c2a4520,OrderRole.Standalone,OrderType.Market,_default,,PositionEffect.Close,,7920400.0,False,"Symbol 600233.SH not tradable (zero volume, suspension) at execution timestamp 1478534400000000000",OrderSide.Sell,OrderStatus.Rejected,600233.SH,,TimeInForce.GTC,,,,1478534400000000000,2016-11-07T16:00:00Z
,0.0,1478448000000000000,2016-11-06T16:00:00Z,0.0,,5629fd8e-afe4-4224-bb8e-399daf14ff95,OrderRole.Standalone,OrderType.Market,_default,,PositionEffect.Close,,11194500.0,False,"Symbol 000651.SZ not tradable (zero volume, suspension) at execution timestamp 1478534400000000000",OrderSide.Sell,OrderStatus.Rejected,000651.SZ,,TimeInForce.GTC,,,,1478534400000000000,2016-11-07T16:00:00Z
2.86286,696710.619605,1478448000000000000,2016-11-06T16:00:00Z,97344700.0,,53a9f104-65cd-4868-90c7-5c63953d7eae,OrderRole.Standalone,OrderType.Market,_default,,PositionEffect.Open,,97344700.0,False,,OrderSide.Buy,OrderStatus.Filled,000630.SZ,,TimeInForce.GTC,,,,1478534400000000000,2016-11-07T16:00:00Z
2.66266,696527.89206,1478448000000000000,2016-11-06T16:00:00Z,104636400.0,,a5ce65aa-f801-4bd7-8fdf-c1884d53bb92,OrderRole.Standalone,OrderType.Market,_default,,PositionEffect.Open,,104636400.0,False,,OrderSide.Buy,OrderStatus.Filled,000725.SZ,,TimeInForce.GTC,,,,1478534400000000000,2016-11-07T16:00:00Z
5.4054,700442.5428,1478448000000000000,2016-11-06T16:00:00Z,51832800.0,,29aae3b5-19a2-4516-88c7-0fb9fe7efe7c,OrderRole.Standalone,OrderType.Market,_default,,PositionEffect.Open,,51832800.0,False,,OrderSide.Buy,OrderStatus.Filled,600050.SH,,TimeInForce.GTC,,,,1478534400000000000,2016-11-07T16:00:00Z
10.66065,707784.5399625,1478448000000000000,2016-11-06T16:00:00Z,26556900.0,,6b7fa419-af23-4d47-8ac6-1b9faef9723c,OrderRole.Standalone,OrderType.Market,_default,,PositionEffect.Open,,26556900.0,False,,OrderSide.Buy,OrderStatus.Filled,601186.SH,,TimeInForce.GTC,,,,1478534400000000000,2016-11-07T16:00:00Z
8.75875,703973.5828125,1478448000000000000,2016-11-06T16:00:00Z,32149500.0,,0a236c71-f813-4da2-900f-562ffddadded,OrderRole.Standalone,OrderType.Market,_default,,PositionEffect.Open,,32149500.0,False,,OrderSide.Buy,OrderStatus.Filled,601390.SH,,TimeInForce.GTC,,,,1478534400000000000,2016-11-07T16:00:00Z
4.03403,697415.20849,1478448000000000000,2016-11-06T16:00:00Z,69153200.0,,e390713d-8b69-439c-8ffe-ac6e28fbfe97,OrderRole.Standalone,OrderType.Market,_default,,PositionEffect.Open,,69153200.0,False,,OrderSide.Buy,OrderStatus.Filled,601600.SH,,TimeInForce.GTC,,,,1478534400000000000,2016-11-07T16:00:00Z
4.32432,704034.97164,1478448000000000000,2016-11-06T16:00:00Z,65123300.0,,2468044e-2571-455f-845f-262cf4efa6a5,OrderRole.Standalone,OrderType.Market,_default,,PositionEffect.Open,,65123300.0,False,,OrderSide.Buy,OrderStatus.Filled,601618.SH,,TimeInForce.GTC,,,,1478534400000000000,2016-11-07T16:00:00Z
,0.0,1478448000000000000,2016-11-06T16:00:00Z,0.0,,bf719377-35e0-4ddd-8913-5b797c6fc6f0,OrderRole.Standalone,OrderType.Market,_default,,PositionEffect.Open,,33905200.0,False,"Risk: Insufficient margin at execution. Required: 279676893.3558600000000000000, Available: 106204658.0195069400143435384",OrderSide.Buy,OrderStatus.Rejected,601668.SH,,TimeInForce.GTC,,,,1478534400000000000,2016-11-07T16:00:00Z
,0.0,1478448000000000000,2016-11-06T16:00:00Z,0.0,,b500b5a1-dacc-49eb-9c95-1323a3007f97,OrderRole.Standalone,OrderType.Market,_default,,PositionEffect.Open,,39911300.0,False,"Risk: Insufficient margin at execution. Required: 282360179.7641625000000000000, Available: 106204658.0195069400143435384",OrderSide.Buy,OrderStatus.Rejected,601669.SH,,TimeInForce.GTC,,,,1478534400000000000,2016-11-07T16:00:00Z
24.18416,122915.9932,1478448000000000000,2016-11-06T16:00:00Z,2033000.0,,656c1616-2851-48ba-937e-81ae023bb8bb,OrderRole.Standalone,OrderType.Market,_default,,PositionEffect.Open,,2033000.0,False,,OrderSide.Buy,OrderStatus.Filled,000002.SZ,,TimeInForce.GTC,,,,1478534400000000000,2016-11-07T16:00:00Z
24.40557,705546.7245225,1478534400000000000,2016-11-07T16:00:00Z,11563700.0,,b76b6d0a-fb4e-44dd-bf2c-0c18233145f7,OrderRole.Standalone,OrderType.Market,_default,,PositionEffect.Close,,11563700.0,False,,OrderSide.Sell,OrderStatus.Filled,000002.SZ,,TimeInForce.GTC,,,,1478620800000000000,2016-11-08T16:00:00Z
3.27672,797428.31346,1480867200000000000,2016-12-04T16:00:00Z,97344700.0,,da6efd3c-d342-4da4-9ef8-8062c83863d3,OrderRole.Standalone,OrderType.Market,_default,,PositionEffect.Close,,97344700.0,False,,OrderSide.Sell,OrderStatus.Filled,000630.SZ,,TimeInForce.GTC,,,,1480953600000000000,2016-12-05T16:00:00Z
25.70427,719366.1262875,1480867200000000000,2016-12-04T16:00:00Z,11194500.0,,74dc918d-47be-4fe6-beee-264f4da07616,OrderRole.Standalone,OrderType.Market,_default,,PositionEffect.Close,,11194500.0,False,,OrderSide.Sell,OrderStatus.Filled,000651.SZ,,TimeInForce.GTC,,,,1480953600000000000,2016-12-05T16:00:00Z
2.83716,742175.52156,1480867200000000000,2016-12-04T16:00:00Z,104636400.0,,4692ed80-05ba-407a-905b-0b7e2928c5dc,OrderRole.Standalone,OrderType.Market,_default,,PositionEffect.Close,,104636400.0,False,,OrderSide.Sell,OrderStatus.Filled,000725.SZ,,TimeInForce.GTC,,,,1480953600000000000,2016-12-05T16:00:00Z
,0.0,1480867200000000000,2016-12-04T16:00:00Z,0.0,,85cc9947-3ad2-4421-87a5-51044f923e8b,OrderRole.Standalone,OrderType.Market,_default,,PositionEffect.Close,,4864000.0,False,"Risk: Insufficient available position for 002466.SZ at execution. Available: 4863999.9999999997726263245551, Required: 4864000",OrderSide.Sell,OrderStatus.Rejected,002466.SZ,,TimeInForce.GTC,,,,1480953600000000000,2016-12-05T16:00:00Z
6.77322,120791.912175,1480867200000000000,2016-12-04T16:00:00Z,7133500.0,,e77c47b7-2f1f-44b4-a1dc-0306b7282dc3,OrderRole.Standalone,OrderType.Market,_default,,PositionEffect.Close,,7133500.0,False,,OrderSide.Sell,OrderStatus.Filled,600050.SH,,TimeInForce.GTC,,,,1480953600000000000,2016-12-05T16:00:00Z
30.77919,609458.74119,1480867200000000000,2016-12-04T16:00:00Z,7920400.0,,afe54e8f-f053-4c26-886f-128f21e1b7e8,OrderRole.Standalone,OrderType.Market,_default,,PositionEffect.Close,,7920400.0,False,,OrderSide.Sell,OrderStatus.Filled,600233.SH,,TimeInForce.GTC,,,,1480953600000000000,2016-12-05T16:00:00Z
12.29769,816471.3089025,1480867200000000000,2016-12-04T16:00:00Z,26556900.0,,20823d39-8d2e-481e-9ae3-0c30b57e9c8f,OrderRole.Standalone,OrderType.Market,_default,,PositionEffect.Close,,26556900.0,False,,OrderSide.Sell,OrderStatus.Filled,601186.SH,,TimeInForce.GTC,,,,1480953600000000000,2016-12-05T16:00:00Z
9.00099,723443.3200125,1480867200000000000,2016-12-04T16:00:00Z,32149500.0,,194dfc56-e4fb-4041-b60c-ed3943af3d21,OrderRole.Standalone,OrderType.Market,_default,,PositionEffect.Close,,32149500.0,False,,OrderSide.Sell,OrderStatus.Filled,601390.SH,,TimeInForce.GTC,,,,1480953600000000000,2016-12-05T16:00:00Z
4.6953,811737.5499,1480867200000000000,2016-12-04T16:00:00Z,69153200.0,,dbd368dc-ae33-4b6c-a2c2-49397d946c73,OrderRole.Standalone,OrderType.Market,_default,,PositionEffect.Close,,69153200.0,False,,OrderSide.Sell,OrderStatus.Filled,601600.SH,,TimeInForce.GTC,,,,1480953600000000000,2016-12-05T16:00:00Z
4.90509,798589.1189925,1480867200000000000,2016-12-04T16:00:00Z,65123300.0,,eeaf9a4e-b8ab-4a0b-b97d-cc82a9391771,OrderRole.Standalone,OrderType.Market,_default,,PositionEffect.Close,,65123300.0,False,,OrderSide.Sell,OrderStatus.Filled,601618.SH,,TimeInForce.GTC,,,,1480953600000000000,2016-12-05T16:00:00Z
9.49949,763234.1491775,1480867200000000000,2016-12-04T16:00:00Z,32137900.0,,5c5373f6-3ed9-42da-a42f-743f8d79533a,OrderRole.Standalone,OrderType.Market,_default,,PositionEffect.Open,,32137900.0,False,,OrderSide.Buy,OrderStatus.Filled,601668.SH,,TimeInForce.GTC,,,,1480953600000000000,2016-12-05T16:00:00Z
3.51351,758409.5794275,1480867200000000000,2016-12-04T16:00:00Z,86342100.0,,55ce1d72-d944-42b3-bdc5-b8988f622011,OrderRole.Standalone,OrderType.Market,_default,,PositionEffect.Open,,86342100.0,False,,OrderSide.Buy,OrderStatus.Filled,601988.SH,,TimeInForce.GTC,,,,1480953600000000000,2016-12-05T16:00:00Z
138.14801,834241.2953875,1480867200000000000,2016-12-04T16:00:00Z,2415500.0,,e226cade-6a90-43fc-9fd5-594ae8edbd0d,OrderRole.Standalone,OrderType.Market,_default,,PositionEffect.Open,,2415500.0,False,,OrderSide.Buy,OrderStatus.Filled,002821.SZ,,TimeInForce.GTC,,,,1480953600000000000,2016-12-05T16:00:00Z
17.29728,757530.05328,1480867200000000000,2016-12-04T16:00:00Z,17517900.0,,ae67a18d-70c3-4536-9952-26b4e2ea55a2,OrderRole.Standalone,OrderType.Market,_default,,PositionEffect.Open,,17517900.0,False,,OrderSide.Buy,OrderStatus.Filled,600000.SH,,TimeInForce.GTC,,,,1480953600000000000,2016-12-05T16:00:00Z
2.97297,760971.806595,1480867200000000000,2016-12-04T16:00:00Z,102385400.0,,938352d4-961b-4172-a023-b02e057dc132,OrderRole.Standalone,OrderType.Market,_default,,PositionEffect.Open,,102385400.0,False,,OrderSide.Buy,OrderStatus.Filled,600010.SH,,TimeInForce.GTC,,,,1480953600000000000,2016-12-05T16:00:00Z
9.38938,754387.388755,1480867200000000000,2016-12-04T16:00:00Z,32137900.0,,da7f7dd3-0452-4d62-ab13-9577316e0bee,OrderRole.Standalone,OrderType.Market,_default,,PositionEffect.Open,,32137900.0,False,,OrderSide.Buy,OrderStatus.Filled,600016.SH,,TimeInForce.GTC,,,,1480953600000000000,2016-12-05T16:00:00Z
5.31531,749935.7590725,1480867200000000000,2016-12-04T16:00:00Z,56435900.0,,7e21329a-30a0-4f2b-82da-257932c84a38,OrderRole.Standalone,OrderType.Market,_default,,PositionEffect.Open,,56435900.0,False,,OrderSide.Buy,OrderStatus.Filled,600028.SH,,TimeInForce.GTC,,,,1480953600000000000,2016-12-05T16:00:00Z
3.24324,758408.97132,1480867200000000000,2016-12-04T16:00:00Z,93537200.0,,130efa61-c7b7-4c4f-8081-45f803e1d4dc,OrderRole.Standalone,OrderType.Market,_default,,PositionEffect.Open,,93537200.0,False,,OrderSide.Buy,OrderStatus.Filled,601288.SH,,TimeInForce.GTC,,,,1480953600000000000,2016-12-05T16:00:00Z
4.55455,756746.4529625,1480867200000000000,2016-12-04T16:00:00Z,66460700.0,,7649a263-62d9-497a-99f6-ed1a74ee10e2,OrderRole.Standalone,OrderType.Market,_default,,PositionEffect.Open,,66460700.0,False,,OrderSide.Buy,OrderStatus.Filled,601398.SH,,TimeInForce.GTC,,,,1480953600000000000,2016-12-05T16:00:00Z
6.5934,736800.91155,1480953600000000000,2016-12-05T16:00:00Z,44699300.0,,0bdb0e5c-33da-4197-808d-2ce3fd928b10,OrderRole.Standalone,OrderType.Market,_default,,PositionEffect.Close,,44699300.0,False,,OrderSide.Sell,OrderStatus.Filled,600050.SH,,TimeInForce.GTC,,,,1481040000000000000,2016-12-06T16:00:00Z
9.3906,754485.40935,1480953600000000000,2016-12-05T16:00:00Z,32137900.0,,55f3be3c-8632-45f7-8d2a-9015b4d74774,OrderRole.Standalone,OrderType.Market,_default,,PositionEffect.Close,,32137900.0,False,,OrderSide.Sell,OrderStatus.Filled,601668.SH,,TimeInForce.GTC,,,,1481040000000000000,2016-12-06T16:00:00Z
,0.0,1483372800000000000,2017-01-02T16:00:00Z,0.0,,6532a03e-63f2-45bf-a5be-e91cb038163f,OrderRole.Standalone,OrderType.Market,_default,,PositionEffect.Close,,4864000.0,False,"Risk: Insufficient available position for 002466.SZ at execution. Available: 4863999.9999999997726263245551, Required: 4864000",OrderSide.Sell,OrderStatus.Rejected,002466.SZ,,TimeInForce.GTC,,,,1483459200000000000,2017-01-03T16:00:00Z
142.7571,862074.437625,1483372800000000000,2017-01-02T16:00:00Z,2415500.0,,490492db-7dab-425b-b12d-cafaaf4f7f04,OrderRole.Standalone,OrderType.Market,_default,,PositionEffect.Close,,2415500.0,False,,OrderSide.Sell,OrderStatus.Filled,002821.SZ,,TimeInForce.GTC,,,,1483459200000000000,2017-01-03T16:00:00Z
16.27371,712703.0610225,1483372800000000000,2017-01-02T16:00:00Z,17517900.0,,9907b935-a06f-405c-acac-1183b4a59bab,OrderRole.Standalone,OrderType.Market,_default,,PositionEffect.Close,,17517900.0,False,,OrderSide.Sell,OrderStatus.Filled,600000.SH,,TimeInForce.GTC,,,,1483459200000000000,2017-01-03T16:00:00Z
2.81718,721095.25293,1483372800000000000,2017-01-02T16:00:00Z,102385400.0,,22d71206-a807-4575-9161-e9d591c137c3,OrderRole.Standalone,OrderType.Market,_default,,PositionEffect.Close,,102385400.0,False,,OrderSide.Sell,OrderStatus.Filled,600010.SH,,TimeInForce.GTC,,,,1483459200000000000,2017-01-03T16:00:00Z
9.0909,3568.17825,1483372800000000000,2017-01-02T16:00:00Z,157000.0,,360c9284-1710-4aa1-b07c-6b76e472842f,OrderRole.Standalone,OrderType.Market,_default,,PositionEffect.Close,,157000.0,False,,OrderSide.Sell,OrderStatus.Filled,600016.SH,,TimeInForce.GTC,,,,1483459200000000000,2017-01-03T16:00:00Z
5.47452,48723.228,1483372800000000000,2017-01-02T16:00:00Z,3560000.0,,c7eb9048-ebad-42de-b373-a25c11855faf,OrderRole.Standalone,OrderType.Market,_default,,PositionEffect.Close,,3560000.0,False,,OrderSide.Sell,OrderStatus.Filled,600028.SH,,TimeInForce.GTC,,,,1483459200000000000,2017-01-03T16:00:00Z
3.11688,728860.56984,1483372800000000000,2017-01-02T16:00:00Z,93537200.0,,eeb15540-02ef-42f9-80e1-9c4b3b95d03b,OrderRole.Standalone,OrderType.Market,_default,,PositionEffect.Close,,93537200.0,False,,OrderSide.Sell,OrderStatus.Filled,601288.SH,,TimeInForce.GTC,,,,1483459200000000000,2017-01-03T16:00:00Z
4.41558,7662.135195,1483372800000000000,2017-01-02T16:00:00Z,694100.0,,f114176a-edf2-438f-8a7a-b2b0f1d8708f,OrderRole.Standalone,OrderType.Market,_default,,PositionEffect.Close,,694100.0,False,,OrderSide.Sell,OrderStatus.Filled,601398.SH,,TimeInForce.GTC,,,,1483459200000000000,2017-01-03T16:00:00Z
3.45654,20572.461945,1483372800000000000,2017-01-02T16:00:00Z,2380700.0,,caf9ff27-6d5c-4e48-9828-d78c4539aa7f,OrderRole.Standalone,OrderType.Market,_default,,PositionEffect.Close,,2380700.0,False,,OrderSide.Sell,OrderStatus.Filled,601988.SH,,TimeInForce.GTC,,,,1483459200000000000,2017-01-03T16:00:00Z
73.59352,727600.73386,1483372800000000000,2017-01-02T16:00:00Z,3954700.0,,5528f28c-f975-419b-adb9-a8ae113b8397,OrderRole.Standalone,OrderType.Market,_default,,PositionEffect.Open,,3954700.0,False,,OrderSide.Buy,OrderStatus.Filled,000538.SZ,,TimeInForce.GTC,,,,1483459200000000000,2017-01-03T16:00:00Z
25.11509,729963.8120775,1483372800000000000,2017-01-02T16:00:00Z,11625900.0,,e9c9bee4-e858-4336-9e02-569436d11b60,OrderRole.Standalone,OrderType.Market,_default,,PositionEffect.Open,,11625900.0,False,,OrderSide.Buy,OrderStatus.Filled,000651.SZ,,TimeInForce.GTC,,,,1483459200000000000,2017-01-03T16:00:00Z
3.08308,724388.91525,1483372800000000000,2017-01-02T16:00:00Z,93982500.0,,e7f1e5ad-bdcb-48a6-8cd7-9f6aae223f6c,OrderRole.Standalone,OrderType.Market,_default,,PositionEffect.Open,,93982500.0,False,,OrderSide.Buy,OrderStatus.Filled,000725.SZ,,TimeInForce.GTC,,,,1483459200000000000,2017-01-03T16:00:00Z
7.4074,725171.49705,1483372800000000000,2017-01-02T16:00:00Z,39159300.0,,c9bef61b-c9a9-4dcf-ac1b-74d4e4fdcb4a,OrderRole.Standalone,OrderType.Market,_default,,PositionEffect.Open,,39159300.0,False,,OrderSide.Buy,OrderStatus.Filled,600050.SH,,TimeInForce.GTC,,,,1483459200000000000,2017-01-03T16:00:00Z
22.86284,729090.25189,1483372800000000000,2017-01-02T16:00:00Z,12755900.0,,8229e673-fcc0-4dfb-bb50-8f9e0484200a,OrderRole.Standalone,OrderType.Market,_default,,PositionEffect.Open,,12755900.0,False,,OrderSide.Buy,OrderStatus.Filled,600309.SH,,TimeInForce.GTC,,,,1483459200000000000,2017-01-03T16:00:00Z
21.27125,765472.5203125,1483372800000000000,2017-01-02T16:00:00Z,14394500.0,,7c24ca05-bf2f-4fc3-96e0-adf8035fdda6,OrderRole.Standalone,OrderType.Market,_default,,PositionEffect.Open,,14394500.0,False,,OrderSide.Buy,OrderStatus.Filled,600760.SH,,TimeInForce.GTC,,,,1483459200000000000,2017-01-03T16:00:00Z
9.10089,727636.6325025,1483459200000000000,2017-01-03T16:00:00Z,31980900.0,,45911533-3dcd-4061-8797-2bfabb4d2665,OrderRole.Standalone,OrderType.Market,_default,,PositionEffect.Close,,31980900.0,False,,OrderSide.Sell,OrderStatus.Filled,600016.SH,,TimeInForce.GTC,,,,1483545600000000000,2017-01-04T16:00:00Z
5.54445,732919.4593875,1483459200000000000,2017-01-03T16:00:00Z,52875900.0,,208ff892-c35a-4bf6-9154-ce134ef66057,OrderRole.Standalone,OrderType.Market,_default,,PositionEffect.Close,,52875900.0,False,,OrderSide.Sell,OrderStatus.Filled,600028.SH,,TimeInForce.GTC,,,,1483545600000000000,2017-01-04T16:00:00Z
4.42557,727636.729905,1483459200000000000,2017-01-03T16:00:00Z,65766600.0,,26354e07-258d-4dc4-8cf6-546427dc0353,OrderRole.Standalone,OrderType.Market,_default,,PositionEffect.Close,,65766600.0,False,,OrderSide.Sell,OrderStatus.Filled,601398.SH,,TimeInForce.GTC,,,,1483545600000000000,2017-01-04T16:00:00Z
3.47652,729733.71582,1483459200000000000,2017-01-03T16:00:00Z,83961400.0,,c4f3fc6b-ed5f-4df2-83d8-8f547ae9e4f9,OrderRole.Standalone,OrderType.Market,_default,,PositionEffect.Close,,83961400.0,False,,OrderSide.Sell,OrderStatus.Filled,601988.SH,,TimeInForce.GTC,,,,1483545600000000000,2017-01-04T16:00:00Z
76.67325,758049.2544375,1486396800000000000,2017-02-06T16:00:00Z,3954700.0,,7a4fccdf-5fd5-4008-80a6-b2fa13ffe792,OrderRole.Standalone,OrderType.Market,_default,,PositionEffect.Close,,3954700.0,False,,OrderSide.Sell,OrderStatus.Filled,000538.SZ,,TimeInForce.GTC,,,,1486483200000000000,2017-02-07T16:00:00Z
25.14483,730828.1977425,1486396800000000000,2017-02-06T16:00:00Z,11625900.0,,4b4f9171-c50d-4e92-81bc-8aa3fbe5fe3b,OrderRole.Standalone,OrderType.Market,_default,,PositionEffect.Close,,11625900.0,False,,OrderSide.Sell,OrderStatus.Filled,000651.SZ,,TimeInForce.GTC,,,,1486483200000000000,2017-02-07T16:00:00Z
3.18681,748760.9270625,1486396800000000000,2017-02-06T16:00:00Z,93982500.0,,5b6f0fe3-6305-4873-97fe-6d9027df2038,OrderRole.Standalone,OrderType.Market,_default,,PositionEffect.Close,,93982500.0,False,,OrderSide.Sell,OrderStatus.Filled,000725.SZ,,TimeInForce.GTC,,,,1486483200000000000,2017-02-07T16:00:00Z
,0.0,1486396800000000000,2017-02-06T16:00:00Z,0.0,,4e158393-44e4-4041-94a5-c0d3720420bd,OrderRole.Standalone,OrderType.Market,_default,,PositionEffect.Close,,4864000.0,False,"Risk: Insufficient available position for 002466.SZ at execution. Available: 4863999.9999999997726263245551, Required: 4864000",OrderSide.Sell,OrderStatus.Rejected,002466.SZ,,TimeInForce.GTC,,,,1486483200000000000,2017-02-07T16:00:00Z
24.05592,767137.27482,1486396800000000000,2017-02-06T16:00:00Z,12755900.0,,fec372ff-2025-4a5f-a2b3-b3cbcab6bd03,OrderRole.Standalone,OrderType.Market,_default,,PositionEffect.Close,,12755900.0,False,,OrderSide.Sell,OrderStatus.Filled,600309.SH,,TimeInForce.GTC,,,,1486483200000000000,2017-02-07T16:00:00Z
25.71426,925359.788925,1486396800000000000,2017-02-06T16:00:00Z,14394500.0,,40839cf2-27b5-43d5-ba49-83426b30b147,OrderRole.Standalone,OrderType.Market,_default,,PositionEffect.Close,,14394500.0,False,,OrderSide.Sell,OrderStatus.Filled,600760.SH,,TimeInForce.GTC,,,,1486483200000000000,2017-02-07T16:00:00Z
40.80076,735321.49691,1486396800000000000,2017-02-06T16:00:00Z,7208900.0,,c5b1d348-e304-4f26-a7b6-119226ccbe9a,OrderRole.Standalone,OrderType.Market,_default,,PositionEffect.Open,,7208900.0,False,,OrderSide.Buy,OrderStatus.Filled,603799.SH,,TimeInForce.GTC,,,,1486483200000000000,2017-02-07T16:00:00Z
42.23219,745535.4081175,1486396800000000000,2017-02-06T16:00:00Z,7061300.0,,db9e3039-817a-40be-90ca-4fbbb3eb9041,OrderRole.Standalone,OrderType.Market,_default,,PositionEffect.Open,,7061300.0,False,,OrderSide.Buy,OrderStatus.Filled,002352.SZ,,TimeInForce.GTC,,,,1486483200000000000,2017-02-07T16:00:00Z
62.062,742649.4075,1486396800000000000,2017-02-06T16:00:00Z,4786500.0,,7d52f8de-bd03-438e-855b-cfe50f9b29fc,OrderRole.Standalone,OrderType.Market,_default,,PositionEffect.Open,,4786500.0,False,,OrderSide.Buy,OrderStatus.Filled,002558.SZ,,TimeInForce.GTC,,,,1486483200000000000,2017-02-07T16:00:00Z
34.8348,748120.8735,1486396800000000000,2017-02-06T16:00:00Z,8590500.0,,6d40d59c-9073-40cf-8c56-3f497596f9e9,OrderRole.Standalone,OrderType.Market,_default,,PositionEffect.Open,,8590500.0,False,,OrderSide.Buy,OrderStatus.Filled,002602.SZ,,TimeInForce.GTC,,,,1486483200000000000,2017-02-07T16:00:00Z
23.28326,733079.261915,1486396800000000000,2017-02-06T16:00:00Z,12594100.0,,3ac342d2-47e3-40e1-9333-6e92eaf4e6f2,OrderRole.Standalone,OrderType.Market,_default,,PositionEffect.Open,,12594100.0,False,,OrderSide.Buy,OrderStatus.Filled,300308.SZ,,TimeInForce.GTC,,,,1486483200000000000,2017-02-07T16:00:00Z
34.4344,742965.223,1486396800000000000,2017-02-06T16:00:00Z,8630500.0,,0234a930-c9e4-4c23-b1f9-51ba45a72a9d,OrderRole.Standalone,OrderType.Market,_default,,PositionEffect.Open,,8630500.0,False,,OrderSide.Buy,OrderStatus.Filled,300496.SZ,,TimeInForce.GTC,,,,1486483200000000000,2017-02-07T16:00:00Z
94.24415,743704.1486875,1486396800000000000,2017-02-06T16:00:00Z,3156500.0,,bc45c257-f7b4-48c0-8bf1-8cb5325f0f9b,OrderRole.Standalone,OrderType.Market,_default,,PositionEffect.Open,,3156500.0,False,,OrderSide.Buy,OrderStatus.Filled,300502.SZ,,TimeInForce.GTC,,,,1486483200000000000,2017-02-07T16:00:00Z
25.7257,744270.2267,1486396800000000000,2017-02-06T16:00:00Z,11572400.0,,34603c0a-131e-4e74-85b4-4421fff162c1,OrderRole.Standalone,OrderType.Market,_default,,PositionEffect.Open,,11572400.0,False,,OrderSide.Buy,OrderStatus.Filled,600233.SH,,TimeInForce.GTC,,,,1486483200000000000,2017-02-07T16:00:00Z
344.10376,742920.01784,1486396800000000000,2017-02-06T16:00:00Z,863600.0,,ac5f715a-10ba-4bca-91e9-d11c362a40e2,OrderRole.Standalone,OrderType.Market,_default,,PositionEffect.Open,,863600.0,False,,OrderSide.Buy,OrderStatus.Filled,600519.SH,,TimeInForce.GTC,,,,1486483200000000000,2017-02-07T16:00:00Z
6.49649,105400.6778825,1486396800000000000,2017-02-06T16:00:00Z,6489700.0,,683b4c04-2361-44b6-9076-92070fddf990,OrderRole.Standalone,OrderType.Market,_default,,PositionEffect.Open,,6489700.0,False,,OrderSide.Buy,OrderStatus.Filled,600050.SH,,TimeInForce.GTC,,,,1486483200000000000,2017-02-07T16:00:00Z
6.74325,769556.548125,1486483200000000000,2017-02-07T16:00:00Z,45649000.0,,1252bb18-e7d5-4915-b777-7f150fbab3ef,OrderRole.Standalone,OrderType.Market,_default,,PositionEffect.Close,,45649000.0,False,,OrderSide.Sell,OrderStatus.Filled,600050.SH,,TimeInForce.GTC,,,,1486569600000000000,2017-02-08T16:00:00Z
63.4365,269763.71625,1488816000000000000,2017-03-06T16:00:00Z,1701000.0,,172b1845-23d0-4a79-b45a-369965232c3e,OrderRole.Standalone,OrderType.Market,_default,,PositionEffect.Close,,1701000.0,False,,OrderSide.Sell,OrderStatus.Filled,002352.SZ,,TimeInForce.GTC,,,,1488902400000000000,2017-03-07T16:00:00Z
,0.0,1488816000000000000,2017-03-06T16:00:00Z,0.0,,e61877c3-ed4e-4297-bcbc-1b0d22615231,OrderRole.Standalone,OrderType.Market,_default,,PositionEffect.Close,,4864000.0,False,"Risk: Insufficient available position for 002466.SZ at execution. Available: 4863999.9999999997726263245551, Required: 4864000",OrderSide.Sell,OrderStatus.Rejected,002466.SZ,,TimeInForce.GTC,,,,1488902400000000000,2017-03-07T16:00:00Z
80.19972,105282.18243,1488816000000000000,2017-03-06T16:00:00Z,525100.0,,c91c331f-0364-46a1-9943-73a31209afb6,OrderRole.Standalone,OrderType.Market,_default,,PositionEffect.Close,,525100.0,False,,OrderSide.Sell,OrderStatus.Filled,002558.SZ,,TimeInForce.GTC,,,,1488902400000000000,2017-03-07T16:00:00Z
37.4625,804554.015625,1488816000000000000,2017-03-06T16:00:00Z,8590500.0,,ac8dfc48-b63c-4ae4-8ed2-98a684dca8d8,OrderRole.Standalone,OrderType.Market,_default,,PositionEffect.Close,,8590500.0,False,,OrderSide.Sell,OrderStatus.Filled,002602.SZ,,TimeInForce.GTC,,,,1488902400000000000,2017-03-07T16:00:00Z
38.3616,827699.472,1488816000000000000,2017-03-06T16:00:00Z,8630500.0,,8af246da-5877-4a91-b417-4f04585d24fc,OrderRole.Standalone,OrderType.Market,_default,,PositionEffect.Close,,8630500.0,False,,OrderSide.Sell,OrderStatus.Filled,300496.SZ,,TimeInForce.GTC,,,,1488902400000000000,2017-03-07T16:00:00Z
97.93197,772805.6582625,1488816000000000000,2017-03-06T16:00:00Z,3156500.0,,0a464449-9663-494c-abd2-5cdd523fe4d7,OrderRole.Standalone,OrderType.Market,_default,,PositionEffect.Close,,3156500.0,False,,OrderSide.Sell,OrderStatus.Filled,300502.SZ,,TimeInForce.GTC,,,,1488902400000000000,2017-03-07T16:00:00Z
24.8751,719661.5181,1488816000000000000,2017-03-06T16:00:00Z,11572400.0,,27a408c0-4af5-48b9-a58f-ec41ddda6d99,OrderRole.Standalone,OrderType.Market,_default,,PositionEffect.Close,,11572400.0,False,,OrderSide.Sell,OrderStatus.Filled,600233.SH,,TimeInForce.GTC,,,,1488902400000000000,2017-03-07T16:00:00Z
53.0469,956024.493525,1488816000000000000,2017-03-06T16:00:00Z,7208900.0,,69f65916-4732-4bf6-8cae-cc99d216d24c,OrderRole.Standalone,OrderType.Market,_default,,PositionEffect.Close,,7208900.0,False,,OrderSide.Sell,OrderStatus.Filled,603799.SH,,TimeInForce.GTC,,,,1488902400000000000,2017-03-07T16:00:00Z
,0.0,1488816000000000000,2017-03-06T16:00:00Z,0.0,,149e13e1-944b-46a5-a7a8-6d9b7ddec17a,OrderRole.Standalone,OrderType.Market,_default,,PositionEffect.Close,,12594100.0,False,"Symbol 300308.SZ not tradable (zero volume, suspension) at execution timestamp 1488902400000000000",OrderSide.Sell,OrderStatus.Rejected,300308.SZ,,TimeInForce.GTC,,,,1488902400000000000,2017-03-07T16:00:00Z
77.2772,853120.9687,1488816000000000000,2017-03-06T16:00:00Z,4415900.0,,be86df4e-82ae-4e9d-b8ad-b79b1cda2641,OrderRole.Standalone,OrderType.Market,_default,,PositionEffect.Open,,4415900.0,False,,OrderSide.Buy,OrderStatus.Filled,000538.SZ,,TimeInForce.GTC,,,,1488902400000000000,2017-03-07T16:00:00Z
39.97994,853551.72903,1488816000000000000,2017-03-06T16:00:00Z,8539800.0,,886b56ed-6808-4b69-b6d2-3ea95caa80cf,OrderRole.Standalone,OrderType.Market,_default,,PositionEffect.Open,,8539800.0,False,,OrderSide.Buy,OrderStatus.Filled,000568.SZ,,TimeInForce.GTC,,,,1488902400000000000,2017-03-07T16:00:00Z
28.29827,854331.8458675,1488816000000000000,2017-03-06T16:00:00Z,12076100.0,,efc97337-96d8-439b-a82b-74b443d0725b,OrderRole.Standalone,OrderType.Market,_default,,PositionEffect.Open,,12076100.0,False,,OrderSide.Buy,OrderStatus.Filled,000651.SZ,,TimeInForce.GTC,,,,1488902400000000000,2017-03-07T16:00:00Z
41.6416,852101.6504,1488816000000000000,2017-03-06T16:00:00Z,8185100.0,,9ad9ee7d-31f3-49f4-9301-89b2d481c363,OrderRole.Standalone,OrderType.Market,_default,,PositionEffect.Open,,8185100.0,False,,OrderSide.Buy,OrderStatus.Filled,000858.SZ,,TimeInForce.GTC,,,,1488902400000000000,2017-03-07T16:00:00Z
33.1331,851578.652925,1488816000000000000,2017-03-06T16:00:00Z,10280700.0,,1ea10bd9-341a-4a69-a3c2-c5ee29f10bd7,OrderRole.Standalone,OrderType.Market,_default,,PositionEffect.Open,,10280700.0,False,,OrderSide.Buy,OrderStatus.Filled,002460.SZ,,TimeInForce.GTC,,,,1488902400000000000,2017-03-07T16:00:00Z
93.093,850381.28175,1488816000000000000,2017-03-06T16:00:00Z,3653900.0,,a2be402a-de8e-4b74-a856-4b25aece89c6,OrderRole.Standalone,OrderType.Market,_default,,PositionEffect.Open,,3653900.0,False,,OrderSide.Buy,OrderStatus.Filled,002841.SZ,,TimeInForce.GTC,,,,1488902400000000000,2017-03-07T16:00:00Z
,0.0,1488816000000000000,2017-03-06T16:00:00Z,0.0,,3ecb51e6-570e-4e70-a414-ee546e7242e2,OrderRole.Standalone,OrderType.Market,_default,,PositionEffect.Open,,9021100.0,False,"Risk: Insufficient margin at execution. Required: 342191924.0239500000000000000, Available: 187646247.2897344400143790655",OrderSide.Buy,OrderStatus.Rejected,300450.SZ,,TimeInForce.GTC,,,,1488902400000000000,2017-03-07T16:00:00Z
367.54718,59542.64316,1488816000000000000,2017-03-06T16:00:00Z,64800.0,,242ea71c-a59b-4ed3-b9be-e31bdd145169,OrderRole.Standalone,OrderType.Market,_default,,PositionEffect.Open,,64800.0,False,,OrderSide.Buy,OrderStatus.Filled,600519.SH,,TimeInForce.GTC,,,,1488902400000000000,2017-03-07T16:00:00Z
63.91602,856522.605015,1488902400000000000,2017-03-07T16:00:00Z,5360300.0,,afb90103-4b25-46ee-8ff8-607250f8d0aa,OrderRole.Standalone,OrderType.Market,_default,,PositionEffect.Close,,5360300.0,False,,OrderSide.Sell,OrderStatus.Filled,002352.SZ,,TimeInForce.GTC,,,,1488988800000000000,2017-03-08T16:00:00Z
81.00891,863028.422685,1488902400000000000,2017-03-07T16:00:00Z,4261400.0,,b0af9e7a-63e0-440b-b42f-a1acf5f8d9c7,OrderRole.Standalone,OrderType.Market,_default,,PositionEffect.Close,,4261400.0,False,,OrderSide.Sell,OrderStatus.Filled,002558.SZ,,TimeInForce.GTC,,,,1488988800000000000,2017-03-08T16:00:00Z
366.633,850955.193,1488902400000000000,2017-03-07T16:00:00Z,928400.0,,dde6e8bc-540b-4acb-8ba5-2133b6083c5b,OrderRole.Standalone,OrderType.Market,_default,,PositionEffect.Close,,928400.0,False,,OrderSide.Sell,OrderStatus.Filled,600519.SH,,TimeInForce.GTC,,,,1488988800000000000,2017-03-08T16:00:00Z
85.29462,16440.538005,1491408000000000000,2017-04-05T16:00:00Z,77100.0,,97b439d1-4a54-4778-a85d-c3d41bd96e86,OrderRole.Standalone,OrderType.Market,_default,,PositionEffect.Close,,77100.0,False,,OrderSide.Sell,OrderStatus.Filled,000538.SZ,,TimeInForce.GTC,,,,1491494400000000000,2017-04-06T16:00:00Z
31.89807,36395.69787,1491408000000000000,2017-04-05T16:00:00Z,456400.0,,f70930b1-16e8-4174-9ef4-4229804be1cc,OrderRole.Standalone,OrderType.Market,_default,,PositionEffect.Close,,456400.0,False,,OrderSide.Sell,OrderStatus.Filled,000651.SZ,,TimeInForce.GTC,,,,1491494400000000000,2017-04-06T16:00:00Z
44.1558,1134881.33265,1491408000000000000,2017-04-05T16:00:00Z,10280700.0,,c209d1b0-51cc-4e1b-9c9b-b0001f94e9e4,OrderRole.Standalone,OrderType.Market,_default,,PositionEffect.Close,,10280700.0,False,,OrderSide.Sell,OrderStatus.Filled,002460.SZ,,TimeInForce.GTC,,,,1491494400000000000,2017-04-06T16:00:00Z
,0.0,1491408000000000000,2017-04-05T16:00:00Z,0.0,,4b679f8c-38bb-4c6f-ab64-dbde4b9d0ae5,OrderRole.Standalone,OrderType.Market,_default,,PositionEffect.Close,,4864000.0,False,"Risk: Insufficient available position for 002466.SZ at execution. Available: 4863999.9999999997726263245551, Required: 4864000",OrderSide.Sell,OrderStatus.Rejected,002466.SZ,,TimeInForce.GTC,,,,1491494400000000000,2017-04-06T16:00:00Z
91.37853,834720.0269175,1491408000000000000,2017-04-05T16:00:00Z,3653900.0,,c509fd95-6100-4231-b91b-d6417ff6ca7c,OrderRole.Standalone,OrderType.Market,_default,,PositionEffect.Close,,3653900.0,False,,OrderSide.Sell,OrderStatus.Filled,002841.SZ,,TimeInForce.GTC,,,,1491494400000000000,2017-04-06T16:00:00Z
35.74422,1125415.702755,1491408000000000000,2017-04-05T16:00:00Z,12594100.0,,2214efe8-7871-44f9-8be5-336c1f7a078f,OrderRole.Standalone,OrderType.Market,_default,,PositionEffect.Close,,12594100.0,False,,OrderSide.Sell,OrderStatus.Filled,300308.SZ,,TimeInForce.GTC,,,,1491494400000000000,2017-04-06T16:00:00Z
54.82477,931335.780375,1491408000000000000,2017-04-05T16:00:00Z,6795000.0,,5159091a-2e33-41ae-8e20-2897abee6b39,OrderRole.Standalone,OrderType.Market,_default,,PositionEffect.Open,,6795000.0,False,,OrderSide.Buy,OrderStatus.Filled,600276.SH,,TimeInForce.GTC,,,,1491494400000000000,2017-04-06T16:00:00Z
393.38299,933006.1065325,1491408000000000000,2017-04-05T16:00:00Z,948700.0,,268f2ead-23cc-441e-b128-b3ad0537dd86,OrderRole.Standalone,OrderType.Market,_default,,PositionEffect.Open,,948700.0,False,,OrderSide.Buy,OrderStatus.Filled,600519.SH,,TimeInForce.GTC,,,,1491494400000000000,2017-04-06T16:00:00Z
22.3223,924690.11635,1491408000000000000,2017-04-05T16:00:00Z,16569800.0,,b601bc5a-fde2-477d-8c75-2d288805a890,OrderRole.Standalone,OrderType.Market,_default,,PositionEffect.Open,,16569800.0,False,,OrderSide.Buy,OrderStatus.Filled,600660.SH,,TimeInForce.GTC,,,,1491494400000000000,2017-04-06T16:00:00Z
10.01,925867.4425,1491408000000000000,2017-04-05T16:00:00Z,36997700.0,,971bafe0-55a5-41bd-99d2-bafc931278f2,OrderRole.Standalone,OrderType.Market,_default,,PositionEffect.Open,,36997700.0,False,,OrderSide.Buy,OrderStatus.Filled,601668.SH,,TimeInForce.GTC,,,,1491494400000000000,2017-04-06T16:00:00Z
3.55355,925285.786425,1491408000000000000,2017-04-05T16:00:00Z,104153400.0,,5316227a-41c6-4150-8c68-03c97a7703e2,OrderRole.Standalone,OrderType.Market,_default,,PositionEffect.Open,,104153400.0,False,,OrderSide.Buy,OrderStatus.Filled,000725.SZ,,TimeInForce.GTC,,,,1491494400000000000,2017-04-06T16:00:00Z
16.63662,928261.008675,1491408000000000000,2017-04-05T16:00:00Z,22318500.0,,e04d48ad-8527-4aaa-8706-5ae169f2f4b3,OrderRole.Standalone,OrderType.Market,_default,,PositionEffect.Open,,22318500.0,False,,OrderSide.Buy,OrderStatus.Filled,002236.SZ,,TimeInForce.GTC,,,,1491494400000000000,2017-04-06T16:00:00Z
42.91287,50647.9148175,1491408000000000000,2017-04-05T16:00:00Z,472100.0,,865b7da8-88a8-4b89-a94a-b8d89b725442,OrderRole.Standalone,OrderType.Market,_default,,PositionEffect.Open,,472100.0,False,,OrderSide.Buy,OrderStatus.Filled,000858.SZ,,TimeInForce.GTC,,,,1491494400000000000,2017-04-06T16:00:00Z
41.70166,37062.350325,1491408000000000000,2017-04-05T16:00:00Z,355500.0,,192c3a1f-5144-44eb-a1bc-e338cec5c549,OrderRole.Standalone,OrderType.Market,_default,,PositionEffect.Open,,355500.0,False,,OrderSide.Buy,OrderStatus.Filled,000568.SZ,,TimeInForce.GTC,,,,1491494400000000000,2017-04-06T16:00:00Z
86.4135,937327.2345,1491494400000000000,2017-04-06T16:00:00Z,4338800.0,,d25c04d8-5196-44d3-843c-1d5811711b74,OrderRole.Standalone,OrderType.Market,_default,,PositionEffect.Close,,4338800.0,False,,OrderSide.Sell,OrderStatus.Filled,000538.SZ,,TimeInForce.GTC,,,,1491753600000000000,2017-04-09T16:00:00Z
41.52843,923519.6084475,1491494400000000000,2017-04-06T16:00:00Z,8895300.0,,bdd62c87-bbec-4ef2-a789-367bc09053e4,OrderRole.Standalone,OrderType.Market,_default,,PositionEffect.Close,,8895300.0,False,,OrderSide.Sell,OrderStatus.Filled,000568.SZ,,TimeInForce.GTC,,,,1491753600000000000,2017-04-09T16:00:00Z
31.77819,923132.5858575,1491494400000000000,2017-04-06T16:00:00Z,11619700.0,,632524f5-8646-473e-938c-15441b444b2e,OrderRole.Standalone,OrderType.Market,_default,,PositionEffect.Close,,11619700.0,False,,OrderSide.Sell,OrderStatus.Filled,000651.SZ,,TimeInForce.GTC,,,,1491753600000000000,2017-04-09T16:00:00Z
42.60735,922150.87605,1491494400000000000,2017-04-06T16:00:00Z,8657200.0,,b92388d9-f9d8-445f-b266-e827a24a0baa,OrderRole.Standalone,OrderType.Market,_default,,PositionEffect.Close,,8657200.0,False,,OrderSide.Sell,OrderStatus.Filled,000858.SZ,,TimeInForce.GTC,,,,1491753600000000000,2017-04-09T16:00:00Z
4.07592,1061302.31532,1493913600000000000,2017-05-04T16:00:00Z,104153400.0,,eedc9fa2-60c7-43bf-9cd1-46c08798999e,OrderRole.Standalone,OrderType.Market,_default,,PositionEffect.Close,,104153400.0,False,,OrderSide.Sell,OrderStatus.Filled,000725.SZ,,TimeInForce.GTC,,,,1494172800000000000,2017-05-07T16:00:00Z
17.66232,49688.52174,1493913600000000000,2017-05-04T16:00:00Z,1125300.0,,5b491d01-f9ac-462e-a2a7-60b6bcfe6cff,OrderRole.Standalone,OrderType.Market,_default,,PositionEffect.Close,,1125300.0,False,,OrderSide.Sell,OrderStatus.Filled,002236.SZ,,TimeInForce.GTC,,,,1494172800000000000,2017-05-07T16:00:00Z
,0.0,1493913600000000000,2017-05-04T16:00:00Z,0.0,,a40a8a97-48bf-4c77-8f8e-00b53927716f,OrderRole.Standalone,OrderType.Market,_default,,PositionEffect.Close,,4864000.0,False,"Risk: Insufficient available position for 002466.SZ at execution. Available: 4863999.9999999997726263245551, Required: 4864000",OrderSide.Sell,OrderStatus.Rejected,002466.SZ,,TimeInForce.GTC,,,,1494172800000000000,2017-05-07T16:00:00Z
54.55539,926759.687625,1493913600000000000,2017-05-04T16:00:00Z,6795000.0,,e57264f6-a7e7-4342-be56-ad1fb09d01bf,OrderRole.Standalone,OrderType.Market,_default,,PositionEffect.Close,,6795000.0,False,,OrderSide.Sell,OrderStatus.Filled,600276.SH,,TimeInForce.GTC,,,,1494172800000000000,2017-05-07T16:00:00Z
415.76382,46045.843065,1493913600000000000,2017-05-04T16:00:00Z,44300.0,,b74da2fa-edfc-4813-ba18-7f4a513a5576,OrderRole.Standalone,OrderType.Market,_default,,PositionEffect.Close,,44300.0,False,,OrderSide.Sell,OrderStatus.Filled,600519.SH,,TimeInForce.GTC,,,,1494172800000000000,2017-05-07T16:00:00Z
9.22077,852868.2055725,1493913600000000000,2017-05-04T16:00:00Z,36997700.0,,ed9a3bab-37d8-4df9-be51-baba8b0fd08f,OrderRole.Standalone,OrderType.Market,_default,,PositionEffect.Close,,36997700.0,False,,OrderSide.Sell,OrderStatus.Filled,601668.SH,,TimeInForce.GTC,,,,1494172800000000000,2017-05-07T16:00:00Z
83.23315,940201.6624,1493913600000000000,2017-05-04T16:00:00Z,4518400.0,,da4a6fe4-49d2-4fa1-9f8e-8619907b080c,OrderRole.Standalone,OrderType.Market,_default,,PositionEffect.Open,,4518400.0,False,,OrderSide.Buy,OrderStatus.Filled,000538.SZ,,TimeInForce.GTC,,,,1494172800000000000,2017-05-07T16:00:00Z
45.52548,943356.23382,1493913600000000000,2017-05-04T16:00:00Z,8288600.0,,85c193f9-336c-4be3-a468-a06e63f1fd95,OrderRole.Standalone,OrderType.Market,_default,,PositionEffect.Open,,8288600.0,False,,OrderSide.Buy,OrderStatus.Filled,000568.SZ,,TimeInForce.GTC,,,,1494172800000000000,2017-05-07T16:00:00Z
32.6326,937020.63455,1493913600000000000,2017-05-04T16:00:00Z,11485700.0,,0e4f23e3-cb9b-46df-be4d-317928eee7f5,OrderRole.Standalone,OrderType.Market,_default,,PositionEffect.Open,,11485700.0,False,,OrderSide.Buy,OrderStatus.Filled,000651.SZ,,TimeInForce.GTC,,,,1494172800000000000,2017-05-07T16:00:00Z
37.4374,952089.2381,1493913600000000000,2017-05-04T16:00:00Z,10172600.0,,6c345a0a-5e0b-4b8a-8c3e-163bc1ffd24c,OrderRole.Standalone,OrderType.Market,_default,,PositionEffect.Open,,10172600.0,False,,OrderSide.Buy,OrderStatus.Filled,002415.SZ,,TimeInForce.GTC,,,,1494172800000000000,2017-05-07T16:00:00Z
308.96866,937410.91444,1493913600000000000,2017-05-04T16:00:00Z,1213600.0,,305f4195-4731-43a1-89cc-370fbd718e55,OrderRole.Standalone,OrderType.Market,_default,,PositionEffect.Open,,1213600.0,False,,OrderSide.Buy,OrderStatus.Filled,300628.SZ,,TimeInForce.GTC,,,,1494172800000000000,2017-05-07T16:00:00Z
13.1131,939045.482375,1493913600000000000,2017-05-04T16:00:00Z,28644500.0,,4c545ace-9d88-4629-867d-f537c171dbfe,OrderRole.Standalone,OrderType.Market,_default,,PositionEffect.Open,,28644500.0,False,,OrderSide.Buy,OrderStatus.Filled,600690.SH,,TimeInForce.GTC,,,,1494172800000000000,2017-05-07T16:00:00Z
18.73872,934425.01152,1493913600000000000,2017-05-04T16:00:00Z,19946400.0,,b68e3dd0-ef6c-4b9d-a6a4-6f4ed0615109,OrderRole.Standalone,OrderType.Market,_default,,PositionEffect.Open,,19946400.0,False,,OrderSide.Buy,OrderStatus.Filled,600741.SH,,TimeInForce.GTC,,,,1494172800000000000,2017-05-07T16:00:00Z
22.47245,11842.98115,1493913600000000000,2017-05-04T16:00:00Z,210800.0,,f831a470-5b0e-48af-83e7-946c9688b6b9,OrderRole.Standalone,OrderType.Market,_default,,PositionEffect.Open,,210800.0,False,,OrderSide.Buy,OrderStatus.Filled,600660.SH,,TimeInForce.GTC,,,,1494172800000000000,2017-05-07T16:00:00Z
17.31267,917277.19461,1494172800000000000,2017-05-07T16:00:00Z,21193200.0,,f2ab5e4a-5380-4397-a597-847325b54b0b,OrderRole.Standalone,OrderType.Market,_default,,PositionEffect.Close,,21193200.0,False,,OrderSide.Sell,OrderStatus.Filled,002236.SZ,,TimeInForce.GTC,,,,1494259200000000000,2017-05-08T16:00:00Z
404.03556,913524.40116,1494172800000000000,2017-05-07T16:00:00Z,904400.0,,a85e7bca-3e16-4d5f-9fba-57a159225788,OrderRole.Standalone,OrderType.Market,_default,,PositionEffect.Close,,904400.0,False,,OrderSide.Sell,OrderStatus.Filled,600519.SH,,TimeInForce.GTC,,,,1494259200000000000,2017-05-08T16:00:00Z
22.2777,934582.93155,1494172800000000000,2017-05-07T16:00:00Z,16780600.0,,60163c49-5b00-4a71-b03b-7562dec7907a,OrderRole.Standalone,OrderType.Market,_default,,PositionEffect.Close,,16780600.0,False,,OrderSide.Sell,OrderStatus.Filled,600660.SH,,TimeInForce.GTC,,,,1494259200000000000,2017-05-08T16:00:00Z
90.05985,36316.6345125,1496678400000000000,2017-06-05T16:00:00Z,161300.0,,8fdb1fdc-1df1-43a4-ada1-4f7318479ef2,OrderRole.Standalone,OrderType.Market,_default,,PositionEffect.Close,,161300.0,False,,OrderSide.Sell,OrderStatus.Filled,000538.SZ,,TimeInForce.GTC,,,,1496764800000000000,2017-06-06T16:00:00Z
47.8521,20731.922325,1496678400000000000,2017-06-05T16:00:00Z,173300.0,,5deb2502-5602-49b5-ae88-123a8630f74a,OrderRole.Standalone,OrderType.Market,_default,,PositionEffect.Close,,173300.0,False,,OrderSide.Sell,OrderStatus.Filled,000568.SZ,,TimeInForce.GTC,,,,1496764800000000000,2017-06-06T16:00:00Z
34.31565,13786.3123875,1496678400000000000,2017-06-05T16:00:00Z,160700.0,,03d88b31-0c95-4a47-b384-82036693ecba,OrderRole.Standalone,OrderType.Market,_default,,PositionEffect.Close,,160700.0,False,,OrderSide.Sell,OrderStatus.Filled,000651.SZ,,TimeInForce.GTC,,,,1496764800000000000,2017-06-06T16:00:00Z
28.63134,1092206.884815,1496678400000000000,2017-06-05T16:00:00Z,15258900.0,,1337c69d-4a80-4d44-bd90-eefbba4bf2ea,OrderRole.Standalone,OrderType.Market,_default,,PositionEffect.Close,,15258900.0,False,,OrderSide.Sell,OrderStatus.Filled,002415.SZ,,TimeInForce.GTC,,,,1496764800000000000,2017-06-06T16:00:00Z
,0.0,1496678400000000000,2017-06-05T16:00:00Z,0.0,,5cfaac36-481b-4588-b717-9808eb5865b1,OrderRole.Standalone,OrderType.Market,_default,,PositionEffect.Close,,4864000.0,False,"Risk: Insufficient available position for 002466.SZ at execution. Available: 4863999.9999999997726263245551, Required: 4864000",OrderSide.Sell,OrderStatus.Rejected,002466.SZ,,TimeInForce.GTC,,,,1496764800000000000,2017-06-06T16:00:00Z
295.704,897165.936,1496678400000000000,2017-06-05T16:00:00Z,1213600.0,,8d77a3cb-b42c-495f-ad8f-43e268fa7086,OrderRole.Standalone,OrderType.Market,_default,,PositionEffect.Close,,1213600.0,False,,OrderSide.Sell,OrderStatus.Filled,300628.SZ,,TimeInForce.GTC,,,,1496764800000000000,2017-06-06T16:00:00Z
14.60538,1045909.518525,1496678400000000000,2017-06-05T16:00:00Z,28644500.0,,ff9d257f-f618-4036-bc10-8b690f29e55b,OrderRole.Standalone,OrderType.Market,_default,,PositionEffect.Close,,28644500.0,False,,OrderSide.Sell,OrderStatus.Filled,600690.SH,,TimeInForce.GTC,,,,1496764800000000000,2017-06-06T16:00:00Z
20.15982,1005289.58412,1496678400000000000,2017-06-05T16:00:00Z,19946400.0,,f85b1ffb-f28f-47f1-99d6-8b665ca42aa7,OrderRole.Standalone,OrderType.Market,_default,,PositionEffect.Close,,19946400.0,False,,OrderSide.Sell,OrderStatus.Filled,600741.SH,,TimeInForce.GTC,,,,1496764800000000000,2017-06-06T16:00:00Z
19.37936,973967.87488,1496678400000000000,2017-06-05T16:00:00Z,20103200.0,,b674d9dd-ceff-49d7-b88f-3a57a57fffed,OrderRole.Standalone,OrderType.Market,_default,,PositionEffect.Open,,20103200.0,False,,OrderSide.Buy,OrderStatus.Filled,600887.SH,,TimeInForce.GTC,,,,1496764800000000000,2017-06-06T16:00:00Z
3.27327,970949.2617825,1496678400000000000,2017-06-05T16:00:00Z,118651900.0,,10357e99-0b41-490a-be1f-e5ad181cad2b,OrderRole.Standalone,OrderType.Market,_default,,PositionEffect.Open,,118651900.0,False,,OrderSide.Buy,OrderStatus.Filled,601058.SH,,TimeInForce.GTC,,,,1496764800000000000,2017-06-06T16:00:00Z
,0.0,1496678400000000000,2017-06-05T16:00:00Z,0.0,,cd8e63b4-b22d-4701-857e-91dcb33ec522,OrderRole.Standalone,OrderType.Market,_default,,PositionEffect.Open,,18590800.0,False,"Symbol 000002.SZ not tradable (zero volume, suspension) at execution timestamp 1496764800000000000",OrderSide.Buy,OrderStatus.Rejected,000002.SZ,,TimeInForce.GTC,,,,1496764800000000000,2017-06-06T16:00:00Z
20.56054,969059.37128,1496678400000000000,2017-06-05T16:00:00Z,18852800.0,,27b9a7fa-6100-4435-a3e0-fb85c5f90de3,OrderRole.Standalone,OrderType.Market,_default,,PositionEffect.Open,,18852800.0,False,,OrderSide.Buy,OrderStatus.Filled,002236.SZ,,TimeInForce.GTC,,,,1496764800000000000,2017-06-06T16:00:00Z
49.50946,970360.66127,1496678400000000000,2017-06-05T16:00:00Z,7839800.0,,5cb10e9d-9e46-4dff-be00-8db338a0de6e,OrderRole.Standalone,OrderType.Market,_default,,PositionEffect.Open,,7839800.0,False,,OrderSide.Buy,OrderStatus.Filled,600276.SH,,TimeInForce.GTC,,,,1496764800000000000,2017-06-06T16:00:00Z
449.56912,971518.86832,1496678400000000000,2017-06-05T16:00:00Z,864400.0,,43ff57c7-130e-4d54-bb20-875f29ff4866,OrderRole.Standalone,OrderType.Market,_default,,PositionEffect.Open,,864400.0,False,,OrderSide.Buy,OrderStatus.Filled,600519.SH,,TimeInForce.GTC,,,,1496764800000000000,2017-06-06T16:00:00Z
24.8248,968992.6246,1496678400000000000,2017-06-05T16:00:00Z,15613300.0,,2be27893-7944-4a78-a58e-08f60618dd5e,OrderRole.Standalone,OrderType.Market,_default,,PositionEffect.Open,,15613300.0,False,,OrderSide.Buy,OrderStatus.Filled,600660.SH,,TimeInForce.GTC,,,,1496764800000000000,2017-06-06T16:00:00Z
89.91,979367.1525,1496764800000000000,2017-06-06T16:00:00Z,4357100.0,,98a5b4c6-eb49-4677-8e47-e7b17fffb275,OrderRole.Standalone,OrderType.Market,_default,,PositionEffect.Close,,4357100.0,False,,OrderSide.Sell,OrderStatus.Filled,000538.SZ,,TimeInForce.GTC,,,,1496851200000000000,2017-06-07T16:00:00Z
49.4505,1003264.106625,1496764800000000000,2017-06-06T16:00:00Z,8115300.0,,16b6d529-0f0c-466d-b36e-f573a56e7b8d,OrderRole.Standalone,OrderType.Market,_default,,PositionEffect.Close,,8115300.0,False,,OrderSide.Sell,OrderStatus.Filled,000568.SZ,,TimeInForce.GTC,,,,1496851200000000000,2017-06-07T16:00:00Z
34.6653,981461.30625,1496764800000000000,2017-06-06T16:00:00Z,11325000.0,,0f715e60-34a5-4f15-999b-0faaf93b775e,OrderRole.Standalone,OrderType.Market,_default,,PositionEffect.Close,,11325000.0,False,,OrderSide.Sell,OrderStatus.Filled,000651.SZ,,TimeInForce.GTC,,,,1496851200000000000,2017-06-07T16:00:00Z
21.64833,1020329.08956,1499097600000000000,2017-07-03T16:00:00Z,18852800.0,,8ce9b4ed-fa3e-45ef-8a47-a35faf2acef3,OrderRole.Standalone,OrderType.Market,_default,,PositionEffect.Close,,18852800.0,False,,OrderSide.Sell,OrderStatus.Filled,002236.SZ,,TimeInForce.GTC,,,,1499184000000000000,2017-07-04T16:00:00Z
,0.0,1499097600000000000,2017-07-03T16:00:00Z,0.0,,e5dac681-f5c7-456e-a51c-c602cecd8c4c,OrderRole.Standalone,OrderType.Market,_default,,PositionEffect.Close,,4864000.0,False,"Risk: Insufficient available position for 002466.SZ at execution. Available: 4863999.9999999997726263245551, Required: 4864000",OrderSide.Sell,OrderStatus.Rejected,002466.SZ,,TimeInForce.GTC,,,,1499184000000000000,2017-07-04T16:00:00Z
49.07088,961764.71256,1499097600000000000,2017-07-03T16:00:00Z,7839800.0,,e83641fc-8a14-495f-8385-6fa868d50287,OrderRole.Standalone,OrderType.Market,_default,,PositionEffect.Close,,7839800.0,False,,OrderSide.Sell,OrderStatus.Filled,600276.SH,,TimeInForce.GTC,,,,1499184000000000000,2017-07-04T16:00:00Z
452.55699,977975.65539,1499097600000000000,2017-07-03T16:00:00Z,864400.0,,8e132f21-4633-4a44-8fa0-4fc02f79257e,OrderRole.Standalone,OrderType.Market,_default,,PositionEffect.Close,,864400.0,False,,OrderSide.Sell,OrderStatus.Filled,600519.SH,,TimeInForce.GTC,,,,1499184000000000000,2017-07-04T16:00:00Z
24.73524,965496.80673,1499097600000000000,2017-07-03T16:00:00Z,15613300.0,,2877ac16-6ca0-4ccf-9c30-dd6192f446f7,OrderRole.Standalone,OrderType.Market,_default,,PositionEffect.Close,,15613300.0,False,,OrderSide.Sell,OrderStatus.Filled,600660.SH,,TimeInForce.GTC,,,,1499184000000000000,2017-07-04T16:00:00Z
20.89908,1050345.96264,1499097600000000000,2017-07-03T16:00:00Z,20103200.0,,b5502ce7-e47b-48db-a834-7af8fec2fb00,OrderRole.Standalone,OrderType.Market,_default,,PositionEffect.Close,,20103200.0,False,,OrderSide.Sell,OrderStatus.Filled,600887.SH,,TimeInForce.GTC,,,,1499184000000000000,2017-07-04T16:00:00Z
,0.0,1499097600000000000,2017-07-03T16:00:00Z,0.0,,3e3400fd-18a0-441a-b476-9644df07a55a,OrderRole.Standalone,OrderType.Market,_default,,PositionEffect.Close,,118651900.0,False,"Symbol 601058.SH not tradable (zero volume, suspension) at execution timestamp 1499184000000000000",OrderSide.Sell,OrderStatus.Rejected,601058.SH,,TimeInForce.GTC,,,,1499184000000000000,2017-07-04T16:00:00Z
4.14414,1004655.57192,1499097600000000000,2017-07-03T16:00:00Z,96971200.0,,e430e64a-bc4b-4f47-81e2-661e1d5b5d73,OrderRole.Standalone,OrderType.Market,_default,,PositionEffect.Open,,96971200.0,False,,OrderSide.Buy,OrderStatus.Filled,000725.SZ,,TimeInForce.GTC,,,,1499184000000000000,2017-07-04T16:00:00Z
12.5125,1003067.690625,1499097600000000000,2017-07-03T16:00:00Z,32066100.0,,030310be-b32b-440f-aa97-a9c556e2c516,OrderRole.Standalone,OrderType.Market,_default,,PositionEffect.Open,,32066100.0,False,,OrderSide.Buy,OrderStatus.Filled,600000.SH,,TimeInForce.GTC,,,,1499184000000000000,2017-07-04T16:00:00Z
8.16816,1005849.68484,1499097600000000000,2017-07-03T16:00:00Z,49257100.0,,48db519f-2759-4a73-835a-2094a77b0015,OrderRole.Standalone,OrderType.Market,_default,,PositionEffect.Open,,49257100.0,False,,OrderSide.Buy,OrderStatus.Filled,600016.SH,,TimeInForce.GTC,,,,1499184000000000000,2017-07-04T16:00:00Z
6.04604,1005417.15274,1499097600000000000,2017-07-03T16:00:00Z,66517400.0,,d3d8a992-49bf-47ce-a47b-2db0d780a847,OrderRole.Standalone,OrderType.Market,_default,,PositionEffect.Open,,66517400.0,False,,OrderSide.Buy,OrderStatus.Filled,600028.SH,,TimeInForce.GTC,,,,1499184000000000000,2017-07-04T16:00:00Z
16.67666,1004068.34528,1499097600000000000,2017-07-03T16:00:00Z,24083200.0,,878e0c50-7573-4062-8b2f-96c58bc41b86,OrderRole.Standalone,OrderType.Market,_default,,PositionEffect.Open,,24083200.0,False,,OrderSide.Buy,OrderStatus.Filled,601166.SH,,TimeInForce.GTC,,,,1499184000000000000,2017-07-04T16:00:00Z
3.52352,1007082.79672,1499097600000000000,2017-07-03T16:00:00Z,114326900.0,,e3404aee-2eba-46c8-9844-0f5442028d62,OrderRole.Standalone,OrderType.Market,_default,,PositionEffect.Open,,114326900.0,False,,OrderSide.Buy,OrderStatus.Filled,601288.SH,,TimeInForce.GTC,,,,1499184000000000000,2017-07-04T16:00:00Z
6.19619,1007082.251175,1499097600000000000,2017-07-03T16:00:00Z,65013000.0,,a118b88d-1948-420c-8933-4bc144580f59,OrderRole.Standalone,OrderType.Market,_default,,PositionEffect.Open,,65013000.0,False,,OrderSide.Buy,OrderStatus.Filled,601328.SH,,TimeInForce.GTC,,,,1499184000000000000,2017-07-04T16:00:00Z
5.24524,1005163.69954,1499097600000000000,2017-07-03T16:00:00Z,76653400.0,,42a0b241-bcb8-4630-a319-609fe6bd7234,OrderRole.Standalone,OrderType.Market,_default,,PositionEffect.Open,,76653400.0,False,,OrderSide.Buy,OrderStatus.Filled,601398.SH,,TimeInForce.GTC,,,,1499184000000000000,2017-07-04T16:00:00Z
9.4094,1006010.7057,1499097600000000000,2017-07-03T16:00:00Z,42766200.0,,157248ef-0330-485b-899a-6490335d1064,OrderRole.Standalone,OrderType.Market,_default,,PositionEffect.Open,,42766200.0,False,,OrderSide.Buy,OrderStatus.Filled,601668.SH,,TimeInForce.GTC,,,,1499184000000000000,2017-07-04T16:00:00Z
,0.0,1499097600000000000,2017-07-03T16:00:00Z,0.0,,d77db393-27ea-4ef5-bd9e-e0309c1d8536,OrderRole.Standalone,OrderType.Market,_default,,PositionEffect.Open,,109356100.0,False,"Risk: Insufficient margin at execution. Required: 403839960.6441199999999999999, Available: 141828914.2752119473229489989",OrderSide.Buy,OrderStatus.Rejected,601988.SH,,TimeInForce.GTC,,,,1499184000000000000,2017-07-04T16:00:00Z
3.91608,949367.44224,1501516800000000000,2017-07-31T16:00:00Z,96971200.0,,d3201bd2-e445-42b2-90b0-e47b5dc60316,OrderRole.Standalone,OrderType.Market,_default,,PositionEffect.Close,,96971200.0,False,,OrderSide.Sell,OrderStatus.Filled,000725.SZ,,TimeInForce.GTC,,,,1501603200000000000,2017-08-01T16:00:00Z
,0.0,1501516800000000000,2017-07-31T16:00:00Z,0.0,,013b03b9-08c8-4f06-b44f-a3cc14729bf3,OrderRole.Standalone,OrderType.Market,_default,,PositionEffect.Close,,4864000.0,False,"Risk: Insufficient available position for 002466.SZ at execution. Available: 4863999.9999999997726263245551, Required: 4864000",OrderSide.Sell,OrderStatus.Rejected,002466.SZ,,TimeInForce.GTC,,,,1501603200000000000,2017-08-01T16:00:00Z
13.42656,1076343.53904,1501516800000000000,2017-07-31T16:00:00Z,32066100.0,,905ee00b-87b8-4355-8cc7-7668c7c1403e,OrderRole.Standalone,OrderType.Market,_default,,PositionEffect.Close,,32066100.0,False,,OrderSide.Sell,OrderStatus.Filled,600000.SH,,TimeInForce.GTC,,,,1501603200000000000,2017-08-01T16:00:00Z
8.6913,1070270.583075,1501516800000000000,2017-07-31T16:00:00Z,49257100.0,,fab43ee6-5bb2-4c8b-bc1b-9893b9c1df74,OrderRole.Standalone,OrderType.Market,_default,,PositionEffect.Close,,49257100.0,False,,OrderSide.Sell,OrderStatus.Filled,600016.SH,,TimeInForce.GTC,,,,1501603200000000000,2017-08-01T16:00:00Z
6.18381,1028327.408235,1501516800000000000,2017-07-31T16:00:00Z,66517400.0,,76bba961-15da-4630-b0fa-6c9765aac3c5,OrderRole.Standalone,OrderType.Market,_default,,PositionEffect.Close,,66517400.0,False,,OrderSide.Sell,OrderStatus.Filled,600028.SH,,TimeInForce.GTC,,,,1501603200000000000,2017-08-01T16:00:00Z
3.70629,1099395.8761275,1501516800000000000,2017-07-31T16:00:00Z,118651900.0,,197da803-bd86-4e11-b27d-01bdd0cb00cd,OrderRole.Standalone,OrderType.Market,_default,,PositionEffect.Close,,118651900.0,False,,OrderSide.Sell,OrderStatus.Filled,601058.SH,,TimeInForce.GTC,,,,1501603200000000000,2017-08-01T16:00:00Z
18.07191,1088073.55728,1501516800000000000,2017-07-31T16:00:00Z,24083200.0,,548fa0a5-06d2-4080-9ece-1e81018698dc,OrderRole.Standalone,OrderType.Market,_default,,PositionEffect.Close,,24083200.0,False,,OrderSide.Sell,OrderStatus.Filled,601166.SH,,TimeInForce.GTC,,,,1501603200000000000,2017-08-01T16:00:00Z
3.73626,1067887.558485,1501516800000000000,2017-07-31T16:00:00Z,114326900.0,,c88a1676-7362-4be7-ac37-ce71d7ca821d,OrderRole.Standalone,OrderType.Market,_default,,PositionEffect.Close,,114326900.0,False,,OrderSide.Sell,OrderStatus.Filled,601288.SH,,TimeInForce.GTC,,,,1501603200000000000,2017-08-01T16:00:00Z
6.43356,1045662.5907,1501516800000000000,2017-07-31T16:00:00Z,65013000.0,,0a48fbe0-8107-4cd8-a540-bb1bda53446e,OrderRole.Standalone,OrderType.Market,_default,,PositionEffect.Close,,65013000.0,False,,OrderSide.Sell,OrderStatus.Filled,601328.SH,,TimeInForce.GTC,,,,1501603200000000000,2017-08-01T16:00:00Z
5.55444,1064416.77774,1501516800000000000,2017-07-31T16:00:00Z,76653400.0,,ff2df5df-61bf-4170-98eb-7794e5c96cd2,OrderRole.Standalone,OrderType.Market,_default,,PositionEffect.Close,,76653400.0,False,,OrderSide.Sell,OrderStatus.Filled,601398.SH,,TimeInForce.GTC,,,,1501603200000000000,2017-08-01T16:00:00Z
10.40958,1112945.45049,1501516800000000000,2017-07-31T16:00:00Z,42766200.0,,a5e79028-a20b-4215-959a-02fa54ebaf8f,OrderRole.Standalone,OrderType.Market,_default,,PositionEffect.Close,,42766200.0,False,,OrderSide.Sell,OrderStatus.Filled,601668.SH,,TimeInForce.GTC,,,,1501603200000000000,2017-08-01T16:00:00Z
7.18718,1077365.46918,1501516800000000000,2017-07-31T16:00:00Z,59960400.0,,d0ff8c90-c1aa-433e-b64e-f408ffadf9d4,OrderRole.Standalone,OrderType.Market,_default,,PositionEffect.Open,,59960400.0,False,,OrderSide.Buy,OrderStatus.Filled,601919.SH,,TimeInForce.GTC,,,,1501603200000000000,2017-08-01T16:00:00Z
66.4664,1084582.0986,1501516800000000000,2017-07-31T16:00:00Z,6527100.0,,b260ba75-847e-4622-9b26-b878fa488f08,OrderRole.Standalone,OrderType.Market,_default,,PositionEffect.Open,,6527100.0,False,,OrderSide.Buy,OrderStatus.Filled,603799.SH,,TimeInForce.GTC,,,,1501603200000000000,2017-08-01T16:00:00Z
7.01701,1072744.7005275,1501516800000000000,2017-07-31T16:00:00Z,61151100.0,,199be102-d3e3-4b32-b24d-46efda7c9dc9,OrderRole.Standalone,OrderType.Market,_default,,PositionEffect.Open,,61151100.0,False,,OrderSide.Buy,OrderStatus.Filled,603993.SH,,TimeInForce.GTC,,,,1501603200000000000,2017-08-01T16:00:00Z
10.06005,1060920.2979375,1501516800000000000,2017-07-31T16:00:00Z,42183500.0,,cd7cb63c-9d52-41fd-b2b1-770b9911c64b,OrderRole.Standalone,OrderType.Market,_default,,PositionEffect.Open,,42183500.0,False,,OrderSide.Buy,OrderStatus.Filled,000807.SZ,,TimeInForce.GTC,,,,1501603200000000000,2017-08-01T16:00:00Z
69.1691,1099702.228625,1501516800000000000,2017-07-31T16:00:00Z,6359500.0,,9d8dbf43-8dc2-4395-83ce-65e93c17d8c8,OrderRole.Standalone,OrderType.Market,_default,,PositionEffect.Open,,6359500.0,False,,OrderSide.Buy,OrderStatus.Filled,002460.SZ,,TimeInForce.GTC,,,,1501603200000000000,2017-08-01T16:00:00Z
24.7247,1082812.055325,1501516800000000000,2017-07-31T16:00:00Z,17517900.0,,e20d4fd0-c7a2-408b-a885-168dd14c128c,OrderRole.Standalone,OrderType.Market,_default,,PositionEffect.Open,,17517900.0,False,,OrderSide.Buy,OrderStatus.Filled,300014.SZ,,TimeInForce.GTC,,,,1501603200000000000,2017-08-01T16:00:00Z
24.54452,1071435.79543,1501516800000000000,2017-07-31T16:00:00Z,17461100.0,,2a37beef-8137-4ab1-be68-d2f2c72ab7d3,OrderRole.Standalone,OrderType.Market,_default,,PositionEffect.Open,,17461100.0,False,,OrderSide.Buy,OrderStatus.Filled,300223.SZ,,TimeInForce.GTC,,,,1501603200000000000,2017-08-01T16:00:00Z
67.25719,1078704.441815,1501516800000000000,2017-07-31T16:00:00Z,6415400.0,,1f17a5d3-1359-4c83-ad86-36260465937f,OrderRole.Standalone,OrderType.Market,_default,,PositionEffect.Open,,6415400.0,False,,OrderSide.Buy,OrderStatus.Filled,300450.SZ,,TimeInForce.GTC,,,,1501603200000000000,2017-08-01T16:00:00Z
2.77277,1078866.783995,1501516800000000000,2017-07-31T16:00:00Z,155637400.0,,6021c31c-2b44-4a70-813b-dc44452362de,OrderRole.Standalone,OrderType.Market,_default,,PositionEffect.Open,,155637400.0,False,,OrderSide.Buy,OrderStatus.Filled,600010.SH,,TimeInForce.GTC,,,,1501603200000000000,2017-08-01T16:00:00Z
18.018,1072309.7385,1501516800000000000,2017-07-31T16:00:00Z,23805300.0,,785ff626-7700-4e89-911a-be309f490459,OrderRole.Standalone,OrderType.Market,_default,,PositionEffect.Open,,23805300.0,False,,OrderSide.Buy,OrderStatus.Filled,600111.SH,,TimeInForce.GTC,,,,1501603200000000000,2017-08-01T16:00:00Z
12.23775,182018.174625,1503936000000000000,2017-08-28T16:00:00Z,5949400.0,,7ed0f86c-f823-4327-ba83-1d862bdcf473,OrderRole.Standalone,OrderType.Market,_default,,PositionEffect.Close,,5949400.0,False,,OrderSide.Sell,OrderStatus.Filled,000807.SZ,,TimeInForce.GTC,,,,1504022400000000000,2017-08-29T16:00:00Z
72.87705,49319.5435875,1503936000000000000,2017-08-28T16:00:00Z,270700.0,,183ca95a-3c11-4925-bb9b-49a2dc7c8b85,OrderRole.Standalone,OrderType.Market,_default,,PositionEffect.Close,,270700.0,False,,OrderSide.Sell,OrderStatus.Filled,002460.SZ,,TimeInForce.GTC,,,,1504022400000000000,2017-08-29T16:00:00Z
,0.0,1503936000000000000,2017-08-28T16:00:00Z,0.0,,d175eea1-bce1-40f9-b397-28b01f275029,OrderRole.Standalone,OrderType.Market,_default,,PositionEffect.Close,,4864000.0,False,"Risk: Insufficient available position for 002466.SZ at execution. Available: 4863999.9999999997726263245551, Required: 4864000",OrderSide.Sell,OrderStatus.Rejected,002466.SZ,,TimeInForce.GTC,,,,1504022400000000000,2017-08-29T16:00:00Z
21.98799,962958.5250525,1503936000000000000,2017-08-28T16:00:00Z,17517900.0,,79d13d5e-66b1-426f-8b94-afc695b55494,OrderRole.Standalone,OrderType.Market,_default,,PositionEffect.Close,,17517900.0,False,,OrderSide.Sell,OrderStatus.Filled,300014.SZ,,TimeInForce.GTC,,,,1504022400000000000,2017-08-29T16:00:00Z
26.78319,1169159.8972725,1503936000000000000,2017-08-28T16:00:00Z,17461100.0,,a548f14b-24d7-496a-b0b3-9f06e5971c30,OrderRole.Standalone,OrderType.Market,_default,,PositionEffect.Close,,17461100.0,False,,OrderSide.Sell,OrderStatus.Filled,300223.SZ,,TimeInForce.GTC,,,,1504022400000000000,2017-08-29T16:00:00Z
65.58435,1051874.597475,1503936000000000000,2017-08-28T16:00:00Z,6415400.0,,4de20863-c9a4-4f2c-a31b-46c53c63b3c5,OrderRole.Standalone,OrderType.Market,_default,,PositionEffect.Close,,6415400.0,False,,OrderSide.Sell,OrderStatus.Filled,300450.SZ,,TimeInForce.GTC,,,,1504022400000000000,2017-08-29T16:00:00Z
2.6973,1049501.89755,1503936000000000000,2017-08-28T16:00:00Z,155637400.0,,bba697ea-c270-4ca7-afde-40860185699a,OrderRole.Standalone,OrderType.Market,_default,,PositionEffect.Close,,155637400.0,False,,OrderSide.Sell,OrderStatus.Filled,600010.SH,,TimeInForce.GTC,,,,1504022400000000000,2017-08-29T16:00:00Z
7.50249,1124630.75349,1503936000000000000,2017-08-28T16:00:00Z,59960400.0,,40513980-6c3e-412c-a18d-6391e162aa36,OrderRole.Standalone,OrderType.Market,_default,,PositionEffect.Close,,59960400.0,False,,OrderSide.Sell,OrderStatus.Filled,601919.SH,,TimeInForce.GTC,,,,1504022400000000000,2017-08-29T16:00:00Z
75.924,141180.678,1503936000000000000,2017-08-28T16:00:00Z,743800.0,,98331b79-d6e6-4983-b6e6-04b978dad83f,OrderRole.Standalone,OrderType.Market,_default,,PositionEffect.Close,,743800.0,False,,OrderSide.Sell,OrderStatus.Filled,603799.SH,,TimeInForce.GTC,,,,1504022400000000000,2017-08-29T16:00:00Z
91.091,1155853.699,1503936000000000000,2017-08-28T16:00:00Z,5075600.0,,f6bf8f6e-e03c-4e31-b082-9399685071a6,OrderRole.Standalone,OrderType.Market,_default,,PositionEffect.Open,,5075600.0,False,,OrderSide.Buy,OrderStatus.Filled,603986.SH,,TimeInForce.GTC,,,,1504022400000000000,2017-08-29T16:00:00Z
6.82682,63859.780985,1503936000000000000,2017-08-28T16:00:00Z,3741700.0,,e1abc354-657a-4c6b-8928-93457bb81c0e,OrderRole.Standalone,OrderType.Market,_default,,PositionEffect.Open,,3741700.0,False,,OrderSide.Buy,OrderStatus.Filled,603993.SH,,TimeInForce.GTC,,,,1504022400000000000,2017-08-29T16:00:00Z
10.34033,1091752.72206,1503936000000000000,2017-08-28T16:00:00Z,42232800.0,,f25ea3d8-630f-42b9-9dae-1dc0f7faa5a6,OrderRole.Standalone,OrderType.Market,_default,,PositionEffect.Open,,42232800.0,False,,OrderSide.Buy,OrderStatus.Filled,000983.SZ,,TimeInForce.GTC,,,,1504022400000000000,2017-08-29T16:00:00Z
56.54649,1118489.5722,1503936000000000000,2017-08-28T16:00:00Z,7912000.0,,5051f159-297c-4a5b-96d2-d30e250cbbff,OrderRole.Standalone,OrderType.Market,_default,,PositionEffect.Open,,7912000.0,False,,OrderSide.Buy,OrderStatus.Filled,002230.SZ,,TimeInForce.GTC,,,,1504022400000000000,2017-08-29T16:00:00Z
8.77877,1093323.3786475,1503936000000000000,2017-08-28T16:00:00Z,49816700.0,,b97ebd50-b7c8-4916-aa0b-f6f10f75f8c6,OrderRole.Standalone,OrderType.Market,_default,,PositionEffect.Open,,49816700.0,False,,OrderSide.Buy,OrderStatus.Filled,002600.SZ,,TimeInForce.GTC,,,,1504022400000000000,2017-08-29T16:00:00Z
32.17214,1100842.157415,1503936000000000000,2017-08-28T16:00:00Z,13686900.0,,ce244b19-3d51-47b6-918f-285a5abcb555,OrderRole.Standalone,OrderType.Market,_default,,PositionEffect.Open,,13686900.0,False,,OrderSide.Buy,OrderStatus.Filled,600549.SH,,TimeInForce.GTC,,,,1504022400000000000,2017-08-29T16:00:00Z
17.6176,56019.5636,1503936000000000000,2017-08-28T16:00:00Z,1271900.0,,f086d3ef-45e0-4a66-9093-b8c123bc2773,OrderRole.Standalone,OrderType.Market,_default,,PositionEffect.Open,,1271900.0,False,,OrderSide.Buy,OrderStatus.Filled,600111.SH,,TimeInForce.GTC,,,,1504022400000000000,2017-08-29T16:00:00Z
13.4865,1221677.974125,1504022400000000000,2017-08-29T16:00:00Z,36234100.0,,a4820145-104d-40b8-92d0-df0df1c536cd,OrderRole.Standalone,OrderType.Market,_default,,PositionEffect.Close,,36234100.0,False,,OrderSide.Sell,OrderStatus.Filled,000807.SZ,,TimeInForce.GTC,,,,1504108800000000000,2017-08-30T16:00:00Z
74.7252,1137466.9944,1504022400000000000,2017-08-29T16:00:00Z,6088800.0,,804b7f17-6d79-4054-99c5-46d5bad7a414,OrderRole.Standalone,OrderType.Market,_default,,PositionEffect.Close,,6088800.0,False,,OrderSide.Sell,OrderStatus.Filled,002460.SZ,,TimeInForce.GTC,,,,1504108800000000000,2017-08-30T16:00:00Z
18.17181,1139245.28433,1504022400000000000,2017-08-29T16:00:00Z,25077200.0,,196630f0-93da-4697-a9e2-d91b22526074,OrderRole.Standalone,OrderType.Market,_default,,PositionEffect.Close,,25077200.0,False,,OrderSide.Sell,OrderStatus.Filled,600111.SH,,TimeInForce.GTC,,,,1504108800000000000,2017-08-30T16:00:00Z
78.921,1141059.54825,1504022400000000000,2017-08-29T16:00:00Z,5783300.0,,0b9cde37-e934-43ed-a21b-5741046e396d,OrderRole.Standalone,OrderType.Market,_default,,PositionEffect.Close,,5783300.0,False,,OrderSide.Sell,OrderStatus.Filled,603799.SH,,TimeInForce.GTC,,,,1504108800000000000,2017-08-30T16:00:00Z
6.96303,1129626.28296,1504022400000000000,2017-08-29T16:00:00Z,64892800.0,,097d0cf6-7b17-442c-9dad-f91a3e4fdf15,OrderRole.Standalone,OrderType.Market,_default,,PositionEffect.Close,,64892800.0,False,,OrderSide.Sell,OrderStatus.Filled,603993.SH,,TimeInForce.GTC,,,,1504108800000000000,2017-08-30T16:00:00Z
10.40958,1099064.27556,1506355200000000000,2017-09-25T16:00:00Z,42232800.0,,9f1551a3-5a0e-43e8-b130-312e107824b3,OrderRole.Standalone,OrderType.Market,_default,,PositionEffect.Close,,42232800.0,False,,OrderSide.Sell,OrderStatus.Filled,000983.SZ,,TimeInForce.GTC,,,,1506441600000000000,2017-09-26T16:00:00Z
52.42752,1037016.3456,1506355200000000000,2017-09-25T16:00:00Z,7912000.0,,1d2b35bb-11a3-461b-a547-96dd7cae91f2,OrderRole.Standalone,OrderType.Market,_default,,PositionEffect.Close,,7912000.0,False,,OrderSide.Sell,OrderStatus.Filled,002230.SZ,,TimeInForce.GTC,,,,1506441600000000000,2017-09-26T16:00:00Z
,0.0,1506355200000000000,2017-09-25T16:00:00Z,0.0,,0c56db18-db46-47f0-bb68-9ee1c4c488de,OrderRole.Standalone,OrderType.Market,_default,,PositionEffect.Close,,4864000.0,False,"Risk: Insufficient available position for 002466.SZ at execution. Available: 4863999.9999999997726263245551, Required: 4864000",OrderSide.Sell,OrderStatus.Rejected,002466.SZ,,TimeInForce.GTC,,,,1506441600000000000,2017-09-26T16:00:00Z
8.02197,999070.1822475,1506355200000000000,2017-09-25T16:00:00Z,49816700.0,,fbf9783a-2893-4d76-aa1c-2269f13d45df,OrderRole.Standalone,OrderType.Market,_default,,PositionEffect.Close,,49816700.0,False,,OrderSide.Sell,OrderStatus.Filled,002600.SZ,,TimeInForce.GTC,,,,1506441600000000000,2017-09-26T16:00:00Z
31.3686,1073347.22835,1506355200000000000,2017-09-25T16:00:00Z,13686900.0,,979035b4-fcdb-4b48-81d1-b066ebdd1a31,OrderRole.Standalone,OrderType.Market,_default,,PositionEffect.Close,,13686900.0,False,,OrderSide.Sell,OrderStatus.Filled,600549.SH,,TimeInForce.GTC,,,,1506441600000000000,2017-09-26T16:00:00Z
123.92595,1572496.37955,1506355200000000000,2017-09-25T16:00:00Z,5075600.0,,40b58756-392c-4a62-8ae7-c94775782ee0,OrderRole.Standalone,OrderType.Market,_default,,PositionEffect.Close,,5075600.0,False,,OrderSide.Sell,OrderStatus.Filled,603986.SH,,TimeInForce.GTC,,,,1506441600000000000,2017-09-26T16:00:00Z
11.02101,1140867.402675,1506355200000000000,2017-09-25T16:00:00Z,41407000.0,,290fce3d-c1cd-4513-ba31-b199d90d662a,OrderRole.Standalone,OrderType.Market,_default,,PositionEffect.Open,,41407000.0,False,,OrderSide.Buy,OrderStatus.Filled,000001.SZ,,TimeInForce.GTC,,,,1506441600000000000,2017-09-26T16:00:00Z
27.027,1155282.6285,1506355200000000000,2017-09-25T16:00:00Z,17098200.0,,2844123b-2bff-4c59-91d0-8510ce892642,OrderRole.Standalone,OrderType.Market,_default,,PositionEffect.Open,,17098200.0,False,,OrderSide.Buy,OrderStatus.Filled,000002.SZ,,TimeInForce.GTC,,,,1506441600000000000,2017-09-26T16:00:00Z
87.99791,1142784.858215,1506355200000000000,2017-09-25T16:00:00Z,5194600.0,,766e10c1-db53-4c58-b58b-911310576ce9,OrderRole.Standalone,OrderType.Market,_default,,PositionEffect.Open,,5194600.0,False,,OrderSide.Buy,OrderStatus.Filled,000538.SZ,,TimeInForce.GTC,,,,1506441600000000000,2017-09-26T16:00:00Z
56.64659,1141981.0927525,1506355200000000000,2017-09-25T16:00:00Z,8063900.0,,ffa4dca5-1b42-40d8-919b-011387a9410a,OrderRole.Standalone,OrderType.Market,_default,,PositionEffect.Open,,8063900.0,False,,OrderSide.Buy,OrderStatus.Filled,000568.SZ,,TimeInForce.GTC,,,,1506441600000000000,2017-09-26T16:00:00Z
38.51848,1147398.11186,1506355200000000000,2017-09-25T16:00:00Z,11915300.0,,937028fe-deee-4c5f-9ee6-d7e6846e4bf4,OrderRole.Standalone,OrderType.Market,_default,,PositionEffect.Open,,11915300.0,False,,OrderSide.Buy,OrderStatus.Filled,000651.SZ,,TimeInForce.GTC,,,,1506441600000000000,2017-09-26T16:00:00Z
58.8588,1159194.6366,1506355200000000000,2017-09-25T16:00:00Z,7877800.0,,99613691-9d50-4866-9a0f-0b072749748e,OrderRole.Standalone,OrderType.Market,_default,,PositionEffect.Open,,7877800.0,False,,OrderSide.Buy,OrderStatus.Filled,600276.SH,,TimeInForce.GTC,,,,1506441600000000000,2017-09-26T16:00:00Z
40.49045,1145859.489775,1506355200000000000,2017-09-25T16:00:00Z,11319800.0,,f2745734-3d26-4f1b-a41f-5e71ee045bd1,OrderRole.Standalone,OrderType.Market,_default,,PositionEffect.Open,,11319800.0,False,,OrderSide.Buy,OrderStatus.Filled,600309.SH,,TimeInForce.GTC,,,,1506441600000000000,2017-09-26T16:00:00Z
509.42892,1144177.35432,1506355200000000000,2017-09-25T16:00:00Z,898400.0,,5d90d1e1-907d-481e-9d78-0c36a50eca54,OrderRole.Standalone,OrderType.Market,_default,,PositionEffect.Open,,898400.0,False,,OrderSide.Buy,OrderStatus.Filled,600519.SH,,TimeInForce.GTC,,,,1506441600000000000,2017-09-26T16:00:00Z
25.08506,1147760.649035,1506355200000000000,2017-09-25T16:00:00Z,18301900.0,,b6a56a87-2f9c-4356-b66b-8580a70aa687,OrderRole.Standalone,OrderType.Market,_default,,PositionEffect.Open,,18301900.0,False,,OrderSide.Buy,OrderStatus.Filled,600660.SH,,TimeInForce.GTC,,,,1506441600000000000,2017-09-26T16:00:00Z
25.55553,1133029.97808,1506355200000000000,2017-09-25T16:00:00Z,17734400.0,,1d3a2092-32d9-4c17-aab9-c11537743c11,OrderRole.Standalone,OrderType.Market,_default,,PositionEffect.Open,,17734400.0,False,,OrderSide.Buy,OrderStatus.Filled,600887.SH,,TimeInForce.GTC,,,,1506441600000000000,2017-09-26T16:00:00Z
104.73516,110600.32896,1509379200000000000,2017-10-30T16:00:00Z,422400.0,,f88f6742-b6ae-458c-8769-b0da9abc73cf,OrderRole.Standalone,OrderType.Market,_default,,PositionEffect.Close,,422400.0,False,,OrderSide.Sell,OrderStatus.Filled,000538.SZ,,TimeInForce.GTC,,,,1509465600000000000,2017-10-31T16:00:00Z
42.5574,16703.7795,1509379200000000000,2017-10-30T16:00:00Z,157000.0,,c9744fcf-01db-44ce-87fb-9e2addf8e547,OrderRole.Standalone,OrderType.Market,_default,,PositionEffect.Close,,157000.0,False,,OrderSide.Sell,OrderStatus.Filled,000651.SZ,,TimeInForce.GTC,,,,1509465600000000000,2017-10-31T16:00:00Z
,0.0,1509379200000000000,2017-10-30T16:00:00Z,0.0,,3aa41af3-62ab-4f49-a309-0d345f19d65e,OrderRole.Standalone,OrderType.Market,_default,,PositionEffect.Close,,4864000.0,False,"Risk: Insufficient available position for 002466.SZ at execution. Available: 4863999.9999999997726263245551, Required: 4864000",OrderSide.Sell,OrderStatus.Rejected,002466.SZ,,TimeInForce.GTC,,,,1509465600000000000,2017-10-31T16:00:00Z
67.5324,73593.4329,1509379200000000000,2017-10-30T16:00:00Z,435900.0,,82842438-8190-45bb-ad9c-48f1e1fda62b,OrderRole.Standalone,OrderType.Market,_default,,PositionEffect.Close,,435900.0,False,,OrderSide.Sell,OrderStatus.Filled,600276.SH,,TimeInForce.GTC,,,,1509465600000000000,2017-10-31T16:00:00Z
620.25912,137697.52464,1509379200000000000,2017-10-30T16:00:00Z,88800.0,,8f065ccf-9b5a-42e1-ad08-b1f4193e9d81,OrderRole.Standalone,OrderType.Market,_default,,PositionEffect.Close,,88800.0,False,,OrderSide.Sell,OrderStatus.Filled,600519.SH,,TimeInForce.GTC,,,,1509465600000000000,2017-10-31T16:00:00Z
29.53044,59297.12352,1509379200000000000,2017-10-30T16:00:00Z,803200.0,,864919cf-c78a-4c7d-b166-d1e14499becb,OrderRole.Standalone,OrderType.Market,_default,,PositionEffect.Close,,803200.0,False,,OrderSide.Sell,OrderStatus.Filled,600887.SH,,TimeInForce.GTC,,,,1509465600000000000,2017-10-31T16:00:00Z
37.16713,201910.433725,1509379200000000000,2017-10-30T16:00:00Z,2173000.0,,e0c60889-d3a1-41c7-bcb8-b611c3ec0fba,OrderRole.Standalone,OrderType.Market,_default,,PositionEffect.Open,,2173000.0,False,,OrderSide.Buy,OrderStatus.Filled,600309.SH,,TimeInForce.GTC,,,,1509465600000000000,2017-10-31T16:00:00Z
11.57156,56347.71142,1509379200000000000,2017-10-30T16:00:00Z,1947800.0,,c4928922-dd44-4e55-a16b-dba3b91b331d,OrderRole.Standalone,OrderType.Market,_default,,PositionEffect.Open,,1947800.0,False,,OrderSide.Buy,OrderStatus.Filled,000001.SZ,,TimeInForce.GTC,,,,1509465600000000000,2017-10-31T16:00:00Z
61.061,23523.75025,1509379200000000000,2017-10-30T16:00:00Z,154100.0,,b0bd4041-5255-4e16-9e7d-e743b939dd02,OrderRole.Standalone,OrderType.Market,_default,,PositionEffect.Open,,154100.0,False,,OrderSide.Buy,OrderStatus.Filled,000568.SZ,,TimeInForce.GTC,,,,1509465600000000000,2017-10-31T16:00:00Z
28.98896,12885.59272,1509379200000000000,2017-10-30T16:00:00Z,177800.0,,88e0a11d-8236-449f-a98a-671a2b18ae4d,OrderRole.Standalone,OrderType.Market,_default,,PositionEffect.Open,,177800.0,False,,OrderSide.Buy,OrderStatus.Filled,000002.SZ,,TimeInForce.GTC,,,,1509465600000000000,2017-10-31T16:00:00Z
27.15713,9925.931015,1509379200000000000,2017-10-30T16:00:00Z,146200.0,,1cd1d7dc-f0dc-48e2-bafa-fed47c8d44ba,OrderRole.Standalone,OrderType.Market,_default,,PositionEffect.Open,,146200.0,False,,OrderSide.Buy,OrderStatus.Filled,600660.SH,,TimeInForce.GTC,,,,1509465600000000000,2017-10-31T16:00:00Z
11.34864,1230045.04368,1509465600000000000,2017-10-31T16:00:00Z,43354800.0,,af7fc159-d731-4a89-9917-ff95904ed141,OrderRole.Standalone,OrderType.Market,_default,,PositionEffect.Close,,43354800.0,False,,OrderSide.Sell,OrderStatus.Filled,000001.SZ,,TimeInForce.GTC,,,,1509552000000000000,2017-11-01T16:00:00Z
29.2707,1264201.533,1509465600000000000,2017-10-31T16:00:00Z,17276000.0,,4abf1f17-e5a3-4593-9d9a-944166bf5527,OrderRole.Standalone,OrderType.Market,_default,,PositionEffect.Close,,17276000.0,False,,OrderSide.Sell,OrderStatus.Filled,000002.SZ,,TimeInForce.GTC,,,,1509552000000000000,2017-11-01T16:00:00Z
102.83706,1226897.54433,1509465600000000000,2017-10-31T16:00:00Z,4772200.0,,ee8e0b66-e4e4-4b74-bedf-7abd44ca467b,OrderRole.Standalone,OrderType.Market,_default,,PositionEffect.Close,,4772200.0,False,,OrderSide.Sell,OrderStatus.Filled,000538.SZ,,TimeInForce.GTC,,,,1509552000000000000,2017-11-01T16:00:00Z
63.0369,1295093.1105,1509465600000000000,2017-10-31T16:00:00Z,8218000.0,,b3dbc449-9114-4c64-a5bd-15e92867a314,OrderRole.Standalone,OrderType.Market,_default,,PositionEffect.Close,,8218000.0,False,,OrderSide.Sell,OrderStatus.Filled,000568.SZ,,TimeInForce.GTC,,,,1509552000000000000,2017-11-01T16:00:00Z
41.77818,1228100.934735,1509465600000000000,2017-10-31T16:00:00Z,11758300.0,,c6ad8a99-02be-42f6-b958-86711afdaab3,OrderRole.Standalone,OrderType.Market,_default,,PositionEffect.Close,,11758300.0,False,,OrderSide.Sell,OrderStatus.Filled,000651.SZ,,TimeInForce.GTC,,,,1509552000000000000,2017-11-01T16:00:00Z
68.51142,1274637.841245,1509465600000000000,2017-10-31T16:00:00Z,7441900.0,,d6360d86-d518-412a-91cd-7ba6216e6c7c,OrderRole.Standalone,OrderType.Market,_default,,PositionEffect.Close,,7441900.0,False,,OrderSide.Sell,OrderStatus.Filled,600276.SH,,TimeInForce.GTC,,,,1509552000000000000,2017-11-01T16:00:00Z
37.11285,1251890.6562,1509465600000000000,2017-10-31T16:00:00Z,13492800.0,,9e5bd508-d3e6-4a62-83fc-a95c04ab090f,OrderRole.Standalone,OrderType.Market,_default,,PositionEffect.Close,,13492800.0,False,,OrderSide.Sell,OrderStatus.Filled,600309.SH,,TimeInForce.GTC,,,,1509552000000000000,2017-11-01T16:00:00Z
626.32305,1267677.8532,1509465600000000000,2017-10-31T16:00:00Z,809600.0,,d1150a4c-f7e4-43a6-995b-0f6803702257,OrderRole.Standalone,OrderType.Market,_default,,PositionEffect.Close,,809600.0,False,,OrderSide.Sell,OrderStatus.Filled,600519.SH,,TimeInForce.GTC,,,,1509552000000000000,2017-11-01T16:00:00Z
27.03294,1246765.951035,1509465600000000000,2017-10-31T16:00:00Z,18448100.0,,a6ab3e1a-99e3-428c-96ea-55e88e5806d7,OrderRole.Standalone,OrderType.Market,_default,,PositionEffect.Close,,18448100.0,False,,OrderSide.Sell,OrderStatus.Filled,600660.SH,,TimeInForce.GTC,,,,1509552000000000000,2017-11-01T16:00:00Z
28.32165,1198798.8012,1509465600000000000,2017-10-31T16:00:00Z,16931200.0,,4461d4d8-650b-454d-8551-6ca07ea7e7df,OrderRole.Standalone,OrderType.Market,_default,,PositionEffect.Close,,16931200.0,False,,OrderSide.Sell,OrderStatus.Filled,600887.SH,,TimeInForce.GTC,,,,1509552000000000000,2017-11-01T16:00:00Z
,0.0,1511798400000000000,2017-11-27T16:00:00Z,0.0,,0345ad83-ec1d-44bb-981c-45988aa89316,OrderRole.Standalone,OrderType.Market,_default,,PositionEffect.Close,,4864000.0,False,"Risk: Insufficient available position for 002466.SZ at execution. Available: 4863999.9999999997726263245551, Required: 4864000",OrderSide.Sell,OrderStatus.Rejected,002466.SZ,,TimeInForce.GTC,,,,1511884800000000000,2017-11-28T16:00:00Z
34.50447,1211840.1169875,1511798400000000000,2017-11-27T16:00:00Z,14048500.0,,34425f7f-809b-49b6-9228-9a26a25bdcbb,OrderRole.Standalone,OrderType.Market,_default,,PositionEffect.Open,,14048500.0,False,,OrderSide.Buy,OrderStatus.Filled,002625.SZ,,TimeInForce.GTC,,,,1511884800000000000,2017-11-28T16:00:00Z
27.25723,1205069.39553,1511798400000000000,2017-11-27T16:00:00Z,17684400.0,,b8e85ac5-6eff-4ffc-a31c-7c215ffe115a,OrderRole.Standalone,OrderType.Market,_default,,PositionEffect.Open,,17684400.0,False,,OrderSide.Buy,OrderStatus.Filled,002837.SZ,,TimeInForce.GTC,,,,1511884800000000000,2017-11-28T16:00:00Z
38.00797,1296746.4184675,1511798400000000000,2017-11-27T16:00:00Z,13647100.0,,06ab09e5-c4d4-4746-96b6-18a3d868e34c,OrderRole.Standalone,OrderType.Market,_default,,PositionEffect.Open,,13647100.0,False,,OrderSide.Buy,OrderStatus.Filled,300223.SZ,,TimeInForce.GTC,,,,1511884800000000000,2017-11-28T16:00:00Z
26.1261,1210768.383825,1511798400000000000,2017-11-27T16:00:00Z,18537300.0,,5701c1be-bccb-4680-9e34-1b7f2a998d70,OrderRole.Standalone,OrderType.Market,_default,,PositionEffect.Open,,18537300.0,False,,OrderSide.Buy,OrderStatus.Filled,300413.SZ,,TimeInForce.GTC,,,,1511884800000000000,2017-11-28T16:00:00Z
11.64163,1232240.3418325,1511798400000000000,2017-11-27T16:00:00Z,42339100.0,,9c9a3f1a-2cf9-4d20-82b6-059217823908,OrderRole.Standalone,OrderType.Market,_default,,PositionEffect.Open,,42339100.0,False,,OrderSide.Buy,OrderStatus.Filled,600460.SH,,TimeInForce.GTC,,,,1511884800000000000,2017-11-28T16:00:00Z
44.49445,1354266.4510375,1511798400000000000,2017-11-27T16:00:00Z,12174700.0,,3d173afb-e095-4f91-953d-c2cdf4a49b89,OrderRole.Standalone,OrderType.Market,_default,,PositionEffect.Open,,12174700.0,False,,OrderSide.Buy,OrderStatus.Filled,601360.SH,,TimeInForce.GTC,,,,1511884800000000000,2017-11-28T16:00:00Z
58.49844,1228862.10447,1511798400000000000,2017-11-27T16:00:00Z,8402700.0,,d5dc46a2-3d40-4624-8c60-ad55a509df7e,OrderRole.Standalone,OrderType.Market,_default,,PositionEffect.Open,,8402700.0,False,,OrderSide.Buy,OrderStatus.Filled,603260.SH,,TimeInForce.GTC,,,,1511884800000000000,2017-11-28T16:00:00Z
9.7097,1227383.7576,1511798400000000000,2017-11-27T16:00:00Z,50563200.0,,baaa2606-afee-4dbe-aeed-96ea9685791d,OrderRole.Standalone,OrderType.Market,_default,,PositionEffect.Open,,50563200.0,False,,OrderSide.Buy,OrderStatus.Filled,000983.SZ,,TimeInForce.GTC,,,,1511884800000000000,2017-11-28T16:00:00Z
37.08705,1235842.4953875,1511798400000000000,2017-11-27T16:00:00Z,13329100.0,,d44c4e72-6a93-4a2f-ae1b-90078e60b773,OrderRole.Standalone,OrderType.Market,_default,,PositionEffect.Open,,13329100.0,False,,OrderSide.Buy,OrderStatus.Filled,002001.SZ,,TimeInForce.GTC,,,,1511884800000000000,2017-11-28T16:00:00Z
36.75672,1217253.91788,1511798400000000000,2017-11-27T16:00:00Z,13246600.0,,ab8e4f27-0ccc-49d9-a84e-11b5312bcf06,OrderRole.Standalone,OrderType.Market,_default,,PositionEffect.Open,,13246600.0,False,,OrderSide.Buy,OrderStatus.Filled,002371.SZ,,TimeInForce.GTC,,,,1511884800000000000,2017-11-28T16:00:00Z
9.38061,1185784.14888,1514217600000000000,2017-12-25T16:00:00Z,50563200.0,,6176c3ff-47c6-4cef-abc2-54ec1c193f3d,OrderRole.Standalone,OrderType.Market,_default,,PositionEffect.Close,,50563200.0,False,,OrderSide.Sell,OrderStatus.Filled,000983.SZ,,TimeInForce.GTC,,,,1514304000000000000,2017-12-26T16:00:00Z
39.29067,1309273.1737425,1514217600000000000,2017-12-25T16:00:00Z,13329100.0,,48605225-5ed6-4a06-ae0d-08850de0080f,OrderRole.Standalone,OrderType.Market,_default,,PositionEffect.Close,,13329100.0,False,,OrderSide.Sell,OrderStatus.Filled,002001.SZ,,TimeInForce.GTC,,,,1514304000000000000,2017-12-26T16:00:00Z
40.1598,1329952.0167,1514217600000000000,2017-12-25T16:00:00Z,13246600.0,,3cd5ecde-5ea3-4e70-be0e-70595b5830e1,OrderRole.Standalone,OrderType.Market,_default,,PositionEffect.Close,,13246600.0,False,,OrderSide.Sell,OrderStatus.Filled,002371.SZ,,TimeInForce.GTC,,,,1514304000000000000,2017-12-26T16:00:00Z
51.93801,694722.82176,1514217600000000000,2017-12-25T16:00:00Z,5350400.0,,9b5f9c01-de4e-488d-84ef-b3ec37200def,OrderRole.Standalone,OrderType.Market,_default,,PositionEffect.Close,,5350400.0,False,,OrderSide.Sell,OrderStatus.Filled,002466.SZ,,TimeInForce.GTC,,,,1514304000000000000,2017-12-26T16:00:00Z
19.66032,869202.40752,1514217600000000000,2017-12-25T16:00:00Z,17684400.0,,57bcc9f3-8bc9-46f4-9a59-82239de0ec5a,OrderRole.Standalone,OrderType.Market,_default,,PositionEffect.Close,,17684400.0,False,,OrderSide.Sell,OrderStatus.Filled,002837.SZ,,TimeInForce.GTC,,,,1514304000000000000,2017-12-26T16:00:00Z
32.5674,1111126.41135,1514217600000000000,2017-12-25T16:00:00Z,13647100.0,,5a758fb2-1939-43b5-9982-f8807ec6b060,OrderRole.Standalone,OrderType.Market,_default,,PositionEffect.Close,,13647100.0,False,,OrderSide.Sell,OrderStatus.Filled,300223.SZ,,TimeInForce.GTC,,,,1514304000000000000,2017-12-26T16:00:00Z
30.83913,1429185.5113725,1514217600000000000,2017-12-25T16:00:00Z,18537300.0,,3f99e150-49da-4f87-993d-1ec57d0cd548,OrderRole.Standalone,OrderType.Market,_default,,PositionEffect.Close,,18537300.0,False,,OrderSide.Sell,OrderStatus.Filled,300413.SZ,,TimeInForce.GTC,,,,1514304000000000000,2017-12-26T16:00:00Z
15.16482,1605162.076155,1514217600000000000,2017-12-25T16:00:00Z,42339100.0,,bddb4b13-96b7-4ddb-94b6-72f03023f8aa,OrderRole.Standalone,OrderType.Market,_default,,PositionEffect.Close,,42339100.0,False,,OrderSide.Sell,OrderStatus.Filled,600460.SH,,TimeInForce.GTC,,,,1514304000000000000,2017-12-26T16:00:00Z
56.5434,1187793.06795,1514217600000000000,2017-12-25T16:00:00Z,8402700.0,,01bd6dd5-659a-40b9-8421-a7034405f749,OrderRole.Standalone,OrderType.Market,_default,,PositionEffect.Close,,8402700.0,False,,OrderSide.Sell,OrderStatus.Filled,603260.SH,,TimeInForce.GTC,,,,1514304000000000000,2017-12-26T16:00:00Z
,0.0,1514217600000000000,2017-12-25T16:00:00Z,0.0,,857a5106-4058-48db-b29a-1e8961602e4d,OrderRole.Standalone,OrderType.Market,_default,,PositionEffect.Close,,12174700.0,False,"Symbol 601360.SH not tradable (zero volume, suspension) at execution timestamp 1514304000000000000",OrderSide.Sell,OrderStatus.Rejected,601360.SH,,TimeInForce.GTC,,,,1514304000000000000,2017-12-26T16:00:00Z
,0.0,1514217600000000000,2017-12-25T16:00:00Z,0.0,,db883799-c20c-4695-91aa-f6e46d88bcc2,OrderRole.Standalone,OrderType.Market,_default,,PositionEffect.Close,,14048500.0,False,"Symbol 002625.SZ not tradable (zero volume, suspension) at execution timestamp 1514304000000000000",OrderSide.Sell,OrderStatus.Rejected,002625.SZ,,TimeInForce.GTC,,,,1514304000000000000,2017-12-26T16:00:00Z
13.59358,1221396.75658,1514217600000000000,2017-12-25T16:00:00Z,35940400.0,,5af1ca58-435f-4940-a4b3-fc95c7a3ea15,OrderRole.Standalone,OrderType.Market,_default,,PositionEffect.Open,,35940400.0,False,,OrderSide.Buy,OrderStatus.Filled,000001.SZ,,TimeInForce.GTC,,,,1514304000000000000,2017-12-26T16:00:00Z
30.58055,1230607.202825,1514217600000000000,2017-12-25T16:00:00Z,16096600.0,,f2a60c69-9bc7-4599-9cd1-4a2f5fa30065,OrderRole.Standalone,OrderType.Market,_default,,PositionEffect.Open,,16096600.0,False,,OrderSide.Buy,OrderStatus.Filled,000002.SZ,,TimeInForce.GTC,,,,1514304000000000000,2017-12-26T16:00:00Z
103.05295,1230374.9332875,1514217600000000000,2017-12-25T16:00:00Z,4775700.0,,c50f2b91-8d7b-4186-8e2e-ad356e5d83c2,OrderRole.Standalone,OrderType.Market,_default,,PositionEffect.Open,,4775700.0,False,,OrderSide.Buy,OrderStatus.Filled,000538.SZ,,TimeInForce.GTC,,,,1514304000000000000,2017-12-26T16:00:00Z
65.34528,1227462.07584,1514217600000000000,2017-12-25T16:00:00Z,7513700.0,,156169c6-2e33-427b-a29b-c9b55ac925cd,OrderRole.Standalone,OrderType.Market,_default,,PositionEffect.Open,,7513700.0,False,,OrderSide.Buy,OrderStatus.Filled,000568.SZ,,TimeInForce.GTC,,,,1514304000000000000,2017-12-26T16:00:00Z
44.77473,1230510.3235425,1514217600000000000,2017-12-25T16:00:00Z,10992900.0,,fcf675b1-fd8b-458d-87b6-11ce7e6df723,OrderRole.Standalone,OrderType.Market,_default,,PositionEffect.Open,,10992900.0,False,,OrderSide.Buy,OrderStatus.Filled,000651.SZ,,TimeInForce.GTC,,,,1514304000000000000,2017-12-26T16:00:00Z
79.32925,1225180.7693125,1514217600000000000,2017-12-25T16:00:00Z,6177700.0,,c3d64ace-33ea-4e13-b5d1-6d918aaf2d35,OrderRole.Standalone,OrderType.Market,_default,,PositionEffect.Open,,6177700.0,False,,OrderSide.Buy,OrderStatus.Filled,000858.SZ,,TimeInForce.GTC,,,,1514304000000000000,2017-12-26T16:00:00Z
70.95088,1231547.63732,1514217600000000000,2017-12-25T16:00:00Z,6943100.0,,96fed150-98c7-45a3-8c87-69c09c405d90,OrderRole.Standalone,OrderType.Market,_default,,PositionEffect.Open,,6943100.0,False,,OrderSide.Buy,OrderStatus.Filled,600276.SH,,TimeInForce.GTC,,,,1514304000000000000,2017-12-26T16:00:00Z
685.54486,1235865.996365,1514217600000000000,2017-12-25T16:00:00Z,721100.0,,79146f4f-5c01-46a7-94d9-e6f1b6481355,OrderRole.Standalone,OrderType.Market,_default,,PositionEffect.Open,,721100.0,False,,OrderSide.Buy,OrderStatus.Filled,600519.SH,,TimeInForce.GTC,,,,1514304000000000000,2017-12-26T16:00:00Z
29.029,1222266.045,1514217600000000000,2017-12-25T16:00:00Z,16842000.0,,405b901b-6e2d-4a5e-bd34-0e5eba77d943,OrderRole.Standalone,OrderType.Market,_default,,PositionEffect.Open,,16842000.0,False,,OrderSide.Buy,OrderStatus.Filled,600660.SH,,TimeInForce.GTC,,,,1514304000000000000,2017-12-26T16:00:00Z
,0.0,1514217600000000000,2017-12-25T16:00:00Z,0.0,,8bf6fbf6-b9c1-49e5-8aad-af19211147ac,OrderRole.Standalone,OrderType.Market,_default,,PositionEffect.Open,,15162000.0,False,"Risk: Insufficient margin at execution. Required: 488252716.4014500000000000000, Available: 35514140.6224245072245651098",OrderSide.Buy,OrderStatus.Rejected,600887.SH,,TimeInForce.GTC,,,,1514304000000000000,2017-12-26T16:00:00Z
14.43555,1297048.60305,1516723200000000000,2018-01-23T16:00:00Z,35940400.0,,32ecb834-09e4-468b-b953-95a869fb0cfd,OrderRole.Standalone,OrderType.Market,_default,,PositionEffect.Close,,35940400.0,False,,OrderSide.Sell,OrderStatus.Filled,000001.SZ,,TimeInForce.GTC,,,,1516809600000000000,2018-01-24T16:00:00Z
41.07888,1653075.74952,1516723200000000000,2018-01-23T16:00:00Z,16096600.0,,03730599-7513-4000-868c-95fee1359239,OrderRole.Standalone,OrderType.Market,_default,,PositionEffect.Close,,16096600.0,False,,OrderSide.Sell,OrderStatus.Filled,000002.SZ,,TimeInForce.GTC,,,,1516809600000000000,2018-01-24T16:00:00Z
103.40649,1234595.9357325,1516723200000000000,2018-01-23T16:00:00Z,4775700.0,,bdf005fc-cdd1-43b9-9a34-db524cd219ec,OrderRole.Standalone,OrderType.Market,_default,,PositionEffect.Close,,4775700.0,False,,OrderSide.Sell,OrderStatus.Filled,000538.SZ,,TimeInForce.GTC,,,,1516809600000000000,2018-01-24T16:00:00Z
68.65128,1289562.80634,1516723200000000000,2018-01-23T16:00:00Z,7513700.0,,97313aa3-2050-4003-a357-31b96752527a,OrderRole.Standalone,OrderType.Market,_default,,PositionEffect.Close,,7513700.0,False,,OrderSide.Sell,OrderStatus.Filled,000568.SZ,,TimeInForce.GTC,,,,1516809600000000000,2018-01-24T16:00:00Z
55.39455,1522366.8717375,1516723200000000000,2018-01-23T16:00:00Z,10992900.0,,4d5745d2-ce8c-46ec-9f9c-c3bb5749fc44,OrderRole.Standalone,OrderType.Market,_default,,PositionEffect.Close,,10992900.0,False,,OrderSide.Sell,OrderStatus.Filled,000651.SZ,,TimeInForce.GTC,,,,1516809600000000000,2018-01-24T16:00:00Z
86.5134,1336134.57795,1516723200000000000,2018-01-23T16:00:00Z,6177700.0,,85328304-6fd1-4886-90ea-0a4f2a4b9f63,OrderRole.Standalone,OrderType.Market,_default,,PositionEffect.Close,,6177700.0,False,,OrderSide.Sell,OrderStatus.Filled,000858.SZ,,TimeInForce.GTC,,,,1516809600000000000,2018-01-24T16:00:00Z
24.70527,867679.9639875,1516723200000000000,2018-01-23T16:00:00Z,14048500.0,,5e5f2dae-f79e-46cb-9654-6e016488787a,OrderRole.Standalone,OrderType.Market,_default,,PositionEffect.Close,,14048500.0,False,,OrderSide.Sell,OrderStatus.Filled,002625.SZ,,TimeInForce.GTC,,,,1516809600000000000,2018-01-24T16:00:00Z
78.60132,1364342.06223,1516723200000000000,2018-01-23T16:00:00Z,6943100.0,,043e8484-dcf8-471e-bc7c-131b3cbedcfa,OrderRole.Standalone,OrderType.Market,_default,,PositionEffect.Close,,6943100.0,False,,OrderSide.Sell,OrderStatus.Filled,600276.SH,,TimeInForce.GTC,,,,1516809600000000000,2018-01-24T16:00:00Z
760.239,1370520.85725,1516723200000000000,2018-01-23T16:00:00Z,721100.0,,88bddd64-a2bc-4894-8faa-eb9240c50b1f,OrderRole.Standalone,OrderType.Market,_default,,PositionEffect.Close,,721100.0,False,,OrderSide.Sell,OrderStatus.Filled,600519.SH,,TimeInForce.GTC,,,,1516809600000000000,2018-01-24T16:00:00Z
28.16181,1185753.01005,1516723200000000000,2018-01-23T16:00:00Z,16842000.0,,8ee39b80-0d5e-43a6-9dea-861027f58809,OrderRole.Standalone,OrderType.Market,_default,,PositionEffect.Close,,16842000.0,False,,OrderSide.Sell,OrderStatus.Filled,600660.SH,,TimeInForce.GTC,,,,1516809600000000000,2018-01-24T16:00:00Z
46.8531,1426056.091425,1516723200000000000,2018-01-23T16:00:00Z,12174700.0,,2f74812a-8aa2-4e8e-aede-1c95cfe456e6,OrderRole.Standalone,OrderType.Market,_default,,PositionEffect.Close,,12174700.0,False,,OrderSide.Sell,OrderStatus.Filled,601360.SH,,TimeInForce.GTC,,,,1516809600000000000,2018-01-24T16:00:00Z
4.77477,1879894.9894725,1516723200000000000,2018-01-23T16:00:00Z,157485700.0,,bd259648-195e-44fd-acd4-0f34f64131d2,OrderRole.Standalone,OrderType.Market,_default,,PositionEffect.Open,,157485700.0,False,,OrderSide.Buy,OrderStatus.Filled,601818.SH,,TimeInForce.GTC,,,,1516809600000000000,2018-01-24T16:00:00Z
4.66466,1879617.75001,1516723200000000000,2018-01-23T16:00:00Z,161179400.0,,0d1e861a-0569-4e35-8466-ca6bac8c4b34,OrderRole.Standalone,OrderType.Market,_default,,PositionEffect.Open,,161179400.0,False,,OrderSide.Buy,OrderStatus.Filled,601988.SH,,TimeInForce.GTC,,,,1516809600000000000,2018-01-24T16:00:00Z
13.55354,1887537.136485,1516723200000000000,2018-01-23T16:00:00Z,55706100.0,,1b7f73c4-0684-4060-b051-d6efecd57c20,OrderRole.Standalone,OrderType.Market,_default,,PositionEffect.Open,,55706100.0,False,,OrderSide.Buy,OrderStatus.Filled,600000.SH,,TimeInForce.GTC,,,,1516809600000000000,2018-01-24T16:00:00Z
7.42742,1917561.160515,1516723200000000000,2018-01-23T16:00:00Z,103269300.0,,4672fb7c-d914-4358-b240-9eedb2aee9a3,OrderRole.Standalone,OrderType.Market,_default,,PositionEffect.Open,,103269300.0,False,,OrderSide.Buy,OrderStatus.Filled,600028.SH,,TimeInForce.GTC,,,,1516809600000000000,2018-01-24T16:00:00Z
18.6186,1883615.8341,1516723200000000000,2018-01-23T16:00:00Z,40467400.0,,65194226-2d3c-4513-b4df-74944bb1c02d,OrderRole.Standalone,OrderType.Market,_default,,PositionEffect.Open,,40467400.0,False,,OrderSide.Buy,OrderStatus.Filled,601166.SH,,TimeInForce.GTC,,,,1516809600000000000,2018-01-24T16:00:00Z
4.52452,1887542.64699,1516723200000000000,2018-01-23T16:00:00Z,166872300.0,,db42b091-a1b8-43de-bc6c-b8fb06fe89ec,OrderRole.Standalone,OrderType.Market,_default,,PositionEffect.Open,,166872300.0,False,,OrderSide.Buy,OrderStatus.Filled,601288.SH,,TimeInForce.GTC,,,,1516809600000000000,2018-01-24T16:00:00Z
6.99699,1878282.491085,1516723200000000000,2018-01-23T16:00:00Z,107376600.0,,aa39451d-7709-4b7e-a4a4-5003cba96569,OrderRole.Standalone,OrderType.Market,_default,,PositionEffect.Open,,107376600.0,False,,OrderSide.Buy,OrderStatus.Filled,601328.SH,,TimeInForce.GTC,,,,1516809600000000000,2018-01-24T16:00:00Z
12.3876,1725162.2109,1519747200000000000,2018-02-27T16:00:00Z,55706100.0,,ca0cbfd4-340e-4bbd-b340-84c37714fdaa,OrderRole.Standalone,OrderType.Market,_default,,PositionEffect.Close,,55706100.0,False,,OrderSide.Sell,OrderStatus.Filled,600000.SH,,TimeInForce.GTC,,,,1519833600000000000,2018-02-28T16:00:00Z
6.31368,1630023.28506,1519747200000000000,2018-02-27T16:00:00Z,103269300.0,,9e23e31e-5ce1-4236-89ab-64846c0261be,OrderRole.Standalone,OrderType.Market,_default,,PositionEffect.Close,,103269300.0,False,,OrderSide.Sell,OrderStatus.Filled,600028.SH,,TimeInForce.GTC,,,,1519833600000000000,2018-02-28T16:00:00Z
17.75223,1795966.480755,1519747200000000000,2018-02-27T16:00:00Z,40467400.0,,e26e9aa1-0b79-4d33-b0c0-0791c9938bda,OrderRole.Standalone,OrderType.Market,_default,,PositionEffect.Close,,40467400.0,False,,OrderSide.Sell,OrderStatus.Filled,601166.SH,,TimeInForce.GTC,,,,1519833600000000000,2018-02-28T16:00:00Z
4.0959,1708730.633925,1519747200000000000,2018-02-27T16:00:00Z,166872300.0,,5e3c358b-b0fa-42d9-8c88-b3c26ee57576,OrderRole.Standalone,OrderType.Market,_default,,PositionEffect.Close,,166872300.0,False,,OrderSide.Sell,OrderStatus.Filled,601288.SH,,TimeInForce.GTC,,,,1519833600000000000,2018-02-28T16:00:00Z
6.44355,1729716.227325,1519747200000000000,2018-02-27T16:00:00Z,107376600.0,,11c4ee7d-d594-427c-9b14-745ea477636a,OrderRole.Standalone,OrderType.Market,_default,,PositionEffect.Close,,107376600.0,False,,OrderSide.Sell,OrderStatus.Filled,601328.SH,,TimeInForce.GTC,,,,1519833600000000000,2018-02-28T16:00:00Z
4.28571,1687345.0983675,1519747200000000000,2018-02-27T16:00:00Z,157485700.0,,3b953e98-ca78-42b2-936c-90da2bc8508e,OrderRole.Standalone,OrderType.Market,_default,,PositionEffect.Close,,157485700.0,False,,OrderSide.Sell,OrderStatus.Filled,601818.SH,,TimeInForce.GTC,,,,1519833600000000000,2018-02-28T16:00:00Z
4.1958,1690691.3163,1519747200000000000,2018-02-27T16:00:00Z,161179400.0,,d9a579f5-11a0-4557-a5ab-16c02f5b4192,OrderRole.Standalone,OrderType.Market,_default,,PositionEffect.Close,,161179400.0,False,,OrderSide.Sell,OrderStatus.Filled,601988.SH,,TimeInForce.GTC,,,,1519833600000000000,2018-02-28T16:00:00Z
33.88385,2014225.46325,1519747200000000000,2018-02-27T16:00:00Z,23778000.0,,78b992e2-163f-4b23-a2fe-b175981ce478,OrderRole.Standalone,OrderType.Market,_default,,PositionEffect.Open,,23778000.0,False,,OrderSide.Buy,OrderStatus.Filled,603501.SH,,TimeInForce.GTC,,,,1519833600000000000,2018-02-28T16:00:00Z
119.12901,1981502.6055825,1519747200000000000,2018-02-27T16:00:00Z,6653300.0,,2439a839-95e4-4dcc-80ea-81268a6235c0,OrderRole.Standalone,OrderType.Market,_default,,PositionEffect.Open,,6653300.0,False,,OrderSide.Buy,OrderStatus.Filled,603799.SH,,TimeInForce.GTC,,,,1519833600000000000,2018-02-28T16:00:00Z
26.25623,1979352.15478,1519747200000000000,2018-02-27T16:00:00Z,30154400.0,,86ff6df3-1c1c-4835-80f6-13e2607dfb69,OrderRole.Standalone,OrderType.Market,_default,,PositionEffect.Open,,30154400.0,False,,OrderSide.Buy,OrderStatus.Filled,300223.SZ,,TimeInForce.GTC,,,,1519833600000000000,2018-02-28T16:00:00Z
10.12011,2020816.4551575,1519747200000000000,2018-02-27T16:00:00Z,79873300.0,,07427e76-ed71-4de1-9ad4-538c347bfadd,OrderRole.Standalone,OrderType.Market,_default,,PositionEffect.Open,,79873300.0,False,,OrderSide.Buy,OrderStatus.Filled,600438.SH,,TimeInForce.GTC,,,,1519833600000000000,2018-02-28T16:00:00Z
52.7527,1865440.9774,1519747200000000000,2018-02-27T16:00:00Z,14144800.0,,649e6ce3-dbd3-40e5-a3a7-f1147a2e2751,OrderRole.Standalone,OrderType.Market,_default,,PositionEffect.Open,,14144800.0,False,,OrderSide.Buy,OrderStatus.Filled,601360.SH,,TimeInForce.GTC,,,,1519833600000000000,2018-02-28T16:00:00Z
5.45545,1861147.2254375,1519747200000000000,2018-02-27T16:00:00Z,136461500.0,,a4c2f9ce-9a11-45c5-a313-706f7b4e21f4,OrderRole.Standalone,OrderType.Market,_default,,PositionEffect.Open,,136461500.0,False,,OrderSide.Buy,OrderStatus.Filled,601600.SH,,TimeInForce.GTC,,,,1519833600000000000,2018-02-28T16:00:00Z
27.3726,2063510.8236,1522166400000000000,2018-03-27T16:00:00Z,30154400.0,,3104aabd-545d-442e-8892-f2d80693e766,OrderRole.Standalone,OrderType.Market,_default,,PositionEffect.Close,,30154400.0,False,,OrderSide.Sell,OrderStatus.Filled,300223.SZ,,TimeInForce.GTC,,,,1522252800000000000,2018-03-28T16:00:00Z
10.3896,2074629.0942,1522166400000000000,2018-03-27T16:00:00Z,79873300.0,,6d73431f-3430-444c-9c5a-853e6287d4fc,OrderRole.Standalone,OrderType.Market,_default,,PositionEffect.Close,,79873300.0,False,,OrderSide.Sell,OrderStatus.Filled,600438.SH,,TimeInForce.GTC,,,,1522252800000000000,2018-03-28T16:00:00Z
40.40955,1428962.5071,1522166400000000000,2018-03-27T16:00:00Z,14144800.0,,53da3856-5a94-486c-a382-080703900a8b,OrderRole.Standalone,OrderType.Market,_default,,PositionEffect.Close,,14144800.0,False,,OrderSide.Sell,OrderStatus.Filled,601360.SH,,TimeInForce.GTC,,,,1522252800000000000,2018-03-28T16:00:00Z
4.70529,1605227.3283375,1522166400000000000,2018-03-27T16:00:00Z,136461500.0,,576cbc24-9ad8-4e55-a863-2dfd0b477f0b,OrderRole.Standalone,OrderType.Market,_default,,PositionEffect.Close,,136461500.0,False,,OrderSide.Sell,OrderStatus.Filled,601600.SH,,TimeInForce.GTC,,,,1522252800000000000,2018-03-28T16:00:00Z
40.29966,2395613.2887,1522166400000000000,2018-03-27T16:00:00Z,23778000.0,,6da6c52f-0b58-4275-afc0-fed9c01cc8fc,OrderRole.Standalone,OrderType.Market,_default,,PositionEffect.Close,,23778000.0,False,,OrderSide.Sell,OrderStatus.Filled,603501.SH,,TimeInForce.GTC,,,,1522252800000000000,2018-03-28T16:00:00Z
119.88,1993994.01,1522166400000000000,2018-03-27T16:00:00Z,6653300.0,,69fb1edb-3d3e-4d96-9707-05e89b6c4e44,OrderRole.Standalone,OrderType.Market,_default,,PositionEffect.Close,,6653300.0,False,,OrderSide.Sell,OrderStatus.Filled,603799.SH,,TimeInForce.GTC,,,,1522252800000000000,2018-03-28T16:00:00Z
36.16613,2313809.5405425,1522166400000000000,2018-03-27T16:00:00Z,25590900.0,,afdff6b2-3429-4222-a7ae-98d843ccd322,OrderRole.Standalone,OrderType.Market,_default,,PositionEffect.Open,,25590900.0,False,,OrderSide.Buy,OrderStatus.Filled,603806.SH,,TimeInForce.GTC,,,,1522252800000000000,2018-03-28T16:00:00Z
30.03,2342347.5075,1522166400000000000,2018-03-27T16:00:00Z,31200100.0,,5cbcb7bf-63ed-4fd1-9890-47518596eff7,OrderRole.Standalone,OrderType.Market,_default,,PositionEffect.Open,,31200100.0,False,,OrderSide.Buy,OrderStatus.Filled,002007.SZ,,TimeInForce.GTC,,,,1522252800000000000,2018-03-28T16:00:00Z
113.99388,2370958.71012,1522166400000000000,2018-03-27T16:00:00Z,8319600.0,,0920d503-e811-4b25-955f-ce3b29de2863,OrderRole.Standalone,OrderType.Market,_default,,PositionEffect.Open,,8319600.0,False,,OrderSide.Buy,OrderStatus.Filled,300661.SZ,,TimeInForce.GTC,,,,1522252800000000000,2018-03-28T16:00:00Z
11.6116,2360191.2334,1522166400000000000,2018-03-27T16:00:00Z,81304600.0,,01023599-2ec4-4af1-afdc-6bc1ba2ebf11,OrderRole.Standalone,OrderType.Market,_default,,PositionEffect.Open,,81304600.0,False,,OrderSide.Buy,OrderStatus.Filled,302132.SZ,,TimeInForce.GTC,,,,1522252800000000000,2018-03-28T16:00:00Z
58.19814,2338270.319385,1522166400000000000,2018-03-27T16:00:00Z,16071100.0,,e53d0679-5541-4e48-903d-590a7852825e,OrderRole.Standalone,OrderType.Market,_default,,PositionEffect.Open,,16071100.0,False,,OrderSide.Buy,OrderStatus.Filled,600570.SH,,TimeInForce.GTC,,,,1522252800000000000,2018-03-28T16:00:00Z
28.7712,2244160.7928,1524758400000000000,2018-04-26T16:00:00Z,31200100.0,,db2abbb5-916c-4e60-9201-129dfd90b30e,OrderRole.Standalone,OrderType.Market,_default,,PositionEffect.Close,,31200100.0,False,,OrderSide.Sell,OrderStatus.Filled,002007.SZ,,TimeInForce.GTC,,,,1525190400000000000,2018-05-01T16:00:00Z
120.42945,2504812.13055,1524758400000000000,2018-04-26T16:00:00Z,8319600.0,,15eeda2d-4278-4578-b938-e47459d59329,OrderRole.Standalone,OrderType.Market,_default,,PositionEffect.Close,,8319600.0,False,,OrderSide.Sell,OrderStatus.Filled,300661.SZ,,TimeInForce.GTC,,,,1525190400000000000,2018-05-01T16:00:00Z
10.79919,2195059.558185,1524758400000000000,2018-04-26T16:00:00Z,81304600.0,,4dd357c6-ebc6-4166-ae30-7ed6f5dbca27,OrderRole.Standalone,OrderType.Market,_default,,PositionEffect.Close,,81304600.0,False,,OrderSide.Sell,OrderStatus.Filled,302132.SZ,,TimeInForce.GTC,,,,1525190400000000000,2018-05-01T16:00:00Z
60.6393,2436350.635575,1524758400000000000,2018-04-26T16:00:00Z,16071100.0,,df420151-e8bd-410d-a287-115179225a20,OrderRole.Standalone,OrderType.Market,_default,,PositionEffect.Close,,16071100.0,False,,OrderSide.Sell,OrderStatus.Filled,600570.SH,,TimeInForce.GTC,,,,1525190400000000000,2018-05-01T16:00:00Z
35.0649,2243355.873525,1524758400000000000,2018-04-26T16:00:00Z,25590900.0,,146abb86-9a76-4ca6-b1e7-7b9a0183a5bf,OrderRole.Standalone,OrderType.Market,_default,,PositionEffect.Close,,25590900.0,False,,OrderSide.Sell,OrderStatus.Filled,603806.SH,,TimeInForce.GTC,,,,1525190400000000000,2018-05-01T16:00:00Z
201.4012,2327140.5157,1524758400000000000,2018-04-26T16:00:00Z,4621900.0,,468a80df-39d4-4b83-919e-44ac4f378856,OrderRole.Standalone,OrderType.Market,_default,,PositionEffect.Open,,4621900.0,False,,OrderSide.Buy,OrderStatus.Filled,000661.SZ,,TimeInForce.GTC,,,,1525190400000000000,2018-05-01T16:00:00Z
17.76775,2401955.4934375,1524758400000000000,2018-04-26T16:00:00Z,54074500.0,,bfdf1acd-0f04-42e0-b0af-ced5555f0088,OrderRole.Standalone,OrderType.Market,_default,,PositionEffect.Open,,54074500.0,False,,OrderSide.Buy,OrderStatus.Filled,002202.SZ,,TimeInForce.GTC,,,,1525190400000000000,2018-05-01T16:00:00Z
12.05204,2336821.25677,1524758400000000000,2018-04-26T16:00:00Z,77557700.0,,7c25fed8-a50c-4a42-8121-ba658d1bade9,OrderRole.Standalone,OrderType.Market,_default,,PositionEffect.Open,,77557700.0,False,,OrderSide.Buy,OrderStatus.Filled,002648.SZ,,TimeInForce.GTC,,,,1525190400000000000,2018-05-01T16:00:00Z
22.01199,2348959.9858725,1524758400000000000,2018-04-26T16:00:00Z,42685100.0,,87673ff1-eda4-4d61-b8de-c4df0b6da0d4,OrderRole.Standalone,OrderType.Market,_default,,PositionEffect.Open,,42685100.0,False,,OrderSide.Buy,OrderStatus.Filled,300142.SZ,,TimeInForce.GTC,,,,1525190400000000000,2018-05-01T16:00:00Z
84.07399,2347177.65282,1524758400000000000,2018-04-26T16:00:00Z,11167200.0,,1d73baec-e315-4a07-ab73-c4e56221823b,OrderRole.Standalone,OrderType.Market,_default,,PositionEffect.Open,,11167200.0,False,,OrderSide.Buy,OrderStatus.Filled,600276.SH,,TimeInForce.GTC,,,,1525190400000000000,2018-05-01T16:00:00Z
209.79,2424071.0025,1527523200000000000,2018-05-28T16:00:00Z,4621900.0,,b40d561f-0f77-4436-86a9-90bc3b3ccb85,OrderRole.Standalone,OrderType.Market,_default,,PositionEffect.Close,,4621900.0,False,,OrderSide.Sell,OrderStatus.Filled,000661.SZ,,TimeInForce.GTC,,,,1527609600000000000,2018-05-29T16:00:00Z
16.04394,2168920.083825,1527523200000000000,2018-05-28T16:00:00Z,54074500.0,,2864e47a-6dc3-40f8-b090-e9b88b9fa873,OrderRole.Standalone,OrderType.Market,_default,,PositionEffect.Close,,54074500.0,False,,OrderSide.Sell,OrderStatus.Filled,002202.SZ,,TimeInForce.GTC,,,,1527609600000000000,2018-05-29T16:00:00Z
13.49649,2616891.8061825,1527523200000000000,2018-05-28T16:00:00Z,77557700.0,,9f4d0534-a3c6-40fe-b79a-ed8b4ddd078c,OrderRole.Standalone,OrderType.Market,_default,,PositionEffect.Close,,77557700.0,False,,OrderSide.Sell,OrderStatus.Filled,002648.SZ,,TimeInForce.GTC,,,,1527609600000000000,2018-05-29T16:00:00Z
24.01596,2562809.13549,1527523200000000000,2018-05-28T16:00:00Z,42685100.0,,86208fb1-9810-449a-b26e-f302fca0b53d,OrderRole.Standalone,OrderType.Market,_default,,PositionEffect.Close,,42685100.0,False,,OrderSide.Sell,OrderStatus.Filled,300142.SZ,,TimeInForce.GTC,,,,1527609600000000000,2018-05-29T16:00:00Z
71.47845,1072230.3588375,1527523200000000000,2018-05-28T16:00:00Z,6000300.0,,fa59d09b-a539-47c6-b24b-8cdd6deb8919,OrderRole.Standalone,OrderType.Market,_default,,PositionEffect.Close,,6000300.0,False,,OrderSide.Sell,OrderStatus.Filled,600276.SH,,TimeInForce.GTC,,,,1527609600000000000,2018-05-29T16:00:00Z
25.8741,6.468525,1527523200000000000,2018-05-28T16:00:00Z,100.0,,e5d7f125-c730-4366-9f7a-658df20455ac,OrderRole.Standalone,OrderType.Market,_default,,PositionEffect.Close,,100.0,False,,OrderSide.Sell,OrderStatus.Filled,600588.SH,,TimeInForce.GTC,,,,1527609600000000000,2018-05-29T16:00:00Z
27.25723,1218111.980085,1527523200000000000,2018-05-28T16:00:00Z,17875800.0,,9227c6fe-2a7e-4020-97fe-753dc11640b2,OrderRole.Standalone,OrderType.Market,_default,,PositionEffect.Open,,17875800.0,False,,OrderSide.Buy,OrderStatus.Filled,600887.SH,,TimeInForce.GTC,,,,1527609600000000000,2018-05-29T16:00:00Z
70.94087,1225805.0279475,1527523200000000000,2018-05-28T16:00:00Z,6911700.0,,5a690625-76a3-42dd-90e7-97bf9473f06e,OrderRole.Standalone,OrderType.Market,_default,,PositionEffect.Open,,6911700.0,False,,OrderSide.Buy,OrderStatus.Filled,603288.SH,,TimeInForce.GTC,,,,1527609600000000000,2018-05-29T16:00:00Z
25.23521,1214974.42066,1527523200000000000,2018-05-28T16:00:00Z,19258400.0,,90c8abb7-7ce5-4408-b398-9f28aef8f3a3,OrderRole.Standalone,OrderType.Market,_default,,PositionEffect.Open,,19258400.0,False,,OrderSide.Buy,OrderStatus.Filled,000002.SZ,,TimeInForce.GTC,,,,1527609600000000000,2018-05-29T16:00:00Z
108.108,1210998.789,1527523200000000000,2018-05-28T16:00:00Z,4480700.0,,13d5e658-c09a-486f-ae51-31e6e2c4b1cf,OrderRole.Standalone,OrderType.Market,_default,,PositionEffect.Open,,4480700.0,False,,OrderSide.Buy,OrderStatus.Filled,000538.SZ,,TimeInForce.GTC,,,,1527609600000000000,2018-05-29T16:00:00Z
67.067,1225347.6235,1527523200000000000,2018-05-28T16:00:00Z,7308200.0,,4971d66a-a17f-4d67-ac77-3b4f9c685b2c,OrderRole.Standalone,OrderType.Market,_default,,PositionEffect.Open,,7308200.0,False,,OrderSide.Buy,OrderStatus.Filled,000568.SZ,,TimeInForce.GTC,,,,1527609600000000000,2018-05-29T16:00:00Z
45.52548,1217965.92918,1527523200000000000,2018-05-28T16:00:00Z,10701400.0,,5c9322ee-3112-47a9-8990-852eff932416,OrderRole.Standalone,OrderType.Market,_default,,PositionEffect.Open,,10701400.0,False,,OrderSide.Buy,OrderStatus.Filled,000651.SZ,,TimeInForce.GTC,,,,1527609600000000000,2018-05-29T16:00:00Z
75.72565,1222609.5506625,1527523200000000000,2018-05-28T16:00:00Z,6458100.0,,ffe98f66-c851-40d4-907a-3595e1af77c6,OrderRole.Standalone,OrderType.Market,_default,,PositionEffect.Open,,6458100.0,False,,OrderSide.Buy,OrderStatus.Filled,000858.SZ,,TimeInForce.GTC,,,,1527609600000000000,2018-05-29T16:00:00Z
727.94722,1226591.0657,1527523200000000000,2018-05-28T16:00:00Z,674000.0,,ef713f2d-e8ba-405d-a162-cd1316f4218c,OrderRole.Standalone,OrderType.Market,_default,,PositionEffect.Open,,674000.0,False,,OrderSide.Buy,OrderStatus.Filled,600519.SH,,TimeInForce.GTC,,,,1527609600000000000,2018-05-29T16:00:00Z
134.81468,1223746.55403,1527523200000000000,2018-05-28T16:00:00Z,3630900.0,,fc691a15-3843-4227-aefe-e1cf53d362fa,OrderRole.Standalone,OrderType.Market,_default,,PositionEffect.Open,,3630900.0,False,,OrderSide.Buy,OrderStatus.Filled,002304.SZ,,TimeInForce.GTC,,,,1527609600000000000,2018-05-29T16:00:00Z
74.43549,1584928.8361485,1527609600000000000,2018-05-29T16:00:00Z,8517060.0,,1142a79e-f14b-4897-b55e-bf20a3a8013d,OrderRole.Standalone,OrderType.Market,_default,,PositionEffect.Close,,8517060.0,False,,OrderSide.Sell,OrderStatus.Filled,600276.SH,,TimeInForce.GTC,,,,1527696000000000000,2018-05-30T16:00:00Z
23.83614,1147614.79644,1530028800000000000,2018-06-26T16:00:00Z,19258400.0,,0f70c65e-04e4-4416-bf4f-3720de5d1eea,OrderRole.Standalone,OrderType.Market,_default,,PositionEffect.Close,,19258400.0,False,,OrderSide.Sell,OrderStatus.Filled,000002.SZ,,TimeInForce.GTC,,,,1530115200000000000,2018-06-27T16:00:00Z
101.98791,1142443.0708425,1530028800000000000,2018-06-26T16:00:00Z,4480700.0,,abc5ccff-f584-45f0-8744-b64d9e1426cd,OrderRole.Standalone,OrderType.Market,_default,,PositionEffect.Close,,4480700.0,False,,OrderSide.Sell,OrderStatus.Filled,000538.SZ,,TimeInForce.GTC,,,,1530115200000000000,2018-06-27T16:00:00Z
61.31862,1120321.84671,1530028800000000000,2018-06-26T16:00:00Z,7308200.0,,5a90c0c2-f4ef-443d-8a8e-55aa6beec431,OrderRole.Standalone,OrderType.Market,_default,,PositionEffect.Close,,7308200.0,False,,OrderSide.Sell,OrderStatus.Filled,000568.SZ,,TimeInForce.GTC,,,,1530115200000000000,2018-06-27T16:00:00Z
44.8551,1200030.91785,1530028800000000000,2018-06-26T16:00:00Z,10701400.0,,f88196bb-dd00-4cc5-9a17-89429b46e7b4,OrderRole.Standalone,OrderType.Market,_default,,PositionEffect.Close,,10701400.0,False,,OrderSide.Sell,OrderStatus.Filled,000651.SZ,,TimeInForce.GTC,,,,1530115200000000000,2018-06-27T16:00:00Z
75.14478,1213231.259295,1530028800000000000,2018-06-26T16:00:00Z,6458100.0,,c26bfbdd-433a-4107-98a6-56f9f66f1bcb,OrderRole.Standalone,OrderType.Market,_default,,PositionEffect.Close,,6458100.0,False,,OrderSide.Sell,OrderStatus.Filled,000858.SZ,,TimeInForce.GTC,,,,1530115200000000000,2018-06-27T16:00:00Z
127.872,1160726.112,1530028800000000000,2018-06-26T16:00:00Z,3630900.0,,b6f7ddef-1895-4db9-b6de-95fbc8e8cf33,OrderRole.Standalone,OrderType.Market,_default,,PositionEffect.Close,,3630900.0,False,,OrderSide.Sell,OrderStatus.Filled,002304.SZ,,TimeInForce.GTC,,,,1530115200000000000,2018-06-27T16:00:00Z
713.286,1201886.91,1530028800000000000,2018-06-26T16:00:00Z,674000.0,,f87ed0b7-33ca-4a0a-bd7d-d3174ffff8a0,OrderRole.Standalone,OrderType.Market,_default,,PositionEffect.Close,,674000.0,False,,OrderSide.Sell,OrderStatus.Filled,600519.SH,,TimeInForce.GTC,,,,1530115200000000000,2018-06-27T16:00:00Z
27.13284,1212553.05318,1530028800000000000,2018-06-26T16:00:00Z,17875800.0,,d28ea14a-f8ad-4f46-9285-d8bfa7f60c5b,OrderRole.Standalone,OrderType.Market,_default,,PositionEffect.Close,,17875800.0,False,,OrderSide.Sell,OrderStatus.Filled,600887.SH,,TimeInForce.GTC,,,,1530115200000000000,2018-06-27T16:00:00Z
70.20972,1213171.30431,1530028800000000000,2018-06-26T16:00:00Z,6911700.0,,760556e1-6199-4e62-a32c-fe54b6a17e45,OrderRole.Standalone,OrderType.Market,_default,,PositionEffect.Close,,6911700.0,False,,OrderSide.Sell,OrderStatus.Filled,603288.SH,,TimeInForce.GTC,,,,1530115200000000000,2018-06-27T16:00:00Z
31.5315,2393280.264375,1530028800000000000,2018-06-26T16:00:00Z,30360500.0,,50bbcf26-7366-4d84-9a5c-317773590514,OrderRole.Standalone,OrderType.Market,_default,,PositionEffect.Open,,30360500.0,False,,OrderSide.Buy,OrderStatus.Filled,300015.SZ,,TimeInForce.GTC,,,,1530115200000000000,2018-06-27T16:00:00Z
42.45241,2393286.4530575,1530028800000000000,2018-06-26T16:00:00Z,22550300.0,,9e4b4be4-cc42-40cc-bdf8-e6fe3f761362,OrderRole.Standalone,OrderType.Market,_default,,PositionEffect.Open,,22550300.0,False,,OrderSide.Buy,OrderStatus.Filled,300122.SZ,,TimeInForce.GTC,,,,1530115200000000000,2018-06-27T16:00:00Z
58.7587,2399955.032475,1530028800000000000,2018-06-26T16:00:00Z,16337700.0,,3ad2f038-702e-428d-aa6f-f0ba226f664a,OrderRole.Standalone,OrderType.Market,_default,,PositionEffect.Open,,16337700.0,False,,OrderSide.Buy,OrderStatus.Filled,300308.SZ,,TimeInForce.GTC,,,,1530115200000000000,2018-06-27T16:00:00Z
59.8598,2350529.73155,1530028800000000000,2018-06-26T16:00:00Z,15706900.0,,e7ae0983-c3aa-420d-be4b-a3b33ed9fac5,OrderRole.Standalone,OrderType.Market,_default,,PositionEffect.Open,,15706900.0,False,,OrderSide.Buy,OrderStatus.Filled,300347.SZ,,TimeInForce.GTC,,,,1530115200000000000,2018-06-27T16:00:00Z
64.02396,2419081.30464,1530028800000000000,2018-06-26T16:00:00Z,15113600.0,,8c4c75e9-63a2-465a-a24b-8bd298693503,OrderRole.Standalone,OrderType.Market,_default,,PositionEffect.Open,,15113600.0,False,,OrderSide.Buy,OrderStatus.Filled,300628.SZ,,TimeInForce.GTC,,,,1530115200000000000,2018-06-27T16:00:00Z
34.07589,2586402.6458625,1532448000000000000,2018-07-24T16:00:00Z,30360500.0,,1fd0a982-83ce-48f3-af92-6df3f341ebcb,OrderRole.Standalone,OrderType.Market,_default,,PositionEffect.Close,,30360500.0,False,,OrderSide.Sell,OrderStatus.Filled,300015.SZ,,TimeInForce.GTC,,,,1532534400000000000,2018-07-25T16:00:00Z
42.957,2421733.09275,1532448000000000000,2018-07-24T16:00:00Z,22550300.0,,6a2771dc-9546-4fef-b004-073b208b16a2,OrderRole.Standalone,OrderType.Market,_default,,PositionEffect.Close,,22550300.0,False,,OrderSide.Sell,OrderStatus.Filled,300122.SZ,,TimeInForce.GTC,,,,1532534400000000000,2018-07-25T16:00:00Z
61.78815,2523690.6456375,1532448000000000000,2018-07-24T16:00:00Z,16337700.0,,1fbf10c7-e84a-42b8-98f3-cc995980a63b,OrderRole.Standalone,OrderType.Market,_default,,PositionEffect.Close,,16337700.0,False,,OrderSide.Sell,OrderStatus.Filled,300308.SZ,,TimeInForce.GTC,,,,1532534400000000000,2018-07-25T16:00:00Z
62.44749,2452141.2017025,1532448000000000000,2018-07-24T16:00:00Z,15706900.0,,2b89a78b-4847-46d9-9790-b4ddb915e931,OrderRole.Standalone,OrderType.Market,_default,,PositionEffect.Close,,15706900.0,False,,OrderSide.Sell,OrderStatus.Filled,300347.SZ,,TimeInForce.GTC,,,,1532534400000000000,2018-07-25T16:00:00Z
70.17975,2651671.674,1532448000000000000,2018-07-24T16:00:00Z,15113600.0,,e6c819ab-8d26-4a1b-afe8-704501cec4e9,OrderRole.Standalone,OrderType.Market,_default,,PositionEffect.Close,,15113600.0,False,,OrderSide.Sell,OrderStatus.Filled,300628.SZ,,TimeInForce.GTC,,,,1532534400000000000,2018-07-25T16:00:00Z
3.64364,2488452.17621,1532448000000000000,2018-07-24T16:00:00Z,273183100.0,,88799e6d-c623-4873-bef7-a3c8206de0f9,OrderRole.Standalone,OrderType.Market,_default,,PositionEffect.Open,,273183100.0,False,,OrderSide.Buy,OrderStatus.Filled,601288.SH,,TimeInForce.GTC,,,,1532534400000000000,2018-07-25T16:00:00Z
3.85385,2494932.38995,1532448000000000000,2018-07-24T16:00:00Z,258954800.0,,dece725e-ddd3-4ad1-8464-6cca552aad47,OrderRole.Standalone,OrderType.Market,_default,,PositionEffect.Open,,258954800.0,False,,OrderSide.Buy,OrderStatus.Filled,601818.SH,,TimeInForce.GTC,,,,1532534400000000000,2018-07-25T16:00:00Z
7.15715,2464324.837975,1532448000000000000,2018-07-24T16:00:00Z,137726600.0,,c01d1015-b5a3-48da-87c2-71bef8629710,OrderRole.Standalone,OrderType.Market,_default,,PositionEffect.Open,,137726600.0,False,,OrderSide.Buy,OrderStatus.Filled,000657.SZ,,TimeInForce.GTC,,,,1532534400000000000,2018-07-25T16:00:00Z
9.22922,2472362.677785,1532448000000000000,2018-07-24T16:00:00Z,107153700.0,,fea12071-0f92-4322-ba2b-2082b0cf4cb4,OrderRole.Standalone,OrderType.Market,_default,,PositionEffect.Open,,107153700.0,False,,OrderSide.Buy,OrderStatus.Filled,000708.SZ,,TimeInForce.GTC,,,,1532534400000000000,2018-07-25T16:00:00Z
8.9089,2477317.868025,1532448000000000000,2018-07-24T16:00:00Z,111228900.0,,5b3cdf83-f6e0-4368-843c-6eaef62cdaa6,OrderRole.Standalone,OrderType.Market,_default,,PositionEffect.Open,,111228900.0,False,,OrderSide.Buy,OrderStatus.Filled,000792.SZ,,TimeInForce.GTC,,,,1532534400000000000,2018-07-25T16:00:00Z
6.77322,2332131.40413,1534867200000000000,2018-08-21T16:00:00Z,137726600.0,,6b01817b-a586-4fa5-9beb-def06fe5f04e,OrderRole.Standalone,OrderType.Market,_default,,PositionEffect.Close,,137726600.0,False,,OrderSide.Sell,OrderStatus.Filled,000657.SZ,,TimeInForce.GTC,,,,1534953600000000000,2018-08-22T16:00:00Z
9.84015,942248.483325,1534867200000000000,2018-08-21T16:00:00Z,38302200.0,,b4a85733-1eb9-41f6-bd8d-945f8365db50,OrderRole.Standalone,OrderType.Market,_default,,PositionEffect.Close,,38302200.0,False,,OrderSide.Sell,OrderStatus.Filled,000708.SZ,,TimeInForce.GTC,,,,1534953600000000000,2018-08-22T16:00:00Z
7.27272,2022341.61402,1534867200000000000,2018-08-21T16:00:00Z,111228900.0,,1c42212f-71db-4704-99a1-70c619d9e518,OrderRole.Standalone,OrderType.Market,_default,,PositionEffect.Close,,111228900.0,False,,OrderSide.Sell,OrderStatus.Filled,000792.SZ,,TimeInForce.GTC,,,,1534953600000000000,2018-08-22T16:00:00Z
3.56643,2435721.0083325,1534867200000000000,2018-08-21T16:00:00Z,273183100.0,,202ebc86-4876-4c26-a36d-80601892f9a0,OrderRole.Standalone,OrderType.Market,_default,,PositionEffect.Close,,273183100.0,False,,OrderSide.Sell,OrderStatus.Filled,601288.SH,,TimeInForce.GTC,,,,1534953600000000000,2018-08-22T16:00:00Z
3.52647,2282990.83389,1534867200000000000,2018-08-21T16:00:00Z,258954800.0,,c723d142-5533-4178-a78c-72a98d20fd41,OrderRole.Standalone,OrderType.Market,_default,,PositionEffect.Close,,258954800.0,False,,OrderSide.Sell,OrderStatus.Filled,601818.SH,,TimeInForce.GTC,,,,1534953600000000000,2018-08-22T16:00:00Z
13.40339,1695894.0773775,1534867200000000000,2018-08-21T16:00:00Z,50610900.0,,4c0ae1ab-eed5-405e-9cef-2246991797a0,OrderRole.Standalone,OrderType.Market,_default,,PositionEffect.Open,,50610900.0,False,,OrderSide.Buy,OrderStatus.Filled,000776.SZ,,TimeInForce.GTC,,,,1534953600000000000,2018-08-22T16:00:00Z
5.08508,1697161.97651,1534867200000000000,2018-08-21T16:00:00Z,133501300.0,,3cf6a74c-41c6-44b9-be52-9bc38c483d5e,OrderRole.Standalone,OrderType.Market,_default,,PositionEffect.Open,,133501300.0,False,,OrderSide.Buy,OrderStatus.Filled,002463.SZ,,TimeInForce.GTC,,,,1534953600000000000,2018-08-22T16:00:00Z
16.36635,1633230.7992,1534867200000000000,2018-08-21T16:00:00Z,39916800.0,,52d0e8c3-771d-4f18-968a-a6c092300f25,OrderRole.Standalone,OrderType.Market,_default,,PositionEffect.Open,,39916800.0,False,,OrderSide.Buy,OrderStatus.Filled,300502.SZ,,TimeInForce.GTC,,,,1534953600000000000,2018-08-22T16:00:00Z
5.63563,1697161.521055,1534867200000000000,2018-08-21T16:00:00Z,120459400.0,,1f594b88-0cf1-46b6-a790-6fcca479c10d,OrderRole.Standalone,OrderType.Market,_default,,PositionEffect.Open,,120459400.0,False,,OrderSide.Buy,OrderStatus.Filled,600050.SH,,TimeInForce.GTC,,,,1534953600000000000,2018-08-22T16:00:00Z
11.64163,1691345.4833275,1534867200000000000,2018-08-21T16:00:00Z,58113700.0,,0c69a099-5e34-4fe3-86fa-f006dbba7a7e,OrderRole.Standalone,OrderType.Market,_default,,PositionEffect.Open,,58113700.0,False,,OrderSide.Buy,OrderStatus.Filled,600150.SH,,TimeInForce.GTC,,,,1534953600000000000,2018-08-22T16:00:00Z
10.66065,1710005.572275,1534867200000000000,2018-08-21T16:00:00Z,64161400.0,,28201feb-ebb3-434a-bc17-89eff063c56c,OrderRole.Standalone,OrderType.Market,_default,,PositionEffect.Open,,64161400.0,False,,OrderSide.Buy,OrderStatus.Filled,601808.SH,,TimeInForce.GTC,,,,1534953600000000000,2018-08-22T16:00:00Z
9.82017,1690333.5868875,1534953600000000000,2018-08-22T16:00:00Z,68851500.0,,d2c81017-458e-4e33-99db-2085c05409d4,OrderRole.Standalone,OrderType.Market,_default,,PositionEffect.Close,,68851500.0,False,,OrderSide.Sell,OrderStatus.Filled,000708.SZ,,TimeInForce.GTC,,,,1535040000000000000,2018-08-23T16:00:00Z
13.3866,1693769.68485,1537286400000000000,2018-09-18T16:00:00Z,50610900.0,,4fa3de41-fa77-4701-8af9-97e442466b6d,OrderRole.Standalone,OrderType.Market,_default,,PositionEffect.Close,,50610900.0,False,,OrderSide.Sell,OrderStatus.Filled,000776.SZ,,TimeInForce.GTC,,,,1537372800000000000,2018-09-19T16:00:00Z
6.80319,2270586.7728675,1537286400000000000,2018-09-18T16:00:00Z,133501300.0,,929b814d-9c99-40cd-81c4-5537e1862928,OrderRole.Standalone,OrderType.Market,_default,,PositionEffect.Close,,133501300.0,False,,OrderSide.Sell,OrderStatus.Filled,002463.SZ,,TimeInForce.GTC,,,,1537372800000000000,2018-09-19T16:00:00Z
19.16082,1912096.54944,1537286400000000000,2018-09-18T16:00:00Z,39916800.0,,7c1e4df6-0ee1-4cc5-b0c4-2c57a202f64f,OrderRole.Standalone,OrderType.Market,_default,,PositionEffect.Close,,39916800.0,False,,OrderSide.Sell,OrderStatus.Filled,300502.SZ,,TimeInForce.GTC,,,,1537372800000000000,2018-09-19T16:00:00Z
5.4945,1654660.43325,1537286400000000000,2018-09-18T16:00:00Z,120459400.0,,0da32f17-1f33-4671-a6c1-08427da0cee9,OrderRole.Standalone,OrderType.Market,_default,,PositionEffect.Close,,120459400.0,False,,OrderSide.Sell,OrderStatus.Filled,600050.SH,,TimeInForce.GTC,,,,1537372800000000000,2018-09-19T16:00:00Z
11.16882,1622653.637085,1537286400000000000,2018-09-18T16:00:00Z,58113700.0,,1cdc7828-020b-4265-9dd3-270e96fe8215,OrderRole.Standalone,OrderType.Market,_default,,PositionEffect.Close,,58113700.0,False,,OrderSide.Sell,OrderStatus.Filled,600150.SH,,TimeInForce.GTC,,,,1537372800000000000,2018-09-19T16:00:00Z
11.77821,1889266.107735,1537286400000000000,2018-09-18T16:00:00Z,64161400.0,,9a0f89cb-5e28-4cfe-b2d1-9716e1bd1a10,OrderRole.Standalone,OrderType.Market,_default,,PositionEffect.Close,,64161400.0,False,,OrderSide.Sell,OrderStatus.Filled,601808.SH,,TimeInForce.GTC,,,,1537372800000000000,2018-09-19T16:00:00Z
3.58358,2551803.709455,1537286400000000000,2018-09-18T16:00:00Z,284832900.0,,f9f9dea6-0dbd-4ec1-84bf-80ddfa310623,OrderRole.Standalone,OrderType.Market,_default,,PositionEffect.Open,,284832900.0,False,,OrderSide.Buy,OrderStatus.Filled,601988.SH,,TimeInForce.GTC,,,,1537372800000000000,2018-09-19T16:00:00Z
10.28027,2544981.0711325,1537286400000000000,2018-09-18T16:00:00Z,99023900.0,,75b3a1a7-f42d-473f-8dae-168a8315f140,OrderRole.Standalone,OrderType.Market,_default,,PositionEffect.Open,,99023900.0,False,,OrderSide.Buy,OrderStatus.Filled,000001.SZ,,TimeInForce.GTC,,,,1537372800000000000,2018-09-19T16:00:00Z
6.8068,2537547.8128,1537286400000000000,2018-09-18T16:00:00Z,149118400.0,,33fae40a-6f60-4f36-bbd9-4b00cdd17655,OrderRole.Standalone,OrderType.Market,_default,,PositionEffect.Open,,149118400.0,False,,OrderSide.Buy,OrderStatus.Filled,000625.SZ,,TimeInForce.GTC,,,,1537372800000000000,2018-09-19T16:00:00Z
7.75775,2537548.388375,1537286400000000000,2018-09-18T16:00:00Z,130839400.0,,852c8bb5-ab9b-4369-a3c5-6f891722b007,OrderRole.Standalone,OrderType.Market,_default,,PositionEffect.Open,,130839400.0,False,,OrderSide.Buy,OrderStatus.Filled,600015.SH,,TimeInForce.GTC,,,,1537372800000000000,2018-09-19T16:00:00Z
6.05605,2545964.9340125,1537286400000000000,2018-09-18T16:00:00Z,168160100.0,,eb7b92ff-6010-4734-b102-9c35c99c9f86,OrderRole.Standalone,OrderType.Market,_default,,PositionEffect.Open,,168160100.0,False,,OrderSide.Buy,OrderStatus.Filled,600016.SH,,TimeInForce.GTC,,,,1537372800000000000,2018-09-19T16:00:00Z
11.27871,2792154.6279225,1540396800000000000,2018-10-24T16:00:00Z,99023900.0,,07b97c91-5fbc-4d46-a8c8-2dc94a0007f5,OrderRole.Standalone,OrderType.Market,_default,,PositionEffect.Close,,99023900.0,False,,OrderSide.Sell,OrderStatus.Filled,000001.SZ,,TimeInForce.GTC,,,,1540483200000000000,2018-10-25T16:00:00Z
6.27372,2338817.72112,1540396800000000000,2018-10-24T16:00:00Z,149118400.0,,ebce5944-8fea-4920-9c26-6f613a46b411,OrderRole.Standalone,OrderType.Market,_default,,PositionEffect.Close,,149118400.0,False,,OrderSide.Sell,OrderStatus.Filled,000625.SZ,,TimeInForce.GTC,,,,1540483200000000000,2018-10-25T16:00:00Z
8.05194,2633777.49609,1540396800000000000,2018-10-24T16:00:00Z,130839400.0,,70d0e9e9-40c6-4920-bb01-167fa0467767,OrderRole.Standalone,OrderType.Market,_default,,PositionEffect.Close,,130839400.0,False,,OrderSide.Sell,OrderStatus.Filled,600015.SH,,TimeInForce.GTC,,,,1540483200000000000,2018-10-25T16:00:00Z
6.34365,2666872.0459125,1540396800000000000,2018-10-24T16:00:00Z,168160100.0,,05f68fd4-849e-4cb8-a558-c06512debd1a,OrderRole.Standalone,OrderType.Market,_default,,PositionEffect.Close,,168160100.0,False,,OrderSide.Sell,OrderStatus.Filled,600016.SH,,TimeInForce.GTC,,,,1540483200000000000,2018-10-25T16:00:00Z
3.70629,2639183.3223525,1540396800000000000,2018-10-24T16:00:00Z,284832900.0,,29b217b7-9d44-4f2b-aad6-425927554ddb,OrderRole.Standalone,OrderType.Market,_default,,PositionEffect.Close,,284832900.0,False,,OrderSide.Sell,OrderStatus.Filled,601988.SH,,TimeInForce.GTC,,,,1540483200000000000,2018-10-25T16:00:00Z
11.56155,2634819.43725,1540396800000000000,2018-10-24T16:00:00Z,91158000.0,,b5473057-932b-4395-a6f2-95879284d470,OrderRole.Standalone,OrderType.Market,_default,,PositionEffect.Open,,91158000.0,False,,OrderSide.Buy,OrderStatus.Filled,002236.SZ,,TimeInForce.GTC,,,,1540483200000000000,2018-10-25T16:00:00Z
29.3293,2611363.5548,1540396800000000000,2018-10-24T16:00:00Z,35614400.0,,2e1381ba-e11e-4921-b616-882ccfb79e71,OrderRole.Standalone,OrderType.Market,_default,,PositionEffect.Open,,35614400.0,False,,OrderSide.Buy,OrderStatus.Filled,600309.SH,,TimeInForce.GTC,,,,1540483200000000000,2018-10-25T16:00:00Z
3.22322,2592684.03394,1540396800000000000,2018-10-24T16:00:00Z,321750800.0,,4b840b1c-ed3a-4093-a04d-f3e6512d6dc6,OrderRole.Standalone,OrderType.Market,_default,,PositionEffect.Open,,321750800.0,False,,OrderSide.Buy,OrderStatus.Filled,601618.SH,,TimeInForce.GTC,,,,1540483200000000000,2018-10-25T16:00:00Z
4.78478,2595491.94905,1540396800000000000,2018-10-24T16:00:00Z,216979000.0,,c0b8a8c0-8da2-4c00-b8fd-901386ba3c5e,OrderRole.Standalone,OrderType.Market,_default,,PositionEffect.Open,,216979000.0,False,,OrderSide.Buy,OrderStatus.Filled,601669.SH,,TimeInForce.GTC,,,,1540483200000000000,2018-10-25T16:00:00Z
14.33432,2608308.703,1540396800000000000,2018-10-24T16:00:00Z,72785000.0,,e63647d8-6b42-4418-aa2a-11d43af38d00,OrderRole.Standalone,OrderType.Market,_default,,PositionEffect.Open,,72785000.0,False,,OrderSide.Buy,OrderStatus.Filled,601689.SH,,TimeInForce.GTC,,,,1540483200000000000,2018-10-25T16:00:00Z
12.96702,2955119.0229,1542816000000000000,2018-11-21T16:00:00Z,91158000.0,,478d8f7e-5ea4-4e17-9e5e-e77a4952778e,OrderRole.Standalone,OrderType.Market,_default,,PositionEffect.Close,,91158000.0,False,,OrderSide.Sell,OrderStatus.Filled,002236.SZ,,TimeInForce.GTC,,,,1542902400000000000,2018-11-22T16:00:00Z
30.0699,2677303.6164,1542816000000000000,2018-11-21T16:00:00Z,35614400.0,,e1ab4a39-12fc-414e-975f-b5573756cc3e,OrderRole.Standalone,OrderType.Market,_default,,PositionEffect.Close,,35614400.0,False,,OrderSide.Sell,OrderStatus.Filled,600309.SH,,TimeInForce.GTC,,,,1542902400000000000,2018-11-22T16:00:00Z
3.15684,2539289.48868,1542816000000000000,2018-11-21T16:00:00Z,321750800.0,,a7c3a16a-5844-44f2-9450-4f1cc1892944,OrderRole.Standalone,OrderType.Market,_default,,PositionEffect.Close,,321750800.0,False,,OrderSide.Sell,OrderStatus.Filled,601618.SH,,TimeInForce.GTC,,,,1542902400000000000,2018-11-22T16:00:00Z
4.7952,2601144.252,1542816000000000000,2018-11-21T16:00:00Z,216979000.0,,2ea1c4ff-6022-4f26-bd8f-eaee55a70952,OrderRole.Standalone,OrderType.Market,_default,,PositionEffect.Close,,216979000.0,False,,OrderSide.Sell,OrderStatus.Filled,601669.SH,,TimeInForce.GTC,,,,1542902400000000000,2018-11-22T16:00:00Z
15.06492,2741250.5055,1542816000000000000,2018-11-21T16:00:00Z,72785000.0,,7d6a79ec-87b8-4cf0-a020-2e13167740ad,OrderRole.Standalone,OrderType.Market,_default,,PositionEffect.Close,,72785000.0,False,,OrderSide.Sell,OrderStatus.Filled,601689.SH,,TimeInForce.GTC,,,,1542902400000000000,2018-11-22T16:00:00Z
9.19919,2673944.6558825,1542816000000000000,2018-11-21T16:00:00Z,116268700.0,,ebdd111b-389f-451d-ba59-229a62363941,OrderRole.Standalone,OrderType.Market,_default,,PositionEffect.Open,,116268700.0,False,,OrderSide.Buy,OrderStatus.Filled,002625.SZ,,TimeInForce.GTC,,,,1542902400000000000,2018-11-22T16:00:00Z
42.17213,2666596.4950625,1542816000000000000,2018-11-21T16:00:00Z,25292500.0,,b161f3dd-78b3-4bb9-9e7c-a723ee98bd3d,OrderRole.Standalone,OrderType.Market,_default,,PositionEffect.Open,,25292500.0,False,,OrderSide.Buy,OrderStatus.Filled,300033.SZ,,TimeInForce.GTC,,,,1542902400000000000,2018-11-22T16:00:00Z
8.16816,2684192.15064,1542816000000000000,2018-11-21T16:00:00Z,131446600.0,,cd8335dc-1690-4ecb-8514-9c836b47bdb1,OrderRole.Standalone,OrderType.Market,_default,,PositionEffect.Open,,131446600.0,False,,OrderSide.Buy,OrderStatus.Filled,300274.SZ,,TimeInForce.GTC,,,,1542902400000000000,2018-11-22T16:00:00Z
10.65064,2686181.93844,1542816000000000000,2018-11-21T16:00:00Z,100883400.0,,72a1b76e-8b9d-4298-a15f-3e9e15aab218,OrderRole.Standalone,OrderType.Market,_default,,PositionEffect.Open,,100883400.0,False,,OrderSide.Buy,OrderStatus.Filled,600061.SH,,TimeInForce.GTC,,,,1542902400000000000,2018-11-22T16:00:00Z
13.03302,2660814.84669,1542816000000000000,2018-11-21T16:00:00Z,81663800.0,,08b9470c-dcd3-4a3d-b67a-9c6b68f56966,OrderRole.Standalone,OrderType.Market,_default,,PositionEffect.Open,,81663800.0,False,,OrderSide.Buy,OrderStatus.Filled,600150.SH,,TimeInForce.GTC,,,,1542902400000000000,2018-11-22T16:00:00Z
10.02996,290432.53674,1545235200000000000,2018-12-19T16:00:00Z,11582600.0,,ea6f65b2-d549-4de1-81f8-124d7e4dd7c4,OrderRole.Standalone,OrderType.Market,_default,,PositionEffect.Close,,11582600.0,False,,OrderSide.Sell,OrderStatus.Filled,002625.SZ,,TimeInForce.GTC,,,,1545321600000000000,2018-12-20T16:00:00Z
38.97099,2464184.4114375,1545235200000000000,2018-12-19T16:00:00Z,25292500.0,,02e7136d-75f3-4bcd-aed5-58486f02557e,OrderRole.Standalone,OrderType.Market,_default,,PositionEffect.Close,,25292500.0,False,,OrderSide.Sell,OrderStatus.Filled,300033.SZ,,TimeInForce.GTC,,,,1545321600000000000,2018-12-20T16:00:00Z
9.4905,448115.311125,1545235200000000000,2018-12-19T16:00:00Z,18886900.0,,19c999af-7948-4262-8cb2-902555a2a37e,OrderRole.Standalone,OrderType.Market,_default,,PositionEffect.Close,,18886900.0,False,,OrderSide.Sell,OrderStatus.Filled,300274.SZ,,TimeInForce.GTC,,,,1545321600000000000,2018-12-20T16:00:00Z
9.38061,2365869.577185,1545235200000000000,2018-12-19T16:00:00Z,100883400.0,,57753fdf-ea1f-4e7d-a2c4-958ab9a25776,OrderRole.Standalone,OrderType.Market,_default,,PositionEffect.Close,,100883400.0,False,,OrderSide.Sell,OrderStatus.Filled,600061.SH,,TimeInForce.GTC,,,,1545321600000000000,2018-12-20T16:00:00Z
12.33765,2518848.455175,1545235200000000000,2018-12-19T16:00:00Z,81663800.0,,41d8cdba-98b0-4573-a385-df27da5bf783,OrderRole.Standalone,OrderType.Market,_default,,PositionEffect.Close,,81663800.0,False,,OrderSide.Sell,OrderStatus.Filled,600150.SH,,TimeInForce.GTC,,,,1545321600000000000,2018-12-20T16:00:00Z
15.77576,2635648.33532,1545235200000000000,2018-12-19T16:00:00Z,66827800.0,,173afb0c-a711-4a96-80f9-764e231576d1,OrderRole.Standalone,OrderType.Market,_default,,PositionEffect.Open,,66827800.0,False,,OrderSide.Buy,OrderStatus.Filled,300014.SZ,,TimeInForce.GTC,,,,1545321600000000000,2018-12-20T16:00:00Z
74.074,2672775.105,1545235200000000000,2018-12-19T16:00:00Z,14433000.0,,5a434037-034e-4062-b38b-ea032cfb819e,OrderRole.Standalone,OrderType.Market,_default,,PositionEffect.Open,,14433000.0,False,,OrderSide.Buy,OrderStatus.Filled,300628.SZ,,TimeInForce.GTC,,,,1545321600000000000,2018-12-20T16:00:00Z
29.81979,2659955.08779,1545235200000000000,2018-12-19T16:00:00Z,35680400.0,,29106656-963a-446e-b39a-3037d25ea6b8,OrderRole.Standalone,OrderType.Market,_default,,PositionEffect.Open,,35680400.0,False,,OrderSide.Buy,OrderStatus.Filled,600132.SH,,TimeInForce.GTC,,,,1545321600000000000,2018-12-20T16:00:00Z
9.96003,2606691.7414575,1545321600000000000,2018-12-20T16:00:00Z,104686100.0,,956f8820-5654-4651-abe6-89a16e04251e,OrderRole.Standalone,OrderType.Market,_default,,PositionEffect.Close,,104686100.0,False,,OrderSide.Sell,OrderStatus.Filled,002625.SZ,,TimeInForce.GTC,,,,1545580800000000000,2018-12-23T16:00:00Z
9.25074,2603151.297945,1545321600000000000,2018-12-20T16:00:00Z,112559700.0,,a9ced328-e812-4e6e-9bf6-aabc8946c651,OrderRole.Standalone,OrderType.Market,_default,,PositionEffect.Close,,112559700.0,False,,OrderSide.Sell,OrderStatus.Filled,300274.SZ,,TimeInForce.GTC,,,,1545580800000000000,2018-12-23T16:00:00Z
16.0839,2687129.13105,1548000000000000000,2019-01-20T16:00:00Z,66827800.0,,836d70ed-8f0e-4b7d-bde2-c919173eb95f,OrderRole.Standalone,OrderType.Market,_default,,PositionEffect.Close,,66827800.0,False,,OrderSide.Sell,OrderStatus.Filled,300014.SZ,,TimeInForce.GTC,,,,1548086400000000000,2019-01-21T16:00:00Z
76.4235,2757550.93875,1548000000000000000,2019-01-20T16:00:00Z,14433000.0,,7f105e0e-cfff-4242-b5a7-727ae6cca0fa,OrderRole.Standalone,OrderType.Market,_default,,PositionEffect.Close,,14433000.0,False,,OrderSide.Sell,OrderStatus.Filled,300628.SZ,,TimeInForce.GTC,,,,1548086400000000000,2019-01-21T16:00:00Z
32.05791,2859597.62991,1548000000000000000,2019-01-20T16:00:00Z,35680400.0,,95fd151b-5653-464e-9767-09f19fcbbe3e,OrderRole.Standalone,OrderType.Market,_default,,PositionEffect.Close,,35680400.0,False,,OrderSide.Sell,OrderStatus.Filled,600132.SH,,TimeInForce.GTC,,,,1548086400000000000,2019-01-21T16:00:00Z
59.3593,1347203.832975,1548000000000000000,2019-01-20T16:00:00Z,9078300.0,,2e45f39e-b361-4b85-b788-d878f9765b01,OrderRole.Standalone,OrderType.Market,_default,,PositionEffect.Open,,9078300.0,False,,OrderSide.Buy,OrderStatus.Filled,600276.SH,,TimeInForce.GTC,,,,1548086400000000000,2019-01-21T16:00:00Z
33.08305,1336323.63865,1548000000000000000,2019-01-20T16:00:00Z,16157200.0,,62916715-3c2d-4a8e-93f3-643c40c0c9a5,OrderRole.Standalone,OrderType.Market,_default,,PositionEffect.Open,,16157200.0,False,,OrderSide.Buy,OrderStatus.Filled,600309.SH,,TimeInForce.GTC,,,,1548086400000000000,2019-01-21T16:00:00Z
686.686,1340067.729,1548000000000000000,2019-01-20T16:00:00Z,780600.0,,50298027-c6c1-42fe-ba9d-13da44920e98,OrderRole.Standalone,OrderType.Market,_default,,PositionEffect.Open,,780600.0,False,,OrderSide.Buy,OrderStatus.Filled,600519.SH,,TimeInForce.GTC,,,,1548086400000000000,2019-01-21T16:00:00Z
25.5255,1334134.927125,1548000000000000000,2019-01-20T16:00:00Z,20906700.0,,fb6e96d3-79f6-4192-b9c3-f89f5e8d361f,OrderRole.Standalone,OrderType.Market,_default,,PositionEffect.Open,,20906700.0,False,,OrderSide.Buy,OrderStatus.Filled,000002.SZ,,TimeInForce.GTC,,,,1548086400000000000,2019-01-21T16:00:00Z
21.021,1339437.099,1548000000000000000,2019-01-20T16:00:00Z,25487600.0,,d923ed6c-485c-4d8e-93fb-2884d5803b37,OrderRole.Standalone,OrderType.Market,_default,,PositionEffect.Open,,25487600.0,False,,OrderSide.Buy,OrderStatus.Filled,000063.SZ,,TimeInForce.GTC,,,,1548086400000000000,2019-01-21T16:00:00Z
42.65261,1341349.9424325,1548000000000000000,2019-01-20T16:00:00Z,12579300.0,,4e1597fd-7aab-4cfc-8519-f099f8c2c68b,OrderRole.Standalone,OrderType.Market,_default,,PositionEffect.Open,,12579300.0,False,,OrderSide.Buy,OrderStatus.Filled,000568.SZ,,TimeInForce.GTC,,,,1548086400000000000,2019-01-21T16:00:00Z
39.50947,1341642.827525,1548000000000000000,2019-01-20T16:00:00Z,13583000.0,,c07fc2f9-f356-4159-857c-b18cdcfe574a,OrderRole.Standalone,OrderType.Market,_default,,PositionEffect.Open,,13583000.0,False,,OrderSide.Buy,OrderStatus.Filled,000651.SZ,,TimeInForce.GTC,,,,1548086400000000000,2019-01-21T16:00:00Z
56.056,1341980.64,1548000000000000000,2019-01-20T16:00:00Z,9576000.0,,9e0ac8ae-490a-42ff-8b4c-7ef17942a3ad,OrderRole.Standalone,OrderType.Market,_default,,PositionEffect.Open,,9576000.0,False,,OrderSide.Buy,OrderStatus.Filled,000858.SZ,,TimeInForce.GTC,,,,1548086400000000000,2019-01-21T16:00:00Z
17.76775,1335215.3189375,1548000000000000000,2019-01-20T16:00:00Z,30059300.0,,f148bae6-c4ef-40e9-ad0e-d9175f82ccb7,OrderRole.Standalone,OrderType.Market,_default,,PositionEffect.Open,,30059300.0,False,,OrderSide.Buy,OrderStatus.Filled,600030.SH,,TimeInForce.GTC,,,,1548086400000000000,2019-01-21T16:00:00Z
12.85284,1337819.9835,1548000000000000000,2019-01-20T16:00:00Z,41635000.0,,26279e97-ecf3-4661-814f-dcc8057de583,OrderRole.Standalone,OrderType.Market,_default,,PositionEffect.Open,,41635000.0,False,,OrderSide.Buy,OrderStatus.Filled,300059.SZ,,TimeInForce.GTC,,,,1548086400000000000,2019-01-21T16:00:00Z
28.43154,1486024.193295,1551024000000000000,2019-02-24T16:00:00Z,20906700.0,,a10631cf-2982-415c-b50b-54093da5e287,OrderRole.Standalone,OrderType.Market,_default,,PositionEffect.Close,,20906700.0,False,,OrderSide.Sell,OrderStatus.Filled,000002.SZ,,TimeInForce.GTC,,,,1551110400000000000,2019-02-25T16:00:00Z
30.14982,1921116.38058,1551024000000000000,2019-02-24T16:00:00Z,25487600.0,,e11499ec-7088-4b38-8d7c-85dc6e07aa39,OrderRole.Standalone,OrderType.Market,_default,,PositionEffect.Close,,25487600.0,False,,OrderSide.Sell,OrderStatus.Filled,000063.SZ,,TimeInForce.GTC,,,,1551110400000000000,2019-02-25T16:00:00Z
52.32762,1645612.075665,1551024000000000000,2019-02-24T16:00:00Z,12579300.0,,1974a816-f385-4bcf-b9f2-c90ed185fbba,OrderRole.Standalone,OrderType.Market,_default,,PositionEffect.Close,,12579300.0,False,,OrderSide.Sell,OrderStatus.Filled,000568.SZ,,TimeInForce.GTC,,,,1551110400000000000,2019-02-25T16:00:00Z
45.97398,1561161.42585,1551024000000000000,2019-02-24T16:00:00Z,13583000.0,,9f21c5dd-e941-4b69-a630-83dda77012bb,OrderRole.Standalone,OrderType.Market,_default,,PositionEffect.Close,,13583000.0,False,,OrderSide.Sell,OrderStatus.Filled,000651.SZ,,TimeInForce.GTC,,,,1551110400000000000,2019-02-25T16:00:00Z
70.88904,1697083.6176,1551024000000000000,2019-02-24T16:00:00Z,9576000.0,,696e07fb-8490-4fa3-8879-9c2486c74a47,OrderRole.Standalone,OrderType.Market,_default,,PositionEffect.Close,,9576000.0,False,,OrderSide.Sell,OrderStatus.Filled,000858.SZ,,TimeInForce.GTC,,,,1551110400000000000,2019-02-25T16:00:00Z
19.98,2079668.25,1551024000000000000,2019-02-24T16:00:00Z,41635000.0,,79891464-abff-4cd9-9a04-ec780c1adcb8,OrderRole.Standalone,OrderType.Market,_default,,PositionEffect.Close,,41635000.0,False,,OrderSide.Sell,OrderStatus.Filled,300059.SZ,,TimeInForce.GTC,,,,1551110400000000000,2019-02-25T16:00:00Z
25.39458,1908358.246485,1551024000000000000,2019-02-24T16:00:00Z,30059300.0,,2558fc31-ba26-457c-b78a-dfaaa45f76c3,OrderRole.Standalone,OrderType.Market,_default,,PositionEffect.Close,,30059300.0,False,,OrderSide.Sell,OrderStatus.Filled,600030.SH,,TimeInForce.GTC,,,,1551110400000000000,2019-02-25T16:00:00Z
67.62231,1534739.0421825,1551024000000000000,2019-02-24T16:00:00Z,9078300.0,,37fee4e2-be39-4b11-98f0-f01afaeb7791,OrderRole.Standalone,OrderType.Market,_default,,PositionEffect.Close,,9078300.0,False,,OrderSide.Sell,OrderStatus.Filled,600276.SH,,TimeInForce.GTC,,,,1551110400000000000,2019-02-25T16:00:00Z
39.93003,1612893.70179,1551024000000000000,2019-02-24T16:00:00Z,16157200.0,,bc4066d1-edda-49d2-ac40-2aeedb85e48b,OrderRole.Standalone,OrderType.Market,_default,,PositionEffect.Close,,16157200.0,False,,OrderSide.Sell,OrderStatus.Filled,600309.SH,,TimeInForce.GTC,,,,1551110400000000000,2019-02-25T16:00:00Z
747.0522,1457872.3683,1551024000000000000,2019-02-24T16:00:00Z,780600.0,,14fee221-3d2b-4916-9177-e1399ca82be6,OrderRole.Standalone,OrderType.Market,_default,,PositionEffect.Close,,780600.0,False,,OrderSide.Sell,OrderStatus.Filled,600519.SH,,TimeInForce.GTC,,,,1551110400000000000,2019-02-25T16:00:00Z
14.75474,1639712.699625,1551024000000000000,2019-02-24T16:00:00Z,44452500.0,,7e50900f-ba4d-4eed-936d-86888a50e54c,OrderRole.Standalone,OrderType.Market,_default,,PositionEffect.Open,,44452500.0,False,,OrderSide.Buy,OrderStatus.Filled,600584.SH,,TimeInForce.GTC,,,,1551110400000000000,2019-02-25T16:00:00Z
29.99997,1691060.8089375,1551024000000000000,2019-02-24T16:00:00Z,22547500.0,,b84bbf35-7fab-45f0-bcd4-888b14e5bb5d,OrderRole.Standalone,OrderType.Market,_default,,PositionEffect.Open,,22547500.0,False,,OrderSide.Buy,OrderStatus.Filled,600745.SH,,TimeInForce.GTC,,,,1551110400000000000,2019-02-25T16:00:00Z
19.92991,1803681.7673875,1551024000000000000,2019-02-24T16:00:00Z,36200500.0,,1c0858e7-6452-4d1c-8074-fd09f99e77bb,OrderRole.Standalone,OrderType.Market,_default,,PositionEffect.Open,,36200500.0,False,,OrderSide.Buy,OrderStatus.Filled,601066.SH,,TimeInForce.GTC,,,,1551110400000000000,2019-02-25T16:00:00Z
30.8308,1646657.6126,1551024000000000000,2019-02-24T16:00:00Z,21363800.0,,4274f425-49e7-4629-8c6c-172277bf98a2,OrderRole.Standalone,OrderType.Market,_default,,PositionEffect.Open,,21363800.0,False,,OrderSide.Buy,OrderStatus.Filled,000963.SZ,,TimeInForce.GTC,,,,1551110400000000000,2019-02-25T16:00:00Z
16.8168,1637762.9268,1551024000000000000,2019-02-24T16:00:00Z,38955400.0,,1ecee657-085f-449d-8da1-e22865d8a065,OrderRole.Standalone,OrderType.Market,_default,,PositionEffect.Open,,38955400.0,False,,OrderSide.Buy,OrderStatus.Filled,002384.SZ,,TimeInForce.GTC,,,,1551110400000000000,2019-02-25T16:00:00Z
13.03302,1622268.873225,1551024000000000000,2019-02-24T16:00:00Z,49789500.0,,12ab76ca-3467-4a68-8744-a2787bd776a5,OrderRole.Standalone,OrderType.Market,_default,,PositionEffect.Open,,49789500.0,False,,OrderSide.Buy,OrderStatus.Filled,002459.SZ,,TimeInForce.GTC,,,,1551110400000000000,2019-02-25T16:00:00Z
4.71471,1657306.6084575,1551024000000000000,2019-02-24T16:00:00Z,140607300.0,,a6b7d72e-9d26-479e-adae-f640c32879a7,OrderRole.Standalone,OrderType.Market,_default,,PositionEffect.Open,,140607300.0,False,,OrderSide.Buy,OrderStatus.Filled,002600.SZ,,TimeInForce.GTC,,,,1551110400000000000,2019-02-25T16:00:00Z
11.33132,1654327.39472,1551024000000000000,2019-02-24T16:00:00Z,58398400.0,,fe0cac54-1dc3-4927-b7a0-b7d76be29c27,OrderRole.Standalone,OrderType.Market,_default,,PositionEffect.Open,,58398400.0,False,,OrderSide.Buy,OrderStatus.Filled,002625.SZ,,TimeInForce.GTC,,,,1551110400000000000,2019-02-25T16:00:00Z
9.02902,1641532.267375,1551024000000000000,2019-02-24T16:00:00Z,72722500.0,,2f9d3fbc-a68b-4f9a-80e2-5552c5942e41,OrderRole.Standalone,OrderType.Market,_default,,PositionEffect.Open,,72722500.0,False,,OrderSide.Buy,OrderStatus.Filled,300433.SZ,,TimeInForce.GTC,,,,1551110400000000000,2019-02-25T16:00:00Z
9.1091,1632535.179275,1551024000000000000,2019-02-24T16:00:00Z,71688100.0,,cff223b9-e43b-410e-a23b-839663b4311e,OrderRole.Standalone,OrderType.Market,_default,,PositionEffect.Open,,71688100.0,False,,OrderSide.Buy,OrderStatus.Filled,002252.SZ,,TimeInForce.GTC,,,,1551110400000000000,2019-02-25T16:00:00Z
32.7672,1750079.7684,1553443200000000000,2019-03-24T16:00:00Z,21363800.0,,0c8b3232-59af-42cb-a997-be0d77d776f2,OrderRole.Standalone,OrderType.Market,_default,,PositionEffect.Close,,21363800.0,False,,OrderSide.Sell,OrderStatus.Filled,000963.SZ,,TimeInForce.GTC,,,,1553529600000000000,2019-03-25T16:00:00Z
9.38061,1681195.2693525,1553443200000000000,2019-03-24T16:00:00Z,71688100.0,,00f83d84-e982-46fb-8afc-75809a7bffa4,OrderRole.Standalone,OrderType.Market,_default,,PositionEffect.Close,,71688100.0,False,,OrderSide.Sell,OrderStatus.Filled,002252.SZ,,TimeInForce.GTC,,,,1553529600000000000,2019-03-25T16:00:00Z
17.93205,1746375.451425,1553443200000000000,2019-03-24T16:00:00Z,38955400.0,,6594a329-8cd5-49ac-809d-897d0fe44dcf,OrderRole.Standalone,OrderType.Market,_default,,PositionEffect.Close,,38955400.0,False,,OrderSide.Sell,OrderStatus.Filled,002384.SZ,,TimeInForce.GTC,,,,1553529600000000000,2019-03-25T16:00:00Z
12.0879,1504626.242625,1553443200000000000,2019-03-24T16:00:00Z,49789500.0,,1d2a628b-eee2-4c4f-9f61-21f0ccdbcbb5,OrderRole.Standalone,OrderType.Market,_default,,PositionEffect.Close,,49789500.0,False,,OrderSide.Sell,OrderStatus.Filled,002459.SZ,,TimeInForce.GTC,,,,1553529600000000000,2019-03-25T16:00:00Z
6.02397,2117535.3924525,1553443200000000000,2019-03-24T16:00:00Z,140607300.0,,8876e176-8668-498c-b72c-ca4f75ac5503,OrderRole.Standalone,OrderType.Market,_default,,PositionEffect.Close,,140607300.0,False,,OrderSide.Sell,OrderStatus.Filled,002600.SZ,,TimeInForce.GTC,,,,1553529600000000000,2019-03-25T16:00:00Z
12.23775,1786662.549,1553443200000000000,2019-03-24T16:00:00Z,58398400.0,,15720b87-3b85-4560-b7f2-e9834be4f3d8,OrderRole.Standalone,OrderType.Market,_default,,PositionEffect.Close,,58398400.0,False,,OrderSide.Sell,OrderStatus.Filled,002625.SZ,,TimeInForce.GTC,,,,1553529600000000000,2019-03-25T16:00:00Z
8.5914,1561970.21625,1553443200000000000,2019-03-24T16:00:00Z,72722500.0,,bd5204df-980e-49a4-8eea-ae5eb32f93ca,OrderRole.Standalone,OrderType.Market,_default,,PositionEffect.Close,,72722500.0,False,,OrderSide.Sell,OrderStatus.Filled,300433.SZ,,TimeInForce.GTC,,,,1553529600000000000,2019-03-25T16:00:00Z
14.99499,1666411.9824375,1553443200000000000,2019-03-24T16:00:00Z,44452500.0,,9e1079b7-f5a1-4f28-890f-a819c5d3313c,OrderRole.Standalone,OrderType.Market,_default,,PositionEffect.Close,,44452500.0,False,,OrderSide.Sell,OrderStatus.Filled,600584.SH,,TimeInForce.GTC,,,,1553529600000000000,2019-03-25T16:00:00Z
34.54542,1947282.143625,1553443200000000000,2019-03-24T16:00:00Z,22547500.0,,55156510-3aee-4aaa-a02d-c807111e9d56,OrderRole.Standalone,OrderType.Market,_default,,PositionEffect.Close,,22547500.0,False,,OrderSide.Sell,OrderStatus.Filled,600745.SH,,TimeInForce.GTC,,,,1553529600000000000,2019-03-25T16:00:00Z
24.3756,2206022.2695,1553443200000000000,2019-03-24T16:00:00Z,36200500.0,,1e8eeb66-76c6-49d9-a998-2c76e0bb48cd,OrderRole.Standalone,OrderType.Market,_default,,PositionEffect.Close,,36200500.0,False,,OrderSide.Sell,OrderStatus.Filled,601066.SH,,TimeInForce.GTC,,,,1553529600000000000,2019-03-25T16:00:00Z
28.53851,1775601.8805525,1553443200000000000,2019-03-24T16:00:00Z,24887100.0,,adae7753-7337-44d7-bac7-a9079bd5c3f4,OrderRole.Standalone,OrderType.Market,_default,,PositionEffect.Open,,24887100.0,False,,OrderSide.Buy,OrderStatus.Filled,000002.SZ,,TimeInForce.GTC,,,,1553529600000000000,2019-03-25T16:00:00Z
60.27021,1768478.636925,1553443200000000000,2019-03-24T16:00:00Z,11737000.0,,5ea79ff5-2d49-4b4d-acb7-0c04da693dbd,OrderRole.Standalone,OrderType.Market,_default,,PositionEffect.Open,,11737000.0,False,,OrderSide.Buy,OrderStatus.Filled,000568.SZ,,TimeInForce.GTC,,,,1553529600000000000,2019-03-25T16:00:00Z
45.32528,1765102.37904,1553443200000000000,2019-03-24T16:00:00Z,15577200.0,,218c040d-12db-4490-bbae-2537b1ce1310,OrderRole.Standalone,OrderType.Market,_default,,PositionEffect.Open,,15577200.0,False,,OrderSide.Buy,OrderStatus.Filled,000651.SZ,,TimeInForce.GTC,,,,1553529600000000000,2019-03-25T16:00:00Z
291.87158,1755461.61791,1553443200000000000,2019-03-24T16:00:00Z,2405800.0,,cae1d116-f3dd-44fc-8c5e-6a6986f019d8,OrderRole.Standalone,OrderType.Market,_default,,PositionEffect.Open,,2405800.0,False,,OrderSide.Buy,OrderStatus.Filled,000661.SZ,,TimeInForce.GTC,,,,1553529600000000000,2019-03-25T16:00:00Z
83.2832,1762043.4832,1553443200000000000,2019-03-24T16:00:00Z,8462900.0,,59a423ef-a6a2-4a9c-8230-80cf07a36009,OrderRole.Standalone,OrderType.Market,_default,,PositionEffect.Open,,8462900.0,False,,OrderSide.Buy,OrderStatus.Filled,000858.SZ,,TimeInForce.GTC,,,,1553529600000000000,2019-03-25T16:00:00Z
94.8948,1783713.8319,1553443200000000000,2019-03-24T16:00:00Z,7518700.0,,a3b91122-deb8-4fc0-815c-750ebf41b0d4,OrderRole.Standalone,OrderType.Market,_default,,PositionEffect.Open,,7518700.0,False,,OrderSide.Buy,OrderStatus.Filled,300033.SZ,,TimeInForce.GTC,,,,1553529600000000000,2019-03-25T16:00:00Z
71.9719,1771030.536275,1553443200000000000,2019-03-24T16:00:00Z,9842900.0,,39f60333-c6d8-41db-92d4-73f71d6c02fb,OrderRole.Standalone,OrderType.Market,_default,,PositionEffect.Open,,9842900.0,False,,OrderSide.Buy,OrderStatus.Filled,600276.SH,,TimeInForce.GTC,,,,1553529600000000000,2019-03-25T16:00:00Z
780.78,1763586.825,1553443200000000000,2019-03-24T16:00:00Z,903500.0,,7176c0b6-ebf7-4c03-a76a-fbb25217fb86,OrderRole.Standalone,OrderType.Market,_default,,PositionEffect.Open,,903500.0,False,,OrderSide.Buy,OrderStatus.Filled,600519.SH,,TimeInForce.GTC,,,,1553529600000000000,2019-03-25T16:00:00Z
84.07399,1774928.039885,1553443200000000000,2019-03-24T16:00:00Z,8444600.0,,a76f9359-6f0a-4ea0-bbf0-8b267765cd0a,OrderRole.Standalone,OrderType.Market,_default,,PositionEffect.Open,,8444600.0,False,,OrderSide.Buy,OrderStatus.Filled,600570.SH,,TimeInForce.GTC,,,,1553529600000000000,2019-03-25T16:00:00Z
35.38535,1754794.89185,1553443200000000000,2019-03-24T16:00:00Z,19836400.0,,2c13ae92-f40e-4f83-9743-d4042525a59f,OrderRole.Standalone,OrderType.Market,_default,,PositionEffect.Open,,19836400.0,False,,OrderSide.Buy,OrderStatus.Filled,600588.SH,,TimeInForce.GTC,,,,1553529600000000000,2019-03-25T16:00:00Z
29.7702,1852234.86105,1555948800000000000,2019-04-22T16:00:00Z,24887100.0,,6f47cab2-4f8d-4617-91b4-3c8499facb19,OrderRole.Standalone,OrderType.Market,_default,,PositionEffect.Close,,24887100.0,False,,OrderSide.Sell,OrderStatus.Filled,000002.SZ,,TimeInForce.GTC,,,,1556035200000000000,2019-04-23T16:00:00Z
72.5274,2128135.2345,1555948800000000000,2019-04-22T16:00:00Z,11737000.0,,3803395c-8ce1-4a47-b778-feaf558005c6,OrderRole.Standalone,OrderType.Market,_default,,PositionEffect.Close,,11737000.0,False,,OrderSide.Sell,OrderStatus.Filled,000568.SZ,,TimeInForce.GTC,,,,1556035200000000000,2019-04-23T16:00:00Z
61.6383,2400380.3169,1555948800000000000,2019-04-22T16:00:00Z,15577200.0,,561aab7b-14aa-420c-bd2c-55204796d1c3,OrderRole.Standalone,OrderType.Market,_default,,PositionEffect.Close,,15577200.0,False,,OrderSide.Sell,OrderStatus.Filled,000651.SZ,,TimeInForce.GTC,,,,1556035200000000000,2019-04-23T16:00:00Z
104.895,261555.6825,1555948800000000000,2019-04-22T16:00:00Z,997400.0,,9d0446f3-93bd-4e09-8c13-976bbfb5813f,OrderRole.Standalone,OrderType.Market,_default,,PositionEffect.Close,,997400.0,False,,OrderSide.Sell,OrderStatus.Filled,000858.SZ,,TimeInForce.GTC,,,,1556035200000000000,2019-04-23T16:00:00Z
978.90012,2211090.64605,1555948800000000000,2019-04-22T16:00:00Z,903500.0,,e758d991-dfbe-4673-8186-85aa53c49bb5,OrderRole.Standalone,OrderType.Market,_default,,PositionEffect.Close,,903500.0,False,,OrderSide.Sell,OrderStatus.Filled,600519.SH,,TimeInForce.GTC,,,,1556035200000000000,2019-04-23T16:00:00Z
87.09282,1838660.06943,1555948800000000000,2019-04-22T16:00:00Z,8444600.0,,426a980d-1958-400a-b846-2771ccf6adde,OrderRole.Standalone,OrderType.Market,_default,,PositionEffect.Close,,8444600.0,False,,OrderSide.Sell,OrderStatus.Filled,600570.SH,,TimeInForce.GTC,,,,1556035200000000000,2019-04-23T16:00:00Z
32.2677,1600187.5107,1555948800000000000,2019-04-22T16:00:00Z,19836400.0,,a2f5f470-f6de-4146-bc2b-0646746ec695,OrderRole.Standalone,OrderType.Market,_default,,PositionEffect.Close,,19836400.0,False,,OrderSide.Sell,OrderStatus.Filled,600588.SH,,TimeInForce.GTC,,,,1556035200000000000,2019-04-23T16:00:00Z
110.98087,1949434.471985,1555948800000000000,2019-04-22T16:00:00Z,7026200.0,,b300bfa4-4a76-429d-bfb7-f44713c722ec,OrderRole.Standalone,OrderType.Market,_default,,PositionEffect.Open,,7026200.0,False,,OrderSide.Buy,OrderStatus.Filled,000596.SZ,,TimeInForce.GTC,,,,1556035200000000000,2019-04-23T16:00:00Z
7.26726,1940725.41663,1555948800000000000,2019-04-22T16:00:00Z,106820200.0,,fdd6205b-40a3-4c51-858f-d8532b1df47a,OrderRole.Standalone,OrderType.Market,_default,,PositionEffect.Open,,106820200.0,False,,OrderSide.Buy,OrderStatus.Filled,000983.SZ,,TimeInForce.GTC,,,,1556035200000000000,2019-04-23T16:00:00Z
15.56555,1961356.5846875,1555948800000000000,2019-04-22T16:00:00Z,50402500.0,,12df0deb-547d-4711-8a35-bb94d17af4d8,OrderRole.Standalone,OrderType.Market,_default,,PositionEffect.Open,,50402500.0,False,,OrderSide.Buy,OrderStatus.Filled,002074.SZ,,TimeInForce.GTC,,,,1556035200000000000,2019-04-23T16:00:00Z
67.7677,1972633.037375,1555948800000000000,2019-04-22T16:00:00Z,11643500.0,,8e000c04-2d5c-4f5f-9568-9bd326973104,OrderRole.Standalone,OrderType.Market,_default,,PositionEffect.Open,,11643500.0,False,,OrderSide.Buy,OrderStatus.Filled,002714.SZ,,TimeInForce.GTC,,,,1556035200000000000,2019-04-23T16:00:00Z
5.9059,1955374.095675,1555948800000000000,2019-04-22T16:00:00Z,132435300.0,,04585586-3348-4782-8343-d8f396db073d,OrderRole.Standalone,OrderType.Market,_default,,PositionEffect.Open,,132435300.0,False,,OrderSide.Buy,OrderStatus.Filled,600028.SH,,TimeInForce.GTC,,,,1556035200000000000,2019-04-23T16:00:00Z
14.62461,1963525.7316675,1555948800000000000,2019-04-22T16:00:00Z,53704700.0,,e86ffab7-6bc0-4092-95bf-1d10f9790bce,OrderRole.Standalone,OrderType.Market,_default,,PositionEffect.Open,,53704700.0,False,,OrderSide.Buy,OrderStatus.Filled,000876.SZ,,TimeInForce.GTC,,,,1556035200000000000,2019-04-23T16:00:00Z
301.301,144021.878,1555948800000000000,2019-04-22T16:00:00Z,191200.0,,6a31a552-16fa-4445-9e13-752d5e09d217,OrderRole.Standalone,OrderType.Market,_default,,PositionEffect.Open,,191200.0,False,,OrderSide.Buy,OrderStatus.Filled,000661.SZ,,TimeInForce.GTC,,,,1556035200000000000,2019-04-23T16:00:00Z
63.32326,91913.71189,1555948800000000000,2019-04-22T16:00:00Z,580600.0,,9371ea1f-c9b6-470f-b7b0-4a35598553c4,OrderRole.Standalone,OrderType.Market,_default,,PositionEffect.Open,,580600.0,False,,OrderSide.Buy,OrderStatus.Filled,600276.SH,,TimeInForce.GTC,,,,1556035200000000000,2019-04-23T16:00:00Z
101.65155,21092.696625,1555948800000000000,2019-04-22T16:00:00Z,83000.0,,4677cbb5-e284-494e-8d14-459907e9951c,OrderRole.Standalone,OrderType.Market,_default,,PositionEffect.Open,,83000.0,False,,OrderSide.Buy,OrderStatus.Filled,300033.SZ,,TimeInForce.GTC,,,,1556035200000000000,2019-04-23T16:00:00Z
301.7979,1959422.86575,1556035200000000000,2019-04-23T16:00:00Z,2597000.0,,3af28209-d3dc-4aac-917b-9c86327e2049,OrderRole.Standalone,OrderType.Market,_default,,PositionEffect.Close,,2597000.0,False,,OrderSide.Sell,OrderStatus.Filled,000661.SZ,,TimeInForce.GTC,,,,1556121600000000000,2019-04-24T16:00:00Z
102.6972,1916714.8665,1556035200000000000,2019-04-23T16:00:00Z,7465500.0,,f8c51fc3-3d2b-4f7e-a999-9bc2cc9bd8e1,OrderRole.Standalone,OrderType.Market,_default,,PositionEffect.Close,,7465500.0,False,,OrderSide.Sell,OrderStatus.Filled,000858.SZ,,TimeInForce.GTC,,,,1556121600000000000,2019-04-24T16:00:00Z
102.9969,1957378.836825,1556035200000000000,2019-04-23T16:00:00Z,7601700.0,,c139114c-2907-49c6-a0bc-fcf0278ab5d0,OrderRole.Standalone,OrderType.Market,_default,,PositionEffect.Close,,7601700.0,False,,OrderSide.Sell,OrderStatus.Filled,300033.SZ,,TimeInForce.GTC,,,,1556121600000000000,2019-04-24T16:00:00Z
62.96697,1950729.323994,1556035200000000000,2019-04-23T16:00:00Z,12392080.0,,f0038ed9-9de1-4c70-bb5d-09205a9a6fe1,OrderRole.Standalone,OrderType.Market,_default,,PositionEffect.Close,,12392080.0,False,,OrderSide.Sell,OrderStatus.Filled,600276.SH,,TimeInForce.GTC,,,,1556121600000000000,2019-04-24T16:00:00Z
108.31158,1902547.05849,1558627200000000000,2019-05-23T16:00:00Z,7026200.0,,3e279d19-92f4-48e8-8489-2e28340a9342,OrderRole.Standalone,OrderType.Market,_default,,PositionEffect.Close,,7026200.0,False,,OrderSide.Sell,OrderStatus.Filled,000596.SZ,,TimeInForce.GTC,,,,1558886400000000000,2019-05-26T16:00:00Z
16.983,392714.892,1558627200000000000,2019-05-23T16:00:00Z,9249600.0,,637b7189-7599-4fd9-b87e-96ef815b6f5d,OrderRole.Standalone,OrderType.Market,_default,,PositionEffect.Close,,9249600.0,False,,OrderSide.Sell,OrderStatus.Filled,000876.SZ,,TimeInForce.GTC,,,,1558886400000000000,2019-05-26T16:00:00Z
12.70728,1601196.7005,1558627200000000000,2019-05-23T16:00:00Z,50402500.0,,88a94cdc-9571-4b00-a886-5ee608019a86,OrderRole.Standalone,OrderType.Market,_default,,PositionEffect.Close,,50402500.0,False,,OrderSide.Sell,OrderStatus.Filled,002074.SZ,,TimeInForce.GTC,,,,1558886400000000000,2019-05-26T16:00:00Z
9.17917,1862836.8233475,1558627200000000000,2019-05-23T16:00:00Z,81176700.0,,a8fd97c2-3575-447d-ab07-17bb3bdd1f56,OrderRole.Standalone,OrderType.Market,_default,,PositionEffect.Open,,81176700.0,False,,OrderSide.Buy,OrderStatus.Filled,002463.SZ,,TimeInForce.GTC,,,,1558886400000000000,2019-05-26T16:00:00Z
5.88588,1822645.14432,1558627200000000000,2019-05-23T16:00:00Z,123865600.0,,4940f450-0c23-4a1e-be74-dbe37ba2ab75,OrderRole.Standalone,OrderType.Market,_default,,PositionEffect.Open,,123865600.0,False,,OrderSide.Buy,OrderStatus.Filled,002600.SZ,,TimeInForce.GTC,,,,1558886400000000000,2019-05-26T16:00:00Z
55.055,284689.405,1558627200000000000,2019-05-23T16:00:00Z,2068400.0,,7e5309df-8850-422d-8044-51b3fe5968c5,OrderRole.Standalone,OrderType.Market,_default,,PositionEffect.Open,,2068400.0,False,,OrderSide.Buy,OrderStatus.Filled,002714.SZ,,TimeInForce.GTC,,,,1558886400000000000,2019-05-26T16:00:00Z
82.96288,1858969.99288,1558627200000000000,2019-05-23T16:00:00Z,8962900.0,,d7203f49-a90c-4479-aa7b-59ff8a7de7e6,OrderRole.Standalone,OrderType.Market,_default,,PositionEffect.Open,,8962900.0,False,,OrderSide.Buy,OrderStatus.Filled,300033.SZ,,TimeInForce.GTC,,,,1558886400000000000,2019-05-26T16:00:00Z
5.39539,70392.3044825,1558627200000000000,2019-05-23T16:00:00Z,5218700.0,,60863acc-5755-46e5-9a3b-ec8c3d2f5c8f,OrderRole.Standalone,OrderType.Market,_default,,PositionEffect.Open,,5218700.0,False,,OrderSide.Buy,OrderStatus.Filled,600028.SH,,TimeInForce.GTC,,,,1558886400000000000,2019-05-26T16:00:00Z
19.74973,1866196.4245925,1558627200000000000,2019-05-23T16:00:00Z,37796900.0,,cd251b81-1a51-4fb6-a235-7ff9984500d8,OrderRole.Standalone,OrderType.Market,_default,,PositionEffect.Open,,37796900.0,False,,OrderSide.Buy,OrderStatus.Filled,600150.SH,,TimeInForce.GTC,,,,1558886400000000000,2019-05-26T16:00:00Z
879.9791,1857855.874875,1558627200000000000,2019-05-23T16:00:00Z,844500.0,,924f00f8-2a8d-4c45-9337-a944f2ecfbeb,OrderRole.Standalone,OrderType.Market,_default,,PositionEffect.Open,,844500.0,False,,OrderSide.Buy,OrderStatus.Filled,600519.SH,,TimeInForce.GTC,,,,1558886400000000000,2019-05-26T16:00:00Z
101.6015,1865555.94225,1558627200000000000,2019-05-23T16:00:00Z,7344600.0,,dc604257-3557-45e4-be29-746e5d01b95d,OrderRole.Standalone,OrderType.Market,_default,,PositionEffect.Open,,7344600.0,False,,OrderSide.Buy,OrderStatus.Filled,000858.SZ,,TimeInForce.GTC,,,,1558886400000000000,2019-05-26T16:00:00Z
6.14614,218441.498275,1558627200000000000,2019-05-23T16:00:00Z,14216500.0,,d69b851c-78d6-4893-9d48-68941b6ed9c5,OrderRole.Standalone,OrderType.Market,_default,,PositionEffect.Open,,14216500.0,False,,OrderSide.Buy,OrderStatus.Filled,000983.SZ,,TimeInForce.GTC,,,,1558886400000000000,2019-05-26T16:00:00Z
17.65233,1961842.0036905,1558886400000000000,2019-05-26T16:00:00Z,44455140.0,,628354d6-480c-4415-b987-5318e9992a44,OrderRole.Standalone,OrderType.Market,_default,,PositionEffect.Close,,44455140.0,False,,OrderSide.Sell,OrderStatus.Filled,000876.SZ,,TimeInForce.GTC,,,,1558972800000000000,2019-05-27T16:00:00Z
6.22377,1883261.4558975,1558886400000000000,2019-05-26T16:00:00Z,121036700.0,,00b50a32-43a0-4bc1-b197-15735cfedd34,OrderRole.Standalone,OrderType.Market,_default,,PositionEffect.Close,,121036700.0,False,,OrderSide.Sell,OrderStatus.Filled,000983.SZ,,TimeInForce.GTC,,,,1558972800000000000,2019-05-27T16:00:00Z
59.92002,2054043.305595,1558886400000000000,2019-05-26T16:00:00Z,13711900.0,,ef706396-03e7-4e72-9b68-7e569c53e985,OrderRole.Standalone,OrderType.Market,_default,,PositionEffect.Close,,13711900.0,False,,OrderSide.Sell,OrderStatus.Filled,002714.SZ,,TimeInForce.GTC,,,,1558972800000000000,2019-05-27T16:00:00Z
5.42457,1866784.39695,1558886400000000000,2019-05-26T16:00:00Z,137654000.0,,fdd88166-d747-4d59-8a33-8ba9262eafac,OrderRole.Standalone,OrderType.Market,_default,,PositionEffect.Close,,137654000.0,False,,OrderSide.Sell,OrderStatus.Filled,600028.SH,,TimeInForce.GTC,,,,1558972800000000000,2019-05-27T16:00:00Z
114.94494,99571.054275,1561305600000000000,2019-06-23T16:00:00Z,346500.0,,e8e5a42a-5b0b-41bb-8238-814a0c4dfc44,OrderRole.Standalone,OrderType.Market,_default,,PositionEffect.Close,,346500.0,False,,OrderSide.Sell,OrderStatus.Filled,000858.SZ,,TimeInForce.GTC,,,,1561392000000000000,2019-06-24T16:00:00Z
10.83915,2199716.0695125,1561305600000000000,2019-06-23T16:00:00Z,81176700.0,,b62bbdb6-9c3f-4553-8550-3ae63c5c61df,OrderRole.Standalone,OrderType.Market,_default,,PositionEffect.Close,,81176700.0,False,,OrderSide.Sell,OrderStatus.Filled,002463.SZ,,TimeInForce.GTC,,,,1561392000000000000,2019-06-24T16:00:00Z
6.1938,1917996.8832,1561305600000000000,2019-06-23T16:00:00Z,123865600.0,,37e6bcef-5e57-4616-b4f0-df87491ad4fe,OrderRole.Standalone,OrderType.Market,_default,,PositionEffect.Close,,123865600.0,False,,OrderSide.Sell,OrderStatus.Filled,002600.SZ,,TimeInForce.GTC,,,,1561392000000000000,2019-06-24T16:00:00Z
101.3985,275626.472625,1561305600000000000,2019-06-23T16:00:00Z,1087300.0,,d47eabf2-87d7-4ccb-97b4-14236d22dbef,OrderRole.Standalone,OrderType.Market,_default,,PositionEffect.Close,,1087300.0,False,,OrderSide.Sell,OrderStatus.Filled,300033.SZ,,TimeInForce.GTC,,,,1561392000000000000,2019-06-24T16:00:00Z
20.40957,1928546.1908325,1561305600000000000,2019-06-23T16:00:00Z,37796900.0,,da4efd64-92f0-4e15-93db-1fed0fe1061c,OrderRole.Standalone,OrderType.Market,_default,,PositionEffect.Close,,37796900.0,False,,OrderSide.Sell,OrderStatus.Filled,600150.SH,,TimeInForce.GTC,,,,1561392000000000000,2019-06-24T16:00:00Z
991.008,71104.824,1561305600000000000,2019-06-23T16:00:00Z,28700.0,,bad30bcf-4111-49e9-8e2d-04fa92ca9b93,OrderRole.Standalone,OrderType.Market,_default,,PositionEffect.Close,,28700.0,False,,OrderSide.Sell,OrderStatus.Filled,600519.SH,,TimeInForce.GTC,,,,1561392000000000000,2019-06-24T16:00:00Z
69.22916,2005430.30688,1561305600000000000,2019-06-23T16:00:00Z,11587200.0,,f5389933-69f0-43b9-a5e5-15d37eb346e9,OrderRole.Standalone,OrderType.Market,_default,,PositionEffect.Open,,11587200.0,False,,OrderSide.Buy,OrderStatus.Filled,600570.SH,,TimeInForce.GTC,,,,1561392000000000000,2019-06-24T16:00:00Z
26.91689,2006795.4631725,1561305600000000000,2019-06-23T16:00:00Z,29822100.0,,b5af72c5-a0b5-4795-bd56-6a3032ca919b,OrderRole.Standalone,OrderType.Market,_default,,PositionEffect.Open,,29822100.0,False,,OrderSide.Buy,OrderStatus.Filled,600588.SH,,TimeInForce.GTC,,,,1561392000000000000,2019-06-24T16:00:00Z
32.06203,1996310.23592,1561305600000000000,2019-06-23T16:00:00Z,24905600.0,,c016d1f7-6535-4b71-8869-fd22ca1de107,OrderRole.Standalone,OrderType.Market,_default,,PositionEffect.Open,,24905600.0,False,,OrderSide.Buy,OrderStatus.Filled,600887.SH,,TimeInForce.GTC,,,,1561392000000000000,2019-06-24T16:00:00Z
28.19817,2017875.144285,1561305600000000000,2019-06-23T16:00:00Z,28624200.0,,fb720754-89f7-4510-b69a-1befc4776720,OrderRole.Standalone,OrderType.Market,_default,,PositionEffect.Open,,28624200.0,False,,OrderSide.Buy,OrderStatus.Filled,000002.SZ,,TimeInForce.GTC,,,,1561392000000000000,2019-06-24T16:00:00Z
76.95688,2014481.00854,1561305600000000000,2019-06-23T16:00:00Z,10470700.0,,421efe16-b800-424f-ac9d-a2385032195d,OrderRole.Standalone,OrderType.Market,_default,,PositionEffect.Open,,10470700.0,False,,OrderSide.Buy,OrderStatus.Filled,000568.SZ,,TimeInForce.GTC,,,,1561392000000000000,2019-06-24T16:00:00Z
54.40435,2015001.113125,1561305600000000000,2019-06-23T16:00:00Z,14815000.0,,08ff2887-6396-4d75-afee-3514bb71f66e,OrderRole.Standalone,OrderType.Market,_default,,PositionEffect.Open,,14815000.0,False,,OrderSide.Buy,OrderStatus.Filled,000651.SZ,,TimeInForce.GTC,,,,1561392000000000000,2019-06-24T16:00:00Z
66.19613,2017145.0223925,1561305600000000000,2019-06-23T16:00:00Z,12188900.0,,b25651e1-8f27-446f-99e9-97efe298d171,OrderRole.Standalone,OrderType.Market,_default,,PositionEffect.Open,,12188900.0,False,,OrderSide.Buy,OrderStatus.Filled,600276.SH,,TimeInForce.GTC,,,,1561392000000000000,2019-06-24T16:00:00Z
114.12576,1996658.70264,1561392000000000000,2019-06-24T16:00:00Z,6998100.0,,87fad5a5-1ec2-4c15-be75-59a3cd717a53,OrderRole.Standalone,OrderType.Market,_default,,PositionEffect.Close,,6998100.0,False,,OrderSide.Sell,OrderStatus.Filled,000858.SZ,,TimeInForce.GTC,,,,1561478400000000000,2019-06-25T16:00:00Z
97.902,1927592.478,1561392000000000000,2019-06-24T16:00:00Z,7875600.0,,3baefbaf-e2a9-4357-9c29-5b276f502cfc,OrderRole.Standalone,OrderType.Market,_default,,PositionEffect.Close,,7875600.0,False,,OrderSide.Sell,OrderStatus.Filled,300033.SZ,,TimeInForce.GTC,,,,1561478400000000000,2019-06-25T16:00:00Z
984.015,2006898.5925,1561392000000000000,2019-06-24T16:00:00Z,815800.0,,773703ec-883e-45b0-8656-7b0309e485e9,OrderRole.Standalone,OrderType.Market,_default,,PositionEffect.Close,,815800.0,False,,OrderSide.Sell,OrderStatus.Filled,600519.SH,,TimeInForce.GTC,,,,1561478400000000000,2019-06-25T16:00:00Z
30.8691,2209008.23055,1563724800000000000,2019-07-21T16:00:00Z,28624200.0,,8297133b-351c-42eb-aef2-a4a440052c98,OrderRole.Standalone,OrderType.Market,_default,,PositionEffect.Close,,28624200.0,False,,OrderSide.Sell,OrderStatus.Filled,000002.SZ,,TimeInForce.GTC,,,,1563811200000000000,2019-07-22T16:00:00Z
85.10481,2227767.3351675,1563724800000000000,2019-07-21T16:00:00Z,10470700.0,,4cf13d4e-4b91-41fc-a554-a79674efe083,OrderRole.Standalone,OrderType.Market,_default,,PositionEffect.Close,,10470700.0,False,,OrderSide.Sell,OrderStatus.Filled,000568.SZ,,TimeInForce.GTC,,,,1563811200000000000,2019-07-22T16:00:00Z
53.95599,1998394.979625,1563724800000000000,2019-07-21T16:00:00Z,14815000.0,,a5d17035-660e-466e-ace4-176080c0ed50,OrderRole.Standalone,OrderType.Market,_default,,PositionEffect.Close,,14815000.0,False,,OrderSide.Sell,OrderStatus.Filled,000651.SZ,,TimeInForce.GTC,,,,1563811200000000000,2019-07-22T16:00:00Z
66.47346,2025579.27312,1563724800000000000,2019-07-21T16:00:00Z,12188800.0,,e0747ad0-4f86-4863-88be-64dfc6322878,OrderRole.Standalone,OrderType.Market,_default,,PositionEffect.Close,,12188800.0,False,,OrderSide.Sell,OrderStatus.Filled,600276.SH,,TimeInForce.GTC,,,,1563811200000000000,2019-07-22T16:00:00Z
67.79214,1963802.71152,1563724800000000000,2019-07-21T16:00:00Z,11587200.0,,12120a67-232d-4c8c-8ff6-77f76f0e01a7,OrderRole.Standalone,OrderType.Market,_default,,PositionEffect.Close,,11587200.0,False,,OrderSide.Sell,OrderStatus.Filled,600570.SH,,TimeInForce.GTC,,,,1563811200000000000,2019-07-22T16:00:00Z
26.5734,1981186.48035,1563724800000000000,2019-07-21T16:00:00Z,29822100.0,,bdc4efea-b7d3-411c-b203-902bd6c25c47,OrderRole.Standalone,OrderType.Market,_default,,PositionEffect.Close,,29822100.0,False,,OrderSide.Sell,OrderStatus.Filled,600588.SH,,TimeInForce.GTC,,,,1563811200000000000,2019-07-22T16:00:00Z
32.34762,2014092.21168,1563724800000000000,2019-07-21T16:00:00Z,24905600.0,,a1a426de-63e6-426b-b8e2-da30191dc2e4,OrderRole.Standalone,OrderType.Market,_default,,PositionEffect.Close,,24905600.0,False,,OrderSide.Sell,OrderStatus.Filled,600887.SH,,TimeInForce.GTC,,,,1563811200000000000,2019-07-22T16:00:00Z
13.33332,1947861.38547,1563724800000000000,2019-07-21T16:00:00Z,58435900.0,,88bb8330-fd5f-4d93-8dd3-a92753220870,OrderRole.Standalone,OrderType.Market,_default,,PositionEffect.Open,,58435900.0,False,,OrderSide.Buy,OrderStatus.Filled,601236.SH,,TimeInForce.GTC,,,,1563811200000000000,2019-07-22T16:00:00Z
10.84083,1970426.5505925,1563724800000000000,2019-07-21T16:00:00Z,72703900.0,,e537878e-8fb5-409c-8309-b9f704e1a031,OrderRole.Standalone,OrderType.Market,_default,,PositionEffect.Open,,72703900.0,False,,OrderSide.Buy,OrderStatus.Filled,601698.SH,,TimeInForce.GTC,,,,1563811200000000000,2019-07-22T16:00:00Z
61.87181,1988544.5054475,1563724800000000000,2019-07-21T16:00:00Z,12855900.0,,31e36be0-f45c-4b4c-ab2b-8e088046d176,OrderRole.Standalone,OrderType.Market,_default,,PositionEffect.Open,,12855900.0,False,,OrderSide.Buy,OrderStatus.Filled,603501.SH,,TimeInForce.GTC,,,,1563811200000000000,2019-07-22T16:00:00Z
14.38437,2041030.6241325,1563724800000000000,2019-07-21T16:00:00Z,56756900.0,,230054ba-4c5b-46d5-9b04-87ecb8405e88,OrderRole.Standalone,OrderType.Market,_default,,PositionEffect.Open,,56756900.0,False,,OrderSide.Buy,OrderStatus.Filled,002463.SZ,,TimeInForce.GTC,,,,1563811200000000000,2019-07-22T16:00:00Z
32.032,2054428.376,1563724800000000000,2019-07-21T16:00:00Z,25654700.0,,687c0d6c-b713-431c-b40f-f3aa9f09a743,OrderRole.Standalone,OrderType.Market,_default,,PositionEffect.Open,,25654700.0,False,,OrderSide.Buy,OrderStatus.Filled,300223.SZ,,TimeInForce.GTC,,,,1563811200000000000,2019-07-22T16:00:00Z
8.2082,2049320.7735,1563724800000000000,2019-07-21T16:00:00Z,99867000.0,,d2f7d344-e0a1-47f9-80ca-08b61addf911,OrderRole.Standalone,OrderType.Market,_default,,PositionEffect.Open,,99867000.0,False,,OrderSide.Buy,OrderStatus.Filled,300251.SZ,,TimeInForce.GTC,,,,1563811200000000000,2019-07-22T16:00:00Z
96.06597,2030834.6058,1563724800000000000,2019-07-21T16:00:00Z,8456000.0,,ba590be8-b1a3-4ce0-91d5-afba7bd5f741,OrderRole.Standalone,OrderType.Market,_default,,PositionEffect.Open,,8456000.0,False,,OrderSide.Buy,OrderStatus.Filled,300661.SZ,,TimeInForce.GTC,,,,1563811200000000000,2019-07-22T16:00:00Z
204.41421,1982715.629895,1563724800000000000,2019-07-21T16:00:00Z,3879800.0,,254ce00a-b400-4223-8317-3e86c38b5856,OrderRole.Standalone,OrderType.Market,_default,,PositionEffect.Open,,3879800.0,False,,OrderSide.Buy,OrderStatus.Filled,300782.SZ,,TimeInForce.GTC,,,,1563811200000000000,2019-07-22T16:00:00Z
4.58458,2022412.967575,1563724800000000000,2019-07-21T16:00:00Z,176453500.0,,c6ae798a-c667-4588-8caa-fa20426809c1,OrderRole.Standalone,OrderType.Market,_default,,PositionEffect.Open,,176453500.0,False,,OrderSide.Buy,OrderStatus.Filled,600025.SH,,TimeInForce.GTC,,,,1563811200000000000,2019-07-22T16:00:00Z
22.90288,2029487.17972,1563724800000000000,2019-07-21T16:00:00Z,35445100.0,,2a76b06a-51ed-4d6a-87c4-fe21b836ab08,OrderRole.Standalone,OrderType.Market,_default,,PositionEffect.Open,,35445100.0,False,,OrderSide.Buy,OrderStatus.Filled,600150.SH,,TimeInForce.GTC,,,,1563811200000000000,2019-07-22T16:00:00Z
18.8811,331235.857575,1566144000000000000,2019-08-18T16:00:00Z,7017300.0,,cfa0cc24-a93e-4fd9-a08f-eafd306b460d,OrderRole.Standalone,OrderType.Market,_default,,PositionEffect.Close,,7017300.0,False,,OrderSide.Sell,OrderStatus.Filled,002463.SZ,,TimeInForce.GTC,,,,1566230400000000000,2019-08-19T16:00:00Z
39.25071,2517412.9745925,1566144000000000000,2019-08-18T16:00:00Z,25654700.0,,71691c44-0db2-4d7a-bfab-7f2c32ee63ba,OrderRole.Standalone,OrderType.Market,_default,,PositionEffect.Close,,25654700.0,False,,OrderSide.Sell,OrderStatus.Filled,300223.SZ,,TimeInForce.GTC,,,,1566230400000000000,2019-08-19T16:00:00Z
8.72127,2177417.677725,1566144000000000000,2019-08-18T16:00:00Z,99867000.0,,9b0ba3fe-9f3f-41dd-b377-8df706e80c89,OrderRole.Standalone,OrderType.Market,_default,,PositionEffect.Close,,99867000.0,False,,OrderSide.Sell,OrderStatus.Filled,300251.SZ,,TimeInForce.GTC,,,,1566230400000000000,2019-08-19T16:00:00Z
133.71615,449419.98015,1566144000000000000,2019-08-18T16:00:00Z,1344400.0,,5dd49e48-28fd-4908-8003-72ac35172b66,OrderRole.Standalone,OrderType.Market,_default,,PositionEffect.Close,,1344400.0,False,,OrderSide.Sell,OrderStatus.Filled,300661.SZ,,TimeInForce.GTC,,,,1566230400000000000,2019-08-19T16:00:00Z
290.709,2819731.9455,1566144000000000000,2019-08-18T16:00:00Z,3879800.0,,3dd3d757-5b7a-4c1d-9352-55754e9cbb74,OrderRole.Standalone,OrderType.Market,_default,,PositionEffect.Close,,3879800.0,False,,OrderSide.Sell,OrderStatus.Filled,300782.SZ,,TimeInForce.GTC,,,,1566230400000000000,2019-08-19T16:00:00Z
4.78521,2110917.6318375,1566144000000000000,2019-08-18T16:00:00Z,176453500.0,,5e04b35f-0f7c-45a3-8b16-57aa8676588f,OrderRole.Standalone,OrderType.Market,_default,,PositionEffect.Close,,176453500.0,False,,OrderSide.Sell,OrderStatus.Filled,600025.SH,,TimeInForce.GTC,,,,1566230400000000000,2019-08-19T16:00:00Z
71.87805,17.9695125,1566144000000000000,2019-08-18T16:00:00Z,100.0,,f808e1e3-a62d-4734-9395-d372f6dbd2c3,OrderRole.Standalone,OrderType.Market,_default,,PositionEffect.Close,,100.0,False,,OrderSide.Sell,OrderStatus.Filled,600276.SH,,TimeInForce.GTC,,,,1566230400000000000,2019-08-19T16:00:00Z
15.6843,2291315.465925,1566144000000000000,2019-08-18T16:00:00Z,58435900.0,,505447fa-82c1-410e-bcfb-ee9678cef548,OrderRole.Standalone,OrderType.Market,_default,,PositionEffect.Close,,58435900.0,False,,OrderSide.Sell,OrderStatus.Filled,601236.SH,,TimeInForce.GTC,,,,1566230400000000000,2019-08-19T16:00:00Z
9.61038,1746780.266205,1566144000000000000,2019-08-18T16:00:00Z,72703900.0,,63f862a4-0cb4-4cbb-8f51-ef73c170af36,OrderRole.Standalone,OrderType.Market,_default,,PositionEffect.Close,,72703900.0,False,,OrderSide.Sell,OrderStatus.Filled,601698.SH,,TimeInForce.GTC,,,,1566230400000000000,2019-08-19T16:00:00Z
79.84008,205767.84618,1566144000000000000,2019-08-18T16:00:00Z,1030900.0,,0380997e-34d2-4ac5-8aa8-78e1c67b6158,OrderRole.Standalone,OrderType.Market,_default,,PositionEffect.Close,,1030900.0,False,,OrderSide.Sell,OrderStatus.Filled,603501.SH,,TimeInForce.GTC,,,,1566230400000000000,2019-08-19T16:00:00Z
13.26325,2364990.002375,1566144000000000000,2019-08-18T16:00:00Z,71324600.0,,b156697c-0b16-4e7a-a9ac-d1ad227caf6c,OrderRole.Standalone,OrderType.Market,_default,,PositionEffect.Open,,71324600.0,False,,OrderSide.Buy,OrderStatus.Filled,002241.SZ,,TimeInForce.GTC,,,,1566230400000000000,2019-08-19T16:00:00Z
20.44042,2332997.99733,1566144000000000000,2019-08-18T16:00:00Z,45654600.0,,90c563fa-a706-457f-8dfa-0e3959f316e3,OrderRole.Standalone,OrderType.Market,_default,,PositionEffect.Open,,45654600.0,False,,OrderSide.Buy,OrderStatus.Filled,002384.SZ,,TimeInForce.GTC,,,,1566230400000000000,2019-08-19T16:00:00Z
7.34734,2384481.844745,1566144000000000000,2019-08-18T16:00:00Z,129814700.0,,ba7411d5-b990-49f0-a365-013034dacdee,OrderRole.Standalone,OrderType.Market,_default,,PositionEffect.Open,,129814700.0,False,,OrderSide.Buy,OrderStatus.Filled,002600.SZ,,TimeInForce.GTC,,,,1566230400000000000,2019-08-19T16:00:00Z
21.15113,2601361.6153525,1566144000000000000,2019-08-18T16:00:00Z,49195700.0,,c97f29e0-24ed-4cf3-adb8-88aca79b382d,OrderRole.Standalone,OrderType.Market,_default,,PositionEffect.Open,,49195700.0,False,,OrderSide.Buy,OrderStatus.Filled,002837.SZ,,TimeInForce.GTC,,,,1566230400000000000,2019-08-19T16:00:00Z
89.089,2394845.9535,1566144000000000000,2019-08-18T16:00:00Z,10752600.0,,a38ff89c-eeab-44db-b0fc-5c301a5a448e,OrderRole.Standalone,OrderType.Market,_default,,PositionEffect.Open,,10752600.0,False,,OrderSide.Buy,OrderStatus.Filled,300033.SZ,,TimeInForce.GTC,,,,1566230400000000000,2019-08-19T16:00:00Z
9.1091,2372811.2408,1566144000000000000,2019-08-18T16:00:00Z,104195200.0,,ec00cfba-0feb-4a47-96e4-9566104c38e7,OrderRole.Standalone,OrderType.Market,_default,,PositionEffect.Open,,104195200.0,False,,OrderSide.Buy,OrderStatus.Filled,300433.SZ,,TimeInForce.GTC,,,,1566230400000000000,2019-08-19T16:00:00Z
23.70368,251626.41504,1566144000000000000,2019-08-18T16:00:00Z,4246200.0,,e78c384d-d10d-460e-bb4a-793ee49fccba,OrderRole.Standalone,OrderType.Market,_default,,PositionEffect.Open,,4246200.0,False,,OrderSide.Buy,OrderStatus.Filled,600150.SH,,TimeInForce.GTC,,,,1566230400000000000,2019-08-19T16:00:00Z
19.1808,2385113.2992,1566230400000000000,2019-08-19T16:00:00Z,49739600.0,,c8aa7b37-054c-4ef0-af33-c08816dfacee,OrderRole.Standalone,OrderType.Market,_default,,PositionEffect.Close,,49739600.0,False,,OrderSide.Sell,OrderStatus.Filled,002463.SZ,,TimeInForce.GTC,,,,1566316800000000000,2019-08-20T16:00:00Z
130.47939,2319793.07481,1566230400000000000,2019-08-19T16:00:00Z,7111600.0,,7032f2e6-874e-46af-99e1-9e653c8aafa0,OrderRole.Standalone,OrderType.Market,_default,,PositionEffect.Close,,7111600.0,False,,OrderSide.Sell,OrderStatus.Filled,300661.SZ,,TimeInForce.GTC,,,,1566316800000000000,2019-08-20T16:00:00Z
23.93604,2375131.36113,1566230400000000000,2019-08-19T16:00:00Z,39691300.0,,bbf8b08b-27fe-496a-b80e-55503329ca96,OrderRole.Standalone,OrderType.Market,_default,,PositionEffect.Close,,39691300.0,False,,OrderSide.Sell,OrderStatus.Filled,600150.SH,,TimeInForce.GTC,,,,1566316800000000000,2019-08-20T16:00:00Z
83.70621,2474564.833125,1566230400000000000,2019-08-19T16:00:00Z,11825000.0,,69459613-c6b4-4d60-afa6-2d2d9cef1b9b,OrderRole.Standalone,OrderType.Market,_default,,PositionEffect.Close,,11825000.0,False,,OrderSide.Sell,OrderStatus.Filled,603501.SH,,TimeInForce.GTC,,,,1566316800000000000,2019-08-20T16:00:00Z
15.04494,2682685.81881,1568649600000000000,2019-09-16T16:00:00Z,71324600.0,,c3a43900-ee41-417c-80c0-0353ce5b226a,OrderRole.Standalone,OrderType.Market,_default,,PositionEffect.Close,,71324600.0,False,,OrderSide.Sell,OrderStatus.Filled,002241.SZ,,TimeInForce.GTC,,,,1568736000000000000,2019-09-17T16:00:00Z
22.04793,2516473.562445,1568649600000000000,2019-09-16T16:00:00Z,45654600.0,,1dfac2e5-bc77-40a9-81e6-7852e8155661,OrderRole.Standalone,OrderType.Market,_default,,PositionEffect.Close,,45654600.0,False,,OrderSide.Sell,OrderStatus.Filled,002384.SZ,,TimeInForce.GTC,,,,1568736000000000000,2019-09-17T16:00:00Z
9.98001,684251.9406225,1568649600000000000,2019-09-16T16:00:00Z,27424900.0,,29a1860a-3b62-4836-a80e-8c05455eb039,OrderRole.Standalone,OrderType.Market,_default,,PositionEffect.Close,,27424900.0,False,,OrderSide.Sell,OrderStatus.Filled,002600.SZ,,TimeInForce.GTC,,,,1568736000000000000,2019-09-17T16:00:00Z
19.39059,2384834.1211575,1568649600000000000,2019-09-16T16:00:00Z,49195700.0,,f466886c-474c-483a-ac2f-f7445ecf51fa,OrderRole.Standalone,OrderType.Market,_default,,PositionEffect.Close,,49195700.0,False,,OrderSide.Sell,OrderStatus.Filled,002837.SZ,,TimeInForce.GTC,,,,1568736000000000000,2019-09-17T16:00:00Z
116.45343,567448.4510325,1568649600000000000,2019-09-16T16:00:00Z,1949100.0,,63436ee4-a44f-4b8a-96f2-913d08fcf08a,OrderRole.Standalone,OrderType.Market,_default,,PositionEffect.Close,,1949100.0,False,,OrderSide.Sell,OrderStatus.Filled,300033.SZ,,TimeInForce.GTC,,,,1568736000000000000,2019-09-17T16:00:00Z
10.57941,2755809.35208,1568649600000000000,2019-09-16T16:00:00Z,104195200.0,,93baf3aa-f997-4686-9423-d60dfd59f2c1,OrderRole.Standalone,OrderType.Market,_default,,PositionEffect.Close,,104195200.0,False,,OrderSide.Sell,OrderStatus.Filled,300433.SZ,,TimeInForce.GTC,,,,1568736000000000000,2019-09-17T16:00:00Z
152.0519,2559717.71055,1568649600000000000,2019-09-16T16:00:00Z,6733800.0,,9d5e7e0a-71ac-463c-9c22-e769a45df28b,OrderRole.Standalone,OrderType.Market,_default,,PositionEffect.Open,,6733800.0,False,,OrderSide.Buy,OrderStatus.Filled,300661.SZ,,TimeInForce.GTC,,,,1568736000000000000,2019-09-17T16:00:00Z
74.42435,2587213.67905,1568649600000000000,2019-09-16T16:00:00Z,13905200.0,,4a343e86-412c-48b1-991c-f95c08ce41a3,OrderRole.Standalone,OrderType.Market,_default,,PositionEffect.Open,,13905200.0,False,,OrderSide.Buy,OrderStatus.Filled,600745.SH,,TimeInForce.GTC,,,,1568736000000000000,2019-09-17T16:00:00Z
15.10509,2554659.6750675,1568649600000000000,2019-09-16T16:00:00Z,67650300.0,,dbd74db7-4f7c-4d2d-8a63-05b3e3f94b43,OrderRole.Standalone,OrderType.Market,_default,,PositionEffect.Open,,67650300.0,False,,OrderSide.Buy,OrderStatus.Filled,601698.SH,,TimeInForce.GTC,,,,1568736000000000000,2019-09-17T16:00:00Z
103.58348,2540566.11809,1568649600000000000,2019-09-16T16:00:00Z,9810700.0,,275528e7-7da8-4c87-8ec1-e4b0ac22a093,OrderRole.Standalone,OrderType.Market,_default,,PositionEffect.Open,,9810700.0,False,,OrderSide.Buy,OrderStatus.Filled,603501.SH,,TimeInForce.GTC,,,,1568736000000000000,2019-09-17T16:00:00Z
146.13599,2594754.1044425,1568649600000000000,2019-09-16T16:00:00Z,7102300.0,,4883ee03-0bac-4d8f-bb81-00ad03849971,OrderRole.Standalone,OrderType.Market,_default,,PositionEffect.Open,,7102300.0,False,,OrderSide.Buy,OrderStatus.Filled,603986.SH,,TimeInForce.GTC,,,,1568736000000000000,2019-09-17T16:00:00Z
26.7267,2559736.32915,1568649600000000000,2019-09-16T16:00:00Z,38309800.0,,29036954-3d63-465a-bd60-7259be49f566,OrderRole.Standalone,OrderType.Market,_default,,PositionEffect.Open,,38309800.0,False,,OrderSide.Buy,OrderStatus.Filled,002463.SZ,,TimeInForce.GTC,,,,1568736000000000000,2019-09-17T16:00:00Z
40.38034,2555934.19081,1568649600000000000,2019-09-16T16:00:00Z,25318600.0,,fd7602fe-e2bf-45d1-b929-efef4a99670f,OrderRole.Standalone,OrderType.Market,_default,,PositionEffect.Open,,25318600.0,False,,OrderSide.Buy,OrderStatus.Filled,002938.SZ,,TimeInForce.GTC,,,,1568736000000000000,2019-09-17T16:00:00Z
55.5555,2599066.845375,1568649600000000000,2019-09-16T16:00:00Z,18713300.0,,3b90c64f-8664-4ec4-bde3-4bf827f33671,OrderRole.Standalone,OrderType.Market,_default,,PositionEffect.Open,,18713300.0,False,,OrderSide.Buy,OrderStatus.Filled,300223.SZ,,TimeInForce.GTC,,,,1568736000000000000,2019-09-17T16:00:00Z
10.73925,2748974.149125,1568736000000000000,2019-09-17T16:00:00Z,102389800.0,,7e76e7e2-17c0-42d5-bed0-4dc17c4c75b0,OrderRole.Standalone,OrderType.Market,_default,,PositionEffect.Close,,102389800.0,False,,OrderSide.Sell,OrderStatus.Filled,002600.SZ,,TimeInForce.GTC,,,,1568822400000000000,2019-09-18T16:00:00Z
110.80908,2438769.33945,1568736000000000000,2019-09-17T16:00:00Z,8803500.0,,44124b87-ebda-4fcd-b2ca-8ce4d0750bbc,OrderRole.Standalone,OrderType.Market,_default,,PositionEffect.Close,,8803500.0,False,,OrderSide.Sell,OrderStatus.Filled,300033.SZ,,TimeInForce.GTC,,,,1568822400000000000,2019-09-18T16:00:00Z
42.52743,2691837.472995,1571673600000000000,2019-10-21T16:00:00Z,25318600.0,,cb80c7e8-c24d-4aaf-a27c-8ceee9cdbed8,OrderRole.Standalone,OrderType.Market,_default,,PositionEffect.Close,,25318600.0,False,,OrderSide.Sell,OrderStatus.Filled,002938.SZ,,TimeInForce.GTC,,,,1571760000000000000,2019-10-22T16:00:00Z
49.5504,2318128.7508,1571673600000000000,2019-10-21T16:00:00Z,18713300.0,,dee4e55e-4446-470b-be08-18476933453a,OrderRole.Standalone,OrderType.Market,_default,,PositionEffect.Close,,18713300.0,False,,OrderSide.Sell,OrderStatus.Filled,300223.SZ,,TimeInForce.GTC,,,,1571760000000000000,2019-10-22T16:00:00Z
188.36145,672497.4668625,1571673600000000000,2019-10-21T16:00:00Z,1428100.0,,d21a4c9b-8a7c-4cb9-b473-cdaca8fe24ca,OrderRole.Standalone,OrderType.Market,_default,,PositionEffect.Close,,1428100.0,False,,OrderSide.Sell,OrderStatus.Filled,300661.SZ,,TimeInForce.GTC,,,,1571760000000000000,2019-10-22T16:00:00Z
11.24874,1902451.589055,1571673600000000000,2019-10-21T16:00:00Z,67650300.0,,906b5ca9-5ce0-4fb7-be8d-fade21822f80,OrderRole.Standalone,OrderType.Market,_default,,PositionEffect.Close,,67650300.0,False,,OrderSide.Sell,OrderStatus.Filled,601698.SH,,TimeInForce.GTC,,,,1571760000000000000,2019-10-22T16:00:00Z
141.858,10639.35,1571673600000000000,2019-10-21T16:00:00Z,30000.0,,5b6a2094-89c5-4587-816e-3828984a0330,OrderRole.Standalone,OrderType.Market,_default,,PositionEffect.Close,,30000.0,False,,OrderSide.Sell,OrderStatus.Filled,603986.SH,,TimeInForce.GTC,,,,1571760000000000000,2019-10-22T16:00:00Z
62.09203,2503441.9885475,1571673600000000000,2019-10-21T16:00:00Z,16127300.0,,bc6b6acc-a9b6-42b9-bd27-620c1709916c,OrderRole.Standalone,OrderType.Market,_default,,PositionEffect.Open,,16127300.0,False,,OrderSide.Buy,OrderStatus.Filled,688012.SH,,TimeInForce.GTC,,,,1571760000000000000,2019-10-22T16:00:00Z
417.44703,2503534.2006675,1571673600000000000,2019-10-21T16:00:00Z,2398900.0,,7408b9f6-b709-4793-81c1-9d1e32ec3811,OrderRole.Standalone,OrderType.Market,_default,,PositionEffect.Open,,2398900.0,False,,OrderSide.Buy,OrderStatus.Filled,000661.SZ,,TimeInForce.GTC,,,,1571760000000000000,2019-10-22T16:00:00Z
89.74966,2499528.031,1571673600000000000,2019-10-21T16:00:00Z,11140000.0,,a6e4f429-4586-479d-9445-67fe3c8f287c,OrderRole.Standalone,OrderType.Market,_default,,PositionEffect.Open,,11140000.0,False,,OrderSide.Buy,OrderStatus.Filled,002714.SZ,,TimeInForce.GTC,,,,1571760000000000000,2019-10-22T16:00:00Z
378.378,2513375.865,1571673600000000000,2019-10-21T16:00:00Z,2657000.0,,dc2e28b7-f0c2-4499-b34d-a01f00a63df9,OrderRole.Standalone,OrderType.Market,_default,,PositionEffect.Open,,2657000.0,False,,OrderSide.Buy,OrderStatus.Filled,300782.SZ,,TimeInForce.GTC,,,,1571760000000000000,2019-10-22T16:00:00Z
25.03501,2514497.6281425,1571673600000000000,2019-10-21T16:00:00Z,40175700.0,,46b8cc1d-e1c9-47f7-80a0-19c1ad141068,OrderRole.Standalone,OrderType.Market,_default,,PositionEffect.Open,,40175700.0,False,,OrderSide.Buy,OrderStatus.Filled,600183.SH,,TimeInForce.GTC,,,,1571760000000000000,2019-10-22T16:00:00Z
24.56454,151802.716065,1571673600000000000,2019-10-21T16:00:00Z,2471900.0,,8de1f0e4-0de1-4222-9cce-b654499388a2,OrderRole.Standalone,OrderType.Market,_default,,PositionEffect.Open,,2471900.0,False,,OrderSide.Buy,OrderStatus.Filled,002463.SZ,,TimeInForce.GTC,,,,1571760000000000000,2019-10-22T16:00:00Z
101.79169,31682.6635125,1571673600000000000,2019-10-21T16:00:00Z,124500.0,,d21d6f1f-e6c5-4236-96ee-e4b94ab1cec3,OrderRole.Standalone,OrderType.Market,_default,,PositionEffect.Open,,124500.0,False,,OrderSide.Buy,OrderStatus.Filled,603501.SH,,TimeInForce.GTC,,,,1571760000000000000,2019-10-22T16:00:00Z
71.8718,12990.82785,1571673600000000000,2019-10-21T16:00:00Z,72300.0,,b301e6ec-4f9f-4e0b-87e2-4399a8ad5a3b,OrderRole.Standalone,OrderType.Market,_default,,PositionEffect.Open,,72300.0,False,,OrderSide.Buy,OrderStatus.Filled,600745.SH,,TimeInForce.GTC,,,,1571760000000000000,2019-10-22T16:00:00Z
24.3756,2485196.0163,1571760000000000000,2019-10-22T16:00:00Z,40781700.0,,aac0a7c9-b1f2-45ec-a5f1-0abb5049699d,OrderRole.Standalone,OrderType.Market,_default,,PositionEffect.Close,,40781700.0,False,,OrderSide.Sell,OrderStatus.Filled,002463.SZ,,TimeInForce.GTC,,,,1571846400000000000,2019-10-23T16:00:00Z
182.3175,2418304.899375,1571760000000000000,2019-10-22T16:00:00Z,5305700.0,,b07e942e-c3c1-4906-896d-2cced0fa44a9,OrderRole.Standalone,OrderType.Market,_default,,PositionEffect.Close,,5305700.0,False,,OrderSide.Sell,OrderStatus.Filled,300661.SZ,,TimeInForce.GTC,,,,1571846400000000000,2019-10-23T16:00:00Z
70.40952,2460372.6645,1571760000000000000,2019-10-22T16:00:00Z,13977500.0,,2c613ddc-9aa9-4bac-a2ae-dfd093b11b10,OrderRole.Standalone,OrderType.Market,_default,,PositionEffect.Close,,13977500.0,False,,OrderSide.Sell,OrderStatus.Filled,600745.SH,,TimeInForce.GTC,,,,1571846400000000000,2019-10-23T16:00:00Z
102.03786,2534416.36668,1571760000000000000,2019-10-22T16:00:00Z,9935200.0,,ccad6367-bf11-4344-9e63-1759cb6b3662,OrderRole.Standalone,OrderType.Market,_default,,PositionEffect.Close,,9935200.0,False,,OrderSide.Sell,OrderStatus.Filled,603501.SH,,TimeInForce.GTC,,,,1571846400000000000,2019-10-23T16:00:00Z
139.44042,2465411.205915,1571760000000000000,2019-10-22T16:00:00Z,7072300.0,,a899e4aa-6aaf-42c7-bdf5-aabb2df58df7,OrderRole.Standalone,OrderType.Market,_default,,PositionEffect.Close,,7072300.0,False,,OrderSide.Sell,OrderStatus.Filled,603986.SH,,TimeInForce.GTC,,,,1571846400000000000,2019-10-23T16:00:00Z
485.514,2911748.8365,1574092800000000000,2019-11-18T16:00:00Z,2398900.0,,d23f722d-12d3-4bc1-88b4-08e7cd62e1aa,OrderRole.Standalone,OrderType.Market,_default,,PositionEffect.Close,,2398900.0,False,,OrderSide.Sell,OrderStatus.Filled,000661.SZ,,TimeInForce.GTC,,,,1574179200000000000,2019-11-19T16:00:00Z
95.904,2670926.4,1574092800000000000,2019-11-18T16:00:00Z,11140000.0,,3f0cb77b-105b-45e6-b189-53c1946ed362,OrderRole.Standalone,OrderType.Market,_default,,PositionEffect.Close,,11140000.0,False,,OrderSide.Sell,OrderStatus.Filled,002714.SZ,,TimeInForce.GTC,,,,1574179200000000000,2019-11-19T16:00:00Z
442.3572,359083.4571,1574092800000000000,2019-11-18T16:00:00Z,324700.0,,90912c09-b372-4312-8e29-4ce9efe7db52,OrderRole.Standalone,OrderType.Market,_default,,PositionEffect.Close,,324700.0,False,,OrderSide.Sell,OrderStatus.Filled,300782.SZ,,TimeInForce.GTC,,,,1574179200000000000,2019-11-19T16:00:00Z
72.8271,2936261.224575,1574092800000000000,2019-11-18T16:00:00Z,16127300.0,,3d39d86b-ae52-48c8-b95e-570722181be3,OrderRole.Standalone,OrderType.Market,_default,,PositionEffect.Close,,16127300.0,False,,OrderSide.Sell,OrderStatus.Filled,688012.SH,,TimeInForce.GTC,,,,1574179200000000000,2019-11-19T16:00:00Z
23.03301,2585472.6472575,1574092800000000000,2019-11-18T16:00:00Z,44900300.0,,91821e91-fe7b-45ba-bb39-dc59ac1b3d52,OrderRole.Standalone,OrderType.Market,_default,,PositionEffect.Open,,44900300.0,False,,OrderSide.Buy,OrderStatus.Filled,002463.SZ,,TimeInForce.GTC,,,,1574179200000000000,2019-11-19T16:00:00Z
10.79078,2572419.43959,1574092800000000000,2019-11-18T16:00:00Z,95356200.0,,1891791a-976c-439a-be34-a00a66d8405d,OrderRole.Standalone,OrderType.Market,_default,,PositionEffect.Open,,95356200.0,False,,OrderSide.Buy,OrderStatus.Filled,002600.SZ,,TimeInForce.GTC,,,,1574179200000000000,2019-11-19T16:00:00Z
63.08302,2553947.60621,1574092800000000000,2019-11-18T16:00:00Z,16194200.0,,d9b039df-c1af-4e35-a442-4fd8a1f61ef4,OrderRole.Standalone,OrderType.Market,_default,,PositionEffect.Open,,16194200.0,False,,OrderSide.Buy,OrderStatus.Filled,300223.SZ,,TimeInForce.GTC,,,,1574179200000000000,2019-11-19T16:00:00Z
256.256,2564289.728,1574092800000000000,2019-11-18T16:00:00Z,4002700.0,,b232554b-d19f-4717-aaaa-fe873d8f60f9,OrderRole.Standalone,OrderType.Market,_default,,PositionEffect.Open,,4002700.0,False,,OrderSide.Buy,OrderStatus.Filled,300661.SZ,,TimeInForce.GTC,,,,1574179200000000000,2019-11-19T16:00:00Z
83.20312,2569499.55262,1574092800000000000,2019-11-18T16:00:00Z,12352900.0,,58ceb5b5-6f98-4e9a-ab17-4661daf1caa4,OrderRole.Standalone,OrderType.Market,_default,,PositionEffect.Open,,12352900.0,False,,OrderSide.Buy,OrderStatus.Filled,600745.SH,,TimeInForce.GTC,,,,1574179200000000000,2019-11-19T16:00:00Z
10.78077,2539550.52351,1574092800000000000,2019-11-18T16:00:00Z,94225200.0,,cdd124aa-29db-4134-8f3a-600eb93a587f,OrderRole.Standalone,OrderType.Market,_default,,PositionEffect.Open,,94225200.0,False,,OrderSide.Buy,OrderStatus.Filled,601698.SH,,TimeInForce.GTC,,,,1574179200000000000,2019-11-19T16:00:00Z
126.126,2551528.98,1574092800000000000,2019-11-18T16:00:00Z,8092000.0,,1c9953ea-1b82-4e85-88c7-c469a4490751,OrderRole.Standalone,OrderType.Market,_default,,PositionEffect.Open,,8092000.0,False,,OrderSide.Buy,OrderStatus.Filled,603501.SH,,TimeInForce.GTC,,,,1574179200000000000,2019-11-19T16:00:00Z
177.22705,2557607.8653125,1574092800000000000,2019-11-18T16:00:00Z,5772500.0,,03fff7f2-412d-4ddc-a691-9710e163b220,OrderRole.Standalone,OrderType.Market,_default,,PositionEffect.Open,,5772500.0,False,,OrderSide.Buy,OrderStatus.Filled,603986.SH,,TimeInForce.GTC,,,,1574179200000000000,2019-11-19T16:00:00Z
22.37235,321199.82895,1574092800000000000,2019-11-18T16:00:00Z,5742800.0,,1aa3dcba-71c5-4f2b-a274-f850adead8c7,OrderRole.Standalone,OrderType.Market,_default,,PositionEffect.Open,,5742800.0,False,,OrderSide.Buy,OrderStatus.Filled,600183.SH,,TimeInForce.GTC,,,,1574179200000000000,2019-11-19T16:00:00Z
432.567,2522190.03525,1574179200000000000,2019-11-19T16:00:00Z,2332300.0,,54da8a69-5c96-4a9f-a325-e3c7b87ea603,OrderRole.Standalone,OrderType.Market,_default,,PositionEffect.Close,,2332300.0,False,,OrderSide.Sell,OrderStatus.Filled,300782.SZ,,TimeInForce.GTC,,,,1574265600000000000,2019-11-20T16:00:00Z
22.2777,2557396.418625,1574179200000000000,2019-11-19T16:00:00Z,45918500.0,,b539950c-f3f2-49fa-b6fa-8edaf3555a51,OrderRole.Standalone,OrderType.Market,_default,,PositionEffect.Close,,45918500.0,False,,OrderSide.Sell,OrderStatus.Filled,600183.SH,,TimeInForce.GTC,,,,1574265600000000000,2019-11-20T16:00:00Z
24.41556,2740664.92167,1576512000000000000,2019-12-16T16:00:00Z,44900300.0,,6a2b47a1-04c6-488c-9921-a3b4bb3c8436,OrderRole.Standalone,OrderType.Market,_default,,PositionEffect.Close,,44900300.0,False,,OrderSide.Sell,OrderStatus.Filled,002463.SZ,,TimeInForce.GTC,,,,1576598400000000000,2019-12-17T16:00:00Z
86.90301,675149.48469,1576512000000000000,2019-12-16T16:00:00Z,3107600.0,,df3360f4-c1e9-451b-a7f3-e2bed5ec3de1,OrderRole.Standalone,OrderType.Market,_default,,PositionEffect.Close,,3107600.0,False,,OrderSide.Sell,OrderStatus.Filled,300223.SZ,,TimeInForce.GTC,,,,1576598400000000000,2019-12-17T16:00:00Z
108.891,410981.85675,1576512000000000000,2019-12-16T16:00:00Z,1509700.0,,cb3c5c76-7dfd-4eb5-b3c9-976077669c8b,OrderRole.Standalone,OrderType.Market,_default,,PositionEffect.Close,,1509700.0,False,,OrderSide.Sell,OrderStatus.Filled,600745.SH,,TimeInForce.GTC,,,,1576598400000000000,2019-12-17T16:00:00Z
12.03795,2835695.61585,1576512000000000000,2019-12-16T16:00:00Z,94225200.0,,c8dcdfe2-9e31-458f-84b6-8c2cd038aaff,OrderRole.Standalone,OrderType.Market,_default,,PositionEffect.Close,,94225200.0,False,,OrderSide.Sell,OrderStatus.Filled,601698.SH,,TimeInForce.GTC,,,,1576598400000000000,2019-12-17T16:00:00Z
149.85,218930.85,1576512000000000000,2019-12-16T16:00:00Z,584400.0,,a6e0ac05-d37e-491e-82da-60ddd597fc99,OrderRole.Standalone,OrderType.Market,_default,,PositionEffect.Close,,584400.0,False,,OrderSide.Sell,OrderStatus.Filled,603501.SH,,TimeInForce.GTC,,,,1576598400000000000,2019-12-17T16:00:00Z
202.31748,2919694.13325,1576512000000000000,2019-12-16T16:00:00Z,5772500.0,,65d1df5d-f295-4688-b126-e79c44e5ee0c,OrderRole.Standalone,OrderType.Market,_default,,PositionEffect.Close,,5772500.0,False,,OrderSide.Sell,OrderStatus.Filled,603986.SH,,TimeInForce.GTC,,,,1576598400000000000,2019-12-17T16:00:00Z
,0.0,1576512000000000000,2019-12-16T16:00:00Z,0.0,,285d0e7b-7676-49f6-80c9-7f913c3edf40,OrderRole.Standalone,OrderType.Market,_default,,PositionEffect.Close,,4002700.0,False,"Symbol 300661.SZ not tradable (zero volume, suspension) at execution timestamp 1576598400000000000",OrderSide.Sell,OrderStatus.Rejected,300661.SZ,,TimeInForce.GTC,,,,1576598400000000000,2019-12-17T16:00:00Z
55.62557,2810217.7027925,1576512000000000000,2019-12-16T16:00:00Z,20208100.0,,5b460fb5-0475-4163-b70b-addd8c720621,OrderRole.Standalone,OrderType.Market,_default,,PositionEffect.Open,,20208100.0,False,,OrderSide.Buy,OrderStatus.Filled,300014.SZ,,TimeInForce.GTC,,,,1576598400000000000,2019-12-17T16:00:00Z
114.114,2873590.2195,1576512000000000000,2019-12-16T16:00:00Z,10072700.0,,33fb4fbf-2dbb-4879-ad00-b519ae5868c3,OrderRole.Standalone,OrderType.Market,_default,,PositionEffect.Open,,10072700.0,False,,OrderSide.Buy,OrderStatus.Filled,300033.SZ,,TimeInForce.GTC,,,,1576598400000000000,2019-12-17T16:00:00Z
44.30426,2854966.5144,1576512000000000000,2019-12-16T16:00:00Z,25776000.0,,7fd5d085-56f8-4df2-84e4-84670c26da31,OrderRole.Standalone,OrderType.Market,_default,,PositionEffect.Open,,25776000.0,False,,OrderSide.Buy,OrderStatus.Filled,300502.SZ,,TimeInForce.GTC,,,,1576598400000000000,2019-12-17T16:00:00Z
43.99395,2923661.9412,1576512000000000000,2019-12-16T16:00:00Z,26582400.0,,c19e8632-7d2a-433a-8cfd-3b6884d3de59,OrderRole.Standalone,OrderType.Market,_default,,PositionEffect.Open,,26582400.0,False,,OrderSide.Buy,OrderStatus.Filled,300803.SZ,,TimeInForce.GTC,,,,1576598400000000000,2019-12-17T16:00:00Z
24.59457,2889142.5838275,1576512000000000000,2019-12-16T16:00:00Z,46988300.0,,76eecb1e-56bf-4983-b801-3229345c8ca4,OrderRole.Standalone,OrderType.Market,_default,,PositionEffect.Open,,46988300.0,False,,OrderSide.Buy,OrderStatus.Filled,600584.SH,,TimeInForce.GTC,,,,1576598400000000000,2019-12-17T16:00:00Z
24.73471,2816108.570275,1576512000000000000,2019-12-16T16:00:00Z,45541000.0,,b3868518-332c-43b9-bae4-be4b24a9b7b6,OrderRole.Standalone,OrderType.Market,_default,,PositionEffect.Open,,45541000.0,False,,OrderSide.Buy,OrderStatus.Filled,002555.SZ,,TimeInForce.GTC,,,,1576598400000000000,2019-12-17T16:00:00Z
11.29128,157428.6714,1576512000000000000,2019-12-16T16:00:00Z,5577000.0,,7eb076a1-26f8-4f20-bdcf-9ddf162eae1d,OrderRole.Standalone,OrderType.Market,_default,,PositionEffect.Open,,5577000.0,False,,OrderSide.Buy,OrderStatus.Filled,002600.SZ,,TimeInForce.GTC,,,,1576598400000000000,2019-12-17T16:00:00Z
11.7882,2974551.8706,1576598400000000000,2019-12-17T16:00:00Z,100933200.0,,133d33e0-dd3e-42e1-9dd3-950e9c000369,OrderRole.Standalone,OrderType.Market,_default,,PositionEffect.Close,,100933200.0,False,,OrderSide.Sell,OrderStatus.Filled,002600.SZ,,TimeInForce.GTC,,,,1576684800000000000,2019-12-18T16:00:00Z
92.5074,3026518.3521,1576598400000000000,2019-12-17T16:00:00Z,13086600.0,,6ba02048-afda-40f9-943f-7edfd7662564,OrderRole.Standalone,OrderType.Market,_default,,PositionEffect.Close,,13086600.0,False,,OrderSide.Sell,OrderStatus.Filled,300223.SZ,,TimeInForce.GTC,,,,1576684800000000000,2019-12-18T16:00:00Z
99.75015,2704027.0662,1576598400000000000,2019-12-17T16:00:00Z,10843200.0,,257f3227-5fb0-4c2d-bc7f-221cd123c25e,OrderRole.Standalone,OrderType.Market,_default,,PositionEffect.Close,,10843200.0,False,,OrderSide.Sell,OrderStatus.Filled,600745.SH,,TimeInForce.GTC,,,,1576684800000000000,2019-12-18T16:00:00Z
148.87098,2794159.42362,1576598400000000000,2019-12-17T16:00:00Z,7507600.0,,cfc3f55a-8f5d-445f-8fbc-ef41551e4502,OrderRole.Standalone,OrderType.Market,_default,,PositionEffect.Close,,7507600.0,False,,OrderSide.Sell,OrderStatus.Filled,603501.SH,,TimeInForce.GTC,,,,1576684800000000000,2019-12-18T16:00:00Z
29.24073,3329130.212325,1579017600000000000,2020-01-14T16:00:00Z,45541000.0,,a3ae81b5-9405-4ee6-b1a1-e8c2bfa3fd2d,OrderRole.Standalone,OrderType.Market,_default,,PositionEffect.Close,,45541000.0,False,,OrderSide.Sell,OrderStatus.Filled,002555.SZ,,TimeInForce.GTC,,,,1579104000000000000,2020-01-15T16:00:00Z
54.47547,2752114.3632675,1579017600000000000,2020-01-14T16:00:00Z,20208100.0,,9627c626-9c0b-4be8-9274-cf97e8f53bb1,OrderRole.Standalone,OrderType.Market,_default,,PositionEffect.Close,,20208100.0,False,,OrderSide.Sell,OrderStatus.Filled,300014.SZ,,TimeInForce.GTC,,,,1579104000000000000,2020-01-15T16:00:00Z
109.88001,2766970.9418175,1579017600000000000,2020-01-14T16:00:00Z,10072700.0,,775541f9-3689-4775-b215-b5524a0d7485,OrderRole.Standalone,OrderType.Market,_default,,PositionEffect.Close,,10072700.0,False,,OrderSide.Sell,OrderStatus.Filled,300033.SZ,,TimeInForce.GTC,,,,1579104000000000000,2020-01-15T16:00:00Z
42.53742,2741111.3448,1579017600000000000,2020-01-14T16:00:00Z,25776000.0,,fb4f1a51-d5c2-40ca-883d-489903dea525,OrderRole.Standalone,OrderType.Market,_default,,PositionEffect.Close,,25776000.0,False,,OrderSide.Sell,OrderStatus.Filled,300502.SZ,,TimeInForce.GTC,,,,1579104000000000000,2020-01-15T16:00:00Z
43.956,49637.313,1579017600000000000,2020-01-14T16:00:00Z,451700.0,,273aafaa-1c52-40dc-8d05-49a144e8bf2e,OrderRole.Standalone,OrderType.Market,_default,,PositionEffect.Close,,451700.0,False,,OrderSide.Sell,OrderStatus.Filled,300803.SZ,,TimeInForce.GTC,,,,1579104000000000000,2020-01-15T16:00:00Z
23.8761,2804743.374075,1579017600000000000,2020-01-14T16:00:00Z,46988300.0,,d5b6f786-b8d8-4bf8-8e6d-a398cd8a780a,OrderRole.Standalone,OrderType.Market,_default,,PositionEffect.Close,,46988300.0,False,,OrderSide.Sell,OrderStatus.Filled,600584.SH,,TimeInForce.GTC,,,,1579104000000000000,2020-01-15T16:00:00Z
21.53151,2878579.869165,1579017600000000000,2020-01-14T16:00:00Z,53476600.0,,a015227c-7d1d-4b78-9dc4-f3fa18d37882,OrderRole.Standalone,OrderType.Market,_default,,PositionEffect.Open,,53476600.0,False,,OrderSide.Buy,OrderStatus.Filled,601689.SH,,TimeInForce.GTC,,,,1579104000000000000,2020-01-15T16:00:00Z
174.68451,2835959.3487225,1579017600000000000,2020-01-14T16:00:00Z,6493900.0,,025e113b-d3c3-43fa-a6df-f03bba58b4b5,OrderRole.Standalone,OrderType.Market,_default,,PositionEffect.Open,,6493900.0,False,,OrderSide.Buy,OrderStatus.Filled,603501.SH,,TimeInForce.GTC,,,,1579104000000000000,2020-01-15T16:00:00Z
45.26522,2824764.737795,1579017600000000000,2020-01-14T16:00:00Z,24961900.0,,941b4b38-1778-424d-9940-9270cd82ebac,OrderRole.Standalone,OrderType.Market,_default,,PositionEffect.Open,,24961900.0,False,,OrderSide.Buy,OrderStatus.Filled,603799.SH,,TimeInForce.GTC,,,,1579104000000000000,2020-01-15T16:00:00Z
255.76551,2869689.0222,1579017600000000000,2020-01-14T16:00:00Z,4488000.0,,2e89e607-5314-433c-b55b-47e8c0754228,OrderRole.Standalone,OrderType.Market,_default,,PositionEffect.Open,,4488000.0,False,,OrderSide.Buy,OrderStatus.Filled,603986.SH,,TimeInForce.GTC,,,,1579104000000000000,2020-01-15T16:00:00Z
147.147,2877238.8645,1579017600000000000,2020-01-14T16:00:00Z,7821400.0,,49f94162-3b4f-4d06-8fa1-52117d52b5b6,OrderRole.Standalone,OrderType.Market,_default,,PositionEffect.Open,,7821400.0,False,,OrderSide.Buy,OrderStatus.Filled,688012.SH,,TimeInForce.GTC,,,,1579104000000000000,2020-01-15T16:00:00Z
41.82178,2855371.574055,1579017600000000000,2020-01-14T16:00:00Z,27309900.0,,4075b397-6d79-4507-aad8-476b6de70bf0,OrderRole.Standalone,OrderType.Market,_default,,PositionEffect.Open,,27309900.0,False,,OrderSide.Buy,OrderStatus.Filled,002460.SZ,,TimeInForce.GTC,,,,1579104000000000000,2020-01-15T16:00:00Z
89.10902,2835493.57091,1579017600000000000,2020-01-14T16:00:00Z,12728200.0,,add60584-5e8d-4a40-adf3-307d586585ab,OrderRole.Standalone,OrderType.Market,_default,,PositionEffect.Open,,12728200.0,False,,OrderSide.Buy,OrderStatus.Filled,300223.SZ,,TimeInForce.GTC,,,,1579104000000000000,2020-01-15T16:00:00Z
200.7005,2858677.57175,1579017600000000000,2020-01-14T16:00:00Z,5697400.0,,4e760a45-f8f6-4117-a636-b9e90d3cf792,OrderRole.Standalone,OrderType.Market,_default,,PositionEffect.Open,,5697400.0,False,,OrderSide.Buy,OrderStatus.Filled,300751.SZ,,TimeInForce.GTC,,,,1579104000000000000,2020-01-15T16:00:00Z
266.266,215475.7605,1579017600000000000,2020-01-14T16:00:00Z,323700.0,,627a1322-d9f5-43d4-8f7a-9ea3c40db60e,OrderRole.Standalone,OrderType.Market,_default,,PositionEffect.Open,,323700.0,False,,OrderSide.Buy,OrderStatus.Filled,300661.SZ,,TimeInForce.GTC,,,,1579104000000000000,2020-01-15T16:00:00Z
43.98597,2873460.4656975,1579104000000000000,2020-01-15T16:00:00Z,26130700.0,,fef6e1a1-b7b6-401f-a204-7ca218a2cae7,OrderRole.Standalone,OrderType.Market,_default,,PositionEffect.Close,,26130700.0,False,,OrderSide.Sell,OrderStatus.Filled,300803.SZ,,TimeInForce.GTC,,,,1579190400000000000,2020-01-16T16:00:00Z
58.33161,3982576.0898475,1582128000000000000,2020-02-19T16:00:00Z,27309900.0,,c39e0905-66fe-4480-9855-7ea203a55988,OrderRole.Standalone,OrderType.Market,_default,,PositionEffect.Close,,27309900.0,False,,OrderSide.Sell,OrderStatus.Filled,002460.SZ,,TimeInForce.GTC,,,,1582214400000000000,2020-02-20T16:00:00Z
128.3715,636722.64,1582128000000000000,2020-02-19T16:00:00Z,1984000.0,,82d32cba-500c-4f95-8028-9c4fb30059de,OrderRole.Standalone,OrderType.Market,_default,,PositionEffect.Close,,1984000.0,False,,OrderSide.Sell,OrderStatus.Filled,300223.SZ,,TimeInForce.GTC,,,,1582214400000000000,2020-02-20T16:00:00Z
336.97269,3644696.61504,1582128000000000000,2020-02-19T16:00:00Z,4326400.0,,f64dabb3-49ae-4511-85d1-7363fa60c671,OrderRole.Standalone,OrderType.Market,_default,,PositionEffect.Close,,4326400.0,False,,OrderSide.Sell,OrderStatus.Filled,300661.SZ,,TimeInForce.GTC,,,,1582214400000000000,2020-02-20T16:00:00Z
218.72106,3115353.41811,1582128000000000000,2020-02-19T16:00:00Z,5697400.0,,0d77de9e-e22d-432b-a4ea-13656f8fb2f9,OrderRole.Standalone,OrderType.Market,_default,,PositionEffect.Close,,5697400.0,False,,OrderSide.Sell,OrderStatus.Filled,300751.SZ,,TimeInForce.GTC,,,,1582214400000000000,2020-02-20T16:00:00Z
24.85512,3322918.27548,1582128000000000000,2020-02-19T16:00:00Z,53476600.0,,2c35f391-3c24-48e5-9b3e-f58d518a0056,OrderRole.Standalone,OrderType.Market,_default,,PositionEffect.Close,,53476600.0,False,,OrderSide.Sell,OrderStatus.Filled,601689.SH,,TimeInForce.GTC,,,,1582214400000000000,2020-02-20T16:00:00Z
199.8,3243703.05,1582128000000000000,2020-02-19T16:00:00Z,6493900.0,,1d615961-aee8-41b1-aab9-f43eaa07dc71,OrderRole.Standalone,OrderType.Market,_default,,PositionEffect.Close,,6493900.0,False,,OrderSide.Sell,OrderStatus.Filled,603501.SH,,TimeInForce.GTC,,,,1582214400000000000,2020-02-20T16:00:00Z
46.11384,2877722.65674,1582128000000000000,2020-02-19T16:00:00Z,24961900.0,,b0bcbe99-10ae-4ab9-ad4d-a2fdd098306f,OrderRole.Standalone,OrderType.Market,_default,,PositionEffect.Close,,24961900.0,False,,OrderSide.Sell,OrderStatus.Filled,603799.SH,,TimeInForce.GTC,,,,1582214400000000000,2020-02-20T16:00:00Z
373.01661,4185246.3642,1582128000000000000,2020-02-19T16:00:00Z,4488000.0,,edde370f-bd32-42f2-a19a-0bad7e05c190,OrderRole.Standalone,OrderType.Market,_default,,PositionEffect.Close,,4488000.0,False,,OrderSide.Sell,OrderStatus.Filled,603986.SH,,TimeInForce.GTC,,,,1582214400000000000,2020-02-20T16:00:00Z
190.809,288503.208,1582128000000000000,2020-02-19T16:00:00Z,604800.0,,1fcaf1eb-8b34-474a-979f-49d67d4823e4,OrderRole.Standalone,OrderType.Market,_default,,PositionEffect.Close,,604800.0,False,,OrderSide.Sell,OrderStatus.Filled,688012.SH,,TimeInForce.GTC,,,,1582214400000000000,2020-02-20T16:00:00Z
26.026,3359637.7815,1582128000000000000,2020-02-19T16:00:00Z,51635100.0,,5ecd7cd0-0418-4983-a800-5f07d93cf122,OrderRole.Standalone,OrderType.Market,_default,,PositionEffect.Open,,51635100.0,False,,OrderSide.Buy,OrderStatus.Filled,002074.SZ,,TimeInForce.GTC,,,,1582214400000000000,2020-02-20T16:00:00Z
12.96295,3477324.30045,1582128000000000000,2020-02-19T16:00:00Z,107300400.0,,fe17ea0c-29a1-4521-b144-8d59e0115914,OrderRole.Standalone,OrderType.Market,_default,,PositionEffect.Open,,107300400.0,False,,OrderSide.Buy,OrderStatus.Filled,002600.SZ,,TimeInForce.GTC,,,,1582214400000000000,2020-02-20T16:00:00Z
15.98597,3487743.0012425,1582128000000000000,2020-02-19T16:00:00Z,87270100.0,,ad09df5b-9f76-488f-ba07-14926ec15723,OrderRole.Standalone,OrderType.Market,_default,,PositionEffect.Open,,87270100.0,False,,OrderSide.Buy,OrderStatus.Filled,002603.SZ,,TimeInForce.GTC,,,,1582214400000000000,2020-02-20T16:00:00Z
8.47847,3478748.0352625,1582128000000000000,2020-02-19T16:00:00Z,164121500.0,,9b1ae078-4c01-4af8-87d0-f8fdf2174051,OrderRole.Standalone,OrderType.Market,_default,,PositionEffect.Open,,164121500.0,False,,OrderSide.Buy,OrderStatus.Filled,002625.SZ,,TimeInForce.GTC,,,,1582214400000000000,2020-02-20T16:00:00Z
41.13109,3626435.6603475,1582128000000000000,2020-02-19T16:00:00Z,35267100.0,,d1e5ead4-c978-4b71-b7fc-d5f73d2d467b,OrderRole.Standalone,OrderType.Market,_default,,PositionEffect.Open,,35267100.0,False,,OrderSide.Buy,OrderStatus.Filled,002837.SZ,,TimeInForce.GTC,,,,1582214400000000000,2020-02-20T16:00:00Z
64.84478,3449612.60644,1582128000000000000,2020-02-19T16:00:00Z,21279200.0,,4883a19d-9463-4827-a9d3-f11685a39862,OrderRole.Standalone,OrderType.Market,_default,,PositionEffect.Open,,21279200.0,False,,OrderSide.Buy,OrderStatus.Filled,300502.SZ,,TimeInForce.GTC,,,,1582214400000000000,2020-02-20T16:00:00Z
19.65964,3420649.57234,1582128000000000000,2020-02-19T16:00:00Z,69597400.0,,f877ff9f-c5cb-4691-ae47-b6207448c13c,OrderRole.Standalone,OrderType.Market,_default,,PositionEffect.Open,,69597400.0,False,,OrderSide.Buy,OrderStatus.Filled,601698.SH,,TimeInForce.GTC,,,,1582214400000000000,2020-02-20T16:00:00Z
105.71561,3429176.5282775,1582128000000000000,2020-02-19T16:00:00Z,12975100.0,,f9bd2bbf-fce2-45d9-82e6-04a1e216ff2c,OrderRole.Standalone,OrderType.Market,_default,,PositionEffect.Open,,12975100.0,False,,OrderSide.Buy,OrderStatus.Filled,688008.SH,,TimeInForce.GTC,,,,1582214400000000000,2020-02-20T16:00:00Z
128.871,3461539.4955,1582214400000000000,2020-02-20T16:00:00Z,10744200.0,,22434682-85d2-4d57-8886-062aec87c000,OrderRole.Standalone,OrderType.Market,_default,,PositionEffect.Close,,10744200.0,False,,OrderSide.Sell,OrderStatus.Filled,300223.SZ,,TimeInForce.GTC,,,,1582473600000000000,2020-02-23T16:00:00Z
188.811,3406433.6565,1582214400000000000,2020-02-20T16:00:00Z,7216600.0,,f0b761c6-2e0b-4553-9553-99f2793837bc,OrderRole.Standalone,OrderType.Market,_default,,PositionEffect.Close,,7216600.0,False,,OrderSide.Sell,OrderStatus.Filled,688012.SH,,TimeInForce.GTC,,,,1582473600000000000,2020-02-23T16:00:00Z
19.49049,2515983.5004975,1584547200000000000,2020-03-18T16:00:00Z,51635100.0,,4a8c0cab-33d7-48be-9be7-0e244b9c6232,OrderRole.Standalone,OrderType.Market,_default,,PositionEffect.Close,,51635100.0,False,,OrderSide.Sell,OrderStatus.Filled,002074.SZ,,TimeInForce.GTC,,,,1584633600000000000,2020-03-19T16:00:00Z
9.27072,2486879.91072,1584547200000000000,2020-03-18T16:00:00Z,107300400.0,,90cb3c2e-3455-4a3d-ae82-6966531c0bd3,OrderRole.Standalone,OrderType.Market,_default,,PositionEffect.Close,,107300400.0,False,,OrderSide.Sell,OrderStatus.Filled,002600.SZ,,TimeInForce.GTC,,,,1584633600000000000,2020-03-19T16:00:00Z
17.21277,3755400.3979425,1584547200000000000,2020-03-18T16:00:00Z,87270100.0,,e2ac199c-71d0-4c01-896a-1a37bec4f3e1,OrderRole.Standalone,OrderType.Market,_default,,PositionEffect.Close,,87270100.0,False,,OrderSide.Sell,OrderStatus.Filled,002603.SZ,,TimeInForce.GTC,,,,1584633600000000000,2020-03-19T16:00:00Z
7.61238,3123388.060425,1584547200000000000,2020-03-18T16:00:00Z,164121500.0,,304b4a8c-1c45-4c88-b24d-93c2522371bd,OrderRole.Standalone,OrderType.Market,_default,,PositionEffect.Close,,164121500.0,False,,OrderSide.Sell,OrderStatus.Filled,002625.SZ,,TimeInForce.GTC,,,,1584633600000000000,2020-03-19T16:00:00Z
44.44551,3918660.6143025,1584547200000000000,2020-03-18T16:00:00Z,35267100.0,,4307f1fb-8ed9-4980-bb06-356899b55c5d,OrderRole.Standalone,OrderType.Market,_default,,PositionEffect.Close,,35267100.0,False,,OrderSide.Sell,OrderStatus.Filled,002837.SZ,,TimeInForce.GTC,,,,1584633600000000000,2020-03-19T16:00:00Z
63.6363,3385323.8874,1584547200000000000,2020-03-18T16:00:00Z,21279200.0,,704fa2ae-97c5-452e-ba95-3d44874217ea,OrderRole.Standalone,OrderType.Market,_default,,PositionEffect.Close,,21279200.0,False,,OrderSide.Sell,OrderStatus.Filled,300502.SZ,,TimeInForce.GTC,,,,1584633600000000000,2020-03-19T16:00:00Z
16.12386,2805446.83491,1584547200000000000,2020-03-18T16:00:00Z,69597400.0,,3f2123ec-6949-4b3d-9bb3-75df31d49bbd,OrderRole.Standalone,OrderType.Market,_default,,PositionEffect.Close,,69597400.0,False,,OrderSide.Sell,OrderStatus.Filled,601698.SH,,TimeInForce.GTC,,,,1584633600000000000,2020-03-19T16:00:00Z
87.76215,2846806.6811625,1584547200000000000,2020-03-18T16:00:00Z,12975100.0,,66b850d3-4dfd-488f-adfc-d9696c420d1d,OrderRole.Standalone,OrderType.Market,_default,,PositionEffect.Close,,12975100.0,False,,OrderSide.Sell,OrderStatus.Filled,688008.SH,,TimeInForce.GTC,,,,1584633600000000000,2020-03-19T16:00:00Z
12.4124,3180106.5296,1584547200000000000,2020-03-18T16:00:00Z,102481600.0,,a1299708-d3fd-4a7f-b16a-ba7ebe08cc0c,OrderRole.Standalone,OrderType.Market,_default,,PositionEffect.Open,,102481600.0,False,,OrderSide.Buy,OrderStatus.Filled,000001.SZ,,TimeInForce.GTC,,,,1584633600000000000,2020-03-19T16:00:00Z
5.48548,3159572.02561,1584547200000000000,2020-03-18T16:00:00Z,230395300.0,,17e3463e-2620-4d22-8aa6-dc4393d75431,OrderRole.Standalone,OrderType.Market,_default,,PositionEffect.Open,,230395300.0,False,,OrderSide.Buy,OrderStatus.Filled,000657.SZ,,TimeInForce.GTC,,,,1584633600000000000,2020-03-19T16:00:00Z
41.31127,3162563.619215,1584547200000000000,2020-03-18T16:00:00Z,30621800.0,,6c5dd700-c3dd-4b82-a920-ef02510745f5,OrderRole.Standalone,OrderType.Market,_default,,PositionEffect.Open,,30621800.0,False,,OrderSide.Buy,OrderStatus.Filled,002007.SZ,,TimeInForce.GTC,,,,1584633600000000000,2020-03-19T16:00:00Z
59.5595,3187937.127375,1584547200000000000,2020-03-18T16:00:00Z,21410100.0,,14054135-a8ab-432d-a15e-49152c50af44,OrderRole.Standalone,OrderType.Market,_default,,PositionEffect.Open,,21410100.0,False,,OrderSide.Buy,OrderStatus.Filled,300122.SZ,,TimeInForce.GTC,,,,1584633600000000000,2020-03-19T16:00:00Z
67.1671,3215087.5757,1584547200000000000,2020-03-18T16:00:00Z,19146800.0,,fc0e84f5-6c23-4fc8-9793-6282973a8860,OrderRole.Standalone,OrderType.Market,_default,,PositionEffect.Open,,19146800.0,False,,OrderSide.Buy,OrderStatus.Filled,300347.SZ,,TimeInForce.GTC,,,,1584633600000000000,2020-03-19T16:00:00Z
88.47839,3141823.389705,1584547200000000000,2020-03-18T16:00:00Z,14203800.0,,d1759192-7d2f-4f83-917c-556ab55841a2,OrderRole.Standalone,OrderType.Market,_default,,PositionEffect.Open,,14203800.0,False,,OrderSide.Buy,OrderStatus.Filled,300628.SZ,,TimeInForce.GTC,,,,1584633600000000000,2020-03-19T16:00:00Z
230.3301,3189265.72965,1584547200000000000,2020-03-18T16:00:00Z,5538600.0,,edbe90e5-86f9-4789-ab0d-3300ff6aba79,OrderRole.Standalone,OrderType.Market,_default,,PositionEffect.Open,,5538600.0,False,,OrderSide.Buy,OrderStatus.Filled,300760.SZ,,TimeInForce.GTC,,,,1584633600000000000,2020-03-19T16:00:00Z
80.05998,3175418.98674,1584547200000000000,2020-03-18T16:00:00Z,15865200.0,,f417184b-bbb7-4aa4-88a4-10284b4387ee,OrderRole.Standalone,OrderType.Market,_default,,PositionEffect.Open,,15865200.0,False,,OrderSide.Buy,OrderStatus.Filled,600276.SH,,TimeInForce.GTC,,,,1584633600000000000,2020-03-19T16:00:00Z
92.56247,3105262.6029425,1584547200000000000,2020-03-18T16:00:00Z,13419100.0,,80dfe164-6856-4399-9ed8-5019076b722c,OrderRole.Standalone,OrderType.Market,_default,,PositionEffect.Open,,13419100.0,False,,OrderSide.Buy,OrderStatus.Filled,603288.SH,,TimeInForce.GTC,,,,1584633600000000000,2020-03-19T16:00:00Z
34.92489,3207283.6170375,1584547200000000000,2020-03-18T16:00:00Z,36733500.0,,bf2dd877-b58d-4b3d-9c5c-d00f04fa2cbb,OrderRole.Standalone,OrderType.Market,_default,,PositionEffect.Open,,36733500.0,False,,OrderSide.Buy,OrderStatus.Filled,002555.SZ,,TimeInForce.GTC,,,,1584633600000000000,2020-03-19T16:00:00Z
12.84714,3291488.65656,1587052800000000000,2020-04-16T16:00:00Z,102481600.0,,becab46d-6a8f-48ac-a3ce-c697b98c4f45,OrderRole.Standalone,OrderType.Market,_default,,PositionEffect.Close,,102481600.0,False,,OrderSide.Sell,OrderStatus.Filled,000001.SZ,,TimeInForce.GTC,,,,1587312000000000000,2020-04-19T16:00:00Z
5.57442,3210800.420565,1587052800000000000,2020-04-16T16:00:00Z,230395300.0,,ddaa3492-96c0-45ea-97c1-b4f18ce05be3,OrderRole.Standalone,OrderType.Market,_default,,PositionEffect.Close,,230395300.0,False,,OrderSide.Sell,OrderStatus.Filled,000657.SZ,,TimeInForce.GTC,,,,1587312000000000000,2020-04-19T16:00:00Z
48.77118,3733641.106515,1587052800000000000,2020-04-16T16:00:00Z,30621700.0,,4b608fed-15dd-4b6c-9aca-b4fa04b5f9ea,OrderRole.Standalone,OrderType.Market,_default,,PositionEffect.Close,,30621700.0,False,,OrderSide.Sell,OrderStatus.Filled,002007.SZ,,TimeInForce.GTC,,,,1587312000000000000,2020-04-19T16:00:00Z
36.30366,3333901.236525,1587052800000000000,2020-04-16T16:00:00Z,36733500.0,,f4914c18-d3f3-4a62-a387-58a5cbc678da,OrderRole.Standalone,OrderType.Market,_default,,PositionEffect.Close,,36733500.0,False,,OrderSide.Sell,OrderStatus.Filled,002555.SZ,,TimeInForce.GTC,,,,1587312000000000000,2020-04-19T16:00:00Z
77.55237,4151009.9923425,1587052800000000000,2020-04-16T16:00:00Z,21410100.0,,a144bbf6-6537-4cbd-b7aa-eeef275b377e,OrderRole.Standalone,OrderType.Market,_default,,PositionEffect.Close,,21410100.0,False,,OrderSide.Sell,OrderStatus.Filled,300122.SZ,,TimeInForce.GTC,,,,1587312000000000000,2020-04-19T16:00:00Z
76.923,3682073.241,1587052800000000000,2020-04-16T16:00:00Z,19146800.0,,8534e9eb-86c1-4339-bcaa-62ea832c5058,OrderRole.Standalone,OrderType.Market,_default,,PositionEffect.Close,,19146800.0,False,,OrderSide.Sell,OrderStatus.Filled,300347.SZ,,TimeInForce.GTC,,,,1587312000000000000,2020-04-19T16:00:00Z
78.80112,2798188.37064,1587052800000000000,2020-04-16T16:00:00Z,14203800.0,,0b8db949-e0d9-41f7-adf6-11c362db9778,OrderRole.Standalone,OrderType.Market,_default,,PositionEffect.Close,,14203800.0,False,,OrderSide.Sell,OrderStatus.Filled,300628.SZ,,TimeInForce.GTC,,,,1587312000000000000,2020-04-19T16:00:00Z
259.74,3596489.91,1587052800000000000,2020-04-16T16:00:00Z,5538600.0,,8a12b377-8239-46f2-9584-f32b0ec0334c,OrderRole.Standalone,OrderType.Market,_default,,PositionEffect.Close,,5538600.0,False,,OrderSide.Sell,OrderStatus.Filled,300760.SZ,,TimeInForce.GTC,,,,1587312000000000000,2020-04-19T16:00:00Z
96.5034,3827614.3542,1587052800000000000,2020-04-16T16:00:00Z,15865200.0,,5c6af0ad-a336-40f8-b263-b145b5f92cdc,OrderRole.Standalone,OrderType.Market,_default,,PositionEffect.Close,,15865200.0,False,,OrderSide.Sell,OrderStatus.Filled,600276.SH,,TimeInForce.GTC,,,,1587312000000000000,2020-04-19T16:00:00Z
126.7731,4252952.265525,1587052800000000000,2020-04-16T16:00:00Z,13419100.0,,98dbd86c-0dca-4745-b494-0087b2d22843,OrderRole.Standalone,OrderType.Market,_default,,PositionEffect.Close,,13419100.0,False,,OrderSide.Sell,OrderStatus.Filled,603288.SH,,TimeInForce.GTC,,,,1587312000000000000,2020-04-19T16:00:00Z
160.18002,3538977.316875,1587052800000000000,2020-04-16T16:00:00Z,8837500.0,,8702909c-da0b-4a3a-a115-a4ac0e413317,OrderRole.Standalone,OrderType.Market,_default,,PositionEffect.Open,,8837500.0,False,,OrderSide.Buy,OrderStatus.Filled,688012.SH,,TimeInForce.GTC,,,,1587312000000000000,2020-04-19T16:00:00Z
245.10486,3568665.485385,1587052800000000000,2020-04-16T16:00:00Z,5823900.0,,b1624267-7113-4dc3-8a0b-afac55944aac,OrderRole.Standalone,OrderType.Market,_default,,PositionEffect.Open,,5823900.0,False,,OrderSide.Buy,OrderStatus.Filled,688111.SH,,TimeInForce.GTC,,,,1587312000000000000,2020-04-19T16:00:00Z
34.20417,3444744.7159125,1587052800000000000,2020-04-16T16:00:00Z,40284500.0,,7c675b84-874b-469a-ad4c-546d8d3f5209,OrderRole.Standalone,OrderType.Market,_default,,PositionEffect.Open,,40284500.0,False,,OrderSide.Buy,OrderStatus.Filled,002603.SZ,,TimeInForce.GTC,,,,1587312000000000000,2020-04-19T16:00:00Z
43.41337,3672445.501725,1587052800000000000,2020-04-16T16:00:00Z,33837000.0,,82f201c6-a361-477a-bfcf-3fef5b8b5b73,OrderRole.Standalone,OrderType.Market,_default,,PositionEffect.Open,,33837000.0,False,,OrderSide.Buy,OrderStatus.Filled,002837.SZ,,TimeInForce.GTC,,,,1587312000000000000,2020-04-19T16:00:00Z
230.24001,3557841.3145275,1587052800000000000,2020-04-16T16:00:00Z,6181100.0,,4ab49437-1dc5-4f69-82f6-c8630fa3bb08,OrderRole.Standalone,OrderType.Market,_default,,PositionEffect.Open,,6181100.0,False,,OrderSide.Buy,OrderStatus.Filled,002916.SZ,,TimeInForce.GTC,,,,1587312000000000000,2020-04-19T16:00:00Z
93.093,3544283.2425,1587052800000000000,2020-04-16T16:00:00Z,15229000.0,,4a620dbf-c54e-4400-aee3-7b85ca526ccb,OrderRole.Standalone,OrderType.Market,_default,,PositionEffect.Open,,15229000.0,False,,OrderSide.Buy,OrderStatus.Filled,300223.SZ,,TimeInForce.GTC,,,,1587312000000000000,2020-04-19T16:00:00Z
70.05999,3560168.45184,1587052800000000000,2020-04-16T16:00:00Z,20326400.0,,d666bb8d-085d-49a8-b149-18330028210b,OrderRole.Standalone,OrderType.Market,_default,,PositionEffect.Open,,20326400.0,False,,OrderSide.Buy,OrderStatus.Filled,300502.SZ,,TimeInForce.GTC,,,,1587312000000000000,2020-04-19T16:00:00Z
288.57829,3520438.7042825,1587052800000000000,2020-04-16T16:00:00Z,4879700.0,,cdf21085-a73f-4cd3-bf67-8e1a4446d284,OrderRole.Standalone,OrderType.Market,_default,,PositionEffect.Open,,4879700.0,False,,OrderSide.Buy,OrderStatus.Filled,300661.SZ,,TimeInForce.GTC,,,,1587312000000000000,2020-04-19T16:00:00Z
526.526,3560632.075,1587052800000000000,2020-04-16T16:00:00Z,2705000.0,,b7f02ae6-038a-4581-88ff-50561280c099,OrderRole.Standalone,OrderType.Market,_default,,PositionEffect.Open,,2705000.0,False,,OrderSide.Buy,OrderStatus.Filled,300782.SZ,,TimeInForce.GTC,,,,1587312000000000000,2020-04-19T16:00:00Z
54.33428,3526892.44908,1587052800000000000,2020-04-16T16:00:00Z,25964400.0,,a8c28bae-dac3-4cbb-bb91-2edfd096778c,OrderRole.Standalone,OrderType.Market,_default,,PositionEffect.Open,,25964400.0,False,,OrderSide.Buy,OrderStatus.Filled,300803.SZ,,TimeInForce.GTC,,,,1587312000000000000,2020-04-19T16:00:00Z
40.5594,10.13985,1589904000000000000,2020-05-19T16:00:00Z,100.0,,aa353d65-1e24-40d4-8b70-694bc850e80f,OrderRole.Standalone,OrderType.Market,_default,,PositionEffect.Close,,100.0,False,,OrderSide.Sell,OrderStatus.Filled,002007.SZ,,TimeInForce.GTC,,,,1589990400000000000,2020-05-20T16:00:00Z
29.68029,2989139.1062625,1589904000000000000,2020-05-19T16:00:00Z,40284500.0,,b8e321e3-68fa-49d1-9fad-b8fddd918084,OrderRole.Standalone,OrderType.Market,_default,,PositionEffect.Close,,40284500.0,False,,OrderSide.Sell,OrderStatus.Filled,002603.SZ,,TimeInForce.GTC,,,,1589990400000000000,2020-05-20T16:00:00Z
39.4605,3338062.34625,1589904000000000000,2020-05-19T16:00:00Z,33837000.0,,12e424cb-5e6c-4edf-8f35-377e4425ec8f,OrderRole.Standalone,OrderType.Market,_default,,PositionEffect.Close,,33837000.0,False,,OrderSide.Sell,OrderStatus.Filled,002837.SZ,,TimeInForce.GTC,,,,1589990400000000000,2020-05-20T16:00:00Z
169.74009,3672114.6720375,1589904000000000000,2020-05-19T16:00:00Z,8653500.0,,08c740d6-a8d6-45d2-a1e4-0efd215dd6a2,OrderRole.Standalone,OrderType.Market,_default,,PositionEffect.Close,,8653500.0,False,,OrderSide.Sell,OrderStatus.Filled,002916.SZ,,TimeInForce.GTC,,,,1589990400000000000,2020-05-20T16:00:00Z
107.892,4107718.17,1589904000000000000,2020-05-19T16:00:00Z,15229000.0,,ce3cabfd-10bb-480c-8b6b-7250bc5f6468,OrderRole.Standalone,OrderType.Market,_default,,PositionEffect.Close,,15229000.0,False,,OrderSide.Sell,OrderStatus.Filled,300223.SZ,,TimeInForce.GTC,,,,1589990400000000000,2020-05-20T16:00:00Z
68.61132,3486552.83712,1589904000000000000,2020-05-19T16:00:00Z,20326400.0,,aed04d45-2e6e-4573-aabb-d1c8e83f56cf,OrderRole.Standalone,OrderType.Market,_default,,PositionEffect.Close,,20326400.0,False,,OrderSide.Sell,OrderStatus.Filled,300502.SZ,,TimeInForce.GTC,,,,1589990400000000000,2020-05-20T16:00:00Z
239.25051,2918676.7841175,1589904000000000000,2020-05-19T16:00:00Z,4879700.0,,a3c81ad2-ed74-4c4a-ac28-b9d3603cfd12,OrderRole.Standalone,OrderType.Market,_default,,PositionEffect.Close,,4879700.0,False,,OrderSide.Sell,OrderStatus.Filled,300661.SZ,,TimeInForce.GTC,,,,1589990400000000000,2020-05-20T16:00:00Z
592.45695,4006490.124375,1589904000000000000,2020-05-19T16:00:00Z,2705000.0,,ff295589-1628-4ee5-822b-ac88282e1816,OrderRole.Standalone,OrderType.Market,_default,,PositionEffect.Close,,2705000.0,False,,OrderSide.Sell,OrderStatus.Filled,300782.SZ,,TimeInForce.GTC,,,,1589990400000000000,2020-05-20T16:00:00Z
51.948,3371996.628,1589904000000000000,2020-05-19T16:00:00Z,25964400.0,,7b8fbd80-1c33-496a-b2de-d592e24d6cd1,OrderRole.Standalone,OrderType.Market,_default,,PositionEffect.Close,,25964400.0,False,,OrderSide.Sell,OrderStatus.Filled,300803.SZ,,TimeInForce.GTC,,,,1589990400000000000,2020-05-20T16:00:00Z
234.8649,1382179.9365,1589904000000000000,2020-05-19T16:00:00Z,2354000.0,,7070f323-deb1-45ff-bcfe-64c7fb8b2742,OrderRole.Standalone,OrderType.Market,_default,,PositionEffect.Close,,2354000.0,False,,OrderSide.Sell,OrderStatus.Filled,688012.SH,,TimeInForce.GTC,,,,1589990400000000000,2020-05-20T16:00:00Z
284.89482,4147997.355495,1589904000000000000,2020-05-19T16:00:00Z,5823900.0,,5ae639d1-8a1a-46f4-9a73-4abbf7b979c9,OrderRole.Standalone,OrderType.Market,_default,,PositionEffect.Close,,5823900.0,False,,OrderSide.Sell,OrderStatus.Filled,688111.SH,,TimeInForce.GTC,,,,1589990400000000000,2020-05-20T16:00:00Z
23.91389,3879574.28859,1589904000000000000,2020-05-19T16:00:00Z,64892400.0,,b73cef79-fa1c-47d9-b01a-f184c5cc5639,OrderRole.Standalone,OrderType.Market,_default,,PositionEffect.Open,,64892400.0,False,,OrderSide.Buy,OrderStatus.Filled,688126.SH,,TimeInForce.GTC,,,,1589990400000000000,2020-05-20T16:00:00Z
4.55455,3809245.715275,1589904000000000000,2020-05-19T16:00:00Z,334544200.0,,a784e930-23fb-4372-83a7-d195f89ca915,OrderRole.Standalone,OrderType.Market,_default,,PositionEffect.Open,,334544200.0,False,,OrderSide.Buy,OrderStatus.Filled,000408.SZ,,TimeInForce.GTC,,,,1589990400000000000,2020-05-20T16:00:00Z
155.7556,3849460.7151,1589904000000000000,2020-05-19T16:00:00Z,9885900.0,,172b507f-ad3e-4732-94c1-c054d9dcae83,OrderRole.Standalone,OrderType.Market,_default,,PositionEffect.Open,,9885900.0,False,,OrderSide.Buy,OrderStatus.Filled,000596.SZ,,TimeInForce.GTC,,,,1589990400000000000,2020-05-20T16:00:00Z
8.008,4210165.96,1589904000000000000,2020-05-19T16:00:00Z,210298000.0,,8b027f09-657d-4b13-9c8f-1c9ba902e19a,OrderRole.Standalone,OrderType.Market,_default,,PositionEffect.Open,,210298000.0,False,,OrderSide.Buy,OrderStatus.Filled,002532.SZ,,TimeInForce.GTC,,,,1589990400000000000,2020-05-20T16:00:00Z
217.0168,3843693.0532,1589904000000000000,2020-05-19T16:00:00Z,7084600.0,,98a6668b-bb20-490c-b614-6329592e7de6,OrderRole.Standalone,OrderType.Market,_default,,PositionEffect.Open,,7084600.0,False,,OrderSide.Buy,OrderStatus.Filled,300751.SZ,,TimeInForce.GTC,,,,1589990400000000000,2020-05-20T16:00:00Z
88.17809,4208674.1021325,1589904000000000000,2020-05-19T16:00:00Z,19091700.0,,fc4312a2-fb14-4978-9872-69a72c5647c6,OrderRole.Standalone,OrderType.Market,_default,,PositionEffect.Open,,19091700.0,False,,OrderSide.Buy,OrderStatus.Filled,300832.SZ,,TimeInForce.GTC,,,,1589990400000000000,2020-05-20T16:00:00Z
31.87184,3816397.86528,1589904000000000000,2020-05-19T16:00:00Z,47896800.0,,5f776358-7163-4187-acfd-7b2c15059877,OrderRole.Standalone,OrderType.Market,_default,,PositionEffect.Open,,47896800.0,False,,OrderSide.Buy,OrderStatus.Filled,600584.SH,,TimeInForce.GTC,,,,1589990400000000000,2020-05-20T16:00:00Z
60.8608,3825359.9384,1589904000000000000,2020-05-19T16:00:00Z,25141700.0,,fd3e64c7-d1d4-4862-9e44-f8fe88c0394c,OrderRole.Standalone,OrderType.Market,_default,,PositionEffect.Open,,25141700.0,False,,OrderSide.Buy,OrderStatus.Filled,600600.SH,,TimeInForce.GTC,,,,1589990400000000000,2020-05-20T16:00:00Z
43.57353,4208876.196525,1589904000000000000,2020-05-19T16:00:00Z,38637000.0,,113527fe-63d2-4fe4-ae89-44812e1ea6ba,OrderRole.Standalone,OrderType.Market,_default,,PositionEffect.Open,,38637000.0,False,,OrderSide.Buy,OrderStatus.Filled,603392.SH,,TimeInForce.GTC,,,,1589990400000000000,2020-05-20T16:00:00Z
222.1776,3601221.174,1589990400000000000,2020-05-20T16:00:00Z,6483500.0,,12ceb8eb-7125-4da7-be5e-fe7f2e330aee,OrderRole.Standalone,OrderType.Market,_default,,PositionEffect.Close,,6483500.0,False,,OrderSide.Sell,OrderStatus.Filled,688012.SH,,TimeInForce.GTC,,,,1590076800000000000,2020-05-21T16:00:00Z
5.34465,4470054.146325,1592323200000000000,2020-06-16T16:00:00Z,334544200.0,,d8588fc3-2807-4c0c-8d16-0eb9f5c1970b,OrderRole.Standalone,OrderType.Market,_default,,PositionEffect.Close,,334544200.0,False,,OrderSide.Sell,OrderStatus.Filled,000408.SZ,,TimeInForce.GTC,,,,1592409600000000000,2020-06-17T16:00:00Z
142.59726,3524255.631585,1592323200000000000,2020-06-16T16:00:00Z,9885900.0,,69bbfa9f-2215-42f8-9380-73193cf6d3f5,OrderRole.Standalone,OrderType.Market,_default,,PositionEffect.Close,,9885900.0,False,,OrderSide.Sell,OrderStatus.Filled,000596.SZ,,TimeInForce.GTC,,,,1592409600000000000,2020-06-17T16:00:00Z
42.8571,10.714275,1592323200000000000,2020-06-16T16:00:00Z,100.0,,841297b0-6ba8-4533-8244-3c528cc20e85,OrderRole.Standalone,OrderType.Market,_default,,PositionEffect.Close,,100.0,False,,OrderSide.Sell,OrderStatus.Filled,002475.SZ,,TimeInForce.GTC,,,,1592409600000000000,2020-06-17T16:00:00Z
7.11288,3739561.0956,1592323200000000000,2020-06-16T16:00:00Z,210298000.0,,c5ad3dd8-6f6d-4850-8798-bec08944f1e5,OrderRole.Standalone,OrderType.Market,_default,,PositionEffect.Close,,210298000.0,False,,OrderSide.Sell,OrderStatus.Filled,002532.SZ,,TimeInForce.GTC,,,,1592409600000000000,2020-06-17T16:00:00Z
164.51532,7852192.83711,1592323200000000000,2020-06-16T16:00:00Z,19091700.0,,437d91e3-c20a-4f06-99a8-a600dc26aae3,OrderRole.Standalone,OrderType.Market,_default,,PositionEffect.Close,,19091700.0,False,,OrderSide.Sell,OrderStatus.Filled,300832.SZ,,TimeInForce.GTC,,,,1592409600000000000,2020-06-17T16:00:00Z
26.8731,3217838.7402,1592323200000000000,2020-06-16T16:00:00Z,47896800.0,,c5414c27-ac50-4a80-a438-22a9f037e359,OrderRole.Standalone,OrderType.Market,_default,,PositionEffect.Close,,47896800.0,False,,OrderSide.Sell,OrderStatus.Filled,600584.SH,,TimeInForce.GTC,,,,1592409600000000000,2020-06-17T16:00:00Z
64.07586,4027440.123405,1592323200000000000,2020-06-16T16:00:00Z,25141700.0,,3ec24234-a7cd-4f65-9491-3acadd003874,OrderRole.Standalone,OrderType.Market,_default,,PositionEffect.Close,,25141700.0,False,,OrderSide.Sell,OrderStatus.Filled,600600.SH,,TimeInForce.GTC,,,,1592409600000000000,2020-06-17T16:00:00Z
161.37846,10393377.993225,1592323200000000000,2020-06-16T16:00:00Z,25761500.0,,9c0f4b65-e119-4bc0-aa3d-1255b8b94fab,OrderRole.Standalone,OrderType.Market,_default,,PositionEffect.Close,,25761500.0,False,,OrderSide.Sell,OrderStatus.Filled,603392.SH,,TimeInForce.GTC,,,,1592409600000000000,2020-06-17T16:00:00Z
29.63034,4806959.68854,1592323200000000000,2020-06-16T16:00:00Z,64892400.0,,05e4486a-d3ea-4130-8c2b-fc29ac304dd9,OrderRole.Standalone,OrderType.Market,_default,,PositionEffect.Close,,64892400.0,False,,OrderSide.Sell,OrderStatus.Filled,688126.SH,,TimeInForce.GTC,,,,1592409600000000000,2020-06-17T16:00:00Z
27.4274,5314806.14665,1592323200000000000,2020-06-16T16:00:00Z,77510900.0,,4dd529d2-ea3b-4fc5-80e3-d831ac5d585d,OrderRole.Standalone,OrderType.Market,_default,,PositionEffect.Open,,77510900.0,False,,OrderSide.Buy,OrderStatus.Filled,002074.SZ,,TimeInForce.GTC,,,,1592409600000000000,2020-06-17T16:00:00Z
25.00498,5237230.54855,1592323200000000000,2020-06-16T16:00:00Z,83779000.0,,064e0e8c-2a61-44bf-a764-f7a31f160abd,OrderRole.Standalone,OrderType.Market,_default,,PositionEffect.Open,,83779000.0,False,,OrderSide.Buy,OrderStatus.Filled,002466.SZ,,TimeInForce.GTC,,,,1592409600000000000,2020-06-17T16:00:00Z
5.57557,5258168.1327175,1592323200000000000,2020-06-16T16:00:00Z,377229100.0,,43c19424-bd8d-4419-a623-c2902d092af2,OrderRole.Standalone,OrderType.Market,_default,,PositionEffect.Open,,377229100.0,False,,OrderSide.Buy,OrderStatus.Filled,600415.SH,,TimeInForce.GTC,,,,1592409600000000000,2020-06-17T16:00:00Z
107.4073,5326220.5997,1592323200000000000,2020-06-16T16:00:00Z,19835600.0,,f48d1e09-94a0-4079-9557-69a95c80c1e4,OrderRole.Standalone,OrderType.Market,_default,,PositionEffect.Open,,19835600.0,False,,OrderSide.Buy,OrderStatus.Filled,600745.SH,,TimeInForce.GTC,,,,1592409600000000000,2020-06-17T16:00:00Z
13.85384,5224213.7948,1592323200000000000,2020-06-16T16:00:00Z,150838000.0,,86e5e59a-80a3-42d5-ad91-491b8a28f2a7,OrderRole.Standalone,OrderType.Market,_default,,PositionEffect.Open,,150838000.0,False,,OrderSide.Buy,OrderStatus.Filled,600918.SH,,TimeInForce.GTC,,,,1592409600000000000,2020-06-17T16:00:00Z
196.94675,5356459.233125,1592323200000000000,2020-06-16T16:00:00Z,10879000.0,,39266157-b451-4e04-be98-7b36d3d6d21d,OrderRole.Standalone,OrderType.Market,_default,,PositionEffect.Open,,10879000.0,False,,OrderSide.Buy,OrderStatus.Filled,688012.SH,,TimeInForce.GTC,,,,1592409600000000000,2020-06-17T16:00:00Z
63.17311,5307236.14421,1592323200000000000,2020-06-16T16:00:00Z,33604400.0,,21d4a8de-5d6e-42d5-b827-e8d75abcecbd,OrderRole.Standalone,OrderType.Market,_default,,PositionEffect.Open,,33604400.0,False,,OrderSide.Buy,OrderStatus.Filled,688036.SH,,TimeInForce.GTC,,,,1592409600000000000,2020-06-17T16:00:00Z
244.7445,3832392.939375,1592323200000000000,2020-06-16T16:00:00Z,6263500.0,,52b5fc6d-eb24-4f83-9f22-8db15f4fb50c,OrderRole.Standalone,OrderType.Market,_default,,PositionEffect.Open,,6263500.0,False,,OrderSide.Buy,OrderStatus.Filled,300661.SZ,,TimeInForce.GTC,,,,1592409600000000000,2020-06-17T16:00:00Z
273.48321,417267.0076575,1592323200000000000,2020-06-16T16:00:00Z,610300.0,,358a5700-1a55-4afd-a6f7-67c9a0b56a7a,OrderRole.Standalone,OrderType.Market,_default,,PositionEffect.Open,,610300.0,False,,OrderSide.Buy,OrderStatus.Filled,300751.SZ,,TimeInForce.GTC,,,,1592409600000000000,2020-06-17T16:00:00Z
273.27645,5257087.3877625,1592409600000000000,2020-06-17T16:00:00Z,7694900.0,,41821889-9b0a-474a-9133-8de39b340bf1,OrderRole.Standalone,OrderType.Market,_default,,PositionEffect.Close,,7694900.0,False,,OrderSide.Sell,OrderStatus.Filled,300751.SZ,,TimeInForce.GTC,,,,1592496000000000000,2020-06-18T16:00:00Z
157.50234,5069803.446675,1592409600000000000,2020-06-17T16:00:00Z,12875500.0,,886ed821-b18d-488b-85d3-6624b3c899d3,OrderRole.Standalone,OrderType.Market,_default,,PositionEffect.Close,,12875500.0,False,,OrderSide.Sell,OrderStatus.Filled,603392.SH,,TimeInForce.GTC,,,,1592496000000000000,2020-06-18T16:00:00Z
27.6723,5362262.195175,1594915200000000000,2020-07-16T16:00:00Z,77510900.0,,69676ddd-08fe-404e-859c-a9c835804a1e,OrderRole.Standalone,OrderType.Market,_default,,PositionEffect.Close,,77510900.0,False,,OrderSide.Sell,OrderStatus.Filled,002074.SZ,,TimeInForce.GTC,,,,1595174400000000000,2020-07-19T16:00:00Z
28.88109,6049072.097775,1594915200000000000,2020-07-16T16:00:00Z,83779000.0,,97189cbe-a5f9-474a-b9e6-e90d9609b03c,OrderRole.Standalone,OrderType.Market,_default,,PositionEffect.Close,,83779000.0,False,,OrderSide.Sell,OrderStatus.Filled,002466.SZ,,TimeInForce.GTC,,,,1595174400000000000,2020-07-19T16:00:00Z
336.663,7325197.71975,1594915200000000000,2020-07-16T16:00:00Z,8703300.0,,617ba23e-1f4d-4ee2-8a7b-dfed4f8aec84,OrderRole.Standalone,OrderType.Market,_default,,PositionEffect.Close,,8703300.0,False,,OrderSide.Sell,OrderStatus.Filled,300661.SZ,,TimeInForce.GTC,,,,1595174400000000000,2020-07-19T16:00:00Z
7.71228,7273241.10837,1594915200000000000,2020-07-16T16:00:00Z,377229100.0,,ab269989-ac42-4fd0-8b9a-833dd160b25c,OrderRole.Standalone,OrderType.Market,_default,,PositionEffect.Close,,377229100.0,False,,OrderSide.Sell,OrderStatus.Filled,600415.SH,,TimeInForce.GTC,,,,1595174400000000000,2020-07-19T16:00:00Z
144.855,7183214.595,1594915200000000000,2020-07-16T16:00:00Z,19835600.0,,b71fe780-49ba-4532-a7dc-58e3b23711cd,OrderRole.Standalone,OrderType.Market,_default,,PositionEffect.Close,,19835600.0,False,,OrderSide.Sell,OrderStatus.Filled,600745.SH,,TimeInForce.GTC,,,,1595174400000000000,2020-07-19T16:00:00Z
17.87211,511052.98545,1594915200000000000,2020-07-16T16:00:00Z,11438000.0,,a3812df0-26e0-4475-9e5a-b8f7d6884a97,OrderRole.Standalone,OrderType.Market,_default,,PositionEffect.Close,,11438000.0,False,,OrderSide.Sell,OrderStatus.Filled,600918.SH,,TimeInForce.GTC,,,,1595174400000000000,2020-07-19T16:00:00Z
90.88902,7635677.45922,1594915200000000000,2020-07-16T16:00:00Z,33604400.0,,25d28390-1747-4c4c-b964-8f69e41dfb77,OrderRole.Standalone,OrderType.Market,_default,,PositionEffect.Close,,33604400.0,False,,OrderSide.Sell,OrderStatus.Filled,688036.SH,,TimeInForce.GTC,,,,1595174400000000000,2020-07-19T16:00:00Z
355.36501,6223240.8963725,1594915200000000000,2020-07-16T16:00:00Z,7004900.0,,e4f1e71b-1288-4c8c-8d2c-71353d9c6026,OrderRole.Standalone,OrderType.Market,_default,,PositionEffect.Open,,7004900.0,False,,OrderSide.Buy,OrderStatus.Filled,688111.SH,,TimeInForce.GTC,,,,1595174400000000000,2020-07-19T16:00:00Z
45.57553,6297148.192335,1594915200000000000,2020-07-16T16:00:00Z,55267800.0,,398bf4b6-9f94-4624-b5ed-31a8e591aa63,OrderRole.Standalone,OrderType.Market,_default,,PositionEffect.Open,,55267800.0,False,,OrderSide.Buy,OrderStatus.Filled,688126.SH,,TimeInForce.GTC,,,,1595174400000000000,2020-07-19T16:00:00Z
47.46742,6227381.365205,1594915200000000000,2020-07-16T16:00:00Z,52477100.0,,47828960-c32a-4f09-a47c-e3fa7ad097d5,OrderRole.Standalone,OrderType.Market,_default,,PositionEffect.Open,,52477100.0,False,,OrderSide.Buy,OrderStatus.Filled,688396.SH,,TimeInForce.GTC,,,,1595174400000000000,2020-07-19T16:00:00Z
27.1271,6302527.306075,1594915200000000000,2020-07-16T16:00:00Z,92933300.0,,8c6ed7ad-67d7-42fb-b86e-a1639d2bc71e,OrderRole.Standalone,OrderType.Market,_default,,PositionEffect.Open,,92933300.0,False,,OrderSide.Buy,OrderStatus.Filled,000733.SZ,,TimeInForce.GTC,,,,1595174400000000000,2020-07-19T16:00:00Z
33.98395,6214322.088975,1594915200000000000,2020-07-16T16:00:00Z,73144200.0,,d3100a8e-b08b-4f2d-a090-4fb7514b0ee7,OrderRole.Standalone,OrderType.Market,_default,,PositionEffect.Open,,73144200.0,False,,OrderSide.Buy,OrderStatus.Filled,002180.SZ,,TimeInForce.GTC,,,,1595174400000000000,2020-07-19T16:00:00Z
64.49443,6106123.0255025,1594915200000000000,2020-07-16T16:00:00Z,37870700.0,,47269633-5b2b-4553-8b88-39ab70572242,OrderRole.Standalone,OrderType.Market,_default,,PositionEffect.Open,,37870700.0,False,,OrderSide.Buy,OrderStatus.Filled,300628.SZ,,TimeInForce.GTC,,,,1595174400000000000,2020-07-19T16:00:00Z
92.37228,6372855.96948,1594915200000000000,2020-07-16T16:00:00Z,27596400.0,,bcd5a835-291b-4275-809b-36f1b3c4b772,OrderRole.Standalone,OrderType.Market,_default,,PositionEffect.Open,,27596400.0,False,,OrderSide.Buy,OrderStatus.Filled,603893.SH,,TimeInForce.GTC,,,,1595174400000000000,2020-07-19T16:00:00Z
94.094,6066640.0795,1594915200000000000,2020-07-16T16:00:00Z,25789700.0,,6d15fecc-5eb3-4bc8-b9f0-ec46225684a3,OrderRole.Standalone,OrderType.Market,_default,,PositionEffect.Open,,25789700.0,False,,OrderSide.Buy,OrderStatus.Filled,688008.SH,,TimeInForce.GTC,,,,1595174400000000000,2020-07-19T16:00:00Z
212.7125,289661.246875,1594915200000000000,2020-07-16T16:00:00Z,544700.0,,1bbe6a12-bfe1-45cb-812e-62122ac1e720,OrderRole.Standalone,OrderType.Market,_default,,PositionEffect.Open,,544700.0,False,,OrderSide.Buy,OrderStatus.Filled,688012.SH,,TimeInForce.GTC,,,,1595174400000000000,2020-07-19T16:00:00Z
18.23175,6353764.875,1595174400000000000,2020-07-19T16:00:00Z,139400000.0,,c348b802-ae61-46ad-a952-eea4d3601c89,OrderRole.Standalone,OrderType.Market,_default,,PositionEffect.Close,,139400000.0,False,,OrderSide.Sell,OrderStatus.Filled,600918.SH,,TimeInForce.GTC,,,,1595260800000000000,2020-07-20T16:00:00Z
206.95284,5910417.89577,1595174400000000000,2020-07-19T16:00:00Z,11423700.0,,a668209a-db8a-4542-bc75-8693ba66a40f,OrderRole.Standalone,OrderType.Market,_default,,PositionEffect.Close,,11423700.0,False,,OrderSide.Sell,OrderStatus.Filled,688012.SH,,TimeInForce.GTC,,,,1595260800000000000,2020-07-20T16:00:00Z
46.4535,4083541.371,1597334400000000000,2020-08-13T16:00:00Z,35162400.0,,1be78ed0-8af5-4f4d-8024-eb1cc8b15378,OrderRole.Standalone,OrderType.Market,_default,,PositionEffect.Close,,35162400.0,False,,OrderSide.Sell,OrderStatus.Filled,000733.SZ,,TimeInForce.GTC,,,,1597593600000000000,2020-08-16T16:00:00Z
38.93103,7118947.611315,1597334400000000000,2020-08-13T16:00:00Z,73144200.0,,376a27b6-aede-473f-aee9-1d47284d3e7b,OrderRole.Standalone,OrderType.Market,_default,,PositionEffect.Close,,73144200.0,False,,OrderSide.Sell,OrderStatus.Filled,002180.SZ,,TimeInForce.GTC,,,,1597593600000000000,2020-08-16T16:00:00Z
64.06587,6065548.3575225,1597334400000000000,2020-08-13T16:00:00Z,37870700.0,,af3b34f2-9954-4e7b-8711-2374833541c4,OrderRole.Standalone,OrderType.Market,_default,,PositionEffect.Close,,37870700.0,False,,OrderSide.Sell,OrderStatus.Filled,300628.SZ,,TimeInForce.GTC,,,,1597593600000000000,2020-08-16T16:00:00Z
89.30061,6160938.38451,1597334400000000000,2020-08-13T16:00:00Z,27596400.0,,53a3e102-bc2a-4b20-9efd-473a72958b08,OrderRole.Standalone,OrderType.Market,_default,,PositionEffect.Close,,27596400.0,False,,OrderSide.Sell,OrderStatus.Filled,603893.SH,,TimeInForce.GTC,,,,1597593600000000000,2020-08-16T16:00:00Z
91.53837,5901867.7519725,1597334400000000000,2020-08-13T16:00:00Z,25789700.0,,549ac35a-97b6-456f-b67e-8680a6671699,OrderRole.Standalone,OrderType.Market,_default,,PositionEffect.Close,,25789700.0,False,,OrderSide.Sell,OrderStatus.Filled,688008.SH,,TimeInForce.GTC,,,,1597593600000000000,2020-08-16T16:00:00Z
366.1335,6411821.385375,1597334400000000000,2020-08-13T16:00:00Z,7004900.0,,70a1ab72-3be1-48c7-9065-eba2afb38c94,OrderRole.Standalone,OrderType.Market,_default,,PositionEffect.Close,,7004900.0,False,,OrderSide.Sell,OrderStatus.Filled,688111.SH,,TimeInForce.GTC,,,,1597593600000000000,2020-08-16T16:00:00Z
50.12982,6926412.16449,1597334400000000000,2020-08-13T16:00:00Z,55267800.0,,7e5ad2b0-e004-4532-92c1-021a33006041,OrderRole.Standalone,OrderType.Market,_default,,PositionEffect.Close,,55267800.0,False,,OrderSide.Sell,OrderStatus.Filled,688126.SH,,TimeInForce.GTC,,,,1597593600000000000,2020-08-16T16:00:00Z
54.2457,7116642.558675,1597334400000000000,2020-08-13T16:00:00Z,52477100.0,,9424bd2b-9595-4b82-aa72-474a796daeff,OrderRole.Standalone,OrderType.Market,_default,,PositionEffect.Close,,52477100.0,False,,OrderSide.Sell,OrderStatus.Filled,688396.SH,,TimeInForce.GTC,,,,1597593600000000000,2020-08-16T16:00:00Z
16.38637,6760590.21638,1597334400000000000,2020-08-13T16:00:00Z,165029600.0,,23c3c4ea-8c7f-4fae-86c4-513f5f3688c2,OrderRole.Standalone,OrderType.Market,_default,,PositionEffect.Open,,165029600.0,False,,OrderSide.Buy,OrderStatus.Filled,688599.SH,,TimeInForce.GTC,,,,1597593600000000000,2020-08-16T16:00:00Z
75.075,6748266.525,1597334400000000000,2020-08-13T16:00:00Z,35954800.0,,aa1613ba-49a7-4481-8ee8-1174b1ea9be7,OrderRole.Standalone,OrderType.Market,_default,,PositionEffect.Open,,35954800.0,False,,OrderSide.Buy,OrderStatus.Filled,688981.SH,,TimeInForce.GTC,,,,1597593600000000000,2020-08-16T16:00:00Z
14.6146,6858829.0771,1597334400000000000,2020-08-13T16:00:00Z,187725400.0,,459bfd63-4b4a-4352-8430-7555ec7b9e30,OrderRole.Standalone,OrderType.Market,_default,,PositionEffect.Open,,187725400.0,False,,OrderSide.Buy,OrderStatus.Filled,000001.SZ,,TimeInForce.GTC,,,,1597593600000000000,2020-08-16T16:00:00Z
27.76774,6812488.738055,1597334400000000000,2020-08-13T16:00:00Z,98135300.0,,2aa69aa4-5872-40c6-813f-4894d1ac0423,OrderRole.Standalone,OrderType.Market,_default,,PositionEffect.Open,,98135300.0,False,,OrderSide.Buy,OrderStatus.Filled,000002.SZ,,TimeInForce.GTC,,,,1597593600000000000,2020-08-16T16:00:00Z
39.039,6909366.21375,1597334400000000000,2020-08-13T16:00:00Z,70794500.0,,ab0b62cf-6591-4c5e-b12c-ffa8eafdf87b,OrderRole.Standalone,OrderType.Market,_default,,PositionEffect.Open,,70794500.0,False,,OrderSide.Buy,OrderStatus.Filled,000063.SZ,,TimeInForce.GTC,,,,1597593600000000000,2020-08-16T16:00:00Z
6.4064,6916637.728,1597334400000000000,2020-08-13T16:00:00Z,431858000.0,,9a20a32f-e62a-4d7b-b4c4-eb69b6ec71df,OrderRole.Standalone,OrderType.Market,_default,,PositionEffect.Open,,431858000.0,False,,OrderSide.Buy,OrderStatus.Filled,000100.SZ,,TimeInForce.GTC,,,,1597593600000000000,2020-08-16T16:00:00Z
8.09809,6797759.443475,1597334400000000000,2020-08-13T16:00:00Z,335771000.0,,8a3f9c08-53fc-4650-8c5f-1a3ff67c0fc8,OrderRole.Standalone,OrderType.Market,_default,,PositionEffect.Open,,335771000.0,False,,OrderSide.Buy,OrderStatus.Filled,000157.SZ,,TimeInForce.GTC,,,,1597593600000000000,2020-08-16T16:00:00Z
214.7145,6848802.085125,1597334400000000000,2020-08-13T16:00:00Z,12758900.0,,0efcafde-ae63-4dc0-b3fc-cb150e15f79d,OrderRole.Standalone,OrderType.Market,_default,,PositionEffect.Open,,12758900.0,False,,OrderSide.Buy,OrderStatus.Filled,000858.SZ,,TimeInForce.GTC,,,,1597593600000000000,2020-08-16T16:00:00Z
131.131,6784783.5055,1597334400000000000,2020-08-13T16:00:00Z,20696200.0,,cefddf34-f843-438f-9ff9-b898e7f9e9b1,OrderRole.Standalone,OrderType.Market,_default,,PositionEffect.Open,,20696200.0,False,,OrderSide.Buy,OrderStatus.Filled,688363.SH,,TimeInForce.GTC,,,,1597593600000000000,2020-08-16T16:00:00Z
46.4535,6709151.257875,1597593600000000000,2020-08-16T16:00:00Z,57770900.0,,3e7a1495-f42a-42d8-969b-9357118e2801,OrderRole.Standalone,OrderType.Market,_default,,PositionEffect.Close,,57770900.0,False,,OrderSide.Sell,OrderStatus.Filled,000733.SZ,,TimeInForce.GTC,,,,1597680000000000000,2020-08-17T16:00:00Z
14.99499,7037351.239365,1599753600000000000,2020-09-10T16:00:00Z,187725400.0,,f790d4a5-e155-4a31-9eba-cff5aea774a6,OrderRole.Standalone,OrderType.Market,_default,,PositionEffect.Close,,187725400.0,False,,OrderSide.Sell,OrderStatus.Filled,000001.SZ,,TimeInForce.GTC,,,,1600012800000000000,2020-09-13T16:00:00Z
27.98199,6865052.4581175,1599753600000000000,2020-09-10T16:00:00Z,98135300.0,,58209d34-237d-4b50-a725-f2325142a09e,OrderRole.Standalone,OrderType.Market,_default,,PositionEffect.Close,,98135300.0,False,,OrderSide.Sell,OrderStatus.Filled,000002.SZ,,TimeInForce.GTC,,,,1600012800000000000,2020-09-13T16:00:00Z
33.74622,5972616.929475,1599753600000000000,2020-09-10T16:00:00Z,70794500.0,,4d5cc7d0-aa4d-438d-a495-6cbdc9817a51,OrderRole.Standalone,OrderType.Market,_default,,PositionEffect.Close,,70794500.0,False,,OrderSide.Sell,OrderStatus.Filled,000063.SZ,,TimeInForce.GTC,,,,1600012800000000000,2020-09-13T16:00:00Z
6.97302,7528386.1779,1599753600000000000,2020-09-10T16:00:00Z,431858000.0,,89d5f705-6afa-454f-8fd1-a2d97a912131,OrderRole.Standalone,OrderType.Market,_default,,PositionEffect.Close,,431858000.0,False,,OrderSide.Sell,OrderStatus.Filled,000100.SZ,,TimeInForce.GTC,,,,1600012800000000000,2020-09-13T16:00:00Z
8.04195,6750633.983625,1599753600000000000,2020-09-10T16:00:00Z,335771000.0,,8376aa8c-56e0-430e-94fd-11f7f3bafcc4,OrderRole.Standalone,OrderType.Market,_default,,PositionEffect.Close,,335771000.0,False,,OrderSide.Sell,OrderStatus.Filled,000157.SZ,,TimeInForce.GTC,,,,1600012800000000000,2020-09-13T16:00:00Z
228.85092,7299715.00797,1599753600000000000,2020-09-10T16:00:00Z,12758900.0,,ae2e3491-21b5-4605-a3f2-e9831e15c4d5,OrderRole.Standalone,OrderType.Market,_default,,PositionEffect.Close,,12758900.0,False,,OrderSide.Sell,OrderStatus.Filled,000858.SZ,,TimeInForce.GTC,,,,1600012800000000000,2020-09-13T16:00:00Z
124.55532,6444554.53446,1599753600000000000,2020-09-10T16:00:00Z,20696200.0,,54d4503f-79a3-4e3e-bf43-9b78a097cce3,OrderRole.Standalone,OrderType.Market,_default,,PositionEffect.Close,,20696200.0,False,,OrderSide.Sell,OrderStatus.Filled,688363.SH,,TimeInForce.GTC,,,,1600012800000000000,2020-09-13T16:00:00Z
15.86412,6545123.44488,1599753600000000000,2020-09-10T16:00:00Z,165029600.0,,7b75edbe-67f3-4644-9761-464f8a4a4918,OrderRole.Standalone,OrderType.Market,_default,,PositionEffect.Close,,165029600.0,False,,OrderSide.Sell,OrderStatus.Filled,688599.SH,,TimeInForce.GTC,,,,1600012800000000000,2020-09-13T16:00:00Z
55.55439,4993617.45393,1599753600000000000,2020-09-10T16:00:00Z,35954800.0,,743c0295-a469-4046-9eb3-94d018b62236,OrderRole.Standalone,OrderType.Market,_default,,PositionEffect.Close,,35954800.0,False,,OrderSide.Sell,OrderStatus.Filled,688981.SH,,TimeInForce.GTC,,,,1600012800000000000,2020-09-13T16:00:00Z
7.78778,6548720.83866,1599753600000000000,2020-09-10T16:00:00Z,336358800.0,,860db8a9-e136-4e35-8daa-c62d95849db9,OrderRole.Standalone,OrderType.Market,_default,,PositionEffect.Open,,336358800.0,False,,OrderSide.Buy,OrderStatus.Filled,000408.SZ,,TimeInForce.GTC,,,,1600012800000000000,2020-09-13T16:00:00Z
40.23019,6651327.7155325,1599753600000000000,2020-09-10T16:00:00Z,66132700.0,,598ae028-87c1-4d6b-851b-0ae691c0697d,OrderRole.Standalone,OrderType.Market,_default,,PositionEffect.Open,,66132700.0,False,,OrderSide.Buy,OrderStatus.Filled,000733.SZ,,TimeInForce.GTC,,,,1600012800000000000,2020-09-13T16:00:00Z
65.67561,6614239.9398075,1599753600000000000,2020-09-10T16:00:00Z,40284300.0,,2a9f0921-811b-4992-a529-ad3b01367fcb,OrderRole.Standalone,OrderType.Market,_default,,PositionEffect.Open,,40284300.0,False,,OrderSide.Buy,OrderStatus.Filled,002920.SZ,,TimeInForce.GTC,,,,1600012800000000000,2020-09-13T16:00:00Z
26.84682,7192330.19505,1599753600000000000,2020-09-10T16:00:00Z,107161000.0,,183ddd6b-4850-4c7e-8b56-9e426c3009b4,OrderRole.Standalone,OrderType.Market,_default,,PositionEffect.Open,,107161000.0,False,,OrderSide.Buy,OrderStatus.Filled,300274.SZ,,TimeInForce.GTC,,,,1600012800000000000,2020-09-13T16:00:00Z
96.096,7040041.008,1599753600000000000,2020-09-10T16:00:00Z,29304200.0,,105062b5-4ad5-4a6c-ae13-ce3a9e5d4554,OrderRole.Standalone,OrderType.Market,_default,,PositionEffect.Open,,29304200.0,False,,OrderSide.Buy,OrderStatus.Filled,600132.SH,,TimeInForce.GTC,,,,1600012800000000000,2020-09-13T16:00:00Z
31.18115,6544518.03005,1599753600000000000,2020-09-10T16:00:00Z,83954800.0,,285b303c-6458-4995-85ab-c288483ee3c8,OrderRole.Standalone,OrderType.Market,_default,,PositionEffect.Open,,83954800.0,False,,OrderSide.Buy,OrderStatus.Filled,600660.SH,,TimeInForce.GTC,,,,1600012800000000000,2020-09-13T16:00:00Z
17.32731,6563888.255925,1599753600000000000,2020-09-10T16:00:00Z,151527000.0,,28ee9b78-e7d2-4253-b483-44498779f254,OrderRole.Standalone,OrderType.Market,_default,,PositionEffect.Open,,151527000.0,False,,OrderSide.Buy,OrderStatus.Filled,601633.SH,,TimeInForce.GTC,,,,1600012800000000000,2020-09-13T16:00:00Z
71.10103,6810465.4843225,1599753600000000000,2020-09-10T16:00:00Z,38314300.0,,17f63f22-6c73-42e6-b565-d65d77f3ca67,OrderRole.Standalone,OrderType.Market,_default,,PositionEffect.Open,,38314300.0,False,,OrderSide.Buy,OrderStatus.Filled,603806.SH,,TimeInForce.GTC,,,,1600012800000000000,2020-09-13T16:00:00Z
522.65213,6665251.9508575,1599753600000000000,2020-09-10T16:00:00Z,5101100.0,,25964ec6-8c4f-4c97-8432-922c13b2ea1f,OrderRole.Standalone,OrderType.Market,_default,,PositionEffect.Open,,5101100.0,False,,OrderSide.Buy,OrderStatus.Filled,688169.SH,,TimeInForce.GTC,,,,1600012800000000000,2020-09-13T16:00:00Z
117.24713,6602244.513865,1599753600000000000,2020-09-10T16:00:00Z,22524200.0,,ed17a3e8-28c8-45a2-aa13-3f0f8ff75905,OrderRole.Standalone,OrderType.Market,_default,,PositionEffect.Open,,22524200.0,False,,OrderSide.Buy,OrderStatus.Filled,002916.SZ,,TimeInForce.GTC,,,,1600012800000000000,2020-09-13T16:00:00Z
6.95304,5846790.47688,1603036800000000000,2020-10-18T16:00:00Z,336358800.0,,a0a74c22-ea16-4d20-9284-b971a14c1a7f,OrderRole.Standalone,OrderType.Market,_default,,PositionEffect.Close,,336358800.0,False,,OrderSide.Sell,OrderStatus.Filled,000408.SZ,,TimeInForce.GTC,,,,1603123200000000000,2020-10-19T16:00:00Z
46.93302,7759518.329385,1603036800000000000,2020-10-18T16:00:00Z,66132700.0,,cc83ec03-5734-47ff-b386-d52bebdc582a,OrderRole.Standalone,OrderType.Market,_default,,PositionEffect.Close,,66132700.0,False,,OrderSide.Sell,OrderStatus.Filled,000733.SZ,,TimeInForce.GTC,,,,1603123200000000000,2020-10-19T16:00:00Z
119.88,6750502.74,1603036800000000000,2020-10-18T16:00:00Z,22524200.0,,1f457a15-63d6-4210-8784-6c0e6b34acc0,OrderRole.Standalone,OrderType.Market,_default,,PositionEffect.Close,,22524200.0,False,,OrderSide.Sell,OrderStatus.Filled,002916.SZ,,TimeInForce.GTC,,,,1603123200000000000,2020-10-19T16:00:00Z
68.6313,6911909.696475,1603036800000000000,2020-10-18T16:00:00Z,40284300.0,,aed1831f-d186-4437-970d-796871669e72,OrderRole.Standalone,OrderType.Market,_default,,PositionEffect.Close,,40284300.0,False,,OrderSide.Sell,OrderStatus.Filled,002920.SZ,,TimeInForce.GTC,,,,1603123200000000000,2020-10-19T16:00:00Z
29.21076,622817.21934,1603036800000000000,2020-10-18T16:00:00Z,8528600.0,,02ed52bd-0a5c-4297-8215-89c0a441f0d3,OrderRole.Standalone,OrderType.Market,_default,,PositionEffect.Close,,8528600.0,False,,OrderSide.Sell,OrderStatus.Filled,300274.SZ,,TimeInForce.GTC,,,,1603123200000000000,2020-10-19T16:00:00Z
104.60529,7663435.848045,1603036800000000000,2020-10-18T16:00:00Z,29304200.0,,ab4aa3e8-9659-4b12-8df1-6c3a4d3d9a63,OrderRole.Standalone,OrderType.Market,_default,,PositionEffect.Close,,29304200.0,False,,OrderSide.Sell,OrderStatus.Filled,600132.SH,,TimeInForce.GTC,,,,1603123200000000000,2020-10-19T16:00:00Z
29.73024,6239990.88288,1603036800000000000,2020-10-18T16:00:00Z,83954800.0,,d6aa3395-87c1-4bf8-b9c2-c28853a43402,OrderRole.Standalone,OrderType.Market,_default,,PositionEffect.Close,,83954800.0,False,,OrderSide.Sell,OrderStatus.Filled,600660.SH,,TimeInForce.GTC,,,,1603123200000000000,2020-10-19T16:00:00Z
22.89708,1579383.3357,1603036800000000000,2020-10-18T16:00:00Z,27591000.0,,cb062257-0faf-49f5-b188-7395acfe6f4f,OrderRole.Standalone,OrderType.Market,_default,,PositionEffect.Close,,27591000.0,False,,OrderSide.Sell,OrderStatus.Filled,601633.SH,,TimeInForce.GTC,,,,1603123200000000000,2020-10-19T16:00:00Z
75.61431,7242773.3940825,1603036800000000000,2020-10-18T16:00:00Z,38314300.0,,3e8182f0-624e-4922-a411-2258afde08dd,OrderRole.Standalone,OrderType.Market,_default,,PositionEffect.Close,,38314300.0,False,,OrderSide.Sell,OrderStatus.Filled,603806.SH,,TimeInForce.GTC,,,,1603123200000000000,2020-10-19T16:00:00Z
687.09222,1587698.347365,1603036800000000000,2020-10-18T16:00:00Z,924300.0,,24772a73-4e9d-4a12-8ae1-e730fa3b0347,OrderRole.Standalone,OrderType.Market,_default,,PositionEffect.Close,,924300.0,False,,OrderSide.Sell,OrderStatus.Filled,688169.SH,,TimeInForce.GTC,,,,1603123200000000000,2020-10-19T16:00:00Z
17.49748,7108631.20968,1603036800000000000,2020-10-18T16:00:00Z,162506400.0,,5afee99c-d62a-41be-9de3-be0166bed2f2,OrderRole.Standalone,OrderType.Market,_default,,PositionEffect.Open,,162506400.0,False,,OrderSide.Buy,OrderStatus.Filled,000001.SZ,,TimeInForce.GTC,,,,1603123200000000000,2020-10-19T16:00:00Z
9.24924,7124051.37444,1603036800000000000,2020-10-18T16:00:00Z,308092400.0,,1df5ae23-ddf1-4dd4-b2af-ce9815b346c7,OrderRole.Standalone,OrderType.Market,_default,,PositionEffect.Open,,308092400.0,False,,OrderSide.Buy,OrderStatus.Filled,002027.SZ,,TimeInForce.GTC,,,,1603123200000000000,2020-10-19T16:00:00Z
36.42639,7108628.221695,1603036800000000000,2020-10-18T16:00:00Z,78060200.0,,b2f9dc44-ef46-4ccc-9ac5-baa9e2d96f85,OrderRole.Standalone,OrderType.Market,_default,,PositionEffect.Open,,78060200.0,False,,OrderSide.Buy,OrderStatus.Filled,002459.SZ,,TimeInForce.GTC,,,,1603123200000000000,2020-10-19T16:00:00Z
126.30618,7003172.45628,1603036800000000000,2020-10-18T16:00:00Z,22178400.0,,8d81a2f9-4365-4a65-8d00-731372ae3148,OrderRole.Standalone,OrderType.Market,_default,,PositionEffect.Open,,22178400.0,False,,OrderSide.Buy,OrderStatus.Filled,002594.SZ,,TimeInForce.GTC,,,,1603123200000000000,2020-10-19T16:00:00Z
59.46941,7099071.614635,1603036800000000000,2020-10-18T16:00:00Z,47749400.0,,40dd6628-7fa7-4004-a032-2ccce9a09cad,OrderRole.Standalone,OrderType.Market,_default,,PositionEffect.Open,,47749400.0,False,,OrderSide.Buy,OrderStatus.Filled,002709.SZ,,TimeInForce.GTC,,,,1603123200000000000,2020-10-19T16:00:00Z
183.02284,7051915.78091,1603036800000000000,2020-10-18T16:00:00Z,15412100.0,,d2cbb3ad-634b-4226-8546-154468366adc,OrderRole.Standalone,OrderType.Market,_default,,PositionEffect.Open,,15412100.0,False,,OrderSide.Buy,OrderStatus.Filled,300832.SZ,,TimeInForce.GTC,,,,1603123200000000000,2020-10-19T16:00:00Z
33.90387,6912693.95817,1603036800000000000,2020-10-18T16:00:00Z,81556400.0,,3f40aa00-9656-44ac-a12c-26e75df2ed1a,OrderRole.Standalone,OrderType.Market,_default,,PositionEffect.Open,,81556400.0,False,,OrderSide.Buy,OrderStatus.Filled,601865.SH,,TimeInForce.GTC,,,,1603123200000000000,2020-10-19T16:00:00Z
30.35961,7486102.99341,1603123200000000000,2020-10-19T16:00:00Z,98632400.0,,d5bfab14-d1b7-4c32-89af-afed5f6c5769,OrderRole.Standalone,OrderType.Market,_default,,PositionEffect.Close,,98632400.0,False,,OrderSide.Sell,OrderStatus.Filled,300274.SZ,,TimeInForce.GTC,,,,1603209600000000000,2020-10-20T16:00:00Z
24.5754,7614441.936,1603123200000000000,2020-10-19T16:00:00Z,123936000.0,,0f2ddcbe-599c-4182-9f56-2becab4542a7,OrderRole.Standalone,OrderType.Market,_default,,PositionEffect.Close,,123936000.0,False,,OrderSide.Sell,OrderStatus.Filled,601633.SH,,TimeInForce.GTC,,,,1603209600000000000,2020-10-20T16:00:00Z
683.64567,7138628.08614,1603123200000000000,2020-10-19T16:00:00Z,4176800.0,,657d215d-e667-43eb-968e-396810abcd32,OrderRole.Standalone,OrderType.Market,_default,,PositionEffect.Close,,4176800.0,False,,OrderSide.Sell,OrderStatus.Filled,688169.SH,,TimeInForce.GTC,,,,1603209600000000000,2020-10-20T16:00:00Z
17.36262,7053842.17692,1605456000000000000,2020-11-15T16:00:00Z,162506400.0,,16adefbf-34c4-41f4-98d5-6505769b929c,OrderRole.Standalone,OrderType.Market,_default,,PositionEffect.Close,,162506400.0,False,,OrderSide.Sell,OrderStatus.Filled,000001.SZ,,TimeInForce.GTC,,,,1605542400000000000,2020-11-16T16:00:00Z
9.57042,7371434.16702,1605456000000000000,2020-11-15T16:00:00Z,308092400.0,,4e44ec87-5725-46c0-9c1f-10790f5ce2dd,OrderRole.Standalone,OrderType.Market,_default,,PositionEffect.Close,,308092400.0,False,,OrderSide.Sell,OrderStatus.Filled,002027.SZ,,TimeInForce.GTC,,,,1605542400000000000,2020-11-16T16:00:00Z
30.27969,5909096.643345,1605456000000000000,2020-11-15T16:00:00Z,78060200.0,,21d99635-d1b0-4652-bdc8-637053fd3520,OrderRole.Standalone,OrderType.Market,_default,,PositionEffect.Close,,78060200.0,False,,OrderSide.Sell,OrderStatus.Filled,002459.SZ,,TimeInForce.GTC,,,,1605542400000000000,2020-11-16T16:00:00Z
173.3265,2012450.659875,1605456000000000000,2020-11-15T16:00:00Z,4644300.0,,65caf3c6-af27-4797-8033-64b26cfa43b3,OrderRole.Standalone,OrderType.Market,_default,,PositionEffect.Close,,4644300.0,False,,OrderSide.Sell,OrderStatus.Filled,002594.SZ,,TimeInForce.GTC,,,,1605542400000000000,2020-11-16T16:00:00Z
78.40152,1882204.89102,1605456000000000000,2020-11-15T16:00:00Z,9602900.0,,5268b74d-f94f-42ee-b008-81500b492ff8,OrderRole.Standalone,OrderType.Market,_default,,PositionEffect.Close,,9602900.0,False,,OrderSide.Sell,OrderStatus.Filled,002709.SZ,,TimeInForce.GTC,,,,1605542400000000000,2020-11-16T16:00:00Z
158.841,6120183.44025,1605456000000000000,2020-11-15T16:00:00Z,15412100.0,,5319e1a6-5731-4cc0-9987-c5a47d859a9a,OrderRole.Standalone,OrderType.Market,_default,,PositionEffect.Close,,15412100.0,False,,OrderSide.Sell,OrderStatus.Filled,300832.SZ,,TimeInForce.GTC,,,,1605542400000000000,2020-11-16T16:00:00Z
35.88408,7316440.95528,1605456000000000000,2020-11-15T16:00:00Z,81556400.0,,7808e795-f1dc-419d-9774-a46a5562f00f,OrderRole.Standalone,OrderType.Market,_default,,PositionEffect.Close,,81556400.0,False,,OrderSide.Sell,OrderStatus.Filled,601865.SH,,TimeInForce.GTC,,,,1605542400000000000,2020-11-16T16:00:00Z
846.846,7486542.063,1605456000000000000,2020-11-15T16:00:00Z,3536200.0,,f2b019f1-5ff9-40cc-bcb1-76383730ca6a,OrderRole.Standalone,OrderType.Market,_default,,PositionEffect.Open,,3536200.0,False,,OrderSide.Buy,OrderStatus.Filled,688169.SH,,TimeInForce.GTC,,,,1605542400000000000,2020-11-16T16:00:00Z
9.4094,7589495.0131,1605456000000000000,2020-11-15T16:00:00Z,322634600.0,,2233ca1d-c214-4aba-9e89-76468b9bf20e,OrderRole.Standalone,OrderType.Market,_default,,PositionEffect.Open,,322634600.0,False,,OrderSide.Buy,OrderStatus.Filled,000301.SZ,,TimeInForce.GTC,,,,1605542400000000000,2020-11-16T16:00:00Z
40.02999,7450992.1961475,1605456000000000000,2020-11-15T16:00:00Z,74454100.0,,95bcede3-2c18-4cc9-bd9e-341c56edd874,OrderRole.Standalone,OrderType.Market,_default,,PositionEffect.Open,,74454100.0,False,,OrderSide.Buy,OrderStatus.Filled,000733.SZ,,TimeInForce.GTC,,,,1605542400000000000,2020-11-16T16:00:00Z
12.29228,7466392.3334,1605456000000000000,2020-11-15T16:00:00Z,242962000.0,,d55d7f65-0de8-4c41-96b2-0d16dbe89fb4,OrderRole.Standalone,OrderType.Market,_default,,PositionEffect.Open,,242962000.0,False,,OrderSide.Buy,OrderStatus.Filled,000800.SZ,,TimeInForce.GTC,,,,1605542400000000000,2020-11-16T16:00:00Z
8.35835,7662189.2972625,1605456000000000000,2020-11-15T16:00:00Z,366684300.0,,9f51458e-76d8-4967-b278-452d125d9436,OrderRole.Standalone,OrderType.Market,_default,,PositionEffect.Open,,366684300.0,False,,OrderSide.Buy,OrderStatus.Filled,000807.SZ,,TimeInForce.GTC,,,,1605542400000000000,2020-11-16T16:00:00Z
83.24316,7507242.76302,1605456000000000000,2020-11-15T16:00:00Z,36073800.0,,36690d21-c731-492b-ae28-70a36e3247f9,OrderRole.Standalone,OrderType.Market,_default,,PositionEffect.Open,,36073800.0,False,,OrderSide.Buy,OrderStatus.Filled,300124.SZ,,TimeInForce.GTC,,,,1605542400000000000,2020-11-16T16:00:00Z
45.49545,7395217.154325,1605456000000000000,2020-11-15T16:00:00Z,65019400.0,,8e5ef8e8-e97d-4024-99d0-9121d227894e,OrderRole.Standalone,OrderType.Market,_default,,PositionEffect.Open,,65019400.0,False,,OrderSide.Buy,OrderStatus.Filled,300274.SZ,,TimeInForce.GTC,,,,1605542400000000000,2020-11-16T16:00:00Z
636.64601,7310924.455835,1605456000000000000,2020-11-15T16:00:00Z,4593400.0,,05c0cfc4-415e-4d5b-80e7-d471df388f91,OrderRole.Standalone,OrderType.Market,_default,,PositionEffect.Open,,4593400.0,False,,OrderSide.Buy,OrderStatus.Filled,300896.SZ,,TimeInForce.GTC,,,,1605542400000000000,2020-11-16T16:00:00Z
165.71412,7264119.87873,1605542400000000000,2020-11-16T16:00:00Z,17534100.0,,08dd88ad-1e31-4d6d-9647-f1354bf6a365,OrderRole.Standalone,OrderType.Market,_default,,PositionEffect.Close,,17534100.0,False,,OrderSide.Sell,OrderStatus.Filled,002594.SZ,,TimeInForce.GTC,,,,1605628800000000000,2020-11-17T16:00:00Z
71.00892,6771854.41695,1605542400000000000,2020-11-16T16:00:00Z,38146500.0,,f148ddc4-8f8a-43fd-b995-3b9137dd8b7e,OrderRole.Standalone,OrderType.Market,_default,,PositionEffect.Close,,38146500.0,False,,OrderSide.Sell,OrderStatus.Filled,002709.SZ,,TimeInForce.GTC,,,,1605628800000000000,2020-11-17T16:00:00Z
9.94005,8017510.139325,1607875200000000000,2020-12-13T16:00:00Z,322634600.0,,271da70a-3120-426f-b0c0-4e7856d28cd9,OrderRole.Standalone,OrderType.Market,_default,,PositionEffect.Close,,322634600.0,False,,OrderSide.Sell,OrderStatus.Filled,000301.SZ,,TimeInForce.GTC,,,,1607961600000000000,2020-12-14T16:00:00Z
44.0559,8200355.960475,1607875200000000000,2020-12-13T16:00:00Z,74454100.0,,a3c6ccf7-4e24-449e-9004-e9953e681186,OrderRole.Standalone,OrderType.Market,_default,,PositionEffect.Close,,74454100.0,False,,OrderSide.Sell,OrderStatus.Filled,000733.SZ,,TimeInForce.GTC,,,,1607961600000000000,2020-12-14T16:00:00Z
11.93805,7251231.26025,1607875200000000000,2020-12-13T16:00:00Z,242962000.0,,d88292ae-ddc0-4d08-9643-6cdab82a0ddc,OrderRole.Standalone,OrderType.Market,_default,,PositionEffect.Close,,242962000.0,False,,OrderSide.Sell,OrderStatus.Filled,000800.SZ,,TimeInForce.GTC,,,,1607961600000000000,2020-12-14T16:00:00Z
8.13186,7454563.479495,1607875200000000000,2020-12-13T16:00:00Z,366684300.0,,bbb7fc89-1ec0-4229-abe7-25533f0d3659,OrderRole.Standalone,OrderType.Market,_default,,PositionEffect.Close,,366684300.0,False,,OrderSide.Sell,OrderStatus.Filled,000807.SZ,,TimeInForce.GTC,,,,1607961600000000000,2020-12-14T16:00:00Z
84.28563,7601257.398735,1607875200000000000,2020-12-13T16:00:00Z,36073800.0,,67607987-d94a-4e9d-ac26-241cf9d31ebf,OrderRole.Standalone,OrderType.Market,_default,,PositionEffect.Close,,36073800.0,False,,OrderSide.Sell,OrderStatus.Filled,300124.SZ,,TimeInForce.GTC,,,,1607961600000000000,2020-12-14T16:00:00Z
57.6423,1621189.6875,1607875200000000000,2020-12-13T16:00:00Z,11250000.0,,0a48ecf0-dee7-4920-a1a2-c251ed3ee44b,OrderRole.Standalone,OrderType.Market,_default,,PositionEffect.Close,,11250000.0,False,,OrderSide.Sell,OrderStatus.Filled,300274.SZ,,TimeInForce.GTC,,,,1607961600000000000,2020-12-14T16:00:00Z
972.40662,946880.946225,1607875200000000000,2020-12-13T16:00:00Z,389500.0,,00d73f1f-b81c-45c3-929e-16f3651e9f30,OrderRole.Standalone,OrderType.Market,_default,,PositionEffect.Close,,389500.0,False,,OrderSide.Sell,OrderStatus.Filled,688169.SH,,TimeInForce.GTC,,,,1607961600000000000,2020-12-14T16:00:00Z
170.42025,7690852.8571875,1607875200000000000,2020-12-13T16:00:00Z,18051500.0,,78d182b3-065f-4bf1-9096-cf759dc345f3,OrderRole.Standalone,OrderType.Market,_default,,PositionEffect.Open,,18051500.0,False,,OrderSide.Buy,OrderStatus.Filled,002594.SZ,,TimeInForce.GTC,,,,1607961600000000000,2020-12-14T16:00:00Z
94.16407,7689437.9562,1607875200000000000,2020-12-13T16:00:00Z,32664000.0,,1c55eb49-e6a1-406d-a139-3aac2a387e58,OrderRole.Standalone,OrderType.Market,_default,,PositionEffect.Open,,32664000.0,False,,OrderSide.Buy,OrderStatus.Filled,002709.SZ,,TimeInForce.GTC,,,,1607961600000000000,2020-12-14T16:00:00Z
36.55652,7630122.55005,1607875200000000000,2020-12-13T16:00:00Z,83488500.0,,f66d7147-93c0-4d12-b0f7-9b9b02d415a2,OrderRole.Standalone,OrderType.Market,_default,,PositionEffect.Open,,83488500.0,False,,OrderSide.Buy,OrderStatus.Filled,300442.SZ,,TimeInForce.GTC,,,,1607961600000000000,2020-12-14T16:00:00Z
26.7267,7694389.75305,1607875200000000000,2020-12-13T16:00:00Z,115156600.0,,78b76539-7257-490b-9499-05a5ffc6068f,OrderRole.Standalone,OrderType.Market,_default,,PositionEffect.Open,,115156600.0,False,,OrderSide.Buy,OrderStatus.Filled,601633.SH,,TimeInForce.GTC,,,,1607961600000000000,2020-12-14T16:00:00Z
34.95492,7735139.29188,1607875200000000000,2020-12-13T16:00:00Z,88515600.0,,a36c6941-22e3-45b3-bfd0-58e02f98a2dc,OrderRole.Standalone,OrderType.Market,_default,,PositionEffect.Open,,88515600.0,False,,OrderSide.Buy,OrderStatus.Filled,601865.SH,,TimeInForce.GTC,,,,1607961600000000000,2020-12-14T16:00:00Z
59.059,7630422.8,1607875200000000000,2020-12-13T16:00:00Z,51680000.0,,8b00201b-cc37-4ea2-a58e-5307f5671c86,OrderRole.Standalone,OrderType.Market,_default,,PositionEffect.Open,,51680000.0,False,,OrderSide.Buy,OrderStatus.Filled,601995.SH,,TimeInForce.GTC,,,,1607961600000000000,2020-12-14T16:00:00Z
137.94781,7762392.242605,1607875200000000000,2020-12-13T16:00:00Z,22508200.0,,241f6a72-931c-4408-9809-badf507d27a6,OrderRole.Standalone,OrderType.Market,_default,,PositionEffect.Open,,22508200.0,False,,OrderSide.Buy,OrderStatus.Filled,688036.SH,,TimeInForce.GTC,,,,1607961600000000000,2020-12-14T16:00:00Z
626.2256,425520.2952,1607875200000000000,2020-12-13T16:00:00Z,271800.0,,aa358907-4251-4d41-9461-71c7e3b5be55,OrderRole.Standalone,OrderType.Market,_default,,PositionEffect.Open,,271800.0,False,,OrderSide.Buy,OrderStatus.Filled,300896.SZ,,TimeInForce.GTC,,,,1607961600000000000,2020-12-14T16:00:00Z
62.5374,8406496.1889,1607961600000000000,2020-12-14T16:00:00Z,53769400.0,,d1f2ff42-85f9-4b32-b52e-a4369f641b35,OrderRole.Standalone,OrderType.Market,_default,,PositionEffect.Close,,53769400.0,False,,OrderSide.Sell,OrderStatus.Filled,300274.SZ,,TimeInForce.GTC,,,,1608048000000000000,2020-12-15T16:00:00Z
606.38301,7375436.55063,1607961600000000000,2020-12-14T16:00:00Z,4865200.0,,cdf74a42-d51b-446c-9c11-6cb259b22b7c,OrderRole.Standalone,OrderType.Market,_default,,PositionEffect.Close,,4865200.0,False,,OrderSide.Sell,OrderStatus.Filled,300896.SZ,,TimeInForce.GTC,,,,1608048000000000000,2020-12-15T16:00:00Z
969.1299,7623902.640825,1607961600000000000,2020-12-14T16:00:00Z,3146700.0,,5bae4540-60ea-445d-8779-bec73bee0868,OrderRole.Standalone,OrderType.Market,_default,,PositionEffect.Close,,3146700.0,False,,OrderSide.Sell,OrderStatus.Filled,688169.SH,,TimeInForce.GTC,,,,1608048000000000000,2020-12-15T16:00:00Z
237.762,10729901.8575,1610380800000000000,2021-01-11T16:00:00Z,18051500.0,,3b5bc78a-e77f-494d-bc97-da773342ca89,OrderRole.Standalone,OrderType.Market,_default,,PositionEffect.Close,,18051500.0,False,,OrderSide.Sell,OrderStatus.Filled,002594.SZ,,TimeInForce.GTC,,,,1610467200000000000,2021-01-12T16:00:00Z
106.6932,8712566.712,1610380800000000000,2021-01-11T16:00:00Z,32664000.0,,bc5a9853-2d63-4c75-9b14-d2c510ee6cf9,OrderRole.Standalone,OrderType.Market,_default,,PositionEffect.Close,,32664000.0,False,,OrderSide.Sell,OrderStatus.Filled,002709.SZ,,TimeInForce.GTC,,,,1610467200000000000,2021-01-12T16:00:00Z
34.48548,7197852.49245,1610380800000000000,2021-01-11T16:00:00Z,83488500.0,,016df692-cf16-4ad8-b99d-ae5a688fff33,OrderRole.Standalone,OrderType.Market,_default,,PositionEffect.Close,,83488500.0,False,,OrderSide.Sell,OrderStatus.Filled,300442.SZ,,TimeInForce.GTC,,,,1610467200000000000,2021-01-12T16:00:00Z
48.72123,14026427.986545,1610380800000000000,2021-01-11T16:00:00Z,115156600.0,,d34a0967-eeb2-4e9c-9964-bfe5f910834f,OrderRole.Standalone,OrderType.Market,_default,,PositionEffect.Close,,115156600.0,False,,OrderSide.Sell,OrderStatus.Filled,601633.SH,,TimeInForce.GTC,,,,1610467200000000000,2021-01-12T16:00:00Z
39.94002,8838287.08578,1610380800000000000,2021-01-11T16:00:00Z,88515600.0,,1044cec0-016a-4db8-bae5-26935d5ec01d,OrderRole.Standalone,OrderType.Market,_default,,PositionEffect.Close,,88515600.0,False,,OrderSide.Sell,OrderStatus.Filled,601865.SH,,TimeInForce.GTC,,,,1610467200000000000,2021-01-12T16:00:00Z
72.7272,9396354.24,1610380800000000000,2021-01-11T16:00:00Z,51680000.0,,b63dd146-7507-4d9a-9515-04567f7c8a6c,OrderRole.Standalone,OrderType.Market,_default,,PositionEffect.Close,,51680000.0,False,,OrderSide.Sell,OrderStatus.Filled,601995.SH,,TimeInForce.GTC,,,,1610467200000000000,2021-01-12T16:00:00Z
148.4514,8353434.5037,1610380800000000000,2021-01-11T16:00:00Z,22508200.0,,e9c4eff2-ee22-4313-8d62-6029581868cb,OrderRole.Standalone,OrderType.Market,_default,,PositionEffect.Close,,22508200.0,False,,OrderSide.Sell,OrderStatus.Filled,688036.SH,,TimeInForce.GTC,,,,1610467200000000000,2021-01-12T16:00:00Z
21.021,8937104.42625,1610380800000000000,2021-01-11T16:00:00Z,170060500.0,,22ea1425-e296-4c18-8699-b6579bc19b00,OrderRole.Standalone,OrderType.Market,_default,,PositionEffect.Open,,170060500.0,False,,OrderSide.Buy,OrderStatus.Filled,000001.SZ,,TimeInForce.GTC,,,,1610467200000000000,2021-01-12T16:00:00Z
8.95895,9300825.7717375,1610380800000000000,2021-01-11T16:00:00Z,415264100.0,,5c5016d7-432b-4e42-adad-3b4afa94402c,OrderRole.Standalone,OrderType.Market,_default,,PositionEffect.Open,,415264100.0,False,,OrderSide.Buy,OrderStatus.Filled,000100.SZ,,TimeInForce.GTC,,,,1610467200000000000,2021-01-12T16:00:00Z
6.96696,8937106.55838,1610380800000000000,2021-01-11T16:00:00Z,513113700.0,,33cf5789-53fb-4b38-a34d-4ed20fc8d607,OrderRole.Standalone,OrderType.Market,_default,,PositionEffect.Open,,513113700.0,False,,OrderSide.Buy,OrderStatus.Filled,000725.SZ,,TimeInForce.GTC,,,,1610467200000000000,2021-01-12T16:00:00Z
39.88985,8914733.2649375,1610380800000000000,2021-01-11T16:00:00Z,89393500.0,,c8531918-8b61-4c60-8f4f-44a264c3c125,OrderRole.Standalone,OrderType.Market,_default,,PositionEffect.Open,,89393500.0,False,,OrderSide.Buy,OrderStatus.Filled,000768.SZ,,TimeInForce.GTC,,,,1610467200000000000,2021-01-12T16:00:00Z
94.10401,9002201.3306225,1610380800000000000,2021-01-11T16:00:00Z,38264900.0,,fb8694f0-adce-4959-8b99-4c2d88363be4,OrderRole.Standalone,OrderType.Market,_default,,PositionEffect.Open,,38264900.0,False,,OrderSide.Buy,OrderStatus.Filled,300014.SZ,,TimeInForce.GTC,,,,1610467200000000000,2021-01-12T16:00:00Z
86.5865,8894944.5585,1610380800000000000,2021-01-11T16:00:00Z,41091600.0,,bc56bf35-4443-4bc3-923c-59da700bb2e9,OrderRole.Standalone,OrderType.Market,_default,,PositionEffect.Open,,41091600.0,False,,OrderSide.Buy,OrderStatus.Filled,300274.SZ,,TimeInForce.GTC,,,,1610467200000000000,2021-01-12T16:00:00Z
21.60158,8991268.84656,1610380800000000000,2021-01-11T16:00:00Z,166492800.0,,4d65abde-d8de-41d0-abce-dc488df3c050,OrderRole.Standalone,OrderType.Market,_default,,PositionEffect.Open,,166492800.0,False,,OrderSide.Buy,OrderStatus.Filled,300418.SZ,,TimeInForce.GTC,,,,1610467200000000000,2021-01-12T16:00:00Z
400.4,8911002.1,1610380800000000000,2021-01-11T16:00:00Z,8902100.0,,12b0faa0-aa9b-4ad4-b105-a9b256ca7ab9,OrderRole.Standalone,OrderType.Market,_default,,PositionEffect.Open,,8902100.0,False,,OrderSide.Buy,OrderStatus.Filled,300750.SZ,,TimeInForce.GTC,,,,1610467200000000000,2021-01-12T16:00:00Z
128.23811,8820730.15824,1610380800000000000,2021-01-11T16:00:00Z,27513600.0,,8e1e67fe-33d3-4078-bffa-5e2cac9abf0d,OrderRole.Standalone,OrderType.Market,_default,,PositionEffect.Open,,27513600.0,False,,OrderSide.Buy,OrderStatus.Filled,300999.SZ,,TimeInForce.GTC,,,,1610467200000000000,2021-01-12T16:00:00Z
37.7377,8824744.153225,1610380800000000000,2021-01-11T16:00:00Z,93537700.0,,7e64a566-bc06-4b00-a6d7-5e745356a3ad,OrderRole.Standalone,OrderType.Market,_default,,PositionEffect.Open,,93537700.0,False,,OrderSide.Buy,OrderStatus.Filled,300059.SZ,,TimeInForce.GTC,,,,1610467200000000000,2021-01-12T16:00:00Z
24.5754,10448262.02925,1612800000000000000,2021-02-08T16:00:00Z,170060500.0,,fdfd76bf-76f1-4ae5-8348-12e7e127dff9,OrderRole.Standalone,OrderType.Market,_default,,PositionEffect.Close,,170060500.0,False,,OrderSide.Sell,OrderStatus.Filled,000001.SZ,,TimeInForce.GTC,,,,1612886400000000000,2021-02-09T16:00:00Z
9.06093,9406697.3540325,1612800000000000000,2021-02-08T16:00:00Z,415264100.0,,760446dc-79a9-4ffc-8c8e-236fba2bcd3a,OrderRole.Standalone,OrderType.Market,_default,,PositionEffect.Close,,415264100.0,False,,OrderSide.Sell,OrderStatus.Filled,000100.SZ,,TimeInForce.GTC,,,,1612886400000000000,2021-02-09T16:00:00Z
6.16383,7906864.0436775,1612800000000000000,2021-02-08T16:00:00Z,513113700.0,,f88eb17a-2ccd-4913-ada1-ecb3ee93421c,OrderRole.Standalone,OrderType.Market,_default,,PositionEffect.Close,,513113700.0,False,,OrderSide.Sell,OrderStatus.Filled,000725.SZ,,TimeInForce.GTC,,,,1612886400000000000,2021-02-09T16:00:00Z
32.21775,7200143.5865625,1612800000000000000,2021-02-08T16:00:00Z,89393500.0,,996e90b6-af14-4f9c-9f20-a9fc3dfd8e63,OrderRole.Standalone,OrderType.Market,_default,,PositionEffect.Close,,89393500.0,False,,OrderSide.Sell,OrderStatus.Filled,000768.SZ,,TimeInForce.GTC,,,,1612886400000000000,2021-02-09T16:00:00Z
107.47242,10281053.510145,1612800000000000000,2021-02-08T16:00:00Z,38264900.0,,ee47c133-38b9-4363-a95f-14bc0ccd787b,OrderRole.Standalone,OrderType.Market,_default,,PositionEffect.Close,,38264900.0,False,,OrderSide.Sell,OrderStatus.Filled,300014.SZ,,TimeInForce.GTC,,,,1612886400000000000,2021-02-09T16:00:00Z
38.2617,8947278.540225,1612800000000000000,2021-02-08T16:00:00Z,93537700.0,,20d5f32f-5607-4d08-a991-b40b4bb8633c,OrderRole.Standalone,OrderType.Market,_default,,PositionEffect.Close,,93537700.0,False,,OrderSide.Sell,OrderStatus.Filled,300059.SZ,,TimeInForce.GTC,,,,1612886400000000000,2021-02-09T16:00:00Z
115.0848,11822546.4192,1612800000000000000,2021-02-08T16:00:00Z,41091600.0,,cca5c1be-91d1-45cd-89fa-84c682f2e06f,OrderRole.Standalone,OrderType.Market,_default,,PositionEffect.Close,,41091600.0,False,,OrderSide.Sell,OrderStatus.Filled,300274.SZ,,TimeInForce.GTC,,,,1612886400000000000,2021-02-09T16:00:00Z
21.33864,8881824.80448,1612800000000000000,2021-02-08T16:00:00Z,166492800.0,,618b02c7-f9e1-4db6-8a8e-82aa484807cc,OrderRole.Standalone,OrderType.Market,_default,,PositionEffect.Close,,166492800.0,False,,OrderSide.Sell,OrderStatus.Filled,300418.SZ,,TimeInForce.GTC,,,,1612886400000000000,2021-02-09T16:00:00Z
413.57601,9204237.4965525,1612800000000000000,2021-02-08T16:00:00Z,8902100.0,,4b63f28b-0321-4637-b49c-3831d9e5f409,OrderRole.Standalone,OrderType.Market,_default,,PositionEffect.Close,,8902100.0,False,,OrderSide.Sell,OrderStatus.Filled,300750.SZ,,TimeInForce.GTC,,,,1612886400000000000,2021-02-09T16:00:00Z
122.76711,8444412.89424,1612800000000000000,2021-02-08T16:00:00Z,27513600.0,,d60ad075-e110-4640-8462-4dfa8287f491,OrderRole.Standalone,OrderType.Market,_default,,PositionEffect.Close,,27513600.0,False,,OrderSide.Sell,OrderStatus.Filled,300999.SZ,,TimeInForce.GTC,,,,1612886400000000000,2021-02-09T16:00:00Z
3.81381,9080790.303585,1612800000000000000,2021-02-08T16:00:00Z,952411400.0,,c6e8fd86-6d17-43fa-9a7b-fb5cb1f62d98,OrderRole.Standalone,OrderType.Market,_default,,PositionEffect.Open,,952411400.0,False,,OrderSide.Buy,OrderStatus.Filled,600011.SH,,TimeInForce.GTC,,,,1612886400000000000,2021-02-09T16:00:00Z
4.1041,9060426.62525,1612800000000000000,2021-02-08T16:00:00Z,883061000.0,,e7d2c6ef-2130-43f0-b57c-f779d2432d64,OrderRole.Standalone,OrderType.Market,_default,,PositionEffect.Open,,883061000.0,False,,OrderSide.Buy,OrderStatus.Filled,601077.SH,,TimeInForce.GTC,,,,1612886400000000000,2021-02-09T16:00:00Z
7.45745,9092419.4736375,1612800000000000000,2021-02-08T16:00:00Z,487695900.0,,eedef89a-a449-407f-9a15-03743cc72037,OrderRole.Standalone,OrderType.Market,_default,,PositionEffect.Open,,487695900.0,False,,OrderSide.Buy,OrderStatus.Filled,601186.SH,,TimeInForce.GTC,,,,1612886400000000000,2021-02-09T16:00:00Z
13.93392,9052596.11256,1612800000000000000,2021-02-08T16:00:00Z,259872200.0,,f65df557-e7cc-493c-8c45-0839c439ff71,OrderRole.Standalone,OrderType.Market,_default,,PositionEffect.Open,,259872200.0,False,,OrderSide.Buy,OrderStatus.Filled,601236.SH,,TimeInForce.GTC,,,,1612886400000000000,2021-02-09T16:00:00Z
5.44544,9189081.98208,1612800000000000000,2021-02-08T16:00:00Z,674992800.0,,81e083a4-b2cc-4907-8cee-b1ad45ac54a3,OrderRole.Standalone,OrderType.Market,_default,,PositionEffect.Open,,674992800.0,False,,OrderSide.Buy,OrderStatus.Filled,601699.SH,,TimeInForce.GTC,,,,1612886400000000000,2021-02-09T16:00:00Z
6.66666,9104624.2287,1612800000000000000,2021-02-08T16:00:00Z,546278000.0,,cb24256e-33ce-43f6-ad1e-25e7534578fe,OrderRole.Standalone,OrderType.Market,_default,,PositionEffect.Open,,546278000.0,False,,OrderSide.Buy,OrderStatus.Filled,601800.SH,,TimeInForce.GTC,,,,1612886400000000000,2021-02-09T16:00:00Z
10.5105,9104623.402875,1612800000000000000,2021-02-08T16:00:00Z,346496300.0,,b34c7e31-6b37-4a71-8121-aa865c3b359a,OrderRole.Standalone,OrderType.Market,_default,,PositionEffect.Open,,346496300.0,False,,OrderSide.Buy,OrderStatus.Filled,601881.SH,,TimeInForce.GTC,,,,1612886400000000000,2021-02-09T16:00:00Z
3.98398,9104624.353825,1612800000000000000,2021-02-08T16:00:00Z,914123500.0,,d997f4e9-4262-4bc8-b7c1-353641f7c27b,OrderRole.Standalone,OrderType.Market,_default,,PositionEffect.Open,,914123500.0,False,,OrderSide.Buy,OrderStatus.Filled,601898.SH,,TimeInForce.GTC,,,,1612886400000000000,2021-02-09T16:00:00Z
2.63263,9070136.95588,1612800000000000000,2021-02-08T16:00:00Z,1378110400.0,,d813476b-d2c7-43f8-bf0a-443405dd33b7,OrderRole.Standalone,OrderType.Market,_default,,PositionEffect.Open,,1378110400.0,False,,OrderSide.Buy,OrderStatus.Filled,003816.SZ,,TimeInForce.GTC,,,,1612886400000000000,2021-02-09T16:00:00Z
65.35529,9145231.08499,1612800000000000000,2021-02-08T16:00:00Z,55972400.0,,e833ae28-781c-4c9b-8319-7b9f1c6b9dcc,OrderRole.Standalone,OrderType.Market,_default,,PositionEffect.Open,,55972400.0,False,,OrderSide.Buy,OrderStatus.Filled,300223.SZ,,TimeInForce.GTC,,,,1612886400000000000,2021-02-09T16:00:00Z
2.94705,10153400.6358,1615824000000000000,2021-03-15T16:00:00Z,1378110400.0,,3cd4d746-efd1-488c-b69c-6b3c8452cb48,OrderRole.Standalone,OrderType.Market,_default,,PositionEffect.Close,,1378110400.0,False,,OrderSide.Sell,OrderStatus.Filled,003816.SZ,,TimeInForce.GTC,,,,1615910400000000000,2021-03-16T16:00:00Z
56.52342,7909378.68402,1615824000000000000,2021-03-15T16:00:00Z,55972400.0,,ed78081f-1284-4208-a450-b0e6c9e3469b,OrderRole.Standalone,OrderType.Market,_default,,PositionEffect.Close,,55972400.0,False,,OrderSide.Sell,OrderStatus.Filled,300223.SZ,,TimeInForce.GTC,,,,1615910400000000000,2021-03-16T16:00:00Z
4.48551,10680127.147035,1615824000000000000,2021-03-15T16:00:00Z,952411400.0,,d525e03d-9c70-486a-9478-4d5ccbbe8f7c,OrderRole.Standalone,OrderType.Market,_default,,PositionEffect.Close,,952411400.0,False,,OrderSide.Sell,OrderStatus.Filled,600011.SH,,TimeInForce.GTC,,,,1615910400000000000,2021-03-16T16:00:00Z
4.37562,9659848.43205,1615824000000000000,2021-03-15T16:00:00Z,883061000.0,,4c73f57f-792d-411a-b5b0-763d72dfa53d,OrderRole.Standalone,OrderType.Market,_default,,PositionEffect.Close,,883061000.0,False,,OrderSide.Sell,OrderStatus.Filled,601077.SH,,TimeInForce.GTC,,,,1615910400000000000,2021-03-16T16:00:00Z
8.00199,9756344.2871025,1615824000000000000,2021-03-15T16:00:00Z,487695900.0,,6f42bf41-bb68-4d31-82f6-64877db5863d,OrderRole.Standalone,OrderType.Market,_default,,PositionEffect.Close,,487695900.0,False,,OrderSide.Sell,OrderStatus.Filled,601186.SH,,TimeInForce.GTC,,,,1615910400000000000,2021-03-16T16:00:00Z
13.63635,8859270.686175,1615824000000000000,2021-03-15T16:00:00Z,259872200.0,,08760454-4a70-48f7-a506-f64d099a5423,OrderRole.Standalone,OrderType.Market,_default,,PositionEffect.Close,,259872200.0,False,,OrderSide.Sell,OrderStatus.Filled,601236.SH,,TimeInForce.GTC,,,,1615910400000000000,2021-03-16T16:00:00Z
6.0939,10283346.5598,1615824000000000000,2021-03-15T16:00:00Z,674992800.0,,81d877c3-5881-4ad9-bb5d-60eb178afad2,OrderRole.Standalone,OrderType.Market,_default,,PositionEffect.Close,,674992800.0,False,,OrderSide.Sell,OrderStatus.Filled,601699.SH,,TimeInForce.GTC,,,,1615910400000000000,2021-03-16T16:00:00Z
7.21278,9850457.5821,1615824000000000000,2021-03-15T16:00:00Z,546278000.0,,f010890e-e70e-4046-aee5-4ba77310f6fd,OrderRole.Standalone,OrderType.Market,_default,,PositionEffect.Close,,546278000.0,False,,OrderSide.Sell,OrderStatus.Filled,601800.SH,,TimeInForce.GTC,,,,1615910400000000000,2021-03-16T16:00:00Z
10.42956,9034509.87657,1615824000000000000,2021-03-15T16:00:00Z,346496300.0,,a8f6a3bb-fdba-4192-a428-bf3b13c7eae7,OrderRole.Standalone,OrderType.Market,_default,,PositionEffect.Close,,346496300.0,False,,OrderSide.Sell,OrderStatus.Filled,601881.SH,,TimeInForce.GTC,,,,1615910400000000000,2021-03-16T16:00:00Z
5.1948,11871721.8945,1615824000000000000,2021-03-15T16:00:00Z,914123500.0,,c4b5fd42-4c10-46fe-9ef1-483212404ad2,OrderRole.Standalone,OrderType.Market,_default,,PositionEffect.Close,,914123500.0,False,,OrderSide.Sell,OrderStatus.Filled,601898.SH,,TimeInForce.GTC,,,,1615910400000000000,2021-03-16T16:00:00Z
4.22422,19527274.33657,1615824000000000000,2021-03-15T16:00:00Z,1849077400.0,,2e41f8ff-43d9-4ab5-bb2e-c281143be78d,OrderRole.Standalone,OrderType.Market,_default,,PositionEffect.Open,,1849077400.0,False,,OrderSide.Buy,OrderStatus.Filled,601916.SH,,TimeInForce.GTC,,,,1615910400000000000,2021-03-16T16:00:00Z
21.04102,19527271.158395,1615824000000000000,2021-03-15T16:00:00Z,371222900.0,,13e49b37-bcf1-4619-9b8a-95182c70b756,OrderRole.Standalone,OrderType.Market,_default,,PositionEffect.Open,,371222900.0,False,,OrderSide.Buy,OrderStatus.Filled,002236.SZ,,TimeInForce.GTC,,,,1615910400000000000,2021-03-16T16:00:00Z
27.37735,19315404.85875,1615824000000000000,2021-03-15T16:00:00Z,282210000.0,,a725bf2d-16e8-47bc-8590-ab3f3fdd05dc,OrderRole.Standalone,OrderType.Market,_default,,PositionEffect.Open,,282210000.0,False,,OrderSide.Buy,OrderStatus.Filled,002241.SZ,,TimeInForce.GTC,,,,1615910400000000000,2021-03-16T16:00:00Z
1.41141,19389758.62824,1615824000000000000,2021-03-15T16:00:00Z,5495145600.0,,2f9bcab2-8603-4557-aba4-fb9b43f2ba2a,OrderRole.Standalone,OrderType.Market,_default,,PositionEffect.Open,,5495145600.0,False,,OrderSide.Buy,OrderStatus.Filled,600221.SH,,TimeInForce.GTC,,,,1615910400000000000,2021-03-16T16:00:00Z
6.12612,19463668.01379,1615824000000000000,2021-03-15T16:00:00Z,1270864300.0,,ea7b202f-2bc3-4ba2-b132-a861030db387,OrderRole.Standalone,OrderType.Market,_default,,PositionEffect.Open,,1270864300.0,False,,OrderSide.Buy,OrderStatus.Filled,601658.SH,,TimeInForce.GTC,,,,1615910400000000000,2021-03-16T16:00:00Z
24.29568,22547781.96768,1618329600000000000,2021-04-13T16:00:00Z,371222900.0,,602861a8-6d4f-4678-9540-56475c3edc0d,OrderRole.Standalone,OrderType.Market,_default,,PositionEffect.Close,,371222900.0,False,,OrderSide.Sell,OrderStatus.Filled,002236.SZ,,TimeInForce.GTC,,,,1618416000000000000,2021-04-14T16:00:00Z
30.3696,21426512.04,1618329600000000000,2021-04-13T16:00:00Z,282210000.0,,f361c044-0276-442e-87c2-f4c4b573bf8d,OrderRole.Standalone,OrderType.Market,_default,,PositionEffect.Close,,282210000.0,False,,OrderSide.Sell,OrderStatus.Filled,002241.SZ,,TimeInForce.GTC,,,,1618416000000000000,2021-04-14T16:00:00Z
1.71828,23605496.95392,1618329600000000000,2021-04-13T16:00:00Z,5495145600.0,,e2491f70-3972-4761-8457-6842771f55b0,OrderRole.Standalone,OrderType.Market,_default,,PositionEffect.Close,,5495145600.0,False,,OrderSide.Sell,OrderStatus.Filled,600221.SH,,TimeInForce.GTC,,,,1618416000000000000,2021-04-14T16:00:00Z
5.66433,17996486.9510475,1618329600000000000,2021-04-13T16:00:00Z,1270864300.0,,e6267d02-e223-4199-8c8e-457ce256cfa8,OrderRole.Standalone,OrderType.Market,_default,,PositionEffect.Close,,1270864300.0,False,,OrderSide.Sell,OrderStatus.Filled,601658.SH,,TimeInForce.GTC,,,,1618416000000000000,2021-04-14T16:00:00Z
3.96603,18333741.101805,1618329600000000000,2021-04-13T16:00:00Z,1849077400.0,,a3898049-830a-429a-a4bd-ff42ff5fd8fa,OrderRole.Standalone,OrderType.Market,_default,,PositionEffect.Close,,1849077400.0,False,,OrderSide.Sell,OrderStatus.Filled,601916.SH,,TimeInForce.GTC,,,,1618416000000000000,2021-04-14T16:00:00Z
14.64463,17359026.81513,1618329600000000000,2021-04-13T16:00:00Z,474140400.0,,5ea37fbd-2bd1-4894-afee-d7b66c37c110,OrderRole.Standalone,OrderType.Market,_default,,PositionEffect.Open,,474140400.0,False,,OrderSide.Buy,OrderStatus.Filled,601919.SH,,TimeInForce.GTC,,,,1618416000000000000,2021-04-14T16:00:00Z
171.171,17197293.6135,1618329600000000000,2021-04-13T16:00:00Z,40187400.0,,0269357a-407e-473f-a5bf-580a86ea7823,OrderRole.Standalone,OrderType.Market,_default,,PositionEffect.Open,,40187400.0,False,,OrderSide.Buy,OrderStatus.Filled,688036.SH,,TimeInForce.GTC,,,,1618416000000000000,2021-04-14T16:00:00Z
10.5105,17327523.588375,1618329600000000000,2021-04-13T16:00:00Z,659436700.0,,60d04bfb-f063-4643-8bda-f58438a8a665,OrderRole.Standalone,OrderType.Market,_default,,PositionEffect.Open,,659436700.0,False,,OrderSide.Buy,OrderStatus.Filled,000807.SZ,,TimeInForce.GTC,,,,1618416000000000000,2021-04-14T16:00:00Z
67.39733,17131811.5593625,1618329600000000000,2021-04-13T16:00:00Z,101676500.0,,2bb26ca3-8ee1-44cc-be22-0980909e5da5,OrderRole.Standalone,OrderType.Market,_default,,PositionEffect.Open,,101676500.0,False,,OrderSide.Buy,OrderStatus.Filled,300274.SZ,,TimeInForce.GTC,,,,1618416000000000000,2021-04-14T16:00:00Z
515.515,17065093.045,1618329600000000000,2021-04-13T16:00:00Z,13241200.0,,706cfbd9-90d8-434e-be38-0b40af62f231,OrderRole.Standalone,OrderType.Market,_default,,PositionEffect.Open,,13241200.0,False,,OrderSide.Buy,OrderStatus.Filled,300896.SZ,,TimeInForce.GTC,,,,1618416000000000000,2021-04-14T16:00:00Z
29.8298,17028505.3939,1618329600000000000,2021-04-13T16:00:00Z,228342200.0,,9c71641d-9e10-4f1a-b25a-f3314ba9c15d,OrderRole.Standalone,OrderType.Market,_default,,PositionEffect.Open,,228342200.0,False,,OrderSide.Buy,OrderStatus.Filled,601127.SH,,TimeInForce.GTC,,,,1618416000000000000,2021-04-14T16:00:00Z
14.74524,24308881.01577,1621180800000000000,2021-05-16T16:00:00Z,659436700.0,,f7fb7a28-0e84-4ac4-99bf-b2160aba4582,OrderRole.Standalone,OrderType.Market,_default,,PositionEffect.Close,,659436700.0,False,,OrderSide.Sell,OrderStatus.Filled,000807.SZ,,TimeInForce.GTC,,,,1621267200000000000,2021-05-17T16:00:00Z
84.7152,21533862.582,1621180800000000000,2021-05-16T16:00:00Z,101676500.0,,ec29a649-882c-4310-a3e0-d9d9854bc07e,OrderRole.Standalone,OrderType.Market,_default,,PositionEffect.Close,,101676500.0,False,,OrderSide.Sell,OrderStatus.Filled,300274.SZ,,TimeInForce.GTC,,,,1621267200000000000,2021-05-17T16:00:00Z
59.75019,6973355.049615,1621180800000000000,2021-05-16T16:00:00Z,46683400.0,,7b3520f3-c20a-492d-8bc1-6131acc80599,OrderRole.Standalone,OrderType.Market,_default,,PositionEffect.Close,,46683400.0,False,,OrderSide.Sell,OrderStatus.Filled,601127.SH,,TimeInForce.GTC,,,,1621267200000000000,2021-05-17T16:00:00Z
21.3786,25341144.8886,1621180800000000000,2021-05-16T16:00:00Z,474140400.0,,ebc5a6ea-32ff-41fb-b0bd-43aa6bb3833d,OrderRole.Standalone,OrderType.Market,_default,,PositionEffect.Close,,474140400.0,False,,OrderSide.Sell,OrderStatus.Filled,601919.SH,,TimeInForce.GTC,,,,1621267200000000000,2021-05-17T16:00:00Z
163.82601,16459353.485685,1621180800000000000,2021-05-16T16:00:00Z,40187400.0,,7a64b660-ab21-49a9-87c1-16130ffb8c20,OrderRole.Standalone,OrderType.Market,_default,,PositionEffect.Close,,40187400.0,False,,OrderSide.Sell,OrderStatus.Filled,688036.SH,,TimeInForce.GTC,,,,1621267200000000000,2021-05-17T16:00:00Z
14.59458,27707857.562385,1621180800000000000,2021-05-16T16:00:00Z,759401300.0,,8d40003d-ca1b-4ef1-aa07-4466f71505d6,OrderRole.Standalone,OrderType.Market,_default,,PositionEffect.Open,,759401300.0,False,,OrderSide.Buy,OrderStatus.Filled,000408.SZ,,TimeInForce.GTC,,,,1621267200000000000,2021-05-17T16:00:00Z
11.42141,27717446.3791225,1621180800000000000,2021-05-16T16:00:00Z,970718900.0,,bd69945e-2f23-44b3-a8cf-ba89ed85c356,OrderRole.Standalone,OrderType.Market,_default,,PositionEffect.Open,,970718900.0,False,,OrderSide.Buy,OrderStatus.Filled,002532.SZ,,TimeInForce.GTC,,,,1621267200000000000,2021-05-17T16:00:00Z
35.97594,27233597.706315,1621180800000000000,2021-05-16T16:00:00Z,302797900.0,,b80b13ee-db27-4f48-a0c1-b2518cb21505,OrderRole.Standalone,OrderType.Market,_default,,PositionEffect.Open,,302797900.0,False,,OrderSide.Buy,OrderStatus.Filled,600460.SH,,TimeInForce.GTC,,,,1621267200000000000,2021-05-17T16:00:00Z
633.633,6755795.046,1621180800000000000,2021-05-16T16:00:00Z,4264800.0,,66bd708b-bbdd-46da-8759-dd59e73d618d,OrderRole.Standalone,OrderType.Market,_default,,PositionEffect.Open,,4264800.0,False,,OrderSide.Buy,OrderStatus.Filled,300896.SZ,,TimeInForce.GTC,,,,1621267200000000000,2021-05-17T16:00:00Z
626.55282,27421084.1673,1621267200000000000,2021-05-17T16:00:00Z,17506000.0,,8341cf39-70d3-493d-99e5-84ea8bf07c12,OrderRole.Standalone,OrderType.Market,_default,,PositionEffect.Close,,17506000.0,False,,OrderSide.Sell,OrderStatus.Filled,300896.SZ,,TimeInForce.GTC,,,,1621353600000000000,2021-05-18T16:00:00Z
68.92101,31300269.92847,1621267200000000000,2021-05-17T16:00:00Z,181658800.0,,a5730c63-1a02-409c-83df-31366e72e157,OrderRole.Standalone,OrderType.Market,_default,,PositionEffect.Close,,181658800.0,False,,OrderSide.Sell,OrderStatus.Filled,601127.SH,,TimeInForce.GTC,,,,1621353600000000000,2021-05-18T16:00:00Z
20.68929,20245520.2464675,1623686400000000000,2021-06-14T16:00:00Z,391420300.0,,297238de-2f7a-40e9-b82f-af9368954a72,OrderRole.Standalone,OrderType.Market,_default,,PositionEffect.Close,,391420300.0,False,,OrderSide.Sell,OrderStatus.Filled,000408.SZ,,TimeInForce.GTC,,,,1623772800000000000,2021-06-15T16:00:00Z
10.54944,25601351.98104,1623686400000000000,2021-06-14T16:00:00Z,970718900.0,,cfcc2202-d574-4849-adf6-4051327186ce,OrderRole.Standalone,OrderType.Market,_default,,PositionEffect.Close,,970718900.0,False,,OrderSide.Sell,OrderStatus.Filled,002532.SZ,,TimeInForce.GTC,,,,1623772800000000000,2021-06-15T16:00:00Z
43.28667,32767781.9349825,1623686400000000000,2021-06-14T16:00:00Z,302797900.0,,956a83b8-b7e0-4e5c-9c9d-748623a8ba01,OrderRole.Standalone,OrderType.Market,_default,,PositionEffect.Close,,302797900.0,False,,OrderSide.Sell,OrderStatus.Filled,600460.SH,,TimeInForce.GTC,,,,1623772800000000000,2021-06-15T16:00:00Z
12.87286,19566544.452455,1623686400000000000,2021-06-14T16:00:00Z,607993700.0,,d36cfd9e-9a5d-4ede-b12f-929af1837af7,OrderRole.Standalone,OrderType.Market,_default,,PositionEffect.Open,,607993700.0,False,,OrderSide.Buy,OrderStatus.Filled,601699.SH,,TimeInForce.GTC,,,,1623772800000000000,2021-06-15T16:00:00Z
26.01599,19256814.662085,1623686400000000000,2021-06-14T16:00:00Z,296076600.0,,3bffb34e-40e7-4287-85b0-ec400f7bad6c,OrderRole.Standalone,OrderType.Market,_default,,PositionEffect.Open,,296076600.0,False,,OrderSide.Buy,OrderStatus.Filled,601919.SH,,TimeInForce.GTC,,,,1623772800000000000,2021-06-15T16:00:00Z
91.64155,19534610.6330375,1623686400000000000,2021-06-14T16:00:00Z,85265300.0,,6f0aea41-6a18-42bf-a516-f1ea149279c8,OrderRole.Standalone,OrderType.Market,_default,,PositionEffect.Open,,85265300.0,False,,OrderSide.Buy,OrderStatus.Filled,605117.SH,,TimeInForce.GTC,,,,1623772800000000000,2021-06-15T16:00:00Z
209.209,19329028.719,1623686400000000000,2021-06-14T16:00:00Z,36956400.0,,d6bb75ea-15d1-4b6e-8daf-7af7524b2ed0,OrderRole.Standalone,OrderType.Market,_default,,PositionEffect.Open,,36956400.0,False,,OrderSide.Buy,OrderStatus.Filled,605499.SH,,TimeInForce.GTC,,,,1623772800000000000,2021-06-15T16:00:00Z
96.40631,19026170.90374,1623686400000000000,2021-06-14T16:00:00Z,78941600.0,,cbece708-ffa7-40a6-886b-3d281b23ae0e,OrderRole.Standalone,OrderType.Market,_default,,PositionEffect.Open,,78941600.0,False,,OrderSide.Buy,OrderStatus.Filled,002709.SZ,,TimeInForce.GTC,,,,1623772800000000000,2021-06-15T16:00:00Z
97.5975,19200453.7725,1623686400000000000,2021-06-14T16:00:00Z,78692400.0,,36865deb-102f-4812-8312-38536fc62faa,OrderRole.Standalone,OrderType.Market,_default,,PositionEffect.Open,,78692400.0,False,,OrderSide.Buy,OrderStatus.Filled,300223.SZ,,TimeInForce.GTC,,,,1623772800000000000,2021-06-15T16:00:00Z
145.52538,19388964.860265,1623686400000000000,2021-06-14T16:00:00Z,53293700.0,,345c4879-7ba2-4e81-9968-0463e4a1e7e3,OrderRole.Standalone,OrderType.Market,_default,,PositionEffect.Open,,53293700.0,False,,OrderSide.Buy,OrderStatus.Filled,300919.SZ,,TimeInForce.GTC,,,,1623772800000000000,2021-06-15T16:00:00Z
20.03994,18435792.90285,1623772800000000000,2021-06-15T16:00:00Z,367981000.0,,c1a4cff2-974c-45f8-b5c5-73f719bd7c2b,OrderRole.Standalone,OrderType.Market,_default,,PositionEffect.Close,,367981000.0,False,,OrderSide.Sell,OrderStatus.Filled,000408.SZ,,TimeInForce.GTC,,,,1623859200000000000,2021-06-16T16:00:00Z
114.885,22673014.29,1626105600000000000,2021-07-12T16:00:00Z,78941600.0,,ebf67ad8-600c-4043-84c6-923592b5f20d,OrderRole.Standalone,OrderType.Market,_default,,PositionEffect.Close,,78941600.0,False,,OrderSide.Sell,OrderStatus.Filled,002709.SZ,,TimeInForce.GTC,,,,1626192000000000000,2021-07-13T16:00:00Z
157.842,21029960.4885,1626105600000000000,2021-07-12T16:00:00Z,53293700.0,,808431bb-b81b-4e17-98de-73f89613b1b6,OrderRole.Standalone,OrderType.Market,_default,,PositionEffect.Close,,53293700.0,False,,OrderSide.Sell,OrderStatus.Filled,300919.SZ,,TimeInForce.GTC,,,,1626192000000000000,2021-07-13T16:00:00Z
12.24774,18616371.898095,1626105600000000000,2021-07-12T16:00:00Z,607993700.0,,cab85b6b-bb12-4343-b332-f8c6ef46acb1,OrderRole.Standalone,OrderType.Market,_default,,PositionEffect.Close,,607993700.0,False,,OrderSide.Sell,OrderStatus.Filled,601699.SH,,TimeInForce.GTC,,,,1626192000000000000,2021-07-13T16:00:00Z
23.976,17746831.404,1626105600000000000,2021-07-12T16:00:00Z,296076600.0,,f6c3c3c7-5325-4e0b-ab34-2a0d486e3970,OrderRole.Standalone,OrderType.Market,_default,,PositionEffect.Close,,296076600.0,False,,OrderSide.Sell,OrderStatus.Filled,601919.SH,,TimeInForce.GTC,,,,1626192000000000000,2021-07-13T16:00:00Z
245.754,22705457.814,1626105600000000000,2021-07-12T16:00:00Z,36956400.0,,3663dace-3258-482a-a31a-2cf17c2a192e,OrderRole.Standalone,OrderType.Market,_default,,PositionEffect.Close,,36956400.0,False,,OrderSide.Sell,OrderStatus.Filled,605499.SH,,TimeInForce.GTC,,,,1626192000000000000,2021-07-13T16:00:00Z
33.04301,34336676.88451,1626105600000000000,2021-07-12T16:00:00Z,415660400.0,,f10fd595-cba5-4d7d-8cb4-5480f77c0063,OrderRole.Standalone,OrderType.Market,_default,,PositionEffect.Open,,415660400.0,False,,OrderSide.Buy,OrderStatus.Filled,688599.SH,,TimeInForce.GTC,,,,1626192000000000000,2021-07-13T16:00:00Z
320.20989,34578505.39143,1626105600000000000,2021-07-12T16:00:00Z,43194800.0,,85e024bf-3ea3-4c9f-9399-e0c0368cec93,OrderRole.Standalone,OrderType.Market,_default,,PositionEffect.Open,,43194800.0,False,,OrderSide.Buy,OrderStatus.Filled,002371.SZ,,TimeInForce.GTC,,,,1626192000000000000,2021-07-13T16:00:00Z
59.3593,34211925.472725,1626105600000000000,2021-07-12T16:00:00Z,230541300.0,,75b808ca-a5d7-460c-b37e-b4d189183a42,OrderRole.Standalone,OrderType.Market,_default,,PositionEffect.Open,,230541300.0,False,,OrderSide.Buy,OrderStatus.Filled,600460.SH,,TimeInForce.GTC,,,,1626192000000000000,2021-07-13T16:00:00Z
113.0129,11812560.3596,1626105600000000000,2021-07-12T16:00:00Z,41809600.0,,540ac6d9-20ed-4f79-a5c9-f0f8da73eaae,OrderRole.Standalone,OrderType.Market,_default,,PositionEffect.Open,,41809600.0,False,,OrderSide.Buy,OrderStatus.Filled,300223.SZ,,TimeInForce.GTC,,,,1626192000000000000,2021-07-13T16:00:00Z
132.132,7542127.593,1626105600000000000,2021-07-12T16:00:00Z,22832100.0,,9c0f04f2-563c-4a16-be79-8960dae71cb5,OrderRole.Standalone,OrderType.Market,_default,,PositionEffect.Open,,22832100.0,False,,OrderSide.Buy,OrderStatus.Filled,605117.SH,,TimeInForce.GTC,,,,1626192000000000000,2021-07-13T16:00:00Z
114.87501,34606671.13755,1626192000000000000,2021-07-13T16:00:00Z,120502000.0,,965fe555-cfe7-4fe1-844e-1269383400a8,OrderRole.Standalone,OrderType.Market,_default,,PositionEffect.Close,,120502000.0,False,,OrderSide.Sell,OrderStatus.Filled,300223.SZ,,TimeInForce.GTC,,,,1626278400000000000,2021-07-14T16:00:00Z
130.85901,35363796.868935,1626192000000000000,2021-07-13T16:00:00Z,108097400.0,,b98798ad-ae60-497d-a6c3-f11a7481c27e,OrderRole.Standalone,OrderType.Market,_default,,PositionEffect.Close,,108097400.0,False,,OrderSide.Sell,OrderStatus.Filled,605117.SH,,TimeInForce.GTC,,,,1626278400000000000,2021-07-14T16:00:00Z
354.645,38297049.615,1628524800000000000,2021-08-09T16:00:00Z,43194800.0,,5bb55d94-2a05-40e3-88b1-fa204f78dcfb,OrderRole.Standalone,OrderType.Market,_default,,PositionEffect.Close,,43194800.0,False,,OrderSide.Sell,OrderStatus.Filled,002371.SZ,,TimeInForce.GTC,,,,1628611200000000000,2021-08-10T16:00:00Z
60.45948,34846017.79131,1628524800000000000,2021-08-09T16:00:00Z,230541300.0,,822740eb-e8c4-4781-8971-0f325577e1a6,OrderRole.Standalone,OrderType.Market,_default,,PositionEffect.Close,,230541300.0,False,,OrderSide.Sell,OrderStatus.Filled,600460.SH,,TimeInForce.GTC,,,,1628611200000000000,2021-08-10T16:00:00Z
20.16981,4478852.5416225,1628524800000000000,2021-08-09T16:00:00Z,88822900.0,,ab26a570-4180-4d6c-b9fe-3c177762b962,OrderRole.Standalone,OrderType.Market,_default,,PositionEffect.Close,,88822900.0,False,,OrderSide.Sell,OrderStatus.Filled,601919.SH,,TimeInForce.GTC,,,,1628611200000000000,2021-08-10T16:00:00Z
49.95,51905592.45,1628524800000000000,2021-08-09T16:00:00Z,415660400.0,,a9310df7-6800-401f-8b10-36de19f7b6ed,OrderRole.Standalone,OrderType.Market,_default,,PositionEffect.Close,,415660400.0,False,,OrderSide.Sell,OrderStatus.Filled,688599.SH,,TimeInForce.GTC,,,,1628611200000000000,2021-08-10T16:00:00Z
34.034,36658787.165,1628524800000000000,2021-08-09T16:00:00Z,430849000.0,,1a5e8a1e-0c39-46e1-a5ca-0b38fee9713a,OrderRole.Standalone,OrderType.Market,_default,,PositionEffect.Open,,430849000.0,False,,OrderSide.Buy,OrderStatus.Filled,000792.SZ,,TimeInForce.GTC,,,,1628611200000000000,2021-08-10T16:00:00Z
3.72372,38603601.36633,1628524800000000000,2021-08-09T16:00:00Z,4146778100.0,,1b8c284c-2b69-4568-b91f-7b91bcbf1b25,OrderRole.Standalone,OrderType.Market,_default,,PositionEffect.Open,,4146778100.0,False,,OrderSide.Buy,OrderStatus.Filled,601018.SH,,TimeInForce.GTC,,,,1628611200000000000,2021-08-10T16:00:00Z
3.82382,38606310.547805,1628524800000000000,2021-08-09T16:00:00Z,4038507100.0,,4b04552d-db5f-4525-85b4-18eefc5f4a90,OrderRole.Standalone,OrderType.Market,_default,,PositionEffect.Open,,4038507100.0,False,,OrderSide.Buy,OrderStatus.Filled,601077.SH,,TimeInForce.GTC,,,,1628611200000000000,2021-08-10T16:00:00Z
3.66366,38813422.20756,1628524800000000000,2021-08-09T16:00:00Z,4237666400.0,,9f4d69ff-b783-4b13-b1b9-8f4ffbbc1322,OrderRole.Standalone,OrderType.Market,_default,,PositionEffect.Open,,4237666400.0,False,,OrderSide.Buy,OrderStatus.Filled,601618.SH,,TimeInForce.GTC,,,,1628611200000000000,2021-08-10T16:00:00Z
3.36336,38592515.28132,1628524800000000000,2021-08-09T16:00:00Z,4589757300.0,,95ee3474-911d-48d9-b169-ea5b914223a3,OrderRole.Standalone,OrderType.Market,_default,,PositionEffect.Open,,4589757300.0,False,,OrderSide.Buy,OrderStatus.Filled,601818.SH,,TimeInForce.GTC,,,,1628611200000000000,2021-08-10T16:00:00Z
37.75221,40663754.815725,1630944000000000000,2021-09-06T16:00:00Z,430849000.0,,1facf64d-3705-4ece-bd8d-7902447277f0,OrderRole.Standalone,OrderType.Market,_default,,PositionEffect.Close,,430849000.0,False,,OrderSide.Sell,OrderStatus.Filled,000792.SZ,,TimeInForce.GTC,,,,1631030400000000000,2021-09-07T16:00:00Z
4.01598,41633444.785095,1630944000000000000,2021-09-06T16:00:00Z,4146778100.0,,74fb9926-27f2-4daa-81fd-4867f7ff3cc9,OrderRole.Standalone,OrderType.Market,_default,,PositionEffect.Close,,4146778100.0,False,,OrderSide.Sell,OrderStatus.Filled,601018.SH,,TimeInForce.GTC,,,,1631030400000000000,2021-09-07T16:00:00Z
3.98601,40243824.2141775,1630944000000000000,2021-09-06T16:00:00Z,4038507100.0,,3bae33e1-da09-4900-93fd-4e59181e12ac,OrderRole.Standalone,OrderType.Market,_default,,PositionEffect.Close,,4038507100.0,False,,OrderSide.Sell,OrderStatus.Filled,601077.SH,,TimeInForce.GTC,,,,1631030400000000000,2021-09-07T16:00:00Z
5.31468,56304602.15688,1630944000000000000,2021-09-06T16:00:00Z,4237666400.0,,6c2ebf0c-78d3-4e37-b519-d2bc0ae2fcec,OrderRole.Standalone,OrderType.Market,_default,,PositionEffect.Close,,4237666400.0,False,,OrderSide.Sell,OrderStatus.Filled,601618.SH,,TimeInForce.GTC,,,,1631030400000000000,2021-09-07T16:00:00Z
3.50649,40234845.1871925,1630944000000000000,2021-09-06T16:00:00Z,4589757300.0,,0ab5ec53-ce68-43d7-85e4-d0fb439f18e2,OrderRole.Standalone,OrderType.Market,_default,,PositionEffect.Close,,4589757300.0,False,,OrderSide.Sell,OrderStatus.Filled,601818.SH,,TimeInForce.GTC,,,,1631030400000000000,2021-09-07T16:00:00Z
186.186,44127897.3135,1630944000000000000,2021-09-06T16:00:00Z,94803900.0,,fb20d71d-01ab-413e-bb22-73faa79a6cfa,OrderRole.Standalone,OrderType.Market,_default,,PositionEffect.Open,,94803900.0,False,,OrderSide.Buy,OrderStatus.Filled,605499.SH,,TimeInForce.GTC,,,,1631030400000000000,2021-09-07T16:00:00Z
5.4054,43605871.25895,1630944000000000000,2021-09-06T16:00:00Z,3226837700.0,,f3b92c16-4752-41a1-95a1-e170cef66028,OrderRole.Standalone,OrderType.Market,_default,,PositionEffect.Open,,3226837700.0,False,,OrderSide.Buy,OrderStatus.Filled,688009.SH,,TimeInForce.GTC,,,,1631030400000000000,2021-09-07T16:00:00Z
57.03698,43717305.17154,1630944000000000000,2021-09-06T16:00:00Z,306589200.0,,c93f7d42-38f8-4037-8dd2-9f23598fe5dc,OrderRole.Standalone,OrderType.Market,_default,,PositionEffect.Open,,306589200.0,False,,OrderSide.Buy,OrderStatus.Filled,688981.SH,,TimeInForce.GTC,,,,1631030400000000000,2021-09-07T16:00:00Z
7.06706,43624830.63939,1630944000000000000,2021-09-06T16:00:00Z,2469192600.0,,6717210a-05d1-48bc-8c1c-6137f078f5ff,OrderRole.Standalone,OrderType.Market,_default,,PositionEffect.Open,,2469192600.0,False,,OrderSide.Buy,OrderStatus.Filled,000100.SZ,,TimeInForce.GTC,,,,1631030400000000000,2021-09-07T16:00:00Z
5.78578,43535979.602115,1630944000000000000,2021-09-06T16:00:00Z,3009860700.0,,acb4c06f-3001-4d74-a5a1-a05ec478899f,OrderRole.Standalone,OrderType.Market,_default,,PositionEffect.Open,,3009860700.0,False,,OrderSide.Buy,OrderStatus.Filled,000725.SZ,,TimeInForce.GTC,,,,1631030400000000000,2021-09-07T16:00:00Z
6.41358,39590910.68877,1634140800000000000,2021-10-13T16:00:00Z,2469192600.0,,9059aab1-9590-4ba6-b8db-69d4fbc2635e,OrderRole.Standalone,OrderType.Market,_default,,PositionEffect.Close,,2469192600.0,False,,OrderSide.Sell,OrderStatus.Filled,000100.SZ,,TimeInForce.GTC,,,,1634227200000000000,2021-10-14T16:00:00Z
5.20479,39164232.1818825,1634140800000000000,2021-10-13T16:00:00Z,3009860700.0,,068a887e-c834-4e65-99fe-36673720f540,OrderRole.Standalone,OrderType.Market,_default,,PositionEffect.Close,,3009860700.0,False,,OrderSide.Sell,OrderStatus.Filled,000725.SZ,,TimeInForce.GTC,,,,1634227200000000000,2021-10-14T16:00:00Z
208.9908,49532857.2603,1634140800000000000,2021-10-13T16:00:00Z,94803900.0,,81c8500b-aa6f-48f5-ba04-db8f5844bbfc,OrderRole.Standalone,OrderType.Market,_default,,PositionEffect.Close,,94803900.0,False,,OrderSide.Sell,OrderStatus.Filled,605499.SH,,TimeInForce.GTC,,,,1634227200000000000,2021-10-14T16:00:00Z
5.15484,41584580.12367,1634140800000000000,2021-10-13T16:00:00Z,3226837700.0,,f7143c73-5d1d-4cf5-9c3e-a89a7df28fd6,OrderRole.Standalone,OrderType.Market,_default,,PositionEffect.Close,,3226837700.0,False,,OrderSide.Sell,OrderStatus.Filled,688009.SH,,TimeInForce.GTC,,,,1634227200000000000,2021-10-14T16:00:00Z
54.21573,41554893.22029,1634140800000000000,2021-10-13T16:00:00Z,306589200.0,,66114ea5-c291-4d74-8461-8834e81934d3,OrderRole.Standalone,OrderType.Market,_default,,PositionEffect.Close,,306589200.0,False,,OrderSide.Sell,OrderStatus.Filled,688981.SH,,TimeInForce.GTC,,,,1634227200000000000,2021-10-14T16:00:00Z
13.55354,41120725.410765,1634140800000000000,2021-10-13T16:00:00Z,1213578900.0,,d79814cc-c248-4bb6-9311-a74ee54e614f,OrderRole.Standalone,OrderType.Market,_default,,PositionEffect.Open,,1213578900.0,False,,OrderSide.Buy,OrderStatus.Filled,000876.SZ,,TimeInForce.GTC,,,,1634227200000000000,2021-10-14T16:00:00Z
59.41936,41943428.04652,1634140800000000000,2021-10-13T16:00:00Z,282355300.0,,f4ab3362-ee1a-4d6a-9596-10d75c00f8de,OrderRole.Standalone,OrderType.Market,_default,,PositionEffect.Open,,282355300.0,False,,OrderSide.Buy,OrderStatus.Filled,300124.SZ,,TimeInForce.GTC,,,,1634227200000000000,2021-10-14T16:00:00Z
58.058,42271115.3865,1634140800000000000,2021-10-13T16:00:00Z,291233700.0,,bad0b125-8734-42e0-833a-4591c1a36dc9,OrderRole.Standalone,OrderType.Market,_default,,PositionEffect.Open,,291233700.0,False,,OrderSide.Buy,OrderStatus.Filled,300142.SZ,,TimeInForce.GTC,,,,1634227200000000000,2021-10-14T16:00:00Z
108.5084,42576417.4836,1634140800000000000,2021-10-13T16:00:00Z,156951600.0,,9424228a-e52f-43fd-91fa-e967d2f63bf0,OrderRole.Standalone,OrderType.Market,_default,,PositionEffect.Open,,156951600.0,False,,OrderSide.Buy,OrderStatus.Filled,300866.SZ,,TimeInForce.GTC,,,,1634227200000000000,2021-10-14T16:00:00Z
1891.9901,41722165.6852,1634140800000000000,2021-10-13T16:00:00Z,8820800.0,,bea3e8fa-c82a-4808-a98d-e0b26e42f29e,OrderRole.Standalone,OrderType.Market,_default,,PositionEffect.Open,,8820800.0,False,,OrderSide.Buy,OrderStatus.Filled,600519.SH,,TimeInForce.GTC,,,,1634227200000000000,2021-10-14T16:00:00Z
15.57441,47251938.3898725,1636560000000000000,2021-11-10T16:00:00Z,1213578900.0,,854a0606-a574-4ba5-b696-0de83bc16325,OrderRole.Standalone,OrderType.Market,_default,,PositionEffect.Close,,1213578900.0,False,,OrderSide.Sell,OrderStatus.Filled,000876.SZ,,TimeInForce.GTC,,,,1636646400000000000,2021-11-11T16:00:00Z
69.93,49362765.3225,1636560000000000000,2021-11-10T16:00:00Z,282355300.0,,e833269f-0571-4a2f-b6d7-4d1980fa69a6,OrderRole.Standalone,OrderType.Market,_default,,PositionEffect.Close,,282355300.0,False,,OrderSide.Sell,OrderStatus.Filled,300124.SZ,,TimeInForce.GTC,,,,1636646400000000000,2021-11-11T16:00:00Z
51.38856,37415201.16618,1636560000000000000,2021-11-10T16:00:00Z,291233700.0,,0264fd7f-e518-4f1e-b767-38e31b699fc5,OrderRole.Standalone,OrderType.Market,_default,,PositionEffect.Close,,291233700.0,False,,OrderSide.Sell,OrderStatus.Filled,300142.SZ,,TimeInForce.GTC,,,,1636646400000000000,2021-11-11T16:00:00Z
92.48742,36290121.37218,1636560000000000000,2021-11-10T16:00:00Z,156951600.0,,820b4e9c-d3aa-4ed2-b873-23a56f8b9aa4,OrderRole.Standalone,OrderType.Market,_default,,PositionEffect.Close,,156951600.0,False,,OrderSide.Sell,OrderStatus.Filled,300866.SZ,,TimeInForce.GTC,,,,1636646400000000000,2021-11-11T16:00:00Z
1776.222,39169247.544,1636560000000000000,2021-11-10T16:00:00Z,8820800.0,,d4aced3c-15fb-4ad4-ad48-2c4f29beb037,OrderRole.Standalone,OrderType.Market,_default,,PositionEffect.Close,,8820800.0,False,,OrderSide.Sell,OrderStatus.Filled,600519.SH,,TimeInForce.GTC,,,,1636646400000000000,2021-11-11T16:00:00Z
78.94887,41866250.2283025,1636560000000000000,2021-11-10T16:00:00Z,212118300.0,,99244243-c394-431b-b89f-61270bbca4dd,OrderRole.Standalone,OrderType.Market,_default,,PositionEffect.Open,,212118300.0,False,,OrderSide.Buy,OrderStatus.Filled,688008.SH,,TimeInForce.GTC,,,,1636646400000000000,2021-11-11T16:00:00Z
49.07903,41496712.49724,1636560000000000000,2021-11-10T16:00:00Z,338203200.0,,6cd72ec3-db98-4d38-a32c-13faa6a4d62b,OrderRole.Standalone,OrderType.Market,_default,,PositionEffect.Open,,338203200.0,False,,OrderSide.Buy,OrderStatus.Filled,002241.SZ,,TimeInForce.GTC,,,,1636646400000000000,2021-11-11T16:00:00Z
446.48604,41234213.63061,1636560000000000000,2021-11-10T16:00:00Z,36941100.0,,d513d140-f269-46ca-80d2-92f6830acbfa,OrderRole.Standalone,OrderType.Market,_default,,PositionEffect.Open,,36941100.0,False,,OrderSide.Buy,OrderStatus.Filled,002371.SZ,,TimeInForce.GTC,,,,1636646400000000000,2021-11-11T16:00:00Z
25.58556,41890732.07319,1636560000000000000,2021-11-10T16:00:00Z,654912100.0,,8995e808-104d-467a-af53-b967b320b066,OrderRole.Standalone,OrderType.Market,_default,,PositionEffect.Open,,654912100.0,False,,OrderSide.Buy,OrderStatus.Filled,002384.SZ,,TimeInForce.GTC,,,,1636646400000000000,2021-11-11T16:00:00Z
94.47438,42782321.466885,1636560000000000000,2021-11-10T16:00:00Z,181138300.0,,ec5cce1e-6860-44bb-b9cc-2d9fa72e562f,OrderRole.Standalone,OrderType.Market,_default,,PositionEffect.Open,,181138300.0,False,,OrderSide.Buy,OrderStatus.Filled,002459.SZ,,TimeInForce.GTC,,,,1636646400000000000,2021-11-11T16:00:00Z
55.08486,46574689.80888,1638979200000000000,2021-12-08T16:00:00Z,338203200.0,,a5a6d406-4031-4876-b236-3866915ea790,OrderRole.Standalone,OrderType.Market,_default,,PositionEffect.Close,,338203200.0,False,,OrderSide.Sell,OrderStatus.Filled,002241.SZ,,TimeInForce.GTC,,,,1639065600000000000,2021-12-09T16:00:00Z
371.08854,34271047.162485,1638979200000000000,2021-12-08T16:00:00Z,36941100.0,,8a272220-3a32-4aa3-8757-f8791e5dcf1e,OrderRole.Standalone,OrderType.Market,_default,,PositionEffect.Close,,36941100.0,False,,OrderSide.Sell,OrderStatus.Filled,002371.SZ,,TimeInForce.GTC,,,,1639065600000000000,2021-12-09T16:00:00Z
25.65432,42003311.46318,1638979200000000000,2021-12-08T16:00:00Z,654912100.0,,f27811b4-244a-421b-bbab-3072ef7176a0,OrderRole.Standalone,OrderType.Market,_default,,PositionEffect.Close,,654912100.0,False,,OrderSide.Sell,OrderStatus.Filled,002384.SZ,,TimeInForce.GTC,,,,1639065600000000000,2021-12-09T16:00:00Z
85.96395,38928409.4107125,1638979200000000000,2021-12-08T16:00:00Z,181138300.0,,a5835762-df13-4c0e-aafc-1178bd0ed49c,OrderRole.Standalone,OrderType.Market,_default,,PositionEffect.Close,,181138300.0,False,,OrderSide.Sell,OrderStatus.Filled,002459.SZ,,TimeInForce.GTC,,,,1639065600000000000,2021-12-09T16:00:00Z
80.919,42911001.79425,1638979200000000000,2021-12-08T16:00:00Z,212118300.0,,795e98d3-cd0d-4683-b744-490a8494716c,OrderRole.Standalone,OrderType.Market,_default,,PositionEffect.Close,,212118300.0,False,,OrderSide.Sell,OrderStatus.Filled,688008.SH,,TimeInForce.GTC,,,,1639065600000000000,2021-12-09T16:00:00Z
63.4634,40277903.5659,1638979200000000000,2021-12-08T16:00:00Z,253865400.0,,cc81b007-f0f4-46bf-ad81-c9d58a7b81c1,OrderRole.Standalone,OrderType.Market,_default,,PositionEffect.Open,,253865400.0,False,,OrderSide.Buy,OrderStatus.Filled,688303.SH,,TimeInForce.GTC,,,,1639065600000000000,2021-12-09T16:00:00Z
76.73666,40278669.966535,1638979200000000000,2021-12-08T16:00:00Z,209957900.0,,f4f411d6-4696-4f6c-b555-2d762fd7aad5,OrderRole.Standalone,OrderType.Market,_default,,PositionEffect.Open,,209957900.0,False,,OrderSide.Buy,OrderStatus.Filled,688521.SH,,TimeInForce.GTC,,,,1639065600000000000,2021-12-09T16:00:00Z
6.44644,40547006.87037,1638979200000000000,2021-12-08T16:00:00Z,2515931700.0,,c407e07b-8ba4-488e-b62d-b072b6c18bd9,OrderRole.Standalone,OrderType.Market,_default,,PositionEffect.Open,,2515931700.0,False,,OrderSide.Buy,OrderStatus.Filled,000100.SZ,,TimeInForce.GTC,,,,1639065600000000000,2021-12-09T16:00:00Z
5.11511,40959162.7620175,1638979200000000000,2021-12-08T16:00:00Z,3202993700.0,,1695ddc3-897a-47be-a8e0-47528e46cfe0,OrderRole.Standalone,OrderType.Market,_default,,PositionEffect.Open,,3202993700.0,False,,OrderSide.Buy,OrderStatus.Filled,000725.SZ,,TimeInForce.GTC,,,,1639065600000000000,2021-12-09T16:00:00Z
41.29125,40611792.1584375,1638979200000000000,2021-12-08T16:00:00Z,393417900.0,,77b0603e-f003-482d-b454-be11427877b3,OrderRole.Standalone,OrderType.Market,_default,,PositionEffect.Open,,393417900.0,False,,OrderSide.Buy,OrderStatus.Filled,002129.SZ,,TimeInForce.GTC,,,,1639065600000000000,2021-12-09T16:00:00Z
6.36363,40026146.1101775,1641484800000000000,2022-01-06T16:00:00Z,2515931700.0,,f1bdcdfe-17d1-4d61-bbfb-8e107310e5cc,OrderRole.Standalone,OrderType.Market,_default,,PositionEffect.Close,,2515931700.0,False,,OrderSide.Sell,OrderStatus.Filled,000100.SZ,,TimeInForce.GTC,,,,1641744000000000000,2022-01-09T16:00:00Z
5.16483,41357294.8789275,1641484800000000000,2022-01-06T16:00:00Z,3202993700.0,,8008bc97-0c91-42c6-b35b-af6ea91889bf,OrderRole.Standalone,OrderType.Market,_default,,PositionEffect.Close,,3202993700.0,False,,OrderSide.Sell,OrderStatus.Filled,000725.SZ,,TimeInForce.GTC,,,,1641744000000000000,2022-01-09T16:00:00Z
37.54242,36924650.093295,1641484800000000000,2022-01-06T16:00:00Z,393417900.0,,fa3f57ef-d308-4b4b-b6c9-ef26b5f1576e,OrderRole.Standalone,OrderType.Market,_default,,PositionEffect.Close,,393417900.0,False,,OrderSide.Sell,OrderStatus.Filled,002129.SZ,,TimeInForce.GTC,,,,1641744000000000000,2022-01-09T16:00:00Z
59.4405,37724715.77175001,1641484800000000000,2022-01-06T16:00:00Z,253865400.0,,e932a95a-54c2-40dd-8f91-fd7d883cf954,OrderRole.Standalone,OrderType.Market,_default,,PositionEffect.Close,,253865400.0,False,,OrderSide.Sell,OrderStatus.Filled,688303.SH,,TimeInForce.GTC,,,,1641744000000000000,2022-01-09T16:00:00Z
73.14678,38394360.801405,1641484800000000000,2022-01-06T16:00:00Z,209957900.0,,a6931f2e-778c-43c5-b7e7-eadc2f3b2c1f,OrderRole.Standalone,OrderType.Market,_default,,PositionEffect.Close,,209957900.0,False,,OrderSide.Sell,OrderStatus.Filled,688521.SH,,TimeInForce.GTC,,,,1641744000000000000,2022-01-09T16:00:00Z
21.8218,39049107.2972,1641484800000000000,2022-01-06T16:00:00Z,715781600.0,,dc7a1ebb-4345-4cc2-8f65-0adec1076533,OrderRole.Standalone,OrderType.Market,_default,,PositionEffect.Open,,715781600.0,False,,OrderSide.Buy,OrderStatus.Filled,000002.SZ,,TimeInForce.GTC,,,,1641744000000000000,2022-01-09T16:00:00Z
102.24214,39106928.415555,1641484800000000000,2022-01-06T16:00:00Z,152997300.0,,63718cac-cb31-42fa-8750-77c9115e7c68,OrderRole.Standalone,OrderType.Market,_default,,PositionEffect.Open,,152997300.0,False,,OrderSide.Buy,OrderStatus.Filled,000538.SZ,,TimeInForce.GTC,,,,1641744000000000000,2022-01-09T16:00:00Z
40.18014,39210311.96082,1641484800000000000,2022-01-06T16:00:00Z,390345200.0,,29e8478c-2ac3-4322-8777-8e9c84f6e02d,OrderRole.Standalone,OrderType.Market,_default,,PositionEffect.Open,,390345200.0,False,,OrderSide.Buy,OrderStatus.Filled,000651.SZ,,TimeInForce.GTC,,,,1641744000000000000,2022-01-09T16:00:00Z
16.73672,38815662.94606,1641484800000000000,2022-01-06T16:00:00Z,927676700.0,,15c462d5-9e6d-49d7-aec1-2bcce3810250,OrderRole.Standalone,OrderType.Market,_default,,PositionEffect.Open,,927676700.0,False,,OrderSide.Buy,OrderStatus.Filled,000876.SZ,,TimeInForce.GTC,,,,1641744000000000000,2022-01-09T16:00:00Z
43.4434,39219354.7746,1641484800000000000,2022-01-06T16:00:00Z,361107600.0,,8ac21693-14d5-499a-b891-dd5f2a63e468,OrderRole.Standalone,OrderType.Market,_default,,PositionEffect.Open,,361107600.0,False,,OrderSide.Buy,OrderStatus.Filled,000963.SZ,,TimeInForce.GTC,,,,1641744000000000000,2022-01-09T16:00:00Z
20.92905,37451572.2387,1644508800000000000,2022-02-10T16:00:00Z,715781600.0,,77ac65db-7780-42b9-a442-0edfc2553353,OrderRole.Standalone,OrderType.Market,_default,,PositionEffect.Close,,715781600.0,False,,OrderSide.Sell,OrderStatus.Filled,000002.SZ,,TimeInForce.GTC,,,,1644768000000000000,2022-02-13T16:00:00Z
91.91799,35158010.7285675,1644508800000000000,2022-02-10T16:00:00Z,152997300.0,,edef1e30-306c-4da0-9988-ff1a15ee3dfa,OrderRole.Standalone,OrderType.Market,_default,,PositionEffect.Close,,152997300.0,False,,OrderSide.Sell,OrderStatus.Filled,000538.SZ,,TimeInForce.GTC,,,,1644768000000000000,2022-02-13T16:00:00Z
40.23972,39268453.87836,1644508800000000000,2022-02-10T16:00:00Z,390345200.0,,0e908cac-5b72-414d-a245-236425382a44,OrderRole.Standalone,OrderType.Market,_default,,PositionEffect.Close,,390345200.0,False,,OrderSide.Sell,OrderStatus.Filled,000651.SZ,,TimeInForce.GTC,,,,1644768000000000000,2022-02-13T16:00:00Z
17.4825,40545269.769375,1644508800000000000,2022-02-10T16:00:00Z,927676700.0,,e95ae5b1-1046-4ad7-a547-22a83de5f16f,OrderRole.Standalone,OrderType.Market,_default,,PositionEffect.Close,,927676700.0,False,,OrderSide.Sell,OrderStatus.Filled,000876.SZ,,TimeInForce.GTC,,,,1644768000000000000,2022-02-13T16:00:00Z
35.97399,32476202.97831,1644508800000000000,2022-02-10T16:00:00Z,361107600.0,,25a7a98f-3fc2-4abb-a176-49035eb79491,OrderRole.Standalone,OrderType.Market,_default,,PositionEffect.Close,,361107600.0,False,,OrderSide.Sell,OrderStatus.Filled,000963.SZ,,TimeInForce.GTC,,,,1644768000000000000,2022-02-13T16:00:00Z
2.5025,37161387.388125,1644508800000000000,2022-02-10T16:00:00Z,5939882100.0,,c953c453-b831-4e39-9773-ed3f822e9ba3,OrderRole.Standalone,OrderType.Market,_default,,PositionEffect.Open,,5939882100.0,False,,OrderSide.Buy,OrderStatus.Filled,600010.SH,,TimeInForce.GTC,,,,1644768000000000000,2022-02-13T16:00:00Z
42.81277,37310023.265515,1644508800000000000,2022-02-10T16:00:00Z,348587800.0,,cf744499-8814-4d72-a39f-44017ad1ef8a,OrderRole.Standalone,OrderType.Market,_default,,PositionEffect.Open,,348587800.0,False,,OrderSide.Buy,OrderStatus.Filled,600111.SH,,TimeInForce.GTC,,,,1644768000000000000,2022-02-13T16:00:00Z
16.55654,37287488.70847,1644508800000000000,2022-02-10T16:00:00Z,900852200.0,,c2449518-d83b-48d6-b89d-611cbbba5af4,OrderRole.Standalone,OrderType.Market,_default,,PositionEffect.Open,,900852200.0,False,,OrderSide.Buy,OrderStatus.Filled,600875.SH,,TimeInForce.GTC,,,,1644768000000000000,2022-02-13T16:00:00Z
6.17617,37431366.927955,1644508800000000000,2022-02-10T16:00:00Z,2424244600.0,,544a8691-0f30-4470-bb3f-10e13746c7e6,OrderRole.Standalone,OrderType.Market,_default,,PositionEffect.Open,,2424244600.0,False,,OrderSide.Buy,OrderStatus.Filled,601600.SH,,TimeInForce.GTC,,,,1644768000000000000,2022-02-13T16:00:00Z
29.7297,36949245.48315,1644508800000000000,2022-02-10T16:00:00Z,497135800.0,,19ddbb4f-6b28-4a34-a7f1-d80854e4542d,OrderRole.Standalone,OrderType.Market,_default,,PositionEffect.Open,,497135800.0,False,,OrderSide.Buy,OrderStatus.Filled,000792.SZ,,TimeInForce.GTC,,,,1644768000000000000,2022-02-13T16:00:00Z
29.99997,37285147.714815,1646928000000000000,2022-03-10T16:00:00Z,497135800.0,,a5fcad31-8ed8-41f7-986d-f37ec63eb5d0,OrderRole.Standalone,OrderType.Market,_default,,PositionEffect.Close,,497135800.0,False,,OrderSide.Sell,OrderStatus.Filled,000792.SZ,,TimeInForce.GTC,,,,1647187200000000000,2022-03-13T16:00:00Z
2.35764,35010259.08561,1646928000000000000,2022-03-10T16:00:00Z,5939882100.0,,243554fc-14db-40c5-954a-46553b4b5b4f,OrderRole.Standalone,OrderType.Market,_default,,PositionEffect.Close,,5939882100.0,False,,OrderSide.Sell,OrderStatus.Filled,600010.SH,,TimeInForce.GTC,,,,1647187200000000000,2022-03-13T16:00:00Z
41.08887,35807696.994465,1646928000000000000,2022-03-10T16:00:00Z,348587800.0,,b840813b-a190-47d0-a666-55c166db3bbf,OrderRole.Standalone,OrderType.Market,_default,,PositionEffect.Close,,348587800.0,False,,OrderSide.Sell,OrderStatus.Filled,600111.SH,,TimeInForce.GTC,,,,1647187200000000000,2022-03-13T16:00:00Z
14.84514,33433192.57077,1646928000000000000,2022-03-10T16:00:00Z,900852200.0,,e0aa0492-0a27-400b-855e-a3ef991069e8,OrderRole.Standalone,OrderType.Market,_default,,PositionEffect.Close,,900852200.0,False,,OrderSide.Sell,OrderStatus.Filled,600875.SH,,TimeInForce.GTC,,,,1647187200000000000,2022-03-13T16:00:00Z
6.17382,37417124.49093,1646928000000000000,2022-03-10T16:00:00Z,2424244600.0,,a3655392-d7b4-4b9f-9999-1df92b8eebe3,OrderRole.Standalone,OrderType.Market,_default,,PositionEffect.Close,,2424244600.0,False,,OrderSide.Sell,OrderStatus.Filled,601600.SH,,TimeInForce.GTC,,,,1647187200000000000,2022-03-13T16:00:00Z
16.6166,35326671.43005,1646928000000000000,2022-03-10T16:00:00Z,850394700.0,,62b10239-cb9a-4cb8-9d86-ab765d1b0bab,OrderRole.Standalone,OrderType.Market,_default,,PositionEffect.Open,,850394700.0,False,,OrderSide.Buy,OrderStatus.Filled,601699.SH,,TimeInForce.GTC,,,,1647187200000000000,2022-03-13T16:00:00Z
34.4344,35823845.25720001,1646928000000000000,2022-03-10T16:00:00Z,416140200.0,,271a7ed8-0133-486a-800b-19c78da5623d,OrderRole.Standalone,OrderType.Market,_default,,PositionEffect.Open,,416140200.0,False,,OrderSide.Buy,OrderStatus.Filled,000408.SZ,,TimeInForce.GTC,,,,1647187200000000000,2022-03-13T16:00:00Z
29.029,39089406.356,1646928000000000000,2022-03-10T16:00:00Z,538625600.0,,aab883e8-aab8-4522-9041-34da778c9744,OrderRole.Standalone,OrderType.Market,_default,,PositionEffect.Open,,538625600.0,False,,OrderSide.Buy,OrderStatus.Filled,002603.SZ,,TimeInForce.GTC,,,,1647187200000000000,2022-03-13T16:00:00Z
32.14211,35212878.7985975,1646928000000000000,2022-03-10T16:00:00Z,438214900.0,,46d4a40d-ac97-491d-baa6-98292f9c9933,OrderRole.Standalone,OrderType.Market,_default,,PositionEffect.Open,,438214900.0,False,,OrderSide.Buy,OrderStatus.Filled,600188.SH,,TimeInForce.GTC,,,,1647187200000000000,2022-03-13T16:00:00Z
4.44444,35935115.17596,1646928000000000000,2022-03-10T16:00:00Z,3234163600.0,,4eebff50-be9b-4749-a5b8-b06feea72784,OrderRole.Standalone,OrderType.Market,_default,,PositionEffect.Open,,3234163600.0,False,,OrderSide.Buy,OrderStatus.Filled,601169.SH,,TimeInForce.GTC,,,,1647187200000000000,2022-03-13T16:00:00Z
29.04093,30212746.045965,1649692800000000000,2022-04-11T16:00:00Z,416140200.0,,754a3ae5-4c73-4f6a-9eaa-a717074b936b,OrderRole.Standalone,OrderType.Market,_default,,PositionEffect.Close,,416140200.0,False,,OrderSide.Sell,OrderStatus.Filled,000408.SZ,,TimeInForce.GTC,,,,1649779200000000000,2022-04-12T16:00:00Z
38.64132,52033010.42448,1649692800000000000,2022-04-11T16:00:00Z,538625600.0,,190ea0af-d352-4e62-98ff-52026cfc9a5d,OrderRole.Standalone,OrderType.Market,_default,,PositionEffect.Close,,538625600.0,False,,OrderSide.Sell,OrderStatus.Filled,002603.SZ,,TimeInForce.GTC,,,,1649779200000000000,2022-04-12T16:00:00Z
36.33363,39804845.0927175,1649692800000000000,2022-04-11T16:00:00Z,438214900.0,,2c9f7605-30ce-406d-9a1c-462ec16a3da2,OrderRole.Standalone,OrderType.Market,_default,,PositionEffect.Close,,438214900.0,False,,OrderSide.Sell,OrderStatus.Filled,600188.SH,,TimeInForce.GTC,,,,1649779200000000000,2022-04-12T16:00:00Z
4.64535,37559554.69815,1649692800000000000,2022-04-11T16:00:00Z,3234163600.0,,a807717c-1f6f-47c3-9867-a9fd10761a2a,OrderRole.Standalone,OrderType.Market,_default,,PositionEffect.Close,,3234163600.0,False,,OrderSide.Sell,OrderStatus.Filled,601169.SH,,TimeInForce.GTC,,,,1649779200000000000,2022-04-12T16:00:00Z
15.81417,33620715.8822475,1649692800000000000,2022-04-11T16:00:00Z,850394700.0,,a8303244-ff09-4b7e-b64e-daba5556d38e,OrderRole.Standalone,OrderType.Market,_default,,PositionEffect.Close,,850394700.0,False,,OrderSide.Sell,OrderStatus.Filled,601699.SH,,TimeInForce.GTC,,,,1649779200000000000,2022-04-12T16:00:00Z
82.63255,37630945.90255,1649692800000000000,2022-04-11T16:00:00Z,182160400.0,,391840be-8a96-46c3-9a58-e4c1f3304088,OrderRole.Standalone,OrderType.Market,_default,,PositionEffect.Open,,182160400.0,False,,OrderSide.Buy,OrderStatus.Filled,603799.SH,,TimeInForce.GTC,,,,1649779200000000000,2022-04-12T16:00:00Z
178.94877,37624515.73881,1649692800000000000,2022-04-11T16:00:00Z,84101200.0,,4bc3a5a3-eb8f-4467-87ee-5b2fbbe6444a,OrderRole.Standalone,OrderType.Market,_default,,PositionEffect.Open,,84101200.0,False,,OrderSide.Buy,OrderStatus.Filled,002049.SZ,,TimeInForce.GTC,,,,1649779200000000000,2022-04-12T16:00:00Z
41.8418,37368085.20445,1649692800000000000,2022-04-11T16:00:00Z,357232100.0,,caf5f7fb-a288-4cf4-9616-2765ed5fafba,OrderRole.Standalone,OrderType.Market,_default,,PositionEffect.Open,,357232100.0,False,,OrderSide.Buy,OrderStatus.Filled,002230.SZ,,TimeInForce.GTC,,,,1649779200000000000,2022-04-12T16:00:00Z
200.59039,37686270.5544325,1649692800000000000,2022-04-11T16:00:00Z,75150700.0,,88301687-d24d-4283-a0bc-0d67e7389981,OrderRole.Standalone,OrderType.Market,_default,,PositionEffect.Open,,75150700.0,False,,OrderSide.Buy,OrderStatus.Filled,002812.SZ,,TimeInForce.GTC,,,,1649779200000000000,2022-04-12T16:00:00Z
98.098,37639442.3405,1649692800000000000,2022-04-11T16:00:00Z,153476900.0,,8fb8a28b-533e-44e2-9d39-32dcc37abd58,OrderRole.Standalone,OrderType.Market,_default,,PositionEffect.Open,,153476900.0,False,,OrderSide.Buy,OrderStatus.Filled,002920.SZ,,TimeInForce.GTC,,,,1649779200000000000,2022-04-12T16:00:00Z
189.78003,39901820.64759,1652371200000000000,2022-05-12T16:00:00Z,84101200.0,,7965586b-7069-4c23-8f7d-4eb3b618da46,OrderRole.Standalone,OrderType.Market,_default,,PositionEffect.Close,,84101200.0,False,,OrderSide.Sell,OrderStatus.Filled,002049.SZ,,TimeInForce.GTC,,,,1652630400000000000,2022-05-15T16:00:00Z
35.964,32118738.111,1652371200000000000,2022-05-12T16:00:00Z,357232100.0,,ac60dea2-7af8-4e44-8c30-a9cbf5a54366,OrderRole.Standalone,OrderType.Market,_default,,PositionEffect.Close,,357232100.0,False,,OrderSide.Sell,OrderStatus.Filled,002230.SZ,,TimeInForce.GTC,,,,1652630400000000000,2022-05-15T16:00:00Z
218.5812,41066325.4671,1652371200000000000,2022-05-12T16:00:00Z,75150700.0,,f73ec40c-5fe1-4377-8234-a250e459e5d7,OrderRole.Standalone,OrderType.Market,_default,,PositionEffect.Close,,75150700.0,False,,OrderSide.Sell,OrderStatus.Filled,002812.SZ,,TimeInForce.GTC,,,,1652630400000000000,2022-05-15T16:00:00Z
129.3705,49638458.228625,1652371200000000000,2022-05-12T16:00:00Z,153476900.0,,d1f0d0f5-23c6-456f-a7ac-c7aeb89c983f,OrderRole.Standalone,OrderType.Market,_default,,PositionEffect.Close,,153476900.0,False,,OrderSide.Sell,OrderStatus.Filled,002920.SZ,,TimeInForce.GTC,,,,1652630400000000000,2022-05-15T16:00:00Z
86.66325,39466530.71325,1652371200000000000,2022-05-12T16:00:00Z,182160400.0,,5d078330-d948-4448-a1c8-c31df95c7f6a,OrderRole.Standalone,OrderType.Market,_default,,PositionEffect.Close,,182160400.0,False,,OrderSide.Sell,OrderStatus.Filled,603799.SH,,TimeInForce.GTC,,,,1652630400000000000,2022-05-15T16:00:00Z
89.089,28403844.9695,1652371200000000000,2022-05-12T16:00:00Z,127530200.0,,9987b6bb-9f3f-4f83-901a-a973d76e6cf1,OrderRole.Standalone,OrderType.Market,_default,,PositionEffect.Open,,127530200.0,False,,OrderSide.Buy,OrderStatus.Filled,688082.SH,,TimeInForce.GTC,,,,1652630400000000000,2022-05-15T16:00:00Z
52.98293,28446853.01458,1652371200000000000,2022-05-12T16:00:00Z,214762400.0,,4aaef56b-74b5-4c00-bad5-b5de789d1f0d,OrderRole.Standalone,OrderType.Market,_default,,PositionEffect.Open,,214762400.0,False,,OrderSide.Buy,OrderStatus.Filled,688187.SH,,TimeInForce.GTC,,,,1652630400000000000,2022-05-15T16:00:00Z
26.026,28349334.5135,1652371200000000000,2022-05-12T16:00:00Z,435707900.0,,202a096e-7d02-42db-8ab3-62b24932fd8e,OrderRole.Standalone,OrderType.Market,_default,,PositionEffect.Open,,435707900.0,False,,OrderSide.Buy,OrderStatus.Filled,002603.SZ,,TimeInForce.GTC,,,,1652630400000000000,2022-05-15T16:00:00Z
25.11509,28782420.55689,1652371200000000000,2022-05-12T16:00:00Z,458408400.0,,76c04436-8e6c-4c85-9a14-e3e17cdb6e8a,OrderRole.Standalone,OrderType.Market,_default,,PositionEffect.Open,,458408400.0,False,,OrderSide.Buy,OrderStatus.Filled,002837.SZ,,TimeInForce.GTC,,,,1652630400000000000,2022-05-15T16:00:00Z
73.84377,29305620.1012575,1652371200000000000,2022-05-12T16:00:00Z,158743900.0,,91c22bbb-7574-43a7-acdc-70d89fd9ffa4,OrderRole.Standalone,OrderType.Market,_default,,PositionEffect.Open,,158743900.0,False,,OrderSide.Buy,OrderStatus.Filled,300274.SZ,,TimeInForce.GTC,,,,1652630400000000000,2022-05-15T16:00:00Z
21.17115,28634012.131725,1652371200000000000,2022-05-12T16:00:00Z,541000600.0,,dc60ff2e-dd13-4522-a070-b352315577d3,OrderRole.Standalone,OrderType.Market,_default,,PositionEffect.Open,,541000600.0,False,,OrderSide.Buy,OrderStatus.Filled,600732.SH,,TimeInForce.GTC,,,,1652630400000000000,2022-05-15T16:00:00Z
13.5135,28787690.806875,1652371200000000000,2022-05-12T16:00:00Z,852116500.0,,c228287b-285a-414a-a68b-4b673b08819a,OrderRole.Standalone,OrderType.Market,_default,,PositionEffect.Open,,852116500.0,False,,OrderSide.Buy,OrderStatus.Filled,601699.SH,,TimeInForce.GTC,,,,1652630400000000000,2022-05-15T16:00:00Z
21.75822,23700570.859845,1655049600000000000,2022-06-12T16:00:00Z,435707900.0,,23a8c117-f140-4794-912e-4f944d8705f9,OrderRole.Standalone,OrderType.Market,_default,,PositionEffect.Close,,435707900.0,False,,OrderSide.Sell,OrderStatus.Filled,002603.SZ,,TimeInForce.GTC,,,,1655136000000000000,2022-06-13T16:00:00Z
22.75722,33904326.490245,1655049600000000000,2022-06-12T16:00:00Z,595930900.0,,6c32df02-590c-4c70-9030-ca0f4ee07617,OrderRole.Standalone,OrderType.Market,_default,,PositionEffect.Close,,595930900.0,False,,OrderSide.Sell,OrderStatus.Filled,002837.SZ,,TimeInForce.GTC,,,,1655136000000000000,2022-06-13T16:00:00Z
88.49142,35118682.818345,1655049600000000000,2022-06-12T16:00:00Z,158743900.0,,3661ca65-c49f-4de1-9f52-5d9985d53401,OrderRole.Standalone,OrderType.Market,_default,,PositionEffect.Close,,158743900.0,False,,OrderSide.Sell,OrderStatus.Filled,300274.SZ,,TimeInForce.GTC,,,,1655136000000000000,2022-06-13T16:00:00Z
28.971,14570761.653,1655049600000000000,2022-06-12T16:00:00Z,201177200.0,,611029ff-4a94-414c-8afd-8dc27cb82aa7,OrderRole.Standalone,OrderType.Market,_default,,PositionEffect.Close,,201177200.0,False,,OrderSide.Sell,OrderStatus.Filled,600732.SH,,TimeInForce.GTC,,,,1655136000000000000,2022-06-13T16:00:00Z
16.6833,35540288.011125,1655049600000000000,2022-06-12T16:00:00Z,852116500.0,,9e013109-b710-4c60-8a05-bbb0d4177607,OrderRole.Standalone,OrderType.Market,_default,,PositionEffect.Close,,852116500.0,False,,OrderSide.Sell,OrderStatus.Filled,601699.SH,,TimeInForce.GTC,,,,1655136000000000000,2022-06-13T16:00:00Z
87.4125,27869334.01875,1655049600000000000,2022-06-12T16:00:00Z,127530200.0,,a318bdb5-55b2-4f5a-9653-4a7bbc4f99a7,OrderRole.Standalone,OrderType.Market,_default,,PositionEffect.Close,,127530200.0,False,,OrderSide.Sell,OrderStatus.Filled,688082.SH,,TimeInForce.GTC,,,,1655136000000000000,2022-06-13T16:00:00Z
59.11083,31736959.29198,1655049600000000000,2022-06-12T16:00:00Z,214762400.0,,334c0483-04dd-412e-92c9-a20b2f777068,OrderRole.Standalone,OrderType.Market,_default,,PositionEffect.Close,,214762400.0,False,,OrderSide.Sell,OrderStatus.Filled,688187.SH,,TimeInForce.GTC,,,,1655136000000000000,2022-06-13T16:00:00Z
31.14111,24788004.3636225,1655049600000000000,2022-06-12T16:00:00Z,318395900.0,,b97a8534-8b91-4ce9-b75c-e07597a5b376,OrderRole.Standalone,OrderType.Market,_default,,PositionEffect.Open,,318395900.0,False,,OrderSide.Buy,OrderStatus.Filled,000792.SZ,,TimeInForce.GTC,,,,1655136000000000000,2022-06-13T16:00:00Z
135.07494,24768421.59792,1655049600000000000,2022-06-12T16:00:00Z,73347200.0,,dd843f4c-2048-4979-ad9e-b87c5f07bba5,OrderRole.Standalone,OrderType.Market,_default,,PositionEffect.Open,,73347200.0,False,,OrderSide.Buy,OrderStatus.Filled,002460.SZ,,TimeInForce.GTC,,,,1655136000000000000,2022-06-13T16:00:00Z
115.06495,24525662.5989375,1655049600000000000,2022-06-12T16:00:00Z,85258500.0,,32fe7ce2-e705-4b29-865a-8cbfb960fb55,OrderRole.Standalone,OrderType.Market,_default,,PositionEffect.Open,,85258500.0,False,,OrderSide.Buy,OrderStatus.Filled,002466.SZ,,TimeInForce.GTC,,,,1655136000000000000,2022-06-13T16:00:00Z
342.342,24656241.1095,1655049600000000000,2022-06-12T16:00:00Z,28808900.0,,770d2ead-5409-4aef-a46d-629fcfeaf124,OrderRole.Standalone,OrderType.Market,_default,,PositionEffect.Open,,28808900.0,False,,OrderSide.Buy,OrderStatus.Filled,002594.SZ,,TimeInForce.GTC,,,,1655136000000000000,2022-06-13T16:00:00Z
49.03899,24707780.202105,1655049600000000000,2022-06-12T16:00:00Z,201535800.0,,b09d8875-810e-4cf1-b720-99f2427246af,OrderRole.Standalone,OrderType.Market,_default,,PositionEffect.Open,,201535800.0,False,,OrderSide.Buy,OrderStatus.Filled,002709.SZ,,TimeInForce.GTC,,,,1655136000000000000,2022-06-13T16:00:00Z
98.098,24747550.3275,1655049600000000000,2022-06-12T16:00:00Z,100909500.0,,fd0f80a6-5fda-42b3-a12d-5c95788bbc73,OrderRole.Standalone,OrderType.Market,_default,,PositionEffect.Open,,100909500.0,False,,OrderSide.Buy,OrderStatus.Filled,300014.SZ,,TimeInForce.GTC,,,,1655136000000000000,2022-06-13T16:00:00Z
67.067,24417669.52625,1655049600000000000,2022-06-12T16:00:00Z,145631500.0,,abdb11c3-e282-4a6d-a5e2-f14060266204,OrderRole.Standalone,OrderType.Market,_default,,PositionEffect.Open,,145631500.0,False,,OrderSide.Buy,OrderStatus.Filled,601127.SH,,TimeInForce.GTC,,,,1655136000000000000,2022-06-13T16:00:00Z
16.03602,24459492.74769,1655049600000000000,2022-06-12T16:00:00Z,610113800.0,,6b2263b8-44c6-487e-9a6c-c9cedc59bf54,OrderRole.Standalone,OrderType.Market,_default,,PositionEffect.Open,,610113800.0,False,,OrderSide.Buy,OrderStatus.Filled,601788.SH,,TimeInForce.GTC,,,,1655136000000000000,2022-06-13T16:00:00Z
29.19078,24799275.27063,1655136000000000000,2022-06-13T16:00:00Z,339823400.0,,b115e31a-33ce-4e16-be05-3f3f3e17a50d,OrderRole.Standalone,OrderType.Market,_default,,PositionEffect.Close,,339823400.0,False,,OrderSide.Sell,OrderStatus.Filled,600732.SH,,TimeInForce.GTC,,,,1655222400000000000,2022-06-14T16:00:00Z
31.4685,25048603.447875,1657468800000000000,2022-07-10T16:00:00Z,318395900.0,,4143dae6-1d43-4d43-a14e-08b16f8b2d5f,OrderRole.Standalone,OrderType.Market,_default,,PositionEffect.Close,,318395900.0,False,,OrderSide.Sell,OrderStatus.Filled,000792.SZ,,TimeInForce.GTC,,,,1657555200000000000,2022-07-11T16:00:00Z
101.9979,26184390.8985,1657468800000000000,2022-07-10T16:00:00Z,102686000.0,,5070bf05-0615-4e0a-91b8-3a39c2c46349,OrderRole.Standalone,OrderType.Market,_default,,PositionEffect.Close,,102686000.0,False,,OrderSide.Sell,OrderStatus.Filled,002460.SZ,,TimeInForce.GTC,,,,1657555200000000000,2022-07-11T16:00:00Z
132.37749,28215765.5779125,1657468800000000000,2022-07-10T16:00:00Z,85258500.0,,2a369e08-d4d3-4b04-adc7-cc3a1ef0914d,OrderRole.Standalone,OrderType.Market,_default,,PositionEffect.Close,,85258500.0,False,,OrderSide.Sell,OrderStatus.Filled,002466.SZ,,TimeInForce.GTC,,,,1657555200000000000,2022-07-11T16:00:00Z
319.68,23024072.88,1657468800000000000,2022-07-10T16:00:00Z,28808900.0,,b8e5ca3c-f3f5-4940-b7ec-73db9a1fa655,OrderRole.Standalone,OrderType.Market,_default,,PositionEffect.Close,,28808900.0,False,,OrderSide.Sell,OrderStatus.Filled,002594.SZ,,TimeInForce.GTC,,,,1657555200000000000,2022-07-11T16:00:00Z
61.04889,30758842.213155,1657468800000000000,2022-07-10T16:00:00Z,201535800.0,,131eeec9-103b-4bff-bc5b-0b661890b65a,OrderRole.Standalone,OrderType.Market,_default,,PositionEffect.Close,,201535800.0,False,,OrderSide.Sell,OrderStatus.Filled,002709.SZ,,TimeInForce.GTC,,,,1657555200000000000,2022-07-11T16:00:00Z
97.1028,24496487.4915,1657468800000000000,2022-07-10T16:00:00Z,100909500.0,,29d17b8c-878d-4b42-baa0-d27715de5faf,OrderRole.Standalone,OrderType.Market,_default,,PositionEffect.Close,,100909500.0,False,,OrderSide.Sell,OrderStatus.Filled,300014.SZ,,TimeInForce.GTC,,,,1657555200000000000,2022-07-11T16:00:00Z
177.822,44.4555,1657468800000000000,2022-07-10T16:00:00Z,100.0,,94c7fd5c-9f11-4e05-9114-d19b9a3acb89,OrderRole.Standalone,OrderType.Market,_default,,PositionEffect.Close,,100.0,False,,OrderSide.Sell,OrderStatus.Filled,300661.SZ,,TimeInForce.GTC,,,,1657555200000000000,2022-07-11T16:00:00Z
15.0849,23008764.15405,1657468800000000000,2022-07-10T16:00:00Z,610113800.0,,e2f7b26c-1e69-4263-b00e-45a70f9544ad,OrderRole.Standalone,OrderType.Market,_default,,PositionEffect.Close,,610113800.0,False,,OrderSide.Sell,OrderStatus.Filled,601788.SH,,TimeInForce.GTC,,,,1657555200000000000,2022-07-11T16:00:00Z
109.2091,46177347.891675,1657468800000000000,2022-07-10T16:00:00Z,169133700.0,,d77ed0ce-fcc7-4ad1-a399-e9e0ea24e5e8,OrderRole.Standalone,OrderType.Market,_default,,PositionEffect.Open,,169133700.0,False,,OrderSide.Buy,OrderStatus.Filled,688082.SH,,TimeInForce.GTC,,,,1657555200000000000,2022-07-11T16:00:00Z
12.76275,47405888.404875,1657468800000000000,2022-07-10T16:00:00Z,1485757800.0,,48f8cea0-9b6f-4580-9c6c-a52115873fe5,OrderRole.Standalone,OrderType.Market,_default,,PositionEffect.Open,,1485757800.0,False,,OrderSide.Buy,OrderStatus.Filled,000983.SZ,,TimeInForce.GTC,,,,1657555200000000000,2022-07-11T16:00:00Z
8.9089,45815730.986025,1657468800000000000,2022-07-10T16:00:00Z,2057076900.0,,a0dfb9fa-68e6-4bd7-b4eb-04b379293765,OrderRole.Standalone,OrderType.Market,_default,,PositionEffect.Open,,2057076900.0,False,,OrderSide.Buy,OrderStatus.Filled,600026.SH,,TimeInForce.GTC,,,,1657555200000000000,2022-07-11T16:00:00Z
32.06203,46924856.9214425,1657468800000000000,2022-07-10T16:00:00Z,585425900.0,,8f989719-d094-46ce-ae39-ef34513a8d81,OrderRole.Standalone,OrderType.Market,_default,,PositionEffect.Open,,585425900.0,False,,OrderSide.Buy,OrderStatus.Filled,600732.SH,,TimeInForce.GTC,,,,1657555200000000000,2022-07-11T16:00:00Z
75.9759,19802168.63625,1657468800000000000,2022-07-10T16:00:00Z,104255000.0,,c612d411-c726-49c2-9d7f-0cf890ea7458,OrderRole.Standalone,OrderType.Market,_default,,PositionEffect.Open,,104255000.0,False,,OrderSide.Buy,OrderStatus.Filled,601127.SH,,TimeInForce.GTC,,,,1657555200000000000,2022-07-11T16:00:00Z
73.93599,46189014.4128375,1657555200000000000,2022-07-11T16:00:00Z,249886500.0,,8cced7ac-8d4f-437e-8be6-bd0551f03ebc,OrderRole.Standalone,OrderType.Market,_default,,PositionEffect.Close,,249886500.0,False,,OrderSide.Sell,OrderStatus.Filled,601127.SH,,TimeInForce.GTC,,,,1657641600000000000,2022-07-12T16:00:00Z
11.62836,43192316.42802,1659888000000000000,2022-08-07T16:00:00Z,1485757800.0,,943f7388-fda5-4c17-9589-9fb1d8cdb152,OrderRole.Standalone,OrderType.Market,_default,,PositionEffect.Close,,1485757800.0,False,,OrderSide.Sell,OrderStatus.Filled,000983.SZ,,TimeInForce.GTC,,,,1659974400000000000,2022-08-08T16:00:00Z
12.2877,11044409.010525,1659888000000000000,2022-08-07T16:00:00Z,359527300.0,,899a3bd2-496e-4921-a184-069b504d07d7,OrderRole.Standalone,OrderType.Market,_default,,PositionEffect.Close,,359527300.0,False,,OrderSide.Sell,OrderStatus.Filled,600026.SH,,TimeInForce.GTC,,,,1659974400000000000,2022-08-08T16:00:00Z
39.96,6169294.53,1659888000000000000,2022-08-07T16:00:00Z,61754700.0,,1ea3f327-a3f1-4216-a12c-dd76f4f6e424,OrderRole.Standalone,OrderType.Market,_default,,PositionEffect.Close,,61754700.0,False,,OrderSide.Sell,OrderStatus.Filled,600732.SH,,TimeInForce.GTC,,,,1659974400000000000,2022-08-08T16:00:00Z
123.86601,52374791.4388425,1659888000000000000,2022-08-07T16:00:00Z,169133700.0,,a9302406-c8d5-4e0c-ba12-f9a875402029,OrderRole.Standalone,OrderType.Market,_default,,PositionEffect.Close,,169133700.0,False,,OrderSide.Sell,OrderStatus.Filled,688082.SH,,TimeInForce.GTC,,,,1659974400000000000,2022-08-08T16:00:00Z
18.1181,52097006.686725,1659888000000000000,2022-08-07T16:00:00Z,1150164900.0,,a7ea00f4-0d40-4f80-b024-c54b0019015b,OrderRole.Standalone,OrderType.Market,_default,,PositionEffect.Open,,1150164900.0,False,,OrderSide.Buy,OrderStatus.Filled,000625.SZ,,TimeInForce.GTC,,,,1659974400000000000,2022-08-08T16:00:00Z
321.50118,52011898.273335,1659888000000000000,2022-08-07T16:00:00Z,64711300.0,,ab31477e-fe43-4882-a1fd-3944c61700ae,OrderRole.Standalone,OrderType.Market,_default,,PositionEffect.Open,,64711300.0,False,,OrderSide.Buy,OrderStatus.Filled,002594.SZ,,TimeInForce.GTC,,,,1659974400000000000,2022-08-08T16:00:00Z
345.345,52099782.735,1659888000000000000,2022-08-07T16:00:00Z,60345200.0,,9adf6e49-7fd6-4187-a58d-64e933452424,OrderRole.Standalone,OrderType.Market,_default,,PositionEffect.Open,,60345200.0,False,,OrderSide.Buy,OrderStatus.Filled,605117.SH,,TimeInForce.GTC,,,,1659974400000000000,2022-08-08T16:00:00Z
13.4865,57235006.701,1659974400000000000,2022-08-08T16:00:00Z,1697549600.0,,52af3d84-295d-4892-ba1a-89e35635e4d6,OrderRole.Standalone,OrderType.Market,_default,,PositionEffect.Close,,1697549600.0,False,,OrderSide.Sell,OrderStatus.Filled,600026.SH,,TimeInForce.GTC,,,,1660060800000000000,2022-08-09T16:00:00Z
39.31065,51464638.1457,1659974400000000000,2022-08-08T16:00:00Z,523671200.0,,bd7b44e6-5bd7-4226-b534-1fc4809eae43,OrderRole.Standalone,OrderType.Market,_default,,PositionEffect.Close,,523671200.0,False,,OrderSide.Sell,OrderStatus.Filled,600732.SH,,TimeInForce.GTC,,,,1660060800000000000,2022-08-09T16:00:00Z
14.21577,40876199.2011825,1662307200000000000,2022-09-04T16:00:00Z,1150164900.0,,62e71268-2e7d-4c54-a28a-6e59b649d7b1,OrderRole.Standalone,OrderType.Market,_default,,PositionEffect.Close,,1150164900.0,False,,OrderSide.Sell,OrderStatus.Filled,000625.SZ,,TimeInForce.GTC,,,,1662393600000000000,2022-09-05T16:00:00Z
268.50123,43437659.1122475,1662307200000000000,2022-09-04T16:00:00Z,64711300.0,,9ef7cdc5-bfd4-48db-b75a-8a9e1c02f86a,OrderRole.Standalone,OrderType.Market,_default,,PositionEffect.Close,,64711300.0,False,,OrderSide.Sell,OrderStatus.Filled,002594.SZ,,TimeInForce.GTC,,,,1662393600000000000,2022-09-05T16:00:00Z
391.37823,8404162.5773475,1662307200000000000,2022-09-04T16:00:00Z,8589300.0,,9bd765d6-cf13-44a5-841a-5e27374f677f,OrderRole.Standalone,OrderType.Market,_default,,PositionEffect.Close,,8589300.0,False,,OrderSide.Sell,OrderStatus.Filled,605117.SH,,TimeInForce.GTC,,,,1662393600000000000,2022-09-05T16:00:00Z
150.15,51800473.725,1662307200000000000,2022-09-04T16:00:00Z,137996600.0,,eb15320b-025d-49f0-895b-ebe8991d98aa,OrderRole.Standalone,OrderType.Market,_default,,PositionEffect.Open,,137996600.0,False,,OrderSide.Buy,OrderStatus.Filled,002920.SZ,,TimeInForce.GTC,,,,1662393600000000000,2022-09-05T16:00:00Z
16.6166,50356988.4818,1662307200000000000,2022-09-04T16:00:00Z,1212209200.0,,dc798062-1e16-4341-8a66-c531fd942c28,OrderRole.Standalone,OrderType.Market,_default,,PositionEffect.Open,,1212209200.0,False,,OrderSide.Buy,OrderStatus.Filled,600026.SH,,TimeInForce.GTC,,,,1662393600000000000,2022-09-05T16:00:00Z
54.39434,50477743.541225,1662307200000000000,2022-09-04T16:00:00Z,371198500.0,,11e3a97c-6406-48c3-94ca-196b01165ad6,OrderRole.Standalone,OrderType.Market,_default,,PositionEffect.Open,,371198500.0,False,,OrderSide.Buy,OrderStatus.Filled,600188.SH,,TimeInForce.GTC,,,,1662393600000000000,2022-09-05T16:00:00Z
35.6356,51722694.7237,1662307200000000000,2022-09-04T16:00:00Z,580573300.0,,db943393-99ba-46b4-9c73-d144d5741dad,OrderRole.Standalone,OrderType.Market,_default,,PositionEffect.Open,,580573300.0,False,,OrderSide.Buy,OrderStatus.Filled,600732.SH,,TimeInForce.GTC,,,,1662393600000000000,2022-09-05T16:00:00Z
419.58,54289351.305,1662393600000000000,2022-09-05T16:00:00Z,51755900.0,,8a98836c-3010-4c03-bb78-47fe2cd5d265,OrderRole.Standalone,OrderType.Market,_default,,PositionEffect.Close,,51755900.0,False,,OrderSide.Sell,OrderStatus.Filled,605117.SH,,TimeInForce.GTC,,,,1662480000000000000,2022-09-06T16:00:00Z
134.44542,46382527.11393,1665417600000000000,2022-10-10T16:00:00Z,137996600.0,,1890777f-a15d-4c1b-ae2a-b588f94631e5,OrderRole.Standalone,OrderType.Market,_default,,PositionEffect.Close,,137996600.0,False,,OrderSide.Sell,OrderStatus.Filled,002920.SZ,,TimeInForce.GTC,,,,1665504000000000000,2022-10-11T16:00:00Z
16.85313,51073798.08699,1665417600000000000,2022-10-10T16:00:00Z,1212209200.0,,f596116b-2ce4-4768-9f92-f219815d6d84,OrderRole.Standalone,OrderType.Market,_default,,PositionEffect.Close,,1212209200.0,False,,OrderSide.Sell,OrderStatus.Filled,600026.SH,,TimeInForce.GTC,,,,1665504000000000000,2022-10-11T16:00:00Z
49.44051,45880607.8780875,1665417600000000000,2022-10-10T16:00:00Z,371198500.0,,9949e1a2-6be5-4e58-aa9a-1086eeab15b1,OrderRole.Standalone,OrderType.Market,_default,,PositionEffect.Close,,371198500.0,False,,OrderSide.Sell,OrderStatus.Filled,600188.SH,,TimeInForce.GTC,,,,1665504000000000000,2022-10-11T16:00:00Z
34.91505,50676864.4954125,1665417600000000000,2022-10-10T16:00:00Z,580573300.0,,df1daa48-5e93-40e2-878b-c1bafd43800e,OrderRole.Standalone,OrderType.Market,_default,,PositionEffect.Close,,580573300.0,False,,OrderSide.Sell,OrderStatus.Filled,600732.SH,,TimeInForce.GTC,,,,1665504000000000000,2022-10-11T16:00:00Z
44.7447,49270134.2133,1665417600000000000,2022-10-10T16:00:00Z,440455600.0,,53e667d5-8470-4e26-a0f8-95e4ed4bf824,OrderRole.Standalone,OrderType.Market,_default,,PositionEffect.Open,,440455600.0,False,,OrderSide.Buy,OrderStatus.Filled,600745.SH,,TimeInForce.GTC,,,,1665504000000000000,2022-10-11T16:00:00Z
83.4834,49281941.55885,1665417600000000000,2022-10-10T16:00:00Z,236128100.0,,66d2c6f1-7086-444f-8312-10647a108182,OrderRole.Standalone,OrderType.Market,_default,,PositionEffect.Open,,236128100.0,False,,OrderSide.Buy,OrderStatus.Filled,603986.SH,,TimeInForce.GTC,,,,1665504000000000000,2022-10-11T16:00:00Z
8.66866,49327102.6248,1665417600000000000,2022-10-10T16:00:00Z,2276112000.0,,fcf8738a-1e82-40a9-a08d-4594cf552faa,OrderRole.Standalone,OrderType.Market,_default,,PositionEffect.Open,,2276112000.0,False,,OrderSide.Buy,OrderStatus.Filled,688183.SH,,TimeInForce.GTC,,,,1665504000000000000,2022-10-11T16:00:00Z
14.54453,49236255.6761075,1665417600000000000,2022-10-10T16:00:00Z,1354083100.0,,5d750568-0fff-4e10-9d71-f6684a6c03f9,OrderRole.Standalone,OrderType.Market,_default,,PositionEffect.Open,,1354083100.0,False,,OrderSide.Buy,OrderStatus.Filled,002625.SZ,,TimeInForce.GTC,,,,1665504000000000000,2022-10-11T16:00:00Z
30.66063,49480140.024315,1665417600000000000,2022-10-10T16:00:00Z,645520200.0,,b787b083-99ca-49c3-9466-019ed358d245,OrderRole.Standalone,OrderType.Market,_default,,PositionEffect.Open,,645520200.0,False,,OrderSide.Buy,OrderStatus.Filled,600460.SH,,TimeInForce.GTC,,,,1665504000000000000,2022-10-11T16:00:00Z
18.27171,61853534.2977525,1667836800000000000,2022-11-07T16:00:00Z,1354083100.0,,d439c865-80fa-4509-80cb-754f45f8c33a,OrderRole.Standalone,OrderType.Market,_default,,PositionEffect.Close,,1354083100.0,False,,OrderSide.Sell,OrderStatus.Filled,002625.SZ,,TimeInForce.GTC,,,,1667923200000000000,2022-11-08T16:00:00Z
33.81615,54572519.778075,1667836800000000000,2022-11-07T16:00:00Z,645520200.0,,711423b7-49fc-40b4-adff-f29a0e458004,OrderRole.Standalone,OrderType.Market,_default,,PositionEffect.Close,,645520200.0,False,,OrderSide.Sell,OrderStatus.Filled,600460.SH,,TimeInForce.GTC,,,,1667923200000000000,2022-11-08T16:00:00Z
51.948,57201968.772,1667836800000000000,2022-11-07T16:00:00Z,440455600.0,,f9b43d69-7b1e-4965-879a-1934f25c5b12,OrderRole.Standalone,OrderType.Market,_default,,PositionEffect.Close,,440455600.0,False,,OrderSide.Sell,OrderStatus.Filled,600745.SH,,TimeInForce.GTC,,,,1667923200000000000,2022-11-08T16:00:00Z
88.86105,52456477.2512625,1667836800000000000,2022-11-07T16:00:00Z,236128100.0,,a80795f2-e8ec-45dd-8ae1-38bf9ffe5a9b,OrderRole.Standalone,OrderType.Market,_default,,PositionEffect.Close,,236128100.0,False,,OrderSide.Sell,OrderStatus.Filled,603986.SH,,TimeInForce.GTC,,,,1667923200000000000,2022-11-08T16:00:00Z
10.32966,58778657.7048,1667836800000000000,2022-11-07T16:00:00Z,2276112000.0,,4fdc72b4-987b-4c49-a7e8-2963b522e8f8,OrderRole.Standalone,OrderType.Market,_default,,PositionEffect.Close,,2276112000.0,False,,OrderSide.Sell,OrderStatus.Filled,688183.SH,,TimeInForce.GTC,,,,1667923200000000000,2022-11-08T16:00:00Z
14.66465,40891258.3454375,1667836800000000000,2022-11-07T16:00:00Z,1115369500.0,,bbb93295-476c-4a43-a55c-a0fd93bec6e2,OrderRole.Standalone,OrderType.Market,_default,,PositionEffect.Open,,1115369500.0,False,,OrderSide.Buy,OrderStatus.Filled,000002.SZ,,TimeInForce.GTC,,,,1667923200000000000,2022-11-08T16:00:00Z
48.47843,39460472.4514,1667836800000000000,2022-11-07T16:00:00Z,325592000.0,,96a7893b-c74e-4f15-9de1-507cfac793c9,OrderRole.Standalone,OrderType.Market,_default,,PositionEffect.Open,,325592000.0,False,,OrderSide.Buy,OrderStatus.Filled,002714.SZ,,TimeInForce.GTC,,,,1667923200000000000,2022-11-08T16:00:00Z
20.09007,39842390.7656775,1667836800000000000,2022-11-07T16:00:00Z,793275300.0,,f658e71c-a449-443f-92c4-374b886f8f9a,OrderRole.Standalone,OrderType.Market,_default,,PositionEffect.Open,,793275300.0,False,,OrderSide.Buy,OrderStatus.Filled,600900.SH,,TimeInForce.GTC,,,,1667923200000000000,2022-11-08T16:00:00Z
6.86686,39919069.16998,1667836800000000000,2022-11-07T16:00:00Z,2325317200.0,,74eb2798-45e2-4d5e-9abf-52fb6bc23ffd,OrderRole.Standalone,OrderType.Market,_default,,PositionEffect.Open,,2325317200.0,False,,OrderSide.Buy,OrderStatus.Filled,600919.SH,,TimeInForce.GTC,,,,1667923200000000000,2022-11-08T16:00:00Z
4.09409,39802687.709785,1667836800000000000,2022-11-07T16:00:00Z,3888794600.0,,63b135af-974e-4050-af62-67c15dc21c2d,OrderRole.Standalone,OrderType.Market,_default,,PositionEffect.Open,,3888794600.0,False,,OrderSide.Buy,OrderStatus.Filled,601398.SH,,TimeInForce.GTC,,,,1667923200000000000,2022-11-08T16:00:00Z
13.45344,39832322.9304,1667836800000000000,2022-11-07T16:00:00Z,1184301500.0,,e5e9032d-6d53-413f-bbc0-dcf0c3c06437,OrderRole.Standalone,OrderType.Market,_default,,PositionEffect.Open,,1184301500.0,False,,OrderSide.Buy,OrderStatus.Filled,601838.SH,,TimeInForce.GTC,,,,1667923200000000000,2022-11-08T16:00:00Z
14.24423,40456586.6830125,1667836800000000000,2022-11-07T16:00:00Z,1136083500.0,,39412116-4f57-4669-9557-364ab542c305,OrderRole.Standalone,OrderType.Market,_default,,PositionEffect.Open,,1136083500.0,False,,OrderSide.Buy,OrderStatus.Filled,600048.SH,,TimeInForce.GTC,,,,1667923200000000000,2022-11-08T16:00:00Z
49.72023,40471272.8154,1670256000000000000,2022-12-05T16:00:00Z,325592000.0,,1511c64a-2c64-464d-aa01-efa8fa831c0e,OrderRole.Standalone,OrderType.Market,_default,,PositionEffect.Close,,325592000.0,False,,OrderSide.Sell,OrderStatus.Filled,002714.SZ,,TimeInForce.GTC,,,,1670342400000000000,2022-12-06T16:00:00Z
15.97401,45369522.97458751,1670256000000000000,2022-12-05T16:00:00Z,1136083500.0,,2a662e5a-da34-4720-9a1f-92cd62271375,OrderRole.Standalone,OrderType.Market,_default,,PositionEffect.Close,,1136083500.0,False,,OrderSide.Sell,OrderStatus.Filled,600048.SH,,TimeInForce.GTC,,,,1670342400000000000,2022-12-06T16:00:00Z
21.29868,42239291.91651,1670256000000000000,2022-12-05T16:00:00Z,793275300.0,,da5e840f-596f-4ee6-9c2a-4f1dc8531507,OrderRole.Standalone,OrderType.Market,_default,,PositionEffect.Close,,793275300.0,False,,OrderSide.Sell,OrderStatus.Filled,600900.SH,,TimeInForce.GTC,,,,1670342400000000000,2022-12-06T16:00:00Z
7.48251,43498023.00543,1670256000000000000,2022-12-05T16:00:00Z,2325317200.0,,68c11ce9-bdf1-4f04-81a4-7d72368fc439,OrderRole.Standalone,OrderType.Market,_default,,PositionEffect.Close,,2325317200.0,False,,OrderSide.Sell,OrderStatus.Filled,600919.SH,,TimeInForce.GTC,,,,1670342400000000000,2022-12-06T16:00:00Z
4.30569,41859860.053185,1670256000000000000,2022-12-05T16:00:00Z,3888794600.0,,aa6fd865-2bbc-4c69-aafc-09984f67b2f6,OrderRole.Standalone,OrderType.Market,_default,,PositionEffect.Close,,3888794600.0,False,,OrderSide.Sell,OrderStatus.Filled,601398.SH,,TimeInForce.GTC,,,,1670342400000000000,2022-12-06T16:00:00Z
15.2847,45254232.842625,1670256000000000000,2022-12-05T16:00:00Z,1184301500.0,,670265fb-449a-4aaa-96a3-64bd540f30c0,OrderRole.Standalone,OrderType.Market,_default,,PositionEffect.Close,,1184301500.0,False,,OrderSide.Sell,OrderStatus.Filled,601838.SH,,TimeInForce.GTC,,,,1670342400000000000,2022-12-06T16:00:00Z
13.34333,60988965.552515,1670256000000000000,2022-12-05T16:00:00Z,1828298200.0,,fdc34149-9b74-4896-b53f-7e24b69094a9,OrderRole.Standalone,OrderType.Market,_default,,PositionEffect.Open,,1828298200.0,False,,OrderSide.Buy,OrderStatus.Filled,000001.SZ,,TimeInForce.GTC,,,,1670342400000000000,2022-12-06T16:00:00Z
32.96293,61427845.7017225,1670256000000000000,2022-12-05T16:00:00Z,745417300.0,,49077b95-235c-428f-b628-49616b676f52,OrderRole.Standalone,OrderType.Market,_default,,PositionEffect.Open,,745417300.0,False,,OrderSide.Buy,OrderStatus.Filled,000651.SZ,,TimeInForce.GTC,,,,1670342400000000000,2022-12-06T16:00:00Z
175.58541,61449977.10852,1670256000000000000,2022-12-05T16:00:00Z,139988800.0,,9b2f3914-e488-4757-a064-0ab363f396fe,OrderRole.Standalone,OrderType.Market,_default,,PositionEffect.Open,,139988800.0,False,,OrderSide.Buy,OrderStatus.Filled,000858.SZ,,TimeInForce.GTC,,,,1670342400000000000,2022-12-06T16:00:00Z
1679.48781,61075413.954555,1670256000000000000,2022-12-05T16:00:00Z,14546200.0,,29af0e4c-f3d8-404e-89cb-61bfd6ec7287,OrderRole.Standalone,OrderType.Market,_default,,PositionEffect.Open,,14546200.0,False,,OrderSide.Buy,OrderStatus.Filled,600519.SH,,TimeInForce.GTC,,,,1670342400000000000,2022-12-06T16:00:00Z
18.92891,7799681.0266375,1670256000000000000,2022-12-05T16:00:00Z,164820500.0,,1f552a63-b33a-40cb-8edd-26d99d084254,OrderRole.Standalone,OrderType.Market,_default,,PositionEffect.Open,,164820500.0,False,,OrderSide.Buy,OrderStatus.Filled,000002.SZ,,TimeInForce.GTC,,,,1670342400000000000,2022-12-06T16:00:00Z
18.53145,59309442.43875,1670342400000000000,2022-12-06T16:00:00Z,1280190000.0,,5ea955f8-38a2-4943-be84-a797d0256da2,OrderRole.Standalone,OrderType.Market,_default,,PositionEffect.Close,,1280190000.0,False,,OrderSide.Sell,OrderStatus.Filled,000002.SZ,,TimeInForce.GTC,,,,1670428800000000000,2022-12-07T16:00:00Z
14.3856,65752916.4648,1672761600000000000,2023-01-03T16:00:00Z,1828298200.0,,de3e7ead-4bba-49a6-93ca-7fb16c7e625a,OrderRole.Standalone,OrderType.Market,_default,,PositionEffect.Close,,1828298200.0,False,,OrderSide.Sell,OrderStatus.Filled,000001.SZ,,TimeInForce.GTC,,,,1672848000000000000,2023-01-04T16:00:00Z
33.57639,62571054.9438675,1672761600000000000,2023-01-03T16:00:00Z,745417300.0,,4fd94268-da7a-43a3-8fd2-5bbe7bf1cab8,OrderRole.Standalone,OrderType.Market,_default,,PositionEffect.Close,,745417300.0,False,,OrderSide.Sell,OrderStatus.Filled,000651.SZ,,TimeInForce.GTC,,,,1672848000000000000,2023-01-04T16:00:00Z
181.3185,63456398.082,1672761600000000000,2023-01-03T16:00:00Z,139988800.0,,cadfc296-010c-435b-8be1-f3e847120bb1,OrderRole.Standalone,OrderType.Market,_default,,PositionEffect.Close,,139988800.0,False,,OrderSide.Sell,OrderStatus.Filled,000858.SZ,,TimeInForce.GTC,,,,1672848000000000000,2023-01-04T16:00:00Z
1735.263,526652.3205,1672761600000000000,2023-01-03T16:00:00Z,121400.0,,6edd45c2-533e-457f-a33c-31124fb4a35d,OrderRole.Standalone,OrderType.Market,_default,,PositionEffect.Close,,121400.0,False,,OrderSide.Sell,OrderStatus.Filled,600519.SH,,TimeInForce.GTC,,,,1672848000000000000,2023-01-04T16:00:00Z
55.08503,62462154.930175,1672761600000000000,2023-01-03T16:00:00Z,453569000.0,,97701587-c36c-47cf-a6b6-ae2579876673,OrderRole.Standalone,OrderType.Market,_default,,PositionEffect.Open,,453569000.0,False,,OrderSide.Buy,OrderStatus.Filled,000538.SZ,,TimeInForce.GTC,,,,1672848000000000000,2023-01-04T16:00:00Z
223.99377,63049654.382715,1672761600000000000,2023-01-03T16:00:00Z,112591800.0,,3b54b9cc-1a27-467d-af00-751442d1822c,OrderRole.Standalone,OrderType.Market,_default,,PositionEffect.Open,,112591800.0,False,,OrderSide.Buy,OrderStatus.Filled,000568.SZ,,TimeInForce.GTC,,,,1672848000000000000,2023-01-04T16:00:00Z
178.16799,62684754.837705,1672761600000000000,2023-01-03T16:00:00Z,140731800.0,,bacee762-0014-44c1-9904-2916af453168,OrderRole.Standalone,OrderType.Market,_default,,PositionEffect.Open,,140731800.0,False,,OrderSide.Buy,OrderStatus.Filled,000661.SZ,,TimeInForce.GTC,,,,1672848000000000000,2023-01-04T16:00:00Z
101.101,62929635.01825,1672761600000000000,2023-01-03T16:00:00Z,248977300.0,,1cccb716-13aa-4ea8-a53e-d2e52d545d88,OrderRole.Standalone,OrderType.Market,_default,,PositionEffect.Open,,248977300.0,False,,OrderSide.Buy,OrderStatus.Filled,300033.SZ,,TimeInForce.GTC,,,,1672848000000000000,2023-01-04T16:00:00Z
1804.31388,65067167.14056,1672848000000000000,2023-01-04T16:00:00Z,14424800.0,,66d97989-72aa-4bb0-8631-9394a8937c71,OrderRole.Standalone,OrderType.Market,_default,,PositionEffect.Close,,14424800.0,False,,OrderSide.Sell,OrderStatus.Filled,600519.SH,,TimeInForce.GTC,,,,1672934400000000000,2023-01-05T16:00:00Z
55.98396,63481471.8831,1675785600000000000,2023-02-07T16:00:00Z,453569000.0,,a3cd83fc-234d-4f6e-bc89-c8eb7fe4a3a0,OrderRole.Standalone,OrderType.Market,_default,,PositionEffect.Close,,453569000.0,False,,OrderSide.Sell,OrderStatus.Filled,000538.SZ,,TimeInForce.GTC,,,,1675872000000000000,2023-02-08T16:00:00Z
231.25851,65094529.765545,1675785600000000000,2023-02-07T16:00:00Z,112591800.0,,fe8ad98d-3ce9-4066-b5e2-61f4d2d2cadb,OrderRole.Standalone,OrderType.Market,_default,,PositionEffect.Close,,112591800.0,False,,OrderSide.Sell,OrderStatus.Filled,000568.SZ,,TimeInForce.GTC,,,,1675872000000000000,2023-02-08T16:00:00Z
200.0997,70400977.40115,1675785600000000000,2023-02-07T16:00:00Z,140731800.0,,8c93f014-6460-43a4-87fa-167a28638938,OrderRole.Standalone,OrderType.Market,_default,,PositionEffect.Close,,140731800.0,False,,OrderSide.Sell,OrderStatus.Filled,000661.SZ,,TimeInForce.GTC,,,,1675872000000000000,2023-02-08T16:00:00Z
124.36551,77410472.2323075,1675785600000000000,2023-02-07T16:00:00Z,248977300.0,,11190f24-440c-4444-b5e7-37a2a7108256,OrderRole.Standalone,OrderType.Market,_default,,PositionEffect.Close,,248977300.0,False,,OrderSide.Sell,OrderStatus.Filled,300033.SZ,,TimeInForce.GTC,,,,1675872000000000000,2023-02-08T16:00:00Z
51.86181,66977673.5552925,1675785600000000000,2023-02-07T16:00:00Z,516585700.0,,4a15a28a-1c57-42e7-b913-5dd224340b8b,OrderRole.Standalone,OrderType.Market,_default,,PositionEffect.Open,,516585700.0,False,,OrderSide.Buy,OrderStatus.Filled,300442.SZ,,TimeInForce.GTC,,,,1675872000000000000,2023-02-08T16:00:00Z
40.62058,65961332.782345,1675785600000000000,2023-02-07T16:00:00Z,649536100.0,,3a943c32-bf58-459c-a21a-3fbd34900f7c,OrderRole.Standalone,OrderType.Market,_default,,PositionEffect.Open,,649536100.0,False,,OrderSide.Buy,OrderStatus.Filled,301165.SZ,,TimeInForce.GTC,,,,1675872000000000000,2023-02-08T16:00:00Z
31.64161,80797183.371905,1675785600000000000,2023-02-07T16:00:00Z,1021404200.0,,b38c46d9-cfb1-4d8c-88b7-68cf1c8dcf78,OrderRole.Standalone,OrderType.Market,_default,,PositionEffect.Open,,1021404200.0,False,,OrderSide.Buy,OrderStatus.Filled,302132.SZ,,TimeInForce.GTC,,,,1675872000000000000,2023-02-08T16:00:00Z
9.7097,74044133.163,1675785600000000000,2023-02-07T16:00:00Z,3050316000.0,,e8bcdb7f-dbf8-4da4-8f0f-9171b1b60a9f,OrderRole.Standalone,OrderType.Market,_default,,PositionEffect.Open,,3050316000.0,False,,OrderSide.Buy,OrderStatus.Filled,601360.SH,,TimeInForce.GTC,,,,1675872000000000000,2023-02-08T16:00:00Z
27.20718,67850959.130955,1675785600000000000,2023-02-07T16:00:00Z,997544900.0,,9f8a3c80-ff0c-4b1f-9c98-4e5eff6dff25,OrderRole.Standalone,OrderType.Market,_default,,PositionEffect.Open,,997544900.0,False,,OrderSide.Buy,OrderStatus.Filled,000977.SZ,,TimeInForce.GTC,,,,1675872000000000000,2023-02-08T16:00:00Z
34.73523,42157375.7921325,1678204800000000000,2023-03-07T16:00:00Z,485471100.0,,8acdf73a-5220-4c0e-93ce-5bab0bc9747f,OrderRole.Standalone,OrderType.Market,_default,,PositionEffect.Close,,485471100.0,False,,OrderSide.Sell,OrderStatus.Filled,000977.SZ,,TimeInForce.GTC,,,,1678291200000000000,2023-03-08T16:00:00Z
55.944,72249676.002,1678204800000000000,2023-03-07T16:00:00Z,516585700.0,,fabde17e-c514-4228-b12e-0827a949e489,OrderRole.Standalone,OrderType.Market,_default,,PositionEffect.Close,,516585700.0,False,,OrderSide.Sell,OrderStatus.Filled,300442.SZ,,TimeInForce.GTC,,,,1678291200000000000,2023-03-08T16:00:00Z
45.33462,73616180.674455,1678204800000000000,2023-03-07T16:00:00Z,649536100.0,,dfc056af-97ab-458a-893b-4b19b96571dc,OrderRole.Standalone,OrderType.Market,_default,,PositionEffect.Close,,649536100.0,False,,OrderSide.Sell,OrderStatus.Filled,301165.SZ,,TimeInForce.GTC,,,,1678291200000000000,2023-03-08T16:00:00Z
62.88705,115866465.377175,1678204800000000000,2023-03-07T16:00:00Z,736981400.0,,52982990-45be-4c86-bf4b-cc0f0efb2e0a,OrderRole.Standalone,OrderType.Market,_default,,PositionEffect.Close,,736981400.0,False,,OrderSide.Sell,OrderStatus.Filled,302132.SZ,,TimeInForce.GTC,,,,1678291200000000000,2023-03-08T16:00:00Z
11.43855,42588858.6723375,1678204800000000000,2023-03-07T16:00:00Z,1489309700.0,,645bd3c8-aa67-4e38-9483-dee00084613e,OrderRole.Standalone,OrderType.Market,_default,,PositionEffect.Close,,1489309700.0,False,,OrderSide.Sell,OrderStatus.Filled,601360.SH,,TimeInForce.GTC,,,,1678291200000000000,2023-03-08T16:00:00Z
18.59858,45294767.84833,1678204800000000000,2023-03-07T16:00:00Z,974155400.0,,08ec078c-64af-40a6-b682-47dc14e40751,OrderRole.Standalone,OrderType.Market,_default,,PositionEffect.Open,,974155400.0,False,,OrderSide.Buy,OrderStatus.Filled,601698.SH,,TimeInForce.GTC,,,,1678291200000000000,2023-03-08T16:00:00Z
6.39639,44776816.8222375,1678204800000000000,2023-03-07T16:00:00Z,2800130500.0,,c9587221-bb7e-42c1-8026-b2cc8e19deec,OrderRole.Standalone,OrderType.Market,_default,,PositionEffect.Open,,2800130500.0,False,,OrderSide.Buy,OrderStatus.Filled,601728.SH,,TimeInForce.GTC,,,,1678291200000000000,2023-03-08T16:00:00Z
32.99296,45142469.05168,1678204800000000000,2023-03-07T16:00:00Z,547298200.0,,594acd75-0ee9-4511-aa56-e241566e6688,OrderRole.Standalone,OrderType.Market,_default,,PositionEffect.Open,,547298200.0,False,,OrderSide.Buy,OrderStatus.Filled,603019.SH,,TimeInForce.GTC,,,,1678291200000000000,2023-03-08T16:00:00Z
90.1901,45242443.170925,1678204800000000000,2023-03-07T16:00:00Z,200653700.0,,257cafea-2c40-485d-9020-c41319039c31,OrderRole.Standalone,OrderType.Market,_default,,PositionEffect.Open,,200653700.0,False,,OrderSide.Buy,OrderStatus.Filled,688256.SH,,TimeInForce.GTC,,,,1678291200000000000,2023-03-08T16:00:00Z
39.38935,45370199.3619875,1678204800000000000,2023-03-07T16:00:00Z,460735700.0,,ec0b8437-09d0-40f1-959c-a3b5cb134e69,OrderRole.Standalone,OrderType.Market,_default,,PositionEffect.Open,,460735700.0,False,,OrderSide.Buy,OrderStatus.Filled,300394.SZ,,TimeInForce.GTC,,,,1678291200000000000,2023-03-08T16:00:00Z
23.9239,44144440.08975,1678204800000000000,2023-03-07T16:00:00Z,738081000.0,,37cc4a12-9454-4bec-bf49-fa704b8f6ed0,OrderRole.Standalone,OrderType.Market,_default,,PositionEffect.Open,,738081000.0,False,,OrderSide.Buy,OrderStatus.Filled,300418.SZ,,TimeInForce.GTC,,,,1678291200000000000,2023-03-08T16:00:00Z
29.3293,44784565.27545,1678204800000000000,2023-03-07T16:00:00Z,610782600.0,,f86fcdb1-8b48-4702-a5ce-454bb8b6c970,OrderRole.Standalone,OrderType.Market,_default,,PositionEffect.Open,,610782600.0,False,,OrderSide.Buy,OrderStatus.Filled,600118.SH,,TimeInForce.GTC,,,,1678291200000000000,2023-03-08T16:00:00Z
33.44652,42817716.48294,1678291200000000000,2023-03-08T16:00:00Z,512073800.0,,c0945902-3ac0-4c97-b0f8-a2104a8f4414,OrderRole.Standalone,OrderType.Market,_default,,PositionEffect.Close,,512073800.0,False,,OrderSide.Sell,OrderStatus.Filled,000977.SZ,,TimeInForce.GTC,,,,1678377600000000000,2023-03-09T16:00:00Z
61.65828,43842551.60196,1678291200000000000,2023-03-08T16:00:00Z,284422800.0,,53a50d43-a632-4522-9ea7-12da7ebd49ba,OrderRole.Standalone,OrderType.Market,_default,,PositionEffect.Close,,284422800.0,False,,OrderSide.Sell,OrderStatus.Filled,302132.SZ,,TimeInForce.GTC,,,,1678377600000000000,2023-03-09T16:00:00Z
11.00898,42962717.841435,1678291200000000000,2023-03-08T16:00:00Z,1561006300.0,,c19b570b-2e97-4949-9605-12cfa59291ca,OrderRole.Standalone,OrderType.Market,_default,,PositionEffect.Close,,1561006300.0,False,,OrderSide.Sell,OrderStatus.Filled,601360.SH,,TimeInForce.GTC,,,,1678377600000000000,2023-03-09T16:00:00Z
66.7332,76865919.0381,1680710400000000000,2023-04-05T16:00:00Z,460735700.0,,f1f1f3a5-b47a-454a-9a6d-8097aeabc306,OrderRole.Standalone,OrderType.Market,_default,,PositionEffect.Close,,460735700.0,False,,OrderSide.Sell,OrderStatus.Filled,300394.SZ,,TimeInForce.GTC,,,,1680796800000000000,2023-04-06T16:00:00Z
51.77817,37655402.2971075,1680710400000000000,2023-04-05T16:00:00Z,290897900.0,,49eaf195-daa0-4d1b-9f78-41a0f8414c14,OrderRole.Standalone,OrderType.Market,_default,,PositionEffect.Close,,290897900.0,False,,OrderSide.Sell,OrderStatus.Filled,300418.SZ,,TimeInForce.GTC,,,,1680796800000000000,2023-04-06T16:00:00Z
28.92105,44161185.284325,1680710400000000000,2023-04-05T16:00:00Z,610782600.0,,9b5a6794-84db-47a4-aac0-a971d6975500,OrderRole.Standalone,OrderType.Market,_default,,PositionEffect.Close,,610782600.0,False,,OrderSide.Sell,OrderStatus.Filled,600118.SH,,TimeInForce.GTC,,,,1680796800000000000,2023-04-06T16:00:00Z
6.86313,48044149.0961625,1680710400000000000,2023-04-05T16:00:00Z,2800130500.0,,7aa15f92-6d4c-4e80-9759-b2fb66800a81,OrderRole.Standalone,OrderType.Market,_default,,PositionEffect.Close,,2800130500.0,False,,OrderSide.Sell,OrderStatus.Filled,601728.SH,,TimeInForce.GTC,,,,1680796800000000000,2023-04-06T16:00:00Z
40.37958,55249178.62689,1680710400000000000,2023-04-05T16:00:00Z,547298200.0,,2eb445fd-153e-4b97-b403-fa03517a8bdd,OrderRole.Standalone,OrderType.Market,_default,,PositionEffect.Close,,547298200.0,False,,OrderSide.Sell,OrderStatus.Filled,603019.SH,,TimeInForce.GTC,,,,1680796800000000000,2023-04-06T16:00:00Z
209.24055,45492034.17825,1680710400000000000,2023-04-05T16:00:00Z,86966000.0,,bb45f45e-df03-4452-b450-2966b7051ba6,OrderRole.Standalone,OrderType.Market,_default,,PositionEffect.Close,,86966000.0,False,,OrderSide.Sell,OrderStatus.Filled,688256.SH,,TimeInForce.GTC,,,,1680796800000000000,2023-04-06T16:00:00Z
71.071,59613306.50275,1680710400000000000,2023-04-05T16:00:00Z,335514100.0,,97c0fd5b-c2dd-457f-8c3c-f6c1cc2f9ec4,OrderRole.Standalone,OrderType.Market,_default,,PositionEffect.Open,,335514100.0,False,,OrderSide.Buy,OrderStatus.Filled,688506.SH,,TimeInForce.GTC,,,,1680796800000000000,2023-04-06T16:00:00Z
105.83573,59639254.0819075,1680710400000000000,2023-04-05T16:00:00Z,225403100.0,,04687553-e83e-4910-bcbc-22a76f007886,OrderRole.Standalone,OrderType.Market,_default,,PositionEffect.Open,,225403100.0,False,,OrderSide.Buy,OrderStatus.Filled,688521.SH,,TimeInForce.GTC,,,,1680796800000000000,2023-04-06T16:00:00Z
38.7387,59054630.1345,1680710400000000000,2023-04-05T16:00:00Z,609774000.0,,a1809590-3006-49c1-bc5d-9278e222c50d,OrderRole.Standalone,OrderType.Market,_default,,PositionEffect.Open,,609774000.0,False,,OrderSide.Buy,OrderStatus.Filled,000977.SZ,,TimeInForce.GTC,,,,1680796800000000000,2023-04-06T16:00:00Z
214.214,58819362.1015,1680710400000000000,2023-04-05T16:00:00Z,109832900.0,,044a5e6e-82d5-4b0a-867b-7a9f743f46b3,OrderRole.Standalone,OrderType.Market,_default,,PositionEffect.Open,,109832900.0,False,,OrderSide.Buy,OrderStatus.Filled,300033.SZ,,TimeInForce.GTC,,,,1680796800000000000,2023-04-06T16:00:00Z
67.77771,59803797.97392,1680710400000000000,2023-04-05T16:00:00Z,352940800.0,,3bc98ebe-6acb-4190-9671-a96fd81645d0,OrderRole.Standalone,OrderType.Market,_default,,PositionEffect.Open,,352940800.0,False,,OrderSide.Buy,OrderStatus.Filled,300308.SZ,,TimeInForce.GTC,,,,1680796800000000000,2023-04-06T16:00:00Z
52.93288,59176710.1926,1680710400000000000,2023-04-05T16:00:00Z,447183000.0,,4c7eaf6f-74bd-48e4-8bb2-701a42299783,OrderRole.Standalone,OrderType.Market,_default,,PositionEffect.Open,,447183000.0,False,,OrderSide.Buy,OrderStatus.Filled,302132.SZ,,TimeInForce.GTC,,,,1680796800000000000,2023-04-06T16:00:00Z
19.1191,59582247.0243,1680710400000000000,2023-04-05T16:00:00Z,1246549200.0,,9034e07e-13b4-48e9-8b5e-191c27fef10f,OrderRole.Standalone,OrderType.Market,_default,,PositionEffect.Open,,1246549200.0,False,,OrderSide.Buy,OrderStatus.Filled,601360.SH,,TimeInForce.GTC,,,,1680796800000000000,2023-04-06T16:00:00Z
21.2212,6131329.9047,1680710400000000000,2023-04-05T16:00:00Z,115569900.0,,b93480e2-116e-43f7-b08d-b3a66efd2236,OrderRole.Standalone,OrderType.Market,_default,,PositionEffect.Open,,115569900.0,False,,OrderSide.Buy,OrderStatus.Filled,601698.SH,,TimeInForce.GTC,,,,1680796800000000000,2023-04-06T16:00:00Z
49.3506,55171885.73715,1680796800000000000,2023-04-06T16:00:00Z,447183100.0,,94788c57-497f-45aa-a0e0-f863a081e424,OrderRole.Standalone,OrderType.Market,_default,,PositionEffect.Close,,447183100.0,False,,OrderSide.Sell,OrderStatus.Filled,300418.SZ,,TimeInForce.GTC,,,,1681056000000000000,2023-04-09T16:00:00Z
21.32865,58105923.79961249,1680796800000000000,2023-04-06T16:00:00Z,1089725300.0,,5532f536-7fd6-4d31-ab70-954ed9aa81ce,OrderRole.Standalone,OrderType.Market,_default,,PositionEffect.Close,,1089725300.0,False,,OrderSide.Sell,OrderStatus.Filled,601698.SH,,TimeInForce.GTC,,,,1681056000000000000,2023-04-09T16:00:00Z
225.2745,64027349.434125,1680796800000000000,2023-04-06T16:00:00Z,113687700.0,,d900e32f-b2fd-42d6-8408-a67f31b1ec2a,OrderRole.Standalone,OrderType.Market,_default,,PositionEffect.Close,,113687700.0,False,,OrderSide.Sell,OrderStatus.Filled,688256.SH,,TimeInForce.GTC,,,,1681056000000000000,2023-04-09T16:00:00Z
38.961,59393512.035,1683561600000000000,2023-05-08T16:00:00Z,609774000.0,,eef81aeb-b465-4850-9bba-4ca63fe59d07,OrderRole.Standalone,OrderType.Market,_default,,PositionEffect.Close,,609774000.0,False,,OrderSide.Sell,OrderStatus.Filled,000977.SZ,,TimeInForce.GTC,,,,1683648000000000000,2023-05-09T16:00:00Z
176.823,48552457.19175,1683561600000000000,2023-05-08T16:00:00Z,109832900.0,,ff331cbf-669c-48a2-994f-9e554c0b5a1a,OrderRole.Standalone,OrderType.Market,_default,,PositionEffect.Close,,109832900.0,False,,OrderSide.Sell,OrderStatus.Filled,300033.SZ,,TimeInForce.GTC,,,,1683648000000000000,2023-05-09T16:00:00Z
83.28663,73488124.55376,1683561600000000000,2023-05-08T16:00:00Z,352940800.0,,c3311e7d-d688-43b4-8779-a7681ae478dc,OrderRole.Standalone,OrderType.Market,_default,,PositionEffect.Close,,352940800.0,False,,OrderSide.Sell,OrderStatus.Filled,300308.SZ,,TimeInForce.GTC,,,,1683648000000000000,2023-05-09T16:00:00Z
50.949,56958816.6675,1683561600000000000,2023-05-08T16:00:00Z,447183000.0,,716d5559-9868-4aad-978b-f309448bec52,OrderRole.Standalone,OrderType.Market,_default,,PositionEffect.Close,,447183000.0,False,,OrderSide.Sell,OrderStatus.Filled,302132.SZ,,TimeInForce.GTC,,,,1683648000000000000,2023-05-09T16:00:00Z
15.67431,48846996.47763,1683561600000000000,2023-05-08T16:00:00Z,1246549200.0,,75b86778-96d0-474a-af90-93922aec20ff,OrderRole.Standalone,OrderType.Market,_default,,PositionEffect.Close,,1246549200.0,False,,OrderSide.Sell,OrderStatus.Filled,601360.SH,,TimeInForce.GTC,,,,1683648000000000000,2023-05-09T16:00:00Z
82.57734,69264654.776235,1683561600000000000,2023-05-08T16:00:00Z,335514100.0,,5edf15e7-cf98-40b0-a97f-390aba788263,OrderRole.Standalone,OrderType.Market,_default,,PositionEffect.Close,,335514100.0,False,,OrderSide.Sell,OrderStatus.Filled,688506.SH,,TimeInForce.GTC,,,,1683648000000000000,2023-05-09T16:00:00Z
79.41051,44748437.8164525,1683561600000000000,2023-05-08T16:00:00Z,225403100.0,,39055a73-92f3-423e-8dce-84434fe679d2,OrderRole.Standalone,OrderType.Market,_default,,PositionEffect.Close,,225403100.0,False,,OrderSide.Sell,OrderStatus.Filled,688521.SH,,TimeInForce.GTC,,,,1683648000000000000,2023-05-09T16:00:00Z
3.18318,114949345.68117,1683561600000000000,2023-05-08T16:00:00Z,14444592600.0,,9b15b102-c2e3-4c8f-97ad-7d6612fd9723,OrderRole.Standalone,OrderType.Market,_default,,PositionEffect.Open,,14444592600.0,False,,OrderSide.Buy,OrderStatus.Filled,003816.SZ,,TimeInForce.GTC,,,,1683648000000000000,2023-05-09T16:00:00Z
226.0258,115295478.04775,1683561600000000000,2023-05-08T16:00:00Z,204039500.0,,5355c8a1-7adf-4a9d-ae1d-e42df8dfedfb,OrderRole.Standalone,OrderType.Market,_default,,PositionEffect.Open,,204039500.0,False,,OrderSide.Buy,OrderStatus.Filled,300750.SZ,,TimeInForce.GTC,,,,1683648000000000000,2023-05-09T16:00:00Z
4.3043,114776975.588275,1683561600000000000,2023-05-08T16:00:00Z,10666261700.0,,d0d16171-4970-47b1-996d-2410fea3613a,OrderRole.Standalone,OrderType.Market,_default,,PositionEffect.Open,,10666261700.0,False,,OrderSide.Buy,OrderStatus.Filled,601077.SH,,TimeInForce.GTC,,,,1683648000000000000,2023-05-09T16:00:00Z
3.58358,115310821.941315,1683561600000000000,2023-05-08T16:00:00Z,12871019700.0,,a340f175-212c-4b2e-8d68-f42757ca4de2,OrderRole.Standalone,OrderType.Market,_default,,PositionEffect.Open,,12871019700.0,False,,OrderSide.Buy,OrderStatus.Filled,601818.SH,,TimeInForce.GTC,,,,1683648000000000000,2023-05-09T16:00:00Z
2.65265,114447070.2500125,1683561600000000000,2023-05-08T16:00:00Z,17257771700.0,,a84212c9-e489-4209-8a0f-1fc01a161af6,OrderRole.Standalone,OrderType.Market,_default,,PositionEffect.Open,,17257771700.0,False,,OrderSide.Buy,OrderStatus.Filled,601868.SH,,TimeInForce.GTC,,,,1683648000000000000,2023-05-09T16:00:00Z
2.997,108226110.0555,1685980800000000000,2023-06-05T16:00:00Z,14444592600.0,,2cc7e082-0700-4868-89ac-b24192dfefc0,OrderRole.Standalone,OrderType.Market,_default,,PositionEffect.Close,,14444592600.0,False,,OrderSide.Sell,OrderStatus.Filled,003816.SZ,,TimeInForce.GTC,,,,1686067200000000000,2023-06-06T16:00:00Z
216.16362,110264792.357475,1685980800000000000,2023-06-05T16:00:00Z,204039500.0,,78cfd070-3207-4fb6-b472-c7aa382039ec,OrderRole.Standalone,OrderType.Market,_default,,PositionEffect.Close,,204039500.0,False,,OrderSide.Sell,OrderStatus.Filled,300750.SZ,,TimeInForce.GTC,,,,1686067200000000000,2023-06-06T16:00:00Z
3.92607,104691225.18129748,1685980800000000000,2023-06-05T16:00:00Z,10666261700.0,,bd5c572b-1afe-47b5-86dc-1b33126065a2,OrderRole.Standalone,OrderType.Market,_default,,PositionEffect.Close,,10666261700.0,False,,OrderSide.Sell,OrderStatus.Filled,601077.SH,,TimeInForce.GTC,,,,1686067200000000000,2023-06-06T16:00:00Z
3.18681,102543735.7253925,1685980800000000000,2023-06-05T16:00:00Z,12871019700.0,,a81bf097-c3a1-460e-b448-1f16f7276532,OrderRole.Standalone,OrderType.Market,_default,,PositionEffect.Close,,12871019700.0,False,,OrderSide.Sell,OrderStatus.Filled,601818.SH,,TimeInForce.GTC,,,,1686067200000000000,2023-06-06T16:00:00Z
2.35764,101719032.17697,1685980800000000000,2023-06-05T16:00:00Z,17257771700.0,,ed9d4c23-78e4-43e4-a361-e4e0234040b8,OrderRole.Standalone,OrderType.Market,_default,,PositionEffect.Close,,17257771700.0,False,,OrderSide.Sell,OrderStatus.Filled,601868.SH,,TimeInForce.GTC,,,,1686067200000000000,2023-06-06T16:00:00Z
221.31109,65790530.9186125,1685980800000000000,2023-06-05T16:00:00Z,118910500.0,,519ae47f-0d7f-495e-b0c9-4121770e1b66,OrderRole.Standalone,OrderType.Market,_default,,PositionEffect.Open,,118910500.0,False,,OrderSide.Buy,OrderStatus.Filled,688256.SH,,TimeInForce.GTC,,,,1686067200000000000,2023-06-06T16:00:00Z
76.30623,66095140.1435325,1685980800000000000,2023-06-05T16:00:00Z,346473100.0,,c99ab804-5944-46d0-97a2-dd7a3cf0edb7,OrderRole.Standalone,OrderType.Market,_default,,PositionEffect.Open,,346473100.0,False,,OrderSide.Buy,OrderStatus.Filled,688506.SH,,TimeInForce.GTC,,,,1686067200000000000,2023-06-06T16:00:00Z
169.85969,66700545.5341225,1685980800000000000,2023-06-05T16:00:00Z,157072100.0,,91f3f995-0ac4-4bb0-be47-e39399032ea3,OrderRole.Standalone,OrderType.Market,_default,,PositionEffect.Open,,157072100.0,False,,OrderSide.Buy,OrderStatus.Filled,300033.SZ,,TimeInForce.GTC,,,,1686067200000000000,2023-06-06T16:00:00Z
107.2071,66303276.264225,1685980800000000000,2023-06-05T16:00:00Z,247383900.0,,ba0eb854-e6cf-421c-801e-b9637dde159c,OrderRole.Standalone,OrderType.Market,_default,,PositionEffect.Open,,247383900.0,False,,OrderSide.Buy,OrderStatus.Filled,300308.SZ,,TimeInForce.GTC,,,,1686067200000000000,2023-06-06T16:00:00Z
76.34627,65590512.0495625,1685980800000000000,2023-06-05T16:00:00Z,343647500.0,,7f3a5439-1b8d-41c0-97d6-2fff30c0e233,OrderRole.Standalone,OrderType.Market,_default,,PositionEffect.Open,,343647500.0,False,,OrderSide.Buy,OrderStatus.Filled,300394.SZ,,TimeInForce.GTC,,,,1686067200000000000,2023-06-06T16:00:00Z
56.31626,65686060.785345,1685980800000000000,2023-06-05T16:00:00Z,466551300.0,,2ceb663b-64b2-40b3-bbb2-82405720b577,OrderRole.Standalone,OrderType.Market,_default,,PositionEffect.Open,,466551300.0,False,,OrderSide.Buy,OrderStatus.Filled,300418.SZ,,TimeInForce.GTC,,,,1686067200000000000,2023-06-06T16:00:00Z
24.77475,66299355.4348125,1685980800000000000,2023-06-05T16:00:00Z,1070434300.0,,bd93f473-762c-4610-9d97-30d39b61c128,OrderRole.Standalone,OrderType.Market,_default,,PositionEffect.Open,,1070434300.0,False,,OrderSide.Buy,OrderStatus.Filled,300476.SZ,,TimeInForce.GTC,,,,1686067200000000000,2023-06-06T16:00:00Z
79.82975,66642194.619,1685980800000000000,2023-06-05T16:00:00Z,333921600.0,,4cfa9d66-32ff-4cce-97e8-9d9c8e16954b,OrderRole.Standalone,OrderType.Market,_default,,PositionEffect.Open,,333921600.0,False,,OrderSide.Buy,OrderStatus.Filled,300502.SZ,,TimeInForce.GTC,,,,1686067200000000000,2023-06-06T16:00:00Z
167.3325,65708167.933125,1688572800000000000,2023-07-05T16:00:00Z,157072100.0,,6081f98e-30ab-412e-a493-3b91fb32c8c3,OrderRole.Standalone,OrderType.Market,_default,,PositionEffect.Close,,157072100.0,False,,OrderSide.Sell,OrderStatus.Filled,300033.SZ,,TimeInForce.GTC,,,,1688659200000000000,2023-07-06T16:00:00Z
144.44541,89333672.1572475,1688572800000000000,2023-07-05T16:00:00Z,247383900.0,,1249e9d7-c1d2-4e8b-ba2a-81bf11aebe2a,OrderRole.Standalone,OrderType.Market,_default,,PositionEffect.Close,,247383900.0,False,,OrderSide.Sell,OrderStatus.Filled,300308.SZ,,TimeInForce.GTC,,,,1688659200000000000,2023-07-06T16:00:00Z
98.46144,84590069.256,1688572800000000000,2023-07-05T16:00:00Z,343647500.0,,d4eff623-47d2-41f3-bc88-f70792ecdf53,OrderRole.Standalone,OrderType.Market,_default,,PositionEffect.Close,,343647500.0,False,,OrderSide.Sell,OrderStatus.Filled,300394.SZ,,TimeInForce.GTC,,,,1688659200000000000,2023-07-06T16:00:00Z
40.43952,47167776.56844,1688572800000000000,2023-07-05T16:00:00Z,466551300.0,,e94b7997-2d53-40d0-92ca-845081feb8fd,OrderRole.Standalone,OrderType.Market,_default,,PositionEffect.Close,,466551300.0,False,,OrderSide.Sell,OrderStatus.Filled,300418.SZ,,TimeInForce.GTC,,,,1688659200000000000,2023-07-06T16:00:00Z
24.58539,65792611.8371925,1688572800000000000,2023-07-05T16:00:00Z,1070434300.0,,a97bfecb-6a42-40a2-b135-bdc170e8c14e,OrderRole.Standalone,OrderType.Market,_default,,PositionEffect.Close,,1070434300.0,False,,OrderSide.Sell,OrderStatus.Filled,300476.SZ,,TimeInForce.GTC,,,,1688659200000000000,2023-07-06T16:00:00Z
68.48145,80036016.89197502,1688572800000000000,2023-07-05T16:00:00Z,467490200.0,,332ccd00-c0bd-4d62-aa4c-19530ce9790d,OrderRole.Standalone,OrderType.Market,_default,,PositionEffect.Close,,467490200.0,False,,OrderSide.Sell,OrderStatus.Filled,300502.SZ,,TimeInForce.GTC,,,,1688659200000000000,2023-07-06T16:00:00Z
206.61318,61421191.350975,1688572800000000000,2023-07-05T16:00:00Z,118910500.0,,7f9da7b4-6600-4b8a-89fb-f7719c56ac17,OrderRole.Standalone,OrderType.Market,_default,,PositionEffect.Close,,118910500.0,False,,OrderSide.Sell,OrderStatus.Filled,688256.SH,,TimeInForce.GTC,,,,1688659200000000000,2023-07-06T16:00:00Z
83.56635,72383730.8504625,1688572800000000000,2023-07-05T16:00:00Z,346473100.0,,c11b8fd6-132b-472b-9453-dd163c5be704,OrderRole.Standalone,OrderType.Market,_default,,PositionEffect.Close,,346473100.0,False,,OrderSide.Sell,OrderStatus.Filled,688506.SH,,TimeInForce.GTC,,,,1688659200000000000,2023-07-06T16:00:00Z
71.09102,92795286.13355,1688572800000000000,2023-07-05T16:00:00Z,522121000.0,,cb58e4dc-81dd-40bd-a693-b654aa71d614,OrderRole.Standalone,OrderType.Market,_default,,PositionEffect.Open,,522121000.0,False,,OrderSide.Buy,OrderStatus.Filled,688521.SH,,TimeInForce.GTC,,,,1688659200000000000,2023-07-06T16:00:00Z
38.29826,93670707.72059,1688572800000000000,2023-07-05T16:00:00Z,978328600.0,,51274a92-0c75-4d5d-b7f2-a2a0fe383d6d,OrderRole.Standalone,OrderType.Market,_default,,PositionEffect.Open,,978328600.0,False,,OrderSide.Buy,OrderStatus.Filled,688599.SH,,TimeInForce.GTC,,,,1688659200000000000,2023-07-06T16:00:00Z
49.85981,93314753.456925,1688572800000000000,2023-07-05T16:00:00Z,748617000.0,,711b0cac-0a97-4934-bb64-82c0dd4bd88d,OrderRole.Standalone,OrderType.Market,_default,,PositionEffect.Open,,748617000.0,False,,OrderSide.Buy,OrderStatus.Filled,688981.SH,,TimeInForce.GTC,,,,1688659200000000000,2023-07-06T16:00:00Z
4.12412,94127644.65104,1688572800000000000,2023-07-05T16:00:00Z,9129476800.0,,0536d6d2-f6d4-403f-834c-fa35fb880a11,OrderRole.Standalone,OrderType.Market,_default,,PositionEffect.Open,,9129476800.0,False,,OrderSide.Buy,OrderStatus.Filled,000100.SZ,,TimeInForce.GTC,,,,1688659200000000000,2023-07-06T16:00:00Z
6.67667,93811359.71207,1688572800000000000,2023-07-05T16:00:00Z,5620248400.0,,c2f46733-7a6e-4c8b-935e-62cb624a9207,OrderRole.Standalone,OrderType.Market,_default,,PositionEffect.Open,,5620248400.0,False,,OrderSide.Buy,OrderStatus.Filled,000157.SZ,,TimeInForce.GTC,,,,1688659200000000000,2023-07-06T16:00:00Z
4.55455,93670714.1995625,1688572800000000000,2023-07-05T16:00:00Z,8226561500.0,,5170283e-ad95-4d85-88b6-e0cc9c0ad281,OrderRole.Standalone,OrderType.Market,_default,,PositionEffect.Open,,8226561500.0,False,,OrderSide.Buy,OrderStatus.Filled,000166.SZ,,TimeInForce.GTC,,,,1688659200000000000,2023-07-06T16:00:00Z
4.30569,98271742.40748,1690992000000000000,2023-08-02T16:00:00Z,9129476800.0,,fdb9acf1-66df-476b-b10a-c50b52a4269c,OrderRole.Standalone,OrderType.Market,_default,,PositionEffect.Close,,9129476800.0,False,,OrderSide.Sell,OrderStatus.Filled,000100.SZ,,TimeInForce.GTC,,,,1691078400000000000,2023-08-03T16:00:00Z
6.94305,97554164.13405,1690992000000000000,2023-08-02T16:00:00Z,5620248400.0,,ff6a7e5b-2756-476d-914a-22059a668a09,OrderRole.Standalone,OrderType.Market,_default,,PositionEffect.Close,,5620248400.0,False,,OrderSide.Sell,OrderStatus.Filled,000157.SZ,,TimeInForce.GTC,,,,1691078400000000000,2023-08-03T16:00:00Z
5.15484,106016520.70665,1690992000000000000,2023-08-02T16:00:00Z,8226561500.0,,96bbdb19-b677-4526-9a75-b06c06123961,OrderRole.Standalone,OrderType.Market,_default,,PositionEffect.Close,,8226561500.0,False,,OrderSide.Sell,OrderStatus.Filled,000166.SZ,,TimeInForce.GTC,,,,1691078400000000000,2023-08-03T16:00:00Z
68.5314,89454207.7485,1690992000000000000,2023-08-02T16:00:00Z,522121000.0,,6f23e8e8-e691-432d-961a-d8dac6db3b88,OrderRole.Standalone,OrderType.Market,_default,,PositionEffect.Close,,522121000.0,False,,OrderSide.Sell,OrderStatus.Filled,688521.SH,,TimeInForce.GTC,,,,1691078400000000000,2023-08-03T16:00:00Z
37.38258,91431117.88947,1690992000000000000,2023-08-02T16:00:00Z,978328600.0,,f4abf56a-8ba9-4c57-81c6-bd8f7c801cdb,OrderRole.Standalone,OrderType.Market,_default,,PositionEffect.Close,,978328600.0,False,,OrderSide.Sell,OrderStatus.Filled,688599.SH,,TimeInForce.GTC,,,,1691078400000000000,2023-08-03T16:00:00Z
51.31863,96044997.086775,1690992000000000000,2023-08-02T16:00:00Z,748617000.0,,f224d8cf-e265-4bb2-8efa-e808c8dbb12b,OrderRole.Standalone,OrderType.Market,_default,,PositionEffect.Close,,748617000.0,False,,OrderSide.Sell,OrderStatus.Filled,688981.SH,,TimeInForce.GTC,,,,1691078400000000000,2023-08-03T16:00:00Z
200.64044,85158574.35085,1690992000000000000,2023-08-02T16:00:00Z,169773500.0,,2d01498e-2a48-40c6-b9ea-7043632479fb,OrderRole.Standalone,OrderType.Market,_default,,PositionEffect.Open,,169773500.0,False,,OrderSide.Buy,OrderStatus.Filled,300033.SZ,,TimeInForce.GTC,,,,1691078400000000000,2023-08-03T16:00:00Z
29.63961,81309060.1998675,1690992000000000000,2023-08-02T16:00:00Z,1097302700.0,,82744dbd-b28d-4fb5-919f-781c63762611,OrderRole.Standalone,OrderType.Market,_default,,PositionEffect.Open,,1097302700.0,False,,OrderSide.Buy,OrderStatus.Filled,300759.SZ,,TimeInForce.GTC,,,,1691078400000000000,2023-08-03T16:00:00Z
66.95689,87480515.9228,1690992000000000000,2023-08-02T16:00:00Z,522608000.0,,650d298b-d696-4a17-b5b5-7d720bbc05a3,OrderRole.Standalone,OrderType.Market,_default,,PositionEffect.Open,,522608000.0,False,,OrderSide.Buy,OrderStatus.Filled,300803.SZ,,TimeInForce.GTC,,,,1691078400000000000,2023-08-03T16:00:00Z
18.72871,84874992.72252,1690992000000000000,2023-08-02T16:00:00Z,1812724800.0,,fc5cc3fe-e853-4396-8cf2-c9455872b6c9,OrderRole.Standalone,OrderType.Market,_default,,PositionEffect.Open,,1812724800.0,False,,OrderSide.Buy,OrderStatus.Filled,601059.SH,,TimeInForce.GTC,,,,1691078400000000000,2023-08-03T16:00:00Z
21.10108,86482591.74555,1690992000000000000,2023-08-02T16:00:00Z,1639396500.0,,36bf814a-00ba-40a3-9312-35af7b77f83a,OrderRole.Standalone,OrderType.Market,_default,,PositionEffect.Open,,1639396500.0,False,,OrderSide.Buy,OrderStatus.Filled,601136.SH,,TimeInForce.GTC,,,,1691078400000000000,2023-08-03T16:00:00Z
12.83282,90653363.22042,1690992000000000000,2023-08-02T16:00:00Z,2825672400.0,,5d3c494d-a596-447e-bd59-6c5b6e7cfe45,OrderRole.Standalone,OrderType.Market,_default,,PositionEffect.Open,,2825672400.0,False,,OrderSide.Buy,OrderStatus.Filled,601456.SH,,TimeInForce.GTC,,,,1691078400000000000,2023-08-03T16:00:00Z
17.5175,85203902.53375,1690992000000000000,2023-08-02T16:00:00Z,1945572200.0,,afa98e7e-5b5a-485d-8ccf-7005b962b8aa,OrderRole.Standalone,OrderType.Market,_default,,PositionEffect.Open,,1945572200.0,False,,OrderSide.Buy,OrderStatus.Filled,300059.SZ,,TimeInForce.GTC,,,,1691078400000000000,2023-08-03T16:00:00Z
167.3325,71021560.471875,1693411200000000000,2023-08-30T16:00:00Z,169773500.0,,65ad4834-cba3-476f-ba31-a09fbcd69ffd,OrderRole.Standalone,OrderType.Market,_default,,PositionEffect.Close,,169773500.0,False,,OrderSide.Sell,OrderStatus.Filled,300033.SZ,,TimeInForce.GTC,,,,1693497600000000000,2023-08-31T16:00:00Z
15.97401,77696474.446305,1693411200000000000,2023-08-30T16:00:00Z,1945572200.0,,001d2c0c-5475-40ff-ac65-98c9eeae109d,OrderRole.Standalone,OrderType.Market,_default,,PositionEffect.Close,,1945572200.0,False,,OrderSide.Sell,OrderStatus.Filled,300059.SZ,,TimeInForce.GTC,,,,1693497600000000000,2023-08-31T16:00:00Z
30.09987,82571671.5516225,1693411200000000000,2023-08-30T16:00:00Z,1097302700.0,,85c560b1-0a37-4488-bcd4-71d79dd92112,OrderRole.Standalone,OrderType.Market,_default,,PositionEffect.Close,,1097302700.0,False,,OrderSide.Sell,OrderStatus.Filled,300759.SZ,,TimeInForce.GTC,,,,1693497600000000000,2023-08-31T16:00:00Z
63.5364,83011577.328,1693411200000000000,2023-08-30T16:00:00Z,522608000.0,,57ab0fce-9828-44d0-acca-cc214f8a82c4,OrderRole.Standalone,OrderType.Market,_default,,PositionEffect.Close,,522608000.0,False,,OrderSide.Sell,OrderStatus.Filled,300803.SZ,,TimeInForce.GTC,,,,1693497600000000000,2023-08-31T16:00:00Z
19.4805,88281963.666,1693411200000000000,2023-08-30T16:00:00Z,1812724800.0,,1b6bc764-042b-40ca-944e-4309b3a8dc09,OrderRole.Standalone,OrderType.Market,_default,,PositionEffect.Close,,1812724800.0,False,,OrderSide.Sell,OrderStatus.Filled,601059.SH,,TimeInForce.GTC,,,,1693497600000000000,2023-08-31T16:00:00Z
24.975,102359818.96875,1693411200000000000,2023-08-30T16:00:00Z,1639396500.0,,bed32bdd-f6db-4ce8-8207-a022b2a07974,OrderRole.Standalone,OrderType.Market,_default,,PositionEffect.Close,,1639396500.0,False,,OrderSide.Sell,OrderStatus.Filled,601136.SH,,TimeInForce.GTC,,,,1693497600000000000,2023-08-31T16:00:00Z
10.87911,76852002.15891,1693411200000000000,2023-08-30T16:00:00Z,2825672400.0,,d849c0f8-fda0-42df-83e0-d0a1dbcadf88,OrderRole.Standalone,OrderType.Market,_default,,PositionEffect.Close,,2825672400.0,False,,OrderSide.Sell,OrderStatus.Filled,601456.SH,,TimeInForce.GTC,,,,1693497600000000000,2023-08-31T16:00:00Z
297.36707,112372042.0823,1693411200000000000,2023-08-30T16:00:00Z,151156000.0,,0ffb39ae-0ee3-494b-8744-3a2424a715af,OrderRole.Standalone,OrderType.Market,_default,,PositionEffect.Open,,151156000.0,False,,OrderSide.Buy,OrderStatus.Filled,688169.SH,,TimeInForce.GTC,,,,1693497600000000000,2023-08-31T16:00:00Z
30.44041,112911486.51783,1693411200000000000,2023-08-30T16:00:00Z,1483705200.0,,91c99009-6618-4f44-80d8-2340c2d9b112,OrderRole.Standalone,OrderType.Market,_default,,PositionEffect.Open,,1483705200.0,False,,OrderSide.Buy,OrderStatus.Filled,000786.SZ,,TimeInForce.GTC,,,,1693497600000000000,2023-08-31T16:00:00Z
18.02801,111700103.2121975,1693411200000000000,2023-08-30T16:00:00Z,2478367900.0,,3a769bf6-81b3-46c7-b22a-ecd1b9da4d97,OrderRole.Standalone,OrderType.Market,_default,,PositionEffect.Open,,2478367900.0,False,,OrderSide.Buy,OrderStatus.Filled,000792.SZ,,TimeInForce.GTC,,,,1693497600000000000,2023-08-31T16:00:00Z
26.88686,111017868.176215,1693411200000000000,2023-08-30T16:00:00Z,1651630100.0,,6ea64e51-6355-402a-9d0a-80101a34d9be,OrderRole.Standalone,OrderType.Market,_default,,PositionEffect.Open,,1651630100.0,False,,OrderSide.Buy,OrderStatus.Filled,000895.SZ,,TimeInForce.GTC,,,,1693497600000000000,2023-08-31T16:00:00Z
9.7097,110903537.99525,1693411200000000000,2023-08-30T16:00:00Z,4568773000.0,,2c369451-8130-429c-a85e-6b86e311d54f,OrderRole.Standalone,OrderType.Market,_default,,PositionEffect.Open,,4568773000.0,False,,OrderSide.Buy,OrderStatus.Filled,001965.SZ,,TimeInForce.GTC,,,,1693497600000000000,2023-08-31T16:00:00Z
30.01995,111351889.79685,1695830400000000000,2023-09-27T16:00:00Z,1483705200.0,,482d1f4d-57c2-4eca-a60f-90e8cd467157,OrderRole.Standalone,OrderType.Market,_default,,PositionEffect.Close,,1483705200.0,False,,OrderSide.Sell,OrderStatus.Filled,000786.SZ,,TimeInForce.GTC,,,,1696780800000000000,2023-10-08T16:00:00Z
17.13285,106153763.6887875,1695830400000000000,2023-09-27T16:00:00Z,2478367900.0,,508c51ce-450d-44c9-bc72-ab6ce2c8c002,OrderRole.Standalone,OrderType.Market,_default,,PositionEffect.Close,,2478367900.0,False,,OrderSide.Sell,OrderStatus.Filled,000792.SZ,,TimeInForce.GTC,,,,1696780800000000000,2023-10-08T16:00:00Z
26.33364,108733581.16641,1695830400000000000,2023-09-27T16:00:00Z,1651630100.0,,024ee2d2-ca09-4d1e-a0c8-92382b7b6b2a,OrderRole.Standalone,OrderType.Market,_default,,PositionEffect.Close,,1651630100.0,False,,OrderSide.Sell,OrderStatus.Filled,000895.SZ,,TimeInForce.GTC,,,,1696780800000000000,2023-10-08T16:00:00Z
9.64035,110111426.976375,1695830400000000000,2023-09-27T16:00:00Z,4568773000.0,,f4a03dcf-4fd4-49d7-be1b-9da2c9d3f363,OrderRole.Standalone,OrderType.Market,_default,,PositionEffect.Close,,4568773000.0,False,,OrderSide.Sell,OrderStatus.Filled,001965.SZ,,TimeInForce.GTC,,,,1696780800000000000,2023-10-08T16:00:00Z
294.04566,111116914.4574,1695830400000000000,2023-09-27T16:00:00Z,151156000.0,,9c6364b7-0680-44e8-92cc-b744b42d2d93,OrderRole.Standalone,OrderType.Market,_default,,PositionEffect.Close,,151156000.0,False,,OrderSide.Sell,OrderStatus.Filled,688169.SH,,TimeInForce.GTC,,,,1696780800000000000,2023-10-08T16:00:00Z
22.54252,55033375.30691,1695830400000000000,2023-09-27T16:00:00Z,976525700.0,,0082a5e7-0f88-47bd-b9af-d66e7f4e418b,OrderRole.Standalone,OrderType.Market,_default,,PositionEffect.Open,,976525700.0,False,,OrderSide.Buy,OrderStatus.Filled,002463.SZ,,TimeInForce.GTC,,,,1696780800000000000,2023-10-08T16:00:00Z
149.7496,54247429.0358,1695830400000000000,2023-09-27T16:00:00Z,144901700.0,,20cc544c-f753-4f2b-8acc-0a5030eaa66d,OrderRole.Standalone,OrderType.Market,_default,,PositionEffect.Open,,144901700.0,False,,OrderSide.Buy,OrderStatus.Filled,002821.SZ,,TimeInForce.GTC,,,,1696780800000000000,2023-10-08T16:00:00Z
115.54543,54833152.6017275,1695830400000000000,2023-09-27T16:00:00Z,189823700.0,,9eee50e3-154a-4541-97a0-6fe4346e9777,OrderRole.Standalone,OrderType.Market,_default,,PositionEffect.Open,,189823700.0,False,,OrderSide.Buy,OrderStatus.Filled,300308.SZ,,TimeInForce.GTC,,,,1696780800000000000,2023-10-08T16:00:00Z
91.091,52692773.133,1695830400000000000,2023-09-27T16:00:00Z,231385200.0,,cef04ac5-462e-4228-80bd-b4f11bd719c1,OrderRole.Standalone,OrderType.Market,_default,,PositionEffect.Open,,231385200.0,False,,OrderSide.Buy,OrderStatus.Filled,300394.SZ,,TimeInForce.GTC,,,,1696780800000000000,2023-10-08T16:00:00Z
37.80777,54191124.39741,1695830400000000000,2023-09-27T16:00:00Z,573333200.0,,42d43220-d0c0-4604-b342-9a06b2083465,OrderRole.Standalone,OrderType.Market,_default,,PositionEffect.Open,,573333200.0,False,,OrderSide.Buy,OrderStatus.Filled,300418.SZ,,TimeInForce.GTC,,,,1696780800000000000,2023-10-08T16:00:00Z
30.49046,53876924.856755,1695830400000000000,2023-09-27T16:00:00Z,706803700.0,,ba88661d-8e1c-44ac-82f1-d31d1b9e76de,OrderRole.Standalone,OrderType.Market,_default,,PositionEffect.Open,,706803700.0,False,,OrderSide.Buy,OrderStatus.Filled,300759.SZ,,TimeInForce.GTC,,,,1696780800000000000,2023-10-08T16:00:00Z
93.85376,55008932.29832,1695830400000000000,2023-09-27T16:00:00Z,234445300.0,,07db9047-599d-44f7-a52b-b89d55765197,OrderRole.Standalone,OrderType.Market,_default,,PositionEffect.Open,,234445300.0,False,,OrderSide.Buy,OrderStatus.Filled,300866.SZ,,TimeInForce.GTC,,,,1696780800000000000,2023-10-08T16:00:00Z
61.35129,60507847.8029025,1695830400000000000,2023-09-27T16:00:00Z,394500900.0,,87631e4a-44bd-4905-b3c6-8156dc57a4bd,OrderRole.Standalone,OrderType.Market,_default,,PositionEffect.Open,,394500900.0,False,,OrderSide.Buy,OrderStatus.Filled,601127.SH,,TimeInForce.GTC,,,,1696780800000000000,2023-10-08T16:00:00Z
86.57649,55206797.49585,1695830400000000000,2023-09-27T16:00:00Z,255066000.0,,dae8fdad-2d39-43d0-a27d-e46999e1b1bc,OrderRole.Standalone,OrderType.Market,_default,,PositionEffect.Open,,255066000.0,False,,OrderSide.Buy,OrderStatus.Filled,603259.SH,,TimeInForce.GTC,,,,1696780800000000000,2023-10-08T16:00:00Z
45.19515,53992465.0390125,1695830400000000000,2023-09-27T16:00:00Z,477860700.0,,a0209bc8-b04e-4b1b-a848-9c7ce8d7fe9d,OrderRole.Standalone,OrderType.Market,_default,,PositionEffect.Open,,477860700.0,False,,OrderSide.Buy,OrderStatus.Filled,300502.SZ,,TimeInForce.GTC,,,,1696780800000000000,2023-10-08T16:00:00Z
20.0799,49021346.008575,1698940800000000000,2023-11-02T16:00:00Z,976525700.0,,716cb2a2-049b-42d0-9642-f16346dee224,OrderRole.Standalone,OrderType.Market,_default,,PositionEffect.Close,,976525700.0,False,,OrderSide.Sell,OrderStatus.Filled,002463.SZ,,TimeInForce.GTC,,,,1699200000000000000,2023-11-05T16:00:00Z
151.848,55007583.354,1698940800000000000,2023-11-02T16:00:00Z,144901700.0,,d56ccdf2-afcc-437f-b2f3-96cefc7e8fc4,OrderRole.Standalone,OrderType.Market,_default,,PositionEffect.Close,,144901700.0,False,,OrderSide.Sell,OrderStatus.Filled,002821.SZ,,TimeInForce.GTC,,,,1699200000000000000,2023-11-05T16:00:00Z
90.34956,42876219.43143,1698940800000000000,2023-11-02T16:00:00Z,189823700.0,,51421b56-6ce0-42e6-9942-58127fc5d420,OrderRole.Standalone,OrderType.Market,_default,,PositionEffect.Close,,189823700.0,False,,OrderSide.Sell,OrderStatus.Filled,300308.SZ,,TimeInForce.GTC,,,,1699200000000000000,2023-11-05T16:00:00Z
33.69627,59541620.7804975,1698940800000000000,2023-11-02T16:00:00Z,706803700.0,,9e98f1f8-11a0-47dd-826e-e928994fabae,OrderRole.Standalone,OrderType.Market,_default,,PositionEffect.Close,,706803700.0,False,,OrderSide.Sell,OrderStatus.Filled,300759.SZ,,TimeInForce.GTC,,,,1699200000000000000,2023-11-05T16:00:00Z
90.52938,53060469.132285,1698940800000000000,2023-11-02T16:00:00Z,234445300.0,,fd9c99b1-6015-4e4a-86b4-012f207edf5f,OrderRole.Standalone,OrderType.Market,_default,,PositionEffect.Close,,234445300.0,False,,OrderSide.Sell,OrderStatus.Filled,300866.SZ,,TimeInForce.GTC,,,,1699200000000000000,2023-11-05T16:00:00Z
90.909,22957477.0425,1698940800000000000,2023-11-02T16:00:00Z,101013000.0,,12aabe26-31b5-4d2c-b979-04fdb0c8f43d,OrderRole.Standalone,OrderType.Market,_default,,PositionEffect.Close,,101013000.0,False,,OrderSide.Sell,OrderStatus.Filled,601127.SH,,TimeInForce.GTC,,,,1699200000000000000,2023-11-05T16:00:00Z
88.2117,56249513.6805,1698940800000000000,2023-11-02T16:00:00Z,255066000.0,,eed3ca4d-ac0f-46de-a37a-5c48a44a3bcf,OrderRole.Standalone,OrderType.Market,_default,,PositionEffect.Close,,255066000.0,False,,OrderSide.Sell,OrderStatus.Filled,603259.SH,,TimeInForce.GTC,,,,1699200000000000000,2023-11-05T16:00:00Z
111.0109,66487453.057025,1698940800000000000,2023-11-02T16:00:00Z,239570900.0,,804ef57a-54d0-40a8-bb42-8a500c1d6fe7,OrderRole.Standalone,OrderType.Market,_default,,PositionEffect.Open,,239570900.0,False,,OrderSide.Buy,OrderStatus.Filled,688256.SH,,TimeInForce.GTC,,,,1699200000000000000,2023-11-05T16:00:00Z
146.6465,65924347.489,1698940800000000000,2023-11-02T16:00:00Z,179818400.0,,d4b8f0a8-84ec-4ba5-8b81-b88509db2321,OrderRole.Standalone,OrderType.Market,_default,,PositionEffect.Open,,179818400.0,False,,OrderSide.Buy,OrderStatus.Filled,300782.SZ,,TimeInForce.GTC,,,,1699200000000000000,2023-11-05T16:00:00Z
34.59456,64971558.81216,1698940800000000000,2023-11-02T16:00:00Z,751234400.0,,a709d501-8487-456c-ac85-6e9389215f22,OrderRole.Standalone,OrderType.Market,_default,,PositionEffect.Open,,751234400.0,False,,OrderSide.Buy,OrderStatus.Filled,301236.SZ,,TimeInForce.GTC,,,,1699200000000000000,2023-11-05T16:00:00Z
23.023,68430865.75325,1698940800000000000,2023-11-02T16:00:00Z,1188913100.0,,7cf66257-cd34-48d9-9462-38d25aa18b1d,OrderRole.Standalone,OrderType.Market,_default,,PositionEffect.Open,,1188913100.0,False,,OrderSide.Buy,OrderStatus.Filled,601136.SH,,TimeInForce.GTC,,,,1699200000000000000,2023-11-05T16:00:00Z
32.35232,27370256.83392,1698940800000000000,2023-11-02T16:00:00Z,338402400.0,,d12bc050-249f-4545-ae02-c188c64d43e1,OrderRole.Standalone,OrderType.Market,_default,,PositionEffect.Open,,338402400.0,False,,OrderSide.Buy,OrderStatus.Filled,300502.SZ,,TimeInForce.GTC,,,,1699200000000000000,2023-11-05T16:00:00Z
72.80273,24563659.3026825,1698940800000000000,2023-11-02T16:00:00Z,134960100.0,,4391a3d0-6b65-433a-b0e9-838df41bc7e6,OrderRole.Standalone,OrderType.Market,_default,,PositionEffect.Open,,134960100.0,False,,OrderSide.Buy,OrderStatus.Filled,300394.SZ,,TimeInForce.GTC,,,,1699200000000000000,2023-11-05T16:00:00Z
32.8328,19194810.0344,1698940800000000000,2023-11-02T16:00:00Z,233849200.0,,5ef45a3d-cf4f-443c-93e2-733f104e8248,OrderRole.Standalone,OrderType.Market,_default,,PositionEffect.Open,,233849200.0,False,,OrderSide.Buy,OrderStatus.Filled,300418.SZ,,TimeInForce.GTC,,,,1699200000000000000,2023-11-05T16:00:00Z
72.31761,66233041.3268325,1699200000000000000,2023-11-05T16:00:00Z,366345300.0,,f4a1d9c7-2f63-40b2-84cc-a373411fb973,OrderRole.Standalone,OrderType.Market,_default,,PositionEffect.Close,,366345300.0,False,,OrderSide.Sell,OrderStatus.Filled,300394.SZ,,TimeInForce.GTC,,,,1699286400000000000,2023-11-06T16:00:00Z
34.8651,70356237.7356,1699200000000000000,2023-11-05T16:00:00Z,807182400.0,,f5a46ca0-3016-43b1-805b-200d0e726888,OrderRole.Standalone,OrderType.Market,_default,,PositionEffect.Close,,807182400.0,False,,OrderSide.Sell,OrderStatus.Filled,300418.SZ,,TimeInForce.GTC,,,,1699286400000000000,2023-11-06T16:00:00Z
,0.0,1699200000000000000,2023-11-05T16:00:00Z,0.0,,6d6e7553-3d4c-4914-b008-a78dea1b53c2,OrderRole.Standalone,OrderType.Market,_default,,PositionEffect.Close,,816263140.0,False,"Risk: Insufficient available position for 300502.SZ at execution. Available: 816263139.9999999703418041006, Required: 816263140",OrderSide.Sell,OrderStatus.Rejected,300502.SZ,,TimeInForce.GTC,,,,1699286400000000000,2023-11-06T16:00:00Z
97.902,71832630.9645,1699200000000000000,2023-11-05T16:00:00Z,293487900.0,,5d31d326-90d8-49c1-91af-5430d8aab194,OrderRole.Standalone,OrderType.Market,_default,,PositionEffect.Close,,293487900.0,False,,OrderSide.Sell,OrderStatus.Filled,601127.SH,,TimeInForce.GTC,,,,1699286400000000000,2023-11-06T16:00:00Z
48.97098,99933009.862095,1701360000000000000,2023-11-30T16:00:00Z,816263100.0,,a3ce331a-4f3d-4a27-ab4e-028529aea918,OrderRole.Standalone,OrderType.Market,_default,,PositionEffect.Close,,816263100.0,False,,OrderSide.Sell,OrderStatus.Filled,300502.SZ,,TimeInForce.GTC,,,,1701619200000000000,2023-12-03T16:00:00Z
137.67219,61889982.32574,1701360000000000000,2023-11-30T16:00:00Z,179818400.0,,d9774f04-2e0d-464b-a435-6312fdb781e7,OrderRole.Standalone,OrderType.Market,_default,,PositionEffect.Close,,179818400.0,False,,OrderSide.Sell,OrderStatus.Filled,300782.SZ,,TimeInForce.GTC,,,,1701619200000000000,2023-12-03T16:00:00Z
40.91904,76849476.15744,1701360000000000000,2023-11-30T16:00:00Z,751234400.0,,f2d5c207-1048-4c40-a950-f50d80fb164b,OrderRole.Standalone,OrderType.Market,_default,,PositionEffect.Close,,751234400.0,False,,OrderSide.Sell,OrderStatus.Filled,301236.SZ,,TimeInForce.GTC,,,,1701619200000000000,2023-12-03T16:00:00Z
21.41856,63662016.41784,1701360000000000000,2023-11-30T16:00:00Z,1188913100.0,,5c5403e6-ac85-46bc-8134-7416bd232385,OrderRole.Standalone,OrderType.Market,_default,,PositionEffect.Close,,1188913100.0,False,,OrderSide.Sell,OrderStatus.Filled,601136.SH,,TimeInForce.GTC,,,,1701619200000000000,2023-12-03T16:00:00Z
160.82901,96324876.6795225,1701360000000000000,2023-11-30T16:00:00Z,239570900.0,,7ef41a23-9b24-45e8-b45f-92ddce05edf1,OrderRole.Standalone,OrderType.Market,_default,,PositionEffect.Close,,239570900.0,False,,OrderSide.Sell,OrderStatus.Filled,688256.SH,,TimeInForce.GTC,,,,1701619200000000000,2023-12-03T16:00:00Z
111.111,85023859.4205,1701360000000000000,2023-11-30T16:00:00Z,306086200.0,,efef6238-e21a-42c7-bade-319917526012,OrderRole.Standalone,OrderType.Market,_default,,PositionEffect.Open,,306086200.0,False,,OrderSide.Buy,OrderStatus.Filled,688506.SH,,TimeInForce.GTC,,,,1701619200000000000,2023-12-03T16:00:00Z
19.20919,85229144.6581575,1701360000000000000,2023-11-30T16:00:00Z,1774757700.0,,18920a25-481e-4f96-8e58-68de7a6da4ad,OrderRole.Standalone,OrderType.Market,_default,,PositionEffect.Open,,1774757700.0,False,,OrderSide.Buy,OrderStatus.Filled,000625.SZ,,TimeInForce.GTC,,,,1701619200000000000,2023-12-03T16:00:00Z
100.62052,85627685.19305,1701360000000000000,2023-11-30T16:00:00Z,340398500.0,,b8b12d31-6c1f-442c-a0d0-75f0251a4af0,OrderRole.Standalone,OrderType.Market,_default,,PositionEffect.Open,,340398500.0,False,,OrderSide.Buy,OrderStatus.Filled,300308.SZ,,TimeInForce.GTC,,,,1701619200000000000,2023-12-03T16:00:00Z
77.3773,85873482.2946,1701360000000000000,2023-11-30T16:00:00Z,443920800.0,,a26cd5ea-8ed2-4b6e-b256-04332583ceb5,OrderRole.Standalone,OrderType.Market,_default,,PositionEffect.Open,,443920800.0,False,,OrderSide.Buy,OrderStatus.Filled,300394.SZ,,TimeInForce.GTC,,,,1701619200000000000,2023-12-03T16:00:00Z
40.02999,87752122.863405,1701360000000000000,2023-11-30T16:00:00Z,876863800.0,,be4f5e32-085f-4fe1-a157-5d3e5a972dbd,OrderRole.Standalone,OrderType.Market,_default,,PositionEffect.Open,,876863800.0,False,,OrderSide.Buy,OrderStatus.Filled,300418.SZ,,TimeInForce.GTC,,,,1701619200000000000,2023-12-03T16:00:00Z
78.05798,85845239.22975,1701360000000000000,2023-11-30T16:00:00Z,439905000.0,,475fca5e-80c1-4592-9d1d-37b1b87726a1,OrderRole.Standalone,OrderType.Market,_default,,PositionEffect.Open,,439905000.0,False,,OrderSide.Buy,OrderStatus.Filled,601127.SH,,TimeInForce.GTC,,,,1701619200000000000,2023-12-03T16:00:00Z
282.7825,85184693.34375,1701360000000000000,2023-11-30T16:00:00Z,120495000.0,,59349aa2-50a3-4825-9988-8612fe0f7501,OrderRole.Standalone,OrderType.Market,_default,,PositionEffect.Open,,120495000.0,False,,OrderSide.Buy,OrderStatus.Filled,688169.SH,,TimeInForce.GTC,,,,1701619200000000000,2023-12-03T16:00:00Z
16.72326,74199336.135255,1703779200000000000,2023-12-28T16:00:00Z,1774757700.0,,cb3cb274-e2fe-4c68-b729-b56a3fce6b19,OrderRole.Standalone,OrderType.Market,_default,,PositionEffect.Close,,1774757700.0,False,,OrderSide.Sell,OrderStatus.Filled,000625.SZ,,TimeInForce.GTC,,,,1704124800000000000,2024-01-01T16:00:00Z
112.73715,95938891.8856875,1703779200000000000,2023-12-28T16:00:00Z,340398500.0,,bcd68683-993d-428c-91e0-f4d2c380ccb0,OrderRole.Standalone,OrderType.Market,_default,,PositionEffect.Close,,340398500.0,False,,OrderSide.Sell,OrderStatus.Filled,300308.SZ,,TimeInForce.GTC,,,,1704124800000000000,2024-01-01T16:00:00Z
90.75915,100724686.1883,1703779200000000000,2023-12-28T16:00:00Z,443920800.0,,25424515-d3b5-4252-bdbb-74c9f19e740f,OrderRole.Standalone,OrderType.Market,_default,,PositionEffect.Close,,443920800.0,False,,OrderSide.Sell,OrderStatus.Filled,300394.SZ,,TimeInForce.GTC,,,,1704124800000000000,2024-01-01T16:00:00Z
37.24272,81641982.45384,1703779200000000000,2023-12-28T16:00:00Z,876863800.0,,cde44308-5a1e-4bc2-9e21-29f10e7ec8eb,OrderRole.Standalone,OrderType.Market,_default,,PositionEffect.Close,,876863800.0,False,,OrderSide.Sell,OrderStatus.Filled,300418.SZ,,TimeInForce.GTC,,,,1704124800000000000,2024-01-01T16:00:00Z
77.4225,85146362.15625,1703779200000000000,2023-12-28T16:00:00Z,439905000.0,,74f8232d-1198-47ba-906b-30019db6af07,OrderRole.Standalone,OrderType.Market,_default,,PositionEffect.Close,,439905000.0,False,,OrderSide.Sell,OrderStatus.Filled,601127.SH,,TimeInForce.GTC,,,,1704124800000000000,2024-01-01T16:00:00Z
282.08763,84975372.442125,1703779200000000000,2023-12-28T16:00:00Z,120495000.0,,7bab3990-9e9f-49fb-bbcd-951fc9b05c7d,OrderRole.Standalone,OrderType.Market,_default,,PositionEffect.Close,,120495000.0,False,,OrderSide.Sell,OrderStatus.Filled,688169.SH,,TimeInForce.GTC,,,,1704124800000000000,2024-01-01T16:00:00Z
141.3585,108169715.25675,1703779200000000000,2023-12-28T16:00:00Z,306086200.0,,1565464e-7d6a-42cc-a3f6-d114829a8a31,OrderRole.Standalone,OrderType.Market,_default,,PositionEffect.Close,,306086200.0,False,,OrderSide.Sell,OrderStatus.Filled,688506.SH,,TimeInForce.GTC,,,,1704124800000000000,2024-01-01T16:00:00Z
25.4254,124828200.5971,1703779200000000000,2023-12-28T16:00:00Z,1963834600.0,,60d7a909-8849-48a0-8e5b-f7cbefe321d5,OrderRole.Standalone,OrderType.Market,_default,,PositionEffect.Open,,1963834600.0,False,,OrderSide.Buy,OrderStatus.Filled,000408.SZ,,TimeInForce.GTC,,,,1704124800000000000,2024-01-01T16:00:00Z
179.52935,124484708.7609125,1703779200000000000,2023-12-28T16:00:00Z,277357900.0,,d749df3e-0736-44be-b1af-44a1a6383c52,OrderRole.Standalone,OrderType.Market,_default,,PositionEffect.Open,,277357900.0,False,,OrderSide.Buy,OrderStatus.Filled,000568.SZ,,TimeInForce.GTC,,,,1704124800000000000,2024-01-01T16:00:00Z
55.82577,124488689.7679425,1703779200000000000,2023-12-28T16:00:00Z,891980100.0,,ff2d1e02-2760-405e-9bab-ffdfee8a5448,OrderRole.Standalone,OrderType.Market,_default,,PositionEffect.Open,,891980100.0,False,,OrderSide.Buy,OrderStatus.Filled,002466.SZ,,TimeInForce.GTC,,,,1704124800000000000,2024-01-01T16:00:00Z
290.8906,124533320.2113,1703779200000000000,2023-12-28T16:00:00Z,171244200.0,,78ca537f-8119-460c-aad1-3c2165c7170e,OrderRole.Standalone,OrderType.Market,_default,,PositionEffect.Open,,171244200.0,False,,OrderSide.Buy,OrderStatus.Filled,300760.SZ,,TimeInForce.GTC,,,,1704124800000000000,2024-01-01T16:00:00Z
66.066,123689987.421,1703779200000000000,2023-12-28T16:00:00Z,748887400.0,,e3e247df-e00a-4584-b40c-6756328b4208,OrderRole.Standalone,OrderType.Market,_default,,PositionEffect.Open,,748887400.0,False,,OrderSide.Buy,OrderStatus.Filled,600132.SH,,TimeInForce.GTC,,,,1704124800000000000,2024-01-01T16:00:00Z
25.31466,124284512.98809,1706457600000000000,2024-01-28T16:00:00Z,1963834600.0,,4434161b-2d0d-419d-8db3-0d7f7a029181,OrderRole.Standalone,OrderType.Market,_default,,PositionEffect.Close,,1963834600.0,False,,OrderSide.Sell,OrderStatus.Filled,000408.SZ,,TimeInForce.GTC,,,,1706544000000000000,2024-01-29T16:00:00Z
155.85399,108068338.4325525,1706457600000000000,2024-01-28T16:00:00Z,277357900.0,,4524c151-c363-449e-b2a8-885f6dd3ca00,OrderRole.Standalone,OrderType.Market,_default,,PositionEffect.Close,,277357900.0,False,,OrderSide.Sell,OrderStatus.Filled,000568.SZ,,TimeInForce.GTC,,,,1706544000000000000,2024-01-29T16:00:00Z
50.47947,112566706.7463675,1706457600000000000,2024-01-28T16:00:00Z,891980100.0,,e4ea7417-064c-4150-90ac-af7bbe1abeec,OrderRole.Standalone,OrderType.Market,_default,,PositionEffect.Close,,891980100.0,False,,OrderSide.Sell,OrderStatus.Filled,002466.SZ,,TimeInForce.GTC,,,,1706544000000000000,2024-01-29T16:00:00Z
268.8309,115089331.01445,1706457600000000000,2024-01-28T16:00:00Z,171244200.0,,4439df1f-7cea-4737-bc7d-7028d95e21c7,OrderRole.Standalone,OrderType.Market,_default,,PositionEffect.Close,,171244200.0,False,,OrderSide.Sell,OrderStatus.Filled,300760.SZ,,TimeInForce.GTC,,,,1706544000000000000,2024-01-29T16:00:00Z
59.60034,111584859.15429,1706457600000000000,2024-01-28T16:00:00Z,748887400.0,,9fbcd303-95c5-4d1a-a4be-c04489b56be3,OrderRole.Standalone,OrderType.Market,_default,,PositionEffect.Close,,748887400.0,False,,OrderSide.Sell,OrderStatus.Filled,600132.SH,,TimeInForce.GTC,,,,1706544000000000000,2024-01-29T16:00:00Z
118.2181,119531177.991225,1706457600000000000,2024-01-28T16:00:00Z,404442900.0,,9fa428ba-5e2c-4c02-97c3-8f1a5aa3d6b0,OrderRole.Standalone,OrderType.Market,_default,,PositionEffect.Open,,404442900.0,False,,OrderSide.Buy,OrderStatus.Filled,688506.SH,,TimeInForce.GTC,,,,1706544000000000000,2024-01-29T16:00:00Z
103.103,114771424.2675,1706457600000000000,2024-01-28T16:00:00Z,445269000.0,,e0aeadee-9659-4630-91d5-3b34fd3339b8,OrderRole.Standalone,OrderType.Market,_default,,PositionEffect.Open,,445269000.0,False,,OrderSide.Buy,OrderStatus.Filled,300308.SZ,,TimeInForce.GTC,,,,1706544000000000000,2024-01-29T16:00:00Z
84.34426,115124959.674725,1706457600000000000,2024-01-28T16:00:00Z,545976500.0,,af839be4-2f43-4228-8203-49fce35365ab,OrderRole.Standalone,OrderType.Market,_default,,PositionEffect.Open,,545976500.0,False,,OrderSide.Buy,OrderStatus.Filled,300394.SZ,,TimeInForce.GTC,,,,1706544000000000000,2024-01-29T16:00:00Z
33.48345,113914279.62915,1706457600000000000,2024-01-28T16:00:00Z,1360842800.0,,a1dedf81-8413-4e2d-8bab-bf36210667c6,OrderRole.Standalone,OrderType.Market,_default,,PositionEffect.Open,,1360842800.0,False,,OrderSide.Buy,OrderStatus.Filled,300418.SZ,,TimeInForce.GTC,,,,1706544000000000000,2024-01-29T16:00:00Z
44.23419,114365242.30131,1706457600000000000,2024-01-28T16:00:00Z,1034179600.0,,e6a8f2a4-897f-4dd5-bd40-3207d9021239,OrderRole.Standalone,OrderType.Market,_default,,PositionEffect.Open,,1034179600.0,False,,OrderSide.Buy,OrderStatus.Filled,300502.SZ,,TimeInForce.GTC,,,,1706544000000000000,2024-01-29T16:00:00Z
166.833,108264982.39425,1709568000000000000,2024-03-04T16:00:00Z,259576900.0,,66907f54-8d2d-4d70-8e62-37ffccc682d4,OrderRole.Standalone,OrderType.Market,_default,,PositionEffect.Close,,259576900.0,False,,OrderSide.Sell,OrderStatus.Filled,300308.SZ,,TimeInForce.GTC,,,,1709654400000000000,2024-03-05T16:00:00Z
134.865,105979277.1375,1709568000000000000,2024-03-04T16:00:00Z,314327000.0,,3084f00d-5c24-415e-b994-a34b0c6a7b1b,OrderRole.Standalone,OrderType.Market,_default,,PositionEffect.Close,,314327000.0,False,,OrderSide.Sell,OrderStatus.Filled,300394.SZ,,TimeInForce.GTC,,,,1709654400000000000,2024-03-05T16:00:00Z
42.1578,66452159.7216,1709568000000000000,2024-03-04T16:00:00Z,630508800.0,,d9f4f853-fcaf-4968-b2ad-0fd9b450bd37,OrderRole.Standalone,OrderType.Market,_default,,PositionEffect.Close,,630508800.0,False,,OrderSide.Sell,OrderStatus.Filled,300418.SZ,,TimeInForce.GTC,,,,1709654400000000000,2024-03-05T16:00:00Z
68.81112,99228559.5126,1709568000000000000,2024-03-04T16:00:00Z,576817000.0,,16c38924-a785-4fde-bc78-d9e41094d5be,OrderRole.Standalone,OrderType.Market,_default,,PositionEffect.Close,,576817000.0,False,,OrderSide.Sell,OrderStatus.Filled,300502.SZ,,TimeInForce.GTC,,,,1709654400000000000,2024-03-05T16:00:00Z
115.24464,116524691.02764,1709568000000000000,2024-03-04T16:00:00Z,404442900.0,,b42394ed-51b3-4e33-b47c-6cf07db828c1,OrderRole.Standalone,OrderType.Market,_default,,PositionEffect.Close,,404442900.0,False,,OrderSide.Sell,OrderStatus.Filled,688506.SH,,TimeInForce.GTC,,,,1709654400000000000,2024-03-05T16:00:00Z
41.3413,77187287.02685,1709568000000000000,2024-03-04T16:00:00Z,746829800.0,,d695add8-7adb-4967-8871-d74eddb6093c,OrderRole.Standalone,OrderType.Market,_default,,PositionEffect.Open,,746829800.0,False,,OrderSide.Buy,OrderStatus.Filled,000977.SZ,,TimeInForce.GTC,,,,1709654400000000000,2024-03-05T16:00:00Z
24.3243,77965991.628525,1709568000000000000,2024-03-04T16:00:00Z,1282108700.0,,3c319d01-68ff-431a-af35-8aabdb344ce2,OrderRole.Standalone,OrderType.Market,_default,,PositionEffect.Open,,1282108700.0,False,,OrderSide.Buy,OrderStatus.Filled,300476.SZ,,TimeInForce.GTC,,,,1709654400000000000,2024-03-05T16:00:00Z
39.039,77163345.50925,1709568000000000000,2024-03-04T16:00:00Z,790628300.0,,c393ca6d-7af5-473c-bffd-a9521220cdb8,OrderRole.Standalone,OrderType.Market,_default,,PositionEffect.Open,,790628300.0,False,,OrderSide.Buy,OrderStatus.Filled,301165.SZ,,TimeInForce.GTC,,,,1709654400000000000,2024-03-05T16:00:00Z
47.95791,78656943.159795,1709568000000000000,2024-03-04T16:00:00Z,656049800.0,,20b742b9-6ca4-4d50-9420-a50200f3abdd,OrderRole.Standalone,OrderType.Market,_default,,PositionEffect.Open,,656049800.0,False,,OrderSide.Buy,OrderStatus.Filled,301236.SZ,,TimeInForce.GTC,,,,1709654400000000000,2024-03-05T16:00:00Z
86.8868,76699040.3179,1709568000000000000,2024-03-04T16:00:00Z,353098700.0,,d0b9de40-fc4d-4ced-b9f9-079ddf393695,OrderRole.Standalone,OrderType.Market,_default,,PositionEffect.Open,,353098700.0,False,,OrderSide.Buy,OrderStatus.Filled,301308.SZ,,TimeInForce.GTC,,,,1709654400000000000,2024-03-05T16:00:00Z
174.0739,78113573.7382,1709568000000000000,2024-03-04T16:00:00Z,179495200.0,,d0a8160c-a08c-49e8-a3f6-3b2922ecac62,OrderRole.Standalone,OrderType.Market,_default,,PositionEffect.Open,,179495200.0,False,,OrderSide.Buy,OrderStatus.Filled,688256.SH,,TimeInForce.GTC,,,,1709654400000000000,2024-03-05T16:00:00Z
169.83,78840223.3575,1709654400000000000,2024-03-05T16:00:00Z,185692100.0,,724fc5f3-a077-429b-b42f-7599d34e138b,OrderRole.Standalone,OrderType.Market,_default,,PositionEffect.Close,,185692100.0,False,,OrderSide.Sell,OrderStatus.Filled,300308.SZ,,TimeInForce.GTC,,,,1709740800000000000,2024-03-06T16:00:00Z
135.92394,78716781.847575,1709654400000000000,2024-03-05T16:00:00Z,231649500.0,,8a00669f-ae5f-4969-ae30-9a0d8e03f3e8,OrderRole.Standalone,OrderType.Market,_default,,PositionEffect.Close,,231649500.0,False,,OrderSide.Sell,OrderStatus.Filled,300394.SZ,,TimeInForce.GTC,,,,1709740800000000000,2024-03-06T16:00:00Z
42.16779,76991426.85465,1709654400000000000,2024-03-05T16:00:00Z,730334000.0,,bf9b7664-0c4c-455f-b5f6-e4a7fc31b2da,OrderRole.Standalone,OrderType.Market,_default,,PositionEffect.Close,,730334000.0,False,,OrderSide.Sell,OrderStatus.Filled,300418.SZ,,TimeInForce.GTC,,,,1709740800000000000,2024-03-06T16:00:00Z
,0.0,1709654400000000000,2024-03-05T16:00:00Z,0.0,,07e41d5b-cea3-4f13-82b8-4031537b6b8c,OrderRole.Standalone,OrderType.Market,_default,,PositionEffect.Close,,457362640.0,False,"Risk: Insufficient available position for 300502.SZ at execution. Available: 457362639.9999999703418041006, Required: 457362640",OrderSide.Sell,OrderStatus.Rejected,300502.SZ,,TimeInForce.GTC,,,,1709740800000000000,2024-03-06T16:00:00Z
40.94901,76454852.371245,1711987200000000000,2024-04-01T16:00:00Z,746829800.0,,80ebb973-a8df-4e87-9c00-d4deee9bbb36,OrderRole.Standalone,OrderType.Market,_default,,PositionEffect.Close,,746829800.0,False,,OrderSide.Sell,OrderStatus.Filled,000977.SZ,,TimeInForce.GTC,,,,1712073600000000000,2024-04-02T16:00:00Z
23.976,76849595.478,1711987200000000000,2024-04-01T16:00:00Z,1282108700.0,,4f0b6b6c-0336-4bcf-af76-500d3171982b,OrderRole.Standalone,OrderType.Market,_default,,PositionEffect.Close,,1282108700.0,False,,OrderSide.Sell,OrderStatus.Filled,300476.SZ,,TimeInForce.GTC,,,,1712073600000000000,2024-04-02T16:00:00Z
69.93999,3269729.502495,1711987200000000000,2024-04-01T16:00:00Z,18700200.0,,dc66d12a-df2f-4e3b-a5c5-c57f037bc6f8,OrderRole.Standalone,OrderType.Market,_default,,PositionEffect.Close,,18700200.0,False,,OrderSide.Sell,OrderStatus.Filled,300502.SZ,,TimeInForce.GTC,,,,1712073600000000000,2024-04-02T16:00:00Z
39.2607,77601551.244525,1711987200000000000,2024-04-01T16:00:00Z,790628300.0,,98b58911-606d-48ad-b00e-b8a71308d3c9,OrderRole.Standalone,OrderType.Market,_default,,PositionEffect.Close,,790628300.0,False,,OrderSide.Sell,OrderStatus.Filled,301165.SZ,,TimeInForce.GTC,,,,1712073600000000000,2024-04-02T16:00:00Z
45.4545,74551039.08525,1711987200000000000,2024-04-01T16:00:00Z,656049800.0,,dfce0801-3be2-4ea9-9395-8fb41a2475a7,OrderRole.Standalone,OrderType.Market,_default,,PositionEffect.Close,,656049800.0,False,,OrderSide.Sell,OrderStatus.Filled,301236.SZ,,TimeInForce.GTC,,,,1712073600000000000,2024-04-02T16:00:00Z
92.97693,82075082.7824775,1711987200000000000,2024-04-01T16:00:00Z,353098700.0,,d94b8c82-94c2-466b-9a9c-b6b9147939a3,OrderRole.Standalone,OrderType.Market,_default,,PositionEffect.Close,,353098700.0,False,,OrderSide.Sell,OrderStatus.Filled,301308.SZ,,TimeInForce.GTC,,,,1712073600000000000,2024-04-02T16:00:00Z
168.0318,75402253.8684,1711987200000000000,2024-04-01T16:00:00Z,179495200.0,,5c6ac4c8-7a18-487d-a1fe-c61d6427cb63,OrderRole.Standalone,OrderType.Market,_default,,PositionEffect.Close,,179495200.0,False,,OrderSide.Sell,OrderStatus.Filled,688256.SH,,TimeInForce.GTC,,,,1712073600000000000,2024-04-02T16:00:00Z
66.2662,78265534.39705,1711987200000000000,2024-04-01T16:00:00Z,472431100.0,,c0eed8b3-18b0-4d01-a9c1-ff61e1025a8c,OrderRole.Standalone,OrderType.Market,_default,,PositionEffect.Open,,472431100.0,False,,OrderSide.Buy,OrderStatus.Filled,000333.SZ,,TimeInForce.GTC,,,,1712073600000000000,2024-04-02T16:00:00Z
159.159,76614049.512,1711987200000000000,2024-04-01T16:00:00Z,192547200.0,,72962ccb-79d5-4c4f-86ca-25aa0d9e5099,OrderRole.Standalone,OrderType.Market,_default,,PositionEffect.Open,,192547200.0,False,,OrderSide.Buy,OrderStatus.Filled,300308.SZ,,TimeInForce.GTC,,,,1712073600000000000,2024-04-02T16:00:00Z
158.30815,76899925.25215,1711987200000000000,2024-04-01T16:00:00Z,194304400.0,,3b458b22-cbea-42aa-92ae-cad623022e25,OrderRole.Standalone,OrderType.Market,_default,,PositionEffect.Open,,194304400.0,False,,OrderSide.Buy,OrderStatus.Filled,300394.SZ,,TimeInForce.GTC,,,,1712073600000000000,2024-04-02T16:00:00Z
21.8218,77967000.111,1711987200000000000,2024-04-01T16:00:00Z,1429158000.0,,16e30b82-9bf5-49a8-923b-fd22d70d4bbf,OrderRole.Standalone,OrderType.Market,_default,,PositionEffect.Open,,1429158000.0,False,,OrderSide.Buy,OrderStatus.Filled,600066.SH,,TimeInForce.GTC,,,,1712073600000000000,2024-04-02T16:00:00Z
30.2302,79375980.2836,1711987200000000000,2024-04-01T16:00:00Z,1050287200.0,,d7e5b0a0-b58e-4a30-b6d2-61d54054c944,OrderRole.Standalone,OrderType.Market,_default,,PositionEffect.Open,,1050287200.0,False,,OrderSide.Buy,OrderStatus.Filled,600938.SH,,TimeInForce.GTC,,,,1712073600000000000,2024-04-02T16:00:00Z
87.5875,77221475.58125,1711987200000000000,2024-04-01T16:00:00Z,352659800.0,,eba1dd48-3c34-4baf-9701-496ef4d1481d,OrderRole.Standalone,OrderType.Market,_default,,PositionEffect.Open,,352659800.0,False,,OrderSide.Buy,OrderStatus.Filled,601127.SH,,TimeInForce.GTC,,,,1712073600000000000,2024-04-02T16:00:00Z
20.5205,78058104.37425,1711987200000000000,2024-04-01T16:00:00Z,1521563400.0,,b6da5b7f-87b2-4896-b094-7776acc996e8,OrderRole.Standalone,OrderType.Market,_default,,PositionEffect.Open,,1521563400.0,False,,OrderSide.Buy,OrderStatus.Filled,601699.SH,,TimeInForce.GTC,,,,1712073600000000000,2024-04-02T16:00:00Z
10.08007,79189677.5644975,1711987200000000000,2024-04-01T16:00:00Z,3142425700.0,,5b73fc65-b375-420b-bfbd-ce41b47d7dc5,OrderRole.Standalone,OrderType.Market,_default,,PositionEffect.Open,,3142425700.0,False,,OrderSide.Buy,OrderStatus.Filled,601857.SH,,TimeInForce.GTC,,,,1712073600000000000,2024-04-02T16:00:00Z
166.41625,78348188.043125,1711987200000000000,2024-04-01T16:00:00Z,188318600.0,,50bb7fc8-e491-4db5-8f92-cafa7d9bf7f7,OrderRole.Standalone,OrderType.Market,_default,,PositionEffect.Open,,188318600.0,False,,OrderSide.Buy,OrderStatus.Filled,688036.SH,,TimeInForce.GTC,,,,1712073600000000000,2024-04-02T16:00:00Z
70.4295,83182715.393625,1715011200000000000,2024-05-06T16:00:00Z,472431100.0,,fc5ea1f4-44db-43aa-bd02-1423218b6480,OrderRole.Standalone,OrderType.Market,_default,,PositionEffect.Close,,472431100.0,False,,OrderSide.Sell,OrderStatus.Filled,000333.SZ,,TimeInForce.GTC,,,,1715097600000000000,2024-05-07T16:00:00Z
175.3245,84395603.916,1715011200000000000,2024-05-06T16:00:00Z,192547200.0,,73a02661-fd60-4093-ae21-f99a185072ba,OrderRole.Standalone,OrderType.Market,_default,,PositionEffect.Close,,192547200.0,False,,OrderSide.Sell,OrderStatus.Filled,300308.SZ,,TimeInForce.GTC,,,,1715097600000000000,2024-05-07T16:00:00Z
144.86499,70369762.40739,1715011200000000000,2024-05-06T16:00:00Z,194304400.0,,d23cad01-9810-4dd4-a7f9-4276af9fc057,OrderRole.Standalone,OrderType.Market,_default,,PositionEffect.Close,,194304400.0,False,,OrderSide.Sell,OrderStatus.Filled,300394.SZ,,TimeInForce.GTC,,,,1715097600000000000,2024-05-07T16:00:00Z
83.2167,91260093.3552,1715011200000000000,2024-05-06T16:00:00Z,438662400.0,,417c6902-caec-478d-8ec5-c7582f3ec363,OrderRole.Standalone,OrderType.Market,_default,,PositionEffect.Close,,438662400.0,False,,OrderSide.Sell,OrderStatus.Filled,300502.SZ,,TimeInForce.GTC,,,,1715097600000000000,2024-05-07T16:00:00Z
27.35262,97728039.2349,1715011200000000000,2024-05-06T16:00:00Z,1429158000.0,,0e718be5-8778-424e-ac81-82d3cd00e74c,OrderRole.Standalone,OrderType.Market,_default,,PositionEffect.Close,,1429158000.0,False,,OrderSide.Sell,OrderStatus.Filled,600066.SH,,TimeInForce.GTC,,,,1715097600000000000,2024-05-07T16:00:00Z
29.14083,76515601.86594,1715011200000000000,2024-05-06T16:00:00Z,1050287200.0,,392afacc-cc23-4bff-ba0d-b315fa469b68,OrderRole.Standalone,OrderType.Market,_default,,PositionEffect.Close,,1050287200.0,False,,OrderSide.Sell,OrderStatus.Filled,600938.SH,,TimeInForce.GTC,,,,1715097600000000000,2024-05-07T16:00:00Z
85.6143,75481804.78785,1715011200000000000,2024-05-06T16:00:00Z,352659800.0,,4f2aafe1-c7c5-4abe-9ad0-6ada650142ca,OrderRole.Standalone,OrderType.Market,_default,,PositionEffect.Close,,352659800.0,False,,OrderSide.Sell,OrderStatus.Filled,601127.SH,,TimeInForce.GTC,,,,1715097600000000000,2024-05-07T16:00:00Z
22.01796,83754305.19666,1715011200000000000,2024-05-06T16:00:00Z,1521563400.0,,8d41261c-68c5-4258-8d18-e4ebdbcf4aa7,OrderRole.Standalone,OrderType.Market,_default,,PositionEffect.Close,,1521563400.0,False,,OrderSide.Sell,OrderStatus.Filled,601699.SH,,TimeInForce.GTC,,,,1715097600000000000,2024-05-07T16:00:00Z
10.05993,79031456.43050252,1715011200000000000,2024-05-06T16:00:00Z,3142425700.0,,242be832-6089-4be8-be31-ddfbc4108f09,OrderRole.Standalone,OrderType.Market,_default,,PositionEffect.Close,,3142425700.0,False,,OrderSide.Sell,OrderStatus.Filled,601857.SH,,TimeInForce.GTC,,,,1715097600000000000,2024-05-07T16:00:00Z
140.59045,14264623.3855125,1715011200000000000,2024-05-06T16:00:00Z,40584900.0,,172242d6-89cd-4cbe-ad64-c672be7e8e2b,OrderRole.Standalone,OrderType.Market,_default,,PositionEffect.Open,,40584900.0,False,,OrderSide.Buy,OrderStatus.Filled,688036.SH,,TimeInForce.GTC,,,,1715097600000000000,2024-05-07T16:00:00Z
25.30528,80517813.93656,1715011200000000000,2024-05-06T16:00:00Z,1272743300.0,,0f092011-d684-4ae3-9be2-ce8dd8b553db,OrderRole.Standalone,OrderType.Market,_default,,PositionEffect.Open,,1272743300.0,False,,OrderSide.Buy,OrderStatus.Filled,688303.SH,,TimeInForce.GTC,,,,1715097600000000000,2024-05-07T16:00:00Z
173.173,79776212.0155,1715011200000000000,2024-05-06T16:00:00Z,184269400.0,,e936dd04-5751-4fd2-ac87-c41c5378ca16,OrderRole.Standalone,OrderType.Market,_default,,PositionEffect.Open,,184269400.0,False,,OrderSide.Buy,OrderStatus.Filled,688506.SH,,TimeInForce.GTC,,,,1715097600000000000,2024-05-07T16:00:00Z
7.45745,79705208.82073751,1715011200000000000,2024-05-06T16:00:00Z,4275199100.0,,7c1842e1-7482-445d-9bff-ae296f9f950b,OrderRole.Standalone,OrderType.Market,_default,,PositionEffect.Open,,4275199100.0,False,,OrderSide.Buy,OrderStatus.Filled,000002.SZ,,TimeInForce.GTC,,,,1715097600000000000,2024-05-07T16:00:00Z
14.5145,80676671.075,1715011200000000000,2024-05-06T16:00:00Z,2223340000.0,,b57f6137-ac43-4938-ac4c-0e15d2ecf0c1,OrderRole.Standalone,OrderType.Market,_default,,PositionEffect.Open,,2223340000.0,False,,OrderSide.Buy,OrderStatus.Filled,000625.SZ,,TimeInForce.GTC,,,,1715097600000000000,2024-05-07T16:00:00Z
19.83982,80535384.5296,1715011200000000000,2024-05-06T16:00:00Z,1623712000.0,,f489a248-f605-48dd-adf4-61a208e3bb25,OrderRole.Standalone,OrderType.Market,_default,,PositionEffect.Open,,1623712000.0,False,,OrderSide.Buy,OrderStatus.Filled,002001.SZ,,TimeInForce.GTC,,,,1715097600000000000,2024-05-07T16:00:00Z
14.53452,79903814.3904,1715011200000000000,2024-05-06T16:00:00Z,2199008000.0,,87f2b0bb-b3d4-4b0a-96a2-847c34647bcb,OrderRole.Standalone,OrderType.Market,_default,,PositionEffect.Open,,2199008000.0,False,,OrderSide.Buy,OrderStatus.Filled,002459.SZ,,TimeInForce.GTC,,,,1715097600000000000,2024-05-07T16:00:00Z
40.40036,80255264.63955,1715011200000000000,2024-05-06T16:00:00Z,794599500.0,,89df5e90-c5a1-422d-93a7-52ed378c9856,OrderRole.Standalone,OrderType.Market,_default,,PositionEffect.Open,,794599500.0,False,,OrderSide.Buy,OrderStatus.Filled,002466.SZ,,TimeInForce.GTC,,,,1715097600000000000,2024-05-07T16:00:00Z
36.92689,80475925.3423125,1715011200000000000,2024-05-06T16:00:00Z,871732500.0,,55b0a7ff-21fa-4c35-b8a6-a67fcec28a55,OrderRole.Standalone,OrderType.Market,_default,,PositionEffect.Open,,871732500.0,False,,OrderSide.Buy,OrderStatus.Filled,300122.SZ,,TimeInForce.GTC,,,,1715097600000000000,2024-05-07T16:00:00Z
18.78877,80454114.38064,1715011200000000000,2024-05-06T16:00:00Z,1712812800.0,,0abb5bf8-ffcc-4056-b12b-e83b958500fa,OrderRole.Standalone,OrderType.Market,_default,,PositionEffect.Open,,1712812800.0,False,,OrderSide.Buy,OrderStatus.Filled,601012.SH,,TimeInForce.GTC,,,,1715097600000000000,2024-05-07T16:00:00Z
144.00585,82408607.7136875,1715097600000000000,2024-05-07T16:00:00Z,228903500.0,,6b25a9c1-3895-468d-a5cc-8fae2a915498,OrderRole.Standalone,OrderType.Market,_default,,PositionEffect.Close,,228903500.0,False,,OrderSide.Sell,OrderStatus.Filled,688036.SH,,TimeInForce.GTC,,,,1715184000000000000,2024-05-08T16:00:00Z
8.28171,88514897.8461525,1717430400000000000,2024-06-03T16:00:00Z,4275199100.0,,6898c635-17dc-4a9f-bb6e-449310c41da4,OrderRole.Standalone,OrderType.Market,_default,,PositionEffect.Close,,4275199100.0,False,,OrderSide.Sell,OrderStatus.Filled,000002.SZ,,TimeInForce.GTC,,,,1717516800000000000,2024-06-04T16:00:00Z
13.7862,76628524.77,1717430400000000000,2024-06-03T16:00:00Z,2223340000.0,,bfff1847-8a7f-443e-b04b-f0676c707865,OrderRole.Standalone,OrderType.Market,_default,,PositionEffect.Close,,2223340000.0,False,,OrderSide.Sell,OrderStatus.Filled,000625.SZ,,TimeInForce.GTC,,,,1717516800000000000,2024-06-04T16:00:00Z
19.13085,77657476.788,1717430400000000000,2024-06-03T16:00:00Z,1623712000.0,,1612ee1d-59e0-403e-8a31-bc59258a9390,OrderRole.Standalone,OrderType.Market,_default,,PositionEffect.Close,,1623712000.0,False,,OrderSide.Sell,OrderStatus.Filled,002001.SZ,,TimeInForce.GTC,,,,1717516800000000000,2024-06-04T16:00:00Z
15.03495,82654938.324,1717430400000000000,2024-06-03T16:00:00Z,2199008000.0,,afa19620-b5a8-4d3d-85d5-f96b3171b3fe,OrderRole.Standalone,OrderType.Market,_default,,PositionEffect.Close,,2199008000.0,False,,OrderSide.Sell,OrderStatus.Filled,002459.SZ,,TimeInForce.GTC,,,,1717516800000000000,2024-06-04T16:00:00Z
35.97399,71462286.1675125,1717430400000000000,2024-06-03T16:00:00Z,794599500.0,,ffc13bc4-e6c4-4b8d-aaa3-cf0b6f8d8111,OrderRole.Standalone,OrderType.Market,_default,,PositionEffect.Close,,794599500.0,False,,OrderSide.Sell,OrderStatus.Filled,002466.SZ,,TimeInForce.GTC,,,,1717516800000000000,2024-06-04T16:00:00Z
32.05791,69864805.0726875,1717430400000000000,2024-06-03T16:00:00Z,871732500.0,,ac88a550-fba6-4c3e-8fd2-28ed28b54067,OrderRole.Standalone,OrderType.Market,_default,,PositionEffect.Close,,871732500.0,False,,OrderSide.Sell,OrderStatus.Filled,300122.SZ,,TimeInForce.GTC,,,,1717516800000000000,2024-06-04T16:00:00Z
18.3816,78710599.4112,1717430400000000000,2024-06-03T16:00:00Z,1712812800.0,,d36b4dfa-9ca5-457a-b667-7a0e4a8c4bc4,OrderRole.Standalone,OrderType.Market,_default,,PositionEffect.Close,,1712812800.0,False,,OrderSide.Sell,OrderStatus.Filled,601012.SH,,TimeInForce.GTC,,,,1717516800000000000,2024-06-04T16:00:00Z
26.18379,83313108.2277675,1717430400000000000,2024-06-03T16:00:00Z,1272743300.0,,c5c74cbb-4d61-4a8a-b5ff-b6b592af4c37,OrderRole.Standalone,OrderType.Market,_default,,PositionEffect.Close,,1272743300.0,False,,OrderSide.Sell,OrderStatus.Filled,688303.SH,,TimeInForce.GTC,,,,1717516800000000000,2024-06-04T16:00:00Z
192.30211,25875931.5439625,1717430400000000000,2024-06-03T16:00:00Z,53823500.0,,d194a127-5c49-4dba-986c-0fa82a955d55,OrderRole.Standalone,OrderType.Market,_default,,PositionEffect.Open,,53823500.0,False,,OrderSide.Buy,OrderStatus.Filled,688506.SH,,TimeInForce.GTC,,,,1717516800000000000,2024-06-04T16:00:00Z
172.2721,114396469.712525,1717430400000000000,2024-06-03T16:00:00Z,265618100.0,,3d786177-b432-45d2-9425-7fda615be37f,OrderRole.Standalone,OrderType.Market,_default,,PositionEffect.Open,,265618100.0,False,,OrderSide.Buy,OrderStatus.Filled,300308.SZ,,TimeInForce.GTC,,,,1717516800000000000,2024-06-04T16:00:00Z
25.47545,116737746.750625,1717430400000000000,2024-06-03T16:00:00Z,1832945000.0,,8cf112c1-c98e-4a84-afb0-d88fb1e02e5a,OrderRole.Standalone,OrderType.Market,_default,,PositionEffect.Open,,1832945000.0,False,,OrderSide.Buy,OrderStatus.Filled,600066.SH,,TimeInForce.GTC,,,,1717516800000000000,2024-06-04T16:00:00Z
23.69367,114414659.233875,1717430400000000000,2024-06-03T16:00:00Z,1931565000.0,,7d53e785-1341-4e94-abdf-e3d955ef7e7e,OrderRole.Standalone,OrderType.Market,_default,,PositionEffect.Open,,1931565000.0,False,,OrderSide.Buy,OrderStatus.Filled,601138.SH,,TimeInForce.GTC,,,,1717516800000000000,2024-06-04T16:00:00Z
8.2082,112256742.6981,1717430400000000000,2024-06-03T16:00:00Z,5470468200.0,,7058a4b8-9b9c-425d-befb-658fa42eef79,OrderRole.Standalone,OrderType.Market,_default,,PositionEffect.Open,,5470468200.0,False,,OrderSide.Buy,OrderStatus.Filled,603993.SH,,TimeInForce.GTC,,,,1717516800000000000,2024-06-04T16:00:00Z
17.4174,116875465.4067,1717430400000000000,2024-06-03T16:00:00Z,2684108200.0,,90deef8b-8d6e-4441-80d9-02d7fdca4dcd,OrderRole.Standalone,OrderType.Market,_default,,PositionEffect.Open,,2684108200.0,False,,OrderSide.Buy,OrderStatus.Filled,688183.SH,,TimeInForce.GTC,,,,1717516800000000000,2024-06-04T16:00:00Z
96.11602,114922873.430365,1717430400000000000,2024-06-03T16:00:00Z,478267300.0,,d3fc902f-e84a-4798-9ffe-fb348166e93e,OrderRole.Standalone,OrderType.Market,_default,,PositionEffect.Open,,478267300.0,False,,OrderSide.Buy,OrderStatus.Filled,300502.SZ,,TimeInForce.GTC,,,,1717516800000000000,2024-06-04T16:00:00Z
202.2975,120413996.094375,1717516800000000000,2024-06-04T16:00:00Z,238092900.0,,d2ada8cb-ce1d-4f87-9bf9-0cdcea52c8f1,OrderRole.Standalone,OrderType.Market,_default,,PositionEffect.Close,,238092900.0,False,,OrderSide.Sell,OrderStatus.Filled,688506.SH,,TimeInForce.GTC,,,,1717603200000000000,2024-06-05T16:00:00Z
145.6542,134616233.4156,1719936000000000000,2024-07-02T16:00:00Z,369687200.0,,0131a94c-6fb7-4245-8892-b462bc7a87f9,OrderRole.Standalone,OrderType.Market,_default,,PositionEffect.Close,,369687200.0,False,,OrderSide.Sell,OrderStatus.Filled,300308.SZ,,TimeInForce.GTC,,,,1720022400000000000,2024-07-03T16:00:00Z
112.87701,134963457.0119325,1719936000000000000,2024-07-02T16:00:00Z,478267300.0,,ca7c7a27-27ff-4fc3-9028-989cf4b86673,OrderRole.Standalone,OrderType.Market,_default,,PositionEffect.Close,,478267300.0,False,,OrderSide.Sell,OrderStatus.Filled,300502.SZ,,TimeInForce.GTC,,,,1720022400000000000,2024-07-03T16:00:00Z
24.72525,113300058.403125,1719936000000000000,2024-07-02T16:00:00Z,1832945000.0,,6cbd9f18-4fe7-4348-a171-f89df7ccc0ca,OrderRole.Standalone,OrderType.Market,_default,,PositionEffect.Close,,1832945000.0,False,,OrderSide.Sell,OrderStatus.Filled,600066.SH,,TimeInForce.GTC,,,,1720022400000000000,2024-07-03T16:00:00Z
27.72225,133868319.553125,1719936000000000000,2024-07-02T16:00:00Z,1931565000.0,,f9a525fa-03c4-4c0d-aa44-03cf19dabd2f,OrderRole.Standalone,OrderType.Market,_default,,PositionEffect.Close,,1931565000.0,False,,OrderSide.Sell,OrderStatus.Filled,601138.SH,,TimeInForce.GTC,,,,1720022400000000000,2024-07-03T16:00:00Z
8.84115,120913074.816075,1719936000000000000,2024-07-02T16:00:00Z,5470468200.0,,ade2a48e-fcb4-419b-82cf-8728b959b3a8,OrderRole.Standalone,OrderType.Market,_default,,PositionEffect.Close,,5470468200.0,False,,OrderSide.Sell,OrderStatus.Filled,603993.SH,,TimeInForce.GTC,,,,1720022400000000000,2024-07-03T16:00:00Z
19.79019,36210793.404555,1719936000000000000,2024-07-02T16:00:00Z,731893800.0,,079f6bae-cded-4950-9f23-e45d499ec011,OrderRole.Standalone,OrderType.Market,_default,,PositionEffect.Close,,731893800.0,False,,OrderSide.Sell,OrderStatus.Filled,688183.SH,,TimeInForce.GTC,,,,1720022400000000000,2024-07-03T16:00:00Z
20.76074,96149978.119195,1719936000000000000,2024-07-02T16:00:00Z,1852534700.0,,a9ac22ad-a687-4481-a963-732f57597d9a,OrderRole.Standalone,OrderType.Market,_default,,PositionEffect.Open,,1852534700.0,False,,OrderSide.Buy,OrderStatus.Filled,002384.SZ,,TimeInForce.GTC,,,,1720022400000000000,2024-07-03T16:00:00Z
4.78478,96041777.636805,1719936000000000000,2024-07-02T16:00:00Z,8028939900.0,,a6bbdc51-40a2-4228-aa9a-4e33ebd024f5,OrderRole.Standalone,OrderType.Market,_default,,PositionEffect.Open,,8028939900.0,False,,OrderSide.Buy,OrderStatus.Filled,003816.SZ,,TimeInForce.GTC,,,,1720022400000000000,2024-07-03T16:00:00Z
11.27126,96328251.24923,1719936000000000000,2024-07-02T16:00:00Z,3418544200.0,,562a8e0c-8dd3-46c1-870e-4598cbfbcd91,OrderRole.Standalone,OrderType.Market,_default,,PositionEffect.Open,,3418544200.0,False,,OrderSide.Buy,OrderStatus.Filled,600025.SH,,TimeInForce.GTC,,,,1720022400000000000,2024-07-03T16:00:00Z
19.68967,96047381.795365,1719936000000000000,2024-07-02T16:00:00Z,1951223800.0,,c07985c6-fdc6-4fef-a55d-a8bc49595139,OrderRole.Standalone,OrderType.Market,_default,,PositionEffect.Open,,1951223800.0,False,,OrderSide.Buy,OrderStatus.Filled,600674.SH,,TimeInForce.GTC,,,,1720022400000000000,2024-07-03T16:00:00Z
34.90487,96380897.76315,1719936000000000000,2024-07-02T16:00:00Z,1104498000.0,,cd5781d1-0907-4f2f-8bbf-1b96768962b2,OrderRole.Standalone,OrderType.Market,_default,,PositionEffect.Open,,1104498000.0,False,,OrderSide.Buy,OrderStatus.Filled,600938.SH,,TimeInForce.GTC,,,,1720022400000000000,2024-07-03T16:00:00Z
109.7096,95709996.7824,1719936000000000000,2024-07-02T16:00:00Z,348957600.0,,690f96c6-aeae-46cc-ac65-8360f3357ccd,OrderRole.Standalone,OrderType.Market,_default,,PositionEffect.Open,,348957600.0,False,,OrderSide.Buy,OrderStatus.Filled,600941.SH,,TimeInForce.GTC,,,,1720022400000000000,2024-07-03T16:00:00Z
9.6096,96242700.1536,1719936000000000000,2024-07-02T16:00:00Z,4006106400.0,,62e88a6d-ad24-4046-a36c-d780cc2febeb,OrderRole.Standalone,OrderType.Market,_default,,PositionEffect.Open,,4006106400.0,False,,OrderSide.Buy,OrderStatus.Filled,601298.SH,,TimeInForce.GTC,,,,1720022400000000000,2024-07-03T16:00:00Z
5.52552,96242702.01546,1719936000000000000,2024-07-02T16:00:00Z,6967141700.0,,6e7a8a75-7b06-4601-bf40-d4dd74cf5352,OrderRole.Standalone,OrderType.Market,_default,,PositionEffect.Open,,6967141700.0,False,,OrderSide.Buy,OrderStatus.Filled,601816.SH,,TimeInForce.GTC,,,,1720022400000000000,2024-07-03T16:00:00Z
19.56042,95465333.98512,1720022400000000000,2024-07-03T16:00:00Z,1952214400.0,,c17983ce-82e5-4b0a-8de8-6ee7a29adcc4,OrderRole.Standalone,OrderType.Market,_default,,PositionEffect.Close,,1952214400.0,False,,OrderSide.Sell,OrderStatus.Filled,688183.SH,,TimeInForce.GTC,,,,1720108800000000000,2024-07-04T16:00:00Z
25.36461,117472050.4424175,1722355200000000000,2024-07-30T16:00:00Z,1852534700.0,,db83942f-bbb3-489f-bcd4-005401dff5ef,OrderRole.Standalone,OrderType.Market,_default,,PositionEffect.Close,,1852534700.0,False,,OrderSide.Sell,OrderStatus.Filled,002384.SZ,,TimeInForce.GTC,,,,1722441600000000000,2024-07-31T16:00:00Z
11.3886,97331081.1903,1722355200000000000,2024-07-30T16:00:00Z,3418544200.0,,28069752-01c5-4286-abea-88d382b2e3d5,OrderRole.Standalone,OrderType.Market,_default,,PositionEffect.Close,,3418544200.0,False,,OrderSide.Sell,OrderStatus.Filled,600025.SH,,TimeInForce.GTC,,,,1722441600000000000,2024-07-31T16:00:00Z
18.66132,91031029.30854,1722355200000000000,2024-07-30T16:00:00Z,1951223800.0,,cb7810fc-f03b-491d-b97b-614c93bcf606,OrderRole.Standalone,OrderType.Market,_default,,PositionEffect.Close,,1951223800.0,False,,OrderSide.Sell,OrderStatus.Filled,600674.SH,,TimeInForce.GTC,,,,1722441600000000000,2024-07-31T16:00:00Z
29.2707,80823574.0215,1722355200000000000,2024-07-30T16:00:00Z,1104498000.0,,d1f9c67f-c71f-460c-b4c1-79d2cdc371a3,OrderRole.Standalone,OrderType.Market,_default,,PositionEffect.Close,,1104498000.0,False,,OrderSide.Sell,OrderStatus.Filled,600938.SH,,TimeInForce.GTC,,,,1722441600000000000,2024-07-31T16:00:00Z
104.57532,91230881.71608,1722355200000000000,2024-07-30T16:00:00Z,348957600.0,,515fa0e7-9124-4e81-a7e0-b46f4be1a573,OrderRole.Standalone,OrderType.Market,_default,,PositionEffect.Close,,348957600.0,False,,OrderSide.Sell,OrderStatus.Filled,600941.SH,,TimeInForce.GTC,,,,1722441600000000000,2024-07-31T16:00:00Z
9.08091,90947729.17206,1722355200000000000,2024-07-30T16:00:00Z,4006106400.0,,b7c90dc3-7dd2-46fb-beba-647397341b63,OrderRole.Standalone,OrderType.Market,_default,,PositionEffect.Close,,4006106400.0,False,,OrderSide.Sell,OrderStatus.Filled,601298.SH,,TimeInForce.GTC,,,,1722441600000000000,2024-07-31T16:00:00Z
5.70429,99356491.8197325,1722355200000000000,2024-07-30T16:00:00Z,6967141700.0,,19c7a386-0ac9-4167-890e-822cd5ba819f,OrderRole.Standalone,OrderType.Market,_default,,PositionEffect.Close,,6967141700.0,False,,OrderSide.Sell,OrderStatus.Filled,601816.SH,,TimeInForce.GTC,,,,1722441600000000000,2024-07-31T16:00:00Z
46.4464,173311966.4276,1722355200000000000,2024-07-30T16:00:00Z,1492576100.0,,7482211c-5705-4bb3-b5f6-5100436ed85e,OrderRole.Standalone,OrderType.Market,_default,,PositionEffect.Open,,1492576100.0,False,,OrderSide.Buy,OrderStatus.Filled,300124.SZ,,TimeInForce.GTC,,,,1722441600000000000,2024-07-31T16:00:00Z
7.85785,172053992.5729625,1722355200000000000,2024-07-30T16:00:00Z,8758324100.0,,1bdb845c-8af1-417c-985d-ac9d103a0bd9,OrderRole.Standalone,OrderType.Market,_default,,PositionEffect.Open,,8758324100.0,False,,OrderSide.Buy,OrderStatus.Filled,600011.SH,,TimeInForce.GTC,,,,1722441600000000000,2024-07-31T16:00:00Z
6.3063,174245763.366675,1722355200000000000,2024-07-30T16:00:00Z,11052170900.0,,5463a81a-ddd3-4017-b2e7-60db431a4e31,OrderRole.Standalone,OrderType.Market,_default,,PositionEffect.Open,,11052170900.0,False,,OrderSide.Buy,OrderStatus.Filled,600039.SH,,TimeInForce.GTC,,,,1722441600000000000,2024-07-31T16:00:00Z
3.99399,174245762.7885975,1722355200000000000,2024-07-30T16:00:00Z,17450796100.0,,15fb373e-26ef-4986-81ed-1f05eb0acb7d,OrderRole.Standalone,OrderType.Market,_default,,PositionEffect.Open,,17450796100.0,False,,OrderSide.Buy,OrderStatus.Filled,600115.SH,,TimeInForce.GTC,,,,1722441600000000000,2024-07-31T16:00:00Z
4.64464,79527644.03584,1722355200000000000,2024-07-30T16:00:00Z,6848982400.0,,588ab49e-b044-418f-a0d3-138bc52ec6d4,OrderRole.Standalone,OrderType.Market,_default,,PositionEffect.Open,,6848982400.0,False,,OrderSide.Buy,OrderStatus.Filled,003816.SZ,,TimeInForce.GTC,,,,1722441600000000000,2024-07-31T16:00:00Z
4.71528,175383923.65686,1722441600000000000,2024-07-31T16:00:00Z,14877922300.0,,3bc7501f-08ac-4ceb-b71e-5fd1df8c4421,OrderRole.Standalone,OrderType.Market,_default,,PositionEffect.Close,,14877922300.0,False,,OrderSide.Sell,OrderStatus.Filled,003816.SZ,,TimeInForce.GTC,,,,1722528000000000000,2024-08-01T16:00:00Z
42.76719,159583214.1453975,1724774400000000000,2024-08-27T16:00:00Z,1492576100.0,,ad5231d8-d8f2-4b7d-aeff-a18d66cfadb6,OrderRole.Standalone,OrderType.Market,_default,,PositionEffect.Close,,1492576100.0,False,,OrderSide.Sell,OrderStatus.Filled,300124.SZ,,TimeInForce.GTC,,,,1724860800000000000,2024-08-28T16:00:00Z
7.03296,153992357.65584,1724774400000000000,2024-08-27T16:00:00Z,8758324100.0,,360fdd5b-e6f3-4801-8391-f61562a3d1f6,OrderRole.Standalone,OrderType.Market,_default,,PositionEffect.Close,,8758324100.0,False,,OrderSide.Sell,OrderStatus.Filled,600011.SH,,TimeInForce.GTC,,,,1724860800000000000,2024-08-28T16:00:00Z
5.71428,157887997.82613,1724774400000000000,2024-08-27T16:00:00Z,11052170900.0,,5115efea-7761-4cef-b1d7-e16c5686ad9f,OrderRole.Standalone,OrderType.Market,_default,,PositionEffect.Close,,11052170900.0,False,,OrderSide.Sell,OrderStatus.Filled,600039.SH,,TimeInForce.GTC,,,,1724860800000000000,2024-08-28T16:00:00Z
3.72627,162565944.9588675,1724774400000000000,2024-08-27T16:00:00Z,17450796100.0,,feac8b6e-d9ac-45c7-83b2-57b4bec234e1,OrderRole.Standalone,OrderType.Market,_default,,PositionEffect.Close,,17450796100.0,False,,OrderSide.Sell,OrderStatus.Filled,600115.SH,,TimeInForce.GTC,,,,1724860800000000000,2024-08-28T16:00:00Z
43.52348,102050047.5995,1724774400000000000,2024-08-27T16:00:00Z,937885000.0,,fed576c7-4706-4e4b-ad87-6d94d89b1297,OrderRole.Standalone,OrderType.Market,_default,,PositionEffect.Open,,937885000.0,False,,OrderSide.Buy,OrderStatus.Filled,600276.SH,,TimeInForce.GTC,,,,1724860800000000000,2024-08-28T16:00:00Z
69.68962,102302707.031525,1724774400000000000,2024-08-27T16:00:00Z,587190500.0,,b35fa1a7-ce1b-433d-b8c2-285905347a47,OrderRole.Standalone,OrderType.Market,_default,,PositionEffect.Open,,587190500.0,False,,OrderSide.Buy,OrderStatus.Filled,600309.SH,,TimeInForce.GTC,,,,1724860800000000000,2024-08-28T16:00:00Z
1381.38,101435424.09,1724774400000000000,2024-08-27T16:00:00Z,29372200.0,,20b726c5-94e3-463b-98d6-4195c562cffe,OrderRole.Standalone,OrderType.Market,_default,,PositionEffect.Open,,29372200.0,False,,OrderSide.Buy,OrderStatus.Filled,600519.SH,,TimeInForce.GTC,,,,1724860800000000000,2024-08-28T16:00:00Z
47.38734,101924754.336405,1724774400000000000,2024-08-27T16:00:00Z,860354300.0,,87623d5c-e7d6-490a-a7c3-3e2a5390402d,OrderRole.Standalone,OrderType.Market,_default,,PositionEffect.Open,,860354300.0,False,,OrderSide.Buy,OrderStatus.Filled,600660.SH,,TimeInForce.GTC,,,,1724860800000000000,2024-08-28T16:00:00Z
22.08206,101225156.7327,1724774400000000000,2024-08-27T16:00:00Z,1833618000.0,,cfb9a69e-157a-4662-bdb5-119a938c919c,OrderRole.Standalone,OrderType.Market,_default,,PositionEffect.Open,,1833618000.0,False,,OrderSide.Buy,OrderStatus.Filled,600887.SH,,TimeInForce.GTC,,,,1724860800000000000,2024-08-28T16:00:00Z
112.82271,101889061.1739,1724774400000000000,2024-08-27T16:00:00Z,361236000.0,,e684e91f-dae9-41c3-ba78-25500acf39b3,OrderRole.Standalone,OrderType.Market,_default,,PositionEffect.Open,,361236000.0,False,,OrderSide.Buy,OrderStatus.Filled,000568.SZ,,TimeInForce.GTC,,,,1724860800000000000,2024-08-28T16:00:00Z
38.82879,102070676.93823,1724774400000000000,2024-08-27T16:00:00Z,1051494800.0,,55a08f00-da7d-4785-b1da-05ca9b704e5b,OrderRole.Standalone,OrderType.Market,_default,,PositionEffect.Open,,1051494800.0,False,,OrderSide.Buy,OrderStatus.Filled,000651.SZ,,TimeInForce.GTC,,,,1724860800000000000,2024-08-28T16:00:00Z
115.6155,103440378.5415,1724774400000000000,2024-08-27T16:00:00Z,357877200.0,,582da298-13f2-4b08-acc8-210fae323f47,OrderRole.Standalone,OrderType.Market,_default,,PositionEffect.Open,,357877200.0,False,,OrderSide.Buy,OrderStatus.Filled,000858.SZ,,TimeInForce.GTC,,,,1724860800000000000,2024-08-28T16:00:00Z
149.5503,135057380.427,1727366400000000000,2024-09-26T16:00:00Z,361236000.0,,29f946db-8b0d-4f9f-bf49-3e87cf8b6a95,OrderRole.Standalone,OrderType.Market,_default,,PositionEffect.Close,,361236000.0,False,,OrderSide.Sell,OrderStatus.Filled,000568.SZ,,TimeInForce.GTC,,,,1727625600000000000,2024-09-29T16:00:00Z
45.46449,119514187.04913,1727366400000000000,2024-09-26T16:00:00Z,1051494800.0,,33f29e80-5c78-49f4-ba43-cd114985cdef,OrderRole.Standalone,OrderType.Market,_default,,PositionEffect.Close,,1051494800.0,False,,OrderSide.Sell,OrderStatus.Filled,000651.SZ,,TimeInForce.GTC,,,,1727625600000000000,2024-09-29T16:00:00Z
155.86398,139450411.85814,1727366400000000000,2024-09-26T16:00:00Z,357877200.0,,3e7ce11f-492a-4583-bf06-42606ed2b586,OrderRole.Standalone,OrderType.Market,_default,,PositionEffect.Close,,357877200.0,False,,OrderSide.Sell,OrderStatus.Filled,000858.SZ,,TimeInForce.GTC,,,,1727625600000000000,2024-09-29T16:00:00Z
50.1498,117586862.9325,1727366400000000000,2024-09-26T16:00:00Z,937885000.0,,6d09f438-c2b1-4014-9551-bd7b184138f8,OrderRole.Standalone,OrderType.Market,_default,,PositionEffect.Close,,937885000.0,False,,OrderSide.Sell,OrderStatus.Filled,600276.SH,,TimeInForce.GTC,,,,1727625600000000000,2024-09-29T16:00:00Z
89.4105,131252490.500625,1727366400000000000,2024-09-26T16:00:00Z,587190500.0,,3a5754d0-151b-4788-aafd-95a23fbd31ef,OrderRole.Standalone,OrderType.Market,_default,,PositionEffect.Close,,587190500.0,False,,OrderSide.Sell,OrderStatus.Filled,600309.SH,,TimeInForce.GTC,,,,1727625600000000000,2024-09-29T16:00:00Z
1690.308,124120161.594,1727366400000000000,2024-09-26T16:00:00Z,29372200.0,,e17fedce-eb0b-4fa6-b171-1a9e80266cc2,OrderRole.Standalone,OrderType.Market,_default,,PositionEffect.Close,,29372200.0,False,,OrderSide.Sell,OrderStatus.Filled,600519.SH,,TimeInForce.GTC,,,,1727625600000000000,2024-09-29T16:00:00Z
54.7452,117750670.5609,1727366400000000000,2024-09-26T16:00:00Z,860354300.0,,d9f8b656-0e12-4ec5-a63d-f803a2c37325,OrderRole.Standalone,OrderType.Market,_default,,PositionEffect.Close,,860354300.0,False,,OrderSide.Sell,OrderStatus.Filled,600660.SH,,TimeInForce.GTC,,,,1727625600000000000,2024-09-29T16:00:00Z
28.82115,132117448.55175,1727366400000000000,2024-09-26T16:00:00Z,1833618000.0,,35331eaa-b0d1-4d1b-a5c2-a75c7f05da99,OrderRole.Standalone,OrderType.Market,_default,,PositionEffect.Close,,1833618000.0,False,,OrderSide.Sell,OrderStatus.Filled,600887.SH,,TimeInForce.GTC,,,,1727625600000000000,2024-09-29T16:00:00Z
256.256,145150445.44,1727366400000000000,2024-09-26T16:00:00Z,226571000.0,,b57cb1ab-a886-48dd-8166-95d907ab7578,OrderRole.Standalone,OrderType.Market,_default,,PositionEffect.Open,,226571000.0,False,,OrderSide.Buy,OrderStatus.Filled,688256.SH,,TimeInForce.GTC,,,,1727625600000000000,2024-09-29T16:00:00Z
188.17799,159443775.46097,1727366400000000000,2024-09-26T16:00:00Z,338921200.0,,97fc24a6-e5fd-415f-97ce-e20bc3464c16,OrderRole.Standalone,OrderType.Market,_default,,PositionEffect.Open,,338921200.0,False,,OrderSide.Buy,OrderStatus.Filled,300033.SZ,,TimeInForce.GTC,,,,1727625600000000000,2024-09-29T16:00:00Z
35.035,140647044.0375,1727366400000000000,2024-09-26T16:00:00Z,1605789000.0,,1f6b4e4e-e7b6-498b-a280-aee9020d4dc3,OrderRole.Standalone,OrderType.Market,_default,,PositionEffect.Open,,1605789000.0,False,,OrderSide.Buy,OrderStatus.Filled,300476.SZ,,TimeInForce.GTC,,,,1727625600000000000,2024-09-29T16:00:00Z
47.6476,148516080.2125,1727366400000000000,2024-09-26T16:00:00Z,1246787500.0,,957e2f39-063e-4d13-8296-b0286f2597e1,OrderRole.Standalone,OrderType.Market,_default,,PositionEffect.Open,,1246787500.0,False,,OrderSide.Buy,OrderStatus.Filled,300496.SZ,,TimeInForce.GTC,,,,1727625600000000000,2024-09-29T16:00:00Z
76.6766,163937139.4661,1727366400000000000,2024-09-26T16:00:00Z,855213400.0,,2ca4b02b-39b3-4e7f-bbf9-5a7b244bdeeb,OrderRole.Standalone,OrderType.Market,_default,,PositionEffect.Open,,855213400.0,False,,OrderSide.Buy,OrderStatus.Filled,300803.SZ,,TimeInForce.GTC,,,,1727625600000000000,2024-09-29T16:00:00Z
230.23,160059925.025,1727366400000000000,2024-09-26T16:00:00Z,278087000.0,,359b507e-e0a8-49be-8d90-e857cd8570dc,OrderRole.Standalone,OrderType.Market,_default,,PositionEffect.Open,,278087000.0,False,,OrderSide.Buy,OrderStatus.Filled,300896.SZ,,TimeInForce.GTC,,,,1727625600000000000,2024-09-29T16:00:00Z
13.53352,150302528.7764,1727366400000000000,2024-09-26T16:00:00Z,4442378000.0,,a5a9caa5-25cc-4056-962f-691eb7b33012,OrderRole.Standalone,OrderType.Market,_default,,PositionEffect.Open,,4442378000.0,False,,OrderSide.Buy,OrderStatus.Filled,002410.SZ,,TimeInForce.GTC,,,,1727625600000000000,2024-09-29T16:00:00Z
13.05693,145009546.44885,1730390400000000000,2024-10-31T16:00:00Z,4442378000.0,,9fcbd5d2-7d3d-450c-b37e-cfe62a33b69e,OrderRole.Standalone,OrderType.Market,_default,,PositionEffect.Close,,4442378000.0,False,,OrderSide.Sell,OrderStatus.Filled,002410.SZ,,TimeInForce.GTC,,,,1730649600000000000,2024-11-03T16:00:00Z
202.797,28318522.38075,1730390400000000000,2024-10-31T16:00:00Z,55855900.0,,7d4abdc2-91b8-45b0-abcd-b9d014a35c35,OrderRole.Standalone,OrderType.Market,_default,,PositionEffect.Close,,55855900.0,False,,OrderSide.Sell,OrderStatus.Filled,300033.SZ,,TimeInForce.GTC,,,,1730649600000000000,2024-11-03T16:00:00Z
42.30765,169842897.464625,1730390400000000000,2024-10-31T16:00:00Z,1605789000.0,,86c46f43-df85-4987-9e4d-999913f7fa16,OrderRole.Standalone,OrderType.Market,_default,,PositionEffect.Close,,1605789000.0,False,,OrderSide.Sell,OrderStatus.Filled,300476.SZ,,TimeInForce.GTC,,,,1730649600000000000,2024-11-03T16:00:00Z
53.73621,167494087.3134375,1730390400000000000,2024-10-31T16:00:00Z,1246787500.0,,0f070f8a-e9d6-4403-be5a-acc5aae5568d,OrderRole.Standalone,OrderType.Market,_default,,PositionEffect.Close,,1246787500.0,False,,OrderSide.Sell,OrderStatus.Filled,300496.SZ,,TimeInForce.GTC,,,,1730649600000000000,2024-11-03T16:00:00Z
93.906,60064813.062,1730390400000000000,2024-10-31T16:00:00Z,255850800.0,,210949ea-86b9-42ed-984e-d748a4f86666,OrderRole.Standalone,OrderType.Market,_default,,PositionEffect.Close,,255850800.0,False,,OrderSide.Sell,OrderStatus.Filled,300803.SZ,,TimeInForce.GTC,,,,1730649600000000000,2024-11-03T16:00:00Z
209.1906,3724220.2518,1730390400000000000,2024-10-31T16:00:00Z,7121200.0,,3dd22276-eb58-486d-9b7f-3df2c81c7238,OrderRole.Standalone,OrderType.Market,_default,,PositionEffect.Close,,7121200.0,False,,OrderSide.Sell,OrderStatus.Filled,300896.SZ,,TimeInForce.GTC,,,,1730649600000000000,2024-11-03T16:00:00Z
408.47112,89304245.20116,1730390400000000000,2024-10-31T16:00:00Z,87452200.0,,9feec73d-6897-4a2e-ab79-7d358d37054e,OrderRole.Standalone,OrderType.Market,_default,,PositionEffect.Close,,87452200.0,False,,OrderSide.Sell,OrderStatus.Filled,688256.SH,,TimeInForce.GTC,,,,1730649600000000000,2024-11-03T16:00:00Z
84.71463,142787207.7606975,1730390400000000000,2024-10-31T16:00:00Z,674203300.0,,8590e3a7-fc93-415b-867e-4391543254c2,OrderRole.Standalone,OrderType.Market,_default,,PositionEffect.Open,,674203300.0,False,,OrderSide.Buy,OrderStatus.Filled,688981.SH,,TimeInForce.GTC,,,,1730649600000000000,2024-11-03T16:00:00Z
60.34028,142570565.41728,1730390400000000000,2024-10-31T16:00:00Z,945110400.0,,8c860693-1d92-45ca-8a0e-e8b74d16ed59,OrderRole.Standalone,OrderType.Market,_default,,PositionEffect.Open,,945110400.0,False,,OrderSide.Buy,OrderStatus.Filled,301236.SZ,,TimeInForce.GTC,,,,1730649600000000000,2024-11-03T16:00:00Z
79.86979,140953366.759205,1730390400000000000,2024-10-31T16:00:00Z,705915800.0,,0bdbaab9-1a7e-409a-8d04-553845dbc187,OrderRole.Standalone,OrderType.Market,_default,,PositionEffect.Open,,705915800.0,False,,OrderSide.Buy,OrderStatus.Filled,302132.SZ,,TimeInForce.GTC,,,,1730649600000000000,2024-11-03T16:00:00Z
23.023,143090903.4555,1730390400000000000,2024-10-31T16:00:00Z,2486051400.0,,8d11399a-229d-4e6f-9452-a8aa8c164250,OrderRole.Standalone,OrderType.Market,_default,,PositionEffect.Open,,2486051400.0,False,,OrderSide.Buy,OrderStatus.Filled,300059.SZ,,TimeInForce.GTC,,,,1730649600000000000,2024-11-03T16:00:00Z
222.52725,157474356.9485625,1730649600000000000,2024-11-03T16:00:00Z,283065300.0,,ea4fa3d9-6905-4bbc-bd84-73fb25f4bd3a,OrderRole.Standalone,OrderType.Market,_default,,PositionEffect.Close,,283065300.0,False,,OrderSide.Sell,OrderStatus.Filled,300033.SZ,,TimeInForce.GTC,,,,1730736000000000000,2024-11-04T16:00:00Z
100.68921,150873366.743865,1730649600000000000,2024-11-03T16:00:00Z,599362600.0,,42c7cb7a-ce56-4053-8692-a08d6de83b9a,OrderRole.Standalone,OrderType.Market,_default,,PositionEffect.Close,,599362600.0,False,,OrderSide.Sell,OrderStatus.Filled,300803.SZ,,TimeInForce.GTC,,,,1730736000000000000,2024-11-04T16:00:00Z
212.50728,143955512.82756,1730649600000000000,2024-11-03T16:00:00Z,270965800.0,,1813447e-0868-4611-8e2e-23a47c72cd91,OrderRole.Standalone,OrderType.Market,_default,,PositionEffect.Close,,270965800.0,False,,OrderSide.Sell,OrderStatus.Filled,300896.SZ,,TimeInForce.GTC,,,,1730736000000000000,2024-11-04T16:00:00Z
406.53306,141390978.66882,1730649600000000000,2024-11-03T16:00:00Z,139118800.0,,e9f5f3f3-4afc-441c-99ed-9ab66a9f7ec3,OrderRole.Standalone,OrderType.Market,_default,,PositionEffect.Close,,139118800.0,False,,OrderSide.Sell,OrderStatus.Filled,688256.SH,,TimeInForce.GTC,,,,1730736000000000000,2024-11-04T16:00:00Z
26.7732,166398878.3562,1732809600000000000,2024-11-28T16:00:00Z,2486051400.0,,fee087bc-cbf8-4554-bf39-451b7feedee7,OrderRole.Standalone,OrderType.Market,_default,,PositionEffect.Close,,2486051400.0,False,,OrderSide.Sell,OrderStatus.Filled,300059.SZ,,TimeInForce.GTC,,,,1733068800000000000,2024-12-01T16:00:00Z
62.88705,148588012.4508,1732809600000000000,2024-11-28T16:00:00Z,945110400.0,,1dd34df0-5487-49fd-adba-a3d2672e4e94,OrderRole.Standalone,OrderType.Market,_default,,PositionEffect.Close,,945110400.0,False,,OrderSide.Sell,OrderStatus.Filled,301236.SZ,,TimeInForce.GTC,,,,1733068800000000000,2024-12-01T16:00:00Z
68.07186,120132503.77347,1732809600000000000,2024-11-28T16:00:00Z,705915800.0,,b534e22c-22b8-44eb-bfab-e44129d26121,OrderRole.Standalone,OrderType.Market,_default,,PositionEffect.Close,,705915800.0,False,,OrderSide.Sell,OrderStatus.Filled,302132.SZ,,TimeInForce.GTC,,,,1733068800000000000,2024-12-01T16:00:00Z
89.8101,151375664.483325,1732809600000000000,2024-11-28T16:00:00Z,674203300.0,,51ff85ce-8ba8-4ba1-928e-7c1436d942fb,OrderRole.Standalone,OrderType.Market,_default,,PositionEffect.Close,,674203300.0,False,,OrderSide.Sell,OrderStatus.Filled,688981.SH,,TimeInForce.GTC,,,,1733068800000000000,2024-12-01T16:00:00Z
40.33029,131472752.70129,1732809600000000000,2024-11-28T16:00:00Z,1303960400.0,,ef1b13aa-8ba3-48bd-a805-c8247a1d6cd7,OrderRole.Standalone,OrderType.Market,_default,,PositionEffect.Open,,1303960400.0,False,,OrderSide.Buy,OrderStatus.Filled,002625.SZ,,TimeInForce.GTC,,,,1733068800000000000,2024-12-01T16:00:00Z
104.92482,132903233.10264,1732809600000000000,2024-11-28T16:00:00Z,506660800.0,,79a375ec-4984-4d39-b022-bf6bac296922,OrderRole.Standalone,OrderType.Market,_default,,PositionEffect.Open,,506660800.0,False,,OrderSide.Buy,OrderStatus.Filled,300394.SZ,,TimeInForce.GTC,,,,1733068800000000000,2024-12-01T16:00:00Z
22.34232,133462032.84414,1732809600000000000,2024-11-28T16:00:00Z,2389403300.0,,9d4752ef-1a79-45aa-bcef-b68d684c166b,OrderRole.Standalone,OrderType.Market,_default,,PositionEffect.Open,,2389403300.0,False,,OrderSide.Buy,OrderStatus.Filled,600066.SH,,TimeInForce.GTC,,,,1733068800000000000,2024-12-01T16:00:00Z
8.42842,129718177.463875,1732809600000000000,2024-11-28T16:00:00Z,6156227500.0,,c8870a6d-0e3d-4991-9662-67b4ed85990c,OrderRole.Standalone,OrderType.Market,_default,,PositionEffect.Open,,6156227500.0,False,,OrderSide.Buy,OrderStatus.Filled,601727.SH,,TimeInForce.GTC,,,,1733068800000000000,2024-12-01T16:00:00Z
33.19316,132146185.49132,1732809600000000000,2024-11-28T16:00:00Z,1592450800.0,,1d5ce085-5d2a-4168-9bb5-63ba3b083dbe,OrderRole.Standalone,OrderType.Market,_default,,PositionEffect.Open,,1592450800.0,False,,OrderSide.Buy,OrderStatus.Filled,688183.SH,,TimeInForce.GTC,,,,1733068800000000000,2024-12-01T16:00:00Z
561.561,130950549.98025,1732809600000000000,2024-11-28T16:00:00Z,93276100.0,,9bbccf69-fde3-496a-9a44-8f5b8ec8a27b,OrderRole.Standalone,OrderType.Market,_default,,PositionEffect.Open,,93276100.0,False,,OrderSide.Buy,OrderStatus.Filled,688256.SH,,TimeInForce.GTC,,,,1733068800000000000,2024-12-01T16:00:00Z
13.69368,131817873.04686,1732809600000000000,2024-11-28T16:00:00Z,3850473300.0,,b1ff0f53-6c82-4549-845f-7379a50e8074,OrderRole.Standalone,OrderType.Market,_default,,PositionEffect.Open,,3850473300.0,False,,OrderSide.Buy,OrderStatus.Filled,601919.SH,,TimeInForce.GTC,,,,1733068800000000000,2024-12-01T16:00:00Z
116.83672,132966993.09894,1732809600000000000,2024-11-28T16:00:00Z,455223300.0,,648f42ce-e523-4693-a2f5-7562a277d511,OrderRole.Standalone,OrderType.Market,_default,,PositionEffect.Open,,455223300.0,False,,OrderSide.Buy,OrderStatus.Filled,300502.SZ,,TimeInForce.GTC,,,,1733068800000000000,2024-12-01T16:00:00Z
128.11799,132252581.7437825,1732809600000000000,2024-11-28T16:00:00Z,412908700.0,,dfddc4f6-fdf1-426f-b107-695f8b249caa,OrderRole.Standalone,OrderType.Market,_default,,PositionEffect.Open,,412908700.0,False,,OrderSide.Buy,OrderStatus.Filled,300308.SZ,,TimeInForce.GTC,,,,1733068800000000000,2024-12-01T16:00:00Z
137.862,142311047.9985,1735228800000000000,2024-12-26T16:00:00Z,412908700.0,,3388145c-8e53-4139-a01e-5dfade5479fc,OrderRole.Standalone,OrderType.Market,_default,,PositionEffect.Close,,412908700.0,False,,OrderSide.Sell,OrderStatus.Filled,300308.SZ,,TimeInForce.GTC,,,,1735488000000000000,2024-12-29T16:00:00Z
103.41648,130992691.22496,1735228800000000000,2024-12-26T16:00:00Z,506660800.0,,ae606c51-ea58-4d45-9635-ab9da5800bcf,OrderRole.Standalone,OrderType.Market,_default,,PositionEffect.Close,,506660800.0,False,,OrderSide.Sell,OrderStatus.Filled,300394.SZ,,TimeInForce.GTC,,,,1735488000000000000,2024-12-29T16:00:00Z
25.34463,151396356.3981975,1735228800000000000,2024-12-26T16:00:00Z,2389403300.0,,b1c33829-ba57-4471-8aca-a7771178ac13,OrderRole.Standalone,OrderType.Market,_default,,PositionEffect.Close,,2389403300.0,False,,OrderSide.Sell,OrderStatus.Filled,600066.SH,,TimeInForce.GTC,,,,1735488000000000000,2024-12-29T16:00:00Z
8.01198,123308929.013625,1735228800000000000,2024-12-26T16:00:00Z,6156227500.0,,71f272c6-2bd2-4e28-bf75-5cf9e479461d,OrderRole.Standalone,OrderType.Market,_default,,PositionEffect.Close,,6156227500.0,False,,OrderSide.Sell,OrderStatus.Filled,601727.SH,,TimeInForce.GTC,,,,1735488000000000000,2024-12-29T16:00:00Z
15.1848,146171667.4146,1735228800000000000,2024-12-26T16:00:00Z,3850473300.0,,3e3403db-dbb2-4808-a50a-c5ba205d6a3f,OrderRole.Standalone,OrderType.Market,_default,,PositionEffect.Close,,3850473300.0,False,,OrderSide.Sell,OrderStatus.Filled,601919.SH,,TimeInForce.GTC,,,,1735488000000000000,2024-12-29T16:00:00Z
40.959,163062980.793,1735228800000000000,2024-12-26T16:00:00Z,1592450800.0,,3f300497-2436-4468-8447-a43e84286dba,OrderRole.Standalone,OrderType.Market,_default,,PositionEffect.Close,,1592450800.0,False,,OrderSide.Sell,OrderStatus.Filled,688183.SH,,TimeInForce.GTC,,,,1735488000000000000,2024-12-29T16:00:00Z
654.35499,152589203.7068475,1735228800000000000,2024-12-26T16:00:00Z,93276100.0,,08e9d11e-afcb-479a-aac4-31ee3ab7ebcd,OrderRole.Standalone,OrderType.Market,_default,,PositionEffect.Close,,93276100.0,False,,OrderSide.Sell,OrderStatus.Filled,688256.SH,,TimeInForce.GTC,,,,1735488000000000000,2024-12-29T16:00:00Z
40.92088,263377832.3176,1735228800000000000,2024-12-26T16:00:00Z,2574508000.0,,33b835bf-1747-4adb-98e2-7cb34c3f3815,OrderRole.Standalone,OrderType.Market,_default,,PositionEffect.Open,,2574508000.0,False,,OrderSide.Buy,OrderStatus.Filled,000063.SZ,,TimeInForce.GTC,,,,1735488000000000000,2024-12-29T16:00:00Z
113.6135,253796198.656,1735228800000000000,2024-12-26T16:00:00Z,893542400.0,,3e232d2f-7cdc-4133-bce3-44fb9d27ab4c,OrderRole.Standalone,OrderType.Market,_default,,PositionEffect.Open,,893542400.0,False,,OrderSide.Buy,OrderStatus.Filled,603893.SH,,TimeInForce.GTC,,,,1735488000000000000,2024-12-29T16:00:00Z
127.73761,258082089.14488,1735228800000000000,2024-12-26T16:00:00Z,808163200.0,,6b8ab92a-35e7-4e06-b80d-b0b4c58d8efa,OrderRole.Standalone,OrderType.Market,_default,,PositionEffect.Open,,808163200.0,False,,OrderSide.Buy,OrderStatus.Filled,002916.SZ,,TimeInForce.GTC,,,,1735488000000000000,2024-12-29T16:00:00Z
129.129,110429312.994,1735228800000000000,2024-12-26T16:00:00Z,342074400.0,,c8be1d72-8786-4b6a-8f6d-e6744a305707,OrderRole.Standalone,OrderType.Market,_default,,PositionEffect.Open,,342074400.0,False,,OrderSide.Buy,OrderStatus.Filled,300502.SZ,,TimeInForce.GTC,,,,1735488000000000000,2024-12-29T16:00:00Z
48.22818,101703200.15856,1735228800000000000,2024-12-26T16:00:00Z,843516800.0,,36ebe17c-2ecd-4c2f-8841-2790f7075e37,OrderRole.Standalone,OrderType.Market,_default,,PositionEffect.Open,,843516800.0,False,,OrderSide.Buy,OrderStatus.Filled,002625.SZ,,TimeInForce.GTC,,,,1735488000000000000,2024-12-29T16:00:00Z
47.94201,257385933.49293,1735488000000000000,2024-12-29T16:00:00Z,2147477200.0,,7e281449-e8a5-4e7d-9b15-4bdf912f7123,OrderRole.Standalone,OrderType.Market,_default,,PositionEffect.Close,,2147477200.0,False,,OrderSide.Sell,OrderStatus.Filled,002625.SZ,,TimeInForce.GTC,,,,1735574400000000000,2024-12-30T16:00:00Z
,0.0,1735488000000000000,2024-12-29T16:00:00Z,0.0,,9398a5d4-7f97-43b1-87ef-96c88d9b2d26,OrderRole.Standalone,OrderType.Market,_default,,PositionEffect.Close,,797297740.0,False,"Risk: Insufficient available position for 300502.SZ at execution. Available: 797297739.9999999703418041006, Required: 797297740",OrderSide.Sell,OrderStatus.Rejected,300502.SZ,,TimeInForce.GTC,,,,1735574400000000000,2024-12-30T16:00:00Z
41.46849,266902398.1323,1737907200000000000,2025-01-26T16:00:00Z,2574508000.0,,4ca9c57c-78dd-4077-a560-03b002a28b2e,OrderRole.Standalone,OrderType.Market,_default,,PositionEffect.Close,,2574508000.0,False,,OrderSide.Sell,OrderStatus.Filled,000063.SZ,,TimeInForce.GTC,,,,1738684800000000000,2025-02-04T16:00:00Z
130.3695,263399580.756,1737907200000000000,2025-01-26T16:00:00Z,808163200.0,,12dce5d3-01e6-4bd4-9995-7837703b5fa9,OrderRole.Standalone,OrderType.Market,_default,,PositionEffect.Close,,808163200.0,False,,OrderSide.Sell,OrderStatus.Filled,002916.SZ,,TimeInForce.GTC,,,,1738684800000000000,2025-02-04T16:00:00Z
117.882,234967618.6785,1737907200000000000,2025-01-26T16:00:00Z,797297700.0,,7c5b5bf2-2c8b-418d-a615-8bbb85d34055,OrderRole.Standalone,OrderType.Market,_default,,PositionEffect.Close,,797297700.0,False,,OrderSide.Sell,OrderStatus.Filled,300502.SZ,,TimeInForce.GTC,,,,1738684800000000000,2025-02-04T16:00:00Z
168.831,377144142.3360001,1737907200000000000,2025-01-26T16:00:00Z,893542400.0,,5814d71d-1284-4800-af91-2ff8deb17c6e,OrderRole.Standalone,OrderType.Market,_default,,PositionEffect.Close,,893542400.0,False,,OrderSide.Sell,OrderStatus.Filled,603893.SH,,TimeInForce.GTC,,,,1738684800000000000,2025-02-04T16:00:00Z
593.593,203574945.32375,1737907200000000000,2025-01-26T16:00:00Z,137181500.0,,20f4802c-92cb-45e3-b7f7-bf8803b88811,OrderRole.Standalone,OrderType.Market,_default,,PositionEffect.Open,,137181500.0,False,,OrderSide.Buy,OrderStatus.Filled,688256.SH,,TimeInForce.GTC,,,,1738684800000000000,2025-02-04T16:00:00Z
50.8508,203620790.5732,1737907200000000000,2025-01-26T16:00:00Z,1601711600.0,,408ef8d5-5d5f-42d2-a6eb-8c872cc6cfb8,OrderRole.Standalone,OrderType.Market,_default,,PositionEffect.Open,,1601711600.0,False,,OrderSide.Buy,OrderStatus.Filled,688521.SH,,TimeInForce.GTC,,,,1738684800000000000,2025-02-04T16:00:00Z
288.288,202605707.304,1737907200000000000,2025-01-26T16:00:00Z,281115700.0,,b88d3eac-6864-46d3-a9f0-a7e629befa5d,OrderRole.Standalone,OrderType.Market,_default,,PositionEffect.Open,,281115700.0,False,,OrderSide.Buy,OrderStatus.Filled,300033.SZ,,TimeInForce.GTC,,,,1738684800000000000,2025-02-04T16:00:00Z
62.05199,204171679.386675,1737907200000000000,2025-01-26T16:00:00Z,1316133000.0,,36728f27-b436-4039-adac-7e27fb394936,OrderRole.Standalone,OrderType.Market,_default,,PositionEffect.Open,,1316133000.0,False,,OrderSide.Buy,OrderStatus.Filled,300442.SZ,,TimeInForce.GTC,,,,1738684800000000000,2025-02-04T16:00:00Z
49.049,180761297.46675,1737907200000000000,2025-01-26T16:00:00Z,1474128300.0,,2f7dbecd-6d51-49db-beeb-7808cc7ae8ef,OrderRole.Standalone,OrderType.Market,_default,,PositionEffect.Open,,1474128300.0,False,,OrderSide.Buy,OrderStatus.Filled,300476.SZ,,TimeInForce.GTC,,,,1738684800000000000,2025-02-04T16:00:00Z
66.65659,210428038.9936725,1737907200000000000,2025-01-26T16:00:00Z,1262759100.0,,3d88d350-b524-40bf-b00b-3e4dcb1a276d,OrderRole.Standalone,OrderType.Market,_default,,PositionEffect.Open,,1262759100.0,False,,OrderSide.Buy,OrderStatus.Filled,300496.SZ,,TimeInForce.GTC,,,,1738684800000000000,2025-02-04T16:00:00Z
64.064,191868861.184,1737907200000000000,2025-01-26T16:00:00Z,1197982400.0,,95f13f53-c618-4d38-a1a9-d3aef32fd751,OrderRole.Standalone,OrderType.Market,_default,,PositionEffect.Open,,1197982400.0,False,,OrderSide.Buy,OrderStatus.Filled,301165.SZ,,TimeInForce.GTC,,,,1738684800000000000,2025-02-04T16:00:00Z
296.46324,208351178.09217003,1741017600000000000,2025-03-03T16:00:00Z,281115700.0,,2a5572a6-83fc-4067-a7ce-0397a26e94e3,OrderRole.Standalone,OrderType.Market,_default,,PositionEffect.Close,,281115700.0,False,,OrderSide.Sell,OrderStatus.Filled,300033.SZ,,TimeInForce.GTC,,,,1741104000000000000,2025-03-04T16:00:00Z
63.0369,207412360.76925,1741017600000000000,2025-03-03T16:00:00Z,1316133000.0,,afbba297-6891-495a-b58f-b47fcd3e2843,OrderRole.Standalone,OrderType.Market,_default,,PositionEffect.Close,,1316133000.0,False,,OrderSide.Sell,OrderStatus.Filled,300442.SZ,,TimeInForce.GTC,,,,1741104000000000000,2025-03-04T16:00:00Z
63.18675,199474108.9048125,1741017600000000000,2025-03-03T16:00:00Z,1262759100.0,,a9eb3051-3df5-48bc-8462-bf7721cfd4f7,OrderRole.Standalone,OrderType.Market,_default,,PositionEffect.Close,,1262759100.0,False,,OrderSide.Sell,OrderStatus.Filled,300496.SZ,,TimeInForce.GTC,,,,1741104000000000000,2025-03-04T16:00:00Z
74.2257,222302705.5692,1741017600000000000,2025-03-03T16:00:00Z,1197982400.0,,113beef4-f279-4aa0-8bda-35460d315e78,OrderRole.Standalone,OrderType.Market,_default,,PositionEffect.Close,,1197982400.0,False,,OrderSide.Sell,OrderStatus.Filled,301165.SZ,,TimeInForce.GTC,,,,1741104000000000000,2025-03-04T16:00:00Z
687.312,235716227.82,1741017600000000000,2025-03-03T16:00:00Z,137181500.0,,505baa1e-bb49-4d1c-adcc-2edcbfe78f78,OrderRole.Standalone,OrderType.Market,_default,,PositionEffect.Close,,137181500.0,False,,OrderSide.Sell,OrderStatus.Filled,688256.SH,,TimeInForce.GTC,,,,1741104000000000000,2025-03-04T16:00:00Z
96.903,388026647.937,1741017600000000000,2025-03-03T16:00:00Z,1601711600.0,,f0f087d0-83be-4dee-8a16-61827bf3c849,OrderRole.Standalone,OrderType.Market,_default,,PositionEffect.Close,,1601711600.0,False,,OrderSide.Sell,OrderStatus.Filled,688521.SH,,TimeInForce.GTC,,,,1741104000000000000,2025-03-04T16:00:00Z
347.347,263796239.45675,1741017600000000000,2025-03-03T16:00:00Z,303784100.0,,a1ae270b-3651-4276-ba7f-2bd82b289ad9,OrderRole.Standalone,OrderType.Market,_default,,PositionEffect.Open,,303784100.0,False,,OrderSide.Buy,OrderStatus.Filled,002594.SZ,,TimeInForce.GTC,,,,1741104000000000000,2025-03-04T16:00:00Z
87.3873,262454800.382775,1741017600000000000,2025-03-03T16:00:00Z,1201340700.0,,e6f2d4da-563f-4b8a-bd43-fcfe1c80471c,OrderRole.Standalone,OrderType.Market,_default,,PositionEffect.Open,,1201340700.0,False,,OrderSide.Buy,OrderStatus.Filled,300394.SZ,,TimeInForce.GTC,,,,1741104000000000000,2025-03-04T16:00:00Z
28.24822,263837054.195715,1741017600000000000,2025-03-03T16:00:00Z,3735981300.0,,8a6c872a-d05b-4386-947c-4025dbace91c,OrderRole.Standalone,OrderType.Market,_default,,PositionEffect.Open,,3735981300.0,False,,OrderSide.Buy,OrderStatus.Filled,600183.SH,,TimeInForce.GTC,,,,1741104000000000000,2025-03-04T16:00:00Z
93.2932,262294881.3485,1741017600000000000,2025-03-03T16:00:00Z,1124604500.0,,a5b6b715-66f3-460a-91f6-4a617219a520,OrderRole.Standalone,OrderType.Market,_default,,PositionEffect.Open,,1124604500.0,False,,OrderSide.Buy,OrderStatus.Filled,300502.SZ,,TimeInForce.GTC,,,,1741104000000000000,2025-03-04T16:00:00Z
126.77665,266018931.052875,1741017600000000000,2025-03-03T16:00:00Z,839331000.0,,5d7f56d2-57b0-4b68-b5cd-54c212bce1a5,OrderRole.Standalone,OrderType.Market,_default,,PositionEffect.Open,,839331000.0,False,,OrderSide.Buy,OrderStatus.Filled,002916.SZ,,TimeInForce.GTC,,,,1741104000000000000,2025-03-04T16:00:00Z
54.054,65645407.3275,1741017600000000000,2025-03-03T16:00:00Z,485776500.0,,6f8c5428-c71e-4603-b020-450e4d2381d8,OrderRole.Standalone,OrderType.Market,_default,,PositionEffect.Open,,485776500.0,False,,OrderSide.Buy,OrderStatus.Filled,300476.SZ,,TimeInForce.GTC,,,,1741104000000000000,2025-03-04T16:00:00Z
58.3416,285859954.6992,1741104000000000000,2025-03-04T16:00:00Z,1959904800.0,,2c0e03c4-8805-46cd-842a-4b593ae9d824,OrderRole.Standalone,OrderType.Market,_default,,PositionEffect.Close,,1959904800.0,False,,OrderSide.Sell,OrderStatus.Filled,300476.SZ,,TimeInForce.GTC,,,,1741190400000000000,2025-03-05T16:00:00Z
364.635,276925788.25875,1743436800000000000,2025-03-31T16:00:00Z,303784100.0,,c11d6bf3-a66b-4580-be42-83cc5290508c,OrderRole.Standalone,OrderType.Market,_default,,PositionEffect.Close,,303784100.0,False,,OrderSide.Sell,OrderStatus.Filled,002594.SZ,,TimeInForce.GTC,,,,1743523200000000000,2025-04-01T16:00:00Z
125.874,264124875.735,1743436800000000000,2025-03-31T16:00:00Z,839331000.0,,470814cc-24bf-4d8a-b9c2-1150dd7b2443,OrderRole.Standalone,OrderType.Market,_default,,PositionEffect.Close,,839331000.0,False,,OrderSide.Sell,OrderStatus.Filled,002916.SZ,,TimeInForce.GTC,,,,1743523200000000000,2025-04-01T16:00:00Z
84.55536,253949488.42788,1743436800000000000,2025-03-31T16:00:00Z,1201340700.0,,314dc36f-3bac-40bb-bde9-2218c886c7ff,OrderRole.Standalone,OrderType.Market,_default,,PositionEffect.Close,,1201340700.0,False,,OrderSide.Sell,OrderStatus.Filled,300394.SZ,,TimeInForce.GTC,,,,1743523200000000000,2025-04-01T16:00:00Z
97.5024,274129094.502,1743436800000000000,2025-03-31T16:00:00Z,1124604500.0,,7527afc0-930a-411e-a85f-2ce92cef7e71,OrderRole.Standalone,OrderType.Market,_default,,PositionEffect.Close,,1124604500.0,False,,OrderSide.Sell,OrderStatus.Filled,300502.SZ,,TimeInForce.GTC,,,,1743523200000000000,2025-04-01T16:00:00Z
27.69228,258644600.58591,1743436800000000000,2025-03-31T16:00:00Z,3735981300.0,,6a55aa37-ecf6-4129-81bd-80ae48a21ee3,OrderRole.Standalone,OrderType.Market,_default,,PositionEffect.Close,,3735981300.0,False,,OrderSide.Sell,OrderStatus.Filled,600183.SH,,TimeInForce.GTC,,,,1743523200000000000,2025-04-01T16:00:00Z
1559.558,326364023.986,1743436800000000000,2025-03-31T16:00:00Z,83706800.0,,0a638624-36bb-4f44-a5a6-fc448bd6c12b,OrderRole.Standalone,OrderType.Market,_default,,PositionEffect.Open,,83706800.0,False,,OrderSide.Buy,OrderStatus.Filled,600519.SH,,TimeInForce.GTC,,,,1743523200000000000,2025-04-01T16:00:00Z
248.248,325293442.474,1743436800000000000,2025-03-31T16:00:00Z,524142700.0,,b1de4e80-b1e8-4f49-ae45-0fe469eb95de,OrderRole.Standalone,OrderType.Market,_default,,PositionEffect.Open,,524142700.0,False,,OrderSide.Buy,OrderStatus.Filled,688506.SH,,TimeInForce.GTC,,,,1743523200000000000,2025-04-01T16:00:00Z
250.4502,327441221.2071,1743436800000000000,2025-03-31T16:00:00Z,522964200.0,,96a431e7-9c5e-4621-83a3-4699603e8e0c,OrderRole.Standalone,OrderType.Market,_default,,PositionEffect.Open,,522964200.0,False,,OrderSide.Buy,OrderStatus.Filled,300750.SZ,,TimeInForce.GTC,,,,1743523200000000000,2025-04-01T16:00:00Z
236.8366,325866616.02495,1743436800000000000,2025-03-31T16:00:00Z,550365300.0,,42a0afe8-26bd-4d26-8826-f9d94566fdd8,OrderRole.Standalone,OrderType.Market,_default,,PositionEffect.Open,,550365300.0,False,,OrderSide.Buy,OrderStatus.Filled,300760.SZ,,TimeInForce.GTC,,,,1743523200000000000,2025-04-01T16:00:00Z
177.89772,323817479.81583,1743436800000000000,2025-03-31T16:00:00Z,728098100.0,,f60aa5da-80fc-4c79-ba5b-602889ca3898,OrderRole.Standalone,OrderType.Market,_default,,PositionEffect.Open,,728098100.0,False,,OrderSide.Buy,OrderStatus.Filled,300896.SZ,,TimeInForce.GTC,,,,1743523200000000000,2025-04-01T16:00:00Z
233.67609,305510573.664945,1745942400000000000,2025-04-29T16:00:00Z,522964200.0,,1e5eef84-0e91-4573-ad53-d2e9bfe93deb,OrderRole.Standalone,OrderType.Market,_default,,PositionEffect.Close,,522964200.0,False,,OrderSide.Sell,OrderStatus.Filled,300750.SZ,,TimeInForce.GTC,,,,1746460800000000000,2025-05-05T16:00:00Z
222.36741,305958265.7871825,1745942400000000000,2025-04-29T16:00:00Z,550365300.0,,778ccbfb-b7b7-41a6-820d-0e3c6380f63b,OrderRole.Standalone,OrderType.Market,_default,,PositionEffect.Close,,550365300.0,False,,OrderSide.Sell,OrderStatus.Filled,300760.SZ,,TimeInForce.GTC,,,,1746460800000000000,2025-05-05T16:00:00Z
171.828,312769100.817,1745942400000000000,2025-04-29T16:00:00Z,728098100.0,,d7f67d5d-d13e-4320-8a2b-8b79a0cb6f8a,OrderRole.Standalone,OrderType.Market,_default,,PositionEffect.Close,,728098100.0,False,,OrderSide.Sell,OrderStatus.Filled,300896.SZ,,TimeInForce.GTC,,,,1746460800000000000,2025-05-05T16:00:00Z
1557.441,325921005.747,1745942400000000000,2025-04-29T16:00:00Z,83706800.0,,6b2a4c41-6ca9-4387-9f3e-e467dd4b5297,OrderRole.Standalone,OrderType.Market,_default,,PositionEffect.Close,,83706800.0,False,,OrderSide.Sell,OrderStatus.Filled,600519.SH,,TimeInForce.GTC,,,,1746460800000000000,2025-05-05T16:00:00Z
281.9178,369412892.17515,1745942400000000000,2025-04-29T16:00:00Z,524142700.0,,ef029fcc-1a40-4f3c-9ea7-39c5c3264e37,OrderRole.Standalone,OrderType.Market,_default,,PositionEffect.Close,,524142700.0,False,,OrderSide.Sell,OrderStatus.Filled,688506.SH,,TimeInForce.GTC,,,,1746460800000000000,2025-05-05T16:00:00Z
51.49144,163517813.09864,1745942400000000000,2025-04-29T16:00:00Z,1270252400.0,,8f7366a3-4736-40e5-adff-46fc61a58dda,OrderRole.Standalone,OrderType.Market,_default,,PositionEffect.Open,,1270252400.0,False,,OrderSide.Buy,OrderStatus.Filled,000733.SZ,,TimeInForce.GTC,,,,1746460800000000000,2025-05-05T16:00:00Z
26.00598,163128503.92839,1745942400000000000,2025-04-29T16:00:00Z,2509092200.0,,43cde11a-6336-44f2-b9cc-c206d48d5720,OrderRole.Standalone,OrderType.Market,_default,,PositionEffect.Open,,2509092200.0,False,,OrderSide.Buy,OrderStatus.Filled,002384.SZ,,TimeInForce.GTC,,,,1746460800000000000,2025-05-05T16:00:00Z
28.59857,162500606.663395,1745942400000000000,2025-04-29T16:00:00Z,2272849400.0,,9ae8965a-a8fc-4a11-b872-d4a0c9afa6ea,OrderRole.Standalone,OrderType.Market,_default,,PositionEffect.Open,,2272849400.0,False,,OrderSide.Buy,OrderStatus.Filled,002938.SZ,,TimeInForce.GTC,,,,1746460800000000000,2025-05-05T16:00:00Z
19.05904,164225663.08148,1745942400000000000,2025-04-29T16:00:00Z,3446672300.0,,9f83af29-d750-438f-8b21-9eb3da0f062f,OrderRole.Standalone,OrderType.Market,_default,,PositionEffect.Open,,3446672300.0,False,,OrderSide.Buy,OrderStatus.Filled,300122.SZ,,TimeInForce.GTC,,,,1746460800000000000,2025-05-05T16:00:00Z
19.34933,162922026.151885,1745942400000000000,2025-04-29T16:00:00Z,3368013800.0,,40b87e80-2531-4d39-bc06-926537da702c,OrderRole.Standalone,OrderType.Market,_default,,PositionEffect.Open,,3368013800.0,False,,OrderSide.Buy,OrderStatus.Filled,300251.SZ,,TimeInForce.GTC,,,,1746460800000000000,2025-05-05T16:00:00Z
22.83281,163072539.79766747,1745942400000000000,2025-04-29T16:00:00Z,2856810700.0,,9d82ca6e-9267-4aaf-bbc0-7772292d642f,OrderRole.Standalone,OrderType.Market,_default,,PositionEffect.Open,,2856810700.0,False,,OrderSide.Buy,OrderStatus.Filled,300413.SZ,,TimeInForce.GTC,,,,1746460800000000000,2025-05-05T16:00:00Z
21.00098,163828098.95452,1745942400000000000,2025-04-29T16:00:00Z,3120389600.0,,2bdb4481-3492-49b6-9bf0-87abfc03d635,OrderRole.Standalone,OrderType.Market,_default,,PositionEffect.Open,,3120389600.0,False,,OrderSide.Buy,OrderStatus.Filled,300433.SZ,,TimeInForce.GTC,,,,1746460800000000000,2025-05-05T16:00:00Z
51.30125,162564042.265625,1745942400000000000,2025-04-29T16:00:00Z,1267525000.0,,d5389f05-1ee1-4f57-9672-cf06f9970f6a,OrderRole.Standalone,OrderType.Market,_default,,PositionEffect.Open,,1267525000.0,False,,OrderSide.Buy,OrderStatus.Filled,300979.SZ,,TimeInForce.GTC,,,,1746460800000000000,2025-05-05T16:00:00Z
7.26726,162277083.69873,1745942400000000000,2025-04-29T16:00:00Z,8931954200.0,,4bc1dd66-d5bc-48b2-9fcb-2846247e899b,OrderRole.Standalone,OrderType.Market,_default,,PositionEffect.Open,,8931954200.0,False,,OrderSide.Buy,OrderStatus.Filled,600015.SH,,TimeInForce.GTC,,,,1746460800000000000,2025-05-05T16:00:00Z
92.9929,168129024.3633,1745942400000000000,2025-04-29T16:00:00Z,723190800.0,,72603193-f40a-453c-9115-be956faf439a,OrderRole.Standalone,OrderType.Market,_default,,PositionEffect.Open,,723190800.0,False,,OrderSide.Buy,OrderStatus.Filled,300502.SZ,,TimeInForce.GTC,,,,1746460800000000000,2025-05-05T16:00:00Z
46.17378,146630887.15518,1748880000000000000,2025-06-02T16:00:00Z,1270252400.0,,03851e8f-fe4c-4cce-8afe-1d0b88e80f47,OrderRole.Standalone,OrderType.Market,_default,,PositionEffect.Close,,1270252400.0,False,,OrderSide.Sell,OrderStatus.Filled,000733.SZ,,TimeInForce.GTC,,,,1748966400000000000,2025-06-03T16:00:00Z
28.5714,179220692.2077,1748880000000000000,2025-06-02T16:00:00Z,2509092200.0,,a485e4c1-ff60-4bad-9de0-7d2ec28f001f,OrderRole.Standalone,OrderType.Market,_default,,PositionEffect.Close,,2509092200.0,False,,OrderSide.Sell,OrderStatus.Filled,002384.SZ,,TimeInForce.GTC,,,,1748966400000000000,2025-06-03T16:00:00Z
28.02195,159224180.610825,1748880000000000000,2025-06-02T16:00:00Z,2272849400.0,,fd895391-c875-4908-af6e-663becca9b42,OrderRole.Standalone,OrderType.Market,_default,,PositionEffect.Close,,2272849400.0,False,,OrderSide.Sell,OrderStatus.Filled,002938.SZ,,TimeInForce.GTC,,,,1748966400000000000,2025-06-03T16:00:00Z
19.4805,167857249.350375,1748880000000000000,2025-06-02T16:00:00Z,3446672300.0,,38ac23a7-5f5d-4086-934a-7b1064845511,OrderRole.Standalone,OrderType.Market,_default,,PositionEffect.Close,,3446672300.0,False,,OrderSide.Sell,OrderStatus.Filled,300122.SZ,,TimeInForce.GTC,,,,1748966400000000000,2025-06-03T16:00:00Z
22.30767,159321975.8701725,1748880000000000000,2025-06-02T16:00:00Z,2856810700.0,,3b196c75-5378-46f4-b2a3-0427cf75a5e7,OrderRole.Standalone,OrderType.Market,_default,,PositionEffect.Close,,2856810700.0,False,,OrderSide.Sell,OrderStatus.Filled,300413.SZ,,TimeInForce.GTC,,,,1748966400000000000,2025-06-03T16:00:00Z
20.24973,157967617.23702,1748880000000000000,2025-06-02T16:00:00Z,3120389600.0,,0100205f-a769-40d8-9598-75b2427147ca,OrderRole.Standalone,OrderType.Market,_default,,PositionEffect.Close,,3120389600.0,False,,OrderSide.Sell,OrderStatus.Filled,300433.SZ,,TimeInForce.GTC,,,,1748966400000000000,2025-06-03T16:00:00Z
88.4115,53714008.97325,1748880000000000000,2025-06-02T16:00:00Z,243018200.0,,c75fd8e8-f265-4362-8c41-aaaa779ba7e4,OrderRole.Standalone,OrderType.Market,_default,,PositionEffect.Close,,243018200.0,False,,OrderSide.Sell,OrderStatus.Filled,300502.SZ,,TimeInForce.GTC,,,,1748966400000000000,2025-06-03T16:00:00Z
52.947,167779115.4375,1748880000000000000,2025-06-02T16:00:00Z,1267525000.0,,4d751c3a-d000-4ab3-b8af-6cccbdc6c1d4,OrderRole.Standalone,OrderType.Market,_default,,PositionEffect.Close,,1267525000.0,False,,OrderSide.Sell,OrderStatus.Filled,300979.SZ,,TimeInForce.GTC,,,,1748966400000000000,2025-06-03T16:00:00Z
7.71228,172214329.34394,1748880000000000000,2025-06-02T16:00:00Z,8931954200.0,,99747eaa-0cab-48e1-8864-ecc908c1f515,OrderRole.Standalone,OrderType.Market,_default,,PositionEffect.Close,,8931954200.0,False,,OrderSide.Sell,OrderStatus.Filled,600015.SH,,TimeInForce.GTC,,,,1748966400000000000,2025-06-03T16:00:00Z
29.76974,166907500.59984,1748880000000000000,2025-06-02T16:00:00Z,2242646400.0,,eb303d6d-6bb2-489b-a7e2-9c12a3c1c2cd,OrderRole.Standalone,OrderType.Market,_default,,PositionEffect.Open,,2242646400.0,False,,OrderSide.Buy,OrderStatus.Filled,688183.SH,,TimeInForce.GTC,,,,1748966400000000000,2025-06-03T16:00:00Z
84.63455,166388541.9321125,1748880000000000000,2025-06-02T16:00:00Z,786385900.0,,41fc5a80-d8f2-487a-b8d7-d08b9a8fd93c,OrderRole.Standalone,OrderType.Market,_default,,PositionEffect.Open,,786385900.0,False,,OrderSide.Buy,OrderStatus.Filled,688521.SH,,TimeInForce.GTC,,,,1748966400000000000,2025-06-03T16:00:00Z
83.6836,170011685.4436,1748880000000000000,2025-06-02T16:00:00Z,812640400.0,,f322b651-421b-431d-8e81-92e719437b91,OrderRole.Standalone,OrderType.Market,_default,,PositionEffect.Open,,812640400.0,False,,OrderSide.Buy,OrderStatus.Filled,300394.SZ,,TimeInForce.GTC,,,,1748966400000000000,2025-06-03T16:00:00Z
33.41338,165694487.183225,1748880000000000000,2025-06-02T16:00:00Z,1983570500.0,,bb5c867c-1c51-4289-88aa-6177ab588413,OrderRole.Standalone,OrderType.Market,_default,,PositionEffect.Open,,1983570500.0,False,,OrderSide.Buy,OrderStatus.Filled,300418.SZ,,TimeInForce.GTC,,,,1748966400000000000,2025-06-03T16:00:00Z
86.086,168108052.112,1748880000000000000,2025-06-02T16:00:00Z,781116800.0,,1fa97995-ae49-4455-9044-643b6b4cda38,OrderRole.Standalone,OrderType.Market,_default,,PositionEffect.Open,,781116800.0,False,,OrderSide.Buy,OrderStatus.Filled,300476.SZ,,TimeInForce.GTC,,,,1748966400000000000,2025-06-03T16:00:00Z
98.24815,163770602.6581625,1748880000000000000,2025-06-02T16:00:00Z,666763100.0,,13ea7ecd-5bf7-485d-9c4d-387052a37eb2,OrderRole.Standalone,OrderType.Market,_default,,PositionEffect.Open,,666763100.0,False,,OrderSide.Buy,OrderStatus.Filled,300866.SZ,,TimeInForce.GTC,,,,1748966400000000000,2025-06-03T16:00:00Z
77.08701,165132227.5477875,1748880000000000000,2025-06-02T16:00:00Z,856861500.0,,fe77cc16-f617-4cc5-b1f6-4a84b5e6b9f6,OrderRole.Standalone,OrderType.Market,_default,,PositionEffect.Open,,856861500.0,False,,OrderSide.Buy,OrderStatus.Filled,302132.SZ,,TimeInForce.GTC,,,,1748966400000000000,2025-06-03T16:00:00Z
93.08299,168519167.13131502,1748880000000000000,2025-06-02T16:00:00Z,724167400.0,,9713663c-1177-4701-820d-f7c508d4c46b,OrderRole.Standalone,OrderType.Market,_default,,PositionEffect.Open,,724167400.0,False,,OrderSide.Buy,OrderStatus.Filled,300308.SZ,,TimeInForce.GTC,,,,1748966400000000000,2025-06-03T16:00:00Z
17.78777,16516518.1005825,1748880000000000000,2025-06-02T16:00:00Z,371412900.0,,be7d14f3-34ff-4c3b-a20b-683a0ae271d7,OrderRole.Standalone,OrderType.Market,_default,,PositionEffect.Open,,371412900.0,False,,OrderSide.Buy,OrderStatus.Filled,300251.SZ,,TimeInForce.GTC,,,,1748966400000000000,2025-06-03T16:00:00Z
17.86212,166985221.11651,1748966400000000000,2025-06-03T16:00:00Z,3739426700.0,,096a8bec-2611-48f4-901d-92b6e99413e7,OrderRole.Standalone,OrderType.Market,_default,,PositionEffect.Close,,3739426700.0,False,,OrderSide.Sell,OrderStatus.Filled,300251.SZ,,TimeInForce.GTC,,,,1749052800000000000,2025-06-04T16:00:00Z
94.3056,181408368.37766397,1748966400000000000,2025-06-03T16:00:00Z,769448975.9999999,,3a55e8d4-3aa3-496e-a45e-f671b7a69acd,OrderRole.Standalone,OrderType.Market,_default,,PositionEffect.Close,,769448975.9999999,False,,OrderSide.Sell,OrderStatus.Filled,300502.SZ,,TimeInForce.GTC,,,,1749052800000000000,2025-06-04T16:00:00Z
142.3575,55590247.85625,1751299200000000000,2025-06-30T16:00:00Z,156199000.0,,f2615e7b-f916-4c3a-a67a-89596c8e3274,OrderRole.Standalone,OrderType.Market,_default,,PositionEffect.Close,,156199000.0,False,,OrderSide.Sell,OrderStatus.Filled,300308.SZ,,TimeInForce.GTC,,,,1751385600000000000,2025-07-01T16:00:00Z
76.923,17464059.459,1751299200000000000,2025-06-30T16:00:00Z,90813200.0,,7d304575-4093-4f91-bb90-7c5c354fafb3,OrderRole.Standalone,OrderType.Market,_default,,PositionEffect.Close,,90813200.0,False,,OrderSide.Sell,OrderStatus.Filled,300394.SZ,,TimeInForce.GTC,,,,1751385600000000000,2025-07-01T16:00:00Z
32.87709,163035064.6246125,1751299200000000000,2025-06-30T16:00:00Z,1983570500.0,,29ba653f-0f3e-4967-b305-e24bea804e3c,OrderRole.Standalone,OrderType.Market,_default,,PositionEffect.Close,,1983570500.0,False,,OrderSide.Sell,OrderStatus.Filled,300418.SZ,,TimeInForce.GTC,,,,1751385600000000000,2025-07-01T16:00:00Z
133.866,60696584.658,1751299200000000000,2025-06-30T16:00:00Z,181365200.0,,45407ac1-e677-4870-b3c1-ce1cfad660e9,OrderRole.Standalone,OrderType.Market,_default,,PositionEffect.Close,,181365200.0,False,,OrderSide.Sell,OrderStatus.Filled,300476.SZ,,TimeInForce.GTC,,,,1751385600000000000,2025-07-01T16:00:00Z
112.40748,187372899.56997,1751299200000000000,2025-06-30T16:00:00Z,666763100.0,,00e4207e-3142-460f-b936-2274bff1f46c,OrderRole.Standalone,OrderType.Market,_default,,PositionEffect.Close,,666763100.0,False,,OrderSide.Sell,OrderStatus.Filled,300866.SZ,,TimeInForce.GTC,,,,1751385600000000000,2025-07-01T16:00:00Z
84.915,181900985.68125,1751299200000000000,2025-06-30T16:00:00Z,856861500.0,,65ceabba-f083-441e-9426-ca1b4ca98cfd,OrderRole.Standalone,OrderType.Market,_default,,PositionEffect.Close,,856861500.0,False,,OrderSide.Sell,OrderStatus.Filled,302132.SZ,,TimeInForce.GTC,,,,1751385600000000000,2025-07-01T16:00:00Z
49.4505,76059739.87425,1751299200000000000,2025-06-30T16:00:00Z,615239400.0,,c6793203-97e3-41cd-99b9-21aab7f3f3c2,OrderRole.Standalone,OrderType.Market,_default,,PositionEffect.Close,,615239400.0,False,,OrderSide.Sell,OrderStatus.Filled,688183.SH,,TimeInForce.GTC,,,,1751385600000000000,2025-07-01T16:00:00Z
94.91499,186599524.5866025,1751299200000000000,2025-06-30T16:00:00Z,786385900.0,,b3679514-68a1-4159-a62f-ff9c102aaa2b,OrderRole.Standalone,OrderType.Market,_default,,PositionEffect.Close,,786385900.0,False,,OrderSide.Sell,OrderStatus.Filled,688521.SH,,TimeInForce.GTC,,,,1751385600000000000,2025-07-01T16:00:00Z
31.76173,206520834.95043,1751299200000000000,2025-06-30T16:00:00Z,2600876400.0,,fc39dd65-dfa5-4271-9b4d-ddfc5ee93344,OrderRole.Standalone,OrderType.Market,_default,,PositionEffect.Open,,2600876400.0,False,,OrderSide.Buy,OrderStatus.Filled,002074.SZ,,TimeInForce.GTC,,,,1751385600000000000,2025-07-01T16:00:00Z
40.29025,200059292.3704375,1751299200000000000,2025-06-30T16:00:00Z,1986180700.0,,505bb864-d6d4-4159-8848-dd647b38c014,OrderRole.Standalone,OrderType.Market,_default,,PositionEffect.Open,,1986180700.0,False,,OrderSide.Buy,OrderStatus.Filled,002384.SZ,,TimeInForce.GTC,,,,1751385600000000000,2025-07-01T16:00:00Z
125.04492,202819046.36994,1751299200000000000,2025-06-30T16:00:00Z,648787800.0,,5804a31c-0624-4f2a-aa77-42b491de995d,OrderRole.Standalone,OrderType.Market,_default,,PositionEffect.Open,,648787800.0,False,,OrderSide.Buy,OrderStatus.Filled,300502.SZ,,TimeInForce.GTC,,,,1751385600000000000,2025-07-01T16:00:00Z
77.28721,204744137.132535,1751299200000000000,2025-06-30T16:00:00Z,1059653400.0,,9d4490d8-a1bc-451c-aa53-511e04828e58,OrderRole.Standalone,OrderType.Market,_default,,PositionEffect.Open,,1059653400.0,False,,OrderSide.Buy,OrderStatus.Filled,300803.SZ,,TimeInForce.GTC,,,,1751385600000000000,2025-07-01T16:00:00Z
59.71966,204906573.93206,1751299200000000000,2025-06-30T16:00:00Z,1372456400.0,,2bbf8fdb-2e77-4770-864e-1dd64faa392a,OrderRole.Standalone,OrderType.Market,_default,,PositionEffect.Open,,1372456400.0,False,,OrderSide.Buy,OrderStatus.Filled,301165.SZ,,TimeInForce.GTC,,,,1751385600000000000,2025-07-01T16:00:00Z
79.38931,206208830.4351075,1751299200000000000,2025-06-30T16:00:00Z,1038975300.0,,96594787-fe6a-4004-ad32-a9e4728025a6,OrderRole.Standalone,OrderType.Market,_default,,PositionEffect.Open,,1038975300.0,False,,OrderSide.Buy,OrderStatus.Filled,603296.SH,,TimeInForce.GTC,,,,1751385600000000000,2025-07-01T16:00:00Z
141.32853,200675372.93687043,1751385600000000000,2025-07-01T16:00:00Z,567968471.5799999,,272cdbdc-46a3-417d-b6b3-ab059c223dc7,OrderRole.Standalone,OrderType.Market,_default,,PositionEffect.Close,,567968471.5799999,False,,OrderSide.Sell,OrderStatus.Filled,300308.SZ,,TimeInForce.GTC,,,,1751472000000000000,2025-07-02T16:00:00Z
75.3246,197140175.84664,1751385600000000000,2025-07-01T16:00:00Z,1046883359.9999999,,f51eabb7-dd10-4c35-a84f-2293bf021985,OrderRole.Standalone,OrderType.Market,_default,,PositionEffect.Close,,1046883359.9999999,False,,OrderSide.Sell,OrderStatus.Filled,300394.SZ,,TimeInForce.GTC,,,,1751472000000000000,2025-07-02T16:00:00Z
137.33253,205913511.49887,1751385600000000000,2025-07-01T16:00:00Z,599751600.0,,a1d99c98-6e5f-45ba-8ec1-14975a712989,OrderRole.Standalone,OrderType.Market,_default,,PositionEffect.Close,,599751600.0,False,,OrderSide.Sell,OrderStatus.Filled,300476.SZ,,TimeInForce.GTC,,,,1751472000000000000,2025-07-02T16:00:00Z
48.4515,197125775.65125,1751385600000000000,2025-07-01T16:00:00Z,1627407000.0,,2163a9d2-75db-4452-81c0-0f47f01954a7,OrderRole.Standalone,OrderType.Market,_default,,PositionEffect.Close,,1627407000.0,False,,OrderSide.Sell,OrderStatus.Filled,688183.SH,,TimeInForce.GTC,,,,1751472000000000000,2025-07-02T16:00:00Z
30.92904,201106525.52664,1753718400000000000,2025-07-28T16:00:00Z,2600876400.0,,475e8059-1db0-492a-aa7e-fe9dc7ece8b3,OrderRole.Standalone,OrderType.Market,_default,,PositionEffect.Close,,2600876400.0,False,,OrderSide.Sell,OrderStatus.Filled,002074.SZ,,TimeInForce.GTC,,,,1753804800000000000,2025-07-29T16:00:00Z
57.97197,59241686.5799325,1753718400000000000,2025-07-28T16:00:00Z,408760900.0,,8f3de39e-237f-4807-82b3-08dfd6d93593,OrderRole.Standalone,OrderType.Market,_default,,PositionEffect.Close,,408760900.0,False,,OrderSide.Sell,OrderStatus.Filled,002384.SZ,,TimeInForce.GTC,,,,1753804800000000000,2025-07-29T16:00:00Z
187.812,84871115.928,1753718400000000000,2025-07-28T16:00:00Z,180757600.0,,0a69af2d-3679-49d8-b34e-f30a33e46bc6,OrderRole.Standalone,OrderType.Market,_default,,PositionEffect.Close,,180757600.0,False,,OrderSide.Sell,OrderStatus.Filled,300502.SZ,,TimeInForce.GTC,,,,1753804800000000000,2025-07-29T16:00:00Z
92.4075,22091861.025,1753718400000000000,2025-07-28T16:00:00Z,95628000.0,,62a9a028-3e8a-4b81-913f-7dc0d75f2b13,OrderRole.Standalone,OrderType.Market,_default,,PositionEffect.Close,,95628000.0,False,,OrderSide.Sell,OrderStatus.Filled,300803.SZ,,TimeInForce.GTC,,,,1753804800000000000,2025-07-29T16:00:00Z
63.27666,217111142.46906,1753718400000000000,2025-07-28T16:00:00Z,1372456400.0,,c6f170a7-c59b-419c-b1fa-6344e3670083,OrderRole.Standalone,OrderType.Market,_default,,PositionEffect.Close,,1372456400.0,False,,OrderSide.Sell,OrderStatus.Filled,301165.SZ,,TimeInForce.GTC,,,,1753804800000000000,2025-07-29T16:00:00Z
85.69422,222585444.83191496,1753718400000000000,2025-07-28T16:00:00Z,1038975300.0,,059cf463-8074-4246-8db2-297215e59acd,OrderRole.Standalone,OrderType.Market,_default,,PositionEffect.Close,,1038975300.0,False,,OrderSide.Sell,OrderStatus.Filled,603296.SH,,TimeInForce.GTC,,,,1753804800000000000,2025-07-29T16:00:00Z
52.5525,224370271.125,1753718400000000000,2025-07-28T16:00:00Z,1707780000.0,,c46bc673-9502-4525-b6df-a874195f6758,OrderRole.Standalone,OrderType.Market,_default,,PositionEffect.Open,,1707780000.0,False,,OrderSide.Buy,OrderStatus.Filled,688183.SH,,TimeInForce.GTC,,,,1753804800000000000,2025-07-29T16:00:00Z
27.67765,226343420.95365,1753718400000000000,2025-07-28T16:00:00Z,3271136400.0,,3a05a50f-2015-4fc3-bc72-6fbeb40ab48b,OrderRole.Standalone,OrderType.Market,_default,,PositionEffect.Open,,3271136400.0,False,,OrderSide.Buy,OrderStatus.Filled,688303.SH,,TimeInForce.GTC,,,,1753804800000000000,2025-07-29T16:00:00Z
53.96391,228841825.5948825,1753718400000000000,2025-07-28T16:00:00Z,1696258300.0,,b2e4177f-8906-4a0e-bc3e-6d306bf3ca15,OrderRole.Standalone,OrderType.Market,_default,,PositionEffect.Open,,1696258300.0,False,,OrderSide.Buy,OrderStatus.Filled,002938.SZ,,TimeInForce.GTC,,,,1753804800000000000,2025-07-29T16:00:00Z
98.098,219605248.3625,1753718400000000000,2025-07-28T16:00:00Z,895452500.0,,4d87d2f9-db9e-4d6b-9122-9d9d91575047,OrderRole.Standalone,OrderType.Market,_default,,PositionEffect.Open,,895452500.0,False,,OrderSide.Buy,OrderStatus.Filled,300394.SZ,,TimeInForce.GTC,,,,1753804800000000000,2025-07-29T16:00:00Z
187.187,223814161.0705,1753718400000000000,2025-07-28T16:00:00Z,478268600.0,,112907f1-b8b4-43bf-9a4f-1300910b8756,OrderRole.Standalone,OrderType.Market,_default,,PositionEffect.Open,,478268600.0,False,,OrderSide.Buy,OrderStatus.Filled,300476.SZ,,TimeInForce.GTC,,,,1753804800000000000,2025-07-29T16:00:00Z
39.68965,227770933.6527625,1753718400000000000,2025-07-28T16:00:00Z,2295519700.0,,d71bb2d7-b47f-473f-b50a-6d1bee524de7,OrderRole.Standalone,OrderType.Market,_default,,PositionEffect.Open,,2295519700.0,False,,OrderSide.Buy,OrderStatus.Filled,600111.SH,,TimeInForce.GTC,,,,1753804800000000000,2025-07-29T16:00:00Z
207.26706,223410469.50222,1753718400000000000,2025-07-28T16:00:00Z,431154800.0,,d45790b1-d98f-407f-a038-f7b28f117956,OrderRole.Standalone,OrderType.Market,_default,,PositionEffect.Open,,431154800.0,False,,OrderSide.Buy,OrderStatus.Filled,300308.SZ,,TimeInForce.GTC,,,,1753804800000000000,2025-07-29T16:00:00Z
59.94999,236415753.089505,1753804800000000000,2025-07-29T16:00:00Z,1577419800.0,,6bd40363-1c96-49ae-90fb-cab4ab909499,OrderRole.Standalone,OrderType.Market,_default,,PositionEffect.Close,,1577419800.0,False,,OrderSide.Sell,OrderStatus.Filled,002384.SZ,,TimeInForce.GTC,,,,1753891200000000000,2025-07-30T16:00:00Z
198.80100000000002,232612179.47549996,1753804800000000000,2025-07-29T16:00:00Z,468030199.99999994,,a351e8f6-0c58-4d62-b70a-18dddf8bda67,OrderRole.Standalone,OrderType.Market,_default,,PositionEffect.Close,,468030199.99999994,False,,OrderSide.Sell,OrderStatus.Filled,300502.SZ,,TimeInForce.GTC,,,,1753891200000000000,2025-07-30T16:00:00Z
90.92898,219144615.79023,1753804800000000000,2025-07-29T16:00:00Z,964025400.0,,0d22b184-ce64-4f58-be63-00bbcd8e9945,OrderRole.Standalone,OrderType.Market,_default,,PositionEffect.Close,,964025400.0,False,,OrderSide.Sell,OrderStatus.Filled,300803.SZ,,TimeInForce.GTC,,,,1753891200000000000,2025-07-30T16:00:00Z
53.2467,225800392.056525,1756137600000000000,2025-08-25T16:00:00Z,1696258300.0,,cb3c24c8-4a80-4b68-8880-285412868321,OrderRole.Standalone,OrderType.Market,_default,,PositionEffect.Close,,1696258300.0,False,,OrderSide.Sell,OrderStatus.Filled,002938.SZ,,TimeInForce.GTC,,,,1756224000000000000,2025-08-26T16:00:00Z
319.68,76353410.16,1756137600000000000,2025-08-25T16:00:00Z,95537300.0,,64839fa4-8223-4509-9f9b-707e1db509f4,OrderRole.Standalone,OrderType.Market,_default,,PositionEffect.Close,,95537300.0,False,,OrderSide.Sell,OrderStatus.Filled,300308.SZ,,TimeInForce.GTC,,,,1756224000000000000,2025-08-26T16:00:00Z
147.86199,61940348.713935,1756137600000000000,2025-08-25T16:00:00Z,167562600.0,,43e22a00-6414-45e4-8b3f-4c9bf39660ea,OrderRole.Standalone,OrderType.Market,_default,,PositionEffect.Close,,167562600.0,False,,OrderSide.Sell,OrderStatus.Filled,300394.SZ,,TimeInForce.GTC,,,,1756224000000000000,2025-08-26T16:00:00Z
209.65014,630260.733375,1756137600000000000,2025-08-25T16:00:00Z,1202500.0,,986be09f-f043-4fdb-84b3-9e4da684d05b,OrderRole.Standalone,OrderType.Market,_default,,PositionEffect.Close,,1202500.0,False,,OrderSide.Sell,OrderStatus.Filled,300476.SZ,,TimeInForce.GTC,,,,1756224000000000000,2025-08-26T16:00:00Z
49.95,286653022.5375,1756137600000000000,2025-08-25T16:00:00Z,2295519700.0,,a60e0e9a-62d6-4e7d-8ae3-2a6714ddd133,OrderRole.Standalone,OrderType.Market,_default,,PositionEffect.Close,,2295519700.0,False,,OrderSide.Sell,OrderStatus.Filled,600111.SH,,TimeInForce.GTC,,,,1756224000000000000,2025-08-26T16:00:00Z
71.10882,42526558.69218,1756137600000000000,2025-08-25T16:00:00Z,239219600.0,,1b5b9d2f-2fa2-41df-a490-4c165376846e,OrderRole.Standalone,OrderType.Market,_default,,PositionEffect.Close,,239219600.0,False,,OrderSide.Sell,OrderStatus.Filled,688183.SH,,TimeInForce.GTC,,,,1756224000000000000,2025-08-26T16:00:00Z
29.97,245089894.77,1756137600000000000,2025-08-25T16:00:00Z,3271136400.0,,3e263e2a-90ae-4d15-a9d5-2727f21508ce,OrderRole.Standalone,OrderType.Market,_default,,PositionEffect.Close,,3271136400.0,False,,OrderSide.Sell,OrderStatus.Filled,688303.SH,,TimeInForce.GTC,,,,1756224000000000000,2025-08-26T16:00:00Z
141.72158,260794350.85704,1756137600000000000,2025-08-25T16:00:00Z,736075200.0,,9a46eb05-9419-42db-8a90-f1ef7f7fdbd6,OrderRole.Standalone,OrderType.Market,_default,,PositionEffect.Open,,736075200.0,False,,OrderSide.Buy,OrderStatus.Filled,688521.SH,,TimeInForce.GTC,,,,1756224000000000000,2025-08-26T16:00:00Z
155.7556,258767330.7219,1756137600000000000,2025-08-25T16:00:00Z,664547100.0,,12dc476f-6b27-4679-95a0-e0acf41189aa,OrderRole.Standalone,OrderType.Market,_default,,PositionEffect.Open,,664547100.0,False,,OrderSide.Buy,OrderStatus.Filled,300803.SZ,,TimeInForce.GTC,,,,1756224000000000000,2025-08-26T16:00:00Z
89.15907,264138358.8568725,1756137600000000000,2025-08-25T16:00:00Z,1185020700.0,,a4c0ad3b-d2e1-4191-8137-dc023f80099e,OrderRole.Standalone,OrderType.Market,_default,,PositionEffect.Open,,1185020700.0,False,,OrderSide.Buy,OrderStatus.Filled,301165.SZ,,TimeInForce.GTC,,,,1756224000000000000,2025-08-26T16:00:00Z
1380.25888,273621140.11232,1756137600000000000,2025-08-25T16:00:00Z,79295600.0,,9b5522b9-b371-4192-921f-7403f5e02fa8,OrderRole.Standalone,OrderType.Market,_default,,PositionEffect.Open,,79295600.0,False,,OrderSide.Buy,OrderStatus.Filled,688256.SH,,TimeInForce.GTC,,,,1756224000000000000,2025-08-26T16:00:00Z
290.38009,271250357.8359575,1756137600000000000,2025-08-25T16:00:00Z,373648700.0,,38546deb-c47b-4368-9c08-9bb4a05935e0,OrderRole.Standalone,OrderType.Market,_default,,PositionEffect.Open,,373648700.0,False,,OrderSide.Buy,OrderStatus.Filled,300502.SZ,,TimeInForce.GTC,,,,1756224000000000000,2025-08-26T16:00:00Z
68.7687,266281329.138825,1756137600000000000,2025-08-25T16:00:00Z,1548851900.0,,60984a4e-d649-4203-acd1-34c9adbeed50,OrderRole.Standalone,OrderType.Market,_default,,PositionEffect.Open,,1548851900.0,False,,OrderSide.Buy,OrderStatus.Filled,002837.SZ,,TimeInForce.GTC,,,,1756224000000000000,2025-08-26T16:00:00Z
,0.0,1756224000000000000,2025-08-26T16:00:00Z,0.0,,86e8f9eb-a2d7-449a-8129-93f5ea323a52,OrderRole.Standalone,OrderType.Market,_default,,PositionEffect.Close,,335617500.00000006,False,"Risk: Insufficient available position for 300308.SZ at execution. Available: 335617500.00000005666571212242, Required: 335617500.00000005960464477537",OrderSide.Sell,OrderStatus.Rejected,300308.SZ,,TimeInForce.GTC,,,,1756310400000000000,2025-08-27T16:00:00Z
154.85499,281793457.9640025,1756224000000000000,2025-08-26T16:00:00Z,727889900.0,,1a4b094a-dfe5-47b7-8d9a-3ab62fa00c6a,OrderRole.Standalone,OrderType.Market,_default,,PositionEffect.Close,,727889900.0,False,,OrderSide.Sell,OrderStatus.Filled,300394.SZ,,TimeInForce.GTC,,,,1756310400000000000,2025-08-27T16:00:00Z
215.90388,257501055.01617,1756224000000000000,2025-08-26T16:00:00Z,477066100.0,,66af09ee-57bb-4b2d-98fb-8f21f6820394,OrderRole.Standalone,OrderType.Market,_default,,PositionEffect.Close,,477066100.0,False,,OrderSide.Sell,OrderStatus.Filled,300476.SZ,,TimeInForce.GTC,,,,1756310400000000000,2025-08-27T16:00:00Z
69.68025,255824139.53025,1756224000000000000,2025-08-26T16:00:00Z,1468560400.0,,d00797e8-4676-4f95-82e8-4b6fd2258bcd,OrderRole.Standalone,OrderType.Market,_default,,PositionEffect.Close,,1468560400.0,False,,OrderSide.Sell,OrderStatus.Filled,688183.SH,,TimeInForce.GTC,,,,1756310400000000000,2025-08-27T16:00:00Z
80.04987,309963483.1106324,1758556800000000000,2025-09-22T16:00:00Z,1548851900.0,,87496d1e-52e7-4d75-b904-0bd17ca80d43,OrderRole.Standalone,OrderType.Market,_default,,PositionEffect.Close,,1548851900.0,False,,OrderSide.Sell,OrderStatus.Filled,002837.SZ,,TimeInForce.GTC,,,,1758643200000000000,2025-09-23T16:00:00Z
415.59399,67838030.378685,1758556800000000000,2025-09-22T16:00:00Z,65292600.0,,ca411e52-3bf6-4a95-9de1-2011fb4994c6,OrderRole.Standalone,OrderType.Market,_default,,PositionEffect.Close,,65292600.0,False,,OrderSide.Sell,OrderStatus.Filled,300308.SZ,,TimeInForce.GTC,,,,1758643200000000000,2025-09-23T16:00:00Z
343.67598,321035207.870565,1758556800000000000,2025-09-22T16:00:00Z,373648700.0,,5afc6179-2930-4a40-8836-ecfe79be8b6d,OrderRole.Standalone,OrderType.Market,_default,,PositionEffect.Close,,373648700.0,False,,OrderSide.Sell,OrderStatus.Filled,300502.SZ,,TimeInForce.GTC,,,,1758643200000000000,2025-09-23T16:00:00Z
153.846,255594782.8665,1758556800000000000,2025-09-22T16:00:00Z,664547100.0,,ec0b6e08-ad79-42d7-903d-f4657b960565,OrderRole.Standalone,OrderType.Market,_default,,PositionEffect.Close,,664547100.0,False,,OrderSide.Sell,OrderStatus.Filled,300803.SZ,,TimeInForce.GTC,,,,1758643200000000000,2025-09-23T16:00:00Z
89.88003,266274240.1665525,1758556800000000000,2025-09-22T16:00:00Z,1185020700.0,,2b3ca313-5343-4664-8986-01b9f8c95a09,OrderRole.Standalone,OrderType.Market,_default,,PositionEffect.Close,,1185020700.0,False,,OrderSide.Sell,OrderStatus.Filled,301165.SZ,,TimeInForce.GTC,,,,1758643200000000000,2025-09-23T16:00:00Z
1328.67,263394212.13,1758556800000000000,2025-09-22T16:00:00Z,79295600.0,,f05bba57-633e-4111-8358-b9ebb2fd65b3,OrderRole.Standalone,OrderType.Market,_default,,PositionEffect.Close,,79295600.0,False,,OrderSide.Sell,OrderStatus.Filled,688256.SH,,TimeInForce.GTC,,,,1758643200000000000,2025-09-23T16:00:00Z
200.06973,368165916.30924,1758556800000000000,2025-09-22T16:00:00Z,736075200.0,,c33c8028-9305-4c96-a766-f1726bee01af,OrderRole.Standalone,OrderType.Market,_default,,PositionEffect.Close,,736075200.0,False,,OrderSide.Sell,OrderStatus.Filled,688521.SH,,TimeInForce.GTC,,,,1758643200000000000,2025-09-23T16:00:00Z
127.00688,290065488.43272,1758556800000000000,2025-09-22T16:00:00Z,913542600.0,,f08faf71-fb4e-4f8a-94b3-41fa2d4d5f4c,OrderRole.Standalone,OrderType.Market,_default,,PositionEffect.Open,,913542600.0,False,,OrderSide.Buy,OrderStatus.Filled,688981.SH,,TimeInForce.GTC,,,,1758643200000000000,2025-09-23T16:00:00Z
44.044,287071833.048,1758556800000000000,2025-09-22T16:00:00Z,2607136800.0,,002b8d6c-6a47-466f-b90a-83455dd620fe,OrderRole.Standalone,OrderType.Market,_default,,PositionEffect.Open,,2607136800.0,False,,OrderSide.Buy,OrderStatus.Filled,002050.SZ,,TimeInForce.GTC,,,,1758643200000000000,2025-09-23T16:00:00Z
143.55341,293525846.6165025,1758556800000000000,2025-09-22T16:00:00Z,817886100.0,,16f02e18-d328-4d38-8ec8-1a63c5c42aee,OrderRole.Standalone,OrderType.Market,_default,,PositionEffect.Open,,817886100.0,False,,OrderSide.Buy,OrderStatus.Filled,300274.SZ,,TimeInForce.GTC,,,,1758643200000000000,2025-09-23T16:00:00Z
48.2482,283215414.1817,1758556800000000000,2025-09-22T16:00:00Z,2347987400.0,,6cc76638-54ea-4654-bb6f-c6a536aba487,OrderRole.Standalone,OrderType.Market,_default,,PositionEffect.Open,,2347987400.0,False,,OrderSide.Buy,OrderStatus.Filled,300408.SZ,,TimeInForce.GTC,,,,1758643200000000000,2025-09-23T16:00:00Z
145.13499,295196732.37054,1758556800000000000,2025-09-22T16:00:00Z,813578400.0,,eb216787-eb31-4915-ae5d-a79cbafc5b43,OrderRole.Standalone,OrderType.Market,_default,,PositionEffect.Open,,813578400.0,False,,OrderSide.Buy,OrderStatus.Filled,301308.SZ,,TimeInForce.GTC,,,,1758643200000000000,2025-09-23T16:00:00Z
3.75375,288408305.810625,1758556800000000000,2025-09-22T16:00:00Z,30732819800.0,,bbbfba70-6b03-4b04-ae76-d4aef3bb071a,OrderRole.Standalone,OrderType.Market,_default,,PositionEffect.Open,,30732819800.0,False,,OrderSide.Buy,OrderStatus.Filled,601018.SH,,TimeInForce.GTC,,,,1758643200000000000,2025-09-23T16:00:00Z
68.8688,285210717.3916,1758556800000000000,2025-09-22T16:00:00Z,1656545300.0,,8baa28b4-a37e-43d4-851b-fc5c1816d8aa,OrderRole.Standalone,OrderType.Market,_default,,PositionEffect.Open,,1656545300.0,False,,OrderSide.Buy,OrderStatus.Filled,601138.SH,,TimeInForce.GTC,,,,1758643200000000000,2025-09-23T16:00:00Z
272.40213,285534228.084105,1758556800000000000,2025-09-22T16:00:00Z,419283400.0,,5ef06753-9e5b-4c52-8283-c29eced891f6,OrderRole.Standalone,OrderType.Market,_default,,PositionEffect.Open,,419283400.0,False,,OrderSide.Buy,OrderStatus.Filled,688012.SH,,TimeInForce.GTC,,,,1758643200000000000,2025-09-23T16:00:00Z
64.29423,287218495.408845,1758556800000000000,2025-09-22T16:00:00Z,1786900600.0,,6c66c08f-2931-4780-a554-075b24dacaf7,OrderRole.Standalone,OrderType.Market,_default,,PositionEffect.Open,,1786900600.0,False,,OrderSide.Buy,OrderStatus.Filled,002475.SZ,,TimeInForce.GTC,,,,1758643200000000000,2025-09-23T16:00:00Z
52.947,1373815.809,1761667200000000000,2025-10-28T16:00:00Z,10378800.0,,5ff7340c-7e55-4d05-8f06-701a8d508b2d,OrderRole.Standalone,OrderType.Market,_default,,PositionEffect.Close,,10378800.0,False,,OrderSide.Sell,OrderStatus.Filled,002050.SZ,,TimeInForce.GTC,,,,1761753600000000000,2025-10-29T16:00:00Z
67.0329,299452823.07435,1761667200000000000,2025-10-28T16:00:00Z,1786900600.0,,8e3a4b23-0a83-49fa-af4c-46eec6f9fac1,OrderRole.Standalone,OrderType.Market,_default,,PositionEffect.Close,,1786900600.0,False,,OrderSide.Sell,OrderStatus.Filled,002475.SZ,,TimeInForce.GTC,,,,1761753600000000000,2025-10-29T16:00:00Z
194.7051,48335151.6648,1761667200000000000,2025-10-28T16:00:00Z,99299200.0,,52633add-e2fe-45e0-8325-9ac803923f3e,OrderRole.Standalone,OrderType.Market,_default,,PositionEffect.Close,,99299200.0,False,,OrderSide.Sell,OrderStatus.Filled,300274.SZ,,TimeInForce.GTC,,,,1761753600000000000,2025-10-29T16:00:00Z
515.99349,348714721.4622525,1761667200000000000,2025-10-28T16:00:00Z,270324900.0,,9f0d8a61-ec5d-4561-8983-0b4437f5d9a5,OrderRole.Standalone,OrderType.Market,_default,,PositionEffect.Close,,270324900.0,False,,OrderSide.Sell,OrderStatus.Filled,300308.SZ,,TimeInForce.GTC,,,,1761753600000000000,2025-10-29T16:00:00Z
53.07687,311559554.978595,1761667200000000000,2025-10-28T16:00:00Z,2347987400.0,,ee8aa94b-dfc1-4027-be73-49850ec2e0ec,OrderRole.Standalone,OrderType.Market,_default,,PositionEffect.Close,,2347987400.0,False,,OrderSide.Sell,OrderStatus.Filled,300408.SZ,,TimeInForce.GTC,,,,1761753600000000000,2025-10-29T16:00:00Z
293.706,227040905.826,1761667200000000000,2025-10-28T16:00:00Z,309208400.0,,f8db6aeb-bcc6-4f84-b7a5-21ef48c36a1e,OrderRole.Standalone,OrderType.Market,_default,,PositionEffect.Close,,309208400.0,False,,OrderSide.Sell,OrderStatus.Filled,301308.SZ,,TimeInForce.GTC,,,,1761753600000000000,2025-10-29T16:00:00Z
3.7962,291669826.3119,1761667200000000000,2025-10-28T16:00:00Z,30732819800.0,,085d2b20-d77b-4eb7-85c7-125766517390,OrderRole.Standalone,OrderType.Market,_default,,PositionEffect.Close,,30732819800.0,False,,OrderSide.Sell,OrderStatus.Filled,601018.SH,,TimeInForce.GTC,,,,1761753600000000000,2025-10-29T16:00:00Z
79.92,330977750.94,1761667200000000000,2025-10-28T16:00:00Z,1656545300.0,,f187b29d-5474-445c-8255-988321fe7257,OrderRole.Standalone,OrderType.Market,_default,,PositionEffect.Close,,1656545300.0,False,,OrderSide.Sell,OrderStatus.Filled,601138.SH,,TimeInForce.GTC,,,,1761753600000000000,2025-10-29T16:00:00Z
296.68302,310985663.36967,1761667200000000000,2025-10-28T16:00:00Z,419283400.0,,8c782daf-ad84-4bea-8899-848d28c7c0ca,OrderRole.Standalone,OrderType.Market,_default,,PositionEffect.Close,,419283400.0,False,,OrderSide.Sell,OrderStatus.Filled,688012.SH,,TimeInForce.GTC,,,,1761753600000000000,2025-10-29T16:00:00Z
132.867,303449161.5855,1761667200000000000,2025-10-28T16:00:00Z,913542600.0,,98e15e2b-7fad-49bc-9de6-4aa01f8efc2e,OrderRole.Standalone,OrderType.Market,_default,,PositionEffect.Close,,913542600.0,False,,OrderSide.Sell,OrderStatus.Filled,688981.SH,,TimeInForce.GTC,,,,1761753600000000000,2025-10-29T16:00:00Z
26.26624,364932592.66464,1761667200000000000,2025-10-28T16:00:00Z,5557439400.0,,b929e93c-965a-4b2c-a564-e627b9a74236,OrderRole.Standalone,OrderType.Market,_default,,PositionEffect.Open,,5557439400.0,False,,OrderSide.Buy,OrderStatus.Filled,000657.SZ,,TimeInForce.GTC,,,,1761753600000000000,2025-10-29T16:00:00Z
133.133,342392947.14625,1761667200000000000,2025-10-28T16:00:00Z,1028724500.0,,319762a4-b26a-4af8-b748-17870ac39911,OrderRole.Standalone,OrderType.Market,_default,,PositionEffect.Open,,1028724500.0,False,,OrderSide.Buy,OrderStatus.Filled,002028.SZ,,TimeInForce.GTC,,,,1761753600000000000,2025-10-29T16:00:00Z
20.69067,340560012.2699775,1761667200000000000,2025-10-28T16:00:00Z,6583837300.0,,4aff0c0e-fa65-47e6-a5e3-d4d81e287d52,OrderRole.Standalone,OrderType.Market,_default,,PositionEffect.Open,,6583837300.0,False,,OrderSide.Buy,OrderStatus.Filled,600089.SH,,TimeInForce.GTC,,,,1761753600000000000,2025-10-29T16:00:00Z
42.042,336811347.8730001,1761667200000000000,2025-10-28T16:00:00Z,3204522600.0,,76287774-e6d1-4367-8c4a-8f42cddfb411,OrderRole.Standalone,OrderType.Market,_default,,PositionEffect.Open,,3204522600.0,False,,OrderSide.Buy,OrderStatus.Filled,600362.SH,,TimeInForce.GTC,,,,1761753600000000000,2025-10-29T16:00:00Z
246.48624,351617735.94948,1761667200000000000,2025-10-28T16:00:00Z,570608300.0,,4eefcbee-33f0-4af4-b322-b001e7a1bf77,OrderRole.Standalone,OrderType.Market,_default,,PositionEffect.Open,,570608300.0,False,,OrderSide.Buy,OrderStatus.Filled,603986.SH,,TimeInForce.GTC,,,,1761753600000000000,2025-10-29T16:00:00Z
327.23691,344349436.97154,1761667200000000000,2025-10-28T16:00:00Z,420917600.0,,5241ce0d-5e8f-4cbf-ad99-b00ceace2c9a,OrderRole.Standalone,OrderType.Market,_default,,PositionEffect.Open,,420917600.0,False,,OrderSide.Buy,OrderStatus.Filled,688072.SH,,TimeInForce.GTC,,,,1761753600000000000,2025-10-29T16:00:00Z
69.23917,346705294.5030675,1761667200000000000,2025-10-28T16:00:00Z,2002943100.0,,f8ff6dd1-9cc3-4805-a966-9430fdb2cfde,OrderRole.Standalone,OrderType.Market,_default,,PositionEffect.Open,,2002943100.0,False,,OrderSide.Buy,OrderStatus.Filled,002460.SZ,,TimeInForce.GTC,,,,1761753600000000000,2025-10-29T16:00:00Z
50.76918,329588185.7961,1761753600000000000,2025-10-29T16:00:00Z,2596758000.0,,5b2a8897-5d3f-46cc-9a27-29c45e73902d,OrderRole.Standalone,OrderType.Market,_default,,PositionEffect.Close,,2596758000.0,False,,OrderSide.Sell,OrderStatus.Filled,002050.SZ,,TimeInForce.GTC,,,,1761840000000000000,2025-10-30T16:00:00Z
195.39441,351019658.39807254,1761753600000000000,2025-10-29T16:00:00Z,718586900.0,,1c5ceddc-02dc-48df-95e3-67c5af0b4f49,OrderRole.Standalone,OrderType.Market,_default,,PositionEffect.Close,,718586900.0,False,,OrderSide.Sell,OrderStatus.Filled,300274.SZ,,TimeInForce.GTC,,,,1761840000000000000,2025-10-30T16:00:00Z
275.51421,347402755.24425,1761753600000000000,2025-10-29T16:00:00Z,504370000.0,,e48d4767-ae1f-4aad-895a-ce64b273f71b,OrderRole.Standalone,OrderType.Market,_default,,PositionEffect.Close,,504370000.0,False,,OrderSide.Sell,OrderStatus.Filled,301308.SZ,,TimeInForce.GTC,,,,1761840000000000000,2025-10-30T16:00:00Z
22.05792,306463884.22512,1764086400000000000,2025-11-25T16:00:00Z,5557439400.0,,3c64712f-4683-438e-9f2f-080ad008cf71,OrderRole.Standalone,OrderType.Market,_default,,PositionEffect.Close,,5557439400.0,False,,OrderSide.Sell,OrderStatus.Filled,000657.SZ,,TimeInForce.GTC,,,,1764172800000000000,2025-11-26T16:00:00Z
140.88897,362339838.0469125,1764086400000000000,2025-11-25T16:00:00Z,1028724500.0,,20a855ac-4a8f-4762-a91c-a13af5c070c8,OrderRole.Standalone,OrderType.Market,_default,,PositionEffect.Close,,1028724500.0,False,,OrderSide.Sell,OrderStatus.Filled,002028.SZ,,TimeInForce.GTC,,,,1764172800000000000,2025-11-26T16:00:00Z
60.2397,301641728.652675,1764086400000000000,2025-11-25T16:00:00Z,2002943100.0,,103a961d-1032-40d9-bacf-303259fb7e47,OrderRole.Standalone,OrderType.Market,_default,,PositionEffect.Close,,2002943100.0,False,,OrderSide.Sell,OrderStatus.Filled,002460.SZ,,TimeInForce.GTC,,,,1764172800000000000,2025-11-26T16:00:00Z
21.84813,359611333.0731225,1764086400000000000,2025-11-25T16:00:00Z,6583837300.0,,bc24777a-0a37-498c-a626-8fbdd3ace9a2,OrderRole.Standalone,OrderType.Market,_default,,PositionEffect.Close,,6583837300.0,False,,OrderSide.Sell,OrderStatus.Filled,600089.SH,,TimeInForce.GTC,,,,1764172800000000000,2025-11-26T16:00:00Z
37.77219,302604591.266235,1764086400000000000,2025-11-25T16:00:00Z,3204522600.0,,42824515-e691-4f25-a62d-d2d3682b3335,OrderRole.Standalone,OrderType.Market,_default,,PositionEffect.Close,,3204522600.0,False,,OrderSide.Sell,OrderStatus.Filled,600362.SH,,TimeInForce.GTC,,,,1764172800000000000,2025-11-26T16:00:00Z
198.68112,283422740.31324,1764086400000000000,2025-11-25T16:00:00Z,570608300.0,,dadcf3c6-ab2c-41c0-bb6b-dff14c671d6b,OrderRole.Standalone,OrderType.Market,_default,,PositionEffect.Close,,570608300.0,False,,OrderSide.Sell,OrderStatus.Filled,603986.SH,,TimeInForce.GTC,,,,1764172800000000000,2025-11-26T16:00:00Z
297.37233,312923118.62502,1764086400000000000,2025-11-25T16:00:00Z,420917600.0,,76b33a18-a6ae-43c7-85b0-02bc41c2d0f7,OrderRole.Standalone,OrderType.Market,_default,,PositionEffect.Close,,420917600.0,False,,OrderSide.Sell,OrderStatus.Filled,688072.SH,,TimeInForce.GTC,,,,1764172800000000000,2025-11-26T16:00:00Z
94.094,323318016.5215,1764086400000000000,2025-11-25T16:00:00Z,1374446900.0,,39f5dc32-f183-44a1-8afd-7837ea497121,OrderRole.Standalone,OrderType.Market,_default,,PositionEffect.Open,,1374446900.0,False,,OrderSide.Buy,OrderStatus.Filled,688183.SH,,TimeInForce.GTC,,,,1764172800000000000,2025-11-26T16:00:00Z
1361.36,335571496.26,1764086400000000000,2025-11-25T16:00:00Z,98598900.0,,f864b4dc-383f-4c43-b3b7-46e672f7dcc5,OrderRole.Standalone,OrderType.Market,_default,,PositionEffect.Open,,98598900.0,False,,OrderSide.Buy,OrderStatus.Filled,688256.SH,,TimeInForce.GTC,,,,1764172800000000000,2025-11-26T16:00:00Z
74.80473,327584293.87934256,1764086400000000000,2025-11-25T16:00:00Z,1751676900.0,,0d023e65-da96-495d-a275-5dba89f2602c,OrderRole.Standalone,OrderType.Market,_default,,PositionEffect.Open,,1751676900.0,False,,OrderSide.Buy,OrderStatus.Filled,002384.SZ,,TimeInForce.GTC,,,,1764172800000000000,2025-11-26T16:00:00Z
18.36835,326161739.65375,1764086400000000000,2025-11-25T16:00:00Z,7102690000.0,,ba32f629-eb29-4970-a9c7-73170a7ce781,OrderRole.Standalone,OrderType.Market,_default,,PositionEffect.Open,,7102690000.0,False,,OrderSide.Buy,OrderStatus.Filled,002602.SZ,,TimeInForce.GTC,,,,1764172800000000000,2025-11-26T16:00:00Z
155.17502,320395333.713455,1764086400000000000,2025-11-25T16:00:00Z,825894100.0,,ba43bbb5-0317-4c85-abdc-127744d61324,OrderRole.Standalone,OrderType.Market,_default,,PositionEffect.Open,,825894100.0,False,,OrderSide.Buy,OrderStatus.Filled,300394.SZ,,TimeInForce.GTC,,,,1764172800000000000,2025-11-26T16:00:00Z
277.7775,324969813.91875,1764086400000000000,2025-11-25T16:00:00Z,467957000.0,,2171243a-98c2-4f01-9d19-d0de68b671a5,OrderRole.Standalone,OrderType.Market,_default,,PositionEffect.Open,,467957000.0,False,,OrderSide.Buy,OrderStatus.Filled,300476.SZ,,TimeInForce.GTC,,,,1764172800000000000,2025-11-26T16:00:00Z
57.5575,326085598.58875,1764086400000000000,2025-11-25T16:00:00Z,2266155400.0,,b712ee74-1d04-4bc6-be4f-e494173d15ae,OrderRole.Standalone,OrderType.Market,_default,,PositionEffect.Open,,2266155400.0,False,,OrderSide.Buy,OrderStatus.Filled,600183.SH,,TimeInForce.GTC,,,,1764172800000000000,2025-11-26T16:00:00Z
60.08002,330384265.62141,1764086400000000000,2025-11-25T16:00:00Z,2199628200.0,,7c468674-08dc-45c3-a2f6-6ce89037951d,OrderRole.Standalone,OrderType.Market,_default,,PositionEffect.Open,,2199628200.0,False,,OrderSide.Buy,OrderStatus.Filled,601138.SH,,TimeInForce.GTC,,,,1764172800000000000,2025-11-26T16:00:00Z
537.537,320669981.88225,1764086400000000000,2025-11-25T16:00:00Z,238621700.0,,ee3a54ec-1a68-4d19-8241-d8777701cba6,OrderRole.Standalone,OrderType.Market,_default,,PositionEffect.Open,,238621700.0,False,,OrderSide.Buy,OrderStatus.Filled,300308.SZ,,TimeInForce.GTC,,,,1764172800000000000,2025-11-26T16:00:00Z
324.324,317409087.996,1764086400000000000,2025-11-25T16:00:00Z,391471600.0,,697c1669-9c2f-4299-98cf-3317daf91e01,OrderRole.Standalone,OrderType.Market,_default,,PositionEffect.Open,,391471600.0,False,,OrderSide.Buy,OrderStatus.Filled,300502.SZ,,TimeInForce.GTC,,,,1764172800000000000,2025-11-26T16:00:00Z
86.55336,379033803.32346,1766505600000000000,2025-12-23T16:00:00Z,1751676900.0,,8261ceb7-c1e4-4613-9f3a-2b084863bb92,OrderRole.Standalone,OrderType.Market,_default,,PositionEffect.Close,,1751676900.0,False,,OrderSide.Sell,OrderStatus.Filled,002384.SZ,,TimeInForce.GTC,,,,1766592000000000000,2025-12-24T16:00:00Z
16.96302,301207681.3095,1766505600000000000,2025-12-23T16:00:00Z,7102690000.0,,45c20b99-2d5a-438d-9354-e8dfdbbc77a4,OrderRole.Standalone,OrderType.Market,_default,,PositionEffect.Close,,7102690000.0,False,,OrderSide.Sell,OrderStatus.Filled,002602.SZ,,TimeInForce.GTC,,,,1766592000000000000,2025-12-24T16:00:00Z
644.355,384392713.75875,1766505600000000000,2025-12-23T16:00:00Z,238621700.0,,3eb724e9-e201-4bb4-a20e-e988b6e19df8,OrderRole.Standalone,OrderType.Market,_default,,PositionEffect.Close,,238621700.0,False,,OrderSide.Sell,OrderStatus.Filled,300308.SZ,,TimeInForce.GTC,,,,1766592000000000000,2025-12-24T16:00:00Z
223.36641,90563855.0928975,1766505600000000000,2025-12-23T16:00:00Z,162179900.0,,472d1606-161c-4440-b8c0-7d173ffa2864,OrderRole.Standalone,OrderType.Market,_default,,PositionEffect.Close,,162179900.0,False,,OrderSide.Sell,OrderStatus.Filled,300394.SZ,,TimeInForce.GTC,,,,1766592000000000000,2025-12-24T16:00:00Z
308.96073,361450840.821525,1766505600000000000,2025-12-23T16:00:00Z,467957000.0,,e39edd32-4636-4973-b050-19e6c1d22c7e,OrderRole.Standalone,OrderType.Market,_default,,PositionEffect.Close,,467957000.0,False,,OrderSide.Sell,OrderStatus.Filled,300476.SZ,,TimeInForce.GTC,,,,1766592000000000000,2025-12-24T16:00:00Z
455.544,445831346.376,1766505600000000000,2025-12-23T16:00:00Z,391471600.0,,ab185434-04df-4c00-b13c-663d4fd3c539,OrderRole.Standalone,OrderType.Market,_default,,PositionEffect.Close,,391471600.0,False,,OrderSide.Sell,OrderStatus.Filled,300502.SZ,,TimeInForce.GTC,,,,1766592000000000000,2025-12-24T16:00:00Z
72.927,413159787.1395,1766505600000000000,2025-12-23T16:00:00Z,2266155400.0,,25f7fe7f-2524-49b7-9f01-5958d7d6f78e,OrderRole.Standalone,OrderType.Market,_default,,PositionEffect.Close,,2266155400.0,False,,OrderSide.Sell,OrderStatus.Filled,600183.SH,,TimeInForce.GTC,,,,1766592000000000000,2025-12-24T16:00:00Z
65.3346,359279571.4893,1766505600000000000,2025-12-23T16:00:00Z,2199628200.0,,c1c7a2f2-8a63-4f22-96a7-38c192bb45b5,OrderRole.Standalone,OrderType.Market,_default,,PositionEffect.Close,,2199628200.0,False,,OrderSide.Sell,OrderStatus.Filled,601138.SH,,TimeInForce.GTC,,,,1766592000000000000,2025-12-24T16:00:00Z
1313.685,323819739.86625,1766505600000000000,2025-12-23T16:00:00Z,98598900.0,,d755f435-70dd-43df-8f94-222b766635f9,OrderRole.Standalone,OrderType.Market,_default,,PositionEffect.Close,,98598900.0,False,,OrderSide.Sell,OrderStatus.Filled,688256.SH,,TimeInForce.GTC,,,,1766592000000000000,2025-12-24T16:00:00Z
15.68567,368859176.6985125,1766505600000000000,2025-12-23T16:00:00Z,9406271500.0,,071fb535-7931-4882-b021-39ff3fb34521,OrderRole.Standalone,OrderType.Market,_default,,PositionEffect.Open,,9406271500.0,False,,OrderSide.Buy,OrderStatus.Filled,688472.SH,,TimeInForce.GTC,,,,1766592000000000000,2025-12-24T16:00:00Z
28.91889,363955964.4896175,1766505600000000000,2025-12-23T16:00:00Z,5034162300.0,,a6bc1a4b-9678-40c8-b21e-0497024f6ac9,OrderRole.Standalone,OrderType.Market,_default,,PositionEffect.Open,,5034162300.0,False,,OrderSide.Buy,OrderStatus.Filled,000657.SZ,,TimeInForce.GTC,,,,1766592000000000000,2025-12-24T16:00:00Z
51.24119,365297559.5994725,1766505600000000000,2025-12-23T16:00:00Z,2851593100.0,,30bda0d3-1cbc-47be-bc23-d9f5958e0da5,OrderRole.Standalone,OrderType.Market,_default,,PositionEffect.Open,,2851593100.0,False,,OrderSide.Buy,OrderStatus.Filled,002812.SZ,,TimeInForce.GTC,,,,1766592000000000000,2025-12-24T16:00:00Z
112.112,387132882.136,1766505600000000000,2025-12-23T16:00:00Z,1381236200.0,,db468ec4-d0ca-440b-a974-45abbe941f0a,OrderRole.Standalone,OrderType.Market,_default,,PositionEffect.Open,,1381236200.0,False,,OrderSide.Buy,OrderStatus.Filled,300223.SZ,,TimeInForce.GTC,,,,1766592000000000000,2025-12-24T16:00:00Z
167.25709,370506902.22546,1766505600000000000,2025-12-23T16:00:00Z,886077600.0,,7361c77e-84b7-4c4d-9d2d-3cb4dc057cc0,OrderRole.Standalone,OrderType.Market,_default,,PositionEffect.Open,,886077600.0,False,,OrderSide.Buy,OrderStatus.Filled,300751.SZ,,TimeInForce.GTC,,,,1766592000000000000,2025-12-24T16:00:00Z
255.26501,369883211.362665,1766505600000000000,2025-12-23T16:00:00Z,579606600.0,,b0f55519-0ce7-4a96-8f96-e349e40321a6,OrderRole.Standalone,OrderType.Market,_default,,PositionEffect.Open,,579606600.0,False,,OrderSide.Buy,OrderStatus.Filled,301308.SZ,,TimeInForce.GTC,,,,1766592000000000000,2025-12-24T16:00:00Z
67.61755,378520002.11025,1766505600000000000,2025-12-23T16:00:00Z,2239182000.0,,198fe432-c583-44c5-926c-da3952214d97,OrderRole.Standalone,OrderType.Market,_default,,PositionEffect.Open,,2239182000.0,False,,OrderSide.Buy,OrderStatus.Filled,600118.SH,,TimeInForce.GTC,,,,1766592000000000000,2025-12-24T16:00:00Z
110.7106,368607206.21725,1766505600000000000,2025-12-23T16:00:00Z,1331786500.0,,1138012e-f1be-4f6c-ab33-29bc4c11eacb,OrderRole.Standalone,OrderType.Market,_default,,PositionEffect.Open,,1331786500.0,False,,OrderSide.Buy,OrderStatus.Filled,002837.SZ,,TimeInForce.GTC,,,,1766592000000000000,2025-12-24T16:00:00Z
103.43333,9066189.957825,1766505600000000000,2025-12-23T16:00:00Z,35061000.0,,43ba7611-5da7-483c-9cee-0eebdaa740e6,OrderRole.Standalone,OrderType.Market,_default,,PositionEffect.Open,,35061000.0,False,,OrderSide.Buy,OrderStatus.Filled,688183.SH,,TimeInForce.GTC,,,,1766592000000000000,2025-12-24T16:00:00Z
213.65613,354516518.495115,1766592000000000000,2025-12-24T16:00:00Z,663714200.0,,8ba10164-ba61-461e-ba4b-2ffbc09e8962,OrderRole.Standalone,OrderType.Market,_default,,PositionEffect.Close,,663714200.0,False,,OrderSide.Sell,OrderStatus.Filled,300394.SZ,,TimeInForce.GTC,,,,1766678400000000000,2025-12-25T16:00:00Z
99.9,352024598.025,1766592000000000000,2025-12-24T16:00:00Z,1409507900.0,,4638c95b-8292-4479-a7a7-681812e04b2d,OrderRole.Standalone,OrderType.Market,_default,,PositionEffect.Close,,1409507900.0,False,,OrderSide.Sell,OrderStatus.Filled,688183.SH,,TimeInForce.GTC,,,,1766678400000000000,2025-12-25T16:00:00Z
49.46049,622480335.2438174,1769356800000000000,2026-01-25T16:00:00Z,5034162300.0,,6d4fe683-7a82-4c48-b788-0474be9166a9,OrderRole.Standalone,OrderType.Market,_default,,PositionEffect.Close,,5034162300.0,False,,OrderSide.Sell,OrderStatus.Filled,000657.SZ,,TimeInForce.GTC,,,,1769443200000000000,2026-01-26T16:00:00Z
51.11883,364425257.2701825,1769356800000000000,2026-01-25T16:00:00Z,2851593100.0,,a176498d-ddad-4da8-a4e4-381ce28ec446,OrderRole.Standalone,OrderType.Market,_default,,PositionEffect.Close,,2851593100.0,False,,OrderSide.Sell,OrderStatus.Filled,002812.SZ,,TimeInForce.GTC,,,,1769443200000000000,2026-01-26T16:00:00Z
,0.0,1769356800000000000,2026-01-25T16:00:00Z,0.0,,5f639d03-9174-4c3a-a419-81085f0822c9,OrderRole.Standalone,OrderType.Market,_default,,PositionEffect.Close,,1331786543.94,False,"Risk: Insufficient available position for 002837.SZ at execution. Available: 1331786543.9400000447252615471, Required: 1331786543.9400000572204589843",OrderSide.Sell,OrderStatus.Rejected,002837.SZ,,TimeInForce.GTC,,,,1769443200000000000,2026-01-26T16:00:00Z
128.56131,443933838.228555,1769356800000000000,2026-01-25T16:00:00Z,1381236200.0,,de22e50f-5b67-4b8a-afe7-2ec3e5cab22e,OrderRole.Standalone,OrderType.Market,_default,,PositionEffect.Close,,1381236200.0,False,,OrderSide.Sell,OrderStatus.Filled,300223.SZ,,TimeInForce.GTC,,,,1769443200000000000,2026-01-26T16:00:00Z
328.68099,728092156.96206,1769356800000000000,2026-01-25T16:00:00Z,886077600.0,,547b3380-0fa4-402b-a8a6-5df19d4b0fe0,OrderRole.Standalone,OrderType.Market,_default,,PositionEffect.Close,,886077600.0,False,,OrderSide.Sell,OrderStatus.Filled,300751.SZ,,TimeInForce.GTC,,,,1769443200000000000,2026-01-26T16:00:00Z
350.67897,508139613.733005,1769356800000000000,2026-01-25T16:00:00Z,579606600.0,,8d5005f2-236d-4acb-9db4-8cf8955a0d5e,OrderRole.Standalone,OrderType.Market,_default,,PositionEffect.Close,,579606600.0,False,,OrderSide.Sell,OrderStatus.Filled,301308.SZ,,TimeInForce.GTC,,,,1769443200000000000,2026-01-26T16:00:00Z
93.48642,523332772.2711,1769356800000000000,2026-01-25T16:00:00Z,2239182000.0,,1b948715-f711-47ef-98e2-9f9109099b1b,OrderRole.Standalone,OrderType.Market,_default,,PositionEffect.Close,,2239182000.0,False,,OrderSide.Sell,OrderStatus.Filled,600118.SH,,TimeInForce.GTC,,,,1769443200000000000,2026-01-26T16:00:00Z
16.97301,399131850.5805375,1769356800000000000,2026-01-25T16:00:00Z,9406271500.0,,9f287887-8ac7-41f1-beed-f71bf442a247,OrderRole.Standalone,OrderType.Market,_default,,PositionEffect.Close,,9406271500.0,False,,OrderSide.Sell,OrderStatus.Filled,688472.SH,,TimeInForce.GTC,,,,1769443200000000000,2026-01-26T16:00:00Z
