date,value
2010-01-04,100000000.0
2010-01-05,100031111.68436
2010-01-06,99668180.68436
2010-01-07,97468989.68436
2010-01-08,98399926.68436
2010-01-11,97986040.68436
2010-01-12,99957342.68436
2010-01-13,99689212.68436
2010-01-14,102955674.68436
2010-01-15,102616144.68436
2010-01-18,105183125.68436
2010-01-19,106265842.68436
2010-01-20,103818630.68436
2010-01-21,104939095.68436
2010-01-22,102738229.68436
2010-01-25,102193700.68436
2010-01-26,101559109.68436
2010-01-27,100532840.68436
2010-01-28,101776852.68436
2010-01-29,102276520.68436
2010-02-01,101532458.68436
2010-02-02,100400259.68436
2010-02-03,100265692.68436
2010-02-04,101304168.68436
2010-02-05,100104574.68436
2010-02-08,99905416.68436
2010-02-09,99234587.68436
2010-02-10,100012433.68436
2010-02-11,100491025.68436
2010-02-12,102056743.68436
2010-02-22,102257872.68436
2010-02-23,103185407.68436
2010-02-24,105948833.68436
2010-02-25,108183653.68436
2010-02-26,109359416.68436
2010-03-01,109922981.68436
2010-03-02,109233416.68436
2010-03-03,109641373.68436
2010-03-04,106955473.68436
2010-03-05,107586200.68436
2010-03-08,109879963.68436
2010-03-09,110223460.68436
2010-03-10,108753687.68436
2010-03-11,107971108.68436
2010-03-12,106912300.68436
2010-03-15,105643458.68436
2010-03-16,106426946.68436
2010-03-17,107376052.68436
2010-03-18,107144424.68436
2010-03-19,108058736.68436
2010-03-22,109891772.68436
2010-03-23,109452277.68436
2010-03-24,109897229.68436
2010-03-25,109600395.68436
2010-03-26,111269404.68436
2010-03-29,111796977.68436
2010-03-30,111985823.68436
2010-03-31,112824746.68436
2010-04-01,113917781.68436
2010-04-02,113653859.68436
2010-04-06,114544385.68436
2010-04-07,114574745.68436
2010-04-08,114682982.68436
2010-04-09,116305422.68436
2010-04-12,118641623.68436
2010-04-13,116085204.68436
2010-04-14,117993252.68436
2010-04-15,116682595.68436
2010-04-16,116946454.68436
2010-04-19,113232091.68436
2010-04-20,116163807.68436
2010-04-21,118918695.68436
2010-04-22,118864757.68436
2010-04-23,118307494.68436
2010-04-26,116813190.68436
2010-04-27,115158531.68436
2010-04-28,115332672.68436
2010-04-29,111375100.68436
2010-04-30,108317663.68436
2010-05-04,109443685.68436
2010-05-05,112202093.68436
2010-05-06,109967575.68436
2010-05-07,102942819.68436
2010-05-10,100552994.68436
2010-05-11,98306471.68436
2010-05-12,95401669.68436
2010-05-13,98241393.68436
2010-05-14,99485900.68436
2010-05-17,95866588.68436
2010-05-18,96071640.68436
2010-05-19,96355301.68436
2010-05-20,95680037.68436
2010-05-21,97212268.68436
2010-05-24,100507606.68436
2010-05-25,100192612.68436
2010-05-26,100807645.68436
2010-05-27,102265160.68436
2010-05-28,103443707.68436
2010-05-31,101307061.68436
2010-06-01,101044311.68436
2010-06-02,101106344.68436
2010-06-03,101812528.68436
2010-06-04,103271666.68436
2010-06-07,104296888.68436
2010-06-08,105573588.68436
2010-06-09,107881494.68436
2010-06-10,107126748.68436
2010-06-11,105655730.68436
2010-06-17,101920156.68436
2010-06-18,99346382.68436
2010-06-21,101259522.68436
2010-06-22,103018347.68436
2010-06-23,102443942.68436
2010-06-24,102398748.68436
2010-06-25,100193404.68436
2010-06-28,99368471.68436
2010-06-29,95011567.68436
2010-06-30,95230593.68436
2010-07-01,92771565.68436
2010-07-02,90788953.68436
2010-07-05,90260505.68436
2010-07-06,92163431.68436
2010-07-07,94293376.68436
2010-07-08,93962444.68436
2010-07-09,96484161.68436
2010-07-12,97143817.68436
2010-07-13,95952329.68436
2010-07-14,95852152.68436
2010-07-15,94919084.68436
2010-07-16,96454720.68436
2010-07-19,98197396.68436
2010-07-20,99848015.68436
2010-07-21,100178476.68436
2010-07-22,101775699.68436
2010-07-23,101979033.68436
2010-07-26,103643931.68436
2010-07-27,104848540.68436
2010-07-28,106778014.68436
2010-07-29,107883201.68436
2010-07-30,108165116.68436
2010-08-02,109633218.68436
2010-08-03,108598253.68436
2010-08-04,110334934.68436
2010-08-05,111022637.68436
2010-08-06,112417130.68436
2010-08-09,113750003.68436
2010-08-10,111144167.68436
2010-08-11,112102635.68436
2010-08-12,112605114.68436
2010-08-13,112534732.68436
2010-08-16,114882028.68436
2010-08-17,115026738.68436
2010-08-18,113664157.68436
2010-08-19,113762268.68436
2010-08-20,111713526.68436
2010-08-23,111046896.68436
2010-08-24,112649036.68436
2010-08-25,112291694.68436
2010-08-26,113159761.68436
2010-08-27,113571899.68436
2010-08-30,117639516.68436
2010-08-31,117887586.68436
2010-09-01,114738375.68436
2010-09-02,116659418.68436
2010-09-03,117853482.68436
2010-09-06,117402791.68436
2010-09-07,116753775.68436
2010-09-08,118422770.68436
2010-09-09,117521759.68436
2010-09-10,118971277.68436
2010-09-13,119751167.68436
2010-09-14,121022524.68436
2010-09-15,119070978.68436
2010-09-16,115529240.68436
2010-09-17,116299468.68436
2010-09-20,116892778.68436
2010-09-21,117860351.68436
2010-09-27,120241099.68436
2010-09-28,120464735.68436
2010-09-29,118189153.68436
2010-09-30,119711688.68436
2010-10-08,123430761.68436
2010-10-11,120460369.68436
2010-10-12,121214812.68436
2010-10-13,120513273.68436
2010-10-14,116307003.68436
2010-10-15,116261969.68436
2010-10-18,115523553.68436
2010-10-19,118340579.68436
2010-10-20,120254286.68436
2010-10-21,119395864.68436
2010-10-22,120915063.68436
2010-10-25,123583533.68436
2010-10-26,123328499.68436
2010-10-27,122754116.68436
2010-10-28,122045356.68436
2010-10-29,123181387.68436
2010-11-01,127392935.68436
2010-11-02,128164451.68436
2010-11-03,127879389.68436
2010-11-04,130698543.68436
2010-11-05,130863405.997585
2010-11-08,134325344.9110825
2010-11-09,134587243.9110825
2010-11-10,136954757.9110825
2010-11-11,137030838.9110825
2010-11-12,129333549.9110825
2010-11-15,133941337.9110825
2010-11-16,128113616.9110825
2010-11-17,123779719.9110825
2010-11-18,126017620.9110825
2010-11-19,131688959.9110825
2010-11-22,133163975.9110825
2010-11-23,132480680.9110825
2010-11-24,134667789.9110825
2010-11-25,134753701.9110825
2010-11-26,133984495.9110825
2010-11-29,134551567.9110825
2010-11-30,132119890.9110825
2010-12-01,130189084.9110825
2010-12-02,131247019.9110825
2010-12-03,128607248.9110825
2010-12-06,121533166.9110825
2010-12-07,124265968.9110825
2010-12-08,124657355.9110825
2010-12-09,122337397.9110825
2010-12-10,124887023.9110825
2010-12-13,127575667.9110825
2010-12-14,129571447.9110825
2010-12-15,128105492.9110825
2010-12-16,128050854.9110825
2010-12-17,126257679.9110825
2010-12-20,123861338.9110825
2010-12-21,125751273.9110825
2010-12-22,123857633.9110825
2010-12-23,123152261.9110825
2010-12-24,119795389.9110825
2010-12-27,117666653.9110825
2010-12-28,115366335.9110825
2010-12-29,117792850.9110825
2010-12-30,118936936.9110825
2010-12-31,121748165.9110825
2011-01-04,123642450.9110825
2011-01-05,123534671.9110825
2011-01-06,122769432.9110825
2011-01-07,121171940.9110825
2011-01-10,116178360.9110825
2011-01-11,114259795.9110825
2011-01-12,114058406.9110825
2011-01-13,115984592.9110825
2011-01-14,114149870.9110825
2011-01-17,110597030.9110825
2011-01-18,110278698.9110825
2011-01-19,113005753.9110825
2011-01-20,109876635.9110825
2011-01-21,109489680.9110825
2011-01-24,105409331.9110825
2011-01-25,105187085.9110825
2011-01-26,106401040.9110825
2011-01-27,108888582.9110825
2011-01-28,109940361.9110825
2011-01-31,110199025.5886825
2011-02-01,112167327.3481125
2011-02-09,112420741.3481125
2011-02-10,115019697.3481125
2011-02-11,115967808.3481125
2011-02-14,118792020.3481125
2011-02-15,119462363.3481125
2011-02-16,121080102.3481125
2011-02-17,120488410.3481125
2011-02-18,119429386.3481125
2011-02-21,122639568.3481125
2011-02-22,120595922.3481125
2011-02-23,122288763.3481125
2011-02-24,122122695.3481125
2011-02-25,121118688.3481125
2011-02-28,122810998.3481125
2011-03-01,122542265.3481125
2011-03-02,122068003.3481125
2011-03-03,116423395.3481125
2011-03-04,118486186.3481125
2011-03-07,119500092.39602
2011-03-08,120185664.5297575
2011-03-09,121630091.5297575
2011-03-10,121797491.5297575
2011-03-11,120416229.5297575
2011-03-14,120111403.5297575
2011-03-15,118538869.5297575
2011-03-16,120042317.5297575
2011-03-17,118708417.5297575
2011-03-18,118372071.5297575
2011-03-21,116958222.5297575
2011-03-22,116858700.5297575
2011-03-23,117882209.5297575
2011-03-24,117357372.5297575
2011-03-25,117714194.5297575
2011-03-28,116712840.5297575
2011-03-29,115088156.5297575
2011-03-30,113249028.5297575
2011-03-31,113205226.5297575
2011-04-01,114412912.5297575
2011-04-06,113958700.83524
2011-04-07,116321292.6699325
2011-04-08,116624847.6699325
2011-04-11,117271664.6699325
2011-04-12,118393746.6699325
2011-04-13,119477434.6699325
2011-04-14,119493578.6699325
2011-04-15,119515259.6699325
2011-04-18,119803882.6699325
2011-04-19,118268494.6699325
2011-04-20,117951767.6699325
2011-04-21,118429989.6699325
2011-04-22,118873828.6699325
2011-04-25,117101022.6699325
2011-04-26,116206604.6699325
2011-04-27,116518553.6699325
2011-04-28,115185431.6699325
2011-04-29,117236038.6699325
2011-05-03,118156457.6699325
2011-05-04,116749449.6699325
2011-05-05,116115546.309605
2011-05-06,116526139.192585
2011-05-09,118075536.192585
2011-05-10,118784856.192585
2011-05-11,118230162.192585
2011-05-12,117303724.192585
2011-05-13,116974634.192585
2011-05-16,116921526.192585
2011-05-17,116525187.192585
2011-05-18,116495072.192585
2011-05-19,115854950.192585
2011-05-20,115805586.192585
2011-05-23,112898993.192585
2011-05-24,113070661.192585
2011-05-25,112406827.192585
2011-05-26,111270027.192585
2011-05-27,108968246.192585
2011-05-30,108222173.192585
2011-05-31,110581060.192585
2011-06-01,110666883.192585
2011-06-02,109175990.8434475
2011-06-03,109474833.8313525
2011-06-07,109751377.8313525
2011-06-08,112614432.8313525
2011-06-09,111090570.8313525
2011-06-10,110363763.8313525
2011-06-13,110937613.8313525
2011-06-14,112109705.8313525
2011-06-15,111267253.8313525
2011-06-16,108806083.8313525
2011-06-17,107915133.8313525
2011-06-20,106665168.8313525
2011-06-21,107566494.8313525
2011-06-22,108076887.8313525
2011-06-23,109696825.8313525
2011-06-24,111963885.8313525
2011-06-27,112960462.8313525
2011-06-28,114056728.8313525
2011-06-29,112983318.8313525
2011-06-30,114027102.8313525
2011-07-01,115262069.81246
2011-07-04,116938066.84
2011-07-05,117120596.84
2011-07-06,117859140.84
2011-07-07,117534045.84
2011-07-08,117093172.84
2011-07-11,117970360.84
2011-07-12,118127600.84
2011-07-13,120156347.84
2011-07-14,121183522.84
2011-07-15,121856350.84
2011-07-18,122518549.84
2011-07-19,120827780.84
2011-07-20,120911238.84
2011-07-21,120540654.84
2011-07-22,120719736.84
2011-07-25,117257283.84
2011-07-26,117178010.84
2011-07-27,119185348.84
2011-07-28,119350411.84
2011-07-29,118922889.544485
2011-08-01,117892657.14109
2011-08-02,117183491.14109
2011-08-03,116482286.14109
2011-08-04,116385830.14109
2011-08-05,113453296.14109
2011-08-08,109194711.14109
2011-08-09,109455148.14109
2011-08-10,109971284.14109
2011-08-11,111429404.14109
2011-08-12,111558482.14109
2011-08-15,112357449.14109
2011-08-16,111536207.14109
2011-08-17,111120534.14109
2011-08-18,109315946.14109
2011-08-19,108905890.14109
2011-08-22,108183482.14109
2011-08-23,109484772.14109
2011-08-24,108917673.14109
2011-08-25,111412015.14109
2011-08-26,110784643.4712975
2011-08-29,109968538.5001925
2011-08-30,108969509.5001925
2011-08-31,108430517.5001925
2011-09-01,107948548.5001925
2011-09-02,105741110.5001925
2011-09-05,102697685.5001925
2011-09-06,101884248.5001925
2011-09-07,104018657.5001925
2011-09-08,103489584.5001925
2011-09-09,103501746.5001925
2011-09-13,102623684.5001925
2011-09-14,104345403.5001925
2011-09-15,103954657.5001925
2011-09-16,104119438.5001925
2011-09-19,102471396.5001925
2011-09-20,102330480.5001925
2011-09-21,105499914.5001925
2011-09-22,102236181.5001925
2011-09-23,100713043.5001925
2011-09-26,99661165.4126175
2011-09-27,100058942.710165
2011-09-28,98600884.710165
2011-09-29,96314755.710165
2011-09-30,96401281.710165
2011-10-10,95472364.710165
2011-10-11,95765676.710165
2011-10-12,98864660.710165
2011-10-13,100391456.710165
2011-10-14,100082334.710165
2011-10-17,100721783.710165
2011-10-18,98736105.710165
2011-10-19,98578262.710165
2011-10-20,95951090.710165
2011-10-21,94472743.710165
2011-10-24,97800502.710165
2011-10-25,99999148.710165
2011-10-26,100595019.710165
2011-10-27,100816241.710165
2011-10-28,103011430.710165
2011-10-31,102172613.2448375
2011-11-01,103240289.3252875
2011-11-02,105187705.3252875
2011-11-03,106412336.3252875
2011-11-04,106320347.3252875
2011-11-07,105594586.3252875
2011-11-08,104793832.3252875
2011-11-09,107533927.3252875
2011-11-10,106683561.3252875
2011-11-11,106287709.3252875
2011-11-14,109300876.3252875
2011-11-15,109870366.3252875
2011-11-16,108054417.3252875
2011-11-17,109248539.3252875
2011-11-18,106218100.3252875
2011-11-21,106905112.3252875
2011-11-22,106014475.3252875
2011-11-23,106829674.3252875
2011-11-24,106489749.3252875
2011-11-25,105765842.3252875
2011-11-28,105449498.6638925
2011-11-29,106971290.8356475
2011-11-30,103819317.8356475
2011-12-01,104802394.8356475
2011-12-02,103597626.8356475
2011-12-05,100295826.8356475
2011-12-06,99841126.8356475
2011-12-07,100272044.8356475
2011-12-08,100807935.8356475
2011-12-09,99278693.8356475
2011-12-12,98337578.8356475
2011-12-13,95691897.8356475
2011-12-14,94505479.8356475
2011-12-15,92837528.8356475
2011-12-16,93870055.8356475
2011-12-19,93235242.8356475
2011-12-20,91435347.8356475
2011-12-21,89013636.8356475
2011-12-22,86694322.8356475
2011-12-23,86718283.8356475
2011-12-26,86187438.7885325
2011-12-27,84180741.9279325
2011-12-28,84199358.9279325
2011-12-29,83724073.9279325
2011-12-30,85318159.9279325
2012-01-04,82642890.9279325
2012-01-05,79742738.9279325
2012-01-06,80244323.9279325
2012-01-09,82856425.9279325
2012-01-10,87333158.9279325
2012-01-11,87918845.9279325
2012-01-12,89419480.9279325
2012-01-13,88646803.9279325
2012-01-16,87863498.9279325
2012-01-17,92452751.9279325
2012-01-18,91514264.9279325
2012-01-19,93187977.9279325
2012-01-20,93592092.9279325
2012-01-30,94255692.9279325
2012-01-31,94629914.9279325
2012-02-01,94197065.3280225
2012-02-02,96229301.11823
2012-02-03,98081259.11823
2012-02-06,99299247.11823
2012-02-07,98319078.11823
2012-02-08,100107841.11823
2012-02-09,101373757.11823
2012-02-10,102831324.11823
2012-02-13,105426255.11823
2012-02-14,104521887.11823
2012-02-15,105487779.11823
2012-02-16,104871295.11823
2012-02-17,105729098.11823
2012-02-20,105478744.11823
2012-02-21,107591440.11823
2012-02-22,111109899.11823
2012-02-23,112417740.11823
2012-02-24,112409157.11823
2012-02-27,111834032.11823
2012-02-28,109637664.11823
2012-02-29,109282057.6450325
2012-03-01,107927885.7321025
2012-03-02,110095139.7321025
2012-03-05,109868420.7321025
2012-03-06,109503313.7321025
2012-03-07,109329266.7321025
2012-03-08,109592316.7321025
2012-03-09,110192395.7321025
2012-03-12,110370524.7321025
2012-03-13,110868949.7321025
2012-03-14,107872784.7321025
2012-03-15,107524297.7321025
2012-03-16,108973077.7321025
2012-03-19,109200755.7321025
2012-03-20,107455642.7321025
2012-03-21,107137074.7321025
2012-03-22,106477972.7321025
2012-03-23,105710553.7321025
2012-03-26,106175016.7321025
2012-03-27,106200601.7321025
2012-03-28,105762201.0942275
2012-03-29,101719896.8886575
2012-03-30,102163112.8886575
2012-04-05,104773740.8886575
2012-04-06,105111220.8886575
2012-04-09,105068574.8886575
2012-04-10,105498548.8886575
2012-04-11,104922426.8886575
2012-04-12,106385398.8886575
2012-04-13,107269852.8886575
2012-04-16,107408830.8886575
2012-04-17,106243306.8886575
2012-04-18,106616844.8886575
2012-04-19,106605384.8886575
2012-04-20,107468934.8886575
2012-04-23,106781290.8886575
2012-04-24,105814552.8886575
2012-04-25,105430330.8886575
2012-04-26,105831681.8886575
2012-04-27,105465472.8886575
2012-05-02,106393295.3726575
2012-05-03,107142239.3186825
2012-05-04,109479919.3186825
2012-05-07,111884319.3186825
2012-05-08,113851158.3186825
2012-05-09,113495408.3186825
2012-05-10,116552916.3186825
2012-05-11,117208104.3186825
2012-05-14,119411290.3186825
2012-05-15,114119985.3186825
2012-05-16,110760249.3186825
2012-05-17,113814534.3186825
2012-05-18,112329150.3186825
2012-05-21,112295435.3186825
2012-05-22,115891946.3186825
2012-05-23,115312606.3186825
2012-05-24,116576333.3186825
2012-05-25,113833993.3186825
2012-05-28,114207660.3186825
2012-05-29,116099833.3186825
2012-05-30,115789809.6815275
2012-05-31,116753298.5806975
2012-06-01,116883801.5806975
2012-06-04,113045729.5806975
2012-06-05,113183168.5806975
2012-06-06,112278015.5806975
2012-06-07,111167457.5806975
2012-06-08,110398149.5806975
2012-06-11,112043633.5806975
2012-06-12,110508621.5806975
2012-06-13,112195726.5806975
2012-06-14,111771296.5806975
2012-06-15,111598344.5806975
2012-06-18,112203836.5806975
2012-06-19,112558788.5806975
2012-06-20,112344928.5806975
2012-06-21,110488714.5806975
2012-06-25,107678096.5806975
2012-06-26,106594560.5806975
2012-06-27,106017417.5806975
2012-06-28,105120246.70622751
2012-06-29,104894150.7322325
2012-07-02,106441331.7322325
2012-07-03,107228270.7322325
2012-07-04,107527896.7322325
2012-07-05,104921040.7322325
2012-07-06,107033365.7322325
2012-07-09,104091571.7322325
2012-07-10,103246143.7322325
2012-07-11,103724099.7322325
2012-07-12,104839077.7322325
2012-07-13,103001057.7322325
2012-07-16,97737024.7322325
2012-07-17,97543115.7322325
2012-07-18,96649584.7322325
2012-07-19,98061459.7322325
2012-07-20,97397423.7322325
2012-07-23,96009153.7322325
2012-07-24,97312342.7322325
2012-07-25,97072430.7322325
2012-07-26,97257208.252855
2012-07-27,96100425.234315
2012-07-30,92382667.234315
2012-07-31,90028825.234315
2012-08-01,91319140.234315
2012-08-02,90041511.234315
2012-08-03,92881663.234315
2012-08-06,95286012.234315
2012-08-07,96213954.234315
2012-08-08,96444514.234315
2012-08-09,97960622.234315
2012-08-10,98415731.234315
2012-08-13,94386222.234315
2012-08-14,95338079.234315
2012-08-15,94336156.234315
2012-08-16,93419892.234315
2012-08-17,92202057.234315
2012-08-20,92061479.234315
2012-08-21,93831359.234315
2012-08-22,92706488.234315
2012-08-23,92936917.377725
2012-08-24,90763846.4174125
2012-08-27,86824076.4174125
2012-08-28,86917536.4174125
2012-08-29,86827176.4174125
2012-08-30,86083105.4174125
2012-08-31,85959237.4174125
2012-09-03,87826119.4174125
2012-09-04,86670101.4174125
2012-09-05,86971443.4174125
2012-09-06,88418214.4174125
2012-09-07,92602045.4174125
2012-09-10,94342959.4174125
2012-09-11,93845835.4174125
2012-09-12,94304654.4174125
2012-09-13,92837235.4174125
2012-09-14,94437643.4174125
2012-09-17,91419913.4174125
2012-09-18,90120961.4174125
2012-09-19,91474687.4174125
2012-09-20,90468112.7197725
2012-09-21,88557340.3052425
2012-09-24,88718556.3052425
2012-09-25,88723939.3052425
2012-09-26,87350151.3052425
2012-09-27,89711877.3052425
2012-09-28,91356518.3052425
2012-10-08,90340817.3052425
2012-10-09,92257022.3052425
2012-10-10,93922930.3052425
2012-10-11,92943013.3052425
2012-10-12,92163846.3052425
2012-10-15,91398425.3052425
2012-10-16,92377773.3052425
2012-10-17,92443131.3052425
2012-10-18,93704757.3052425
2012-10-19,94024440.3052425
2012-10-22,93804261.3052425
2012-10-23,92445173.3052425
2012-10-24,92629486.3052425
2012-10-25,92088813.347175
2012-10-26,89865903.1158175
2012-10-29,89238736.1158175
2012-10-30,89437195.1158175
2012-10-31,88432155.1158175
2012-11-01,89808035.1158175
2012-11-02,89457976.1158175
2012-11-05,89552144.1158175
2012-11-06,89639714.1158175
2012-11-07,89791365.1158175
2012-11-08,87779291.1158175
2012-11-09,87852487.1158175
2012-11-12,88090958.1158175
2012-11-13,86713611.1158175
2012-11-14,87305548.1158175
2012-11-15,86038327.1158175
2012-11-16,84558443.1158175
2012-11-19,84885327.1158175
2012-11-20,84356545.1158175
2012-11-21,85537228.1158175
2012-11-22,84960037.8908225
2012-11-23,86091298.0827475
2012-11-26,85328833.0827475
2012-11-27,83744699.0827475
2012-11-28,82756768.0827475
2012-11-29,82460592.0827475
2012-11-30,83417806.0827475
2012-12-03,80925387.0827475
2012-12-04,81513952.0827475
2012-12-05,83110290.0827475
2012-12-06,83122332.0827475
2012-12-07,84271810.0827475
2012-12-10,86276497.0827475
2012-12-11,88319612.0827475
2012-12-12,87540111.0827475
2012-12-13,85711080.0827475
2012-12-14,88735164.0827475
2012-12-17,89761037.0827475
2012-12-18,89720822.0827475
2012-12-19,90358209.0827475
2012-12-20,89634073.6362925
2012-12-21,89928895.3374175
2012-12-24,89731823.3374175
2012-12-25,91707795.3374175
2012-12-26,92966731.3374175
2012-12-27,93921635.3374175
2012-12-28,95147148.3374175
2012-12-31,95003157.3374175
2013-01-04,93996706.3374175
2013-01-07,95578727.3374175
2013-01-08,97594506.3374175
2013-01-09,98854792.3374175
2013-01-10,99193438.3374175
2013-01-11,98112734.3374175
2013-01-14,101479801.3374175
2013-01-15,101852162.3374175
2013-01-16,100653059.3374175
2013-01-17,100094522.3374175
2013-01-18,99807885.3374175
2013-01-21,99029599.3374175
2013-01-22,98690334.0458375
2013-01-23,98813320.6082975
2013-01-24,98245206.6082975
2013-01-25,97999890.6082975
2013-01-28,99770498.6082975
2013-01-29,99979316.6082975
2013-01-30,101084979.6082975
2013-01-31,101341003.6082975
2013-02-01,102383466.6082975
2013-02-04,102952376.6082975
2013-02-05,103206280.6082975
2013-02-06,102793471.6082975
2013-02-07,102048991.6082975
2013-02-08,102526761.6082975
2013-02-18,102131481.6082975
2013-02-19,101115152.6082975
2013-02-20,101202528.6082975
2013-02-21,98707457.6082975
2013-02-22,98201411.6082975
2013-02-25,98411039.6082975
2013-02-26,97709213.6379925
2013-02-27,96484506.96818252
2013-02-28,96829718.96818252
2013-03-01,96287514.96818252
2013-03-04,94009167.96818252
2013-03-05,94500466.96818252
2013-03-06,95997821.96818252
2013-03-07,97066175.96818252
2013-03-08,96959395.96818252
2013-03-11,95969936.96818252
2013-03-12,95255668.96818252
2013-03-13,95514457.96818252
2013-03-14,93746793.96818252
2013-03-15,92223962.96818252
2013-03-18,88709177.96818252
2013-03-19,88061355.96818252
2013-03-20,90187680.96818252
2013-03-21,89328002.96818252
2013-03-22,89398435.96818252
2013-03-25,90575196.96818252
2013-03-26,89965809.6917075
2013-03-27,89565574.1598275
2013-03-28,86960971.1598275
2013-03-29,87243105.1598275
2013-04-01,88631098.1598275
2013-04-02,87472939.1598275
2013-04-03,86438773.1598275
2013-04-08,85928168.1598275
2013-04-09,85969298.1598275
2013-04-10,85028841.1598275
2013-04-11,84573244.1598275
2013-04-12,84331517.1598275
2013-04-15,83431800.1598275
2013-04-16,84142355.1598275
2013-04-17,84755433.1598275
2013-04-18,85022537.1598275
2013-04-19,86735549.1598275
2013-04-22,86571692.1598275
2013-04-23,85921353.1598275
2013-04-24,88372265.1598275
2013-04-25,88147343.367165
2013-04-26,85408187.537615
2013-05-02,84828759.537615
2013-05-03,85974746.537615
2013-05-06,87073455.537615
2013-05-07,88587008.537615
2013-05-08,90131427.537615
2013-05-09,89717988.537615
2013-05-10,89096996.537615
2013-05-13,90497220.537615
2013-05-14,89488748.537615
2013-05-15,91372841.537615
2013-05-16,92033270.537615
2013-05-17,93508290.537615
2013-05-20,96463052.537615
2013-05-21,99772230.537615
2013-05-22,99297993.537615
2013-05-23,98524622.537615
2013-05-24,100812205.537615
2013-05-27,101284326.537615
2013-05-28,100990958.4232225
2013-05-29,99541538.167405
2013-05-30,100716058.167405
2013-05-31,99439862.167405
2013-06-03,97891380.167405
2013-06-04,95916111.167405
2013-06-05,96757861.167405
2013-06-06,96390907.167405
2013-06-07,96238920.167405
2013-06-13,93667920.167405
2013-06-14,95935241.167405
2013-06-17,97488329.167405
2013-06-18,97546525.167405
2013-06-19,97206581.167405
2013-06-20,94374570.167405
2013-06-21,94352118.167405
2013-06-24,91818552.167405
2013-06-25,92740023.167405
2013-06-26,95807704.167405
2013-06-27,94564039.167405
2013-06-28,94571706.9231425
2013-07-01,95428148.991475
2013-07-02,96756820.991475
2013-07-03,97611417.991475
2013-07-04,97922817.991475
2013-07-05,96868739.991475
2013-07-08,93471266.991475
2013-07-09,93361430.991475
2013-07-10,95237613.991475
2013-07-11,97738509.991475
2013-07-12,97457569.991475
2013-07-15,98729427.991475
2013-07-16,99211132.991475
2013-07-17,96541857.991475
2013-07-18,96891494.991475
2013-07-19,94922065.991475
2013-07-22,96165313.991475
2013-07-23,97826306.991475
2013-07-24,97516845.991475
2013-07-25,96077713.991475
2013-07-26,95217243.6065575
2013-07-29,92385963.8263125
2013-07-30,92289829.8263125
2013-07-31,92696456.8263125
2013-08-01,95145338.8263125
2013-08-02,95499075.8263125
2013-08-05,96382871.8263125
2013-08-06,96517085.8263125
2013-08-07,95931320.8263125
2013-08-08,95762249.8263125
2013-08-09,95836588.8263125
2013-08-12,98592658.8263125
2013-08-13,99361435.8263125
2013-08-14,99307983.8263125
2013-08-15,98390760.8263125
2013-08-16,97553527.8263125
2013-08-19,99457810.8263125
2013-08-20,99150491.8263125
2013-08-21,99243246.8263125
2013-08-22,99748890.8263125
2013-08-23,99749368.5664125
2013-08-26,99828460.334425
2013-08-27,100234996.334425
2013-08-28,99969357.334425
2013-08-29,100257063.334425
2013-08-30,99629187.334425
2013-09-02,99446362.334425
2013-09-03,100678793.334425
2013-09-04,100309819.334425
2013-09-05,100554362.334425
2013-09-06,101758009.334425
2013-09-09,101796965.334425
2013-09-10,101248539.334425
2013-09-11,101454414.334425
2013-09-12,101173147.334425
2013-09-13,101602103.334425
2013-09-16,100366187.334425
2013-09-17,98842071.334425
2013-09-18,99127190.334425
2013-09-23,101222027.334425
2013-09-24,100780544.1445725
2013-09-25,100535560.1078175
2013-09-26,99225667.1078175
2013-09-27,98910701.1078175
2013-09-30,100230979.1078175
2013-10-08,101161488.1078175
2013-10-09,103190808.1078175
2013-10-10,102115393.1078175
2013-10-11,103267112.1078175
2013-10-14,103578782.1078175
2013-10-15,103228455.1078175
2013-10-16,100054092.1078175
2013-10-17,99473945.1078175
2013-10-18,100030984.1078175
2013-10-21,102032246.1078175
2013-10-22,101111194.1078175
2013-10-23,99699013.1078175
2013-10-24,99160964.1078175
2013-10-25,98222273.1078175
2013-10-28,98488226.1078175
2013-10-29,97685437.256855
2013-10-30,99737725.548845
2013-10-31,97418792.548845
2013-11-01,96711297.548845
2013-11-04,97056286.548845
2013-11-05,99316126.548845
2013-11-06,98590766.548845
2013-11-07,97013311.548845
2013-11-08,94216042.548845
2013-11-11,94628206.548845
2013-11-12,95701161.548845
2013-11-13,94369014.548845
2013-11-14,96232129.548845
2013-11-15,98074588.548845
2013-11-18,100478241.548845
2013-11-19,101303926.548845
2013-11-20,101687396.548845
2013-11-21,101494737.548845
2013-11-22,99428561.548845
2013-11-25,99886542.548845
2013-11-26,99907683.88798
2013-11-27,100841864.78014
2013-11-28,101567817.78014
2013-11-29,102269516.78014
2013-12-02,97015202.78014
2013-12-03,98743205.78014
2013-12-04,99493596.78014
2013-12-05,99802687.78014
2013-12-06,100152628.78014
2013-12-09,100070018.78014
2013-12-10,99505609.78014
2013-12-11,99434321.78014
2013-12-12,100428542.78014
2013-12-13,101106109.78014
2013-12-16,99391060.78014
2013-12-17,99137266.78014
2013-12-18,98886225.78014
2013-12-19,98397830.78014
2013-12-20,96712338.78014
2013-12-23,96492330.78014
2013-12-24,96607503.0220225
2013-12-25,99078313.79664
2013-12-26,97313196.79664
2013-12-27,99930795.79664
2013-12-30,100741146.79664
2013-12-31,100598973.79664
2014-01-02,100491988.79664
2014-01-03,100638817.79664
2014-01-06,97613950.79664
2014-01-07,98795884.79664
2014-01-08,99931353.79664
2014-01-09,100402261.79664
2014-01-10,97833726.79664
2014-01-13,96476331.79664
2014-01-14,97995731.79664
2014-01-15,100010629.79664
2014-01-16,99865546.79664
2014-01-17,100202383.79664
2014-01-20,99757059.79664
2014-01-21,102375059.79664
2014-01-22,103676000.7005925
2014-01-23,105734750.3380275
2014-01-24,107479938.3380275
2014-01-27,105837474.3380275
2014-01-28,105009670.3380275
2014-01-29,105056782.3380275
2014-01-30,104383305.3380275
2014-02-07,104729382.3380275
2014-02-10,108708613.3380275
2014-02-11,109662425.3380275
2014-02-12,109877498.3380275
2014-02-13,109024651.3380275
2014-02-14,109554196.3380275
2014-02-17,111307173.3380275
2014-02-18,111050014.3380275
2014-02-19,111832240.3380275
2014-02-20,110999494.3380275
2014-02-21,109804160.3380275
2014-02-24,107175186.3380275
2014-02-25,102790400.3380275
2014-02-26,101877771.1280975
2014-02-27,100628121.78244
2014-02-28,101019337.78244
2014-03-03,101369521.78244
2014-03-04,99496472.78244
2014-03-05,99739316.78244
2014-03-06,98700711.78244
2014-03-07,100304838.78244
2014-03-10,99032893.78244
2014-03-11,100160993.78244
2014-03-12,100517761.78244
2014-03-13,102417288.78244
2014-03-14,101788379.78244
2014-03-17,102913098.78244
2014-03-18,101836343.78244
2014-03-19,99962659.78244
2014-03-20,97188217.78244
2014-03-21,100800750.78244
2014-03-24,102405613.78244
2014-03-25,102226262.78244
2014-03-26,101954235.2174625
2014-03-27,100588190.21573
2014-03-28,100508689.21573
2014-03-31,98768728.21573
2014-04-01,100102365.21573
2014-04-02,100237606.21573
2014-04-03,101088223.21573
2014-04-04,101587590.21573
2014-04-08,103370080.21573
2014-04-09,105876402.21573
2014-04-10,106120054.21573
2014-04-11,104607020.21573
2014-04-14,105534316.21573
2014-04-15,104297361.21573
2014-04-16,104460901.21573
2014-04-17,105679913.21573
2014-04-18,105853921.21573
2014-04-21,105783275.21573
2014-04-22,104695698.21573
2014-04-23,104547593.21573
2014-04-24,104083473.64252
2014-04-25,101682488.2654675
2014-04-28,97438602.2654675
2014-04-29,98293901.2654675
2014-04-30,99391726.2654675
2014-05-05,101378796.2654675
2014-05-06,102482830.2654675
2014-05-07,101891446.2654675
2014-05-08,101030915.2654675
2014-05-09,99588334.2654675
2014-05-12,101671021.2654675
2014-05-13,101022944.2654675
2014-05-14,101215158.2654675
2014-05-15,99665270.2654675
2014-05-16,100027481.2654675
2014-05-19,99357919.2654675
2014-05-20,100241569.2654675
2014-05-21,101583943.2654675
2014-05-22,101261854.2654675
2014-05-23,104204743.2654675
2014-05-26,104864319.7880325
2014-05-27,104702693.3846325
2014-05-28,106139552.3846325
2014-05-29,105321527.3846325
2014-05-30,104809620.3846325
2014-06-03,105542148.3846325
2014-06-04,104752588.3846325
2014-06-05,105413070.3846325
2014-06-06,104540883.3846325
2014-06-09,104975036.3846325
2014-06-10,105691382.3846325
2014-06-11,107062784.3846325
2014-06-12,106679420.3846325
2014-06-13,107457122.3846325
2014-06-16,108280985.3846325
2014-06-17,102479393.3846325
2014-06-18,102379715.3846325
2014-06-19,101091107.3846325
2014-06-20,101941052.3846325
2014-06-23,103340861.3846325
2014-06-24,103663661.725295
2014-06-25,103330398.5278125
2014-06-26,104808055.5278125
2014-06-27,105699168.5278125
2014-06-30,107073755.5278125
2014-07-01,107948182.5278125
2014-07-02,110199047.5278125
2014-07-03,110619923.5278125
2014-07-04,110045324.5278125
2014-07-07,110594653.5278125
2014-07-08,110832510.5278125
2014-07-09,109521243.5278125
2014-07-10,109826519.5278125
2014-07-11,110833586.5278125
2014-07-14,111021257.5278125
2014-07-15,110487147.5278125
2014-07-16,108948153.5278125
2014-07-17,109033644.5278125
2014-07-18,108803764.5278125
2014-07-21,107941385.5278125
2014-07-22,108353102.51748252
2014-07-23,108720845.1896075
2014-07-24,108391343.1896075
2014-07-25,109004189.1896075
2014-07-28,110177450.1896075
2014-07-29,110489075.1896075
2014-07-30,110547559.1896075
2014-07-31,111176061.1896075
2014-08-01,110498805.1896075
2014-08-04,111582231.1896075
2014-08-05,112242610.1896075
2014-08-06,112124455.1896075
2014-08-07,111876514.1896075
2014-08-08,112242520.1896075
2014-08-11,113078528.1896075
2014-08-12,114037598.1896075
2014-08-13,115091710.1896075
2014-08-14,114666422.1896075
2014-08-15,115801577.1896075
2014-08-18,116466950.1896075
2014-08-19,116612759.7159675
2014-08-20,117739069.241665
2014-08-21,117184283.241665
2014-08-22,117841512.241665
2014-08-25,117067381.241665
2014-08-26,115662170.241665
2014-08-27,116541326.241665
2014-08-28,115375945.241665
2014-08-29,116389817.241665
2014-09-01,118118550.241665
2014-09-02,119449998.241665
2014-09-03,121944016.241665
2014-09-04,123953365.241665
2014-09-05,124304552.241665
2014-09-09,127042237.241665
2014-09-10,127295098.241665
2014-09-11,126208038.241665
2014-09-12,127300221.241665
2014-09-15,128582308.241665
2014-09-16,125009832.241665
2014-09-17,126217740.74107
2014-09-18,126701237.729825
2014-09-19,127082364.729825
2014-09-22,125325385.729825
2014-09-23,126620560.729825
2014-09-24,128417455.729825
2014-09-25,128382473.729825
2014-09-26,129284369.729825
2014-09-29,131232315.729825
2014-09-30,133124825.729825
2014-10-08,129620462.729825
2014-10-09,130007917.729825
2014-10-10,130333256.729825
2014-10-13,132446134.729825
2014-10-14,130840731.729825
2014-10-15,130219753.729825
2014-10-16,130008212.729825
2014-10-17,129399012.729825
2014-10-20,129774604.729825
2014-10-21,127971643.729825
2014-10-22,126489386.297055
2014-10-23,123074373.39219
2014-10-24,124268491.39219
2014-10-27,125752549.39219
2014-10-28,128785579.39219
2014-10-29,129616637.39219
2014-10-30,129239121.39219
2014-10-31,129800785.39219
2014-11-03,130829717.39219
2014-11-04,130392793.39219
2014-11-05,130223139.39219
2014-11-06,131116800.39219
2014-11-07,129730142.39219
2014-11-10,129632263.39219
2014-11-11,127326638.39219
2014-11-12,129311512.39219
2014-11-13,129215434.39219
2014-11-14,129121394.39219
2014-11-17,129865677.39219
2014-11-18,130949884.39219
2014-11-19,131157046.26536
2014-11-20,130607872.2517025
2014-11-21,131251433.2517025
2014-11-24,131676473.2517025
2014-11-25,133686292.2517025
2014-11-26,134438040.2517025
2014-11-27,136687589.2517025
2014-11-28,135688004.2517025
2014-12-01,133733557.2517025
2014-12-02,134046585.2517025
2014-12-03,135418996.2517025
2014-12-04,137108931.2517025
2014-12-05,134309890.2517025
2014-12-08,133419730.2517025
2014-12-09,128236504.2517025
2014-12-10,130155996.2517025
2014-12-11,130717779.2517025
2014-12-12,131848482.2517025
2014-12-15,134530815.2517025
2014-12-16,134418425.2517025
2014-12-17,133414575.31283751
2014-12-18,135988991.1513
2014-12-19,140426541.1513
2014-12-22,144070773.1513
2014-12-23,141309835.1513
2014-12-24,139009655.1513
2014-12-25,144456737.1513
2014-12-26,148183397.1513
2014-12-29,150016907.1513
2014-12-30,150806751.1513
2014-12-31,150988443.1513
2015-01-05,154633606.1513
2015-01-06,154072360.1513
2015-01-07,154700013.1513
2015-01-08,150513474.1513
2015-01-09,149872889.1513
2015-01-12,146346835.1513
2015-01-13,147001728.1513
2015-01-14,146994309.1513
2015-01-15,149650973.1513
2015-01-16,150312601.7277025
2015-01-19,141151578.9265475
2015-01-20,144348714.9265475
2015-01-21,149161892.9265475
2015-01-22,150462191.9265475
2015-01-23,150381437.9265475
2015-01-26,152419436.9265475
2015-01-27,151142046.9265475
2015-01-28,149204558.9265475
2015-01-29,147564035.9265475
2015-01-30,145609759.9265475
2015-02-02,142924342.9265475
2015-02-03,144684866.9265475
2015-02-04,143633311.9265475
2015-02-05,140960789.9265475
2015-02-06,136922531.9265475
2015-02-09,136822216.9265475
2015-02-10,139768118.9265475
2015-02-11,142155492.9265475
2015-02-12,143645602.9265475
2015-02-13,143418726.1152225
2015-02-16,147186795.092385
2015-02-17,147267919.092385
2015-02-25,147675517.092385
2015-02-26,149257918.092385
2015-02-27,150126652.092385
2015-03-02,152437178.092385
2015-03-03,152667073.092385
2015-03-04,154843673.092385
2015-03-05,156986710.092385
2015-03-06,157268171.092385
2015-03-09,160157211.092385
2015-03-10,160603969.092385
2015-03-11,161035047.092385
2015-03-12,160786533.092385
2015-03-13,161348541.092385
2015-03-16,164804698.092385
2015-03-17,166402870.092385
2015-03-18,167967411.092385
2015-03-19,170874158.092385
2015-03-20,170829274.12862
2015-03-23,173203286.24068254
2015-03-24,172685870.24068254
2015-03-25,171843643.24068254
2015-03-26,174761125.24068254
2015-03-27,175931811.24068254
2015-03-30,179260902.24068254
2015-03-31,177580232.24068254
2015-04-01,182368206.24068254
2015-04-02,183223352.24068254
2015-04-03,184123882.24068254
2015-04-07,187179437.24068254
2015-04-08,187294714.24068254
2015-04-09,189170345.24068254
2015-04-10,189958197.24068254
2015-04-13,191526165.24068254
2015-04-14,190332271.24068254
2015-04-15,186617346.24068254
2015-04-16,190260501.24068254
2015-04-17,191083968.24068254
2015-04-20,189731647.6673225
2015-04-21,196699926.06958
2015-04-22,204162782.06958
2015-04-23,199433129.06958
2015-04-24,202544229.06958
2015-04-27,204336366.06958
2015-04-28,199196872.06958
2015-04-29,206394933.06958
2015-04-30,203850359.06958
2015-05-04,207347899.06958
2015-05-05,206085947.06958
2015-05-06,211368171.06958
2015-05-07,210334312.06958
2015-05-08,221904441.06958
2015-05-11,237180900.06958
2015-05-12,243921666.06958
2015-05-13,250780910.06958
2015-05-14,254908023.06958
2015-05-15,252445492.06958
2015-05-18,261693889.06958
2015-05-19,263779492.90638
2015-05-20,272566220.238
2015-05-21,284117338.238
2015-05-22,287639362.238
2015-05-25,297122774.238
2015-05-26,313396733.238
2015-05-27,328388170.238
2015-05-28,312326433.238
2015-05-29,324223018.238
2015-06-01,344077260.238
2015-06-02,355708417.238
2015-06-03,360378743.238
2015-06-04,353212153.238
2015-06-05,352116875.238
2015-06-08,344540927.238
2015-06-09,343471707.238
2015-06-10,346328065.238
2015-06-11,353806504.238
2015-06-12,367354967.238
2015-06-15,355722848.238
2015-06-16,346221173.9998825
2015-06-17,350829267.08004
2015-06-18,335598666.08004
2015-06-19,317312737.08004
2015-06-23,324656919.08004
2015-06-24,331910370.08004
2015-06-25,326456568.08004
2015-06-26,301699074.08004
2015-06-29,288120346.08004
2015-06-30,302562469.08004
2015-07-01,285257870.08004
2015-07-02,262544383.08004
2015-07-03,243985302.08004
2015-07-06,230288296.08004
2015-07-07,210464653.08004
2015-07-08,194862790.08004
2015-07-09,209629259.08004
2015-07-10,225888019.08004
2015-07-13,243526990.08004
2015-07-14,257071351.08004
2015-07-15,245643444.910305
2015-07-16,232574011.65465
2015-07-17,248429108.65465
2015-07-20,254958679.65465
2015-07-21,258316284.65465
2015-07-22,265957201.65465
2015-07-23,274666422.65465
2015-07-24,270856369.65465
2015-07-27,255317956.65465
2015-07-28,242499353.65465
2015-07-29,254805533.65465
2015-07-30,248923497.65465
2015-07-31,239078728.65465
2015-08-03,222718241.65465
2015-08-04,238540190.65465
2015-08-05,241430630.65465
2015-08-06,239421164.65465
2015-08-07,248136413.65465
2015-08-10,261478062.65465
2015-08-11,266904049.65465
2015-08-12,266671562.9088875
2015-08-13,276263721.3019625
2015-08-14,277614276.3019625
2015-08-17,276602078.3019625
2015-08-18,254002243.3019625
2015-08-19,263847579.3019625
2015-08-20,257070627.3019625
2015-08-21,243845150.3019625
2015-08-24,224794549.3019625
2015-08-25,208903949.3019625
2015-08-26,200927936.3019625
2015-08-27,208014152.3019625
2015-08-28,219765095.3019625
2015-08-31,210102717.3019625
2015-09-01,196190733.3019625
2015-09-02,189932907.3019625
2015-09-07,194530480.3019625
2015-09-08,203562818.3019625
2015-09-09,210109728.3019625
2015-09-10,207328584.3019625
2015-09-11,208570128.294075
2015-09-14,194727854.5195425
2015-09-15,187044856.5195425
2015-09-16,201115033.5195425
2015-09-17,200314098.5195425
2015-09-18,203174570.5195425
2015-09-21,212445535.5195425
2015-09-22,214073645.5195425
2015-09-23,213306666.5195425
2015-09-24,216380375.5195425
2015-09-25,208006220.5195425
2015-09-28,213624180.5195425
2015-09-29,210360906.5195425
2015-09-30,209048066.5195425
2015-10-08,220316572.5195425
2015-10-09,225123240.5195425
2015-10-12,234080263.5195425
2015-10-13,235790407.5195425
2015-10-14,233667187.5195425
2015-10-15,239411177.5195425
2015-10-16,241661302.506845
2015-10-19,242428634.2294625
2015-10-20,247910427.2294625
2015-10-21,232504522.2294625
2015-10-22,240650309.2294625
2015-10-23,245633763.2294625
2015-10-26,250139387.2294625
2015-10-27,249010029.2294625
2015-10-28,248337145.2294625
2015-10-29,249924620.2294625
2015-10-30,251186797.2294625
2015-11-02,251469568.2294625
2015-11-03,254306324.2294625
2015-11-04,264098192.2294625
2015-11-05,263057627.2294625
2015-11-06,269145028.2294625
2015-11-09,270504307.2294625
2015-11-10,272070728.2294625
2015-11-11,281151336.2294625
2015-11-12,279500988.2294625
2015-11-13,278443018.5405225
2015-11-16,292392204.4567575
2015-11-17,293746874.4567575
2015-11-18,292401080.4567575
2015-11-19,302943192.4567575
2015-11-20,310780733.4567575
2015-11-23,313838508.4567575
2015-11-24,322900360.4567575
2015-11-25,339466866.4567575
2015-11-26,342962255.4567575
2015-11-27,331560212.4567575
2015-11-30,339498505.4567575
2015-12-01,348732965.4567575
2015-12-02,352990931.4567575
2015-12-03,369050562.4567575
2015-12-04,378921513.4567575
2015-12-07,394710678.4567575
2015-12-08,405971893.4567575
2015-12-09,405276325.4567575
2015-12-10,405077934.4567575
2015-12-11,403827128.963705
2015-12-14,409141262.3089925
2015-12-15,424182655.3089925
2015-12-16,415470801.3089925
2015-12-17,419643800.3089925
2015-12-18,417027661.3089925
2015-12-21,409019353.3089925
2015-12-22,412289035.3089925
2015-12-23,400698491.3089925
2015-12-24,401502284.3089925
2015-12-25,402053629.3089925
2015-12-28,399722458.3089925
2015-12-29,397164932.3089925
2015-12-30,397683487.3089925
2015-12-31,385045033.3089925
2016-01-04,353079249.3089925
2016-01-05,350562797.3089925
2016-01-06,363847505.3089925
2016-01-07,331917681.3089925
2016-01-08,330776345.3089925
2016-01-11,307950305.832505
2016-01-12,303780629.65517
2016-01-13,290731907.65517
2016-01-14,300693212.65517
2016-01-15,283732738.65517
2016-01-18,288762301.65517
2016-01-19,301499913.65517
2016-01-20,299329752.65517
2016-01-21,292445761.65517
2016-01-22,298238439.65517
2016-01-25,300424972.65517
2016-01-26,280600670.65517
2016-01-27,276153676.65517
2016-01-28,264101448.65517
2016-01-29,275584725.65517
2016-02-01,271940470.65517
2016-02-02,284661690.65517
2016-02-03,286631207.65517
2016-02-04,294027592.65517
2016-02-05,291298124.65517
2016-02-15,287933056.7426975
2016-02-16,300830867.8255225
2016-02-17,302284438.8255225
2016-02-18,300657370.8255225
2016-02-19,301394846.8255225
2016-02-22,308658953.8255225
2016-02-23,308548121.8255225
2016-02-24,308903464.8255225
2016-02-25,283725565.8255225
2016-02-26,284911058.8255225
2016-02-29,274399311.8255225
2016-03-01,279785654.8255225
2016-03-02,291370127.8255225
2016-03-03,291573182.8255225
2016-03-04,285917546.8255225
2016-03-07,293281758.8255225
2016-03-08,299268263.8255225
2016-03-09,292766558.8255225
2016-03-10,289212257.8255225
2016-03-11,287822352.8255225
2016-03-14,295858850.2379175
2016-03-15,297317007.8071125
2016-03-16,300550170.8071125
2016-03-17,311281140.8071125
2016-03-18,320252962.8071125
2016-03-21,325719941.8071125
2016-03-22,326686944.8071125
2016-03-23,328788839.8071125
2016-03-24,326446109.8071125
2016-03-25,331117654.8071125
2016-03-28,327545102.8071125
2016-03-29,321480260.8071125
2016-03-30,334463245.8071125
2016-03-31,340254169.8071125
2016-04-01,341802178.8071125
2016-04-05,348686465.8071125
2016-04-06,350015401.8071125
2016-04-07,345535627.8071125
2016-04-08,343820090.8071125
2016-04-11,354026632.8071125
2016-04-12,350940055.84172
2016-04-13,352001626.172215
2016-04-14,356893460.172215
2016-04-15,360948395.172215
2016-04-18,363003048.172215
2016-04-19,365156206.172215
2016-04-20,358305031.172215
2016-04-21,356614011.172215
2016-04-22,359700882.172215
2016-04-25,357975589.172215
2016-04-26,360961304.172215
2016-04-27,357899230.172215
2016-04-28,357591461.172215
2016-04-29,358251253.172215
2016-05-03,368655397.172215
2016-05-04,369253542.172215
2016-05-05,370627687.172215
2016-05-06,360579596.172215
2016-05-09,353723753.172215
2016-05-10,358513131.172215
2016-05-11,356243667.0092325
2016-05-12,351169742.382
2016-05-13,350922166.382
2016-05-16,355788761.382
2016-05-17,355443983.382
2016-05-18,344116315.382
2016-05-19,325491735.382
2016-05-20,330982368.382
2016-05-23,335233626.382
2016-05-24,330419327.382
2016-05-25,322514099.382
2016-05-26,325617526.382
2016-05-27,325479297.382
2016-05-30,327143054.382
2016-05-31,323929878.382
2016-06-01,327269992.382
2016-06-02,333857655.382
2016-06-03,337603698.382
2016-06-06,337659422.382
2016-06-07,347719497.382
2016-06-08,347213371.113125
2016-06-13,334799376.922685
2016-06-14,337324697.922685
2016-06-15,348003231.922685
2016-06-16,348126211.922685
2016-06-17,356013883.922685
2016-06-20,360816481.922685
2016-06-21,362674520.922685
2016-06-22,362303025.922685
2016-06-23,361034593.922685
2016-06-24,353939361.922685
2016-06-27,361850142.922685
2016-06-28,369066056.922685
2016-06-29,374454566.922685
2016-06-30,379252794.922685
2016-07-01,377860636.922685
2016-07-04,383513880.922685
2016-07-05,386499098.922685
2016-07-06,387718231.922685
2016-07-07,390278753.922685
2016-07-08,386133696.1809775
2016-07-11,376588892.4294625
2016-07-12,382012101.4294625
2016-07-13,381257810.4294625
2016-07-14,383342734.4294625
2016-07-15,383503060.4294625
2016-07-18,378682721.4294625
2016-07-19,379131803.4294625
2016-07-20,381991844.4294625
2016-07-21,378216573.4294625
2016-07-22,376328024.4294625
2016-07-25,374961468.4294625
2016-07-26,376742729.4294625
2016-07-27,362236131.4294625
2016-07-28,363260757.4294625
2016-07-29,362299041.4294625
2016-08-01,352451697.4294625
2016-08-02,354267722.4294625
2016-08-03,356010930.4294625
2016-08-04,356053896.4294625
2016-08-05,355013980.8125925
2016-08-08,356803372.345165
2016-08-09,360596264.345165
2016-08-10,358297912.345165
2016-08-11,355364681.345165
2016-08-12,358687843.345165
2016-08-15,363351287.345165
2016-08-16,364134674.345165
2016-08-17,365530720.345165
2016-08-18,364877738.345165
2016-08-19,365793360.345165
2016-08-22,363335996.345165
2016-08-23,363668659.345165
2016-08-24,364134373.345165
2016-08-25,361509448.345165
2016-08-26,367570883.345165
2016-08-29,370600425.345165
2016-08-30,370662146.345165
2016-08-31,369731999.345165
2016-09-01,369647134.345165
2016-09-02,368037935.8677675
2016-09-05,369607250.7585875
2016-09-06,375289788.7585875
2016-09-07,373715316.7585875
2016-09-08,376025774.7585875
2016-09-09,376628806.7585875
2016-09-12,366873798.7585875
2016-09-13,369003383.7585875
2016-09-14,369504853.7585875
2016-09-19,374159186.7585875
2016-09-20,376056240.7585875
2016-09-21,380657742.7585875
2016-09-22,384074065.7585875
2016-09-23,388397229.7585875
2016-09-26,386700441.7585875
2016-09-27,387819272.7585875
2016-09-28,384771693.7585875
2016-09-29,387484966.7585875
2016-09-30,391464418.7585875
2016-10-10,395866048.7585875
2016-10-11,395285673.12126505
2016-10-12,393699186.675335
2016-10-13,393154342.675335
2016-10-14,392408476.675335
2016-10-17,390568679.675335
2016-10-18,393973646.675335
2016-10-19,393427836.675335
2016-10-20,393466783.675335
2016-10-21,393456050.675335
2016-10-24,396290077.675335
2016-10-25,397333597.675335
2016-10-26,396614525.675335
2016-10-27,396234244.675335
2016-10-28,396130803.675335
2016-10-31,396580832.675335
2016-11-01,377004987.675335
2016-11-02,375377782.675335
2016-11-03,378548007.675335
2016-11-04,378741068.675335
2016-11-07,376907953.675335
2016-11-08,377062467.0599525
2016-11-09,372918809.568065
2016-11-10,376376157.568065
2016-11-11,378677563.568065
2016-11-14,380592926.568065
2016-11-15,379687098.568065
2016-11-16,382302466.568065
2016-11-17,381582770.568065
2016-11-18,379102246.568065
2016-11-21,383527980.568065
2016-11-22,385163251.568065
2016-11-23,385212728.568065
2016-11-24,384491097.568065
2016-11-25,386838382.568065
2016-11-28,387432341.568065
2016-11-29,389421033.568065
2016-11-30,386449438.568065
2016-12-01,390149718.568065
2016-12-02,388067254.568065
2016-12-05,387210912.568065
2016-12-06,385966719.1129025
2016-12-07,385762248.48602
2016-12-08,385449596.48602
2016-12-09,388449545.48602
2016-12-12,383347442.48602
2016-12-13,382089117.48602
2016-12-14,382406499.48602
2016-12-15,380290887.48602
2016-12-16,380936944.48602
2016-12-19,382589764.48602
2016-12-20,383516233.48602
2016-12-21,389989462.48602
2016-12-22,391642850.48602
2016-12-23,391563232.48602
2016-12-26,394373823.48602
2016-12-27,395420384.48602
2016-12-28,397169508.48602
2016-12-29,399729698.48602
2016-12-30,404717644.48602
2017-01-03,413888320.48602
2017-01-04,415180036.9113775
2017-01-05,413693590.7818975
2017-01-06,411783696.7818975
2017-01-09,414056184.7818975
2017-01-10,413932180.7818975
2017-01-11,412908336.7818975
2017-01-12,411441796.7818975
2017-01-13,406464366.7818975
2017-01-16,397853164.7818975
2017-01-17,399997181.7818975
2017-01-18,400565536.7818975
2017-01-19,402835073.7818975
2017-01-20,404271849.7818975
2017-01-23,408366649.7818975
2017-01-24,404739103.7818975
2017-01-25,405194554.7818975
2017-01-26,408995570.7818975
2017-02-03,406053082.7818975
2017-02-06,409432531.7818975
2017-02-07,409268876.7818975
2017-02-08,411770024.7803075
2017-02-09,418083348.8501125
2017-02-10,418107426.8501125
2017-02-13,422573717.8501125
2017-02-14,419609857.8501125
2017-02-15,414920551.8501125
2017-02-16,418371231.8501125
2017-02-17,411136105.8501125
2017-02-20,411142864.8501125
2017-02-21,415445180.8501125
2017-02-22,422243641.8501125
2017-02-23,425980244.8501125
2017-02-24,425860452.8501125
2017-02-27,422737168.8501125
2017-02-28,430274116.8501125
2017-03-01,430222922.8501125
2017-03-02,428527683.8501125
2017-03-03,432737049.8501125
2017-03-06,439962401.8501125
2017-03-07,440762260.8501125
2017-03-08,439514064.3333275
2017-03-09,437869996.83269
2017-03-10,438092976.83269
2017-03-13,439460342.83269
2017-03-14,438872589.83269
2017-03-15,437264960.83269
2017-03-16,440224687.83269
2017-03-17,438487534.83269
2017-03-20,443059632.83269
2017-03-21,441500075.83269
2017-03-22,438733897.83269
2017-03-23,437059551.83269
2017-03-24,437404810.83269
2017-03-27,435952539.83269
2017-03-28,435330151.83269
2017-03-29,430095754.83269
2017-03-30,420546797.83269
2017-03-31,422319954.83269
2017-04-05,430940593.83269
2017-04-06,433757726.83269
2017-04-07,432138707.4646025
2017-04-10,420085601.252065
2017-04-11,413627020.252065
2017-04-12,405616304.252065
2017-04-13,407379084.252065
2017-04-14,402520296.252065
2017-04-17,402397272.252065
2017-04-18,400383618.252065
2017-04-19,402093695.252065
2017-04-20,404435746.252065
2017-04-21,398494698.252065
2017-04-24,390709719.252065
2017-04-25,390900055.252065
2017-04-26,397246281.252065
2017-04-27,401706595.252065
2017-04-28,397428889.252065
2017-05-02,399582820.252065
2017-05-03,398237823.252065
2017-05-04,395272040.252065
2017-05-05,391549556.252065
2017-05-08,387637849.5462675
2017-05-09,382828724.596995
2017-05-10,379266616.596995
2017-05-11,374394024.596995
2017-05-12,373856257.596995
2017-05-15,374916060.596995
2017-05-16,381475851.596995
2017-05-17,382501734.596995
2017-05-18,382371239.596995
2017-05-19,384055230.596995
2017-05-22,376472765.596995
2017-05-23,366414794.596995
2017-05-24,366721713.596995
2017-05-25,367740995.596995
2017-05-26,357487999.596995
2017-05-31,357929763.596995
2017-06-01,347090478.596995
2017-06-02,351043886.596995
2017-06-05,353966534.596995
2017-06-06,354891792.596995
2017-06-07,353914850.5309025
2017-06-08,363995052.9792075
2017-06-09,365712429.9792075
2017-06-12,368264259.9792075
2017-06-13,370228326.9792075
2017-06-14,362901339.9792075
2017-06-15,360266246.9792075
2017-06-16,356857092.9792075
2017-06-19,360690091.9792075
2017-06-20,358177020.9792075
2017-06-21,367209184.9792075
2017-06-22,365515717.9792075
2017-06-23,369231732.9792075
2017-06-26,372842921.9792075
2017-06-27,375041763.9792075
2017-06-28,371116375.9792075
2017-06-29,371712132.9792075
2017-06-30,373050357.9792075
2017-07-03,368769170.9792075
2017-07-04,367136698.9792075
2017-07-05,364249324.7663775
2017-07-06,364341439.47496
2017-07-07,363328046.47496
2017-07-10,365192433.47496
2017-07-11,367969206.47496
2017-07-12,367451246.47496
2017-07-13,371643781.47496
2017-07-14,372680647.47496
2017-07-17,378236870.47496
2017-07-18,375334970.47496
2017-07-19,375255087.47496
2017-07-20,377841463.47496
2017-07-21,376471533.47496
2017-07-24,377229948.47496
2017-07-25,379194985.47496
2017-07-26,381212164.47496
2017-07-27,380206436.47496
2017-07-28,380258362.47496
2017-07-31,379748667.47496
2017-08-01,383246031.47496
2017-08-02,384246032.6097
2017-08-03,378984166.89172
2017-08-04,377336007.89172
2017-08-07,378034694.89172
2017-08-08,378545541.89172
2017-08-09,376205419.89172
2017-08-10,374265150.89172
2017-08-11,370974030.89172
2017-08-14,373574584.89172
2017-08-15,375353862.89172
2017-08-16,374500162.89172
2017-08-17,374822192.89172
2017-08-18,375559348.89172
2017-08-21,377417300.89172
2017-08-22,379504235.89172
2017-08-23,382300284.89172
2017-08-24,382797342.89172
2017-08-25,389286610.89172
2017-08-28,389441645.89172
2017-08-29,389435707.89172
2017-08-30,389612020.54341507
2017-08-31,395577608.8024025
2017-09-01,404539617.8024025
2017-09-04,407821751.8024025
2017-09-05,416769415.8024025
2017-09-06,422581729.8024025
2017-09-07,427327616.8024025
2017-09-08,427611249.8024025
2017-09-11,437955511.8024025
2017-09-12,429021729.8024025
2017-09-13,436912774.8024025
2017-09-14,440552574.8024025
2017-09-15,439147720.8024025
2017-09-18,447276487.8024025
2017-09-19,449564829.8024025
2017-09-20,457480360.8024025
2017-09-21,447671264.8024025
2017-09-22,441498254.8024025
2017-09-25,433772032.8024025
2017-09-26,436308994.8024025
2017-09-27,440454183.36288
2017-09-28,437501229.7444325
2017-09-29,442401140.7444325
2017-10-09,448280944.7444325
2017-10-10,447736842.7444325
2017-10-11,446314711.7444325
2017-10-12,446130902.7444325
2017-10-13,446604023.7444325
2017-10-16,434888125.7444325
2017-10-17,430843836.7444325
2017-10-18,428106254.7444325
2017-10-19,423827387.7444325
2017-10-20,430002884.7444325
2017-10-23,431267669.7444325
2017-10-24,432281437.7444325
2017-10-25,432769836.7444325
2017-10-26,435720309.7444325
2017-10-27,430643036.7444325
2017-10-30,420722841.7444325
2017-10-31,428350898.7444325
2017-11-01,427133446.761225
2017-11-02,430616291.6828025
2017-11-03,428727661.6828025
2017-11-06,437709409.6828025
2017-11-07,436644447.6828025
2017-11-08,434982781.6828025
2017-11-09,437915595.6828025
2017-11-10,441202474.6828025
2017-11-13,448702480.6828025
2017-11-14,442456137.6828025
2017-11-15,435943946.6828025
2017-11-16,434779297.6828025
2017-11-17,419440283.6828025
2017-11-20,429852971.6828025
2017-11-21,433989928.6828025
2017-11-22,428038896.6828025
2017-11-23,409828806.6828025
2017-11-24,409072896.6828025
2017-11-27,400272362.6828025
2017-11-28,409332956.6828025
2017-11-29,407605853.4830075
2017-11-30,405617715.039665
2017-12-01,407800696.039665
2017-12-04,402795547.039665
2017-12-05,396808737.039665
2017-12-06,400342131.039665
2017-12-07,393322471.039665
2017-12-08,400183462.039665
2017-12-11,410392438.039665
2017-12-12,413790932.039665
2017-12-13,414566894.039665
2017-12-14,415287901.039665
2017-12-15,410065159.039665
2017-12-18,403057927.039665
2017-12-19,409270748.039665
2017-12-20,414080290.039665
2017-12-21,419475179.039665
2017-12-22,418872711.039665
2017-12-25,418757265.039665
2017-12-26,417991977.039665
2017-12-27,415671606.953945
2017-12-28,416676966.84527
2017-12-29,418013520.84527
2018-01-02,419830218.84527
2018-01-03,421925779.84527
2018-01-04,424193917.84527
2018-01-05,422086474.84527
2018-01-08,421571638.84527
2018-01-09,421623541.84527
2018-01-10,425111845.84527
2018-01-11,425107602.84527
2018-01-12,424672529.84527
2018-01-15,424786122.84527
2018-01-16,428928509.84527
2018-01-17,429668680.84527
2018-01-18,433962850.84527
2018-01-19,435419330.84527
2018-01-22,432518865.84527
2018-01-23,436779436.84527
2018-01-24,442870747.84527
2018-01-25,439158520.9949874
2018-01-26,436500491.7044625
2018-01-29,429506305.7044625
2018-01-30,426684892.7044625
2018-01-31,423232139.7044625
2018-02-01,418721863.7044625
2018-02-02,425166817.7044625
2018-02-05,425523678.7044625
2018-02-06,412129980.7044625
2018-02-07,402984503.7044625
2018-02-08,400984134.7044625
2018-02-09,389560284.7044625
2018-02-12,393956089.7044625
2018-02-13,396223002.7044625
2018-02-14,397423426.7044625
2018-02-22,408834291.7044625
2018-02-23,411582012.7044625
2018-02-26,416952210.7044625
2018-02-27,412620019.7044625
2018-02-28,408796750.7044625
2018-03-01,404125933.3280975
2018-03-02,406090436.7809075
2018-03-05,412677309.7809075
2018-03-06,414230956.7809075
2018-03-07,411024578.7809075
2018-03-08,411890158.7809075
2018-03-09,419978724.7809075
2018-03-12,426541087.7809075
2018-03-13,422126118.7809075
2018-03-14,417317403.7809075
2018-03-15,415348963.7809075
2018-03-16,419336135.7809075
2018-03-19,419972380.7809075
2018-03-20,420094824.7809075
2018-03-21,418956547.7809075
2018-03-22,422483020.7809075
2018-03-23,408915102.7809075
2018-03-26,418034298.7809075
2018-03-27,424969052.7809075
2018-03-28,425169298.7809075
2018-03-29,424677206.60972
2018-03-30,432414431.3843875
2018-04-02,437451756.3843875
2018-04-03,434746708.3843875
2018-04-04,430527058.3843875
2018-04-09,437360173.3843875
2018-04-10,434442924.3843875
2018-04-11,437185294.3843875
2018-04-12,434412431.3843875
2018-04-13,434541259.3843875
2018-04-16,437347696.3843875
2018-04-17,433552455.3843875
2018-04-18,440857607.3843875
2018-04-19,442097865.3843875
2018-04-20,439101062.3843875
2018-04-23,428493645.3843875
2018-04-24,438018158.3843875
2018-04-25,437478544.3843875
2018-04-26,433498072.3843875
2018-04-27,429806795.3843875
2018-05-02,428790998.2009125
2018-05-03,430105323.787355
2018-05-04,429445161.787355
2018-05-07,435242232.787355
2018-05-08,439351406.787355
2018-05-09,440665854.787355
2018-05-10,441910577.787355
2018-05-11,438990450.787355
2018-05-14,439679563.787355
2018-05-15,441658856.787355
2018-05-16,440704319.787355
2018-05-17,440511682.787355
2018-05-18,444039634.787355
2018-05-21,449015331.787355
2018-05-22,452269462.787355
2018-05-23,444829836.787355
2018-05-24,442961599.787355
2018-05-25,440234388.787355
2018-05-28,437301341.787355
2018-05-29,436465500.787355
2018-05-30,414232676.3973075
2018-05-31,418502185.0218
2018-06-01,416804837.0218
2018-06-04,412951871.0218
2018-06-05,415691010.0218
2018-06-06,418853272.0218
2018-06-07,415557347.0218
2018-06-08,414071626.0218
2018-06-11,413429458.0218
2018-06-12,415464700.0218
2018-06-13,411154705.0218
2018-06-14,408663862.0218
2018-06-15,402119700.0218
2018-06-19,379223165.0218
2018-06-20,382857636.0218
2018-06-21,375677926.0218
2018-06-22,379340977.0218
2018-06-25,376769535.0218
2018-06-26,376900578.0218
2018-06-27,375887957.0218
2018-06-28,374876294.9871475
2018-06-29,379536162.4349125
2018-07-02,364775736.4349125
2018-07-03,366536225.4349125
2018-07-04,361586128.4349125
2018-07-05,354695026.4349125
2018-07-06,357824230.4349125
2018-07-09,364563790.4349125
2018-07-10,365099443.4349125
2018-07-11,360684000.4349125
2018-07-12,365124925.4349125
2018-07-13,362902644.4349125
2018-07-16,362382392.4349125
2018-07-17,361113982.4349125
2018-07-18,360885082.4349125
2018-07-19,357138412.4349125
2018-07-20,359879924.4349125
2018-07-23,364101429.4349125
2018-07-24,367269105.4349125
2018-07-25,366546261.4349125
2018-07-26,365614763.537645
2018-07-27,363432768.16345
2018-07-30,360158677.16345
2018-07-31,360001894.16345
2018-08-01,359468241.16345
2018-08-02,348484248.16345
2018-08-03,347645214.16345
2018-08-06,343211484.16345
2018-08-07,351256969.16345
2018-08-08,351196237.16345
2018-08-09,356532043.16345
2018-08-10,356401685.16345
2018-08-13,356215951.16345
2018-08-14,357296641.16345
2018-08-15,357272769.16345
2018-08-16,357914358.16345
2018-08-17,348878001.16345
2018-08-20,351288674.16345
2018-08-21,353101341.16345
2018-08-22,350186401.16345
2018-08-23,350462957.081265
2018-08-24,353160435.4775875
2018-08-27,358349936.4775875
2018-08-28,363225474.4775875
2018-08-29,363746437.4775875
2018-08-30,358424605.4775875
2018-08-31,355738436.4775875
2018-09-03,355801946.4775875
2018-09-04,360256414.4775875
2018-09-05,356874369.4775875
2018-09-06,358471643.4775875
2018-09-07,357644422.4775875
2018-09-10,348040529.4775875
2018-09-11,351344960.4775875
2018-09-12,354787799.4775875
2018-09-13,357477623.4775875
2018-09-14,353134561.4775875
2018-09-17,347943277.4775875
2018-09-18,350735314.4775875
2018-09-19,356490503.4775875
2018-09-20,359824611.89546
2018-09-21,360244456.817085
2018-09-25,359440498.817085
2018-09-26,359417954.817085
2018-09-27,358848390.817085
2018-09-28,358106120.817085
2018-10-08,349060466.817085
2018-10-09,349170502.817085
2018-10-10,350501668.817085
2018-10-11,327775404.817085
2018-10-12,324238720.817085
2018-10-15,320656142.817085
2018-10-16,313934625.817085
2018-10-17,317249400.817085
2018-10-18,310816839.817085
2018-10-19,316583151.817085
2018-10-22,330843223.817085
2018-10-23,328779593.817085
2018-10-24,330437163.817085
2018-10-25,329717243.817085
2018-10-26,332254066.63941
2018-10-29,330932334.6499
2018-10-30,335929675.6499
2018-10-31,340147640.6499
2018-11-01,339941309.6499
2018-11-02,346109274.6499
2018-11-05,352454167.6499
2018-11-06,355030984.6499
2018-11-07,361474132.6499
2018-11-08,358783500.6499
2018-11-09,352746463.6499
2018-11-12,355632419.6499
2018-11-13,359363181.6499
2018-11-14,357549898.6499
2018-11-15,363231544.6499
2018-11-16,374276998.6499
2018-11-19,375206524.6499
2018-11-20,367105046.6499
2018-11-21,367217552.6499
2018-11-22,366996576.6499
2018-11-23,355818069.8534175
2018-11-26,352395392.40023
2018-11-27,353983371.40023
2018-11-28,356801714.40023
2018-11-29,349737824.40023
2018-11-30,351265311.40023
2018-12-03,362964061.40023
2018-12-04,364747748.40023
2018-12-05,363024149.40023
2018-12-06,357740989.40023
2018-12-07,362510814.40023
2018-12-10,358980712.40023
2018-12-11,360959495.40023
2018-12-12,361515460.40023
2018-12-13,362571740.40023
2018-12-14,354305474.40023
2018-12-17,355695445.40023
2018-12-18,354379293.40023
2018-12-19,353063253.40023
2018-12-20,351462290.40023
2018-12-21,350056949.8100225
2018-12-24,349311078.78946
2018-12-25,343681933.78946
2018-12-26,344494304.78946
2018-12-27,342055098.78946
2018-12-28,345445382.78946
2019-01-02,344869924.78946
2019-01-03,346951013.78946
2019-01-04,351760224.78946
2019-01-07,358124066.78946
2019-01-08,359425904.78946
2019-01-09,361681154.78946
2019-01-10,362362764.78946
2019-01-11,364039501.78946
2019-01-14,361375229.78946
2019-01-15,364009800.78946
2019-01-16,363342741.78946
2019-01-17,359493165.78946
2019-01-18,362087715.78946
2019-01-21,364394780.78946
2019-01-22,358752772.52975
2019-01-23,355186166.8940275
2019-01-24,356368269.8940275
2019-01-25,354617124.8940275
2019-01-28,354261071.8940275
2019-01-29,349463078.8940275
2019-01-30,349216392.8940275
2019-01-31,342647930.8940275
2019-02-01,349786318.8940275
2019-02-11,356804391.8940275
2019-02-12,360106270.8940275
2019-02-13,363678034.8940275
2019-02-14,364767656.8940275
2019-02-15,363087761.8940275
2019-02-18,373495503.8940275
2019-02-19,373498168.8940275
2019-02-20,376080377.8940275
2019-02-21,378565151.8940275
2019-02-22,383595231.8940275
2019-02-25,401133820.8940275
2019-02-26,398824252.9098575
2019-02-27,389571616.2012
2019-02-28,393466481.2012
2019-03-01,401595941.2012
2019-03-04,406518226.2012
2019-03-05,411530532.2012
2019-03-06,411845785.2012
2019-03-07,404318444.2012
2019-03-08,400569998.2012
2019-03-11,416201200.2012
2019-03-12,420617638.2012
2019-03-13,409367705.2012
2019-03-14,407436120.2012
2019-03-15,413960842.2012
2019-03-18,436112305.2012
2019-03-19,432946072.2012
2019-03-20,428870369.2012
2019-03-21,433671088.2012
2019-03-22,434466127.2012
2019-03-25,426384908.2012
2019-03-26,426490204.977255
2019-03-27,425137093.23838
2019-03-28,417909430.23838
2019-03-29,435961164.23838
2019-04-01,458542618.23838
2019-04-02,464850143.23838
2019-04-03,467729237.23838
2019-04-04,466353477.23838
2019-04-08,457990668.23838
2019-04-09,455652752.23838
2019-04-10,449804453.23838
2019-04-11,441371161.23838
2019-04-12,438498021.23838
2019-04-15,434561583.23838
2019-04-16,447321926.23838
2019-04-17,450316421.23838
2019-04-18,442690240.23838
2019-04-19,443792506.23838
2019-04-22,449536016.23838
2019-04-23,456044567.23838
2019-04-24,455560456.92587
2019-04-25,448696569.4257825
2019-04-26,445199372.4257825
2019-04-29,422850555.4257825
2019-04-30,415405995.4257825
2019-05-06,378673895.4257825
2019-05-07,378516952.4257825
2019-05-08,380565444.4257825
2019-05-09,375036755.4257825
2019-05-10,399044965.4257825
2019-05-13,397658318.4257825
2019-05-14,394579736.4257825
2019-05-15,402501215.4257825
2019-05-16,401008091.4257825
2019-05-17,379600644.4257825
2019-05-20,379311229.4257825
2019-05-21,386374639.4257825
2019-05-22,386234316.4257825
2019-05-23,378658269.4257825
2019-05-24,373887681.4257825
2019-05-27,371921339.17018
2019-05-28,373697715.63235
2019-05-29,376740072.63235
2019-05-30,379708591.63235
2019-05-31,378960996.63235
2019-06-03,375114852.63235
2019-06-04,372524976.63235
2019-06-05,374600285.63235
2019-06-06,370302241.63235
2019-06-10,375049780.63235
2019-06-11,385765534.63235
2019-06-12,382613304.63235
2019-06-13,384828512.63235
2019-06-14,380925338.63235
2019-06-17,382345587.63235
2019-06-18,382043566.63235
2019-06-19,383452625.63235
2019-06-20,388990331.63235
2019-06-21,393134497.63235
2019-06-24,391784321.63235
2019-06-25,390974280.7233275
2019-06-26,391749623.6487075
2019-06-27,398003361.6487075
2019-06-28,398052172.6487075
2019-07-01,413505141.6487075
2019-07-02,420379733.6487075
2019-07-03,424429211.6487075
2019-07-04,433316760.6487075
2019-07-05,446315445.6487075
2019-07-08,438226464.6487075
2019-07-09,437369617.6487075
2019-07-10,440474794.6487075
2019-07-11,438442972.6487075
2019-07-12,440202114.6487075
2019-07-15,451394761.6487075
2019-07-16,459877193.6487075
2019-07-17,457420719.6487075
2019-07-18,454171601.6487075
2019-07-19,453654693.6487075
2019-07-22,446205171.6487075
2019-07-23,447229604.048
2019-07-24,454761199.39104
2019-07-25,457959024.39104
2019-07-26,459899556.39104
2019-07-29,458860226.39104
2019-07-30,460749211.39104
2019-07-31,457482069.39104
2019-08-01,459114267.39104
2019-08-02,454760059.39104
2019-08-05,448501952.39104
2019-08-06,438345466.39104
2019-08-07,436437560.39104
2019-08-08,435977440.39104
2019-08-09,431215623.39104
2019-08-12,438660906.39104
2019-08-13,438622520.39104
2019-08-14,438012848.39104
2019-08-15,436210583.39104
2019-08-16,439920922.39104
2019-08-19,449208124.39104
2019-08-20,449610180.02428
2019-08-21,453967515.491585
2019-08-22,453841320.491585
2019-08-23,450832845.491585
2019-08-26,447541141.491585
2019-08-27,452910624.491585
2019-08-28,454778763.491585
2019-08-29,453218479.491585
2019-08-30,449376587.491585
2019-09-02,458259252.491585
2019-09-03,461419745.491585
2019-09-04,465179229.491585
2019-09-05,467398100.491585
2019-09-06,465432896.491585
2019-09-09,472129651.491585
2019-09-10,471579563.491585
2019-09-11,471925479.491585
2019-09-12,478779144.491585
2019-09-16,482147902.491585
2019-09-17,470795760.491585
2019-09-18,470329331.098875
2019-09-19,482006796.778045
2019-09-20,499532125.778045
2019-09-23,515688150.778045
2019-09-24,514395226.778045
2019-09-25,499903574.778045
2019-09-26,476916488.778045
2019-09-27,489498060.778045
2019-09-30,478958844.778045
2019-10-08,464783545.778045
2019-10-09,472987936.778045
2019-10-10,481479852.778045
2019-10-11,483100371.778045
2019-10-14,493322297.778045
2019-10-15,482560522.778045
2019-10-16,477613575.778045
2019-10-17,481456566.778045
2019-10-18,472596546.778045
2019-10-21,469206329.778045
2019-10-22,481408676.778045
2019-10-23,475118568.0677875
2019-10-24,471319203.51509
2019-10-25,480776900.51509
2019-10-28,494947727.51509
2019-10-29,487048294.51509
2019-10-30,501608863.51509
2019-10-31,498003191.51509
2019-11-01,498747376.51509
2019-11-04,509958380.51509
2019-11-05,521777403.51509
2019-11-06,515353694.51509
2019-11-07,520323182.51509
2019-11-08,523373944.51509
2019-11-11,516959915.51509
2019-11-12,515230210.51509
2019-11-13,534680067.51509
2019-11-14,542344455.51509
2019-11-15,536027668.51509
2019-11-18,534123296.51509
2019-11-19,544836730.51509
2019-11-20,540831732.523815
2019-11-21,533527210.1818775
2019-11-22,512526476.1818775
2019-11-25,501647146.1818775
2019-11-26,507954570.1818775
2019-11-27,511755892.1818775
2019-11-28,509126326.1818775
2019-11-29,503073763.1818775
2019-12-02,508307807.1818775
2019-12-03,521138654.1818775
2019-12-04,519185348.1818775
2019-12-05,525164663.1818775
2019-12-06,534310312.1818775
2019-12-09,533428541.1818775
2019-12-10,539403269.1818775
2019-12-11,540461546.1818775
2019-12-12,540630177.1818775
2019-12-13,542551721.1818775
2019-12-16,549546810.1818775
2019-12-17,549615475.1818775
2019-12-18,545059449.738925
2019-12-19,535342827.8628925
2019-12-20,529331280.8628925
2019-12-23,519167031.8628925
2019-12-24,531936045.8628925
2019-12-25,537104487.8628925
2019-12-26,535318347.8628925
2019-12-27,528702528.8628925
2019-12-30,534048664.8628925
2019-12-31,534326802.8628925
2020-01-02,539298567.8628925
2020-01-03,534583440.8628925
2020-01-06,539251944.8628925
2020-01-07,544462824.8628925
2020-01-08,550296148.8628925
2020-01-09,565393086.8628925
2020-01-10,574027548.8628925
2020-01-13,594159380.8628925
2020-01-14,591239287.8628925
2020-01-15,595447185.8628925
2020-01-16,598594090.05945
2020-01-17,617433792.52195
2020-01-20,633344026.52195
2020-01-21,636554253.52195
2020-01-22,651386306.52195
2020-01-23,625768155.52195
2020-02-03,567749515.52195
2020-02-04,600394643.52195
2020-02-05,603037044.52195
2020-02-06,611724199.52195
2020-02-07,632770352.52195
2020-02-10,616834586.52195
2020-02-11,629807304.52195
2020-02-12,648005374.52195
2020-02-13,665305582.52195
2020-02-14,660977859.52195
2020-02-17,679715433.52195
2020-02-18,700260549.52195
2020-02-19,714235391.52195
2020-02-20,737477598.52195
2020-02-21,736125001.458455
2020-02-24,764880751.74032
2020-02-25,789687519.74032
2020-02-26,742239296.74032
2020-02-27,727696975.74032
2020-02-28,676146487.74032
2020-03-02,692096900.74032
2020-03-03,704843165.74032
2020-03-04,689647631.74032
2020-03-05,698690324.74032
2020-03-06,684494855.74032
2020-03-09,645917377.74032
2020-03-10,687604635.74032
2020-03-11,668895505.74032
2020-03-12,657443757.74032
2020-03-13,666164906.74032
2020-03-16,624428175.74032
2020-03-17,632372476.74032
2020-03-18,618012593.74032
2020-03-19,631415534.74032
2020-03-20,636505786.1124675
2020-03-23,600244257.2206675
2020-03-24,608936114.2206675
2020-03-25,625739390.2206675
2020-03-26,619400212.2206675
2020-03-27,618001321.2206675
2020-03-30,610804937.2206675
2020-03-31,612397328.2206675
2020-04-01,608734510.2206675
2020-04-02,626046625.2206675
2020-04-03,618954670.2206675
2020-04-07,639555976.2206675
2020-04-08,648780103.2206675
2020-04-09,646487679.2206675
2020-04-10,633348759.2206675
2020-04-13,620939672.2206675
2020-04-14,630785195.2206675
2020-04-15,630395782.2206675
2020-04-16,639327623.2206675
2020-04-17,645605557.2206675
2020-04-20,652359571.7993873
2020-04-21,642121228.5956475
2020-04-22,651445201.5956475
2020-04-23,646708194.5956475
2020-04-24,638753406.5956475
2020-04-27,635128197.5956475
2020-04-28,646707739.5956475
2020-04-29,643463768.5956475
2020-04-30,673535817.5956475
2020-05-06,695405875.5956475
2020-05-07,693932476.5956475
2020-05-08,698324302.5956475
2020-05-11,702148904.5956475
2020-05-12,708247910.5956475
2020-05-13,715056122.5956475
2020-05-14,711088099.5956475
2020-05-15,719571113.5956475
2020-05-18,714441732.5956475
2020-05-19,749975125.5956475
2020-05-20,727299582.5956475
2020-05-21,719966932.24376
2020-05-22,711682685.6436526
2020-05-25,727309493.6436526
2020-05-26,759594633.6436526
2020-05-27,778931363.6436526
2020-05-28,804680983.6436526
2020-05-29,834558720.6436526
2020-06-01,871599809.6436526
2020-06-02,888223063.6436526
2020-06-03,901798633.6436526
2020-06-04,936086012.6436526
2020-06-05,954170372.6436526
2020-06-08,973972025.6436526
2020-06-09,1010292227.6436526
2020-06-10,983999938.6436526
2020-06-11,991775914.6436526
2020-06-12,1028878242.6436526
2020-06-15,1042921995.6436526
2020-06-16,1051137546.6436526
2020-06-17,1046291079.6436526
2020-06-18,1043191463.3010875
2020-06-19,1080991404.687815
2020-06-22,1091934237.687815
2020-06-23,1118011912.687815
2020-06-24,1142357511.687815
2020-06-29,1133595934.687815
2020-06-30,1118594941.687815
2020-07-01,1120767161.687815
2020-07-02,1103087156.687815
2020-07-03,1104351642.687815
2020-07-06,1140687521.687815
2020-07-07,1180839985.687815
2020-07-08,1198343686.687815
2020-07-09,1229487652.687815
2020-07-10,1231633790.687815
2020-07-13,1273395992.687815
2020-07-14,1269287630.687815
2020-07-15,1254445969.687815
2020-07-16,1177214535.687815
2020-07-17,1172219181.687815
2020-07-20,1185997594.049655
2020-07-21,1190293892.7128825
2020-07-22,1204630918.7128825
2020-07-23,1228279177.7128825
2020-07-24,1159631077.7128825
2020-07-27,1160339429.7128825
2020-07-28,1166715032.7128825
2020-07-29,1211052946.7128825
2020-07-30,1230694261.7128825
2020-07-31,1269050986.7128825
2020-08-03,1311755105.7128825
2020-08-04,1271778548.7128825
2020-08-05,1276576022.7128825
2020-08-06,1258930744.7128825
2020-08-07,1234474061.7128825
2020-08-10,1231798561.7128825
2020-08-11,1214310960.7128825
2020-08-12,1195592254.7128825
2020-08-13,1187091771.7128825
2020-08-14,1190769518.7128825
2020-08-17,1185268072.64128
2020-08-18,1188845679.73632
2020-08-19,1155318192.73632
2020-08-20,1142164137.73632
2020-08-21,1147127984.73632
2020-08-24,1142062644.73632
2020-08-25,1136081626.73632
2020-08-26,1109751085.73632
2020-08-27,1131327889.73632
2020-08-28,1137527046.73632
2020-08-31,1152288627.73632
2020-09-01,1159617736.73632
2020-09-02,1150455054.73632
2020-09-03,1145615529.73632
2020-09-04,1149292138.73632
2020-09-07,1095275418.73632
2020-09-08,1094703284.73632
2020-09-09,1054433468.73632
2020-09-10,1047922821.73632
2020-09-11,1076106657.73632
2020-09-14,1084131586.08247
2020-09-15,1074569359.60033
2020-09-16,1080989600.60033
2020-09-17,1093643113.60033
2020-09-18,1100015084.60033
2020-09-21,1101040268.60033
2020-09-22,1078966346.60033
2020-09-23,1101262661.60033
2020-09-24,1066620511.60033
2020-09-25,1070195953.60033
2020-09-28,1079854336.60033
2020-09-29,1085742139.60033
2020-09-30,1084311356.60033
2020-10-09,1134005219.60033
2020-10-12,1163874449.6003304
2020-10-13,1186358265.6003304
2020-10-14,1182641241.6003304
2020-10-15,1170540274.6003304
2020-10-16,1153258020.6003304
2020-10-19,1137385107.60033
2020-10-20,1139025988.63309
2020-10-21,1125172697.25528
2020-10-22,1132585759.25528
2020-10-23,1134849023.25528
2020-10-26,1127828555.25528
2020-10-27,1127462638.25528
2020-10-28,1127911600.25528
2020-10-29,1125458556.25528
2020-10-30,1119088229.25528
2020-11-02,1115178893.25528
2020-11-03,1134326135.25528
2020-11-04,1137733185.25528
2020-11-05,1154220689.25528
2020-11-06,1159863983.25528
2020-11-09,1182652188.25528
2020-11-10,1176190033.25528
2020-11-11,1173465264.25528
2020-11-12,1194434265.25528
2020-11-13,1225883372.25528
2020-11-16,1258931793.25528
2020-11-17,1268488388.820395
2020-11-18,1241789956.3134375
2020-11-19,1232002111.3134375
2020-11-20,1240513733.3134375
2020-11-23,1249226383.3134375
2020-11-24,1246291872.3134375
2020-11-25,1225614083.3134375
2020-11-26,1223191464.3134375
2020-11-27,1223381358.3134375
2020-11-30,1200400623.3134375
2020-12-01,1218992494.3134375
2020-12-02,1219188189.3134375
2020-12-03,1217212516.3134375
2020-12-04,1221430726.3134375
2020-12-07,1219939736.3134375
2020-12-08,1219844400.3134375
2020-12-09,1210145295.3134375
2020-12-10,1222956982.3134375
2020-12-11,1227135586.3134375
2020-12-14,1233730781.3134375
2020-12-15,1229199383.01674
2020-12-16,1246172808.373515
2020-12-17,1264974027.373515
2020-12-18,1265424123.373515
2020-12-21,1306502605.373515
2020-12-22,1280508546.373515
2020-12-23,1303836652.373515
2020-12-24,1297661965.373515
2020-12-25,1322233933.373515
2020-12-28,1327115965.373515
2020-12-29,1297985676.373515
2020-12-30,1317664747.373515
2020-12-31,1351117201.373515
2021-01-04,1388489222.373515
2021-01-05,1414209662.373515
2021-01-06,1420043450.373515
2021-01-07,1472352599.373515
2021-01-08,1431226837.373515
2021-01-11,1389097333.373515
2021-01-12,1425677170.373515
2021-01-13,1427487540.86875
2021-01-14,1370886626.79206
2021-01-15,1386548720.79206
2021-01-18,1399372913.79206
2021-01-19,1347545479.79206
2021-01-20,1377739662.79206
2021-01-21,1396714594.79206
2021-01-22,1444843786.79206
2021-01-25,1458445020.79206
2021-01-26,1415483809.79206
2021-01-27,1416365873.79206
2021-01-28,1384279793.79206
2021-01-29,1371885362.79206
2021-02-01,1366465446.79206
2021-02-02,1424285999.79206
2021-02-03,1424925268.79206
2021-02-04,1410345832.79206
2021-02-05,1388051419.79206
2021-02-08,1415115338.79206
2021-02-09,1476548005.79206
2021-02-10,1515783234.102385
2021-02-18,1519574710.3548574
2021-02-19,1482741802.3548574
2021-02-22,1383741173.3548574
2021-02-23,1362859374.3548574
2021-02-24,1296878043.3548574
2021-02-25,1304244002.3548574
2021-02-26,1263890074.3548574
2021-03-01,1286803833.3548574
2021-03-02,1256776090.3548574
2021-03-03,1275717900.3548574
2021-03-04,1200639567.3548574
2021-03-05,1221236950.3548574
2021-03-08,1132347367.3548574
2021-03-09,1115225000.3548574
2021-03-10,1142666169.3548574
2021-03-11,1187806980.3548574
2021-03-12,1199492528.3548574
2021-03-15,1145573329.3548574
2021-03-16,1125666725.3548574
2021-03-17,1115543201.14555
2021-03-18,1124740915.57938
2021-03-19,1110415914.57938
2021-03-22,1145244419.57938
2021-03-23,1122454755.57938
2021-03-24,1088419514.57938
2021-03-25,1090748736.57938
2021-03-26,1114061643.57938
2021-03-29,1119968317.57938
2021-03-30,1125964210.57938
2021-03-31,1126524603.57938
2021-04-01,1141128290.57938
2021-04-02,1149107717.57938
2021-04-06,1170710878.57938
2021-04-07,1188536096.57938
2021-04-08,1187656243.57938
2021-04-09,1181043997.57938
2021-04-12,1145998184.57938
2021-04-13,1146628257.57938
2021-04-14,1162693609.57938
2021-04-15,1155172512.842075
2021-04-16,1162018078.5497324
2021-04-19,1191674980.5497324
2021-04-20,1195408362.5497324
2021-04-21,1202571201.5497324
2021-04-22,1204254889.5497324
2021-04-23,1213568379.5497324
2021-04-26,1228311411.5497324
2021-04-27,1245183255.5497324
2021-04-28,1260689003.5497324
2021-04-29,1250742503.5497324
2021-04-30,1277139051.5497324
2021-05-06,1259222371.5497324
2021-05-07,1244199961.5497324
2021-05-10,1287953136.5497324
2021-05-11,1291997024.5497324
2021-05-12,1308692199.5497324
2021-05-13,1272845113.5497324
2021-05-14,1308336678.5497324
2021-05-17,1350536974.5497324
2021-05-18,1284227858.0763175
2021-05-19,1288858658.7456524
2021-05-20,1275777845.7456524
2021-05-21,1252708665.7456524
2021-05-24,1256254835.7456524
2021-05-25,1287974501.7456524
2021-05-26,1282195194.7456524
2021-05-27,1300190020.7456524
2021-05-28,1298562798.7456524
2021-05-31,1321740618.7456524
2021-06-01,1321680559.7456524
2021-06-02,1265351427.7456524
2021-06-03,1263191744.7456524
2021-06-04,1254977554.7456524
2021-06-07,1270515897.7456524
2021-06-08,1268863757.7456524
2021-06-09,1243163667.7456524
2021-06-10,1282604871.7456524
2021-06-11,1303882799.7456524
2021-06-15,1298975107.7456524
2021-06-16,1291412216.2861226
2021-06-17,1338429087.2302024
2021-06-18,1382887866.2302024
2021-06-21,1408397529.2302024
2021-06-22,1416727324.2302024
2021-06-23,1425560132.2302024
2021-06-24,1375592210.2302024
2021-06-25,1398062515.2302024
2021-06-28,1408553101.2302024
2021-06-29,1438477484.2302024
2021-06-30,1426530682.2302024
2021-07-01,1390280027.2302024
2021-07-02,1377504742.2302024
2021-07-05,1397819062.2302024
2021-07-06,1415955958.2302024
2021-07-07,1457938320.2302024
2021-07-08,1446430677.2302024
2021-07-09,1434915783.2302024
2021-07-12,1467689127.2302024
2021-07-13,1508073274.2302024
2021-07-14,1464718010.94642
2021-07-15,1483058819.028625
2021-07-16,1455581773.028625
2021-07-19,1458510986.028625
2021-07-20,1463957267.028625
2021-07-21,1524555318.028625
2021-07-22,1593288522.028625
2021-07-23,1586657603.028625
2021-07-26,1579988191.028625
2021-07-27,1525425957.028625
2021-07-28,1511695471.028625
2021-07-29,1576073861.028625
2021-07-30,1629700634.028625
2021-08-02,1639272236.028625
2021-08-03,1573882425.028625
2021-08-04,1631553136.028625
2021-08-05,1616171560.028625
2021-08-06,1613589991.028625
2021-08-09,1585499894.028625
2021-08-10,1581715499.028625
2021-08-11,1569749808.91581
2021-08-12,1561736489.04006
2021-08-13,1533038827.04006
2021-08-16,1510319248.04006
2021-08-17,1463625801.04006
2021-08-18,1466899053.04006
2021-08-19,1494011295.04006
2021-08-20,1503531455.04006
2021-08-23,1559362532.04006
2021-08-24,1565273534.04006
2021-08-25,1591633661.04006
2021-08-26,1570027238.04006
2021-08-27,1573249629.04006
2021-08-30,1624360640.04006
2021-08-31,1607782232.04006
2021-09-01,1569111076.04006
2021-09-02,1589480466.04006
2021-09-03,1551372600.04006
2021-09-06,1560432705.04006
2021-09-07,1571289410.04006
2021-09-08,1556390283.633075
2021-09-09,1573435031.40755
2021-09-10,1569529033.40755
2021-09-13,1587043295.40755
2021-09-14,1533975803.40755
2021-09-15,1516126768.40755
2021-09-16,1463386004.40755
2021-09-17,1475117388.40755
2021-09-22,1520849715.40755
2021-09-23,1543312815.40755
2021-09-24,1504824483.40755
2021-09-27,1438848573.40755
2021-09-28,1445898799.40755
2021-09-29,1409047252.40755
2021-09-30,1442383972.40755
2021-10-08,1399635314.40755
2021-10-11,1377952272.40755
2021-10-12,1358631425.40755
2021-10-13,1355246231.40755
2021-10-14,1357251283.40755
2021-10-15,1359204006.6991475
2021-10-18,1354056391.70824
2021-10-19,1368138015.70824
2021-10-20,1375215768.70824
2021-10-21,1363872094.70824
2021-10-22,1356288399.70824
2021-10-25,1380218717.70824
2021-10-26,1388822010.70824
2021-10-27,1398173203.70824
2021-10-28,1399246750.70824
2021-10-29,1423809980.70824
2021-11-01,1429032682.70824
2021-11-02,1424974828.70824
2021-11-03,1403830076.70824
2021-11-04,1438971455.70824
2021-11-05,1426227405.70824
2021-11-08,1456882099.70824
2021-11-09,1463837225.70824
2021-11-10,1445655194.70824
2021-11-11,1445446806.70824
2021-11-12,1439478626.8468952
2021-11-15,1422598477.15207
2021-11-16,1420729767.15207
2021-11-17,1452610567.15207
2021-11-18,1429708738.15207
2021-11-19,1461876691.15207
2021-11-22,1491495714.15207
2021-11-23,1478667369.15207
2021-11-24,1460713163.15207
2021-11-25,1444595697.15207
2021-11-26,1448495058.15207
2021-11-29,1442310511.15207
2021-11-30,1445447854.15207
2021-12-01,1425922671.15207
2021-12-02,1419566774.15207
2021-12-03,1435979974.15207
2021-12-06,1422391246.15207
2021-12-07,1427116934.15207
2021-12-08,1453574343.15207
2021-12-09,1454876095.15207
2021-12-10,1442502203.8324225
2021-12-13,1442395613.1132574
2021-12-14,1440288691.1132574
2021-12-15,1415120586.1132574
2021-12-16,1443861125.1132574
2021-12-17,1406871341.1132574
2021-12-20,1375777604.1132574
2021-12-21,1390941230.1132574
2021-12-22,1386718795.1132574
2021-12-23,1373410143.1132574
2021-12-24,1375013454.1132574
2021-12-27,1368902377.1132574
2021-12-28,1382235391.1132574
2021-12-29,1369304056.1132574
2021-12-30,1387513148.1132574
2021-12-31,1382132755.1132574
2022-01-04,1343898897.1132574
2022-01-05,1326731748.1132574
2022-01-06,1304111323.1132574
2022-01-07,1282988157.1132574
2022-01-10,1276115847.619055
2022-01-11,1279100140.94331
2022-01-12,1263659627.94331
2022-01-13,1229466492.94331
2022-01-14,1229527235.94331
2022-01-17,1242204528.94331
2022-01-18,1253014419.94331
2022-01-19,1244902597.94331
2022-01-20,1251588549.94331
2022-01-21,1218504080.94331
2022-01-24,1232787435.94331
2022-01-25,1193327174.94331
2022-01-26,1198441081.94331
2022-01-27,1183362989.94331
2022-01-28,1171525725.94331
2022-02-07,1215783273.94331
2022-02-08,1221891551.94331
2022-02-09,1255575825.94331
2022-02-10,1266773289.94331
2022-02-11,1236896401.94331
2022-02-14,1213765354.3941574
2022-02-15,1182729522.0354626
2022-02-16,1185066091.0354626
2022-02-17,1186565150.0354626
2022-02-18,1216567563.0354626
2022-02-21,1228853825.0354626
2022-02-22,1228589033.0354626
2022-02-23,1212649999.0354626
2022-02-24,1201759282.0354626
2022-02-25,1187245813.0354626
2022-02-28,1198812428.0354626
2022-03-01,1208050160.0354626
2022-03-02,1229196716.0354626
2022-03-03,1249708792.0354626
2022-03-04,1250849024.0354626
2022-03-07,1245579070.0354626
2022-03-08,1187993839.0354626
2022-03-09,1179655015.0354626
2022-03-10,1184202135.0354626
2022-03-11,1196725030.0354626
2022-03-14,1152032529.7185326
2022-03-15,1092110465.537185
2022-03-16,1127697432.537185
2022-03-17,1117344568.537185
2022-03-18,1132457900.537185
2022-03-21,1130685478.537185
2022-03-22,1126691620.537185
2022-03-23,1121481823.537185
2022-03-24,1104806445.537185
2022-03-25,1068999437.537185
2022-03-28,1082026128.537185
2022-03-29,1091188409.537185
2022-03-30,1106880995.537185
2022-03-31,1095531450.537185
2022-04-01,1102863625.537185
2022-04-06,1075567394.537185
2022-04-07,1074129164.537185
2022-04-08,1068903559.537185
2022-04-11,1039113440.537185
2022-04-12,1056657969.537185
2022-04-13,1047495438.0766
2022-04-14,1061890182.3527352
2022-04-15,1038203478.3527352
2022-04-18,1022148971.3527352
2022-04-19,1024371638.3527352
2022-04-20,992934826.3527352
2022-04-21,976296954.3527352
2022-04-22,974361992.3527352
2022-04-25,932502320.3527352
2022-04-26,909248706.3527352
2022-04-27,924644179.3527352
2022-04-28,941003789.3527352
2022-04-29,967897879.3527352
2022-05-05,965329992.3527352
2022-05-06,952596412.3527352
2022-05-09,951783618.3527352
2022-05-10,940550715.3527352
2022-05-11,947652378.3527352
2022-05-12,939696629.3527352
2022-05-13,951787037.3527352
2022-05-16,946420286.2178725
2022-05-17,947773639.7346824
2022-05-18,939309274.7346824
2022-05-19,949791880.7346824
2022-05-20,953420554.7346824
2022-05-23,959761630.7346824
2022-05-24,946287797.7346824
2022-05-25,961467137.7346824
2022-05-26,959830507.7346824
2022-05-27,963141282.7346824
2022-05-30,965258300.7346824
2022-05-31,986850785.7346824
2022-06-01,1016035192.7346824
2022-06-02,1048179572.7346824
2022-06-06,1071456482.7346824
2022-06-07,1085248071.7346826
2022-06-08,1078235203.7346826
2022-06-09,1040470713.7346824
2022-06-10,1063434980.7346824
2022-06-13,1056500601.7346824
2022-06-14,1042639572.221875
2022-06-15,1068989281.694265
2022-06-16,1070921883.694265
2022-06-17,1085325568.694265
2022-06-20,1063490648.694265
2022-06-21,1045644623.694265
2022-06-22,1049328827.694265
2022-06-23,1076036301.694265
2022-06-24,1104797159.694265
2022-06-27,1105296385.694265
2022-06-28,1127303042.694265
2022-06-29,1062186444.694265
2022-06-30,1071053438.694265
2022-07-01,1081899400.694265
2022-07-04,1102872139.694265
2022-07-05,1095228588.694265
2022-07-06,1066401194.694265
2022-07-07,1072041603.694265
2022-07-08,1046492552.694265
2022-07-11,1025325427.694265
2022-07-12,1020575693.8627275
2022-07-13,1004490817.909925
2022-07-14,1017465181.909925
2022-07-15,1003601891.909925
2022-07-18,993953379.909925
2022-07-19,1000578259.909925
2022-07-20,1003893294.909925
2022-07-21,1005916855.909925
2022-07-22,994711805.909925
2022-07-25,972299565.909925
2022-07-26,984264029.909925
2022-07-27,978126938.909925
2022-07-28,981870993.909925
2022-07-29,963268197.909925
2022-08-01,967227274.909925
2022-08-02,945447516.909925
2022-08-03,945162303.909925
2022-08-04,950188979.909925
2022-08-05,970560477.909925
2022-08-08,969731980.909925
2022-08-09,973516959.9767274
2022-08-10,979580294.08716
2022-08-11,984503172.08716
2022-08-12,955809656.08716
2022-08-15,961724774.08716
2022-08-16,955094689.08716
2022-08-17,952063038.08716
2022-08-18,955985713.08716
2022-08-19,927864304.08716
2022-08-22,930281122.08716
2022-08-23,923483763.08716
2022-08-24,889687258.08716
2022-08-25,874028000.08716
2022-08-26,858804344.08716
2022-08-29,876014569.08716
2022-08-30,871362547.08716
2022-08-31,848697069.08716
2022-09-01,844488943.08716
2022-09-02,858251395.08716
2022-09-05,860127511.08716
2022-09-06,855807652.84458
2022-09-07,857581312.16647
2022-09-08,848550551.16647
2022-09-09,843897259.16647
2022-09-13,834364878.16647
2022-09-14,840294628.16647
2022-09-15,821330338.16647
2022-09-16,794873977.16647
2022-09-19,802643965.16647
2022-09-20,801782271.16647
2022-09-21,819454273.16647
2022-09-22,829674984.16647
2022-09-23,812801227.16647
2022-09-26,793544817.16647
2022-09-27,795477515.16647
2022-09-28,788205412.16647
2022-09-29,785755638.16647
2022-09-30,783731023.16647
2022-10-10,787568963.16647
2022-10-11,791502005.16647
2022-10-12,782853140.4811451
2022-10-13,784882166.102715
2022-10-14,806617662.102715
2022-10-17,800303868.102715
2022-10-18,806563638.102715
2022-10-19,810761600.102715
2022-10-20,802646752.102715
2022-10-21,810678654.102715
2022-10-24,797012729.102715
2022-10-25,795027384.102715
2022-10-26,797520193.102715
2022-10-27,788162986.102715
2022-10-28,768082555.102715
2022-10-31,766582272.102715
2022-11-01,776683658.102715
2022-11-02,794249410.102715
2022-11-03,797873064.102715
2022-11-04,819609428.102715
2022-11-07,806036281.102715
2022-11-08,802429427.102715
2022-11-09,802612448.50665
2022-11-10,771003647.1799725
2022-11-11,766034915.1799725
2022-11-14,775385365.1799725
2022-11-15,805720475.1799725
2022-11-16,808652676.1799725
2022-11-17,828888126.1799725
2022-11-18,818852322.1799725
2022-11-21,819129549.1799725
2022-11-22,794606677.1799725
2022-11-23,790063551.1799725
2022-11-24,799548908.1799725
2022-11-25,780967183.1799725
2022-11-28,780338147.1799725
2022-11-29,780320110.1799725
2022-11-30,780748496.1799725
2022-12-01,785360947.1799725
2022-12-02,781326704.1799725
2022-12-05,787942278.1799725
2022-12-06,783241051.1799725
2022-12-07,788607408.7535825
2022-12-08,791159077.9277525
2022-12-09,788196395.9277525
2022-12-12,785102306.9277525
2022-12-13,777721367.9277525
2022-12-14,755222955.9277525
2022-12-15,749977381.9277525
2022-12-16,747560842.9277525
2022-12-19,725054695.9277525
2022-12-20,721713279.9277525
2022-12-21,711853282.9277525
2022-12-22,699985390.9277525
2022-12-23,692674563.9277525
2022-12-26,713788292.9277525
2022-12-27,715814890.9277525
2022-12-28,722337899.9277525
2022-12-29,725876418.9277525
2022-12-30,728248499.9277525
2023-01-03,748417582.9277525
2023-01-04,737564781.9277525
2023-01-05,735238355.0723575
2023-01-06,770469169.2928975
2023-01-09,772012109.2928975
2023-01-10,778124886.2928975
2023-01-11,768829187.2928975
2023-01-12,775965400.2928975
2023-01-13,772509878.2928975
2023-01-16,768874521.2928975
2023-01-17,780116809.2928975
2023-01-18,784385509.2928975
2023-01-19,779561409.2928975
2023-01-20,786303708.2928975
2023-01-30,810640519.2928975
2023-01-31,808072787.2928975
2023-02-01,813235402.2928975
2023-02-02,807263131.2928975
2023-02-03,798118393.2928975
2023-02-06,788308262.2928975
2023-02-07,784563910.2928975
2023-02-08,781728523.2928975
2023-02-09,780677094.4944475
2023-02-10,790938045.7369576
2023-02-13,818525310.7369576
2023-02-14,838879492.7369576
2023-02-15,843309034.7369576
2023-02-16,823546565.7369576
2023-02-17,801725514.7369576
2023-02-20,812739344.7369576
2023-02-21,821220473.7369576
2023-02-22,820020835.7369576
2023-02-23,811889659.7369576
2023-02-24,810936378.7369576
2023-02-27,797905688.7369576
2023-02-28,811374417.7369576
2023-03-01,827613111.7369576
2023-03-02,828931990.7369576
2023-03-03,824989048.7369576
2023-03-06,841255809.7369576
2023-03-07,822382255.7369576
2023-03-08,834740829.7369576
2023-03-09,827536876.6057901
2023-03-10,811720197.053315
2023-03-13,812327866.053315
2023-03-14,809574516.053315
2023-03-15,807192879.053315
2023-03-16,792398392.053315
2023-03-17,786479150.053315
2023-03-20,802197096.053315
2023-03-21,817169572.053315
2023-03-22,820437245.053315
2023-03-23,824039595.053315
2023-03-24,824703516.053315
2023-03-27,818738627.053315
2023-03-28,801930693.053315
2023-03-29,807700481.053315
2023-03-30,819718735.053315
2023-03-31,811180018.053315
2023-04-03,823906723.053315
2023-04-04,817967430.053315
2023-04-06,821110581.053315
2023-04-07,820921868.6229525
2023-04-10,816066502.34568
2023-04-11,815302270.34568
2023-04-12,821016469.34568
2023-04-13,821310087.34568
2023-04-14,822609654.34568
2023-04-17,832631141.34568
2023-04-18,839588733.34568
2023-04-19,838928437.34568
2023-04-20,837262276.34568
2023-04-21,828363576.34568
2023-04-24,819653674.34568
2023-04-25,819667356.34568
2023-04-26,817882513.34568
2023-04-27,817749151.34568
2023-04-28,819047201.34568
2023-05-04,832014194.34568
2023-05-05,836665839.34568
2023-05-08,863415601.34568
2023-05-09,846553062.34568
2023-05-10,829384770.68671
2023-05-11,802602492.137985
2023-05-12,788589707.137985
2023-05-15,797597423.137985
2023-05-16,780268292.137985
2023-05-17,786275593.137985
2023-05-18,795867734.137985
2023-05-19,781045036.137985
2023-05-22,775147682.137985
2023-05-23,753134762.137985
2023-05-24,742245985.137985
2023-05-25,748806052.137985
2023-05-26,748770721.137985
2023-05-29,760396830.137985
2023-05-30,771008965.137985
2023-05-31,769185089.137985
2023-06-01,773444285.137985
2023-06-02,770059864.137985
2023-06-05,782005264.137985
2023-06-06,773706372.137985
2023-06-07,767036202.4390174
2023-06-08,742035837.5165725
2023-06-09,782112138.5165725
2023-06-12,791841919.5165725
2023-06-13,808578083.5165725
2023-06-14,835786780.5165725
2023-06-15,826320912.5165725
2023-06-16,867874446.5165725
2023-06-19,919664342.5165725
2023-06-20,941627605.5165725
2023-06-21,887031734.5165725
2023-06-26,833745412.5165725
2023-06-27,824365241.5165725
2023-06-28,802935832.5165725
2023-06-29,825716636.5165725
2023-06-30,844660125.5165725
2023-07-03,823775563.5165725
2023-07-04,829569444.5165725
2023-07-05,803862362.5165725
2023-07-06,815785874.5165725
2023-07-07,810808643.907695
2023-07-10,812212547.27655
2023-07-11,807701295.27655
2023-07-12,784808492.27655
2023-07-13,800490943.27655
2023-07-14,802855555.27655
2023-07-17,798769343.27655
2023-07-18,788274968.27655
2023-07-19,783817252.27655
2023-07-20,756299687.27655
2023-07-21,749772559.27655
2023-07-24,746812073.27655
2023-07-25,761883756.27655
2023-07-26,756193400.27655
2023-07-27,750650102.27655
2023-07-28,757055560.27655
2023-07-31,756709129.27655
2023-08-01,761243345.27655
2023-08-02,759710571.27655
2023-08-03,756051685.27655
2023-08-04,753925340.164985
2023-08-07,760223213.957295
2023-08-08,734539922.957295
2023-08-09,732853306.957295
2023-08-10,761277565.957295
2023-08-11,720720186.957295
2023-08-14,719525010.957295
2023-08-15,743883679.957295
2023-08-16,752390845.957295
2023-08-17,748220075.957295
2023-08-18,732541750.957295
2023-08-21,716876927.957295
2023-08-22,741974152.957295
2023-08-23,718058990.957295
2023-08-24,714149599.957295
2023-08-25,721048928.957295
2023-08-28,736578279.957295
2023-08-29,737442698.957295
2023-08-30,713670191.957295
2023-08-31,700192713.957295
2023-09-01,696359204.97066
2023-09-04,702818219.36305
2023-09-05,697264257.36305
2023-09-06,703008341.36305
2023-09-07,685839746.36305
2023-09-08,689327126.36305
2023-09-11,689188226.36305
2023-09-12,683534975.36305
2023-09-13,676981610.36305
2023-09-14,668137957.36305
2023-09-15,670290049.36305
2023-09-18,663388999.36305
2023-09-19,661623555.36305
2023-09-20,656232927.36305
2023-09-21,653541441.36305
2023-09-22,663640056.36305
2023-09-25,664031781.36305
2023-09-26,671945405.36305
2023-09-27,670620742.36305
2023-09-28,661877413.36305
2023-10-09,657591541.165225
2023-10-10,651992040.43134
2023-10-11,660162925.43134
2023-10-12,654089229.43134
2023-10-13,651836727.43134
2023-10-16,649167149.43134
2023-10-17,653081450.43134
2023-10-18,651083373.43134
2023-10-19,633346240.43134
2023-10-20,627122414.43134
2023-10-23,626734458.43134
2023-10-24,626714901.43134
2023-10-25,609865303.43134
2023-10-26,611275006.43134
2023-10-27,615102366.43134
2023-10-30,630316646.43134
2023-10-31,618774535.43134
2023-11-01,608550416.43134
2023-11-02,611648542.43134
2023-11-03,624638496.43134
2023-11-06,640001717.257145
2023-11-07,638682315.39655
2023-11-08,647667193.39655
2023-11-09,641475076.39655
2023-11-10,636660357.39655
2023-11-13,645656500.39655
2023-11-14,654039527.39655
2023-11-15,659648859.39655
2023-11-16,646450635.39655
2023-11-17,643331763.39655
2023-11-20,643325880.39655
2023-11-21,637648624.39655
2023-11-22,624587368.39655
2023-11-23,628832574.39655
2023-11-24,617581013.39655
2023-11-27,615416585.39655
2023-11-28,615351054.39655
2023-11-29,607597843.39655
2023-11-30,611738617.39655
2023-12-01,607922798.39655
2023-12-04,607552355.2205825
2023-12-05,600420566.883465
2023-12-06,602135813.883465
2023-12-07,604345623.883465
2023-12-08,633027627.883465
2023-12-11,645693992.883465
2023-12-12,644782450.883465
2023-12-13,647862323.883465
2023-12-14,639332526.883465
2023-12-15,626941242.883465
2023-12-18,621983953.883465
2023-12-19,626690186.883465
2023-12-20,608905534.883465
2023-12-21,623884145.883465
2023-12-22,607893149.883465
2023-12-25,609495815.883465
2023-12-26,603189537.883465
2023-12-27,604037704.883465
2023-12-28,607553280.883465
2023-12-29,618249627.883465
2024-01-02,615967445.9677925
2024-01-03,612642050.2244875
2024-01-04,602540366.2244875
2024-01-05,594995374.2244875
2024-01-08,584175446.2244875
2024-01-09,589277717.2244875
2024-01-10,586742459.2244875
2024-01-11,595158527.2244875
2024-01-12,590796626.2244875
2024-01-15,591980670.2244875
2024-01-16,593136194.2244875
2024-01-17,580420723.2244875
2024-01-18,579386415.2244875
2024-01-19,568575072.2244875
2024-01-22,543553931.2244875
2024-01-23,558266680.2244875
2024-01-24,563071209.2244875
2024-01-25,576455459.2244875
2024-01-26,576925616.2244875
2024-01-29,566923035.2244875
2024-01-30,562481860.2255175
2024-01-31,534057073.242995
2024-02-01,548441200.242995
2024-02-02,534211070.242995
2024-02-05,518408459.242995
2024-02-06,553458316.242995
2024-02-07,558973765.242995
2024-02-08,574818303.242995
2024-02-19,624772894.242995
2024-02-20,616623888.242995
2024-02-21,606551525.242995
2024-02-22,618248281.242995
2024-02-23,627156943.242995
2024-02-26,626072182.242995
2024-02-27,656491194.242995
2024-02-28,622611930.242995
2024-02-29,652311275.242995
2024-03-01,668044774.242995
2024-03-04,679964683.242995
2024-03-05,672641833.242995
2024-03-06,667246062.6892124
2024-03-07,668095054.737295
2024-03-08,669730166.737295
2024-03-11,670017949.737295
2024-03-12,664490161.737295
2024-03-13,662269654.737295
2024-03-14,661535931.737295
2024-03-15,669197232.737295
2024-03-18,670555084.737295
2024-03-19,672731633.737295
2024-03-20,672871911.737295
2024-03-21,673099806.737295
2024-03-22,668997586.737295
2024-03-25,670094564.737295
2024-03-26,673587946.737295
2024-03-27,670468629.737295
2024-03-28,666223136.737295
2024-03-29,669856420.737295
2024-04-01,674730190.737295
2024-04-02,678287994.737295
2024-04-03,678712561.3574525
2024-04-08,675022569.8068202
2024-04-09,676501152.8068202
2024-04-10,670876868.8068202
2024-04-11,670863583.8068202
2024-04-12,664690307.8068202
2024-04-15,672800957.8068202
2024-04-16,665917934.8068202
2024-04-17,678027980.8068202
2024-04-18,680515568.8068202
2024-04-19,677771970.8068202
2024-04-22,676372959.8068202
2024-04-23,672013395.8068202
2024-04-24,674547212.8068202
2024-04-25,679454365.8068202
2024-04-26,681478830.8068202
2024-04-29,681273418.8068202
2024-04-30,680145475.8068202
2024-05-06,685367249.8068202
2024-05-07,683823424.8068202
2024-05-08,682172200.9112175
2024-05-09,680614829.5337
2024-05-10,679459008.5337
2024-05-13,677021899.5337
2024-05-14,676808567.5337
2024-05-15,668216055.5337
2024-05-16,660595245.5337
2024-05-17,664617446.5337
2024-05-20,671995203.5337
2024-05-21,672909695.5337
2024-05-22,663527126.5337
2024-05-23,660014248.5337
2024-05-24,646963554.5337
2024-05-27,656763826.5337
2024-05-28,651712668.5337
2024-05-29,653189964.5337
2024-05-30,634110619.5337
2024-05-31,633996026.5337
2024-06-03,641376567.5337
2024-06-04,642744716.5337
2024-06-05,641202247.27934
2024-06-06,632323485.43949
2024-06-07,635008189.43949
2024-06-11,634751463.43949
2024-06-12,637298892.43949
2024-06-13,637930594.43949
2024-06-14,635327685.43949
2024-06-17,635918460.43949
2024-06-18,643878216.43949
2024-06-19,639525852.43949
2024-06-20,639245006.43949
2024-06-21,641486126.43949
2024-06-24,631667379.43949
2024-06-25,628801739.43949
2024-06-26,634081201.43949
2024-06-27,632403446.43949
2024-06-28,638810356.43949
2024-07-01,644303765.43949
2024-07-02,644132938.43949
2024-07-03,645712980.43949
2024-07-04,645089675.2395175
2024-07-05,638296929.7480425
2024-07-08,628716959.7480425
2024-07-09,635671670.7480425
2024-07-10,633956742.7480425
2024-07-11,652155590.7480425
2024-07-12,649855920.7480425
2024-07-15,651115379.7480425
2024-07-16,656887134.7480425
2024-07-17,659376904.7480425
2024-07-18,659084774.7480425
2024-07-19,661626736.7480425
2024-07-22,655394299.7480425
2024-07-23,640550495.7480425
2024-07-24,631996990.7480425
2024-07-25,636223204.7480425
2024-07-26,642878764.7480425
2024-07-29,638901775.7480425
2024-07-30,637859517.7480425
2024-07-31,653929251.7480425
2024-08-01,651026537.266075
2024-08-02,645237432.364655
2024-08-05,642707249.364655
2024-08-06,650030587.364655
2024-08-07,650446613.364655
2024-08-08,650857243.364655
2024-08-09,643669301.364655
2024-08-12,641641730.364655
2024-08-13,641760056.364655
2024-08-14,634338714.364655
2024-08-15,640054665.364655
2024-08-16,639350440.364655
2024-08-19,635633113.364655
2024-08-20,627218325.364655
2024-08-21,623814145.364655
2024-08-22,619829072.364655
2024-08-23,619077172.364655
2024-08-26,621092340.364655
2024-08-27,614989862.364655
2024-08-28,617673725.364655
2024-08-29,612327238.9065
2024-08-30,620810553.43057
2024-09-02,613402459.43057
2024-09-03,615742105.43057
2024-09-04,612422013.43057
2024-09-05,617369111.43057
2024-09-06,611762518.43057
2024-09-09,609231170.43057
2024-09-10,610689828.43057
2024-09-11,608041338.43057
2024-09-12,609275209.43057
2024-09-13,603743909.43057
2024-09-18,606093769.43057
2024-09-19,610980596.43057
2024-09-20,609993762.43057
2024-09-23,607515916.43057
2024-09-24,624736507.43057
2024-09-25,634160544.43057
2024-09-26,652729485.43057
2024-09-27,677107931.43057
2024-09-30,736688835.5681925
2024-10-08,810745131.066995
2024-10-09,757990944.066995
2024-10-10,757156099.066995
2024-10-11,729881857.066995
2024-10-14,742711825.066995
2024-10-15,726053218.066995
2024-10-16,719742253.066995
2024-10-17,708167442.066995
2024-10-18,737585695.066995
2024-10-21,747075243.066995
2024-10-22,751760163.066995
2024-10-23,763364698.066995
2024-10-24,758242711.066995
2024-10-25,774051552.066995
2024-10-28,769620577.066995
2024-10-29,757283799.066995
2024-10-30,750866243.066995
2024-10-31,756396913.066995
2024-11-01,742032910.066995
2024-11-04,746043581.5979075
2024-11-05,763306793.4736925
2024-11-06,762519745.4736925
2024-11-07,777296932.4736925
2024-11-08,771224061.4736925
2024-11-11,775394297.4736925
2024-11-12,774589110.4736925
2024-11-13,781562318.4736925
2024-11-14,780646186.4736925
2024-11-15,775775187.4736925
2024-11-18,759255046.4736925
2024-11-19,764347517.4736925
2024-11-20,773245402.4736925
2024-11-21,765703031.4736925
2024-11-22,744164682.4736925
2024-11-25,743313432.4736925
2024-11-26,747800808.4736925
2024-11-27,760255961.4736925
2024-11-28,750784963.4736925
2024-11-29,761068543.4736925
2024-12-02,762976913.5363475
2024-12-03,764257233.51997
2024-12-04,762314364.51997
2024-12-05,759965350.51997
2024-12-06,762327665.51997
2024-12-09,766814003.51997
2024-12-10,763400426.51997
2024-12-11,767576989.51997
2024-12-12,770283604.51997
2024-12-13,758211357.51997
2024-12-16,767274556.51997
2024-12-17,770608178.51997
2024-12-18,776815813.51997
2024-12-19,786200142.51997
2024-12-20,790587463.51997
2024-12-23,795647393.51997
2024-12-24,804175211.51997
2024-12-25,810766685.51997
2024-12-26,812940291.51997
2024-12-27,804213966.51997
2024-12-30,802388862.3701324
2024-12-31,780827470.4609925
2025-01-02,754266466.4609925
2025-01-03,742832374.4609925
2025-01-06,740794517.4609925
2025-01-07,744034059.4609925
2025-01-08,743537504.4609925
2025-01-09,741202645.4609925
2025-01-10,727012220.4609925
2025-01-13,731009574.4609925
2025-01-14,757093061.4609925
2025-01-15,749995184.4609925
2025-01-16,749579705.4609925
2025-01-17,757261687.4609925
2025-01-20,759376019.4609925
2025-01-21,755247856.4609925
2025-01-22,752490148.4609925
2025-01-23,748917661.4609925
2025-01-24,752565404.4609925
2025-01-27,750213958.4609925
2025-02-05,746390161.008095
2025-02-06,766297171.171705
2025-02-07,772960439.171705
2025-02-10,778185317.171705
2025-02-11,773763985.171705
2025-02-12,777205894.171705
2025-02-13,772465257.171705
2025-02-14,783547858.171705
2025-02-17,788441855.171705
2025-02-18,777185594.171705
2025-02-19,783159238.171705
2025-02-20,779689857.171705
2025-02-21,781978619.171705
2025-02-24,780640277.171705
2025-02-25,773433841.171705
2025-02-26,778690817.171705
2025-02-27,780174153.171705
2025-02-28,763548842.171705
2025-03-03,761623798.171705
2025-03-04,765124908.171705
2025-03-05,763643119.3752499
2025-03-06,784051176.973375
2025-03-07,774933409.973375
2025-03-10,779347319.973375
2025-03-11,788096518.973375
2025-03-12,781242802.973375
2025-03-13,777612632.973375
2025-03-14,795309426.973375
2025-03-17,799350740.973375
2025-03-18,817893627.973375
2025-03-19,797525785.973375
2025-03-20,797929536.973375
2025-03-21,784573975.973375
2025-03-24,789271685.973375
2025-03-25,783522963.973375
2025-03-26,779697069.973375
2025-03-27,778595842.973375
2025-03-28,771429372.973375
2025-03-31,776918702.973375
2025-04-01,779350179.973375
2025-04-02,775604604.3910275
2025-04-03,775804795.1092875
2025-04-07,732285250.1092875
2025-04-08,753472053.1092875
2025-04-09,762670088.1092875
2025-04-10,762251238.1092875
2025-04-11,760027645.1092875
2025-04-14,760044403.1092875
2025-04-15,756040964.1092875
2025-04-16,763114678.1092875
2025-04-17,762624366.1092875
2025-04-18,761285206.1092875
2025-04-21,760723872.1092875
2025-04-22,759154283.1092875
2025-04-23,761036563.1092875
2025-04-24,758900766.1092875
2025-04-25,771467356.1092875
2025-04-28,763853535.1092875
2025-04-29,763339271.1092875
2025-04-30,764087903.1092875
2025-05-06,769974377.9069325
2025-05-07,770851501.52874
2025-05-08,773754060.52874
2025-05-09,772371974.52874
2025-05-12,779516400.52874
2025-05-13,794584810.52874
2025-05-14,795921942.52874
2025-05-15,793427259.52874
2025-05-16,787386853.52874
2025-05-19,793079219.52874
2025-05-20,790954876.52874
2025-05-21,791522826.52874
2025-05-22,785631888.52874
2025-05-23,775958621.52874
2025-05-26,776347886.52874
2025-05-27,768876638.52874
2025-05-28,765461559.52874
2025-05-29,774445170.52874
2025-05-30,769229974.52874
2025-06-03,769300779.52874
2025-06-04,768333897.0142975
2025-06-05,788710536.04506
2025-06-06,787427912.04506
2025-06-09,795064601.04506
2025-06-10,784287053.04506
2025-06-11,787300240.04506
2025-06-12,791937374.04506
2025-06-13,785741221.04506
2025-06-16,798018352.04506
2025-06-17,801735435.04506
2025-06-18,804246255.04506
2025-06-19,799636409.04506
2025-06-20,788035620.04506
2025-06-23,786089733.04506
2025-06-24,798011322.04506
2025-06-25,824089461.04506
2025-06-26,833873722.04506
2025-06-27,834259117.04506
2025-06-30,844346750.04506
2025-07-01,838849464.04506
2025-07-02,833745953.80072
2025-07-03,834550255.5975125
2025-07-04,837438647.5975125
2025-07-07,837079276.5975125
2025-07-08,842049489.5975125
2025-07-09,837866234.5975125
2025-07-10,846503625.5975125
2025-07-11,852832097.5975125
2025-07-14,854367619.5975125
2025-07-15,843622254.5975125
2025-07-16,843432921.5975125
2025-07-17,847223167.5975125
2025-07-18,853568473.5975125
2025-07-21,869234945.5975125
2025-07-22,884892104.5975125
2025-07-23,891534191.5975125
2025-07-24,915493718.5975125
2025-07-25,896523610.5975125
2025-07-28,891906048.5975125
2025-07-29,896864533.5975125
2025-07-30,895955493.10549
2025-07-31,883062975.9832574
2025-08-01,874796555.9832574
2025-08-04,872861071.9832574
2025-08-05,880151354.9832574
2025-08-06,895508753.9832574
2025-08-07,896757378.9832574
2025-08-08,892730746.9832574
2025-08-11,915080436.9832574
2025-08-12,935231394.9832574
2025-08-13,953813073.9832574
2025-08-14,943280522.9832574
2025-08-15,975565364.9832574
2025-08-18,1005100249.9832574
2025-08-19,990962013.9832574
2025-08-20,1012599884.9832574
2025-08-21,1013045896.9832574
2025-08-22,1068814756.9832574
2025-08-25,1133748657.9832575
2025-08-26,1122677637.9832575
2025-08-27,1117823784.56121
2025-08-28,1190672591.2939425
2025-08-29,1176634069.2939425
2025-09-01,1193008010.2939425
2025-09-02,1164444879.2939425
2025-09-03,1161693603.2939425
2025-09-04,1101581036.2939425
2025-09-05,1171912882.2939425
2025-09-08,1147092088.2939425
2025-09-09,1124533170.2939425
2025-09-10,1146077920.2939425
2025-09-11,1217136587.2939425
2025-09-12,1250014632.2939425
2025-09-15,1243461681.2939425
2025-09-16,1257908505.2939425
2025-09-17,1263272666.2939425
2025-09-18,1246832169.2939425
2025-09-19,1224497246.2939425
2025-09-22,1257201160.2939425
2025-09-23,1250779637.2939425
2025-09-24,1237625988.6856425
2025-09-25,1257996835.03364
2025-09-26,1218231418.03364
2025-09-29,1231591046.03364
2025-09-30,1205342934.03364
2025-10-09,1216591046.03364
2025-10-10,1147427893.03364
2025-10-13,1139526710.03364
2025-10-14,1079294753.03364
2025-10-15,1110972740.03364
2025-10-16,1111770860.03364
2025-10-17,1081544326.03364
2025-10-20,1111940111.03364
2025-10-21,1170771701.03364
2025-10-22,1181534254.03364
2025-10-23,1165567227.03364
2025-10-24,1249655209.03364
2025-10-27,1290940906.03364
2025-10-28,1288321786.03364
2025-10-29,1322988959.03364
2025-10-30,1280153910.3704276
2025-10-31,1195730988.236185
2025-11-03,1201052435.236185
2025-11-04,1188229075.236185
2025-11-05,1181464419.236185
2025-11-06,1231945685.236185
2025-11-07,1225565872.236185
2025-11-10,1212434831.236185
2025-11-11,1189230144.236185
2025-11-12,1202543189.236185
2025-11-13,1215618939.236185
2025-11-14,1160172710.236185
2025-11-17,1177710897.236185
2025-11-18,1171535953.236185
2025-11-19,1165873661.236185
2025-11-20,1167675004.236185
2025-11-21,1093824006.236185
2025-11-24,1086397555.236185
2025-11-25,1126746535.236185
2025-11-26,1186061967.236185
2025-11-27,1185713769.327135
2025-11-28,1187488460.489175
2025-12-01,1197481849.489175
2025-12-02,1201312635.489175
2025-12-03,1204951479.489175
2025-12-04,1205855014.489175
2025-12-05,1214493995.489175
2025-12-08,1264432708.489175
2025-12-09,1272654494.489175
2025-12-10,1267841689.489175
2025-12-11,1246780332.489175
2025-12-12,1248064121.489175
2025-12-15,1228641959.489175
2025-12-16,1211675301.489175
2025-12-17,1257384741.489175
2025-12-18,1247902748.489175
2025-12-19,1241154603.489175
2025-12-22,1256646968.489175
2025-12-23,1253138835.489175
2025-12-24,1260245662.489175
2025-12-25,1253929088.10282
2025-12-26,1270480999.0217676
2025-12-29,1286397885.0217676
2025-12-30,1269199109.0217676
2025-12-31,1267419376.0217676
