average_filled_price,commission,created_at,created_at_iso,filled_quantity,graph_id,id,order_role,order_type,owner_strategy_id,parent_order_id,position_effect,price,quantity,reduce_only,reject_reason,side,status,symbol,tag,time_in_force,trail_offset,trail_reference_price,trigger_price,updated_at,updated_at_iso
5.25525,22564.7296875,1264435200000000000,2010-01-25T16:00:00Z,1717500.0,,144dffda-2d28-4c21-aebf-547ea594f964,OrderRole.Standalone,OrderType.Market,_default,,PositionEffect.Open,,1717500.0,False,,OrderSide.Buy,OrderStatus.Filled,000100.SZ,,TimeInForce.GTC,,,,1264521600000000000,2010-01-26T16:00:00Z
31.7317,22204.257075,1264435200000000000,2010-01-25T16:00:00Z,279900.0,,9bf61b83-35b9-4bc6-9c01-282e82c02843,OrderRole.Standalone,OrderType.Market,_default,,PositionEffect.Open,,279900.0,False,,OrderSide.Buy,OrderStatus.Filled,000661.SZ,,TimeInForce.GTC,,,,1264521600000000000,2010-01-26T16:00:00Z
13.90389,21512.7938025,1264435200000000000,2010-01-25T16:00:00Z,618900.0,,bdf135d3-2d15-4edc-82c4-a44a6524dadf,OrderRole.Standalone,OrderType.Market,_default,,PositionEffect.Open,,618900.0,False,,OrderSide.Buy,OrderStatus.Filled,000733.SZ,,TimeInForce.GTC,,,,1264521600000000000,2010-01-26T16:00:00Z
13.06305,22520.6982,1264435200000000000,2010-01-25T16:00:00Z,689600.0,,0576f8d2-4b89-480b-80cf-3d64c9a49556,OrderRole.Standalone,OrderType.Market,_default,,PositionEffect.Open,,689600.0,False,,OrderSide.Buy,OrderStatus.Filled,000977.SZ,,TimeInForce.GTC,,,,1264521600000000000,2010-01-26T16:00:00Z
11.29128,22622.07948,1264435200000000000,2010-01-25T16:00:00Z,801400.0,,7f97052a-528e-49fe-9692-2548c17d62a6,OrderRole.Standalone,OrderType.Market,_default,,PositionEffect.Open,,801400.0,False,,OrderSide.Buy,OrderStatus.Filled,002049.SZ,,TimeInForce.GTC,,,,1264521600000000000,2010-01-26T16:00:00Z
19.5195,22740.2175,1264435200000000000,2010-01-25T16:00:00Z,466000.0,,e0fabff9-2516-4449-86cc-c02e7e346c5e,OrderRole.Standalone,OrderType.Market,_default,,PositionEffect.Open,,466000.0,False,,OrderSide.Buy,OrderStatus.Filled,002180.SZ,,TimeInForce.GTC,,,,1264521600000000000,2010-01-26T16:00:00Z
28.47845,22248.7890625,1264435200000000000,2010-01-25T16:00:00Z,312500.0,,1b953ee4-975d-4ccd-a34e-1e56f3c8379d,OrderRole.Standalone,OrderType.Market,_default,,PositionEffect.Open,,312500.0,False,,OrderSide.Buy,OrderStatus.Filled,002241.SZ,,TimeInForce.GTC,,,,1264521600000000000,2010-01-26T16:00:00Z
60.12006,22514.96247,1264435200000000000,2010-01-25T16:00:00Z,149800.0,,3c5ba84e-c20f-4807-94e7-d5b646e48153,OrderRole.Standalone,OrderType.Market,_default,,PositionEffect.Open,,149800.0,False,,OrderSide.Buy,OrderStatus.Filled,002271.SZ,,TimeInForce.GTC,,,,1264521600000000000,2010-01-26T16:00:00Z
25.025,22522.5,1264435200000000000,2010-01-25T16:00:00Z,360000.0,,4f0edba5-8df4-48cd-9cb0-82397e9fc360,OrderRole.Standalone,OrderType.Market,_default,,PositionEffect.Open,,360000.0,False,,OrderSide.Buy,OrderStatus.Filled,600118.SH,,TimeInForce.GTC,,,,1264521600000000000,2010-01-26T16:00:00Z
13.15314,22521.463965,1264435200000000000,2010-01-25T16:00:00Z,684900.0,,d4ad4061-c386-4a68-9f94-68e48c967465,OrderRole.Standalone,OrderType.Market,_default,,PositionEffect.Open,,684900.0,False,,OrderSide.Buy,OrderStatus.Filled,600460.SH,,TimeInForce.GTC,,,,1264521600000000000,2010-01-26T16:00:00Z
5.76423,24750.1625625,1267459200000000000,2010-03-01T16:00:00Z,1717500.0,,111efa20-3c5e-469a-860b-7a678e434888,OrderRole.Standalone,OrderType.Market,_default,,PositionEffect.Close,,1717500.0,False,,OrderSide.Sell,OrderStatus.Filled,000100.SZ,,TimeInForce.GTC,,,,1267545600000000000,2010-03-02T16:00:00Z
34.81515,24361.9012125,1267459200000000000,2010-03-01T16:00:00Z,279900.0,,6d7fe5b7-d95d-433a-b685-4a4eabe872b5,OrderRole.Standalone,OrderType.Market,_default,,PositionEffect.Close,,279900.0,False,,OrderSide.Sell,OrderStatus.Filled,000661.SZ,,TimeInForce.GTC,,,,1267545600000000000,2010-03-02T16:00:00Z
13.0869,20248.706025,1267459200000000000,2010-03-01T16:00:00Z,618900.0,,5d030871-bc21-431a-b25c-7f3c20c5a4af,OrderRole.Standalone,OrderType.Market,_default,,PositionEffect.Close,,618900.0,False,,OrderSide.Sell,OrderStatus.Filled,000733.SZ,,TimeInForce.GTC,,,,1267545600000000000,2010-03-02T16:00:00Z
16.23375,3368.503125,1267459200000000000,2010-03-01T16:00:00Z,83000.0,,caac4d14-832d-4ab7-8092-bef041a44363,OrderRole.Standalone,OrderType.Market,_default,,PositionEffect.Close,,83000.0,False,,OrderSide.Sell,OrderStatus.Filled,000977.SZ,,TimeInForce.GTC,,,,1267545600000000000,2010-03-02T16:00:00Z
12.33765,24718.481775,1267459200000000000,2010-03-01T16:00:00Z,801400.0,,415b3030-5dbd-4373-aa25-b895764f13fc,OrderRole.Standalone,OrderType.Market,_default,,PositionEffect.Close,,801400.0,False,,OrderSide.Sell,OrderStatus.Filled,002049.SZ,,TimeInForce.GTC,,,,1267545600000000000,2010-03-02T16:00:00Z
21.42855,24964.26075,1267459200000000000,2010-03-01T16:00:00Z,466000.0,,74104d17-0822-4211-90e3-d80d3184fbb5,OrderRole.Standalone,OrderType.Market,_default,,PositionEffect.Close,,466000.0,False,,OrderSide.Sell,OrderStatus.Filled,002180.SZ,,TimeInForce.GTC,,,,1267545600000000000,2010-03-02T16:00:00Z
31.01895,24233.5546875,1267459200000000000,2010-03-01T16:00:00Z,312500.0,,840b6206-a6e7-4d7a-a79e-520189d3d623,OrderRole.Standalone,OrderType.Market,_default,,PositionEffect.Close,,312500.0,False,,OrderSide.Sell,OrderStatus.Filled,002241.SZ,,TimeInForce.GTC,,,,1267545600000000000,2010-03-02T16:00:00Z
60.79914,22769.27793,1267459200000000000,2010-03-01T16:00:00Z,149800.0,,1a5bfb1c-304e-48e6-97c3-4e30817c91bd,OrderRole.Standalone,OrderType.Market,_default,,PositionEffect.Close,,149800.0,False,,OrderSide.Sell,OrderStatus.Filled,002271.SZ,,TimeInForce.GTC,,,,1267545600000000000,2010-03-02T16:00:00Z
34.77519,6668.1426825,1267459200000000000,2010-03-01T16:00:00Z,76700.0,,91886b89-919b-4d17-8bd3-d50a9610a800,OrderRole.Standalone,OrderType.Market,_default,,PositionEffect.Close,,76700.0,False,,OrderSide.Sell,OrderStatus.Filled,600118.SH,,TimeInForce.GTC,,,,1267545600000000000,2010-03-02T16:00:00Z
14.4855,24802.797375,1267459200000000000,2010-03-01T16:00:00Z,684900.0,,ad8dbf82-79f4-418a-9782-134ceafe96ca,OrderRole.Standalone,OrderType.Market,_default,,PositionEffect.Close,,684900.0,False,,OrderSide.Sell,OrderStatus.Filled,600460.SH,,TimeInForce.GTC,,,,1267545600000000000,2010-03-02T16:00:00Z
52.71266,24788.128365,1267459200000000000,2010-03-01T16:00:00Z,188100.0,,693cfaf9-0411-42cd-96df-552ca8ab1a8e,OrderRole.Standalone,OrderType.Market,_default,,PositionEffect.Open,,188100.0,False,,OrderSide.Buy,OrderStatus.Filled,000776.SZ,,TimeInForce.GTC,,,,1267545600000000000,2010-03-02T16:00:00Z
18.44843,25080.640585,1267459200000000000,2010-03-01T16:00:00Z,543800.0,,e350dfc2-b71e-489b-a3f9-1b82203fa07c,OrderRole.Standalone,OrderType.Market,_default,,PositionEffect.Open,,543800.0,False,,OrderSide.Buy,OrderStatus.Filled,000786.SZ,,TimeInForce.GTC,,,,1267545600000000000,2010-03-02T16:00:00Z
24.7247,24675.2506,1267459200000000000,2010-03-01T16:00:00Z,399200.0,,d81e08ea-b13d-46b7-b2cd-5dcbdf511478,OrderRole.Standalone,OrderType.Market,_default,,PositionEffect.Open,,399200.0,False,,OrderSide.Buy,OrderStatus.Filled,000999.SZ,,TimeInForce.GTC,,,,1267545600000000000,2010-03-02T16:00:00Z
41.92188,25016.88189,1267459200000000000,2010-03-01T16:00:00Z,238700.0,,7d456d8f-47f4-4c93-a76e-2e62dc6e4c04,OrderRole.Standalone,OrderType.Market,_default,,PositionEffect.Open,,238700.0,False,,OrderSide.Buy,OrderStatus.Filled,002252.SZ,,TimeInForce.GTC,,,,1267545600000000000,2010-03-02T16:00:00Z
87.46738,24753.26854,1267459200000000000,2010-03-01T16:00:00Z,113200.0,,fadb4f82-c13c-49a3-9034-c057d4ccf625,OrderRole.Standalone,OrderType.Market,_default,,PositionEffect.Open,,113200.0,False,,OrderSide.Buy,OrderStatus.Filled,300033.SZ,,TimeInForce.GTC,,,,1267545600000000000,2010-03-02T16:00:00Z
12.42241,25608.798215,1267459200000000000,2010-03-01T16:00:00Z,824600.0,,1a6ad24c-a5f5-4b20-8c97-d2d1dce3a753,OrderRole.Standalone,OrderType.Market,_default,,PositionEffect.Open,,824600.0,False,,OrderSide.Buy,OrderStatus.Filled,600039.SH,,TimeInForce.GTC,,,,1267545600000000000,2010-03-02T16:00:00Z
10.55054,24978.40345,1267459200000000000,2010-03-01T16:00:00Z,947000.0,,8350b6bb-447c-4e10-af74-15868f1a224f,OrderRole.Standalone,OrderType.Market,_default,,PositionEffect.Open,,947000.0,False,,OrderSide.Buy,OrderStatus.Filled,600160.SH,,TimeInForce.GTC,,,,1267545600000000000,2010-03-02T16:00:00Z
9.93993,24832.4301225,1267459200000000000,2010-03-01T16:00:00Z,999300.0,,5574a5a6-0d03-4026-b3f2-0a890669423e,OrderRole.Standalone,OrderType.Market,_default,,PositionEffect.Open,,999300.0,False,,OrderSide.Buy,OrderStatus.Filled,600346.SH,,TimeInForce.GTC,,,,1267545600000000000,2010-03-02T16:00:00Z
15.984,24239.736,1267545600000000000,2010-03-02T16:00:00Z,606600.0,,fc7dd392-59c4-4209-9cb7-6cd3f6b7d6d1,OrderRole.Standalone,OrderType.Market,_default,,PositionEffect.Close,,606600.0,False,,OrderSide.Sell,OrderStatus.Filled,000977.SZ,,TimeInForce.GTC,,,,1267632000000000000,2010-03-03T16:00:00Z
35.5644,25188.4863,1267545600000000000,2010-03-02T16:00:00Z,283300.0,,269efe0d-df20-4a8d-8ede-d6bdc3f0b8f4,OrderRole.Standalone,OrderType.Market,_default,,PositionEffect.Close,,283300.0,False,,OrderSide.Sell,OrderStatus.Filled,600118.SH,,TimeInForce.GTC,,,,1267632000000000000,2010-03-03T16:00:00Z
56.6433,877.97115,1269878400000000000,2010-03-29T16:00:00Z,6200.0,,f139befc-5213-4701-b162-36ce21207b1a,OrderRole.Standalone,OrderType.Market,_default,,PositionEffect.Close,,6200.0,False,,OrderSide.Sell,OrderStatus.Filled,000776.SZ,,TimeInForce.GTC,,,,1269964800000000000,2010-03-30T16:00:00Z
17.4825,23767.45875,1269878400000000000,2010-03-29T16:00:00Z,543800.0,,be0e24ff-4974-470f-bf59-e0ce61f64754,OrderRole.Standalone,OrderType.Market,_default,,PositionEffect.Close,,543800.0,False,,OrderSide.Sell,OrderStatus.Filled,000786.SZ,,TimeInForce.GTC,,,,1269964800000000000,2010-03-30T16:00:00Z
24.28569,24237.11862,1269878400000000000,2010-03-29T16:00:00Z,399200.0,,81eb6748-3098-4c28-b3aa-2dfc814f790b,OrderRole.Standalone,OrderType.Market,_default,,PositionEffect.Close,,399200.0,False,,OrderSide.Sell,OrderStatus.Filled,000999.SZ,,TimeInForce.GTC,,,,1269964800000000000,2010-03-30T16:00:00Z
41.31864,24656.89842,1269878400000000000,2010-03-29T16:00:00Z,238700.0,,79347959-1148-4817-94f5-5d9de0014a09,OrderRole.Standalone,OrderType.Market,_default,,PositionEffect.Close,,238700.0,False,,OrderSide.Sell,OrderStatus.Filled,002252.SZ,,TimeInForce.GTC,,,,1269964800000000000,2010-03-30T16:00:00Z
52.42752,3879.63648,1269878400000000000,2010-03-29T16:00:00Z,29600.0,,b20ff02c-ae84-4197-85d2-324e926e0846,OrderRole.Standalone,OrderType.Market,_default,,PositionEffect.Close,,29600.0,False,,OrderSide.Sell,OrderStatus.Filled,300033.SZ,,TimeInForce.GTC,,,,1269964800000000000,2010-03-30T16:00:00Z
11.46852,27151.7211,1269878400000000000,2010-03-29T16:00:00Z,947000.0,,5314bf88-f0c9-46ee-b129-7c030baf1a9b,OrderRole.Standalone,OrderType.Market,_default,,PositionEffect.Close,,947000.0,False,,OrderSide.Sell,OrderStatus.Filled,600160.SH,,TimeInForce.GTC,,,,1269964800000000000,2010-03-30T16:00:00Z
11.988,29949.021,1269878400000000000,2010-03-29T16:00:00Z,999300.0,,a90ca188-e258-41f5-b5f7-8ab7ab4aa231,OrderRole.Standalone,OrderType.Market,_default,,PositionEffect.Close,,999300.0,False,,OrderSide.Sell,OrderStatus.Filled,600346.SH,,TimeInForce.GTC,,,,1269964800000000000,2010-03-30T16:00:00Z
11.70169,25641.3282125,1269878400000000000,2010-03-29T16:00:00Z,876500.0,,e78d778e-2d41-4647-95c9-db76d812a306,OrderRole.Standalone,OrderType.Market,_default,,PositionEffect.Open,,876500.0,False,,OrderSide.Buy,OrderStatus.Filled,600584.SH,,TimeInForce.GTC,,,,1269964800000000000,2010-03-30T16:00:00Z
10.98097,25665.2721325,1269878400000000000,2010-03-29T16:00:00Z,934900.0,,57d89609-8259-4ad5-8123-f0f2312ea280,OrderRole.Standalone,OrderType.Market,_default,,PositionEffect.Open,,934900.0,False,,OrderSide.Buy,OrderStatus.Filled,600732.SH,,TimeInForce.GTC,,,,1269964800000000000,2010-03-30T16:00:00Z
14.92491,25480.5525975,1269878400000000000,2010-03-29T16:00:00Z,682900.0,,4a012db0-caa5-4080-b9ca-c5f92c4417a0,OrderRole.Standalone,OrderType.Market,_default,,PositionEffect.Open,,682900.0,False,,OrderSide.Buy,OrderStatus.Filled,000977.SZ,,TimeInForce.GTC,,,,1269964800000000000,2010-03-30T16:00:00Z
14.014,25894.3685,1269878400000000000,2010-03-29T16:00:00Z,739100.0,,9a751c71-5235-4bf2-a2f7-2da390039e02,OrderRole.Standalone,OrderType.Market,_default,,PositionEffect.Open,,739100.0,False,,OrderSide.Buy,OrderStatus.Filled,002049.SZ,,TimeInForce.GTC,,,,1269964800000000000,2010-03-30T16:00:00Z
64.34428,25351.64632,1269878400000000000,2010-03-29T16:00:00Z,157600.0,,2de90f4d-0cad-4b25-80ed-4945e9b9f2fd,OrderRole.Standalone,OrderType.Market,_default,,PositionEffect.Open,,157600.0,False,,OrderSide.Buy,OrderStatus.Filled,002271.SZ,,TimeInForce.GTC,,,,1269964800000000000,2010-03-30T16:00:00Z
11.4114,25618.593,1269878400000000000,2010-03-29T16:00:00Z,898000.0,,734fb02d-62ce-406e-ba5c-0c2744960852,OrderRole.Standalone,OrderType.Market,_default,,PositionEffect.Open,,898000.0,False,,OrderSide.Buy,OrderStatus.Filled,600061.SH,,TimeInForce.GTC,,,,1269964800000000000,2010-03-30T16:00:00Z
,0.0,1269878400000000000,2010-03-29T16:00:00Z,0.0,,f9459c7d-7cf2-43fe-b8c4-77c4b8accc95,OrderRole.Standalone,OrderType.Market,_default,,PositionEffect.Open,,351800.0,False,"Symbol 600132.SH not tradable (zero volume, suspension) at execution timestamp 1269964800000000000",OrderSide.Buy,OrderStatus.Rejected,600132.SH,,TimeInForce.GTC,,,,1269964800000000000,2010-03-30T16:00:00Z
11.22121,2328.401075,1269878400000000000,2010-03-29T16:00:00Z,83000.0,,d335b0e6-e15e-41ec-a152-42870ee0dcc4,OrderRole.Standalone,OrderType.Market,_default,,PositionEffect.Open,,83000.0,False,,OrderSide.Buy,OrderStatus.Filled,600039.SH,,TimeInForce.GTC,,,,1269964800000000000,2010-03-30T16:00:00Z
55.43451,25208.8434225,1269964800000000000,2010-03-30T16:00:00Z,181900.0,,7fa45f69-58a8-45a6-aefb-dbc724bfa98c,OrderRole.Standalone,OrderType.Market,_default,,PositionEffect.Close,,181900.0,False,,OrderSide.Sell,OrderStatus.Filled,000776.SZ,,TimeInForce.GTC,,,,1270051200000000000,2010-03-31T16:00:00Z
55.57437,27342.59004,1269964800000000000,2010-03-30T16:00:00Z,196800.0,,caecb6cb-f2cc-4138-a3c4-2e95b347e334,OrderRole.Standalone,OrderType.Market,_default,,PositionEffect.Close,,196800.0,False,,OrderSide.Sell,OrderStatus.Filled,300033.SZ,,TimeInForce.GTC,,,,1270051200000000000,2010-03-31T16:00:00Z
11.03895,25047.37755,1269964800000000000,2010-03-30T16:00:00Z,907600.0,,0a425bf8-976b-4477-bea0-b60554a652dd,OrderRole.Standalone,OrderType.Market,_default,,PositionEffect.Close,,907600.0,False,,OrderSide.Sell,OrderStatus.Filled,600039.SH,,TimeInForce.GTC,,,,1270051200000000000,2010-03-31T16:00:00Z
13.986,25842.6315,1272384000000000000,2010-04-27T16:00:00Z,739100.0,,56c396d4-82cd-4ea7-9c59-e3783353d736,OrderRole.Standalone,OrderType.Market,_default,,PositionEffect.Close,,739100.0,False,,OrderSide.Sell,OrderStatus.Filled,002049.SZ,,TimeInForce.GTC,,,,1272470400000000000,2010-04-28T16:00:00Z
31.2687,1579.06935,1272384000000000000,2010-04-27T16:00:00Z,20200.0,,87626570-13d3-4bde-96bc-6f95418e0597,OrderRole.Standalone,OrderType.Market,_default,,PositionEffect.Close,,20200.0,False,,OrderSide.Sell,OrderStatus.Filled,002271.SZ,,TimeInForce.GTC,,,,1272470400000000000,2010-04-28T16:00:00Z
10.06992,22606.9704,1272384000000000000,2010-04-27T16:00:00Z,898000.0,,a194ec71-b7b2-4328-a91f-9a9c77df1fc5,OrderRole.Standalone,OrderType.Market,_default,,PositionEffect.Close,,898000.0,False,,OrderSide.Sell,OrderStatus.Filled,600061.SH,,TimeInForce.GTC,,,,1272470400000000000,2010-04-28T16:00:00Z
11.83815,941.132925,1272384000000000000,2010-04-27T16:00:00Z,31800.0,,99fb8487-2ce6-4d04-a61d-acf7b06c5402,OrderRole.Standalone,OrderType.Market,_default,,PositionEffect.Close,,31800.0,False,,OrderSide.Sell,OrderStatus.Filled,600584.SH,,TimeInForce.GTC,,,,1272470400000000000,2010-04-28T16:00:00Z
9.07092,21201.00777,1272384000000000000,2010-04-27T16:00:00Z,934900.0,,50d5a52c-df02-49e1-ace2-123c79aed9a3,OrderRole.Standalone,OrderType.Market,_default,,PositionEffect.Close,,934900.0,False,,OrderSide.Sell,OrderStatus.Filled,600732.SH,,TimeInForce.GTC,,,,1272470400000000000,2010-04-28T16:00:00Z
36.2362,24414.13975,1272384000000000000,2010-04-27T16:00:00Z,269500.0,,0191aa9d-63eb-48a4-9bc8-e61d8ac2a53f,OrderRole.Standalone,OrderType.Market,_default,,PositionEffect.Open,,269500.0,False,,OrderSide.Buy,OrderStatus.Filled,300014.SZ,,TimeInForce.GTC,,,,1272470400000000000,2010-04-28T16:00:00Z
35.21518,24870.720875,1272384000000000000,2010-04-27T16:00:00Z,282500.0,,ca44fe85-def3-4514-bff5-32b1a473e749,OrderRole.Standalone,OrderType.Market,_default,,PositionEffect.Open,,282500.0,False,,OrderSide.Buy,OrderStatus.Filled,300015.SZ,,TimeInForce.GTC,,,,1272470400000000000,2010-04-28T16:00:00Z
44.42438,24977.607655,1272384000000000000,2010-04-27T16:00:00Z,224900.0,,b823550b-354a-48ef-9687-f9d3d3c93a44,OrderRole.Standalone,OrderType.Market,_default,,PositionEffect.Open,,224900.0,False,,OrderSide.Buy,OrderStatus.Filled,300033.SZ,,TimeInForce.GTC,,,,1272470400000000000,2010-04-28T16:00:00Z
40.13009,24479.3549,1272384000000000000,2010-04-27T16:00:00Z,244000.0,,b931fe22-8a00-4a2d-8d98-03954421b32f,OrderRole.Standalone,OrderType.Market,_default,,PositionEffect.Open,,244000.0,False,,OrderSide.Buy,OrderStatus.Filled,600111.SH,,TimeInForce.GTC,,,,1272470400000000000,2010-04-28T16:00:00Z
34.034,24810.786,1272384000000000000,2010-04-27T16:00:00Z,291600.0,,4d474b6f-e52f-40ab-a3db-1926d06ff94c,OrderRole.Standalone,OrderType.Market,_default,,PositionEffect.Open,,291600.0,False,,OrderSide.Buy,OrderStatus.Filled,600132.SH,,TimeInForce.GTC,,,,1272470400000000000,2010-04-28T16:00:00Z
8.6086,24749.725,1272384000000000000,2010-04-27T16:00:00Z,1150000.0,,c4efac7c-2b98-4da2-afa2-57aa795eef8a,OrderRole.Standalone,OrderType.Market,_default,,PositionEffect.Open,,1150000.0,False,,OrderSide.Buy,OrderStatus.Filled,600515.SH,,TimeInForce.GTC,,,,1272470400000000000,2010-04-28T16:00:00Z
26.11609,24921.2788825,1272384000000000000,2010-04-27T16:00:00Z,381700.0,,cc3b1195-08e6-4624-aca9-25aee4bd00b1,OrderRole.Standalone,OrderType.Market,_default,,PositionEffect.Open,,381700.0,False,,OrderSide.Buy,OrderStatus.Filled,600570.SH,,TimeInForce.GTC,,,,1272470400000000000,2010-04-28T16:00:00Z
13.02301,2536.2311975,1272384000000000000,2010-04-27T16:00:00Z,77900.0,,dedbd245-7031-4c2d-bd3b-316aa3445401,OrderRole.Standalone,OrderType.Market,_default,,PositionEffect.Open,,77900.0,False,,OrderSide.Buy,OrderStatus.Filled,000977.SZ,,TimeInForce.GTC,,,,1272470400000000000,2010-04-28T16:00:00Z
12.72726,24207.24852,1272470400000000000,2010-04-28T16:00:00Z,760800.0,,494e91bc-5999-4c70-8af9-d6a7b8d23d30,OrderRole.Standalone,OrderType.Market,_default,,PositionEffect.Close,,760800.0,False,,OrderSide.Sell,OrderStatus.Filled,000977.SZ,,TimeInForce.GTC,,,,1272556800000000000,2010-04-29T16:00:00Z
28.6713,21145.08375,1272470400000000000,2010-04-28T16:00:00Z,295000.0,,b62ca2da-b0ae-429d-af46-d06e0ce4300f,OrderRole.Standalone,OrderType.Market,_default,,PositionEffect.Close,,295000.0,False,,OrderSide.Sell,OrderStatus.Filled,002271.SZ,,TimeInForce.GTC,,,,1272556800000000000,2010-04-29T16:00:00Z
32.7672,23887.2888,1272470400000000000,2010-04-28T16:00:00Z,291600.0,,8666c39e-727a-4908-96c5-8c750fa66aac,OrderRole.Standalone,OrderType.Market,_default,,PositionEffect.Close,,291600.0,False,,OrderSide.Sell,OrderStatus.Filled,600132.SH,,TimeInForce.GTC,,,,1272556800000000000,2010-04-29T16:00:00Z
10.89909,23016.1533075,1272470400000000000,2010-04-28T16:00:00Z,844700.0,,64e0684a-698b-4193-9e53-474e222a8afa,OrderRole.Standalone,OrderType.Market,_default,,PositionEffect.Close,,844700.0,False,,OrderSide.Sell,OrderStatus.Filled,600584.SH,,TimeInForce.GTC,,,,1272556800000000000,2010-04-29T16:00:00Z
31.968,7784.208,1274889600000000000,2010-05-26T16:00:00Z,97400.0,,0fdf247b-b6f0-4973-b3d9-2befe13b57fc,OrderRole.Standalone,OrderType.Market,_default,,PositionEffect.Close,,97400.0,False,,OrderSide.Sell,OrderStatus.Filled,300014.SZ,,TimeInForce.GTC,,,,1274976000000000000,2010-05-27T16:00:00Z
37.962,2790.207,1274889600000000000,2010-05-26T16:00:00Z,29400.0,,8876badf-440e-494d-b262-2388f3ab7d8b,OrderRole.Standalone,OrderType.Market,_default,,PositionEffect.Close,,29400.0,False,,OrderSide.Sell,OrderStatus.Filled,300015.SZ,,TimeInForce.GTC,,,,1274976000000000000,2010-05-27T16:00:00Z
40.51944,22782.05514,1274889600000000000,2010-05-26T16:00:00Z,224900.0,,9120b35d-0a55-4aa7-8b83-39e077ed457e,OrderRole.Standalone,OrderType.Market,_default,,PositionEffect.Close,,224900.0,False,,OrderSide.Sell,OrderStatus.Filled,300033.SZ,,TimeInForce.GTC,,,,1274976000000000000,2010-05-27T16:00:00Z
43.61634,2616.9804,1274889600000000000,2010-05-26T16:00:00Z,24000.0,,90d6ebe8-c20e-445f-b677-fa3b35430608,OrderRole.Standalone,OrderType.Market,_default,,PositionEffect.Close,,24000.0,False,,OrderSide.Sell,OrderStatus.Filled,600111.SH,,TimeInForce.GTC,,,,1274976000000000000,2010-05-27T16:00:00Z
6.86313,19731.49875,1274889600000000000,2010-05-26T16:00:00Z,1150000.0,,c0f10e51-8fbf-44ad-a7b9-07e4d629ad93,OrderRole.Standalone,OrderType.Market,_default,,PositionEffect.Close,,1150000.0,False,,OrderSide.Sell,OrderStatus.Filled,600515.SH,,TimeInForce.GTC,,,,1274976000000000000,2010-05-27T16:00:00Z
15.75423,21043.7127225,1274889600000000000,2010-05-26T16:00:00Z,534300.0,,3033fce4-dcb2-41d6-8f7a-7797c99b7b56,OrderRole.Standalone,OrderType.Market,_default,,PositionEffect.Close,,534300.0,False,,OrderSide.Sell,OrderStatus.Filled,600570.SH,,TimeInForce.GTC,,,,1274976000000000000,2010-05-27T16:00:00Z
11.96195,24240.891675,1274889600000000000,2010-05-26T16:00:00Z,810600.0,,0ec7ed8b-9673-45b0-882a-da282628c602,OrderRole.Standalone,OrderType.Market,_default,,PositionEffect.Open,,810600.0,False,,OrderSide.Buy,OrderStatus.Filled,600584.SH,,TimeInForce.GTC,,,,1274976000000000000,2010-05-27T16:00:00Z
36.036,24180.156,1274889600000000000,2010-05-26T16:00:00Z,268400.0,,ce7c0ee0-2802-4904-8d28-744c9c9d83d6,OrderRole.Standalone,OrderType.Market,_default,,PositionEffect.Open,,268400.0,False,,OrderSide.Buy,OrderStatus.Filled,000425.SZ,,TimeInForce.GTC,,,,1274976000000000000,2010-05-27T16:00:00Z
27.81779,24006.75277,1274889600000000000,2010-05-26T16:00:00Z,345200.0,,448fccd4-d12f-4959-ae24-45c261c9ed81,OrderRole.Standalone,OrderType.Market,_default,,PositionEffect.Open,,345200.0,False,,OrderSide.Buy,OrderStatus.Filled,000963.SZ,,TimeInForce.GTC,,,,1274976000000000000,2010-05-27T16:00:00Z
43.1431,23955.206275,1274889600000000000,2010-05-26T16:00:00Z,222100.0,,726969fa-6fa2-4133-9009-37263db721d6,OrderRole.Standalone,OrderType.Market,_default,,PositionEffect.Open,,222100.0,False,,OrderSide.Buy,OrderStatus.Filled,002236.SZ,,TimeInForce.GTC,,,,1274976000000000000,2010-05-27T16:00:00Z
29.20918,24243.6194,1274889600000000000,2010-05-26T16:00:00Z,332000.0,,e3ac7490-22fb-4793-b461-f024a32ebc85,OrderRole.Standalone,OrderType.Market,_default,,PositionEffect.Open,,332000.0,False,,OrderSide.Buy,OrderStatus.Filled,600031.SH,,TimeInForce.GTC,,,,1274976000000000000,2010-05-27T16:00:00Z
38.28825,24255.606375,1274889600000000000,2010-05-26T16:00:00Z,253400.0,,a538f5bb-c6c2-4315-a86d-ffd45e05cef0,OrderRole.Standalone,OrderType.Market,_default,,PositionEffect.Open,,253400.0,False,,OrderSide.Buy,OrderStatus.Filled,600132.SH,,TimeInForce.GTC,,,,1274976000000000000,2010-05-27T16:00:00Z
45.83579,23995.036065,1274889600000000000,2010-05-26T16:00:00Z,209400.0,,7395ea9c-4439-432a-a9dd-f75663918f36,OrderRole.Standalone,OrderType.Market,_default,,PositionEffect.Open,,209400.0,False,,OrderSide.Buy,OrderStatus.Filled,600406.SH,,TimeInForce.GTC,,,,1274976000000000000,2010-05-27T16:00:00Z
38.18178,24159.521295,1274976000000000000,2010-05-27T16:00:00Z,253100.0,,44f65c8e-b060-4ead-9167-0295b00c4842,OrderRole.Standalone,OrderType.Market,_default,,PositionEffect.Close,,253100.0,False,,OrderSide.Sell,OrderStatus.Filled,300015.SZ,,TimeInForce.GTC,,,,1275235200000000000,2010-05-30T16:00:00Z
42.957,23626.35,1274976000000000000,2010-05-27T16:00:00Z,220000.0,,3da3f42f-d48a-4e5e-9525-cb35014d5dd4,OrderRole.Standalone,OrderType.Market,_default,,PositionEffect.Close,,220000.0,False,,OrderSide.Sell,OrderStatus.Filled,600111.SH,,TimeInForce.GTC,,,,1275235200000000000,2010-05-30T16:00:00Z
,0.0,1274976000000000000,2010-05-27T16:00:00Z,0.0,,87390fac-dd76-4e64-b685-5c9b9de20b24,OrderRole.Standalone,OrderType.Market,_default,,PositionEffect.Close,,306850.0,False,"Symbol 300014.SZ not tradable (zero volume, suspension) at execution timestamp 1275235200000000000",OrderSide.Sell,OrderStatus.Rejected,300014.SZ,,TimeInForce.GTC,,,,1275235200000000000,2010-05-30T16:00:00Z
31.3686,21048.3306,1277740800000000000,2010-06-28T16:00:00Z,268400.0,,7470c3e5-3b03-4639-8fe7-55dc9ce1f999,OrderRole.Standalone,OrderType.Market,_default,,PositionEffect.Close,,268400.0,False,,OrderSide.Sell,OrderStatus.Filled,000425.SZ,,TimeInForce.GTC,,,,1277827200000000000,2010-06-29T16:00:00Z
22.98699,19837.77237,1277740800000000000,2010-06-28T16:00:00Z,345200.0,,dcb3ee4c-94bb-4049-b872-a073eaa2eda0,OrderRole.Standalone,OrderType.Market,_default,,PositionEffect.Close,,345200.0,False,,OrderSide.Sell,OrderStatus.Filled,000963.SZ,,TimeInForce.GTC,,,,1277827200000000000,2010-06-29T16:00:00Z
42.6573,23685.465825,1277740800000000000,2010-06-28T16:00:00Z,222100.0,,3a3993a0-b781-4f4c-8609-f83b03bb250b,OrderRole.Standalone,OrderType.Market,_default,,PositionEffect.Close,,222100.0,False,,OrderSide.Sell,OrderStatus.Filled,002236.SZ,,TimeInForce.GTC,,,,1277827200000000000,2010-06-29T16:00:00Z
17.86212,22238.3394,1277740800000000000,2010-06-28T16:00:00Z,498000.0,,85470d4e-98c4-47e3-ac16-82a3dd1d85f4,OrderRole.Standalone,OrderType.Market,_default,,PositionEffect.Close,,498000.0,False,,OrderSide.Sell,OrderStatus.Filled,600031.SH,,TimeInForce.GTC,,,,1277827200000000000,2010-06-29T16:00:00Z
35.4645,443.30625,1277740800000000000,2010-06-28T16:00:00Z,5000.0,,03ec1847-fb9d-4804-8fce-d4387a9f5a57,OrderRole.Standalone,OrderType.Market,_default,,PositionEffect.Close,,5000.0,False,,OrderSide.Sell,OrderStatus.Filled,600132.SH,,TimeInForce.GTC,,,,1277827200000000000,2010-06-29T16:00:00Z
11.06892,22431.16638,1277740800000000000,2010-06-28T16:00:00Z,810600.0,,34ad04fe-3607-40d8-ba31-63a12357054e,OrderRole.Standalone,OrderType.Market,_default,,PositionEffect.Close,,810600.0,False,,OrderSide.Sell,OrderStatus.Filled,600584.SH,,TimeInForce.GTC,,,,1277827200000000000,2010-06-29T16:00:00Z
29.96994,22237.69548,1277740800000000000,2010-06-28T16:00:00Z,296800.0,,754d49dc-fc51-4d1d-bfa2-9dfc4ebacd17,OrderRole.Standalone,OrderType.Market,_default,,PositionEffect.Open,,296800.0,False,,OrderSide.Buy,OrderStatus.Filled,002241.SZ,,TimeInForce.GTC,,,,1277827200000000000,2010-06-29T16:00:00Z
23.45343,22140.03792,1277740800000000000,2010-06-28T16:00:00Z,377600.0,,05d76ba9-df87-4b96-a4f9-395d800a163c,OrderRole.Standalone,OrderType.Market,_default,,PositionEffect.Open,,377600.0,False,,OrderSide.Buy,OrderStatus.Filled,002271.SZ,,TimeInForce.GTC,,,,1277827200000000000,2010-06-29T16:00:00Z
58.11806,21866.920075,1277740800000000000,2010-06-28T16:00:00Z,150500.0,,c408c29e-4090-4123-a8bf-5ca7f0e91755,OrderRole.Standalone,OrderType.Market,_default,,PositionEffect.Open,,150500.0,False,,OrderSide.Buy,OrderStatus.Filled,002384.SZ,,TimeInForce.GTC,,,,1277827200000000000,2010-06-29T16:00:00Z
38.9389,21873.927075,1277740800000000000,2010-06-28T16:00:00Z,224700.0,,f9717866-46c3-4be9-965c-f5cdd393ae98,OrderRole.Standalone,OrderType.Market,_default,,PositionEffect.Open,,224700.0,False,,OrderSide.Buy,OrderStatus.Filled,300015.SZ,,TimeInForce.GTC,,,,1277827200000000000,2010-06-29T16:00:00Z
53.38333,21620.24865,1277740800000000000,2010-06-28T16:00:00Z,162000.0,,0f46ed36-9eb0-435f-8a60-3172990f6bfa,OrderRole.Standalone,OrderType.Market,_default,,PositionEffect.Open,,162000.0,False,,OrderSide.Buy,OrderStatus.Filled,300059.SZ,,TimeInForce.GTC,,,,1277827200000000000,2010-06-29T16:00:00Z
35.7357,21923.85195,1277740800000000000,2010-06-28T16:00:00Z,245400.0,,49dac6a9-0911-4397-a646-dfe1c633e790,OrderRole.Standalone,OrderType.Market,_default,,PositionEffect.Open,,245400.0,False,,OrderSide.Buy,OrderStatus.Filled,600111.SH,,TimeInForce.GTC,,,,1277827200000000000,2010-06-29T16:00:00Z
12.3123,21457.260825,1277740800000000000,2010-06-28T16:00:00Z,697100.0,,2213168c-aea4-4c6d-9c3c-eacb4a2a9bb4,OrderRole.Standalone,OrderType.Market,_default,,PositionEffect.Open,,697100.0,False,,OrderSide.Buy,OrderStatus.Filled,600233.SH,,TimeInForce.GTC,,,,1277827200000000000,2010-06-29T16:00:00Z
36.9369,2816.438625,1277740800000000000,2010-06-28T16:00:00Z,30500.0,,6741cdce-ebb3-40e5-84e4-a69979f1f685,OrderRole.Standalone,OrderType.Market,_default,,PositionEffect.Open,,30500.0,False,,OrderSide.Buy,OrderStatus.Filled,600406.SH,,TimeInForce.GTC,,,,1277827200000000000,2010-06-29T16:00:00Z
25.68566,2029.16714,1277740800000000000,2010-06-28T16:00:00Z,31600.0,,b23626b5-baa9-4c63-a7c7-62efcce0bcfe,OrderRole.Standalone,OrderType.Market,_default,,PositionEffect.Open,,31600.0,False,,OrderSide.Buy,OrderStatus.Filled,300014.SZ,,TimeInForce.GTC,,,,1277827200000000000,2010-06-29T16:00:00Z
35.94402,22321.23642,1277827200000000000,2010-06-29T16:00:00Z,248400.0,,ee321a76-a778-40e4-a55f-13f0419a9113,OrderRole.Standalone,OrderType.Market,_default,,PositionEffect.Close,,248400.0,False,,OrderSide.Sell,OrderStatus.Filled,600132.SH,,TimeInForce.GTC,,,,1277913600000000000,2010-06-30T16:00:00Z
37.962,22767.7095,1277827200000000000,2010-06-29T16:00:00Z,239900.0,,fa84073e-1996-43d7-9ae4-8ecee29430ad,OrderRole.Standalone,OrderType.Market,_default,,PositionEffect.Close,,239900.0,False,,OrderSide.Sell,OrderStatus.Filled,600406.SH,,TimeInForce.GTC,,,,1277913600000000000,2010-06-30T16:00:00Z
27.68229,26132.08176,1280160000000000000,2010-07-26T16:00:00Z,377600.0,,5e6f3894-ace8-4ae7-9afd-1966484f173e,OrderRole.Standalone,OrderType.Market,_default,,PositionEffect.Close,,377600.0,False,,OrderSide.Sell,OrderStatus.Filled,002271.SZ,,TimeInForce.GTC,,,,1280246400000000000,2010-07-27T16:00:00Z
57.98196,21815.71245,1280160000000000000,2010-07-26T16:00:00Z,150500.0,,e268ae75-b9de-4f8e-b4f9-8fe27a6cac60,OrderRole.Standalone,OrderType.Market,_default,,PositionEffect.Close,,150500.0,False,,OrderSide.Sell,OrderStatus.Filled,002384.SZ,,TimeInForce.GTC,,,,1280246400000000000,2010-07-27T16:00:00Z
29.61036,25050.36456,1280160000000000000,2010-07-26T16:00:00Z,338400.0,,72af44a6-fea8-48a5-96de-d31d82da3e36,OrderRole.Standalone,OrderType.Market,_default,,PositionEffect.Close,,338400.0,False,,OrderSide.Sell,OrderStatus.Filled,300014.SZ,,TimeInForce.GTC,,,,1280246400000000000,2010-07-27T16:00:00Z
40.4595,22728.124125,1280160000000000000,2010-07-26T16:00:00Z,224700.0,,fe0e7b55-5ad4-4204-aaa9-0aa8152b27a9,OrderRole.Standalone,OrderType.Market,_default,,PositionEffect.Close,,224700.0,False,,OrderSide.Sell,OrderStatus.Filled,300015.SZ,,TimeInForce.GTC,,,,1280246400000000000,2010-07-27T16:00:00Z
51.93801,21034.89405,1280160000000000000,2010-07-26T16:00:00Z,162000.0,,18c5b9e9-345d-4c44-b38e-20834e28960a,OrderRole.Standalone,OrderType.Market,_default,,PositionEffect.Close,,162000.0,False,,OrderSide.Sell,OrderStatus.Filled,300059.SZ,,TimeInForce.GTC,,,,1280246400000000000,2010-07-27T16:00:00Z
40.00995,24546.104325,1280160000000000000,2010-07-26T16:00:00Z,245400.0,,73794953-28c3-4a0d-8d7d-603c3e2e1003,OrderRole.Standalone,OrderType.Market,_default,,PositionEffect.Close,,245400.0,False,,OrderSide.Sell,OrderStatus.Filled,600111.SH,,TimeInForce.GTC,,,,1280246400000000000,2010-07-27T16:00:00Z
15.7842,27507.91455,1280160000000000000,2010-07-26T16:00:00Z,697100.0,,841291c5-18a6-47c8-8237-dbb59a5e34ed,OrderRole.Standalone,OrderType.Market,_default,,PositionEffect.Close,,697100.0,False,,OrderSide.Sell,OrderStatus.Filled,600233.SH,,TimeInForce.GTC,,,,1280246400000000000,2010-07-27T16:00:00Z
,0.0,1280160000000000000,2010-07-26T16:00:00Z,0.0,,5b3639ab-2692-44d1-8653-47c849bd3ce3,OrderRole.Standalone,OrderType.Market,_default,,PositionEffect.Close,,296800.0,False,"Symbol 002241.SZ not tradable (zero volume, suspension) at execution timestamp 1280246400000000000",OrderSide.Sell,OrderStatus.Rejected,002241.SZ,,TimeInForce.GTC,,,,1280246400000000000,2010-07-27T16:00:00Z
68.068,23551.528,1280160000000000000,2010-07-26T16:00:00Z,138400.0,,0486e1af-da18-4c95-98cf-2634b8aa8c72,OrderRole.Standalone,OrderType.Market,_default,,PositionEffect.Open,,138400.0,False,,OrderSide.Buy,OrderStatus.Filled,000338.SZ,,TimeInForce.GTC,,,,1280246400000000000,2010-07-27T16:00:00Z
9.98998,23411.51813,1280160000000000000,2010-07-26T16:00:00Z,937400.0,,b2c5115b-af09-424a-9af3-59c9774198a7,OrderRole.Standalone,OrderType.Market,_default,,PositionEffect.Open,,937400.0,False,,OrderSide.Buy,OrderStatus.Filled,000625.SZ,,TimeInForce.GTC,,,,1280246400000000000,2010-07-27T16:00:00Z
2.95295,23483.334875,1280160000000000000,2010-07-26T16:00:00Z,3181000.0,,f279a133-9b9b-4a91-bd33-dd5188b1c13d,OrderRole.Standalone,OrderType.Market,_default,,PositionEffect.Open,,3181000.0,False,,OrderSide.Buy,OrderStatus.Filled,000725.SZ,,TimeInForce.GTC,,,,1280246400000000000,2010-07-27T16:00:00Z
21.46144,23339.316,1280160000000000000,2010-07-26T16:00:00Z,435000.0,,4a9ee9c2-cdcd-4c61-897e-6dc9b480b96e,OrderRole.Standalone,OrderType.Market,_default,,PositionEffect.Open,,435000.0,False,,OrderSide.Buy,OrderStatus.Filled,000983.SZ,,TimeInForce.GTC,,,,1280246400000000000,2010-07-27T16:00:00Z
24.3243,23479.030575,1280160000000000000,2010-07-26T16:00:00Z,386100.0,,28b9b5b5-908f-4d5b-b401-c87becbabdcc,OrderRole.Standalone,OrderType.Market,_default,,PositionEffect.Open,,386100.0,False,,OrderSide.Buy,OrderStatus.Filled,002028.SZ,,TimeInForce.GTC,,,,1280246400000000000,2010-07-27T16:00:00Z
17.92791,23624.5034025,1280160000000000000,2010-07-26T16:00:00Z,527100.0,,1b0e5657-e75f-4413-bd9f-ed6ec25d82c6,OrderRole.Standalone,OrderType.Market,_default,,PositionEffect.Open,,527100.0,False,,OrderSide.Buy,OrderStatus.Filled,600585.SH,,TimeInForce.GTC,,,,1280246400000000000,2010-07-27T16:00:00Z
9.4094,23507.03355,1280160000000000000,2010-07-26T16:00:00Z,999300.0,,79a2013b-14cd-437c-825a-cefb56a14f75,OrderRole.Standalone,OrderType.Market,_default,,PositionEffect.Open,,999300.0,False,,OrderSide.Buy,OrderStatus.Filled,600732.SH,,TimeInForce.GTC,,,,1280246400000000000,2010-07-27T16:00:00Z
9.7097,23434.36095,1280160000000000000,2010-07-26T16:00:00Z,965400.0,,558caccc-4fcb-4bc5-a992-f8d13b2ea7b8,OrderRole.Standalone,OrderType.Market,_default,,PositionEffect.Open,,965400.0,False,,OrderSide.Buy,OrderStatus.Filled,600837.SH,,TimeInForce.GTC,,,,1280246400000000000,2010-07-27T16:00:00Z
26.26624,23587.08352,1280160000000000000,2010-07-26T16:00:00Z,359200.0,,1aa9d47e-ec2f-4304-83c8-9af2fe87738e,OrderRole.Standalone,OrderType.Market,_default,,PositionEffect.Open,,359200.0,False,,OrderSide.Buy,OrderStatus.Filled,601166.SH,,TimeInForce.GTC,,,,1280246400000000000,2010-07-27T16:00:00Z
3.54354,23416.598205,1280160000000000000,2010-07-26T16:00:00Z,2643300.0,,7e8a336c-e9cf-418e-8244-f11e5653aced,OrderRole.Standalone,OrderType.Market,_default,,PositionEffect.Open,,2643300.0,False,,OrderSide.Buy,OrderStatus.Filled,601988.SH,,TimeInForce.GTC,,,,1280246400000000000,2010-07-27T16:00:00Z
72.2277,24990.7842,1282579200000000000,2010-08-23T16:00:00Z,138400.0,,386bf7ee-7d23-461f-b552-196461347c97,OrderRole.Standalone,OrderType.Market,_default,,PositionEffect.Close,,138400.0,False,,OrderSide.Sell,OrderStatus.Filled,000338.SZ,,TimeInForce.GTC,,,,1282665600000000000,2010-08-24T16:00:00Z
10.4895,24582.14325,1282579200000000000,2010-08-23T16:00:00Z,937400.0,,af286ffe-eaf3-4e36-89d6-848fdd0fc36b,OrderRole.Standalone,OrderType.Market,_default,,PositionEffect.Close,,937400.0,False,,OrderSide.Sell,OrderStatus.Filled,000625.SZ,,TimeInForce.GTC,,,,1282665600000000000,2010-08-24T16:00:00Z
20.979,22814.6625,1282579200000000000,2010-08-23T16:00:00Z,435000.0,,827bb398-0f6b-4b44-a248-50946eeefff7,OrderRole.Standalone,OrderType.Market,_default,,PositionEffect.Close,,435000.0,False,,OrderSide.Sell,OrderStatus.Filled,000983.SZ,,TimeInForce.GTC,,,,1282665600000000000,2010-08-24T16:00:00Z
23.6763,22853.548575,1282579200000000000,2010-08-23T16:00:00Z,386100.0,,920a52c3-26ce-43e1-830a-4f7679a176cb,OrderRole.Standalone,OrderType.Market,_default,,PositionEffect.Close,,386100.0,False,,OrderSide.Sell,OrderStatus.Filled,002028.SZ,,TimeInForce.GTC,,,,1282665600000000000,2010-08-24T16:00:00Z
30.81915,22867.8093,1282579200000000000,2010-08-23T16:00:00Z,296800.0,,3b13ab64-00b8-4f67-9a2e-fd64093baac7,OrderRole.Standalone,OrderType.Market,_default,,PositionEffect.Close,,296800.0,False,,OrderSide.Sell,OrderStatus.Filled,002241.SZ,,TimeInForce.GTC,,,,1282665600000000000,2010-08-24T16:00:00Z
20.6793,27250.147575,1282579200000000000,2010-08-23T16:00:00Z,527100.0,,3f90bc5e-b7ad-4c08-846a-7e90655cef40,OrderRole.Standalone,OrderType.Market,_default,,PositionEffect.Close,,527100.0,False,,OrderSide.Sell,OrderStatus.Filled,600585.SH,,TimeInForce.GTC,,,,1282665600000000000,2010-08-24T16:00:00Z
8.80119,21987.5729175,1282579200000000000,2010-08-23T16:00:00Z,999300.0,,0d65f3e2-7c0f-49aa-acd7-2b54bbf9fb9e,OrderRole.Standalone,OrderType.Market,_default,,PositionEffect.Close,,999300.0,False,,OrderSide.Sell,OrderStatus.Filled,600732.SH,,TimeInForce.GTC,,,,1282665600000000000,2010-08-24T16:00:00Z
9.87012,23821.53462,1282579200000000000,2010-08-23T16:00:00Z,965400.0,,1fa6321e-663b-4d2d-be6f-9938432c12b4,OrderRole.Standalone,OrderType.Market,_default,,PositionEffect.Close,,965400.0,False,,OrderSide.Sell,OrderStatus.Filled,600837.SH,,TimeInForce.GTC,,,,1282665600000000000,2010-08-24T16:00:00Z
26.50347,23800.11606,1282579200000000000,2010-08-23T16:00:00Z,359200.0,,c41d8ada-02f6-4de9-bf60-322d36b06cbc,OrderRole.Standalone,OrderType.Market,_default,,PositionEffect.Close,,359200.0,False,,OrderSide.Sell,OrderStatus.Filled,601166.SH,,TimeInForce.GTC,,,,1282665600000000000,2010-08-24T16:00:00Z
3.41658,22577.614785,1282579200000000000,2010-08-23T16:00:00Z,2643300.0,,ab5aefe9-fabc-4a49-b9dc-ec0dab1b244e,OrderRole.Standalone,OrderType.Market,_default,,PositionEffect.Close,,2643300.0,False,,OrderSide.Sell,OrderStatus.Filled,601988.SH,,TimeInForce.GTC,,,,1282665600000000000,2010-08-24T16:00:00Z
,0.0,1282579200000000000,2010-08-23T16:00:00Z,0.0,,cf43644f-8d4d-4d69-973b-f56f73e41897,OrderRole.Standalone,OrderType.Market,_default,,PositionEffect.Close,,3181000.0,False,"Symbol 000725.SZ not tradable (zero volume, suspension) at execution timestamp 1282665600000000000",OrderSide.Sell,OrderStatus.Rejected,000725.SZ,,TimeInForce.GTC,,,,1282665600000000000,2010-08-24T16:00:00Z
8.82882,23915.066175,1282579200000000000,2010-08-23T16:00:00Z,1083500.0,,8efd04bb-cb22-463c-916f-807ac9bc78a1,OrderRole.Standalone,OrderType.Market,_default,,PositionEffect.Open,,1083500.0,False,,OrderSide.Buy,OrderStatus.Filled,000002.SZ,,TimeInForce.GTC,,,,1282665600000000000,2010-08-24T16:00:00Z
34.41438,23909.390505,1282579200000000000,2010-08-23T16:00:00Z,277900.0,,87f85228-7694-4484-b2c2-b5c11f5fb8ff,OrderRole.Standalone,OrderType.Market,_default,,PositionEffect.Open,,277900.0,False,,OrderSide.Buy,OrderStatus.Filled,000568.SZ,,TimeInForce.GTC,,,,1282665600000000000,2010-08-24T16:00:00Z
15.37536,23762.61888,1282579200000000000,2010-08-23T16:00:00Z,618200.0,,598f7f2e-b5cc-472a-bf9d-30707c1d237a,OrderRole.Standalone,OrderType.Market,_default,,PositionEffect.Open,,618200.0,False,,OrderSide.Buy,OrderStatus.Filled,000651.SZ,,TimeInForce.GTC,,,,1282665600000000000,2010-08-24T16:00:00Z
53.26321,23795.3390675,1282579200000000000,2010-08-23T16:00:00Z,178700.0,,c93ef9c2-8290-4b7e-b76c-ef2966691e84,OrderRole.Standalone,OrderType.Market,_default,,PositionEffect.Open,,178700.0,False,,OrderSide.Buy,OrderStatus.Filled,000792.SZ,,TimeInForce.GTC,,,,1282665600000000000,2010-08-24T16:00:00Z
29.93991,23907.018135,1282579200000000000,2010-08-23T16:00:00Z,319400.0,,89fcda4a-e431-441d-83e5-691553dcd6b1,OrderRole.Standalone,OrderType.Market,_default,,PositionEffect.Open,,319400.0,False,,OrderSide.Buy,OrderStatus.Filled,000858.SZ,,TimeInForce.GTC,,,,1282665600000000000,2010-08-24T16:00:00Z
48.7487,23862.48865,1282579200000000000,2010-08-23T16:00:00Z,195800.0,,7a26b76c-1e81-462b-90cb-d5445b2a4e1e,OrderRole.Standalone,OrderType.Market,_default,,PositionEffect.Open,,195800.0,False,,OrderSide.Buy,OrderStatus.Filled,002007.SZ,,TimeInForce.GTC,,,,1282665600000000000,2010-08-24T16:00:00Z
150.6505,23840.441625,1282579200000000000,2010-08-23T16:00:00Z,63300.0,,baed19fa-b2db-40aa-8e42-b5ab92dddac6,OrderRole.Standalone,OrderType.Market,_default,,PositionEffect.Open,,63300.0,False,,OrderSide.Buy,OrderStatus.Filled,600519.SH,,TimeInForce.GTC,,,,1282665600000000000,2010-08-24T16:00:00Z
41.56152,24012.16818,1282579200000000000,2010-08-23T16:00:00Z,231100.0,,8c2343c5-04de-4596-954c-8916c57a92b1,OrderRole.Standalone,OrderType.Market,_default,,PositionEffect.Open,,231100.0,False,,OrderSide.Buy,OrderStatus.Filled,600547.SH,,TimeInForce.GTC,,,,1282665600000000000,2010-08-24T16:00:00Z
27.37735,23715.6294375,1282579200000000000,2010-08-23T16:00:00Z,346500.0,,50e0c5c6-b9de-4dc4-929d-712663d35d5d,OrderRole.Standalone,OrderType.Market,_default,,PositionEffect.Open,,346500.0,False,,OrderSide.Buy,OrderStatus.Filled,600549.SH,,TimeInForce.GTC,,,,1282665600000000000,2010-08-24T16:00:00Z
11.1111,23888.865,1282579200000000000,2010-08-23T16:00:00Z,860000.0,,ff3ae024-104c-4c98-9f77-b7ed0b3dc28f,OrderRole.Standalone,OrderType.Market,_default,,PositionEffect.Open,,860000.0,False,,OrderSide.Buy,OrderStatus.Filled,600660.SH,,TimeInForce.GTC,,,,1282665600000000000,2010-08-24T16:00:00Z
8.11188,21973.05495,1284998400000000000,2010-09-20T16:00:00Z,1083500.0,,089edb0b-5cb1-4a78-a75d-8e41018ea940,OrderRole.Standalone,OrderType.Market,_default,,PositionEffect.Close,,1083500.0,False,,OrderSide.Sell,OrderStatus.Filled,000002.SZ,,TimeInForce.GTC,,,,1285516800000000000,2010-09-26T16:00:00Z
35.47449,24645.9019275,1284998400000000000,2010-09-20T16:00:00Z,277900.0,,4bfdb44e-0783-45c2-9c9c-a28735b9f6d7,OrderRole.Standalone,OrderType.Market,_default,,PositionEffect.Close,,277900.0,False,,OrderSide.Sell,OrderStatus.Filled,000568.SZ,,TimeInForce.GTC,,,,1285516800000000000,2010-09-26T16:00:00Z
14.27571,22063.109805,1284998400000000000,2010-09-20T16:00:00Z,618200.0,,7b93104b-a5a8-4e04-b02c-747d65cd18c4,OrderRole.Standalone,OrderType.Market,_default,,PositionEffect.Close,,618200.0,False,,OrderSide.Sell,OrderStatus.Filled,000651.SZ,,TimeInForce.GTC,,,,1285516800000000000,2010-09-26T16:00:00Z
3.07692,24469.2063,1284998400000000000,2010-09-20T16:00:00Z,3181000.0,,ba43e074-17aa-4917-8fb7-c99cb1f107f0,OrderRole.Standalone,OrderType.Market,_default,,PositionEffect.Close,,3181000.0,False,,OrderSide.Sell,OrderStatus.Filled,000725.SZ,,TimeInForce.GTC,,,,1285516800000000000,2010-09-26T16:00:00Z
60.939,27224.49825,1284998400000000000,2010-09-20T16:00:00Z,178700.0,,6c1459b1-4875-470b-81e9-6ded89c9c90d,OrderRole.Standalone,OrderType.Market,_default,,PositionEffect.Close,,178700.0,False,,OrderSide.Sell,OrderStatus.Filled,000792.SZ,,TimeInForce.GTC,,,,1285516800000000000,2010-09-26T16:00:00Z
33.20676,26515.59786,1284998400000000000,2010-09-20T16:00:00Z,319400.0,,7ea8843c-227a-43de-b51a-283b10e30af0,OrderRole.Standalone,OrderType.Market,_default,,PositionEffect.Close,,319400.0,False,,OrderSide.Sell,OrderStatus.Filled,000858.SZ,,TimeInForce.GTC,,,,1285516800000000000,2010-09-26T16:00:00Z
49.54041,24250.030695,1284998400000000000,2010-09-20T16:00:00Z,195800.0,,15e5aa04-7fdb-43a3-a3cc-7a4b48e8f305,OrderRole.Standalone,OrderType.Market,_default,,PositionEffect.Close,,195800.0,False,,OrderSide.Sell,OrderStatus.Filled,002007.SZ,,TimeInForce.GTC,,,,1285516800000000000,2010-09-26T16:00:00Z
165.9339,26259.039675,1284998400000000000,2010-09-20T16:00:00Z,63300.0,,20b6d052-d411-48dd-badb-d049f49bf46f,OrderRole.Standalone,OrderType.Market,_default,,PositionEffect.Close,,63300.0,False,,OrderSide.Sell,OrderStatus.Filled,600519.SH,,TimeInForce.GTC,,,,1285516800000000000,2010-09-26T16:00:00Z
45.8541,26492.206275,1284998400000000000,2010-09-20T16:00:00Z,231100.0,,8733260b-e3b1-409f-b8a5-0d7563bedc05,OrderRole.Standalone,OrderType.Market,_default,,PositionEffect.Close,,231100.0,False,,OrderSide.Sell,OrderStatus.Filled,600547.SH,,TimeInForce.GTC,,,,1285516800000000000,2010-09-26T16:00:00Z
30.84912,26723.0502,1284998400000000000,2010-09-20T16:00:00Z,346500.0,,4c200291-47b6-4321-9bcc-e40c46679f1d,OrderRole.Standalone,OrderType.Market,_default,,PositionEffect.Close,,346500.0,False,,OrderSide.Sell,OrderStatus.Filled,600549.SH,,TimeInForce.GTC,,,,1285516800000000000,2010-09-26T16:00:00Z
11.24874,24184.791,1284998400000000000,2010-09-20T16:00:00Z,860000.0,,fc8e0772-ba1c-4582-aec0-0ee7d49153d3,OrderRole.Standalone,OrderType.Market,_default,,PositionEffect.Close,,860000.0,False,,OrderSide.Sell,OrderStatus.Filled,600660.SH,,TimeInForce.GTC,,,,1285516800000000000,2010-09-26T16:00:00Z
63.063,24673.39875,1284998400000000000,2010-09-20T16:00:00Z,156500.0,,b582cdb6-1f4b-42cb-99e6-442c8d881f2a,OrderRole.Standalone,OrderType.Market,_default,,PositionEffect.Open,,156500.0,False,,OrderSide.Buy,OrderStatus.Filled,600809.SH,,TimeInForce.GTC,,,,1285516800000000000,2010-09-26T16:00:00Z
67.07701,24684.33968,1284998400000000000,2010-09-20T16:00:00Z,147200.0,,0ef246ac-7cc5-4bc6-8e1f-4bf63997e82b,OrderRole.Standalone,OrderType.Market,_default,,PositionEffect.Open,,147200.0,False,,OrderSide.Buy,OrderStatus.Filled,000538.SZ,,TimeInForce.GTC,,,,1285516800000000000,2010-09-26T16:00:00Z
15.83582,25745.084365,1284998400000000000,2010-09-20T16:00:00Z,650300.0,,40cc44ba-e5e8-4125-b5cf-0a39bfb343f9,OrderRole.Standalone,OrderType.Market,_default,,PositionEffect.Open,,650300.0,False,,OrderSide.Buy,OrderStatus.Filled,000876.SZ,,TimeInForce.GTC,,,,1285516800000000000,2010-09-26T16:00:00Z
28.28826,24738.08337,1284998400000000000,2010-09-20T16:00:00Z,349800.0,,e5a9a583-6f1e-4880-8154-cfc5e8e90a41,OrderRole.Standalone,OrderType.Market,_default,,PositionEffect.Open,,349800.0,False,,OrderSide.Buy,OrderStatus.Filled,002050.SZ,,TimeInForce.GTC,,,,1285516800000000000,2010-09-26T16:00:00Z
76.72665,24897.797925,1284998400000000000,2010-09-20T16:00:00Z,129800.0,,4dae7379-d93e-43fe-89f0-45a73f5a17b2,OrderRole.Standalone,OrderType.Market,_default,,PositionEffect.Open,,129800.0,False,,OrderSide.Buy,OrderStatus.Filled,002410.SZ,,TimeInForce.GTC,,,,1285516800000000000,2010-09-26T16:00:00Z
66.066,25270.245,1284998400000000000,2010-09-20T16:00:00Z,153000.0,,27ff2bc2-634c-4858-9c81-e9eec51194b0,OrderRole.Standalone,OrderType.Market,_default,,PositionEffect.Open,,153000.0,False,,OrderSide.Buy,OrderStatus.Filled,600111.SH,,TimeInForce.GTC,,,,1285516800000000000,2010-09-26T16:00:00Z
50.05,25625.6,1284998400000000000,2010-09-20T16:00:00Z,204800.0,,2242a52b-ca1d-43d3-bc0c-c1a3d6270554,OrderRole.Standalone,OrderType.Market,_default,,PositionEffect.Open,,204800.0,False,,OrderSide.Buy,OrderStatus.Filled,600132.SH,,TimeInForce.GTC,,,,1285516800000000000,2010-09-26T16:00:00Z
49.8498,24600.8763,1284998400000000000,2010-09-20T16:00:00Z,197400.0,,0dba86ab-4a1b-450c-988b-5da24e44ed82,OrderRole.Standalone,OrderType.Market,_default,,PositionEffect.Open,,197400.0,False,,OrderSide.Buy,OrderStatus.Filled,600276.SH,,TimeInForce.GTC,,,,1285516800000000000,2010-09-26T16:00:00Z
24.74472,25920.0942,1284998400000000000,2010-09-20T16:00:00Z,419000.0,,d3c8dc54-4fde-4750-b183-879a4504d1b5,OrderRole.Standalone,OrderType.Market,_default,,PositionEffect.Open,,419000.0,False,,OrderSide.Buy,OrderStatus.Filled,600372.SH,,TimeInForce.GTC,,,,1285516800000000000,2010-09-26T16:00:00Z
60.61055,24683.6464875,1284998400000000000,2010-09-20T16:00:00Z,162900.0,,1bc63c33-d7ee-4cf1-a140-fe2c1aa499e7,OrderRole.Standalone,OrderType.Market,_default,,PositionEffect.Open,,162900.0,False,,OrderSide.Buy,OrderStatus.Filled,600406.SH,,TimeInForce.GTC,,,,1285516800000000000,2010-09-26T16:00:00Z
64.935,23896.08,1288281600000000000,2010-10-28T16:00:00Z,147200.0,,99c457d1-d94a-4c84-b598-174752647ab3,OrderRole.Standalone,OrderType.Market,_default,,PositionEffect.Close,,147200.0,False,,OrderSide.Sell,OrderStatus.Filled,000538.SZ,,TimeInForce.GTC,,,,1288540800000000000,2010-10-31T16:00:00Z
19.5804,31832.8353,1288281600000000000,2010-10-28T16:00:00Z,650300.0,,df707411-2b6c-47ab-bdba-62ffe9b0a25d,OrderRole.Standalone,OrderType.Market,_default,,PositionEffect.Close,,650300.0,False,,OrderSide.Sell,OrderStatus.Filled,000876.SZ,,TimeInForce.GTC,,,,1288540800000000000,2010-10-31T16:00:00Z
31.25871,27335.741895,1288281600000000000,2010-10-28T16:00:00Z,349800.0,,b4fc9281-8862-4252-abba-a65d35769c33,OrderRole.Standalone,OrderType.Market,_default,,PositionEffect.Close,,349800.0,False,,OrderSide.Sell,OrderStatus.Filled,002050.SZ,,TimeInForce.GTC,,,,1288540800000000000,2010-10-31T16:00:00Z
57.82212,28144.91691,1288281600000000000,2010-10-28T16:00:00Z,194700.0,,98d7a470-1938-428c-851f-28f7358024a3,OrderRole.Standalone,OrderType.Market,_default,,PositionEffect.Close,,194700.0,False,,OrderSide.Sell,OrderStatus.Filled,002410.SZ,,TimeInForce.GTC,,,,1288540800000000000,2010-10-31T16:00:00Z
89.85006,7008.30468,1288281600000000000,2010-10-28T16:00:00Z,31200.0,,c3a3e04a-7edb-454e-9896-81cd394c1ec0,OrderRole.Standalone,OrderType.Market,_default,,PositionEffect.Close,,31200.0,False,,OrderSide.Sell,OrderStatus.Filled,600111.SH,,TimeInForce.GTC,,,,1288540800000000000,2010-10-31T16:00:00Z
64.01592,32776.15104,1288281600000000000,2010-10-28T16:00:00Z,204800.0,,d9e357df-173a-451d-91bb-594dff4c022c,OrderRole.Standalone,OrderType.Market,_default,,PositionEffect.Close,,204800.0,False,,OrderSide.Sell,OrderStatus.Filled,600132.SH,,TimeInForce.GTC,,,,1288540800000000000,2010-10-31T16:00:00Z
46.74321,23067.774135,1288281600000000000,2010-10-28T16:00:00Z,197400.0,,fdb203bb-6648-4110-a334-7cfe182df97b,OrderRole.Standalone,OrderType.Market,_default,,PositionEffect.Close,,197400.0,False,,OrderSide.Sell,OrderStatus.Filled,600276.SH,,TimeInForce.GTC,,,,1288540800000000000,2010-10-31T16:00:00Z
32.27769,33810.880275,1288281600000000000,2010-10-28T16:00:00Z,419000.0,,bcc5ff8e-5ae8-4706-9d5a-a317ec2ca8e5,OrderRole.Standalone,OrderType.Market,_default,,PositionEffect.Close,,419000.0,False,,OrderSide.Sell,OrderStatus.Filled,600372.SH,,TimeInForce.GTC,,,,1288540800000000000,2010-10-31T16:00:00Z
57.46248,23401.59498,1288281600000000000,2010-10-28T16:00:00Z,162900.0,,40f9865e-e6fb-4fad-a3a2-9b9bc1587a46,OrderRole.Standalone,OrderType.Market,_default,,PositionEffect.Close,,162900.0,False,,OrderSide.Sell,OrderStatus.Filled,600406.SH,,TimeInForce.GTC,,,,1288540800000000000,2010-10-31T16:00:00Z
66.99294,26210.987775,1288281600000000000,2010-10-28T16:00:00Z,156500.0,,e90497a8-471c-4af3-a6d1-6e11e8128c1a,OrderRole.Standalone,OrderType.Market,_default,,PositionEffect.Close,,156500.0,False,,OrderSide.Sell,OrderStatus.Filled,600809.SH,,TimeInForce.GTC,,,,1288540800000000000,2010-10-31T16:00:00Z
12.36235,27478.4134625,1288281600000000000,2010-10-28T16:00:00Z,889100.0,,dbc50e02-0232-47b6-8545-2b663ab8acc6,OrderRole.Standalone,OrderType.Market,_default,,PositionEffect.Open,,889100.0,False,,OrderSide.Buy,OrderStatus.Filled,600837.SH,,TimeInForce.GTC,,,,1288540800000000000,2010-10-31T16:00:00Z
9.89989,28397.834465,1288281600000000000,2010-10-28T16:00:00Z,1147400.0,,4b179476-203a-49b5-a1a2-c7f0e2727f0c,OrderRole.Standalone,OrderType.Market,_default,,PositionEffect.Open,,1147400.0,False,,OrderSide.Buy,OrderStatus.Filled,601899.SH,,TimeInForce.GTC,,,,1288540800000000000,2010-10-31T16:00:00Z
15.09508,27695.69803,1288281600000000000,2010-10-28T16:00:00Z,733900.0,,d82d1bcd-8e6b-43b3-b3a7-60ae53bc37e9,OrderRole.Standalone,OrderType.Market,_default,,PositionEffect.Open,,733900.0,False,,OrderSide.Buy,OrderStatus.Filled,000157.SZ,,TimeInForce.GTC,,,,1288540800000000000,2010-10-31T16:00:00Z
27.80778,27696.54888,1288281600000000000,2010-10-28T16:00:00Z,398400.0,,80c7fc89-f368-4dbd-b0d3-4c160d832e05,OrderRole.Standalone,OrderType.Market,_default,,PositionEffect.Open,,398400.0,False,,OrderSide.Buy,OrderStatus.Filled,000983.SZ,,TimeInForce.GTC,,,,1288540800000000000,2010-10-31T16:00:00Z
15.49548,27624.56697,1288281600000000000,2010-10-28T16:00:00Z,713100.0,,ddfe3ae9-dd94-4988-b27e-f7cc5d62a442,OrderRole.Standalone,OrderType.Market,_default,,PositionEffect.Open,,713100.0,False,,OrderSide.Buy,OrderStatus.Filled,600030.SH,,TimeInForce.GTC,,,,1288540800000000000,2010-10-31T16:00:00Z
21.2212,27714.8872,1288281600000000000,2010-10-28T16:00:00Z,522400.0,,98a39f44-d424-4f70-96a9-fe241a1bb0d0,OrderRole.Standalone,OrderType.Market,_default,,PositionEffect.Open,,522400.0,False,,OrderSide.Buy,OrderStatus.Filled,600031.SH,,TimeInForce.GTC,,,,1288540800000000000,2010-10-31T16:00:00Z
44.1441,27899.0712,1288281600000000000,2010-10-28T16:00:00Z,252800.0,,5f308d9b-9e2c-4a6f-bb0a-46e9c37b4636,OrderRole.Standalone,OrderType.Market,_default,,PositionEffect.Open,,252800.0,False,,OrderSide.Buy,OrderStatus.Filled,600362.SH,,TimeInForce.GTC,,,,1288540800000000000,2010-10-31T16:00:00Z
61.061,28332.304,1288281600000000000,2010-10-28T16:00:00Z,185600.0,,1adb7398-3c02-4ea6-bc8e-e846c3152aba,OrderRole.Standalone,OrderType.Market,_default,,PositionEffect.Open,,185600.0,False,,OrderSide.Buy,OrderStatus.Filled,600547.SH,,TimeInForce.GTC,,,,1288540800000000000,2010-10-31T16:00:00Z
,0.0,1288281600000000000,2010-10-28T16:00:00Z,0.0,,0585677b-e1fe-4afd-91c0-a04db91b78c0,OrderRole.Standalone,OrderType.Market,_default,,PositionEffect.Open,,184500.0,False,"Symbol 601318.SH not tradable (zero volume, suspension) at execution timestamp 1288540800000000000",OrderSide.Buy,OrderStatus.Rejected,601318.SH,,TimeInForce.GTC,,,,1288540800000000000,2010-10-31T16:00:00Z
93.7062,28533.5379,1288540800000000000,2010-10-31T16:00:00Z,121800.0,,b83ffeb4-348a-460b-af7c-f908831ae764,OrderRole.Standalone,OrderType.Market,_default,,PositionEffect.Close,,121800.0,False,,OrderSide.Sell,OrderStatus.Filled,600111.SH,,TimeInForce.GTC,,,,1288627200000000000,2010-11-01T16:00:00Z
14.19579,26045.7257025,1290700800000000000,2010-11-25T16:00:00Z,733900.0,,bbd474fb-19b3-45aa-b63a-26c9cc5962df,OrderRole.Standalone,OrderType.Market,_default,,PositionEffect.Close,,733900.0,False,,OrderSide.Sell,OrderStatus.Filled,000157.SZ,,TimeInForce.GTC,,,,1290960000000000000,2010-11-28T16:00:00Z
24.3756,24278.0976,1290700800000000000,2010-11-25T16:00:00Z,398400.0,,ff93548a-b890-4b7f-92a3-22918a2c862d,OrderRole.Standalone,OrderType.Market,_default,,PositionEffect.Close,,398400.0,False,,OrderSide.Sell,OrderStatus.Filled,000983.SZ,,TimeInForce.GTC,,,,1290960000000000000,2010-11-28T16:00:00Z
13.23675,23597.8160625,1290700800000000000,2010-11-25T16:00:00Z,713100.0,,2390423b-633b-4a9c-b685-0566b0849e4d,OrderRole.Standalone,OrderType.Market,_default,,PositionEffect.Close,,713100.0,False,,OrderSide.Sell,OrderStatus.Filled,600030.SH,,TimeInForce.GTC,,,,1290960000000000000,2010-11-28T16:00:00Z
22.05792,28807.64352,1290700800000000000,2010-11-25T16:00:00Z,522400.0,,37a0b100-6117-41af-a5a0-0ebc2e167632,OrderRole.Standalone,OrderType.Market,_default,,PositionEffect.Close,,522400.0,False,,OrderSide.Sell,OrderStatus.Filled,600031.SH,,TimeInForce.GTC,,,,1290960000000000000,2010-11-28T16:00:00Z
34.41555,21750.6276,1290700800000000000,2010-11-25T16:00:00Z,252800.0,,8efa6f2b-303f-4661-82ba-89e9217c6e63,OrderRole.Standalone,OrderType.Market,_default,,PositionEffect.Close,,252800.0,False,,OrderSide.Sell,OrderStatus.Filled,600362.SH,,TimeInForce.GTC,,,,1290960000000000000,2010-11-28T16:00:00Z
53.15679,24664.75056,1290700800000000000,2010-11-25T16:00:00Z,185600.0,,13fea47b-e047-4678-a162-950eb68f821a,OrderRole.Standalone,OrderType.Market,_default,,PositionEffect.Close,,185600.0,False,,OrderSide.Sell,OrderStatus.Filled,600547.SH,,TimeInForce.GTC,,,,1290960000000000000,2010-11-28T16:00:00Z
10.05993,22360.7094075,1290700800000000000,2010-11-25T16:00:00Z,889100.0,,9bc901f8-3a28-4ca2-9e16-3f7c98c8c082,OrderRole.Standalone,OrderType.Market,_default,,PositionEffect.Close,,889100.0,False,,OrderSide.Sell,OrderStatus.Filled,600837.SH,,TimeInForce.GTC,,,,1290960000000000000,2010-11-28T16:00:00Z
8.22177,23584.147245,1290700800000000000,2010-11-25T16:00:00Z,1147400.0,,d6be93a8-be49-452c-8732-edced9646108,OrderRole.Standalone,OrderType.Market,_default,,PositionEffect.Close,,1147400.0,False,,OrderSide.Sell,OrderStatus.Filled,601899.SH,,TimeInForce.GTC,,,,1290960000000000000,2010-11-28T16:00:00Z
26.9269,25291.090825,1290700800000000000,2010-11-25T16:00:00Z,375700.0,,92eaf883-2fed-4fe0-ae6d-efdfef04a069,OrderRole.Standalone,OrderType.Market,_default,,PositionEffect.Open,,375700.0,False,,OrderSide.Buy,OrderStatus.Filled,000063.SZ,,TimeInForce.GTC,,,,1290960000000000000,2010-11-28T16:00:00Z
11.7117,25405.605225,1290700800000000000,2010-11-25T16:00:00Z,867700.0,,24f25730-6249-4b38-a272-11deb7548b08,OrderRole.Standalone,OrderType.Market,_default,,PositionEffect.Open,,867700.0,False,,OrderSide.Buy,OrderStatus.Filled,000807.SZ,,TimeInForce.GTC,,,,1290960000000000000,2010-11-28T16:00:00Z
26.1261,24898.1733,1290700800000000000,2010-11-25T16:00:00Z,381200.0,,64b7f1fc-7ad9-47ce-8407-138294521fb9,OrderRole.Standalone,OrderType.Market,_default,,PositionEffect.Open,,381200.0,False,,OrderSide.Buy,OrderStatus.Filled,000977.SZ,,TimeInForce.GTC,,,,1290960000000000000,2010-11-28T16:00:00Z
88.088,25391.366,1290700800000000000,2010-11-25T16:00:00Z,115300.0,,f888da66-3e21-4073-a189-e175c092a7ab,OrderRole.Standalone,OrderType.Market,_default,,PositionEffect.Open,,115300.0,False,,OrderSide.Buy,OrderStatus.Filled,002236.SZ,,TimeInForce.GTC,,,,1290960000000000000,2010-11-28T16:00:00Z
45.92588,25419.97458,1290700800000000000,2010-11-25T16:00:00Z,221400.0,,260e52a7-a8cd-4a52-8195-3e21b7238e90,OrderRole.Standalone,OrderType.Market,_default,,PositionEffect.Open,,221400.0,False,,OrderSide.Buy,OrderStatus.Filled,002241.SZ,,TimeInForce.GTC,,,,1290960000000000000,2010-11-28T16:00:00Z
73.073,25027.5025,1290700800000000000,2010-11-25T16:00:00Z,137000.0,,9d38c784-c4cb-4f9b-ad83-b6401f557397,OrderRole.Standalone,OrderType.Market,_default,,PositionEffect.Open,,137000.0,False,,OrderSide.Buy,OrderStatus.Filled,600111.SH,,TimeInForce.GTC,,,,1290960000000000000,2010-11-28T16:00:00Z
32.2322,25334.5092,1290700800000000000,2010-11-25T16:00:00Z,314400.0,,f2c2e31a-aaf9-499f-94bd-822bc1ff2e35,OrderRole.Standalone,OrderType.Market,_default,,PositionEffect.Open,,314400.0,False,,OrderSide.Buy,OrderStatus.Filled,600372.SH,,TimeInForce.GTC,,,,1290960000000000000,2010-11-28T16:00:00Z
46.046,24910.886,1290700800000000000,2010-11-25T16:00:00Z,216400.0,,1dd33846-ac06-4214-ba71-769cf0fdc2e2,OrderRole.Standalone,OrderType.Market,_default,,PositionEffect.Open,,216400.0,False,,OrderSide.Buy,OrderStatus.Filled,600549.SH,,TimeInForce.GTC,,,,1290960000000000000,2010-11-28T16:00:00Z
12.96295,25268.0302875,1290700800000000000,2010-11-25T16:00:00Z,779700.0,,c4c18085-3523-49da-bc05-060058ad682f,OrderRole.Standalone,OrderType.Market,_default,,PositionEffect.Open,,779700.0,False,,OrderSide.Buy,OrderStatus.Filled,600584.SH,,TimeInForce.GTC,,,,1290960000000000000,2010-11-28T16:00:00Z
12.66265,25464.58915,1290700800000000000,2010-11-25T16:00:00Z,804400.0,,29d8d7df-a7a5-4b29-b274-17002cd4752c,OrderRole.Standalone,OrderType.Market,_default,,PositionEffect.Open,,804400.0,False,,OrderSide.Buy,OrderStatus.Filled,600803.SH,,TimeInForce.GTC,,,,1290960000000000000,2010-11-28T16:00:00Z
27.12285,25475.1368625,1293120000000000000,2010-12-23T16:00:00Z,375700.0,,49052c98-aa8e-45a8-8ae8-510509c95852,OrderRole.Standalone,OrderType.Market,_default,,PositionEffect.Close,,375700.0,False,,OrderSide.Sell,OrderStatus.Filled,000063.SZ,,TimeInForce.GTC,,,,1293379200000000000,2010-12-26T16:00:00Z
12.12786,26308.360305,1293120000000000000,2010-12-23T16:00:00Z,867700.0,,ed441c05-c79e-4846-ae4d-da7ace368385,OrderRole.Standalone,OrderType.Market,_default,,PositionEffect.Close,,867700.0,False,,OrderSide.Sell,OrderStatus.Filled,000807.SZ,,TimeInForce.GTC,,,,1293379200000000000,2010-12-26T16:00:00Z
53.7462,4796.84835,1293120000000000000,2010-12-23T16:00:00Z,35700.0,,952cd26a-c9df-49bf-8643-e107b9652c0e,OrderRole.Standalone,OrderType.Market,_default,,PositionEffect.Close,,35700.0,False,,OrderSide.Sell,OrderStatus.Filled,002241.SZ,,TimeInForce.GTC,,,,1293379200000000000,2010-12-26T16:00:00Z
66.58335,22804.797375,1293120000000000000,2010-12-23T16:00:00Z,137000.0,,53cf80dd-c692-45fb-af97-5f9b90c454ed,OrderRole.Standalone,OrderType.Market,_default,,PositionEffect.Close,,137000.0,False,,OrderSide.Sell,OrderStatus.Filled,600111.SH,,TimeInForce.GTC,,,,1293379200000000000,2010-12-26T16:00:00Z
33.02694,25959.17484,1293120000000000000,2010-12-23T16:00:00Z,314400.0,,15518e63-cf03-41b4-ac67-b7f62ff3e7d3,OrderRole.Standalone,OrderType.Market,_default,,PositionEffect.Close,,314400.0,False,,OrderSide.Sell,OrderStatus.Filled,600372.SH,,TimeInForce.GTC,,,,1293379200000000000,2010-12-26T16:00:00Z
47.8521,25887.9861,1293120000000000000,2010-12-23T16:00:00Z,216400.0,,dbfcfeaf-3360-4ffd-9fb6-aea191e5defa,OrderRole.Standalone,OrderType.Market,_default,,PositionEffect.Close,,216400.0,False,,OrderSide.Sell,OrderStatus.Filled,600549.SH,,TimeInForce.GTC,,,,1293379200000000000,2010-12-26T16:00:00Z
11.43855,22296.5935875,1293120000000000000,2010-12-23T16:00:00Z,779700.0,,ee6e7331-bf3d-46b3-8d47-a09d4528492d,OrderRole.Standalone,OrderType.Market,_default,,PositionEffect.Close,,779700.0,False,,OrderSide.Sell,OrderStatus.Filled,600584.SH,,TimeInForce.GTC,,,,1293379200000000000,2010-12-26T16:00:00Z
13.63635,27422.69985,1293120000000000000,2010-12-23T16:00:00Z,804400.0,,ada6e6ab-b511-41d3-92b7-49db43fa46b2,OrderRole.Standalone,OrderType.Market,_default,,PositionEffect.Close,,804400.0,False,,OrderSide.Sell,OrderStatus.Filled,600803.SH,,TimeInForce.GTC,,,,1293379200000000000,2010-12-26T16:00:00Z
,0.0,1293120000000000000,2010-12-23T16:00:00Z,0.0,,89a84b04-ce18-4868-84c8-96a2705337b1,OrderRole.Standalone,OrderType.Market,_default,,PositionEffect.Close,,381200.0,False,"Symbol 000977.SZ not tradable (zero volume, suspension) at execution timestamp 1293379200000000000",OrderSide.Sell,OrderStatus.Rejected,000977.SZ,,TimeInForce.GTC,,,,1293379200000000000,2010-12-26T16:00:00Z
21.57155,25152.4273,1293120000000000000,2010-12-23T16:00:00Z,466400.0,,071c2796-c532-430f-b4ea-dcfde09e2efa,OrderRole.Standalone,OrderType.Market,_default,,PositionEffect.Open,,466400.0,False,,OrderSide.Buy,OrderStatus.Filled,000876.SZ,,TimeInForce.GTC,,,,1293379200000000000,2010-12-26T16:00:00Z
,0.0,1293120000000000000,2010-12-23T16:00:00Z,0.0,,0ad067d9-f44e-4e8a-98e2-e53fe638edfe,OrderRole.Standalone,OrderType.Market,_default,,PositionEffect.Open,,113700.0,False,"Symbol 000895.SZ not tradable (zero volume, suspension) at execution timestamp 1293379200000000000",OrderSide.Buy,OrderStatus.Rejected,000895.SZ,,TimeInForce.GTC,,,,1293379200000000000,2010-12-26T16:00:00Z
26.76674,25167.427285,1293120000000000000,2010-12-23T16:00:00Z,376100.0,,a5ec2020-ae1c-4962-a644-32e82a828c27,OrderRole.Standalone,OrderType.Market,_default,,PositionEffect.Open,,376100.0,False,,OrderSide.Buy,OrderStatus.Filled,002049.SZ,,TimeInForce.GTC,,,,1293379200000000000,2010-12-26T16:00:00Z
26.026,25277.7525,1293120000000000000,2010-12-23T16:00:00Z,388500.0,,2d4610a5-847d-4625-a330-4958f6b37af7,OrderRole.Standalone,OrderType.Market,_default,,PositionEffect.Open,,388500.0,False,,OrderSide.Buy,OrderStatus.Filled,002129.SZ,,TimeInForce.GTC,,,,1293379200000000000,2010-12-26T16:00:00Z
211.4112,25263.6384,1293120000000000000,2010-12-23T16:00:00Z,47800.0,,6b38cd73-be79-4754-8809-31fc2e985f37,OrderRole.Standalone,OrderType.Market,_default,,PositionEffect.Open,,47800.0,False,,OrderSide.Buy,OrderStatus.Filled,002304.SZ,,TimeInForce.GTC,,,,1293379200000000000,2010-12-26T16:00:00Z
106.09599,25356.94161,1293120000000000000,2010-12-23T16:00:00Z,95600.0,,9a1ffa85-772d-4ed5-9a62-673d0304debd,OrderRole.Standalone,OrderType.Market,_default,,PositionEffect.Open,,95600.0,False,,OrderSide.Buy,OrderStatus.Filled,002371.SZ,,TimeInForce.GTC,,,,1293379200000000000,2010-12-26T16:00:00Z
13.9139,25149.37425,1293120000000000000,2010-12-23T16:00:00Z,723000.0,,1ffe7b09-0d9c-41d4-affc-a885e9082ec7,OrderRole.Standalone,OrderType.Market,_default,,PositionEffect.Open,,723000.0,False,,OrderSide.Buy,OrderStatus.Filled,600048.SH,,TimeInForce.GTC,,,,1293379200000000000,2010-12-26T16:00:00Z
8.59859,24587.668105,1293120000000000000,2010-12-23T16:00:00Z,1143800.0,,821858c2-738f-4f32-b365-88c18151c4e3,OrderRole.Standalone,OrderType.Market,_default,,PositionEffect.Open,,1143800.0,False,,OrderSide.Buy,OrderStatus.Filled,600745.SH,,TimeInForce.GTC,,,,1293379200000000000,2010-12-26T16:00:00Z
83.34326,1104.298195,1293120000000000000,2010-12-23T16:00:00Z,5300.0,,1f39b380-476c-4d8c-b0e8-a3350e865ead,OrderRole.Standalone,OrderType.Market,_default,,PositionEffect.Open,,5300.0,False,,OrderSide.Buy,OrderStatus.Filled,002236.SZ,,TimeInForce.GTC,,,,1293379200000000000,2010-12-26T16:00:00Z
79.86006,24077.80809,1293379200000000000,2010-12-26T16:00:00Z,120600.0,,964a8744-0baf-4d86-bb2c-773a3f67db8c,OrderRole.Standalone,OrderType.Market,_default,,PositionEffect.Close,,120600.0,False,,OrderSide.Sell,OrderStatus.Filled,002236.SZ,,TimeInForce.GTC,,,,1293465600000000000,2010-12-27T16:00:00Z
53.3466,24766.15905,1293379200000000000,2010-12-26T16:00:00Z,185700.0,,2b5b4039-3a2f-4a4c-a6ad-7d4f3a3e07ec,OrderRole.Standalone,OrderType.Market,_default,,PositionEffect.Close,,185700.0,False,,OrderSide.Sell,OrderStatus.Filled,002241.SZ,,TimeInForce.GTC,,,,1293465600000000000,2010-12-27T16:00:00Z
18.03195,21025.2537,1295798400000000000,2011-01-23T16:00:00Z,466400.0,,53d0b504-acab-4f75-b657-e6db453fa701,OrderRole.Standalone,OrderType.Market,_default,,PositionEffect.Close,,466400.0,False,,OrderSide.Sell,OrderStatus.Filled,000876.SZ,,TimeInForce.GTC,,,,1295884800000000000,2011-01-24T16:00:00Z
17.55243,16727.46579,1295798400000000000,2011-01-23T16:00:00Z,381200.0,,bace4339-6e7a-4d9e-a9e6-99454d266805,OrderRole.Standalone,OrderType.Market,_default,,PositionEffect.Close,,381200.0,False,,OrderSide.Sell,OrderStatus.Filled,000977.SZ,,TimeInForce.GTC,,,,1295884800000000000,2011-01-24T16:00:00Z
20.98899,19734.8978475,1295798400000000000,2011-01-23T16:00:00Z,376100.0,,2d1a04ab-1176-4084-90d1-60ffa44b5b2f,OrderRole.Standalone,OrderType.Market,_default,,PositionEffect.Close,,376100.0,False,,OrderSide.Sell,OrderStatus.Filled,002049.SZ,,TimeInForce.GTC,,,,1295884800000000000,2011-01-24T16:00:00Z
24.975,24256.96875,1295798400000000000,2011-01-23T16:00:00Z,388500.0,,5ded7348-304b-47c7-a91b-5fa76aa67cd0,OrderRole.Standalone,OrderType.Market,_default,,PositionEffect.Close,,388500.0,False,,OrderSide.Sell,OrderStatus.Filled,002129.SZ,,TimeInForce.GTC,,,,1295884800000000000,2011-01-24T16:00:00Z
205.84395,24598.352025,1295798400000000000,2011-01-23T16:00:00Z,47800.0,,a0964d0c-2579-457d-999e-f957ae76b46e,OrderRole.Standalone,OrderType.Market,_default,,PositionEffect.Close,,47800.0,False,,OrderSide.Sell,OrderStatus.Filled,002304.SZ,,TimeInForce.GTC,,,,1295884800000000000,2011-01-24T16:00:00Z
80.13978,19153.40742,1295798400000000000,2011-01-23T16:00:00Z,95600.0,,0263311b-5652-4b51-9dfa-688154d0a830,OrderRole.Standalone,OrderType.Market,_default,,PositionEffect.Close,,95600.0,False,,OrderSide.Sell,OrderStatus.Filled,002371.SZ,,TimeInForce.GTC,,,,1295884800000000000,2011-01-24T16:00:00Z
13.4865,24376.84875,1295798400000000000,2011-01-23T16:00:00Z,723000.0,,7aeaa5f3-015b-4f60-a964-4d9fa4c38e38,OrderRole.Standalone,OrderType.Market,_default,,PositionEffect.Close,,723000.0,False,,OrderSide.Sell,OrderStatus.Filled,600048.SH,,TimeInForce.GTC,,,,1295884800000000000,2011-01-24T16:00:00Z
7.08291,20253.581145,1295798400000000000,2011-01-23T16:00:00Z,1143800.0,,b08cbf05-eca7-490b-b81c-940cb29496aa,OrderRole.Standalone,OrderType.Market,_default,,PositionEffect.Close,,1143800.0,False,,OrderSide.Sell,OrderStatus.Filled,600745.SH,,TimeInForce.GTC,,,,1295884800000000000,2011-01-24T16:00:00Z
3.03303,22524.0390375,1295798400000000000,2011-01-23T16:00:00Z,2970500.0,,4274d993-d7f1-4a90-8ce0-4ea26e1cc9a9,OrderRole.Standalone,OrderType.Market,_default,,PositionEffect.Open,,2970500.0,False,,OrderSide.Buy,OrderStatus.Filled,601018.SH,,TimeInForce.GTC,,,,1295884800000000000,2011-01-24T16:00:00Z
2.59259,22598.310735,1295798400000000000,2011-01-23T16:00:00Z,3486600.0,,1c8c1956-9d81-4b85-8201-9f1f6c374b0e,OrderRole.Standalone,OrderType.Market,_default,,PositionEffect.Open,,3486600.0,False,,OrderSide.Buy,OrderStatus.Filled,601288.SH,,TimeInForce.GTC,,,,1295884800000000000,2011-01-24T16:00:00Z
4.8048,22598.1756,1295798400000000000,2011-01-23T16:00:00Z,1881300.0,,a13c5199-3703-4f1a-be77-76e34f153eca,OrderRole.Standalone,OrderType.Market,_default,,PositionEffect.Open,,1881300.0,False,,OrderSide.Buy,OrderStatus.Filled,601390.SH,,TimeInForce.GTC,,,,1295884800000000000,2011-01-24T16:00:00Z
4.19419,22598.29572,1295798400000000000,2011-01-23T16:00:00Z,2155200.0,,7ba8731d-bb54-47f4-96e9-5c1fae63f191,OrderRole.Standalone,OrderType.Market,_default,,PositionEffect.Open,,2155200.0,False,,OrderSide.Buy,OrderStatus.Filled,601398.SH,,TimeInForce.GTC,,,,1295884800000000000,2011-01-24T16:00:00Z
3.7037,22537.940425,1295798400000000000,2011-01-23T16:00:00Z,2434100.0,,ca42f10d-744d-4b09-bbd4-a387db1cb43b,OrderRole.Standalone,OrderType.Market,_default,,PositionEffect.Open,,2434100.0,False,,OrderSide.Buy,OrderStatus.Filled,601668.SH,,TimeInForce.GTC,,,,1295884800000000000,2011-01-24T16:00:00Z
3.81381,22598.731155,1295798400000000000,2011-01-23T16:00:00Z,2370200.0,,d211e815-47f0-45d5-a96c-3f4bb8e99033,OrderRole.Standalone,OrderType.Market,_default,,PositionEffect.Open,,2370200.0,False,,OrderSide.Buy,OrderStatus.Filled,601818.SH,,TimeInForce.GTC,,,,1295884800000000000,2011-01-24T16:00:00Z
3.2032,22598.576,1295798400000000000,2011-01-23T16:00:00Z,2822000.0,,c8189cb4-8b4b-4acf-bd47-8ca8075ffb30,OrderRole.Standalone,OrderType.Market,_default,,PositionEffect.Open,,2822000.0,False,,OrderSide.Buy,OrderStatus.Filled,601988.SH,,TimeInForce.GTC,,,,1295884800000000000,2011-01-24T16:00:00Z
8.4084,22465.1427,1295798400000000000,2011-01-23T16:00:00Z,1068700.0,,f2a670ed-9140-48b1-9c59-5850bffb7d39,OrderRole.Standalone,OrderType.Market,_default,,PositionEffect.Open,,1068700.0,False,,OrderSide.Buy,OrderStatus.Filled,000002.SZ,,TimeInForce.GTC,,,,1295884800000000000,2011-01-24T16:00:00Z
4.96496,22553.3308,1295798400000000000,2011-01-23T16:00:00Z,1817000.0,,fc19047e-914d-4393-b48f-11ef4c3db9b8,OrderRole.Standalone,OrderType.Market,_default,,PositionEffect.Open,,1817000.0,False,,OrderSide.Buy,OrderStatus.Filled,600016.SH,,TimeInForce.GTC,,,,1295884800000000000,2011-01-24T16:00:00Z
5.77577,22558.7136775,1295798400000000000,2011-01-23T16:00:00Z,1562300.0,,c98c6dfb-9c1b-4602-a19f-bdbab217af38,OrderRole.Standalone,OrderType.Market,_default,,PositionEffect.Open,,1562300.0,False,,OrderSide.Buy,OrderStatus.Filled,600050.SH,,TimeInForce.GTC,,,,1295884800000000000,2011-01-24T16:00:00Z
5.11488,23234.3424,1298822400000000000,2011-02-27T16:00:00Z,1817000.0,,f791274c-2215-4750-8efd-b09a83d1ca69,OrderRole.Standalone,OrderType.Market,_default,,PositionEffect.Close,,1817000.0,False,,OrderSide.Sell,OrderStatus.Filled,600016.SH,,TimeInForce.GTC,,,,1298908800000000000,2011-02-28T16:00:00Z
5.86413,410.4891,1298822400000000000,2011-02-27T16:00:00Z,28000.0,,49ff31a0-ff5c-4e24-be42-37b5974499ba,OrderRole.Standalone,OrderType.Market,_default,,PositionEffect.Close,,28000.0,False,,OrderSide.Sell,OrderStatus.Filled,600050.SH,,TimeInForce.GTC,,,,1298908800000000000,2011-02-28T16:00:00Z
3.30669,24556.3066125,1298822400000000000,2011-02-27T16:00:00Z,2970500.0,,570f985d-eb2a-4b51-80dd-ab6c4e6f8eec,OrderRole.Standalone,OrderType.Market,_default,,PositionEffect.Close,,2970500.0,False,,OrderSide.Sell,OrderStatus.Filled,601018.SH,,TimeInForce.GTC,,,,1298908800000000000,2011-02-28T16:00:00Z
2.60739,195.55425,1298822400000000000,2011-02-27T16:00:00Z,30000.0,,fd7c1dc4-3285-458d-8221-48b914880de4,OrderRole.Standalone,OrderType.Market,_default,,PositionEffect.Close,,30000.0,False,,OrderSide.Sell,OrderStatus.Filled,601288.SH,,TimeInForce.GTC,,,,1298908800000000000,2011-02-28T16:00:00Z
4.25574,397.91169,1298822400000000000,2011-02-27T16:00:00Z,37400.0,,5073d0fc-0b03-4d29-b79a-40143ee3aef2,OrderRole.Standalone,OrderType.Market,_default,,PositionEffect.Close,,37400.0,False,,OrderSide.Sell,OrderStatus.Filled,601398.SH,,TimeInForce.GTC,,,,1298908800000000000,2011-02-28T16:00:00Z
3.84615,22790.361825,1298822400000000000,2011-02-27T16:00:00Z,2370200.0,,490374cf-7606-4b19-ae12-6357f0e4cde4,OrderRole.Standalone,OrderType.Market,_default,,PositionEffect.Close,,2370200.0,False,,OrderSide.Sell,OrderStatus.Filled,601818.SH,,TimeInForce.GTC,,,,1298908800000000000,2011-02-28T16:00:00Z
3.23676,303.44625,1298822400000000000,2011-02-27T16:00:00Z,37500.0,,ea2eebd4-b078-40e9-bef5-c72a0a59cb94,OrderRole.Standalone,OrderType.Market,_default,,PositionEffect.Close,,37500.0,False,,OrderSide.Sell,OrderStatus.Filled,601988.SH,,TimeInForce.GTC,,,,1298908800000000000,2011-02-28T16:00:00Z
4.84484,22670.21757,1298822400000000000,2011-02-27T16:00:00Z,1871700.0,,322613f7-71f4-4424-b789-4ae94972501d,OrderRole.Standalone,OrderType.Market,_default,,PositionEffect.Open,,1871700.0,False,,OrderSide.Buy,OrderStatus.Filled,000100.SZ,,TimeInForce.GTC,,,,1298908800000000000,2011-02-28T16:00:00Z
8.52852,22574.99244,1298822400000000000,2011-02-27T16:00:00Z,1058800.0,,396b3c38-b79c-47fb-8268-62aeff395b1d,OrderRole.Standalone,OrderType.Market,_default,,PositionEffect.Open,,1058800.0,False,,OrderSide.Buy,OrderStatus.Filled,600028.SH,,TimeInForce.GTC,,,,1298908800000000000,2011-02-28T16:00:00Z
178.88871,22539.97746,1298822400000000000,2011-02-27T16:00:00Z,50400.0,,36847918-9fe2-4ad9-b9dc-5f862e4aff94,OrderRole.Standalone,OrderType.Market,_default,,PositionEffect.Open,,50400.0,False,,OrderSide.Buy,OrderStatus.Filled,600519.SH,,TimeInForce.GTC,,,,1298908800000000000,2011-02-28T16:00:00Z
8.16816,751.47072,1298822400000000000,2011-02-27T16:00:00Z,36800.0,,e5edf075-b60f-448a-b065-7794e7c3decd,OrderRole.Standalone,OrderType.Market,_default,,PositionEffect.Open,,36800.0,False,,OrderSide.Buy,OrderStatus.Filled,000002.SZ,,TimeInForce.GTC,,,,1298908800000000000,2011-02-28T16:00:00Z
3.65365,281.33105,1298822400000000000,2011-02-27T16:00:00Z,30800.0,,fb05307d-9ab8-46e6-81d9-765b18bac376,OrderRole.Standalone,OrderType.Market,_default,,PositionEffect.Open,,30800.0,False,,OrderSide.Buy,OrderStatus.Filled,601668.SH,,TimeInForce.GTC,,,,1298908800000000000,2011-02-28T16:00:00Z
4.74474,260.9607,1298822400000000000,2011-02-27T16:00:00Z,22000.0,,c17468a8-7ded-4091-9d21-946679cffb91,OrderRole.Standalone,OrderType.Market,_default,,PositionEffect.Open,,22000.0,False,,OrderSide.Buy,OrderStatus.Filled,601390.SH,,TimeInForce.GTC,,,,1298908800000000000,2011-02-28T16:00:00Z
8.23176,22750.5267,1298908800000000000,2011-02-28T16:00:00Z,1105500.0,,81610a42-8519-4a58-9908-b7023070c4ad,OrderRole.Standalone,OrderType.Market,_default,,PositionEffect.Close,,1105500.0,False,,OrderSide.Sell,OrderStatus.Filled,000002.SZ,,TimeInForce.GTC,,,,1298995200000000000,2011-03-01T16:00:00Z
5.83416,22378.37922,1298908800000000000,2011-02-28T16:00:00Z,1534300.0,,0844f827-a520-446d-8aae-a13ead9119ac,OrderRole.Standalone,OrderType.Market,_default,,PositionEffect.Close,,1534300.0,False,,OrderSide.Sell,OrderStatus.Filled,600050.SH,,TimeInForce.GTC,,,,1298995200000000000,2011-03-01T16:00:00Z
4.65534,22151.271555,1298908800000000000,2011-02-28T16:00:00Z,1903300.0,,5ae790b9-b421-4eff-b129-7e759a157da4,OrderRole.Standalone,OrderType.Market,_default,,PositionEffect.Close,,1903300.0,False,,OrderSide.Sell,OrderStatus.Filled,601390.SH,,TimeInForce.GTC,,,,1298995200000000000,2011-03-01T16:00:00Z
4.24575,22479.123375,1298908800000000000,2011-02-28T16:00:00Z,2117800.0,,c69d6e72-7f55-410e-906c-7eee35c55276,OrderRole.Standalone,OrderType.Market,_default,,PositionEffect.Close,,2117800.0,False,,OrderSide.Sell,OrderStatus.Filled,601398.SH,,TimeInForce.GTC,,,,1298995200000000000,2011-03-01T16:00:00Z
3.61638,22285.037655,1298908800000000000,2011-02-28T16:00:00Z,2464900.0,,9ab9b028-59bb-4eba-9f62-fbda1948634f,OrderRole.Standalone,OrderType.Market,_default,,PositionEffect.Close,,2464900.0,False,,OrderSide.Sell,OrderStatus.Filled,601668.SH,,TimeInForce.GTC,,,,1298995200000000000,2011-03-01T16:00:00Z
3.23676,22531.89555,1298908800000000000,2011-02-28T16:00:00Z,2784500.0,,091cb158-3315-46ab-9726-8f7e5d097076,OrderRole.Standalone,OrderType.Market,_default,,PositionEffect.Close,,2784500.0,False,,OrderSide.Sell,OrderStatus.Filled,601988.SH,,TimeInForce.GTC,,,,1298995200000000000,2011-03-01T16:00:00Z
,0.0,1298908800000000000,2011-02-28T16:00:00Z,0.0,,c3303946-215a-49ce-8a5b-64a327a5b778,OrderRole.Standalone,OrderType.Market,_default,,PositionEffect.Close,,3456600.0,False,"Symbol 601288.SH not tradable (zero volume, suspension) at execution timestamp 1298995200000000000",OrderSide.Sell,OrderStatus.Rejected,601288.SH,,TimeInForce.GTC,,,,1298995200000000000,2011-03-01T16:00:00Z
4.4955,21035.568375,1301241600000000000,2011-03-27T16:00:00Z,1871700.0,,53240f39-44cf-4cf7-bb91-c952467d3f7a,OrderRole.Standalone,OrderType.Market,_default,,PositionEffect.Close,,1871700.0,False,,OrderSide.Sell,OrderStatus.Filled,000100.SZ,,TimeInForce.GTC,,,,1301328000000000000,2011-03-28T16:00:00Z
8.65134,22900.09698,1301241600000000000,2011-03-27T16:00:00Z,1058800.0,,0df9a5cb-fedf-47c3-862c-a45b8e197c73,OrderRole.Standalone,OrderType.Market,_default,,PositionEffect.Close,,1058800.0,False,,OrderSide.Sell,OrderStatus.Filled,600028.SH,,TimeInForce.GTC,,,,1301328000000000000,2011-03-28T16:00:00Z
180.819,22783.194,1301241600000000000,2011-03-27T16:00:00Z,50400.0,,6bc36673-b3c3-4696-a657-f615d3fffab1,OrderRole.Standalone,OrderType.Market,_default,,PositionEffect.Close,,50400.0,False,,OrderSide.Sell,OrderStatus.Filled,600519.SH,,TimeInForce.GTC,,,,1301328000000000000,2011-03-28T16:00:00Z
2.70729,23395.046535,1301241600000000000,2011-03-27T16:00:00Z,3456600.0,,341335fe-a9df-4624-bf87-48d1938bfd31,OrderRole.Standalone,OrderType.Market,_default,,PositionEffect.Close,,3456600.0,False,,OrderSide.Sell,OrderStatus.Filled,601288.SH,,TimeInForce.GTC,,,,1301328000000000000,2011-03-28T16:00:00Z
29.20918,22206.279095,1301241600000000000,2011-03-27T16:00:00Z,304100.0,,edbf397d-d851-4988-89b8-e10bd7e014d8,OrderRole.Standalone,OrderType.Market,_default,,PositionEffect.Open,,304100.0,False,,OrderSide.Buy,OrderStatus.Filled,000630.SZ,,TimeInForce.GTC,,,,1301328000000000000,2011-03-28T16:00:00Z
41.6416,22517.6952,1301241600000000000,2011-03-27T16:00:00Z,216300.0,,8b5295ce-771c-4842-bbf2-0aa257482349,OrderRole.Standalone,OrderType.Market,_default,,PositionEffect.Open,,216300.0,False,,OrderSide.Buy,OrderStatus.Filled,000776.SZ,,TimeInForce.GTC,,,,1301328000000000000,2011-03-28T16:00:00Z
24.1241,22344.947625,1301241600000000000,2011-03-27T16:00:00Z,370500.0,,58f28da3-d6ca-475e-bfba-e9309dc3095d,OrderRole.Standalone,OrderType.Market,_default,,PositionEffect.Open,,370500.0,False,,OrderSide.Buy,OrderStatus.Filled,000977.SZ,,TimeInForce.GTC,,,,1301328000000000000,2011-03-28T16:00:00Z
26.93691,22364.3695275,1301241600000000000,2011-03-27T16:00:00Z,332100.0,,dc529bed-0c6e-4db6-9814-57e4bd7a88e5,OrderRole.Standalone,OrderType.Market,_default,,PositionEffect.Open,,332100.0,False,,OrderSide.Buy,OrderStatus.Filled,002049.SZ,,TimeInForce.GTC,,,,1301328000000000000,2011-03-28T16:00:00Z
33.01298,22283.7615,1301241600000000000,2011-03-27T16:00:00Z,270000.0,,3c507a78-9311-47f0-a58a-11ea35ace879,OrderRole.Standalone,OrderType.Market,_default,,PositionEffect.Open,,270000.0,False,,OrderSide.Buy,OrderStatus.Filled,002129.SZ,,TimeInForce.GTC,,,,1301328000000000000,2011-03-28T16:00:00Z
36.75672,22439.97756,1301241600000000000,2011-03-27T16:00:00Z,244200.0,,b52e8c49-0be9-48f3-8ba9-02957d67efd3,OrderRole.Standalone,OrderType.Market,_default,,PositionEffect.Open,,244200.0,False,,OrderSide.Buy,OrderStatus.Filled,002180.SZ,,TimeInForce.GTC,,,,1301328000000000000,2011-03-28T16:00:00Z
28.00798,22399.382005,1301241600000000000,2011-03-27T16:00:00Z,319900.0,,128174b5-f1f6-4e86-9e73-f8f5f6c276f9,OrderRole.Standalone,OrderType.Market,_default,,PositionEffect.Open,,319900.0,False,,OrderSide.Buy,OrderStatus.Filled,600031.SH,,TimeInForce.GTC,,,,1301328000000000000,2011-03-28T16:00:00Z
84.89481,22221.2165175,1301241600000000000,2011-03-27T16:00:00Z,104700.0,,1d0ddde0-2f6e-4f37-a08a-83ee02a6fd8f,OrderRole.Standalone,OrderType.Market,_default,,PositionEffect.Open,,104700.0,False,,OrderSide.Buy,OrderStatus.Filled,600111.SH,,TimeInForce.GTC,,,,1301328000000000000,2011-03-28T16:00:00Z
26.90688,22130.9088,1301241600000000000,2011-03-27T16:00:00Z,329000.0,,91a75d68-7200-4b12-bab3-779d44b3ef9b,OrderRole.Standalone,OrderType.Market,_default,,PositionEffect.Open,,329000.0,False,,OrderSide.Buy,OrderStatus.Filled,600160.SH,,TimeInForce.GTC,,,,1301328000000000000,2011-03-28T16:00:00Z
20.53051,22285.868605,1301241600000000000,2011-03-27T16:00:00Z,434200.0,,ea21fdeb-d2db-406c-8a99-916c36c9515f,OrderRole.Standalone,OrderType.Market,_default,,PositionEffect.Open,,434200.0,False,,OrderSide.Buy,OrderStatus.Filled,600332.SH,,TimeInForce.GTC,,,,1301328000000000000,2011-03-28T16:00:00Z
25.8741,19670.784525,1303833600000000000,2011-04-26T16:00:00Z,304100.0,,802034c1-377b-47a8-a350-e9bdb91dd4fa,OrderRole.Standalone,OrderType.Market,_default,,PositionEffect.Close,,304100.0,False,,OrderSide.Sell,OrderStatus.Filled,000630.SZ,,TimeInForce.GTC,,,,1303920000000000000,2011-04-27T16:00:00Z
36.963,19987.74225,1303833600000000000,2011-04-26T16:00:00Z,216300.0,,df6339a4-8bf6-4e1f-84f5-fac16876f009,OrderRole.Standalone,OrderType.Market,_default,,PositionEffect.Close,,216300.0,False,,OrderSide.Sell,OrderStatus.Filled,000776.SZ,,TimeInForce.GTC,,,,1303920000000000000,2011-04-27T16:00:00Z
21.1788,19616.8635,1303833600000000000,2011-04-26T16:00:00Z,370500.0,,c512588f-a1e4-43d2-8ff3-cb6cc7cf8fd2,OrderRole.Standalone,OrderType.Market,_default,,PositionEffect.Close,,370500.0,False,,OrderSide.Sell,OrderStatus.Filled,000977.SZ,,TimeInForce.GTC,,,,1303920000000000000,2011-04-27T16:00:00Z
21.41856,17782.75944,1303833600000000000,2011-04-26T16:00:00Z,332100.0,,4832071a-4da4-4955-b9c3-1e8cf1e05f34,OrderRole.Standalone,OrderType.Market,_default,,PositionEffect.Close,,332100.0,False,,OrderSide.Sell,OrderStatus.Filled,002049.SZ,,TimeInForce.GTC,,,,1303920000000000000,2011-04-27T16:00:00Z
40.32963,3327.194475,1303833600000000000,2011-04-26T16:00:00Z,33000.0,,b88ae413-4857-4395-b9fb-99333535cbd5,OrderRole.Standalone,OrderType.Market,_default,,PositionEffect.Close,,33000.0,False,,OrderSide.Sell,OrderStatus.Filled,002180.SZ,,TimeInForce.GTC,,,,1303920000000000000,2011-04-27T16:00:00Z
18.2817,21928.89915,1303833600000000000,2011-04-26T16:00:00Z,479800.0,,97e04561-563e-4d9a-b2db-c0ad0cf8c58c,OrderRole.Standalone,OrderType.Market,_default,,PositionEffect.Close,,479800.0,False,,OrderSide.Sell,OrderStatus.Filled,600031.SH,,TimeInForce.GTC,,,,1303920000000000000,2011-04-27T16:00:00Z
88.2117,23089.412475,1303833600000000000,2011-04-26T16:00:00Z,104700.0,,785cfc95-3814-43c7-a2a9-aef29d07b37c,OrderRole.Standalone,OrderType.Market,_default,,PositionEffect.Close,,104700.0,False,,OrderSide.Sell,OrderStatus.Filled,600111.SH,,TimeInForce.GTC,,,,1303920000000000000,2011-04-27T16:00:00Z
30.28968,3702.91338,1303833600000000000,2011-04-26T16:00:00Z,48900.0,,057389ab-bb1b-436b-98b0-00e3ce0eebb7,OrderRole.Standalone,OrderType.Market,_default,,PositionEffect.Close,,48900.0,False,,OrderSide.Sell,OrderStatus.Filled,600160.SH,,TimeInForce.GTC,,,,1303920000000000000,2011-04-27T16:00:00Z
17.77221,19291.733955,1303833600000000000,2011-04-26T16:00:00Z,434200.0,,baead107-36b2-424e-8fd8-0e05c86db498,OrderRole.Standalone,OrderType.Market,_default,,PositionEffect.Close,,434200.0,False,,OrderSide.Sell,OrderStatus.Filled,600332.SH,,TimeInForce.GTC,,,,1303920000000000000,2011-04-27T16:00:00Z
,0.0,1303833600000000000,2011-04-26T16:00:00Z,0.0,,5cab6b32-a035-4695-8798-b6facdcad5fe,OrderRole.Standalone,OrderType.Market,_default,,PositionEffect.Close,,270000.0,False,"Symbol 002129.SZ not tradable (zero volume, suspension) at execution timestamp 1303920000000000000",OrderSide.Sell,OrderStatus.Rejected,002129.SZ,,TimeInForce.GTC,,,,1303920000000000000,2011-04-27T16:00:00Z
18.43842,21402.396015,1303833600000000000,2011-04-26T16:00:00Z,464300.0,,db10c37e-0f32-411d-8948-bc67b69bed7a,OrderRole.Standalone,OrderType.Market,_default,,PositionEffect.Open,,464300.0,False,,OrderSide.Buy,OrderStatus.Filled,000001.SZ,,TimeInForce.GTC,,,,1303920000000000000,2011-04-27T16:00:00Z
5.79579,21203.897715,1303833600000000000,2011-04-26T16:00:00Z,1463400.0,,95f0a70b-3a61-4523-a69d-38cba72b0f80,OrderRole.Standalone,OrderType.Market,_default,,PositionEffect.Open,,1463400.0,False,,OrderSide.Buy,OrderStatus.Filled,000100.SZ,,TimeInForce.GTC,,,,1303920000000000000,2011-04-27T16:00:00Z
12.39238,21482.19073,1303833600000000000,2011-04-26T16:00:00Z,693400.0,,67ed40aa-bdcf-49e2-9504-8773a0b79049,OrderRole.Standalone,OrderType.Market,_default,,PositionEffect.Open,,693400.0,False,,OrderSide.Buy,OrderStatus.Filled,000408.SZ,,TimeInForce.GTC,,,,1303920000000000000,2011-04-27T16:00:00Z
84.084,21231.21,1303833600000000000,2011-04-26T16:00:00Z,101000.0,,ed8562f1-7831-4284-b182-a4b537f40008,OrderRole.Standalone,OrderType.Market,_default,,PositionEffect.Open,,101000.0,False,,OrderSide.Buy,OrderStatus.Filled,002236.SZ,,TimeInForce.GTC,,,,1303920000000000000,2011-04-27T16:00:00Z
53.13308,21253.232,1303833600000000000,2011-04-26T16:00:00Z,160000.0,,fb3f4414-4937-453d-8ed8-a323dad446bb,OrderRole.Standalone,OrderType.Market,_default,,PositionEffect.Open,,160000.0,False,,OrderSide.Buy,OrderStatus.Filled,002475.SZ,,TimeInForce.GTC,,,,1303920000000000000,2011-04-27T16:00:00Z
7.44744,21268.02678,1303833600000000000,2011-04-26T16:00:00Z,1142300.0,,47fe9af3-36f9-421d-91a4-9b65ceb19211,OrderRole.Standalone,OrderType.Market,_default,,PositionEffect.Open,,1142300.0,False,,OrderSide.Buy,OrderStatus.Filled,600010.SH,,TimeInForce.GTC,,,,1303920000000000000,2011-04-27T16:00:00Z
6.25625,21446.425,1303833600000000000,2011-04-26T16:00:00Z,1371200.0,,cf50dbba-d1a2-4e20-a427-199cfe695f71,OrderRole.Standalone,OrderType.Market,_default,,PositionEffect.Open,,1371200.0,False,,OrderSide.Buy,OrderStatus.Filled,600016.SH,,TimeInForce.GTC,,,,1303920000000000000,2011-04-27T16:00:00Z
4.004,21240.219,1303833600000000000,2011-04-26T16:00:00Z,2121900.0,,259099b9-296c-46ab-af76-a09580a7cbb4,OrderRole.Standalone,OrderType.Market,_default,,PositionEffect.Open,,2121900.0,False,,OrderSide.Buy,OrderStatus.Filled,600027.SH,,TimeInForce.GTC,,,,1303920000000000000,2011-04-27T16:00:00Z
40.56939,21420.63792,1303920000000000000,2011-04-27T16:00:00Z,211200.0,,7614f5af-1f28-4ea1-9e89-6c5e30bf4a1c,OrderRole.Standalone,OrderType.Market,_default,,PositionEffect.Close,,211200.0,False,,OrderSide.Sell,OrderStatus.Filled,002180.SZ,,TimeInForce.GTC,,,,1304006400000000000,2011-04-28T16:00:00Z
28.72125,20112.0553125,1303920000000000000,2011-04-27T16:00:00Z,280100.0,,57fb3276-1bbe-4f78-8598-82ee198e2eca,OrderRole.Standalone,OrderType.Market,_default,,PositionEffect.Close,,280100.0,False,,OrderSide.Sell,OrderStatus.Filled,600160.SH,,TimeInForce.GTC,,,,1304006400000000000,2011-04-28T16:00:00Z
17.6823,20524.729725,1306339200000000000,2011-05-25T16:00:00Z,464300.0,,fe7617d9-d3fe-4dee-b5f1-f5ebcf240d82,OrderRole.Standalone,OrderType.Market,_default,,PositionEffect.Close,,464300.0,False,,OrderSide.Sell,OrderStatus.Filled,000001.SZ,,TimeInForce.GTC,,,,1306425600000000000,2011-05-26T16:00:00Z
12.14784,21058.28064,1306339200000000000,2011-05-25T16:00:00Z,693400.0,,f6706033-ae17-4cba-9d22-61cac3d7bfcb,OrderRole.Standalone,OrderType.Market,_default,,PositionEffect.Close,,693400.0,False,,OrderSide.Sell,OrderStatus.Filled,000408.SZ,,TimeInForce.GTC,,,,1306425600000000000,2011-05-26T16:00:00Z
25.33464,17100.882,1306339200000000000,2011-05-25T16:00:00Z,270000.0,,fb07b5c9-f1c7-4fe8-8e75-7e3341d53721,OrderRole.Standalone,OrderType.Market,_default,,PositionEffect.Close,,270000.0,False,,OrderSide.Sell,OrderStatus.Filled,002129.SZ,,TimeInForce.GTC,,,,1306425600000000000,2011-05-26T16:00:00Z
77.5224,19574.406,1306339200000000000,2011-05-25T16:00:00Z,101000.0,,60641de5-187f-4481-9577-251cdf0e80ce,OrderRole.Standalone,OrderType.Market,_default,,PositionEffect.Close,,101000.0,False,,OrderSide.Sell,OrderStatus.Filled,002236.SZ,,TimeInForce.GTC,,,,1306425600000000000,2011-05-26T16:00:00Z
30.4695,18281.7,1306339200000000000,2011-05-25T16:00:00Z,240000.0,,4521bbe7-e89b-45aa-b6ef-6c21c9de6dd2,OrderRole.Standalone,OrderType.Market,_default,,PositionEffect.Close,,240000.0,False,,OrderSide.Sell,OrderStatus.Filled,002475.SZ,,TimeInForce.GTC,,,,1306425600000000000,2011-05-26T16:00:00Z
6.92307,19770.5571525,1306339200000000000,2011-05-25T16:00:00Z,1142300.0,,7552ede4-9062-4f08-b31b-56624d0c9559,OrderRole.Standalone,OrderType.Market,_default,,PositionEffect.Close,,1142300.0,False,,OrderSide.Sell,OrderStatus.Filled,600010.SH,,TimeInForce.GTC,,,,1306425600000000000,2011-05-26T16:00:00Z
5.81418,19931.00904,1306339200000000000,2011-05-25T16:00:00Z,1371200.0,,f9fbf698-49f8-4398-bac2-b8b34b6f9564,OrderRole.Standalone,OrderType.Market,_default,,PositionEffect.Close,,1371200.0,False,,OrderSide.Sell,OrderStatus.Filled,600016.SH,,TimeInForce.GTC,,,,1306425600000000000,2011-05-26T16:00:00Z
3.72627,19766.9307825,1306339200000000000,2011-05-25T16:00:00Z,2121900.0,,74eca390-2a3a-4fc3-a0cf-ee3df32c9a99,OrderRole.Standalone,OrderType.Market,_default,,PositionEffect.Close,,2121900.0,False,,OrderSide.Sell,OrderStatus.Filled,600027.SH,,TimeInForce.GTC,,,,1306425600000000000,2011-05-26T16:00:00Z
8.02802,39963.48356,1306339200000000000,2011-05-25T16:00:00Z,1991200.0,,3bb96780-15b5-4132-9ac6-9af3fb04b9d4,OrderRole.Standalone,OrderType.Market,_default,,PositionEffect.Open,,1991200.0,False,,OrderSide.Buy,OrderStatus.Filled,600028.SH,,TimeInForce.GTC,,,,1306425600000000000,2011-05-26T16:00:00Z
4.42442,39955.830915,1306339200000000000,2011-05-25T16:00:00Z,3612300.0,,fee4bd96-04df-49ca-8eaa-813a5b8a67d5,OrderRole.Standalone,OrderType.Market,_default,,PositionEffect.Open,,3612300.0,False,,OrderSide.Buy,OrderStatus.Filled,601398.SH,,TimeInForce.GTC,,,,1306425600000000000,2011-05-26T16:00:00Z
7.86786,39663.849225,1306339200000000000,2011-05-25T16:00:00Z,2016500.0,,efcf018a-68e9-4b1b-83b0-d3c2f13d0b49,OrderRole.Standalone,OrderType.Market,_default,,PositionEffect.Open,,2016500.0,False,,OrderSide.Buy,OrderStatus.Filled,000002.SZ,,TimeInForce.GTC,,,,1306425600000000000,2011-05-26T16:00:00Z
,0.0,1306339200000000000,2011-05-25T16:00:00Z,0.0,,f5dd805e-cc2d-4d49-9933-3051eb08373a,OrderRole.Standalone,OrderType.Market,_default,,PositionEffect.Open,,4827300.0,False,"Symbol 601988.SH not tradable (zero volume, suspension) at execution timestamp 1306425600000000000",OrderSide.Buy,OrderStatus.Rejected,601988.SH,,TimeInForce.GTC,,,,1306425600000000000,2011-05-26T16:00:00Z
2.73273,19294.440165,1306339200000000000,2011-05-25T16:00:00Z,2824200.0,,6cea14cb-5352-48b3-8d2f-4c836a8e0bec,OrderRole.Standalone,OrderType.Market,_default,,PositionEffect.Open,,2824200.0,False,,OrderSide.Buy,OrderStatus.Filled,000100.SZ,,TimeInForce.GTC,,,,1306425600000000000,2011-05-26T16:00:00Z
2.58741,37200.487275,1306425600000000000,2011-05-26T16:00:00Z,5751000.0,,a40a2c7a-8870-4f01-979d-e1581f7eb070,OrderRole.Standalone,OrderType.Market,_default,,PositionEffect.Close,,5751000.0,False,,OrderSide.Sell,OrderStatus.Filled,000100.SZ,,TimeInForce.GTC,,,,1306684800000000000,2011-05-29T16:00:00Z
8.38161,42253.7914125,1308844800000000000,2011-06-23T16:00:00Z,2016500.0,,68d853d4-648a-41e1-af93-92692c8d29f1,OrderRole.Standalone,OrderType.Market,_default,,PositionEffect.Close,,2016500.0,False,,OrderSide.Sell,OrderStatus.Filled,000002.SZ,,TimeInForce.GTC,,,,1309104000000000000,2011-06-26T16:00:00Z
8.21178,40878.24084,1308844800000000000,2011-06-23T16:00:00Z,1991200.0,,df7b80bb-3924-4b97-8184-010bb84de1c5,OrderRole.Standalone,OrderType.Market,_default,,PositionEffect.Close,,1991200.0,False,,OrderSide.Sell,OrderStatus.Filled,600028.SH,,TimeInForce.GTC,,,,1309104000000000000,2011-06-26T16:00:00Z
4.46553,40327.0850475,1308844800000000000,2011-06-23T16:00:00Z,3612300.0,,e1135fc5-97f2-439f-bac4-a6fd43b16978,OrderRole.Standalone,OrderType.Market,_default,,PositionEffect.Close,,3612300.0,False,,OrderSide.Sell,OrderStatus.Filled,601398.SH,,TimeInForce.GTC,,,,1309104000000000000,2011-06-26T16:00:00Z
10.7107,20053.108075,1308844800000000000,2011-06-23T16:00:00Z,748900.0,,4b01707e-d5e3-4d3d-938d-e513343efeda,OrderRole.Standalone,OrderType.Market,_default,,PositionEffect.Open,,748900.0,False,,OrderSide.Buy,OrderStatus.Filled,601600.SH,,TimeInForce.GTC,,,,1309104000000000000,2011-06-26T16:00:00Z
3.04304,20496.39592,1308844800000000000,2011-06-23T16:00:00Z,2694200.0,,bdeda317-6d0b-4b80-9aee-3f015b39a741,OrderRole.Standalone,OrderType.Market,_default,,PositionEffect.Open,,2694200.0,False,,OrderSide.Buy,OrderStatus.Filled,000100.SZ,,TimeInForce.GTC,,,,1309104000000000000,2011-06-26T16:00:00Z
27.17715,20138.26815,1308844800000000000,2011-06-23T16:00:00Z,296400.0,,c63b8ca9-f889-4fbb-ba0b-78bf9e9d5098,OrderRole.Standalone,OrderType.Market,_default,,PositionEffect.Open,,296400.0,False,,OrderSide.Buy,OrderStatus.Filled,002180.SZ,,TimeInForce.GTC,,,,1309104000000000000,2011-06-26T16:00:00Z
8.09809,19700.6284475,1308844800000000000,2011-06-23T16:00:00Z,973100.0,,34de818b-8edd-4053-8029-a72319b08f47,OrderRole.Standalone,OrderType.Market,_default,,PositionEffect.Open,,973100.0,False,,OrderSide.Buy,OrderStatus.Filled,600010.SH,,TimeInForce.GTC,,,,1309104000000000000,2011-06-26T16:00:00Z
13.18317,19923.0656625,1308844800000000000,2011-06-23T16:00:00Z,604500.0,,6f1c3bb7-82e0-44cd-9dec-425bcf22437d,OrderRole.Standalone,OrderType.Market,_default,,PositionEffect.Open,,604500.0,False,,OrderSide.Buy,OrderStatus.Filled,600030.SH,,TimeInForce.GTC,,,,1309104000000000000,2011-06-26T16:00:00Z
69.08902,19914.910015,1308844800000000000,2011-06-23T16:00:00Z,115300.0,,1418f160-07f2-4472-ad33-b364f2c0f103,OrderRole.Standalone,OrderType.Market,_default,,PositionEffect.Open,,115300.0,False,,OrderSide.Buy,OrderStatus.Filled,600111.SH,,TimeInForce.GTC,,,,1309104000000000000,2011-06-26T16:00:00Z
31.01098,20017.58759,1308844800000000000,2011-06-23T16:00:00Z,258200.0,,8fc9b45c-4494-408a-8f8e-118fcbb9d598,OrderRole.Standalone,OrderType.Market,_default,,PositionEffect.Open,,258200.0,False,,OrderSide.Buy,OrderStatus.Filled,600160.SH,,TimeInForce.GTC,,,,1309104000000000000,2011-06-26T16:00:00Z
43.8438,20146.2261,1308844800000000000,2011-06-23T16:00:00Z,183800.0,,ea315337-d5f4-4a83-8618-de49af31a8c4,OrderRole.Standalone,OrderType.Market,_default,,PositionEffect.Open,,183800.0,False,,OrderSide.Buy,OrderStatus.Filled,600372.SH,,TimeInForce.GTC,,,,1309104000000000000,2011-06-26T16:00:00Z
27.21719,20025.0475425,1308844800000000000,2011-06-23T16:00:00Z,294300.0,,1ef50adc-58bd-4695-802b-dc3f18d3b540,OrderRole.Standalone,OrderType.Market,_default,,PositionEffect.Open,,294300.0,False,,OrderSide.Buy,OrderStatus.Filled,600585.SH,,TimeInForce.GTC,,,,1309104000000000000,2011-06-26T16:00:00Z
18.16815,20130.3102,1308844800000000000,2011-06-23T16:00:00Z,443200.0,,83be1deb-8d4a-4e42-b653-46d7bc60b97a,OrderRole.Standalone,OrderType.Market,_default,,PositionEffect.Open,,443200.0,False,,OrderSide.Buy,OrderStatus.Filled,600031.SH,,TimeInForce.GTC,,,,1309104000000000000,2011-06-26T16:00:00Z
2.78721,18773.252955,1311264000000000000,2011-07-21T16:00:00Z,2694200.0,,8a888738-193d-4e56-b30a-a67673c61c59,OrderRole.Standalone,OrderType.Market,_default,,PositionEffect.Close,,2694200.0,False,,OrderSide.Sell,OrderStatus.Filled,000100.SZ,,TimeInForce.GTC,,,,1311523200000000000,2011-07-24T16:00:00Z
7.87212,19150.89993,1311264000000000000,2011-07-21T16:00:00Z,973100.0,,e9a711d4-0315-4165-9892-1b50f4907512,OrderRole.Standalone,OrderType.Market,_default,,PositionEffect.Close,,973100.0,False,,OrderSide.Sell,OrderStatus.Filled,600010.SH,,TimeInForce.GTC,,,,1311523200000000000,2011-07-24T16:00:00Z
12.65733,19128.3899625,1311264000000000000,2011-07-21T16:00:00Z,604500.0,,7fc9d021-4100-4d8b-8c1c-bd16758eb24f,OrderRole.Standalone,OrderType.Market,_default,,PositionEffect.Close,,604500.0,False,,OrderSide.Sell,OrderStatus.Filled,600030.SH,,TimeInForce.GTC,,,,1311523200000000000,2011-07-24T16:00:00Z
17.7822,19702.6776,1311264000000000000,2011-07-21T16:00:00Z,443200.0,,117ccffb-dbb4-4742-ae42-9ba5020e6348,OrderRole.Standalone,OrderType.Market,_default,,PositionEffect.Close,,443200.0,False,,OrderSide.Sell,OrderStatus.Filled,600031.SH,,TimeInForce.GTC,,,,1311523200000000000,2011-07-24T16:00:00Z
66.48345,19163.8544625,1311264000000000000,2011-07-21T16:00:00Z,115300.0,,5a813a89-66a6-4f5b-b03b-1a16b3184224,OrderRole.Standalone,OrderType.Market,_default,,PositionEffect.Close,,115300.0,False,,OrderSide.Sell,OrderStatus.Filled,600111.SH,,TimeInForce.GTC,,,,1311523200000000000,2011-07-24T16:00:00Z
32.31765,20861.043075,1311264000000000000,2011-07-21T16:00:00Z,258200.0,,0f3dfa20-02e0-4ee3-92e9-398e8083eb8d,OrderRole.Standalone,OrderType.Market,_default,,PositionEffect.Close,,258200.0,False,,OrderSide.Sell,OrderStatus.Filled,600160.SH,,TimeInForce.GTC,,,,1311523200000000000,2011-07-24T16:00:00Z
42.6573,19601.02935,1311264000000000000,2011-07-21T16:00:00Z,183800.0,,32f6071f-844d-4df2-a42a-f0a33cdd642a,OrderRole.Standalone,OrderType.Market,_default,,PositionEffect.Close,,183800.0,False,,OrderSide.Sell,OrderStatus.Filled,600372.SH,,TimeInForce.GTC,,,,1311523200000000000,2011-07-24T16:00:00Z
27.1728,19992.3876,1311264000000000000,2011-07-21T16:00:00Z,294300.0,,01776cfb-c623-42cb-bd82-ee3cf2a24b3f,OrderRole.Standalone,OrderType.Market,_default,,PositionEffect.Close,,294300.0,False,,OrderSide.Sell,OrderStatus.Filled,600585.SH,,TimeInForce.GTC,,,,1311523200000000000,2011-07-24T16:00:00Z
10.51947,19695.0777075,1311264000000000000,2011-07-21T16:00:00Z,748900.0,,4882d337-011a-4e83-ac42-d6953d546ec4,OrderRole.Standalone,OrderType.Market,_default,,PositionEffect.Close,,748900.0,False,,OrderSide.Sell,OrderStatus.Filled,601600.SH,,TimeInForce.GTC,,,,1311523200000000000,2011-07-24T16:00:00Z
11.1111,39544.4049,1311264000000000000,2011-07-21T16:00:00Z,1423600.0,,bbf99a50-cc9e-49e6-af1d-fc56418dbe28,OrderRole.Standalone,OrderType.Market,_default,,PositionEffect.Open,,1423600.0,False,,OrderSide.Buy,OrderStatus.Filled,000975.SZ,,TimeInForce.GTC,,,,1311523200000000000,2011-07-24T16:00:00Z
21.10108,38952.59368,1311264000000000000,2011-07-21T16:00:00Z,738400.0,,dbd7a611-9da5-4b72-b3ef-66b8b6a5ee82,OrderRole.Standalone,OrderType.Market,_default,,PositionEffect.Open,,738400.0,False,,OrderSide.Buy,OrderStatus.Filled,000977.SZ,,TimeInForce.GTC,,,,1311523200000000000,2011-07-24T16:00:00Z
33.02299,39363.40408,1311264000000000000,2011-07-21T16:00:00Z,476800.0,,74d6db5f-7a91-4f1b-b3d8-785ff2d4e2f9,OrderRole.Standalone,OrderType.Market,_default,,PositionEffect.Open,,476800.0,False,,OrderSide.Buy,OrderStatus.Filled,002460.SZ,,TimeInForce.GTC,,,,1311523200000000000,2011-07-24T16:00:00Z
39.58955,38589.9138625,1311264000000000000,2011-07-21T16:00:00Z,389900.0,,24c7b67e-0cb0-45dd-b130-54b25cda06e0,OrderRole.Standalone,OrderType.Market,_default,,PositionEffect.Open,,389900.0,False,,OrderSide.Buy,OrderStatus.Filled,002466.SZ,,TimeInForce.GTC,,,,1311523200000000000,2011-07-24T16:00:00Z
28.29827,18627.3362275,1311264000000000000,2011-07-21T16:00:00Z,263300.0,,41e03501-bf60-4031-8dd8-f4fe322a0e1a,OrderRole.Standalone,OrderType.Market,_default,,PositionEffect.Open,,263300.0,False,,OrderSide.Buy,OrderStatus.Filled,002180.SZ,,TimeInForce.GTC,,,,1311523200000000000,2011-07-24T16:00:00Z
26.31366,36819.388755,1311523200000000000,2011-07-24T16:00:00Z,559700.0,,14ea21cd-eecd-408f-8586-a3f61c36af76,OrderRole.Standalone,OrderType.Market,_default,,PositionEffect.Close,,559700.0,False,,OrderSide.Sell,OrderStatus.Filled,002180.SZ,,TimeInForce.GTC,,,,1311609600000000000,2011-07-25T16:00:00Z
8.54145,30399.02055,1313683200000000000,2011-08-18T16:00:00Z,1423600.0,,24a626e5-fa33-4b8c-aa8f-f48d2e15a0f9,OrderRole.Standalone,OrderType.Market,_default,,PositionEffect.Close,,1423600.0,False,,OrderSide.Sell,OrderStatus.Filled,000975.SZ,,TimeInForce.GTC,,,,1313942400000000000,2011-08-21T16:00:00Z
19.4805,35961.003,1313683200000000000,2011-08-18T16:00:00Z,738400.0,,0dd588e6-0341-4388-9ba7-dbbadae9cf83,OrderRole.Standalone,OrderType.Market,_default,,PositionEffect.Close,,738400.0,False,,OrderSide.Sell,OrderStatus.Filled,000977.SZ,,TimeInForce.GTC,,,,1313942400000000000,2011-08-21T16:00:00Z
28.5714,34057.1088,1313683200000000000,2011-08-18T16:00:00Z,476800.0,,4b60e1d6-887c-4430-a05e-4bbc4b370b2c,OrderRole.Standalone,OrderType.Market,_default,,PositionEffect.Close,,476800.0,False,,OrderSide.Sell,OrderStatus.Filled,002460.SZ,,TimeInForce.GTC,,,,1313942400000000000,2011-08-21T16:00:00Z
37.51245,36565.2606375,1313683200000000000,2011-08-18T16:00:00Z,389900.0,,73edbd1a-452c-4981-8c45-0de173dfb1df,OrderRole.Standalone,OrderType.Market,_default,,PositionEffect.Close,,389900.0,False,,OrderSide.Sell,OrderStatus.Filled,002466.SZ,,TimeInForce.GTC,,,,1313942400000000000,2011-08-21T16:00:00Z
66.68662,24674.0494,1313683200000000000,2011-08-18T16:00:00Z,148000.0,,7811b574-44af-4466-8dcb-3c4860bb43fe,OrderRole.Standalone,OrderType.Market,_default,,PositionEffect.Open,,148000.0,False,,OrderSide.Buy,OrderStatus.Filled,600132.SH,,TimeInForce.GTC,,,,1313942400000000000,2011-08-21T16:00:00Z
16.2162,25163.48835,1313683200000000000,2011-08-18T16:00:00Z,620700.0,,e345efee-ac49-451a-b0cc-93891f52bff6,OrderRole.Standalone,OrderType.Market,_default,,PositionEffect.Open,,620700.0,False,,OrderSide.Buy,OrderStatus.Filled,600570.SH,,TimeInForce.GTC,,,,1313942400000000000,2011-08-21T16:00:00Z
86.2862,25152.4273,1313683200000000000,2011-08-18T16:00:00Z,116600.0,,1b9b2a64-c5cc-4593-a7d3-e4eaf6721533,OrderRole.Standalone,OrderType.Market,_default,,PositionEffect.Open,,116600.0,False,,OrderSide.Buy,OrderStatus.Filled,600809.SH,,TimeInForce.GTC,,,,1313942400000000000,2011-08-21T16:00:00Z
63.50344,25083.8588,1313683200000000000,2011-08-18T16:00:00Z,158000.0,,ec09f0b8-d520-48a4-97b6-299a3f472783,OrderRole.Standalone,OrderType.Market,_default,,PositionEffect.Open,,158000.0,False,,OrderSide.Buy,OrderStatus.Filled,000538.SZ,,TimeInForce.GTC,,,,1313942400000000000,2011-08-21T16:00:00Z
147.92778,25036.776765,1313683200000000000,2011-08-18T16:00:00Z,67700.0,,ff2e94ac-7e6e-46b8-8d38-bb75c4344291,OrderRole.Standalone,OrderType.Market,_default,,PositionEffect.Open,,67700.0,False,,OrderSide.Buy,OrderStatus.Filled,002304.SZ,,TimeInForce.GTC,,,,1313942400000000000,2011-08-21T16:00:00Z
65.3653,25002.22725,1313683200000000000,2011-08-18T16:00:00Z,153000.0,,c3252a47-2571-4327-9387-537d7e22e919,OrderRole.Standalone,OrderType.Market,_default,,PositionEffect.Open,,153000.0,False,,OrderSide.Buy,OrderStatus.Filled,002371.SZ,,TimeInForce.GTC,,,,1313942400000000000,2011-08-21T16:00:00Z
,0.0,1313683200000000000,2011-08-18T16:00:00Z,0.0,,a979aecf-7d2b-45a5-b5d8-1ff23129252f,OrderRole.Standalone,OrderType.Market,_default,,PositionEffect.Open,,79800.0,False,"Symbol 002601.SZ not tradable (zero volume, suspension) at execution timestamp 1313942400000000000",OrderSide.Buy,OrderStatus.Rejected,002601.SZ,,TimeInForce.GTC,,,,1313942400000000000,2011-08-21T16:00:00Z
58.941,23281.695,1316361600000000000,2011-09-18T16:00:00Z,158000.0,,272c7b98-6a4b-4d13-9875-4b8ac4645052,OrderRole.Standalone,OrderType.Market,_default,,PositionEffect.Close,,158000.0,False,,OrderSide.Sell,OrderStatus.Filled,000538.SZ,,TimeInForce.GTC,,,,1316448000000000000,2011-09-19T16:00:00Z
139.86,23671.305,1316361600000000000,2011-09-18T16:00:00Z,67700.0,,d06a3a69-5244-4762-8219-634150734421,OrderRole.Standalone,OrderType.Market,_default,,PositionEffect.Close,,67700.0,False,,OrderSide.Sell,OrderStatus.Filled,002304.SZ,,TimeInForce.GTC,,,,1316448000000000000,2011-09-19T16:00:00Z
59.55039,22778.024175,1316361600000000000,2011-09-18T16:00:00Z,153000.0,,0032f6c3-7261-44c6-a800-21b3f83224b8,OrderRole.Standalone,OrderType.Market,_default,,PositionEffect.Close,,153000.0,False,,OrderSide.Sell,OrderStatus.Filled,002371.SZ,,TimeInForce.GTC,,,,1316448000000000000,2011-09-19T16:00:00Z
14.5854,22632.89445,1316361600000000000,2011-09-18T16:00:00Z,620700.0,,34d216b4-b7e2-4684-965f-b7f1f0b2ba70,OrderRole.Standalone,OrderType.Market,_default,,PositionEffect.Close,,620700.0,False,,OrderSide.Sell,OrderStatus.Filled,600570.SH,,TimeInForce.GTC,,,,1316448000000000000,2011-09-19T16:00:00Z
79.5204,23180.1966,1316361600000000000,2011-09-18T16:00:00Z,116600.0,,c2f22ec6-c9f4-454b-b53f-fcfc5a97bd81,OrderRole.Standalone,OrderType.Market,_default,,PositionEffect.Close,,116600.0,False,,OrderSide.Sell,OrderStatus.Filled,600809.SH,,TimeInForce.GTC,,,,1316448000000000000,2011-09-19T16:00:00Z
18.49848,33223.27008,1316361600000000000,2011-09-18T16:00:00Z,718400.0,,13f0a395-e29b-450b-827f-9f908151d831,OrderRole.Standalone,OrderType.Market,_default,,PositionEffect.Open,,718400.0,False,,OrderSide.Buy,OrderStatus.Filled,000063.SZ,,TimeInForce.GTC,,,,1316448000000000000,2011-09-19T16:00:00Z
28.86884,33126.9939,1316361600000000000,2011-09-18T16:00:00Z,459000.0,,58d7b78c-3886-4133-9ddd-b7ef557c23a1,OrderRole.Standalone,OrderType.Market,_default,,PositionEffect.Open,,459000.0,False,,OrderSide.Buy,OrderStatus.Filled,002384.SZ,,TimeInForce.GTC,,,,1316448000000000000,2011-09-19T16:00:00Z
10.20019,33346.9711575,1316361600000000000,2011-09-18T16:00:00Z,1307700.0,,800046c8-27e7-4d66-86ae-7a010572d3b2,OrderRole.Standalone,OrderType.Market,_default,,PositionEffect.Open,,1307700.0,False,,OrderSide.Buy,OrderStatus.Filled,600015.SH,,TimeInForce.GTC,,,,1316448000000000000,2011-09-19T16:00:00Z
5.7057,33374.065725,1316361600000000000,2011-09-18T16:00:00Z,2339700.0,,7302c44c-cdeb-4b39-adcd-c6f56c8e702e,OrderRole.Standalone,OrderType.Market,_default,,PositionEffect.Open,,2339700.0,False,,OrderSide.Buy,OrderStatus.Filled,600016.SH,,TimeInForce.GTC,,,,1316448000000000000,2011-09-19T16:00:00Z
67.1671,8194.3862,1316361600000000000,2011-09-18T16:00:00Z,48800.0,,a728445f-ba1e-48a1-acd5-bf5b43801c3a,OrderRole.Standalone,OrderType.Market,_default,,PositionEffect.Open,,48800.0,False,,OrderSide.Buy,OrderStatus.Filled,600132.SH,,TimeInForce.GTC,,,,1316448000000000000,2011-09-19T16:00:00Z
67.90203,33407.79876,1316448000000000000,2011-09-19T16:00:00Z,196800.0,,d7ae1c9b-fa38-49c7-9c5b-69043da91e15,OrderRole.Standalone,OrderType.Market,_default,,PositionEffect.Close,,196800.0,False,,OrderSide.Sell,OrderStatus.Filled,600132.SH,,TimeInForce.GTC,,,,1316534400000000000,2011-09-20T16:00:00Z
16.46352,29568.48192,1319385600000000000,2011-10-23T16:00:00Z,718400.0,,43742164-ba74-40b3-91db-f5285c4e5f35,OrderRole.Standalone,OrderType.Market,_default,,PositionEffect.Close,,718400.0,False,,OrderSide.Sell,OrderStatus.Filled,000063.SZ,,TimeInForce.GTC,,,,1319472000000000000,2011-10-24T16:00:00Z
24.30567,27890.756325,1319385600000000000,2011-10-23T16:00:00Z,459000.0,,a42c8e0f-fdcd-4e12-a52e-8fe4509388a7,OrderRole.Standalone,OrderType.Market,_default,,PositionEffect.Close,,459000.0,False,,OrderSide.Sell,OrderStatus.Filled,002384.SZ,,TimeInForce.GTC,,,,1319472000000000000,2011-10-24T16:00:00Z
11.30868,36970.90209,1319385600000000000,2011-10-23T16:00:00Z,1307700.0,,94c93c77-644d-4411-8bd1-c97338baa0c1,OrderRole.Standalone,OrderType.Market,_default,,PositionEffect.Close,,1307700.0,False,,OrderSide.Sell,OrderStatus.Filled,600015.SH,,TimeInForce.GTC,,,,1319472000000000000,2011-10-24T16:00:00Z
5.94405,34768.2344625,1319385600000000000,2011-10-23T16:00:00Z,2339700.0,,911f6e4d-44ee-410f-bd0b-6348d5796511,OrderRole.Standalone,OrderType.Market,_default,,PositionEffect.Close,,2339700.0,False,,OrderSide.Sell,OrderStatus.Filled,600016.SH,,TimeInForce.GTC,,,,1319472000000000000,2011-10-24T16:00:00Z
2.77277,32691.6514925,1319385600000000000,2011-10-23T16:00:00Z,4716100.0,,6e220001-a9f7-425d-a65d-cb5326ca3fa3,OrderRole.Standalone,OrderType.Market,_default,,PositionEffect.Open,,4716100.0,False,,OrderSide.Buy,OrderStatus.Filled,600027.SH,,TimeInForce.GTC,,,,1319472000000000000,2011-10-24T16:00:00Z
7.05705,32644.1490375,1319385600000000000,2011-10-23T16:00:00Z,1850300.0,,8f7314eb-fde1-46ea-9599-4af4a8d5c72a,OrderRole.Standalone,OrderType.Market,_default,,PositionEffect.Open,,1850300.0,False,,OrderSide.Buy,OrderStatus.Filled,600028.SH,,TimeInForce.GTC,,,,1319472000000000000,2011-10-24T16:00:00Z
4.63463,32480.6456975,1319385600000000000,2011-10-23T16:00:00Z,2803300.0,,52212205-997f-4fb6-b26d-566d81a9764a,OrderRole.Standalone,OrderType.Market,_default,,PositionEffect.Open,,2803300.0,False,,OrderSide.Buy,OrderStatus.Filled,601328.SH,,TimeInForce.GTC,,,,1319472000000000000,2011-10-24T16:00:00Z
3.003,32582.55,1319385600000000000,2011-10-23T16:00:00Z,4340000.0,,a3a89135-4ad5-4ba3-ba4f-2330404d928a,OrderRole.Standalone,OrderType.Market,_default,,PositionEffect.Open,,4340000.0,False,,OrderSide.Buy,OrderStatus.Filled,601390.SH,,TimeInForce.GTC,,,,1319472000000000000,2011-10-24T16:00:00Z
2.99299,32582.4373875,1319385600000000000,2011-10-23T16:00:00Z,4354500.0,,5cc45844-0b74-44d0-8e36-0bc1434f1055,OrderRole.Standalone,OrderType.Market,_default,,PositionEffect.Open,,4354500.0,False,,OrderSide.Buy,OrderStatus.Filled,601988.SH,,TimeInForce.GTC,,,,1319472000000000000,2011-10-24T16:00:00Z
3.07692,36277.65603,1321804800000000000,2011-11-20T16:00:00Z,4716100.0,,c6491442-0aac-481c-9693-0a4c541aca27,OrderRole.Standalone,OrderType.Market,_default,,PositionEffect.Close,,4716100.0,False,,OrderSide.Sell,OrderStatus.Filled,600027.SH,,TimeInForce.GTC,,,,1321891200000000000,2011-11-21T16:00:00Z
7.23276,33456.93957,1321804800000000000,2011-11-20T16:00:00Z,1850300.0,,6cfaa96f-b530-4ed6-af8c-5908ee3cebdb,OrderRole.Standalone,OrderType.Market,_default,,PositionEffect.Close,,1850300.0,False,,OrderSide.Sell,OrderStatus.Filled,600028.SH,,TimeInForce.GTC,,,,1321891200000000000,2011-11-21T16:00:00Z
4.66533,32695.7989725,1321804800000000000,2011-11-20T16:00:00Z,2803300.0,,ca8ed9b7-bdc9-4f6f-ae80-9665eb77b30c,OrderRole.Standalone,OrderType.Market,_default,,PositionEffect.Close,,2803300.0,False,,OrderSide.Sell,OrderStatus.Filled,601328.SH,,TimeInForce.GTC,,,,1321891200000000000,2011-11-21T16:00:00Z
3.01698,32734.233,1321804800000000000,2011-11-20T16:00:00Z,4340000.0,,4a463243-4d23-4704-b065-08d2a77f8455,OrderRole.Standalone,OrderType.Market,_default,,PositionEffect.Close,,4340000.0,False,,OrderSide.Sell,OrderStatus.Filled,601390.SH,,TimeInForce.GTC,,,,1321891200000000000,2011-11-21T16:00:00Z
2.90709,31647.3085125,1321804800000000000,2011-11-20T16:00:00Z,4354500.0,,64107a53-4264-4a9c-b090-97e43de7151c,OrderRole.Standalone,OrderType.Market,_default,,PositionEffect.Close,,4354500.0,False,,OrderSide.Sell,OrderStatus.Filled,601988.SH,,TimeInForce.GTC,,,,1321891200000000000,2011-11-21T16:00:00Z
17.9179,33103.32025,1321804800000000000,2011-11-20T16:00:00Z,739000.0,,3f63d838-47b8-4284-a1d3-ce8f58d3bc91,OrderRole.Standalone,OrderType.Market,_default,,PositionEffect.Open,,739000.0,False,,OrderSide.Buy,OrderStatus.Filled,000651.SZ,,TimeInForce.GTC,,,,1321891200000000000,2011-11-21T16:00:00Z
140.05992,33159.18606,1321804800000000000,2011-11-20T16:00:00Z,94700.0,,b6f37e26-ea86-46f9-9b49-28cdc1850760,OrderRole.Standalone,OrderType.Market,_default,,PositionEffect.Open,,94700.0,False,,OrderSide.Buy,OrderStatus.Filled,002304.SZ,,TimeInForce.GTC,,,,1321891200000000000,2011-11-21T16:00:00Z
17.06705,32939.4065,1321804800000000000,2011-11-20T16:00:00Z,772000.0,,e2732986-1041-4520-89e8-34f07ebaffe7,OrderRole.Standalone,OrderType.Market,_default,,PositionEffect.Open,,772000.0,False,,OrderSide.Buy,OrderStatus.Filled,600585.SH,,TimeInForce.GTC,,,,1321891200000000000,2011-11-21T16:00:00Z
8.9089,32827.069275,1321804800000000000,2011-11-20T16:00:00Z,1473900.0,,0f3e16ea-550b-4246-b397-272605ffa68d,OrderRole.Standalone,OrderType.Market,_default,,PositionEffect.Open,,1473900.0,False,,OrderSide.Buy,OrderStatus.Filled,600690.SH,,TimeInForce.GTC,,,,1321891200000000000,2011-11-21T16:00:00Z
10.06005,33102.594525,1321804800000000000,2011-11-20T16:00:00Z,1316200.0,,73faa78e-5004-482a-ba8d-7c23371162ca,OrderRole.Standalone,OrderType.Market,_default,,PositionEffect.Open,,1316200.0,False,,OrderSide.Buy,OrderStatus.Filled,600760.SH,,TimeInForce.GTC,,,,1321891200000000000,2011-11-21T16:00:00Z
16.87311,31173.070725,1324224000000000000,2011-12-18T16:00:00Z,739000.0,,d5307e5b-67b3-4a08-8fc0-6e3190599816,OrderRole.Standalone,OrderType.Market,_default,,PositionEffect.Close,,739000.0,False,,OrderSide.Sell,OrderStatus.Filled,000651.SZ,,TimeInForce.GTC,,,,1324310400000000000,2011-12-19T16:00:00Z
133.68618,14638.63671,1324224000000000000,2011-12-18T16:00:00Z,43800.0,,a43febdb-91c2-4af5-8ab6-c264f55a8025,OrderRole.Standalone,OrderType.Market,_default,,PositionEffect.Close,,43800.0,False,,OrderSide.Sell,OrderStatus.Filled,002304.SZ,,TimeInForce.GTC,,,,1324310400000000000,2011-12-19T16:00:00Z
15.06492,29075.2956,1324224000000000000,2011-12-18T16:00:00Z,772000.0,,7507b21a-8739-45b6-9712-42a4167a489e,OrderRole.Standalone,OrderType.Market,_default,,PositionEffect.Close,,772000.0,False,,OrderSide.Sell,OrderStatus.Filled,600585.SH,,TimeInForce.GTC,,,,1324310400000000000,2011-12-19T16:00:00Z
8.32167,30663.2735325,1324224000000000000,2011-12-18T16:00:00Z,1473900.0,,5054d7a4-7dc8-459a-8fec-3c79ffa38243,OrderRole.Standalone,OrderType.Market,_default,,PositionEffect.Close,,1473900.0,False,,OrderSide.Sell,OrderStatus.Filled,600690.SH,,TimeInForce.GTC,,,,1324310400000000000,2011-12-19T16:00:00Z
8.8911,29256.16455,1324224000000000000,2011-12-18T16:00:00Z,1316200.0,,ee9cd489-a3bf-4bfb-adc1-349271fdc022,OrderRole.Standalone,OrderType.Market,_default,,PositionEffect.Close,,1316200.0,False,,OrderSide.Sell,OrderStatus.Filled,600760.SH,,TimeInForce.GTC,,,,1324310400000000000,2011-12-19T16:00:00Z
2.69269,17033.2837675,1324224000000000000,2011-12-18T16:00:00Z,2530300.0,,37a819f2-7784-4bd9-9d9c-dfadc5af43d5,OrderRole.Standalone,OrderType.Market,_default,,PositionEffect.Open,,2530300.0,False,,OrderSide.Buy,OrderStatus.Filled,600795.SH,,TimeInForce.GTC,,,,1324310400000000000,2011-12-19T16:00:00Z
72.13206,16896.935055,1324224000000000000,2011-12-18T16:00:00Z,93700.0,,88dacb70-c0e6-46ec-9faa-cf6011e4ad9e,OrderRole.Standalone,OrderType.Market,_default,,PositionEffect.Open,,93700.0,False,,OrderSide.Buy,OrderStatus.Filled,000895.SZ,,TimeInForce.GTC,,,,1324310400000000000,2011-12-19T16:00:00Z
48.9489,17021.979975,1324224000000000000,2011-12-18T16:00:00Z,139100.0,,92120dd9-ff9c-4219-baf4-6c2065d832b7,OrderRole.Standalone,OrderType.Market,_default,,PositionEffect.Open,,139100.0,False,,OrderSide.Buy,OrderStatus.Filled,002236.SZ,,TimeInForce.GTC,,,,1324310400000000000,2011-12-19T16:00:00Z
71.8718,17123.45635,1324224000000000000,2011-12-18T16:00:00Z,95300.0,,a1ce25b2-d6d7-4cce-b2db-29667ef4c532,OrderRole.Standalone,OrderType.Market,_default,,PositionEffect.Open,,95300.0,False,,OrderSide.Buy,OrderStatus.Filled,002353.SZ,,TimeInForce.GTC,,,,1324310400000000000,2011-12-19T16:00:00Z
101.36126,17003.351365,1324224000000000000,2011-12-18T16:00:00Z,67100.0,,98f67bd4-d034-4104-9239-a537b23cdeb5,OrderRole.Standalone,OrderType.Market,_default,,PositionEffect.Open,,67100.0,False,,OrderSide.Buy,OrderStatus.Filled,002601.SZ,,TimeInForce.GTC,,,,1324310400000000000,2011-12-19T16:00:00Z
23.59357,16739.637915,1324224000000000000,2011-12-18T16:00:00Z,283800.0,,39e8c259-869e-4b63-b676-f29dad979115,OrderRole.Standalone,OrderType.Market,_default,,PositionEffect.Open,,283800.0,False,,OrderSide.Buy,OrderStatus.Filled,600066.SH,,TimeInForce.GTC,,,,1324310400000000000,2011-12-19T16:00:00Z
77.23716,17030.79378,1324224000000000000,2011-12-18T16:00:00Z,88200.0,,0c4a1238-07cb-4805-a540-4a75c82e35fa,OrderRole.Standalone,OrderType.Market,_default,,PositionEffect.Open,,88200.0,False,,OrderSide.Buy,OrderStatus.Filled,600436.SH,,TimeInForce.GTC,,,,1324310400000000000,2011-12-19T16:00:00Z
201.201,17001.4845,1324224000000000000,2011-12-18T16:00:00Z,33800.0,,80104083-db17-4082-beed-fe55ca59db32,OrderRole.Standalone,OrderType.Market,_default,,PositionEffect.Open,,33800.0,False,,OrderSide.Buy,OrderStatus.Filled,600519.SH,,TimeInForce.GTC,,,,1324310400000000000,2011-12-19T16:00:00Z
131.90796,16785.28791,1324310400000000000,2011-12-19T16:00:00Z,50900.0,,eb8e9a0a-b2c9-476c-ae67-58050f14596f,OrderRole.Standalone,OrderType.Market,_default,,PositionEffect.Close,,50900.0,False,,OrderSide.Sell,OrderStatus.Filled,002304.SZ,,TimeInForce.GTC,,,,1324396800000000000,2011-12-20T16:00:00Z
63.4365,14860.000125,1326816000000000000,2012-01-17T16:00:00Z,93700.0,,f775d13b-ccd5-46b6-9056-4a68eef9d945,OrderRole.Standalone,OrderType.Market,_default,,PositionEffect.Close,,93700.0,False,,OrderSide.Sell,OrderStatus.Filled,000895.SZ,,TimeInForce.GTC,,,,1326902400000000000,2012-01-18T16:00:00Z
39.7602,13826.60955,1326816000000000000,2012-01-17T16:00:00Z,139100.0,,5e76cca8-b5b2-458f-8323-41a1d7d1121e,OrderRole.Standalone,OrderType.Market,_default,,PositionEffect.Close,,139100.0,False,,OrderSide.Sell,OrderStatus.Filled,002236.SZ,,TimeInForce.GTC,,,,1326902400000000000,2012-01-18T16:00:00Z
59.40054,14152.178655,1326816000000000000,2012-01-17T16:00:00Z,95300.0,,56e89928-e06b-4b10-97f9-db857682dcca,OrderRole.Standalone,OrderType.Market,_default,,PositionEffect.Close,,95300.0,False,,OrderSide.Sell,OrderStatus.Filled,002353.SZ,,TimeInForce.GTC,,,,1326902400000000000,2012-01-18T16:00:00Z
88.92099,14916.4960725,1326816000000000000,2012-01-17T16:00:00Z,67100.0,,25d7fe24-8391-47b9-9389-040b04e3166d,OrderRole.Standalone,OrderType.Market,_default,,PositionEffect.Close,,67100.0,False,,OrderSide.Sell,OrderStatus.Filled,002601.SZ,,TimeInForce.GTC,,,,1326902400000000000,2012-01-18T16:00:00Z
24.03594,17053.49943,1326816000000000000,2012-01-17T16:00:00Z,283800.0,,6c54fd67-bab4-4d18-82de-7c8c6d63438e,OrderRole.Standalone,OrderType.Market,_default,,PositionEffect.Close,,283800.0,False,,OrderSide.Sell,OrderStatus.Filled,600066.SH,,TimeInForce.GTC,,,,1326902400000000000,2012-01-18T16:00:00Z
62.1378,13701.3849,1326816000000000000,2012-01-17T16:00:00Z,88200.0,,c73cf890-fdcd-48f2-9a05-81fbd87dba2b,OrderRole.Standalone,OrderType.Market,_default,,PositionEffect.Close,,88200.0,False,,OrderSide.Sell,OrderStatus.Filled,600436.SH,,TimeInForce.GTC,,,,1326902400000000000,2012-01-18T16:00:00Z
177.71211,1066.27266,1326816000000000000,2012-01-17T16:00:00Z,2400.0,,9f1fe2a1-5d6a-4dd8-9b4e-fff926acaf7f,OrderRole.Standalone,OrderType.Market,_default,,PositionEffect.Close,,2400.0,False,,OrderSide.Sell,OrderStatus.Filled,600519.SH,,TimeInForce.GTC,,,,1326902400000000000,2012-01-18T16:00:00Z
2.78721,17631.1936575,1326816000000000000,2012-01-17T16:00:00Z,2530300.0,,640f48fa-74a2-4d0a-9672-ecd8ee99d51d,OrderRole.Standalone,OrderType.Market,_default,,PositionEffect.Close,,2530300.0,False,,OrderSide.Sell,OrderStatus.Filled,600795.SH,,TimeInForce.GTC,,,,1326902400000000000,2012-01-18T16:00:00Z
13.50349,13965.9845325,1326816000000000000,2012-01-17T16:00:00Z,413700.0,,72336315-84ed-4f5d-bafa-d48f95429c9c,OrderRole.Standalone,OrderType.Market,_default,,PositionEffect.Open,,413700.0,False,,OrderSide.Buy,OrderStatus.Filled,601166.SH,,TimeInForce.GTC,,,,1326902400000000000,2012-01-18T16:00:00Z
37.54751,13920.7393325,1326816000000000000,2012-01-17T16:00:00Z,148300.0,,bb7132da-d632-4450-9cc9-8a677ef80aa0,OrderRole.Standalone,OrderType.Market,_default,,PositionEffect.Open,,148300.0,False,,OrderSide.Buy,OrderStatus.Filled,601318.SH,,TimeInForce.GTC,,,,1326902400000000000,2012-01-18T16:00:00Z
4.76476,13904.76087,1326816000000000000,2012-01-17T16:00:00Z,1167300.0,,19551029-115f-4c05-950f-597a6416b626,OrderRole.Standalone,OrderType.Market,_default,,PositionEffect.Open,,1167300.0,False,,OrderSide.Buy,OrderStatus.Filled,601328.SH,,TimeInForce.GTC,,,,1326902400000000000,2012-01-18T16:00:00Z
4.31431,13905.02113,1326816000000000000,2012-01-17T16:00:00Z,1289200.0,,00a3fc94-f456-48bb-82a9-2a8f305f0f71,OrderRole.Standalone,OrderType.Market,_default,,PositionEffect.Open,,1289200.0,False,,OrderSide.Buy,OrderStatus.Filled,601398.SH,,TimeInForce.GTC,,,,1326902400000000000,2012-01-18T16:00:00Z
2.98298,13905.16127,1326816000000000000,2012-01-17T16:00:00Z,1864600.0,,aa9a39a8-5813-4f06-94b9-f3e682834edf,OrderRole.Standalone,OrderType.Market,_default,,PositionEffect.Open,,1864600.0,False,,OrderSide.Buy,OrderStatus.Filled,601988.SH,,TimeInForce.GTC,,,,1326902400000000000,2012-01-18T16:00:00Z
46.6466,13842.37855,1326816000000000000,2012-01-17T16:00:00Z,118700.0,,6b16dc58-f7fd-449f-8420-9a06970d17a3,OrderRole.Standalone,OrderType.Market,_default,,PositionEffect.Open,,118700.0,False,,OrderSide.Buy,OrderStatus.Filled,000538.SZ,,TimeInForce.GTC,,,,1326902400000000000,2012-01-18T16:00:00Z
14.67466,13863.885035,1326816000000000000,2012-01-17T16:00:00Z,377900.0,,3757f589-d43f-463a-b71c-2da1fca5354a,OrderRole.Standalone,OrderType.Market,_default,,PositionEffect.Open,,377900.0,False,,OrderSide.Buy,OrderStatus.Filled,000999.SZ,,TimeInForce.GTC,,,,1326902400000000000,2012-01-18T16:00:00Z
7.6076,13940.927,1326816000000000000,2012-01-17T16:00:00Z,733000.0,,23d38bac-5c1b-4290-9aae-f718c5c55bf7,OrderRole.Standalone,OrderType.Market,_default,,PositionEffect.Open,,733000.0,False,,OrderSide.Buy,OrderStatus.Filled,600028.SH,,TimeInForce.GTC,,,,1326902400000000000,2012-01-18T16:00:00Z
12.53252,13904.83094,1326816000000000000,2012-01-17T16:00:00Z,443800.0,,1cf8841c-ce7c-4dc6-9011-05a782efe7a0,OrderRole.Standalone,OrderType.Market,_default,,PositionEffect.Open,,443800.0,False,,OrderSide.Buy,OrderStatus.Filled,600036.SH,,TimeInForce.GTC,,,,1326902400000000000,2012-01-18T16:00:00Z
181.818,14272.713,1326902400000000000,2012-01-18T16:00:00Z,31400.0,,f0af2819-fad0-4dae-b1ae-2516ec33d7b2,OrderRole.Standalone,OrderType.Market,_default,,PositionEffect.Close,,31400.0,False,,OrderSide.Sell,OrderStatus.Filled,600519.SH,,TimeInForce.GTC,,,,1326988800000000000,2012-01-19T16:00:00Z
50.46948,542.54691,1329840000000000000,2012-02-21T16:00:00Z,4300.0,,ae63500b-2aa8-4d6c-aa59-2413652d9a21,OrderRole.Standalone,OrderType.Market,_default,,PositionEffect.Close,,4300.0,False,,OrderSide.Sell,OrderStatus.Filled,000538.SZ,,TimeInForce.GTC,,,,1329926400000000000,2012-02-22T16:00:00Z
16.4835,15572.786625,1329840000000000000,2012-02-21T16:00:00Z,377900.0,,595f1d2b-e64b-44ac-88bf-2fd80d0c8f1a,OrderRole.Standalone,OrderType.Market,_default,,PositionEffect.Close,,377900.0,False,,OrderSide.Sell,OrderStatus.Filled,000999.SZ,,TimeInForce.GTC,,,,1329926400000000000,2012-02-22T16:00:00Z
12.76722,14165.23059,1329840000000000000,2012-02-21T16:00:00Z,443800.0,,0534e748-f520-4d80-b136-3e9f52ac82c6,OrderRole.Standalone,OrderType.Market,_default,,PositionEffect.Close,,443800.0,False,,OrderSide.Sell,OrderStatus.Filled,600036.SH,,TimeInForce.GTC,,,,1329926400000000000,2012-02-22T16:00:00Z
14.0859,14568.342075,1329840000000000000,2012-02-21T16:00:00Z,413700.0,,ad7998e6-8ed1-4919-993e-ae862d6570a1,OrderRole.Standalone,OrderType.Market,_default,,PositionEffect.Close,,413700.0,False,,OrderSide.Sell,OrderStatus.Filled,601166.SH,,TimeInForce.GTC,,,,1329926400000000000,2012-02-22T16:00:00Z
40.94901,15181.8454575,1329840000000000000,2012-02-21T16:00:00Z,148300.0,,6985c673-1339-417a-9e8b-5cae75261d47,OrderRole.Standalone,OrderType.Market,_default,,PositionEffect.Close,,148300.0,False,,OrderSide.Sell,OrderStatus.Filled,601318.SH,,TimeInForce.GTC,,,,1329926400000000000,2012-02-22T16:00:00Z
4.94505,14430.8921625,1329840000000000000,2012-02-21T16:00:00Z,1167300.0,,9ca10402-9dcd-4edd-ac48-de046e3b15e4,OrderRole.Standalone,OrderType.Market,_default,,PositionEffect.Close,,1167300.0,False,,OrderSide.Sell,OrderStatus.Filled,601328.SH,,TimeInForce.GTC,,,,1329926400000000000,2012-02-22T16:00:00Z
3.04695,14203.357425,1329840000000000000,2012-02-21T16:00:00Z,1864600.0,,1a6e71b8-acc4-4d5d-9297-c7e58df70b98,OrderRole.Standalone,OrderType.Market,_default,,PositionEffect.Close,,1864600.0,False,,OrderSide.Sell,OrderStatus.Filled,601988.SH,,TimeInForce.GTC,,,,1329926400000000000,2012-02-22T16:00:00Z
,0.0,1329840000000000000,2012-02-21T16:00:00Z,0.0,,d713a7a9-34e1-45f9-b726-e148dd96599a,OrderRole.Standalone,OrderType.Market,_default,,PositionEffect.Close,,1289200.0,False,"Symbol 601398.SH not tradable (zero volume, suspension) at execution timestamp 1329926400000000000",OrderSide.Sell,OrderStatus.Rejected,601398.SH,,TimeInForce.GTC,,,,1329926400000000000,2012-02-22T16:00:00Z
16.63662,14428.108695,1329840000000000000,2012-02-21T16:00:00Z,346900.0,,4fe42e76-3a60-4b60-a564-cd3e3405e073,OrderRole.Standalone,OrderType.Market,_default,,PositionEffect.Open,,346900.0,False,,OrderSide.Buy,OrderStatus.Filled,000001.SZ,,TimeInForce.GTC,,,,1329926400000000000,2012-02-22T16:00:00Z
14.2142,14367.00265,1329840000000000000,2012-02-21T16:00:00Z,404300.0,,6e6ac2b0-b12d-4978-8c99-5ea2dd23a34e,OrderRole.Standalone,OrderType.Market,_default,,PositionEffect.Open,,404300.0,False,,OrderSide.Buy,OrderStatus.Filled,002129.SZ,,TimeInForce.GTC,,,,1329926400000000000,2012-02-22T16:00:00Z
22.28226,14455.616175,1329840000000000000,2012-02-21T16:00:00Z,259500.0,,857fe4f8-ecc2-4526-b4c2-e9913a487b08,OrderRole.Standalone,OrderType.Market,_default,,PositionEffect.Open,,259500.0,False,,OrderSide.Buy,OrderStatus.Filled,300015.SZ,,TimeInForce.GTC,,,,1329926400000000000,2012-02-22T16:00:00Z
11.50149,14402.7408525,1329840000000000000,2012-02-21T16:00:00Z,500900.0,,36dc15aa-4cf3-46ea-beac-017c0686d6d7,OrderRole.Standalone,OrderType.Market,_default,,PositionEffect.Open,,500900.0,False,,OrderSide.Buy,OrderStatus.Filled,600015.SH,,TimeInForce.GTC,,,,1329926400000000000,2012-02-22T16:00:00Z
35.41538,14378.64428,1329840000000000000,2012-02-21T16:00:00Z,162400.0,,269c05b5-8cb6-4d8d-a0d1-7beacaca3f40,OrderRole.Standalone,OrderType.Market,_default,,PositionEffect.Open,,162400.0,False,,OrderSide.Buy,OrderStatus.Filled,600132.SH,,TimeInForce.GTC,,,,1329926400000000000,2012-02-22T16:00:00Z
5.16516,14373.34899,1329840000000000000,2012-02-21T16:00:00Z,1113100.0,,1bd2121e-ebd5-43bf-908f-83e72b5c422c,OrderRole.Standalone,OrderType.Market,_default,,PositionEffect.Open,,1113100.0,False,,OrderSide.Buy,OrderStatus.Filled,600515.SH,,TimeInForce.GTC,,,,1329926400000000000,2012-02-22T16:00:00Z
6.08608,14430.09568,1329840000000000000,2012-02-21T16:00:00Z,948400.0,,8140b50c-e423-407c-920e-18b88636c14b,OrderRole.Standalone,OrderType.Market,_default,,PositionEffect.Open,,948400.0,False,,OrderSide.Buy,OrderStatus.Filled,600886.SH,,TimeInForce.GTC,,,,1329926400000000000,2012-02-22T16:00:00Z
7.51751,14409.1872925,1329840000000000000,2012-02-21T16:00:00Z,766700.0,,0a6e1811-b870-4b3d-a146-45bd6a17a221,OrderRole.Standalone,OrderType.Market,_default,,PositionEffect.Open,,766700.0,False,,OrderSide.Buy,OrderStatus.Filled,601006.SH,,TimeInForce.GTC,,,,1329926400000000000,2012-02-22T16:00:00Z
7.57757,524.7467225,1329840000000000000,2012-02-21T16:00:00Z,27700.0,,715c81d9-63a0-4517-bd1c-64bb5c072b17,OrderRole.Standalone,OrderType.Market,_default,,PositionEffect.Open,,27700.0,False,,OrderSide.Buy,OrderStatus.Filled,600028.SH,,TimeInForce.GTC,,,,1329926400000000000,2012-02-22T16:00:00Z
51.06888,14605.69968,1329926400000000000,2012-02-22T16:00:00Z,114400.0,,66bd1b9a-f14e-4534-99c4-13de5626cc2d,OrderRole.Standalone,OrderType.Market,_default,,PositionEffect.Close,,114400.0,False,,OrderSide.Sell,OrderStatus.Filled,000538.SZ,,TimeInForce.GTC,,,,1330012800000000000,2012-02-23T16:00:00Z
7.5924,14438.8467,1329926400000000000,2012-02-22T16:00:00Z,760700.0,,73f04990-f1d9-4dfe-a61e-4d68cfc24122,OrderRole.Standalone,OrderType.Market,_default,,PositionEffect.Close,,760700.0,False,,OrderSide.Sell,OrderStatus.Filled,600028.SH,,TimeInForce.GTC,,,,1330012800000000000,2012-02-23T16:00:00Z
16.09389,13957.4261025,1332259200000000000,2012-03-20T16:00:00Z,346900.0,,38d0efee-9aa8-4903-aa87-971bd967ab94,OrderRole.Standalone,OrderType.Market,_default,,PositionEffect.Close,,346900.0,False,,OrderSide.Sell,OrderStatus.Filled,000001.SZ,,TimeInForce.GTC,,,,1332345600000000000,2012-03-21T16:00:00Z
14.07591,14227.2260325,1332259200000000000,2012-03-20T16:00:00Z,404300.0,,7408c7ac-5f56-4c56-97f7-43f811bfd2c8,OrderRole.Standalone,OrderType.Market,_default,,PositionEffect.Close,,404300.0,False,,OrderSide.Sell,OrderStatus.Filled,002129.SZ,,TimeInForce.GTC,,,,1332345600000000000,2012-03-21T16:00:00Z
21.75822,14115.645225,1332259200000000000,2012-03-20T16:00:00Z,259500.0,,69ff5b34-6651-45a3-9fb7-e68767191008,OrderRole.Standalone,OrderType.Market,_default,,PositionEffect.Close,,259500.0,False,,OrderSide.Sell,OrderStatus.Filled,300015.SZ,,TimeInForce.GTC,,,,1332345600000000000,2012-03-21T16:00:00Z
10.83915,13573.3255875,1332259200000000000,2012-03-20T16:00:00Z,500900.0,,bbad4af4-176b-4fc6-94a9-0eb0c565ef51,OrderRole.Standalone,OrderType.Market,_default,,PositionEffect.Close,,500900.0,False,,OrderSide.Sell,OrderStatus.Filled,600015.SH,,TimeInForce.GTC,,,,1332345600000000000,2012-03-21T16:00:00Z
5.57442,15512.217255,1332259200000000000,2012-03-20T16:00:00Z,1113100.0,,38efb132-4732-4f1e-8601-490c4d9716ed,OrderRole.Standalone,OrderType.Market,_default,,PositionEffect.Close,,1113100.0,False,,OrderSide.Sell,OrderStatus.Filled,600515.SH,,TimeInForce.GTC,,,,1332345600000000000,2012-03-21T16:00:00Z
6.26373,14851.30383,1332259200000000000,2012-03-20T16:00:00Z,948400.0,,7d355709-e7be-4bbb-b370-85a121271fe3,OrderRole.Standalone,OrderType.Market,_default,,PositionEffect.Close,,948400.0,False,,OrderSide.Sell,OrderStatus.Filled,600886.SH,,TimeInForce.GTC,,,,1332345600000000000,2012-03-21T16:00:00Z
7.44255,14265.5077125,1332259200000000000,2012-03-20T16:00:00Z,766700.0,,d7db2a37-a6ab-4afd-b7f8-7c755d00f842,OrderRole.Standalone,OrderType.Market,_default,,PositionEffect.Close,,766700.0,False,,OrderSide.Sell,OrderStatus.Filled,601006.SH,,TimeInForce.GTC,,,,1332345600000000000,2012-03-21T16:00:00Z
4.30569,13877.23887,1332259200000000000,2012-03-20T16:00:00Z,1289200.0,,f69abb4b-cc2a-4d7a-8493-6a10751e7000,OrderRole.Standalone,OrderType.Market,_default,,PositionEffect.Close,,1289200.0,False,,OrderSide.Sell,OrderStatus.Filled,601398.SH,,TimeInForce.GTC,,,,1332345600000000000,2012-03-21T16:00:00Z
16.2162,14310.7965,1332259200000000000,2012-03-20T16:00:00Z,353000.0,,15283d91-37ff-4941-8952-fb74e6d23677,OrderRole.Standalone,OrderType.Market,_default,,PositionEffect.Open,,353000.0,False,,OrderSide.Buy,OrderStatus.Filled,002180.SZ,,TimeInForce.GTC,,,,1332345600000000000,2012-03-21T16:00:00Z
37.88785,14122.6960875,1332259200000000000,2012-03-20T16:00:00Z,149100.0,,318510fa-cd15-4f38-842d-eb6a553f7b9f,OrderRole.Standalone,OrderType.Market,_default,,PositionEffect.Open,,149100.0,False,,OrderSide.Buy,OrderStatus.Filled,002230.SZ,,TimeInForce.GTC,,,,1332345600000000000,2012-03-21T16:00:00Z
11.7117,14267.778525,1332259200000000000,2012-03-20T16:00:00Z,487300.0,,e9fd6bb7-20fb-465c-9ad9-45ab56bead95,OrderRole.Standalone,OrderType.Market,_default,,PositionEffect.Open,,487300.0,False,,OrderSide.Buy,OrderStatus.Filled,002459.SZ,,TimeInForce.GTC,,,,1332345600000000000,2012-03-21T16:00:00Z
19.5195,14122.35825,1332259200000000000,2012-03-20T16:00:00Z,289400.0,,d87b6e2f-03b7-4d56-b019-2beb4b1aefed,OrderRole.Standalone,OrderType.Market,_default,,PositionEffect.Open,,289400.0,False,,OrderSide.Buy,OrderStatus.Filled,002532.SZ,,TimeInForce.GTC,,,,1332345600000000000,2012-03-21T16:00:00Z
17.13712,14013.87988,1332259200000000000,2012-03-20T16:00:00Z,327100.0,,cecba994-d657-4347-8ef1-fae65572e112,OrderRole.Standalone,OrderType.Market,_default,,PositionEffect.Open,,327100.0,False,,OrderSide.Buy,OrderStatus.Filled,002600.SZ,,TimeInForce.GTC,,,,1332345600000000000,2012-03-21T16:00:00Z
54.70465,14059.09505,1332259200000000000,2012-03-20T16:00:00Z,102800.0,,a980be23-4606-4755-876b-53248608111d,OrderRole.Standalone,OrderType.Market,_default,,PositionEffect.Open,,102800.0,False,,OrderSide.Buy,OrderStatus.Filled,002648.SZ,,TimeInForce.GTC,,,,1332345600000000000,2012-03-21T16:00:00Z
27.027,14493.22875,1332259200000000000,2012-03-20T16:00:00Z,214500.0,,f1b773a0-6d8d-4b51-b840-44a1ee00a686,OrderRole.Standalone,OrderType.Market,_default,,PositionEffect.Open,,214500.0,False,,OrderSide.Buy,OrderStatus.Filled,300274.SZ,,TimeInForce.GTC,,,,1332345600000000000,2012-03-21T16:00:00Z
70.07,14084.07,1332259200000000000,2012-03-20T16:00:00Z,80400.0,,df2c0eb0-c796-4737-b5da-310c3c1ca8a0,OrderRole.Standalone,OrderType.Market,_default,,PositionEffect.Open,,80400.0,False,,OrderSide.Buy,OrderStatus.Filled,600111.SH,,TimeInForce.GTC,,,,1332345600000000000,2012-03-21T16:00:00Z
8.05805,15556.065525,1332259200000000000,2012-03-20T16:00:00Z,772200.0,,ac7bf99b-2bf1-4b95-9e60-7935a1fb27d7,OrderRole.Standalone,OrderType.Market,_default,,PositionEffect.Open,,772200.0,False,,OrderSide.Buy,OrderStatus.Filled,600745.SH,,TimeInForce.GTC,,,,1332345600000000000,2012-03-21T16:00:00Z
31.44141,1375.5616875,1332259200000000000,2012-03-20T16:00:00Z,17500.0,,6f3a9b71-ff13-4d0f-aab3-e182a35e3ebb,OrderRole.Standalone,OrderType.Market,_default,,PositionEffect.Open,,17500.0,False,,OrderSide.Buy,OrderStatus.Filled,600132.SH,,TimeInForce.GTC,,,,1332345600000000000,2012-03-21T16:00:00Z
30.93903,13914.8287425,1332345600000000000,2012-03-21T16:00:00Z,179900.0,,180f3917-04e7-4984-8a3a-4692c3ce5eb9,OrderRole.Standalone,OrderType.Market,_default,,PositionEffect.Close,,179900.0,False,,OrderSide.Sell,OrderStatus.Filled,600132.SH,,TimeInForce.GTC,,,,1332432000000000000,2012-03-22T16:00:00Z
12.3876,10932.057,1335110400000000000,2012-04-22T16:00:00Z,353000.0,,8beb8015-d632-4dec-a56d-69d9d5a11918,OrderRole.Standalone,OrderType.Market,_default,,PositionEffect.Close,,353000.0,False,,OrderSide.Sell,OrderStatus.Filled,002180.SZ,,TimeInForce.GTC,,,,1335196800000000000,2012-04-23T16:00:00Z
36.17379,13483.7802225,1335110400000000000,2012-04-22T16:00:00Z,149100.0,,f038a042-c336-4192-aed2-b4ff3c80b9b3,OrderRole.Standalone,OrderType.Market,_default,,PositionEffect.Close,,149100.0,False,,OrderSide.Sell,OrderStatus.Filled,002230.SZ,,TimeInForce.GTC,,,,1335196800000000000,2012-04-23T16:00:00Z
9.38061,11427.9281325,1335110400000000000,2012-04-22T16:00:00Z,487300.0,,7b3a9417-8eca-47fa-9c6f-848a7f388dfe,OrderRole.Standalone,OrderType.Market,_default,,PositionEffect.Close,,487300.0,False,,OrderSide.Sell,OrderStatus.Filled,002459.SZ,,TimeInForce.GTC,,,,1335196800000000000,2012-04-23T16:00:00Z
17.43255,12612.449925,1335110400000000000,2012-04-22T16:00:00Z,289400.0,,312d221c-e990-4250-a251-27cbad49e471,OrderRole.Standalone,OrderType.Market,_default,,PositionEffect.Close,,289400.0,False,,OrderSide.Sell,OrderStatus.Filled,002532.SZ,,TimeInForce.GTC,,,,1335196800000000000,2012-04-23T16:00:00Z
13.2867,10865.198925,1335110400000000000,2012-04-22T16:00:00Z,327100.0,,6a86ea13-814c-409c-adde-227cd5d0c7c0,OrderRole.Standalone,OrderType.Market,_default,,PositionEffect.Close,,327100.0,False,,OrderSide.Sell,OrderStatus.Filled,002600.SZ,,TimeInForce.GTC,,,,1335196800000000000,2012-04-23T16:00:00Z
48.70125,12516.22125,1335110400000000000,2012-04-22T16:00:00Z,102800.0,,eac40889-ce9b-4cdc-9a30-0bfe3352e1a2,OrderRole.Standalone,OrderType.Market,_default,,PositionEffect.Close,,102800.0,False,,OrderSide.Sell,OrderStatus.Filled,002648.SZ,,TimeInForce.GTC,,,,1335196800000000000,2012-04-23T16:00:00Z
11.43855,11041.0603875,1335110400000000000,2012-04-22T16:00:00Z,386100.0,,6e123820-0635-40bb-b7e9-6d0da38cce19,OrderRole.Standalone,OrderType.Market,_default,,PositionEffect.Close,,386100.0,False,,OrderSide.Sell,OrderStatus.Filled,300274.SZ,,TimeInForce.GTC,,,,1335196800000000000,2012-04-23T16:00:00Z
68.48145,856.018125,1335110400000000000,2012-04-22T16:00:00Z,5000.0,,357b61db-6105-4789-92ca-b9c55c7d2e91,OrderRole.Standalone,OrderType.Market,_default,,PositionEffect.Close,,5000.0,False,,OrderSide.Sell,OrderStatus.Filled,600111.SH,,TimeInForce.GTC,,,,1335196800000000000,2012-04-23T16:00:00Z
9.97002,19247.12361,1335110400000000000,2012-04-22T16:00:00Z,772200.0,,8af2cd13-2ce0-4067-8ae5-1353ee4859eb,OrderRole.Standalone,OrderType.Market,_default,,PositionEffect.Close,,772200.0,False,,OrderSide.Sell,OrderStatus.Filled,600745.SH,,TimeInForce.GTC,,,,1335196800000000000,2012-04-23T16:00:00Z
10.01,12917.905,1335110400000000000,2012-04-22T16:00:00Z,516200.0,,e903f23b-dcbb-42cc-86b5-a7b6eacbbf52,OrderRole.Standalone,OrderType.Market,_default,,PositionEffect.Open,,516200.0,False,,OrderSide.Buy,OrderStatus.Filled,600837.SH,,TimeInForce.GTC,,,,1335196800000000000,2012-04-23T16:00:00Z
8.6086,13020.5075,1335110400000000000,2012-04-22T16:00:00Z,605000.0,,675ca56c-79e3-4cad-a727-010f7c92903b,OrderRole.Standalone,OrderType.Market,_default,,PositionEffect.Open,,605000.0,False,,OrderSide.Buy,OrderStatus.Filled,000002.SZ,,TimeInForce.GTC,,,,1335196800000000000,2012-04-23T16:00:00Z
86.77669,13016.5035,1335110400000000000,2012-04-22T16:00:00Z,60000.0,,c1b5152d-a750-4015-9102-38f464aedb7b,OrderRole.Standalone,OrderType.Market,_default,,PositionEffect.Open,,60000.0,False,,OrderSide.Buy,OrderStatus.Filled,000596.SZ,,TimeInForce.GTC,,,,1335196800000000000,2012-04-23T16:00:00Z
50.8508,13005.0921,1335110400000000000,2012-04-22T16:00:00Z,102300.0,,5a89b8e8-f8c4-42b7-9967-fc73e2a1fc8e,OrderRole.Standalone,OrderType.Market,_default,,PositionEffect.Open,,102300.0,False,,OrderSide.Buy,OrderStatus.Filled,002236.SZ,,TimeInForce.GTC,,,,1335196800000000000,2012-04-23T16:00:00Z
157.27712,13014.68168,1335110400000000000,2012-04-22T16:00:00Z,33100.0,,c9a61e7a-f8e0-4bf6-8755-3532b396e33c,OrderRole.Standalone,OrderType.Market,_default,,PositionEffect.Open,,33100.0,False,,OrderSide.Buy,OrderStatus.Filled,002304.SZ,,TimeInForce.GTC,,,,1335196800000000000,2012-04-23T16:00:00Z
21.15113,12970.9304725,1335110400000000000,2012-04-22T16:00:00Z,245300.0,,1efda7f6-936a-46ec-bf8c-4d50e668c854,OrderRole.Standalone,OrderType.Market,_default,,PositionEffect.Open,,245300.0,False,,OrderSide.Buy,OrderStatus.Filled,002311.SZ,,TimeInForce.GTC,,,,1335196800000000000,2012-04-23T16:00:00Z
38.92889,13011.9814825,1335110400000000000,2012-04-22T16:00:00Z,133700.0,,5875bdce-722d-453a-9ee0-62af4453e69a,OrderRole.Standalone,OrderType.Market,_default,,PositionEffect.Open,,133700.0,False,,OrderSide.Buy,OrderStatus.Filled,002353.SZ,,TimeInForce.GTC,,,,1335196800000000000,2012-04-23T16:00:00Z
6.48648,13021.6086,1335110400000000000,2012-04-22T16:00:00Z,803000.0,,94523e48-90db-494a-9dfa-81991f9b888c,OrderRole.Standalone,OrderType.Market,_default,,PositionEffect.Open,,803000.0,False,,OrderSide.Buy,OrderStatus.Filled,600016.SH,,TimeInForce.GTC,,,,1335196800000000000,2012-04-23T16:00:00Z
212.40219,13009.6341375,1335110400000000000,2012-04-22T16:00:00Z,24500.0,,945b2270-928a-4aec-ae74-62b0049f4093,OrderRole.Standalone,OrderType.Market,_default,,PositionEffect.Open,,24500.0,False,,OrderSide.Buy,OrderStatus.Filled,600519.SH,,TimeInForce.GTC,,,,1335196800000000000,2012-04-23T16:00:00Z
68.28165,12871.091025,1335196800000000000,2012-04-23T16:00:00Z,75400.0,,0bd0986b-fd3d-43a0-b305-be3712ab2c01,OrderRole.Standalone,OrderType.Market,_default,,PositionEffect.Close,,75400.0,False,,OrderSide.Sell,OrderStatus.Filled,600111.SH,,TimeInForce.GTC,,,,1335283200000000000,2012-04-24T16:00:00Z
50.68926,15206.778,1337702400000000000,2012-05-22T16:00:00Z,120000.0,,799ab509-9fb2-4af8-b917-0a2039f96174,OrderRole.Standalone,OrderType.Market,_default,,PositionEffect.Close,,120000.0,False,,OrderSide.Sell,OrderStatus.Filled,000596.SZ,,TimeInForce.GTC,,,,1337788800000000000,2012-05-23T16:00:00Z
54.6453,13975.535475,1337702400000000000,2012-05-22T16:00:00Z,102300.0,,9f9d40a0-ba9c-441a-8a4c-45b105543d8c,OrderRole.Standalone,OrderType.Market,_default,,PositionEffect.Close,,102300.0,False,,OrderSide.Sell,OrderStatus.Filled,002236.SZ,,TimeInForce.GTC,,,,1337788800000000000,2012-05-23T16:00:00Z
16.3836,13057.7292,1337702400000000000,2012-05-22T16:00:00Z,318800.0,,cc25c080-6c5d-4868-8d58-3766db3189d2,OrderRole.Standalone,OrderType.Market,_default,,PositionEffect.Close,,318800.0,False,,OrderSide.Sell,OrderStatus.Filled,002311.SZ,,TimeInForce.GTC,,,,1337788800000000000,2012-05-23T16:00:00Z
42.62733,14248.1850525,1337702400000000000,2012-05-22T16:00:00Z,133700.0,,6a73dbff-b7a1-4caf-8217-166a50589272,OrderRole.Standalone,OrderType.Market,_default,,PositionEffect.Close,,133700.0,False,,OrderSide.Sell,OrderStatus.Filled,002353.SZ,,TimeInForce.GTC,,,,1337788800000000000,2012-05-23T16:00:00Z
6.54345,13135.975875,1337702400000000000,2012-05-22T16:00:00Z,803000.0,,fbafbeba-9ce8-4cc0-8f11-e0b08033eb23,OrderRole.Standalone,OrderType.Market,_default,,PositionEffect.Close,,803000.0,False,,OrderSide.Sell,OrderStatus.Filled,600016.SH,,TimeInForce.GTC,,,,1337788800000000000,2012-05-23T16:00:00Z
10.35963,13369.102515,1337702400000000000,2012-05-22T16:00:00Z,516200.0,,595c5cb6-470e-4dac-8d8d-f47ebd3a4098,OrderRole.Standalone,OrderType.Market,_default,,PositionEffect.Close,,516200.0,False,,OrderSide.Sell,OrderStatus.Filled,600837.SH,,TimeInForce.GTC,,,,1337788800000000000,2012-05-23T16:00:00Z
42.9429,26957.405475,1337702400000000000,2012-05-22T16:00:00Z,251100.0,,c2c966c5-b45b-47ef-968e-a54dff6d72c7,OrderRole.Standalone,OrderType.Market,_default,,PositionEffect.Open,,251100.0,False,,OrderSide.Buy,OrderStatus.Filled,600111.SH,,TimeInForce.GTC,,,,1337788800000000000,2012-05-23T16:00:00Z
45.35531,26816.3270375,1337702400000000000,2012-05-22T16:00:00Z,236500.0,,3dac6b05-3e54-4a41-9f81-b914857a32bb,OrderRole.Standalone,OrderType.Market,_default,,PositionEffect.Open,,236500.0,False,,OrderSide.Buy,OrderStatus.Filled,600549.SH,,TimeInForce.GTC,,,,1337788800000000000,2012-05-23T16:00:00Z
9.06906,13492.494015,1337702400000000000,2012-05-22T16:00:00Z,595100.0,,55381451-0258-49f7-b915-aaf8803b7d71,OrderRole.Standalone,OrderType.Market,_default,,PositionEffect.Open,,595100.0,False,,OrderSide.Buy,OrderStatus.Filled,000002.SZ,,TimeInForce.GTC,,,,1337788800000000000,2012-05-23T16:00:00Z
170.15999,13059.7792325,1337702400000000000,2012-05-22T16:00:00Z,30700.0,,b2657385-9633-4793-a1a3-2720c654c750,OrderRole.Standalone,OrderType.Market,_default,,PositionEffect.Open,,30700.0,False,,OrderSide.Buy,OrderStatus.Filled,002304.SZ,,TimeInForce.GTC,,,,1337788800000000000,2012-05-23T16:00:00Z
230.0298,12996.6837,1337702400000000000,2012-05-22T16:00:00Z,22600.0,,a7411797-97f9-4152-b82a-5116bbb3e1d9,OrderRole.Standalone,OrderType.Market,_default,,PositionEffect.Open,,22600.0,False,,OrderSide.Buy,OrderStatus.Filled,600519.SH,,TimeInForce.GTC,,,,1337788800000000000,2012-05-23T16:00:00Z
8.91108,26735.46777,1337788800000000000,2012-05-23T16:00:00Z,1200100.0,,5cb51814-1097-4fcb-a952-dd11532718f1,OrderRole.Standalone,OrderType.Market,_default,,PositionEffect.Close,,1200100.0,False,,OrderSide.Sell,OrderStatus.Filled,000002.SZ,,TimeInForce.GTC,,,,1337875200000000000,2012-05-24T16:00:00Z
165.81402,26447.33619,1337788800000000000,2012-05-23T16:00:00Z,63800.0,,adb329c7-75aa-4342-81ae-9709761b1fb7,OrderRole.Standalone,OrderType.Market,_default,,PositionEffect.Close,,63800.0,False,,OrderSide.Sell,OrderStatus.Filled,002304.SZ,,TimeInForce.GTC,,,,1337875200000000000,2012-05-24T16:00:00Z
220.01976,25907.32674,1337788800000000000,2012-05-23T16:00:00Z,47100.0,,4c5518e8-67a6-4062-99f4-cfc57b4daf0d,OrderRole.Standalone,OrderType.Market,_default,,PositionEffect.Close,,47100.0,False,,OrderSide.Sell,OrderStatus.Filled,600519.SH,,TimeInForce.GTC,,,,1337875200000000000,2012-05-24T16:00:00Z
44.06589,10862.241885,1340121600000000000,2012-06-19T16:00:00Z,98600.0,,3e35976d-f2e9-49de-bb5b-174e404586ca,OrderRole.Standalone,OrderType.Market,_default,,PositionEffect.Close,,98600.0,False,,OrderSide.Sell,OrderStatus.Filled,600111.SH,,TimeInForce.GTC,,,,1340208000000000000,2012-06-20T16:00:00Z
46.38357,27424.2857625,1340121600000000000,2012-06-19T16:00:00Z,236500.0,,eb577f91-2392-41ce-8826-145f8bc2b12d,OrderRole.Standalone,OrderType.Market,_default,,PositionEffect.Close,,236500.0,False,,OrderSide.Sell,OrderStatus.Filled,600549.SH,,TimeInForce.GTC,,,,1340208000000000000,2012-06-20T16:00:00Z
9.009,16716.1995,1340121600000000000,2012-06-19T16:00:00Z,742200.0,,3e4eb163-59f9-4d87-bbdc-0b6f2ecc83cd,OrderRole.Standalone,OrderType.Market,_default,,PositionEffect.Open,,742200.0,False,,OrderSide.Buy,OrderStatus.Filled,000002.SZ,,TimeInForce.GTC,,,,1340208000000000000,2012-06-20T16:00:00Z
8.58858,16694.052375,1340121600000000000,2012-06-19T16:00:00Z,777500.0,,f37474c8-aba2-4711-8ee1-70beb93cdbbb,OrderRole.Standalone,OrderType.Market,_default,,PositionEffect.Open,,777500.0,False,,OrderSide.Buy,OrderStatus.Filled,000408.SZ,,TimeInForce.GTC,,,,1340208000000000000,2012-06-20T16:00:00Z
56.70665,16671.7551,1340121600000000000,2012-06-19T16:00:00Z,117600.0,,17cb31c0-0c05-439b-a0fa-dbc61a140d97,OrderRole.Standalone,OrderType.Market,_default,,PositionEffect.Open,,117600.0,False,,OrderSide.Buy,OrderStatus.Filled,000538.SZ,,TimeInForce.GTC,,,,1340208000000000000,2012-06-20T16:00:00Z
31.08105,16573.9699125,1340121600000000000,2012-06-19T16:00:00Z,213300.0,,6583f674-a4c1-4950-826a-a25e7549d8c9,OrderRole.Standalone,OrderType.Market,_default,,PositionEffect.Open,,213300.0,False,,OrderSide.Buy,OrderStatus.Filled,002236.SZ,,TimeInForce.GTC,,,,1340208000000000000,2012-06-20T16:00:00Z
33.70367,16725.4462375,1340121600000000000,2012-06-19T16:00:00Z,198500.0,,0ceafa41-1371-426a-8aad-ff68bb8bfcfa,OrderRole.Standalone,OrderType.Market,_default,,PositionEffect.Open,,198500.0,False,,OrderSide.Buy,OrderStatus.Filled,002241.SZ,,TimeInForce.GTC,,,,1340208000000000000,2012-06-20T16:00:00Z
27.9279,16742.77605,1340121600000000000,2012-06-19T16:00:00Z,239800.0,,45b734fb-1083-4b9d-a15b-7eeb92b1c4a9,OrderRole.Standalone,OrderType.Market,_default,,PositionEffect.Open,,239800.0,False,,OrderSide.Buy,OrderStatus.Filled,600276.SH,,TimeInForce.GTC,,,,1340208000000000000,2012-06-20T16:00:00Z
243.80356,16761.49475,1340121600000000000,2012-06-19T16:00:00Z,27500.0,,dc41b687-7e8a-4539-9fc8-e295cbf3bf89,OrderRole.Standalone,OrderType.Market,_default,,PositionEffect.Open,,27500.0,False,,OrderSide.Buy,OrderStatus.Filled,600519.SH,,TimeInForce.GTC,,,,1340208000000000000,2012-06-20T16:00:00Z
43.7562,16682.05125,1340208000000000000,2012-06-20T16:00:00Z,152500.0,,3a2fe6aa-4411-49c3-b0da-fe8e4ac0ed3e,OrderRole.Standalone,OrderType.Market,_default,,PositionEffect.Close,,152500.0,False,,OrderSide.Sell,OrderStatus.Filled,600111.SH,,TimeInForce.GTC,,,,1340553600000000000,2012-06-24T16:00:00Z
9.35064,17350.11252,1342627200000000000,2012-07-18T16:00:00Z,742200.0,,2b6ee10f-6719-4438-8c2a-d09dca1315c1,OrderRole.Standalone,OrderType.Market,_default,,PositionEffect.Close,,742200.0,False,,OrderSide.Sell,OrderStatus.Filled,000002.SZ,,TimeInForce.GTC,,,,1342713600000000000,2012-07-19T16:00:00Z
8.5914,16699.53375,1342627200000000000,2012-07-18T16:00:00Z,777500.0,,98ff33d3-a48b-435d-bb4c-54a6887a0ee1,OrderRole.Standalone,OrderType.Market,_default,,PositionEffect.Close,,777500.0,False,,OrderSide.Sell,OrderStatus.Filled,000408.SZ,,TimeInForce.GTC,,,,1342713600000000000,2012-07-19T16:00:00Z
59.57037,17513.68878,1342627200000000000,2012-07-18T16:00:00Z,117600.0,,74097d27-8136-437b-a4c7-34f7caea3a96,OrderRole.Standalone,OrderType.Market,_default,,PositionEffect.Close,,117600.0,False,,OrderSide.Sell,OrderStatus.Filled,000538.SZ,,TimeInForce.GTC,,,,1342713600000000000,2012-07-19T16:00:00Z
33.57639,4079.531385,1342627200000000000,2012-07-18T16:00:00Z,48600.0,,1c5840f9-fa6b-4d42-bf46-c440b403c20e,OrderRole.Standalone,OrderType.Market,_default,,PositionEffect.Close,,48600.0,False,,OrderSide.Sell,OrderStatus.Filled,002236.SZ,,TimeInForce.GTC,,,,1342713600000000000,2012-07-19T16:00:00Z
35.14482,3681.419895,1342627200000000000,2012-07-18T16:00:00Z,41900.0,,c3e0fc32-6d82-46c3-b807-aa9b8515e15d,OrderRole.Standalone,OrderType.Market,_default,,PositionEffect.Close,,41900.0,False,,OrderSide.Sell,OrderStatus.Filled,002241.SZ,,TimeInForce.GTC,,,,1342713600000000000,2012-07-19T16:00:00Z
29.85012,17895.14694,1342627200000000000,2012-07-18T16:00:00Z,239800.0,,6faf446c-9231-4134-8c6d-cef98b652834,OrderRole.Standalone,OrderType.Market,_default,,PositionEffect.Close,,239800.0,False,,OrderSide.Sell,OrderStatus.Filled,600276.SH,,TimeInForce.GTC,,,,1342713600000000000,2012-07-19T16:00:00Z
245.24451,16860.5600625,1342627200000000000,2012-07-18T16:00:00Z,27500.0,,1bcb1b6b-481b-4c7d-8755-b44d717e2534,OrderRole.Standalone,OrderType.Market,_default,,PositionEffect.Close,,27500.0,False,,OrderSide.Sell,OrderStatus.Filled,600519.SH,,TimeInForce.GTC,,,,1342713600000000000,2012-07-19T16:00:00Z
19.9199,13859.270425,1342627200000000000,2012-07-18T16:00:00Z,278300.0,,11a37ee4-fad8-424b-8781-92f5713cd50a,OrderRole.Standalone,OrderType.Market,_default,,PositionEffect.Open,,278300.0,False,,OrderSide.Buy,OrderStatus.Filled,601628.SH,,TimeInForce.GTC,,,,1342713600000000000,2012-07-19T16:00:00Z
54.23418,13992.41844,1342627200000000000,2012-07-18T16:00:00Z,103200.0,,a6f0d0e7-3308-4b68-b1cb-19e02d252056,OrderRole.Standalone,OrderType.Market,_default,,PositionEffect.Open,,103200.0,False,,OrderSide.Buy,OrderStatus.Filled,000661.SZ,,TimeInForce.GTC,,,,1342713600000000000,2012-07-19T16:00:00Z
7.007,13870.3565,1342627200000000000,2012-07-18T16:00:00Z,791800.0,,eef20a4f-c68b-44df-be24-6a09d08b4456,OrderRole.Standalone,OrderType.Market,_default,,PositionEffect.Open,,791800.0,False,,OrderSide.Buy,OrderStatus.Filled,600011.SH,,TimeInForce.GTC,,,,1342713600000000000,2012-07-19T16:00:00Z
4.4044,13804.4907,1342627200000000000,2012-07-18T16:00:00Z,1253700.0,,a1c03aaa-aeda-4432-895e-eb199fe5b437,OrderRole.Standalone,OrderType.Market,_default,,PositionEffect.Open,,1253700.0,False,,OrderSide.Buy,OrderStatus.Filled,600027.SH,,TimeInForce.GTC,,,,1342713600000000000,2012-07-19T16:00:00Z
11.36135,13929.0151,1342627200000000000,2012-07-18T16:00:00Z,490400.0,,00b9de0b-401c-4b9d-a372-76013e623dd8,OrderRole.Standalone,OrderType.Market,_default,,PositionEffect.Open,,490400.0,False,,OrderSide.Buy,OrderStatus.Filled,600196.SH,,TimeInForce.GTC,,,,1342713600000000000,2012-07-19T16:00:00Z
104.6045,13833.945125,1342627200000000000,2012-07-18T16:00:00Z,52900.0,,564abfde-9e53-47ad-8750-96bb9eccb7e9,OrderRole.Standalone,OrderType.Market,_default,,PositionEffect.Open,,52900.0,False,,OrderSide.Buy,OrderStatus.Filled,600436.SH,,TimeInForce.GTC,,,,1342713600000000000,2012-07-19T16:00:00Z
7.41741,13744.46073,1342627200000000000,2012-07-18T16:00:00Z,741200.0,,9f960aee-c119-490c-ac41-0a53e104d5da,OrderRole.Standalone,OrderType.Market,_default,,PositionEffect.Open,,741200.0,False,,OrderSide.Buy,OrderStatus.Filled,600438.SH,,TimeInForce.GTC,,,,1342713600000000000,2012-07-19T16:00:00Z
18.19818,13780.571805,1342627200000000000,2012-07-18T16:00:00Z,302900.0,,42d2ff43-7fe8-439e-a669-d8d79f662daa,OrderRole.Standalone,OrderType.Market,_default,,PositionEffect.Open,,302900.0,False,,OrderSide.Buy,OrderStatus.Filled,002311.SZ,,TimeInForce.GTC,,,,1342713600000000000,2012-07-19T16:00:00Z
33.43653,13767.4912275,1342713600000000000,2012-07-19T16:00:00Z,164700.0,,5a4f8673-314d-4b1e-891b-43633603e368,OrderRole.Standalone,OrderType.Market,_default,,PositionEffect.Close,,164700.0,False,,OrderSide.Sell,OrderStatus.Filled,002236.SZ,,TimeInForce.GTC,,,,1342972800000000000,2012-07-22T16:00:00Z
34.71525,13591.020375,1342713600000000000,2012-07-19T16:00:00Z,156600.0,,30024ecc-4cc3-4126-9f20-fc1e2aa2cd12,OrderRole.Standalone,OrderType.Market,_default,,PositionEffect.Close,,156600.0,False,,OrderSide.Sell,OrderStatus.Filled,002241.SZ,,TimeInForce.GTC,,,,1342972800000000000,2012-07-22T16:00:00Z
54.92502,14170.65516,1345046400000000000,2012-08-15T16:00:00Z,103200.0,,923d83d2-7a59-487e-b880-22ad904c41f9,OrderRole.Standalone,OrderType.Market,_default,,PositionEffect.Close,,103200.0,False,,OrderSide.Sell,OrderStatus.Filled,000661.SZ,,TimeInForce.GTC,,,,1345132800000000000,2012-08-16T16:00:00Z
17.23275,13049.4999375,1345046400000000000,2012-08-15T16:00:00Z,302900.0,,87fb8656-bd81-4a36-a729-ed2b5e43cf95,OrderRole.Standalone,OrderType.Market,_default,,PositionEffect.Close,,302900.0,False,,OrderSide.Sell,OrderStatus.Filled,002311.SZ,,TimeInForce.GTC,,,,1345132800000000000,2012-08-16T16:00:00Z
11.31867,13876.68942,1345046400000000000,2012-08-15T16:00:00Z,490400.0,,22d7b2e6-ffc6-4d8d-8260-6010fd9e0cf7,OrderRole.Standalone,OrderType.Market,_default,,PositionEffect.Close,,490400.0,False,,OrderSide.Sell,OrderStatus.Filled,600196.SH,,TimeInForce.GTC,,,,1345132800000000000,2012-08-16T16:00:00Z
6.1938,11477.1114,1345046400000000000,2012-08-15T16:00:00Z,741200.0,,f803f384-68ea-4bfc-bd3e-ca63801075ff,OrderRole.Standalone,OrderType.Market,_default,,PositionEffect.Close,,741200.0,False,,OrderSide.Sell,OrderStatus.Filled,600438.SH,,TimeInForce.GTC,,,,1345132800000000000,2012-08-16T16:00:00Z
17.71227,12323.3118525,1345046400000000000,2012-08-15T16:00:00Z,278300.0,,448a47c4-c094-43e8-b6b4-4ccc14493721,OrderRole.Standalone,OrderType.Market,_default,,PositionEffect.Close,,278300.0,False,,OrderSide.Sell,OrderStatus.Filled,601628.SH,,TimeInForce.GTC,,,,1345132800000000000,2012-08-16T16:00:00Z
38.9389,26215.614425,1345046400000000000,2012-08-15T16:00:00Z,269300.0,,9fe0382f-0b6e-4efb-a566-7adc4a78e15a,OrderRole.Standalone,OrderType.Market,_default,,PositionEffect.Open,,269300.0,False,,OrderSide.Buy,OrderStatus.Filled,002236.SZ,,TimeInForce.GTC,,,,1345132800000000000,2012-08-16T16:00:00Z
25.84582,25916.896005,1345046400000000000,2012-08-15T16:00:00Z,401100.0,,e1f19b0d-6ead-4792-b78c-8508a0a1bcf1,OrderRole.Standalone,OrderType.Market,_default,,PositionEffect.Open,,401100.0,False,,OrderSide.Buy,OrderStatus.Filled,600332.SH,,TimeInForce.GTC,,,,1345132800000000000,2012-08-16T16:00:00Z
3.9039,13979.8659,1345046400000000000,2012-08-15T16:00:00Z,1432400.0,,53aae0d8-1893-43d7-8121-e4ca43526567,OrderRole.Standalone,OrderType.Market,_default,,PositionEffect.Open,,1432400.0,False,,OrderSide.Buy,OrderStatus.Filled,600027.SH,,TimeInForce.GTC,,,,1345132800000000000,2012-08-16T16:00:00Z
6.57657,13184.3787075,1345046400000000000,2012-08-15T16:00:00Z,801900.0,,76bdf6c3-0e5b-49c2-a5b9-ee8e71db1cd2,OrderRole.Standalone,OrderType.Market,_default,,PositionEffect.Open,,801900.0,False,,OrderSide.Buy,OrderStatus.Filled,600011.SH,,TimeInForce.GTC,,,,1345132800000000000,2012-08-16T16:00:00Z
99.14905,12864.5892375,1345046400000000000,2012-08-15T16:00:00Z,51900.0,,ad51265e-062c-4a1b-94cf-6530360d1527,OrderRole.Standalone,OrderType.Market,_default,,PositionEffect.Open,,51900.0,False,,OrderSide.Buy,OrderStatus.Filled,600436.SH,,TimeInForce.GTC,,,,1345132800000000000,2012-08-16T16:00:00Z
6.5934,26269.75395,1345132800000000000,2012-08-16T16:00:00Z,1593700.0,,5322fc0a-38f3-4d52-9340-d040411b1b04,OrderRole.Standalone,OrderType.Market,_default,,PositionEffect.Close,,1593700.0,False,,OrderSide.Sell,OrderStatus.Filled,600011.SH,,TimeInForce.GTC,,,,1345392000000000000,2012-08-19T16:00:00Z
3.8961,26163.285525,1345132800000000000,2012-08-16T16:00:00Z,2686100.0,,e9e6bfd0-3517-4d61-abe4-b663db7f949a,OrderRole.Standalone,OrderType.Market,_default,,PositionEffect.Close,,2686100.0,False,,OrderSide.Sell,OrderStatus.Filled,600027.SH,,TimeInForce.GTC,,,,1345392000000000000,2012-08-19T16:00:00Z
98.8011,25885.8882,1345132800000000000,2012-08-16T16:00:00Z,104800.0,,96f481a1-22e3-4af2-b0e8-e9cda07b5b01,OrderRole.Standalone,OrderType.Market,_default,,PositionEffect.Close,,104800.0,False,,OrderSide.Sell,OrderStatus.Filled,600436.SH,,TimeInForce.GTC,,,,1345392000000000000,2012-08-19T16:00:00Z
41.4585,27911.935125,1347465600000000000,2012-09-12T16:00:00Z,269300.0,,72c1845e-11df-49e0-85ab-f46cdd03a035,OrderRole.Standalone,OrderType.Market,_default,,PositionEffect.Close,,269300.0,False,,OrderSide.Sell,OrderStatus.Filled,002236.SZ,,TimeInForce.GTC,,,,1347552000000000000,2012-09-13T16:00:00Z
24.84513,24913.4541075,1347465600000000000,2012-09-12T16:00:00Z,401100.0,,bd5d0aca-0eae-4caf-abc7-c2ceb76f3c55,OrderRole.Standalone,OrderType.Market,_default,,PositionEffect.Close,,401100.0,False,,OrderSide.Sell,OrderStatus.Filled,600332.SH,,TimeInForce.GTC,,,,1347552000000000000,2012-09-13T16:00:00Z
5.84584,26636.56996,1347465600000000000,2012-09-12T16:00:00Z,1822600.0,,6be58401-ec52-487f-ba81-f0f2578d12a9,OrderRole.Standalone,OrderType.Market,_default,,PositionEffect.Open,,1822600.0,False,,OrderSide.Buy,OrderStatus.Filled,601238.SH,,TimeInForce.GTC,,,,1347552000000000000,2012-09-13T16:00:00Z
11.18117,26722.9963,1347465600000000000,2012-09-12T16:00:00Z,956000.0,,4bd013af-7673-43d5-89af-e821e31ab8b7,OrderRole.Standalone,OrderType.Market,_default,,PositionEffect.Open,,956000.0,False,,OrderSide.Buy,OrderStatus.Filled,000425.SZ,,TimeInForce.GTC,,,,1347552000000000000,2012-09-13T16:00:00Z
52.91286,26482.88643,1347465600000000000,2012-09-12T16:00:00Z,200200.0,,afc6740a-6559-4b4b-af63-4fc9c55a670e,OrderRole.Standalone,OrderType.Market,_default,,PositionEffect.Open,,200200.0,False,,OrderSide.Buy,OrderStatus.Filled,000661.SZ,,TimeInForce.GTC,,,,1347552000000000000,2012-09-13T16:00:00Z
16.10609,26715.9767875,1347465600000000000,2012-09-12T16:00:00Z,663500.0,,6a6eac36-a624-426e-9aa7-41d31750d680,OrderRole.Standalone,OrderType.Market,_default,,PositionEffect.Open,,663500.0,False,,OrderSide.Buy,OrderStatus.Filled,300033.SZ,,TimeInForce.GTC,,,,1347552000000000000,2012-09-13T16:00:00Z
31.34131,26506.9129325,1347465600000000000,2012-09-12T16:00:00Z,338300.0,,f4f75288-7cdf-4309-91af-00d0ef133cd6,OrderRole.Standalone,OrderType.Market,_default,,PositionEffect.Open,,338300.0,False,,OrderSide.Buy,OrderStatus.Filled,600276.SH,,TimeInForce.GTC,,,,1347552000000000000,2012-09-13T16:00:00Z
11.0889,26502.471,1350489600000000000,2012-10-17T16:00:00Z,956000.0,,b8971399-4637-46af-9990-e34f95c5ac03,OrderRole.Standalone,OrderType.Market,_default,,PositionEffect.Close,,956000.0,False,,OrderSide.Sell,OrderStatus.Filled,000425.SZ,,TimeInForce.GTC,,,,1350576000000000000,2012-10-18T16:00:00Z
61.70823,5168.0642625,1350489600000000000,2012-10-17T16:00:00Z,33500.0,,d83c77c8-66d8-4635-80f2-5822017055c9,OrderRole.Standalone,OrderType.Market,_default,,PositionEffect.Close,,33500.0,False,,OrderSide.Sell,OrderStatus.Filled,000661.SZ,,TimeInForce.GTC,,,,1350576000000000000,2012-10-18T16:00:00Z
14.49549,24044.3940375,1350489600000000000,2012-10-17T16:00:00Z,663500.0,,d539d795-9721-4262-9c02-50e35273ee31,OrderRole.Standalone,OrderType.Market,_default,,PositionEffect.Close,,663500.0,False,,OrderSide.Sell,OrderStatus.Filled,300033.SZ,,TimeInForce.GTC,,,,1350576000000000000,2012-10-18T16:00:00Z
30.91905,26149.7865375,1350489600000000000,2012-10-17T16:00:00Z,338300.0,,9456feac-212c-4411-a13d-81d7ee506a8f,OrderRole.Standalone,OrderType.Market,_default,,PositionEffect.Close,,338300.0,False,,OrderSide.Sell,OrderStatus.Filled,600276.SH,,TimeInForce.GTC,,,,1350576000000000000,2012-10-18T16:00:00Z
5.16483,23533.547895,1350489600000000000,2012-10-17T16:00:00Z,1822600.0,,feccfa74-80c1-407f-9018-bba82b68e507,OrderRole.Standalone,OrderType.Market,_default,,PositionEffect.Close,,1822600.0,False,,OrderSide.Sell,OrderStatus.Filled,601238.SH,,TimeInForce.GTC,,,,1350576000000000000,2012-10-18T16:00:00Z
9.18918,25748.08236,1350489600000000000,2012-10-17T16:00:00Z,1120800.0,,6d57ed46-4f5f-4fb5-b92d-c2eb6faec5a8,OrderRole.Standalone,OrderType.Market,_default,,PositionEffect.Open,,1120800.0,False,,OrderSide.Buy,OrderStatus.Filled,000063.SZ,,TimeInForce.GTC,,,,1350576000000000000,2012-10-18T16:00:00Z
8.83883,25661.3331975,1350489600000000000,2012-10-17T16:00:00Z,1161300.0,,911315d9-0116-47db-9441-c1838951fbe9,OrderRole.Standalone,OrderType.Market,_default,,PositionEffect.Open,,1161300.0,False,,OrderSide.Buy,OrderStatus.Filled,000975.SZ,,TimeInForce.GTC,,,,1350576000000000000,2012-10-18T16:00:00Z
22.10208,25765.49976,1350489600000000000,2012-10-17T16:00:00Z,466300.0,,7a940658-22c5-4675-81d4-f4addda4ad39,OrderRole.Standalone,OrderType.Market,_default,,PositionEffect.Open,,466300.0,False,,OrderSide.Buy,OrderStatus.Filled,002049.SZ,,TimeInForce.GTC,,,,1350576000000000000,2012-10-18T16:00:00Z
5.72572,25732.81711,1350489600000000000,2012-10-17T16:00:00Z,1797700.0,,0786f6e3-60ee-4878-960f-58de9922484a,OrderRole.Standalone,OrderType.Market,_default,,PositionEffect.Open,,1797700.0,False,,OrderSide.Buy,OrderStatus.Filled,600760.SH,,TimeInForce.GTC,,,,1350576000000000000,2012-10-18T16:00:00Z
62.937,26228.99475,1350576000000000000,2012-10-18T16:00:00Z,166700.0,,befdf034-8848-4f2a-b975-01b064e80c36,OrderRole.Standalone,OrderType.Market,_default,,PositionEffect.Close,,166700.0,False,,OrderSide.Sell,OrderStatus.Filled,000661.SZ,,TimeInForce.GTC,,,,1350835200000000000,2012-10-21T16:00:00Z
8.25174,23121.37548,1352908800000000000,2012-11-14T16:00:00Z,1120800.0,,157ccf3c-16e0-4cea-a3d3-b6fc81e77552,OrderRole.Standalone,OrderType.Market,_default,,PositionEffect.Close,,1120800.0,False,,OrderSide.Sell,OrderStatus.Filled,000063.SZ,,TimeInForce.GTC,,,,1352995200000000000,2012-11-15T16:00:00Z
7.95204,23086.76013,1352908800000000000,2012-11-14T16:00:00Z,1161300.0,,1c2a1335-5eb3-4800-a07d-44f7feb1d3f1,OrderRole.Standalone,OrderType.Market,_default,,PositionEffect.Close,,1161300.0,False,,OrderSide.Sell,OrderStatus.Filled,000975.SZ,,TimeInForce.GTC,,,,1352995200000000000,2012-11-15T16:00:00Z
19.0809,22243.559175,1352908800000000000,2012-11-14T16:00:00Z,466300.0,,1cb1a1f6-90ab-42b3-b71e-31220765bea8,OrderRole.Standalone,OrderType.Market,_default,,PositionEffect.Close,,466300.0,False,,OrderSide.Sell,OrderStatus.Filled,002049.SZ,,TimeInForce.GTC,,,,1352995200000000000,2012-11-15T16:00:00Z
5.84415,26265.0711375,1352908800000000000,2012-11-14T16:00:00Z,1797700.0,,248500ac-a351-4210-9e67-dd60db8f1942,OrderRole.Standalone,OrderType.Market,_default,,PositionEffect.Close,,1797700.0,False,,OrderSide.Sell,OrderStatus.Filled,600760.SH,,TimeInForce.GTC,,,,1352995200000000000,2012-11-15T16:00:00Z
36.15612,24477.69324,1352908800000000000,2012-11-14T16:00:00Z,270800.0,,243849ef-bc63-4676-a20b-7da26073028e,OrderRole.Standalone,OrderType.Market,_default,,PositionEffect.Open,,270800.0,False,,OrderSide.Buy,OrderStatus.Filled,000568.SZ,,TimeInForce.GTC,,,,1352995200000000000,2012-11-15T16:00:00Z
22.79277,24302.7910125,1352908800000000000,2012-11-14T16:00:00Z,426500.0,,a390dcc5-535f-441a-aa3d-49eff9857e8a,OrderRole.Standalone,OrderType.Market,_default,,PositionEffect.Open,,426500.0,False,,OrderSide.Buy,OrderStatus.Filled,000651.SZ,,TimeInForce.GTC,,,,1352995200000000000,2012-11-15T16:00:00Z
39.3393,24439.540125,1352908800000000000,2012-11-14T16:00:00Z,248500.0,,e4b432bc-88f2-49bf-92fc-bdedd4ac6f71,OrderRole.Standalone,OrderType.Market,_default,,PositionEffect.Open,,248500.0,False,,OrderSide.Buy,OrderStatus.Filled,002236.SZ,,TimeInForce.GTC,,,,1352995200000000000,2012-11-15T16:00:00Z
108.6085,24382.60825,1352908800000000000,2012-11-14T16:00:00Z,89800.0,,54bc9d85-16c1-41f1-9558-6c5d85ee017d,OrderRole.Standalone,OrderType.Market,_default,,PositionEffect.Open,,89800.0,False,,OrderSide.Buy,OrderStatus.Filled,002304.SZ,,TimeInForce.GTC,,,,1352995200000000000,2012-11-15T16:00:00Z
10.01,24394.37,1352908800000000000,2012-11-14T16:00:00Z,974800.0,,0f7b1868-56a8-49cd-8eb7-d2181126d369,OrderRole.Standalone,OrderType.Market,_default,,PositionEffect.Open,,974800.0,False,,OrderSide.Buy,OrderStatus.Filled,600036.SH,,TimeInForce.GTC,,,,1352995200000000000,2012-11-15T16:00:00Z
31.11885,21067.46145,1355328000000000000,2012-12-12T16:00:00Z,270800.0,,37553fe7-fab6-49a5-9ebf-79a104fbf998,OrderRole.Standalone,OrderType.Market,_default,,PositionEffect.Close,,270800.0,False,,OrderSide.Sell,OrderStatus.Filled,000568.SZ,,TimeInForce.GTC,,,,1355414400000000000,2012-12-13T16:00:00Z
23.35662,24903.996075,1355328000000000000,2012-12-12T16:00:00Z,426500.0,,93714548-1865-4977-8e84-077a72052960,OrderRole.Standalone,OrderType.Market,_default,,PositionEffect.Close,,426500.0,False,,OrderSide.Sell,OrderStatus.Filled,000651.SZ,,TimeInForce.GTC,,,,1355414400000000000,2012-12-13T16:00:00Z
41.08887,25526.4604875,1355328000000000000,2012-12-12T16:00:00Z,248500.0,,9a7c9688-1cf2-4fc7-a9db-4358bf7b7fbd,OrderRole.Standalone,OrderType.Market,_default,,PositionEffect.Close,,248500.0,False,,OrderSide.Sell,OrderStatus.Filled,002236.SZ,,TimeInForce.GTC,,,,1355414400000000000,2012-12-13T16:00:00Z
90.909,20409.0705,1355328000000000000,2012-12-12T16:00:00Z,89800.0,,b1df3f0f-7ecb-4f2b-96fc-dd5d5bf1a1d9,OrderRole.Standalone,OrderType.Market,_default,,PositionEffect.Close,,89800.0,False,,OrderSide.Sell,OrderStatus.Filled,002304.SZ,,TimeInForce.GTC,,,,1355414400000000000,2012-12-13T16:00:00Z
10.91907,26609.77359,1355328000000000000,2012-12-12T16:00:00Z,974800.0,,5b9a46db-517d-4a9f-83a0-0cc28c5d1a75,OrderRole.Standalone,OrderType.Market,_default,,PositionEffect.Close,,974800.0,False,,OrderSide.Sell,OrderStatus.Filled,600036.SH,,TimeInForce.GTC,,,,1355414400000000000,2012-12-13T16:00:00Z
19.16915,23453.455025,1355328000000000000,2012-12-12T16:00:00Z,489400.0,,4cdded26-0247-46b2-809a-33f48f5b2472,OrderRole.Standalone,OrderType.Market,_default,,PositionEffect.Open,,489400.0,False,,OrderSide.Buy,OrderStatus.Filled,601633.SH,,TimeInForce.GTC,,,,1355414400000000000,2012-12-13T16:00:00Z
14.05404,23565.11157,1355328000000000000,2012-12-12T16:00:00Z,670700.0,,6778c8c1-e36c-4254-90a0-32379b3f62b7,OrderRole.Standalone,OrderType.Market,_default,,PositionEffect.Open,,670700.0,False,,OrderSide.Buy,OrderStatus.Filled,000001.SZ,,TimeInForce.GTC,,,,1355414400000000000,2012-12-13T16:00:00Z
28.90888,23596.8733,1355328000000000000,2012-12-12T16:00:00Z,326500.0,,0ea2306e-a393-4e4c-a298-e13f3d3f0cbc,OrderRole.Standalone,OrderType.Market,_default,,PositionEffect.Open,,326500.0,False,,OrderSide.Buy,OrderStatus.Filled,002415.SZ,,TimeInForce.GTC,,,,1355414400000000000,2012-12-13T16:00:00Z
8.32832,23685.74208,1355328000000000000,2012-12-12T16:00:00Z,1137600.0,,298c5d49-9d9f-458c-b3fd-b3f7c2c9c226,OrderRole.Standalone,OrderType.Market,_default,,PositionEffect.Open,,1137600.0,False,,OrderSide.Buy,OrderStatus.Filled,600000.SH,,TimeInForce.GTC,,,,1355414400000000000,2012-12-13T16:00:00Z
6.88688,23566.90336,1355328000000000000,2012-12-12T16:00:00Z,1368800.0,,ead94463-5bea-4184-a348-563ee8f0c8c1,OrderRole.Standalone,OrderType.Market,_default,,PositionEffect.Open,,1368800.0,False,,OrderSide.Buy,OrderStatus.Filled,600016.SH,,TimeInForce.GTC,,,,1355414400000000000,2012-12-13T16:00:00Z
17.59239,29498.0399325,1358179200000000000,2013-01-14T16:00:00Z,670700.0,,6e81475e-b303-412b-a7f8-e2459bd9b8d3,OrderRole.Standalone,OrderType.Market,_default,,PositionEffect.Close,,670700.0,False,,OrderSide.Sell,OrderStatus.Filled,000001.SZ,,TimeInForce.GTC,,,,1358265600000000000,2013-01-15T16:00:00Z
32.4675,26501.596875,1358179200000000000,2013-01-14T16:00:00Z,326500.0,,8ef47498-8a70-4b9f-95f2-d29e5d06c538,OrderRole.Standalone,OrderType.Market,_default,,PositionEffect.Close,,326500.0,False,,OrderSide.Sell,OrderStatus.Filled,002415.SZ,,TimeInForce.GTC,,,,1358265600000000000,2013-01-15T16:00:00Z
10.26972,29207.08368,1358179200000000000,2013-01-14T16:00:00Z,1137600.0,,a2662985-e189-4faa-be70-c6da0727b334,OrderRole.Standalone,OrderType.Market,_default,,PositionEffect.Close,,1137600.0,False,,OrderSide.Sell,OrderStatus.Filled,600000.SH,,TimeInForce.GTC,,,,1358265600000000000,2013-01-15T16:00:00Z
8.56143,29297.21346,1358179200000000000,2013-01-14T16:00:00Z,1368800.0,,762bf930-654f-41b3-b4e1-9b252b4e7128,OrderRole.Standalone,OrderType.Market,_default,,PositionEffect.Close,,1368800.0,False,,OrderSide.Sell,OrderStatus.Filled,600016.SH,,TimeInForce.GTC,,,,1358265600000000000,2013-01-15T16:00:00Z
25.91406,31705.85241,1358179200000000000,2013-01-14T16:00:00Z,489400.0,,c1669b9b-703a-48af-99ce-b35f857cb08b,OrderRole.Standalone,OrderType.Market,_default,,PositionEffect.Close,,489400.0,False,,OrderSide.Sell,OrderStatus.Filled,601633.SH,,TimeInForce.GTC,,,,1358265600000000000,2013-01-15T16:00:00Z
35.54551,28311.998715,1358179200000000000,2013-01-14T16:00:00Z,318600.0,,bcffe0af-8dc0-4c54-bc1e-36c18d8d6e6b,OrderRole.Standalone,OrderType.Market,_default,,PositionEffect.Open,,318600.0,False,,OrderSide.Buy,OrderStatus.Filled,000568.SZ,,TimeInForce.GTC,,,,1358265600000000000,2013-01-15T16:00:00Z
28.29827,28425.612215,1358179200000000000,2013-01-14T16:00:00Z,401800.0,,339c8605-afcb-476d-a703-6d479a40048a,OrderRole.Standalone,OrderType.Market,_default,,PositionEffect.Open,,401800.0,False,,OrderSide.Buy,OrderStatus.Filled,000858.SZ,,TimeInForce.GTC,,,,1358265600000000000,2013-01-15T16:00:00Z
29.43941,28409.03065,1358179200000000000,2013-01-14T16:00:00Z,386000.0,,4c7c6d82-402e-43db-a0fc-08f6bb95d307,OrderRole.Standalone,OrderType.Market,_default,,PositionEffect.Open,,386000.0,False,,OrderSide.Buy,OrderStatus.Filled,300316.SZ,,TimeInForce.GTC,,,,1358265600000000000,2013-01-15T16:00:00Z
205.205,27856.57875,1358179200000000000,2013-01-14T16:00:00Z,54300.0,,8ffe9584-08ee-4012-88c9-cde6d7caa29b,OrderRole.Standalone,OrderType.Market,_default,,PositionEffect.Open,,54300.0,False,,OrderSide.Buy,OrderStatus.Filled,600519.SH,,TimeInForce.GTC,,,,1358265600000000000,2013-01-15T16:00:00Z
10.38037,28745.8396225,1358179200000000000,2013-01-14T16:00:00Z,1107700.0,,681e6dda-d8a3-487c-9844-5874b993a91b,OrderRole.Standalone,OrderType.Market,_default,,PositionEffect.Open,,1107700.0,False,,OrderSide.Buy,OrderStatus.Filled,600031.SH,,TimeInForce.GTC,,,,1358265600000000000,2013-01-15T16:00:00Z
30.90906,24619.06629,1361203200000000000,2013-02-18T16:00:00Z,318600.0,,df185026-f749-414e-972d-731f6f45f7e4,OrderRole.Standalone,OrderType.Market,_default,,PositionEffect.Close,,318600.0,False,,OrderSide.Sell,OrderStatus.Filled,000568.SZ,,TimeInForce.GTC,,,,1361289600000000000,2013-02-19T16:00:00Z
24.7752,24886.6884,1361203200000000000,2013-02-18T16:00:00Z,401800.0,,8da99b6b-7f15-4229-adb0-8f0982e11cea,OrderRole.Standalone,OrderType.Market,_default,,PositionEffect.Close,,401800.0,False,,OrderSide.Sell,OrderStatus.Filled,000858.SZ,,TimeInForce.GTC,,,,1361289600000000000,2013-02-19T16:00:00Z
25.88409,24978.14685,1361203200000000000,2013-02-18T16:00:00Z,386000.0,,c1e415c8-a01b-4d08-9a57-4e013d6b3615,OrderRole.Standalone,OrderType.Market,_default,,PositionEffect.Close,,386000.0,False,,OrderSide.Sell,OrderStatus.Filled,300316.SZ,,TimeInForce.GTC,,,,1361289600000000000,2013-02-19T16:00:00Z
11.63835,6005.3886,1361203200000000000,2013-02-18T16:00:00Z,206400.0,,7b0a8f9b-6c8b-4fa2-8fec-8e3da79bca9c,OrderRole.Standalone,OrderType.Market,_default,,PositionEffect.Close,,206400.0,False,,OrderSide.Sell,OrderStatus.Filled,600031.SH,,TimeInForce.GTC,,,,1361289600000000000,2013-02-19T16:00:00Z
176.823,24003.72225,1361203200000000000,2013-02-18T16:00:00Z,54300.0,,baf54b78-8c6c-4964-abc5-c7b9d21f3026,OrderRole.Standalone,OrderType.Market,_default,,PositionEffect.Close,,54300.0,False,,OrderSide.Sell,OrderStatus.Filled,600519.SH,,TimeInForce.GTC,,,,1361289600000000000,2013-02-19T16:00:00Z
2.71271,26374.322975,1361203200000000000,2013-02-18T16:00:00Z,3889000.0,,91119f26-9157-4768-81b6-2008af925325,OrderRole.Standalone,OrderType.Market,_default,,PositionEffect.Open,,3889000.0,False,,OrderSide.Buy,OrderStatus.Filled,600795.SH,,TimeInForce.GTC,,,,1361289600000000000,2013-02-19T16:00:00Z
20.87085,26615.5514625,1361203200000000000,2013-02-18T16:00:00Z,510100.0,,79f2431b-ae5a-41f6-9490-1228c27f03d6,OrderRole.Standalone,OrderType.Market,_default,,PositionEffect.Open,,510100.0,False,,OrderSide.Buy,OrderStatus.Filled,000001.SZ,,TimeInForce.GTC,,,,1361289600000000000,2013-02-19T16:00:00Z
11.19118,26520.298805,1361203200000000000,2013-02-18T16:00:00Z,947900.0,,a88fbaee-5157-4356-9d1b-faaf3af83f37,OrderRole.Standalone,OrderType.Market,_default,,PositionEffect.Open,,947900.0,False,,OrderSide.Buy,OrderStatus.Filled,000002.SZ,,TimeInForce.GTC,,,,1361289600000000000,2013-02-19T16:00:00Z
76.29622,26627.38078,1361203200000000000,2013-02-18T16:00:00Z,139600.0,,9902aca8-06b8-4a8b-998c-9d78c15567fb,OrderRole.Standalone,OrderType.Market,_default,,PositionEffect.Open,,139600.0,False,,OrderSide.Buy,OrderStatus.Filled,000538.SZ,,TimeInForce.GTC,,,,1361289600000000000,2013-02-19T16:00:00Z
11.7882,26563.235175,1361289600000000000,2013-02-19T16:00:00Z,901350.0,,833d7e53-f55e-4b67-8f36-7a9aad71abfa,OrderRole.Standalone,OrderType.Market,_default,,PositionEffect.Close,,901350.0,False,,OrderSide.Sell,OrderStatus.Filled,600031.SH,,TimeInForce.GTC,,,,1361376000000000000,2013-02-20T16:00:00Z
21.40857,27301.2788925,1363622400000000000,2013-03-18T16:00:00Z,510100.0,,c5426c82-f630-40d0-b9e6-84ca3d42d547,OrderRole.Standalone,OrderType.Market,_default,,PositionEffect.Close,,510100.0,False,,OrderSide.Sell,OrderStatus.Filled,000001.SZ,,TimeInForce.GTC,,,,1363708800000000000,2013-03-19T16:00:00Z
10.94904,25946.48754,1363622400000000000,2013-03-18T16:00:00Z,947900.0,,a0dc7b8e-18fd-4ddd-abb2-280eae1ab38f,OrderRole.Standalone,OrderType.Market,_default,,PositionEffect.Close,,947900.0,False,,OrderSide.Sell,OrderStatus.Filled,000002.SZ,,TimeInForce.GTC,,,,1363708800000000000,2013-03-19T16:00:00Z
78.45147,27379.56303,1363622400000000000,2013-03-18T16:00:00Z,139600.0,,b2e28813-184b-4e3d-964e-0aebc4cd04c1,OrderRole.Standalone,OrderType.Market,_default,,PositionEffect.Close,,139600.0,False,,OrderSide.Sell,OrderStatus.Filled,000538.SZ,,TimeInForce.GTC,,,,1363708800000000000,2013-03-19T16:00:00Z
2.997,29138.3325,1363622400000000000,2013-03-18T16:00:00Z,3889000.0,,ec625f64-86f2-41da-a6c1-7f147644b08c,OrderRole.Standalone,OrderType.Market,_default,,PositionEffect.Close,,3889000.0,False,,OrderSide.Sell,OrderStatus.Filled,600795.SH,,TimeInForce.GTC,,,,1363708800000000000,2013-03-19T16:00:00Z
28.53851,26662.1029675,1363622400000000000,2013-03-18T16:00:00Z,373700.0,,ec0a0f4f-b5ae-4845-a78f-b8b8676859dd,OrderRole.Standalone,OrderType.Market,_default,,PositionEffect.Open,,373700.0,False,,OrderSide.Buy,OrderStatus.Filled,000596.SZ,,TimeInForce.GTC,,,,1363708800000000000,2013-03-19T16:00:00Z
11.66165,26859.6953625,1363622400000000000,2013-03-18T16:00:00Z,921300.0,,566840e5-2ccc-4ae8-a40d-bdcc84239644,OrderRole.Standalone,OrderType.Market,_default,,PositionEffect.Open,,921300.0,False,,OrderSide.Buy,OrderStatus.Filled,000657.SZ,,TimeInForce.GTC,,,,1363708800000000000,2013-03-19T16:00:00Z
86.23615,27142.8282125,1363622400000000000,2013-03-18T16:00:00Z,125900.0,,e19923a2-747e-4b9e-a956-f67b6da62fc7,OrderRole.Standalone,OrderType.Market,_default,,PositionEffect.Open,,125900.0,False,,OrderSide.Buy,OrderStatus.Filled,000661.SZ,,TimeInForce.GTC,,,,1363708800000000000,2013-03-19T16:00:00Z
22.41239,27051.75473,1363622400000000000,2013-03-18T16:00:00Z,482800.0,,8973b8cd-85a7-4ba3-a025-056f0db51edf,OrderRole.Standalone,OrderType.Market,_default,,PositionEffect.Open,,482800.0,False,,OrderSide.Buy,OrderStatus.Filled,000858.SZ,,TimeInForce.GTC,,,,1363708800000000000,2013-03-19T16:00:00Z
14.9149,27204.7776,1363622400000000000,2013-03-18T16:00:00Z,729600.0,,81b33a98-0ae3-4dad-a260-d6e400b88942,OrderRole.Standalone,OrderType.Market,_default,,PositionEffect.Open,,729600.0,False,,OrderSide.Buy,OrderStatus.Filled,300059.SZ,,TimeInForce.GTC,,,,1363708800000000000,2013-03-19T16:00:00Z
26.26371,24536.8710675,1366214400000000000,2013-04-17T16:00:00Z,373700.0,,4227556e-04d7-454c-8123-916aa584cce2,OrderRole.Standalone,OrderType.Market,_default,,PositionEffect.Close,,373700.0,False,,OrderSide.Sell,OrderStatus.Filled,000596.SZ,,TimeInForce.GTC,,,,1366300800000000000,2013-04-18T16:00:00Z
11.36862,26184.774015,1366214400000000000,2013-04-17T16:00:00Z,921300.0,,4511df3d-ac4e-4d7d-868f-44e0dbc546f4,OrderRole.Standalone,OrderType.Market,_default,,PositionEffect.Close,,921300.0,False,,OrderSide.Sell,OrderStatus.Filled,000657.SZ,,TimeInForce.GTC,,,,1366300800000000000,2013-04-18T16:00:00Z
92.4075,15501.358125,1366214400000000000,2013-04-17T16:00:00Z,67100.0,,7d2e0d7a-1cbe-4d03-b335-5fb9095bf352,OrderRole.Standalone,OrderType.Market,_default,,PositionEffect.Close,,67100.0,False,,OrderSide.Sell,OrderStatus.Filled,000661.SZ,,TimeInForce.GTC,,,,1366300800000000000,2013-04-18T16:00:00Z
22.28769,26901.24183,1366214400000000000,2013-04-17T16:00:00Z,482800.0,,a099b592-3975-47a9-b9d8-58f55aecd4d7,OrderRole.Standalone,OrderType.Market,_default,,PositionEffect.Close,,482800.0,False,,OrderSide.Sell,OrderStatus.Filled,000858.SZ,,TimeInForce.GTC,,,,1366300800000000000,2013-04-18T16:00:00Z
16.63335,30339.2304,1366214400000000000,2013-04-17T16:00:00Z,729600.0,,b692609d-fc9e-4d77-8d8d-1b0750156d32,OrderRole.Standalone,OrderType.Market,_default,,PositionEffect.Close,,729600.0,False,,OrderSide.Sell,OrderStatus.Filled,300059.SZ,,TimeInForce.GTC,,,,1366300800000000000,2013-04-18T16:00:00Z
17.97796,13658.75511,1366214400000000000,2013-04-17T16:00:00Z,303900.0,,c16821db-1ab2-44bb-9850-fe945d8ca4ac,OrderRole.Standalone,OrderType.Market,_default,,PositionEffect.Open,,303900.0,False,,OrderSide.Buy,OrderStatus.Filled,600309.SH,,TimeInForce.GTC,,,,1366300800000000000,2013-04-18T16:00:00Z
31.22119,13784.155385,1366214400000000000,2013-04-17T16:00:00Z,176600.0,,851a54e9-6deb-4c54-bd80-80becd9b4f74,OrderRole.Standalone,OrderType.Market,_default,,PositionEffect.Open,,176600.0,False,,OrderSide.Buy,OrderStatus.Filled,600887.SH,,TimeInForce.GTC,,,,1366300800000000000,2013-04-18T16:00:00Z
11.75174,13723.094385,1366214400000000000,2013-04-17T16:00:00Z,467100.0,,4992537a-9ff4-4c5d-a922-1901a25be959,OrderRole.Standalone,OrderType.Market,_default,,PositionEffect.Open,,467100.0,False,,OrderSide.Buy,OrderStatus.Filled,000002.SZ,,TimeInForce.GTC,,,,1366300800000000000,2013-04-18T16:00:00Z
85.34526,13697.91423,1366214400000000000,2013-04-17T16:00:00Z,64200.0,,b85bd414-f33c-46ef-8625-2ef559206220,OrderRole.Standalone,OrderType.Market,_default,,PositionEffect.Open,,64200.0,False,,OrderSide.Buy,OrderStatus.Filled,000538.SZ,,TimeInForce.GTC,,,,1366300800000000000,2013-04-18T16:00:00Z
10.39038,13676.337675,1366214400000000000,2013-04-17T16:00:00Z,526500.0,,60a53d46-3f32-4cdb-ba11-aaad3124fc57,OrderRole.Standalone,OrderType.Market,_default,,PositionEffect.Open,,526500.0,False,,OrderSide.Buy,OrderStatus.Filled,000625.SZ,,TimeInForce.GTC,,,,1366300800000000000,2013-04-18T16:00:00Z
78.95888,13798.06428,1366214400000000000,2013-04-17T16:00:00Z,69900.0,,2d588fd9-26ad-42c7-8758-f2c2cd78b4a6,OrderRole.Standalone,OrderType.Market,_default,,PositionEffect.Open,,69900.0,False,,OrderSide.Buy,OrderStatus.Filled,000895.SZ,,TimeInForce.GTC,,,,1366300800000000000,2013-04-18T16:00:00Z
36.6366,13674.61095,1366214400000000000,2013-04-17T16:00:00Z,149300.0,,1c7278cc-c204-49de-bc8f-1ba281aa5bc4,OrderRole.Standalone,OrderType.Market,_default,,PositionEffect.Open,,149300.0,False,,OrderSide.Buy,OrderStatus.Filled,002236.SZ,,TimeInForce.GTC,,,,1366300800000000000,2013-04-18T16:00:00Z
48.7487,13674.01035,1366214400000000000,2013-04-17T16:00:00Z,112200.0,,b2683d04-dd9a-4d1d-a3b6-7a87d95e85ba,OrderRole.Standalone,OrderType.Market,_default,,PositionEffect.Open,,112200.0,False,,OrderSide.Buy,OrderStatus.Filled,002241.SZ,,TimeInForce.GTC,,,,1366300800000000000,2013-04-18T16:00:00Z
81.34126,13665.33168,1366214400000000000,2013-04-17T16:00:00Z,67200.0,,658ee8f6-6a42-46a0-8fca-9df05f5263cc,OrderRole.Standalone,OrderType.Market,_default,,PositionEffect.Open,,67200.0,False,,OrderSide.Buy,OrderStatus.Filled,002353.SZ,,TimeInForce.GTC,,,,1366300800000000000,2013-04-18T16:00:00Z
93.4065,13730.7555,1366300800000000000,2013-04-18T16:00:00Z,58800.0,,009aa5d4-0313-4b80-bdbe-a0e5c96800f9,OrderRole.Standalone,OrderType.Market,_default,,PositionEffect.Close,,58800.0,False,,OrderSide.Sell,OrderStatus.Filled,000661.SZ,,TimeInForce.GTC,,,,1366560000000000000,2013-04-21T16:00:00Z
11.97801,13987.3211775,1369065600000000000,2013-05-20T16:00:00Z,467100.0,,70e0e2a5-06f6-43b6-8e0f-631cb1b46043,OrderRole.Standalone,OrderType.Market,_default,,PositionEffect.Close,,467100.0,False,,OrderSide.Sell,OrderStatus.Filled,000002.SZ,,TimeInForce.GTC,,,,1369152000000000000,2013-05-21T16:00:00Z
85.40451,13707.423855,1369065600000000000,2013-05-20T16:00:00Z,64200.0,,7be6e49c-c9da-4d6c-ae47-b8e152ce051c,OrderRole.Standalone,OrderType.Market,_default,,PositionEffect.Close,,64200.0,False,,OrderSide.Sell,OrderStatus.Filled,000538.SZ,,TimeInForce.GTC,,,,1369152000000000000,2013-05-21T16:00:00Z
10.2897,13543.817625,1369065600000000000,2013-05-20T16:00:00Z,526500.0,,47af4385-d03e-4984-9792-fda9a008c45c,OrderRole.Standalone,OrderType.Market,_default,,PositionEffect.Close,,526500.0,False,,OrderSide.Sell,OrderStatus.Filled,000625.SZ,,TimeInForce.GTC,,,,1369152000000000000,2013-05-21T16:00:00Z
39.0609,13651.78455,1369065600000000000,2013-05-20T16:00:00Z,139800.0,,320fc123-f8ac-4cc5-9956-0fb35a0f64e3,OrderRole.Standalone,OrderType.Market,_default,,PositionEffect.Close,,139800.0,False,,OrderSide.Sell,OrderStatus.Filled,000895.SZ,,TimeInForce.GTC,,,,1369152000000000000,2013-05-21T16:00:00Z
42.98697,16044.8865525,1369065600000000000,2013-05-20T16:00:00Z,149300.0,,c6831f69-419a-4da5-b21d-9eb1f17fba8b,OrderRole.Standalone,OrderType.Market,_default,,PositionEffect.Close,,149300.0,False,,OrderSide.Sell,OrderStatus.Filled,002236.SZ,,TimeInForce.GTC,,,,1369152000000000000,2013-05-21T16:00:00Z
39.51045,2153.319525,1369065600000000000,2013-05-20T16:00:00Z,21800.0,,ba0fed23-2b0e-4e0b-a5c0-c24959dc7c3d,OrderRole.Standalone,OrderType.Market,_default,,PositionEffect.Close,,21800.0,False,,OrderSide.Sell,OrderStatus.Filled,002241.SZ,,TimeInForce.GTC,,,,1369152000000000000,2013-05-21T16:00:00Z
14.985,3.74625,1369065600000000000,2013-05-20T16:00:00Z,100.0,,dde12f72-a11b-47b9-a368-824775a795b7,OrderRole.Standalone,OrderType.Market,_default,,PositionEffect.Close,,100.0,False,,OrderSide.Sell,OrderStatus.Filled,002311.SZ,,TimeInForce.GTC,,,,1369152000000000000,2013-05-21T16:00:00Z
87.2127,14651.7336,1369065600000000000,2013-05-20T16:00:00Z,67200.0,,93a46809-66bd-4bb4-a52a-89799545ede0,OrderRole.Standalone,OrderType.Market,_default,,PositionEffect.Close,,67200.0,False,,OrderSide.Sell,OrderStatus.Filled,002353.SZ,,TimeInForce.GTC,,,,1369152000000000000,2013-05-21T16:00:00Z
18.00198,13677.004305,1369065600000000000,2013-05-20T16:00:00Z,303900.0,,688952c3-a716-4615-bea7-663453818180,OrderRole.Standalone,OrderType.Market,_default,,PositionEffect.Close,,303900.0,False,,OrderSide.Sell,OrderStatus.Filled,600309.SH,,TimeInForce.GTC,,,,1369152000000000000,2013-05-21T16:00:00Z
28.65132,12649.55778,1369065600000000000,2013-05-20T16:00:00Z,176600.0,,7ff3d981-bb30-4ae2-bd96-f049b9407388,OrderRole.Standalone,OrderType.Market,_default,,PositionEffect.Close,,176600.0,False,,OrderSide.Sell,OrderStatus.Filled,600887.SH,,TimeInForce.GTC,,,,1369152000000000000,2013-05-21T16:00:00Z
36.02599,16175.66951,1369065600000000000,2013-05-20T16:00:00Z,179600.0,,eb4e6934-bfd2-4dca-867b-1ceae74e2a0f,OrderRole.Standalone,OrderType.Market,_default,,PositionEffect.Open,,179600.0,False,,OrderSide.Buy,OrderStatus.Filled,002594.SZ,,TimeInForce.GTC,,,,1369152000000000000,2013-05-21T16:00:00Z
11.77176,15809.47368,1369065600000000000,2013-05-20T16:00:00Z,537200.0,,ee184c19-f350-4e11-bf95-cf4500af5d44,OrderRole.Standalone,OrderType.Market,_default,,PositionEffect.Open,,537200.0,False,,OrderSide.Buy,OrderStatus.Filled,300059.SZ,,TimeInForce.GTC,,,,1369152000000000000,2013-05-21T16:00:00Z
35.5355,15893.252375,1369065600000000000,2013-05-20T16:00:00Z,178900.0,,9ce3117f-b997-4cc5-92c7-0bbfe0312f7f,OrderRole.Standalone,OrderType.Market,_default,,PositionEffect.Open,,178900.0,False,,OrderSide.Buy,OrderStatus.Filled,300124.SZ,,TimeInForce.GTC,,,,1369152000000000000,2013-05-21T16:00:00Z
34.01398,15739.969245,1369065600000000000,2013-05-20T16:00:00Z,185100.0,,5dd6995f-75df-4b52-8497-963bd24b020d,OrderRole.Standalone,OrderType.Market,_default,,PositionEffect.Open,,185100.0,False,,OrderSide.Buy,OrderStatus.Filled,300251.SZ,,TimeInForce.GTC,,,,1369152000000000000,2013-05-21T16:00:00Z
53.10305,16076.9483875,1369065600000000000,2013-05-20T16:00:00Z,121100.0,,43384a24-7c5e-4c8b-92cb-836235d69e6a,OrderRole.Standalone,OrderType.Market,_default,,PositionEffect.Open,,121100.0,False,,OrderSide.Buy,OrderStatus.Filled,300347.SZ,,TimeInForce.GTC,,,,1369152000000000000,2013-05-21T16:00:00Z
36.2362,16088.8728,1369065600000000000,2013-05-20T16:00:00Z,177600.0,,33c27e1d-da2f-4e08-be27-ac05e9c981fb,OrderRole.Standalone,OrderType.Market,_default,,PositionEffect.Open,,177600.0,False,,OrderSide.Buy,OrderStatus.Filled,600332.SH,,TimeInForce.GTC,,,,1369152000000000000,2013-05-21T16:00:00Z
23.48346,15962.881935,1369065600000000000,2013-05-20T16:00:00Z,271900.0,,8720b70c-99ee-41db-9418-8b6270808238,OrderRole.Standalone,OrderType.Market,_default,,PositionEffect.Open,,271900.0,False,,OrderSide.Buy,OrderStatus.Filled,600406.SH,,TimeInForce.GTC,,,,1369152000000000000,2013-05-21T16:00:00Z
9.5095,15985.4695,1369065600000000000,2013-05-20T16:00:00Z,672400.0,,3bc86547-81f5-42c2-9e6d-662933c17ecf,OrderRole.Standalone,OrderType.Market,_default,,PositionEffect.Open,,672400.0,False,,OrderSide.Buy,OrderStatus.Filled,600515.SH,,TimeInForce.GTC,,,,1369152000000000000,2013-05-21T16:00:00Z
38.51145,17345.55708,1369152000000000000,2013-05-21T16:00:00Z,180160.0,,fb06148c-07e0-427c-954a-8e460f73fd3d,OrderRole.Standalone,OrderType.Market,_default,,PositionEffect.Close,,180160.0,False,,OrderSide.Sell,OrderStatus.Filled,002241.SZ,,TimeInForce.GTC,,,,1369238400000000000,2013-05-22T16:00:00Z
32.2677,14488.1973,1371744000000000000,2013-06-20T16:00:00Z,179600.0,,c5398ed9-765a-4620-a11d-d831da2d2618,OrderRole.Standalone,OrderType.Market,_default,,PositionEffect.Close,,179600.0,False,,OrderSide.Sell,OrderStatus.Filled,002594.SZ,,TimeInForce.GTC,,,,1372003200000000000,2013-06-23T16:00:00Z
10.16982,13658.06826,1371744000000000000,2013-06-20T16:00:00Z,537200.0,,eeed2a89-6df9-4637-bfd0-93fc769a39ec,OrderRole.Standalone,OrderType.Market,_default,,PositionEffect.Close,,537200.0,False,,OrderSide.Sell,OrderStatus.Filled,300059.SZ,,TimeInForce.GTC,,,,1372003200000000000,2013-06-23T16:00:00Z
33.966,15191.2935,1371744000000000000,2013-06-20T16:00:00Z,178900.0,,36177e5e-73d6-4664-b395-d5ff2d08a8dc,OrderRole.Standalone,OrderType.Market,_default,,PositionEffect.Close,,178900.0,False,,OrderSide.Sell,OrderStatus.Filled,300124.SZ,,TimeInForce.GTC,,,,1372003200000000000,2013-06-23T16:00:00Z
51.17877,15494.3726175,1371744000000000000,2013-06-20T16:00:00Z,121100.0,,8e9c377d-cd58-45ab-92ca-1a4372fce6ba,OrderRole.Standalone,OrderType.Market,_default,,PositionEffect.Close,,121100.0,False,,OrderSide.Sell,OrderStatus.Filled,300347.SZ,,TimeInForce.GTC,,,,1372003200000000000,2013-06-23T16:00:00Z
32.967,14637.348,1371744000000000000,2013-06-20T16:00:00Z,177600.0,,33003bff-a185-458f-ac07-d4a72b94863d,OrderRole.Standalone,OrderType.Market,_default,,PositionEffect.Close,,177600.0,False,,OrderSide.Sell,OrderStatus.Filled,600332.SH,,TimeInForce.GTC,,,,1372003200000000000,2013-06-23T16:00:00Z
14.46552,13763.94228,1371744000000000000,2013-06-20T16:00:00Z,380600.0,,85b49b5a-6d71-4899-a66f-20c9d184635c,OrderRole.Standalone,OrderType.Market,_default,,PositionEffect.Close,,380600.0,False,,OrderSide.Sell,OrderStatus.Filled,600406.SH,,TimeInForce.GTC,,,,1372003200000000000,2013-06-23T16:00:00Z
7.74225,13014.72225,1371744000000000000,2013-06-20T16:00:00Z,672400.0,,dfb6451c-6d06-471c-abe2-a4d849c2792f,OrderRole.Standalone,OrderType.Market,_default,,PositionEffect.Close,,672400.0,False,,OrderSide.Sell,OrderStatus.Filled,600515.SH,,TimeInForce.GTC,,,,1372003200000000000,2013-06-23T16:00:00Z
18.3183,19353.28395,1371744000000000000,2013-06-20T16:00:00Z,422600.0,,6ac253af-5774-4b01-90d8-956479765a0f,OrderRole.Standalone,OrderType.Market,_default,,PositionEffect.Open,,422600.0,False,,OrderSide.Buy,OrderStatus.Filled,600893.SH,,TimeInForce.GTC,,,,1372003200000000000,2013-06-23T16:00:00Z
19.57956,19329.92061,1371744000000000000,2013-06-20T16:00:00Z,394900.0,,5d1a3634-dd4e-4b8e-88e9-7c5c4410127c,OrderRole.Standalone,OrderType.Market,_default,,PositionEffect.Open,,394900.0,False,,OrderSide.Buy,OrderStatus.Filled,002129.SZ,,TimeInForce.GTC,,,,1372003200000000000,2013-06-23T16:00:00Z
46.3463,19361.166825,1371744000000000000,2013-06-20T16:00:00Z,167100.0,,bb34a4cc-841c-4baa-9ab0-774fa29023ff,OrderRole.Standalone,OrderType.Market,_default,,PositionEffect.Open,,167100.0,False,,OrderSide.Buy,OrderStatus.Filled,002230.SZ,,TimeInForce.GTC,,,,1372003200000000000,2013-06-23T16:00:00Z
72.85278,19214.920725,1371744000000000000,2013-06-20T16:00:00Z,105500.0,,6871841e-7db5-4806-abcb-32f124fed60f,OrderRole.Standalone,OrderType.Market,_default,,PositionEffect.Open,,105500.0,False,,OrderSide.Buy,OrderStatus.Filled,002353.SZ,,TimeInForce.GTC,,,,1372003200000000000,2013-06-23T16:00:00Z
15.4154,19427.25785,1371744000000000000,2013-06-20T16:00:00Z,504100.0,,ce15d974-e2d2-4593-867a-8d4e2693a318,OrderRole.Standalone,OrderType.Market,_default,,PositionEffect.Open,,504100.0,False,,OrderSide.Buy,OrderStatus.Filled,300223.SZ,,TimeInForce.GTC,,,,1372003200000000000,2013-06-23T16:00:00Z
15.49548,19214.3952,1371744000000000000,2013-06-20T16:00:00Z,496000.0,,da1ddb5f-b4b2-46e9-b398-9ba2c98a9652,OrderRole.Standalone,OrderType.Market,_default,,PositionEffect.Open,,496000.0,False,,OrderSide.Buy,OrderStatus.Filled,302132.SZ,,TimeInForce.GTC,,,,1372003200000000000,2013-06-23T16:00:00Z
36.20617,1810.3085,1371744000000000000,2013-06-20T16:00:00Z,20000.0,,06280732-8b56-48f0-ba84-588a62e60cee,OrderRole.Standalone,OrderType.Market,_default,,PositionEffect.Open,,20000.0,False,,OrderSide.Buy,OrderStatus.Filled,300251.SZ,,TimeInForce.GTC,,,,1372003200000000000,2013-06-23T16:00:00Z
31.95801,16386.4696275,1372003200000000000,2013-06-23T16:00:00Z,205100.0,,dbfe3a19-8de8-4605-a3d5-f01a1fa8eace,OrderRole.Standalone,OrderType.Market,_default,,PositionEffect.Close,,205100.0,False,,OrderSide.Sell,OrderStatus.Filled,300251.SZ,,TimeInForce.GTC,,,,1372089600000000000,2013-06-24T16:00:00Z
18.16182,17930.256795,1374163200000000000,2013-07-18T16:00:00Z,394900.0,,f277ec56-ee9c-4e46-8e22-8396529e098a,OrderRole.Standalone,OrderType.Market,_default,,PositionEffect.Close,,394900.0,False,,OrderSide.Sell,OrderStatus.Filled,002129.SZ,,TimeInForce.GTC,,,,1374422400000000000,2013-07-21T16:00:00Z
56.27367,10002.6448425,1374163200000000000,2013-07-18T16:00:00Z,71100.0,,d9789e36-c981-4626-89e4-279d29f49e4b,OrderRole.Standalone,OrderType.Market,_default,,PositionEffect.Close,,71100.0,False,,OrderSide.Sell,OrderStatus.Filled,002230.SZ,,TimeInForce.GTC,,,,1374422400000000000,2013-07-21T16:00:00Z
70.929,18707.52375,1374163200000000000,2013-07-18T16:00:00Z,105500.0,,9c957707-3a26-4a45-815b-a553cf50c05f,OrderRole.Standalone,OrderType.Market,_default,,PositionEffect.Close,,105500.0,False,,OrderSide.Sell,OrderStatus.Filled,002353.SZ,,TimeInForce.GTC,,,,1374422400000000000,2013-07-21T16:00:00Z
21.08889,26577.2736225,1374163200000000000,2013-07-18T16:00:00Z,504100.0,,b47bb2bc-d057-4c1f-85f2-f58f2c3fff5f,OrderRole.Standalone,OrderType.Market,_default,,PositionEffect.Close,,504100.0,False,,OrderSide.Sell,OrderStatus.Filled,300223.SZ,,TimeInForce.GTC,,,,1374422400000000000,2013-07-21T16:00:00Z
13.21677,16388.7948,1374163200000000000,2013-07-18T16:00:00Z,496000.0,,b4f0aabf-9eb7-4a7f-ba7c-9aecee0274a5,OrderRole.Standalone,OrderType.Market,_default,,PositionEffect.Close,,496000.0,False,,OrderSide.Sell,OrderStatus.Filled,302132.SZ,,TimeInForce.GTC,,,,1374422400000000000,2013-07-21T16:00:00Z
16.13385,3392.1419625,1374163200000000000,2013-07-18T16:00:00Z,84100.0,,1137cbda-4c33-4928-8fa4-518875e6c75a,OrderRole.Standalone,OrderType.Market,_default,,PositionEffect.Close,,84100.0,False,,OrderSide.Sell,OrderStatus.Filled,600893.SH,,TimeInForce.GTC,,,,1374422400000000000,2013-07-21T16:00:00Z
21.3213,13523.034525,1374163200000000000,2013-07-18T16:00:00Z,253700.0,,b165d1cd-a0b3-48df-9bbf-1478fbfae9f3,OrderRole.Standalone,OrderType.Market,_default,,PositionEffect.Open,,253700.0,False,,OrderSide.Buy,OrderStatus.Filled,002252.SZ,,TimeInForce.GTC,,,,1374422400000000000,2013-07-21T16:00:00Z
21.6216,13427.0136,1374163200000000000,2013-07-18T16:00:00Z,248400.0,,7d56bf83-43fd-4855-8835-4e3628426088,OrderRole.Standalone,OrderType.Market,_default,,PositionEffect.Open,,248400.0,False,,OrderSide.Buy,OrderStatus.Filled,002410.SZ,,TimeInForce.GTC,,,,1374422400000000000,2013-07-21T16:00:00Z
28.028,14231.217,1374163200000000000,2013-07-18T16:00:00Z,203100.0,,5febaec5-3710-42a5-b3d4-25936f37d8d4,OrderRole.Standalone,OrderType.Market,_default,,PositionEffect.Open,,203100.0,False,,OrderSide.Buy,OrderStatus.Filled,300033.SZ,,TimeInForce.GTC,,,,1374422400000000000,2013-07-21T16:00:00Z
17.89788,13597.91433,1374163200000000000,2013-07-18T16:00:00Z,303900.0,,2f284ced-ba9a-4685-845e-f1cc695e9855,OrderRole.Standalone,OrderType.Market,_default,,PositionEffect.Open,,303900.0,False,,OrderSide.Buy,OrderStatus.Filled,300059.SZ,,TimeInForce.GTC,,,,1374422400000000000,2013-07-21T16:00:00Z
40.04,13673.66,1374163200000000000,2013-07-18T16:00:00Z,136600.0,,2988cdca-0f4d-46b9-b7cc-657dbeeeadb5,OrderRole.Standalone,OrderType.Market,_default,,PositionEffect.Open,,136600.0,False,,OrderSide.Buy,OrderStatus.Filled,300124.SZ,,TimeInForce.GTC,,,,1374422400000000000,2013-07-21T16:00:00Z
38.64861,13874.85099,1374163200000000000,2013-07-18T16:00:00Z,143600.0,,968b7292-757f-4f3a-ad0f-bd4a97233401,OrderRole.Standalone,OrderType.Market,_default,,PositionEffect.Open,,143600.0,False,,OrderSide.Buy,OrderStatus.Filled,300251.SZ,,TimeInForce.GTC,,,,1374422400000000000,2013-07-21T16:00:00Z
61.07101,13450.8899525,1374163200000000000,2013-07-18T16:00:00Z,88100.0,,a287e1fc-cc5b-4c8c-af34-72b31e783e6a,OrderRole.Standalone,OrderType.Market,_default,,PositionEffect.Open,,88100.0,False,,OrderSide.Buy,OrderStatus.Filled,300347.SZ,,TimeInForce.GTC,,,,1374422400000000000,2013-07-21T16:00:00Z
29.67965,13593.2797,1374163200000000000,2013-07-18T16:00:00Z,183200.0,,9105b2e3-6109-48ab-8ecc-c1f444207097,OrderRole.Standalone,OrderType.Market,_default,,PositionEffect.Open,,183200.0,False,,OrderSide.Buy,OrderStatus.Filled,300014.SZ,,TimeInForce.GTC,,,,1374422400000000000,2013-07-21T16:00:00Z
57.70224,13848.5376,1374422400000000000,2013-07-21T16:00:00Z,96000.0,,0c4a8303-387e-4cc5-b1a1-1740ff18ba70,OrderRole.Standalone,OrderType.Market,_default,,PositionEffect.Close,,96000.0,False,,OrderSide.Sell,OrderStatus.Filled,002230.SZ,,TimeInForce.GTC,,,,1374508800000000000,2013-07-22T16:00:00Z
16.2837,13780.081125,1374422400000000000,2013-07-21T16:00:00Z,338500.0,,8acabb83-2862-4cb5-888f-237f815de05f,OrderRole.Standalone,OrderType.Market,_default,,PositionEffect.Close,,338500.0,False,,OrderSide.Sell,OrderStatus.Filled,600893.SH,,TimeInForce.GTC,,,,1374508800000000000,2013-07-22T16:00:00Z
22.05792,13990.23576,1376582400000000000,2013-08-15T16:00:00Z,253700.0,,f6aaab65-ecfb-477c-9163-ba52a28805ce,OrderRole.Standalone,OrderType.Market,_default,,PositionEffect.Close,,253700.0,False,,OrderSide.Sell,OrderStatus.Filled,002252.SZ,,TimeInForce.GTC,,,,1376841600000000000,2013-08-18T16:00:00Z
28.8711,13222.9638,1376582400000000000,2013-08-15T16:00:00Z,183200.0,,0a37005f-de41-4c54-8d1d-3c8ce339497c,OrderRole.Standalone,OrderType.Market,_default,,PositionEffect.Close,,183200.0,False,,OrderSide.Sell,OrderStatus.Filled,300014.SZ,,TimeInForce.GTC,,,,1376841600000000000,2013-08-18T16:00:00Z
39.73023,13567.873545,1376582400000000000,2013-08-15T16:00:00Z,136600.0,,8142a083-aa7c-44f3-8c05-2fd9f632d3c4,OrderRole.Standalone,OrderType.Market,_default,,PositionEffect.Close,,136600.0,False,,OrderSide.Sell,OrderStatus.Filled,300124.SZ,,TimeInForce.GTC,,,,1376841600000000000,2013-08-18T16:00:00Z
20.5205,15964.949,1376582400000000000,2013-08-15T16:00:00Z,311200.0,,38460c36-01cd-40f0-b403-78392b28da03,OrderRole.Standalone,OrderType.Market,_default,,PositionEffect.Open,,311200.0,False,,OrderSide.Buy,OrderStatus.Filled,300223.SZ,,TimeInForce.GTC,,,,1376841600000000000,2013-08-18T16:00:00Z
36.4364,3251.9487,1376582400000000000,2013-08-15T16:00:00Z,35700.0,,252c9a05-cede-4c6d-87ef-60d9a5276c90,OrderRole.Standalone,OrderType.Market,_default,,PositionEffect.Open,,35700.0,False,,OrderSide.Buy,OrderStatus.Filled,300251.SZ,,TimeInForce.GTC,,,,1376841600000000000,2013-08-18T16:00:00Z
9.08908,16403.51713,1376582400000000000,2013-08-15T16:00:00Z,721900.0,,c71a4b97-4440-42ac-9d06-586a081ccc3d,OrderRole.Standalone,OrderType.Market,_default,,PositionEffect.Open,,721900.0,False,,OrderSide.Buy,OrderStatus.Filled,300308.SZ,,TimeInForce.GTC,,,,1376841600000000000,2013-08-18T16:00:00Z
53.96391,4505.986485,1376582400000000000,2013-08-15T16:00:00Z,33400.0,,c0bbeb8a-9c6f-41b3-aeac-0793c8bc0eec,OrderRole.Standalone,OrderType.Market,_default,,PositionEffect.Open,,33400.0,False,,OrderSide.Buy,OrderStatus.Filled,300347.SZ,,TimeInForce.GTC,,,,1376841600000000000,2013-08-18T16:00:00Z
47.9479,16470.10365,1376582400000000000,2013-08-15T16:00:00Z,137400.0,,4b2bc75c-ca72-4797-b549-3b32ed3f7167,OrderRole.Standalone,OrderType.Market,_default,,PositionEffect.Open,,137400.0,False,,OrderSide.Buy,OrderStatus.Filled,002230.SZ,,TimeInForce.GTC,,,,1376841600000000000,2013-08-18T16:00:00Z
15.23522,4688.638955,1376582400000000000,2013-08-15T16:00:00Z,123100.0,,f1593a83-e320-45d6-b9a6-e1b54d7d631f,OrderRole.Standalone,OrderType.Market,_default,,PositionEffect.Open,,123100.0,False,,OrderSide.Buy,OrderStatus.Filled,300059.SZ,,TimeInForce.GTC,,,,1376841600000000000,2013-08-18T16:00:00Z
24.80478,3540.882345,1376582400000000000,2013-08-15T16:00:00Z,57100.0,,94d8854d-277d-48b6-86a7-446c36772db6,OrderRole.Standalone,OrderType.Market,_default,,PositionEffect.Open,,57100.0,False,,OrderSide.Buy,OrderStatus.Filled,300033.SZ,,TimeInForce.GTC,,,,1376841600000000000,2013-08-18T16:00:00Z
22.73271,2131.1915625,1376582400000000000,2013-08-15T16:00:00Z,37500.0,,c82716a7-f21b-451f-bda7-0aafeb94c376,OrderRole.Standalone,OrderType.Market,_default,,PositionEffect.Open,,37500.0,False,,OrderSide.Buy,OrderStatus.Filled,002410.SZ,,TimeInForce.GTC,,,,1376841600000000000,2013-08-18T16:00:00Z
23.23674,16608.459915,1376841600000000000,2013-08-18T16:00:00Z,285900.0,,810a9ed7-0104-4744-8d52-b425df5ccf96,OrderRole.Standalone,OrderType.Market,_default,,PositionEffect.Close,,285900.0,False,,OrderSide.Sell,OrderStatus.Filled,002410.SZ,,TimeInForce.GTC,,,,1376928000000000000,2013-08-19T16:00:00Z
25.19478,16389.20439,1376841600000000000,2013-08-18T16:00:00Z,260200.0,,c1fdc3ba-9c3d-4bc5-b68f-19114289b527,OrderRole.Standalone,OrderType.Market,_default,,PositionEffect.Close,,260200.0,False,,OrderSide.Sell,OrderStatus.Filled,300033.SZ,,TimeInForce.GTC,,,,1376928000000000000,2013-08-19T16:00:00Z
15.42456,16465.7178,1376841600000000000,2013-08-18T16:00:00Z,427000.0,,1aa2fda3-9776-4cfe-a9f1-9e647c93837d,OrderRole.Standalone,OrderType.Market,_default,,PositionEffect.Close,,427000.0,False,,OrderSide.Sell,OrderStatus.Filled,300059.SZ,,TimeInForce.GTC,,,,1376928000000000000,2013-08-19T16:00:00Z
37.97199,17020.9445175,1376841600000000000,2013-08-18T16:00:00Z,179300.0,,7d690454-18e4-4c35-8e58-e5cbc09571d8,OrderRole.Standalone,OrderType.Market,_default,,PositionEffect.Close,,179300.0,False,,OrderSide.Sell,OrderStatus.Filled,300251.SZ,,TimeInForce.GTC,,,,1376928000000000000,2013-08-19T16:00:00Z
56.89305,17281.2639375,1376841600000000000,2013-08-18T16:00:00Z,121500.0,,0844a6c5-efec-4ae3-a5ea-e59a17f4e437,OrderRole.Standalone,OrderType.Market,_default,,PositionEffect.Close,,121500.0,False,,OrderSide.Sell,OrderStatus.Filled,300347.SZ,,TimeInForce.GTC,,,,1376928000000000000,2013-08-19T16:00:00Z
44.94501,15438.610935,1379001600000000000,2013-09-12T16:00:00Z,137400.0,,4cf0bc5d-ff88-4d53-9894-7db3642730db,OrderRole.Standalone,OrderType.Market,_default,,PositionEffect.Close,,137400.0,False,,OrderSide.Sell,OrderStatus.Filled,002230.SZ,,TimeInForce.GTC,,,,1379260800000000000,2013-09-15T16:00:00Z
25.18479,19593.76662,1379001600000000000,2013-09-12T16:00:00Z,311200.0,,7cfcc763-3ded-42f6-b9aa-d12b15f094b7,OrderRole.Standalone,OrderType.Market,_default,,PositionEffect.Close,,311200.0,False,,OrderSide.Sell,OrderStatus.Filled,300223.SZ,,TimeInForce.GTC,,,,1379260800000000000,2013-09-15T16:00:00Z
9.44055,17037.8326125,1379001600000000000,2013-09-12T16:00:00Z,721900.0,,6f57f286-c9b5-4f17-b2d1-6efd76fbd6fb,OrderRole.Standalone,OrderType.Market,_default,,PositionEffect.Close,,721900.0,False,,OrderSide.Sell,OrderStatus.Filled,300308.SZ,,TimeInForce.GTC,,,,1379260800000000000,2013-09-15T16:00:00Z
13.30329,27115.4308425,1379001600000000000,2013-09-12T16:00:00Z,815300.0,,c8b26be7-e427-4702-b92b-a60f31b1c00c,OrderRole.Standalone,OrderType.Market,_default,,PositionEffect.Open,,815300.0,False,,OrderSide.Buy,OrderStatus.Filled,600588.SH,,TimeInForce.GTC,,,,1379260800000000000,2013-09-15T16:00:00Z
2.89289,27251.7470225,1379001600000000000,2013-09-12T16:00:00Z,3768100.0,,022bb60a-6ba9-4b1a-a9b5-03df05a3f224,OrderRole.Standalone,OrderType.Market,_default,,PositionEffect.Open,,3768100.0,False,,OrderSide.Buy,OrderStatus.Filled,601390.SH,,TimeInForce.GTC,,,,1379260800000000000,2013-09-15T16:00:00Z
1.92192,27157.21008,1379001600000000000,2013-09-12T16:00:00Z,5652100.0,,6e5352d3-582e-4a10-a23d-ba14fc538c14,OrderRole.Standalone,OrderType.Market,_default,,PositionEffect.Open,,5652100.0,False,,OrderSide.Buy,OrderStatus.Filled,601618.SH,,TimeInForce.GTC,,,,1379260800000000000,2013-09-15T16:00:00Z
24.80478,27353.471145,1379001600000000000,2013-09-12T16:00:00Z,441100.0,,51d971a0-d8bd-417b-8345-6c5b9ab81ea8,OrderRole.Standalone,OrderType.Market,_default,,PositionEffect.Open,,441100.0,False,,OrderSide.Buy,OrderStatus.Filled,000938.SZ,,TimeInForce.GTC,,,,1379260800000000000,2013-09-15T16:00:00Z
27.03701,26915.343455,1379001600000000000,2013-09-12T16:00:00Z,398200.0,,37ee0ebc-d4cf-46d6-abb9-9781d17e1a6b,OrderRole.Standalone,OrderType.Market,_default,,PositionEffect.Open,,398200.0,False,,OrderSide.Buy,OrderStatus.Filled,300033.SZ,,TimeInForce.GTC,,,,1379260800000000000,2013-09-15T16:00:00Z
24.7752,12003.5844,1382371200000000000,2013-10-21T16:00:00Z,193800.0,,39a98df9-dbd4-45cc-88f4-49636d327159,OrderRole.Standalone,OrderType.Market,_default,,PositionEffect.Close,,193800.0,False,,OrderSide.Sell,OrderStatus.Filled,000938.SZ,,TimeInForce.GTC,,,,1382457600000000000,2013-10-22T16:00:00Z
26.44353,11324.4417225,1382371200000000000,2013-10-21T16:00:00Z,171300.0,,4091ee8e-beda-4118-a0dc-84507f006348,OrderRole.Standalone,OrderType.Market,_default,,PositionEffect.Close,,171300.0,False,,OrderSide.Sell,OrderStatus.Filled,300033.SZ,,TimeInForce.GTC,,,,1382457600000000000,2013-10-22T16:00:00Z
14.985,30543.17625,1382371200000000000,2013-10-21T16:00:00Z,815300.0,,5fb73f7e-5a5a-469d-a7fb-2feb58d0859d,OrderRole.Standalone,OrderType.Market,_default,,PositionEffect.Close,,815300.0,False,,OrderSide.Sell,OrderStatus.Filled,600588.SH,,TimeInForce.GTC,,,,1382457600000000000,2013-10-22T16:00:00Z
2.86713,27009.0813825,1382371200000000000,2013-10-21T16:00:00Z,3768100.0,,085e6db9-c162-4210-8f1c-2e484f3b7dfe,OrderRole.Standalone,OrderType.Market,_default,,PositionEffect.Close,,3768100.0,False,,OrderSide.Sell,OrderStatus.Filled,601390.SH,,TimeInForce.GTC,,,,1382457600000000000,2013-10-22T16:00:00Z
1.85814,26255.982735,1382371200000000000,2013-10-21T16:00:00Z,5652100.0,,5a423135-f88d-4381-a5b7-24ee80d3d8cb,OrderRole.Standalone,OrderType.Market,_default,,PositionEffect.Close,,5652100.0,False,,OrderSide.Sell,OrderStatus.Filled,601618.SH,,TimeInForce.GTC,,,,1382457600000000000,2013-10-22T16:00:00Z
52.46241,15292.792515,1382371200000000000,2013-10-21T16:00:00Z,116600.0,,72b002be-f73f-4249-89fe-cf056298d6d8,OrderRole.Standalone,OrderType.Market,_default,,PositionEffect.Open,,116600.0,False,,OrderSide.Buy,OrderStatus.Filled,000977.SZ,,TimeInForce.GTC,,,,1382457600000000000,2013-10-22T16:00:00Z
19.45944,14803.76898,1382371200000000000,2013-10-21T16:00:00Z,304300.0,,fe092927-6c2e-4ade-826c-038bc0bd206d,OrderRole.Standalone,OrderType.Market,_default,,PositionEffect.Open,,304300.0,False,,OrderSide.Buy,OrderStatus.Filled,300059.SZ,,TimeInForce.GTC,,,,1382457600000000000,2013-10-22T16:00:00Z
42.22218,15115.54044,1382371200000000000,2013-10-21T16:00:00Z,143200.0,,ba1af9ba-7baf-4a25-99e2-ed6776376dcc,OrderRole.Standalone,OrderType.Market,_default,,PositionEffect.Open,,143200.0,False,,OrderSide.Buy,OrderStatus.Filled,300251.SZ,,TimeInForce.GTC,,,,1382457600000000000,2013-10-22T16:00:00Z
31.36133,15406.2533625,1382371200000000000,2013-10-21T16:00:00Z,196500.0,,c93e2e27-4f88-41f2-8c3d-d826b3f65267,OrderRole.Standalone,OrderType.Market,_default,,PositionEffect.Open,,196500.0,False,,OrderSide.Buy,OrderStatus.Filled,300274.SZ,,TimeInForce.GTC,,,,1382457600000000000,2013-10-22T16:00:00Z
5.17517,15262.8701225,1382371200000000000,2013-10-21T16:00:00Z,1179700.0,,57a6110f-e044-49eb-a51f-1510ff3ac5c8,OrderRole.Standalone,OrderType.Market,_default,,PositionEffect.Open,,1179700.0,False,,OrderSide.Buy,OrderStatus.Filled,600018.SH,,TimeInForce.GTC,,,,1382457600000000000,2013-10-22T16:00:00Z
35.67564,14930.25534,1382371200000000000,2013-10-21T16:00:00Z,167400.0,,61ef3ae1-a5d1-4b52-9cd0-5e01bdc5680a,OrderRole.Standalone,OrderType.Market,_default,,PositionEffect.Open,,167400.0,False,,OrderSide.Buy,OrderStatus.Filled,600845.SH,,TimeInForce.GTC,,,,1382457600000000000,2013-10-22T16:00:00Z
37.037,15231.46625,1382371200000000000,2013-10-21T16:00:00Z,164500.0,,5f6b8b1f-540d-4485-983a-0db51c212cbc,OrderRole.Standalone,OrderType.Market,_default,,PositionEffect.Open,,164500.0,False,,OrderSide.Buy,OrderStatus.Filled,300014.SZ,,TimeInForce.GTC,,,,1382457600000000000,2013-10-22T16:00:00Z
23.85612,14749.04619,1382457600000000000,2013-10-22T16:00:00Z,247300.0,,21f6c9be-69c3-400c-a9b4-febdc0fc6062,OrderRole.Standalone,OrderType.Market,_default,,PositionEffect.Close,,247300.0,False,,OrderSide.Sell,OrderStatus.Filled,000938.SZ,,TimeInForce.GTC,,,,1382544000000000000,2013-10-23T16:00:00Z
26.11386,14813.087085,1382457600000000000,2013-10-22T16:00:00Z,226900.0,,9b470992-27ae-47b5-a4f9-7f2ff44df2b7,OrderRole.Standalone,OrderType.Market,_default,,PositionEffect.Close,,226900.0,False,,OrderSide.Sell,OrderStatus.Filled,300033.SZ,,TimeInForce.GTC,,,,1382544000000000000,2013-10-23T16:00:00Z
46.5534,13570.3161,1384790400000000000,2013-11-18T16:00:00Z,116600.0,,36bbcdc2-9a8e-4e3a-946e-227c181bd623,OrderRole.Standalone,OrderType.Market,_default,,PositionEffect.Close,,116600.0,False,,OrderSide.Sell,OrderStatus.Filled,000977.SZ,,TimeInForce.GTC,,,,1384876800000000000,2013-11-19T16:00:00Z
39.01095,16043.2531875,1384790400000000000,2013-11-18T16:00:00Z,164500.0,,4d676c76-a4b0-459c-bd47-c8e2e3907354,OrderRole.Standalone,OrderType.Market,_default,,PositionEffect.Close,,164500.0,False,,OrderSide.Sell,OrderStatus.Filled,300014.SZ,,TimeInForce.GTC,,,,1384876800000000000,2013-11-19T16:00:00Z
20.12985,15313.7833875,1384790400000000000,2013-11-18T16:00:00Z,304300.0,,eece93c5-470f-4ff4-96b8-128553102042,OrderRole.Standalone,OrderType.Market,_default,,PositionEffect.Close,,304300.0,False,,OrderSide.Sell,OrderStatus.Filled,300059.SZ,,TimeInForce.GTC,,,,1384876800000000000,2013-11-19T16:00:00Z
42.13782,15085.33956,1384790400000000000,2013-11-18T16:00:00Z,143200.0,,d21a432d-35d5-49b3-974e-e0d8226dcec7,OrderRole.Standalone,OrderType.Market,_default,,PositionEffect.Close,,143200.0,False,,OrderSide.Sell,OrderStatus.Filled,300251.SZ,,TimeInForce.GTC,,,,1384876800000000000,2013-11-19T16:00:00Z
31.37859,15414.7323375,1384790400000000000,2013-11-18T16:00:00Z,196500.0,,37bdf020-7cca-4811-b5af-93d3a95095eb,OrderRole.Standalone,OrderType.Market,_default,,PositionEffect.Close,,196500.0,False,,OrderSide.Sell,OrderStatus.Filled,300274.SZ,,TimeInForce.GTC,,,,1384876800000000000,2013-11-19T16:00:00Z
4.7952,14142.2436,1384790400000000000,2013-11-18T16:00:00Z,1179700.0,,43617d00-92d8-491f-ad55-c1be264c09af,OrderRole.Standalone,OrderType.Market,_default,,PositionEffect.Close,,1179700.0,False,,OrderSide.Sell,OrderStatus.Filled,600018.SH,,TimeInForce.GTC,,,,1384876800000000000,2013-11-19T16:00:00Z
26.7732,11204.5842,1384790400000000000,2013-11-18T16:00:00Z,167400.0,,8d3e169f-9761-4ad4-8868-a723c38a6e45,OrderRole.Standalone,OrderType.Market,_default,,PositionEffect.Close,,167400.0,False,,OrderSide.Sell,OrderStatus.Filled,600845.SH,,TimeInForce.GTC,,,,1384876800000000000,2013-11-19T16:00:00Z
3.82382,26163.532395,1384790400000000000,2013-11-18T16:00:00Z,2736900.0,,e2cbebd6-32ec-40ed-9bc6-6509499b0971,OrderRole.Standalone,OrderType.Market,_default,,PositionEffect.Open,,2736900.0,False,,OrderSide.Buy,OrderStatus.Filled,601398.SH,,TimeInForce.GTC,,,,1384876800000000000,2013-11-19T16:00:00Z
2.87287,26255.15893,1384790400000000000,2013-11-18T16:00:00Z,3655600.0,,086e4e9a-e7db-46f5-a6b6-b8dfcaa976ac,OrderRole.Standalone,OrderType.Market,_default,,PositionEffect.Open,,3655600.0,False,,OrderSide.Buy,OrderStatus.Filled,601818.SH,,TimeInForce.GTC,,,,1384876800000000000,2013-11-19T16:00:00Z
4.36436,26284.3581,1384790400000000000,2013-11-18T16:00:00Z,2409000.0,,34c53e09-3619-481f-af3a-731ba64c7ac2,OrderRole.Standalone,OrderType.Market,_default,,PositionEffect.Open,,2409000.0,False,,OrderSide.Buy,OrderStatus.Filled,601939.SH,,TimeInForce.GTC,,,,1384876800000000000,2013-11-19T16:00:00Z
2.82282,26163.30717,1384790400000000000,2013-11-18T16:00:00Z,3707400.0,,d415ad99-9e3b-48a6-8326-11dde72d7ef2,OrderRole.Standalone,OrderType.Market,_default,,PositionEffect.Open,,3707400.0,False,,OrderSide.Buy,OrderStatus.Filled,601988.SH,,TimeInForce.GTC,,,,1384876800000000000,2013-11-19T16:00:00Z
40.30026,26396.6703,1384790400000000000,2013-11-18T16:00:00Z,262000.0,,25db3809-68de-4ab7-aa8c-2ab67a7b9876,OrderRole.Standalone,OrderType.Market,_default,,PositionEffect.Open,,262000.0,False,,OrderSide.Buy,OrderStatus.Filled,000963.SZ,,TimeInForce.GTC,,,,1384876800000000000,2013-11-19T16:00:00Z
42.47748,27822.7494,1387209600000000000,2013-12-16T16:00:00Z,262000.0,,ee168854-5f26-47b8-a811-1a6fe5e087f1,OrderRole.Standalone,OrderType.Market,_default,,PositionEffect.Close,,262000.0,False,,OrderSide.Sell,OrderStatus.Filled,000963.SZ,,TimeInForce.GTC,,,,1387296000000000000,2013-12-17T16:00:00Z
3.67632,25154.30052,1387209600000000000,2013-12-16T16:00:00Z,2736900.0,,a124033b-6a99-4d68-8d5f-3521c44ea753,OrderRole.Standalone,OrderType.Market,_default,,PositionEffect.Close,,2736900.0,False,,OrderSide.Sell,OrderStatus.Filled,601398.SH,,TimeInForce.GTC,,,,1387296000000000000,2013-12-17T16:00:00Z
2.7972,25563.6108,1387209600000000000,2013-12-16T16:00:00Z,3655600.0,,483b36ef-ef94-4c59-bff5-a01d7ce26318,OrderRole.Standalone,OrderType.Market,_default,,PositionEffect.Close,,3655600.0,False,,OrderSide.Sell,OrderStatus.Filled,601818.SH,,TimeInForce.GTC,,,,1387296000000000000,2013-12-17T16:00:00Z
4.26573,25690.358925,1387209600000000000,2013-12-16T16:00:00Z,2409000.0,,8cebae92-3817-4430-a35e-4afa578d0cda,OrderRole.Standalone,OrderType.Market,_default,,PositionEffect.Close,,2409000.0,False,,OrderSide.Sell,OrderStatus.Filled,601939.SH,,TimeInForce.GTC,,,,1387296000000000000,2013-12-17T16:00:00Z
2.6973,24999.92505,1387209600000000000,2013-12-16T16:00:00Z,3707400.0,,e08c0fe3-a87a-4455-81b8-e60edea7976a,OrderRole.Standalone,OrderType.Market,_default,,PositionEffect.Close,,3707400.0,False,,OrderSide.Sell,OrderStatus.Filled,601988.SH,,TimeInForce.GTC,,,,1387296000000000000,2013-12-17T16:00:00Z
19.59958,25685.24959,1387209600000000000,2013-12-16T16:00:00Z,524200.0,,21185544-16c4-410b-b1df-2646cccb4207,OrderRole.Standalone,OrderType.Market,_default,,PositionEffect.Open,,524200.0,False,,OrderSide.Buy,OrderStatus.Filled,000338.SZ,,TimeInForce.GTC,,,,1387296000000000000,2013-12-17T16:00:00Z
20.14012,25648.44282,1387209600000000000,2013-12-16T16:00:00Z,509400.0,,e304d080-2d4e-48d8-ad02-69c65a8ecff4,OrderRole.Standalone,OrderType.Market,_default,,PositionEffect.Open,,509400.0,False,,OrderSide.Buy,OrderStatus.Filled,000568.SZ,,TimeInForce.GTC,,,,1387296000000000000,2013-12-17T16:00:00Z
48.20816,25791.3656,1387209600000000000,2013-12-16T16:00:00Z,214000.0,,efca122f-081a-40a0-8ee1-8b1b623a87e5,OrderRole.Standalone,OrderType.Market,_default,,PositionEffect.Open,,214000.0,False,,OrderSide.Buy,OrderStatus.Filled,002252.SZ,,TimeInForce.GTC,,,,1387296000000000000,2013-12-17T16:00:00Z
40.48044,25705.0794,1387209600000000000,2013-12-16T16:00:00Z,254000.0,,c937a011-3f81-4bc7-abe7-18c207864950,OrderRole.Standalone,OrderType.Market,_default,,PositionEffect.Open,,254000.0,False,,OrderSide.Buy,OrderStatus.Filled,002304.SZ,,TimeInForce.GTC,,,,1387296000000000000,2013-12-17T16:00:00Z
33.18315,25468.067625,1387209600000000000,2013-12-16T16:00:00Z,307000.0,,05019494-796d-4fbd-af41-bcd5cf64bc91,OrderRole.Standalone,OrderType.Market,_default,,PositionEffect.Open,,307000.0,False,,OrderSide.Buy,OrderStatus.Filled,300223.SZ,,TimeInForce.GTC,,,,1387296000000000000,2013-12-17T16:00:00Z
17.67231,23159.562255,1389715200000000000,2014-01-14T16:00:00Z,524200.0,,cfa4add1-00af-468a-9107-4d0aa1f061f3,OrderRole.Standalone,OrderType.Market,_default,,PositionEffect.Close,,524200.0,False,,OrderSide.Sell,OrderStatus.Filled,000338.SZ,,TimeInForce.GTC,,,,1389801600000000000,2014-01-15T16:00:00Z
18.15183,23116.355505,1389715200000000000,2014-01-14T16:00:00Z,509400.0,,e3713466-bad0-4eef-8223-fac01782e73b,OrderRole.Standalone,OrderType.Market,_default,,PositionEffect.Close,,509400.0,False,,OrderSide.Sell,OrderStatus.Filled,000568.SZ,,TimeInForce.GTC,,,,1389801600000000000,2014-01-15T16:00:00Z
48.38157,10135.938915,1389715200000000000,2014-01-14T16:00:00Z,83800.0,,bf801406-f7a4-43a5-b868-67b7b9e605ea,OrderRole.Standalone,OrderType.Market,_default,,PositionEffect.Close,,83800.0,False,,OrderSide.Sell,OrderStatus.Filled,002252.SZ,,TimeInForce.GTC,,,,1389801600000000000,2014-01-15T16:00:00Z
39.60036,25146.2286,1389715200000000000,2014-01-14T16:00:00Z,254000.0,,7cddaad9-9c38-4c7a-a94d-4474f252836c,OrderRole.Standalone,OrderType.Market,_default,,PositionEffect.Close,,254000.0,False,,OrderSide.Sell,OrderStatus.Filled,002304.SZ,,TimeInForce.GTC,,,,1389801600000000000,2014-01-15T16:00:00Z
37.98198,13512.089385,1389715200000000000,2014-01-14T16:00:00Z,142300.0,,83883a84-866b-404b-bff5-ecd655d815b8,OrderRole.Standalone,OrderType.Market,_default,,PositionEffect.Close,,142300.0,False,,OrderSide.Sell,OrderStatus.Filled,300223.SZ,,TimeInForce.GTC,,,,1389801600000000000,2014-01-15T16:00:00Z
43.1431,15682.51685,1389715200000000000,2014-01-14T16:00:00Z,145400.0,,78681da7-a842-41f6-9897-a3866e8da071,OrderRole.Standalone,OrderType.Market,_default,,PositionEffect.Open,,145400.0,False,,OrderSide.Buy,OrderStatus.Filled,300251.SZ,,TimeInForce.GTC,,,,1389801600000000000,2014-01-15T16:00:00Z
34.26423,15992.8293525,1389715200000000000,2014-01-14T16:00:00Z,186700.0,,05fee06c-4048-41b5-b2a1-5ecc9ed07318,OrderRole.Standalone,OrderType.Market,_default,,PositionEffect.Open,,186700.0,False,,OrderSide.Buy,OrderStatus.Filled,300274.SZ,,TimeInForce.GTC,,,,1389801600000000000,2014-01-15T16:00:00Z
14.96495,16016.2377375,1389715200000000000,2014-01-14T16:00:00Z,428100.0,,70945c34-8896-4fb0-a0da-ece1052a05f7,OrderRole.Standalone,OrderType.Market,_default,,PositionEffect.Open,,428100.0,False,,OrderSide.Buy,OrderStatus.Filled,300316.SZ,,TimeInForce.GTC,,,,1389801600000000000,2014-01-15T16:00:00Z
16.6166,15831.46565,1389715200000000000,2014-01-14T16:00:00Z,381100.0,,4d3bc5c6-82a5-42f6-93cf-212ba75dc91f,OrderRole.Standalone,OrderType.Market,_default,,PositionEffect.Open,,381100.0,False,,OrderSide.Buy,OrderStatus.Filled,601012.SH,,TimeInForce.GTC,,,,1389801600000000000,2014-01-15T16:00:00Z
29.3293,15757.166425,1389715200000000000,2014-01-14T16:00:00Z,214900.0,,238e71e7-22ad-47f7-80c8-6691f2b9c9e4,OrderRole.Standalone,OrderType.Market,_default,,PositionEffect.Open,,214900.0,False,,OrderSide.Buy,OrderStatus.Filled,000938.SZ,,TimeInForce.GTC,,,,1389801600000000000,2014-01-15T16:00:00Z
33.033,15649.38375,1389715200000000000,2014-01-14T16:00:00Z,189500.0,,f8a7db76-2db9-4056-bf53-aa01453c9893,OrderRole.Standalone,OrderType.Market,_default,,PositionEffect.Open,,189500.0,False,,OrderSide.Buy,OrderStatus.Filled,002555.SZ,,TimeInForce.GTC,,,,1389801600000000000,2014-01-15T16:00:00Z
46.953,15283.2015,1389801600000000000,2014-01-15T16:00:00Z,130200.0,,374791dc-48ed-4aaa-954a-0275ea03d88b,OrderRole.Standalone,OrderType.Market,_default,,PositionEffect.Close,,130200.0,False,,OrderSide.Sell,OrderStatus.Filled,002252.SZ,,TimeInForce.GTC,,,,1389888000000000000,2014-01-16T16:00:00Z
37.2627,15342.916725,1389801600000000000,2014-01-15T16:00:00Z,164700.0,,21b8b233-29c2-4611-8199-80ed2c61fb5b,OrderRole.Standalone,OrderType.Market,_default,,PositionEffect.Close,,164700.0,False,,OrderSide.Sell,OrderStatus.Filled,300223.SZ,,TimeInForce.GTC,,,,1389888000000000000,2014-01-16T16:00:00Z
33.65631,2667.2625675,1392739200000000000,2014-02-18T16:00:00Z,31700.0,,14246370-69be-43a2-97e4-f4b5570e276d,OrderRole.Standalone,OrderType.Market,_default,,PositionEffect.Close,,31700.0,False,,OrderSide.Sell,OrderStatus.Filled,000938.SZ,,TimeInForce.GTC,,,,1392825600000000000,2014-02-19T16:00:00Z
44.80515,6003.8901,1392739200000000000,2014-02-18T16:00:00Z,53600.0,,23393749-2815-417b-9156-228aefce2f16,OrderRole.Standalone,OrderType.Market,_default,,PositionEffect.Close,,53600.0,False,,OrderSide.Sell,OrderStatus.Filled,002555.SZ,,TimeInForce.GTC,,,,1392825600000000000,2014-02-19T16:00:00Z
46.60335,1712.6731125,1392739200000000000,2014-02-18T16:00:00Z,14700.0,,846b5b8d-5594-4abc-9c4f-c19466727c2c,OrderRole.Standalone,OrderType.Market,_default,,PositionEffect.Close,,14700.0,False,,OrderSide.Sell,OrderStatus.Filled,300251.SZ,,TimeInForce.GTC,,,,1392825600000000000,2014-02-19T16:00:00Z
39.27069,2817.6720075,1392739200000000000,2014-02-18T16:00:00Z,28700.0,,3e8d2628-08e1-4cca-9847-74db537bbe82,OrderRole.Standalone,OrderType.Market,_default,,PositionEffect.Close,,28700.0,False,,OrderSide.Sell,OrderStatus.Filled,300274.SZ,,TimeInForce.GTC,,,,1392825600000000000,2014-02-19T16:00:00Z
18.981,20314.41525,1392739200000000000,2014-02-18T16:00:00Z,428100.0,,39543220-c73d-473e-bb5e-0d3e840ec863,OrderRole.Standalone,OrderType.Market,_default,,PositionEffect.Close,,428100.0,False,,OrderSide.Sell,OrderStatus.Filled,300316.SZ,,TimeInForce.GTC,,,,1392825600000000000,2014-02-19T16:00:00Z
15.82416,15076.46844,1392739200000000000,2014-02-18T16:00:00Z,381100.0,,97e66272-8d13-4c51-8d85-ea767d725a98,OrderRole.Standalone,OrderType.Market,_default,,PositionEffect.Close,,381100.0,False,,OrderSide.Sell,OrderStatus.Filled,601012.SH,,TimeInForce.GTC,,,,1392825600000000000,2014-02-19T16:00:00Z
51.2512,15439.424,1392739200000000000,2014-02-18T16:00:00Z,120500.0,,cd4db1b0-bb85-47cc-8b6f-40f57f626654,OrderRole.Standalone,OrderType.Market,_default,,PositionEffect.Open,,120500.0,False,,OrderSide.Buy,OrderStatus.Filled,002252.SZ,,TimeInForce.GTC,,,,1392825600000000000,2014-02-19T16:00:00Z
48.3483,15217.627425,1392739200000000000,2014-02-18T16:00:00Z,125900.0,,aaabc223-e696-42e5-b566-277087e5c300,OrderRole.Standalone,OrderType.Market,_default,,PositionEffect.Open,,125900.0,False,,OrderSide.Buy,OrderStatus.Filled,002410.SZ,,TimeInForce.GTC,,,,1392825600000000000,2014-02-19T16:00:00Z
18.10809,15342.0792525,1392739200000000000,2014-02-18T16:00:00Z,338900.0,,73c5f3d9-a4d4-4625-be15-a3f4cfca4a5c,OrderRole.Standalone,OrderType.Market,_default,,PositionEffect.Open,,338900.0,False,,OrderSide.Buy,OrderStatus.Filled,300059.SZ,,TimeInForce.GTC,,,,1392825600000000000,2014-02-19T16:00:00Z
40.1401,15423.833425,1392739200000000000,2014-02-18T16:00:00Z,153700.0,,062927b0-1fb9-4e4b-a753-27f9183365df,OrderRole.Standalone,OrderType.Market,_default,,PositionEffect.Open,,153700.0,False,,OrderSide.Buy,OrderStatus.Filled,300223.SZ,,TimeInForce.GTC,,,,1392825600000000000,2014-02-19T16:00:00Z
20.07005,15268.2905375,1392739200000000000,2014-02-18T16:00:00Z,304300.0,,0ec1132c-7748-43c3-b8e6-60f0cb25fabe,OrderRole.Standalone,OrderType.Market,_default,,PositionEffect.Open,,304300.0,False,,OrderSide.Buy,OrderStatus.Filled,600588.SH,,TimeInForce.GTC,,,,1392825600000000000,2014-02-19T16:00:00Z
32.0679,14687.0982,1392825600000000000,2014-02-19T16:00:00Z,183200.0,,5b893e9f-2ab6-49bd-80bf-d1b9f1f50c1e,OrderRole.Standalone,OrderType.Market,_default,,PositionEffect.Close,,183200.0,False,,OrderSide.Sell,OrderStatus.Filled,000938.SZ,,TimeInForce.GTC,,,,1392912000000000000,2014-02-20T16:00:00Z
46.4535,15782.576625,1392825600000000000,2014-02-19T16:00:00Z,135900.0,,a076df70-9592-4c52-a770-32be722b324b,OrderRole.Standalone,OrderType.Market,_default,,PositionEffect.Close,,135900.0,False,,OrderSide.Sell,OrderStatus.Filled,002555.SZ,,TimeInForce.GTC,,,,1392912000000000000,2014-02-20T16:00:00Z
45.12483,14744.5382025,1392825600000000000,2014-02-19T16:00:00Z,130700.0,,4949fa62-897b-4a80-b992-3ea2ee1e2a91,OrderRole.Standalone,OrderType.Market,_default,,PositionEffect.Close,,130700.0,False,,OrderSide.Sell,OrderStatus.Filled,300251.SZ,,TimeInForce.GTC,,,,1392912000000000000,2014-02-20T16:00:00Z
38.34162,15144.9399,1392825600000000000,2014-02-19T16:00:00Z,158000.0,,42b344e4-5538-4e5c-a38a-7282eab79d37,OrderRole.Standalone,OrderType.Market,_default,,PositionEffect.Close,,158000.0,False,,OrderSide.Sell,OrderStatus.Filled,300274.SZ,,TimeInForce.GTC,,,,1392912000000000000,2014-02-20T16:00:00Z
50.949,15348.38625,1395158400000000000,2014-03-18T16:00:00Z,120500.0,,9c5625bd-1066-42da-bd07-22d1cd622f99,OrderRole.Standalone,OrderType.Market,_default,,PositionEffect.Close,,120500.0,False,,OrderSide.Sell,OrderStatus.Filled,002252.SZ,,TimeInForce.GTC,,,,1395244800000000000,2014-03-19T16:00:00Z
39.15081,12322.7174475,1395158400000000000,2014-03-18T16:00:00Z,125900.0,,6f9c26e2-5cf0-42d9-8435-2e682428d8c7,OrderRole.Standalone,OrderType.Market,_default,,PositionEffect.Close,,125900.0,False,,OrderSide.Sell,OrderStatus.Filled,002410.SZ,,TimeInForce.GTC,,,,1395244800000000000,2014-03-19T16:00:00Z
16.73325,14177.2460625,1395158400000000000,2014-03-18T16:00:00Z,338900.0,,4368823e-86dd-4e43-8cab-bc6d7c22106c,OrderRole.Standalone,OrderType.Market,_default,,PositionEffect.Close,,338900.0,False,,OrderSide.Sell,OrderStatus.Filled,300059.SZ,,TimeInForce.GTC,,,,1395244800000000000,2014-03-19T16:00:00Z
31.38858,12061.061865,1395158400000000000,2014-03-18T16:00:00Z,153700.0,,0e1e4bab-156d-4742-904b-8cff068ea4dc,OrderRole.Standalone,OrderType.Market,_default,,PositionEffect.Close,,153700.0,False,,OrderSide.Sell,OrderStatus.Filled,300223.SZ,,TimeInForce.GTC,,,,1395244800000000000,2014-03-19T16:00:00Z
21.83814,16613.365005,1395158400000000000,2014-03-18T16:00:00Z,304300.0,,b0e18755-8149-4ecc-9450-ffe5ea6658de,OrderRole.Standalone,OrderType.Market,_default,,PositionEffect.Close,,304300.0,False,,OrderSide.Sell,OrderStatus.Filled,600588.SH,,TimeInForce.GTC,,,,1395244800000000000,2014-03-19T16:00:00Z
18.7187,16383.542175,1395158400000000000,2014-03-18T16:00:00Z,350100.0,,2a9d36e4-7cb9-44f1-9819-e63f87ba3634,OrderRole.Standalone,OrderType.Market,_default,,PositionEffect.Open,,350100.0,False,,OrderSide.Buy,OrderStatus.Filled,000568.SZ,,TimeInForce.GTC,,,,1395244800000000000,2014-03-19T16:00:00Z
8.78878,16452.59616,1395158400000000000,2014-03-18T16:00:00Z,748800.0,,b9503cb1-2b70-439b-8520-4b796c6d1bd9,OrderRole.Standalone,OrderType.Market,_default,,PositionEffect.Open,,748800.0,False,,OrderSide.Buy,OrderStatus.Filled,000617.SZ,,TimeInForce.GTC,,,,1395244800000000000,2014-03-19T16:00:00Z
17.47746,16385.11875,1395158400000000000,2014-03-18T16:00:00Z,375000.0,,e65319ea-e766-4aa4-adc3-3f9edcff8bfa,OrderRole.Standalone,OrderType.Market,_default,,PositionEffect.Open,,375000.0,False,,OrderSide.Buy,OrderStatus.Filled,000858.SZ,,TimeInForce.GTC,,,,1395244800000000000,2014-03-19T16:00:00Z
56.58653,16410.0937,1395158400000000000,2014-03-18T16:00:00Z,116000.0,,4ab7b9b7-03e5-4037-9e12-c6d4e605b3f7,OrderRole.Standalone,OrderType.Market,_default,,PositionEffect.Open,,116000.0,False,,OrderSide.Buy,OrderStatus.Filled,002304.SZ,,TimeInForce.GTC,,,,1395244800000000000,2014-03-19T16:00:00Z
5.81581,16386.044675,1395158400000000000,2014-03-18T16:00:00Z,1127000.0,,c0a2ad7b-6607-4ca4-9f15-2dd9cdab5bde,OrderRole.Standalone,OrderType.Market,_default,,PositionEffect.Open,,1127000.0,False,,OrderSide.Buy,OrderStatus.Filled,600183.SH,,TimeInForce.GTC,,,,1395244800000000000,2014-03-19T16:00:00Z
9.8098,16352.9366,1395158400000000000,2014-03-18T16:00:00Z,666800.0,,9bb84032-fbe2-466f-b177-d21772c23607,OrderRole.Standalone,OrderType.Market,_default,,PositionEffect.Open,,666800.0,False,,OrderSide.Buy,OrderStatus.Filled,600233.SH,,TimeInForce.GTC,,,,1395244800000000000,2014-03-19T16:00:00Z
8.24824,16331.5152,1395158400000000000,2014-03-18T16:00:00Z,792000.0,,81535f31-5714-4d69-9903-7e977b6a889f,OrderRole.Standalone,OrderType.Market,_default,,PositionEffect.Open,,792000.0,False,,OrderSide.Buy,OrderStatus.Filled,600346.SH,,TimeInForce.GTC,,,,1395244800000000000,2014-03-19T16:00:00Z
174.4743,16444.202775,1395158400000000000,2014-03-18T16:00:00Z,37700.0,,ab301b1f-4d5b-4f31-912c-69d4bb2e4731,OrderRole.Standalone,OrderType.Market,_default,,PositionEffect.Open,,37700.0,False,,OrderSide.Buy,OrderStatus.Filled,600519.SH,,TimeInForce.GTC,,,,1395244800000000000,2014-03-19T16:00:00Z
17.5824,15388.9956,1397664000000000000,2014-04-16T16:00:00Z,350100.0,,86f80f23-1055-4f27-90cb-7acf8f717c5c,OrderRole.Standalone,OrderType.Market,_default,,PositionEffect.Close,,350100.0,False,,OrderSide.Sell,OrderStatus.Filled,000568.SZ,,TimeInForce.GTC,,,,1397750400000000000,2014-04-17T16:00:00Z
8.31168,15559.46496,1397664000000000000,2014-04-16T16:00:00Z,748800.0,,d282d6d3-8854-43bc-a745-1f97d0cc4f14,OrderRole.Standalone,OrderType.Market,_default,,PositionEffect.Close,,748800.0,False,,OrderSide.Sell,OrderStatus.Filled,000617.SZ,,TimeInForce.GTC,,,,1397750400000000000,2014-04-17T16:00:00Z
17.57241,16474.134375,1397664000000000000,2014-04-16T16:00:00Z,375000.0,,e165ac14-8572-4390-b5a6-0c8cc653980d,OrderRole.Standalone,OrderType.Market,_default,,PositionEffect.Close,,375000.0,False,,OrderSide.Sell,OrderStatus.Filled,000858.SZ,,TimeInForce.GTC,,,,1397750400000000000,2014-04-17T16:00:00Z
53.5464,15528.456,1397664000000000000,2014-04-16T16:00:00Z,116000.0,,a56314bb-2c2c-4deb-870a-b84e7be3df9f,OrderRole.Standalone,OrderType.Market,_default,,PositionEffect.Close,,116000.0,False,,OrderSide.Sell,OrderStatus.Filled,002304.SZ,,TimeInForce.GTC,,,,1397750400000000000,2014-04-17T16:00:00Z
16.983,4.24575,1397664000000000000,2014-04-16T16:00:00Z,100.0,,84fcc3ae-8f36-431e-ab26-4bf1390c0915,OrderRole.Standalone,OrderType.Market,_default,,PositionEffect.Close,,100.0,False,,OrderSide.Sell,OrderStatus.Filled,300014.SZ,,TimeInForce.GTC,,,,1397750400000000000,2014-04-17T16:00:00Z
5.86413,16522.186275,1397664000000000000,2014-04-16T16:00:00Z,1127000.0,,6830e329-03ae-4949-96bb-16b6cc325465,OrderRole.Standalone,OrderType.Market,_default,,PositionEffect.Close,,1127000.0,False,,OrderSide.Sell,OrderStatus.Filled,600183.SH,,TimeInForce.GTC,,,,1397750400000000000,2014-04-17T16:00:00Z
8.91108,14854.77036,1397664000000000000,2014-04-16T16:00:00Z,666800.0,,2da36cd7-5afe-46d4-b3c4-2c2032fa57ed,OrderRole.Standalone,OrderType.Market,_default,,PositionEffect.Close,,666800.0,False,,OrderSide.Sell,OrderStatus.Filled,600233.SH,,TimeInForce.GTC,,,,1397750400000000000,2014-04-17T16:00:00Z
174.825,16477.25625,1397664000000000000,2014-04-16T16:00:00Z,37700.0,,71ad7fff-cca1-4bfc-8c58-90d95491bf48,OrderRole.Standalone,OrderType.Market,_default,,PositionEffect.Close,,37700.0,False,,OrderSide.Sell,OrderStatus.Filled,600519.SH,,TimeInForce.GTC,,,,1397750400000000000,2014-04-17T16:00:00Z
,0.0,1397664000000000000,2014-04-16T16:00:00Z,0.0,,d3b10c2c-fce2-4213-817b-996ecbe6e4fc,OrderRole.Standalone,OrderType.Market,_default,,PositionEffect.Close,,792000.0,False,"Symbol 600346.SH not tradable (zero volume, suspension) at execution timestamp 1397750400000000000",OrderSide.Sell,OrderStatus.Rejected,600346.SH,,TimeInForce.GTC,,,,1397750400000000000,2014-04-17T16:00:00Z
10.86085,12636.598975,1397664000000000000,2014-04-16T16:00:00Z,465400.0,,56778f5c-0a51-4543-a3fc-123ea7dd27e4,OrderRole.Standalone,OrderType.Market,_default,,PositionEffect.Open,,465400.0,False,,OrderSide.Buy,OrderStatus.Filled,000001.SZ,,TimeInForce.GTC,,,,1397750400000000000,2014-04-17T16:00:00Z
23.50348,12756.51377,1397664000000000000,2014-04-16T16:00:00Z,217100.0,,f9543cb1-a40b-46bc-ada6-377449f8de59,OrderRole.Standalone,OrderType.Market,_default,,PositionEffect.Open,,217100.0,False,,OrderSide.Buy,OrderStatus.Filled,000938.SZ,,TimeInForce.GTC,,,,1397750400000000000,2014-04-17T16:00:00Z
9.03903,12641.083455,1397664000000000000,2014-04-16T16:00:00Z,559400.0,,cdf7066b-03f5-4fd5-8bc6-81e6ee245c7a,OrderRole.Standalone,OrderType.Market,_default,,PositionEffect.Open,,559400.0,False,,OrderSide.Buy,OrderStatus.Filled,002202.SZ,,TimeInForce.GTC,,,,1397750400000000000,2014-04-17T16:00:00Z
25.9259,12502.765275,1397664000000000000,2014-04-16T16:00:00Z,192900.0,,0d7fcbb9-dc57-42ad-83a5-2e56a7dd914d,OrderRole.Standalone,OrderType.Market,_default,,PositionEffect.Open,,192900.0,False,,OrderSide.Buy,OrderStatus.Filled,002709.SZ,,TimeInForce.GTC,,,,1397750400000000000,2014-04-17T16:00:00Z
28.09807,12623.0579475,1397664000000000000,2014-04-16T16:00:00Z,179700.0,,17cd5d80-ba20-4148-b445-642cb6071b73,OrderRole.Standalone,OrderType.Market,_default,,PositionEffect.Open,,179700.0,False,,OrderSide.Buy,OrderStatus.Filled,300274.SZ,,TimeInForce.GTC,,,,1397750400000000000,2014-04-17T16:00:00Z
14.16415,12694.6194375,1397664000000000000,2014-04-16T16:00:00Z,358500.0,,a180e82b-cd71-4667-9dd2-b7d4ce66a463,OrderRole.Standalone,OrderType.Market,_default,,PositionEffect.Open,,358500.0,False,,OrderSide.Buy,OrderStatus.Filled,300308.SZ,,TimeInForce.GTC,,,,1397750400000000000,2014-04-17T16:00:00Z
2.43243,12644.987355,1397664000000000000,2014-04-16T16:00:00Z,2079400.0,,721d3ce0-8298-4d46-93fe-43f306eaea16,OrderRole.Standalone,OrderType.Market,_default,,PositionEffect.Open,,2079400.0,False,,OrderSide.Buy,OrderStatus.Filled,601288.SH,,TimeInForce.GTC,,,,1397750400000000000,2014-04-17T16:00:00Z
2.59259,12647.950315,1397664000000000000,2014-04-16T16:00:00Z,1951400.0,,436e5eed-ffc3-4ce9-bbf0-c9e5ba3dce68,OrderRole.Standalone,OrderType.Market,_default,,PositionEffect.Open,,1951400.0,False,,OrderSide.Buy,OrderStatus.Filled,601390.SH,,TimeInForce.GTC,,,,1397750400000000000,2014-04-17T16:00:00Z
3.31331,12620.39779,1397664000000000000,2014-04-16T16:00:00Z,1523600.0,,9da5355b-356d-4a37-baae-65a7b9ac5ff9,OrderRole.Standalone,OrderType.Market,_default,,PositionEffect.Open,,1523600.0,False,,OrderSide.Buy,OrderStatus.Filled,601600.SH,,TimeInForce.GTC,,,,1397750400000000000,2014-04-17T16:00:00Z
,0.0,1397664000000000000,2014-04-16T16:00:00Z,0.0,,54d80a92-47fc-43d1-a4d3-6d0459ea59e0,OrderRole.Standalone,OrderType.Market,_default,,PositionEffect.Open,,2021400.0,False,"Risk: Insufficient margin at execution. Required: 5091484.683285000000000000000, Available: 4349212.179897503812697184633",OrderSide.Buy,OrderStatus.Rejected,601818.SH,,TimeInForce.GTC,,,,1397750400000000000,2014-04-17T16:00:00Z
11.23875,859.764375,1400428800000000000,2014-05-18T16:00:00Z,30600.0,,713772df-14ff-435c-916a-3f8a5eff9231,OrderRole.Standalone,OrderType.Market,_default,,PositionEffect.Close,,30600.0,False,,OrderSide.Sell,OrderStatus.Filled,000001.SZ,,TimeInForce.GTC,,,,1400515200000000000,2014-05-19T16:00:00Z
21.63834,11744.209035,1400428800000000000,2014-05-18T16:00:00Z,217100.0,,257dbb42-0d7a-43b5-bccb-77c3592a7bcd,OrderRole.Standalone,OrderType.Market,_default,,PositionEffect.Close,,217100.0,False,,OrderSide.Sell,OrderStatus.Filled,000938.SZ,,TimeInForce.GTC,,,,1400515200000000000,2014-05-19T16:00:00Z
8.6913,12154.78305,1400428800000000000,2014-05-18T16:00:00Z,559400.0,,90981ba8-904e-4e23-a46e-2f3ef5f61a77,OrderRole.Standalone,OrderType.Market,_default,,PositionEffect.Close,,559400.0,False,,OrderSide.Sell,OrderStatus.Filled,002202.SZ,,TimeInForce.GTC,,,,1400515200000000000,2014-05-19T16:00:00Z
26.58339,12819.8398275,1400428800000000000,2014-05-18T16:00:00Z,192900.0,,8ff2b277-c1fd-45c3-a347-21c5d4fe5681,OrderRole.Standalone,OrderType.Market,_default,,PositionEffect.Close,,192900.0,False,,OrderSide.Sell,OrderStatus.Filled,002709.SZ,,TimeInForce.GTC,,,,1400515200000000000,2014-05-19T16:00:00Z
25.3746,11399.53905,1400428800000000000,2014-05-18T16:00:00Z,179700.0,,7ca992a2-50f0-49ed-9d49-96b977f2b16e,OrderRole.Standalone,OrderType.Market,_default,,PositionEffect.Close,,179700.0,False,,OrderSide.Sell,OrderStatus.Filled,300274.SZ,,TimeInForce.GTC,,,,1400515200000000000,2014-05-19T16:00:00Z
14.17581,12705.0697125,1400428800000000000,2014-05-18T16:00:00Z,358500.0,,81c60c71-ccf3-48b8-92c4-d8bad625e8bf,OrderRole.Standalone,OrderType.Market,_default,,PositionEffect.Close,,358500.0,False,,OrderSide.Sell,OrderStatus.Filled,300308.SZ,,TimeInForce.GTC,,,,1400515200000000000,2014-05-19T16:00:00Z
2.43756,12671.65566,1400428800000000000,2014-05-18T16:00:00Z,2079400.0,,dba5938b-a623-4a07-8f6c-545824199518,OrderRole.Standalone,OrderType.Market,_default,,PositionEffect.Close,,2079400.0,False,,OrderSide.Sell,OrderStatus.Filled,601288.SH,,TimeInForce.GTC,,,,1400515200000000000,2014-05-19T16:00:00Z
2.56743,12525.207255,1400428800000000000,2014-05-18T16:00:00Z,1951400.0,,15debedf-5237-42a3-b2c6-4c2a93eacafc,OrderRole.Standalone,OrderType.Market,_default,,PositionEffect.Close,,1951400.0,False,,OrderSide.Sell,OrderStatus.Filled,601390.SH,,TimeInForce.GTC,,,,1400515200000000000,2014-05-19T16:00:00Z
3.03696,11567.78064,1400428800000000000,2014-05-18T16:00:00Z,1523600.0,,e7743ec5-63e6-4b6f-93ce-31286101383a,OrderRole.Standalone,OrderType.Market,_default,,PositionEffect.Close,,1523600.0,False,,OrderSide.Sell,OrderStatus.Filled,601600.SH,,TimeInForce.GTC,,,,1400515200000000000,2014-05-19T16:00:00Z
,0.0,1400428800000000000,2014-05-18T16:00:00Z,0.0,,c24a8ae9-d2dc-4d48-a868-89c08b56bb44,OrderRole.Standalone,OrderType.Market,_default,,PositionEffect.Close,,792000.0,False,"Symbol 600346.SH not tradable (zero volume, suspension) at execution timestamp 1400515200000000000",OrderSide.Sell,OrderStatus.Rejected,600346.SH,,TimeInForce.GTC,,,,1400515200000000000,2014-05-19T16:00:00Z
7.7077,12276.439175,1400428800000000000,2014-05-18T16:00:00Z,637100.0,,b8e42381-8f2e-4ac3-a042-968f7de649fa,OrderRole.Standalone,OrderType.Market,_default,,PositionEffect.Open,,637100.0,False,,OrderSide.Buy,OrderStatus.Filled,000002.SZ,,TimeInForce.GTC,,,,1400515200000000000,2014-05-19T16:00:00Z
2.34234,12314.85255,1400428800000000000,2014-05-18T16:00:00Z,2103000.0,,64aac6df-24d9-4bed-9980-32d9db6da3e4,OrderRole.Standalone,OrderType.Market,_default,,PositionEffect.Open,,2103000.0,False,,OrderSide.Buy,OrderStatus.Filled,000100.SZ,,TimeInForce.GTC,,,,1400515200000000000,2014-05-19T16:00:00Z
9.12912,12315.18288,1400428800000000000,2014-05-18T16:00:00Z,539600.0,,59e00803-13b7-44fc-8694-58ff3e8738bf,OrderRole.Standalone,OrderType.Market,_default,,PositionEffect.Open,,539600.0,False,,OrderSide.Buy,OrderStatus.Filled,000768.SZ,,TimeInForce.GTC,,,,1400515200000000000,2014-05-19T16:00:00Z
64.57451,12172.295135,1400428800000000000,2014-05-18T16:00:00Z,75400.0,,d971b7c7-8fb4-4ba7-8095-3b495a7b8fa7,OrderRole.Standalone,OrderType.Market,_default,,PositionEffect.Open,,75400.0,False,,OrderSide.Buy,OrderStatus.Filled,002252.SZ,,TimeInForce.GTC,,,,1400515200000000000,2014-05-19T16:00:00Z
7.66766,12260.58834,1400428800000000000,2014-05-18T16:00:00Z,639600.0,,f7be5602-4026-4fe9-99a9-2c80b98954e7,OrderRole.Standalone,OrderType.Market,_default,,PositionEffect.Open,,639600.0,False,,OrderSide.Buy,OrderStatus.Filled,002493.SZ,,TimeInForce.GTC,,,,1400515200000000000,2014-05-19T16:00:00Z
18.69868,12285.03276,1400428800000000000,2014-05-18T16:00:00Z,262800.0,,1f647656-eb24-47bf-aa14-17ed0e36d86e,OrderRole.Standalone,OrderType.Market,_default,,PositionEffect.Open,,262800.0,False,,OrderSide.Buy,OrderStatus.Filled,002532.SZ,,TimeInForce.GTC,,,,1400515200000000000,2014-05-19T16:00:00Z
11.17116,12372.0597,1400428800000000000,2014-05-18T16:00:00Z,443000.0,,d8e4a434-b4bb-48c9-935e-d0af0ae8f7e2,OrderRole.Standalone,OrderType.Market,_default,,PositionEffect.Open,,443000.0,False,,OrderSide.Buy,OrderStatus.Filled,600030.SH,,TimeInForce.GTC,,,,1400515200000000000,2014-05-19T16:00:00Z
8.08808,12261.52928,1400428800000000000,2014-05-18T16:00:00Z,606400.0,,ad7ec7d1-cf33-4fd0-bf9e-da7f7803d4e3,OrderRole.Standalone,OrderType.Market,_default,,PositionEffect.Open,,606400.0,False,,OrderSide.Buy,OrderStatus.Filled,600660.SH,,TimeInForce.GTC,,,,1400515200000000000,2014-05-19T16:00:00Z
,0.0,1400428800000000000,2014-05-18T16:00:00Z,0.0,,6805da94-2923-4b09-a47d-21d76c2e2562,OrderRole.Standalone,OrderType.Market,_default,,PositionEffect.Open,,681500.0,False,"Risk: Insufficient margin at execution. Required: 4855597.371625000000000000000, Available: 4228453.865472503813195452726",OrderSide.Buy,OrderStatus.Rejected,600760.SH,,TimeInForce.GTC,,,,1400515200000000000,2014-05-19T16:00:00Z
11.1888,12162.2256,1400515200000000000,2014-05-19T16:00:00Z,434800.0,,7ebcc685-cbdc-43bd-9ef3-d9f0b4f2526b,OrderRole.Standalone,OrderType.Market,_default,,PositionEffect.Close,,434800.0,False,,OrderSide.Sell,OrderStatus.Filled,000001.SZ,,TimeInForce.GTC,,,,1400601600000000000,2014-05-20T16:00:00Z
8.11188,12920.19687,1402934400000000000,2014-06-16T16:00:00Z,637100.0,,b9b834dd-ce8c-408e-bdc0-5c1943bd581e,OrderRole.Standalone,OrderType.Market,_default,,PositionEffect.Close,,637100.0,False,,OrderSide.Sell,OrderStatus.Filled,000002.SZ,,TimeInForce.GTC,,,,1403020800000000000,2014-06-17T16:00:00Z
2.27772,11975.1129,1402934400000000000,2014-06-16T16:00:00Z,2103000.0,,5eb2a2ed-837a-4424-9396-1a75d9e4122b,OrderRole.Standalone,OrderType.Market,_default,,PositionEffect.Close,,2103000.0,False,,OrderSide.Sell,OrderStatus.Filled,000100.SZ,,TimeInForce.GTC,,,,1403020800000000000,2014-06-17T16:00:00Z
9.37062,12640.96638,1402934400000000000,2014-06-16T16:00:00Z,539600.0,,0ddc30b7-ce3e-4d4b-82c9-6960ebeeea76,OrderRole.Standalone,OrderType.Market,_default,,PositionEffect.Close,,539600.0,False,,OrderSide.Sell,OrderStatus.Filled,000768.SZ,,TimeInForce.GTC,,,,1403020800000000000,2014-06-17T16:00:00Z
8.17182,13066.74018,1402934400000000000,2014-06-16T16:00:00Z,639600.0,,a003a838-7786-4975-9a10-ae101c5c181a,OrderRole.Standalone,OrderType.Market,_default,,PositionEffect.Close,,639600.0,False,,OrderSide.Sell,OrderStatus.Filled,002493.SZ,,TimeInForce.GTC,,,,1403020800000000000,2014-06-17T16:00:00Z
9.42057,12378.62898,1402934400000000000,2014-06-16T16:00:00Z,525600.0,,8d446082-3ed8-4373-9a17-6f7593d1742c,OrderRole.Standalone,OrderType.Market,_default,,PositionEffect.Close,,525600.0,False,,OrderSide.Sell,OrderStatus.Filled,002532.SZ,,TimeInForce.GTC,,,,1403020800000000000,2014-06-17T16:00:00Z
11.51847,12756.705525,1402934400000000000,2014-06-16T16:00:00Z,443000.0,,98a14b2a-9874-4536-8563-3ae5de5662a5,OrderRole.Standalone,OrderType.Market,_default,,PositionEffect.Close,,443000.0,False,,OrderSide.Sell,OrderStatus.Filled,600030.SH,,TimeInForce.GTC,,,,1403020800000000000,2014-06-17T16:00:00Z
8.21178,12449.05848,1402934400000000000,2014-06-16T16:00:00Z,606400.0,,17174e30-0031-4249-b51e-c80c4fd1a2d8,OrderRole.Standalone,OrderType.Market,_default,,PositionEffect.Close,,606400.0,False,,OrderSide.Sell,OrderStatus.Filled,600660.SH,,TimeInForce.GTC,,,,1403020800000000000,2014-06-17T16:00:00Z
,0.0,1402934400000000000,2014-06-16T16:00:00Z,0.0,,54a70c0b-1297-495b-9738-e057c4ba0f60,OrderRole.Standalone,OrderType.Market,_default,,PositionEffect.Close,,792000.0,False,"Symbol 600346.SH not tradable (zero volume, suspension) at execution timestamp 1403020800000000000",OrderSide.Sell,OrderStatus.Rejected,600346.SH,,TimeInForce.GTC,,,,1403020800000000000,2014-06-17T16:00:00Z
,0.0,1402934400000000000,2014-06-16T16:00:00Z,0.0,,dedf2015-d461-4f6d-82d2-b56e3d900192,OrderRole.Standalone,OrderType.Market,_default,,PositionEffect.Close,,75400.0,False,"Symbol 002252.SZ not tradable (zero volume, suspension) at execution timestamp 1403020800000000000",OrderSide.Sell,OrderStatus.Rejected,002252.SZ,,TimeInForce.GTC,,,,1403020800000000000,2014-06-17T16:00:00Z
27.5275,12401.13875,1402934400000000000,2014-06-16T16:00:00Z,180200.0,,b141e130-14b6-4d82-b3d0-0c2fb4949584,OrderRole.Standalone,OrderType.Market,_default,,PositionEffect.Open,,180200.0,False,,OrderSide.Buy,OrderStatus.Filled,000938.SZ,,TimeInForce.GTC,,,,1403020800000000000,2014-06-17T16:00:00Z
37.11708,12341.4291,1402934400000000000,2014-06-16T16:00:00Z,133000.0,,18dca448-2407-4725-adbe-ab5b33a2c6d2,OrderRole.Standalone,OrderType.Market,_default,,PositionEffect.Open,,133000.0,False,,OrderSide.Buy,OrderStatus.Filled,000977.SZ,,TimeInForce.GTC,,,,1403020800000000000,2014-06-17T16:00:00Z
7.66766,12387.10473,1402934400000000000,2014-06-16T16:00:00Z,646200.0,,28c6123f-2e12-4f9c-b9b9-11cba0455c9e,OrderRole.Standalone,OrderType.Market,_default,,PositionEffect.Open,,646200.0,False,,OrderSide.Buy,OrderStatus.Filled,002027.SZ,,TimeInForce.GTC,,,,1403020800000000000,2014-06-17T16:00:00Z
18.40839,12471.684225,1402934400000000000,2014-06-16T16:00:00Z,271000.0,,17131225-2b5d-4c8e-8cc3-a0cc95ca704a,OrderRole.Standalone,OrderType.Market,_default,,PositionEffect.Open,,271000.0,False,,OrderSide.Buy,OrderStatus.Filled,002180.SZ,,TimeInForce.GTC,,,,1403020800000000000,2014-06-17T16:00:00Z
31.031,12427.9155,1402934400000000000,2014-06-16T16:00:00Z,160200.0,,48d2c649-656f-40f9-9848-5c4fcf825928,OrderRole.Standalone,OrderType.Market,_default,,PositionEffect.Open,,160200.0,False,,OrderSide.Buy,OrderStatus.Filled,002460.SZ,,TimeInForce.GTC,,,,1403020800000000000,2014-06-17T16:00:00Z
43.56352,12513.62112,1402934400000000000,2014-06-16T16:00:00Z,114900.0,,c3d9d7a0-0879-41d1-bd36-4c707b2fc4eb,OrderRole.Standalone,OrderType.Market,_default,,PositionEffect.Open,,114900.0,False,,OrderSide.Buy,OrderStatus.Filled,002555.SZ,,TimeInForce.GTC,,,,1403020800000000000,2014-06-17T16:00:00Z
26.2262,12450.88845,1402934400000000000,2014-06-16T16:00:00Z,189900.0,,bfde0b13-27ca-4139-b91f-390034e573e2,OrderRole.Standalone,OrderType.Market,_default,,PositionEffect.Open,,189900.0,False,,OrderSide.Buy,OrderStatus.Filled,002602.SZ,,TimeInForce.GTC,,,,1403020800000000000,2014-06-17T16:00:00Z
29.6296,12429.6172,1402934400000000000,2014-06-16T16:00:00Z,167800.0,,dbca5ac9-8120-46c7-9883-c639c8dec463,OrderRole.Standalone,OrderType.Market,_default,,PositionEffect.Open,,167800.0,False,,OrderSide.Buy,OrderStatus.Filled,300223.SZ,,TimeInForce.GTC,,,,1403020800000000000,2014-06-17T16:00:00Z
,0.0,1402934400000000000,2014-06-16T16:00:00Z,0.0,,af508a76-653e-4fb3-b829-12d062956a5d,OrderRole.Standalone,OrderType.Market,_default,,PositionEffect.Open,,223900.0,False,"Risk: Insufficient margin at execution. Required: 4873400.509477500000000000000, Available: 4425470.007482504184008406403",OrderSide.Buy,OrderStatus.Rejected,300251.SZ,,TimeInForce.GTC,,,,1403020800000000000,2014-06-17T16:00:00Z
,0.0,1402934400000000000,2014-06-16T16:00:00Z,0.0,,bc048a6e-445b-4304-8c93-f5daed98f671,OrderRole.Standalone,OrderType.Market,_default,,PositionEffect.Open,,615000.0,False,"Risk: Insufficient margin at execution. Required: 4986604.623000000000000000000, Available: 4425470.007482504184008406403",OrderSide.Buy,OrderStatus.Rejected,600760.SH,,TimeInForce.GTC,,,,1403020800000000000,2014-06-17T16:00:00Z
7.53246,12168.68913,1405353600000000000,2014-07-14T16:00:00Z,646200.0,,06d8bd20-cb94-4194-980a-b04648dabfac,OrderRole.Standalone,OrderType.Market,_default,,PositionEffect.Close,,646200.0,False,,OrderSide.Sell,OrderStatus.Filled,002027.SZ,,TimeInForce.GTC,,,,1405440000000000000,2014-07-15T16:00:00Z
19.0809,457.9416,1405353600000000000,2014-07-14T16:00:00Z,9600.0,,6462c23f-bf82-4da4-bf49-1029ad792bcd,OrderRole.Standalone,OrderType.Market,_default,,PositionEffect.Close,,9600.0,False,,OrderSide.Sell,OrderStatus.Filled,002180.SZ,,TimeInForce.GTC,,,,1405440000000000000,2014-07-15T16:00:00Z
19.4805,3238.633125,1405353600000000000,2014-07-14T16:00:00Z,66500.0,,59428a52-9b00-46f7-9d6e-daae931ee21a,OrderRole.Standalone,OrderType.Market,_default,,PositionEffect.Close,,66500.0,False,,OrderSide.Sell,OrderStatus.Filled,002460.SZ,,TimeInForce.GTC,,,,1405440000000000000,2014-07-15T16:00:00Z
46.18377,750.4862625,1405353600000000000,2014-07-14T16:00:00Z,6500.0,,e7719344-1e33-49a4-895d-ef1e041bfa3c,OrderRole.Standalone,OrderType.Market,_default,,PositionEffect.Close,,6500.0,False,,OrderSide.Sell,OrderStatus.Filled,002555.SZ,,TimeInForce.GTC,,,,1405440000000000000,2014-07-15T16:00:00Z
30.15981,12652.040295,1405353600000000000,2014-07-14T16:00:00Z,167800.0,,1dea54a9-31d3-47d6-9559-7f76163a9ce0,OrderRole.Standalone,OrderType.Market,_default,,PositionEffect.Close,,167800.0,False,,OrderSide.Sell,OrderStatus.Filled,300223.SZ,,TimeInForce.GTC,,,,1405440000000000000,2014-07-15T16:00:00Z
,0.0,1405353600000000000,2014-07-14T16:00:00Z,0.0,,6e87e2c8-9fdf-45b1-a1c0-866426234963,OrderRole.Standalone,OrderType.Market,_default,,PositionEffect.Close,,792000.0,False,"Symbol 600346.SH not tradable (zero volume, suspension) at execution timestamp 1405440000000000000",OrderSide.Sell,OrderStatus.Rejected,600346.SH,,TimeInForce.GTC,,,,1405440000000000000,2014-07-15T16:00:00Z
,0.0,1405353600000000000,2014-07-14T16:00:00Z,0.0,,314cab66-79c6-4264-982b-1d00697aad64,OrderRole.Standalone,OrderType.Market,_default,,PositionEffect.Close,,75400.0,False,"Symbol 002252.SZ not tradable (zero volume, suspension) at execution timestamp 1405440000000000000",OrderSide.Sell,OrderStatus.Rejected,002252.SZ,,TimeInForce.GTC,,,,1405440000000000000,2014-07-15T16:00:00Z
29.64962,12675.21255,1405353600000000000,2014-07-14T16:00:00Z,171000.0,,334bd4d3-60f3-4262-944c-f024848fbad4,OrderRole.Standalone,OrderType.Market,_default,,PositionEffect.Open,,171000.0,False,,OrderSide.Buy,OrderStatus.Filled,002475.SZ,,TimeInForce.GTC,,,,1405440000000000000,2014-07-15T16:00:00Z
18.62861,12597.5975125,1405353600000000000,2014-07-14T16:00:00Z,270500.0,,a27e5c9a-8747-449c-8a2a-6cb1cae60e5d,OrderRole.Standalone,OrderType.Market,_default,,PositionEffect.Open,,270500.0,False,,OrderSide.Buy,OrderStatus.Filled,300316.SZ,,TimeInForce.GTC,,,,1405440000000000000,2014-07-15T16:00:00Z
,0.0,1405353600000000000,2014-07-14T16:00:00Z,0.0,,70683767-c8ba-4dd9-a066-e9be9d19e81e,OrderRole.Standalone,OrderType.Market,_default,,PositionEffect.Open,,593600.0,False,"Risk: Insufficient margin at execution. Required: 5003704.305600000000000000000, Available: 4687428.033620004400675090997",OrderSide.Buy,OrderStatus.Rejected,600760.SH,,TimeInForce.GTC,,,,1405440000000000000,2014-07-15T16:00:00Z
,0.0,1405353600000000000,2014-07-14T16:00:00Z,0.0,,44ab2e1a-0df4-45e2-8008-a181f2635abb,OrderRole.Standalone,OrderType.Market,_default,,PositionEffect.Open,,168100.0,False,"Risk: Insufficient margin at execution. Required: 5053915.556690000000000000000, Available: 4687428.033620004400675090997",OrderSide.Buy,OrderStatus.Rejected,600570.SH,,TimeInForce.GTC,,,,1405440000000000000,2014-07-15T16:00:00Z
21.2212,2461.6592,1405353600000000000,2014-07-14T16:00:00Z,46400.0,,65529d49-24f5-4c15-bbd1-b53e117c473b,OrderRole.Standalone,OrderType.Market,_default,,PositionEffect.Open,,46400.0,False,,OrderSide.Buy,OrderStatus.Filled,002602.SZ,,TimeInForce.GTC,,,,1405440000000000000,2014-07-15T16:00:00Z
26.27625,729.1659375,1405353600000000000,2014-07-14T16:00:00Z,11100.0,,efb7c022-d4d1-4c38-a106-cb55b72db58e,OrderRole.Standalone,OrderType.Market,_default,,PositionEffect.Open,,11100.0,False,,OrderSide.Buy,OrderStatus.Filled,000938.SZ,,TimeInForce.GTC,,,,1405440000000000000,2014-07-15T16:00:00Z
37.037,83.33325,1405353600000000000,2014-07-14T16:00:00Z,900.0,,4ee69f3b-e1a1-438b-8f5f-07dca6ba2e0b,OrderRole.Standalone,OrderType.Market,_default,,PositionEffect.Open,,900.0,False,,OrderSide.Buy,OrderStatus.Filled,000977.SZ,,TimeInForce.GTC,,,,1405440000000000000,2014-07-15T16:00:00Z
25.0749,11992.070925,1405440000000000000,2014-07-15T16:00:00Z,191300.0,,6d7920a8-7869-4473-b0d3-bd5b001a4bd1,OrderRole.Standalone,OrderType.Market,_default,,PositionEffect.Close,,191300.0,False,,OrderSide.Sell,OrderStatus.Filled,000938.SZ,,TimeInForce.GTC,,,,1405526400000000000,2014-07-16T16:00:00Z
36.44352,12199.46832,1405440000000000000,2014-07-15T16:00:00Z,133900.0,,9d5e9e00-3009-49d3-8fd9-65c8ae0bde54,OrderRole.Standalone,OrderType.Market,_default,,PositionEffect.Close,,133900.0,False,,OrderSide.Sell,OrderStatus.Filled,000977.SZ,,TimeInForce.GTC,,,,1405526400000000000,2014-07-16T16:00:00Z
18.69129,12214.758015,1405440000000000000,2014-07-15T16:00:00Z,261400.0,,ede6a1c2-e580-421d-acdc-97716d45597d,OrderRole.Standalone,OrderType.Market,_default,,PositionEffect.Close,,261400.0,False,,OrderSide.Sell,OrderStatus.Filled,002180.SZ,,TimeInForce.GTC,,,,1405526400000000000,2014-07-16T16:00:00Z
18.43155,11699.4263625,1405440000000000000,2014-07-15T16:00:00Z,253900.0,,1bd5abeb-f058-4230-9d25-80cfce3eee6d,OrderRole.Standalone,OrderType.Market,_default,,PositionEffect.Close,,253900.0,False,,OrderSide.Sell,OrderStatus.Filled,002460.SZ,,TimeInForce.GTC,,,,1405526400000000000,2014-07-16T16:00:00Z
43.6563,11830.8573,1405440000000000000,2014-07-15T16:00:00Z,108400.0,,4655e6e9-86b2-4f60-88d5-e5d11b87b2ff,OrderRole.Standalone,OrderType.Market,_default,,PositionEffect.Close,,108400.0,False,,OrderSide.Sell,OrderStatus.Filled,002555.SZ,,TimeInForce.GTC,,,,1405526400000000000,2014-07-16T16:00:00Z
20.89908,12346.13151,1405440000000000000,2014-07-15T16:00:00Z,236300.0,,c82ce52f-9b13-425d-921c-dd42b70637d7,OrderRole.Standalone,OrderType.Market,_default,,PositionEffect.Close,,236300.0,False,,OrderSide.Sell,OrderStatus.Filled,002602.SZ,,TimeInForce.GTC,,,,1405526400000000000,2014-07-16T16:00:00Z
32.84712,14042.1438,1407772800000000000,2014-08-11T16:00:00Z,171000.0,,b37598f4-1228-4502-be32-5b24d68b2092,OrderRole.Standalone,OrderType.Market,_default,,PositionEffect.Close,,171000.0,False,,OrderSide.Sell,OrderStatus.Filled,002475.SZ,,TimeInForce.GTC,,,,1407859200000000000,2014-08-12T16:00:00Z
19.96002,13497.963525,1407772800000000000,2014-08-11T16:00:00Z,270500.0,,f31ab480-2204-4ada-84e3-c61e1ce717b7,OrderRole.Standalone,OrderType.Market,_default,,PositionEffect.Close,,270500.0,False,,OrderSide.Sell,OrderStatus.Filled,300316.SZ,,TimeInForce.GTC,,,,1407859200000000000,2014-08-12T16:00:00Z
9.1908,18197.784,1407772800000000000,2014-08-11T16:00:00Z,792000.0,,5d720f77-028b-44cb-9a97-df2ca421d0db,OrderRole.Standalone,OrderType.Market,_default,,PositionEffect.Close,,792000.0,False,,OrderSide.Sell,OrderStatus.Filled,600346.SH,,TimeInForce.GTC,,,,1407859200000000000,2014-08-12T16:00:00Z
,0.0,1407772800000000000,2014-08-11T16:00:00Z,0.0,,719422d9-a1a6-4733-80e5-a23020a58268,OrderRole.Standalone,OrderType.Market,_default,,PositionEffect.Close,,75400.0,False,"Symbol 002252.SZ not tradable (zero volume, suspension) at execution timestamp 1407859200000000000",OrderSide.Sell,OrderStatus.Rejected,002252.SZ,,TimeInForce.GTC,,,,1407859200000000000,2014-08-12T16:00:00Z
9.61961,12813.32052,1407772800000000000,2014-08-11T16:00:00Z,532800.0,,afff2f8e-f409-4f5b-85d0-435c0192c95f,OrderRole.Standalone,OrderType.Market,_default,,PositionEffect.Open,,532800.0,False,,OrderSide.Buy,OrderStatus.Filled,000002.SZ,,TimeInForce.GTC,,,,1407859200000000000,2014-08-12T16:00:00Z
53.11306,12747.1344,1407772800000000000,2014-08-11T16:00:00Z,96000.0,,b8774e60-dacf-4c68-a88e-9d083261a6cd,OrderRole.Standalone,OrderType.Market,_default,,PositionEffect.Open,,96000.0,False,,OrderSide.Buy,OrderStatus.Filled,000538.SZ,,TimeInForce.GTC,,,,1407859200000000000,2014-08-12T16:00:00Z
29.5295,12764.126375,1407772800000000000,2014-08-11T16:00:00Z,172900.0,,d2e0c5d5-44ca-47aa-8207-d260a5677f32,OrderRole.Standalone,OrderType.Market,_default,,PositionEffect.Open,,172900.0,False,,OrderSide.Buy,OrderStatus.Filled,000651.SZ,,TimeInForce.GTC,,,,1407859200000000000,2014-08-12T16:00:00Z
5.14514,12771.523765,1407772800000000000,2014-08-11T16:00:00Z,992900.0,,f6944ee2-0164-4065-9fb1-1e1c59163810,OrderRole.Standalone,OrderType.Market,_default,,PositionEffect.Open,,992900.0,False,,OrderSide.Buy,OrderStatus.Filled,000807.SZ,,TimeInForce.GTC,,,,1407859200000000000,2014-08-12T16:00:00Z
19.19918,12743.455725,1407772800000000000,2014-08-11T16:00:00Z,265500.0,,f67de882-5ae2-4091-af64-7e2d897b7911,OrderRole.Standalone,OrderType.Market,_default,,PositionEffect.Open,,265500.0,False,,OrderSide.Buy,OrderStatus.Filled,000858.SZ,,TimeInForce.GTC,,,,1407859200000000000,2014-08-12T16:00:00Z
21.021,12733.47075,1407772800000000000,2014-08-11T16:00:00Z,242300.0,,11c9fe3b-0a94-4bb3-93ab-5cbe2851a3dd,OrderRole.Standalone,OrderType.Market,_default,,PositionEffect.Open,,242300.0,False,,OrderSide.Buy,OrderStatus.Filled,002180.SZ,,TimeInForce.GTC,,,,1407859200000000000,2014-08-12T16:00:00Z
11.54153,12969.7943375,1407772800000000000,2014-08-11T16:00:00Z,449500.0,,5fc382d7-25fd-4cc8-9f7b-6d3a12e22018,OrderRole.Standalone,OrderType.Market,_default,,PositionEffect.Open,,449500.0,False,,OrderSide.Buy,OrderStatus.Filled,300059.SZ,,TimeInForce.GTC,,,,1407859200000000000,2014-08-12T16:00:00Z
10.59058,12721.934225,1407772800000000000,2014-08-11T16:00:00Z,480500.0,,fde34458-e897-40cd-8187-9aeb38cc49aa,OrderRole.Standalone,OrderType.Market,_default,,PositionEffect.Open,,480500.0,False,,OrderSide.Buy,OrderStatus.Filled,601166.SH,,TimeInForce.GTC,,,,1407859200000000000,2014-08-12T16:00:00Z
4.004,12714.702,1407772800000000000,2014-08-11T16:00:00Z,1270200.0,,246c7747-a95f-427e-83c7-ab02a3668700,OrderRole.Standalone,OrderType.Market,_default,,PositionEffect.Open,,1270200.0,False,,OrderSide.Buy,OrderStatus.Filled,601727.SH,,TimeInForce.GTC,,,,1407859200000000000,2014-08-12T16:00:00Z
3.39339,12821.924115,1407772800000000000,2014-08-11T16:00:00Z,1511400.0,,fa2d34fc-83fb-477d-97db-7e58725e0c74,OrderRole.Standalone,OrderType.Market,_default,,PositionEffect.Open,,1511400.0,False,,OrderSide.Buy,OrderStatus.Filled,601919.SH,,TimeInForce.GTC,,,,1407859200000000000,2014-08-12T16:00:00Z
9.41058,12534.89256,1410278400000000000,2014-09-09T16:00:00Z,532800.0,,c4fc0487-a1fa-4b1b-a956-7af929a6f0ab,OrderRole.Standalone,OrderType.Market,_default,,PositionEffect.Close,,532800.0,False,,OrderSide.Sell,OrderStatus.Filled,000002.SZ,,TimeInForce.GTC,,,,1410364800000000000,2014-09-10T16:00:00Z
51.7482,12419.568,1410278400000000000,2014-09-09T16:00:00Z,96000.0,,d8c73ed2-5776-4d1b-9861-bead871be671,OrderRole.Standalone,OrderType.Market,_default,,PositionEffect.Close,,96000.0,False,,OrderSide.Sell,OrderStatus.Filled,000538.SZ,,TimeInForce.GTC,,,,1410364800000000000,2014-09-10T16:00:00Z
29.58039,12786.1235775,1410278400000000000,2014-09-09T16:00:00Z,172900.0,,701df769-346c-49e8-9ea4-bf58c5c83bfe,OrderRole.Standalone,OrderType.Market,_default,,PositionEffect.Close,,172900.0,False,,OrderSide.Sell,OrderStatus.Filled,000651.SZ,,TimeInForce.GTC,,,,1410364800000000000,2014-09-10T16:00:00Z
23.80617,14420.5874775,1410278400000000000,2014-09-09T16:00:00Z,242300.0,,8fcd79c8-46fb-4643-a267-b9d13bab53cb,OrderRole.Standalone,OrderType.Market,_default,,PositionEffect.Close,,242300.0,False,,OrderSide.Sell,OrderStatus.Filled,002180.SZ,,TimeInForce.GTC,,,,1410364800000000000,2014-09-10T16:00:00Z
14.0859,15829.030125,1410278400000000000,2014-09-09T16:00:00Z,449500.0,,bba19343-2aad-4fa1-bec8-3b0f133ac023,OrderRole.Standalone,OrderType.Market,_default,,PositionEffect.Close,,449500.0,False,,OrderSide.Sell,OrderStatus.Filled,300059.SZ,,TimeInForce.GTC,,,,1410364800000000000,2014-09-10T16:00:00Z
4.37562,13894.78131,1410278400000000000,2014-09-09T16:00:00Z,1270200.0,,69664157-d4cb-45a0-b80b-61e5e41ca46a,OrderRole.Standalone,OrderType.Market,_default,,PositionEffect.Close,,1270200.0,False,,OrderSide.Sell,OrderStatus.Filled,601727.SH,,TimeInForce.GTC,,,,1410364800000000000,2014-09-10T16:00:00Z
3.61638,13664.49183,1410278400000000000,2014-09-09T16:00:00Z,1511400.0,,78624713-f7f0-468f-803a-aabc081e2dbe,OrderRole.Standalone,OrderType.Market,_default,,PositionEffect.Close,,1511400.0,False,,OrderSide.Sell,OrderStatus.Filled,601919.SH,,TimeInForce.GTC,,,,1410364800000000000,2014-09-10T16:00:00Z
,0.0,1410278400000000000,2014-09-09T16:00:00Z,0.0,,84f53fef-bb99-4da3-9928-4b2c2e4f2a6c,OrderRole.Standalone,OrderType.Market,_default,,PositionEffect.Close,,992900.0,False,"Symbol 000807.SZ not tradable (zero volume, suspension) at execution timestamp 1410364800000000000",OrderSide.Sell,OrderStatus.Rejected,000807.SZ,,TimeInForce.GTC,,,,1410364800000000000,2014-09-10T16:00:00Z
,0.0,1410278400000000000,2014-09-09T16:00:00Z,0.0,,9ed05aa3-946f-417d-9013-47c98736f17c,OrderRole.Standalone,OrderType.Market,_default,,PositionEffect.Close,,75400.0,False,"Symbol 002252.SZ not tradable (zero volume, suspension) at execution timestamp 1410364800000000000",OrderSide.Sell,OrderStatus.Rejected,002252.SZ,,TimeInForce.GTC,,,,1410364800000000000,2014-09-10T16:00:00Z
10.34033,13243.3776475,1410278400000000000,2014-09-09T16:00:00Z,512300.0,,47ebeedb-1dff-4422-bde6-31b8d3ce6ea3,OrderRole.Standalone,OrderType.Market,_default,,PositionEffect.Open,,512300.0,False,,OrderSide.Buy,OrderStatus.Filled,000001.SZ,,TimeInForce.GTC,,,,1410364800000000000,2014-09-10T16:00:00Z
55.80575,13239.9141875,1410278400000000000,2014-09-09T16:00:00Z,94900.0,,d67d6eb0-8e62-4959-a8e5-6f411296613f,OrderRole.Standalone,OrderType.Market,_default,,PositionEffect.Open,,94900.0,False,,OrderSide.Buy,OrderStatus.Filled,000963.SZ,,TimeInForce.GTC,,,,1410364800000000000,2014-09-10T16:00:00Z
20.87085,13247.7720375,1410278400000000000,2014-09-09T16:00:00Z,253900.0,,9895e7c8-9db0-4977-9485-16a63e0f5d77,OrderRole.Standalone,OrderType.Market,_default,,PositionEffect.Open,,253900.0,False,,OrderSide.Buy,OrderStatus.Filled,002460.SZ,,TimeInForce.GTC,,,,1410364800000000000,2014-09-10T16:00:00Z
58.4584,13226.213,1410278400000000000,2014-09-09T16:00:00Z,90500.0,,d46f3ef4-b7e8-4404-a510-849220a1bdbe,OrderRole.Standalone,OrderType.Market,_default,,PositionEffect.Open,,90500.0,False,,OrderSide.Buy,OrderStatus.Filled,002466.SZ,,TimeInForce.GTC,,,,1410364800000000000,2014-09-10T16:00:00Z
43.39335,13169.881725,1410278400000000000,2014-09-09T16:00:00Z,121400.0,,66194a11-ade2-4c04-b815-a9077cebf025,OrderRole.Standalone,OrderType.Market,_default,,PositionEffect.Open,,121400.0,False,,OrderSide.Buy,OrderStatus.Filled,002555.SZ,,TimeInForce.GTC,,,,1410364800000000000,2014-09-10T16:00:00Z
22.2222,13272.20895,1410278400000000000,2014-09-09T16:00:00Z,238900.0,,08e4a5f5-37a8-434b-bf9f-50bb8a714966,OrderRole.Standalone,OrderType.Market,_default,,PositionEffect.Open,,238900.0,False,,OrderSide.Buy,OrderStatus.Filled,002601.SZ,,TimeInForce.GTC,,,,1410364800000000000,2014-09-10T16:00:00Z
22.022,13273.7605,1410278400000000000,2014-09-09T16:00:00Z,241100.0,,5820f0fd-a11d-4efb-b1f0-a4ca720cf84e,OrderRole.Standalone,OrderType.Market,_default,,PositionEffect.Open,,241100.0,False,,OrderSide.Buy,OrderStatus.Filled,002602.SZ,,TimeInForce.GTC,,,,1410364800000000000,2014-09-10T16:00:00Z
,0.0,1410278400000000000,2014-09-09T16:00:00Z,0.0,,0fa028e1-bcdc-460e-9efe-f5af6d379b33,OrderRole.Standalone,OrderType.Market,_default,,PositionEffect.Open,,533400.0,False,"Risk: Insufficient margin at execution. Required: 5299155.511650000000000000000, Available: 1380248.176782504761687644182",OrderSide.Buy,OrderStatus.Rejected,600438.SH,,TimeInForce.GTC,,,,1410364800000000000,2014-09-10T16:00:00Z
10.37036,772.59182,1410278400000000000,2014-09-09T16:00:00Z,29800.0,,9962e648-b415-44a5-bd7d-0df205ad823d,OrderRole.Standalone,OrderType.Market,_default,,PositionEffect.Open,,29800.0,False,,OrderSide.Buy,OrderStatus.Filled,601166.SH,,TimeInForce.GTC,,,,1410364800000000000,2014-09-10T16:00:00Z
19.20919,499.43894,1410278400000000000,2014-09-09T16:00:00Z,10400.0,,8f8220c7-a9e4-4976-9ae7-ad744d0eab94,OrderRole.Standalone,OrderType.Market,_default,,PositionEffect.Open,,10400.0,False,,OrderSide.Buy,OrderStatus.Filled,000858.SZ,,TimeInForce.GTC,,,,1410364800000000000,2014-09-10T16:00:00Z
18.99099,13099.0353525,1410364800000000000,2014-09-10T16:00:00Z,275900.0,,910798ca-1a4a-4a51-a5ae-ac46d464b5b1,OrderRole.Standalone,OrderType.Market,_default,,PositionEffect.Close,,275900.0,False,,OrderSide.Sell,OrderStatus.Filled,000858.SZ,,TimeInForce.GTC,,,,1410451200000000000,2014-09-11T16:00:00Z
10.32966,13178.063745,1410364800000000000,2014-09-10T16:00:00Z,510300.0,,2af73a8f-186c-4882-998f-ab0338cadce1,OrderRole.Standalone,OrderType.Market,_default,,PositionEffect.Close,,510300.0,False,,OrderSide.Sell,OrderStatus.Filled,601166.SH,,TimeInForce.GTC,,,,1410451200000000000,2014-09-11T16:00:00Z
10.0899,12922.639425,1413302400000000000,2014-10-14T16:00:00Z,512300.0,,ecbd2734-36a8-4b8e-9083-b5d7d869c0be,OrderRole.Standalone,OrderType.Market,_default,,PositionEffect.Close,,512300.0,False,,OrderSide.Sell,OrderStatus.Filled,000001.SZ,,TimeInForce.GTC,,,,1413388800000000000,2014-10-15T16:00:00Z
4.8951,12150.861975,1413302400000000000,2014-10-14T16:00:00Z,992900.0,,4fa7db64-cff1-46fd-a54f-eac1b32cc4cd,OrderRole.Standalone,OrderType.Market,_default,,PositionEffect.Close,,992900.0,False,,OrderSide.Sell,OrderStatus.Filled,000807.SZ,,TimeInForce.GTC,,,,1413388800000000000,2014-10-15T16:00:00Z
59.1408,14031.1548,1413302400000000000,2014-10-14T16:00:00Z,94900.0,,15511499-26e0-4118-9dc6-78d9434e8dc8,OrderRole.Standalone,OrderType.Market,_default,,PositionEffect.Close,,94900.0,False,,OrderSide.Sell,OrderStatus.Filled,000963.SZ,,TimeInForce.GTC,,,,1413388800000000000,2014-10-15T16:00:00Z
43.5564,16420.7628,1413302400000000000,2014-10-14T16:00:00Z,150800.0,,a177c374-7e51-4a3b-8d7d-ea6ee47148b2,OrderRole.Standalone,OrderType.Market,_default,,PositionEffect.Close,,150800.0,False,,OrderSide.Sell,OrderStatus.Filled,002252.SZ,,TimeInForce.GTC,,,,1413388800000000000,2014-10-15T16:00:00Z
19.96002,12669.622695,1413302400000000000,2014-10-14T16:00:00Z,253900.0,,2b7951c1-3c9c-4b24-ab1f-3b10746dc654,OrderRole.Standalone,OrderType.Market,_default,,PositionEffect.Close,,253900.0,False,,OrderSide.Sell,OrderStatus.Filled,002460.SZ,,TimeInForce.GTC,,,,1413388800000000000,2014-10-15T16:00:00Z
55.56438,12571.440975,1413302400000000000,2014-10-14T16:00:00Z,90500.0,,da96f47d-dd66-4e42-b183-09947228e6e2,OrderRole.Standalone,OrderType.Market,_default,,PositionEffect.Close,,90500.0,False,,OrderSide.Sell,OrderStatus.Filled,002466.SZ,,TimeInForce.GTC,,,,1413388800000000000,2014-10-15T16:00:00Z
46.63332,14153.21262,1413302400000000000,2014-10-14T16:00:00Z,121400.0,,2fdda7e7-f97a-4686-9c63-2c0629d84d9d,OrderRole.Standalone,OrderType.Market,_default,,PositionEffect.Close,,121400.0,False,,OrderSide.Sell,OrderStatus.Filled,002555.SZ,,TimeInForce.GTC,,,,1413388800000000000,2014-10-15T16:00:00Z
24.22575,14468.8291875,1413302400000000000,2014-10-14T16:00:00Z,238900.0,,ae67819b-c268-4430-a84a-7d68e019135d,OrderRole.Standalone,OrderType.Market,_default,,PositionEffect.Close,,238900.0,False,,OrderSide.Sell,OrderStatus.Filled,002601.SZ,,TimeInForce.GTC,,,,1413388800000000000,2014-10-15T16:00:00Z
21.53844,12982.29471,1413302400000000000,2014-10-14T16:00:00Z,241100.0,,73a261f9-df5b-4900-b30f-609205ce6c3e,OrderRole.Standalone,OrderType.Market,_default,,PositionEffect.Close,,241100.0,False,,OrderSide.Sell,OrderStatus.Filled,002602.SZ,,TimeInForce.GTC,,,,1413388800000000000,2014-10-15T16:00:00Z
3.26326,13467.47402,1413302400000000000,2014-10-14T16:00:00Z,1650800.0,,d42f2914-024d-49dd-b14d-aebf692c3e42,OrderRole.Standalone,OrderType.Market,_default,,PositionEffect.Open,,1650800.0,False,,OrderSide.Buy,OrderStatus.Filled,600115.SH,,TimeInForce.GTC,,,,1413388800000000000,2014-10-15T16:00:00Z
3.37337,13634.3181975,1413302400000000000,2014-10-14T16:00:00Z,1616700.0,,64ae35aa-17bd-4edd-83fb-a9d3e14fb59f,OrderRole.Standalone,OrderType.Market,_default,,PositionEffect.Open,,1616700.0,False,,OrderSide.Buy,OrderStatus.Filled,601018.SH,,TimeInForce.GTC,,,,1413388800000000000,2014-10-15T16:00:00Z
3.1031,13671.482825,1413302400000000000,2014-10-14T16:00:00Z,1762300.0,,60df249f-487e-4e6a-82f8-86a1c20a25cb,OrderRole.Standalone,OrderType.Market,_default,,PositionEffect.Open,,1762300.0,False,,OrderSide.Buy,OrderStatus.Filled,601390.SH,,TimeInForce.GTC,,,,1413388800000000000,2014-10-15T16:00:00Z
2.71271,13715.46176,1413302400000000000,2014-10-14T16:00:00Z,2022400.0,,1727c668-3549-4bb7-af6a-b1aae3da448b,OrderRole.Standalone,OrderType.Market,_default,,PositionEffect.Open,,2022400.0,False,,OrderSide.Buy,OrderStatus.Filled,601618.SH,,TimeInForce.GTC,,,,1413388800000000000,2014-10-15T16:00:00Z
4.01401,13480.0490825,1413302400000000000,2014-10-14T16:00:00Z,1343300.0,,6c83e869-5b90-4480-987a-5539f93b82ff,OrderRole.Standalone,OrderType.Market,_default,,PositionEffect.Open,,1343300.0,False,,OrderSide.Buy,OrderStatus.Filled,601669.SH,,TimeInForce.GTC,,,,1413388800000000000,2014-10-15T16:00:00Z
5.81581,13505.7647725,1413302400000000000,2014-10-14T16:00:00Z,928900.0,,bb767ff8-ae16-417d-9bf7-2e4b846d62de,OrderRole.Standalone,OrderType.Market,_default,,PositionEffect.Open,,928900.0,False,,OrderSide.Buy,OrderStatus.Filled,601727.SH,,TimeInForce.GTC,,,,1413388800000000000,2014-10-15T16:00:00Z
4.04404,13547.534,1413302400000000000,2014-10-14T16:00:00Z,1340000.0,,dac2b0cb-5393-4f3f-94fb-bcea2b783e71,OrderRole.Standalone,OrderType.Market,_default,,PositionEffect.Open,,1340000.0,False,,OrderSide.Buy,OrderStatus.Filled,601919.SH,,TimeInForce.GTC,,,,1413388800000000000,2014-10-15T16:00:00Z
4.16416,13616.8032,1413302400000000000,2014-10-14T16:00:00Z,1308000.0,,831e8643-d5ff-446c-9269-f3c589e5260f,OrderRole.Standalone,OrderType.Market,_default,,PositionEffect.Open,,1308000.0,False,,OrderSide.Buy,OrderStatus.Filled,000301.SZ,,TimeInForce.GTC,,,,1413388800000000000,2014-10-15T16:00:00Z
23.60358,13672.373715,1413302400000000000,2014-10-14T16:00:00Z,231700.0,,6a878c3a-3756-4968-bdd2-7ed55170f4f3,OrderRole.Standalone,OrderType.Market,_default,,PositionEffect.Open,,231700.0,False,,OrderSide.Buy,OrderStatus.Filled,000999.SZ,,TimeInForce.GTC,,,,1413388800000000000,2014-10-15T16:00:00Z
16.94693,13633.805185,1413302400000000000,2014-10-14T16:00:00Z,321800.0,,0927d729-32f8-4574-a371-f89c60acc985,OrderRole.Standalone,OrderType.Market,_default,,PositionEffect.Open,,321800.0,False,,OrderSide.Buy,OrderStatus.Filled,002074.SZ,,TimeInForce.GTC,,,,1413388800000000000,2014-10-15T16:00:00Z
3.98601,13034.2527,1415721600000000000,2014-11-11T16:00:00Z,1308000.0,,1675fae6-b509-409d-b4a9-1af3ef214c55,OrderRole.Standalone,OrderType.Market,_default,,PositionEffect.Close,,1308000.0,False,,OrderSide.Sell,OrderStatus.Filled,000301.SZ,,TimeInForce.GTC,,,,1415808000000000000,2014-11-12T16:00:00Z
20.979,12152.08575,1415721600000000000,2014-11-11T16:00:00Z,231700.0,,88cbde5f-bf62-425a-860c-6b96a9622c68,OrderRole.Standalone,OrderType.Market,_default,,PositionEffect.Close,,231700.0,False,,OrderSide.Sell,OrderStatus.Filled,000999.SZ,,TimeInForce.GTC,,,,1415808000000000000,2014-11-12T16:00:00Z
16.44354,13228.82793,1415721600000000000,2014-11-11T16:00:00Z,321800.0,,58f9958f-829c-4c2e-bac2-ac46eb108edf,OrderRole.Standalone,OrderType.Market,_default,,PositionEffect.Close,,321800.0,False,,OrderSide.Sell,OrderStatus.Filled,002074.SZ,,TimeInForce.GTC,,,,1415808000000000000,2014-11-12T16:00:00Z
4.5954,4007.1888,1415721600000000000,2014-11-11T16:00:00Z,348800.0,,d7cfe8a1-8837-45e4-bc03-d7279fd3607c,OrderRole.Standalone,OrderType.Market,_default,,PositionEffect.Close,,348800.0,False,,OrderSide.Sell,OrderStatus.Filled,600115.SH,,TimeInForce.GTC,,,,1415808000000000000,2014-11-12T16:00:00Z
3.83616,546.6528,1415721600000000000,2014-11-11T16:00:00Z,57000.0,,15c4b0f2-d2c5-4583-a9ba-fec6d50f8b86,OrderRole.Standalone,OrderType.Market,_default,,PositionEffect.Close,,57000.0,False,,OrderSide.Sell,OrderStatus.Filled,601018.SH,,TimeInForce.GTC,,,,1415808000000000000,2014-11-12T16:00:00Z
4.2957,18925.780275,1415721600000000000,2014-11-11T16:00:00Z,1762300.0,,e94f3c0a-32e8-49d9-8488-eb70a78590ea,OrderRole.Standalone,OrderType.Market,_default,,PositionEffect.Close,,1762300.0,False,,OrderSide.Sell,OrderStatus.Filled,601390.SH,,TimeInForce.GTC,,,,1415808000000000000,2014-11-12T16:00:00Z
6.24375,14499.5484375,1415721600000000000,2014-11-11T16:00:00Z,928900.0,,97a2f65f-4527-44dc-9f81-4a82b07800d1,OrderRole.Standalone,OrderType.Market,_default,,PositionEffect.Close,,928900.0,False,,OrderSide.Sell,OrderStatus.Filled,601727.SH,,TimeInForce.GTC,,,,1415808000000000000,2014-11-12T16:00:00Z
4.94505,16565.9175,1415721600000000000,2014-11-11T16:00:00Z,1340000.0,,3a7ae2b0-1173-4b08-85b8-7a0888c99a5c,OrderRole.Standalone,OrderType.Market,_default,,PositionEffect.Close,,1340000.0,False,,OrderSide.Sell,OrderStatus.Filled,601919.SH,,TimeInForce.GTC,,,,1415808000000000000,2014-11-12T16:00:00Z
27.20718,14977.55259,1415721600000000000,2014-11-11T16:00:00Z,220200.0,,317dd355-83e6-4061-a2d4-834d31fda13c,OrderRole.Standalone,OrderType.Market,_default,,PositionEffect.Open,,220200.0,False,,OrderSide.Buy,OrderStatus.Filled,002602.SZ,,TimeInForce.GTC,,,,1415808000000000000,2014-11-12T16:00:00Z
4.71471,14891.411535,1415721600000000000,2014-11-11T16:00:00Z,1263400.0,,5a786a53-8d53-4d4b-99de-10d65023c411,OrderRole.Standalone,OrderType.Market,_default,,PositionEffect.Open,,1263400.0,False,,OrderSide.Buy,OrderStatus.Filled,600027.SH,,TimeInForce.GTC,,,,1415808000000000000,2014-11-12T16:00:00Z
12.23222,14828.508695,1415721600000000000,2014-11-11T16:00:00Z,484900.0,,1b22efd2-b728-4589-9409-6781fcfb91bb,OrderRole.Standalone,OrderType.Market,_default,,PositionEffect.Open,,484900.0,False,,OrderSide.Buy,OrderStatus.Filled,600837.SH,,TimeInForce.GTC,,,,1415808000000000000,2014-11-12T16:00:00Z
16.56655,15112.8352375,1415721600000000000,2014-11-11T16:00:00Z,364900.0,,808fce10-b4d6-4753-860e-6c3c7b6d3ce8,OrderRole.Standalone,OrderType.Market,_default,,PositionEffect.Open,,364900.0,False,,OrderSide.Buy,OrderStatus.Filled,600875.SH,,TimeInForce.GTC,,,,1415808000000000000,2014-11-12T16:00:00Z
29.029,15080.5655,1415721600000000000,2014-11-11T16:00:00Z,207800.0,,b95fa6ce-fe7d-47ac-a705-cf8195a27315,OrderRole.Standalone,OrderType.Market,_default,,PositionEffect.Open,,207800.0,False,,OrderSide.Buy,OrderStatus.Filled,601336.SH,,TimeInForce.GTC,,,,1415808000000000000,2014-11-12T16:00:00Z
6.49649,14872.0897325,1415721600000000000,2014-11-11T16:00:00Z,915700.0,,631354d8-114e-47cd-a43a-1cc0eec19149,OrderRole.Standalone,OrderType.Market,_default,,PositionEffect.Open,,915700.0,False,,OrderSide.Buy,OrderStatus.Filled,601800.SH,,TimeInForce.GTC,,,,1415808000000000000,2014-11-12T16:00:00Z
4.16416,895.2944,1415721600000000000,2014-11-11T16:00:00Z,86000.0,,a46fa011-9ad1-4ac1-bf12-ad4bef0401fb,OrderRole.Standalone,OrderType.Market,_default,,PositionEffect.Open,,86000.0,False,,OrderSide.Buy,OrderStatus.Filled,601669.SH,,TimeInForce.GTC,,,,1415808000000000000,2014-11-12T16:00:00Z
2.81281,659.603945,1415721600000000000,2014-11-11T16:00:00Z,93800.0,,a04a7f90-a2d3-44fd-9b32-ad4476e07b75,OrderRole.Standalone,OrderType.Market,_default,,PositionEffect.Open,,93800.0,False,,OrderSide.Buy,OrderStatus.Filled,601618.SH,,TimeInForce.GTC,,,,1415808000000000000,2014-11-12T16:00:00Z
4.94505,16096.13775,1415808000000000000,2014-11-12T16:00:00Z,1302000.0,,af1dfe7d-a6d0-40a7-a00b-e137d5e87b63,OrderRole.Standalone,OrderType.Market,_default,,PositionEffect.Close,,1302000.0,False,,OrderSide.Sell,OrderStatus.Filled,600115.SH,,TimeInForce.GTC,,,,1415894400000000000,2014-11-13T16:00:00Z
3.73626,14568.611805,1415808000000000000,2014-11-12T16:00:00Z,1559700.0,,992a79a7-e753-4242-8709-460821773228,OrderRole.Standalone,OrderType.Market,_default,,PositionEffect.Close,,1559700.0,False,,OrderSide.Sell,OrderStatus.Filled,601018.SH,,TimeInForce.GTC,,,,1415894400000000000,2014-11-13T16:00:00Z
2.75724,14587.17822,1415808000000000000,2014-11-12T16:00:00Z,2116200.0,,9efdb993-3c49-4bcb-a75f-658a107ee8e6,OrderRole.Standalone,OrderType.Market,_default,,PositionEffect.Close,,2116200.0,False,,OrderSide.Sell,OrderStatus.Filled,601618.SH,,TimeInForce.GTC,,,,1415894400000000000,2014-11-13T16:00:00Z
4.05594,14492.887605,1415808000000000000,2014-11-12T16:00:00Z,1429300.0,,848a18f8-a374-4d97-aec8-10c95ec34771,OrderRole.Standalone,OrderType.Market,_default,,PositionEffect.Close,,1429300.0,False,,OrderSide.Sell,OrderStatus.Filled,601669.SH,,TimeInForce.GTC,,,,1415894400000000000,2014-11-13T16:00:00Z
5.70429,18016.999965,1418140800000000000,2014-12-09T16:00:00Z,1263400.0,,0df747f9-28c1-4cba-80f9-5419fd4ec27f,OrderRole.Standalone,OrderType.Market,_default,,PositionEffect.Close,,1263400.0,False,,OrderSide.Sell,OrderStatus.Filled,600027.SH,,TimeInForce.GTC,,,,1418227200000000000,2014-12-10T16:00:00Z
20.26971,8503.143345,1418140800000000000,2014-12-09T16:00:00Z,167800.0,,5eb7b710-d710-4704-a7f3-3b025b938050,OrderRole.Standalone,OrderType.Market,_default,,PositionEffect.Close,,167800.0,False,,OrderSide.Sell,OrderStatus.Filled,600837.SH,,TimeInForce.GTC,,,,1418227200000000000,2014-12-10T16:00:00Z
17.74224,16185.35844,1418140800000000000,2014-12-09T16:00:00Z,364900.0,,267dd4c4-86d0-4c2d-9a38-c14abb77689c,OrderRole.Standalone,OrderType.Market,_default,,PositionEffect.Close,,364900.0,False,,OrderSide.Sell,OrderStatus.Filled,600875.SH,,TimeInForce.GTC,,,,1418227200000000000,2014-12-10T16:00:00Z
37.5624,19513.6668,1418140800000000000,2014-12-09T16:00:00Z,207800.0,,49c01f49-6804-4dfb-b106-d3d387eaccc2,OrderRole.Standalone,OrderType.Market,_default,,PositionEffect.Close,,207800.0,False,,OrderSide.Sell,OrderStatus.Filled,601336.SH,,TimeInForce.GTC,,,,1418227200000000000,2014-12-10T16:00:00Z
9.53046,21817.605555,1418140800000000000,2014-12-09T16:00:00Z,915700.0,,062bf195-5373-4d76-adbb-d03b44597831,OrderRole.Standalone,OrderType.Market,_default,,PositionEffect.Close,,915700.0,False,,OrderSide.Sell,OrderStatus.Filled,601800.SH,,TimeInForce.GTC,,,,1418227200000000000,2014-12-10T16:00:00Z
,0.0,1418140800000000000,2014-12-09T16:00:00Z,0.0,,8caa2c9c-0e99-4406-a70d-89ae60a085d3,OrderRole.Standalone,OrderType.Market,_default,,PositionEffect.Close,,220200.0,False,"Symbol 002602.SZ not tradable (zero volume, suspension) at execution timestamp 1418227200000000000",OrderSide.Sell,OrderStatus.Rejected,002602.SZ,,TimeInForce.GTC,,,,1418227200000000000,2014-12-10T16:00:00Z
24.23421,16539.848325,1418140800000000000,2014-12-09T16:00:00Z,273000.0,,78efee9b-4110-4674-9cd4-5841d81b742d,OrderRole.Standalone,OrderType.Market,_default,,PositionEffect.Open,,273000.0,False,,OrderSide.Buy,OrderStatus.Filled,000776.SZ,,TimeInForce.GTC,,,,1418227200000000000,2014-12-10T16:00:00Z
47.9479,17225.283075,1418140800000000000,2014-12-09T16:00:00Z,143700.0,,a943691d-d7be-42cd-9894-d13c92aef547,OrderRole.Standalone,OrderType.Market,_default,,PositionEffect.Open,,143700.0,False,,OrderSide.Buy,OrderStatus.Filled,002252.SZ,,TimeInForce.GTC,,,,1418227200000000000,2014-12-10T16:00:00Z
27.027,16993.22625,1418140800000000000,2014-12-09T16:00:00Z,251500.0,,773fd393-d9db-4af3-baf0-81a51a67ed8a,OrderRole.Standalone,OrderType.Market,_default,,PositionEffect.Open,,251500.0,False,,OrderSide.Buy,OrderStatus.Filled,300059.SZ,,TimeInForce.GTC,,,,1418227200000000000,2014-12-10T16:00:00Z
26.026,16428.9125,1418140800000000000,2014-12-09T16:00:00Z,252500.0,,c5967157-9b30-4310-b687-b63053706b11,OrderRole.Standalone,OrderType.Market,_default,,PositionEffect.Open,,252500.0,False,,OrderSide.Buy,OrderStatus.Filled,600030.SH,,TimeInForce.GTC,,,,1418227200000000000,2014-12-10T16:00:00Z
8.79879,17234.6299125,1418140800000000000,2014-12-09T16:00:00Z,783500.0,,4feeb7f2-a469-43f3-9174-87d8c6989647,OrderRole.Standalone,OrderType.Market,_default,,PositionEffect.Open,,783500.0,False,,OrderSide.Buy,OrderStatus.Filled,600031.SH,,TimeInForce.GTC,,,,1418227200000000000,2014-12-10T16:00:00Z
25.4254,16679.0624,1418140800000000000,2014-12-09T16:00:00Z,262400.0,,1c086002-1c93-48f0-a45d-09e4760af7ed,OrderRole.Standalone,OrderType.Market,_default,,PositionEffect.Open,,262400.0,False,,OrderSide.Buy,OrderStatus.Filled,600061.SH,,TimeInForce.GTC,,,,1418227200000000000,2014-12-10T16:00:00Z
5.44544,17330.1128,1418140800000000000,2014-12-09T16:00:00Z,1273000.0,,c5163df9-4dc5-4e88-8757-b89e426e9bfb,OrderRole.Standalone,OrderType.Market,_default,,PositionEffect.Open,,1273000.0,False,,OrderSide.Buy,OrderStatus.Filled,601669.SH,,TimeInForce.GTC,,,,1418227200000000000,2014-12-10T16:00:00Z
14.43442,16390.28391,1418140800000000000,2014-12-09T16:00:00Z,454200.0,,271cded5-cf34-4e33-b49f-57d231e2eea0,OrderRole.Standalone,OrderType.Market,_default,,PositionEffect.Open,,454200.0,False,,OrderSide.Buy,OrderStatus.Filled,601901.SH,,TimeInForce.GTC,,,,1418227200000000000,2014-12-10T16:00:00Z
52.9529,17434.742325,1418140800000000000,2014-12-09T16:00:00Z,131700.0,,90a29b79-fd89-426d-9d48-619330bc0795,OrderRole.Standalone,OrderType.Market,_default,,PositionEffect.Open,,131700.0,False,,OrderSide.Buy,OrderStatus.Filled,603019.SH,,TimeInForce.GTC,,,,1418227200000000000,2014-12-10T16:00:00Z
19.14084,15173.90091,1418227200000000000,2014-12-10T16:00:00Z,317100.0,,332660a7-0962-47e5-b628-02f660bcacc3,OrderRole.Standalone,OrderType.Market,_default,,PositionEffect.Close,,317100.0,False,,OrderSide.Sell,OrderStatus.Filled,600837.SH,,TimeInForce.GTC,,,,1418313600000000000,2014-12-11T16:00:00Z
26.36361,17993.163825,1420732800000000000,2015-01-08T16:00:00Z,273000.0,,94ab3a49-7867-43b9-a11e-eba942f0d90b,OrderRole.Standalone,OrderType.Market,_default,,PositionEffect.Close,,273000.0,False,,OrderSide.Sell,OrderStatus.Filled,000776.SZ,,TimeInForce.GTC,,,,1420992000000000000,2015-01-11T16:00:00Z
45.4545,16329.529125,1420732800000000000,2015-01-08T16:00:00Z,143700.0,,eea0124f-8146-4430-b411-f2ae78a4c8d5,OrderRole.Standalone,OrderType.Market,_default,,PositionEffect.Close,,143700.0,False,,OrderSide.Sell,OrderStatus.Filled,002252.SZ,,TimeInForce.GTC,,,,1420992000000000000,2015-01-11T16:00:00Z
36.62334,23026.925025,1420732800000000000,2015-01-08T16:00:00Z,251500.0,,885461cb-b0be-42d0-b3b0-4549b0f43fb0,OrderRole.Standalone,OrderType.Market,_default,,PositionEffect.Close,,251500.0,False,,OrderSide.Sell,OrderStatus.Filled,300059.SZ,,TimeInForce.GTC,,,,1420992000000000000,2015-01-11T16:00:00Z
34.6653,3882.5136,1420732800000000000,2015-01-08T16:00:00Z,44800.0,,d820732c-5f5a-484c-801d-d6c7c8425013,OrderRole.Standalone,OrderType.Market,_default,,PositionEffect.Close,,44800.0,False,,OrderSide.Sell,OrderStatus.Filled,600030.SH,,TimeInForce.GTC,,,,1420992000000000000,2015-01-11T16:00:00Z
9.06093,17748.0966375,1420732800000000000,2015-01-08T16:00:00Z,783500.0,,6b5f8209-ab53-41fa-beee-4cd765a99b33,OrderRole.Standalone,OrderType.Market,_default,,PositionEffect.Close,,783500.0,False,,OrderSide.Sell,OrderStatus.Filled,600031.SH,,TimeInForce.GTC,,,,1420992000000000000,2015-01-11T16:00:00Z
22.5774,14810.7744,1420732800000000000,2015-01-08T16:00:00Z,262400.0,,b8d40322-27c1-4497-84b3-e686455b9691,OrderRole.Standalone,OrderType.Market,_default,,PositionEffect.Close,,262400.0,False,,OrderSide.Sell,OrderStatus.Filled,600061.SH,,TimeInForce.GTC,,,,1420992000000000000,2015-01-11T16:00:00Z
7.51248,6246.62712,1420732800000000000,2015-01-08T16:00:00Z,332600.0,,fd51208c-d3aa-4e4b-a43b-0892ca82af55,OrderRole.Standalone,OrderType.Market,_default,,PositionEffect.Close,,332600.0,False,,OrderSide.Sell,OrderStatus.Filled,601669.SH,,TimeInForce.GTC,,,,1420992000000000000,2015-01-11T16:00:00Z
12.76722,14497.17831,1420732800000000000,2015-01-08T16:00:00Z,454200.0,,dc1f463e-d140-4992-bafe-5d1b28534228,OrderRole.Standalone,OrderType.Market,_default,,PositionEffect.Close,,454200.0,False,,OrderSide.Sell,OrderStatus.Filled,601901.SH,,TimeInForce.GTC,,,,1420992000000000000,2015-01-11T16:00:00Z
45.954,15130.3545,1420732800000000000,2015-01-08T16:00:00Z,131700.0,,3337be12-7e2f-49fe-8835-652b73aff321,OrderRole.Standalone,OrderType.Market,_default,,PositionEffect.Close,,131700.0,False,,OrderSide.Sell,OrderStatus.Filled,603019.SH,,TimeInForce.GTC,,,,1420992000000000000,2015-01-11T16:00:00Z
,0.0,1420732800000000000,2015-01-08T16:00:00Z,0.0,,4752abec-0166-420a-8d5d-c3c5ec6171e8,OrderRole.Standalone,OrderType.Market,_default,,PositionEffect.Close,,220200.0,False,"Symbol 002602.SZ not tradable (zero volume, suspension) at execution timestamp 1420992000000000000",OrderSide.Sell,OrderStatus.Rejected,002602.SZ,,TimeInForce.GTC,,,,1420992000000000000,2015-01-11T16:00:00Z
10.65064,17863.78594,1420732800000000000,2015-01-08T16:00:00Z,670900.0,,269e7800-e416-4668-b5a5-6a52a29e57d1,OrderRole.Standalone,OrderType.Market,_default,,PositionEffect.Open,,670900.0,False,,OrderSide.Buy,OrderStatus.Filled,000408.SZ,,TimeInForce.GTC,,,,1420992000000000000,2015-01-11T16:00:00Z
14.3143,17671.00335,1420732800000000000,2015-01-08T16:00:00Z,493800.0,,08f6ef72-a6dd-49da-a664-44030367754d,OrderRole.Standalone,OrderType.Market,_default,,PositionEffect.Open,,493800.0,False,,OrderSide.Buy,OrderStatus.Filled,601186.SH,,TimeInForce.GTC,,,,1420992000000000000,2015-01-11T16:00:00Z
8.4084,17680.7631,1420732800000000000,2015-01-08T16:00:00Z,841100.0,,1524de21-3e44-4dd2-95ce-eeaea6be0d4c,OrderRole.Standalone,OrderType.Market,_default,,PositionEffect.Open,,841100.0,False,,OrderSide.Buy,OrderStatus.Filled,601390.SH,,TimeInForce.GTC,,,,1420992000000000000,2015-01-11T16:00:00Z
33.3333,17849.98215,1420732800000000000,2015-01-08T16:00:00Z,214200.0,,4f494f0d-9527-42cc-a276-5b26d394a283,OrderRole.Standalone,OrderType.Market,_default,,PositionEffect.Open,,214200.0,False,,OrderSide.Buy,OrderStatus.Filled,601628.SH,,TimeInForce.GTC,,,,1420992000000000000,2015-01-11T16:00:00Z
6.58658,17974.77682,1420732800000000000,2015-01-08T16:00:00Z,1091600.0,,a249e2a2-8623-42c7-b64d-23949279d0d9,OrderRole.Standalone,OrderType.Market,_default,,PositionEffect.Open,,1091600.0,False,,OrderSide.Buy,OrderStatus.Filled,601668.SH,,TimeInForce.GTC,,,,1420992000000000000,2015-01-11T16:00:00Z
10.57056,18678.17952,1420732800000000000,2015-01-08T16:00:00Z,706800.0,,cda68725-b4a1-4dc5-a1d0-72680442eb22,OrderRole.Standalone,OrderType.Market,_default,,PositionEffect.Open,,706800.0,False,,OrderSide.Buy,OrderStatus.Filled,601766.SH,,TimeInForce.GTC,,,,1420992000000000000,2015-01-11T16:00:00Z
13.59358,17420.17277,1420732800000000000,2015-01-08T16:00:00Z,512600.0,,384215a3-89f3-488d-95ce-29b99b26c9d1,OrderRole.Standalone,OrderType.Market,_default,,PositionEffect.Open,,512600.0,False,,OrderSide.Buy,OrderStatus.Filled,601800.SH,,TimeInForce.GTC,,,,1420992000000000000,2015-01-11T16:00:00Z
11.84183,17804.191405,1420732800000000000,2015-01-08T16:00:00Z,601400.0,,6ee50d1f-c78d-4902-8e39-d3eab46876a3,OrderRole.Standalone,OrderType.Market,_default,,PositionEffect.Open,,601400.0,False,,OrderSide.Buy,OrderStatus.Filled,601857.SH,,TimeInForce.GTC,,,,1420992000000000000,2015-01-11T16:00:00Z
33.17679,17227.0482075,1420992000000000000,2015-01-11T16:00:00Z,207700.0,,7d808651-a9bb-440a-a109-cb294c192951,OrderRole.Standalone,OrderType.Market,_default,,PositionEffect.Close,,207700.0,False,,OrderSide.Sell,OrderStatus.Filled,600030.SH,,TimeInForce.GTC,,,,1421078400000000000,2015-01-12T16:00:00Z
7.41258,17426.97558,1420992000000000000,2015-01-11T16:00:00Z,940400.0,,752af722-7710-4a3e-a1d9-556f0de8a3ee,OrderRole.Standalone,OrderType.Market,_default,,PositionEffect.Close,,940400.0,False,,OrderSide.Sell,OrderStatus.Filled,601669.SH,,TimeInForce.GTC,,,,1421078400000000000,2015-01-12T16:00:00Z
10.86912,18230.23152,1423152000000000000,2015-02-05T16:00:00Z,670900.0,,a9f0b5cc-7e1d-4816-b7b1-1245541d8e9c,OrderRole.Standalone,OrderType.Market,_default,,PositionEffect.Close,,670900.0,False,,OrderSide.Sell,OrderStatus.Filled,000408.SZ,,TimeInForce.GTC,,,,1423411200000000000,2015-02-08T16:00:00Z
11.7882,14552.5329,1423152000000000000,2015-02-05T16:00:00Z,493800.0,,92cdaa5e-3c38-46c0-a2ea-ce9ad20fca3b,OrderRole.Standalone,OrderType.Market,_default,,PositionEffect.Close,,493800.0,False,,OrderSide.Sell,OrderStatus.Filled,601186.SH,,TimeInForce.GTC,,,,1423411200000000000,2015-02-08T16:00:00Z
34.28568,18359.98164,1423152000000000000,2015-02-05T16:00:00Z,214200.0,,061cd29a-cab9-41bd-8d2b-31a18d144f51,OrderRole.Standalone,OrderType.Market,_default,,PositionEffect.Close,,214200.0,False,,OrderSide.Sell,OrderStatus.Filled,601628.SH,,TimeInForce.GTC,,,,1423411200000000000,2015-02-08T16:00:00Z
5.51448,15049.01592,1423152000000000000,2015-02-05T16:00:00Z,1091600.0,,8c4da7ac-a876-4ff1-8d9f-60f690609474,OrderRole.Standalone,OrderType.Market,_default,,PositionEffect.Close,,1091600.0,False,,OrderSide.Sell,OrderStatus.Filled,601668.SH,,TimeInForce.GTC,,,,1423411200000000000,2015-02-08T16:00:00Z
10.99899,19435.21533,1423152000000000000,2015-02-05T16:00:00Z,706800.0,,ab21df35-c27e-405b-a099-05bb16730be2,OrderRole.Standalone,OrderType.Market,_default,,PositionEffect.Close,,706800.0,False,,OrderSide.Sell,OrderStatus.Filled,601766.SH,,TimeInForce.GTC,,,,1423411200000000000,2015-02-08T16:00:00Z
11.16882,14312.84283,1423152000000000000,2015-02-05T16:00:00Z,512600.0,,40fe631e-af4e-4322-a9ea-70c73b80b157,OrderRole.Standalone,OrderType.Market,_default,,PositionEffect.Close,,512600.0,False,,OrderSide.Sell,OrderStatus.Filled,601800.SH,,TimeInForce.GTC,,,,1423411200000000000,2015-02-08T16:00:00Z
10.77921,16206.542235,1423152000000000000,2015-02-05T16:00:00Z,601400.0,,2633124a-4774-42bf-85c3-aead6c4c4463,OrderRole.Standalone,OrderType.Market,_default,,PositionEffect.Close,,601400.0,False,,OrderSide.Sell,OrderStatus.Filled,601857.SH,,TimeInForce.GTC,,,,1423411200000000000,2015-02-08T16:00:00Z
,0.0,1423152000000000000,2015-02-05T16:00:00Z,0.0,,a3ad0ab4-f218-4d4a-86a9-947f75e58d2d,OrderRole.Standalone,OrderType.Market,_default,,PositionEffect.Close,,841100.0,False,"Symbol 601390.SH not tradable (zero volume, suspension) at execution timestamp 1423411200000000000",OrderSide.Sell,OrderStatus.Rejected,601390.SH,,TimeInForce.GTC,,,,1423411200000000000,2015-02-08T16:00:00Z
,0.0,1423152000000000000,2015-02-05T16:00:00Z,0.0,,84588050-d6f9-4813-b0d2-4c1e8cd19c65,OrderRole.Standalone,OrderType.Market,_default,,PositionEffect.Close,,220200.0,False,"Symbol 002602.SZ not tradable (zero volume, suspension) at execution timestamp 1423411200000000000",OrderSide.Sell,OrderStatus.Rejected,002602.SZ,,TimeInForce.GTC,,,,1423411200000000000,2015-02-08T16:00:00Z
46.51647,17304.12684,1423152000000000000,2015-02-05T16:00:00Z,148800.0,,e81df42d-f26e-42fe-b4fc-67b7a9faee78,OrderRole.Standalone,OrderType.Market,_default,,PositionEffect.Open,,148800.0,False,,OrderSide.Buy,OrderStatus.Filled,002252.SZ,,TimeInForce.GTC,,,,1423411200000000000,2015-02-08T16:00:00Z
24.1241,17417.6002,1423152000000000000,2015-02-05T16:00:00Z,288800.0,,abbf3292-19f7-40d1-9b97-9e699ebcd51e,OrderRole.Standalone,OrderType.Market,_default,,PositionEffect.Open,,288800.0,False,,OrderSide.Buy,OrderStatus.Filled,002352.SZ,,TimeInForce.GTC,,,,1423411200000000000,2015-02-08T16:00:00Z
7.8078,17040.5235,1423152000000000000,2015-02-05T16:00:00Z,873000.0,,f4a82dc9-54be-4703-9c3c-418bc94192ef,OrderRole.Standalone,OrderType.Market,_default,,PositionEffect.Open,,873000.0,False,,OrderSide.Buy,OrderStatus.Filled,600219.SH,,TimeInForce.GTC,,,,1423411200000000000,2015-02-08T16:00:00Z
5.41541,16994.9104325,1423152000000000000,2015-02-05T16:00:00Z,1255300.0,,b0ee4543-5c9b-4f5b-8ccf-a3edd9b4c6c2,OrderRole.Standalone,OrderType.Market,_default,,PositionEffect.Open,,1255300.0,False,,OrderSide.Buy,OrderStatus.Filled,601872.SH,,TimeInForce.GTC,,,,1423411200000000000,2015-02-08T16:00:00Z
5.9059,17186.169,1423152000000000000,2015-02-05T16:00:00Z,1164000.0,,bc927c3e-297c-425f-8591-9639b6bf7535,OrderRole.Standalone,OrderType.Market,_default,,PositionEffect.Open,,1164000.0,False,,OrderSide.Buy,OrderStatus.Filled,601898.SH,,TimeInForce.GTC,,,,1423411200000000000,2015-02-08T16:00:00Z
3.3033,17008.6917,1423152000000000000,2015-02-05T16:00:00Z,2059600.0,,f7f2bc24-961d-422f-ad42-cfa725d39514,OrderRole.Standalone,OrderType.Market,_default,,PositionEffect.Open,,2059600.0,False,,OrderSide.Buy,OrderStatus.Filled,601899.SH,,TimeInForce.GTC,,,,1423411200000000000,2015-02-08T16:00:00Z
5.79579,17126.55945,1423152000000000000,2015-02-05T16:00:00Z,1182000.0,,479c7364-9263-4625-9636-64027b97ebc9,OrderRole.Standalone,OrderType.Market,_default,,PositionEffect.Open,,1182000.0,False,,OrderSide.Buy,OrderStatus.Filled,601919.SH,,TimeInForce.GTC,,,,1423411200000000000,2015-02-08T16:00:00Z
5.46546,17120.55345,1423152000000000000,2015-02-05T16:00:00Z,1253000.0,,4948fd71-c852-46f2-89bb-4caea53303d0,OrderRole.Standalone,OrderType.Market,_default,,PositionEffect.Open,,1253000.0,False,,OrderSide.Buy,OrderStatus.Filled,601939.SH,,TimeInForce.GTC,,,,1423411200000000000,2015-02-08T16:00:00Z
3.97397,17043.3638375,1423152000000000000,2015-02-05T16:00:00Z,1715500.0,,138cd333-dc5c-4973-a1f1-b4bb05b65345,OrderRole.Standalone,OrderType.Market,_default,,PositionEffect.Open,,1715500.0,False,,OrderSide.Buy,OrderStatus.Filled,601988.SH,,TimeInForce.GTC,,,,1423411200000000000,2015-02-08T16:00:00Z
,0.0,1423152000000000000,2015-02-05T16:00:00Z,0.0,,46d9b630-aa09-45ed-ba83-66a4431eb1e0,OrderRole.Standalone,OrderType.Market,_default,,PositionEffect.Open,,1063200.0,False,"Risk: Insufficient margin at execution. Required: 6892328.122680000000000000008, Available: 1442638.251030004763098160330",OrderSide.Buy,OrderStatus.Rejected,601998.SH,,TimeInForce.GTC,,,,1423411200000000000,2015-02-08T16:00:00Z
50.89905,279.944775,1426176000000000000,2015-03-12T16:00:00Z,2200.0,,0839c822-6e69-4423-8b31-1506c29fbe91,OrderRole.Standalone,OrderType.Market,_default,,PositionEffect.Close,,2200.0,False,,OrderSide.Sell,OrderStatus.Filled,002252.SZ,,TimeInForce.GTC,,,,1426435200000000000,2015-03-15T16:00:00Z
26.61336,19214.84592,1426176000000000000,2015-03-12T16:00:00Z,288800.0,,97828889-64c6-4677-8081-cc61c04a39f3,OrderRole.Standalone,OrderType.Market,_default,,PositionEffect.Close,,288800.0,False,,OrderSide.Sell,OrderStatus.Filled,002352.SZ,,TimeInForce.GTC,,,,1426435200000000000,2015-03-15T16:00:00Z
10.01997,21868.584525,1426176000000000000,2015-03-12T16:00:00Z,873000.0,,dccfc0a2-e3e8-4708-8f33-8baf6601656d,OrderRole.Standalone,OrderType.Market,_default,,PositionEffect.Close,,873000.0,False,,OrderSide.Sell,OrderStatus.Filled,600219.SH,,TimeInForce.GTC,,,,1426435200000000000,2015-03-15T16:00:00Z
8.36163,17582.4174825,1426176000000000000,2015-03-12T16:00:00Z,841100.0,,5f67b657-7efd-4964-8565-fe3bec548303,OrderRole.Standalone,OrderType.Market,_default,,PositionEffect.Close,,841100.0,False,,OrderSide.Sell,OrderStatus.Filled,601390.SH,,TimeInForce.GTC,,,,1426435200000000000,2015-03-15T16:00:00Z
6.30369,19782.5551425,1426176000000000000,2015-03-12T16:00:00Z,1255300.0,,f6c48d15-6e1b-4ab2-8264-1ba4ba24eceb,OrderRole.Standalone,OrderType.Market,_default,,PositionEffect.Close,,1255300.0,False,,OrderSide.Sell,OrderStatus.Filled,601872.SH,,TimeInForce.GTC,,,,1426435200000000000,2015-03-15T16:00:00Z
6.45354,18779.8014,1426176000000000000,2015-03-12T16:00:00Z,1164000.0,,2cd07f85-41aa-4ba1-8cea-f0c322d4e0b5,OrderRole.Standalone,OrderType.Market,_default,,PositionEffect.Close,,1164000.0,False,,OrderSide.Sell,OrderStatus.Filled,601898.SH,,TimeInForce.GTC,,,,1426435200000000000,2015-03-15T16:00:00Z
3.4965,18003.4785,1426176000000000000,2015-03-12T16:00:00Z,2059600.0,,7b74169f-301e-4c95-96e3-b893533426ae,OrderRole.Standalone,OrderType.Market,_default,,PositionEffect.Close,,2059600.0,False,,OrderSide.Sell,OrderStatus.Filled,601899.SH,,TimeInForce.GTC,,,,1426435200000000000,2015-03-15T16:00:00Z
6.54345,19335.89475,1426176000000000000,2015-03-12T16:00:00Z,1182000.0,,87a1e522-3d47-4994-9ab8-baa064670b64,OrderRole.Standalone,OrderType.Market,_default,,PositionEffect.Close,,1182000.0,False,,OrderSide.Sell,OrderStatus.Filled,601919.SH,,TimeInForce.GTC,,,,1426435200000000000,2015-03-15T16:00:00Z
5.84415,18306.799875,1426176000000000000,2015-03-12T16:00:00Z,1253000.0,,b3cf78eb-437b-4864-b915-03ce85ceca5f,OrderRole.Standalone,OrderType.Market,_default,,PositionEffect.Close,,1253000.0,False,,OrderSide.Sell,OrderStatus.Filled,601939.SH,,TimeInForce.GTC,,,,1426435200000000000,2015-03-15T16:00:00Z
4.14585,17780.5141875,1426176000000000000,2015-03-12T16:00:00Z,1715500.0,,9ff9a4f1-d307-4f67-9c03-6276042c4358,OrderRole.Standalone,OrderType.Market,_default,,PositionEffect.Close,,1715500.0,False,,OrderSide.Sell,OrderStatus.Filled,601988.SH,,TimeInForce.GTC,,,,1426435200000000000,2015-03-15T16:00:00Z
,0.0,1426176000000000000,2015-03-12T16:00:00Z,0.0,,0638c95d-10d7-4d20-b175-b162a72c6927,OrderRole.Standalone,OrderType.Market,_default,,PositionEffect.Close,,220200.0,False,"Symbol 002602.SZ not tradable (zero volume, suspension) at execution timestamp 1426435200000000000",OrderSide.Sell,OrderStatus.Rejected,002602.SZ,,TimeInForce.GTC,,,,1426435200000000000,2015-03-15T16:00:00Z
53.04299,18870.0436925,1426176000000000000,2015-03-12T16:00:00Z,142300.0,,0f2a5e6c-9af8-4ea7-9ba3-0341f3ea0a1e,OrderRole.Standalone,OrderType.Market,_default,,PositionEffect.Open,,142300.0,False,,OrderSide.Buy,OrderStatus.Filled,000977.SZ,,TimeInForce.GTC,,,,1426435200000000000,2015-03-15T16:00:00Z
24.31429,18934.7533375,1426176000000000000,2015-03-12T16:00:00Z,311500.0,,ea61fdb5-c120-4196-8810-aaadd806faf7,OrderRole.Standalone,OrderType.Market,_default,,PositionEffect.Open,,311500.0,False,,OrderSide.Buy,OrderStatus.Filled,002074.SZ,,TimeInForce.GTC,,,,1426435200000000000,2015-03-15T16:00:00Z
86.96688,18763.10436,1426176000000000000,2015-03-12T16:00:00Z,86300.0,,d9ea8cd6-6353-40a7-b317-547c413c5c43,OrderRole.Standalone,OrderType.Market,_default,,PositionEffect.Open,,86300.0,False,,OrderSide.Buy,OrderStatus.Filled,300033.SZ,,TimeInForce.GTC,,,,1426435200000000000,2015-03-15T16:00:00Z
33.74371,18710.887195,1426176000000000000,2015-03-12T16:00:00Z,221800.0,,ae0fa5e5-4b6e-4d33-aa3c-598d13aac5df,OrderRole.Standalone,OrderType.Market,_default,,PositionEffect.Open,,221800.0,False,,OrderSide.Buy,OrderStatus.Filled,300251.SZ,,TimeInForce.GTC,,,,1426435200000000000,2015-03-15T16:00:00Z
21.97195,18599.255675,1426176000000000000,2015-03-12T16:00:00Z,338600.0,,4be51542-6209-4c6d-b592-187a64de1479,OrderRole.Standalone,OrderType.Market,_default,,PositionEffect.Open,,338600.0,False,,OrderSide.Buy,OrderStatus.Filled,600061.SH,,TimeInForce.GTC,,,,1426435200000000000,2015-03-15T16:00:00Z
39.21918,18815.401605,1426176000000000000,2015-03-12T16:00:00Z,191900.0,,2623fe5d-8e87-4498-9f77-93fb0b6b92f1,OrderRole.Standalone,OrderType.Market,_default,,PositionEffect.Open,,191900.0,False,,OrderSide.Buy,OrderStatus.Filled,600588.SH,,TimeInForce.GTC,,,,1426435200000000000,2015-03-15T16:00:00Z
13.20319,18672.6114575,1426176000000000000,2015-03-12T16:00:00Z,565700.0,,5c68b81c-c5fc-40ab-9241-3cf3ff68f094,OrderRole.Standalone,OrderType.Market,_default,,PositionEffect.Open,,565700.0,False,,OrderSide.Buy,OrderStatus.Filled,601800.SH,,TimeInForce.GTC,,,,1426435200000000000,2015-03-15T16:00:00Z
62.062,19115.096,1426176000000000000,2015-03-12T16:00:00Z,123200.0,,fab4c48a-828d-483e-87bc-f2d592832005,OrderRole.Standalone,OrderType.Market,_default,,PositionEffect.Open,,123200.0,False,,OrderSide.Buy,OrderStatus.Filled,603019.SH,,TimeInForce.GTC,,,,1426435200000000000,2015-03-15T16:00:00Z
92.08199,19037.9514325,1426176000000000000,2015-03-12T16:00:00Z,82700.0,,e2ca46cd-1bc9-409e-8b64-6a94ec0b4eb0,OrderRole.Standalone,OrderType.Market,_default,,PositionEffect.Open,,82700.0,False,,OrderSide.Buy,OrderStatus.Filled,600570.SH,,TimeInForce.GTC,,,,1426435200000000000,2015-03-15T16:00:00Z
52.5474,19258.6221,1426435200000000000,2015-03-15T16:00:00Z,146600.0,,8820d648-88dc-4efc-a54f-044b54b46040,OrderRole.Standalone,OrderType.Market,_default,,PositionEffect.Close,,146600.0,False,,OrderSide.Sell,OrderStatus.Filled,002252.SZ,,TimeInForce.GTC,,,,1426521600000000000,2015-03-16T16:00:00Z
63.936,22745.232,1428854400000000000,2015-04-12T16:00:00Z,142300.0,,2155bc60-dbf9-4384-a057-7ff3867fd50c,OrderRole.Standalone,OrderType.Market,_default,,PositionEffect.Close,,142300.0,False,,OrderSide.Sell,OrderStatus.Filled,000977.SZ,,TimeInForce.GTC,,,,1428940800000000000,2015-04-13T16:00:00Z
155.1447,9308.682,1428854400000000000,2015-04-12T16:00:00Z,24000.0,,1d33f874-08ae-40e8-9d67-8760c240151a,OrderRole.Standalone,OrderType.Market,_default,,PositionEffect.Close,,24000.0,False,,OrderSide.Sell,OrderStatus.Filled,300033.SZ,,TimeInForce.GTC,,,,1428940800000000000,2015-04-13T16:00:00Z
29.97,25369.605,1428854400000000000,2015-04-12T16:00:00Z,338600.0,,c9d5981f-2fcc-4fd1-a309-3c8cb7c138c5,OrderRole.Standalone,OrderType.Market,_default,,PositionEffect.Close,,338600.0,False,,OrderSide.Sell,OrderStatus.Filled,600061.SH,,TimeInForce.GTC,,,,1428940800000000000,2015-04-13T16:00:00Z
138.3615,4669.700625,1428854400000000000,2015-04-12T16:00:00Z,13500.0,,ec1d56b5-8e2d-4bdd-a6de-ca67394371b8,OrderRole.Standalone,OrderType.Market,_default,,PositionEffect.Close,,13500.0,False,,OrderSide.Sell,OrderStatus.Filled,600570.SH,,TimeInForce.GTC,,,,1428940800000000000,2015-04-13T16:00:00Z
46.78317,22444.2258075,1428854400000000000,2015-04-12T16:00:00Z,191900.0,,6d702977-a5fc-4343-9268-1b38c78dc596,OrderRole.Standalone,OrderType.Market,_default,,PositionEffect.Close,,191900.0,False,,OrderSide.Sell,OrderStatus.Filled,600588.SH,,TimeInForce.GTC,,,,1428940800000000000,2015-04-13T16:00:00Z
19.93005,28186.0732125,1428854400000000000,2015-04-12T16:00:00Z,565700.0,,60e17d4c-140d-42e8-abf3-88374baccffe,OrderRole.Standalone,OrderType.Market,_default,,PositionEffect.Close,,565700.0,False,,OrderSide.Sell,OrderStatus.Filled,601800.SH,,TimeInForce.GTC,,,,1428940800000000000,2015-04-13T16:00:00Z
,0.0,1428854400000000000,2015-04-12T16:00:00Z,0.0,,5ed6eff8-f0b0-4c89-bc21-bcd971caa7ed,OrderRole.Standalone,OrderType.Market,_default,,PositionEffect.Close,,123200.0,False,"Symbol 603019.SH not tradable (zero volume, suspension) at execution timestamp 1428940800000000000",OrderSide.Sell,OrderStatus.Rejected,603019.SH,,TimeInForce.GTC,,,,1428940800000000000,2015-04-13T16:00:00Z
,0.0,1428854400000000000,2015-04-12T16:00:00Z,0.0,,c3ec89c3-17ef-485a-b79c-73d5692c3e46,OrderRole.Standalone,OrderType.Market,_default,,PositionEffect.Close,,220200.0,False,"Symbol 002602.SZ not tradable (zero volume, suspension) at execution timestamp 1428940800000000000",OrderSide.Sell,OrderStatus.Rejected,002602.SZ,,TimeInForce.GTC,,,,1428940800000000000,2015-04-13T16:00:00Z
10.84083,24440.651235,1428854400000000000,2015-04-12T16:00:00Z,901800.0,,06ed32b1-83d8-412a-9775-11321355be22,OrderRole.Standalone,OrderType.Market,_default,,PositionEffect.Open,,901800.0,False,,OrderSide.Buy,OrderStatus.Filled,002600.SZ,,TimeInForce.GTC,,,,1428940800000000000,2015-04-13T16:00:00Z
24.50448,26887.54068,1428854400000000000,2015-04-12T16:00:00Z,438900.0,,9b6f94fa-0292-4ee5-b7fb-2fb89631ee45,OrderRole.Standalone,OrderType.Market,_default,,PositionEffect.Open,,438900.0,False,,OrderSide.Buy,OrderStatus.Filled,002625.SZ,,TimeInForce.GTC,,,,1428940800000000000,2015-04-13T16:00:00Z
30.04001,24024.4979975,1428854400000000000,2015-04-12T16:00:00Z,319900.0,,9f45b0e1-6422-45b2-94c2-09cc284cb6f0,OrderRole.Standalone,OrderType.Market,_default,,PositionEffect.Open,,319900.0,False,,OrderSide.Buy,OrderStatus.Filled,002736.SZ,,TimeInForce.GTC,,,,1428940800000000000,2015-04-13T16:00:00Z
17.99798,24279.27502,1428854400000000000,2015-04-12T16:00:00Z,539600.0,,670ae91b-a17a-4820-8c52-815810cdb3dc,OrderRole.Standalone,OrderType.Market,_default,,PositionEffect.Open,,539600.0,False,,OrderSide.Buy,OrderStatus.Filled,600346.SH,,TimeInForce.GTC,,,,1428940800000000000,2015-04-13T16:00:00Z
,0.0,1428854400000000000,2015-04-12T16:00:00Z,0.0,,11026555-1f64-4a15-b271-2c26a966f353,OrderRole.Standalone,OrderType.Market,_default,,PositionEffect.Open,,143100.0,False,"Risk: Insufficient margin at execution. Required: 9477679.71150000000000000000, Available: 1298773.87325750476309816033",OrderSide.Buy,OrderStatus.Rejected,601012.SH,,TimeInForce.GTC,,,,1428940800000000000,2015-04-13T16:00:00Z
23.04302,24437.12271,1428854400000000000,2015-04-12T16:00:00Z,424200.0,,c8562df2-91ec-471b-92bb-b39669029801,OrderRole.Standalone,OrderType.Market,_default,,PositionEffect.Open,,424200.0,False,,OrderSide.Buy,OrderStatus.Filled,300014.SZ,,TimeInForce.GTC,,,,1428940800000000000,2015-04-13T16:00:00Z
31.32129,7070.7812175,1428854400000000000,2015-04-12T16:00:00Z,90300.0,,96e81286-ed31-45e3-9871-a0ff5fc896b6,OrderRole.Standalone,OrderType.Market,_default,,PositionEffect.Open,,90300.0,False,,OrderSide.Buy,OrderStatus.Filled,300251.SZ,,TimeInForce.GTC,,,,1428940800000000000,2015-04-13T16:00:00Z
30.30027,1105.959855,1428854400000000000,2015-04-12T16:00:00Z,14600.0,,123d6550-99a4-4d5d-97ed-e6ce354896d4,OrderRole.Standalone,OrderType.Market,_default,,PositionEffect.Open,,14600.0,False,,OrderSide.Buy,OrderStatus.Filled,002074.SZ,,TimeInForce.GTC,,,,1428940800000000000,2015-04-13T16:00:00Z
29.00097,23643.0407925,1428940800000000000,2015-04-13T16:00:00Z,326100.0,,ef7046da-a2aa-4125-b2f4-eee142d886f0,OrderRole.Standalone,OrderType.Market,_default,,PositionEffect.Close,,326100.0,False,,OrderSide.Sell,OrderStatus.Filled,002074.SZ,,TimeInForce.GTC,,,,1429027200000000000,2015-04-14T16:00:00Z
149.85,23339.1375,1428940800000000000,2015-04-13T16:00:00Z,62300.0,,202ab220-16dc-483b-a511-c624d7bfa019,OrderRole.Standalone,OrderType.Market,_default,,PositionEffect.Close,,62300.0,False,,OrderSide.Sell,OrderStatus.Filled,300033.SZ,,TimeInForce.GTC,,,,1429027200000000000,2015-04-14T16:00:00Z
30.7692,24007.6683,1428940800000000000,2015-04-13T16:00:00Z,312100.0,,18965f76-c735-4ead-be37-03dae3c3cfe6,OrderRole.Standalone,OrderType.Market,_default,,PositionEffect.Close,,312100.0,False,,OrderSide.Sell,OrderStatus.Filled,300251.SZ,,TimeInForce.GTC,,,,1429027200000000000,2015-04-14T16:00:00Z
,0.0,1428940800000000000,2015-04-13T16:00:00Z,0.0,,b2e66e1c-52a2-4334-8bdd-f8ad3ffc3a32,OrderRole.Standalone,OrderType.Market,_default,,PositionEffect.Close,,69279.99999999997,False,"Risk: Insufficient available position for 600570.SH at execution. Available: 69279.99999999996609822971978, Required: 69279.999999999970896169543255",OrderSide.Sell,OrderStatus.Rejected,600570.SH,,TimeInForce.GTC,,,,1429027200000000000,2015-04-14T16:00:00Z
10.29969,23220.651105,1431360000000000000,2015-05-11T16:00:00Z,901800.0,,6786e50f-af94-4b27-89e8-ed452cf525c5,OrderRole.Standalone,OrderType.Market,_default,,PositionEffect.Close,,901800.0,False,,OrderSide.Sell,OrderStatus.Filled,002600.SZ,,TimeInForce.GTC,,,,1431446400000000000,2015-05-12T16:00:00Z
86.913,61686.50175,1431360000000000000,2015-05-11T16:00:00Z,283900.0,,2eb27123-2b58-4949-bb19-ea75f741177f,OrderRole.Standalone,OrderType.Market,_default,,PositionEffect.Close,,283900.0,False,,OrderSide.Sell,OrderStatus.Filled,002625.SZ,,TimeInForce.GTC,,,,1431446400000000000,2015-05-12T16:00:00Z
29.48049,23577.0218775,1431360000000000000,2015-05-11T16:00:00Z,319900.0,,4b91a732-6d28-4d7b-a1c3-a50f048d408e,OrderRole.Standalone,OrderType.Market,_default,,PositionEffect.Close,,319900.0,False,,OrderSide.Sell,OrderStatus.Filled,002736.SZ,,TimeInForce.GTC,,,,1431446400000000000,2015-05-12T16:00:00Z
26.6733,28287.03465,1431360000000000000,2015-05-11T16:00:00Z,424200.0,,72295093-121d-48f0-8e64-58ab16afc588,OrderRole.Standalone,OrderType.Market,_default,,PositionEffect.Close,,424200.0,False,,OrderSide.Sell,OrderStatus.Filled,300014.SZ,,TimeInForce.GTC,,,,1431446400000000000,2015-05-12T16:00:00Z
132.79707,40901.49756,1431360000000000000,2015-05-11T16:00:00Z,123200.0,,7ffd7ef6-62d5-475f-a23b-ba805170cf38,OrderRole.Standalone,OrderType.Market,_default,,PositionEffect.Close,,123200.0,False,,OrderSide.Sell,OrderStatus.Filled,603019.SH,,TimeInForce.GTC,,,,1431446400000000000,2015-05-12T16:00:00Z
,0.0,1431360000000000000,2015-05-11T16:00:00Z,0.0,,af257331-ce09-40e0-960a-6ee61847f82b,OrderRole.Standalone,OrderType.Market,_default,,PositionEffect.Close,,539600.0,False,"Symbol 600346.SH not tradable (zero volume, suspension) at execution timestamp 1431446400000000000",OrderSide.Sell,OrderStatus.Rejected,600346.SH,,TimeInForce.GTC,,,,1431446400000000000,2015-05-12T16:00:00Z
,0.0,1431360000000000000,2015-05-11T16:00:00Z,0.0,,8566c3d9-bbe1-426b-80e6-beec60e86c01,OrderRole.Standalone,OrderType.Market,_default,,PositionEffect.Close,,220200.0,False,"Symbol 002602.SZ not tradable (zero volume, suspension) at execution timestamp 1431446400000000000",OrderSide.Sell,OrderStatus.Rejected,002602.SZ,,TimeInForce.GTC,,,,1431446400000000000,2015-05-12T16:00:00Z
115.08497,33719.89621,1431360000000000000,2015-05-11T16:00:00Z,117200.0,,697bcefd-9536-43da-85c9-956350c1ddea,OrderRole.Standalone,OrderType.Market,_default,,PositionEffect.Open,,117200.0,False,,OrderSide.Buy,OrderStatus.Filled,002555.SZ,,TimeInForce.GTC,,,,1431446400000000000,2015-05-12T16:00:00Z
116.116,28854.826,1431360000000000000,2015-05-11T16:00:00Z,99400.0,,34b62ef9-e1f6-49a5-9af4-9efcb2d8979a,OrderRole.Standalone,OrderType.Market,_default,,PositionEffect.Open,,99400.0,False,,OrderSide.Buy,OrderStatus.Filled,300033.SZ,,TimeInForce.GTC,,,,1431446400000000000,2015-05-12T16:00:00Z
87.087,29435.406,1431360000000000000,2015-05-11T16:00:00Z,135200.0,,b19d67aa-4360-4f25-a4d1-e9ab03a045a3,OrderRole.Standalone,OrderType.Market,_default,,PositionEffect.Open,,135200.0,False,,OrderSide.Buy,OrderStatus.Filled,300059.SZ,,TimeInForce.GTC,,,,1431446400000000000,2015-05-12T16:00:00Z
100.1,28628.6,1431360000000000000,2015-05-11T16:00:00Z,114400.0,,c1fc54c8-2eea-4f87-9ad8-a7ca1a6eb7d4,OrderRole.Standalone,OrderType.Market,_default,,PositionEffect.Open,,114400.0,False,,OrderSide.Buy,OrderStatus.Filled,300347.SZ,,TimeInForce.GTC,,,,1431446400000000000,2015-05-12T16:00:00Z
15.015,30570.54,1431360000000000000,2015-05-11T16:00:00Z,814400.0,,5694fdac-00ca-46cc-9055-7abbca7521ec,OrderRole.Standalone,OrderType.Market,_default,,PositionEffect.Open,,814400.0,False,,OrderSide.Buy,OrderStatus.Filled,600415.SH,,TimeInForce.GTC,,,,1431446400000000000,2015-05-12T16:00:00Z
18.2182,30469.9395,1431360000000000000,2015-05-11T16:00:00Z,669000.0,,fda27014-b052-4308-9270-7f491b394332,OrderRole.Standalone,OrderType.Market,_default,,PositionEffect.Open,,669000.0,False,,OrderSide.Buy,OrderStatus.Filled,601012.SH,,TimeInForce.GTC,,,,1431446400000000000,2015-05-12T16:00:00Z
20.6206,31848.5167,1431360000000000000,2015-05-11T16:00:00Z,617800.0,,ecb1262d-f52c-4cf1-885b-4e473ab02ff6,OrderRole.Standalone,OrderType.Market,_default,,PositionEffect.Open,,617800.0,False,,OrderSide.Buy,OrderStatus.Filled,601390.SH,,TimeInForce.GTC,,,,1431446400000000000,2015-05-12T16:00:00Z
15.96595,30179.6369875,1431360000000000000,2015-05-11T16:00:00Z,756100.0,,69c55778-5779-418d-b39c-0c315fefb376,OrderRole.Standalone,OrderType.Market,_default,,PositionEffect.Open,,756100.0,False,,OrderSide.Buy,OrderStatus.Filled,601669.SH,,TimeInForce.GTC,,,,1431446400000000000,2015-05-12T16:00:00Z
140.14,5430.425,1431360000000000000,2015-05-11T16:00:00Z,15500.0,,cdad12fa-46e7-4a78-b952-994a45c9e862,OrderRole.Standalone,OrderType.Market,_default,,PositionEffect.Open,,15500.0,False,,OrderSide.Buy,OrderStatus.Filled,600570.SH,,TimeInForce.GTC,,,,1431446400000000000,2015-05-12T16:00:00Z
95.6043,37046.66625,1431446400000000000,2015-05-12T16:00:00Z,155000.0,,17caaa5f-40f7-423d-a9e8-82b9b30e78c9,OrderRole.Standalone,OrderType.Market,_default,,PositionEffect.Close,,155000.0,False,,OrderSide.Sell,OrderStatus.Filled,002625.SZ,,TimeInForce.GTC,,,,1431532800000000000,2015-05-13T16:00:00Z
18.41157,30793.350825,1431446400000000000,2015-05-12T16:00:00Z,669000.0,,14e5b5dc-4c4f-433d-a0c9-e6d80ef8610d,OrderRole.Standalone,OrderType.Market,_default,,PositionEffect.Close,,669000.0,False,,OrderSide.Sell,OrderStatus.Filled,601012.SH,,TimeInForce.GTC,,,,1431532800000000000,2015-05-13T16:00:00Z
57.31263,11677.4483625,1433779200000000000,2015-06-08T16:00:00Z,81500.0,,63559ea2-f60a-4915-8bb2-36688b09ea91,OrderRole.Standalone,OrderType.Market,_default,,PositionEffect.Close,,81500.0,False,,OrderSide.Sell,OrderStatus.Filled,002555.SZ,,TimeInForce.GTC,,,,1433865600000000000,2015-06-09T16:00:00Z
51.1488,29257.1136,1433779200000000000,2015-06-08T16:00:00Z,228800.0,,ba5f534b-1fcd-4873-81b0-a03fae421ed0,OrderRole.Standalone,OrderType.Market,_default,,PositionEffect.Close,,228800.0,False,,OrderSide.Sell,OrderStatus.Filled,300347.SZ,,TimeInForce.GTC,,,,1433865600000000000,2015-06-09T16:00:00Z
17.11287,34841.80332,1433779200000000000,2015-06-08T16:00:00Z,814400.0,,6634ce7e-dd27-450e-b621-df1ad5353214,OrderRole.Standalone,OrderType.Market,_default,,PositionEffect.Close,,814400.0,False,,OrderSide.Sell,OrderStatus.Filled,600415.SH,,TimeInForce.GTC,,,,1433865600000000000,2015-06-09T16:00:00Z
150.849,31942.27575,1433779200000000000,2015-06-08T16:00:00Z,84700.0,,ddc9ff2b-9dec-4f4a-9cf3-ddaaa9080754,OrderRole.Standalone,OrderType.Market,_default,,PositionEffect.Close,,84700.0,False,,OrderSide.Sell,OrderStatus.Filled,600570.SH,,TimeInForce.GTC,,,,1433865600000000000,2015-06-09T16:00:00Z
19.6803,30396.22335,1433779200000000000,2015-06-08T16:00:00Z,617800.0,,f5789f5d-e6a5-4549-99b6-d20d41c38734,OrderRole.Standalone,OrderType.Market,_default,,PositionEffect.Close,,617800.0,False,,OrderSide.Sell,OrderStatus.Filled,601390.SH,,TimeInForce.GTC,,,,1433865600000000000,2015-06-09T16:00:00Z
15.91407,30081.5708175,1433779200000000000,2015-06-08T16:00:00Z,756100.0,,11e890ee-b749-4a60-b6b5-518de3fa55f3,OrderRole.Standalone,OrderType.Market,_default,,PositionEffect.Close,,756100.0,False,,OrderSide.Sell,OrderStatus.Filled,601669.SH,,TimeInForce.GTC,,,,1433865600000000000,2015-06-09T16:00:00Z
,0.0,1433779200000000000,2015-06-08T16:00:00Z,0.0,,d707b3c6-38f8-4a6b-8120-4c700313fd36,OrderRole.Standalone,OrderType.Market,_default,,PositionEffect.Close,,539600.0,False,"Symbol 600346.SH not tradable (zero volume, suspension) at execution timestamp 1433865600000000000",OrderSide.Sell,OrderStatus.Rejected,600346.SH,,TimeInForce.GTC,,,,1433865600000000000,2015-06-09T16:00:00Z
,0.0,1433779200000000000,2015-06-08T16:00:00Z,0.0,,463a6b20-29ae-4801-b72b-80117cf28d2c,OrderRole.Standalone,OrderType.Market,_default,,PositionEffect.Close,,220200.0,False,"Symbol 002602.SZ not tradable (zero volume, suspension) at execution timestamp 1433865600000000000",OrderSide.Sell,OrderStatus.Rejected,002602.SZ,,TimeInForce.GTC,,,,1433865600000000000,2015-06-09T16:00:00Z
60.58052,32546.88437,1433779200000000000,2015-06-08T16:00:00Z,214900.0,,ea7d3b8a-42cd-4f95-8540-f5a02d4f8e65,OrderRole.Standalone,OrderType.Market,_default,,PositionEffect.Open,,214900.0,False,,OrderSide.Buy,OrderStatus.Filled,002180.SZ,,TimeInForce.GTC,,,,1433865600000000000,2015-06-09T16:00:00Z
13.8138,32866.48365,1433779200000000000,2015-06-08T16:00:00Z,951700.0,,6a05ae05-1371-49fa-8cf8-fdc9087dfaa2,OrderRole.Standalone,OrderType.Market,_default,,PositionEffect.Open,,951700.0,False,,OrderSide.Buy,OrderStatus.Filled,002600.SZ,,TimeInForce.GTC,,,,1433865600000000000,2015-06-09T16:00:00Z
97.097,32624.592,1433779200000000000,2015-06-08T16:00:00Z,134400.0,,9bd377e7-c1bf-4bb6-a9eb-bf2c4fd2082b,OrderRole.Standalone,OrderType.Market,_default,,PositionEffect.Open,,134400.0,False,,OrderSide.Buy,OrderStatus.Filled,002625.SZ,,TimeInForce.GTC,,,,1433865600000000000,2015-06-09T16:00:00Z
28.6286,32736.8041,1433779200000000000,2015-06-08T16:00:00Z,457400.0,,7ab50d00-5181-43ae-adbb-d1e337c690f2,OrderRole.Standalone,OrderType.Market,_default,,PositionEffect.Open,,457400.0,False,,OrderSide.Buy,OrderStatus.Filled,300308.SZ,,TimeInForce.GTC,,,,1433865600000000000,2015-06-09T16:00:00Z
75.075,32732.7,1433779200000000000,2015-06-08T16:00:00Z,174400.0,,e2cddb84-2b98-45df-b8f2-bd930ba7c8f5,OrderRole.Standalone,OrderType.Market,_default,,PositionEffect.Open,,174400.0,False,,OrderSide.Buy,OrderStatus.Filled,300413.SZ,,TimeInForce.GTC,,,,1433865600000000000,2015-06-09T16:00:00Z
27.8278,31410.62925,1433779200000000000,2015-06-08T16:00:00Z,451500.0,,76661f8d-57a7-4c1f-ab82-0bc72c7d91c0,OrderRole.Standalone,OrderType.Market,_default,,PositionEffect.Open,,451500.0,False,,OrderSide.Buy,OrderStatus.Filled,601766.SH,,TimeInForce.GTC,,,,1433865600000000000,2015-06-09T16:00:00Z
125.79567,33147.159045,1433779200000000000,2015-06-08T16:00:00Z,105400.0,,9c11ff88-f9ad-4fe7-942e-f0d9d8e4af7a,OrderRole.Standalone,OrderType.Market,_default,,PositionEffect.Open,,105400.0,False,,OrderSide.Buy,OrderStatus.Filled,603019.SH,,TimeInForce.GTC,,,,1433865600000000000,2015-06-09T16:00:00Z
85.14506,4491.401915,1433779200000000000,2015-06-08T16:00:00Z,21100.0,,e1ec8b73-25d3-4ed5-a378-26d6c540e65d,OrderRole.Standalone,OrderType.Market,_default,,PositionEffect.Open,,21100.0,False,,OrderSide.Buy,OrderStatus.Filled,300059.SZ,,TimeInForce.GTC,,,,1433865600000000000,2015-06-09T16:00:00Z
117.117,3249.99675,1433779200000000000,2015-06-08T16:00:00Z,11100.0,,2ff12fb4-8527-4dcb-afae-3707acaf7db1,OrderRole.Standalone,OrderType.Market,_default,,PositionEffect.Open,,11100.0,False,,OrderSide.Buy,OrderStatus.Filled,300033.SZ,,TimeInForce.GTC,,,,1433865600000000000,2015-06-09T16:00:00Z
,0.0,1433865600000000000,2015-06-09T16:00:00Z,0.0,,bd0060eb-2851-4070-92df-d29734930df0,OrderRole.Standalone,OrderType.Market,_default,,PositionEffect.Close,,234940.00000000003,False,"Risk: Insufficient available position for 002555.SZ at execution. Available: 234940.00000000002081890215767, Required: 234940.00000000002910383045667",OrderSide.Sell,OrderStatus.Rejected,002555.SZ,,TimeInForce.GTC,,,,1433952000000000000,2015-06-10T16:00:00Z
125.84403,34764.4132875,1433865600000000000,2015-06-09T16:00:00Z,110500.0,,15c9b5bf-5507-4839-96e0-408cf0acb40d,OrderRole.Standalone,OrderType.Market,_default,,PositionEffect.Close,,110500.0,False,,OrderSide.Sell,OrderStatus.Filled,300033.SZ,,TimeInForce.GTC,,,,1433952000000000000,2015-06-10T16:00:00Z
87.1128,34039.3266,1433865600000000000,2015-06-09T16:00:00Z,156300.0,,9052ca31-bf03-4285-a641-644fe84e8370,OrderRole.Standalone,OrderType.Market,_default,,PositionEffect.Close,,156300.0,False,,OrderSide.Sell,OrderStatus.Filled,300059.SZ,,TimeInForce.GTC,,,,1433952000000000000,2015-06-10T16:00:00Z
5.52447,13144.0952475,1436284800000000000,2015-07-07T16:00:00Z,951700.0,,334cb3ff-9dd7-430f-99d9-54dead9b0ae9,OrderRole.Standalone,OrderType.Market,_default,,PositionEffect.Close,,951700.0,False,,OrderSide.Sell,OrderStatus.Filled,002600.SZ,,TimeInForce.GTC,,,,1436371200000000000,2015-07-08T16:00:00Z
11.1888,12794.3928,1436284800000000000,2015-07-07T16:00:00Z,457400.0,,4a602142-2728-4624-a476-f70e56eeafac,OrderRole.Standalone,OrderType.Market,_default,,PositionEffect.Close,,457400.0,False,,OrderSide.Sell,OrderStatus.Filled,300308.SZ,,TimeInForce.GTC,,,,1436371200000000000,2015-07-08T16:00:00Z
26.0739,11368.2204,1436284800000000000,2015-07-07T16:00:00Z,174400.0,,747418c1-58ba-4e06-aa21-24d0992ed2c9,OrderRole.Standalone,OrderType.Market,_default,,PositionEffect.Close,,174400.0,False,,OrderSide.Sell,OrderStatus.Filled,300413.SZ,,TimeInForce.GTC,,,,1436371200000000000,2015-07-08T16:00:00Z
15.13485,17083.4619375,1436284800000000000,2015-07-07T16:00:00Z,451500.0,,dc7750b3-84f4-4175-baf4-2dcdbc779130,OrderRole.Standalone,OrderType.Market,_default,,PositionEffect.Close,,451500.0,False,,OrderSide.Sell,OrderStatus.Filled,601766.SH,,TimeInForce.GTC,,,,1436371200000000000,2015-07-08T16:00:00Z
,0.0,1436284800000000000,2015-07-07T16:00:00Z,0.0,,2425c01a-ee8b-42b3-813f-6abaaff43a31,OrderRole.Standalone,OrderType.Market,_default,,PositionEffect.Close,,539600.0,False,"Symbol 600346.SH not tradable (zero volume, suspension) at execution timestamp 1436371200000000000",OrderSide.Sell,OrderStatus.Rejected,600346.SH,,TimeInForce.GTC,,,,1436371200000000000,2015-07-08T16:00:00Z
,0.0,1436284800000000000,2015-07-07T16:00:00Z,0.0,,387cc8d9-82ed-461c-94e4-c7e26ea5eed5,OrderRole.Standalone,OrderType.Market,_default,,PositionEffect.Close,,214900.0,False,"Symbol 002180.SZ not tradable (zero volume, suspension) at execution timestamp 1436371200000000000",OrderSide.Sell,OrderStatus.Rejected,002180.SZ,,TimeInForce.GTC,,,,1436371200000000000,2015-07-08T16:00:00Z
,0.0,1436284800000000000,2015-07-07T16:00:00Z,0.0,,ae1e835b-cb32-424e-82fb-e471edfa9bf5,OrderRole.Standalone,OrderType.Market,_default,,PositionEffect.Close,,234900.0,False,"Symbol 002555.SZ not tradable (zero volume, suspension) at execution timestamp 1436371200000000000",OrderSide.Sell,OrderStatus.Rejected,002555.SZ,,TimeInForce.GTC,,,,1436371200000000000,2015-07-08T16:00:00Z
,0.0,1436284800000000000,2015-07-07T16:00:00Z,0.0,,f248e120-2885-4941-bdd0-934e4f28deb8,OrderRole.Standalone,OrderType.Market,_default,,PositionEffect.Close,,134400.0,False,"Symbol 002625.SZ not tradable (zero volume, suspension) at execution timestamp 1436371200000000000",OrderSide.Sell,OrderStatus.Rejected,002625.SZ,,TimeInForce.GTC,,,,1436371200000000000,2015-07-08T16:00:00Z
,0.0,1436284800000000000,2015-07-07T16:00:00Z,0.0,,b9e83a64-af1d-41c9-a087-6a08aa5c6a96,OrderRole.Standalone,OrderType.Market,_default,,PositionEffect.Close,,220200.0,False,"Symbol 002602.SZ not tradable (zero volume, suspension) at execution timestamp 1436371200000000000",OrderSide.Sell,OrderStatus.Rejected,002602.SZ,,TimeInForce.GTC,,,,1436371200000000000,2015-07-08T16:00:00Z
,0.0,1436284800000000000,2015-07-07T16:00:00Z,0.0,,c7fa92bb-b606-4f58-a23a-f56799a6e823,OrderRole.Standalone,OrderType.Market,_default,,PositionEffect.Close,,105400.0,False,"Symbol 603019.SH not tradable (zero volume, suspension) at execution timestamp 1436371200000000000",OrderSide.Sell,OrderStatus.Rejected,603019.SH,,TimeInForce.GTC,,,,1436371200000000000,2015-07-08T16:00:00Z
13.20319,20993.0721,1436284800000000000,2015-07-07T16:00:00Z,636000.0,,36d59f0a-d4b8-4bb8-b68f-3f5dcf0dcda2,OrderRole.Standalone,OrderType.Market,_default,,PositionEffect.Open,,636000.0,False,,OrderSide.Buy,OrderStatus.Filled,000001.SZ,,TimeInForce.GTC,,,,1436371200000000000,2015-07-08T16:00:00Z
5.83583,20994.398425,1436284800000000000,2015-07-07T16:00:00Z,1439000.0,,c5d4cb87-7e01-4b9d-99c4-dddf1894d52e,OrderRole.Standalone,OrderType.Market,_default,,PositionEffect.Open,,1439000.0,False,,OrderSide.Buy,OrderStatus.Filled,000983.SZ,,TimeInForce.GTC,,,,1436371200000000000,2015-07-08T16:00:00Z
15.96595,20995.22425,1436284800000000000,2015-07-07T16:00:00Z,526000.0,,ac15759a-7880-4049-a912-4613b26e5e1c,OrderRole.Standalone,OrderType.Market,_default,,PositionEffect.Open,,526000.0,False,,OrderSide.Buy,OrderStatus.Filled,600000.SH,,TimeInForce.GTC,,,,1436371200000000000,2015-07-08T16:00:00Z
24.03401,20993.707735,1436284800000000000,2015-07-07T16:00:00Z,349400.0,,c1e5347c-e130-4898-a07b-71567ba8c3e1,OrderRole.Standalone,OrderType.Market,_default,,PositionEffect.Open,,349400.0,False,,OrderSide.Buy,OrderStatus.Filled,600009.SH,,TimeInForce.GTC,,,,1436371200000000000,2015-07-08T16:00:00Z
10.30029,20932.7643525,1436284800000000000,2015-07-07T16:00:00Z,812900.0,,6700d44f-72b7-43a1-a47a-090fb78410e4,OrderRole.Standalone,OrderType.Market,_default,,PositionEffect.Open,,812900.0,False,,OrderSide.Buy,OrderStatus.Filled,600233.SH,,TimeInForce.GTC,,,,1436371200000000000,2015-07-08T16:00:00Z
,0.0,1436284800000000000,2015-07-07T16:00:00Z,0.0,,2894168a-4c47-4d75-936c-eb326191f614,OrderRole.Standalone,OrderType.Market,_default,,PositionEffect.Open,,529600.0,False,"Risk: Insufficient margin at execution. Required: 7578547.21624000000000000000, Available: 7514323.13383500184516589297",OrderSide.Buy,OrderStatus.Rejected,600809.SH,,TimeInForce.GTC,,,,1436371200000000000,2015-07-08T16:00:00Z
,0.0,1436284800000000000,2015-07-07T16:00:00Z,0.0,,f42b299d-4629-49af-91a3-6ece022f9501,OrderRole.Standalone,OrderType.Market,_default,,PositionEffect.Open,,2134800.0,False,"Risk: Insufficient margin at execution. Required: 8419149.14841000000000000000, Available: 7514323.13383500184516589297",OrderSide.Buy,OrderStatus.Rejected,601288.SH,,TimeInForce.GTC,,,,1436371200000000000,2015-07-08T16:00:00Z
,0.0,1436284800000000000,2015-07-07T16:00:00Z,0.0,,02916e75-09cb-4ae4-b03d-02e1dc805930,OrderRole.Standalone,OrderType.Market,_default,,PositionEffect.Open,,1217600.0,False,"Risk: Insufficient margin at execution. Required: 8418647.39716000000000000000, Available: 7514323.13383500184516589297",OrderSide.Buy,OrderStatus.Rejected,601898.SH,,TimeInForce.GTC,,,,1436371200000000000,2015-07-08T16:00:00Z
,0.0,1436284800000000000,2015-07-07T16:00:00Z,0.0,,b0113f08-b9cd-460f-982c-74e26b4b2c3c,OrderRole.Standalone,OrderType.Market,_default,,PositionEffect.Open,,1181600.0,False,"Risk: Insufficient margin at execution. Required: 8418743.73340000000000000000, Available: 7514323.13383500184516589297",OrderSide.Buy,OrderStatus.Rejected,601919.SH,,TimeInForce.GTC,,,,1436371200000000000,2015-07-08T16:00:00Z
,0.0,1436284800000000000,2015-07-07T16:00:00Z,0.0,,ffdd8900-7e38-43da-9541-7f935adbd9f9,OrderRole.Standalone,OrderType.Market,_default,,PositionEffect.Open,,821700.0,False,"Risk: Insufficient margin at execution. Required: 7998406.64122500000000000000, Available: 7514323.13383500184516589297",OrderSide.Buy,OrderStatus.Rejected,603993.SH,,TimeInForce.GTC,,,,1436371200000000000,2015-07-08T16:00:00Z
12.4875,19855.125,1438704000000000000,2015-08-04T16:00:00Z,636000.0,,bead0dba-bea1-452e-98d7-9eef9d3ad664,OrderRole.Standalone,OrderType.Market,_default,,PositionEffect.Close,,636000.0,False,,OrderSide.Sell,OrderStatus.Filled,000001.SZ,,TimeInForce.GTC,,,,1438790400000000000,2015-08-05T16:00:00Z
6.75324,24294.7809,1438704000000000000,2015-08-04T16:00:00Z,1439000.0,,0532079b-b427-457f-979e-1afe4eb49f90,OrderRole.Standalone,OrderType.Market,_default,,PositionEffect.Close,,1439000.0,False,,OrderSide.Sell,OrderStatus.Filled,000983.SZ,,TimeInForce.GTC,,,,1438790400000000000,2015-08-05T16:00:00Z
15.14484,19915.4646,1438704000000000000,2015-08-04T16:00:00Z,526000.0,,3c675b5b-f937-4c88-96e6-025e51242212,OrderRole.Standalone,OrderType.Market,_default,,PositionEffect.Close,,526000.0,False,,OrderSide.Sell,OrderStatus.Filled,600000.SH,,TimeInForce.GTC,,,,1438790400000000000,2015-08-05T16:00:00Z
29.2707,25567.95645,1438704000000000000,2015-08-04T16:00:00Z,349400.0,,0ad21a6c-7e2a-44f1-9f06-e3ca37b33c7a,OrderRole.Standalone,OrderType.Market,_default,,PositionEffect.Close,,349400.0,False,,OrderSide.Sell,OrderStatus.Filled,600009.SH,,TimeInForce.GTC,,,,1438790400000000000,2015-08-05T16:00:00Z
16.86312,34270.07562,1438704000000000000,2015-08-04T16:00:00Z,812900.0,,e8d1f1fa-8920-4d58-b404-b0841ab0426f,OrderRole.Standalone,OrderType.Market,_default,,PositionEffect.Close,,812900.0,False,,OrderSide.Sell,OrderStatus.Filled,600233.SH,,TimeInForce.GTC,,,,1438790400000000000,2015-08-05T16:00:00Z
71.6283,18874.05705,1438704000000000000,2015-08-04T16:00:00Z,105400.0,,78e47f16-a9ce-4b87-a37d-7632f5844408,OrderRole.Standalone,OrderType.Market,_default,,PositionEffect.Close,,105400.0,False,,OrderSide.Sell,OrderStatus.Filled,603019.SH,,TimeInForce.GTC,,,,1438790400000000000,2015-08-05T16:00:00Z
,0.0,1438704000000000000,2015-08-04T16:00:00Z,0.0,,afba9001-25d5-40b7-aaea-2091cd9492c4,OrderRole.Standalone,OrderType.Market,_default,,PositionEffect.Close,,539600.0,False,"Symbol 600346.SH not tradable (zero volume, suspension) at execution timestamp 1438790400000000000",OrderSide.Sell,OrderStatus.Rejected,600346.SH,,TimeInForce.GTC,,,,1438790400000000000,2015-08-05T16:00:00Z
,0.0,1438704000000000000,2015-08-04T16:00:00Z,0.0,,ff4fb5ec-a870-4550-b8d2-277e318b4b54,OrderRole.Standalone,OrderType.Market,_default,,PositionEffect.Close,,234900.0,False,"Symbol 002555.SZ not tradable (zero volume, suspension) at execution timestamp 1438790400000000000",OrderSide.Sell,OrderStatus.Rejected,002555.SZ,,TimeInForce.GTC,,,,1438790400000000000,2015-08-05T16:00:00Z
,0.0,1438704000000000000,2015-08-04T16:00:00Z,0.0,,4d6d0c77-8e5c-440b-b206-860af45bb6b5,OrderRole.Standalone,OrderType.Market,_default,,PositionEffect.Close,,134400.0,False,"Symbol 002625.SZ not tradable (zero volume, suspension) at execution timestamp 1438790400000000000",OrderSide.Sell,OrderStatus.Rejected,002625.SZ,,TimeInForce.GTC,,,,1438790400000000000,2015-08-05T16:00:00Z
,0.0,1438704000000000000,2015-08-04T16:00:00Z,0.0,,5b5ed3f6-5e76-4094-b67a-e061b444a981,OrderRole.Standalone,OrderType.Market,_default,,PositionEffect.Close,,220200.0,False,"Symbol 002602.SZ not tradable (zero volume, suspension) at execution timestamp 1438790400000000000",OrderSide.Sell,OrderStatus.Rejected,002602.SZ,,TimeInForce.GTC,,,,1438790400000000000,2015-08-05T16:00:00Z
,0.0,1438704000000000000,2015-08-04T16:00:00Z,0.0,,fda95721-c3d1-42dc-ae1b-7902904dfc51,OrderRole.Standalone,OrderType.Market,_default,,PositionEffect.Close,,17600.0,False,"Symbol 002180.SZ not tradable (zero volume, suspension) at execution timestamp 1438790400000000000",OrderSide.Sell,OrderStatus.Rejected,002180.SZ,,TimeInForce.GTC,,,,1438790400000000000,2015-08-05T16:00:00Z
72.072,23333.31,1438704000000000000,2015-08-04T16:00:00Z,129500.0,,65f65e20-9276-4f74-b1c9-6e52e39b42d2,OrderRole.Standalone,OrderType.Market,_default,,PositionEffect.Open,,129500.0,False,,OrderSide.Buy,OrderStatus.Filled,000963.SZ,,TimeInForce.GTC,,,,1438790400000000000,2015-08-05T16:00:00Z
64.4644,23368.345,1438704000000000000,2015-08-04T16:00:00Z,145000.0,,b77a89cb-225b-4ac1-aba7-59b59becdb93,OrderRole.Standalone,OrderType.Market,_default,,PositionEffect.Open,,145000.0,False,,OrderSide.Buy,OrderStatus.Filled,002304.SZ,,TimeInForce.GTC,,,,1438790400000000000,2015-08-05T16:00:00Z
21.7217,23198.7756,1438704000000000000,2015-08-04T16:00:00Z,427200.0,,6c82cb92-e595-47ea-8501-0c7d563eb1fc,OrderRole.Standalone,OrderType.Market,_default,,PositionEffect.Open,,427200.0,False,,OrderSide.Buy,OrderStatus.Filled,002736.SZ,,TimeInForce.GTC,,,,1438790400000000000,2015-08-05T16:00:00Z
43.85381,22836.8715575,1438704000000000000,2015-08-04T16:00:00Z,208300.0,,a94d06e1-e21f-410f-95ce-87ae74a2875b,OrderRole.Standalone,OrderType.Market,_default,,PositionEffect.Open,,208300.0,False,,OrderSide.Buy,OrderStatus.Filled,300059.SZ,,TimeInForce.GTC,,,,1438790400000000000,2015-08-05T16:00:00Z
48.5485,22963.4405,1438704000000000000,2015-08-04T16:00:00Z,189200.0,,b56de4f2-0eb1-4fb4-945a-a8fbf8a7e5e8,OrderRole.Standalone,OrderType.Market,_default,,PositionEffect.Open,,189200.0,False,,OrderSide.Buy,OrderStatus.Filled,300476.SZ,,TimeInForce.GTC,,,,1438790400000000000,2015-08-05T16:00:00Z
8.85885,23540.1791625,1438704000000000000,2015-08-04T16:00:00Z,1062900.0,,03eb5dc1-c467-4816-af37-7ef4865e8b0d,OrderRole.Standalone,OrderType.Market,_default,,PositionEffect.Open,,1062900.0,False,,OrderSide.Buy,OrderStatus.Filled,601169.SH,,TimeInForce.GTC,,,,1438790400000000000,2015-08-05T16:00:00Z
,0.0,1438704000000000000,2015-08-04T16:00:00Z,0.0,,7358e438-c73a-4ed6-ae16-b55d14a839f9,OrderRole.Standalone,OrderType.Market,_default,,PositionEffect.Open,,2742000.0,False,"Risk: Insufficient margin at execution. Required: 9438001.22265000000000000000, Available: 8646919.87239500184516589297",OrderSide.Buy,OrderStatus.Rejected,601288.SH,,TimeInForce.GTC,,,,1438790400000000000,2015-08-05T16:00:00Z
,0.0,1438704000000000000,2015-08-04T16:00:00Z,0.0,,9df6e988-e910-4297-9ec9-a265bd512624,OrderRole.Standalone,OrderType.Market,_default,,PositionEffect.Open,,2079100.0,False,"Risk: Insufficient margin at execution. Required: 9388719.21487500000000000000, Available: 8646919.87239500184516589297",OrderSide.Buy,OrderStatus.Rejected,601818.SH,,TimeInForce.GTC,,,,1438790400000000000,2015-08-05T16:00:00Z
,0.0,1438704000000000000,2015-08-04T16:00:00Z,0.0,,fe064ac0-e3f3-4019-a7e2-f5d8677a0846,OrderRole.Standalone,OrderType.Market,_default,,PositionEffect.Open,,2154900.0,False,"Risk: Insufficient margin at execution. Required: 9385022.31166500000000000000, Available: 8646919.87239500184516589297",OrderSide.Buy,OrderStatus.Rejected,601988.SH,,TimeInForce.GTC,,,,1438790400000000000,2015-08-05T16:00:00Z
69.8301,22607.494875,1441123200000000000,2015-09-01T16:00:00Z,129500.0,,c751b812-d1a0-4cef-ac4a-ad8cafa2b5c2,OrderRole.Standalone,OrderType.Market,_default,,PositionEffect.Close,,129500.0,False,,OrderSide.Sell,OrderStatus.Filled,000963.SZ,,TimeInForce.GTC,,,,1441555200000000000,2015-09-06T16:00:00Z
33.4665,17979.877125,1441123200000000000,2015-09-01T16:00:00Z,214900.0,,2a7248ab-5438-4d74-90da-ceee8c3b0860,OrderRole.Standalone,OrderType.Market,_default,,PositionEffect.Close,,214900.0,False,,OrderSide.Sell,OrderStatus.Filled,002180.SZ,,TimeInForce.GTC,,,,1441555200000000000,2015-09-06T16:00:00Z
57.42252,20815.6635,1441123200000000000,2015-09-01T16:00:00Z,145000.0,,52e5d3fc-119e-4515-a3af-2ff3fb58fab8,OrderRole.Standalone,OrderType.Market,_default,,PositionEffect.Close,,145000.0,False,,OrderSide.Sell,OrderStatus.Filled,002304.SZ,,TimeInForce.GTC,,,,1441555200000000000,2015-09-06T16:00:00Z
25.86411,15188.6985975,1441123200000000000,2015-09-01T16:00:00Z,234900.0,,eba31fd8-3657-49be-a374-c072cc3fcb51,OrderRole.Standalone,OrderType.Market,_default,,PositionEffect.Close,,234900.0,False,,OrderSide.Sell,OrderStatus.Filled,002555.SZ,,TimeInForce.GTC,,,,1441555200000000000,2015-09-06T16:00:00Z
16.56342,17689.73256,1441123200000000000,2015-09-01T16:00:00Z,427200.0,,ccc616ea-5368-41fe-b423-026cc2174e16,OrderRole.Standalone,OrderType.Market,_default,,PositionEffect.Close,,427200.0,False,,OrderSide.Sell,OrderStatus.Filled,002736.SZ,,TimeInForce.GTC,,,,1441555200000000000,2015-09-06T16:00:00Z
33.57639,17484.9050925,1441123200000000000,2015-09-01T16:00:00Z,208300.0,,00f4e564-a767-474f-9404-132e1aa79a93,OrderRole.Standalone,OrderType.Market,_default,,PositionEffect.Close,,208300.0,False,,OrderSide.Sell,OrderStatus.Filled,300059.SZ,,TimeInForce.GTC,,,,1441555200000000000,2015-09-06T16:00:00Z
29.7702,14081.3046,1441123200000000000,2015-09-01T16:00:00Z,189200.0,,dd1ca3be-5178-438a-a69f-fa10f38dae9a,OrderRole.Standalone,OrderType.Market,_default,,PositionEffect.Close,,189200.0,False,,OrderSide.Sell,OrderStatus.Filled,300476.SZ,,TimeInForce.GTC,,,,1441555200000000000,2015-09-06T16:00:00Z
8.6913,23094.956925,1441123200000000000,2015-09-01T16:00:00Z,1062900.0,,20f2c41c-0195-46b9-8313-3aca37fafbef,OrderRole.Standalone,OrderType.Market,_default,,PositionEffect.Close,,1062900.0,False,,OrderSide.Sell,OrderStatus.Filled,601169.SH,,TimeInForce.GTC,,,,1441555200000000000,2015-09-06T16:00:00Z
,0.0,1441123200000000000,2015-09-01T16:00:00Z,0.0,,d830ff6d-8aa3-4b95-8b9e-cdc9edda5710,OrderRole.Standalone,OrderType.Market,_default,,PositionEffect.Close,,539600.0,False,"Symbol 600346.SH not tradable (zero volume, suspension) at execution timestamp 1441555200000000000",OrderSide.Sell,OrderStatus.Rejected,600346.SH,,TimeInForce.GTC,,,,1441555200000000000,2015-09-06T16:00:00Z
,0.0,1441123200000000000,2015-09-01T16:00:00Z,0.0,,4497b4f7-f99e-4424-a368-0b90b6f7665f,OrderRole.Standalone,OrderType.Market,_default,,PositionEffect.Close,,220200.0,False,"Symbol 002602.SZ not tradable (zero volume, suspension) at execution timestamp 1441555200000000000",OrderSide.Sell,OrderStatus.Rejected,002602.SZ,,TimeInForce.GTC,,,,1441555200000000000,2015-09-06T16:00:00Z
10.96095,20069.49945,1441123200000000000,2015-09-01T16:00:00Z,732400.0,,4e604c2f-6627-4a80-9c61-d9cf5b7f1b80,OrderRole.Standalone,OrderType.Market,_default,,PositionEffect.Open,,732400.0,False,,OrderSide.Buy,OrderStatus.Filled,000408.SZ,,TimeInForce.GTC,,,,1441555200000000000,2015-09-06T16:00:00Z
91.091,19493.474,1441123200000000000,2015-09-01T16:00:00Z,85600.0,,9f81005e-a6c2-46d0-9c50-8ee0b57031d9,OrderRole.Standalone,OrderType.Market,_default,,PositionEffect.Open,,85600.0,False,,OrderSide.Buy,OrderStatus.Filled,000661.SZ,,TimeInForce.GTC,,,,1441555200000000000,2015-09-06T16:00:00Z
15.44543,20245.0973725,1441123200000000000,2015-09-01T16:00:00Z,524300.0,,1a33d50d-d05e-4314-88d4-ae9cb6a0e568,OrderRole.Standalone,OrderType.Market,_default,,PositionEffect.Open,,524300.0,False,,OrderSide.Buy,OrderStatus.Filled,000733.SZ,,TimeInForce.GTC,,,,1441555200000000000,2015-09-06T16:00:00Z
11.05104,20027.24724,1441123200000000000,2015-09-01T16:00:00Z,724900.0,,a73e371e-e37a-4f75-a88d-14879a5fccf9,OrderRole.Standalone,OrderType.Market,_default,,PositionEffect.Open,,724900.0,False,,OrderSide.Buy,OrderStatus.Filled,002129.SZ,,TimeInForce.GTC,,,,1441555200000000000,2015-09-06T16:00:00Z
7.63763,20090.785715,1441123200000000000,2015-09-01T16:00:00Z,1052200.0,,e257ab2c-518e-44ff-9b5d-ef16dca41b7e,OrderRole.Standalone,OrderType.Market,_default,,PositionEffect.Open,,1052200.0,False,,OrderSide.Buy,OrderStatus.Filled,002648.SZ,,TimeInForce.GTC,,,,1441555200000000000,2015-09-06T16:00:00Z
40.15011,20195.50533,1441123200000000000,2015-09-01T16:00:00Z,201200.0,,5037caa3-2144-4d0f-b88b-7ed96421a20f,OrderRole.Standalone,OrderType.Market,_default,,PositionEffect.Open,,201200.0,False,,OrderSide.Buy,OrderStatus.Filled,300033.SZ,,TimeInForce.GTC,,,,1441555200000000000,2015-09-06T16:00:00Z
69.97991,20416.6387425,1441123200000000000,2015-09-01T16:00:00Z,116700.0,,d2337326-25a8-4d1e-9bce-07304a13ee32,OrderRole.Standalone,OrderType.Market,_default,,PositionEffect.Open,,116700.0,False,,OrderSide.Buy,OrderStatus.Filled,300418.SZ,,TimeInForce.GTC,,,,1441555200000000000,2015-09-06T16:00:00Z
,0.0,1441123200000000000,2015-09-01T16:00:00Z,0.0,,bbc7624a-faf4-4f80-9d84-3d55a5f19541,OrderRole.Standalone,OrderType.Market,_default,,PositionEffect.Open,,302100.0,False,"Risk: Insufficient margin at execution. Required: 8033689.78912500000000000000, Available: 7260889.87841000184640982414",OrderSide.Buy,OrderStatus.Rejected,302132.SZ,,TimeInForce.GTC,,,,1441555200000000000,2015-09-06T16:00:00Z
,0.0,1441123200000000000,2015-09-01T16:00:00Z,0.0,,98b898b3-f861-444a-b1d4-429cbe41de64,OrderRole.Standalone,OrderType.Market,_default,,PositionEffect.Open,,614200.0,False,"Risk: Insufficient margin at execution. Required: 8018729.57385500000000000000, Available: 7260889.87841000184640982414",OrderSide.Buy,OrderStatus.Rejected,600061.SH,,TimeInForce.GTC,,,,1441555200000000000,2015-09-06T16:00:00Z
28.21819,11117.96686,1441123200000000000,2015-09-01T16:00:00Z,157600.0,,ae4510c8-52c4-4100-9311-76096604a4cf,OrderRole.Standalone,OrderType.Market,_default,,PositionEffect.Open,,157600.0,False,,OrderSide.Buy,OrderStatus.Filled,002625.SZ,,TimeInForce.GTC,,,,1441555200000000000,2015-09-06T16:00:00Z
13.31667,24382.82277,1444320000000000000,2015-10-08T16:00:00Z,732400.0,,1fc3acc0-c284-45e4-876c-9352c56dce6a,OrderRole.Standalone,OrderType.Market,_default,,PositionEffect.Close,,732400.0,False,,OrderSide.Sell,OrderStatus.Filled,000408.SZ,,TimeInForce.GTC,,,,1444579200000000000,2015-10-11T16:00:00Z
102.90699,22022.09586,1444320000000000000,2015-10-08T16:00:00Z,85600.0,,3620942e-057a-4fb5-bcd5-e9d5dd5c2e33,OrderRole.Standalone,OrderType.Market,_default,,PositionEffect.Close,,85600.0,False,,OrderSide.Sell,OrderStatus.Filled,000661.SZ,,TimeInForce.GTC,,,,1444579200000000000,2015-10-11T16:00:00Z
19.37061,25390.0270575,1444320000000000000,2015-10-08T16:00:00Z,524300.0,,2a356153-10d6-42ad-ae63-defd728f41cd,OrderRole.Standalone,OrderType.Market,_default,,PositionEffect.Close,,524300.0,False,,OrderSide.Sell,OrderStatus.Filled,000733.SZ,,TimeInForce.GTC,,,,1444579200000000000,2015-10-11T16:00:00Z
11.09889,20113.9634025,1444320000000000000,2015-10-08T16:00:00Z,724900.0,,9eb1c05d-b6fa-43d8-bd8a-c1f2da3fdb89,OrderRole.Standalone,OrderType.Market,_default,,PositionEffect.Close,,724900.0,False,,OrderSide.Sell,OrderStatus.Filled,002129.SZ,,TimeInForce.GTC,,,,1444579200000000000,2015-10-11T16:00:00Z
37.5624,27420.552,1444320000000000000,2015-10-08T16:00:00Z,292000.0,,2f699ec3-8124-4243-8833-14445ae615b5,OrderRole.Standalone,OrderType.Market,_default,,PositionEffect.Close,,292000.0,False,,OrderSide.Sell,OrderStatus.Filled,002625.SZ,,TimeInForce.GTC,,,,1444579200000000000,2015-10-11T16:00:00Z
9.23076,24281.51418,1444320000000000000,2015-10-08T16:00:00Z,1052200.0,,4f699dff-29e6-48c1-a524-d499c5491a80,OrderRole.Standalone,OrderType.Market,_default,,PositionEffect.Close,,1052200.0,False,,OrderSide.Sell,OrderStatus.Filled,002648.SZ,,TimeInForce.GTC,,,,1444579200000000000,2015-10-11T16:00:00Z
43.27668,21768.17004,1444320000000000000,2015-10-08T16:00:00Z,201200.0,,16754285-fe67-4f6e-96f5-793a2c6fceff,OrderRole.Standalone,OrderType.Market,_default,,PositionEffect.Close,,201200.0,False,,OrderSide.Sell,OrderStatus.Filled,300033.SZ,,TimeInForce.GTC,,,,1444579200000000000,2015-10-11T16:00:00Z
106.55334,31086.936945,1444320000000000000,2015-10-08T16:00:00Z,116700.0,,6e98ef89-bd51-4483-b732-12367d27715e,OrderRole.Standalone,OrderType.Market,_default,,PositionEffect.Close,,116700.0,False,,OrderSide.Sell,OrderStatus.Filled,300418.SZ,,TimeInForce.GTC,,,,1444579200000000000,2015-10-11T16:00:00Z
5.994,18596.385,1444320000000000000,2015-10-08T16:00:00Z,1241000.0,,34085d69-a088-44f9-9f51-3d8bcb14a0ed,OrderRole.Standalone,OrderType.Market,_default,,PositionEffect.Close,,1241000.0,False,,OrderSide.Sell,OrderStatus.Filled,600346.SH,,TimeInForce.GTC,,,,1444579200000000000,2015-10-11T16:00:00Z
,0.0,1444320000000000000,2015-10-08T16:00:00Z,0.0,,bf239c8e-477e-4391-84bc-9b19cf4191b1,OrderRole.Standalone,OrderType.Market,_default,,PositionEffect.Close,,220200.0,False,"Symbol 002602.SZ not tradable (zero volume, suspension) at execution timestamp 1444579200000000000",OrderSide.Sell,OrderStatus.Rejected,002602.SZ,,TimeInForce.GTC,,,,1444579200000000000,2015-10-11T16:00:00Z
10.34033,22394.5696975,1444320000000000000,2015-10-08T16:00:00Z,866300.0,,0e3c8474-6c57-4821-9996-4072a70265ed,OrderRole.Standalone,OrderType.Market,_default,,PositionEffect.Open,,866300.0,False,,OrderSide.Buy,OrderStatus.Filled,600015.SH,,TimeInForce.GTC,,,,1444579200000000000,2015-10-11T16:00:00Z
8.52852,22383.10074,1444320000000000000,2015-10-08T16:00:00Z,1049800.0,,6bdae7d0-7f17-408e-89fb-536b11d441b9,OrderRole.Standalone,OrderType.Market,_default,,PositionEffect.Open,,1049800.0,False,,OrderSide.Buy,OrderStatus.Filled,600016.SH,,TimeInForce.GTC,,,,1444579200000000000,2015-10-11T16:00:00Z
5.03503,22330.35805,1444320000000000000,2015-10-08T16:00:00Z,1774000.0,,1b202d08-0f55-4e9d-aa02-216b28b958b3,OrderRole.Standalone,OrderType.Market,_default,,PositionEffect.Open,,1774000.0,False,,OrderSide.Buy,OrderStatus.Filled,600028.SH,,TimeInForce.GTC,,,,1444579200000000000,2015-10-11T16:00:00Z
17.97796,22328.62632,1444320000000000000,2015-10-08T16:00:00Z,496800.0,,9fde8262-dc5d-4a47-a28b-9b028c34ae84,OrderRole.Standalone,OrderType.Market,_default,,PositionEffect.Open,,496800.0,False,,OrderSide.Buy,OrderStatus.Filled,600036.SH,,TimeInForce.GTC,,,,1444579200000000000,2015-10-11T16:00:00Z
3.1031,22402.83045,1444320000000000000,2015-10-08T16:00:00Z,2887800.0,,3c2d5f38-6309-4a20-82ff-1fce37484489,OrderRole.Standalone,OrderType.Market,_default,,PositionEffect.Open,,2887800.0,False,,OrderSide.Buy,OrderStatus.Filled,601288.SH,,TimeInForce.GTC,,,,1444579200000000000,2015-10-11T16:00:00Z
6.25625,22438.040625,1444320000000000000,2015-10-08T16:00:00Z,1434600.0,,5926eac8-ae3a-4299-942c-d0f05bf1bbc8,OrderRole.Standalone,OrderType.Market,_default,,PositionEffect.Open,,1434600.0,False,,OrderSide.Buy,OrderStatus.Filled,601328.SH,,TimeInForce.GTC,,,,1444579200000000000,2015-10-11T16:00:00Z
4.45445,22380.2704125,1444320000000000000,2015-10-08T16:00:00Z,2009700.0,,0be3ac5a-5ae7-48c8-94b1-5f64df44fe3a,OrderRole.Standalone,OrderType.Market,_default,,PositionEffect.Open,,2009700.0,False,,OrderSide.Buy,OrderStatus.Filled,601398.SH,,TimeInForce.GTC,,,,1444579200000000000,2015-10-11T16:00:00Z
5.33533,22372.3725225,1444320000000000000,2015-10-08T16:00:00Z,1677300.0,,68433ff2-46e6-4c12-ae36-cb1744ac292d,OrderRole.Standalone,OrderType.Market,_default,,PositionEffect.Open,,1677300.0,False,,OrderSide.Buy,OrderStatus.Filled,601939.SH,,TimeInForce.GTC,,,,1444579200000000000,2015-10-11T16:00:00Z
3.8038,22330.2079,1444320000000000000,2015-10-08T16:00:00Z,2348200.0,,d9630bce-4cb5-4197-a5ef-e1080860c008,OrderRole.Standalone,OrderType.Market,_default,,PositionEffect.Open,,2348200.0,False,,OrderSide.Buy,OrderStatus.Filled,601988.SH,,TimeInForce.GTC,,,,1444579200000000000,2015-10-11T16:00:00Z
6.04604,22441.38897,1444320000000000000,2015-10-08T16:00:00Z,1484700.0,,2612e39f-d2dc-45e3-accd-f8cccf104889,OrderRole.Standalone,OrderType.Market,_default,,PositionEffect.Open,,1484700.0,False,,OrderSide.Buy,OrderStatus.Filled,601998.SH,,TimeInForce.GTC,,,,1444579200000000000,2015-10-11T16:00:00Z
11.3886,24664.86045,1446739200000000000,2015-11-05T16:00:00Z,866300.0,,1770d24a-389b-49a3-98f7-94a47bba43dc,OrderRole.Standalone,OrderType.Market,_default,,PositionEffect.Close,,866300.0,False,,OrderSide.Sell,OrderStatus.Filled,600015.SH,,TimeInForce.GTC,,,,1446998400000000000,2015-11-08T16:00:00Z
8.93106,23439.56697,1446739200000000000,2015-11-05T16:00:00Z,1049800.0,,74703263-5565-456b-a147-975dd3d6d505,OrderRole.Standalone,OrderType.Market,_default,,PositionEffect.Close,,1049800.0,False,,OrderSide.Sell,OrderStatus.Filled,600016.SH,,TimeInForce.GTC,,,,1446998400000000000,2015-11-08T16:00:00Z
5.22477,23171.85495,1446739200000000000,2015-11-05T16:00:00Z,1774000.0,,de18a8de-6446-4a6d-af49-dd430311bfad,OrderRole.Standalone,OrderType.Market,_default,,PositionEffect.Close,,1774000.0,False,,OrderSide.Sell,OrderStatus.Filled,600028.SH,,TimeInForce.GTC,,,,1446998400000000000,2015-11-08T16:00:00Z
18.73125,23264.2125,1446739200000000000,2015-11-05T16:00:00Z,496800.0,,9700b5b6-8d78-4114-ac21-e728eaf78848,OrderRole.Standalone,OrderType.Market,_default,,PositionEffect.Close,,496800.0,False,,OrderSide.Sell,OrderStatus.Filled,600036.SH,,TimeInForce.GTC,,,,1446998400000000000,2015-11-08T16:00:00Z
3.22677,23295.666015,1446739200000000000,2015-11-05T16:00:00Z,2887800.0,,030248dd-44d2-44f6-9b44-89738fff72f3,OrderRole.Standalone,OrderType.Market,_default,,PositionEffect.Close,,2887800.0,False,,OrderSide.Sell,OrderStatus.Filled,601288.SH,,TimeInForce.GTC,,,,1446998400000000000,2015-11-08T16:00:00Z
6.65334,23862.20391,1446739200000000000,2015-11-05T16:00:00Z,1434600.0,,cd4adc7c-e3f4-40d8-bc6e-5bd33ca6f7b5,OrderRole.Standalone,OrderType.Market,_default,,PositionEffect.Close,,1434600.0,False,,OrderSide.Sell,OrderStatus.Filled,601328.SH,,TimeInForce.GTC,,,,1446998400000000000,2015-11-08T16:00:00Z
4.68531,23540.1687675,1446739200000000000,2015-11-05T16:00:00Z,2009700.0,,d922bff3-2e0d-437f-8d6e-89cee4e79585,OrderRole.Standalone,OrderType.Market,_default,,PositionEffect.Close,,2009700.0,False,,OrderSide.Sell,OrderStatus.Filled,601398.SH,,TimeInForce.GTC,,,,1446998400000000000,2015-11-08T16:00:00Z
5.77422,24212.748015,1446739200000000000,2015-11-05T16:00:00Z,1677300.0,,e2df2b96-a841-416d-a64d-10db07e6fcbb,OrderRole.Standalone,OrderType.Market,_default,,PositionEffect.Close,,1677300.0,False,,OrderSide.Sell,OrderStatus.Filled,601939.SH,,TimeInForce.GTC,,,,1446998400000000000,2015-11-08T16:00:00Z
4.06593,23869.042065,1446739200000000000,2015-11-05T16:00:00Z,2348200.0,,650ebcbc-7062-4d58-91d7-0c75daf2a577,OrderRole.Standalone,OrderType.Market,_default,,PositionEffect.Close,,2348200.0,False,,OrderSide.Sell,OrderStatus.Filled,601988.SH,,TimeInForce.GTC,,,,1446998400000000000,2015-11-08T16:00:00Z
7.1928,26697.8754,1446739200000000000,2015-11-05T16:00:00Z,1484700.0,,1b198ae2-b1fc-406f-bdc0-c1238ff8d479,OrderRole.Standalone,OrderType.Market,_default,,PositionEffect.Close,,1484700.0,False,,OrderSide.Sell,OrderStatus.Filled,601998.SH,,TimeInForce.GTC,,,,1446998400000000000,2015-11-08T16:00:00Z
,0.0,1446739200000000000,2015-11-05T16:00:00Z,0.0,,4cd40ac2-0d4d-489f-a05f-bc0d05bba058,OrderRole.Standalone,OrderType.Market,_default,,PositionEffect.Close,,220200.0,False,"Symbol 002602.SZ not tradable (zero volume, suspension) at execution timestamp 1446998400000000000",OrderSide.Sell,OrderStatus.Rejected,002602.SZ,,TimeInForce.GTC,,,,1446998400000000000,2015-11-08T16:00:00Z
15.46545,23147.9122875,1446739200000000000,2015-11-05T16:00:00Z,598700.0,,702d55e0-c01d-4de7-91bd-86e167271d87,OrderRole.Standalone,OrderType.Market,_default,,PositionEffect.Open,,598700.0,False,,OrderSide.Buy,OrderStatus.Filled,000408.SZ,,TimeInForce.GTC,,,,1446998400000000000,2015-11-08T16:00:00Z
38.2382,23373.09975,1446739200000000000,2015-11-05T16:00:00Z,244500.0,,35ade639-6d10-4729-9fb8-93c2500dbc92,OrderRole.Standalone,OrderType.Market,_default,,PositionEffect.Open,,244500.0,False,,OrderSide.Buy,OrderStatus.Filled,002027.SZ,,TimeInForce.GTC,,,,1446998400000000000,2015-11-08T16:00:00Z
10.42041,22333.5437325,1446739200000000000,2015-11-05T16:00:00Z,857300.0,,3fd2e68b-2743-44e1-ad65-4069ae4bf3ce,OrderRole.Standalone,OrderType.Market,_default,,PositionEffect.Open,,857300.0,False,,OrderSide.Buy,OrderStatus.Filled,002600.SZ,,TimeInForce.GTC,,,,1446998400000000000,2015-11-08T16:00:00Z
51.5515,23043.5205,1446739200000000000,2015-11-05T16:00:00Z,178800.0,,ffde0d26-d7a3-4c7a-b7ca-89c1871aa3c8,OrderRole.Standalone,OrderType.Market,_default,,PositionEffect.Open,,178800.0,False,,OrderSide.Buy,OrderStatus.Filled,002625.SZ,,TimeInForce.GTC,,,,1446998400000000000,2015-11-08T16:00:00Z
92.56247,23233.17997,1446739200000000000,2015-11-05T16:00:00Z,100400.0,,7ae7654e-07e7-4dd6-b15e-a5072beb48e8,OrderRole.Standalone,OrderType.Market,_default,,PositionEffect.Open,,100400.0,False,,OrderSide.Buy,OrderStatus.Filled,300033.SZ,,TimeInForce.GTC,,,,1446998400000000000,2015-11-08T16:00:00Z
66.066,23965.4415,1446739200000000000,2015-11-05T16:00:00Z,145100.0,,e478321c-6c00-49c3-b7cc-119ccd6f0198,OrderRole.Standalone,OrderType.Market,_default,,PositionEffect.Open,,145100.0,False,,OrderSide.Buy,OrderStatus.Filled,300059.SZ,,TimeInForce.GTC,,,,1446998400000000000,2015-11-08T16:00:00Z
38.5385,23585.562,1446739200000000000,2015-11-05T16:00:00Z,244800.0,,b88852f0-cc58-4e36-b50a-8f4923731b7c,OrderRole.Standalone,OrderType.Market,_default,,PositionEffect.Open,,244800.0,False,,OrderSide.Buy,OrderStatus.Filled,300223.SZ,,TimeInForce.GTC,,,,1446998400000000000,2015-11-08T16:00:00Z
56.30625,23057.409375,1446739200000000000,2015-11-05T16:00:00Z,163800.0,,847f482b-0c02-403a-b28b-e4c79a24a5d1,OrderRole.Standalone,OrderType.Market,_default,,PositionEffect.Open,,163800.0,False,,OrderSide.Buy,OrderStatus.Filled,300413.SZ,,TimeInForce.GTC,,,,1446998400000000000,2015-11-08T16:00:00Z
17.5175,23017.995,1446739200000000000,2015-11-05T16:00:00Z,525600.0,,fc5da833-e0d6-4168-b31a-60ec3c0577b8,OrderRole.Standalone,OrderType.Market,_default,,PositionEffect.Open,,525600.0,False,,OrderSide.Buy,OrderStatus.Filled,600760.SH,,TimeInForce.GTC,,,,1446998400000000000,2015-11-08T16:00:00Z
71.12105,23434.385975,1446739200000000000,2015-11-05T16:00:00Z,131800.0,,5dadb01f-9102-4e0e-a30b-d07990a32e65,OrderRole.Standalone,OrderType.Market,_default,,PositionEffect.Open,,131800.0,False,,OrderSide.Buy,OrderStatus.Filled,600570.SH,,TimeInForce.GTC,,,,1446998400000000000,2015-11-08T16:00:00Z
49.4505,6589.279125,1449158400000000000,2015-12-03T16:00:00Z,53300.0,,94cea29a-cf6c-46c8-a4c0-c1d5a3a02b7f,OrderRole.Standalone,OrderType.Market,_default,,PositionEffect.Close,,53300.0,False,,OrderSide.Sell,OrderStatus.Filled,002027.SZ,,TimeInForce.GTC,,,,1449417600000000000,2015-12-06T16:00:00Z
9.99,21411.0675,1449158400000000000,2015-12-03T16:00:00Z,857300.0,,1b0af37e-3b1d-49a2-b502-d4979eb68058,OrderRole.Standalone,OrderType.Market,_default,,PositionEffect.Close,,857300.0,False,,OrderSide.Sell,OrderStatus.Filled,002600.SZ,,TimeInForce.GTC,,,,1449417600000000000,2015-12-06T16:00:00Z
65.70423,5141.3559975,1449158400000000000,2015-12-03T16:00:00Z,31300.0,,ef9cb3ca-1bec-4dea-a6da-ab6ca76cede4,OrderRole.Standalone,OrderType.Market,_default,,PositionEffect.Close,,31300.0,False,,OrderSide.Sell,OrderStatus.Filled,002625.SZ,,TimeInForce.GTC,,,,1449417600000000000,2015-12-06T16:00:00Z
80.39952,20180.27952,1449158400000000000,2015-12-03T16:00:00Z,100400.0,,669bc967-364f-4543-9c69-9f41fbad24f5,OrderRole.Standalone,OrderType.Market,_default,,PositionEffect.Close,,100400.0,False,,OrderSide.Sell,OrderStatus.Filled,300033.SZ,,TimeInForce.GTC,,,,1449417600000000000,2015-12-06T16:00:00Z
56.8431,20619.834525,1449158400000000000,2015-12-03T16:00:00Z,145100.0,,9ed0a7a0-4b8f-4630-a507-4f50b51f278d,OrderRole.Standalone,OrderType.Market,_default,,PositionEffect.Close,,145100.0,False,,OrderSide.Sell,OrderStatus.Filled,300059.SZ,,TimeInForce.GTC,,,,1449417600000000000,2015-12-06T16:00:00Z
36.21375,22162.815,1449158400000000000,2015-12-03T16:00:00Z,244800.0,,494656f4-d422-4ebc-9501-71e5e5a4060b,OrderRole.Standalone,OrderType.Market,_default,,PositionEffect.Close,,244800.0,False,,OrderSide.Sell,OrderStatus.Filled,300223.SZ,,TimeInForce.GTC,,,,1449417600000000000,2015-12-06T16:00:00Z
42.43752,17378.16444,1449158400000000000,2015-12-03T16:00:00Z,163800.0,,3c4f852a-6e50-498a-84c8-ec4b2edd2b38,OrderRole.Standalone,OrderType.Market,_default,,PositionEffect.Close,,163800.0,False,,OrderSide.Sell,OrderStatus.Filled,300413.SZ,,TimeInForce.GTC,,,,1449417600000000000,2015-12-06T16:00:00Z
63.82611,21030.703245,1449158400000000000,2015-12-03T16:00:00Z,131800.0,,b0fbaa20-2892-416b-9bfc-c0f781996d2c,OrderRole.Standalone,OrderType.Market,_default,,PositionEffect.Close,,131800.0,False,,OrderSide.Sell,OrderStatus.Filled,600570.SH,,TimeInForce.GTC,,,,1449417600000000000,2015-12-06T16:00:00Z
16.15383,21226.13262,1449158400000000000,2015-12-03T16:00:00Z,525600.0,,092e5924-44b4-4a82-82c1-f49fada2d83c,OrderRole.Standalone,OrderType.Market,_default,,PositionEffect.Close,,525600.0,False,,OrderSide.Sell,OrderStatus.Filled,600760.SH,,TimeInForce.GTC,,,,1449417600000000000,2015-12-06T16:00:00Z
,0.0,1449158400000000000,2015-12-03T16:00:00Z,0.0,,afa272f0-122a-4477-b393-7fd3d3c844d5,OrderRole.Standalone,OrderType.Market,_default,,PositionEffect.Close,,598700.0,False,"Symbol 000408.SZ not tradable (zero volume, suspension) at execution timestamp 1449417600000000000",OrderSide.Sell,OrderStatus.Rejected,000408.SZ,,TimeInForce.GTC,,,,1449417600000000000,2015-12-06T16:00:00Z
,0.0,1449158400000000000,2015-12-03T16:00:00Z,0.0,,f79dac59-e66a-4b10-b5f8-e36ffd82f9ec,OrderRole.Standalone,OrderType.Market,_default,,PositionEffect.Close,,220200.0,False,"Symbol 002602.SZ not tradable (zero volume, suspension) at execution timestamp 1449417600000000000",OrderSide.Sell,OrderStatus.Rejected,002602.SZ,,TimeInForce.GTC,,,,1449417600000000000,2015-12-06T16:00:00Z
18.83882,23840.52671,1449158400000000000,2015-12-03T16:00:00Z,506200.0,,2aadcb9b-659b-4ce5-95de-3ff72e3bd7ae,OrderRole.Standalone,OrderType.Market,_default,,PositionEffect.Open,,506200.0,False,,OrderSide.Buy,OrderStatus.Filled,000002.SZ,,TimeInForce.GTC,,,,1449417600000000000,2015-12-06T16:00:00Z
50.70065,24589.81525,1449158400000000000,2015-12-03T16:00:00Z,194000.0,,de9d8d99-0c98-4120-9930-0b0d221515d1,OrderRole.Standalone,OrderType.Market,_default,,PositionEffect.Open,,194000.0,False,,OrderSide.Buy,OrderStatus.Filled,002460.SZ,,TimeInForce.GTC,,,,1449417600000000000,2015-12-06T16:00:00Z
149.93979,24515.155665,1449158400000000000,2015-12-03T16:00:00Z,65400.0,,25bc0010-575e-4f94-8ecf-17b12a96ec40,OrderRole.Standalone,OrderType.Market,_default,,PositionEffect.Open,,65400.0,False,,OrderSide.Buy,OrderStatus.Filled,002466.SZ,,TimeInForce.GTC,,,,1449417600000000000,2015-12-06T16:00:00Z
193.77358,26401.650275,1449158400000000000,2015-12-03T16:00:00Z,54500.0,,6230a454-88c3-4d4c-bd9a-9105623d0a62,OrderRole.Standalone,OrderType.Market,_default,,PositionEffect.Open,,54500.0,False,,OrderSide.Buy,OrderStatus.Filled,002558.SZ,,TimeInForce.GTC,,,,1449417600000000000,2015-12-06T16:00:00Z
82.082,24070.5465,1449158400000000000,2015-12-03T16:00:00Z,117300.0,,1cda65ad-0a9c-4341-b4c0-409c70a1df5d,OrderRole.Standalone,OrderType.Market,_default,,PositionEffect.Open,,117300.0,False,,OrderSide.Buy,OrderStatus.Filled,002709.SZ,,TimeInForce.GTC,,,,1449417600000000000,2015-12-06T16:00:00Z
101.32122,24038.459445,1449158400000000000,2015-12-03T16:00:00Z,94900.0,,5596297e-daf5-42e2-b8f4-c393dab7d4f8,OrderRole.Standalone,OrderType.Market,_default,,PositionEffect.Open,,94900.0,False,,OrderSide.Buy,OrderStatus.Filled,300394.SZ,,TimeInForce.GTC,,,,1449417600000000000,2015-12-06T16:00:00Z
,0.0,1449158400000000000,2015-12-03T16:00:00Z,0.0,,12f24414-b5ab-4b8e-9c88-fd4a5b99ddff,OrderRole.Standalone,OrderType.Market,_default,,PositionEffect.Open,,186500.0,False,"Risk: Insufficient margin at execution. Required: 9619675.31525000000000000000, Available: 8999607.46951750394749037812",OrderSide.Buy,OrderStatus.Rejected,300418.SZ,,TimeInForce.GTC,,,,1449417600000000000,2015-12-06T16:00:00Z
,0.0,1449158400000000000,2015-12-03T16:00:00Z,0.0,,2d430fc6-39e3-4c0e-8163-6d133df06860,OrderRole.Standalone,OrderType.Market,_default,,PositionEffect.Open,,358100.0,False,"Risk: Insufficient margin at execution. Required: 9702564.62175000000000000000, Available: 8999607.46951750394749037812",OrderSide.Buy,OrderStatus.Rejected,603799.SH,,TimeInForce.GTC,,,,1449417600000000000,2015-12-06T16:00:00Z
50.33961,24062.33358,1449417600000000000,2015-12-06T16:00:00Z,191200.0,,18f4f6a2-0c9d-41da-bdcb-70a310deaefe,OrderRole.Standalone,OrderType.Market,_default,,PositionEffect.Close,,191200.0,False,,OrderSide.Sell,OrderStatus.Filled,002027.SZ,,TimeInForce.GTC,,,,1449504000000000000,2015-12-07T16:00:00Z
63.02691,23241.1730625,1449417600000000000,2015-12-06T16:00:00Z,147500.0,,9849a0cd-cf96-4c88-8e69-7b18d5d9d0cb,OrderRole.Standalone,OrderType.Market,_default,,PositionEffect.Close,,147500.0,False,,OrderSide.Sell,OrderStatus.Filled,002625.SZ,,TimeInForce.GTC,,,,1449504000000000000,2015-12-07T16:00:00Z
16.49349,24686.6311575,1451836800000000000,2016-01-03T16:00:00Z,598700.0,,e236a342-2934-43b9-94f0-02a0dd57287b,OrderRole.Standalone,OrderType.Market,_default,,PositionEffect.Close,,598700.0,False,,OrderSide.Sell,OrderStatus.Filled,000408.SZ,,TimeInForce.GTC,,,,1451923200000000000,2016-01-04T16:00:00Z
50.92902,2380.931685,1451836800000000000,2016-01-03T16:00:00Z,18700.0,,a186bc96-65f1-412f-8a36-0532d6130e6d,OrderRole.Standalone,OrderType.Market,_default,,PositionEffect.Close,,18700.0,False,,OrderSide.Sell,OrderStatus.Filled,002460.SZ,,TimeInForce.GTC,,,,1451923200000000000,2016-01-04T16:00:00Z
116.883,19110.3705,1451836800000000000,2016-01-03T16:00:00Z,65400.0,,7c68339d-0d92-42a6-bcfe-d246c08ec7be,OrderRole.Standalone,OrderType.Market,_default,,PositionEffect.Close,,65400.0,False,,OrderSide.Sell,OrderStatus.Filled,002466.SZ,,TimeInForce.GTC,,,,1451923200000000000,2016-01-04T16:00:00Z
135.74412,18495.13635,1451836800000000000,2016-01-03T16:00:00Z,54500.0,,f8cd856f-8885-4e12-b35d-ad6bb498541b,OrderRole.Standalone,OrderType.Market,_default,,PositionEffect.Close,,54500.0,False,,OrderSide.Sell,OrderStatus.Filled,002558.SZ,,TimeInForce.GTC,,,,1451923200000000000,2016-01-04T16:00:00Z
29.48049,32458.01949,1451836800000000000,2016-01-03T16:00:00Z,440400.0,,613427d3-66df-4304-8b3a-884a652dcd5c,OrderRole.Standalone,OrderType.Market,_default,,PositionEffect.Close,,440400.0,False,,OrderSide.Sell,OrderStatus.Filled,002602.SZ,,TimeInForce.GTC,,,,1451923200000000000,2016-01-04T16:00:00Z
68.1318,19979.65035,1451836800000000000,2016-01-03T16:00:00Z,117300.0,,b475761c-9ad9-4c8f-84d4-42840ada28ff,OrderRole.Standalone,OrderType.Market,_default,,PositionEffect.Close,,117300.0,False,,OrderSide.Sell,OrderStatus.Filled,002709.SZ,,TimeInForce.GTC,,,,1451923200000000000,2016-01-04T16:00:00Z
95.904,22753.224,1451836800000000000,2016-01-03T16:00:00Z,94900.0,,84d36a41-e2c3-47c2-bab1-3ea94429bdea,OrderRole.Standalone,OrderType.Market,_default,,PositionEffect.Close,,94900.0,False,,OrderSide.Sell,OrderStatus.Filled,300394.SZ,,TimeInForce.GTC,,,,1451923200000000000,2016-01-04T16:00:00Z
,0.0,1451836800000000000,2016-01-03T16:00:00Z,0.0,,fa239a47-84c4-4dfb-9ef1-e40bde28bf97,OrderRole.Standalone,OrderType.Market,_default,,PositionEffect.Close,,506200.0,False,"Symbol 000002.SZ not tradable (zero volume, suspension) at execution timestamp 1451923200000000000",OrderSide.Sell,OrderStatus.Rejected,000002.SZ,,TimeInForce.GTC,,,,1451923200000000000,2016-01-04T16:00:00Z
19.9199,24396.897525,1451836800000000000,2016-01-03T16:00:00Z,489900.0,,463e5947-aeed-4555-bbbd-deb65cb3fb19,OrderRole.Standalone,OrderType.Market,_default,,PositionEffect.Open,,489900.0,False,,OrderSide.Buy,OrderStatus.Filled,000651.SZ,,TimeInForce.GTC,,,,1451923200000000000,2016-01-04T16:00:00Z
22.31229,23740.27656,1451836800000000000,2016-01-03T16:00:00Z,425600.0,,915ea01c-ca99-4b02-92b0-2dd5119e4d5e,OrderRole.Standalone,OrderType.Market,_default,,PositionEffect.Open,,425600.0,False,,OrderSide.Buy,OrderStatus.Filled,000733.SZ,,TimeInForce.GTC,,,,1451923200000000000,2016-01-04T16:00:00Z
22.022,23893.87,1451836800000000000,2016-01-03T16:00:00Z,434000.0,,e00b91f3-02b3-4c77-a559-6300580f03ee,OrderRole.Standalone,OrderType.Market,_default,,PositionEffect.Open,,434000.0,False,,OrderSide.Buy,OrderStatus.Filled,000768.SZ,,TimeInForce.GTC,,,,1451923200000000000,2016-01-04T16:00:00Z
75.38531,24311.762475,1451836800000000000,2016-01-03T16:00:00Z,129000.0,,1bddf104-fcab-449a-88ad-6535f2b0e563,OrderRole.Standalone,OrderType.Market,_default,,PositionEffect.Open,,129000.0,False,,OrderSide.Buy,OrderStatus.Filled,000963.SZ,,TimeInForce.GTC,,,,1451923200000000000,2016-01-04T16:00:00Z
169.57941,27302.28501,1451836800000000000,2016-01-03T16:00:00Z,64400.0,,3ef26846-095b-4e39-8264-359eac86bb43,OrderRole.Standalone,OrderType.Market,_default,,PositionEffect.Open,,64400.0,False,,OrderSide.Buy,OrderStatus.Filled,300496.SZ,,TimeInForce.GTC,,,,1451923200000000000,2016-01-04T16:00:00Z
17.52751,24433.34894,1451836800000000000,2016-01-03T16:00:00Z,557600.0,,d151e610-a6f3-4218-aa97-022c4758553c,OrderRole.Standalone,OrderType.Market,_default,,PositionEffect.Open,,557600.0,False,,OrderSide.Buy,OrderStatus.Filled,600000.SH,,TimeInForce.GTC,,,,1451923200000000000,2016-01-04T16:00:00Z
33.22319,22350.9010725,1451836800000000000,2016-01-03T16:00:00Z,269100.0,,62691aae-4b4f-41c1-9c6e-a80e40523952,OrderRole.Standalone,OrderType.Market,_default,,PositionEffect.Open,,269100.0,False,,OrderSide.Buy,OrderStatus.Filled,600745.SH,,TimeInForce.GTC,,,,1451923200000000000,2016-01-04T16:00:00Z
,0.0,1451836800000000000,2016-01-03T16:00:00Z,0.0,,352702a5-f8bd-40ae-a345-b6d2169aed90,OrderRole.Standalone,OrderType.Market,_default,,PositionEffect.Open,,754800.0,False,"Risk: Insufficient margin at execution. Required: 9930086.73657000000000000000, Available: 6397052.44588750347810584690",OrderSide.Buy,OrderStatus.Rejected,600900.SH,,TimeInForce.GTC,,,,1451923200000000000,2016-01-04T16:00:00Z
39.60957,22349.6998725,1451836800000000000,2016-01-03T16:00:00Z,225700.0,,d8f827b3-1680-44ab-ba3b-48a715caf4e9,OrderRole.Standalone,OrderType.Market,_default,,PositionEffect.Open,,225700.0,False,,OrderSide.Buy,OrderStatus.Filled,002555.SZ,,TimeInForce.GTC,,,,1451923200000000000,2016-01-04T16:00:00Z
51.65829,22639.2455925,1451923200000000000,2016-01-04T16:00:00Z,175300.0,,8d08ca03-e8e1-4b33-b6e2-3832d21279f3,OrderRole.Standalone,OrderType.Market,_default,,PositionEffect.Close,,175300.0,False,,OrderSide.Sell,OrderStatus.Filled,002460.SZ,,TimeInForce.GTC,,,,1452009600000000000,2016-01-05T16:00:00Z
18.47151,22622.9818725,1454256000000000000,2016-01-31T16:00:00Z,489900.0,,cc43ef19-2fa9-4739-9e41-43dd1b05b34b,OrderRole.Standalone,OrderType.Market,_default,,PositionEffect.Close,,489900.0,False,,OrderSide.Sell,OrderStatus.Filled,000651.SZ,,TimeInForce.GTC,,,,1454342400000000000,2016-02-01T16:00:00Z
16.7832,18209.772,1454256000000000000,2016-01-31T16:00:00Z,434000.0,,e14e9f37-e779-4e07-8006-b4104aabba0f,OrderRole.Standalone,OrderType.Market,_default,,PositionEffect.Close,,434000.0,False,,OrderSide.Sell,OrderStatus.Filled,000768.SZ,,TimeInForce.GTC,,,,1454342400000000000,2016-02-01T16:00:00Z
67.4325,960.913125,1454256000000000000,2016-01-31T16:00:00Z,5700.0,,5a9a6480-fc01-499c-a626-9deb0b3d84e8,OrderRole.Standalone,OrderType.Market,_default,,PositionEffect.Close,,5700.0,False,,OrderSide.Sell,OrderStatus.Filled,000963.SZ,,TimeInForce.GTC,,,,1454342400000000000,2016-02-01T16:00:00Z
33.30666,18793.282905,1454256000000000000,2016-01-31T16:00:00Z,225700.0,,5e0154f6-de3a-4454-a52a-2bfb8cefca2a,OrderRole.Standalone,OrderType.Market,_default,,PositionEffect.Close,,225700.0,False,,OrderSide.Sell,OrderStatus.Filled,002555.SZ,,TimeInForce.GTC,,,,1454342400000000000,2016-02-01T16:00:00Z
148.2516,3224.4723,1454256000000000000,2016-01-31T16:00:00Z,8700.0,,3583b7a8-9876-480e-af20-93e404c2b5dd,OrderRole.Standalone,OrderType.Market,_default,,PositionEffect.Close,,8700.0,False,,OrderSide.Sell,OrderStatus.Filled,300496.SZ,,TimeInForce.GTC,,,,1454342400000000000,2016-02-01T16:00:00Z
16.4835,22977.999,1454256000000000000,2016-01-31T16:00:00Z,557600.0,,f699d9f8-8ee4-4181-904d-1fcced393256,OrderRole.Standalone,OrderType.Market,_default,,PositionEffect.Close,,557600.0,False,,OrderSide.Sell,OrderStatus.Filled,600000.SH,,TimeInForce.GTC,,,,1454342400000000000,2016-02-01T16:00:00Z
,0.0,1454256000000000000,2016-01-31T16:00:00Z,0.0,,7bff3937-aef4-4887-8709-aa8e52c2796f,OrderRole.Standalone,OrderType.Market,_default,,PositionEffect.Close,,506200.0,False,"Symbol 000002.SZ not tradable (zero volume, suspension) at execution timestamp 1454342400000000000",OrderSide.Sell,OrderStatus.Rejected,000002.SZ,,TimeInForce.GTC,,,,1454342400000000000,2016-02-01T16:00:00Z
,0.0,1454256000000000000,2016-01-31T16:00:00Z,0.0,,7f6632dc-3ac6-4b9e-a7bf-86ebd9183c07,OrderRole.Standalone,OrderType.Market,_default,,PositionEffect.Close,,269100.0,False,"Symbol 600745.SH not tradable (zero volume, suspension) at execution timestamp 1454342400000000000",OrderSide.Sell,OrderStatus.Rejected,600745.SH,,TimeInForce.GTC,,,,1454342400000000000,2016-02-01T16:00:00Z
27.37735,20793.097325,1454256000000000000,2016-01-31T16:00:00Z,303800.0,,001211f6-387d-4b20-a115-84589355aa60,OrderRole.Standalone,OrderType.Market,_default,,PositionEffect.Open,,303800.0,False,,OrderSide.Buy,OrderStatus.Filled,000333.SZ,,TimeInForce.GTC,,,,1454342400000000000,2016-02-01T16:00:00Z
14.70469,20781.4031425,1454256000000000000,2016-01-31T16:00:00Z,565300.0,,b4b6b545-5d8b-4ff3-ba88-451224795c62,OrderRole.Standalone,OrderType.Market,_default,,PositionEffect.Open,,565300.0,False,,OrderSide.Buy,OrderStatus.Filled,000625.SZ,,TimeInForce.GTC,,,,1454342400000000000,2016-02-01T16:00:00Z
6.77677,20374.359005,1454256000000000000,2016-01-31T16:00:00Z,1202600.0,,c72224b5-dcc9-4d22-933b-7421a71ebdcd,OrderRole.Standalone,OrderType.Market,_default,,PositionEffect.Open,,1202600.0,False,,OrderSide.Buy,OrderStatus.Filled,000983.SZ,,TimeInForce.GTC,,,,1454342400000000000,2016-02-01T16:00:00Z
61.17111,20905.2268425,1454256000000000000,2016-01-31T16:00:00Z,136700.0,,32b0969e-5b90-42a4-b696-a3812473b6b3,OrderRole.Standalone,OrderType.Market,_default,,PositionEffect.Open,,136700.0,False,,OrderSide.Buy,OrderStatus.Filled,300033.SZ,,TimeInForce.GTC,,,,1454342400000000000,2016-02-01T16:00:00Z
37.98795,20978.8453875,1454256000000000000,2016-01-31T16:00:00Z,220900.0,,4ec26082-45c8-4172-9636-218a6f994c53,OrderRole.Standalone,OrderType.Market,_default,,PositionEffect.Open,,220900.0,False,,OrderSide.Buy,OrderStatus.Filled,300059.SZ,,TimeInForce.GTC,,,,1454342400000000000,2016-02-01T16:00:00Z
,0.0,1454256000000000000,2016-01-31T16:00:00Z,0.0,,58ab5ed5-8173-4992-8625-8508b8d910f7,OrderRole.Standalone,OrderType.Market,_default,,PositionEffect.Open,,186000.0,False,"Risk: Insufficient margin at execution. Required: 8376917.74920000000000000000, Available: 6826300.15635250347810584688",OrderSide.Buy,OrderStatus.Rejected,600276.SH,,TimeInForce.GTC,,,,1454342400000000000,2016-02-01T16:00:00Z
,0.0,1454256000000000000,2016-01-31T16:00:00Z,0.0,,109042be-5957-4319-96c9-9f657fb6bc99,OrderRole.Standalone,OrderType.Market,_default,,PositionEffect.Open,,299800.0,False,"Risk: Insufficient margin at execution. Required: 8423801.38600000000000000000, Available: 6826300.15635250347810584688",OrderSide.Buy,OrderStatus.Rejected,603288.SH,,TimeInForce.GTC,,,,1454342400000000000,2016-02-01T16:00:00Z
15.96595,3979.5130375,1454256000000000000,2016-01-31T16:00:00Z,99700.0,,6d1718f8-9928-4d97-9813-e4473c26fdc2,OrderRole.Standalone,OrderType.Market,_default,,PositionEffect.Open,,99700.0,False,,OrderSide.Buy,OrderStatus.Filled,000733.SZ,,TimeInForce.GTC,,,,1454342400000000000,2016-02-01T16:00:00Z
16.34364,21463.28523,1454342400000000000,2016-02-01T16:00:00Z,525300.0,,e4f12200-0a1f-4a89-8736-ee6e079a46fd,OrderRole.Standalone,OrderType.Market,_default,,PositionEffect.Close,,525300.0,False,,OrderSide.Sell,OrderStatus.Filled,000733.SZ,,TimeInForce.GTC,,,,1454428800000000000,2016-02-02T16:00:00Z
68.06187,20980.0714275,1454342400000000000,2016-02-01T16:00:00Z,123300.0,,51498eff-f11c-4182-8164-c747db9a83bc,OrderRole.Standalone,OrderType.Market,_default,,PositionEffect.Close,,123300.0,False,,OrderSide.Sell,OrderStatus.Filled,000963.SZ,,TimeInForce.GTC,,,,1454428800000000000,2016-02-02T16:00:00Z
157.83201,21978.1073925,1454342400000000000,2016-02-01T16:00:00Z,55700.0,,8d5b46aa-738d-4f23-98e0-82d55d5e2959,OrderRole.Standalone,OrderType.Market,_default,,PositionEffect.Close,,55700.0,False,,OrderSide.Sell,OrderStatus.Filled,300496.SZ,,TimeInForce.GTC,,,,1454428800000000000,2016-02-02T16:00:00Z
29.22075,1022.72625,1457280000000000000,2016-03-06T16:00:00Z,14000.0,,c2387470-5d5d-4183-8fe5-ee94d364d783,OrderRole.Standalone,OrderType.Market,_default,,PositionEffect.Close,,14000.0,False,,OrderSide.Sell,OrderStatus.Filled,000333.SZ,,TimeInForce.GTC,,,,1457366400000000000,2016-03-07T16:00:00Z
8.96103,26941.336695,1457280000000000000,2016-03-06T16:00:00Z,1202600.0,,a73d1680-8bb7-44e4-ae8d-c93ecbb2bd55,OrderRole.Standalone,OrderType.Market,_default,,PositionEffect.Close,,1202600.0,False,,OrderSide.Sell,OrderStatus.Filled,000983.SZ,,TimeInForce.GTC,,,,1457366400000000000,2016-03-07T16:00:00Z
,0.0,1457280000000000000,2016-03-06T16:00:00Z,0.0,,e3461569-c212-4e55-9530-22895d3ede0c,OrderRole.Standalone,OrderType.Market,_default,,PositionEffect.Close,,506200.0,False,"Symbol 000002.SZ not tradable (zero volume, suspension) at execution timestamp 1457366400000000000",OrderSide.Sell,OrderStatus.Rejected,000002.SZ,,TimeInForce.GTC,,,,1457366400000000000,2016-03-07T16:00:00Z
,0.0,1457280000000000000,2016-03-06T16:00:00Z,0.0,,5cb4e09c-6c0b-4af3-be00-de8c8e10d2ea,OrderRole.Standalone,OrderType.Market,_default,,PositionEffect.Close,,565300.0,False,"Symbol 000625.SZ not tradable (zero volume, suspension) at execution timestamp 1457366400000000000",OrderSide.Sell,OrderStatus.Rejected,000625.SZ,,TimeInForce.GTC,,,,1457366400000000000,2016-03-07T16:00:00Z
,0.0,1457280000000000000,2016-03-06T16:00:00Z,0.0,,7f6c7aaa-14f7-486e-9b11-38067f1ca26c,OrderRole.Standalone,OrderType.Market,_default,,PositionEffect.Close,,269100.0,False,"Symbol 600745.SH not tradable (zero volume, suspension) at execution timestamp 1457366400000000000",OrderSide.Sell,OrderStatus.Rejected,600745.SH,,TimeInForce.GTC,,,,1457366400000000000,2016-03-07T16:00:00Z
15.86585,21022.25125,1457280000000000000,2016-03-06T16:00:00Z,530000.0,,9a4925b8-a7c8-4b99-aa45-73ccf7a66072,OrderRole.Standalone,OrderType.Market,_default,,PositionEffect.Open,,530000.0,False,,OrderSide.Buy,OrderStatus.Filled,000876.SZ,,TimeInForce.GTC,,,,1457366400000000000,2016-03-07T16:00:00Z
18.90889,21135.4117975,1457280000000000000,2016-03-06T16:00:00Z,447100.0,,0d8a74bf-3857-448c-a412-0698bb24678d,OrderRole.Standalone,OrderType.Market,_default,,PositionEffect.Open,,447100.0,False,,OrderSide.Buy,OrderStatus.Filled,000895.SZ,,TimeInForce.GTC,,,,1457366400000000000,2016-03-07T16:00:00Z
54.054,20986.4655,1457280000000000000,2016-03-06T16:00:00Z,155300.0,,b6ba2d79-b3df-4888-a053-075493d8a06d,OrderRole.Standalone,OrderType.Market,_default,,PositionEffect.Open,,155300.0,False,,OrderSide.Buy,OrderStatus.Filled,000938.SZ,,TimeInForce.GTC,,,,1457366400000000000,2016-03-07T16:00:00Z
67.067,21209.93875,1457280000000000000,2016-03-06T16:00:00Z,126500.0,,a511229d-c449-44e7-aad3-ea1d4577c859,OrderRole.Standalone,OrderType.Market,_default,,PositionEffect.Open,,126500.0,False,,OrderSide.Buy,OrderStatus.Filled,000963.SZ,,TimeInForce.GTC,,,,1457366400000000000,2016-03-07T16:00:00Z
118.63852,21176.97582,1457280000000000000,2016-03-06T16:00:00Z,71400.0,,4597611f-627b-4e97-80a2-a69a743065fb,OrderRole.Standalone,OrderType.Market,_default,,PositionEffect.Open,,71400.0,False,,OrderSide.Buy,OrderStatus.Filled,002466.SZ,,TimeInForce.GTC,,,,1457366400000000000,2016-03-07T16:00:00Z
,0.0,1457280000000000000,2016-03-06T16:00:00Z,0.0,,dc590354-86cf-41d3-8e17-4a6d386da92f,OrderRole.Standalone,OrderType.Market,_default,,PositionEffect.Open,,53100.0,False,"Risk: Insufficient margin at execution. Required: 8259327.32625000000000000000, Available: 366925.51286500347810584689",OrderSide.Buy,OrderStatus.Rejected,300496.SZ,,TimeInForce.GTC,,,,1457366400000000000,2016-03-07T16:00:00Z
,0.0,1457280000000000000,2016-03-06T16:00:00Z,0.0,,41614ea4-c1df-4120-a1de-9f1e7a7c5422,OrderRole.Standalone,OrderType.Market,_default,,PositionEffect.Open,,36200.0,False,"Risk: Insufficient margin at execution. Required: 8475040.22365000000000000000, Available: 366925.51286500347810584689",OrderSide.Buy,OrderStatus.Rejected,600519.SH,,TimeInForce.GTC,,,,1457366400000000000,2016-03-07T16:00:00Z
53.80375,2501.874375,1457280000000000000,2016-03-06T16:00:00Z,18600.0,,b514d8cf-9df7-436e-afef-9708e9e0bbe3,OrderRole.Standalone,OrderType.Market,_default,,PositionEffect.Open,,18600.0,False,,OrderSide.Buy,OrderStatus.Filled,300033.SZ,,TimeInForce.GTC,,,,1457366400000000000,2016-03-07T16:00:00Z
,0.0,1457280000000000000,2016-03-06T16:00:00Z,0.0,,0aa83a68-56e7-4233-b2e7-47baefdd22f0,OrderRole.Standalone,OrderType.Market,_default,,PositionEffect.Open,,19100.0,False,"Risk: Insufficient margin at execution. Required: 668541.39352000000000000000, Available: 366925.51286500347810584689",OrderSide.Buy,OrderStatus.Rejected,300059.SZ,,TimeInForce.GTC,,,,1457366400000000000,2016-03-07T16:00:00Z
28.52145,20663.790525,1457366400000000000,2016-03-07T16:00:00Z,289800.0,,ef42d243-1198-4405-8741-3bae2676176d,OrderRole.Standalone,OrderType.Market,_default,,PositionEffect.Close,,289800.0,False,,OrderSide.Sell,OrderStatus.Filled,000333.SZ,,TimeInForce.GTC,,,,1457452800000000000,2016-03-08T16:00:00Z
53.7462,20866.96215,1457366400000000000,2016-03-07T16:00:00Z,155300.0,,d5972906-0136-42bc-93bd-5515aa912a83,OrderRole.Standalone,OrderType.Market,_default,,PositionEffect.Close,,155300.0,False,,OrderSide.Sell,OrderStatus.Filled,300033.SZ,,TimeInForce.GTC,,,,1457452800000000000,2016-03-08T16:00:00Z
35.55441,19634.9229225,1457366400000000000,2016-03-07T16:00:00Z,220900.0,,e257a2c4-0dd2-4a49-9b2b-c766e9ab261e,OrderRole.Standalone,OrderType.Market,_default,,PositionEffect.Close,,220900.0,False,,OrderSide.Sell,OrderStatus.Filled,300059.SZ,,TimeInForce.GTC,,,,1457452800000000000,2016-03-08T16:00:00Z
15.86412,22419.96759,1459785600000000000,2016-04-04T16:00:00Z,565300.0,,e6746824-cf6f-4c7c-9ea1-990152d73371,OrderRole.Standalone,OrderType.Market,_default,,PositionEffect.Close,,565300.0,False,,OrderSide.Sell,OrderStatus.Filled,000625.SZ,,TimeInForce.GTC,,,,1459872000000000000,2016-04-05T16:00:00Z
16.5834,21973.005,1459785600000000000,2016-04-04T16:00:00Z,530000.0,,bcd7c16c-5f4c-4008-af89-f9f5093081e3,OrderRole.Standalone,OrderType.Market,_default,,PositionEffect.Close,,530000.0,False,,OrderSide.Sell,OrderStatus.Filled,000876.SZ,,TimeInForce.GTC,,,,1459872000000000000,2016-04-05T16:00:00Z
21.3786,23895.93015,1459785600000000000,2016-04-04T16:00:00Z,447100.0,,e1cf2bc7-b42f-4483-8c13-332d2e31dfca,OrderRole.Standalone,OrderType.Market,_default,,PositionEffect.Close,,447100.0,False,,OrderSide.Sell,OrderStatus.Filled,000895.SZ,,TimeInForce.GTC,,,,1459872000000000000,2016-04-05T16:00:00Z
63.94599,24827.0306175,1459785600000000000,2016-04-04T16:00:00Z,155300.0,,9c338a3d-a748-4435-b005-e4ee1973eaf9,OrderRole.Standalone,OrderType.Market,_default,,PositionEffect.Close,,155300.0,False,,OrderSide.Sell,OrderStatus.Filled,000938.SZ,,TimeInForce.GTC,,,,1459872000000000000,2016-04-05T16:00:00Z
69.8301,22083.769125,1459785600000000000,2016-04-04T16:00:00Z,126500.0,,a7d9b446-5f50-4f92-a0cc-319a9c27615d,OrderRole.Standalone,OrderType.Market,_default,,PositionEffect.Close,,126500.0,False,,OrderSide.Sell,OrderStatus.Filled,000963.SZ,,TimeInForce.GTC,,,,1459872000000000000,2016-04-05T16:00:00Z
166.3335,29690.52975,1459785600000000000,2016-04-04T16:00:00Z,71400.0,,2ce875d1-446d-4591-81c1-60db15ceca6a,OrderRole.Standalone,OrderType.Market,_default,,PositionEffect.Close,,71400.0,False,,OrderSide.Sell,OrderStatus.Filled,002466.SZ,,TimeInForce.GTC,,,,1459872000000000000,2016-04-05T16:00:00Z
,0.0,1459785600000000000,2016-04-04T16:00:00Z,0.0,,03c7c6a1-9920-41ce-8d90-e35e8b03a917,OrderRole.Standalone,OrderType.Market,_default,,PositionEffect.Close,,506200.0,False,"Symbol 000002.SZ not tradable (zero volume, suspension) at execution timestamp 1459872000000000000",OrderSide.Sell,OrderStatus.Rejected,000002.SZ,,TimeInForce.GTC,,,,1459872000000000000,2016-04-05T16:00:00Z
,0.0,1459785600000000000,2016-04-04T16:00:00Z,0.0,,9d4bf3db-6c2c-488d-9b00-c09926249a6e,OrderRole.Standalone,OrderType.Market,_default,,PositionEffect.Close,,269100.0,False,"Symbol 600745.SH not tradable (zero volume, suspension) at execution timestamp 1459872000000000000",OrderSide.Sell,OrderStatus.Rejected,600745.SH,,TimeInForce.GTC,,,,1459872000000000000,2016-04-05T16:00:00Z
11.13112,22899.49662,1459785600000000000,2016-04-04T16:00:00Z,822900.0,,d441f05d-153e-411c-a005-8e0e107fd106,OrderRole.Standalone,OrderType.Market,_default,,PositionEffect.Open,,822900.0,False,,OrderSide.Buy,OrderStatus.Filled,000617.SZ,,TimeInForce.GTC,,,,1459872000000000000,2016-04-05T16:00:00Z
2.82282,22901.53866,1459785600000000000,2016-04-04T16:00:00Z,3245200.0,,0da22f40-400e-48f8-a39a-f3d75596ae3f,OrderRole.Standalone,OrderType.Market,_default,,PositionEffect.Open,,3245200.0,False,,OrderSide.Buy,OrderStatus.Filled,000630.SZ,,TimeInForce.GTC,,,,1459872000000000000,2016-04-05T16:00:00Z
43.05301,22828.8585525,1459785600000000000,2016-04-04T16:00:00Z,212100.0,,73a303f5-0910-44db-aec9-e3351797f31f,OrderRole.Standalone,OrderType.Market,_default,,PositionEffect.Open,,212100.0,False,,OrderSide.Buy,OrderStatus.Filled,002049.SZ,,TimeInForce.GTC,,,,1459872000000000000,2016-04-05T16:00:00Z
38.00797,22909.3039175,1459785600000000000,2016-04-04T16:00:00Z,241100.0,,85de1b0e-9b1e-4702-8035-7879f235a086,OrderRole.Standalone,OrderType.Market,_default,,PositionEffect.Open,,241100.0,False,,OrderSide.Buy,OrderStatus.Filled,002252.SZ,,TimeInForce.GTC,,,,1459872000000000000,2016-04-05T16:00:00Z
28.80878,22946.19327,1459785600000000000,2016-04-04T16:00:00Z,318600.0,,23d455c2-ff11-476f-8cfd-9e443fad875a,OrderRole.Standalone,OrderType.Market,_default,,PositionEffect.Open,,318600.0,False,,OrderSide.Buy,OrderStatus.Filled,002475.SZ,,TimeInForce.GTC,,,,1459872000000000000,2016-04-05T16:00:00Z
9.46946,22982.37942,1459785600000000000,2016-04-04T16:00:00Z,970800.0,,33bb6c7f-ebe1-4e66-8c6f-8864c6b09725,OrderRole.Standalone,OrderType.Market,_default,,PositionEffect.Open,,970800.0,False,,OrderSide.Buy,OrderStatus.Filled,600048.SH,,TimeInForce.GTC,,,,1459872000000000000,2016-04-05T16:00:00Z
29.14912,22947.64472,1459785600000000000,2016-04-04T16:00:00Z,314900.0,,2a07ba0e-6908-4691-ac6a-ebfc865331c8,OrderRole.Standalone,OrderType.Market,_default,,PositionEffect.Open,,314900.0,False,,OrderSide.Buy,OrderStatus.Filled,600161.SH,,TimeInForce.GTC,,,,1459872000000000000,2016-04-05T16:00:00Z
9.95995,22798.32555,1459785600000000000,2016-04-04T16:00:00Z,915600.0,,ab1cf2d4-ae2d-4cb1-af7b-38290255db3b,OrderRole.Standalone,OrderType.Market,_default,,PositionEffect.Open,,915600.0,False,,OrderSide.Buy,OrderStatus.Filled,601169.SH,,TimeInForce.GTC,,,,1459872000000000000,2016-04-05T16:00:00Z
,0.0,1459785600000000000,2016-04-04T16:00:00Z,0.0,,a23007d8-d131-4d17-ad53-b43ae774efaf,OrderRole.Standalone,OrderType.Market,_default,,PositionEffect.Open,,1198900.0,False,"Risk: Insufficient margin at execution. Required: 9191677.48498999999999999999, Available: 9114522.71232500347810584688",OrderSide.Buy,OrderStatus.Rejected,601857.SH,,TimeInForce.GTC,,,,1459872000000000000,2016-04-05T16:00:00Z
,0.0,1459785600000000000,2016-04-04T16:00:00Z,0.0,,dc1f4683-760c-473b-b81e-00b4bc2a9d96,OrderRole.Standalone,OrderType.Market,_default,,PositionEffect.Open,,2783000.0,False,"Risk: Insufficient margin at execution. Required: 9216066.60975000000000000000, Available: 9114522.71232500347810584688",OrderSide.Buy,OrderStatus.Rejected,601899.SH,,TimeInForce.GTC,,,,1459872000000000000,2016-04-05T16:00:00Z
2.75724,22369.48812,1462291200000000000,2016-05-03T16:00:00Z,3245200.0,,652fceb0-d37e-4fd1-ac73-3859a01da874,OrderRole.Standalone,OrderType.Market,_default,,PositionEffect.Close,,3245200.0,False,,OrderSide.Sell,OrderStatus.Filled,000630.SZ,,TimeInForce.GTC,,,,1462377600000000000,2016-05-04T16:00:00Z
39.32064,20849.76936,1462291200000000000,2016-05-03T16:00:00Z,212100.0,,c0053a34-1f2e-43ba-b6f4-e06f1ff176f1,OrderRole.Standalone,OrderType.Market,_default,,PositionEffect.Close,,212100.0,False,,OrderSide.Sell,OrderStatus.Filled,002049.SZ,,TimeInForce.GTC,,,,1462377600000000000,2016-05-04T16:00:00Z
37.6623,22700.951325,1462291200000000000,2016-05-03T16:00:00Z,241100.0,,01ddd0c5-e739-4232-822b-aead2e537dd7,OrderRole.Standalone,OrderType.Market,_default,,PositionEffect.Close,,241100.0,False,,OrderSide.Sell,OrderStatus.Filled,002252.SZ,,TimeInForce.GTC,,,,1462377600000000000,2016-05-04T16:00:00Z
28.23174,22486.58091,1462291200000000000,2016-05-03T16:00:00Z,318600.0,,f46c5120-c646-4b4e-b676-28eae279139c,OrderRole.Standalone,OrderType.Market,_default,,PositionEffect.Close,,318600.0,False,,OrderSide.Sell,OrderStatus.Filled,002475.SZ,,TimeInForce.GTC,,,,1462377600000000000,2016-05-04T16:00:00Z
9.11088,22112.10576,1462291200000000000,2016-05-03T16:00:00Z,970800.0,,4affe6e4-9a3c-4bf1-a27b-a84d0182d559,OrderRole.Standalone,OrderType.Market,_default,,PositionEffect.Close,,970800.0,False,,OrderSide.Sell,OrderStatus.Filled,600048.SH,,TimeInForce.GTC,,,,1462377600000000000,2016-05-04T16:00:00Z
28.2717,22256.895825,1462291200000000000,2016-05-03T16:00:00Z,314900.0,,2628d0a1-0182-4c5b-bb8b-12ed49e6a4db,OrderRole.Standalone,OrderType.Market,_default,,PositionEffect.Close,,314900.0,False,,OrderSide.Sell,OrderStatus.Filled,600161.SH,,TimeInForce.GTC,,,,1462377600000000000,2016-05-04T16:00:00Z
25.7742,17339.59305,1462291200000000000,2016-05-03T16:00:00Z,269100.0,,2b1382bd-50db-4c39-9bed-d7b9f50a9b35,OrderRole.Standalone,OrderType.Market,_default,,PositionEffect.Close,,269100.0,False,,OrderSide.Sell,OrderStatus.Filled,600745.SH,,TimeInForce.GTC,,,,1462377600000000000,2016-05-04T16:00:00Z
10.2897,23553.1233,1462291200000000000,2016-05-03T16:00:00Z,915600.0,,4437907e-dcb5-469f-a8db-2e537d06fdf5,OrderRole.Standalone,OrderType.Market,_default,,PositionEffect.Close,,915600.0,False,,OrderSide.Sell,OrderStatus.Filled,601169.SH,,TimeInForce.GTC,,,,1462377600000000000,2016-05-04T16:00:00Z
,0.0,1462291200000000000,2016-05-03T16:00:00Z,0.0,,895dd02b-7445-4e8e-8d04-795aa3d03cd4,OrderRole.Standalone,OrderType.Market,_default,,PositionEffect.Close,,506200.0,False,"Symbol 000002.SZ not tradable (zero volume, suspension) at execution timestamp 1462377600000000000",OrderSide.Sell,OrderStatus.Rejected,000002.SZ,,TimeInForce.GTC,,,,1462377600000000000,2016-05-04T16:00:00Z
,0.0,1462291200000000000,2016-05-03T16:00:00Z,0.0,,362c1cbb-2e0a-4a14-8751-e67eaf8c2880,OrderRole.Standalone,OrderType.Market,_default,,PositionEffect.Close,,822900.0,False,"Symbol 000617.SZ not tradable (zero volume, suspension) at execution timestamp 1462377600000000000",OrderSide.Sell,OrderStatus.Rejected,000617.SZ,,TimeInForce.GTC,,,,1462377600000000000,2016-05-04T16:00:00Z
66.066,22726.704,1462291200000000000,2016-05-03T16:00:00Z,137600.0,,a47a32fc-cdc9-423c-bb00-55baf8aed7e7,OrderRole.Standalone,OrderType.Market,_default,,PositionEffect.Open,,137600.0,False,,OrderSide.Buy,OrderStatus.Filled,002460.SZ,,TimeInForce.GTC,,,,1462377600000000000,2016-05-04T16:00:00Z
175.175,22816.54375,1462291200000000000,2016-05-03T16:00:00Z,52100.0,,3735f279-ee66-4189-8446-670428d6319f,OrderRole.Standalone,OrderType.Market,_default,,PositionEffect.Open,,52100.0,False,,OrderSide.Buy,OrderStatus.Filled,002466.SZ,,TimeInForce.GTC,,,,1462377600000000000,2016-05-04T16:00:00Z
119.23912,22953.5306,1462291200000000000,2016-05-03T16:00:00Z,77000.0,,4cf2ec80-cb78-46f7-a30a-930f6e875e8a,OrderRole.Standalone,OrderType.Market,_default,,PositionEffect.Open,,77000.0,False,,OrderSide.Buy,OrderStatus.Filled,002558.SZ,,TimeInForce.GTC,,,,1462377600000000000,2016-05-04T16:00:00Z
14.14413,22793.265495,1462291200000000000,2016-05-03T16:00:00Z,644600.0,,17018d71-eaef-4fdf-9c75-f1b5bd9462ac,OrderRole.Standalone,OrderType.Market,_default,,PositionEffect.Open,,644600.0,False,,OrderSide.Buy,OrderStatus.Filled,002601.SZ,,TimeInForce.GTC,,,,1462377600000000000,2016-05-04T16:00:00Z
116.116,22932.91,1462291200000000000,2016-05-03T16:00:00Z,79000.0,,3cfbc347-711a-4782-8b1c-72deb135062a,OrderRole.Standalone,OrderType.Market,_default,,PositionEffect.Open,,79000.0,False,,OrderSide.Buy,OrderStatus.Filled,002709.SZ,,TimeInForce.GTC,,,,1462377600000000000,2016-05-04T16:00:00Z
81.4814,22916.64375,1462291200000000000,2016-05-03T16:00:00Z,112500.0,,3a7f928b-0d6e-4f06-ba2f-475f5c1c5e28,OrderRole.Standalone,OrderType.Market,_default,,PositionEffect.Open,,112500.0,False,,OrderSide.Buy,OrderStatus.Filled,300033.SZ,,TimeInForce.GTC,,,,1462377600000000000,2016-05-04T16:00:00Z
22.39237,22840.2174,1462291200000000000,2016-05-03T16:00:00Z,408000.0,,8dd82de6-16b6-4408-ac75-ce1fbaa8c5b0,OrderRole.Standalone,OrderType.Market,_default,,PositionEffect.Open,,408000.0,False,,OrderSide.Buy,OrderStatus.Filled,300059.SZ,,TimeInForce.GTC,,,,1462377600000000000,2016-05-04T16:00:00Z
28.7287,22903.956075,1462291200000000000,2016-05-03T16:00:00Z,318900.0,,eaa63ec1-d23f-41d3-b9f0-b0fdc0b0cf8e,OrderRole.Standalone,OrderType.Market,_default,,PositionEffect.Open,,318900.0,False,,OrderSide.Buy,OrderStatus.Filled,300122.SZ,,TimeInForce.GTC,,,,1462377600000000000,2016-05-04T16:00:00Z
,0.0,1462291200000000000,2016-05-03T16:00:00Z,0.0,,70d54ece-1597-4c69-ab3c-d40864a2706c,OrderRole.Standalone,OrderType.Market,_default,,PositionEffect.Open,,391500.0,False,"Risk: Insufficient margin at execution. Required: 9656774.80267500000000000000, Available: 5071865.06560500347810584689",OrderSide.Buy,OrderStatus.Rejected,300476.SZ,,TimeInForce.GTC,,,,1462377600000000000,2016-05-04T16:00:00Z
,0.0,1462291200000000000,2016-05-03T16:00:00Z,0.0,,b6f5f27d-57e6-4a86-affc-f8882c703446,OrderRole.Standalone,OrderType.Market,_default,,PositionEffect.Open,,40900.0,False,"Risk: Insufficient margin at execution. Required: 9234731.75625000000000000000, Available: 5071865.06560500347810584689",OrderSide.Buy,OrderStatus.Rejected,300496.SZ,,TimeInForce.GTC,,,,1462377600000000000,2016-05-04T16:00:00Z
65.08485,22389.1884,1464710400000000000,2016-05-31T16:00:00Z,137600.0,,4f255814-172a-4310-8c01-21d4e0c4f851,OrderRole.Standalone,OrderType.Market,_default,,PositionEffect.Close,,137600.0,False,,OrderSide.Sell,OrderStatus.Filled,002460.SZ,,TimeInForce.GTC,,,,1464796800000000000,2016-06-01T16:00:00Z
44.97498,22251.371355,1464710400000000000,2016-05-31T16:00:00Z,197900.0,,f2d690b8-2ee1-4784-b0fa-afa98d6919a3,OrderRole.Standalone,OrderType.Market,_default,,PositionEffect.Close,,197900.0,False,,OrderSide.Sell,OrderStatus.Filled,002466.SZ,,TimeInForce.GTC,,,,1464796800000000000,2016-06-01T16:00:00Z
122.4774,23576.8995,1464710400000000000,2016-05-31T16:00:00Z,77000.0,,74c07b04-f4ca-4692-8d83-eedee54853ac,OrderRole.Standalone,OrderType.Market,_default,,PositionEffect.Close,,77000.0,False,,OrderSide.Sell,OrderStatus.Filled,002558.SZ,,TimeInForce.GTC,,,,1464796800000000000,2016-06-01T16:00:00Z
13.54644,21830.08806,1464710400000000000,2016-05-31T16:00:00Z,644600.0,,57af5530-4d72-494a-b858-ade46366e335,OrderRole.Standalone,OrderType.Market,_default,,PositionEffect.Close,,644600.0,False,,OrderSide.Sell,OrderStatus.Filled,002601.SZ,,TimeInForce.GTC,,,,1464796800000000000,2016-06-01T16:00:00Z
57.97197,5811.6899925,1464710400000000000,2016-05-31T16:00:00Z,40100.0,,e613326c-bf0d-4fc8-937d-d1439e1ae5eb,OrderRole.Standalone,OrderType.Market,_default,,PositionEffect.Close,,40100.0,False,,OrderSide.Sell,OrderStatus.Filled,002709.SZ,,TimeInForce.GTC,,,,1464796800000000000,2016-06-01T16:00:00Z
21.7782,22213.764,1464710400000000000,2016-05-31T16:00:00Z,408000.0,,3a23acf0-8148-47a5-9910-ce182e954ed5,OrderRole.Standalone,OrderType.Market,_default,,PositionEffect.Close,,408000.0,False,,OrderSide.Sell,OrderStatus.Filled,300059.SZ,,TimeInForce.GTC,,,,1464796800000000000,2016-06-01T16:00:00Z
14.31567,22826.335815,1464710400000000000,2016-05-31T16:00:00Z,637800.0,,14cb9e07-726c-4ff6-88c9-ca6f910a5c17,OrderRole.Standalone,OrderType.Market,_default,,PositionEffect.Close,,637800.0,False,,OrderSide.Sell,OrderStatus.Filled,300122.SZ,,TimeInForce.GTC,,,,1464796800000000000,2016-06-01T16:00:00Z
,0.0,1464710400000000000,2016-05-31T16:00:00Z,0.0,,3a76723c-eb1a-4bed-adde-5fe73626f28b,OrderRole.Standalone,OrderType.Market,_default,,PositionEffect.Close,,506200.0,False,"Symbol 000002.SZ not tradable (zero volume, suspension) at execution timestamp 1464796800000000000",OrderSide.Sell,OrderStatus.Rejected,000002.SZ,,TimeInForce.GTC,,,,1464796800000000000,2016-06-01T16:00:00Z
,0.0,1464710400000000000,2016-05-31T16:00:00Z,0.0,,5c50e06c-002b-499b-8288-f9d179ba3d3a,OrderRole.Standalone,OrderType.Market,_default,,PositionEffect.Close,,822900.0,False,"Symbol 000617.SZ not tradable (zero volume, suspension) at execution timestamp 1464796800000000000",OrderSide.Sell,OrderStatus.Rejected,000617.SZ,,TimeInForce.GTC,,,,1464796800000000000,2016-06-01T16:00:00Z
10.48047,23161.8387,1464710400000000000,2016-05-31T16:00:00Z,884000.0,,0146809d-f879-4e15-bf7c-6c10fb76e03f,OrderRole.Standalone,OrderType.Market,_default,,PositionEffect.Open,,884000.0,False,,OrderSide.Buy,OrderStatus.Filled,000001.SZ,,TimeInForce.GTC,,,,1464796800000000000,2016-06-01T16:00:00Z
62.22216,23162.19906,1464710400000000000,2016-05-31T16:00:00Z,148900.0,,e5839cb2-71d7-4856-84d3-33139b7e0f03,OrderRole.Standalone,OrderType.Market,_default,,PositionEffect.Open,,148900.0,False,,OrderSide.Buy,OrderStatus.Filled,000538.SZ,,TimeInForce.GTC,,,,1464796800000000000,2016-06-01T16:00:00Z
24.8248,23329.1058,1464710400000000000,2016-05-31T16:00:00Z,375900.0,,2bed4d95-e74d-417e-a8a9-e928d8203bce,OrderRole.Standalone,OrderType.Market,_default,,PositionEffect.Open,,375900.0,False,,OrderSide.Buy,OrderStatus.Filled,000568.SZ,,TimeInForce.GTC,,,,1464796800000000000,2016-06-01T16:00:00Z
9.2092,22933.2103,1464710400000000000,2016-05-31T16:00:00Z,996100.0,,98ba7ea9-1465-49bd-b8fd-3978849c9fc6,OrderRole.Standalone,OrderType.Market,_default,,PositionEffect.Open,,996100.0,False,,OrderSide.Buy,OrderStatus.Filled,002050.SZ,,TimeInForce.GTC,,,,1464796800000000000,2016-06-01T16:00:00Z
19.5195,23194.045875,1464710400000000000,2016-05-31T16:00:00Z,475300.0,,0d759068-aa37-4c92-bdbb-f3c3498af15e,OrderRole.Standalone,OrderType.Market,_default,,PositionEffect.Open,,475300.0,False,,OrderSide.Buy,OrderStatus.Filled,600066.SH,,TimeInForce.GTC,,,,1464796800000000000,2016-06-01T16:00:00Z
45.65561,23124.566465,1464710400000000000,2016-05-31T16:00:00Z,202600.0,,d4ed8f4b-1e19-4c2e-921d-bcfbe2ee3833,OrderRole.Standalone,OrderType.Market,_default,,PositionEffect.Open,,202600.0,False,,OrderSide.Buy,OrderStatus.Filled,600276.SH,,TimeInForce.GTC,,,,1464796800000000000,2016-06-01T16:00:00Z
,0.0,1464710400000000000,2016-05-31T16:00:00Z,0.0,,7526a730-4c35-428a-837c-db1a5950689c,OrderRole.Standalone,OrderType.Market,_default,,PositionEffect.Open,,35100.0,False,"Risk: Insufficient margin at execution. Required: 9263984.85762750000000000000, Available: 5378347.10520750204336323329",OrderSide.Buy,OrderStatus.Rejected,600519.SH,,TimeInForce.GTC,,,,1464796800000000000,2016-06-01T16:00:00Z
,0.0,1464710400000000000,2016-05-31T16:00:00Z,0.0,,1c34d7b3-e65d-45a8-b643-75152ecabd16,OrderRole.Standalone,OrderType.Market,_default,,PositionEffect.Open,,149900.0,False,"Risk: Insufficient margin at execution. Required: 9177430.75999750000000000000, Available: 5378347.10520750204336323329",OrderSide.Buy,OrderStatus.Rejected,600570.SH,,TimeInForce.GTC,,,,1464796800000000000,2016-06-01T16:00:00Z
79.02895,671.746075,1464710400000000000,2016-05-31T16:00:00Z,3400.0,,1507efa2-d705-4027-8774-1584aa119e99,OrderRole.Standalone,OrderType.Market,_default,,PositionEffect.Open,,3400.0,False,,OrderSide.Buy,OrderStatus.Filled,300033.SZ,,TimeInForce.GTC,,,,1464796800000000000,2016-06-01T16:00:00Z
59.7402,23507.7687,1464796800000000000,2016-06-01T16:00:00Z,157400.0,,4ae4df40-6e9e-4755-b589-d8fd0f5cd1c0,OrderRole.Standalone,OrderType.Market,_default,,PositionEffect.Close,,157400.0,False,,OrderSide.Sell,OrderStatus.Filled,002709.SZ,,TimeInForce.GTC,,,,1464883200000000000,2016-06-02T16:00:00Z
79.92,23156.82,1464796800000000000,2016-06-01T16:00:00Z,115900.0,,02257cb7-3cff-4f58-8bd0-1707b79b56b0,OrderRole.Standalone,OrderType.Market,_default,,PositionEffect.Close,,115900.0,False,,OrderSide.Sell,OrderStatus.Filled,300033.SZ,,TimeInForce.GTC,,,,1464883200000000000,2016-06-02T16:00:00Z
,0.0,1467302400000000000,2016-06-30T16:00:00Z,0.0,,401986c8-3ec8-4eb8-a41c-443c914780c4,OrderRole.Standalone,OrderType.Market,_default,,PositionEffect.Close,,1060800.0,False,"Risk: Insufficient available position for 000001.SZ at execution. Available: 1060799.9999999999607425138488, Required: 1060800",OrderSide.Sell,OrderStatus.Rejected,000001.SZ,,TimeInForce.GTC,,,,1467561600000000000,2016-07-03T16:00:00Z
21.96801,27800.516655,1467302400000000000,2016-06-30T16:00:00Z,506200.0,,9d332030-8c97-491a-a808-41a0755e3e56,OrderRole.Standalone,OrderType.Market,_default,,PositionEffect.Close,,506200.0,False,,OrderSide.Sell,OrderStatus.Filled,000002.SZ,,TimeInForce.GTC,,,,1467561600000000000,2016-07-03T16:00:00Z
63.4365,23614.237125,1467302400000000000,2016-06-30T16:00:00Z,148900.0,,ab04892c-19f2-40ce-88d3-716bf8468daf,OrderRole.Standalone,OrderType.Market,_default,,PositionEffect.Close,,148900.0,False,,OrderSide.Sell,OrderStatus.Filled,000538.SZ,,TimeInForce.GTC,,,,1467561600000000000,2016-07-03T16:00:00Z
29.70027,27910.8287325,1467302400000000000,2016-06-30T16:00:00Z,375900.0,,846db0b3-48b1-4a1b-85df-4284707c990e,OrderRole.Standalone,OrderType.Market,_default,,PositionEffect.Close,,375900.0,False,,OrderSide.Sell,OrderStatus.Filled,000568.SZ,,TimeInForce.GTC,,,,1467561600000000000,2016-07-03T16:00:00Z
9.55044,23782.98321,1467302400000000000,2016-06-30T16:00:00Z,996100.0,,e28b9891-5a3d-4be2-acec-07e1c79f6226,OrderRole.Standalone,OrderType.Market,_default,,PositionEffect.Close,,996100.0,False,,OrderSide.Sell,OrderStatus.Filled,002050.SZ,,TimeInForce.GTC,,,,1467561600000000000,2016-07-03T16:00:00Z
19.98,23741.235,1467302400000000000,2016-06-30T16:00:00Z,475300.0,,99ff3b36-7b17-459a-9fd2-9cbad62f1309,OrderRole.Standalone,OrderType.Market,_default,,PositionEffect.Close,,475300.0,False,,OrderSide.Sell,OrderStatus.Filled,600066.SH,,TimeInForce.GTC,,,,1467561600000000000,2016-07-03T16:00:00Z
40.30965,24498.1897875,1467302400000000000,2016-06-30T16:00:00Z,243100.0,,373f6b02-b704-44d7-b996-46ddc9e15ba7,OrderRole.Standalone,OrderType.Market,_default,,PositionEffect.Close,,243100.0,False,,OrderSide.Sell,OrderStatus.Filled,600276.SH,,TimeInForce.GTC,,,,1467561600000000000,2016-07-03T16:00:00Z
,0.0,1467302400000000000,2016-06-30T16:00:00Z,0.0,,77ee7b27-3c22-42bd-aa6d-ba48655243d4,OrderRole.Standalone,OrderType.Market,_default,,PositionEffect.Close,,822900.0,False,"Symbol 000617.SZ not tradable (zero volume, suspension) at execution timestamp 1467561600000000000",OrderSide.Sell,OrderStatus.Rejected,000617.SZ,,TimeInForce.GTC,,,,1467561600000000000,2016-07-03T16:00:00Z
45.045,22950.4275,1467302400000000000,2016-06-30T16:00:00Z,203800.0,,8e05e94d-f695-4858-9aa5-8cc596a9d883,OrderRole.Standalone,OrderType.Market,_default,,PositionEffect.Open,,203800.0,False,,OrderSide.Buy,OrderStatus.Filled,002352.SZ,,TimeInForce.GTC,,,,1467561600000000000,2016-07-03T16:00:00Z
40.5405,23695.92225,1467302400000000000,2016-06-30T16:00:00Z,233800.0,,fa7a71be-fe85-42fa-ad3d-9d0769808902,OrderRole.Standalone,OrderType.Market,_default,,PositionEffect.Open,,233800.0,False,,OrderSide.Buy,OrderStatus.Filled,002371.SZ,,TimeInForce.GTC,,,,1467561600000000000,2016-07-03T16:00:00Z
32.9329,23472.924475,1467302400000000000,2016-06-30T16:00:00Z,285100.0,,4d78ef9f-be3c-4662-a89c-b23b60d8ae9c,OrderRole.Standalone,OrderType.Market,_default,,PositionEffect.Open,,285100.0,False,,OrderSide.Buy,OrderStatus.Filled,002460.SZ,,TimeInForce.GTC,,,,1467561600000000000,2016-07-03T16:00:00Z
70.03997,23866.1197775,1467302400000000000,2016-06-30T16:00:00Z,136300.0,,8efbd000-6b0d-4826-98ec-598871ef26aa,OrderRole.Standalone,OrderType.Market,_default,,PositionEffect.Open,,136300.0,False,,OrderSide.Buy,OrderStatus.Filled,002709.SZ,,TimeInForce.GTC,,,,1467561600000000000,2016-07-03T16:00:00Z
12.92291,23707.078395,1467302400000000000,2016-06-30T16:00:00Z,733800.0,,01577b55-8e01-45cf-9b49-4dba7a0a555f,OrderRole.Standalone,OrderType.Market,_default,,PositionEffect.Open,,733800.0,False,,OrderSide.Buy,OrderStatus.Filled,300316.SZ,,TimeInForce.GTC,,,,1467561600000000000,2016-07-03T16:00:00Z
66.066,23271.7485,1467302400000000000,2016-06-30T16:00:00Z,140900.0,,12d70315-8a2d-42f6-b375-75fe8bc20090,OrderRole.Standalone,OrderType.Market,_default,,PositionEffect.Open,,140900.0,False,,OrderSide.Buy,OrderStatus.Filled,300496.SZ,,TimeInForce.GTC,,,,1467561600000000000,2016-07-03T16:00:00Z
,0.0,1467302400000000000,2016-06-30T16:00:00Z,0.0,,138d951f-324a-4f1d-a1fc-d6da170b6ac0,OrderRole.Standalone,OrderType.Market,_default,,PositionEffect.Open,,480800.0,False,"Risk: Insufficient margin at execution. Required: 9504934.83940000000000000000, Available: 9184074.05586000193728861753",OrderSide.Buy,OrderStatus.Rejected,600584.SH,,TimeInForce.GTC,,,,1467561600000000000,2016-07-03T16:00:00Z
,0.0,1467302400000000000,2016-06-30T16:00:00Z,0.0,,aa2302c2-ae81-4dd5-9ddf-dde811a2f7de,OrderRole.Standalone,OrderType.Market,_default,,PositionEffect.Open,,256500.0,False,"Risk: Insufficient margin at execution. Required: 9395041.28062500000000000000, Available: 9184074.05586000193728861753",OrderSide.Buy,OrderStatus.Rejected,603799.SH,,TimeInForce.GTC,,,,1467561600000000000,2016-07-03T16:00:00Z
43.01297,23721.652955,1467302400000000000,2016-06-30T16:00:00Z,220600.0,,d1dfab6d-93f4-4384-b0ff-07b975b61741,OrderRole.Standalone,OrderType.Market,_default,,PositionEffect.Open,,220600.0,False,,OrderSide.Buy,OrderStatus.Filled,300014.SZ,,TimeInForce.GTC,,,,1467561600000000000,2016-07-03T16:00:00Z
63.67361,23463.725285,1467302400000000000,2016-06-30T16:00:00Z,147400.0,,a0061ee0-8dc4-4c29-8cf2-a89d9f5bbb9d,OrderRole.Standalone,OrderType.Market,_default,,PositionEffect.Open,,147400.0,False,,OrderSide.Buy,OrderStatus.Filled,600570.SH,,TimeInForce.GTC,,,,1467561600000000000,2016-07-03T16:00:00Z
,0.0,1467561600000000000,2016-07-03T16:00:00Z,0.0,,963948d6-084e-4feb-8a91-f040beb71f42,OrderRole.Standalone,OrderType.Market,_default,,PositionEffect.Close,,147479.99999999997,False,"Risk: Insufficient available position for 600570.SH at execution. Available: 147479.99999999996609822971978, Required: 147479.99999999997089616954322",OrderSide.Sell,OrderStatus.Rejected,600570.SH,,TimeInForce.GTC,,,,1467648000000000000,2016-07-04T16:00:00Z
,0.0,1469721600000000000,2016-07-28T16:00:00Z,0.0,,70043274-6008-4544-9367-74e910b0b772,OrderRole.Standalone,OrderType.Market,_default,,PositionEffect.Close,,1060800.0,False,"Risk: Insufficient available position for 000001.SZ at execution. Available: 1060799.9999999999607425138488, Required: 1060800",OrderSide.Sell,OrderStatus.Rejected,000001.SZ,,TimeInForce.GTC,,,,1469980800000000000,2016-07-31T16:00:00Z
41.4585,21123.10575,1469721600000000000,2016-07-28T16:00:00Z,203800.0,,fcca4715-ec8a-45cf-968c-8ac6c197617b,OrderRole.Standalone,OrderType.Market,_default,,PositionEffect.Close,,203800.0,False,,OrderSide.Sell,OrderStatus.Filled,002352.SZ,,TimeInForce.GTC,,,,1469980800000000000,2016-07-31T16:00:00Z
34.965,20437.0425,1469721600000000000,2016-07-28T16:00:00Z,233800.0,,ee29e1c8-8dcd-42b5-9039-7509c3b07b64,OrderRole.Standalone,OrderType.Market,_default,,PositionEffect.Close,,233800.0,False,,OrderSide.Sell,OrderStatus.Filled,002371.SZ,,TimeInForce.GTC,,,,1469980800000000000,2016-07-31T16:00:00Z
33.3666,23782.04415,1469721600000000000,2016-07-28T16:00:00Z,285100.0,,1c5e9c00-af8c-4b36-b811-1643fdc2c7fa,OrderRole.Standalone,OrderType.Market,_default,,PositionEffect.Close,,285100.0,False,,OrderSide.Sell,OrderStatus.Filled,002460.SZ,,TimeInForce.GTC,,,,1469980800000000000,2016-07-31T16:00:00Z
58.41153,19903.7288475,1469721600000000000,2016-07-28T16:00:00Z,136300.0,,5b5b4103-ada3-4848-9bea-21e0b7867796,OrderRole.Standalone,OrderType.Market,_default,,PositionEffect.Close,,136300.0,False,,OrderSide.Sell,OrderStatus.Filled,002709.SZ,,TimeInForce.GTC,,,,1469980800000000000,2016-07-31T16:00:00Z
38.1618,21046.2327,1469721600000000000,2016-07-28T16:00:00Z,220600.0,,513f954b-ea19-44c2-a8b2-192d385e983a,OrderRole.Standalone,OrderType.Market,_default,,PositionEffect.Close,,220600.0,False,,OrderSide.Sell,OrderStatus.Filled,300014.SZ,,TimeInForce.GTC,,,,1469980800000000000,2016-07-31T16:00:00Z
11.59839,21277.246455,1469721600000000000,2016-07-28T16:00:00Z,733800.0,,5d668a67-9dc0-4688-b84b-9a5873306dc3,OrderRole.Standalone,OrderType.Market,_default,,PositionEffect.Close,,733800.0,False,,OrderSide.Sell,OrderStatus.Filled,300316.SZ,,TimeInForce.GTC,,,,1469980800000000000,2016-07-31T16:00:00Z
55.7442,19635.89445,1469721600000000000,2016-07-28T16:00:00Z,140900.0,,8ab553ca-3ba6-4b8d-bacc-08fb14cedc97,OrderRole.Standalone,OrderType.Market,_default,,PositionEffect.Close,,140900.0,False,,OrderSide.Sell,OrderStatus.Filled,300496.SZ,,TimeInForce.GTC,,,,1469980800000000000,2016-07-31T16:00:00Z
56.1438,20688.9903,1469721600000000000,2016-07-28T16:00:00Z,147400.0,,a713402b-5d8a-4c91-8b9d-4ddfff2c59e4,OrderRole.Standalone,OrderType.Market,_default,,PositionEffect.Close,,147400.0,False,,OrderSide.Sell,OrderStatus.Filled,600570.SH,,TimeInForce.GTC,,,,1469980800000000000,2016-07-31T16:00:00Z
,0.0,1469721600000000000,2016-07-28T16:00:00Z,0.0,,91f7ffa0-32e7-4be9-85d4-db6eaa02e1f6,OrderRole.Standalone,OrderType.Market,_default,,PositionEffect.Close,,822900.0,False,"Symbol 000617.SZ not tradable (zero volume, suspension) at execution timestamp 1469980800000000000",OrderSide.Sell,OrderStatus.Rejected,000617.SZ,,TimeInForce.GTC,,,,1469980800000000000,2016-07-31T16:00:00Z
8.74874,21935.278365,1469721600000000000,2016-07-28T16:00:00Z,1002900.0,,45fded2f-c098-43f2-8fc8-8dc4b1fc6746,OrderRole.Standalone,OrderType.Market,_default,,PositionEffect.Open,,1002900.0,False,,OrderSide.Buy,OrderStatus.Filled,000338.SZ,,TimeInForce.GTC,,,,1469980800000000000,2016-07-31T16:00:00Z
24.5245,21937.16525,1469721600000000000,2016-07-28T16:00:00Z,357800.0,,7596ab5f-66fb-4b2d-9116-06b096b8b15f,OrderRole.Standalone,OrderType.Market,_default,,PositionEffect.Open,,357800.0,False,,OrderSide.Buy,OrderStatus.Filled,000895.SZ,,TimeInForce.GTC,,,,1469980800000000000,2016-07-31T16:00:00Z
38.1381,21805.458675,1469721600000000000,2016-07-28T16:00:00Z,228700.0,,2bbf17a9-62cb-4966-b902-f27a03ae3f81,OrderRole.Standalone,OrderType.Market,_default,,PositionEffect.Open,,228700.0,False,,OrderSide.Buy,OrderStatus.Filled,002007.SZ,,TimeInForce.GTC,,,,1469980800000000000,2016-07-31T16:00:00Z
22.97295,21962.1402,1469721600000000000,2016-07-28T16:00:00Z,382400.0,,3efb6702-4b0b-40e2-8752-0e3060cd49a3,OrderRole.Standalone,OrderType.Market,_default,,PositionEffect.Open,,382400.0,False,,OrderSide.Buy,OrderStatus.Filled,600066.SH,,TimeInForce.GTC,,,,1469980800000000000,2016-07-31T16:00:00Z
35.58555,21778.3566,1469721600000000000,2016-07-28T16:00:00Z,244800.0,,19c9c008-11af-4e2b-a708-39e7671b0abb,OrderRole.Standalone,OrderType.Market,_default,,PositionEffect.Open,,244800.0,False,,OrderSide.Buy,OrderStatus.Filled,600161.SH,,TimeInForce.GTC,,,,1469980800000000000,2016-07-31T16:00:00Z
21.57155,21922.0876875,1469721600000000000,2016-07-28T16:00:00Z,406500.0,,c1b0bc16-ae42-4844-b82f-42a040a70958,OrderRole.Standalone,OrderType.Market,_default,,PositionEffect.Open,,406500.0,False,,OrderSide.Buy,OrderStatus.Filled,600196.SH,,TimeInForce.GTC,,,,1469980800000000000,2016-07-31T16:00:00Z
16.44643,21984.7653025,1469721600000000000,2016-07-28T16:00:00Z,534700.0,,145cf744-2464-4a8e-9d4e-4662583a1f5c,OrderRole.Standalone,OrderType.Market,_default,,PositionEffect.Open,,534700.0,False,,OrderSide.Buy,OrderStatus.Filled,600660.SH,,TimeInForce.GTC,,,,1469980800000000000,2016-07-31T16:00:00Z
10.95094,21984.01205,1469721600000000000,2016-07-28T16:00:00Z,803000.0,,cb1f6623-eeec-4669-a9ad-a2ed6f98973d,OrderRole.Standalone,OrderType.Market,_default,,PositionEffect.Open,,803000.0,False,,OrderSide.Buy,OrderStatus.Filled,600690.SH,,TimeInForce.GTC,,,,1469980800000000000,2016-07-31T16:00:00Z
,0.0,1469721600000000000,2016-07-28T16:00:00Z,0.0,,9f89514e-8461-4bfb-8e74-dd05c9b2870c,OrderRole.Standalone,OrderType.Market,_default,,PositionEffect.Open,,271900.0,False,"Risk: Insufficient margin at execution. Required: 8649418.85307500000000000000, Available: 5874878.91557750193728861753",OrderSide.Buy,OrderStatus.Rejected,601127.SH,,TimeInForce.GTC,,,,1469980800000000000,2016-07-31T16:00:00Z
,0.0,1469721600000000000,2016-07-28T16:00:00Z,0.0,,e4a2d559-f97b-4206-a692-335dbadebd19,OrderRole.Standalone,OrderType.Market,_default,,PositionEffect.Open,,800800.0,False,"Risk: Insufficient margin at execution. Required: 8662859.76556000000000000000, Available: 5874878.91557750193728861753",OrderSide.Buy,OrderStatus.Rejected,601633.SH,,TimeInForce.GTC,,,,1469980800000000000,2016-07-31T16:00:00Z
,0.0,1472140800000000000,2016-08-25T16:00:00Z,0.0,,34f47ee7-531a-42ff-bc0d-4e1f35d3c5c6,OrderRole.Standalone,OrderType.Market,_default,,PositionEffect.Close,,1060800.0,False,"Risk: Insufficient available position for 000001.SZ at execution. Available: 1060799.9999999999607425138488, Required: 1060800",OrderSide.Sell,OrderStatus.Rejected,000001.SZ,,TimeInForce.GTC,,,,1472400000000000000,2016-08-28T16:00:00Z
8.94105,22417.4476125,1472140800000000000,2016-08-25T16:00:00Z,1002900.0,,7e13c842-5f92-4c64-87bc-98f6fe8b3f77,OrderRole.Standalone,OrderType.Market,_default,,PositionEffect.Close,,1002900.0,False,,OrderSide.Sell,OrderStatus.Filled,000338.SZ,,TimeInForce.GTC,,,,1472400000000000000,2016-08-28T16:00:00Z
24.39558,21821.84631,1472140800000000000,2016-08-25T16:00:00Z,357800.0,,474fe086-714a-4ce3-b035-efed88641328,OrderRole.Standalone,OrderType.Market,_default,,PositionEffect.Close,,357800.0,False,,OrderSide.Sell,OrderStatus.Filled,000895.SZ,,TimeInForce.GTC,,,,1472400000000000000,2016-08-28T16:00:00Z
38.51145,22018.9215375,1472140800000000000,2016-08-25T16:00:00Z,228700.0,,4178b77f-9d35-4134-945f-5c39e258173b,OrderRole.Standalone,OrderType.Market,_default,,PositionEffect.Close,,228700.0,False,,OrderSide.Sell,OrderStatus.Filled,002007.SZ,,TimeInForce.GTC,,,,1472400000000000000,2016-08-28T16:00:00Z
21.93804,20972.76624,1472140800000000000,2016-08-25T16:00:00Z,382400.0,,6cd31254-d8a7-41a0-a665-15751aae501e,OrderRole.Standalone,OrderType.Market,_default,,PositionEffect.Close,,382400.0,False,,OrderSide.Sell,OrderStatus.Filled,600066.SH,,TimeInForce.GTC,,,,1472400000000000000,2016-08-28T16:00:00Z
39.74022,24321.01464,1472140800000000000,2016-08-25T16:00:00Z,244800.0,,9f0f3e36-6a15-47f5-a6d3-72c0c3e8a114,OrderRole.Standalone,OrderType.Market,_default,,PositionEffect.Close,,244800.0,False,,OrderSide.Sell,OrderStatus.Filled,600161.SH,,TimeInForce.GTC,,,,1472400000000000000,2016-08-28T16:00:00Z
22.977,23350.37625,1472140800000000000,2016-08-25T16:00:00Z,406500.0,,20fbc969-16f2-463f-b089-9fa830315dc1,OrderRole.Standalone,OrderType.Market,_default,,PositionEffect.Close,,406500.0,False,,OrderSide.Sell,OrderStatus.Filled,600196.SH,,TimeInForce.GTC,,,,1472400000000000000,2016-08-28T16:00:00Z
17.15283,22929.0455025,1472140800000000000,2016-08-25T16:00:00Z,534700.0,,d7928f3d-5855-47bf-95ed-a099c0c8c365,OrderRole.Standalone,OrderType.Market,_default,,PositionEffect.Close,,534700.0,False,,OrderSide.Sell,OrderStatus.Filled,600660.SH,,TimeInForce.GTC,,,,1472400000000000000,2016-08-28T16:00:00Z
10.20978,20496.13335,1472140800000000000,2016-08-25T16:00:00Z,803000.0,,e737633f-8c6e-4963-a454-fa14111afb5b,OrderRole.Standalone,OrderType.Market,_default,,PositionEffect.Close,,803000.0,False,,OrderSide.Sell,OrderStatus.Filled,600690.SH,,TimeInForce.GTC,,,,1472400000000000000,2016-08-28T16:00:00Z
,0.0,1472140800000000000,2016-08-25T16:00:00Z,0.0,,6742cabd-81a6-4e2f-8cef-f8082488c25d,OrderRole.Standalone,OrderType.Market,_default,,PositionEffect.Close,,822900.0,False,"Symbol 000617.SZ not tradable (zero volume, suspension) at execution timestamp 1472400000000000000",OrderSide.Sell,OrderStatus.Rejected,000617.SZ,,TimeInForce.GTC,,,,1472400000000000000,2016-08-28T16:00:00Z
4.25425,21916.8324375,1472140800000000000,2016-08-25T16:00:00Z,2060700.0,,bbde9022-d44d-4905-9ff4-f69af1d32cd4,OrderRole.Standalone,OrderType.Market,_default,,PositionEffect.Open,,2060700.0,False,,OrderSide.Buy,OrderStatus.Filled,000157.SZ,,TimeInForce.GTC,,,,1472400000000000000,2016-08-28T16:00:00Z
9.7097,21878.381525,1472140800000000000,2016-08-25T16:00:00Z,901300.0,,b9014721-ccee-45d9-afa7-d95dc23394f0,OrderRole.Standalone,OrderType.Market,_default,,PositionEffect.Open,,901300.0,False,,OrderSide.Buy,OrderStatus.Filled,000983.SZ,,TimeInForce.GTC,,,,1472400000000000000,2016-08-28T16:00:00Z
29.63961,21962.95101,1472140800000000000,2016-08-25T16:00:00Z,296400.0,,125185f2-40dd-4693-8135-a64ef583b2fc,OrderRole.Standalone,OrderType.Market,_default,,PositionEffect.Open,,296400.0,False,,OrderSide.Buy,OrderStatus.Filled,002241.SZ,,TimeInForce.GTC,,,,1472400000000000000,2016-08-28T16:00:00Z
28.57855,22034.06205,1472140800000000000,2016-08-25T16:00:00Z,308400.0,,4ba76517-f24c-4c9f-8475-aa8a08af8d42,OrderRole.Standalone,OrderType.Market,_default,,PositionEffect.Open,,308400.0,False,,OrderSide.Buy,OrderStatus.Filled,600009.SH,,TimeInForce.GTC,,,,1472400000000000000,2016-08-28T16:00:00Z
4.94494,21924.627725,1472140800000000000,2016-08-25T16:00:00Z,1773500.0,,5e0e9784-f6f6-42c5-87e2-41e84d41462e,OrderRole.Standalone,OrderType.Market,_default,,PositionEffect.Open,,1773500.0,False,,OrderSide.Buy,OrderStatus.Filled,600028.SH,,TimeInForce.GTC,,,,1472400000000000000,2016-08-28T16:00:00Z
4.33433,21917.6232275,1472140800000000000,2016-08-25T16:00:00Z,2022700.0,,7fc7b7d1-1d05-461f-8969-1f17a1c9a6c6,OrderRole.Standalone,OrderType.Market,_default,,PositionEffect.Open,,2022700.0,False,,OrderSide.Buy,OrderStatus.Filled,600050.SH,,TimeInForce.GTC,,,,1472400000000000000,2016-08-28T16:00:00Z
5.55555,21968.0335875,1472140800000000000,2016-08-25T16:00:00Z,1581700.0,,c46563c9-f1fd-499c-a7e5-90ad41597fda,OrderRole.Standalone,OrderType.Market,_default,,PositionEffect.Open,,1581700.0,False,,OrderSide.Buy,OrderStatus.Filled,601898.SH,,TimeInForce.GTC,,,,1472400000000000000,2016-08-28T16:00:00Z
3.45345,21968.2588125,1472140800000000000,2016-08-25T16:00:00Z,2544500.0,,92e8c076-83ee-4724-b322-0f79d842f5ec,OrderRole.Standalone,OrderType.Market,_default,,PositionEffect.Open,,2544500.0,False,,OrderSide.Buy,OrderStatus.Filled,601988.SH,,TimeInForce.GTC,,,,1472400000000000000,2016-08-28T16:00:00Z
,0.0,1472140800000000000,2016-08-25T16:00:00Z,0.0,,0cdd9ec6-574e-4ca3-980e-962705b5144a,OrderRole.Standalone,OrderType.Market,_default,,PositionEffect.Open,,1320100.0,False,"Risk: Insufficient margin at execution. Required: 8849153.98367000000000000000, Available: 6623696.62076000193901452584",OrderSide.Buy,OrderStatus.Rejected,601989.SH,,TimeInForce.GTC,,,,1472400000000000000,2016-08-28T16:00:00Z
,0.0,1472140800000000000,2016-08-25T16:00:00Z,0.0,,023f9a96-4ad2-4c57-bcf1-f7ac7d01a684,OrderRole.Standalone,OrderType.Market,_default,,PositionEffect.Open,,1378100.0,False,"Risk: Insufficient margin at execution. Required: 8753926.61393250000000000000, Available: 6623696.62076000193901452584",OrderSide.Buy,OrderStatus.Rejected,601998.SH,,TimeInForce.GTC,,,,1472400000000000000,2016-08-28T16:00:00Z
,0.0,1474905600000000000,2016-09-26T16:00:00Z,0.0,,b4b278c1-5cd4-4be6-bb55-3e5e88814958,OrderRole.Standalone,OrderType.Market,_default,,PositionEffect.Close,,1060800.0,False,"Risk: Insufficient available position for 000001.SZ at execution. Available: 1060799.9999999999607425138488, Required: 1060800",OrderSide.Sell,OrderStatus.Rejected,000001.SZ,,TimeInForce.GTC,,,,1474992000000000000,2016-09-27T16:00:00Z
4.6953,24189.011775,1474905600000000000,2016-09-26T16:00:00Z,2060700.0,,09dc3b56-bae2-4ffc-ba00-d69d59776f13,OrderRole.Standalone,OrderType.Market,_default,,PositionEffect.Close,,2060700.0,False,,OrderSide.Sell,OrderStatus.Filled,000157.SZ,,TimeInForce.GTC,,,,1474992000000000000,2016-09-27T16:00:00Z
16.67331,12884.3003025,1474905600000000000,2016-09-26T16:00:00Z,309100.0,,77f2e571-48a7-48ce-a1fd-3db9305ffe9d,OrderRole.Standalone,OrderType.Market,_default,,PositionEffect.Close,,309100.0,False,,OrderSide.Sell,OrderStatus.Filled,000617.SZ,,TimeInForce.GTC,,,,1474992000000000000,2016-09-27T16:00:00Z
9.21078,20754.190035,1474905600000000000,2016-09-26T16:00:00Z,901300.0,,90f00a77-0745-4fae-89d4-c3e8e6a2146a,OrderRole.Standalone,OrderType.Market,_default,,PositionEffect.Close,,901300.0,False,,OrderSide.Sell,OrderStatus.Filled,000983.SZ,,TimeInForce.GTC,,,,1474992000000000000,2016-09-27T16:00:00Z
29.10087,21563.74467,1474905600000000000,2016-09-26T16:00:00Z,296400.0,,d0a65efb-708f-4f24-89cb-25c897e37ec7,OrderRole.Standalone,OrderType.Market,_default,,PositionEffect.Close,,296400.0,False,,OrderSide.Sell,OrderStatus.Filled,002241.SZ,,TimeInForce.GTC,,,,1474992000000000000,2016-09-27T16:00:00Z
27.23274,20996.44254,1474905600000000000,2016-09-26T16:00:00Z,308400.0,,78fab267-b15d-4a9e-b9a1-80a80e644dc0,OrderRole.Standalone,OrderType.Market,_default,,PositionEffect.Close,,308400.0,False,,OrderSide.Sell,OrderStatus.Filled,600009.SH,,TimeInForce.GTC,,,,1474992000000000000,2016-09-27T16:00:00Z
4.7952,21260.718,1474905600000000000,2016-09-26T16:00:00Z,1773500.0,,01f10aac-a0ad-4687-a521-b374c3633503,OrderRole.Standalone,OrderType.Market,_default,,PositionEffect.Close,,1773500.0,False,,OrderSide.Sell,OrderStatus.Filled,600028.SH,,TimeInForce.GTC,,,,1474992000000000000,2016-09-27T16:00:00Z
4.12587,20863.4931225,1474905600000000000,2016-09-26T16:00:00Z,2022700.0,,23c0a6ab-8cb8-4ddb-9261-86e1556907dc,OrderRole.Standalone,OrderType.Market,_default,,PositionEffect.Close,,2022700.0,False,,OrderSide.Sell,OrderStatus.Filled,600050.SH,,TimeInForce.GTC,,,,1474992000000000000,2016-09-27T16:00:00Z
5.63436,22279.66803,1474905600000000000,2016-09-26T16:00:00Z,1581700.0,,9c4cec85-3873-4def-bd43-dc33d2907daf,OrderRole.Standalone,OrderType.Market,_default,,PositionEffect.Close,,1581700.0,False,,OrderSide.Sell,OrderStatus.Filled,601898.SH,,TimeInForce.GTC,,,,1474992000000000000,2016-09-27T16:00:00Z
3.37662,21479.523975,1474905600000000000,2016-09-26T16:00:00Z,2544500.0,,5e8e4a96-a691-4571-a822-3a683c8570a5,OrderRole.Standalone,OrderType.Market,_default,,PositionEffect.Close,,2544500.0,False,,OrderSide.Sell,OrderStatus.Filled,601988.SH,,TimeInForce.GTC,,,,1474992000000000000,2016-09-27T16:00:00Z
9.05905,22611.3888,1474905600000000000,2016-09-26T16:00:00Z,998400.0,,af6a621b-2d4a-4a31-8165-00a8c879c63d,OrderRole.Standalone,OrderType.Market,_default,,PositionEffect.Open,,998400.0,False,,OrderSide.Buy,OrderStatus.Filled,000338.SZ,,TimeInForce.GTC,,,,1474992000000000000,2016-09-27T16:00:00Z
15.97596,23392.79943,1474905600000000000,2016-09-26T16:00:00Z,585700.0,,744a0027-269f-46fd-a662-cfb4c1dae940,OrderRole.Standalone,OrderType.Market,_default,,PositionEffect.Open,,585700.0,False,,OrderSide.Buy,OrderStatus.Filled,000408.SZ,,TimeInForce.GTC,,,,1474992000000000000,2016-09-27T16:00:00Z
2.59259,22586.64408,1474905600000000000,2016-09-26T16:00:00Z,3484800.0,,98c8305b-8e6a-4883-8414-a2274752fa68,OrderRole.Standalone,OrderType.Market,_default,,PositionEffect.Open,,3484800.0,False,,OrderSide.Buy,OrderStatus.Filled,000630.SZ,,TimeInForce.GTC,,,,1474992000000000000,2016-09-27T16:00:00Z
22.05203,22586.7917275,1474905600000000000,2016-09-26T16:00:00Z,409700.0,,1b8982bb-904d-42a7-b568-dcde6c68ceda,OrderRole.Standalone,OrderType.Market,_default,,PositionEffect.Open,,409700.0,False,,OrderSide.Buy,OrderStatus.Filled,000651.SZ,,TimeInForce.GTC,,,,1474992000000000000,2016-09-27T16:00:00Z
21.71169,12581.924355,1474905600000000000,2016-09-26T16:00:00Z,231800.0,,98529c96-479f-4d9f-a252-1dc7ce90a1d6,OrderRole.Standalone,OrderType.Market,_default,,PositionEffect.Open,,231800.0,False,,OrderSide.Buy,OrderStatus.Filled,002252.SZ,,TimeInForce.GTC,,,,1474992000000000000,2016-09-27T16:00:00Z
17.07706,22729.56686,1474905600000000000,2016-09-26T16:00:00Z,532400.0,,f5d096ec-8582-4a4a-98b1-0b6517b65a1f,OrderRole.Standalone,OrderType.Market,_default,,PositionEffect.Open,,532400.0,False,,OrderSide.Buy,OrderStatus.Filled,002459.SZ,,TimeInForce.GTC,,,,1474992000000000000,2016-09-27T16:00:00Z
14.18417,22520.9159175,1474905600000000000,2016-09-26T16:00:00Z,635100.0,,f5281a60-ad6c-488b-a412-0654531dba4d,OrderRole.Standalone,OrderType.Market,_default,,PositionEffect.Open,,635100.0,False,,OrderSide.Buy,OrderStatus.Filled,002532.SZ,,TimeInForce.GTC,,,,1474992000000000000,2016-09-27T16:00:00Z
70.07,24051.5275,1474905600000000000,2016-09-26T16:00:00Z,137300.0,,ce02b40d-2d1b-46c9-b562-4f3b84639d28,OrderRole.Standalone,OrderType.Market,_default,,PositionEffect.Open,,137300.0,False,,OrderSide.Buy,OrderStatus.Filled,002812.SZ,,TimeInForce.GTC,,,,1474992000000000000,2016-09-27T16:00:00Z
292.08179,22563.3182775,1474905600000000000,2016-09-26T16:00:00Z,30900.0,,d99cc4b1-5d16-4a52-b8d0-61069a8e4cba,OrderRole.Standalone,OrderType.Market,_default,,PositionEffect.Open,,30900.0,False,,OrderSide.Buy,OrderStatus.Filled,600519.SH,,TimeInForce.GTC,,,,1474992000000000000,2016-09-27T16:00:00Z
,0.0,1477929600000000000,2016-10-31T16:00:00Z,0.0,,7d0dce99-11d7-4df1-b7fe-780180429715,OrderRole.Standalone,OrderType.Market,_default,,PositionEffect.Close,,1060800.0,False,"Risk: Insufficient available position for 000001.SZ at execution. Available: 1060799.9999999999607425138488, Required: 1060800",OrderSide.Sell,OrderStatus.Rejected,000001.SZ,,TimeInForce.GTC,,,,1478016000000000000,2016-11-01T16:00:00Z
9.66033,24112.18368,1477929600000000000,2016-10-31T16:00:00Z,998400.0,,e3f47124-f2b5-4338-9707-36ca22bb7ace,OrderRole.Standalone,OrderType.Market,_default,,PositionEffect.Close,,998400.0,False,,OrderSide.Sell,OrderStatus.Filled,000338.SZ,,TimeInForce.GTC,,,,1478016000000000000,2016-11-01T16:00:00Z
16.56342,24252.987735,1477929600000000000,2016-10-31T16:00:00Z,585700.0,,9b4f6dc3-accf-4338-a4e4-8c772405f6db,OrderRole.Standalone,OrderType.Market,_default,,PositionEffect.Close,,585700.0,False,,OrderSide.Sell,OrderStatus.Filled,000408.SZ,,TimeInForce.GTC,,,,1478016000000000000,2016-11-01T16:00:00Z
17.44254,22404.94263,1477929600000000000,2016-10-31T16:00:00Z,513800.0,,f8f9ec3e-0288-4d2f-ba6e-62422fa51596,OrderRole.Standalone,OrderType.Market,_default,,PositionEffect.Close,,513800.0,False,,OrderSide.Sell,OrderStatus.Filled,000617.SZ,,TimeInForce.GTC,,,,1478016000000000000,2016-11-01T16:00:00Z
2.72727,23759.97624,1477929600000000000,2016-10-31T16:00:00Z,3484800.0,,e8bb675f-cc5e-4f91-9e58-27810395d36c,OrderRole.Standalone,OrderType.Market,_default,,PositionEffect.Close,,3484800.0,False,,OrderSide.Sell,OrderStatus.Filled,000630.SZ,,TimeInForce.GTC,,,,1478016000000000000,2016-11-01T16:00:00Z
21.52845,12475.736775,1477929600000000000,2016-10-31T16:00:00Z,231800.0,,64d9b33d-8bd2-4662-bd48-660e7df6b219,OrderRole.Standalone,OrderType.Market,_default,,PositionEffect.Close,,231800.0,False,,OrderSide.Sell,OrderStatus.Filled,002252.SZ,,TimeInForce.GTC,,,,1478016000000000000,2016-11-01T16:00:00Z
16.1838,21540.6378,1477929600000000000,2016-10-31T16:00:00Z,532400.0,,b6cfa1c0-ef71-458e-a093-06de92309526,OrderRole.Standalone,OrderType.Market,_default,,PositionEffect.Close,,532400.0,False,,OrderSide.Sell,OrderStatus.Filled,002459.SZ,,TimeInForce.GTC,,,,1478016000000000000,2016-11-01T16:00:00Z
14.96502,23760.710505,1477929600000000000,2016-10-31T16:00:00Z,635100.0,,90e3bdcc-249f-4417-b7c8-654c546f5a3e,OrderRole.Standalone,OrderType.Market,_default,,PositionEffect.Close,,635100.0,False,,OrderSide.Sell,OrderStatus.Filled,002532.SZ,,TimeInForce.GTC,,,,1478016000000000000,2016-11-01T16:00:00Z
77.90202,3700.34595,1477929600000000000,2016-10-31T16:00:00Z,19000.0,,4e634579-f8a9-46b8-9353-1a1fe4585f38,OrderRole.Standalone,OrderType.Market,_default,,PositionEffect.Close,,19000.0,False,,OrderSide.Sell,OrderStatus.Filled,002812.SZ,,TimeInForce.GTC,,,,1478016000000000000,2016-11-01T16:00:00Z
315.77391,24393.5345475,1477929600000000000,2016-10-31T16:00:00Z,30900.0,,f49810c1-1988-4c03-988d-3ea892ae68aa,OrderRole.Standalone,OrderType.Market,_default,,PositionEffect.Close,,30900.0,False,,OrderSide.Sell,OrderStatus.Filled,600519.SH,,TimeInForce.GTC,,,,1478016000000000000,2016-11-01T16:00:00Z
,0.0,1477929600000000000,2016-10-31T16:00:00Z,0.0,,07202f0f-d5c6-49c5-a284-5e54bbcd64eb,OrderRole.Standalone,OrderType.Market,_default,,PositionEffect.Close,,409700.0,False,"Symbol 000651.SZ not tradable (zero volume, suspension) at execution timestamp 1478016000000000000",OrderSide.Sell,OrderStatus.Rejected,000651.SZ,,TimeInForce.GTC,,,,1478016000000000000,2016-11-01T16:00:00Z
25.47545,22953.38045,1477929600000000000,2016-10-31T16:00:00Z,360400.0,,9d3dc2eb-60f8-4bcf-8d31-f65b99beff70,OrderRole.Standalone,OrderType.Market,_default,,PositionEffect.Open,,360400.0,False,,OrderSide.Buy,OrderStatus.Filled,000002.SZ,,TimeInForce.GTC,,,,1478016000000000000,2016-11-01T16:00:00Z
35.45542,23267.619375,1477929600000000000,2016-10-31T16:00:00Z,262500.0,,342e7d5a-011e-4485-8601-3555f67cb64e,OrderRole.Standalone,OrderType.Market,_default,,PositionEffect.Open,,262500.0,False,,OrderSide.Buy,OrderStatus.Filled,000568.SZ,,TimeInForce.GTC,,,,1478016000000000000,2016-11-01T16:00:00Z
118.14803,23097.939865,1477929600000000000,2016-10-31T16:00:00Z,78200.0,,5d62bbc2-fbf7-4b2e-84dc-3a3bd20c2fcc,OrderRole.Standalone,OrderType.Market,_default,,PositionEffect.Open,,78200.0,False,,OrderSide.Buy,OrderStatus.Filled,000661.SZ,,TimeInForce.GTC,,,,1478016000000000000,2016-11-01T16:00:00Z
74.3743,23204.7816,1477929600000000000,2016-10-31T16:00:00Z,124800.0,,bdc90d5a-e895-4429-80a2-a664f875c70c,OrderRole.Standalone,OrderType.Market,_default,,PositionEffect.Open,,124800.0,False,,OrderSide.Buy,OrderStatus.Filled,000963.SZ,,TimeInForce.GTC,,,,1478016000000000000,2016-11-01T16:00:00Z
60.22016,25578.51296,1477929600000000000,2016-10-31T16:00:00Z,169900.0,,ca7ebe70-5b4d-4271-89d9-ebb97a26a2e5,OrderRole.Standalone,OrderType.Market,_default,,PositionEffect.Open,,169900.0,False,,OrderSide.Buy,OrderStatus.Filled,002558.SZ,,TimeInForce.GTC,,,,1478016000000000000,2016-11-01T16:00:00Z
28.57855,22998.5881125,1477929600000000000,2016-10-31T16:00:00Z,321900.0,,e01c8316-49d0-418e-9afe-54cd5882b683,OrderRole.Standalone,OrderType.Market,_default,,PositionEffect.Open,,321900.0,False,,OrderSide.Buy,OrderStatus.Filled,002602.SZ,,TimeInForce.GTC,,,,1478016000000000000,2016-11-01T16:00:00Z
73.01294,23145.10198,1477929600000000000,2016-10-31T16:00:00Z,126800.0,,ff3442ae-569f-4312-acf7-0329ee526b61,OrderRole.Standalone,OrderType.Market,_default,,PositionEffect.Open,,126800.0,False,,OrderSide.Buy,OrderStatus.Filled,300033.SZ,,TimeInForce.GTC,,,,1478016000000000000,2016-11-01T16:00:00Z
,0.0,1477929600000000000,2016-10-31T16:00:00Z,0.0,,d909f18d-cac6-4bc0-8638-28268d10767d,OrderRole.Standalone,OrderType.Market,_default,,PositionEffect.Open,,321500.0,False,"Risk: Insufficient margin at execution. Required: 9352929.29821250000000000000, Available: 8859412.48015750171215528333",OrderSide.Buy,OrderStatus.Rejected,300308.SZ,,TimeInForce.GTC,,,,1478016000000000000,2016-11-01T16:00:00Z
,0.0,1477929600000000000,2016-10-31T16:00:00Z,0.0,,7acc1f23-83db-4398-abdc-256338489339,OrderRole.Standalone,OrderType.Market,_default,,PositionEffect.Open,,337000.0,False,"Risk: Insufficient margin at execution. Required: 9540067.46192500000000000000, Available: 8859412.48015750171215528333",OrderSide.Buy,OrderStatus.Rejected,600926.SH,,TimeInForce.GTC,,,,1478016000000000000,2016-11-01T16:00:00Z
78.34158,23169.522285,1478016000000000000,2016-11-01T16:00:00Z,118300.0,,0903b538-194a-495c-988b-7069f15b0e9d,OrderRole.Standalone,OrderType.Market,_default,,PositionEffect.Close,,118300.0,False,,OrderSide.Sell,OrderStatus.Filled,002812.SZ,,TimeInForce.GTC,,,,1478102400000000000,2016-11-02T16:00:00Z
,0.0,1480348800000000000,2016-11-28T16:00:00Z,0.0,,c4debc84-f019-4382-8fa5-c5aa233ddff0,OrderRole.Standalone,OrderType.Market,_default,,PositionEffect.Close,,1060800.0,False,"Risk: Insufficient available position for 000001.SZ at execution. Available: 1060799.9999999999607425138488, Required: 1060800",OrderSide.Sell,OrderStatus.Rejected,000001.SZ,,TimeInForce.GTC,,,,1480435200000000000,2016-11-29T16:00:00Z
34.77519,22821.2184375,1480348800000000000,2016-11-28T16:00:00Z,262500.0,,478e3ff0-8e13-432f-a43a-296a1409fa76,OrderRole.Standalone,OrderType.Market,_default,,PositionEffect.Close,,262500.0,False,,OrderSide.Sell,OrderStatus.Filled,000568.SZ,,TimeInForce.GTC,,,,1480435200000000000,2016-11-29T16:00:00Z
114.06582,22299.86781,1480348800000000000,2016-11-28T16:00:00Z,78200.0,,ee361bb5-7c13-4943-93c6-72d968198c70,OrderRole.Standalone,OrderType.Market,_default,,PositionEffect.Close,,78200.0,False,,OrderSide.Sell,OrderStatus.Filled,000661.SZ,,TimeInForce.GTC,,,,1480435200000000000,2016-11-29T16:00:00Z
73.58634,22958.93808,1480348800000000000,2016-11-28T16:00:00Z,124800.0,,f49e3a28-ecbb-4ad7-8764-36ca8f908c4c,OrderRole.Standalone,OrderType.Market,_default,,PositionEffect.Close,,124800.0,False,,OrderSide.Sell,OrderStatus.Filled,000963.SZ,,TimeInForce.GTC,,,,1480435200000000000,2016-11-29T16:00:00Z
57.53241,345.19446,1480348800000000000,2016-11-28T16:00:00Z,2400.0,,db9f2a95-4f7a-4ff4-92b2-20f5f8937249,OrderRole.Standalone,OrderType.Market,_default,,PositionEffect.Close,,2400.0,False,,OrderSide.Sell,OrderStatus.Filled,002558.SZ,,TimeInForce.GTC,,,,1480435200000000000,2016-11-29T16:00:00Z
35.89407,28885.7528325,1480348800000000000,2016-11-28T16:00:00Z,321900.0,,235770bf-f12a-45b9-ac60-eda84627b68f,OrderRole.Standalone,OrderType.Market,_default,,PositionEffect.Close,,321900.0,False,,OrderSide.Sell,OrderStatus.Filled,002602.SZ,,TimeInForce.GTC,,,,1480435200000000000,2016-11-29T16:00:00Z
73.3266,23244.5322,1480348800000000000,2016-11-28T16:00:00Z,126800.0,,72d47671-47d9-44a2-8faa-0d070189cae3,OrderRole.Standalone,OrderType.Market,_default,,PositionEffect.Close,,126800.0,False,,OrderSide.Sell,OrderStatus.Filled,300033.SZ,,TimeInForce.GTC,,,,1480435200000000000,2016-11-29T16:00:00Z
,0.0,1480348800000000000,2016-11-28T16:00:00Z,0.0,,2f6cccd6-8a8d-45ba-ba60-2c0a39d823b9,OrderRole.Standalone,OrderType.Market,_default,,PositionEffect.Close,,409700.0,False,"Symbol 000651.SZ not tradable (zero volume, suspension) at execution timestamp 1480435200000000000",OrderSide.Sell,OrderStatus.Rejected,000651.SZ,,TimeInForce.GTC,,,,1480435200000000000,2016-11-29T16:00:00Z
23.6236,24273.249,1480348800000000000,2016-11-28T16:00:00Z,411000.0,,a69a2107-757d-4d5d-9811-5fd25f575c74,OrderRole.Standalone,OrderType.Market,_default,,PositionEffect.Open,,411000.0,False,,OrderSide.Buy,OrderStatus.Filled,300308.SZ,,TimeInForce.GTC,,,,1480435200000000000,2016-11-29T16:00:00Z
20.02,24064.04,1480348800000000000,2016-11-28T16:00:00Z,480800.0,,e9b4d433-813d-4bce-a9ec-82a21748e3fe,OrderRole.Standalone,OrderType.Market,_default,,PositionEffect.Open,,480800.0,False,,OrderSide.Buy,OrderStatus.Filled,600887.SH,,TimeInForce.GTC,,,,1480435200000000000,2016-11-29T16:00:00Z
5.53553,23797.24347,1480348800000000000,2016-11-28T16:00:00Z,1719600.0,,c94283e7-a298-40a7-aa09-f12e5ebeaaa0,OrderRole.Standalone,OrderType.Market,_default,,PositionEffect.Open,,1719600.0,False,,OrderSide.Buy,OrderStatus.Filled,601225.SH,,TimeInForce.GTC,,,,1480435200000000000,2016-11-29T16:00:00Z
3.23323,24185.3687075,1480348800000000000,2016-11-28T16:00:00Z,2992100.0,,e5b4745c-162c-4150-a3af-e4e95532b071,OrderRole.Standalone,OrderType.Market,_default,,PositionEffect.Open,,2992100.0,False,,OrderSide.Buy,OrderStatus.Filled,601288.SH,,TimeInForce.GTC,,,,1480435200000000000,2016-11-29T16:00:00Z
4.79479,23935.59168,1480348800000000000,2016-11-28T16:00:00Z,1996800.0,,c714505c-ae08-4d8f-947f-6c3d241e1a73,OrderRole.Standalone,OrderType.Market,_default,,PositionEffect.Open,,1996800.0,False,,OrderSide.Buy,OrderStatus.Filled,601600.SH,,TimeInForce.GTC,,,,1480435200000000000,2016-11-29T16:00:00Z
5.5055,23753.47975,1480348800000000000,2016-11-28T16:00:00Z,1725800.0,,01ce5480-b421-49ce-a733-49ca3ad9cef5,OrderRole.Standalone,OrderType.Market,_default,,PositionEffect.Open,,1725800.0,False,,OrderSide.Buy,OrderStatus.Filled,601618.SH,,TimeInForce.GTC,,,,1480435200000000000,2016-11-29T16:00:00Z
,0.0,1480348800000000000,2016-11-28T16:00:00Z,0.0,,bd7c03a3-904d-40aa-897e-8f916a589efe,OrderRole.Standalone,OrderType.Market,_default,,PositionEffect.Open,,2323200.0,False,"Risk: Insufficient margin at execution. Required: 9675048.58320000000000000000, Available: 8211087.74007000171215528333",OrderSide.Buy,OrderStatus.Rejected,601818.SH,,TimeInForce.GTC,,,,1480435200000000000,2016-11-29T16:00:00Z
,0.0,1480348800000000000,2016-11-28T16:00:00Z,0.0,,ba632619-b61f-4a96-b10e-fa28fd6f202d,OrderRole.Standalone,OrderType.Market,_default,,PositionEffect.Open,,2640600.0,False,"Risk: Insufficient margin at execution. Required: 9618950.78644500000000000001, Available: 8211087.74007000171215528333",OrderSide.Buy,OrderStatus.Rejected,601899.SH,,TimeInForce.GTC,,,,1480435200000000000,2016-11-29T16:00:00Z
27.37735,615.990375,1480348800000000000,2016-11-28T16:00:00Z,9000.0,,241bd752-951c-4f64-a89a-d1f7e23767e3,OrderRole.Standalone,OrderType.Market,_default,,PositionEffect.Open,,9000.0,False,,OrderSide.Buy,OrderStatus.Filled,000002.SZ,,TimeInForce.GTC,,,,1480435200000000000,2016-11-29T16:00:00Z
26.53344,24503.63184,1480435200000000000,2016-11-29T16:00:00Z,369400.0,,0f338eb2-4159-434a-8eb7-dbfc2b553226,OrderRole.Standalone,OrderType.Market,_default,,PositionEffect.Close,,369400.0,False,,OrderSide.Sell,OrderStatus.Filled,000002.SZ,,TimeInForce.GTC,,,,1480521600000000000,2016-11-30T16:00:00Z
57.4425,24054.046875,1480435200000000000,2016-11-29T16:00:00Z,167500.0,,836cfee0-5206-4a0a-82e6-7fe3d95f5776,OrderRole.Standalone,OrderType.Market,_default,,PositionEffect.Close,,167500.0,False,,OrderSide.Sell,OrderStatus.Filled,002558.SZ,,TimeInForce.GTC,,,,1480521600000000000,2016-11-30T16:00:00Z
22.52745,23146.954875,1480435200000000000,2016-11-29T16:00:00Z,411000.0,,a43ad5e4-f01b-4533-80c1-c4685ca2730c,OrderRole.Standalone,OrderType.Market,_default,,PositionEffect.Close,,411000.0,False,,OrderSide.Sell,OrderStatus.Filled,300308.SZ,,TimeInForce.GTC,,,,1480521600000000000,2016-11-30T16:00:00Z
,0.0,1482768000000000000,2016-12-26T16:00:00Z,0.0,,19aafb13-cd8b-47ea-b75b-dadd83b6a698,OrderRole.Standalone,OrderType.Market,_default,,PositionEffect.Close,,1060800.0,False,"Risk: Insufficient available position for 000001.SZ at execution. Available: 1060799.9999999999607425138488, Required: 1060800",OrderSide.Sell,OrderStatus.Rejected,000001.SZ,,TimeInForce.GTC,,,,1482854400000000000,2016-12-27T16:00:00Z
25.06491,25672.7340675,1482768000000000000,2016-12-26T16:00:00Z,409700.0,,d2c60a8f-d200-4e3c-bfff-a1cc0176e93d,OrderRole.Standalone,OrderType.Market,_default,,PositionEffect.Close,,409700.0,False,,OrderSide.Sell,OrderStatus.Filled,000651.SZ,,TimeInForce.GTC,,,,1482854400000000000,2016-12-27T16:00:00Z
17.46252,20989.94904,1482768000000000000,2016-12-26T16:00:00Z,480800.0,,df23de36-6e5a-4409-8b56-a657b945ac2d,OrderRole.Standalone,OrderType.Market,_default,,PositionEffect.Close,,480800.0,False,,OrderSide.Sell,OrderStatus.Filled,600887.SH,,TimeInForce.GTC,,,,1482854400000000000,2016-12-27T16:00:00Z
4.7952,20614.5648,1482768000000000000,2016-12-26T16:00:00Z,1719600.0,,f0b73fb5-46dd-47fa-be83-4f25be49ae43,OrderRole.Standalone,OrderType.Market,_default,,PositionEffect.Close,,1719600.0,False,,OrderSide.Sell,OrderStatus.Filled,601225.SH,,TimeInForce.GTC,,,,1482854400000000000,2016-12-27T16:00:00Z
3.10689,862.161975,1482768000000000000,2016-12-26T16:00:00Z,111000.0,,5051aa57-0a1e-435e-85f9-aa40791061f9,OrderRole.Standalone,OrderType.Market,_default,,PositionEffect.Close,,111000.0,False,,OrderSide.Sell,OrderStatus.Filled,601288.SH,,TimeInForce.GTC,,,,1482854400000000000,2016-12-27T16:00:00Z
4.32567,21593.74464,1482768000000000000,2016-12-26T16:00:00Z,1996800.0,,832806d8-e295-4c3b-a388-e7e3928218d9,OrderRole.Standalone,OrderType.Market,_default,,PositionEffect.Close,,1996800.0,False,,OrderSide.Sell,OrderStatus.Filled,601600.SH,,TimeInForce.GTC,,,,1482854400000000000,2016-12-27T16:00:00Z
4.74525,20473.381125,1482768000000000000,2016-12-26T16:00:00Z,1725800.0,,60f2459a-1ef9-463d-87bb-43e62309f579,OrderRole.Standalone,OrderType.Market,_default,,PositionEffect.Close,,1725800.0,False,,OrderSide.Sell,OrderStatus.Filled,601618.SH,,TimeInForce.GTC,,,,1482854400000000000,2016-12-27T16:00:00Z
9.26926,22468.68624,1482768000000000000,2016-12-26T16:00:00Z,969600.0,,34455353-ecec-4bf7-97c6-cef3e1f674b5,OrderRole.Standalone,OrderType.Market,_default,,PositionEffect.Open,,969600.0,False,,OrderSide.Buy,OrderStatus.Filled,601668.SH,,TimeInForce.GTC,,,,1482854400000000000,2016-12-27T16:00:00Z
3.88388,22421.63924,1482768000000000000,2016-12-26T16:00:00Z,2309200.0,,50b7a5af-c9b4-4bad-8b6b-76f8d3b5e201,OrderRole.Standalone,OrderType.Market,_default,,PositionEffect.Open,,2309200.0,False,,OrderSide.Buy,OrderStatus.Filled,601818.SH,,TimeInForce.GTC,,,,1482854400000000000,2016-12-27T16:00:00Z
3.41341,22421.8369375,1482768000000000000,2016-12-26T16:00:00Z,2627500.0,,89a410d4-c3a3-4aae-9ee7-ce60a3102d1a,OrderRole.Standalone,OrderType.Market,_default,,PositionEffect.Open,,2627500.0,False,,OrderSide.Buy,OrderStatus.Filled,601988.SH,,TimeInForce.GTC,,,,1482854400000000000,2016-12-27T16:00:00Z
3.34334,22288.37611,1482768000000000000,2016-12-26T16:00:00Z,2666600.0,,c0ac34fb-4797-45c5-8964-0328705dc52c,OrderRole.Standalone,OrderType.Market,_default,,PositionEffect.Open,,2666600.0,False,,OrderSide.Buy,OrderStatus.Filled,000100.SZ,,TimeInForce.GTC,,,,1482854400000000000,2016-12-27T16:00:00Z
2.82282,22422.364965,1482768000000000000,2016-12-26T16:00:00Z,3177300.0,,abe38bb8-4f93-4b90-a75f-325773a9e89c,OrderRole.Standalone,OrderType.Market,_default,,PositionEffect.Open,,3177300.0,False,,OrderSide.Buy,OrderStatus.Filled,000725.SZ,,TimeInForce.GTC,,,,1482854400000000000,2016-12-27T16:00:00Z
16.15614,22420.683285,1482768000000000000,2016-12-26T16:00:00Z,555100.0,,5785f336-1a7b-47ab-97a5-ab2066dedd44,OrderRole.Standalone,OrderType.Market,_default,,PositionEffect.Open,,555100.0,False,,OrderSide.Buy,OrderStatus.Filled,600000.SH,,TimeInForce.GTC,,,,1482854400000000000,2016-12-27T16:00:00Z
5.57557,22462.5776375,1482768000000000000,2016-12-26T16:00:00Z,1611500.0,,2822cff8-06c2-4df2-a78e-c556ef9c1937,OrderRole.Standalone,OrderType.Market,_default,,PositionEffect.Open,,1611500.0,False,,OrderSide.Buy,OrderStatus.Filled,600028.SH,,TimeInForce.GTC,,,,1482854400000000000,2016-12-27T16:00:00Z
5.78578,22460.39796,1482768000000000000,2016-12-26T16:00:00Z,1552800.0,,9b7b9805-d9cf-4a7e-9cc2-91ce09126d01,OrderRole.Standalone,OrderType.Market,_default,,PositionEffect.Open,,1552800.0,False,,OrderSide.Buy,OrderStatus.Filled,601328.SH,,TimeInForce.GTC,,,,1482854400000000000,2016-12-27T16:00:00Z
,0.0,1482768000000000000,2016-12-26T16:00:00Z,0.0,,eb858573-a6cd-4fdb-8055-fcdd0604206b,OrderRole.Standalone,OrderType.Market,_default,,PositionEffect.Open,,2041000.0,False,"Risk: Insufficient margin at execution. Required: 8991372.36497500000000000000, Available: 8867652.75345750171215528333",OrderSide.Buy,OrderStatus.Rejected,601398.SH,,TimeInForce.GTC,,,,1482854400000000000,2016-12-27T16:00:00Z
3.08691,22234.2410025,1482854400000000000,2016-12-27T16:00:00Z,2881100.0,,669997cd-7ccf-4068-bb39-9c0de94e0b9b,OrderRole.Standalone,OrderType.Market,_default,,PositionEffect.Close,,2881100.0,False,,OrderSide.Sell,OrderStatus.Filled,601288.SH,,TimeInForce.GTC,,,,1482940800000000000,2016-12-28T16:00:00Z
3.86613,22319.16849,1482854400000000000,2016-12-27T16:00:00Z,2309200.0,,6658af0b-7e2a-4e5e-83e7-335c79950333,OrderRole.Standalone,OrderType.Market,_default,,PositionEffect.Close,,2309200.0,False,,OrderSide.Sell,OrderStatus.Filled,601818.SH,,TimeInForce.GTC,,,,1482940800000000000,2016-12-28T16:00:00Z
,0.0,1485273600000000000,2017-01-24T16:00:00Z,0.0,,e5cf6d09-64c6-42ab-bf6b-72c41b505e2f,OrderRole.Standalone,OrderType.Market,_default,,PositionEffect.Close,,1060800.0,False,"Risk: Insufficient available position for 000001.SZ at execution. Available: 1060799.9999999999607425138488, Required: 1060800",OrderSide.Sell,OrderStatus.Rejected,000001.SZ,,TimeInForce.GTC,,,,1485360000000000000,2017-01-25T16:00:00Z
3.50649,23376.015585,1485273600000000000,2017-01-24T16:00:00Z,2666600.0,,550e4fb2-467b-4155-b34a-a847e29fdea6,OrderRole.Standalone,OrderType.Market,_default,,PositionEffect.Close,,2666600.0,False,,OrderSide.Sell,OrderStatus.Filled,000100.SZ,,TimeInForce.GTC,,,,1485360000000000000,2017-01-25T16:00:00Z
3.40659,27059.3960175,1485273600000000000,2017-01-24T16:00:00Z,3177300.0,,a865da8e-33f0-494d-85fe-05ccdbabb9c0,OrderRole.Standalone,OrderType.Market,_default,,PositionEffect.Close,,3177300.0,False,,OrderSide.Sell,OrderStatus.Filled,000725.SZ,,TimeInForce.GTC,,,,1485360000000000000,2017-01-25T16:00:00Z
16.67331,23138.3859525,1485273600000000000,2017-01-24T16:00:00Z,555100.0,,13c028f9-7285-4dc4-9051-7cdc4d5b444c,OrderRole.Standalone,OrderType.Market,_default,,PositionEffect.Close,,555100.0,False,,OrderSide.Sell,OrderStatus.Filled,600000.SH,,TimeInForce.GTC,,,,1485360000000000000,2017-01-25T16:00:00Z
6.04395,1214.83395,1485273600000000000,2017-01-24T16:00:00Z,80400.0,,42a1c165-4d69-4708-92c6-29b529a18992,OrderRole.Standalone,OrderType.Market,_default,,PositionEffect.Close,,80400.0,False,,OrderSide.Sell,OrderStatus.Filled,600028.SH,,TimeInForce.GTC,,,,1485360000000000000,2017-01-25T16:00:00Z
5.98401,23229.92682,1485273600000000000,2017-01-24T16:00:00Z,1552800.0,,8b78f4dd-cac5-4698-926f-be4f705c0b2c,OrderRole.Standalone,OrderType.Market,_default,,PositionEffect.Close,,1552800.0,False,,OrderSide.Sell,OrderStatus.Filled,601328.SH,,TimeInForce.GTC,,,,1485360000000000000,2017-01-25T16:00:00Z
8.991,21794.184,1485273600000000000,2017-01-24T16:00:00Z,969600.0,,fc65fa3f-9a24-494c-96b3-2d1f92f68759,OrderRole.Standalone,OrderType.Market,_default,,PositionEffect.Close,,969600.0,False,,OrderSide.Sell,OrderStatus.Filled,601668.SH,,TimeInForce.GTC,,,,1485360000000000000,2017-01-25T16:00:00Z
3.53646,23230.121625,1485273600000000000,2017-01-24T16:00:00Z,2627500.0,,b7121b35-ff3b-4297-9884-ed97eb6439d7,OrderRole.Standalone,OrderType.Market,_default,,PositionEffect.Close,,2627500.0,False,,OrderSide.Sell,OrderStatus.Filled,601988.SH,,TimeInForce.GTC,,,,1485360000000000000,2017-01-25T16:00:00Z
11.16115,23178.9182625,1485273600000000000,2017-01-24T16:00:00Z,830700.0,,095819f9-8780-44de-a761-f56dd82e7b13,OrderRole.Standalone,OrderType.Market,_default,,PositionEffect.Open,,830700.0,False,,OrderSide.Buy,OrderStatus.Filled,000338.SZ,,TimeInForce.GTC,,,,1485360000000000000,2017-01-25T16:00:00Z
19.5195,23418.520125,1485273600000000000,2017-01-24T16:00:00Z,479900.0,,68ce550c-bd18-4e77-829d-3e09f3242dab,OrderRole.Standalone,OrderType.Market,_default,,PositionEffect.Open,,479900.0,False,,OrderSide.Buy,OrderStatus.Filled,000617.SZ,,TimeInForce.GTC,,,,1485360000000000000,2017-01-25T16:00:00Z
18.018,23229.7065,1485273600000000000,2017-01-24T16:00:00Z,515700.0,,8c4c8d8a-43bb-44d4-b48c-d3360d149fe4,OrderRole.Standalone,OrderType.Market,_default,,PositionEffect.Open,,515700.0,False,,OrderSide.Buy,OrderStatus.Filled,000733.SZ,,TimeInForce.GTC,,,,1485360000000000000,2017-01-25T16:00:00Z
15.04503,23056.508475,1485273600000000000,2017-01-24T16:00:00Z,613000.0,,7e91d97e-b323-4ec3-9de6-067159a7c45a,OrderRole.Standalone,OrderType.Market,_default,,PositionEffect.Open,,613000.0,False,,OrderSide.Buy,OrderStatus.Filled,300122.SZ,,TimeInForce.GTC,,,,1485360000000000000,2017-01-25T16:00:00Z
27.44742,23117.589495,1485273600000000000,2017-01-24T16:00:00Z,336900.0,,671d155f-9000-46de-ad8c-074e8f8720e9,OrderRole.Standalone,OrderType.Market,_default,,PositionEffect.Open,,336900.0,False,,OrderSide.Buy,OrderStatus.Filled,600009.SH,,TimeInForce.GTC,,,,1485360000000000000,2017-01-25T16:00:00Z
9.23923,23204.326145,1485273600000000000,2017-01-24T16:00:00Z,1004600.0,,e493ca93-2419-4cfc-ac4f-71ecb7270764,OrderRole.Standalone,OrderType.Market,_default,,PositionEffect.Open,,1004600.0,False,,OrderSide.Buy,OrderStatus.Filled,600016.SH,,TimeInForce.GTC,,,,1485360000000000000,2017-01-25T16:00:00Z
6.5065,22863.841,1485273600000000000,2017-01-24T16:00:00Z,1405600.0,,93d03f91-ed8b-490d-95c8-ce5452d59c37,OrderRole.Standalone,OrderType.Market,_default,,PositionEffect.Open,,1405600.0,False,,OrderSide.Buy,OrderStatus.Filled,600050.SH,,TimeInForce.GTC,,,,1485360000000000000,2017-01-25T16:00:00Z
30.48045,23195.62245,1485273600000000000,2017-01-24T16:00:00Z,304400.0,,d891ef1d-9639-428c-a125-ef9ef2983a67,OrderRole.Standalone,OrderType.Market,_default,,PositionEffect.Open,,304400.0,False,,OrderSide.Buy,OrderStatus.Filled,600085.SH,,TimeInForce.GTC,,,,1485360000000000000,2017-01-25T16:00:00Z
5.45545,23095.647575,1485273600000000000,2017-01-24T16:00:00Z,1693400.0,,3223e878-8f44-41d9-8343-7660718302e3,OrderRole.Standalone,OrderType.Market,_default,,PositionEffect.Open,,1693400.0,False,,OrderSide.Buy,OrderStatus.Filled,601919.SH,,TimeInForce.GTC,,,,1485360000000000000,2017-01-25T16:00:00Z
6.02397,23058.2511675,1485360000000000000,2017-01-25T16:00:00Z,1531100.0,,803d1f92-2558-469d-b824-b5ac652d9d8f,OrderRole.Standalone,OrderType.Market,_default,,PositionEffect.Close,,1531100.0,False,,OrderSide.Sell,OrderStatus.Filled,600028.SH,,TimeInForce.GTC,,,,1486051200000000000,2017-02-02T16:00:00Z
,0.0,1488297600000000000,2017-02-28T16:00:00Z,0.0,,575c0d20-67ef-498d-b06a-668897020227,OrderRole.Standalone,OrderType.Market,_default,,PositionEffect.Close,,1060800.0,False,"Risk: Insufficient available position for 000001.SZ at execution. Available: 1060799.9999999999607425138488, Required: 1060800",OrderSide.Sell,OrderStatus.Rejected,000001.SZ,,TimeInForce.GTC,,,,1488384000000000000,2017-03-01T16:00:00Z
11.49849,23879.4891075,1488297600000000000,2017-02-28T16:00:00Z,830700.0,,74a437df-ce04-4cbc-8d79-0ac243ce099a,OrderRole.Standalone,OrderType.Market,_default,,PositionEffect.Close,,830700.0,False,,OrderSide.Sell,OrderStatus.Filled,000338.SZ,,TimeInForce.GTC,,,,1488384000000000000,2017-03-01T16:00:00Z
24.28569,29136.7565775,1488297600000000000,2017-02-28T16:00:00Z,479900.0,,c9ee28d7-127c-4976-b3f2-bceff3c1def2,OrderRole.Standalone,OrderType.Market,_default,,PositionEffect.Close,,479900.0,False,,OrderSide.Sell,OrderStatus.Filled,000617.SZ,,TimeInForce.GTC,,,,1488384000000000000,2017-03-01T16:00:00Z
18.15183,23402.2468275,1488297600000000000,2017-02-28T16:00:00Z,515700.0,,d2736d68-14ce-44b3-86b0-32aa5d6f98eb,OrderRole.Standalone,OrderType.Market,_default,,PositionEffect.Close,,515700.0,False,,OrderSide.Sell,OrderStatus.Filled,000733.SZ,,TimeInForce.GTC,,,,1488384000000000000,2017-03-01T16:00:00Z
17.1828,26332.641,1488297600000000000,2017-02-28T16:00:00Z,613000.0,,97aeb1e3-b0a3-4851-bec4-fc7d51e4f872,OrderRole.Standalone,OrderType.Market,_default,,PositionEffect.Close,,613000.0,False,,OrderSide.Sell,OrderStatus.Filled,300122.SZ,,TimeInForce.GTC,,,,1488384000000000000,2017-03-01T16:00:00Z
27.58239,23231.2679775,1488297600000000000,2017-02-28T16:00:00Z,336900.0,,0722d555-7fe3-4271-baad-9227298f576f,OrderRole.Standalone,OrderType.Market,_default,,PositionEffect.Close,,336900.0,False,,OrderSide.Sell,OrderStatus.Filled,600009.SH,,TimeInForce.GTC,,,,1488384000000000000,2017-03-01T16:00:00Z
9.03096,22681.25604,1488297600000000000,2017-02-28T16:00:00Z,1004600.0,,bcb8954c-533c-4b4f-83ab-a06323d2aa8b,OrderRole.Standalone,OrderType.Market,_default,,PositionEffect.Close,,1004600.0,False,,OrderSide.Sell,OrderStatus.Filled,600016.SH,,TimeInForce.GTC,,,,1488384000000000000,2017-03-01T16:00:00Z
7.18281,25240.39434,1488297600000000000,2017-02-28T16:00:00Z,1405600.0,,6f2b0f32-b4ee-4f26-83b5-69c522f22cc1,OrderRole.Standalone,OrderType.Market,_default,,PositionEffect.Close,,1405600.0,False,,OrderSide.Sell,OrderStatus.Filled,600050.SH,,TimeInForce.GTC,,,,1488384000000000000,2017-03-01T16:00:00Z
30.58938,23278.51818,1488297600000000000,2017-02-28T16:00:00Z,304400.0,,0f17dc0a-c8f1-4f3a-b4b6-945da8441bd6,OrderRole.Standalone,OrderType.Market,_default,,PositionEffect.Close,,304400.0,False,,OrderSide.Sell,OrderStatus.Filled,600085.SH,,TimeInForce.GTC,,,,1488384000000000000,2017-03-01T16:00:00Z
6.14385,26009.988975,1488297600000000000,2017-02-28T16:00:00Z,1693400.0,,eb3e9e43-716d-435e-b818-663fb636d085,OrderRole.Standalone,OrderType.Market,_default,,PositionEffect.Close,,1693400.0,False,,OrderSide.Sell,OrderStatus.Filled,601919.SH,,TimeInForce.GTC,,,,1488384000000000000,2017-03-01T16:00:00Z
76.4764,24281.257,1488297600000000000,2017-02-28T16:00:00Z,127000.0,,ebb1bbb7-60ac-43cf-9280-d7d40ea26853,OrderRole.Standalone,OrderType.Market,_default,,PositionEffect.Open,,127000.0,False,,OrderSide.Buy,OrderStatus.Filled,000538.SZ,,TimeInForce.GTC,,,,1488384000000000000,2017-03-01T16:00:00Z
38.038,24334.8105,1488297600000000000,2017-02-28T16:00:00Z,255900.0,,c2fe26e7-eaac-428a-8ab7-bc0b67da9018,OrderRole.Standalone,OrderType.Market,_default,,PositionEffect.Open,,255900.0,False,,OrderSide.Buy,OrderStatus.Filled,000568.SZ,,TimeInForce.GTC,,,,1488384000000000000,2017-03-01T16:00:00Z
27.5275,24313.664375,1488297600000000000,2017-02-28T16:00:00Z,353300.0,,5a9d3867-afe2-4ccb-b151-78d730164835,OrderRole.Standalone,OrderType.Market,_default,,PositionEffect.Open,,353300.0,False,,OrderSide.Buy,OrderStatus.Filled,000651.SZ,,TimeInForce.GTC,,,,1488384000000000000,2017-03-01T16:00:00Z
82.082,24275.7515,1488297600000000000,2017-02-28T16:00:00Z,118300.0,,4242aa7b-51d3-4d54-ad59-ff20be374a1c,OrderRole.Standalone,OrderType.Market,_default,,PositionEffect.Open,,118300.0,False,,OrderSide.Buy,OrderStatus.Filled,002558.SZ,,TimeInForce.GTC,,,,1488384000000000000,2017-03-01T16:00:00Z
26.27625,24298.9621875,1488297600000000000,2017-02-28T16:00:00Z,369900.0,,d30287e7-7ef7-4b78-b201-57ac314abff6,OrderRole.Standalone,OrderType.Market,_default,,PositionEffect.Open,,369900.0,False,,OrderSide.Buy,OrderStatus.Filled,600309.SH,,TimeInForce.GTC,,,,1488384000000000000,2017-03-01T16:00:00Z
357.06671,24280.53628,1488297600000000000,2017-02-28T16:00:00Z,27200.0,,1d1edbfd-04c5-4732-a425-63805f255aaa,OrderRole.Standalone,OrderType.Market,_default,,PositionEffect.Open,,27200.0,False,,OrderSide.Buy,OrderStatus.Filled,600519.SH,,TimeInForce.GTC,,,,1488384000000000000,2017-03-01T16:00:00Z
19.48947,24381.32697,1488297600000000000,2017-02-28T16:00:00Z,500400.0,,8e4fde47-7f2c-497d-a50e-da960a90bbc6,OrderRole.Standalone,OrderType.Market,_default,,PositionEffect.Open,,500400.0,False,,OrderSide.Buy,OrderStatus.Filled,600660.SH,,TimeInForce.GTC,,,,1488384000000000000,2017-03-01T16:00:00Z
30.99096,24413.12874,1488297600000000000,2017-02-28T16:00:00Z,315100.0,,649fdbf2-77d1-4a5d-8a23-da3261490640,OrderRole.Standalone,OrderType.Market,_default,,PositionEffect.Open,,315100.0,False,,OrderSide.Buy,OrderStatus.Filled,600760.SH,,TimeInForce.GTC,,,,1488384000000000000,2017-03-01T16:00:00Z
5.34534,24281.20695,1488297600000000000,2017-02-28T16:00:00Z,1817000.0,,2456d0cf-f24d-4194-a9f6-22df519a3e50,OrderRole.Standalone,OrderType.Market,_default,,PositionEffect.Open,,1817000.0,False,,OrderSide.Buy,OrderStatus.Filled,601018.SH,,TimeInForce.GTC,,,,1488384000000000000,2017-03-01T16:00:00Z
49.90986,24281.14689,1488297600000000000,2017-02-28T16:00:00Z,194600.0,,c1ccc353-b00a-410c-9872-ea1daf22f151,OrderRole.Standalone,OrderType.Market,_default,,PositionEffect.Open,,194600.0,False,,OrderSide.Buy,OrderStatus.Filled,600276.SH,,TimeInForce.GTC,,,,1488384000000000000,2017-03-01T16:00:00Z
,0.0,1490716800000000000,2017-03-28T16:00:00Z,0.0,,e36a7489-84d3-4227-9270-6bc71181aca6,OrderRole.Standalone,OrderType.Market,_default,,PositionEffect.Close,,1060800.0,False,"Risk: Insufficient available position for 000001.SZ at execution. Available: 1060799.9999999999607425138488, Required: 1060800",OrderSide.Sell,OrderStatus.Rejected,000001.SZ,,TimeInForce.GTC,,,,1490803200000000000,2017-03-29T16:00:00Z
85.49442,27144.47835,1490716800000000000,2017-03-28T16:00:00Z,127000.0,,ec307c5f-2ca5-4296-a412-dbdcb76da941,OrderRole.Standalone,OrderType.Market,_default,,PositionEffect.Close,,127000.0,False,,OrderSide.Sell,OrderStatus.Filled,000538.SZ,,TimeInForce.GTC,,,,1490803200000000000,2017-03-29T16:00:00Z
41.50845,26555.0308875,1490716800000000000,2017-03-28T16:00:00Z,255900.0,,a169e1ac-ebe2-43b5-8f28-da5aa58c9e62,OrderRole.Standalone,OrderType.Market,_default,,PositionEffect.Close,,255900.0,False,,OrderSide.Sell,OrderStatus.Filled,000568.SZ,,TimeInForce.GTC,,,,1490803200000000000,2017-03-29T16:00:00Z
31.04892,27423.95859,1490716800000000000,2017-03-28T16:00:00Z,353300.0,,52c04c5e-60f1-44a6-833e-0082bc15c35b,OrderRole.Standalone,OrderType.Market,_default,,PositionEffect.Close,,353300.0,False,,OrderSide.Sell,OrderStatus.Filled,000651.SZ,,TimeInForce.GTC,,,,1490803200000000000,2017-03-29T16:00:00Z
83.70621,24756.1116075,1490716800000000000,2017-03-28T16:00:00Z,118300.0,,a2c79011-af1d-4d2f-9f76-8580f6d74453,OrderRole.Standalone,OrderType.Market,_default,,PositionEffect.Close,,118300.0,False,,OrderSide.Sell,OrderStatus.Filled,002558.SZ,,TimeInForce.GTC,,,,1490803200000000000,2017-03-29T16:00:00Z
53.4465,26001.72225,1490716800000000000,2017-03-28T16:00:00Z,194600.0,,37da136c-f725-4b14-8e5c-8aa1f8b6eca6,OrderRole.Standalone,OrderType.Market,_default,,PositionEffect.Close,,194600.0,False,,OrderSide.Sell,OrderStatus.Filled,600276.SH,,TimeInForce.GTC,,,,1490803200000000000,2017-03-29T16:00:00Z
26.55342,24555.275145,1490716800000000000,2017-03-28T16:00:00Z,369900.0,,dc20bd55-4a54-4866-a1b8-fc1f61e1c51d,OrderRole.Standalone,OrderType.Market,_default,,PositionEffect.Close,,369900.0,False,,OrderSide.Sell,OrderStatus.Filled,600309.SH,,TimeInForce.GTC,,,,1490803200000000000,2017-03-29T16:00:00Z
382.617,26017.956,1490716800000000000,2017-03-28T16:00:00Z,27200.0,,13d04762-1df8-4c23-aac7-73e290816dc1,OrderRole.Standalone,OrderType.Market,_default,,PositionEffect.Close,,27200.0,False,,OrderSide.Sell,OrderStatus.Filled,600519.SH,,TimeInForce.GTC,,,,1490803200000000000,2017-03-29T16:00:00Z
22.76721,28481.77971,1490716800000000000,2017-03-28T16:00:00Z,500400.0,,4c37ac51-8043-4651-a4b7-c85b039d80ae,OrderRole.Standalone,OrderType.Market,_default,,PositionEffect.Close,,500400.0,False,,OrderSide.Sell,OrderStatus.Filled,600660.SH,,TimeInForce.GTC,,,,1490803200000000000,2017-03-29T16:00:00Z
36.02394,2233.48428,1490716800000000000,2017-03-28T16:00:00Z,24800.0,,24f9af91-148f-4cbe-a371-87aef9677457,OrderRole.Standalone,OrderType.Market,_default,,PositionEffect.Close,,24800.0,False,,OrderSide.Sell,OrderStatus.Filled,600760.SH,,TimeInForce.GTC,,,,1490803200000000000,2017-03-29T16:00:00Z
5.83416,26501.6718,1490716800000000000,2017-03-28T16:00:00Z,1817000.0,,ea584312-6509-4254-814d-c7fa93227bb3,OrderRole.Standalone,OrderType.Market,_default,,PositionEffect.Close,,1817000.0,False,,OrderSide.Sell,OrderStatus.Filled,601018.SH,,TimeInForce.GTC,,,,1490803200000000000,2017-03-29T16:00:00Z
49.73969,26312.29601,1490716800000000000,2017-03-28T16:00:00Z,211600.0,,d1f7e78e-6d7d-4fd3-afc9-b9223421d4df,OrderRole.Standalone,OrderType.Market,_default,,PositionEffect.Open,,211600.0,False,,OrderSide.Buy,OrderStatus.Filled,603799.SH,,TimeInForce.GTC,,,,1490803200000000000,2017-03-29T16:00:00Z
220.22,26976.95,1490716800000000000,2017-03-28T16:00:00Z,49000.0,,e71633e3-5dcb-44be-a8e9-1671d45701cf,OrderRole.Standalone,OrderType.Market,_default,,PositionEffect.Open,,49000.0,False,,OrderSide.Buy,OrderStatus.Filled,603986.SH,,TimeInForce.GTC,,,,1490803200000000000,2017-03-29T16:00:00Z
58.69864,26399.71334,1490716800000000000,2017-03-28T16:00:00Z,179900.0,,3d13d417-e9f4-4168-bb3d-cf1f6aff4435,OrderRole.Standalone,OrderType.Market,_default,,PositionEffect.Open,,179900.0,False,,OrderSide.Buy,OrderStatus.Filled,002352.SZ,,TimeInForce.GTC,,,,1490803200000000000,2017-03-29T16:00:00Z
39.47944,26411.74536,1490716800000000000,2017-03-28T16:00:00Z,267600.0,,b71f779c-a71a-4e24-93f6-0b1da13c5f8e,OrderRole.Standalone,OrderType.Market,_default,,PositionEffect.Open,,267600.0,False,,OrderSide.Buy,OrderStatus.Filled,002460.SZ,,TimeInForce.GTC,,,,1490803200000000000,2017-03-29T16:00:00Z
50.05,26238.7125,1490716800000000000,2017-03-28T16:00:00Z,209700.0,,7ae61a8d-cb16-443f-999c-666e59c83283,OrderRole.Standalone,OrderType.Market,_default,,PositionEffect.Open,,209700.0,False,,OrderSide.Buy,OrderStatus.Filled,002709.SZ,,TimeInForce.GTC,,,,1490803200000000000,2017-03-29T16:00:00Z
54.5545,26090.689625,1490716800000000000,2017-03-28T16:00:00Z,191300.0,,13e2d6c6-9231-4afa-915b-772c40d44a4a,OrderRole.Standalone,OrderType.Market,_default,,PositionEffect.Open,,191300.0,False,,OrderSide.Buy,OrderStatus.Filled,002837.SZ,,TimeInForce.GTC,,,,1490803200000000000,2017-03-29T16:00:00Z
100.45035,26091.9784125,1490716800000000000,2017-03-28T16:00:00Z,103900.0,,96f11981-478b-4d26-b9e2-ec1e52d2b736,OrderRole.Standalone,OrderType.Market,_default,,PositionEffect.Open,,103900.0,False,,OrderSide.Buy,OrderStatus.Filled,002841.SZ,,TimeInForce.GTC,,,,1490803200000000000,2017-03-29T16:00:00Z
38.5385,26389.237875,1490716800000000000,2017-03-28T16:00:00Z,273900.0,,690ea8b6-18fd-4b8e-a32b-49c34d77460b,OrderRole.Standalone,OrderType.Market,_default,,PositionEffect.Open,,273900.0,False,,OrderSide.Buy,OrderStatus.Filled,300308.SZ,,TimeInForce.GTC,,,,1490803200000000000,2017-03-29T16:00:00Z
42.16212,26151.05493,1490716800000000000,2017-03-28T16:00:00Z,248100.0,,3826b39a-2c7a-4ee4-8a44-2379de72e6d1,OrderRole.Standalone,OrderType.Market,_default,,PositionEffect.Open,,248100.0,False,,OrderSide.Buy,OrderStatus.Filled,300450.SZ,,TimeInForce.GTC,,,,1490803200000000000,2017-03-29T16:00:00Z
33.03693,23976.5519475,1490803200000000000,2017-03-29T16:00:00Z,290300.0,,7930a298-6ed7-47bf-a4ac-c1ba6dd61eaa,OrderRole.Standalone,OrderType.Market,_default,,PositionEffect.Close,,290300.0,False,,OrderSide.Sell,OrderStatus.Filled,600760.SH,,TimeInForce.GTC,,,,1490889600000000000,2017-03-30T16:00:00Z
,0.0,1493308800000000000,2017-04-27T16:00:00Z,0.0,,9f81369a-cb38-4ae4-ba39-b938ddaad4f4,OrderRole.Standalone,OrderType.Market,_default,,PositionEffect.Close,,1060800.0,False,"Risk: Insufficient available position for 000001.SZ at execution. Available: 1060799.9999999999607425138488, Required: 1060800",OrderSide.Sell,OrderStatus.Rejected,000001.SZ,,TimeInForce.GTC,,,,1493654400000000000,2017-05-01T16:00:00Z
49.74021,22370.6594475,1493308800000000000,2017-04-27T16:00:00Z,179900.0,,6b61bdfd-695b-45a8-89f4-f2c1cbbb9ecf,OrderRole.Standalone,OrderType.Market,_default,,PositionEffect.Close,,179900.0,False,,OrderSide.Sell,OrderStatus.Filled,002352.SZ,,TimeInForce.GTC,,,,1493654400000000000,2017-05-01T16:00:00Z
42.07788,28150.10172,1493308800000000000,2017-04-27T16:00:00Z,267600.0,,070fe1b3-9837-40db-9597-94272f1a8828,OrderRole.Standalone,OrderType.Market,_default,,PositionEffect.Close,,267600.0,False,,OrderSide.Sell,OrderStatus.Filled,002460.SZ,,TimeInForce.GTC,,,,1493654400000000000,2017-05-01T16:00:00Z
39.35061,20629.5572925,1493308800000000000,2017-04-27T16:00:00Z,209700.0,,8da13767-dde1-43b6-bf48-af61d1810e3f,OrderRole.Standalone,OrderType.Market,_default,,PositionEffect.Close,,209700.0,False,,OrderSide.Sell,OrderStatus.Filled,002709.SZ,,TimeInForce.GTC,,,,1493654400000000000,2017-05-01T16:00:00Z
54.2457,25943.006025,1493308800000000000,2017-04-27T16:00:00Z,191300.0,,e1af3244-d2af-4d1d-9a33-539c742b8da6,OrderRole.Standalone,OrderType.Market,_default,,PositionEffect.Close,,191300.0,False,,OrderSide.Sell,OrderStatus.Filled,002837.SZ,,TimeInForce.GTC,,,,1493654400000000000,2017-05-01T16:00:00Z
71.94798,18688.487805,1493308800000000000,2017-04-27T16:00:00Z,103900.0,,b8c077a9-5c3a-4bda-8f43-d577be39b989,OrderRole.Standalone,OrderType.Market,_default,,PositionEffect.Close,,103900.0,False,,OrderSide.Sell,OrderStatus.Filled,002841.SZ,,TimeInForce.GTC,,,,1493654400000000000,2017-05-01T16:00:00Z
32.967,22574.15325,1493308800000000000,2017-04-27T16:00:00Z,273900.0,,4e608217-5fa6-4fd1-b119-09e4a690a7c5,OrderRole.Standalone,OrderType.Market,_default,,PositionEffect.Close,,273900.0,False,,OrderSide.Sell,OrderStatus.Filled,300308.SZ,,TimeInForce.GTC,,,,1493654400000000000,2017-05-01T16:00:00Z
45.93402,28490.575905,1493308800000000000,2017-04-27T16:00:00Z,248100.0,,51a70033-f85b-4e0f-b432-a987688727f3,OrderRole.Standalone,OrderType.Market,_default,,PositionEffect.Close,,248100.0,False,,OrderSide.Sell,OrderStatus.Filled,300450.SZ,,TimeInForce.GTC,,,,1493654400000000000,2017-05-01T16:00:00Z
46.953,24838.137,1493308800000000000,2017-04-27T16:00:00Z,211600.0,,ab2042bd-186f-4b7e-bd6d-e9cc6510308b,OrderRole.Standalone,OrderType.Market,_default,,PositionEffect.Close,,211600.0,False,,OrderSide.Sell,OrderStatus.Filled,603799.SH,,TimeInForce.GTC,,,,1493654400000000000,2017-05-01T16:00:00Z
199.78002,24473.05245,1493308800000000000,2017-04-27T16:00:00Z,49000.0,,e45b2911-6689-4225-bf60-357d5c8cb392,OrderRole.Standalone,OrderType.Market,_default,,PositionEffect.Close,,49000.0,False,,OrderSide.Sell,OrderStatus.Filled,603986.SH,,TimeInForce.GTC,,,,1493654400000000000,2017-05-01T16:00:00Z
84.084,23732.709,1493308800000000000,2017-04-27T16:00:00Z,112900.0,,bbcfb59e-334d-4fd5-b3d5-a3f969ef9d3e,OrderRole.Standalone,OrderType.Market,_default,,PositionEffect.Open,,112900.0,False,,OrderSide.Buy,OrderStatus.Filled,000538.SZ,,TimeInForce.GTC,,,,1493654400000000000,2017-05-01T16:00:00Z
45.2452,23493.5701,1493308800000000000,2017-04-27T16:00:00Z,207700.0,,45804634-9a29-4df5-8c57-b875c2c30bc4,OrderRole.Standalone,OrderType.Market,_default,,PositionEffect.Open,,207700.0,False,,OrderSide.Buy,OrderStatus.Filled,000568.SZ,,TimeInForce.GTC,,,,1493654400000000000,2017-05-01T16:00:00Z
32.7327,23952.153225,1493308800000000000,2017-04-27T16:00:00Z,292700.0,,03d1c808-a2c1-4d03-818e-187ebdd144a7,OrderRole.Standalone,OrderType.Market,_default,,PositionEffect.Open,,292700.0,False,,OrderSide.Buy,OrderStatus.Filled,000651.SZ,,TimeInForce.GTC,,,,1493654400000000000,2017-05-01T16:00:00Z
35.59556,23501.96849,1493308800000000000,2017-04-27T16:00:00Z,264100.0,,3073d477-13f4-4dde-a2e6-1ee02d0678a8,OrderRole.Standalone,OrderType.Market,_default,,PositionEffect.Open,,264100.0,False,,OrderSide.Buy,OrderStatus.Filled,002415.SZ,,TimeInForce.GTC,,,,1493654400000000000,2017-05-01T16:00:00Z
355.0547,24143.7196,1493308800000000000,2017-04-27T16:00:00Z,27200.0,,23fd6a30-6bd5-4d65-ac39-f0390026d894,OrderRole.Standalone,OrderType.Market,_default,,PositionEffect.Open,,27200.0,False,,OrderSide.Buy,OrderStatus.Filled,300628.SZ,,TimeInForce.GTC,,,,1493654400000000000,2017-05-01T16:00:00Z
27.93791,24215.1834925,1493308800000000000,2017-04-27T16:00:00Z,346700.0,,081dbd65-3920-4432-922d-37283050c6dc,OrderRole.Standalone,OrderType.Market,_default,,PositionEffect.Open,,346700.0,False,,OrderSide.Buy,OrderStatus.Filled,600309.SH,,TimeInForce.GTC,,,,1493654400000000000,2017-05-01T16:00:00Z
412.0116,23999.6757,1493308800000000000,2017-04-27T16:00:00Z,23300.0,,6c1b0b4b-635f-4018-a237-75e19a9b8aea,OrderRole.Standalone,OrderType.Market,_default,,PositionEffect.Open,,23300.0,False,,OrderSide.Buy,OrderStatus.Filled,600519.SH,,TimeInForce.GTC,,,,1493654400000000000,2017-05-01T16:00:00Z
22.2222,23849.97615,1493308800000000000,2017-04-27T16:00:00Z,429300.0,,3ce03844-c553-46ae-92ed-0572baffb50c,OrderRole.Standalone,OrderType.Market,_default,,PositionEffect.Open,,429300.0,False,,OrderSide.Buy,OrderStatus.Filled,600660.SH,,TimeInForce.GTC,,,,1493654400000000000,2017-05-01T16:00:00Z
18.69868,24041.82781,1493308800000000000,2017-04-27T16:00:00Z,514300.0,,c59d30b2-5a4c-488c-8373-5a7f3a46a141,OrderRole.Standalone,OrderType.Market,_default,,PositionEffect.Open,,514300.0,False,,OrderSide.Buy,OrderStatus.Filled,600741.SH,,TimeInForce.GTC,,,,1493654400000000000,2017-05-01T16:00:00Z
53.68363,24157.6335,1493308800000000000,2017-04-27T16:00:00Z,180000.0,,68dc2e46-27eb-4641-b877-4ca3bf931b1a,OrderRole.Standalone,OrderType.Market,_default,,PositionEffect.Open,,180000.0,False,,OrderSide.Buy,OrderStatus.Filled,600276.SH,,TimeInForce.GTC,,,,1493654400000000000,2017-05-01T16:00:00Z
,0.0,1496160000000000000,2017-05-30T16:00:00Z,0.0,,8190884d-144e-46f9-b5b2-05b211e921fc,OrderRole.Standalone,OrderType.Market,_default,,PositionEffect.Close,,1060800.0,False,"Risk: Insufficient available position for 000001.SZ at execution. Available: 1060799.9999999999607425138488, Required: 1060800",OrderSide.Sell,OrderStatus.Rejected,000001.SZ,,TimeInForce.GTC,,,,1496246400000000000,2017-05-31T16:00:00Z
26.4735,1098.65025,1496160000000000000,2017-05-30T16:00:00Z,16600.0,,37b7abc5-0e63-4251-a9a8-983bc24f3c87,OrderRole.Standalone,OrderType.Market,_default,,PositionEffect.Close,,16600.0,False,,OrderSide.Sell,OrderStatus.Filled,002415.SZ,,TimeInForce.GTC,,,,1496246400000000000,2017-05-31T16:00:00Z
289.71999,19700.95932,1496160000000000000,2017-05-30T16:00:00Z,27200.0,,653f8837-d900-46f8-88df-f406bdba1c86,OrderRole.Standalone,OrderType.Market,_default,,PositionEffect.Close,,27200.0,False,,OrderSide.Sell,OrderStatus.Filled,300628.SZ,,TimeInForce.GTC,,,,1496246400000000000,2017-05-31T16:00:00Z
49.63032,1737.0612,1496160000000000000,2017-05-30T16:00:00Z,14000.0,,6aebcc9a-1525-4bcc-84ab-d063bd6f2044,OrderRole.Standalone,OrderType.Market,_default,,PositionEffect.Close,,14000.0,False,,OrderSide.Sell,OrderStatus.Filled,600276.SH,,TimeInForce.GTC,,,,1496246400000000000,2017-05-31T16:00:00Z
23.11686,24041.5344,1496160000000000000,2017-05-30T16:00:00Z,416000.0,,912a0f7d-8345-40d3-9bda-c3d3de172b8a,OrderRole.Standalone,OrderType.Market,_default,,PositionEffect.Close,,416000.0,False,,OrderSide.Sell,OrderStatus.Filled,600309.SH,,TimeInForce.GTC,,,,1496246400000000000,2017-05-31T16:00:00Z
442.0575,552.571875,1496160000000000000,2017-05-30T16:00:00Z,500.0,,c3494deb-8fad-431d-b426-54470b77b666,OrderRole.Standalone,OrderType.Market,_default,,PositionEffect.Close,,500.0,False,,OrderSide.Sell,OrderStatus.Filled,600519.SH,,TimeInForce.GTC,,,,1496246400000000000,2017-05-31T16:00:00Z
23.82615,524.1753,1496160000000000000,2017-05-30T16:00:00Z,8800.0,,21a25241-8514-4ae2-9fd9-9c7e253c8fb3,OrderRole.Standalone,OrderType.Market,_default,,PositionEffect.Close,,8800.0,False,,OrderSide.Sell,OrderStatus.Filled,600660.SH,,TimeInForce.GTC,,,,1496246400000000000,2017-05-31T16:00:00Z
19.81017,25470.9260775,1496160000000000000,2017-05-30T16:00:00Z,514300.0,,6372b980-702c-4f5d-8138-9cdca55217dd,OrderRole.Standalone,OrderType.Market,_default,,PositionEffect.Close,,514300.0,False,,OrderSide.Sell,OrderStatus.Filled,600741.SH,,TimeInForce.GTC,,,,1496246400000000000,2017-05-31T16:00:00Z
19.5195,25282.632375,1496160000000000000,2017-05-30T16:00:00Z,518100.0,,5971e668-0eac-400b-bc35-6ee6780b2f50,OrderRole.Standalone,OrderType.Market,_default,,PositionEffect.Open,,518100.0,False,,OrderSide.Buy,OrderStatus.Filled,600887.SH,,TimeInForce.GTC,,,,1496246400000000000,2017-05-31T16:00:00Z
47.5475,24962.4375,1496160000000000000,2017-05-30T16:00:00Z,210000.0,,d4549126-da81-4206-b670-f9ead7f3049c,OrderRole.Standalone,OrderType.Market,_default,,PositionEffect.Open,,210000.0,False,,OrderSide.Buy,OrderStatus.Filled,000858.SZ,,TimeInForce.GTC,,,,1496246400000000000,2017-05-31T16:00:00Z
18.64863,25073.083035,1496160000000000000,2017-05-30T16:00:00Z,537800.0,,092fc1bb-3100-4016-9f46-c616758ed537,OrderRole.Standalone,OrderType.Market,_default,,PositionEffect.Open,,537800.0,False,,OrderSide.Buy,OrderStatus.Filled,002236.SZ,,TimeInForce.GTC,,,,1496246400000000000,2017-05-31T16:00:00Z
33.95392,203.72352,1496160000000000000,2017-05-30T16:00:00Z,2400.0,,76a40fe5-93e0-4fe6-bc98-fd1c25b77089,OrderRole.Standalone,OrderType.Market,_default,,PositionEffect.Open,,2400.0,False,,OrderSide.Buy,OrderStatus.Filled,000651.SZ,,TimeInForce.GTC,,,,1496246400000000000,2017-05-31T16:00:00Z
88.76868,110.96085,1496160000000000000,2017-05-30T16:00:00Z,500.0,,cab37737-b849-4c2e-a538-cf946a6c4ec1,OrderRole.Standalone,OrderType.Market,_default,,PositionEffect.Open,,500.0,False,,OrderSide.Buy,OrderStatus.Filled,000538.SZ,,TimeInForce.GTC,,,,1496246400000000000,2017-05-31T16:00:00Z
47.78774,95.57548,1496160000000000000,2017-05-30T16:00:00Z,800.0,,04aa4979-84e4-48b5-863e-d83cf8e3ab31,OrderRole.Standalone,OrderType.Market,_default,,PositionEffect.Open,,800.0,False,,OrderSide.Buy,OrderStatus.Filled,000568.SZ,,TimeInForce.GTC,,,,1496246400000000000,2017-05-31T16:00:00Z
90.4095,25631.09325,1496246400000000000,2017-05-31T16:00:00Z,113400.0,,fadfc8c4-aec0-48cd-9c96-b18e38456a26,OrderRole.Standalone,OrderType.Market,_default,,PositionEffect.Close,,113400.0,False,,OrderSide.Sell,OrderStatus.Filled,000538.SZ,,TimeInForce.GTC,,,,1496332800000000000,2017-06-01T16:00:00Z
47.97198,25005.394575,1496246400000000000,2017-05-31T16:00:00Z,208500.0,,aa6081ad-a1d8-47e5-95d1-5ee2b632b5d9,OrderRole.Standalone,OrderType.Market,_default,,PositionEffect.Close,,208500.0,False,,OrderSide.Sell,OrderStatus.Filled,000568.SZ,,TimeInForce.GTC,,,,1496332800000000000,2017-06-01T16:00:00Z
33.99597,25080.5268675,1496246400000000000,2017-05-31T16:00:00Z,295100.0,,ca0d5a63-2236-4fd3-aaf9-db8988e599ac,OrderRole.Standalone,OrderType.Market,_default,,PositionEffect.Close,,295100.0,False,,OrderSide.Sell,OrderStatus.Filled,000651.SZ,,TimeInForce.GTC,,,,1496332800000000000,2017-06-01T16:00:00Z
27.972,26541.9315,1496246400000000000,2017-05-31T16:00:00Z,379550.0,,696ac84f-1b92-44f8-8f0b-04e56706c39d,OrderRole.Standalone,OrderType.Market,_default,,PositionEffect.Close,,379550.0,False,,OrderSide.Sell,OrderStatus.Filled,002415.SZ,,TimeInForce.GTC,,,,1496332800000000000,2017-06-01T16:00:00Z
50.3496,25429.568975999995,1496246400000000000,2017-05-31T16:00:00Z,202023.99999999997,,00a3f38d-5b53-4a08-916f-ab101ab99993,OrderRole.Standalone,OrderType.Market,_default,,PositionEffect.Close,,202023.99999999997,False,,OrderSide.Sell,OrderStatus.Filled,600276.SH,,TimeInForce.GTC,,,,1496332800000000000,2017-06-01T16:00:00Z
449.55,25624.35,1496246400000000000,2017-05-31T16:00:00Z,22800.0,,f3aa737d-1776-4bac-b801-7fd1d3f76d19,OrderRole.Standalone,OrderType.Market,_default,,PositionEffect.Close,,22800.0,False,,OrderSide.Sell,OrderStatus.Filled,600519.SH,,TimeInForce.GTC,,,,1496332800000000000,2017-06-01T16:00:00Z
24.25572,25498.82565,1496246400000000000,2017-05-31T16:00:00Z,420500.0,,9c36cd3e-090a-46fc-910c-bf5ed40f7086,OrderRole.Standalone,OrderType.Market,_default,,PositionEffect.Close,,420500.0,False,,OrderSide.Sell,OrderStatus.Filled,600660.SH,,TimeInForce.GTC,,,,1496332800000000000,2017-06-01T16:00:00Z
,0.0,1498579200000000000,2017-06-27T16:00:00Z,0.0,,b247e9a1-6694-4e4b-aac4-e80df0a6acf1,OrderRole.Standalone,OrderType.Market,_default,,PositionEffect.Close,,1060800.0,False,"Risk: Insufficient available position for 000001.SZ at execution. Available: 1060799.9999999999607425138488, Required: 1060800",OrderSide.Sell,OrderStatus.Rejected,000001.SZ,,TimeInForce.GTC,,,,1498665600000000000,2017-06-28T16:00:00Z
55.55439,29166.05475,1498579200000000000,2017-06-27T16:00:00Z,210000.0,,5ed31b4f-bf71-4183-81e4-42ca0817b0db,OrderRole.Standalone,OrderType.Market,_default,,PositionEffect.Close,,210000.0,False,,OrderSide.Sell,OrderStatus.Filled,000858.SZ,,TimeInForce.GTC,,,,1498665600000000000,2017-06-28T16:00:00Z
22.92705,4212.8454375,1498579200000000000,2017-06-27T16:00:00Z,73500.0,,c69a39b1-c98d-4b1f-85ba-13b9e604e562,OrderRole.Standalone,OrderType.Market,_default,,PositionEffect.Close,,73500.0,False,,OrderSide.Sell,OrderStatus.Filled,002236.SZ,,TimeInForce.GTC,,,,1498665600000000000,2017-06-28T16:00:00Z
20.84913,578.5633575,1498579200000000000,2017-06-27T16:00:00Z,11100.0,,5daebe36-d415-4293-8c69-33da994b6612,OrderRole.Standalone,OrderType.Market,_default,,PositionEffect.Close,,11100.0,False,,OrderSide.Sell,OrderStatus.Filled,600887.SH,,TimeInForce.GTC,,,,1498665600000000000,2017-06-28T16:00:00Z
25.18516,26538.86235,1498579200000000000,2017-06-27T16:00:00Z,421500.0,,8a9bb463-ae38-4de8-9127-602e80df86bf,OrderRole.Standalone,OrderType.Market,_default,,PositionEffect.Open,,421500.0,False,,OrderSide.Buy,OrderStatus.Filled,000002.SZ,,TimeInForce.GTC,,,,1498665600000000000,2017-06-28T16:00:00Z
93.73364,26362.58625,1498579200000000000,2017-06-27T16:00:00Z,112500.0,,56365111-e8b8-45c7-8f22-45fe3fbe1fd3,OrderRole.Standalone,OrderType.Market,_default,,PositionEffect.Open,,112500.0,False,,OrderSide.Buy,OrderStatus.Filled,000538.SZ,,TimeInForce.GTC,,,,1498665600000000000,2017-06-28T16:00:00Z
50.8508,26467.8414,1498579200000000000,2017-06-27T16:00:00Z,208200.0,,28d00958-9de6-485e-96a3-73b97e1c1f4a,OrderRole.Standalone,OrderType.Market,_default,,PositionEffect.Open,,208200.0,False,,OrderSide.Buy,OrderStatus.Filled,000568.SZ,,TimeInForce.GTC,,,,1498665600000000000,2017-06-28T16:00:00Z
40.70066,26567.355815,1498579200000000000,2017-06-27T16:00:00Z,261100.0,,987aeb6a-db35-4ceb-8f3e-ae351f57cae4,OrderRole.Standalone,OrderType.Market,_default,,PositionEffect.Open,,261100.0,False,,OrderSide.Buy,OrderStatus.Filled,000651.SZ,,TimeInForce.GTC,,,,1498665600000000000,2017-06-28T16:00:00Z
476.7763,26341.890575,1498579200000000000,2017-06-27T16:00:00Z,22100.0,,bf149a1c-04fa-4c45-a0a4-a46123e0d914,OrderRole.Standalone,OrderType.Market,_default,,PositionEffect.Open,,22100.0,False,,OrderSide.Buy,OrderStatus.Filled,600519.SH,,TimeInForce.GTC,,,,1498665600000000000,2017-06-28T16:00:00Z
25.80578,26373.50716,1498579200000000000,2017-06-27T16:00:00Z,408800.0,,ef07704b-a46b-4df8-affd-d3e357f05cb5,OrderRole.Standalone,OrderType.Market,_default,,PositionEffect.Open,,408800.0,False,,OrderSide.Buy,OrderStatus.Filled,600660.SH,,TimeInForce.GTC,,,,1498665600000000000,2017-06-28T16:00:00Z
23.81379,26338.05174,1498579200000000000,2017-06-27T16:00:00Z,442400.0,,bce166d4-078b-47d4-b28e-5e5a1970a45a,OrderRole.Standalone,OrderType.Market,_default,,PositionEffect.Open,,442400.0,False,,OrderSide.Buy,OrderStatus.Filled,600741.SH,,TimeInForce.GTC,,,,1498665600000000000,2017-06-28T16:00:00Z
28.60858,26005.19922,1498579200000000000,2017-06-27T16:00:00Z,363600.0,,5205255d-6f2e-400d-8044-e69344107dfa,OrderRole.Standalone,OrderType.Market,_default,,PositionEffect.Open,,363600.0,False,,OrderSide.Buy,OrderStatus.Filled,600309.SH,,TimeInForce.GTC,,,,1498665600000000000,2017-06-28T16:00:00Z
22.64733,26287.8882975,1498665600000000000,2017-06-28T16:00:00Z,464300.0,,44c5ef47-d516-4611-8738-2f2e1aa7c38f,OrderRole.Standalone,OrderType.Market,_default,,PositionEffect.Close,,464300.0,False,,OrderSide.Sell,OrderStatus.Filled,002236.SZ,,TimeInForce.GTC,,,,1498752000000000000,2017-06-29T16:00:00Z
21.41856,27148.0248,1498665600000000000,2017-06-28T16:00:00Z,507000.0,,dd2cdf07-fcc6-469c-b956-c61e4348831f,OrderRole.Standalone,OrderType.Market,_default,,PositionEffect.Close,,507000.0,False,,OrderSide.Sell,OrderStatus.Filled,600887.SH,,TimeInForce.GTC,,,,1498752000000000000,2017-06-29T16:00:00Z
,0.0,1500998400000000000,2017-07-25T16:00:00Z,0.0,,d5f87ed7-0bf5-4dc5-a6d4-7b01c269e5e5,OrderRole.Standalone,OrderType.Market,_default,,PositionEffect.Close,,1060800.0,False,"Risk: Insufficient available position for 000001.SZ at execution. Available: 1060799.9999999999607425138488, Required: 1060800",OrderSide.Sell,OrderStatus.Rejected,000001.SZ,,TimeInForce.GTC,,,,1501084800000000000,2017-07-26T16:00:00Z
23.42655,24685.7270625,1500998400000000000,2017-07-25T16:00:00Z,421500.0,,b63fcca2-6fd8-4f5e-9683-5df58a892b27,OrderRole.Standalone,OrderType.Market,_default,,PositionEffect.Close,,421500.0,False,,OrderSide.Sell,OrderStatus.Filled,000002.SZ,,TimeInForce.GTC,,,,1501084800000000000,2017-07-26T16:00:00Z
87.912,24725.25,1500998400000000000,2017-07-25T16:00:00Z,112500.0,,0d8d17af-ce88-4099-a1e8-02e3e54280b0,OrderRole.Standalone,OrderType.Market,_default,,PositionEffect.Close,,112500.0,False,,OrderSide.Sell,OrderStatus.Filled,000538.SZ,,TimeInForce.GTC,,,,1501084800000000000,2017-07-26T16:00:00Z
52.2477,27194.92785,1500998400000000000,2017-07-25T16:00:00Z,208200.0,,02282915-d59d-42e9-848e-fefe00996015,OrderRole.Standalone,OrderType.Market,_default,,PositionEffect.Close,,208200.0,False,,OrderSide.Sell,OrderStatus.Filled,000568.SZ,,TimeInForce.GTC,,,,1501084800000000000,2017-07-26T16:00:00Z
31.95801,29049.83109,1500998400000000000,2017-07-25T16:00:00Z,363600.0,,b6658dc0-070f-47ea-bf7d-f9f25e395aea,OrderRole.Standalone,OrderType.Market,_default,,PositionEffect.Close,,363600.0,False,,OrderSide.Sell,OrderStatus.Filled,600309.SH,,TimeInForce.GTC,,,,1501084800000000000,2017-07-26T16:00:00Z
471.15837,26031.4999425,1500998400000000000,2017-07-25T16:00:00Z,22100.0,,b9ee6bb1-bae5-4570-b1a6-40b614a0c84b,OrderRole.Standalone,OrderType.Market,_default,,PositionEffect.Close,,22100.0,False,,OrderSide.Sell,OrderStatus.Filled,600519.SH,,TimeInForce.GTC,,,,1501084800000000000,2017-07-26T16:00:00Z
23.68629,24207.38838,1500998400000000000,2017-07-25T16:00:00Z,408800.0,,4d8429ad-7ff5-43f6-bfc4-af8ed96887fa,OrderRole.Standalone,OrderType.Market,_default,,PositionEffect.Close,,408800.0,False,,OrderSide.Sell,OrderStatus.Filled,600660.SH,,TimeInForce.GTC,,,,1501084800000000000,2017-07-26T16:00:00Z
21.08889,23324.31234,1500998400000000000,2017-07-25T16:00:00Z,442400.0,,4a6cc677-b201-4392-bc6e-d48150904441,OrderRole.Standalone,OrderType.Market,_default,,PositionEffect.Close,,442400.0,False,,OrderSide.Sell,OrderStatus.Filled,600741.SH,,TimeInForce.GTC,,,,1501084800000000000,2017-07-26T16:00:00Z
54.054,26499.9735,1500998400000000000,2017-07-25T16:00:00Z,196100.0,,7abe0448-a9f7-4a10-8e2a-cf2d6206b224,OrderRole.Standalone,OrderType.Market,_default,,PositionEffect.Open,,196100.0,False,,OrderSide.Buy,OrderStatus.Filled,000858.SZ,,TimeInForce.GTC,,,,1501084800000000000,2017-07-26T16:00:00Z
28.03801,26418.8149225,1500998400000000000,2017-07-25T16:00:00Z,376900.0,,18cc1f9f-21ea-4c25-afb4-1adbefca7eb2,OrderRole.Standalone,OrderType.Market,_default,,PositionEffect.Open,,376900.0,False,,OrderSide.Buy,OrderStatus.Filled,002007.SZ,,TimeInForce.GTC,,,,1501084800000000000,2017-07-26T16:00:00Z
22.56254,26505.343865,1500998400000000000,2017-07-25T16:00:00Z,469900.0,,72612960-4817-4042-b02f-5e780e113b34,OrderRole.Standalone,OrderType.Market,_default,,PositionEffect.Open,,469900.0,False,,OrderSide.Buy,OrderStatus.Filled,002180.SZ,,TimeInForce.GTC,,,,1501084800000000000,2017-07-26T16:00:00Z
13.54353,26409.8835,1500998400000000000,2017-07-25T16:00:00Z,780000.0,,1a1ae418-b954-44cb-8173-b0ed23e62daf,OrderRole.Standalone,OrderType.Market,_default,,PositionEffect.Open,,780000.0,False,,OrderSide.Buy,OrderStatus.Filled,002459.SZ,,TimeInForce.GTC,,,,1501084800000000000,2017-07-26T16:00:00Z
47.80776,26401.83546,1500998400000000000,2017-07-25T16:00:00Z,220900.0,,9a9884b5-f38a-471c-b75e-6037b8f66f0b,OrderRole.Standalone,OrderType.Market,_default,,PositionEffect.Open,,220900.0,False,,OrderSide.Buy,OrderStatus.Filled,300033.SZ,,TimeInForce.GTC,,,,1501084800000000000,2017-07-26T16:00:00Z
24.34432,26389.24288,1500998400000000000,2017-07-25T16:00:00Z,433600.0,,8d59de4b-d282-4a67-b2f6-ce91a82bb159,OrderRole.Standalone,OrderType.Market,_default,,PositionEffect.Open,,433600.0,False,,OrderSide.Buy,OrderStatus.Filled,300442.SZ,,TimeInForce.GTC,,,,1501084800000000000,2017-07-26T16:00:00Z
20.27025,26680.7165625,1500998400000000000,2017-07-25T16:00:00Z,526500.0,,ea847064-f175-40cd-b557-834153fd9ff4,OrderRole.Standalone,OrderType.Market,_default,,PositionEffect.Open,,526500.0,False,,OrderSide.Buy,OrderStatus.Filled,300502.SZ,,TimeInForce.GTC,,,,1501084800000000000,2017-07-26T16:00:00Z
55.3553,26362.961625,1500998400000000000,2017-07-25T16:00:00Z,190500.0,,749da567-4489-4f4b-aac9-84e0ac4059b2,OrderRole.Standalone,OrderType.Market,_default,,PositionEffect.Open,,190500.0,False,,OrderSide.Buy,OrderStatus.Filled,300661.SZ,,TimeInForce.GTC,,,,1501084800000000000,2017-07-26T16:00:00Z
,0.0,1500998400000000000,2017-07-25T16:00:00Z,0.0,,682c00f8-94a9-4418-ae2b-190cb34171fb,OrderRole.Standalone,OrderType.Market,_default,,PositionEffect.Open,,580700.0,False,"Risk: Insufficient margin at execution. Required: 10617411.68988500000000000000, Available: 10480604.12201150055011586258",OrderSide.Buy,OrderStatus.Rejected,600233.SH,,TimeInForce.GTC,,,,1501084800000000000,2017-07-26T16:00:00Z
39.9399,369.444075,1500998400000000000,2017-07-25T16:00:00Z,3700.0,,bd67cb3b-d366-45f0-b4f3-a1ad365b6915,OrderRole.Standalone,OrderType.Market,_default,,PositionEffect.Open,,3700.0,False,,OrderSide.Buy,OrderStatus.Filled,000651.SZ,,TimeInForce.GTC,,,,1501084800000000000,2017-07-26T16:00:00Z
39.29067,26010.42354,1501084800000000000,2017-07-26T16:00:00Z,264800.0,,24eb0c40-f981-4da4-a31c-e5e03a802eaa,OrderRole.Standalone,OrderType.Market,_default,,PositionEffect.Close,,264800.0,False,,OrderSide.Sell,OrderStatus.Filled,000651.SZ,,TimeInForce.GTC,,,,1501171200000000000,2017-07-27T16:00:00Z
,0.0,1503417600000000000,2017-08-22T16:00:00Z,0.0,,13b817f5-2afc-4c43-b9b0-53492e9f5081,OrderRole.Standalone,OrderType.Market,_default,,PositionEffect.Close,,1060800.0,False,"Risk: Insufficient available position for 000001.SZ at execution. Available: 1060799.9999999999607425138488, Required: 1060800",OrderSide.Sell,OrderStatus.Rejected,000001.SZ,,TimeInForce.GTC,,,,1503504000000000000,2017-08-23T16:00:00Z
54.68526,26809.448715,1503417600000000000,2017-08-22T16:00:00Z,196100.0,,5bede30b-41b0-4753-98a8-91364565cdff,OrderRole.Standalone,OrderType.Market,_default,,PositionEffect.Close,,196100.0,False,,OrderSide.Sell,OrderStatus.Filled,000858.SZ,,TimeInForce.GTC,,,,1503504000000000000,2017-08-23T16:00:00Z
28.12185,26497.8131625,1503417600000000000,2017-08-22T16:00:00Z,376900.0,,a5c3d5a9-c585-4495-9a78-a6e91b1c0a55,OrderRole.Standalone,OrderType.Market,_default,,PositionEffect.Close,,376900.0,False,,OrderSide.Sell,OrderStatus.Filled,002007.SZ,,TimeInForce.GTC,,,,1503504000000000000,2017-08-23T16:00:00Z
23.1768,27226.9458,1503417600000000000,2017-08-22T16:00:00Z,469900.0,,17e518db-92a2-4b23-82f6-f020f6616628,OrderRole.Standalone,OrderType.Market,_default,,PositionEffect.Close,,469900.0,False,,OrderSide.Sell,OrderStatus.Filled,002180.SZ,,TimeInForce.GTC,,,,1503504000000000000,2017-08-23T16:00:00Z
13.83615,26980.4925,1503417600000000000,2017-08-22T16:00:00Z,780000.0,,614f47be-f8ad-48a9-8767-a62213b691e4,OrderRole.Standalone,OrderType.Market,_default,,PositionEffect.Close,,780000.0,False,,OrderSide.Sell,OrderStatus.Filled,002459.SZ,,TimeInForce.GTC,,,,1503504000000000000,2017-08-23T16:00:00Z
55.18476,30475.78371,1503417600000000000,2017-08-22T16:00:00Z,220900.0,,45c2106b-126f-488c-a9b5-ec45f073277a,OrderRole.Standalone,OrderType.Market,_default,,PositionEffect.Close,,220900.0,False,,OrderSide.Sell,OrderStatus.Filled,300033.SZ,,TimeInForce.GTC,,,,1503504000000000000,2017-08-23T16:00:00Z
25.10487,27213.67908,1503417600000000000,2017-08-22T16:00:00Z,433600.0,,45080bca-eb39-4336-bf21-649fd9dc11c9,OrderRole.Standalone,OrderType.Market,_default,,PositionEffect.Close,,433600.0,False,,OrderSide.Sell,OrderStatus.Filled,300442.SZ,,TimeInForce.GTC,,,,1503504000000000000,2017-08-23T16:00:00Z
23.30667,30677.4043875,1503417600000000000,2017-08-22T16:00:00Z,526500.0,,76ac4b94-e7c2-457e-a43b-85807abec9ba,OrderRole.Standalone,OrderType.Market,_default,,PositionEffect.Close,,526500.0,False,,OrderSide.Sell,OrderStatus.Filled,300502.SZ,,TimeInForce.GTC,,,,1503504000000000000,2017-08-23T16:00:00Z
57.12282,27204.743025,1503417600000000000,2017-08-22T16:00:00Z,190500.0,,35381e84-032e-45e6-8e18-6ba2c92bd025,OrderRole.Standalone,OrderType.Market,_default,,PositionEffect.Close,,190500.0,False,,OrderSide.Sell,OrderStatus.Filled,300661.SZ,,TimeInForce.GTC,,,,1503504000000000000,2017-08-23T16:00:00Z
2.69269,27896.2684,1503417600000000000,2017-08-22T16:00:00Z,4144000.0,,d3f0ff57-90a6-4559-a8cb-df0a5098e0ad,OrderRole.Standalone,OrderType.Market,_default,,PositionEffect.Open,,4144000.0,False,,OrderSide.Buy,OrderStatus.Filled,600010.SH,,TimeInForce.GTC,,,,1503504000000000000,2017-08-23T16:00:00Z
5.98598,27619.31172,1503417600000000000,2017-08-22T16:00:00Z,1845600.0,,519bd07e-26da-422e-b915-26c63dfe4ece,OrderRole.Standalone,OrderType.Market,_default,,PositionEffect.Open,,1845600.0,False,,OrderSide.Buy,OrderStatus.Filled,600028.SH,,TimeInForce.GTC,,,,1503504000000000000,2017-08-23T16:00:00Z
8.8088,26990.1632,1503417600000000000,2017-08-22T16:00:00Z,1225600.0,,7e73d68b-db47-40e6-8a18-0caae06e873f,OrderRole.Standalone,OrderType.Market,_default,,PositionEffect.Open,,1225600.0,False,,OrderSide.Buy,OrderStatus.Filled,600050.SH,,TimeInForce.GTC,,,,1503504000000000000,2017-08-23T16:00:00Z
17.37736,27734.26656,1503417600000000000,2017-08-22T16:00:00Z,638400.0,,1b691571-aeda-4ce1-ae36-7721afc9c2a9,OrderRole.Standalone,OrderType.Market,_default,,PositionEffect.Open,,638400.0,False,,OrderSide.Buy,OrderStatus.Filled,600111.SH,,TimeInForce.GTC,,,,1503504000000000000,2017-08-23T16:00:00Z
21.021,27679.40175,1503417600000000000,2017-08-22T16:00:00Z,526700.0,,15440f9c-7c3c-4832-b251-7d5fb5f2b112,OrderRole.Standalone,OrderType.Market,_default,,PositionEffect.Open,,526700.0,False,,OrderSide.Buy,OrderStatus.Filled,600588.SH,,TimeInForce.GTC,,,,1503504000000000000,2017-08-23T16:00:00Z
7.24724,28423.67528,1503417600000000000,2017-08-22T16:00:00Z,1568800.0,,504cc97c-9e3f-4f81-bd73-2dfbf56bb1e9,OrderRole.Standalone,OrderType.Market,_default,,PositionEffect.Open,,1568800.0,False,,OrderSide.Buy,OrderStatus.Filled,601600.SH,,TimeInForce.GTC,,,,1503504000000000000,2017-08-23T16:00:00Z
4.06406,27481.17372,1503417600000000000,2017-08-22T16:00:00Z,2704800.0,,57776c19-1f0a-4fee-914b-72140167460f,OrderRole.Standalone,OrderType.Market,_default,,PositionEffect.Open,,2704800.0,False,,OrderSide.Buy,OrderStatus.Filled,601988.SH,,TimeInForce.GTC,,,,1503504000000000000,2017-08-23T16:00:00Z
3.88388,27410.4831,1503417600000000000,2017-08-22T16:00:00Z,2823000.0,,e86f9b9f-7e2f-478d-a588-475f0e8c231b,OrderRole.Standalone,OrderType.Market,_default,,PositionEffect.Open,,2823000.0,False,,OrderSide.Buy,OrderStatus.Filled,000725.SZ,,TimeInForce.GTC,,,,1503504000000000000,2017-08-23T16:00:00Z
59.37932,27655.91829,1503417600000000000,2017-08-22T16:00:00Z,186300.0,,5266bf30-7cc0-4ef1-8d72-373f9abbd010,OrderRole.Standalone,OrderType.Market,_default,,PositionEffect.Open,,186300.0,False,,OrderSide.Buy,OrderStatus.Filled,002230.SZ,,TimeInForce.GTC,,,,1503504000000000000,2017-08-23T16:00:00Z
,0.0,1503417600000000000,2017-08-22T16:00:00Z,0.0,,ed7bc58f-4de6-457f-872c-e2f45f162ee5,OrderRole.Standalone,OrderType.Market,_default,,PositionEffect.Open,,1193600.0,False,"Risk: Insufficient margin at execution. Required: 10780025.25600000000000000000, Available: 10065045.48607150055011586258",OrderSide.Buy,OrderStatus.Rejected,002600.SZ,,TimeInForce.GTC,,,,1503504000000000000,2017-08-23T16:00:00Z
,0.0,1505836800000000000,2017-09-19T16:00:00Z,0.0,,df74791f-214a-4013-bec5-cac4946dc08b,OrderRole.Standalone,OrderType.Market,_default,,PositionEffect.Close,,1060800.0,False,"Risk: Insufficient available position for 000001.SZ at execution. Available: 1060799.9999999999607425138488, Required: 1060800",OrderSide.Sell,OrderStatus.Rejected,000001.SZ,,TimeInForce.GTC,,,,1505923200000000000,2017-09-20T16:00:00Z
3.996,28201.77,1505836800000000000,2017-09-19T16:00:00Z,2823000.0,,7ae2abed-c630-4d18-b31a-f0cefb267c0c,OrderRole.Standalone,OrderType.Market,_default,,PositionEffect.Close,,2823000.0,False,,OrderSide.Sell,OrderStatus.Filled,000725.SZ,,TimeInForce.GTC,,,,1505923200000000000,2017-09-20T16:00:00Z
2.71728,28151.0208,1505836800000000000,2017-09-19T16:00:00Z,4144000.0,,4d16f431-f669-4139-937a-0d6c70c68184,OrderRole.Standalone,OrderType.Market,_default,,PositionEffect.Close,,4144000.0,False,,OrderSide.Sell,OrderStatus.Filled,600010.SH,,TimeInForce.GTC,,,,1505923200000000000,2017-09-20T16:00:00Z
5.83416,26918.81424,1505836800000000000,2017-09-19T16:00:00Z,1845600.0,,ad856461-4671-4bef-b59c-369b026c696e,OrderRole.Standalone,OrderType.Market,_default,,PositionEffect.Close,,1845600.0,False,,OrderSide.Sell,OrderStatus.Filled,600028.SH,,TimeInForce.GTC,,,,1505923200000000000,2017-09-20T16:00:00Z
7.24275,22191.786,1505836800000000000,2017-09-19T16:00:00Z,1225600.0,,51815d9e-f7c1-43f5-8885-4bf9d40758c3,OrderRole.Standalone,OrderType.Market,_default,,PositionEffect.Close,,1225600.0,False,,OrderSide.Sell,OrderStatus.Filled,600050.SH,,TimeInForce.GTC,,,,1505923200000000000,2017-09-20T16:00:00Z
17.6823,808.965225,1505836800000000000,2017-09-19T16:00:00Z,18300.0,,482cdc71-7b69-46d3-a143-a901d76d4a09,OrderRole.Standalone,OrderType.Market,_default,,PositionEffect.Close,,18300.0,False,,OrderSide.Sell,OrderStatus.Filled,600111.SH,,TimeInForce.GTC,,,,1505923200000000000,2017-09-20T16:00:00Z
24.53544,32307.04062,1505836800000000000,2017-09-19T16:00:00Z,526700.0,,be3baaed-bf63-45ac-857c-655455921b20,OrderRole.Standalone,OrderType.Market,_default,,PositionEffect.Close,,526700.0,False,,OrderSide.Sell,OrderStatus.Filled,600588.SH,,TimeInForce.GTC,,,,1505923200000000000,2017-09-20T16:00:00Z
4.11588,27831.58056,1505836800000000000,2017-09-19T16:00:00Z,2704800.0,,dece8f43-cfbf-451d-8c57-f78ad2e00705,OrderRole.Standalone,OrderType.Market,_default,,PositionEffect.Close,,2704800.0,False,,OrderSide.Sell,OrderStatus.Filled,601988.SH,,TimeInForce.GTC,,,,1505923200000000000,2017-09-20T16:00:00Z
,0.0,1505836800000000000,2017-09-19T16:00:00Z,0.0,,d0f85232-b6f2-4699-b0be-d9a89f50d324,OrderRole.Standalone,OrderType.Market,_default,,PositionEffect.Close,,1568800.0,False,"Symbol 601600.SH not tradable (zero volume, suspension) at execution timestamp 1505923200000000000",OrderSide.Sell,OrderStatus.Rejected,601600.SH,,TimeInForce.GTC,,,,1505923200000000000,2017-09-20T16:00:00Z
16.16615,27664.3241875,1505836800000000000,2017-09-19T16:00:00Z,684500.0,,188ae4fa-741e-423c-b067-65de004c35b1,OrderRole.Standalone,OrderType.Market,_default,,PositionEffect.Open,,684500.0,False,,OrderSide.Buy,OrderStatus.Filled,000807.SZ,,TimeInForce.GTC,,,,1505923200000000000,2017-09-20T16:00:00Z
88.7887,27768.665925,1505836800000000000,2017-09-19T16:00:00Z,125100.0,,39a1e19b-8a4a-4c11-9ae7-e65f96db4b45,OrderRole.Standalone,OrderType.Market,_default,,PositionEffect.Open,,125100.0,False,,OrderSide.Buy,OrderStatus.Filled,002460.SZ,,TimeInForce.GTC,,,,1505923200000000000,2017-09-20T16:00:00Z
8.61861,27570.93339,1505836800000000000,2017-09-19T16:00:00Z,1279600.0,,d30bd541-7be4-4190-964e-c97dad192a0b,OrderRole.Standalone,OrderType.Market,_default,,PositionEffect.Open,,1279600.0,False,,OrderSide.Buy,OrderStatus.Filled,002600.SZ,,TimeInForce.GTC,,,,1505923200000000000,2017-09-20T16:00:00Z
37.41738,27314.6874,1505836800000000000,2017-09-19T16:00:00Z,292000.0,,f65e9d77-093a-4328-8150-8a4cd5bb3aec,OrderRole.Standalone,OrderType.Market,_default,,PositionEffect.Open,,292000.0,False,,OrderSide.Buy,OrderStatus.Filled,300223.SZ,,TimeInForce.GTC,,,,1505923200000000000,2017-09-20T16:00:00Z
77.03696,27752.56484,1505836800000000000,2017-09-19T16:00:00Z,144100.0,,ea4ed0e1-ee67-4b6d-b854-6e3ffe0ede40,OrderRole.Standalone,OrderType.Market,_default,,PositionEffect.Open,,144100.0,False,,OrderSide.Buy,OrderStatus.Filled,300450.SZ,,TimeInForce.GTC,,,,1505923200000000000,2017-09-20T16:00:00Z
42.7427,27697.2696,1505836800000000000,2017-09-19T16:00:00Z,259200.0,,91a36c56-c0da-4480-9e98-37cb67c6731b,OrderRole.Standalone,OrderType.Market,_default,,PositionEffect.Open,,259200.0,False,,OrderSide.Buy,OrderStatus.Filled,300496.SZ,,TimeInForce.GTC,,,,1505923200000000000,2017-09-20T16:00:00Z
,0.0,1505836800000000000,2017-09-19T16:00:00Z,0.0,,2b464e8b-a164-4e7d-8e4a-8550d7b21e81,OrderRole.Standalone,OrderType.Market,_default,,PositionEffect.Open,,121600.0,False,"Risk: Insufficient margin at execution. Required: 10982331.36000000000000000000, Available: 9503697.83328400153364911742",OrderSide.Buy,OrderStatus.Rejected,603799.SH,,TimeInForce.GTC,,,,1505923200000000000,2017-09-20T16:00:00Z
,0.0,1505836800000000000,2017-09-19T16:00:00Z,0.0,,91077167-fc65-47f7-ab24-a4118e3e54cf,OrderRole.Standalone,OrderType.Market,_default,,PositionEffect.Open,,84200.0,False,"Risk: Insufficient margin at execution. Required: 11322318.00700000000000000000, Available: 9503697.83328400153364911742",OrderSide.Buy,OrderStatus.Rejected,603986.SH,,TimeInForce.GTC,,,,1505923200000000000,2017-09-20T16:00:00Z
55.7557,1672.671,1505836800000000000,2017-09-19T16:00:00Z,12000.0,,30a674f8-dd17-4549-894b-9d6180f4f99c,OrderRole.Standalone,OrderType.Market,_default,,PositionEffect.Open,,12000.0,False,,OrderSide.Buy,OrderStatus.Filled,002230.SZ,,TimeInForce.GTC,,,,1505923200000000000,2017-09-20T16:00:00Z
52.947,26248.47525,1505923200000000000,2017-09-20T16:00:00Z,198300.0,,982b91d5-0daf-414d-a893-39ff01382f24,OrderRole.Standalone,OrderType.Market,_default,,PositionEffect.Close,,198300.0,False,,OrderSide.Sell,OrderStatus.Filled,002230.SZ,,TimeInForce.GTC,,,,1506009600000000000,2017-09-21T16:00:00Z
8.32167,26621.02233,1505923200000000000,2017-09-20T16:00:00Z,1279600.0,,084c4513-6573-47fa-b268-47639aa630d8,OrderRole.Standalone,OrderType.Market,_default,,PositionEffect.Close,,1279600.0,False,,OrderSide.Sell,OrderStatus.Filled,002600.SZ,,TimeInForce.GTC,,,,1506009600000000000,2017-09-21T16:00:00Z
17.10288,26513.73972,1505923200000000000,2017-09-20T16:00:00Z,620100.0,,68182273-0334-46bc-b10e-6701eaa7e237,OrderRole.Standalone,OrderType.Market,_default,,PositionEffect.Close,,620100.0,False,,OrderSide.Sell,OrderStatus.Filled,600111.SH,,TimeInForce.GTC,,,,1506009600000000000,2017-09-21T16:00:00Z
11.23875,3941.9915625,1508860800000000000,2017-10-24T16:00:00Z,140300.0,,f8d2a0c4-c163-4d91-93f3-8c708897842b,OrderRole.Standalone,OrderType.Market,_default,,PositionEffect.Close,,140300.0,False,,OrderSide.Sell,OrderStatus.Filled,000001.SZ,,TimeInForce.GTC,,,,1508947200000000000,2017-10-25T16:00:00Z
12.42756,21266.66205,1508860800000000000,2017-10-24T16:00:00Z,684500.0,,b98d3a5d-726e-40dc-a02f-68346f380426,OrderRole.Standalone,OrderType.Market,_default,,PositionEffect.Close,,684500.0,False,,OrderSide.Sell,OrderStatus.Filled,000807.SZ,,TimeInForce.GTC,,,,1508947200000000000,2017-10-25T16:00:00Z
87.10281,27241.4038275,1508860800000000000,2017-10-24T16:00:00Z,125100.0,,0303b875-5a6a-47f9-b29e-7c1c85202cc3,OrderRole.Standalone,OrderType.Market,_default,,PositionEffect.Close,,125100.0,False,,OrderSide.Sell,OrderStatus.Filled,002460.SZ,,TimeInForce.GTC,,,,1508947200000000000,2017-10-25T16:00:00Z
31.34862,22884.4926,1508860800000000000,2017-10-24T16:00:00Z,292000.0,,b92a0794-0436-46a3-a499-be12fe4ccb87,OrderRole.Standalone,OrderType.Market,_default,,PositionEffect.Close,,292000.0,False,,OrderSide.Sell,OrderStatus.Filled,300223.SZ,,TimeInForce.GTC,,,,1508947200000000000,2017-10-25T16:00:00Z
77.90202,28064.202705,1508860800000000000,2017-10-24T16:00:00Z,144100.0,,6f009477-aad7-4603-91aa-5f5d58a78393,OrderRole.Standalone,OrderType.Market,_default,,PositionEffect.Close,,144100.0,False,,OrderSide.Sell,OrderStatus.Filled,300450.SZ,,TimeInForce.GTC,,,,1508947200000000000,2017-10-25T16:00:00Z
37.10286,24042.65328,1508860800000000000,2017-10-24T16:00:00Z,259200.0,,9747c6fc-1529-4fc3-8a37-682dd13091b9,OrderRole.Standalone,OrderType.Market,_default,,PositionEffect.Close,,259200.0,False,,OrderSide.Sell,OrderStatus.Filled,300496.SZ,,TimeInForce.GTC,,,,1508947200000000000,2017-10-25T16:00:00Z
,0.0,1508860800000000000,2017-10-24T16:00:00Z,0.0,,26275db4-5e8c-4494-9885-d0fb846ba262,OrderRole.Standalone,OrderType.Market,_default,,PositionEffect.Close,,1568800.0,False,"Symbol 601600.SH not tradable (zero volume, suspension) at execution timestamp 1508947200000000000",OrderSide.Sell,OrderStatus.Rejected,601600.SH,,TimeInForce.GTC,,,,1508947200000000000,2017-10-25T16:00:00Z
27.3273,25831.130325,1508860800000000000,2017-10-24T16:00:00Z,378100.0,,4f1280e0-c462-4d2e-886a-5efb6ff488bd,OrderRole.Standalone,OrderType.Market,_default,,PositionEffect.Open,,378100.0,False,,OrderSide.Buy,OrderStatus.Filled,000002.SZ,,TimeInForce.GTC,,,,1508947200000000000,2017-10-25T16:00:00Z
102.2021,25806.03025,1508860800000000000,2017-10-24T16:00:00Z,101000.0,,72ca712b-c6c5-492e-9b63-2fdebdd1a3f2,OrderRole.Standalone,OrderType.Market,_default,,PositionEffect.Open,,101000.0,False,,OrderSide.Buy,OrderStatus.Filled,000538.SZ,,TimeInForce.GTC,,,,1508947200000000000,2017-10-25T16:00:00Z
59.79974,26835.133325,1508860800000000000,2017-10-24T16:00:00Z,179500.0,,0eed2ef3-f47d-4885-807b-134e96478ba9,OrderRole.Standalone,OrderType.Market,_default,,PositionEffect.Open,,179500.0,False,,OrderSide.Buy,OrderStatus.Filled,000568.SZ,,TimeInForce.GTC,,,,1508947200000000000,2017-10-25T16:00:00Z
42.05201,26072.2462,1508860800000000000,2017-10-24T16:00:00Z,248000.0,,b697d3e4-f08d-49b6-8759-1fbdb2e674d4,OrderRole.Standalone,OrderType.Market,_default,,PositionEffect.Open,,248000.0,False,,OrderSide.Buy,OrderStatus.Filled,000651.SZ,,TimeInForce.GTC,,,,1508947200000000000,2017-10-25T16:00:00Z
65.49543,25412.22684,1508860800000000000,2017-10-24T16:00:00Z,155200.0,,665686d0-cde4-4081-8441-ae0af8b81896,OrderRole.Standalone,OrderType.Market,_default,,PositionEffect.Open,,155200.0,False,,OrderSide.Buy,OrderStatus.Filled,600276.SH,,TimeInForce.GTC,,,,1508947200000000000,2017-10-25T16:00:00Z
605.605,27706.42875,1508860800000000000,2017-10-24T16:00:00Z,18300.0,,cec022a6-1096-4045-88ac-205bbc106afc,OrderRole.Standalone,OrderType.Market,_default,,PositionEffect.Open,,18300.0,False,,OrderSide.Buy,OrderStatus.Filled,600519.SH,,TimeInForce.GTC,,,,1508947200000000000,2017-10-25T16:00:00Z
26.40638,25785.83007,1508860800000000000,2017-10-24T16:00:00Z,390600.0,,1dd2fd85-71f1-4471-8a8e-c8d3b5082d32,OrderRole.Standalone,OrderType.Market,_default,,PositionEffect.Open,,390600.0,False,,OrderSide.Buy,OrderStatus.Filled,600660.SH,,TimeInForce.GTC,,,,1508947200000000000,2017-10-25T16:00:00Z
,0.0,1508860800000000000,2017-10-24T16:00:00Z,0.0,,df34c90a-237a-4d5e-a9ce-88db91a448a5,OrderRole.Standalone,OrderType.Market,_default,,PositionEffect.Open,,348200.0,False,"Risk: Insufficient margin at execution. Required: 10451139.35365500000000000000, Available: 8083933.04642400153364911742",OrderSide.Buy,OrderStatus.Rejected,600887.SH,,TimeInForce.GTC,,,,1508947200000000000,2017-10-25T16:00:00Z
38.9389,25884.633775,1508860800000000000,2017-10-24T16:00:00Z,265900.0,,5afc2b78-1482-48c6-9ab9-4696e1470fc3,OrderRole.Standalone,OrderType.Market,_default,,PositionEffect.Open,,265900.0,False,,OrderSide.Buy,OrderStatus.Filled,600309.SH,,TimeInForce.GTC,,,,1508947200000000000,2017-10-25T16:00:00Z
15.13485,6504.2017875,1511280000000000000,2017-11-21T16:00:00Z,171900.0,,3ba5c90f-7b30-4099-a926-d8bfb3055364,OrderRole.Standalone,OrderType.Market,_default,,PositionEffect.Close,,171900.0,False,,OrderSide.Sell,OrderStatus.Filled,000001.SZ,,TimeInForce.GTC,,,,1511366400000000000,2017-11-22T16:00:00Z
32.38758,2445.26229,1511280000000000000,2017-11-21T16:00:00Z,30200.0,,dcb8e0a4-3688-4c20-93d1-e2db8df82801,OrderRole.Standalone,OrderType.Market,_default,,PositionEffect.Close,,30200.0,False,,OrderSide.Sell,OrderStatus.Filled,000002.SZ,,TimeInForce.GTC,,,,1511366400000000000,2017-11-22T16:00:00Z
66.48345,2060.98695,1511280000000000000,2017-11-21T16:00:00Z,12400.0,,1993b15f-3b64-4c7b-8420-61b27a1f244d,OrderRole.Standalone,OrderType.Market,_default,,PositionEffect.Close,,12400.0,False,,OrderSide.Sell,OrderStatus.Filled,000568.SZ,,TimeInForce.GTC,,,,1511366400000000000,2017-11-22T16:00:00Z
46.96299,1091.8895175,1511280000000000000,2017-11-21T16:00:00Z,9300.0,,b7dc10e2-3f96-4b4c-befa-40a6658bc16d,OrderRole.Standalone,OrderType.Market,_default,,PositionEffect.Close,,9300.0,False,,OrderSide.Sell,OrderStatus.Filled,000651.SZ,,TimeInForce.GTC,,,,1511366400000000000,2017-11-22T16:00:00Z
641.358,1443.0555,1511280000000000000,2017-11-21T16:00:00Z,900.0,,df8955ec-2843-4cfe-9cba-f62d4afd20f4,OrderRole.Standalone,OrderType.Market,_default,,PositionEffect.Close,,900.0,False,,OrderSide.Sell,OrderStatus.Filled,600519.SH,,TimeInForce.GTC,,,,1511366400000000000,2017-11-22T16:00:00Z
,0.0,1511280000000000000,2017-11-21T16:00:00Z,0.0,,7510c9f8-30c8-4f6c-90d7-3fffb9c48029,OrderRole.Standalone,OrderType.Market,_default,,PositionEffect.Close,,1568800.0,False,"Symbol 601600.SH not tradable (zero volume, suspension) at execution timestamp 1511366400000000000",OrderSide.Sell,OrderStatus.Rejected,601600.SH,,TimeInForce.GTC,,,,1511366400000000000,2017-11-22T16:00:00Z
,0.0,1511280000000000000,2017-11-21T16:00:00Z,0.0,,cf091c34-5f5d-40ea-bdb1-b5ae44b0d116,OrderRole.Standalone,OrderType.Market,_default,,PositionEffect.Open,,353700.0,False,"Risk: Insufficient margin at execution. Required: 11287054.92915000000000000001, Available: 11106930.57462150153364911743",OrderSide.Buy,OrderStatus.Rejected,600887.SH,,TimeInForce.GTC,,,,1511366400000000000,2017-11-22T16:00:00Z
39.27924,2179.99782,1511280000000000000,2017-11-21T16:00:00Z,22200.0,,484759ae-ca71-4329-b5a6-ffddcdcfe571,OrderRole.Standalone,OrderType.Market,_default,,PositionEffect.Open,,22200.0,False,,OrderSide.Buy,OrderStatus.Filled,600309.SH,,TimeInForce.GTC,,,,1511366400000000000,2017-11-22T16:00:00Z
103.0029,2137.310175,1511280000000000000,2017-11-21T16:00:00Z,8300.0,,293e7795-4979-4282-a7ff-ddab9543c482,OrderRole.Standalone,OrderType.Market,_default,,PositionEffect.Open,,8300.0,False,,OrderSide.Buy,OrderStatus.Filled,000538.SZ,,TimeInForce.GTC,,,,1511366400000000000,2017-11-22T16:00:00Z
68.11805,1549.6856375,1511280000000000000,2017-11-21T16:00:00Z,9100.0,,0fec7c40-939b-49d2-b11a-d98eeb01ed5a,OrderRole.Standalone,OrderType.Market,_default,,PositionEffect.Open,,9100.0,False,,OrderSide.Buy,OrderStatus.Filled,600276.SH,,TimeInForce.GTC,,,,1511366400000000000,2017-11-22T16:00:00Z
28.87885,72.197125,1511280000000000000,2017-11-21T16:00:00Z,1000.0,,4393a972-2689-4f06-b5e2-0df351a7f343,OrderRole.Standalone,OrderType.Market,_default,,PositionEffect.Open,,1000.0,False,,OrderSide.Buy,OrderStatus.Filled,600660.SH,,TimeInForce.GTC,,,,1511366400000000000,2017-11-22T16:00:00Z
,0.0,1511366400000000000,2017-11-22T16:00:00Z,0.0,,33ada85d-bce8-4ec3-91cc-0f08b2dd5f85,OrderRole.Standalone,OrderType.Market,_default,,PositionEffect.Close,,748600.0,False,"Risk: Insufficient available position for 000001.SZ at execution. Available: 748599.9999999999607425138488, Required: 748600",OrderSide.Sell,OrderStatus.Rejected,000001.SZ,,TimeInForce.GTC,,,,1511452800000000000,2017-11-23T16:00:00Z
31.14882,27091.686195,1511366400000000000,2017-11-22T16:00:00Z,347900.0,,0663e283-f365-470c-91a9-8a3ba872570a,OrderRole.Standalone,OrderType.Market,_default,,PositionEffect.Close,,347900.0,False,,OrderSide.Sell,OrderStatus.Filled,000002.SZ,,TimeInForce.GTC,,,,1511452800000000000,2017-11-23T16:00:00Z
97.8021,26724.423825,1511366400000000000,2017-11-22T16:00:00Z,109300.0,,1ee0380b-a07b-4497-a72f-c9d68da1fc30,OrderRole.Standalone,OrderType.Market,_default,,PositionEffect.Close,,109300.0,False,,OrderSide.Sell,OrderStatus.Filled,000538.SZ,,TimeInForce.GTC,,,,1511452800000000000,2017-11-23T16:00:00Z
63.25668,26425.47807,1511366400000000000,2017-11-22T16:00:00Z,167100.0,,57be1a54-3069-453b-8e1f-de7ba55a86c7,OrderRole.Standalone,OrderType.Market,_default,,PositionEffect.Close,,167100.0,False,,OrderSide.Sell,OrderStatus.Filled,000568.SZ,,TimeInForce.GTC,,,,1511452800000000000,2017-11-23T16:00:00Z
44.5554,26588.43495,1511366400000000000,2017-11-22T16:00:00Z,238700.0,,5edde95e-c126-47c9-b09e-d7388aec276c,OrderRole.Standalone,OrderType.Market,_default,,PositionEffect.Close,,238700.0,False,,OrderSide.Sell,OrderStatus.Filled,000651.SZ,,TimeInForce.GTC,,,,1511452800000000000,2017-11-23T16:00:00Z
63.74619,26183.7475425,1511366400000000000,2017-11-22T16:00:00Z,164300.0,,42d06b05-0a1a-4300-8b72-394baced9584,OrderRole.Standalone,OrderType.Market,_default,,PositionEffect.Close,,164300.0,False,,OrderSide.Sell,OrderStatus.Filled,600276.SH,,TimeInForce.GTC,,,,1511452800000000000,2017-11-23T16:00:00Z
,0.0,1511366400000000000,2017-11-22T16:00:00Z,0.0,,d176142e-74bb-41cc-a698-00b751822689,OrderRole.Standalone,OrderType.Market,_default,,PositionEffect.Close,,288140.0,False,"Risk: Insufficient available position for 600309.SH at execution. Available: 288139.99999999998460342709433, Required: 288140",OrderSide.Sell,OrderStatus.Rejected,600309.SH,,TimeInForce.GTC,,,,1511452800000000000,2017-11-23T16:00:00Z
635.2641,27633.98835,1511366400000000000,2017-11-22T16:00:00Z,17400.0,,8ac9d500-bc3f-4331-a46d-11d07c3d399b,OrderRole.Standalone,OrderType.Market,_default,,PositionEffect.Close,,17400.0,False,,OrderSide.Sell,OrderStatus.Filled,600519.SH,,TimeInForce.GTC,,,,1511452800000000000,2017-11-23T16:00:00Z
27.52245,26944.47855,1511366400000000000,2017-11-22T16:00:00Z,391600.0,,55cb087e-ca80-47ec-9049-9c31e4f84c8b,OrderRole.Standalone,OrderType.Market,_default,,PositionEffect.Close,,391600.0,False,,OrderSide.Sell,OrderStatus.Filled,600660.SH,,TimeInForce.GTC,,,,1511452800000000000,2017-11-23T16:00:00Z
,0.0,1513699200000000000,2017-12-19T16:00:00Z,0.0,,a0789baf-a8d6-4610-90b1-056f569d76ac,OrderRole.Standalone,OrderType.Market,_default,,PositionEffect.Close,,748600.0,False,"Risk: Insufficient available position for 000001.SZ at execution. Available: 748599.9999999999607425138488, Required: 748600",OrderSide.Sell,OrderStatus.Rejected,000001.SZ,,TimeInForce.GTC,,,,1513785600000000000,2017-12-20T16:00:00Z
,0.0,1513699200000000000,2017-12-19T16:00:00Z,0.0,,175e56b6-da02-40a5-8089-1353648aecd6,OrderRole.Standalone,OrderType.Market,_default,,PositionEffect.Close,,1568800.0,False,"Symbol 601600.SH not tradable (zero volume, suspension) at execution timestamp 1513785600000000000",OrderSide.Sell,OrderStatus.Rejected,601600.SH,,TimeInForce.GTC,,,,1513785600000000000,2017-12-20T16:00:00Z
,0.0,1513699200000000000,2017-12-19T16:00:00Z,0.0,,f7e92966-5a37-48cb-952d-d3345bd8767a,OrderRole.Standalone,OrderType.Market,_default,,PositionEffect.Close,,288100.0,False,"Symbol 600309.SH not tradable (zero volume, suspension) at execution timestamp 1513785600000000000",OrderSide.Sell,OrderStatus.Rejected,600309.SH,,TimeInForce.GTC,,,,1513785600000000000,2017-12-20T16:00:00Z
5.36536,26918.01112,1513699200000000000,2017-12-19T16:00:00Z,2006800.0,,0aad6e5d-fff2-41de-a557-db4cc25ddf17,OrderRole.Standalone,OrderType.Market,_default,,PositionEffect.Open,,2006800.0,False,,OrderSide.Buy,OrderStatus.Filled,000301.SZ,,TimeInForce.GTC,,,,1513785600000000000,2017-12-20T16:00:00Z
55.20515,26953.9144875,1513699200000000000,2017-12-19T16:00:00Z,195300.0,,a42cdaaf-5b68-4055-a2a4-a1fe1f122a4e,OrderRole.Standalone,OrderType.Market,_default,,PositionEffect.Open,,195300.0,False,,OrderSide.Buy,OrderStatus.Filled,000333.SZ,,TimeInForce.GTC,,,,1513785600000000000,2017-12-20T16:00:00Z
81.55147,26871.209365,1513699200000000000,2017-12-19T16:00:00Z,131800.0,,9fad05a2-6946-4e88-a594-68651cb092ad,OrderRole.Standalone,OrderType.Market,_default,,PositionEffect.Open,,131800.0,False,,OrderSide.Buy,OrderStatus.Filled,000858.SZ,,TimeInForce.GTC,,,,1513785600000000000,2017-12-20T16:00:00Z
12.63262,26831.68488,1513699200000000000,2017-12-19T16:00:00Z,849600.0,,8e9198f4-43e5-4815-ab32-b7906c1e2d24,OrderRole.Standalone,OrderType.Market,_default,,PositionEffect.Open,,849600.0,False,,OrderSide.Buy,OrderStatus.Filled,002129.SZ,,TimeInForce.GTC,,,,1513785600000000000,2017-12-20T16:00:00Z
14.84483,26935.944035,1513699200000000000,2017-12-19T16:00:00Z,725800.0,,3f7cf2cc-c7a0-49dc-965f-fb83272fdd5d,OrderRole.Standalone,OrderType.Market,_default,,PositionEffect.Open,,725800.0,False,,OrderSide.Buy,OrderStatus.Filled,002493.SZ,,TimeInForce.GTC,,,,1513785600000000000,2017-12-20T16:00:00Z
35.52549,26137.8792675,1513699200000000000,2017-12-19T16:00:00Z,294300.0,,21d611ec-9f73-45ee-8ea6-49d8e7dc1e87,OrderRole.Standalone,OrderType.Market,_default,,PositionEffect.Open,,294300.0,False,,OrderSide.Buy,OrderStatus.Filled,600600.SH,,TimeInForce.GTC,,,,1513785600000000000,2017-12-20T16:00:00Z
33.19316,26936.24934,1513699200000000000,2017-12-19T16:00:00Z,324600.0,,391471b7-b02a-43af-9326-7f92099a8946,OrderRole.Standalone,OrderType.Market,_default,,PositionEffect.Open,,324600.0,False,,OrderSide.Buy,OrderStatus.Filled,600887.SH,,TimeInForce.GTC,,,,1513785600000000000,2017-12-20T16:00:00Z
12.15214,26740.78407,1513699200000000000,2017-12-19T16:00:00Z,880200.0,,09a02918-d73d-4a1e-9340-4be45135cb17,OrderRole.Standalone,OrderType.Market,_default,,PositionEffect.Open,,880200.0,False,,OrderSide.Buy,OrderStatus.Filled,601111.SH,,TimeInForce.GTC,,,,1513785600000000000,2017-12-20T16:00:00Z
,0.0,1513699200000000000,2017-12-19T16:00:00Z,0.0,,a62e26c1-46eb-43e5-b1f9-060e9696e5fc,OrderRole.Standalone,OrderType.Market,_default,,PositionEffect.Open,,233900.0,False,"Symbol 601360.SH not tradable (zero volume, suspension) at execution timestamp 1513785600000000000",OrderSide.Buy,OrderStatus.Rejected,601360.SH,,TimeInForce.GTC,,,,1513785600000000000,2017-12-20T16:00:00Z
,0.0,1513699200000000000,2017-12-19T16:00:00Z,0.0,,c29609dd-6d06-4d61-8074-8b8eb0a6bba4,OrderRole.Standalone,OrderType.Market,_default,,PositionEffect.Open,,2695900.0,False,"Risk: Insufficient margin at execution. Required: 10821369.55900000000000000000, Available: 11637.02757400153364911742",OrderSide.Buy,OrderStatus.Rejected,601899.SH,,TimeInForce.GTC,,,,1513785600000000000,2017-12-20T16:00:00Z
5.85414,29370.22038,1516204800000000000,2018-01-17T16:00:00Z,2006800.0,,e3f618e4-d91d-4e5d-8380-2ad70760f30b,OrderRole.Standalone,OrderType.Market,_default,,PositionEffect.Close,,2006800.0,False,,OrderSide.Sell,OrderStatus.Filled,000301.SZ,,TimeInForce.GTC,,,,1516291200000000000,2018-01-18T16:00:00Z
58.89105,28753.5551625,1516204800000000000,2018-01-17T16:00:00Z,195300.0,,02275f95-cace-4aa8-aaea-8d756de50489,OrderRole.Standalone,OrderType.Market,_default,,PositionEffect.Close,,195300.0,False,,OrderSide.Sell,OrderStatus.Filled,000333.SZ,,TimeInForce.GTC,,,,1516291200000000000,2018-01-18T16:00:00Z
86.3136,863.136,1516204800000000000,2018-01-17T16:00:00Z,4000.0,,c2b21cf9-8b33-4c85-b701-3af8004a1028,OrderRole.Standalone,OrderType.Market,_default,,PositionEffect.Close,,4000.0,False,,OrderSide.Sell,OrderStatus.Filled,000858.SZ,,TimeInForce.GTC,,,,1516291200000000000,2018-01-18T16:00:00Z
10.4895,22279.698,1516204800000000000,2018-01-17T16:00:00Z,849600.0,,565c969a-d6a9-4dc5-a579-17212c82e7a8,OrderRole.Standalone,OrderType.Market,_default,,PositionEffect.Close,,849600.0,False,,OrderSide.Sell,OrderStatus.Filled,002129.SZ,,TimeInForce.GTC,,,,1516291200000000000,2018-01-18T16:00:00Z
14.87511,26990.887095,1516204800000000000,2018-01-17T16:00:00Z,725800.0,,8463860f-fedb-46f3-9c11-0537abef786e,OrderRole.Standalone,OrderType.Market,_default,,PositionEffect.Close,,725800.0,False,,OrderSide.Sell,OrderStatus.Filled,002493.SZ,,TimeInForce.GTC,,,,1516291200000000000,2018-01-18T16:00:00Z
42.58737,31333.6574775,1516204800000000000,2018-01-17T16:00:00Z,294300.0,,bee44f85-0197-4f53-92b6-3b6faa277dfe,OrderRole.Standalone,OrderType.Market,_default,,PositionEffect.Close,,294300.0,False,,OrderSide.Sell,OrderStatus.Filled,600600.SH,,TimeInForce.GTC,,,,1516291200000000000,2018-01-18T16:00:00Z
34.11585,187.637175,1516204800000000000,2018-01-17T16:00:00Z,2200.0,,04809164-3ec5-4d19-a699-45e68befd981,OrderRole.Standalone,OrderType.Market,_default,,PositionEffect.Close,,2200.0,False,,OrderSide.Sell,OrderStatus.Filled,600887.SH,,TimeInForce.GTC,,,,1516291200000000000,2018-01-18T16:00:00Z
11.07891,24379.141455,1516204800000000000,2018-01-17T16:00:00Z,880200.0,,25fc98e8-69c8-4fa5-8599-f863240a2682,OrderRole.Standalone,OrderType.Market,_default,,PositionEffect.Close,,880200.0,False,,OrderSide.Sell,OrderStatus.Filled,601111.SH,,TimeInForce.GTC,,,,1516291200000000000,2018-01-18T16:00:00Z
,0.0,1516204800000000000,2018-01-17T16:00:00Z,0.0,,ee6225b6-77f7-4d6f-a69c-8fc718385a66,OrderRole.Standalone,OrderType.Market,_default,,PositionEffect.Close,,1568800.0,False,"Symbol 601600.SH not tradable (zero volume, suspension) at execution timestamp 1516291200000000000",OrderSide.Sell,OrderStatus.Rejected,601600.SH,,TimeInForce.GTC,,,,1516291200000000000,2018-01-18T16:00:00Z
,0.0,1516204800000000000,2018-01-17T16:00:00Z,0.0,,87260877-45f6-4cd6-b98f-677d4cbf69d5,OrderRole.Standalone,OrderType.Market,_default,,PositionEffect.Close,,288100.0,False,"Symbol 600309.SH not tradable (zero volume, suspension) at execution timestamp 1516291200000000000",OrderSide.Sell,OrderStatus.Rejected,600309.SH,,TimeInForce.GTC,,,,1516291200000000000,2018-01-18T16:00:00Z
39.88985,27693.5283625,1516204800000000000,2018-01-17T16:00:00Z,277700.0,,21f268a3-75b0-463d-a25c-19fb9a9ff35e,OrderRole.Standalone,OrderType.Market,_default,,PositionEffect.Open,,277700.0,False,,OrderSide.Buy,OrderStatus.Filled,000002.SZ,,TimeInForce.GTC,,,,1516291200000000000,2018-01-18T16:00:00Z
102.11201,27621.298705,1516204800000000000,2018-01-17T16:00:00Z,108200.0,,d6d0937c-a8cf-4793-8531-8aba93457ab4,OrderRole.Standalone,OrderType.Market,_default,,PositionEffect.Open,,108200.0,False,,OrderSide.Buy,OrderStatus.Filled,000538.SZ,,TimeInForce.GTC,,,,1516291200000000000,2018-01-18T16:00:00Z
70.2702,27633.75615,1516204800000000000,2018-01-17T16:00:00Z,157300.0,,1233c0e6-84b8-4b2a-8e70-47f6fa79a89b,OrderRole.Standalone,OrderType.Market,_default,,PositionEffect.Open,,157300.0,False,,OrderSide.Buy,OrderStatus.Filled,000568.SZ,,TimeInForce.GTC,,,,1516291200000000000,2018-01-18T16:00:00Z
52.14209,27531.02352,1516204800000000000,2018-01-17T16:00:00Z,211200.0,,2253b5bf-4daa-4451-9311-e0f3fb7f3992,OrderRole.Standalone,OrderType.Market,_default,,PositionEffect.Open,,211200.0,False,,OrderSide.Buy,OrderStatus.Filled,000651.SZ,,TimeInForce.GTC,,,,1516291200000000000,2018-01-18T16:00:00Z
72.95288,27649.14152,1516204800000000000,2018-01-17T16:00:00Z,151600.0,,e5c0ca95-a13f-432e-9f55-ba7498bd0c3b,OrderRole.Standalone,OrderType.Market,_default,,PositionEffect.Open,,151600.0,False,,OrderSide.Buy,OrderStatus.Filled,600276.SH,,TimeInForce.GTC,,,,1516291200000000000,2018-01-18T16:00:00Z
,0.0,1516204800000000000,2018-01-17T16:00:00Z,0.0,,63474691-a109-4201-8a72-19a2fe6eef17,OrderRole.Standalone,OrderType.Market,_default,,PositionEffect.Open,,14700.0,False,"Risk: Insufficient margin at execution. Required: 11106394.37407500000000000000, Available: 10098817.26607150152510373968",OrderSide.Buy,OrderStatus.Rejected,600519.SH,,TimeInForce.GTC,,,,1516291200000000000,2018-01-18T16:00:00Z
,0.0,1516204800000000000,2018-01-17T16:00:00Z,0.0,,5be97cfc-c01f-4a6c-8df2-b1135739637c,OrderRole.Standalone,OrderType.Market,_default,,PositionEffect.Open,,390200.0,False,"Risk: Insufficient margin at execution. Required: 11073505.58314000000000000000, Available: 10098817.26607150152510373968",OrderSide.Buy,OrderStatus.Rejected,600660.SH,,TimeInForce.GTC,,,,1516291200000000000,2018-01-18T16:00:00Z
14.8148,55.5555,1516204800000000000,2018-01-17T16:00:00Z,1500.0,,6dafb7a2-6bde-4894-9bd3-4bce7c6dd1f1,OrderRole.Standalone,OrderType.Market,_default,,PositionEffect.Open,,1500.0,False,,OrderSide.Buy,OrderStatus.Filled,000001.SZ,,TimeInForce.GTC,,,,1516291200000000000,2018-01-18T16:00:00Z
85.58433,27344.193435,1516291200000000000,2018-01-18T16:00:00Z,127800.0,,adadfff4-4f38-469d-aaf2-8aac5c7b8729,OrderRole.Standalone,OrderType.Market,_default,,PositionEffect.Close,,127800.0,False,,OrderSide.Sell,OrderStatus.Filled,000858.SZ,,TimeInForce.GTC,,,,1516550400000000000,2018-01-21T16:00:00Z
33.59637,27078.67422,1516291200000000000,2018-01-18T16:00:00Z,322400.0,,c6d28c8d-669a-4ecb-bfb7-6dc93ee7e3bd,OrderRole.Standalone,OrderType.Market,_default,,PositionEffect.Close,,322400.0,False,,OrderSide.Sell,OrderStatus.Filled,600887.SH,,TimeInForce.GTC,,,,1516550400000000000,2018-01-21T16:00:00Z
,0.0,1519228800000000000,2018-02-21T16:00:00Z,0.0,,927a2357-5a85-4d90-a18d-28abdf11e2f0,OrderRole.Standalone,OrderType.Market,_default,,PositionEffect.Close,,750100.0,False,"Risk: Insufficient available position for 000001.SZ at execution. Available: 750099.9999999999607425138488, Required: 750100",OrderSide.Sell,OrderStatus.Rejected,000001.SZ,,TimeInForce.GTC,,,,1519315200000000000,2018-02-22T16:00:00Z
33.8661,23511.539925,1519228800000000000,2018-02-21T16:00:00Z,277700.0,,b0cb977c-ea27-41a2-ba3e-485c63e0aedf,OrderRole.Standalone,OrderType.Market,_default,,PositionEffect.Close,,277700.0,False,,OrderSide.Sell,OrderStatus.Filled,000002.SZ,,TimeInForce.GTC,,,,1519315200000000000,2018-02-22T16:00:00Z
96.26364,26039.31462,1519228800000000000,2018-02-21T16:00:00Z,108200.0,,db5cb679-796a-469c-a559-b8d2cea1865b,OrderRole.Standalone,OrderType.Market,_default,,PositionEffect.Close,,108200.0,False,,OrderSide.Sell,OrderStatus.Filled,000538.SZ,,TimeInForce.GTC,,,,1519315200000000000,2018-02-22T16:00:00Z
62.34759,24518.1897675,1519228800000000000,2018-02-21T16:00:00Z,157300.0,,cc5d5811-e9e1-4674-804a-bb7c3e2cef26,OrderRole.Standalone,OrderType.Market,_default,,PositionEffect.Close,,157300.0,False,,OrderSide.Sell,OrderStatus.Filled,000568.SZ,,TimeInForce.GTC,,,,1519315200000000000,2018-02-22T16:00:00Z
54.945,29010.96,1519228800000000000,2018-02-21T16:00:00Z,211200.0,,06ef0867-9704-448c-9d44-fa1472a65e80,OrderRole.Standalone,OrderType.Market,_default,,PositionEffect.Close,,211200.0,False,,OrderSide.Sell,OrderStatus.Filled,000651.SZ,,TimeInForce.GTC,,,,1519315200000000000,2018-02-22T16:00:00Z
72.90702,27631.76058,1519228800000000000,2018-02-21T16:00:00Z,151600.0,,461423d9-379c-4735-854b-00fec7dc03da,OrderRole.Standalone,OrderType.Market,_default,,PositionEffect.Close,,151600.0,False,,OrderSide.Sell,OrderStatus.Filled,600276.SH,,TimeInForce.GTC,,,,1519315200000000000,2018-02-22T16:00:00Z
,0.0,1519228800000000000,2018-02-21T16:00:00Z,0.0,,d0d76622-040c-406e-aa09-eb45981c9ffe,OrderRole.Standalone,OrderType.Market,_default,,PositionEffect.Close,,1568800.0,False,"Symbol 601600.SH not tradable (zero volume, suspension) at execution timestamp 1519315200000000000",OrderSide.Sell,OrderStatus.Rejected,601600.SH,,TimeInForce.GTC,,,,1519315200000000000,2018-02-22T16:00:00Z
,0.0,1519228800000000000,2018-02-21T16:00:00Z,0.0,,688e69ce-3977-45a1-84ef-382a68e88e9e,OrderRole.Standalone,OrderType.Market,_default,,PositionEffect.Close,,288100.0,False,"Symbol 600309.SH not tradable (zero volume, suspension) at execution timestamp 1519315200000000000",OrderSide.Sell,OrderStatus.Rejected,600309.SH,,TimeInForce.GTC,,,,1519315200000000000,2018-02-22T16:00:00Z
6.56656,44453.96956,1519228800000000000,2018-02-21T16:00:00Z,2707900.0,,068899ec-1b75-40bb-8248-37d60fa6d712,OrderRole.Standalone,OrderType.Market,_default,,PositionEffect.Open,,2707900.0,False,,OrderSide.Buy,OrderStatus.Filled,600028.SH,,TimeInForce.GTC,,,,1519315200000000000,2018-02-22T16:00:00Z
18.15814,43910.922055,1519228800000000000,2018-02-21T16:00:00Z,967300.0,,2856a5b5-4a9c-4e59-91c1-8d44281338b2,OrderRole.Standalone,OrderType.Market,_default,,PositionEffect.Open,,967300.0,False,,OrderSide.Buy,OrderStatus.Filled,601166.SH,,TimeInForce.GTC,,,,1519315200000000000,2018-02-22T16:00:00Z
4.31431,43911.04718,1519228800000000000,2018-02-21T16:00:00Z,4071200.0,,158346c6-72a2-423d-a843-652577303565,OrderRole.Standalone,OrderType.Market,_default,,PositionEffect.Open,,4071200.0,False,,OrderSide.Buy,OrderStatus.Filled,601288.SH,,TimeInForce.GTC,,,,1519315200000000000,2018-02-22T16:00:00Z
6.64664,43911.02716,1519228800000000000,2018-02-21T16:00:00Z,2642600.0,,25c2a3a2-20f7-48ad-82a6-23663f57baea,OrderRole.Standalone,OrderType.Market,_default,,PositionEffect.Open,,2642600.0,False,,OrderSide.Buy,OrderStatus.Filled,601328.SH,,TimeInForce.GTC,,,,1519315200000000000,2018-02-22T16:00:00Z
,0.0,1519228800000000000,2018-02-21T16:00:00Z,0.0,,f36cf426-6f3a-49e6-9792-6379e2507203,OrderRole.Standalone,OrderType.Market,_default,,PositionEffect.Open,,3978900.0,False,"Risk: Insufficient margin at execution. Required: 17608407.18887250000000000000, Available: 13316562.30456900152510373968",OrderSide.Buy,OrderStatus.Rejected,601818.SH,,TimeInForce.GTC,,,,1519315200000000000,2018-02-22T16:00:00Z
,0.0,1519228800000000000,2018-02-21T16:00:00Z,0.0,,61ebf2cc-a0ea-4be2-971a-d22640de7fba,OrderRole.Standalone,OrderType.Market,_default,,PositionEffect.Open,,4015300.0,False,"Risk: Insufficient margin at execution. Required: 17688906.15241750000000000000, Available: 13316562.30456900152510373968",OrderSide.Buy,OrderStatus.Rejected,601988.SH,,TimeInForce.GTC,,,,1519315200000000000,2018-02-22T16:00:00Z
,0.0,1521648000000000000,2018-03-21T16:00:00Z,0.0,,5739eb77-1539-4358-811e-41e6564c04f2,OrderRole.Standalone,OrderType.Market,_default,,PositionEffect.Close,,750100.0,False,"Risk: Insufficient available position for 000001.SZ at execution. Available: 750099.9999999999607425138488, Required: 750100",OrderSide.Sell,OrderStatus.Rejected,000001.SZ,,TimeInForce.GTC,,,,1521734400000000000,2018-03-22T16:00:00Z
6.60339,44703.2994525,1521648000000000000,2018-03-21T16:00:00Z,2707900.0,,152ed26f-2e73-4f67-8521-1fcb29297380,OrderRole.Standalone,OrderType.Market,_default,,PositionEffect.Close,,2707900.0,False,,OrderSide.Sell,OrderStatus.Filled,600028.SH,,TimeInForce.GTC,,,,1521734400000000000,2018-03-22T16:00:00Z
17.06292,41262.40629,1521648000000000000,2018-03-21T16:00:00Z,967300.0,,f6e2cdb8-20b1-48f5-90b7-b7172e7f0d45,OrderRole.Standalone,OrderType.Market,_default,,PositionEffect.Close,,967300.0,False,,OrderSide.Sell,OrderStatus.Filled,601166.SH,,TimeInForce.GTC,,,,1521734400000000000,2018-03-22T16:00:00Z
3.96603,40366.25334,1521648000000000000,2018-03-21T16:00:00Z,4071200.0,,17024eda-b486-4ab9-be76-77d94113c84c,OrderRole.Standalone,OrderType.Market,_default,,PositionEffect.Close,,4071200.0,False,,OrderSide.Sell,OrderStatus.Filled,601288.SH,,TimeInForce.GTC,,,,1521734400000000000,2018-03-22T16:00:00Z
6.28371,41513.330115,1521648000000000000,2018-03-21T16:00:00Z,2642600.0,,d0bf1aac-d70e-41a5-9f01-970541be8a98,OrderRole.Standalone,OrderType.Market,_default,,PositionEffect.Close,,2642600.0,False,,OrderSide.Sell,OrderStatus.Filled,601328.SH,,TimeInForce.GTC,,,,1521734400000000000,2018-03-22T16:00:00Z
,0.0,1521648000000000000,2018-03-21T16:00:00Z,0.0,,47b1e686-e86b-4d1d-b39f-46df9f857f89,OrderRole.Standalone,OrderType.Market,_default,,PositionEffect.Close,,288100.0,False,"Symbol 600309.SH not tradable (zero volume, suspension) at execution timestamp 1521734400000000000",OrderSide.Sell,OrderStatus.Rejected,600309.SH,,TimeInForce.GTC,,,,1521734400000000000,2018-03-22T16:00:00Z
17.99798,31811.42965,1521648000000000000,2018-03-21T16:00:00Z,707000.0,,8a5b3f40-d313-4652-b0c3-6d943c853239,OrderRole.Standalone,OrderType.Market,_default,,PositionEffect.Open,,707000.0,False,,OrderSide.Buy,OrderStatus.Filled,600150.SH,,TimeInForce.GTC,,,,1521734400000000000,2018-03-22T16:00:00Z
33.02299,33749.49578,1521648000000000000,2018-03-21T16:00:00Z,408800.0,,b6d4d0e8-e181-40cc-b8d4-d999ab455a30,OrderRole.Standalone,OrderType.Market,_default,,PositionEffect.Open,,408800.0,False,,OrderSide.Buy,OrderStatus.Filled,600588.SH,,TimeInForce.GTC,,,,1521734400000000000,2018-03-22T16:00:00Z
43.11307,32884.4941425,1521648000000000000,2018-03-21T16:00:00Z,305100.0,,ac482bc1-0c80-4bc4-b66c-a50ac3c9a830,OrderRole.Standalone,OrderType.Market,_default,,PositionEffect.Open,,305100.0,False,,OrderSide.Buy,OrderStatus.Filled,601360.SH,,TimeInForce.GTC,,,,1521734400000000000,2018-03-22T16:00:00Z
10.04003,33262.61939,1521648000000000000,2018-03-21T16:00:00Z,1325200.0,,46051846-24ad-4144-89d5-21bcee2737a3,OrderRole.Standalone,OrderType.Market,_default,,PositionEffect.Open,,1325200.0,False,,OrderSide.Buy,OrderStatus.Filled,601699.SH,,TimeInForce.GTC,,,,1521734400000000000,2018-03-22T16:00:00Z
121.14102,33828.629835,1521648000000000000,2018-03-21T16:00:00Z,111700.0,,8fe1760f-aa3d-441e-ab22-91fd98cc34e8,OrderRole.Standalone,OrderType.Market,_default,,PositionEffect.Open,,111700.0,False,,OrderSide.Buy,OrderStatus.Filled,603799.SH,,TimeInForce.GTC,,,,1521734400000000000,2018-03-22T16:00:00Z
,0.0,1521648000000000000,2018-03-21T16:00:00Z,0.0,,b3ad685f-f609-487a-ae73-3560b7994120,OrderRole.Standalone,OrderType.Market,_default,,PositionEffect.Open,,77500.0,False,"Risk: Insufficient margin at execution. Required: 13454459.76875000000000000001, Available: 8020830.45093650152510373969",OrderSide.Buy,OrderStatus.Rejected,603986.SH,,TimeInForce.GTC,,,,1521734400000000000,2018-03-22T16:00:00Z
4.95495,14677.8006375,1521648000000000000,2018-03-21T16:00:00Z,1184900.0,,b1c85b6e-06b3-4459-a860-099fbf8af901,OrderRole.Standalone,OrderType.Market,_default,,PositionEffect.Open,,1184900.0,False,,OrderSide.Buy,OrderStatus.Filled,601600.SH,,TimeInForce.GTC,,,,1521734400000000000,2018-03-22T16:00:00Z
,0.0,1524412800000000000,2018-04-22T16:00:00Z,0.0,,c1d8c990-d9e4-4f77-bb7d-53440c987d56,OrderRole.Standalone,OrderType.Market,_default,,PositionEffect.Close,,750100.0,False,"Risk: Insufficient available position for 000001.SZ at execution. Available: 750099.9999999999607425138488, Required: 750100",OrderSide.Sell,OrderStatus.Rejected,000001.SZ,,TimeInForce.GTC,,,,1524499200000000000,2018-04-23T16:00:00Z
16.23375,28693.153125,1524412800000000000,2018-04-22T16:00:00Z,707000.0,,084d67db-4faf-415f-801d-75fe30f24cf8,OrderRole.Standalone,OrderType.Market,_default,,PositionEffect.Close,,707000.0,False,,OrderSide.Sell,OrderStatus.Filled,600150.SH,,TimeInForce.GTC,,,,1524499200000000000,2018-04-23T16:00:00Z
34.7652,35530.0344,1524412800000000000,2018-04-22T16:00:00Z,408800.0,,4f57233a-9575-42a4-961c-3d65c5b8394d,OrderRole.Standalone,OrderType.Market,_default,,PositionEffect.Close,,408800.0,False,,OrderSide.Sell,OrderStatus.Filled,600588.SH,,TimeInForce.GTC,,,,1524499200000000000,2018-04-23T16:00:00Z
39.7602,30327.09255,1524412800000000000,2018-04-22T16:00:00Z,305100.0,,a29a44bd-5f72-442e-99ad-a62949551e7b,OrderRole.Standalone,OrderType.Market,_default,,PositionEffect.Close,,305100.0,False,,OrderSide.Sell,OrderStatus.Filled,601360.SH,,TimeInForce.GTC,,,,1524499200000000000,2018-04-23T16:00:00Z
4.68531,32254.8453675,1524412800000000000,2018-04-22T16:00:00Z,2753700.0,,e92cda22-8afd-40b3-b58c-5c505b8f782a,OrderRole.Standalone,OrderType.Market,_default,,PositionEffect.Close,,2753700.0,False,,OrderSide.Sell,OrderStatus.Filled,601600.SH,,TimeInForce.GTC,,,,1524499200000000000,2018-04-23T16:00:00Z
10.66932,35347.45716,1524412800000000000,2018-04-22T16:00:00Z,1325200.0,,c221a7b8-2a83-4385-ab8e-909a923e2d5c,OrderRole.Standalone,OrderType.Market,_default,,PositionEffect.Close,,1325200.0,False,,OrderSide.Sell,OrderStatus.Filled,601699.SH,,TimeInForce.GTC,,,,1524499200000000000,2018-04-23T16:00:00Z
104.895,29291.92875,1524412800000000000,2018-04-22T16:00:00Z,111700.0,,62f2878c-dae0-4f44-8f59-ce353ced0f9b,OrderRole.Standalone,OrderType.Market,_default,,PositionEffect.Close,,111700.0,False,,OrderSide.Sell,OrderStatus.Filled,603799.SH,,TimeInForce.GTC,,,,1524499200000000000,2018-04-23T16:00:00Z
,0.0,1524412800000000000,2018-04-22T16:00:00Z,0.0,,ea681b81-1045-4cd3-a28f-7a32ad060c6b,OrderRole.Standalone,OrderType.Market,_default,,PositionEffect.Close,,288100.0,False,"Symbol 600309.SH not tradable (zero volume, suspension) at execution timestamp 1524499200000000000",OrderSide.Sell,OrderStatus.Rejected,600309.SH,,TimeInForce.GTC,,,,1524499200000000000,2018-04-23T16:00:00Z
50.14009,23941.892975,1524412800000000000,2018-04-22T16:00:00Z,191000.0,,7b43a261-599e-4631-a22b-e3167bcf85bb,OrderRole.Standalone,OrderType.Market,_default,,PositionEffect.Open,,191000.0,False,,OrderSide.Buy,OrderStatus.Filled,000651.SZ,,TimeInForce.GTC,,,,1524499200000000000,2018-04-23T16:00:00Z
56.98693,23122.4468475,1524412800000000000,2018-04-22T16:00:00Z,162300.0,,267a8623-ea67-4f42-b6c5-36eae1dd42dd,OrderRole.Standalone,OrderType.Market,_default,,PositionEffect.Open,,162300.0,False,,OrderSide.Buy,OrderStatus.Filled,002049.SZ,,TimeInForce.GTC,,,,1524499200000000000,2018-04-23T16:00:00Z
30.22019,23375.316965,1524412800000000000,2018-04-22T16:00:00Z,309400.0,,c6426846-7507-41c4-a397-8fe08b885b9b,OrderRole.Standalone,OrderType.Market,_default,,PositionEffect.Open,,309400.0,False,,OrderSide.Buy,OrderStatus.Filled,002180.SZ,,TimeInForce.GTC,,,,1524499200000000000,2018-04-23T16:00:00Z
37.65762,23959.660725,1524412800000000000,2018-04-22T16:00:00Z,254500.0,,a0d487fe-990a-4b8a-a9f7-762e70b93b9a,OrderRole.Standalone,OrderType.Market,_default,,PositionEffect.Open,,254500.0,False,,OrderSide.Buy,OrderStatus.Filled,300122.SZ,,TimeInForce.GTC,,,,1524499200000000000,2018-04-23T16:00:00Z
32.032,23047.024,1524412800000000000,2018-04-22T16:00:00Z,287800.0,,f4ad8eb8-ec4b-4951-806f-7dee52d387f9,OrderRole.Standalone,OrderType.Market,_default,,PositionEffect.Open,,287800.0,False,,OrderSide.Buy,OrderStatus.Filled,300223.SZ,,TimeInForce.GTC,,,,1524499200000000000,2018-04-23T16:00:00Z
19.8198,23332.85955,1524412800000000000,2018-04-22T16:00:00Z,470900.0,,c88f0a05-c1a1-44a8-8b9e-dc410770df65,OrderRole.Standalone,OrderType.Market,_default,,PositionEffect.Open,,470900.0,False,,OrderSide.Buy,OrderStatus.Filled,300394.SZ,,TimeInForce.GTC,,,,1524499200000000000,2018-04-23T16:00:00Z
24.20418,23798.759985,1524412800000000000,2018-04-22T16:00:00Z,393300.0,,819f1ace-3d62-4c10-a14e-15169ec114b2,OrderRole.Standalone,OrderType.Market,_default,,PositionEffect.Open,,393300.0,False,,OrderSide.Buy,OrderStatus.Filled,600132.SH,,TimeInForce.GTC,,,,1524499200000000000,2018-04-23T16:00:00Z
14.47446,24038.459445,1524412800000000000,2018-04-22T16:00:00Z,664300.0,,25671a2e-e564-4bef-95d3-e79e86098393,OrderRole.Standalone,OrderType.Market,_default,,PositionEffect.Open,,664300.0,False,,OrderSide.Buy,OrderStatus.Filled,600188.SH,,TimeInForce.GTC,,,,1524499200000000000,2018-04-23T16:00:00Z
,0.0,1524412800000000000,2018-04-22T16:00:00Z,0.0,,6bc89e1f-a6c3-4ec1-8541-2790d068c59c,OrderRole.Standalone,OrderType.Market,_default,,PositionEffect.Open,,831100.0,False,"Risk: Insufficient margin at execution. Required: 9557765.23201500000000000001, Available: 8772005.86309150152510373969",OrderSide.Buy,OrderStatus.Rejected,600438.SH,,TimeInForce.GTC,,,,1524499200000000000,2018-04-23T16:00:00Z
,0.0,1524412800000000000,2018-04-22T16:00:00Z,0.0,,c0e40075-97c9-43bb-a2d5-61fb0056a8c8,OrderRole.Standalone,OrderType.Market,_default,,PositionEffect.Open,,411400.0,False,"Risk: Insufficient margin at execution. Required: 9412773.16980000000000000001, Available: 8772005.86309150152510373969",OrderSide.Buy,OrderStatus.Rejected,600584.SH,,TimeInForce.GTC,,,,1524499200000000000,2018-04-23T16:00:00Z
,0.0,1527004800000000000,2018-05-22T16:00:00Z,0.0,,848d1227-29d9-4922-acc1-84cfac53bee1,OrderRole.Standalone,OrderType.Market,_default,,PositionEffect.Close,,750100.0,False,"Risk: Insufficient available position for 000001.SZ at execution. Available: 750099.9999999999607425138488, Required: 750100",OrderSide.Sell,OrderStatus.Rejected,000001.SZ,,TimeInForce.GTC,,,,1527091200000000000,2018-05-23T16:00:00Z
46.17378,22047.97995,1527004800000000000,2018-05-22T16:00:00Z,191000.0,,9e1343b4-eeed-45b0-a800-bc705b3fd2a6,OrderRole.Standalone,OrderType.Market,_default,,PositionEffect.Close,,191000.0,False,,OrderSide.Sell,OrderStatus.Filled,000651.SZ,,TimeInForce.GTC,,,,1527091200000000000,2018-05-23T16:00:00Z
53.70624,21791.30688,1527004800000000000,2018-05-22T16:00:00Z,162300.0,,26bc4343-bced-4742-bc10-5f7a0dcec3ab,OrderRole.Standalone,OrderType.Market,_default,,PositionEffect.Close,,162300.0,False,,OrderSide.Sell,OrderStatus.Filled,002049.SZ,,TimeInForce.GTC,,,,1527091200000000000,2018-05-23T16:00:00Z
33.95601,26264.973735,1527004800000000000,2018-05-22T16:00:00Z,309400.0,,36de5508-b989-47be-aa91-286573f7c1ee,OrderRole.Standalone,OrderType.Market,_default,,PositionEffect.Close,,309400.0,False,,OrderSide.Sell,OrderStatus.Filled,002180.SZ,,TimeInForce.GTC,,,,1527091200000000000,2018-05-23T16:00:00Z
30.65931,22059.373545,1527004800000000000,2018-05-22T16:00:00Z,287800.0,,35ac00d0-b04d-4d79-96be-c1d4e70c688f,OrderRole.Standalone,OrderType.Market,_default,,PositionEffect.Close,,287800.0,False,,OrderSide.Sell,OrderStatus.Filled,300223.SZ,,TimeInForce.GTC,,,,1527091200000000000,2018-05-23T16:00:00Z
21.33864,25120.91394,1527004800000000000,2018-05-22T16:00:00Z,470900.0,,aa6dead4-1715-4bc8-ad57-fde6d2f74620,OrderRole.Standalone,OrderType.Market,_default,,PositionEffect.Close,,470900.0,False,,OrderSide.Sell,OrderStatus.Filled,300394.SZ,,TimeInForce.GTC,,,,1527091200000000000,2018-05-23T16:00:00Z
30.2697,29762.682525,1527004800000000000,2018-05-22T16:00:00Z,393300.0,,285767ed-1658-49ad-adfc-4777f443317f,OrderRole.Standalone,OrderType.Market,_default,,PositionEffect.Close,,393300.0,False,,OrderSide.Sell,OrderStatus.Filled,600132.SH,,TimeInForce.GTC,,,,1527091200000000000,2018-05-23T16:00:00Z
13.56642,22530.432015,1527004800000000000,2018-05-22T16:00:00Z,664300.0,,14ba52e7-f572-4068-a770-7ef4fa69a48d,OrderRole.Standalone,OrderType.Market,_default,,PositionEffect.Close,,664300.0,False,,OrderSide.Sell,OrderStatus.Filled,600188.SH,,TimeInForce.GTC,,,,1527091200000000000,2018-05-23T16:00:00Z
,0.0,1527004800000000000,2018-05-22T16:00:00Z,0.0,,127d17fe-47aa-4618-9650-f989103f4dcf,OrderRole.Standalone,OrderType.Market,_default,,PositionEffect.Close,,288100.0,False,"Symbol 600309.SH not tradable (zero volume, suspension) at execution timestamp 1527091200000000000",OrderSide.Sell,OrderStatus.Rejected,600309.SH,,TimeInForce.GTC,,,,1527091200000000000,2018-05-23T16:00:00Z
215.9157,48311.137875,1527004800000000000,2018-05-22T16:00:00Z,89500.0,,7027e6f1-58e3-4238-959e-6234bf09d2b6,OrderRole.Standalone,OrderType.Market,_default,,PositionEffect.Open,,89500.0,False,,OrderSide.Buy,OrderStatus.Filled,000661.SZ,,TimeInForce.GTC,,,,1527091200000000000,2018-05-23T16:00:00Z
29.3293,48239.366175,1527004800000000000,2018-05-22T16:00:00Z,657900.0,,9027dbb1-1321-4723-9d3f-ff09c5a3918c,OrderRole.Standalone,OrderType.Market,_default,,PositionEffect.Open,,657900.0,False,,OrderSide.Buy,OrderStatus.Filled,002410.SZ,,TimeInForce.GTC,,,,1527091200000000000,2018-05-23T16:00:00Z
93.093,47663.616,1527004800000000000,2018-05-22T16:00:00Z,204800.0,,f57d67b0-5a55-426b-9be1-676aa1ac993b,OrderRole.Standalone,OrderType.Market,_default,,PositionEffect.Open,,204800.0,False,,OrderSide.Buy,OrderStatus.Filled,600276.SH,,TimeInForce.GTC,,,,1527091200000000000,2018-05-23T16:00:00Z
,0.0,1527004800000000000,2018-05-22T16:00:00Z,0.0,,310dd6c8-af65-494f-93b0-e7f06ee25abf,OrderRole.Standalone,OrderType.Market,_default,,PositionEffect.Open,,165700.0,False,"Risk: Insufficient margin at execution. Required: 19446488.59903750000000000000, Available: 11374055.22027650105250640064",OrderSide.Buy,OrderStatus.Rejected,600436.SH,,TimeInForce.GTC,,,,1527091200000000000,2018-05-23T16:00:00Z
48.7487,18049.206175,1527004800000000000,2018-05-22T16:00:00Z,148100.0,,85113b9c-b869-4f94-9c85-0c147096ee84,OrderRole.Standalone,OrderType.Market,_default,,PositionEffect.Open,,148100.0,False,,OrderSide.Buy,OrderStatus.Filled,300122.SZ,,TimeInForce.GTC,,,,1527091200000000000,2018-05-23T16:00:00Z
49.50045,49822.202925,1527091200000000000,2018-05-23T16:00:00Z,402600.0,,302c044b-e66a-48ac-901c-ec9c2bd2d1f3,OrderRole.Standalone,OrderType.Market,_default,,PositionEffect.Close,,402600.0,False,,OrderSide.Sell,OrderStatus.Filled,300122.SZ,,TimeInForce.GTC,,,,1527177600000000000,2018-05-24T16:00:00Z
,0.0,1529510400000000000,2018-06-20T16:00:00Z,0.0,,a171fcdb-bdf0-4753-b7e9-f106918b14a2,OrderRole.Standalone,OrderType.Market,_default,,PositionEffect.Close,,750100.0,False,"Risk: Insufficient available position for 000001.SZ at execution. Available: 750099.9999999999607425138488, Required: 750100",OrderSide.Sell,OrderStatus.Rejected,000001.SZ,,TimeInForce.GTC,,,,1529596800000000000,2018-06-21T16:00:00Z
213.77601,47832.3822375,1529510400000000000,2018-06-20T16:00:00Z,89500.0,,43d7bf0b-6d2f-463d-b66e-f3b9bd1f21b9,OrderRole.Standalone,OrderType.Market,_default,,PositionEffect.Close,,89500.0,False,,OrderSide.Sell,OrderStatus.Filled,000661.SZ,,TimeInForce.GTC,,,,1529596800000000000,2018-06-21T16:00:00Z
25.53444,41997.77019,1529510400000000000,2018-06-20T16:00:00Z,657900.0,,f6f8cc30-f0d4-4be3-89a5-4008c7965798,OrderRole.Standalone,OrderType.Market,_default,,PositionEffect.Close,,657900.0,False,,OrderSide.Sell,OrderStatus.Filled,002410.SZ,,TimeInForce.GTC,,,,1529596800000000000,2018-06-21T16:00:00Z
77.0229,10783.206,1529510400000000000,2018-06-20T16:00:00Z,56000.0,,673de383-0a0c-4e7e-bda2-e37916d56d7f,OrderRole.Standalone,OrderType.Market,_default,,PositionEffect.Close,,56000.0,False,,OrderSide.Sell,OrderStatus.Filled,600276.SH,,TimeInForce.GTC,,,,1529596800000000000,2018-06-21T16:00:00Z
47.79775,6428.797375,1529510400000000000,2018-06-20T16:00:00Z,53800.0,,6d114bf2-1127-4fae-bc73-8c96b42051fd,OrderRole.Standalone,OrderType.Market,_default,,PositionEffect.Open,,53800.0,False,,OrderSide.Buy,OrderStatus.Filled,600309.SH,,TimeInForce.GTC,,,,1529596800000000000,2018-06-21T16:00:00Z
754.754,40756.716,1529510400000000000,2018-06-20T16:00:00Z,21600.0,,f3f45fbe-7796-4d02-a722-c0fc89169187,OrderRole.Standalone,OrderType.Market,_default,,PositionEffect.Open,,21600.0,False,,OrderSide.Buy,OrderStatus.Filled,600519.SH,,TimeInForce.GTC,,,,1529596800000000000,2018-06-21T16:00:00Z
46.39635,40446.0181125,1529510400000000000,2018-06-20T16:00:00Z,348700.0,,92902998-dee9-437f-8266-081165285147,OrderRole.Standalone,OrderType.Market,_default,,PositionEffect.Open,,348700.0,False,,OrderSide.Buy,OrderStatus.Filled,600570.SH,,TimeInForce.GTC,,,,1529596800000000000,2018-06-21T16:00:00Z
86.3863,40947.1062,1529510400000000000,2018-06-20T16:00:00Z,189600.0,,a1155d5c-70d1-4001-8b23-95f2862592ce,OrderRole.Standalone,OrderType.Market,_default,,PositionEffect.Open,,189600.0,False,,OrderSide.Buy,OrderStatus.Filled,000596.SZ,,TimeInForce.GTC,,,,1529596800000000000,2018-06-21T16:00:00Z
139.139,39967.67775,1529510400000000000,2018-06-20T16:00:00Z,114900.0,,b661ce70-b7db-4ceb-97b9-dfbcd5ca059d,OrderRole.Standalone,OrderType.Market,_default,,PositionEffect.Open,,114900.0,False,,OrderSide.Buy,OrderStatus.Filled,002304.SZ,,TimeInForce.GTC,,,,1529596800000000000,2018-06-21T16:00:00Z
,0.0,1529596800000000000,2018-06-21T16:00:00Z,0.0,,8ec695e3-8830-494f-834b-324574b3d0af,OrderRole.Standalone,OrderType.Market,_default,,PositionEffect.Close,,210240.00000000003,False,"Risk: Insufficient available position for 600276.SH at execution. Available: 210240.00000000002250137853793, Required: 210240.00000000002910383045667",OrderSide.Sell,OrderStatus.Rejected,600276.SH,,TimeInForce.GTC,,,,1529856000000000000,2018-06-24T16:00:00Z
,0.0,1531929600000000000,2018-07-18T16:00:00Z,0.0,,1676b2ee-8d04-4641-a710-2945ae7cd12d,OrderRole.Standalone,OrderType.Market,_default,,PositionEffect.Close,,750100.0,False,"Risk: Insufficient available position for 000001.SZ at execution. Available: 750099.9999999999607425138488, Required: 750100",OrderSide.Sell,OrderStatus.Rejected,000001.SZ,,TimeInForce.GTC,,,,1532016000000000000,2018-07-19T16:00:00Z
94.64526,44861.85324,1531929600000000000,2018-07-18T16:00:00Z,189600.0,,8a52afaf-07f8-48e7-be23-3ce47c3eba79,OrderRole.Standalone,OrderType.Market,_default,,PositionEffect.Close,,189600.0,False,,OrderSide.Sell,OrderStatus.Filled,000596.SZ,,TimeInForce.GTC,,,,1532016000000000000,2018-07-19T16:00:00Z
131.87799,37881.9526275,1531929600000000000,2018-07-18T16:00:00Z,114900.0,,fd1d382b-bb89-4152-8213-711a9c9ad867,OrderRole.Standalone,OrderType.Market,_default,,PositionEffect.Close,,114900.0,False,,OrderSide.Sell,OrderStatus.Filled,002304.SZ,,TimeInForce.GTC,,,,1532016000000000000,2018-07-19T16:00:00Z
73.07685,38401.884675,1531929600000000000,2018-07-18T16:00:00Z,210200.0,,a5115825-37d8-416e-b7f1-c6d8a17fca62,OrderRole.Standalone,OrderType.Market,_default,,PositionEffect.Close,,210200.0,False,,OrderSide.Sell,OrderStatus.Filled,600276.SH,,TimeInForce.GTC,,,,1532016000000000000,2018-07-19T16:00:00Z
51.1488,2403.9936,1531929600000000000,2018-07-18T16:00:00Z,18800.0,,32a63c5d-1528-4be4-b434-60a39dc05b9f,OrderRole.Standalone,OrderType.Market,_default,,PositionEffect.Close,,18800.0,False,,OrderSide.Sell,OrderStatus.Filled,600309.SH,,TimeInForce.GTC,,,,1532016000000000000,2018-07-19T16:00:00Z
740.7585,40000.959,1531929600000000000,2018-07-18T16:00:00Z,21600.0,,2e05f66a-be53-4a61-9806-8bbb83f62cbd,OrderRole.Standalone,OrderType.Market,_default,,PositionEffect.Close,,21600.0,False,,OrderSide.Sell,OrderStatus.Filled,600519.SH,,TimeInForce.GTC,,,,1532016000000000000,2018-07-19T16:00:00Z
50.51943,44040.3131025,1531929600000000000,2018-07-18T16:00:00Z,348700.0,,89bc83a3-6cae-47a0-bee7-a490c1197e9f,OrderRole.Standalone,OrderType.Market,_default,,PositionEffect.Close,,348700.0,False,,OrderSide.Sell,OrderStatus.Filled,600570.SH,,TimeInForce.GTC,,,,1532016000000000000,2018-07-19T16:00:00Z
52.04199,41594.5605075,1531929600000000000,2018-07-18T16:00:00Z,319700.0,,06e3fc10-8fc4-454a-be4e-86e8ddc24816,OrderRole.Standalone,OrderType.Market,_default,,PositionEffect.Open,,319700.0,False,,OrderSide.Buy,OrderStatus.Filled,002371.SZ,,TimeInForce.GTC,,,,1532016000000000000,2018-07-19T16:00:00Z
48.8488,41838.9972,1531929600000000000,2018-07-18T16:00:00Z,342600.0,,4636fe05-7b8b-45b3-90b7-70c4e9a6513c,OrderRole.Standalone,OrderType.Market,_default,,PositionEffect.Open,,342600.0,False,,OrderSide.Buy,OrderStatus.Filled,300122.SZ,,TimeInForce.GTC,,,,1532016000000000000,2018-07-19T16:00:00Z
64.58452,41883.06122,1531929600000000000,2018-07-18T16:00:00Z,259400.0,,5be8d88c-c383-4b97-9bca-3ea51cbd0018,OrderRole.Standalone,OrderType.Market,_default,,PositionEffect.Open,,259400.0,False,,OrderSide.Buy,OrderStatus.Filled,300347.SZ,,TimeInForce.GTC,,,,1532016000000000000,2018-07-19T16:00:00Z
103.103,42014.4725,1531929600000000000,2018-07-18T16:00:00Z,163000.0,,09135478-8dfc-4801-b692-b904cd1b5b1c,OrderRole.Standalone,OrderType.Market,_default,,PositionEffect.Open,,163000.0,False,,OrderSide.Buy,OrderStatus.Filled,300661.SZ,,TimeInForce.GTC,,,,1532016000000000000,2018-07-19T16:00:00Z
120.96084,41277.88665,1531929600000000000,2018-07-18T16:00:00Z,136500.0,,5726087b-41be-4020-a4e9-7cefb2e017c1,OrderRole.Standalone,OrderType.Market,_default,,PositionEffect.Open,,136500.0,False,,OrderSide.Buy,OrderStatus.Filled,600436.SH,,TimeInForce.GTC,,,,1532016000000000000,2018-07-19T16:00:00Z
,0.0,1532016000000000000,2018-07-19T16:00:00Z,0.0,,6ccf654a-f84d-4991-ba66-1d1dc739aa24,OrderRole.Standalone,OrderType.Market,_default,,PositionEffect.Close,,323140.0,False,"Risk: Insufficient available position for 600309.SH at execution. Available: 323139.99999999998460342709433, Required: 323140",OrderSide.Sell,OrderStatus.Rejected,600309.SH,,TimeInForce.GTC,,,,1532275200000000000,2018-07-22T16:00:00Z
52.39755,41878.7418375,1534348800000000000,2018-08-15T16:00:00Z,319700.0,,98cc7c4d-ae5f-4dfb-baec-164a92714851,OrderRole.Standalone,OrderType.Market,_default,,PositionEffect.Close,,319700.0,False,,OrderSide.Sell,OrderStatus.Filled,002371.SZ,,TimeInForce.GTC,,,,1534435200000000000,2018-08-16T16:00:00Z
40.0599,34311.30435,1534348800000000000,2018-08-15T16:00:00Z,342600.0,,b9ff335a-05af-4b9f-8f79-ef1ae62c9c03,OrderRole.Standalone,OrderType.Market,_default,,PositionEffect.Close,,342600.0,False,,OrderSide.Sell,OrderStatus.Filled,300122.SZ,,TimeInForce.GTC,,,,1534435200000000000,2018-08-16T16:00:00Z
56.943,36927.5355,1534348800000000000,2018-08-15T16:00:00Z,259400.0,,f2005a35-3153-41ce-ab6e-0cfb2c2d17ef,OrderRole.Standalone,OrderType.Market,_default,,PositionEffect.Close,,259400.0,False,,OrderSide.Sell,OrderStatus.Filled,300347.SZ,,TimeInForce.GTC,,,,1534435200000000000,2018-08-16T16:00:00Z
108.3915,44169.53625,1534348800000000000,2018-08-15T16:00:00Z,163000.0,,49cee386-fb45-4e24-9def-bfdec20e1a58,OrderRole.Standalone,OrderType.Market,_default,,PositionEffect.Close,,163000.0,False,,OrderSide.Sell,OrderStatus.Filled,300661.SZ,,TimeInForce.GTC,,,,1534435200000000000,2018-08-16T16:00:00Z
49.95,40347.1125,1534348800000000000,2018-08-15T16:00:00Z,323100.0,,17bc95e3-ee56-4157-8f97-1437b8bdd44d,OrderRole.Standalone,OrderType.Market,_default,,PositionEffect.Close,,323100.0,False,,OrderSide.Sell,OrderStatus.Filled,600309.SH,,TimeInForce.GTC,,,,1534435200000000000,2018-08-16T16:00:00Z
104.31558,35597.691675,1534348800000000000,2018-08-15T16:00:00Z,136500.0,,480e4c13-610b-46fb-8f88-73d488104f2f,OrderRole.Standalone,OrderType.Market,_default,,PositionEffect.Close,,136500.0,False,,OrderSide.Sell,OrderStatus.Filled,600436.SH,,TimeInForce.GTC,,,,1534435200000000000,2018-08-16T16:00:00Z
3.5035,46381.08475,1534348800000000000,2018-08-15T16:00:00Z,5295400.0,,fa6b20a2-f765-4242-954f-e43cf6a4b59a,OrderRole.Standalone,OrderType.Market,_default,,PositionEffect.Open,,5295400.0,False,,OrderSide.Buy,OrderStatus.Filled,601818.SH,,TimeInForce.GTC,,,,1534435200000000000,2018-08-16T16:00:00Z
4.91491,46627.75117,1534348800000000000,2018-08-15T16:00:00Z,3794800.0,,9c788ac3-758d-4293-8306-d1c29f119c38,OrderRole.Standalone,OrderType.Market,_default,,PositionEffect.Open,,3794800.0,False,,OrderSide.Buy,OrderStatus.Filled,601898.SH,,TimeInForce.GTC,,,,1534435200000000000,2018-08-16T16:00:00Z
4.26426,46576.37985,1534348800000000000,2018-08-15T16:00:00Z,4369000.0,,2e84645a-72cc-4c17-8b77-909121c69aac,OrderRole.Standalone,OrderType.Market,_default,,PositionEffect.Open,,4369000.0,False,,OrderSide.Buy,OrderStatus.Filled,601919.SH,,TimeInForce.GTC,,,,1534435200000000000,2018-08-16T16:00:00Z
2.2022,46459.8134,1534348800000000000,2018-08-15T16:00:00Z,8438800.0,,208eb3d8-5932-4c84-8a5e-b4568b1d3c94,OrderRole.Standalone,OrderType.Market,_default,,PositionEffect.Open,,8438800.0,False,,OrderSide.Buy,OrderStatus.Filled,600221.SH,,TimeInForce.GTC,,,,1534435200000000000,2018-08-16T16:00:00Z
8.88888,30106.63656,1534348800000000000,2018-08-15T16:00:00Z,1354800.0,,78e7b89e-7f8d-40b1-bc16-4efd06dcc94e,OrderRole.Standalone,OrderType.Market,_default,,PositionEffect.Open,,1354800.0,False,,OrderSide.Buy,OrderStatus.Filled,000001.SZ,,TimeInForce.GTC,,,,1534435200000000000,2018-08-16T16:00:00Z
,0.0,1536768000000000000,2018-09-12T16:00:00Z,0.0,,59d0abfd-574c-4f7a-9889-6f3706f686d6,OrderRole.Standalone,OrderType.Market,_default,,PositionEffect.Close,,2104900.0,False,"Risk: Insufficient available position for 000001.SZ at execution. Available: 2104899.9999999999607425138488, Required: 2104900",OrderSide.Sell,OrderStatus.Rejected,000001.SZ,,TimeInForce.GTC,,,,1536854400000000000,2018-09-13T16:00:00Z
1.97802,41730.28794,1536768000000000000,2018-09-12T16:00:00Z,8438800.0,,93957c96-ec26-4237-b1b5-623039e5fa62,OrderRole.Standalone,OrderType.Market,_default,,PositionEffect.Close,,8438800.0,False,,OrderSide.Sell,OrderStatus.Filled,600221.SH,,TimeInForce.GTC,,,,1536854400000000000,2018-09-13T16:00:00Z
3.78621,50123.741085,1536768000000000000,2018-09-12T16:00:00Z,5295400.0,,a3f55bd9-9178-4888-bf5b-defc82b5de54,OrderRole.Standalone,OrderType.Market,_default,,PositionEffect.Close,,5295400.0,False,,OrderSide.Sell,OrderStatus.Filled,601818.SH,,TimeInForce.GTC,,,,1536854400000000000,2018-09-13T16:00:00Z
5.03496,47766.66552,1536768000000000000,2018-09-12T16:00:00Z,3794800.0,,35a70298-e949-4965-835c-10f2bec7d171,OrderRole.Standalone,OrderType.Market,_default,,PositionEffect.Close,,3794800.0,False,,OrderSide.Sell,OrderStatus.Filled,601898.SH,,TimeInForce.GTC,,,,1536854400000000000,2018-09-13T16:00:00Z
3.91608,42773.3838,1536768000000000000,2018-09-12T16:00:00Z,4369000.0,,c8077a49-c402-4d92-aeeb-48ace15d217a,OrderRole.Standalone,OrderType.Market,_default,,PositionEffect.Close,,4369000.0,False,,OrderSide.Sell,OrderStatus.Filled,601919.SH,,TimeInForce.GTC,,,,1536854400000000000,2018-09-13T16:00:00Z
215.88567,46469.3904675,1536768000000000000,2018-09-12T16:00:00Z,86100.0,,eae4e881-09e9-40fd-b5fb-7688e58e6921,OrderRole.Standalone,OrderType.Market,_default,,PositionEffect.Open,,86100.0,False,,OrderSide.Buy,OrderStatus.Filled,000661.SZ,,TimeInForce.GTC,,,,1536854400000000000,2018-09-13T16:00:00Z
21.85183,46495.2312825,1536768000000000000,2018-09-12T16:00:00Z,851100.0,,2866e689-1e99-480f-b9e0-6c422f7418e3,OrderRole.Standalone,OrderType.Market,_default,,PositionEffect.Open,,851100.0,False,,OrderSide.Buy,OrderStatus.Filled,300394.SZ,,TimeInForce.GTC,,,,1536854400000000000,2018-09-13T16:00:00Z
11.23122,46441.0947,1536768000000000000,2018-09-12T16:00:00Z,1654000.0,,52eb6bf6-691c-4d46-813f-a13e4363e7b7,OrderRole.Standalone,OrderType.Market,_default,,PositionEffect.Open,,1654000.0,False,,OrderSide.Buy,OrderStatus.Filled,302132.SZ,,TimeInForce.GTC,,,,1536854400000000000,2018-09-13T16:00:00Z
15.015,46595.29875,1536768000000000000,2018-09-12T16:00:00Z,1241300.0,,55cdc940-b91e-4ac1-b419-ada507006f2f,OrderRole.Standalone,OrderType.Market,_default,,PositionEffect.Open,,1241300.0,False,,OrderSide.Buy,OrderStatus.Filled,600372.SH,,TimeInForce.GTC,,,,1536854400000000000,2018-09-13T16:00:00Z
,0.0,1536768000000000000,2018-09-12T16:00:00Z,0.0,,258c2d33-cf4b-4d5a-a229-b1d969c3967e,OrderRole.Standalone,OrderType.Market,_default,,PositionEffect.Open,,838900.0,False,"Risk: Insufficient margin at execution. Required: 18688809.08894999999999999999, Available: 8122805.70127649919087305449",OrderSide.Buy,OrderStatus.Rejected,600482.SH,,TimeInForce.GTC,,,,1536854400000000000,2018-09-13T16:00:00Z
10.79919,13139.9144325,1539878400000000000,2018-10-18T16:00:00Z,486700.0,,7b82aceb-c55e-47f4-b783-4ee9e9251a36,OrderRole.Standalone,OrderType.Market,_default,,PositionEffect.Close,,486700.0,False,,OrderSide.Sell,OrderStatus.Filled,000001.SZ,,TimeInForce.GTC,,,,1540137600000000000,2018-10-21T16:00:00Z
179.99982,38744.961255,1539878400000000000,2018-10-18T16:00:00Z,86100.0,,6c2a143b-c51b-4557-91d8-5dca73017428,OrderRole.Standalone,OrderType.Market,_default,,PositionEffect.Close,,86100.0,False,,OrderSide.Sell,OrderStatus.Filled,000661.SZ,,TimeInForce.GTC,,,,1540137600000000000,2018-10-21T16:00:00Z
24.64533,52439.1009075,1539878400000000000,2018-10-18T16:00:00Z,851100.0,,05cd5aef-8f67-4129-8160-516c736d453a,OrderRole.Standalone,OrderType.Market,_default,,PositionEffect.Close,,851100.0,False,,OrderSide.Sell,OrderStatus.Filled,300394.SZ,,TimeInForce.GTC,,,,1540137600000000000,2018-10-21T16:00:00Z
8.57142,35442.8217,1539878400000000000,2018-10-18T16:00:00Z,1654000.0,,ad127b2f-f4cf-444e-9f36-e904b4ceff73,OrderRole.Standalone,OrderType.Market,_default,,PositionEffect.Close,,1654000.0,False,,OrderSide.Sell,OrderStatus.Filled,302132.SZ,,TimeInForce.GTC,,,,1540137600000000000,2018-10-21T16:00:00Z
13.0869,40611.922425,1539878400000000000,2018-10-18T16:00:00Z,1241300.0,,79a99c55-e7a7-439e-ad90-fc2e1306d7ec,OrderRole.Standalone,OrderType.Market,_default,,PositionEffect.Close,,1241300.0,False,,OrderSide.Sell,OrderStatus.Filled,600372.SH,,TimeInForce.GTC,,,,1540137600000000000,2018-10-21T16:00:00Z
3.62362,43690.892245,1539878400000000000,2018-10-18T16:00:00Z,4822900.0,,fc85116b-7309-4afa-bb34-3b8db20eebbd,OrderRole.Standalone,OrderType.Market,_default,,PositionEffect.Open,,4822900.0,False,,OrderSide.Buy,OrderStatus.Filled,601988.SH,,TimeInForce.GTC,,,,1540137600000000000,2018-10-21T16:00:00Z
5.89589,43868.369545,1539878400000000000,2018-10-18T16:00:00Z,2976200.0,,8fbbb1ee-2e76-489e-9ca4-24c9c478a151,OrderRole.Standalone,OrderType.Market,_default,,PositionEffect.Open,,2976200.0,False,,OrderSide.Buy,OrderStatus.Filled,000625.SZ,,TimeInForce.GTC,,,,1540137600000000000,2018-10-21T16:00:00Z
7.8078,43626.0825,1539878400000000000,2018-10-18T16:00:00Z,2235000.0,,961640ee-fc10-4545-9c16-d32b988eb18d,OrderRole.Standalone,OrderType.Market,_default,,PositionEffect.Open,,2235000.0,False,,OrderSide.Buy,OrderStatus.Filled,600015.SH,,TimeInForce.GTC,,,,1540137600000000000,2018-10-21T16:00:00Z
6.21621,43780.76703,1539878400000000000,2018-10-18T16:00:00Z,2817200.0,,555d7b56-57af-40c9-8959-2eb14f10a410,OrderRole.Standalone,OrderType.Market,_default,,PositionEffect.Open,,2817200.0,False,,OrderSide.Buy,OrderStatus.Filled,600016.SH,,TimeInForce.GTC,,,,1540137600000000000,2018-10-21T16:00:00Z
,0.0,1542297600000000000,2018-11-15T16:00:00Z,0.0,,b97bcddc-bbea-4414-9dd2-312559037c5c,OrderRole.Standalone,OrderType.Market,_default,,PositionEffect.Close,,1618200.0,False,"Risk: Insufficient available position for 000001.SZ at execution. Available: 1618199.9999999999607425138488, Required: 1618200",OrderSide.Sell,OrderStatus.Rejected,000001.SZ,,TimeInForce.GTC,,,,1542556800000000000,2018-11-18T16:00:00Z
6.65334,49504.17627,1542297600000000000,2018-11-15T16:00:00Z,2976200.0,,d049d660-a0cf-441e-ab62-d33741dd938e,OrderRole.Standalone,OrderType.Market,_default,,PositionEffect.Close,,2976200.0,False,,OrderSide.Sell,OrderStatus.Filled,000625.SZ,,TimeInForce.GTC,,,,1542556800000000000,2018-11-18T16:00:00Z
7.91208,44208.747,1542297600000000000,2018-11-15T16:00:00Z,2235000.0,,92acbb3b-9890-49a3-9918-266987a84a51,OrderRole.Standalone,OrderType.Market,_default,,PositionEffect.Close,,2235000.0,False,,OrderSide.Sell,OrderStatus.Filled,600015.SH,,TimeInForce.GTC,,,,1542556800000000000,2018-11-18T16:00:00Z
6.16383,43411.85469,1542297600000000000,2018-11-15T16:00:00Z,2817200.0,,67923bf7-0d3e-4f1b-8617-dc35111368e7,OrderRole.Standalone,OrderType.Market,_default,,PositionEffect.Close,,2817200.0,False,,OrderSide.Sell,OrderStatus.Filled,600016.SH,,TimeInForce.GTC,,,,1542556800000000000,2018-11-18T16:00:00Z
3.60639,43483.1458275,1542297600000000000,2018-11-15T16:00:00Z,4822900.0,,e710bd37-6520-47f4-b157-5a596f6f7ecc,OrderRole.Standalone,OrderType.Market,_default,,PositionEffect.Close,,4822900.0,False,,OrderSide.Sell,OrderStatus.Filled,601988.SH,,TimeInForce.GTC,,,,1542556800000000000,2018-11-18T16:00:00Z
3.61361,44876.5191875,1542297600000000000,2018-11-15T16:00:00Z,4967500.0,,c892337f-986e-45aa-94a0-20e9a71c2da6,OrderRole.Standalone,OrderType.Market,_default,,PositionEffect.Open,,4967500.0,False,,OrderSide.Buy,OrderStatus.Filled,601288.SH,,TimeInForce.GTC,,,,1542556800000000000,2018-11-18T16:00:00Z
3.24324,44891.30646,1542297600000000000,2018-11-15T16:00:00Z,5536600.0,,a4fc9ba7-2b59-4728-99f4-64de9b8fa753,OrderRole.Standalone,OrderType.Market,_default,,PositionEffect.Open,,5536600.0,False,,OrderSide.Buy,OrderStatus.Filled,601618.SH,,TimeInForce.GTC,,,,1542556800000000000,2018-11-18T16:00:00Z
4.83483,44752.3951875,1542297600000000000,2018-11-15T16:00:00Z,3702500.0,,a5579815-c2ac-4a4e-a441-09b4b0042e47,OrderRole.Standalone,OrderType.Market,_default,,PositionEffect.Open,,3702500.0,False,,OrderSide.Buy,OrderStatus.Filled,601669.SH,,TimeInForce.GTC,,,,1542556800000000000,2018-11-18T16:00:00Z
3.87387,44868.1308075,1542297600000000000,2018-11-15T16:00:00Z,4632900.0,,2f62b1c3-7beb-4f13-b976-27dea5e6c514,OrderRole.Standalone,OrderType.Market,_default,,PositionEffect.Open,,4632900.0,False,,OrderSide.Buy,OrderStatus.Filled,601818.SH,,TimeInForce.GTC,,,,1542556800000000000,2018-11-18T16:00:00Z
,0.0,1542297600000000000,2018-11-15T16:00:00Z,0.0,,b61e4075-ff76-4962-9f75-b97b42ecefc8,OrderRole.Standalone,OrderType.Market,_default,,PositionEffect.Open,,4597200.0,False,"Risk: Insufficient margin at execution. Required: 18038009.61963000000000000000, Available: 10060365.21180649917118746800",OrderSide.Buy,OrderStatus.Rejected,601872.SH,,TimeInForce.GTC,,,,1542556800000000000,2018-11-18T16:00:00Z
,0.0,1544716800000000000,2018-12-13T16:00:00Z,0.0,,066e92f6-a9af-4260-9e30-95741df63589,OrderRole.Standalone,OrderType.Market,_default,,PositionEffect.Close,,1618200.0,False,"Risk: Insufficient available position for 000001.SZ at execution. Available: 1618199.9999999999607425138488, Required: 1618200",OrderSide.Sell,OrderStatus.Rejected,000001.SZ,,TimeInForce.GTC,,,,1544976000000000000,2018-12-16T16:00:00Z
3.55644,44166.53925,1544716800000000000,2018-12-13T16:00:00Z,4967500.0,,1be8ec90-47eb-4959-9d4b-b8880abf7ed0,OrderRole.Standalone,OrderType.Market,_default,,PositionEffect.Close,,4967500.0,False,,OrderSide.Sell,OrderStatus.Filled,601288.SH,,TimeInForce.GTC,,,,1544976000000000000,2018-12-16T16:00:00Z
3.17682,43971.95403,1544716800000000000,2018-12-13T16:00:00Z,5536600.0,,0e701278-d85e-4f36-a631-aae4723d27f0,OrderRole.Standalone,OrderType.Market,_default,,PositionEffect.Close,,5536600.0,False,,OrderSide.Sell,OrderStatus.Filled,601618.SH,,TimeInForce.GTC,,,,1544976000000000000,2018-12-16T16:00:00Z
4.93506,45680.149125,1544716800000000000,2018-12-13T16:00:00Z,3702500.0,,45ca91bb-60f9-408a-9987-24b587359390,OrderRole.Standalone,OrderType.Market,_default,,PositionEffect.Close,,3702500.0,False,,OrderSide.Sell,OrderStatus.Filled,601669.SH,,TimeInForce.GTC,,,,1544976000000000000,2018-12-16T16:00:00Z
3.81618,44199.950805,1544716800000000000,2018-12-13T16:00:00Z,4632900.0,,26e4b35d-5b7b-429c-bd22-1291d1ef5762,OrderRole.Standalone,OrderType.Market,_default,,PositionEffect.Close,,4632900.0,False,,OrderSide.Sell,OrderStatus.Filled,601818.SH,,TimeInForce.GTC,,,,1544976000000000000,2018-12-16T16:00:00Z
27.11709,43841.5552575,1544716800000000000,2018-12-13T16:00:00Z,646700.0,,6df1fd1d-be60-42aa-9a80-836f92336555,OrderRole.Standalone,OrderType.Market,_default,,PositionEffect.Open,,646700.0,False,,OrderSide.Buy,OrderStatus.Filled,000963.SZ,,TimeInForce.GTC,,,,1544976000000000000,2018-12-16T16:00:00Z
9.34934,39638.864265,1544716800000000000,2018-12-13T16:00:00Z,1695900.0,,955df37a-659a-48d0-b305-938acafd444d,OrderRole.Standalone,OrderType.Market,_default,,PositionEffect.Open,,1695900.0,False,,OrderSide.Buy,OrderStatus.Filled,002252.SZ,,TimeInForce.GTC,,,,1544976000000000000,2018-12-16T16:00:00Z
15.55554,43967.73381,1544716800000000000,2018-12-13T16:00:00Z,1130600.0,,7b39f74e-461e-4a35-94aa-362d52c6044f,OrderRole.Standalone,OrderType.Market,_default,,PositionEffect.Open,,1130600.0,False,,OrderSide.Buy,OrderStatus.Filled,002837.SZ,,TimeInForce.GTC,,,,1544976000000000000,2018-12-16T16:00:00Z
19.92991,44094.925875,1544716800000000000,2018-12-13T16:00:00Z,885000.0,,b2d47c0a-3967-43ad-b3a6-34b117e06f2c,OrderRole.Standalone,OrderType.Market,_default,,PositionEffect.Open,,885000.0,False,,OrderSide.Buy,OrderStatus.Filled,300223.SZ,,TimeInForce.GTC,,,,1544976000000000000,2018-12-16T16:00:00Z
,0.0,1544716800000000000,2018-12-13T16:00:00Z,0.0,,7b486427-63c5-4672-a0e0-bfc2001bf02a,OrderRole.Standalone,OrderType.Market,_default,,PositionEffect.Open,,983400.0,False,"Risk: Insufficient margin at execution. Required: 17625040.24280999999999999999, Available: 12301009.14038899917118746799",OrderSide.Buy,OrderStatus.Rejected,300502.SZ,,TimeInForce.GTC,,,,1544976000000000000,2018-12-16T16:00:00Z
,0.0,1547481600000000000,2019-01-14T16:00:00Z,0.0,,ca725073-ca0f-47a8-94c6-a81ced05f1e6,OrderRole.Standalone,OrderType.Market,_default,,PositionEffect.Close,,1618200.0,False,"Risk: Insufficient available position for 000001.SZ at execution. Available: 1618199.9999999999607425138488, Required: 1618200",OrderSide.Sell,OrderStatus.Rejected,000001.SZ,,TimeInForce.GTC,,,,1547568000000000000,2019-01-15T16:00:00Z
26.38359,42655.6691325,1547481600000000000,2019-01-14T16:00:00Z,646700.0,,d0358d34-99bc-4ea4-b29a-a1841b1aac66,OrderRole.Standalone,OrderType.Market,_default,,PositionEffect.Close,,646700.0,False,,OrderSide.Sell,OrderStatus.Filled,000963.SZ,,TimeInForce.GTC,,,,1547568000000000000,2019-01-15T16:00:00Z
7.14285,30283.8982875,1547481600000000000,2019-01-14T16:00:00Z,1695900.0,,6ded62f4-e9a3-423a-83af-54d937719338,OrderRole.Standalone,OrderType.Market,_default,,PositionEffect.Close,,1695900.0,False,,OrderSide.Sell,OrderStatus.Filled,002252.SZ,,TimeInForce.GTC,,,,1547568000000000000,2019-01-15T16:00:00Z
18.4815,52237.95975,1547481600000000000,2019-01-14T16:00:00Z,1130600.0,,8fecf61b-7493-42f5-9997-3717ffaa60a7,OrderRole.Standalone,OrderType.Market,_default,,PositionEffect.Close,,1130600.0,False,,OrderSide.Sell,OrderStatus.Filled,002837.SZ,,TimeInForce.GTC,,,,1547568000000000000,2019-01-15T16:00:00Z
19.23075,42548.034375,1547481600000000000,2019-01-14T16:00:00Z,885000.0,,34d82f5f-6e72-4b56-ac9a-6ba6328484ff,OrderRole.Standalone,OrderType.Market,_default,,PositionEffect.Close,,885000.0,False,,OrderSide.Sell,OrderStatus.Filled,300223.SZ,,TimeInForce.GTC,,,,1547568000000000000,2019-01-15T16:00:00Z
3.34334,21797.740965,1547481600000000000,2019-01-14T16:00:00Z,2607900.0,,b0b27f36-38d3-43ac-a193-1708a3f4aadd,OrderRole.Standalone,OrderType.Market,_default,,PositionEffect.Open,,2607900.0,False,,OrderSide.Buy,OrderStatus.Filled,600025.SH,,TimeInForce.GTC,,,,1547568000000000000,2019-01-15T16:00:00Z
12.1121,21847.200375,1547481600000000000,2019-01-14T16:00:00Z,721500.0,,613d4dd0-264d-4850-a18f-33b5be86d1a6,OrderRole.Standalone,OrderType.Market,_default,,PositionEffect.Open,,721500.0,False,,OrderSide.Buy,OrderStatus.Filled,601066.SH,,TimeInForce.GTC,,,,1547568000000000000,2019-01-15T16:00:00Z
3.52352,21606.22464,1547481600000000000,2019-01-14T16:00:00Z,2452800.0,,1832257f-1981-4937-90cf-1050c9630a29,OrderRole.Standalone,OrderType.Market,_default,,PositionEffect.Open,,2452800.0,False,,OrderSide.Buy,OrderStatus.Filled,601288.SH,,TimeInForce.GTC,,,,1547568000000000000,2019-01-15T16:00:00Z
5.5055,21511.364875,1547481600000000000,2019-01-14T16:00:00Z,1562900.0,,dcfd92d9-6dbb-4b0b-a870-fae0e8159bac,OrderRole.Standalone,OrderType.Market,_default,,PositionEffect.Open,,1562900.0,False,,OrderSide.Buy,OrderStatus.Filled,601319.SH,,TimeInForce.GTC,,,,1547568000000000000,2019-01-15T16:00:00Z
3.06306,21667.320675,1547481600000000000,2019-01-14T16:00:00Z,2829500.0,,90a89713-5dcc-471a-a1ad-0ecea41b32a4,OrderRole.Standalone,OrderType.Market,_default,,PositionEffect.Open,,2829500.0,False,,OrderSide.Buy,OrderStatus.Filled,601618.SH,,TimeInForce.GTC,,,,1547568000000000000,2019-01-15T16:00:00Z
6.7067,21255.208975,1547481600000000000,2019-01-14T16:00:00Z,1267700.0,,0927781d-a744-4723-8990-6432f3be3b78,OrderRole.Standalone,OrderType.Market,_default,,PositionEffect.Open,,1267700.0,False,,OrderSide.Buy,OrderStatus.Filled,601901.SH,,TimeInForce.GTC,,,,1547568000000000000,2019-01-15T16:00:00Z
4.57457,21714.3401475,1547481600000000000,2019-01-14T16:00:00Z,1898700.0,,72f5f05e-fca0-4ee9-b6b2-634c0b801419,OrderRole.Standalone,OrderType.Market,_default,,PositionEffect.Open,,1898700.0,False,,OrderSide.Buy,OrderStatus.Filled,601919.SH,,TimeInForce.GTC,,,,1547568000000000000,2019-01-15T16:00:00Z
7.56756,21781.32957,1547481600000000000,2019-01-14T16:00:00Z,1151300.0,,1e17fac4-0b06-418a-8a9e-e9fd932d04b0,OrderRole.Standalone,OrderType.Market,_default,,PositionEffect.Open,,1151300.0,False,,OrderSide.Buy,OrderStatus.Filled,000625.SZ,,TimeInForce.GTC,,,,1547568000000000000,2019-01-15T16:00:00Z
29.04902,21568.89735,1547481600000000000,2019-01-14T16:00:00Z,297000.0,,e2313137-b8b9-41cd-b6e0-20c8689e39f8,OrderRole.Standalone,OrderType.Market,_default,,PositionEffect.Open,,297000.0,False,,OrderSide.Buy,OrderStatus.Filled,002230.SZ,,TimeInForce.GTC,,,,1547568000000000000,2019-01-15T16:00:00Z
,0.0,1547481600000000000,2019-01-14T16:00:00Z,0.0,,204caca5-dd47-41a9-b1fa-53ff53a13176,OrderRole.Standalone,OrderType.Market,_default,,PositionEffect.Open,,188400.0,False,"Risk: Insufficient margin at execution. Required: 8658942.09180000000000000000, Available: 1128907.54027149917118746800",OrderSide.Buy,OrderStatus.Rejected,002812.SZ,,TimeInForce.GTC,,,,1547568000000000000,2019-01-15T16:00:00Z
,0.0,1550505600000000000,2019-02-18T16:00:00Z,0.0,,00afb346-994e-44d7-af3b-9b43045c6f9d,OrderRole.Standalone,OrderType.Market,_default,,PositionEffect.Close,,1618200.0,False,"Risk: Insufficient available position for 000001.SZ at execution. Available: 1618199.9999999999607425138488, Required: 1618200",OrderSide.Sell,OrderStatus.Rejected,000001.SZ,,TimeInForce.GTC,,,,1550592000000000000,2019-02-19T16:00:00Z
8.12187,23376.7723275,1550505600000000000,2019-02-18T16:00:00Z,1151300.0,,b303db6d-ad03-4376-b7e1-d9fb8f54be14,OrderRole.Standalone,OrderType.Market,_default,,PositionEffect.Close,,1151300.0,False,,OrderSide.Sell,OrderStatus.Filled,000625.SZ,,TimeInForce.GTC,,,,1550592000000000000,2019-02-19T16:00:00Z
30.7692,22846.131,1550505600000000000,2019-02-18T16:00:00Z,297000.0,,7bf8c983-6ca9-4f5b-8e13-94b0a06b50e6,OrderRole.Standalone,OrderType.Market,_default,,PositionEffect.Close,,297000.0,False,,OrderSide.Sell,OrderStatus.Filled,002230.SZ,,TimeInForce.GTC,,,,1550592000000000000,2019-02-19T16:00:00Z
3.3966,22144.98285,1550505600000000000,2019-02-18T16:00:00Z,2607900.0,,77b0cb65-a765-4265-ac81-d04d10f7c1eb,OrderRole.Standalone,OrderType.Market,_default,,PositionEffect.Close,,2607900.0,False,,OrderSide.Sell,OrderStatus.Filled,600025.SH,,TimeInForce.GTC,,,,1550592000000000000,2019-02-19T16:00:00Z
13.56642,24470.430075,1550505600000000000,2019-02-18T16:00:00Z,721500.0,,3a4dd3a1-c475-43f4-a56d-afadeeab5a9f,OrderRole.Standalone,OrderType.Market,_default,,PositionEffect.Close,,721500.0,False,,OrderSide.Sell,OrderStatus.Filled,601066.SH,,TimeInForce.GTC,,,,1550592000000000000,2019-02-19T16:00:00Z
3.6963,22665.7116,1550505600000000000,2019-02-18T16:00:00Z,2452800.0,,0848f1c4-be6d-416f-880a-fb7862e719e6,OrderRole.Standalone,OrderType.Market,_default,,PositionEffect.Close,,2452800.0,False,,OrderSide.Sell,OrderStatus.Filled,601288.SH,,TimeInForce.GTC,,,,1550592000000000000,2019-02-19T16:00:00Z
6.20379,24239.7584775,1550505600000000000,2019-02-18T16:00:00Z,1562900.0,,39f2964e-3bfc-4f62-b770-55a2587b4c13,OrderRole.Standalone,OrderType.Market,_default,,PositionEffect.Close,,1562900.0,False,,OrderSide.Sell,OrderStatus.Filled,601319.SH,,TimeInForce.GTC,,,,1550592000000000000,2019-02-19T16:00:00Z
3.06693,21694.6960875,1550505600000000000,2019-02-18T16:00:00Z,2829500.0,,9053e827-38f6-4276-ad42-d5f50bc38579,OrderRole.Standalone,OrderType.Market,_default,,PositionEffect.Close,,2829500.0,False,,OrderSide.Sell,OrderStatus.Filled,601618.SH,,TimeInForce.GTC,,,,1550592000000000000,2019-02-19T16:00:00Z
6.68331,21181.0802175,1550505600000000000,2019-02-18T16:00:00Z,1267700.0,,3f335482-80f4-40e2-b938-1cd34a90ec6b,OrderRole.Standalone,OrderType.Market,_default,,PositionEffect.Close,,1267700.0,False,,OrderSide.Sell,OrderStatus.Filled,601901.SH,,TimeInForce.GTC,,,,1550592000000000000,2019-02-19T16:00:00Z
4.53546,21528.694755,1550505600000000000,2019-02-18T16:00:00Z,1898700.0,,ebc82f79-4c56-475f-a747-7d43447de5af,OrderRole.Standalone,OrderType.Market,_default,,PositionEffect.Close,,1898700.0,False,,OrderSide.Sell,OrderStatus.Filled,601919.SH,,TimeInForce.GTC,,,,1550592000000000000,2019-02-19T16:00:00Z
27.027,22790.51775,1550505600000000000,2019-02-18T16:00:00Z,337300.0,,1cce527d-ca9a-4ad0-b41a-a008450d072f,OrderRole.Standalone,OrderType.Market,_default,,PositionEffect.Open,,337300.0,False,,OrderSide.Buy,OrderStatus.Filled,000002.SZ,,TimeInForce.GTC,,,,1550592000000000000,2019-02-19T16:00:00Z
83.71363,22811.964175,1550505600000000000,2019-02-18T16:00:00Z,109000.0,,c85f0238-96c6-4efd-8ab3-de6520b41342,OrderRole.Standalone,OrderType.Market,_default,,PositionEffect.Open,,109000.0,False,,OrderSide.Buy,OrderStatus.Filled,000538.SZ,,TimeInForce.GTC,,,,1550592000000000000,2019-02-19T16:00:00Z
50.19014,22861.60877,1550505600000000000,2019-02-18T16:00:00Z,182200.0,,a5ec0d97-c3cc-4060-8859-329f5064ffa1,OrderRole.Standalone,OrderType.Market,_default,,PositionEffect.Open,,182200.0,False,,OrderSide.Buy,OrderStatus.Filled,000568.SZ,,TimeInForce.GTC,,,,1550592000000000000,2019-02-19T16:00:00Z
45.03499,23001.6211425,1550505600000000000,2019-02-18T16:00:00Z,204300.0,,d5101fe1-369b-4fc2-9165-1c321969a670,OrderRole.Standalone,OrderType.Market,_default,,PositionEffect.Open,,204300.0,False,,OrderSide.Buy,OrderStatus.Filled,000651.SZ,,TimeInForce.GTC,,,,1550592000000000000,2019-02-19T16:00:00Z
69.5695,22749.2265,1550505600000000000,2019-02-18T16:00:00Z,130800.0,,bd0d1c11-5c4b-4d47-9aa4-19229ecc4da4,OrderRole.Standalone,OrderType.Market,_default,,PositionEffect.Open,,130800.0,False,,OrderSide.Buy,OrderStatus.Filled,000858.SZ,,TimeInForce.GTC,,,,1550592000000000000,2019-02-19T16:00:00Z
58.67862,22737.96525,1550505600000000000,2019-02-18T16:00:00Z,155000.0,,3508f0fe-9578-4e5a-988c-f3bfd71a674e,OrderRole.Standalone,OrderType.Market,_default,,PositionEffect.Open,,155000.0,False,,OrderSide.Buy,OrderStatus.Filled,300033.SZ,,TimeInForce.GTC,,,,1550592000000000000,2019-02-19T16:00:00Z
735.735,22807.785,1550505600000000000,2019-02-18T16:00:00Z,12400.0,,d39af277-0e75-46f4-b162-9c211f4788b1,OrderRole.Standalone,OrderType.Market,_default,,PositionEffect.Open,,12400.0,False,,OrderSide.Buy,OrderStatus.Filled,600519.SH,,TimeInForce.GTC,,,,1550592000000000000,2019-02-19T16:00:00Z
24.57455,22743.746025,1550505600000000000,2019-02-18T16:00:00Z,370200.0,,26002a39-2c8d-4eaa-93ed-d3ec9d1db070,OrderRole.Standalone,OrderType.Market,_default,,PositionEffect.Open,,370200.0,False,,OrderSide.Buy,OrderStatus.Filled,600660.SH,,TimeInForce.GTC,,,,1550592000000000000,2019-02-19T16:00:00Z
,0.0,1550505600000000000,2019-02-18T16:00:00Z,0.0,,cc116cfe-f62d-4e84-b286-89538cccafa3,OrderRole.Standalone,OrderType.Market,_default,,PositionEffect.Open,,358500.0,False,"Risk: Insufficient margin at execution. Required: 9299683.45556250000000000000, Available: 302110.57446899917118746800",OrderSide.Buy,OrderStatus.Rejected,600887.SH,,TimeInForce.GTC,,,,1550592000000000000,2019-02-19T16:00:00Z
65.6656,22687.4648,1550505600000000000,2019-02-18T16:00:00Z,138200.0,,a9e3d070-a9fc-41ef-94ae-6961ce314c03,OrderRole.Standalone,OrderType.Market,_default,,PositionEffect.Open,,138200.0,False,,OrderSide.Buy,OrderStatus.Filled,600276.SH,,TimeInForce.GTC,,,,1550592000000000000,2019-02-19T16:00:00Z
,0.0,1552924800000000000,2019-03-18T16:00:00Z,0.0,,87354ebb-147b-4b5d-8b68-abe18aae1689,OrderRole.Standalone,OrderType.Market,_default,,PositionEffect.Close,,1618200.0,False,"Risk: Insufficient available position for 000001.SZ at execution. Available: 1618199.9999999999607425138488, Required: 1618200",OrderSide.Sell,OrderStatus.Rejected,000001.SZ,,TimeInForce.GTC,,,,1553011200000000000,2019-03-19T16:00:00Z
29.12085,24556.1567625,1552924800000000000,2019-03-18T16:00:00Z,337300.0,,41efd814-e2f0-4d1e-9b16-9197c27e68a1,OrderRole.Standalone,OrderType.Market,_default,,PositionEffect.Close,,337300.0,False,,OrderSide.Sell,OrderStatus.Filled,000002.SZ,,TimeInForce.GTC,,,,1553011200000000000,2019-03-19T16:00:00Z
86.1138,23466.0105,1552924800000000000,2019-03-18T16:00:00Z,109000.0,,72ec0bd5-0c56-469b-9381-b8e212c4d640,OrderRole.Standalone,OrderType.Market,_default,,PositionEffect.Close,,109000.0,False,,OrderSide.Sell,OrderStatus.Filled,000538.SZ,,TimeInForce.GTC,,,,1553011200000000000,2019-03-19T16:00:00Z
58.56138,26674.70859,1552924800000000000,2019-03-18T16:00:00Z,182200.0,,ebf8fc45-ecdc-4875-a1ea-b72a06b1bef9,OrderRole.Standalone,OrderType.Market,_default,,PositionEffect.Close,,182200.0,False,,OrderSide.Sell,OrderStatus.Filled,000568.SZ,,TimeInForce.GTC,,,,1553011200000000000,2019-03-19T16:00:00Z
46.96299,23986.3471425,1552924800000000000,2019-03-18T16:00:00Z,204300.0,,892c8b16-a812-4ca7-816d-80d2c8159fab,OrderRole.Standalone,OrderType.Market,_default,,PositionEffect.Close,,204300.0,False,,OrderSide.Sell,OrderStatus.Filled,000651.SZ,,TimeInForce.GTC,,,,1553011200000000000,2019-03-19T16:00:00Z
84.915,27767.205,1552924800000000000,2019-03-18T16:00:00Z,130800.0,,44e91f71-0dd5-4f6f-a8eb-5843dbba50d7,OrderRole.Standalone,OrderType.Market,_default,,PositionEffect.Close,,130800.0,False,,OrderSide.Sell,OrderStatus.Filled,000858.SZ,,TimeInForce.GTC,,,,1553011200000000000,2019-03-19T16:00:00Z
85.50441,33132.958875,1552924800000000000,2019-03-18T16:00:00Z,155000.0,,3b1f50bf-8703-42a8-81fc-33bcf2acd01b,OrderRole.Standalone,OrderType.Market,_default,,PositionEffect.Close,,155000.0,False,,OrderSide.Sell,OrderStatus.Filled,300033.SZ,,TimeInForce.GTC,,,,1553011200000000000,2019-03-19T16:00:00Z
71.58834,24733.77147,1552924800000000000,2019-03-18T16:00:00Z,138200.0,,2f32f267-ef03-4612-817f-4bd839d239b0,OrderRole.Standalone,OrderType.Market,_default,,PositionEffect.Close,,138200.0,False,,OrderSide.Sell,OrderStatus.Filled,600276.SH,,TimeInForce.GTC,,,,1553011200000000000,2019-03-19T16:00:00Z
789.21,24465.51,1552924800000000000,2019-03-18T16:00:00Z,12400.0,,c6070448-e788-4ae3-be0d-78d3e3c979e9,OrderRole.Standalone,OrderType.Market,_default,,PositionEffect.Close,,12400.0,False,,OrderSide.Sell,OrderStatus.Filled,600519.SH,,TimeInForce.GTC,,,,1553011200000000000,2019-03-19T16:00:00Z
24.6753,22836.99015,1552924800000000000,2019-03-18T16:00:00Z,370200.0,,282e2658-186a-4647-b2ce-5ae4b7a7b840,OrderRole.Standalone,OrderType.Market,_default,,PositionEffect.Close,,370200.0,False,,OrderSide.Sell,OrderStatus.Filled,600660.SH,,TimeInForce.GTC,,,,1553011200000000000,2019-03-19T16:00:00Z
25.18516,25260.71548,1552924800000000000,2019-03-18T16:00:00Z,401200.0,,133355e5-9bf2-4c62-abc2-9e10815edf69,OrderRole.Standalone,OrderType.Market,_default,,PositionEffect.Open,,401200.0,False,,OrderSide.Buy,OrderStatus.Filled,601066.SH,,TimeInForce.GTC,,,,1553011200000000000,2019-03-19T16:00:00Z
10.17016,25916.11022,1552924800000000000,2019-03-18T16:00:00Z,1019300.0,,0a77a828-a8e7-4bcb-8d6a-0141c3445874,OrderRole.Standalone,OrderType.Market,_default,,PositionEffect.Open,,1019300.0,False,,OrderSide.Buy,OrderStatus.Filled,601319.SH,,TimeInForce.GTC,,,,1553011200000000000,2019-03-19T16:00:00Z
11.2112,25603.578,1552924800000000000,2019-03-18T16:00:00Z,913500.0,,4cce1cb8-12f0-4dbb-86e0-070dae582ef1,OrderRole.Standalone,OrderType.Market,_default,,PositionEffect.Open,,913500.0,False,,OrderSide.Buy,OrderStatus.Filled,601878.SH,,TimeInForce.GTC,,,,1553011200000000000,2019-03-19T16:00:00Z
11.3113,25424.974575,1552924800000000000,2019-03-18T16:00:00Z,899100.0,,f4f3ef16-f1fa-432b-8f7b-6570643e4d27,OrderRole.Standalone,OrderType.Market,_default,,PositionEffect.Open,,899100.0,False,,OrderSide.Buy,OrderStatus.Filled,601881.SH,,TimeInForce.GTC,,,,1553011200000000000,2019-03-19T16:00:00Z
12.84283,25563.653115,1552924800000000000,2019-03-18T16:00:00Z,796200.0,,f543c4a0-bd96-4fbf-912d-459afe74c784,OrderRole.Standalone,OrderType.Market,_default,,PositionEffect.Open,,796200.0,False,,OrderSide.Buy,OrderStatus.Filled,000876.SZ,,TimeInForce.GTC,,,,1553011200000000000,2019-03-19T16:00:00Z
9.75975,25736.46075,1552924800000000000,2019-03-18T16:00:00Z,1054800.0,,42ef514b-54ed-4f7b-bfd3-0bce48ad3759,OrderRole.Standalone,OrderType.Market,_default,,PositionEffect.Open,,1054800.0,False,,OrderSide.Buy,OrderStatus.Filled,002252.SZ,,TimeInForce.GTC,,,,1553011200000000000,2019-03-19T16:00:00Z
17.12711,26208.7600775,1552924800000000000,2019-03-18T16:00:00Z,612100.0,,5e8ed93b-6d8d-49f6-b026-ab70ba4a3976,OrderRole.Standalone,OrderType.Market,_default,,PositionEffect.Open,,612100.0,False,,OrderSide.Buy,OrderStatus.Filled,002384.SZ,,TimeInForce.GTC,,,,1553011200000000000,2019-03-19T16:00:00Z
6.3063,25242.542325,1552924800000000000,2019-03-18T16:00:00Z,1601100.0,,303303b4-82bd-4179-8909-c9bdb57b5286,OrderRole.Standalone,OrderType.Market,_default,,PositionEffect.Open,,1601100.0,False,,OrderSide.Buy,OrderStatus.Filled,002600.SZ,,TimeInForce.GTC,,,,1553011200000000000,2019-03-19T16:00:00Z
58.04799,25671.7235775,1552924800000000000,2019-03-18T16:00:00Z,176900.0,,e5e7368c-f24d-4a74-8ed3-9715a7875340,OrderRole.Standalone,OrderType.Market,_default,,PositionEffect.Open,,176900.0,False,,OrderSide.Buy,OrderStatus.Filled,002714.SZ,,TimeInForce.GTC,,,,1553011200000000000,2019-03-19T16:00:00Z
,0.0,1552924800000000000,2019-03-18T16:00:00Z,0.0,,056c2410-53e6-441e-9b69-19487a88830f,OrderRole.Standalone,OrderType.Market,_default,,PositionEffect.Open,,229300.0,False,"Risk: Insufficient margin at execution. Required: 10046302.36109499999999999999, Available: 358898.54585899946151522983",OrderSide.Buy,OrderStatus.Rejected,300759.SZ,,TimeInForce.GTC,,,,1553011200000000000,2019-03-19T16:00:00Z
,0.0,1555430400000000000,2019-04-16T16:00:00Z,0.0,,9d5b3ce6-90ea-448f-8e71-059a2827be5c,OrderRole.Standalone,OrderType.Market,_default,,PositionEffect.Close,,1618200.0,False,"Risk: Insufficient available position for 000001.SZ at execution. Available: 1618199.9999999999607425138488, Required: 1618200",OrderSide.Sell,OrderStatus.Rejected,000001.SZ,,TimeInForce.GTC,,,,1555516800000000000,2019-04-17T16:00:00Z
14.23575,28336.260375,1555430400000000000,2019-04-16T16:00:00Z,796200.0,,a9687bba-4ad8-4212-ad32-503aba74c491,OrderRole.Standalone,OrderType.Market,_default,,PositionEffect.Close,,796200.0,False,,OrderSide.Sell,OrderStatus.Filled,000876.SZ,,TimeInForce.GTC,,,,1555516800000000000,2019-04-17T16:00:00Z
9.7902,25816.7574,1555430400000000000,2019-04-16T16:00:00Z,1054800.0,,65686b93-e2cf-4c5a-b5fe-10cbfa4a483f,OrderRole.Standalone,OrderType.Market,_default,,PositionEffect.Close,,1054800.0,False,,OrderSide.Sell,OrderStatus.Filled,002252.SZ,,TimeInForce.GTC,,,,1555516800000000000,2019-04-17T16:00:00Z
20.70927,31690.3604175,1555430400000000000,2019-04-16T16:00:00Z,612100.0,,a0e43fb2-16d5-410d-8204-ceca8a77d690,OrderRole.Standalone,OrderType.Market,_default,,PositionEffect.Close,,612100.0,False,,OrderSide.Sell,OrderStatus.Filled,002384.SZ,,TimeInForce.GTC,,,,1555516800000000000,2019-04-17T16:00:00Z
5.83416,23352.68394,1555430400000000000,2019-04-16T16:00:00Z,1601100.0,,9b82b5b6-d814-4569-89f0-4022893356ff,OrderRole.Standalone,OrderType.Market,_default,,PositionEffect.Close,,1601100.0,False,,OrderSide.Sell,OrderStatus.Filled,002600.SZ,,TimeInForce.GTC,,,,1555516800000000000,2019-04-17T16:00:00Z
67.932,30042.927,1555430400000000000,2019-04-16T16:00:00Z,176900.0,,2323568b-7918-4bd9-ba6a-457e1c08ec01,OrderRole.Standalone,OrderType.Market,_default,,PositionEffect.Close,,176900.0,False,,OrderSide.Sell,OrderStatus.Filled,002714.SZ,,TimeInForce.GTC,,,,1555516800000000000,2019-04-17T16:00:00Z
24.03594,24108.04782,1555430400000000000,2019-04-16T16:00:00Z,401200.0,,6e2f1bcf-84bc-449b-bf40-7f757198cd0a,OrderRole.Standalone,OrderType.Market,_default,,PositionEffect.Close,,401200.0,False,,OrderSide.Sell,OrderStatus.Filled,601066.SH,,TimeInForce.GTC,,,,1555516800000000000,2019-04-17T16:00:00Z
9.5904,24438.7368,1555430400000000000,2019-04-16T16:00:00Z,1019300.0,,406cffa1-f12b-4a37-b56c-3cc87f901736,OrderRole.Standalone,OrderType.Market,_default,,PositionEffect.Close,,1019300.0,False,,OrderSide.Sell,OrderStatus.Filled,601319.SH,,TimeInForce.GTC,,,,1555516800000000000,2019-04-17T16:00:00Z
11.25873,25712.1246375,1555430400000000000,2019-04-16T16:00:00Z,913500.0,,cd3627cb-9f7c-46f8-a4aa-05b9c8af7ade,OrderRole.Standalone,OrderType.Market,_default,,PositionEffect.Close,,913500.0,False,,OrderSide.Sell,OrderStatus.Filled,601878.SH,,TimeInForce.GTC,,,,1555516800000000000,2019-04-17T16:00:00Z
12.94704,29101.70916,1555430400000000000,2019-04-16T16:00:00Z,899100.0,,38944cd7-f81e-42b6-830f-f596fad41570,OrderRole.Standalone,OrderType.Market,_default,,PositionEffect.Close,,899100.0,False,,OrderSide.Sell,OrderStatus.Filled,601881.SH,,TimeInForce.GTC,,,,1555516800000000000,2019-04-17T16:00:00Z
30.87084,27135.46836,1555430400000000000,2019-04-16T16:00:00Z,351600.0,,bee7abfe-64de-4411-a0de-d91140704f14,OrderRole.Standalone,OrderType.Market,_default,,PositionEffect.Open,,351600.0,False,,OrderSide.Buy,OrderStatus.Filled,000002.SZ,,TimeInForce.GTC,,,,1555516800000000000,2019-04-17T16:00:00Z
69.28922,27126.72963,1555430400000000000,2019-04-16T16:00:00Z,156600.0,,0907449a-574d-4a6b-b9e4-a9fafd83ae26,OrderRole.Standalone,OrderType.Market,_default,,PositionEffect.Open,,156600.0,False,,OrderSide.Buy,OrderStatus.Filled,000568.SZ,,TimeInForce.GTC,,,,1555516800000000000,2019-04-17T16:00:00Z
58.51846,27723.120425,1555430400000000000,2019-04-16T16:00:00Z,189500.0,,dc75181c-2149-41d4-8589-08dbe6975af1,OrderRole.Standalone,OrderType.Market,_default,,PositionEffect.Open,,189500.0,False,,OrderSide.Buy,OrderStatus.Filled,000651.SZ,,TimeInForce.GTC,,,,1555516800000000000,2019-04-17T16:00:00Z
302.4021,27442.990575,1555430400000000000,2019-04-16T16:00:00Z,36300.0,,57376711-0baa-470a-956d-dea1a7975f81,OrderRole.Standalone,OrderType.Market,_default,,PositionEffect.Open,,36300.0,False,,OrderSide.Buy,OrderStatus.Filled,000661.SZ,,TimeInForce.GTC,,,,1555516800000000000,2019-04-17T16:00:00Z
103.42332,27174.47733,1555430400000000000,2019-04-16T16:00:00Z,105100.0,,c0123a7e-30f9-4efe-a734-884fdd8566a7,OrderRole.Standalone,OrderType.Market,_default,,PositionEffect.Open,,105100.0,False,,OrderSide.Buy,OrderStatus.Filled,000858.SZ,,TimeInForce.GTC,,,,1555516800000000000,2019-04-17T16:00:00Z
106.106,27136.6095,1555430400000000000,2019-04-16T16:00:00Z,102300.0,,f1eb3dab-8bd0-46fa-8281-087b2961b450,OrderRole.Standalone,OrderType.Market,_default,,PositionEffect.Open,,102300.0,False,,OrderSide.Buy,OrderStatus.Filled,300033.SZ,,TimeInForce.GTC,,,,1555516800000000000,2019-04-17T16:00:00Z
,0.0,1555430400000000000,2019-04-16T16:00:00Z,0.0,,6abaa52e-eb41-4b72-8a02-b0b9d3c687e2,OrderRole.Standalone,OrderType.Market,_default,,PositionEffect.Open,,11400.0,False,"Risk: Insufficient margin at execution. Required: 10815422.80318500000000000000, Available: 9655653.09106649946670560525",OrderSide.Buy,OrderStatus.Rejected,600519.SH,,TimeInForce.GTC,,,,1555516800000000000,2019-04-17T16:00:00Z
,0.0,1555430400000000000,2019-04-16T16:00:00Z,0.0,,967df5ff-bbbb-4880-843e-95f90cf2b579,OrderRole.Standalone,OrderType.Market,_default,,PositionEffect.Open,,353900.0,False,"Risk: Insufficient margin at execution. Required: 10860166.97265500000000000000, Available: 9655653.09106649946670560525",OrderSide.Buy,OrderStatus.Rejected,600887.SH,,TimeInForce.GTC,,,,1555516800000000000,2019-04-17T16:00:00Z
47.30726,27130.71361,1555430400000000000,2019-04-16T16:00:00Z,229400.0,,eee56ea6-4d95-4e7a-9b48-65cbb6f3a6e5,OrderRole.Standalone,OrderType.Market,_default,,PositionEffect.Open,,229400.0,False,,OrderSide.Buy,OrderStatus.Filled,600309.SH,,TimeInForce.GTC,,,,1555516800000000000,2019-04-17T16:00:00Z
64.81475,27335.6208125,1555430400000000000,2019-04-16T16:00:00Z,168700.0,,9083b2b0-ddbc-4c40-9a30-ee1fbfa11e05,OrderRole.Standalone,OrderType.Market,_default,,PositionEffect.Open,,168700.0,False,,OrderSide.Buy,OrderStatus.Filled,600276.SH,,TimeInForce.GTC,,,,1555516800000000000,2019-04-17T16:00:00Z
,0.0,1558281600000000000,2019-05-19T16:00:00Z,0.0,,58ee74eb-87fb-4191-8187-3e57fe081584,OrderRole.Standalone,OrderType.Market,_default,,PositionEffect.Close,,1618200.0,False,"Risk: Insufficient available position for 000001.SZ at execution. Available: 1618199.9999999999607425138488, Required: 1618200",OrderSide.Sell,OrderStatus.Rejected,000001.SZ,,TimeInForce.GTC,,,,1558368000000000000,2019-05-20T16:00:00Z
27.25272,23955.14088,1558281600000000000,2019-05-19T16:00:00Z,351600.0,,33743e0b-30ce-4297-a73b-db3fca0228f6,OrderRole.Standalone,OrderType.Market,_default,,PositionEffect.Close,,351600.0,False,,OrderSide.Sell,OrderStatus.Filled,000002.SZ,,TimeInForce.GTC,,,,1558368000000000000,2019-05-20T16:00:00Z
73.70622,28855.98513,1558281600000000000,2019-05-19T16:00:00Z,156600.0,,20c6e07f-59a1-4d3b-b106-c885323b58c8,OrderRole.Standalone,OrderType.Market,_default,,PositionEffect.Close,,156600.0,False,,OrderSide.Sell,OrderStatus.Filled,000568.SZ,,TimeInForce.GTC,,,,1558368000000000000,2019-05-20T16:00:00Z
53.78616,25481.1933,1558281600000000000,2019-05-19T16:00:00Z,189500.0,,30b04d29-89ea-425a-a5b8-5f1c137a8128,OrderRole.Standalone,OrderType.Market,_default,,PositionEffect.Close,,189500.0,False,,OrderSide.Sell,OrderStatus.Filled,000651.SZ,,TimeInForce.GTC,,,,1558368000000000000,2019-05-20T16:00:00Z
296.75295,26930.3302125,1558281600000000000,2019-05-19T16:00:00Z,36300.0,,b6405843-1252-46f7-bb5f-77d7224f095f,OrderRole.Standalone,OrderType.Market,_default,,PositionEffect.Close,,36300.0,False,,OrderSide.Sell,OrderStatus.Filled,000661.SZ,,TimeInForce.GTC,,,,1558368000000000000,2019-05-20T16:00:00Z
103.90599,2493.74376,1558281600000000000,2019-05-19T16:00:00Z,9600.0,,d15ad1e0-b16f-4be4-9a7a-a64d890be658,OrderRole.Standalone,OrderType.Market,_default,,PositionEffect.Close,,9600.0,False,,OrderSide.Sell,OrderStatus.Filled,000858.SZ,,TimeInForce.GTC,,,,1558368000000000000,2019-05-20T16:00:00Z
60.19974,25389.240345,1558281600000000000,2019-05-19T16:00:00Z,168700.0,,4f1bf29e-e842-4703-be1c-5346cfa3063e,OrderRole.Standalone,OrderType.Market,_default,,PositionEffect.Close,,168700.0,False,,OrderSide.Sell,OrderStatus.Filled,600276.SH,,TimeInForce.GTC,,,,1558368000000000000,2019-05-20T16:00:00Z
39.07089,22407.155415,1558281600000000000,2019-05-19T16:00:00Z,229400.0,,0c970406-ed42-4332-855f-39f786ea592e,OrderRole.Standalone,OrderType.Market,_default,,PositionEffect.Close,,229400.0,False,,OrderSide.Sell,OrderStatus.Filled,600309.SH,,TimeInForce.GTC,,,,1558368000000000000,2019-05-20T16:00:00Z
63.61632,15.90408,1558281600000000000,2019-05-19T16:00:00Z,100.0,,50d34d85-c244-4d72-8664-98957a5f1e73,OrderRole.Standalone,OrderType.Market,_default,,PositionEffect.Close,,100.0,False,,OrderSide.Sell,OrderStatus.Filled,600570.SH,,TimeInForce.GTC,,,,1558368000000000000,2019-05-20T16:00:00Z
21.69167,24750.19547,1558281600000000000,2019-05-19T16:00:00Z,456400.0,,71972b6a-640d-4804-b3eb-6e4be30c3ad8,OrderRole.Standalone,OrderType.Market,_default,,PositionEffect.Open,,456400.0,False,,OrderSide.Buy,OrderStatus.Filled,601066.SH,,TimeInForce.GTC,,,,1558368000000000000,2019-05-20T16:00:00Z
3.78378,24570.921375,1558281600000000000,2019-05-19T16:00:00Z,2597500.0,,b1e9d168-0014-4697-84f8-d985ea9ff7a9,OrderRole.Standalone,OrderType.Market,_default,,PositionEffect.Open,,2597500.0,False,,OrderSide.Buy,OrderStatus.Filled,601988.SH,,TimeInForce.GTC,,,,1558368000000000000,2019-05-20T16:00:00Z
11.17116,24853.03821,1558281600000000000,2019-05-19T16:00:00Z,889900.0,,ead8317f-b58d-4a1d-8d99-6199a2c0ebee,OrderRole.Standalone,OrderType.Market,_default,,PositionEffect.Open,,889900.0,False,,OrderSide.Buy,OrderStatus.Filled,000338.SZ,,TimeInForce.GTC,,,,1558368000000000000,2019-05-20T16:00:00Z
16.79678,25115.385295,1558281600000000000,2019-05-19T16:00:00Z,598100.0,,01878b72-a3fa-46c6-9609-5c4567879d63,OrderRole.Standalone,OrderType.Market,_default,,PositionEffect.Open,,598100.0,False,,OrderSide.Buy,OrderStatus.Filled,000876.SZ,,TimeInForce.GTC,,,,1558368000000000000,2019-05-20T16:00:00Z
9.009,24914.3895,1558281600000000000,2019-05-19T16:00:00Z,1106200.0,,fc21df8a-4f07-4ab9-98bb-6bb855adf169,OrderRole.Standalone,OrderType.Market,_default,,PositionEffect.Open,,1106200.0,False,,OrderSide.Buy,OrderStatus.Filled,002463.SZ,,TimeInForce.GTC,,,,1558368000000000000,2019-05-20T16:00:00Z
56.46641,25155.785655,1558281600000000000,2019-05-19T16:00:00Z,178200.0,,3523eed7-daa3-418e-9864-c8794001cc08,OrderRole.Standalone,OrderType.Market,_default,,PositionEffect.Open,,178200.0,False,,OrderSide.Buy,OrderStatus.Filled,002714.SZ,,TimeInForce.GTC,,,,1558368000000000000,2019-05-20T16:00:00Z
19.88987,24618.6865925,1558281600000000000,2019-05-19T16:00:00Z,495100.0,,6e7dca6f-ce32-41d6-8c79-fc17fce83433,OrderRole.Standalone,OrderType.Market,_default,,PositionEffect.Open,,495100.0,False,,OrderSide.Buy,OrderStatus.Filled,600150.SH,,TimeInForce.GTC,,,,1558368000000000000,2019-05-20T16:00:00Z
,0.0,1558281600000000000,2019-05-19T16:00:00Z,0.0,,56b46a87-7c76-4d24-9ae2-21a27ddccde6,OrderRole.Standalone,OrderType.Market,_default,,PositionEffect.Open,,11200.0,False,"Risk: Insufficient margin at execution. Required: 9946716.78000000000000000000, Available: 499997.57574149945663343105",OrderSide.Buy,OrderStatus.Rejected,600519.SH,,TimeInForce.GTC,,,,1558368000000000000,2019-05-20T16:00:00Z
82.91283,3606.708105,1558281600000000000,2019-05-19T16:00:00Z,17400.0,,ffa94af1-8cb9-4fa5-bd87-5c217173db08,OrderRole.Standalone,OrderType.Market,_default,,PositionEffect.Open,,17400.0,False,,OrderSide.Buy,OrderStatus.Filled,300033.SZ,,TimeInForce.GTC,,,,1558368000000000000,2019-05-20T16:00:00Z
103.1967,24638.212125,1558368000000000000,2019-05-20T16:00:00Z,95500.0,,03908014-c358-4b7c-ba48-13e496121351,OrderRole.Standalone,OrderType.Market,_default,,PositionEffect.Close,,95500.0,False,,OrderSide.Sell,OrderStatus.Filled,000858.SZ,,TimeInForce.GTC,,,,1558454400000000000,2019-05-21T16:00:00Z
84.36555,25246.3908375,1558368000000000000,2019-05-20T16:00:00Z,119700.0,,0cba9f70-8b63-432b-83d3-155510cfc782,OrderRole.Standalone,OrderType.Market,_default,,PositionEffect.Close,,119700.0,False,,OrderSide.Sell,OrderStatus.Filled,300033.SZ,,TimeInForce.GTC,,,,1558454400000000000,2019-05-21T16:00:00Z
,0.0,1560787200000000000,2019-06-17T16:00:00Z,0.0,,ac823758-0952-45d2-ba5c-2c0d21e28640,OrderRole.Standalone,OrderType.Market,_default,,PositionEffect.Close,,1618200.0,False,"Risk: Insufficient available position for 000001.SZ at execution. Available: 1618199.9999999999607425138488, Required: 1618200",OrderSide.Sell,OrderStatus.Rejected,000001.SZ,,TimeInForce.GTC,,,,1560873600000000000,2019-06-18T16:00:00Z
12.57741,27981.5928975,1560787200000000000,2019-06-17T16:00:00Z,889900.0,,1015b7cd-69e6-4721-945d-3e632f57a5a1,OrderRole.Standalone,OrderType.Market,_default,,PositionEffect.Close,,889900.0,False,,OrderSide.Sell,OrderStatus.Filled,000338.SZ,,TimeInForce.GTC,,,,1560873600000000000,2019-06-18T16:00:00Z
20.2797,3614.856525,1560787200000000000,2019-06-17T16:00:00Z,71300.0,,2c2ca1cd-58db-4885-a0f8-01c85781f9ca,OrderRole.Standalone,OrderType.Market,_default,,PositionEffect.Close,,71300.0,False,,OrderSide.Sell,OrderStatus.Filled,000876.SZ,,TimeInForce.GTC,,,,1560873600000000000,2019-06-18T16:00:00Z
10.67931,29533.631805,1560787200000000000,2019-06-17T16:00:00Z,1106200.0,,193f8885-e56a-4be2-895e-cc680112ce86,OrderRole.Standalone,OrderType.Market,_default,,PositionEffect.Close,,1106200.0,False,,OrderSide.Sell,OrderStatus.Filled,002463.SZ,,TimeInForce.GTC,,,,1560873600000000000,2019-06-18T16:00:00Z
65.4345,2093.904,1560787200000000000,2019-06-17T16:00:00Z,12800.0,,cc39b803-0f83-47d0-a7e6-46f1e9c2e3a7,OrderRole.Standalone,OrderType.Market,_default,,PositionEffect.Close,,12800.0,False,,OrderSide.Sell,OrderStatus.Filled,002714.SZ,,TimeInForce.GTC,,,,1560873600000000000,2019-06-18T16:00:00Z
19.4805,24111.988875,1560787200000000000,2019-06-17T16:00:00Z,495100.0,,234b8638-1c01-481a-8b1a-110cd671bcef,OrderRole.Standalone,OrderType.Market,_default,,PositionEffect.Close,,495100.0,False,,OrderSide.Sell,OrderStatus.Filled,600150.SH,,TimeInForce.GTC,,,,1560873600000000000,2019-06-18T16:00:00Z
21.56841,24609.55581,1560787200000000000,2019-06-17T16:00:00Z,456400.0,,ea4b06bd-57b0-484b-86de-5c0079857cdc,OrderRole.Standalone,OrderType.Market,_default,,PositionEffect.Close,,456400.0,False,,OrderSide.Sell,OrderStatus.Filled,601066.SH,,TimeInForce.GTC,,,,1560873600000000000,2019-06-18T16:00:00Z
3.78621,24586.7011875,1560787200000000000,2019-06-17T16:00:00Z,2597500.0,,8d43cfd0-c4a3-46aa-87a0-6324e556dc4a,OrderRole.Standalone,OrderType.Market,_default,,PositionEffect.Close,,2597500.0,False,,OrderSide.Sell,OrderStatus.Filled,601988.SH,,TimeInForce.GTC,,,,1560873600000000000,2019-06-18T16:00:00Z
107.88778,26729.197495,1560787200000000000,2019-06-17T16:00:00Z,99100.0,,074a2acb-ee24-459f-a889-9f08884265e7,OrderRole.Standalone,OrderType.Market,_default,,PositionEffect.Open,,99100.0,False,,OrderSide.Buy,OrderStatus.Filled,000858.SZ,,TimeInForce.GTC,,,,1560873600000000000,2019-06-18T16:00:00Z
63.68362,27033.69669,1560787200000000000,2019-06-17T16:00:00Z,169800.0,,474a06ea-4caa-4fed-ba04-27b039558d1e,OrderRole.Standalone,OrderType.Market,_default,,PositionEffect.Open,,169800.0,False,,OrderSide.Buy,OrderStatus.Filled,002371.SZ,,TimeInForce.GTC,,,,1560873600000000000,2019-06-18T16:00:00Z
92.5925,28124.971875,1560787200000000000,2019-06-17T16:00:00Z,121500.0,,0467dd35-8f83-4bd9-ac06-14bb19019a2e,OrderRole.Standalone,OrderType.Market,_default,,PositionEffect.Open,,121500.0,False,,OrderSide.Buy,OrderStatus.Filled,300033.SZ,,TimeInForce.GTC,,,,1560873600000000000,2019-06-18T16:00:00Z
76.63656,26228.86266,1560787200000000000,2019-06-17T16:00:00Z,136900.0,,2942285c-ba1e-4890-a383-fe7c6923dfc0,OrderRole.Standalone,OrderType.Market,_default,,PositionEffect.Open,,136900.0,False,,OrderSide.Buy,OrderStatus.Filled,600009.SH,,TimeInForce.GTC,,,,1560873600000000000,2019-06-18T16:00:00Z
28.78876,26140.19408,1560787200000000000,2019-06-17T16:00:00Z,363200.0,,5897bb31-479c-42cb-8adc-8cb7f27e1a9e,OrderRole.Standalone,OrderType.Market,_default,,PositionEffect.Open,,363200.0,False,,OrderSide.Buy,OrderStatus.Filled,600085.SH,,TimeInForce.GTC,,,,1560873600000000000,2019-06-18T16:00:00Z
14.36435,26688.9623,1560787200000000000,2019-06-17T16:00:00Z,743200.0,,ca9eb61f-2885-4dee-aee0-b786d95890ee,OrderRole.Standalone,OrderType.Market,_default,,PositionEffect.Open,,743200.0,False,,OrderSide.Buy,OrderStatus.Filled,600438.SH,,TimeInForce.GTC,,,,1560873600000000000,2019-06-18T16:00:00Z
,0.0,1560787200000000000,2019-06-17T16:00:00Z,0.0,,b907c50c-ab8a-47e8-a9e6-43d1c41a57fe,OrderRole.Standalone,OrderType.Market,_default,,PositionEffect.Open,,129000.0,False,"Risk: Insufficient margin at execution. Required: 10547734.49730000000000000000, Available: 72745.90079399840529496587",OrderSide.Buy,OrderStatus.Rejected,601888.SH,,TimeInForce.GTC,,,,1560873600000000000,2019-06-18T16:00:00Z
25.64562,26908.666785,1560787200000000000,2019-06-17T16:00:00Z,419700.0,,d20ee0db-6e3d-4ece-b849-511bd84f861b,OrderRole.Standalone,OrderType.Market,_default,,PositionEffect.Open,,419700.0,False,,OrderSide.Buy,OrderStatus.Filled,300014.SZ,,TimeInForce.GTC,,,,1560873600000000000,2019-06-18T16:00:00Z
19.01097,25037.44749,1560873600000000000,2019-06-18T16:00:00Z,526800.0,,a70d48a8-c47c-4896-ac7f-425e4be4b519,OrderRole.Standalone,OrderType.Market,_default,,PositionEffect.Close,,526800.0,False,,OrderSide.Sell,OrderStatus.Filled,000876.SZ,,TimeInForce.GTC,,,,1560960000000000000,2019-06-19T16:00:00Z
61.84809,25574.185215,1560873600000000000,2019-06-18T16:00:00Z,165400.0,,8dc0ea6f-168a-41a7-9306-993bc43afbaf,OrderRole.Standalone,OrderType.Market,_default,,PositionEffect.Close,,165400.0,False,,OrderSide.Sell,OrderStatus.Filled,002714.SZ,,TimeInForce.GTC,,,,1560960000000000000,2019-06-19T16:00:00Z
,0.0,1563206400000000000,2019-07-15T16:00:00Z,0.0,,febfca54-8bb5-40c7-9045-135e91a17aac,OrderRole.Standalone,OrderType.Market,_default,,PositionEffect.Close,,1618200.0,False,"Risk: Insufficient available position for 000001.SZ at execution. Available: 1618199.9999999999607425138488, Required: 1618200",OrderSide.Sell,OrderStatus.Rejected,000001.SZ,,TimeInForce.GTC,,,,1563292800000000000,2019-07-16T16:00:00Z
123.3765,3022.72425,1563206400000000000,2019-07-15T16:00:00Z,9800.0,,eb88f90a-e30e-4f3c-a8ba-1807345f95a5,OrderRole.Standalone,OrderType.Market,_default,,PositionEffect.Close,,9800.0,False,,OrderSide.Sell,OrderStatus.Filled,000858.SZ,,TimeInForce.GTC,,,,1563292800000000000,2019-07-16T16:00:00Z
69.91002,29676.80349,1563206400000000000,2019-07-15T16:00:00Z,169800.0,,19f4b812-4c3b-4b22-baad-af072176dd54,OrderRole.Standalone,OrderType.Market,_default,,PositionEffect.Close,,169800.0,False,,OrderSide.Sell,OrderStatus.Filled,002371.SZ,,TimeInForce.GTC,,,,1563292800000000000,2019-07-16T16:00:00Z
31.09887,32630.4893475,1563206400000000000,2019-07-15T16:00:00Z,419700.0,,8968425f-9bac-4f43-9365-0d1c848867f2,OrderRole.Standalone,OrderType.Market,_default,,PositionEffect.Close,,419700.0,False,,OrderSide.Sell,OrderStatus.Filled,300014.SZ,,TimeInForce.GTC,,,,1563292800000000000,2019-07-16T16:00:00Z
92.38752,669.80952,1563206400000000000,2019-07-15T16:00:00Z,2900.0,,4b0c0118-8e06-4110-a6fe-d1ac9da6082b,OrderRole.Standalone,OrderType.Market,_default,,PositionEffect.Close,,2900.0,False,,OrderSide.Sell,OrderStatus.Filled,300033.SZ,,TimeInForce.GTC,,,,1563292800000000000,2019-07-16T16:00:00Z
79.51041,27212.4378225,1563206400000000000,2019-07-15T16:00:00Z,136900.0,,c1cf97dd-b286-45f5-b15a-3773737240c4,OrderRole.Standalone,OrderType.Market,_default,,PositionEffect.Close,,136900.0,False,,OrderSide.Sell,OrderStatus.Filled,600009.SH,,TimeInForce.GTC,,,,1563292800000000000,2019-07-16T16:00:00Z
29.36061,26659.43388,1563206400000000000,2019-07-15T16:00:00Z,363200.0,,d61bf35f-c6bf-4106-9107-f5d2dbc71cb9,OrderRole.Standalone,OrderType.Market,_default,,PositionEffect.Close,,363200.0,False,,OrderSide.Sell,OrderStatus.Filled,600085.SH,,TimeInForce.GTC,,,,1563292800000000000,2019-07-16T16:00:00Z
11.80818,2.952045,1563206400000000000,2019-07-15T16:00:00Z,100.0,,bf96a6a3-12af-4502-ae19-9e30f56ebf3b,OrderRole.Standalone,OrderType.Market,_default,,PositionEffect.Close,,100.0,False,,OrderSide.Sell,OrderStatus.Filled,600346.SH,,TimeInForce.GTC,,,,1563292800000000000,2019-07-16T16:00:00Z
13.34664,24798.05712,1563206400000000000,2019-07-15T16:00:00Z,743200.0,,31e6bd53-b5ba-4097-8e8b-2d9f38c40037,OrderRole.Standalone,OrderType.Market,_default,,PositionEffect.Close,,743200.0,False,,OrderSide.Sell,OrderStatus.Filled,600438.SH,,TimeInForce.GTC,,,,1563292800000000000,2019-07-16T16:00:00Z
968.968,27373.346,1563206400000000000,2019-07-15T16:00:00Z,11300.0,,f678ed71-ee49-42a0-8d52-0022cb4a2d0d,OrderRole.Standalone,OrderType.Market,_default,,PositionEffect.Open,,11300.0,False,,OrderSide.Buy,OrderStatus.Filled,600519.SH,,TimeInForce.GTC,,,,1563292800000000000,2019-07-16T16:00:00Z
29.9299,27460.68325,1563206400000000000,2019-07-15T16:00:00Z,367000.0,,4d4ef18e-1fbd-4c6c-98f2-e39c47bab9cc,OrderRole.Standalone,OrderType.Market,_default,,PositionEffect.Open,,367000.0,False,,OrderSide.Buy,OrderStatus.Filled,000002.SZ,,TimeInForce.GTC,,,,1563292800000000000,2019-07-16T16:00:00Z
84.45437,27426.5566575,1563206400000000000,2019-07-15T16:00:00Z,129900.0,,65c010d3-d544-477d-9fc2-698db8d44dbf,OrderRole.Standalone,OrderType.Market,_default,,PositionEffect.Open,,129900.0,False,,OrderSide.Buy,OrderStatus.Filled,000568.SZ,,TimeInForce.GTC,,,,1563292800000000000,2019-07-16T16:00:00Z
54.77472,27551.68416,1563206400000000000,2019-07-15T16:00:00Z,201200.0,,77ed6156-e24e-40cc-a65f-69a8c5b35dc1,OrderRole.Standalone,OrderType.Market,_default,,PositionEffect.Open,,201200.0,False,,OrderSide.Buy,OrderStatus.Filled,000651.SZ,,TimeInForce.GTC,,,,1563292800000000000,2019-07-16T16:00:00Z
324.79447,27445.132715,1563206400000000000,2019-07-15T16:00:00Z,33800.0,,061e9619-5323-4193-ba99-52564ec00772,OrderRole.Standalone,OrderType.Market,_default,,PositionEffect.Open,,33800.0,False,,OrderSide.Buy,OrderStatus.Filled,000661.SZ,,TimeInForce.GTC,,,,1563292800000000000,2019-07-16T16:00:00Z
127.47735,27630.7156125,1563206400000000000,2019-07-15T16:00:00Z,86700.0,,a2febd18-0261-4c90-a08d-ead7e97a91d8,OrderRole.Standalone,OrderType.Market,_default,,PositionEffect.Open,,86700.0,False,,OrderSide.Buy,OrderStatus.Filled,002304.SZ,,TimeInForce.GTC,,,,1563292800000000000,2019-07-16T16:00:00Z
17.96795,27499.947475,1563206400000000000,2019-07-15T16:00:00Z,612200.0,,d6668c7a-5ebc-41f0-bb5d-e223df6e767b,OrderRole.Standalone,OrderType.Market,_default,,PositionEffect.Open,,612200.0,False,,OrderSide.Buy,OrderStatus.Filled,002558.SZ,,TimeInForce.GTC,,,,1563292800000000000,2019-07-16T16:00:00Z
,0.0,1563206400000000000,2019-07-15T16:00:00Z,0.0,,ca6a5d29-ab94-429b-b6f5-05d33f0b208b,OrderRole.Standalone,OrderType.Market,_default,,PositionEffect.Open,,414500.0,False,"Risk: Insufficient margin at execution. Required: 11172464.97867499999999999999, Available: 1078665.01306399882874050817",OrderSide.Buy,OrderStatus.Rejected,300142.SZ,,TimeInForce.GTC,,,,1563292800000000000,2019-07-16T16:00:00Z
123.38649,27546.0338925,1563292800000000000,2019-07-16T16:00:00Z,89300.0,,47fbdbbf-7984-4495-b981-cfe0122a1f3c,OrderRole.Standalone,OrderType.Market,_default,,PositionEffect.Close,,89300.0,False,,OrderSide.Sell,OrderStatus.Filled,000858.SZ,,TimeInForce.GTC,,,,1563379200000000000,2019-07-17T16:00:00Z
91.41849,27105.582285,1563292800000000000,2019-07-16T16:00:00Z,118600.0,,325f19b5-eb72-4fc4-a28c-8be5447da204,OrderRole.Standalone,OrderType.Market,_default,,PositionEffect.Close,,118600.0,False,,OrderSide.Sell,OrderStatus.Filled,300033.SZ,,TimeInForce.GTC,,,,1563379200000000000,2019-07-17T16:00:00Z
,0.0,1565625600000000000,2019-08-12T16:00:00Z,0.0,,2c441a40-cdf2-42c7-a63c-47379d1355d5,OrderRole.Standalone,OrderType.Market,_default,,PositionEffect.Close,,1618200.0,False,"Risk: Insufficient available position for 000001.SZ at execution. Available: 1618199.9999999999607425138488, Required: 1618200",OrderSide.Sell,OrderStatus.Rejected,000001.SZ,,TimeInForce.GTC,,,,1565712000000000000,2019-08-13T16:00:00Z
27.66231,25380.169425,1565625600000000000,2019-08-12T16:00:00Z,367000.0,,d0925f8d-8112-40c8-bc4e-76d1f5508d16,OrderRole.Standalone,OrderType.Market,_default,,PositionEffect.Close,,367000.0,False,,OrderSide.Sell,OrderStatus.Filled,000002.SZ,,TimeInForce.GTC,,,,1565712000000000000,2019-08-13T16:00:00Z
79.92,25954.02,1565625600000000000,2019-08-12T16:00:00Z,129900.0,,480952a4-fb94-421d-9364-f6beff7df1f8,OrderRole.Standalone,OrderType.Market,_default,,PositionEffect.Close,,129900.0,False,,OrderSide.Sell,OrderStatus.Filled,000568.SZ,,TimeInForce.GTC,,,,1565712000000000000,2019-08-13T16:00:00Z
52.67727,26496.66681,1565625600000000000,2019-08-12T16:00:00Z,201200.0,,a28ed622-1808-4ab0-97c1-8109d343642b,OrderRole.Standalone,OrderType.Market,_default,,PositionEffect.Close,,201200.0,False,,OrderSide.Sell,OrderStatus.Filled,000651.SZ,,TimeInForce.GTC,,,,1565712000000000000,2019-08-13T16:00:00Z
333.0666,28144.1277,1565625600000000000,2019-08-12T16:00:00Z,33800.0,,408846fc-2ef9-419a-8a4d-c847d9e493d5,OrderRole.Standalone,OrderType.Market,_default,,PositionEffect.Close,,33800.0,False,,OrderSide.Sell,OrderStatus.Filled,000661.SZ,,TimeInForce.GTC,,,,1565712000000000000,2019-08-13T16:00:00Z
105.7941,22930.871175,1565625600000000000,2019-08-12T16:00:00Z,86700.0,,ea841171-9192-425c-a622-e337e8002db4,OrderRole.Standalone,OrderType.Market,_default,,PositionEffect.Close,,86700.0,False,,OrderSide.Sell,OrderStatus.Filled,002304.SZ,,TimeInForce.GTC,,,,1565712000000000000,2019-08-13T16:00:00Z
17.5824,26909.8632,1565625600000000000,2019-08-12T16:00:00Z,612200.0,,894c21e7-cadb-4515-bc65-434c63462fc9,OrderRole.Standalone,OrderType.Market,_default,,PositionEffect.Close,,612200.0,False,,OrderSide.Sell,OrderStatus.Filled,002558.SZ,,TimeInForce.GTC,,,,1565712000000000000,2019-08-13T16:00:00Z
1028.98998,29068.966935,1565625600000000000,2019-08-12T16:00:00Z,11300.0,,61b87c80-f7b0-403c-9854-976ef14a31ba,OrderRole.Standalone,OrderType.Market,_default,,PositionEffect.Close,,11300.0,False,,OrderSide.Sell,OrderStatus.Filled,600519.SH,,TimeInForce.GTC,,,,1565712000000000000,2019-08-13T16:00:00Z
47.2472,25619.7942,1565625600000000000,2019-08-12T16:00:00Z,216900.0,,019d3b49-bc0b-4147-8e1d-f0754ca745e0,OrderRole.Standalone,OrderType.Market,_default,,PositionEffect.Open,,216900.0,False,,OrderSide.Buy,OrderStatus.Filled,600547.SH,,TimeInForce.GTC,,,,1565712000000000000,2019-08-13T16:00:00Z
14.46445,27818.7534625,1565625600000000000,2019-08-12T16:00:00Z,769300.0,,6b5d1d98-20a9-4e4d-b1ab-7e3f6c6d43d8,OrderRole.Standalone,OrderType.Market,_default,,PositionEffect.Open,,769300.0,False,,OrderSide.Buy,OrderStatus.Filled,601236.SH,,TimeInForce.GTC,,,,1565712000000000000,2019-08-13T16:00:00Z
74.92485,27441.2263125,1565625600000000000,2019-08-12T16:00:00Z,146500.0,,81fc6a57-37a5-4488-b07b-de612f617358,OrderRole.Standalone,OrderType.Market,_default,,PositionEffect.Open,,146500.0,False,,OrderSide.Buy,OrderStatus.Filled,688008.SH,,TimeInForce.GTC,,,,1565712000000000000,2019-08-13T16:00:00Z
36.19616,27690.0624,1565625600000000000,2019-08-12T16:00:00Z,306000.0,,29784e94-3fc0-4e61-b026-7316e03da741,OrderRole.Standalone,OrderType.Market,_default,,PositionEffect.Open,,306000.0,False,,OrderSide.Buy,OrderStatus.Filled,000938.SZ,,TimeInForce.GTC,,,,1565712000000000000,2019-08-13T16:00:00Z
19.9199,27638.86125,1565625600000000000,2019-08-12T16:00:00Z,555000.0,,ec78e7b5-154f-4ca9-bf89-5941f7a40981,OrderRole.Standalone,OrderType.Market,_default,,PositionEffect.Open,,555000.0,False,,OrderSide.Buy,OrderStatus.Filled,002463.SZ,,TimeInForce.GTC,,,,1565712000000000000,2019-08-13T16:00:00Z
126.36624,27705.79812,1565625600000000000,2019-08-12T16:00:00Z,87700.0,,56da3f56-1c8b-451c-93b5-31b1664e025b,OrderRole.Standalone,OrderType.Market,_default,,PositionEffect.Open,,87700.0,False,,OrderSide.Buy,OrderStatus.Filled,002916.SZ,,TimeInForce.GTC,,,,1565712000000000000,2019-08-13T16:00:00Z
39.28925,27669.4543125,1565625600000000000,2019-08-12T16:00:00Z,281700.0,,b7b103b1-40af-4c94-b1a9-837cabd6ba87,OrderRole.Standalone,OrderType.Market,_default,,PositionEffect.Open,,281700.0,False,,OrderSide.Buy,OrderStatus.Filled,300223.SZ,,TimeInForce.GTC,,,,1565712000000000000,2019-08-13T16:00:00Z
131.90177,27435.56816,1565625600000000000,2019-08-12T16:00:00Z,83200.0,,dac7e441-8a19-49c8-9fc3-d050a7ccd310,OrderRole.Standalone,OrderType.Market,_default,,PositionEffect.Open,,83200.0,False,,OrderSide.Buy,OrderStatus.Filled,300661.SZ,,TimeInForce.GTC,,,,1565712000000000000,2019-08-13T16:00:00Z
,0.0,1565625600000000000,2019-08-12T16:00:00Z,0.0,,45792752-d3f8-47f3-9bb5-20b555889e2c,OrderRole.Standalone,OrderType.Market,_default,,PositionEffect.Open,,38100.0,False,"Risk: Insufficient margin at execution. Required: 10858298.45100000000000000000, Available: 9128644.67542399881965168959",OrderSide.Buy,OrderStatus.Rejected,300782.SZ,,TimeInForce.GTC,,,,1565712000000000000,2019-08-13T16:00:00Z
,0.0,1565625600000000000,2019-08-12T16:00:00Z,0.0,,3d71c29c-9c55-4c47-b9f8-3148094c483b,OrderRole.Standalone,OrderType.Market,_default,,PositionEffect.Open,,503700.0,False,"Risk: Insufficient margin at execution. Required: 11115157.96140750000000000000, Available: 9128644.67542399881965168959",OrderSide.Buy,OrderStatus.Rejected,600183.SH,,TimeInForce.GTC,,,,1565712000000000000,2019-08-13T16:00:00Z
,0.0,1568044800000000000,2019-09-09T16:00:00Z,0.0,,cef8a091-a54d-4d4c-b28f-2c411de26c7f,OrderRole.Standalone,OrderType.Market,_default,,PositionEffect.Close,,1618200.0,False,"Risk: Insufficient available position for 000001.SZ at execution. Available: 1618199.9999999999607425138488, Required: 1618200",OrderSide.Sell,OrderStatus.Rejected,000001.SZ,,TimeInForce.GTC,,,,1568131200000000000,2019-09-10T16:00:00Z
35.51445,27168.55425,1568044800000000000,2019-09-09T16:00:00Z,306000.0,,0a0fde4c-67e4-4089-912d-01397bfb486c,OrderRole.Standalone,OrderType.Market,_default,,PositionEffect.Close,,306000.0,False,,OrderSide.Sell,OrderStatus.Filled,000938.SZ,,TimeInForce.GTC,,,,1568131200000000000,2019-09-10T16:00:00Z
26.0739,5162.6322,1568044800000000000,2019-09-09T16:00:00Z,79200.0,,4e3773a8-42b8-4731-9cd0-16c45bd674b9,OrderRole.Standalone,OrderType.Market,_default,,PositionEffect.Close,,79200.0,False,,OrderSide.Sell,OrderStatus.Filled,002463.SZ,,TimeInForce.GTC,,,,1568131200000000000,2019-09-10T16:00:00Z
149.80005,32843.6609625,1568044800000000000,2019-09-09T16:00:00Z,87700.0,,94f6a3b4-bcf2-4127-9072-ca13cb4792d0,OrderRole.Standalone,OrderType.Market,_default,,PositionEffect.Close,,87700.0,False,,OrderSide.Sell,OrderStatus.Filled,002916.SZ,,TimeInForce.GTC,,,,1568131200000000000,2019-09-10T16:00:00Z
57.99195,9916.62345,1568044800000000000,2019-09-09T16:00:00Z,68400.0,,863c35b1-990b-4497-8f66-4e8c3488baac,OrderRole.Standalone,OrderType.Market,_default,,PositionEffect.Close,,68400.0,False,,OrderSide.Sell,OrderStatus.Filled,300223.SZ,,TimeInForce.GTC,,,,1568131200000000000,2019-09-10T16:00:00Z
148.44141,30875.81328,1568044800000000000,2019-09-09T16:00:00Z,83200.0,,348b9802-8001-45cb-a5fa-e3f017da901d,OrderRole.Standalone,OrderType.Market,_default,,PositionEffect.Close,,83200.0,False,,OrderSide.Sell,OrderStatus.Filled,300661.SZ,,TimeInForce.GTC,,,,1568131200000000000,2019-09-10T16:00:00Z
37.1628,26497.0764,1568044800000000000,2019-09-09T16:00:00Z,285200.0,,52b89884-51dc-4d4f-afcb-cd7fd22e12b6,OrderRole.Standalone,OrderType.Market,_default,,PositionEffect.Close,,285200.0,False,,OrderSide.Sell,OrderStatus.Filled,600547.SH,,TimeInForce.GTC,,,,1568131200000000000,2019-09-10T16:00:00Z
19.62036,37734.85737,1568044800000000000,2019-09-09T16:00:00Z,769300.0,,49545ac4-a51b-416a-b4bd-acca1ced5f40,OrderRole.Standalone,OrderType.Market,_default,,PositionEffect.Close,,769300.0,False,,OrderSide.Sell,OrderStatus.Filled,601236.SH,,TimeInForce.GTC,,,,1568131200000000000,2019-09-10T16:00:00Z
74.2257,27185.162625,1568044800000000000,2019-09-09T16:00:00Z,146500.0,,e4c5024a-4732-420b-876f-0cd4b717e2bd,OrderRole.Standalone,OrderType.Market,_default,,PositionEffect.Close,,146500.0,False,,OrderSide.Sell,OrderStatus.Filled,688008.SH,,TimeInForce.GTC,,,,1568131200000000000,2019-09-10T16:00:00Z
14.6146,30383.7534,1568044800000000000,2019-09-09T16:00:00Z,831600.0,,2c6e6318-ec0d-4ff6-bf2c-5d83a9836106,OrderRole.Standalone,OrderType.Market,_default,,PositionEffect.Open,,831600.0,False,,OrderSide.Buy,OrderStatus.Filled,002241.SZ,,TimeInForce.GTC,,,,1568131200000000000,2019-09-10T16:00:00Z
9.72972,30884.56371,1568044800000000000,2019-09-09T16:00:00Z,1269700.0,,e89efa32-2e22-43f1-b22f-30e5f678b6b2,OrderRole.Standalone,OrderType.Market,_default,,PositionEffect.Open,,1269700.0,False,,OrderSide.Buy,OrderStatus.Filled,002600.SZ,,TimeInForce.GTC,,,,1568131200000000000,2019-09-10T16:00:00Z
20.90088,30891.50064,1568044800000000000,2019-09-09T16:00:00Z,591200.0,,4d9eaa4b-9ef3-406a-b690-344792d4aafa,OrderRole.Standalone,OrderType.Market,_default,,PositionEffect.Open,,591200.0,False,,OrderSide.Buy,OrderStatus.Filled,002837.SZ,,TimeInForce.GTC,,,,1568131200000000000,2019-09-10T16:00:00Z
39.91988,31127.52643,1568044800000000000,2019-09-09T16:00:00Z,311900.0,,3ceab284-336a-40f6-a192-d4632ac8c56d,OrderRole.Standalone,OrderType.Market,_default,,PositionEffect.Open,,311900.0,False,,OrderSide.Buy,OrderStatus.Filled,300502.SZ,,TimeInForce.GTC,,,,1568131200000000000,2019-09-10T16:00:00Z
69.79973,30816.580795,1568044800000000000,2019-09-09T16:00:00Z,176600.0,,0d77d10e-830c-4880-8069-299fa873fe58,OrderRole.Standalone,OrderType.Market,_default,,PositionEffect.Open,,176600.0,False,,OrderSide.Buy,OrderStatus.Filled,600745.SH,,TimeInForce.GTC,,,,1568131200000000000,2019-09-10T16:00:00Z
26.47645,31328.2594625,1568044800000000000,2019-09-09T16:00:00Z,473300.0,,d6fa46e7-d294-4294-ac2b-d7e8baae5097,OrderRole.Standalone,OrderType.Market,_default,,PositionEffect.Open,,473300.0,False,,OrderSide.Buy,OrderStatus.Filled,601066.SH,,TimeInForce.GTC,,,,1568131200000000000,2019-09-10T16:00:00Z
15.09508,30416.5862,1568044800000000000,2019-09-09T16:00:00Z,806000.0,,bae9157c-b660-4f1e-b241-3b1d47a730c5,OrderRole.Standalone,OrderType.Market,_default,,PositionEffect.Open,,806000.0,False,,OrderSide.Buy,OrderStatus.Filled,601698.SH,,TimeInForce.GTC,,,,1568131200000000000,2019-09-10T16:00:00Z
,0.0,1568044800000000000,2019-09-09T16:00:00Z,0.0,,3564c976-3ac2-45fe-ac89-fe95fa3e5cc6,OrderRole.Standalone,OrderType.Market,_default,,PositionEffect.Open,,116200.0,False,"Risk: Insufficient margin at execution. Required: 12360340.99300000000000000000, Available: 2014063.47944899910658003307",OrderSide.Buy,OrderStatus.Rejected,603501.SH,,TimeInForce.GTC,,,,1568131200000000000,2019-09-10T16:00:00Z
26.79318,31870.48761,1568131200000000000,2019-09-10T16:00:00Z,475800.0,,e8dc56b2-6881-46ee-bc39-1392eafb8672,OrderRole.Standalone,OrderType.Market,_default,,PositionEffect.Close,,475800.0,False,,OrderSide.Sell,OrderStatus.Filled,002463.SZ,,TimeInForce.GTC,,,,1568217600000000000,2019-09-11T16:00:00Z
57.942,30897.5715,1568131200000000000,2019-09-10T16:00:00Z,213300.0,,0050457a-5852-489b-ba5f-099f6825679e,OrderRole.Standalone,OrderType.Market,_default,,PositionEffect.Close,,213300.0,False,,OrderSide.Sell,OrderStatus.Filled,300223.SZ,,TimeInForce.GTC,,,,1568217600000000000,2019-09-11T16:00:00Z
,0.0,1571155200000000000,2019-10-15T16:00:00Z,0.0,,938edf68-a1ef-473d-956c-6ada45dcab3e,OrderRole.Standalone,OrderType.Market,_default,,PositionEffect.Close,,1618200.0,False,"Risk: Insufficient available position for 000001.SZ at execution. Available: 1618199.9999999999607425138488, Required: 1618200",OrderSide.Sell,OrderStatus.Rejected,000001.SZ,,TimeInForce.GTC,,,,1571241600000000000,2019-10-16T16:00:00Z
17.982,6608.385,1571155200000000000,2019-10-15T16:00:00Z,147000.0,,246edca8-0fd8-42de-a8fe-b3e82827105e,OrderRole.Standalone,OrderType.Market,_default,,PositionEffect.Close,,147000.0,False,,OrderSide.Sell,OrderStatus.Filled,002241.SZ,,TimeInForce.GTC,,,,1571241600000000000,2019-10-16T16:00:00Z
9.81018,259.96977,1571155200000000000,2019-10-15T16:00:00Z,10600.0,,15f6433d-b445-48cb-b376-ff618239417c,OrderRole.Standalone,OrderType.Market,_default,,PositionEffect.Close,,10600.0,False,,OrderSide.Sell,OrderStatus.Filled,002600.SZ,,TimeInForce.GTC,,,,1571241600000000000,2019-10-16T16:00:00Z
19.04094,28142.50932,1571155200000000000,2019-10-15T16:00:00Z,591200.0,,17d73dea-d126-441a-88b8-c3c154726bb1,OrderRole.Standalone,OrderType.Market,_default,,PositionEffect.Close,,591200.0,False,,OrderSide.Sell,OrderStatus.Filled,002837.SZ,,TimeInForce.GTC,,,,1571241600000000000,2019-10-16T16:00:00Z
71.26866,356.3433,1571155200000000000,2019-10-15T16:00:00Z,2000.0,,e515bc91-f795-40cc-a169-ab89ffb2e938,OrderRole.Standalone,OrderType.Market,_default,,PositionEffect.Close,,2000.0,False,,OrderSide.Sell,OrderStatus.Filled,600745.SH,,TimeInForce.GTC,,,,1571241600000000000,2019-10-16T16:00:00Z
23.3766,27660.36195,1571155200000000000,2019-10-15T16:00:00Z,473300.0,,be229b29-858f-4284-b9e0-ccbe66f9346c,OrderRole.Standalone,OrderType.Market,_default,,PositionEffect.Close,,473300.0,False,,OrderSide.Sell,OrderStatus.Filled,601066.SH,,TimeInForce.GTC,,,,1571241600000000000,2019-10-16T16:00:00Z
11.86812,23914.2618,1571155200000000000,2019-10-15T16:00:00Z,806000.0,,e2d505e9-fb36-49a2-adb4-adbf78c87446,OrderRole.Standalone,OrderType.Market,_default,,PositionEffect.Close,,806000.0,False,,OrderSide.Sell,OrderStatus.Filled,601698.SH,,TimeInForce.GTC,,,,1571241600000000000,2019-10-16T16:00:00Z
6.45645,30529.323825,1571155200000000000,2019-10-15T16:00:00Z,1891400.0,,03c6d830-0984-4dc0-9bcf-8783831d00d1,OrderRole.Standalone,OrderType.Market,_default,,PositionEffect.Open,,1891400.0,False,,OrderSide.Buy,OrderStatus.Filled,601872.SH,,TimeInForce.GTC,,,,1571241600000000000,2019-10-16T16:00:00Z
50.94089,31341.3825725,1571155200000000000,2019-10-15T16:00:00Z,246100.0,,d5eb7798-8f66-4d67-b564-82b24bc0d4da,OrderRole.Standalone,OrderType.Market,_default,,PositionEffect.Open,,246100.0,False,,OrderSide.Buy,OrderStatus.Filled,300223.SZ,,TimeInForce.GTC,,,,1571241600000000000,2019-10-16T16:00:00Z
13.32331,31096.60554,1571155200000000000,2019-10-15T16:00:00Z,933600.0,,fe24ac4b-1b2e-4a92-8a6a-dd7249fd4330,OrderRole.Standalone,OrderType.Market,_default,,PositionEffect.Open,,933600.0,False,,OrderSide.Buy,OrderStatus.Filled,300433.SZ,,TimeInForce.GTC,,,,1571241600000000000,2019-10-16T16:00:00Z
179.00883,31326.54525,1571155200000000000,2019-10-15T16:00:00Z,70000.0,,ae46c19f-feac-40f3-aab8-b456422aa3c3,OrderRole.Standalone,OrderType.Market,_default,,PositionEffect.Open,,70000.0,False,,OrderSide.Buy,OrderStatus.Filled,300661.SZ,,TimeInForce.GTC,,,,1571241600000000000,2019-10-16T16:00:00Z
,0.0,1571155200000000000,2019-10-15T16:00:00Z,0.0,,9f8064c6-adcb-4225-86b2-d7cd451b7e01,OrderRole.Standalone,OrderType.Market,_default,,PositionEffect.Open,,231500.0,False,"Risk: Insufficient margin at execution. Required: 12451860.42100000000000000000, Available: 11333095.68455149911085750034",OrderSide.Buy,OrderStatus.Rejected,300759.SZ,,TimeInForce.GTC,,,,1571241600000000000,2019-10-16T16:00:00Z
,0.0,1571155200000000000,2019-10-15T16:00:00Z,0.0,,2bbaf453-50ac-42d5-b661-79577bd7b542,OrderRole.Standalone,OrderType.Market,_default,,PositionEffect.Open,,33300.0,False,"Risk: Insufficient margin at execution. Required: 12531237.46875000000000000000, Available: 11333095.68455149911085750034",OrderSide.Buy,OrderStatus.Rejected,300782.SZ,,TimeInForce.GTC,,,,1571241600000000000,2019-10-16T16:00:00Z
37.87784,1429.88846,1571155200000000000,2019-10-15T16:00:00Z,15100.0,,aa8cd244-e0b3-44b4-9e8a-0f02afca39ed,OrderRole.Standalone,OrderType.Market,_default,,PositionEffect.Open,,15100.0,False,,OrderSide.Buy,OrderStatus.Filled,300502.SZ,,TimeInForce.GTC,,,,1571241600000000000,2019-10-16T16:00:00Z
18.94104,32417.58996,1571241600000000000,2019-10-16T16:00:00Z,684600.0,,fca00a98-07b2-4b0e-998e-9818040e98cb,OrderRole.Standalone,OrderType.Market,_default,,PositionEffect.Close,,684600.0,False,,OrderSide.Sell,OrderStatus.Filled,002241.SZ,,TimeInForce.GTC,,,,1571328000000000000,2019-10-17T16:00:00Z
9.91008,31194.45432,1571241600000000000,2019-10-16T16:00:00Z,1259100.0,,44d5773d-f8b4-47e8-ab54-2dc3466027f7,OrderRole.Standalone,OrderType.Market,_default,,PositionEffect.Close,,1259100.0,False,,OrderSide.Sell,OrderStatus.Filled,002600.SZ,,TimeInForce.GTC,,,,1571328000000000000,2019-10-17T16:00:00Z
38.2617,31278.93975,1571241600000000000,2019-10-16T16:00:00Z,327000.0,,c1b62879-e989-468f-8a7a-0c80453726f1,OrderRole.Standalone,OrderType.Market,_default,,PositionEffect.Close,,327000.0,False,,OrderSide.Sell,OrderStatus.Filled,300502.SZ,,TimeInForce.GTC,,,,1571328000000000000,2019-10-17T16:00:00Z
72.48744,31640.76756,1571241600000000000,2019-10-16T16:00:00Z,174600.0,,7ed2dca1-f5ae-43b8-8e3f-54c037f44934,OrderRole.Standalone,OrderType.Market,_default,,PositionEffect.Close,,174600.0,False,,OrderSide.Sell,OrderStatus.Filled,600745.SH,,TimeInForce.GTC,,,,1571328000000000000,2019-10-17T16:00:00Z
16.41357,33918.642405,1573574400000000000,2019-11-12T16:00:00Z,826600.0,,6680915f-5403-4682-931e-f1bc3b93174e,OrderRole.Standalone,OrderType.Market,_default,,PositionEffect.Close,,826600.0,False,,OrderSide.Sell,OrderStatus.Filled,000001.SZ,,TimeInForce.GTC,,,,1573660800000000000,2019-11-13T16:00:00Z
13.5864,31710.6576,1573574400000000000,2019-11-12T16:00:00Z,933600.0,,7a81d11f-832b-48fb-bdbf-ba9d803af5a8,OrderRole.Standalone,OrderType.Market,_default,,PositionEffect.Close,,933600.0,False,,OrderSide.Sell,OrderStatus.Filled,300433.SZ,,TimeInForce.GTC,,,,1573660800000000000,2019-11-13T16:00:00Z
242.6571,10434.2553,1573574400000000000,2019-11-12T16:00:00Z,17200.0,,2015c217-ba6d-4358-bdf6-cd7e2b2a6b5c,OrderRole.Standalone,OrderType.Market,_default,,PositionEffect.Close,,17200.0,False,,OrderSide.Sell,OrderStatus.Filled,300661.SZ,,TimeInForce.GTC,,,,1573660800000000000,2019-11-13T16:00:00Z
5.64435,26689.308975,1573574400000000000,2019-11-12T16:00:00Z,1891400.0,,ebd4f061-2a9a-4a80-8326-3303e59f5dac,OrderRole.Standalone,OrderType.Market,_default,,PositionEffect.Close,,1891400.0,False,,OrderSide.Sell,OrderStatus.Filled,601872.SH,,TimeInForce.GTC,,,,1573660800000000000,2019-11-13T16:00:00Z
,0.0,1573574400000000000,2019-11-12T16:00:00Z,0.0,,b608531a-8c3e-4e28-846e-d8bb467fa826,OrderRole.Standalone,OrderType.Market,_default,,PositionEffect.Close,,246100.0,False,"Symbol 300223.SZ not tradable (zero volume, suspension) at execution timestamp 1573660800000000000",OrderSide.Sell,OrderStatus.Rejected,300223.SZ,,TimeInForce.GTC,,,,1573660800000000000,2019-11-13T16:00:00Z
22.6226,32401.21885,1573574400000000000,2019-11-12T16:00:00Z,572900.0,,9698a33d-6650-4952-86d9-53385218a8fa,OrderRole.Standalone,OrderType.Market,_default,,PositionEffect.Open,,572900.0,False,,OrderSide.Buy,OrderStatus.Filled,002463.SZ,,TimeInForce.GTC,,,,1573660800000000000,2019-11-13T16:00:00Z
23.06304,32484.29184,1573574400000000000,2019-11-12T16:00:00Z,563400.0,,102e43f1-dc64-4b67-a132-6c8053d42a1c,OrderRole.Standalone,OrderType.Market,_default,,PositionEffect.Open,,563400.0,False,,OrderSide.Buy,OrderStatus.Filled,600183.SH,,TimeInForce.GTC,,,,1573660800000000000,2019-11-13T16:00:00Z
7.88788,32060.28826,1573574400000000000,2019-11-12T16:00:00Z,1625800.0,,632d44d7-1f41-486f-9690-f32b7f64b51b,OrderRole.Standalone,OrderType.Market,_default,,PositionEffect.Open,,1625800.0,False,,OrderSide.Buy,OrderStatus.Filled,600489.SH,,TimeInForce.GTC,,,,1573660800000000000,2019-11-13T16:00:00Z
83.93385,32230.5984,1573574400000000000,2019-11-12T16:00:00Z,153600.0,,5d24dd7f-40d6-4f3a-ba58-685ba513a6c8,OrderRole.Standalone,OrderType.Market,_default,,PositionEffect.Open,,153600.0,False,,OrderSide.Buy,OrderStatus.Filled,600745.SH,,TimeInForce.GTC,,,,1573660800000000000,2019-11-13T16:00:00Z
2.23223,32202.14998,1573574400000000000,2019-11-12T16:00:00Z,5770400.0,,a6f9d09f-b286-4ece-b124-26cb293932bd,OrderRole.Standalone,OrderType.Market,_default,,PositionEffect.Open,,5770400.0,False,,OrderSide.Buy,OrderStatus.Filled,600795.SH,,TimeInForce.GTC,,,,1573660800000000000,2019-11-13T16:00:00Z
85.65557,32442.0471375,1573574400000000000,2019-11-12T16:00:00Z,151500.0,,4342d327-a367-4eaa-b196-56812afb7117,OrderRole.Standalone,OrderType.Market,_default,,PositionEffect.Open,,151500.0,False,,OrderSide.Buy,OrderStatus.Filled,601888.SH,,TimeInForce.GTC,,,,1573660800000000000,2019-11-13T16:00:00Z
,0.0,1573574400000000000,2019-11-12T16:00:00Z,0.0,,1f96b1df-63cf-445b-9c62-3617059b47f3,OrderRole.Standalone,OrderType.Market,_default,,PositionEffect.Open,,104400.0,False,"Risk: Insufficient margin at execution. Required: 12851603.63487000000000000000, Available: 12218286.66979649911085750034",OrderSide.Buy,OrderStatus.Rejected,603501.SH,,TimeInForce.GTC,,,,1573660800000000000,2019-11-13T16:00:00Z
30.16013,32112.9984175,1573574400000000000,2019-11-12T16:00:00Z,425900.0,,dd82ec51-7a3c-4442-be6b-9f8c16228a68,OrderRole.Standalone,OrderType.Market,_default,,PositionEffect.Open,,425900.0,False,,OrderSide.Buy,OrderStatus.Filled,600547.SH,,TimeInForce.GTC,,,,1573660800000000000,2019-11-13T16:00:00Z
245.53422,32410.51704,1573660800000000000,2019-11-13T16:00:00Z,52800.0,,17b5aeb1-0044-4776-8d14-74d42d1ccd18,OrderRole.Standalone,OrderType.Market,_default,,PositionEffect.Close,,52800.0,False,,OrderSide.Sell,OrderStatus.Filled,300661.SZ,,TimeInForce.GTC,,,,1573747200000000000,2019-11-14T16:00:00Z
,0.0,1575993600000000000,2019-12-10T16:00:00Z,0.0,,b5765cee-de9b-4311-9057-111ca3ff3a26,OrderRole.Standalone,OrderType.Market,_default,,PositionEffect.Close,,791600.0,False,"Risk: Insufficient available position for 000001.SZ at execution. Available: 791599.9999999999607425138488, Required: 791600",OrderSide.Sell,OrderStatus.Rejected,000001.SZ,,TimeInForce.GTC,,,,1576080000000000000,2019-12-11T16:00:00Z
23.88609,34210.8524025,1575993600000000000,2019-12-10T16:00:00Z,572900.0,,89760106-9bba-46d2-8d40-b507e2596d15,OrderRole.Standalone,OrderType.Market,_default,,PositionEffect.Close,,572900.0,False,,OrderSide.Sell,OrderStatus.Filled,002463.SZ,,TimeInForce.GTC,,,,1576080000000000000,2019-12-11T16:00:00Z
84.10581,16863.214905,1575993600000000000,2019-12-10T16:00:00Z,80200.0,,3ecf3947-b42e-4467-a557-dcbd9ef85ba6,OrderRole.Standalone,OrderType.Market,_default,,PositionEffect.Close,,80200.0,False,,OrderSide.Sell,OrderStatus.Filled,300223.SZ,,TimeInForce.GTC,,,,1576080000000000000,2019-12-11T16:00:00Z
24.58539,34628.521815,1575993600000000000,2019-12-10T16:00:00Z,563400.0,,46495c5d-f9a4-46be-ad55-9a39f89f4be3,OrderRole.Standalone,OrderType.Market,_default,,PositionEffect.Close,,563400.0,False,,OrderSide.Sell,OrderStatus.Filled,600183.SH,,TimeInForce.GTC,,,,1576080000000000000,2019-12-11T16:00:00Z
8.0919,32889.52755,1575993600000000000,2019-12-10T16:00:00Z,1625800.0,,cb9be75e-bc87-4513-b69f-98aa9abdd74c,OrderRole.Standalone,OrderType.Market,_default,,PositionEffect.Close,,1625800.0,False,,OrderSide.Sell,OrderStatus.Filled,600489.SH,,TimeInForce.GTC,,,,1576080000000000000,2019-12-11T16:00:00Z
31.5684,33612.4539,1575993600000000000,2019-12-10T16:00:00Z,425900.0,,f40771db-9f1a-464a-874a-ff9b6c1169e1,OrderRole.Standalone,OrderType.Market,_default,,PositionEffect.Close,,425900.0,False,,OrderSide.Sell,OrderStatus.Filled,600547.SH,,TimeInForce.GTC,,,,1576080000000000000,2019-12-11T16:00:00Z
104.38551,4958.311725,1575993600000000000,2019-12-10T16:00:00Z,19000.0,,4988611c-9963-4088-9657-58fd512bf85a,OrderRole.Standalone,OrderType.Market,_default,,PositionEffect.Close,,19000.0,False,,OrderSide.Sell,OrderStatus.Filled,600745.SH,,TimeInForce.GTC,,,,1576080000000000000,2019-12-11T16:00:00Z
2.27772,32858.38872,1575993600000000000,2019-12-10T16:00:00Z,5770400.0,,cec718ef-85e2-45c1-a66b-c8ed8fd7f786,OrderRole.Standalone,OrderType.Market,_default,,PositionEffect.Close,,5770400.0,False,,OrderSide.Sell,OrderStatus.Filled,600795.SH,,TimeInForce.GTC,,,,1576080000000000000,2019-12-11T16:00:00Z
88.79112,33629.6367,1575993600000000000,2019-12-10T16:00:00Z,151500.0,,6eb4d5c0-8650-4064-8bc6-ae9e3091607e,OrderRole.Standalone,OrderType.Market,_default,,PositionEffect.Close,,151500.0,False,,OrderSide.Sell,OrderStatus.Filled,601888.SH,,TimeInForce.GTC,,,,1576080000000000000,2019-12-11T16:00:00Z
155.22507,34653.9968775,1575993600000000000,2019-12-10T16:00:00Z,89300.0,,ae25c22e-61ab-4d87-8bbb-67904db949e4,OrderRole.Standalone,OrderType.Market,_default,,PositionEffect.Open,,89300.0,False,,OrderSide.Buy,OrderStatus.Filled,603501.SH,,TimeInForce.GTC,,,,1576080000000000000,2019-12-11T16:00:00Z
201.64144,34984.78984,1575993600000000000,2019-12-10T16:00:00Z,69400.0,,4ab28be9-590b-4096-9684-f19deb3bea5f,OrderRole.Standalone,OrderType.Market,_default,,PositionEffect.Open,,69400.0,False,,OrderSide.Buy,OrderStatus.Filled,603986.SH,,TimeInForce.GTC,,,,1576080000000000000,2019-12-11T16:00:00Z
78.15808,34780.3456,1575993600000000000,2019-12-10T16:00:00Z,178000.0,,ec118147-2c01-4dc3-ab0d-6a41ceb9ea37,OrderRole.Standalone,OrderType.Market,_default,,PositionEffect.Open,,178000.0,False,,OrderSide.Buy,OrderStatus.Filled,688012.SH,,TimeInForce.GTC,,,,1576080000000000000,2019-12-11T16:00:00Z
82.082,34761.727,1575993600000000000,2019-12-10T16:00:00Z,169400.0,,907017f1-4878-4c5b-b5ce-af7c9bdf5a09,OrderRole.Standalone,OrderType.Market,_default,,PositionEffect.Open,,169400.0,False,,OrderSide.Buy,OrderStatus.Filled,688363.SH,,TimeInForce.GTC,,,,1576080000000000000,2019-12-11T16:00:00Z
20.4204,34612.578,1575993600000000000,2019-12-10T16:00:00Z,678000.0,,85e2d3e8-a097-4954-aba6-103ce66f19af,OrderRole.Standalone,OrderType.Market,_default,,PositionEffect.Open,,678000.0,False,,OrderSide.Buy,OrderStatus.Filled,002241.SZ,,TimeInForce.GTC,,,,1576080000000000000,2019-12-11T16:00:00Z
440.44,35125.09,1575993600000000000,2019-12-10T16:00:00Z,31900.0,,d61aafe5-ef08-493c-8b93-d996a5be8231,OrderRole.Standalone,OrderType.Market,_default,,PositionEffect.Open,,31900.0,False,,OrderSide.Buy,OrderStatus.Filled,300782.SZ,,TimeInForce.GTC,,,,1576080000000000000,2019-12-11T16:00:00Z
23.24322,34644.01941,1575993600000000000,2019-12-10T16:00:00Z,596200.0,,d3e6f152-4483-4b1e-820d-dcea9284fa63,OrderRole.Standalone,OrderType.Market,_default,,PositionEffect.Open,,596200.0,False,,OrderSide.Buy,OrderStatus.Filled,600584.SH,,TimeInForce.GTC,,,,1576080000000000000,2019-12-11T16:00:00Z
23.68366,34862.34752,1575993600000000000,2019-12-10T16:00:00Z,588800.0,,5caee891-322c-4f8b-a684-b9e93c4930bd,OrderRole.Standalone,OrderType.Market,_default,,PositionEffect.Open,,588800.0,False,,OrderSide.Buy,OrderStatus.Filled,002555.SZ,,TimeInForce.GTC,,,,1576080000000000000,2019-12-11T16:00:00Z
103.88601,34957.642365,1576080000000000000,2019-12-11T16:00:00Z,134600.0,,8bc9385f-e4c1-4f77-9ba4-a8dd76a76c91,OrderRole.Standalone,OrderType.Market,_default,,PositionEffect.Close,,134600.0,False,,OrderSide.Sell,OrderStatus.Filled,600745.SH,,TimeInForce.GTC,,,,1576166400000000000,2019-12-12T16:00:00Z
156.67317,34977.2852025,1576080000000000000,2019-12-11T16:00:00Z,89300.0,,fae44741-f78a-4f22-aa1f-ae22123b79bc,OrderRole.Standalone,OrderType.Market,_default,,PositionEffect.Close,,89300.0,False,,OrderSide.Sell,OrderStatus.Filled,603501.SH,,TimeInForce.GTC,,,,1576166400000000000,2019-12-12T16:00:00Z
,0.0,1578499200000000000,2020-01-08T16:00:00Z,0.0,,dbe97055-8c89-4a33-8391-8c0a83f3667e,OrderRole.Standalone,OrderType.Market,_default,,PositionEffect.Close,,791600.0,False,"Risk: Insufficient available position for 000001.SZ at execution. Available: 791599.9999999999607425138488, Required: 791600",OrderSide.Sell,OrderStatus.Rejected,000001.SZ,,TimeInForce.GTC,,,,1578585600000000000,2020-01-09T16:00:00Z
21.15882,35864.1999,1578499200000000000,2020-01-08T16:00:00Z,678000.0,,0b6a8bf6-02c4-40e5-8fa4-c4741b08ec2a,OrderRole.Standalone,OrderType.Market,_default,,PositionEffect.Close,,678000.0,False,,OrderSide.Sell,OrderStatus.Filled,002241.SZ,,TimeInForce.GTC,,,,1578585600000000000,2020-01-09T16:00:00Z
30.6693,7391.3013,1578499200000000000,2020-01-08T16:00:00Z,96400.0,,0cab3c76-0e09-40db-a9a4-535fd646b874,OrderRole.Standalone,OrderType.Market,_default,,PositionEffect.Close,,96400.0,False,,OrderSide.Sell,OrderStatus.Filled,002555.SZ,,TimeInForce.GTC,,,,1578585600000000000,2020-01-09T16:00:00Z
412.34724,32884.69239,1578499200000000000,2020-01-08T16:00:00Z,31900.0,,b10ef385-f871-49b6-a01f-b8378d920a92,OrderRole.Standalone,OrderType.Market,_default,,PositionEffect.Close,,31900.0,False,,OrderSide.Sell,OrderStatus.Filled,300782.SZ,,TimeInForce.GTC,,,,1578585600000000000,2020-01-09T16:00:00Z
22.10787,32951.780235,1578499200000000000,2020-01-08T16:00:00Z,596200.0,,924cbba1-0b77-46d6-9de7-f463ad83bf98,OrderRole.Standalone,OrderType.Market,_default,,PositionEffect.Close,,596200.0,False,,OrderSide.Sell,OrderStatus.Filled,600584.SH,,TimeInForce.GTC,,,,1578585600000000000,2020-01-09T16:00:00Z
222.777,1392.35625,1578499200000000000,2020-01-08T16:00:00Z,2500.0,,3a5ac723-f321-44af-9bde-e0096b5a6353,OrderRole.Standalone,OrderType.Market,_default,,PositionEffect.Close,,2500.0,False,,OrderSide.Sell,OrderStatus.Filled,603986.SH,,TimeInForce.GTC,,,,1578585600000000000,2020-01-09T16:00:00Z
118.3815,14856.87825,1578499200000000000,2020-01-08T16:00:00Z,50200.0,,f080cb33-7825-44a9-b981-a59ae7825e63,OrderRole.Standalone,OrderType.Market,_default,,PositionEffect.Close,,50200.0,False,,OrderSide.Sell,OrderStatus.Filled,688012.SH,,TimeInForce.GTC,,,,1578585600000000000,2020-01-09T16:00:00Z
84.46545,35771.118075,1578499200000000000,2020-01-08T16:00:00Z,169400.0,,0ba171e0-c066-41ca-89c5-ccade3f72398,OrderRole.Standalone,OrderType.Market,_default,,PositionEffect.Close,,169400.0,False,,OrderSide.Sell,OrderStatus.Filled,688363.SH,,TimeInForce.GTC,,,,1578585600000000000,2020-01-09T16:00:00Z
247.247,37334.297,1578499200000000000,2020-01-08T16:00:00Z,60400.0,,1f0ebba1-85d0-4076-8b04-2947557927fd,OrderRole.Standalone,OrderType.Market,_default,,PositionEffect.Open,,60400.0,False,,OrderSide.Buy,OrderStatus.Filled,300661.SZ,,TimeInForce.GTC,,,,1578585600000000000,2020-01-09T16:00:00Z
45.72568,37723.686,1578499200000000000,2020-01-08T16:00:00Z,330000.0,,3a83bb4e-5c0e-4a8b-b1d2-0fbc65a0b312,OrderRole.Standalone,OrderType.Market,_default,,PositionEffect.Open,,330000.0,False,,OrderSide.Buy,OrderStatus.Filled,300803.SZ,,TimeInForce.GTC,,,,1578585600000000000,2020-01-09T16:00:00Z
14.6146,38334.0958,1578499200000000000,2020-01-08T16:00:00Z,1049200.0,,8389c515-2923-457e-994b-d08a87b60e81,OrderRole.Standalone,OrderType.Market,_default,,PositionEffect.Open,,1049200.0,False,,OrderSide.Buy,OrderStatus.Filled,601865.SH,,TimeInForce.GTC,,,,1578585600000000000,2020-01-09T16:00:00Z
46.15611,37340.29299,1578499200000000000,2020-01-08T16:00:00Z,323600.0,,38e5af97-341b-4f9f-ae9e-cab0768f4170,OrderRole.Standalone,OrderType.Market,_default,,PositionEffect.Open,,323600.0,False,,OrderSide.Buy,OrderStatus.Filled,603799.SH,,TimeInForce.GTC,,,,1578585600000000000,2020-01-09T16:00:00Z
87.4874,37969.5316,1578499200000000000,2020-01-08T16:00:00Z,173600.0,,ae06d201-a0bf-4167-b73d-eb92ce9dcef3,OrderRole.Standalone,OrderType.Market,_default,,PositionEffect.Open,,173600.0,False,,OrderSide.Buy,OrderStatus.Filled,600276.SH,,TimeInForce.GTC,,,,1578585600000000000,2020-01-09T16:00:00Z
52.6526,38199.4613,1578499200000000000,2020-01-08T16:00:00Z,290200.0,,c4eec086-ce67-4d62-bade-22b7299f86c6,OrderRole.Standalone,OrderType.Market,_default,,PositionEffect.Open,,290200.0,False,,OrderSide.Buy,OrderStatus.Filled,300014.SZ,,TimeInForce.GTC,,,,1578585600000000000,2020-01-09T16:00:00Z
84.09401,2501.7967975,1578499200000000000,2020-01-08T16:00:00Z,11900.0,,a036fee7-6d74-4f1c-af04-4dec9f6b5517,OrderRole.Standalone,OrderType.Market,_default,,PositionEffect.Open,,11900.0,False,,OrderSide.Buy,OrderStatus.Filled,300223.SZ,,TimeInForce.GTC,,,,1578585600000000000,2020-01-09T16:00:00Z
30.84912,37981.436544,1578585600000000000,2020-01-09T16:00:00Z,492480.0,,b5c82c87-06d0-442e-b236-55f407db0a00,OrderRole.Standalone,OrderType.Market,_default,,PositionEffect.Close,,492480.0,False,,OrderSide.Sell,OrderStatus.Filled,002555.SZ,,TimeInForce.GTC,,,,1578844800000000000,2020-01-12T16:00:00Z
88.911,39520.9395,1578585600000000000,2020-01-09T16:00:00Z,177800.0,,6b7e8c7b-899e-4200-9e1c-aaaecd2f8cee,OrderRole.Standalone,OrderType.Market,_default,,PositionEffect.Close,,177800.0,False,,OrderSide.Sell,OrderStatus.Filled,300223.SZ,,TimeInForce.GTC,,,,1578844800000000000,2020-01-12T16:00:00Z
244.78497,40940.2862325,1578585600000000000,2020-01-09T16:00:00Z,66900.0,,78d90fe5-f9cc-4e6d-9563-a343983c2190,OrderRole.Standalone,OrderType.Market,_default,,PositionEffect.Close,,66900.0,False,,OrderSide.Sell,OrderStatus.Filled,603986.SH,,TimeInForce.GTC,,,,1578844800000000000,2020-01-12T16:00:00Z
113.7861,36354.65895,1578585600000000000,2020-01-09T16:00:00Z,127800.0,,559cbaa2-8052-4ac8-b722-2233e5a8a74e,OrderRole.Standalone,OrderType.Market,_default,,PositionEffect.Close,,127800.0,False,,OrderSide.Sell,OrderStatus.Filled,688012.SH,,TimeInForce.GTC,,,,1578844800000000000,2020-01-12T16:00:00Z
,0.0,1581609600000000000,2020-02-13T16:00:00Z,0.0,,22a960dc-4bcd-4618-b2b2-9a74a86ce6e8,OrderRole.Standalone,OrderType.Market,_default,,PositionEffect.Close,,791600.0,False,"Risk: Insufficient available position for 000001.SZ at execution. Available: 791599.9999999999607425138488, Required: 791600",OrderSide.Sell,OrderStatus.Rejected,000001.SZ,,TimeInForce.GTC,,,,1581868800000000000,2020-02-16T16:00:00Z
70.07985,50842.931175,1581609600000000000,2020-02-13T16:00:00Z,290200.0,,32cec5cd-47ee-4b72-8457-81b577971554,OrderRole.Standalone,OrderType.Market,_default,,PositionEffect.Close,,290200.0,False,,OrderSide.Sell,OrderStatus.Filled,300014.SZ,,TimeInForce.GTC,,,,1581868800000000000,2020-02-16T16:00:00Z
283.2165,2407.34025,1581609600000000000,2020-02-13T16:00:00Z,3400.0,,05370ae0-0e36-4db7-ac81-f6efe1423f54,OrderRole.Standalone,OrderType.Market,_default,,PositionEffect.Close,,3400.0,False,,OrderSide.Sell,OrderStatus.Filled,300661.SZ,,TimeInForce.GTC,,,,1581868800000000000,2020-02-16T16:00:00Z
42.48747,35052.16275,1581609600000000000,2020-02-13T16:00:00Z,330000.0,,c14bcb4a-640b-4b37-b32a-31613dda733e,OrderRole.Standalone,OrderType.Market,_default,,PositionEffect.Close,,330000.0,False,,OrderSide.Sell,OrderStatus.Filled,300803.SZ,,TimeInForce.GTC,,,,1581868800000000000,2020-02-16T16:00:00Z
91.45845,39692.9673,1581609600000000000,2020-02-13T16:00:00Z,173600.0,,e12b6b27-9d10-4bd3-9153-304bfc09cf0d,OrderRole.Standalone,OrderType.Market,_default,,PositionEffect.Close,,173600.0,False,,OrderSide.Sell,OrderStatus.Filled,600276.SH,,TimeInForce.GTC,,,,1581868800000000000,2020-02-16T16:00:00Z
14.4855,37995.4665,1581609600000000000,2020-02-13T16:00:00Z,1049200.0,,30d66cc6-3847-4ad6-8219-65ea688e88bb,OrderRole.Standalone,OrderType.Market,_default,,PositionEffect.Close,,1049200.0,False,,OrderSide.Sell,OrderStatus.Filled,601865.SH,,TimeInForce.GTC,,,,1581868800000000000,2020-02-16T16:00:00Z
52.947,42834.123,1581609600000000000,2020-02-13T16:00:00Z,323600.0,,796d76ee-8b4e-41a6-af21-42f1e5ba7404,OrderRole.Standalone,OrderType.Market,_default,,PositionEffect.Close,,323600.0,False,,OrderSide.Sell,OrderStatus.Filled,603799.SH,,TimeInForce.GTC,,,,1581868800000000000,2020-02-16T16:00:00Z
109.109,39470.18075,1581609600000000000,2020-02-13T16:00:00Z,144700.0,,d6968956-fded-4283-a5ee-91434cc0110e,OrderRole.Standalone,OrderType.Market,_default,,PositionEffect.Open,,144700.0,False,,OrderSide.Buy,OrderStatus.Filled,688008.SH,,TimeInForce.GTC,,,,1581868800000000000,2020-02-16T16:00:00Z
205.205,39501.9625,1581609600000000000,2020-02-13T16:00:00Z,77000.0,,8c88effd-fa97-4309-a518-94be7583f786,OrderRole.Standalone,OrderType.Market,_default,,PositionEffect.Open,,77000.0,False,,OrderSide.Buy,OrderStatus.Filled,688012.SH,,TimeInForce.GTC,,,,1581868800000000000,2020-02-16T16:00:00Z
69.47941,39551.1541425,1581609600000000000,2020-02-13T16:00:00Z,227700.0,,8f3e8d20-dabb-47ea-a3f6-6e5c38df3e4f,OrderRole.Standalone,OrderType.Market,_default,,PositionEffect.Open,,227700.0,False,,OrderSide.Buy,OrderStatus.Filled,688036.SH,,TimeInForce.GTC,,,,1581868800000000000,2020-02-16T16:00:00Z
217.217,39316.277,1581609600000000000,2020-02-13T16:00:00Z,72400.0,,60b1e977-13f4-4d78-9f1c-6b1e686863cf,OrderRole.Standalone,OrderType.Market,_default,,PositionEffect.Open,,72400.0,False,,OrderSide.Buy,OrderStatus.Filled,688111.SH,,TimeInForce.GTC,,,,1581868800000000000,2020-02-16T16:00:00Z
24.61459,40084.859815,1581609600000000000,2020-02-13T16:00:00Z,651400.0,,ac94301f-a46b-43cd-ab35-b91d4bf3ed19,OrderRole.Standalone,OrderType.Market,_default,,PositionEffect.Open,,651400.0,False,,OrderSide.Buy,OrderStatus.Filled,002074.SZ,,TimeInForce.GTC,,,,1581868800000000000,2020-02-16T16:00:00Z
143.39325,40042.5650625,1581609600000000000,2020-02-13T16:00:00Z,111700.0,,c13c724b-68b4-4939-95f3-23490dba9a16,OrderRole.Standalone,OrderType.Market,_default,,PositionEffect.Open,,111700.0,False,,OrderSide.Buy,OrderStatus.Filled,002371.SZ,,TimeInForce.GTC,,,,1581868800000000000,2020-02-16T16:00:00Z
27.5275,40431.015625,1581609600000000000,2020-02-13T16:00:00Z,587500.0,,ad085d6e-bf7f-4067-9f35-8e17d96d123d,OrderRole.Standalone,OrderType.Market,_default,,PositionEffect.Open,,587500.0,False,,OrderSide.Buy,OrderStatus.Filled,002837.SZ,,TimeInForce.GTC,,,,1581868800000000000,2020-02-16T16:00:00Z
112.10199,39207.6710025,1581609600000000000,2020-02-13T16:00:00Z,139900.0,,4041f996-5b69-42f6-8482-ff4bc20edd51,OrderRole.Standalone,OrderType.Market,_default,,PositionEffect.Open,,139900.0,False,,OrderSide.Buy,OrderStatus.Filled,300223.SZ,,TimeInForce.GTC,,,,1581868800000000000,2020-02-16T16:00:00Z
60.1601,40201.986825,1581609600000000000,2020-02-13T16:00:00Z,267300.0,,078ff69d-4e1b-477f-a24c-c0587a473714,OrderRole.Standalone,OrderType.Market,_default,,PositionEffect.Open,,267300.0,False,,OrderSide.Buy,OrderStatus.Filled,300502.SZ,,TimeInForce.GTC,,,,1581868800000000000,2020-02-16T16:00:00Z
278.53119,39690.694575,1581868800000000000,2020-02-16T16:00:00Z,57000.0,,6091f5c6-1a1b-4db0-b429-eb407e046fa9,OrderRole.Standalone,OrderType.Market,_default,,PositionEffect.Close,,57000.0,False,,OrderSide.Sell,OrderStatus.Filled,300661.SZ,,TimeInForce.GTC,,,,1581955200000000000,2020-02-17T16:00:00Z
,0.0,1584028800000000000,2020-03-12T16:00:00Z,0.0,,2f1e3961-5a63-47e3-81d0-047a9f6da2c9,OrderRole.Standalone,OrderType.Market,_default,,PositionEffect.Close,,791600.0,False,"Risk: Insufficient available position for 000001.SZ at execution. Available: 791599.9999999999607425138488, Required: 791600",OrderSide.Sell,OrderStatus.Rejected,000001.SZ,,TimeInForce.GTC,,,,1584288000000000000,2020-03-15T16:00:00Z
20.23974,32960.41659,1584028800000000000,2020-03-12T16:00:00Z,651400.0,,1efefb4f-9a50-48e9-afa1-61851184fe7d,OrderRole.Standalone,OrderType.Market,_default,,PositionEffect.Close,,651400.0,False,,OrderSide.Sell,OrderStatus.Filled,002074.SZ,,TimeInForce.GTC,,,,1584288000000000000,2020-03-15T16:00:00Z
133.41645,37256.5436625,1584028800000000000,2020-03-12T16:00:00Z,111700.0,,5af4f643-c097-4fb7-9a15-5b74cf484312,OrderRole.Standalone,OrderType.Market,_default,,PositionEffect.Close,,111700.0,False,,OrderSide.Sell,OrderStatus.Filled,002371.SZ,,TimeInForce.GTC,,,,1584288000000000000,2020-03-15T16:00:00Z
48.3516,31162.6062,1584028800000000000,2020-03-12T16:00:00Z,257800.0,,935d21d2-1498-4574-8b29-cb78be132f1f,OrderRole.Standalone,OrderType.Market,_default,,PositionEffect.Close,,257800.0,False,,OrderSide.Sell,OrderStatus.Filled,002837.SZ,,TimeInForce.GTC,,,,1584288000000000000,2020-03-15T16:00:00Z
62.937,3319.92675,1584028800000000000,2020-03-12T16:00:00Z,21100.0,,5a17edea-fb10-4212-9cc7-eb9b8d47a2a7,OrderRole.Standalone,OrderType.Market,_default,,PositionEffect.Close,,21100.0,False,,OrderSide.Sell,OrderStatus.Filled,300502.SZ,,TimeInForce.GTC,,,,1584288000000000000,2020-03-15T16:00:00Z
220.82895,1545.80265,1584028800000000000,2020-03-12T16:00:00Z,2800.0,,aa51dae2-98a2-4c75-b0c0-b899060838bb,OrderRole.Standalone,OrderType.Market,_default,,PositionEffect.Close,,2800.0,False,,OrderSide.Sell,OrderStatus.Filled,688111.SH,,TimeInForce.GTC,,,,1584288000000000000,2020-03-15T16:00:00Z
520.53001,38779.485745,1584028800000000000,2020-03-12T16:00:00Z,29800.0,,24cc3164-b969-4006-9c02-ff1626250e1f,OrderRole.Standalone,OrderType.Market,_default,,PositionEffect.Open,,29800.0,False,,OrderSide.Buy,OrderStatus.Filled,300782.SZ,,TimeInForce.GTC,,,,1584288000000000000,2020-03-15T16:00:00Z
64.9649,38881.49265,1584028800000000000,2020-03-12T16:00:00Z,239400.0,,ff891aa0-d9ab-4586-b948-3b14b7d29601,OrderRole.Standalone,OrderType.Market,_default,,PositionEffect.Open,,239400.0,False,,OrderSide.Buy,OrderStatus.Filled,300803.SZ,,TimeInForce.GTC,,,,1584288000000000000,2020-03-15T16:00:00Z
25.45543,39004.0826175,1584028800000000000,2020-03-12T16:00:00Z,612900.0,,ace1cf4f-7f00-400c-acda-ab510a6eedff,OrderRole.Standalone,OrderType.Market,_default,,PositionEffect.Open,,612900.0,False,,OrderSide.Buy,OrderStatus.Filled,600584.SH,,TimeInForce.GTC,,,,1584288000000000000,2020-03-15T16:00:00Z
51.40135,10164.6169625,1584028800000000000,2020-03-12T16:00:00Z,79100.0,,e7c6b099-8573-4b4c-8f96-6cde7056c3dc,OrderRole.Standalone,OrderType.Market,_default,,PositionEffect.Open,,79100.0,False,,OrderSide.Buy,OrderStatus.Filled,688036.SH,,TimeInForce.GTC,,,,1584288000000000000,2020-03-15T16:00:00Z
88.1881,7606.223625,1584028800000000000,2020-03-12T16:00:00Z,34500.0,,a376e930-3947-4448-8b0e-609b00b86013,OrderRole.Standalone,OrderType.Market,_default,,PositionEffect.Open,,34500.0,False,,OrderSide.Buy,OrderStatus.Filled,688008.SH,,TimeInForce.GTC,,,,1584288000000000000,2020-03-15T16:00:00Z
168.7686,6961.70475,1584028800000000000,2020-03-12T16:00:00Z,16500.0,,4264b4ea-3336-4ad0-841a-d52c3d204bdb,OrderRole.Standalone,OrderType.Market,_default,,PositionEffect.Open,,16500.0,False,,OrderSide.Buy,OrderStatus.Filled,688012.SH,,TimeInForce.GTC,,,,1584288000000000000,2020-03-15T16:00:00Z
108.49839,867.98712,1584028800000000000,2020-03-12T16:00:00Z,3200.0,,ac88b924-a4eb-433b-a913-4536a6b037f5,OrderRole.Standalone,OrderType.Market,_default,,PositionEffect.Open,,3200.0,False,,OrderSide.Buy,OrderStatus.Filled,300223.SZ,,TimeInForce.GTC,,,,1584288000000000000,2020-03-15T16:00:00Z
45.4545,37465.871625,1584288000000000000,2020-03-15T16:00:00Z,329700.0,,d6b61472-eda6-4364-9ac2-67d09803206a,OrderRole.Standalone,OrderType.Market,_default,,PositionEffect.Close,,329700.0,False,,OrderSide.Sell,OrderStatus.Filled,002837.SZ,,TimeInForce.GTC,,,,1584374400000000000,2020-03-16T16:00:00Z
103.3965,36990.097875,1584288000000000000,2020-03-15T16:00:00Z,143100.0,,f8746c9e-151d-4960-bf74-f313e812e307,OrderRole.Standalone,OrderType.Market,_default,,PositionEffect.Close,,143100.0,False,,OrderSide.Sell,OrderStatus.Filled,300223.SZ,,TimeInForce.GTC,,,,1584374400000000000,2020-03-16T16:00:00Z
58.59135,36062.975925,1584288000000000000,2020-03-15T16:00:00Z,246200.0,,2966f0a6-7f11-4460-9b06-e2b9fc28ad9b,OrderRole.Standalone,OrderType.Market,_default,,PositionEffect.Close,,246200.0,False,,OrderSide.Sell,OrderStatus.Filled,300502.SZ,,TimeInForce.GTC,,,,1584374400000000000,2020-03-16T16:00:00Z
83.916,37594.368,1584288000000000000,2020-03-15T16:00:00Z,179200.0,,156df0fd-694f-4d0a-bc5e-ec6882d8f671,OrderRole.Standalone,OrderType.Market,_default,,PositionEffect.Close,,179200.0,False,,OrderSide.Sell,OrderStatus.Filled,688008.SH,,TimeInForce.GTC,,,,1584374400000000000,2020-03-16T16:00:00Z
173.14668,40473.03645,1584288000000000000,2020-03-15T16:00:00Z,93500.0,,32ef058a-49d5-4f91-b24a-8967e7b880ac,OrderRole.Standalone,OrderType.Market,_default,,PositionEffect.Close,,93500.0,False,,OrderSide.Sell,OrderStatus.Filled,688012.SH,,TimeInForce.GTC,,,,1584374400000000000,2020-03-16T16:00:00Z
47.2527,36242.8209,1584288000000000000,2020-03-15T16:00:00Z,306800.0,,94c7e111-d48a-4f9b-b5ee-22679a9b0fe9,OrderRole.Standalone,OrderType.Market,_default,,PositionEffect.Close,,306800.0,False,,OrderSide.Sell,OrderStatus.Filled,688036.SH,,TimeInForce.GTC,,,,1584374400000000000,2020-03-16T16:00:00Z
214.785,37372.59,1584288000000000000,2020-03-15T16:00:00Z,69600.0,,962ce73f-9e55-4c48-8be5-299300f430f6,OrderRole.Standalone,OrderType.Market,_default,,PositionEffect.Close,,69600.0,False,,OrderSide.Sell,OrderStatus.Filled,688111.SH,,TimeInForce.GTC,,,,1584374400000000000,2020-03-16T16:00:00Z
,0.0,1586707200000000000,2020-04-12T16:00:00Z,0.0,,4fe60d38-a48d-45d1-ab4f-0b833673161e,OrderRole.Standalone,OrderType.Market,_default,,PositionEffect.Close,,791600.0,False,"Risk: Insufficient available position for 000001.SZ at execution. Available: 791599.9999999999607425138488, Required: 791600",OrderSide.Sell,OrderStatus.Rejected,000001.SZ,,TimeInForce.GTC,,,,1586793600000000000,2020-04-13T16:00:00Z
466.31322,34740.33489,1586707200000000000,2020-04-12T16:00:00Z,29800.0,,6db60ca9-802f-402c-8831-2d12be9111c8,OrderRole.Standalone,OrderType.Market,_default,,PositionEffect.Close,,29800.0,False,,OrderSide.Sell,OrderStatus.Filled,300782.SZ,,TimeInForce.GTC,,,,1586793600000000000,2020-04-13T16:00:00Z
57.72222,34546.74867,1586707200000000000,2020-04-12T16:00:00Z,239400.0,,b2a60352-7e10-44a2-bfe3-ed6a58a8770e,OrderRole.Standalone,OrderType.Market,_default,,PositionEffect.Close,,239400.0,False,,OrderSide.Sell,OrderStatus.Filled,300803.SZ,,TimeInForce.GTC,,,,1586793600000000000,2020-04-13T16:00:00Z
19.97001,30599.0478225,1586707200000000000,2020-04-12T16:00:00Z,612900.0,,f0805e68-aa03-497d-add1-e4d70a54d1ff,OrderRole.Standalone,OrderType.Market,_default,,PositionEffect.Close,,612900.0,False,,OrderSide.Sell,OrderStatus.Filled,600584.SH,,TimeInForce.GTC,,,,1586793600000000000,2020-04-13T16:00:00Z
7.63763,36070.6170825,1586707200000000000,2020-04-12T16:00:00Z,1889100.0,,3351b398-fa3a-474d-a43e-d7474a8ea996,OrderRole.Standalone,OrderType.Market,_default,,PositionEffect.Open,,1889100.0,False,,OrderSide.Buy,OrderStatus.Filled,600886.SH,,TimeInForce.GTC,,,,1586793600000000000,2020-04-13T16:00:00Z
4.78478,36098.77271,1586707200000000000,2020-04-12T16:00:00Z,3017800.0,,76047268-a61f-4fe2-ad09-4c17aea6e01b,OrderRole.Standalone,OrderType.Market,_default,,PositionEffect.Open,,3017800.0,False,,OrderSide.Buy,OrderStatus.Filled,601169.SH,,TimeInForce.GTC,,,,1586793600000000000,2020-04-13T16:00:00Z
5.18518,36092.741685,1586707200000000000,2020-04-12T16:00:00Z,2784300.0,,341e9526-7e67-41bf-8c01-a56cb7136d52,OrderRole.Standalone,OrderType.Market,_default,,PositionEffect.Open,,2784300.0,False,,OrderSide.Buy,OrderStatus.Filled,601328.SH,,TimeInForce.GTC,,,,1586793600000000000,2020-04-13T16:00:00Z
39.2392,36875.0382,1586707200000000000,2020-04-12T16:00:00Z,375900.0,,a5819965-3237-4a64-9e74-f89adc3e43e2,OrderRole.Standalone,OrderType.Market,_default,,PositionEffect.Open,,375900.0,False,,OrderSide.Buy,OrderStatus.Filled,002460.SZ,,TimeInForce.GTC,,,,1586793600000000000,2020-04-13T16:00:00Z
55.96591,36447.7988875,1586707200000000000,2020-04-12T16:00:00Z,260500.0,,ff470fee-fd3b-4a55-a4b9-a3e9f9d8b58e,OrderRole.Standalone,OrderType.Market,_default,,PositionEffect.Open,,260500.0,False,,OrderSide.Buy,OrderStatus.Filled,300308.SZ,,TimeInForce.GTC,,,,1586793600000000000,2020-04-13T16:00:00Z
6.44644,36135.51942,1586707200000000000,2020-04-12T16:00:00Z,2242200.0,,7797e8a7-3905-4362-bdc7-a8bd34619fc0,OrderRole.Standalone,OrderType.Market,_default,,PositionEffect.Open,,2242200.0,False,,OrderSide.Buy,OrderStatus.Filled,600015.SH,,TimeInForce.GTC,,,,1586793600000000000,2020-04-13T16:00:00Z
5.74574,36275.72949,1586707200000000000,2020-04-12T16:00:00Z,2525400.0,,c337d7ce-ee6c-45af-9c68-3db2074c2ef3,OrderRole.Standalone,OrderType.Market,_default,,PositionEffect.Open,,2525400.0,False,,OrderSide.Buy,OrderStatus.Filled,600016.SH,,TimeInForce.GTC,,,,1586793600000000000,2020-04-13T16:00:00Z
4.87487,36245.8771675,1586707200000000000,2020-04-12T16:00:00Z,2974100.0,,1ee3cc87-06ea-4333-9276-fec5a0cc3aa8,OrderRole.Standalone,OrderType.Market,_default,,PositionEffect.Open,,2974100.0,False,,OrderSide.Buy,OrderStatus.Filled,600019.SH,,TimeInForce.GTC,,,,1586793600000000000,2020-04-13T16:00:00Z
20.33031,36320.098815,1586707200000000000,2020-04-12T16:00:00Z,714600.0,,21c7ca67-d203-48b2-ad0b-c712979fd4d1,OrderRole.Standalone,OrderType.Market,_default,,PositionEffect.Open,,714600.0,False,,OrderSide.Buy,OrderStatus.Filled,600406.SH,,TimeInForce.GTC,,,,1586793600000000000,2020-04-13T16:00:00Z
97.81772,36388.19184,1586707200000000000,2020-04-12T16:00:00Z,148800.0,,e9cad675-48c7-491c-8d16-ad54d417001d,OrderRole.Standalone,OrderType.Market,_default,,PositionEffect.Open,,148800.0,False,,OrderSide.Buy,OrderStatus.Filled,600276.SH,,TimeInForce.GTC,,,,1586793600000000000,2020-04-13T16:00:00Z
,0.0,1589385600000000000,2020-05-13T16:00:00Z,0.0,,66c5b309-ed2a-480b-927c-7bcd7f48d05c,OrderRole.Standalone,OrderType.Market,_default,,PositionEffect.Close,,791600.0,False,"Risk: Insufficient available position for 000001.SZ at execution. Available: 791599.9999999999607425138488, Required: 791600",OrderSide.Sell,OrderStatus.Rejected,000001.SZ,,TimeInForce.GTC,,,,1589472000000000000,2020-05-14T16:00:00Z
49.5504,46564.9884,1589385600000000000,2020-05-13T16:00:00Z,375900.0,,27b6b094-785f-4a70-9d7c-08442d2d35d1,OrderRole.Standalone,OrderType.Market,_default,,PositionEffect.Close,,375900.0,False,,OrderSide.Sell,OrderStatus.Filled,002460.SZ,,TimeInForce.GTC,,,,1589472000000000000,2020-05-14T16:00:00Z
64.82511,42217.3528875,1589385600000000000,2020-05-13T16:00:00Z,260500.0,,47b3e432-e618-409c-b0fa-029caed47a22,OrderRole.Standalone,OrderType.Market,_default,,PositionEffect.Close,,260500.0,False,,OrderSide.Sell,OrderStatus.Filled,300308.SZ,,TimeInForce.GTC,,,,1589472000000000000,2020-05-14T16:00:00Z
6.41358,35951.32269,1589385600000000000,2020-05-13T16:00:00Z,2242200.0,,3693473e-4e16-475d-8ccc-1b0bf3a2519a,OrderRole.Standalone,OrderType.Market,_default,,PositionEffect.Close,,2242200.0,False,,OrderSide.Sell,OrderStatus.Filled,600015.SH,,TimeInForce.GTC,,,,1589472000000000000,2020-05-14T16:00:00Z
5.77422,36455.53797,1589385600000000000,2020-05-13T16:00:00Z,2525400.0,,89f19a7a-e31e-4e99-b7ee-d9d5e7f4fe22,OrderRole.Standalone,OrderType.Market,_default,,PositionEffect.Close,,2525400.0,False,,OrderSide.Sell,OrderStatus.Filled,600016.SH,,TimeInForce.GTC,,,,1589472000000000000,2020-05-14T16:00:00Z
4.84515,36024.9015375,1589385600000000000,2020-05-13T16:00:00Z,2974100.0,,d1d2c529-527f-4c69-a0a8-4ae4d277dc38,OrderRole.Standalone,OrderType.Market,_default,,PositionEffect.Close,,2974100.0,False,,OrderSide.Sell,OrderStatus.Filled,600019.SH,,TimeInForce.GTC,,,,1589472000000000000,2020-05-14T16:00:00Z
20.05992,35837.04708,1589385600000000000,2020-05-13T16:00:00Z,714600.0,,dc73ca41-6ccc-4249-ad86-1cd356f6d422,OrderRole.Standalone,OrderType.Market,_default,,PositionEffect.Close,,714600.0,False,,OrderSide.Sell,OrderStatus.Filled,600406.SH,,TimeInForce.GTC,,,,1589472000000000000,2020-05-14T16:00:00Z
7.5924,35857.0071,1589385600000000000,2020-05-13T16:00:00Z,1889100.0,,1a06798b-57d5-48c8-b62d-f1427bb842cb,OrderRole.Standalone,OrderType.Market,_default,,PositionEffect.Close,,1889100.0,False,,OrderSide.Sell,OrderStatus.Filled,600886.SH,,TimeInForce.GTC,,,,1589472000000000000,2020-05-14T16:00:00Z
4.8951,36931.08195,1589385600000000000,2020-05-13T16:00:00Z,3017800.0,,8370a04f-762a-4337-8810-dbb0a8c3256f,OrderRole.Standalone,OrderType.Market,_default,,PositionEffect.Close,,3017800.0,False,,OrderSide.Sell,OrderStatus.Filled,601169.SH,,TimeInForce.GTC,,,,1589472000000000000,2020-05-14T16:00:00Z
5.12487,35672.9388525,1589385600000000000,2020-05-13T16:00:00Z,2784300.0,,ebd23e39-7e41-47a0-a65c-8b158b7bee9a,OrderRole.Standalone,OrderType.Market,_default,,PositionEffect.Close,,2784300.0,False,,OrderSide.Sell,OrderStatus.Filled,601328.SH,,TimeInForce.GTC,,,,1589472000000000000,2020-05-14T16:00:00Z
25.63561,37556.16865,1589385600000000000,2020-05-13T16:00:00Z,586000.0,,702c4eeb-299b-43ef-893f-8b8700ff7dec,OrderRole.Standalone,OrderType.Market,_default,,PositionEffect.Open,,586000.0,False,,OrderSide.Buy,OrderStatus.Filled,000002.SZ,,TimeInForce.GTC,,,,1589472000000000000,2020-05-14T16:00:00Z
87.45737,37191.2465925,1589385600000000000,2020-05-13T16:00:00Z,170100.0,,23ee817b-3589-4604-ac4f-adecb1614fe3,OrderRole.Standalone,OrderType.Market,_default,,PositionEffect.Open,,170100.0,False,,OrderSide.Buy,OrderStatus.Filled,000568.SZ,,TimeInForce.GTC,,,,1589472000000000000,2020-05-14T16:00:00Z
59.059,37650.1125,1589385600000000000,2020-05-13T16:00:00Z,255000.0,,8a139842-80a3-45dc-b69e-1b0bed1094d7,OrderRole.Standalone,OrderType.Market,_default,,PositionEffect.Open,,255000.0,False,,OrderSide.Buy,OrderStatus.Filled,000651.SZ,,TimeInForce.GTC,,,,1589472000000000000,2020-05-14T16:00:00Z
645.67503,37449.15174,1589385600000000000,2020-05-13T16:00:00Z,23200.0,,ee33c2d4-2853-4427-899c-fc54d69a7382,OrderRole.Standalone,OrderType.Market,_default,,PositionEffect.Open,,23200.0,False,,OrderSide.Buy,OrderStatus.Filled,000661.SZ,,TimeInForce.GTC,,,,1589472000000000000,2020-05-14T16:00:00Z
147.6475,37687.024375,1589385600000000000,2020-05-13T16:00:00Z,102100.0,,a587d7da-5505-496a-b14f-8f0d2e604f2f,OrderRole.Standalone,OrderType.Market,_default,,PositionEffect.Open,,102100.0,False,,OrderSide.Buy,OrderStatus.Filled,000858.SZ,,TimeInForce.GTC,,,,1589472000000000000,2020-05-14T16:00:00Z
1330.329,37249.212,1589385600000000000,2020-05-13T16:00:00Z,11200.0,,3b995777-fe47-451b-889b-a7b9696d1d17,OrderRole.Standalone,OrderType.Market,_default,,PositionEffect.Open,,11200.0,False,,OrderSide.Buy,OrderStatus.Filled,600519.SH,,TimeInForce.GTC,,,,1589472000000000000,2020-05-14T16:00:00Z
48.57853,37672.650015,1589385600000000000,2020-05-13T16:00:00Z,310200.0,,a1b91190-6a2e-4f25-9bda-d6084219de08,OrderRole.Standalone,OrderType.Market,_default,,PositionEffect.Open,,310200.0,False,,OrderSide.Buy,OrderStatus.Filled,600588.SH,,TimeInForce.GTC,,,,1589472000000000000,2020-05-14T16:00:00Z
29.13911,37523.8889025,1589385600000000000,2020-05-13T16:00:00Z,515100.0,,e12947ce-2cca-46fd-8f70-8188166e7ade,OrderRole.Standalone,OrderType.Market,_default,,PositionEffect.Open,,515100.0,False,,OrderSide.Buy,OrderStatus.Filled,600887.SH,,TimeInForce.GTC,,,,1589472000000000000,2020-05-14T16:00:00Z
105.22512,37539.06156,1589385600000000000,2020-05-13T16:00:00Z,142700.0,,8900ac73-fa30-465a-8390-b5a3ff862306,OrderRole.Standalone,OrderType.Market,_default,,PositionEffect.Open,,142700.0,False,,OrderSide.Buy,OrderStatus.Filled,600570.SH,,TimeInForce.GTC,,,,1589472000000000000,2020-05-14T16:00:00Z
97.8978,1174.7736,1589385600000000000,2020-05-13T16:00:00Z,4800.0,,d3db8f83-f162-4855-b772-d3e959196c7f,OrderRole.Standalone,OrderType.Market,_default,,PositionEffect.Open,,4800.0,False,,OrderSide.Buy,OrderStatus.Filled,600276.SH,,TimeInForce.GTC,,,,1589472000000000000,2020-05-14T16:00:00Z
,0.0,1589472000000000000,2020-05-14T16:00:00Z,0.0,,58608ac0-9636-4de7-826b-b57c53b20df5,OrderRole.Standalone,OrderType.Market,_default,,PositionEffect.Close,,153648.00000000003,False,"Risk: Insufficient available position for 600276.SH at execution. Available: 153648.00000000002699987788868, Required: 153648.00000000002910383045671",OrderSide.Sell,OrderStatus.Rejected,600276.SH,,TimeInForce.GTC,,,,1589731200000000000,2020-05-17T16:00:00Z
,0.0,1591804800000000000,2020-06-10T16:00:00Z,0.0,,e5ca0eef-042a-433f-ac32-0b3de69aed42,OrderRole.Standalone,OrderType.Market,_default,,PositionEffect.Close,,791600.0,False,"Risk: Insufficient available position for 000001.SZ at execution. Available: 791599.9999999999607425138488, Required: 791600",OrderSide.Sell,OrderStatus.Rejected,000001.SZ,,TimeInForce.GTC,,,,1591891200000000000,2020-06-11T16:00:00Z
25.51446,37378.6839,1591804800000000000,2020-06-10T16:00:00Z,586000.0,,5618cc9a-49fe-4cb1-96c4-9849f69ba86e,OrderRole.Standalone,OrderType.Market,_default,,PositionEffect.Close,,586000.0,False,,OrderSide.Sell,OrderStatus.Filled,000002.SZ,,TimeInForce.GTC,,,,1591891200000000000,2020-06-11T16:00:00Z
92.907,39508.70175,1591804800000000000,2020-06-10T16:00:00Z,170100.0,,db320f3b-4c71-4cf2-9ed9-7db3057d5fb5,OrderRole.Standalone,OrderType.Market,_default,,PositionEffect.Close,,170100.0,False,,OrderSide.Sell,OrderStatus.Filled,000568.SZ,,TimeInForce.GTC,,,,1591891200000000000,2020-06-11T16:00:00Z
57.49245,36651.436875,1591804800000000000,2020-06-10T16:00:00Z,255000.0,,3547bced-a594-4082-aebf-76e8f735aab2,OrderRole.Standalone,OrderType.Market,_default,,PositionEffect.Close,,255000.0,False,,OrderSide.Sell,OrderStatus.Filled,000651.SZ,,TimeInForce.GTC,,,,1591891200000000000,2020-06-11T16:00:00Z
349.65,40559.4,1591804800000000000,2020-06-10T16:00:00Z,46400.0,,8575ae38-93f0-4852-ac41-977bed59dcaf,OrderRole.Standalone,OrderType.Market,_default,,PositionEffect.Close,,46400.0,False,,OrderSide.Sell,OrderStatus.Filled,000661.SZ,,TimeInForce.GTC,,,,1591891200000000000,2020-06-11T16:00:00Z
156.843,40034.17575,1591804800000000000,2020-06-10T16:00:00Z,102100.0,,0f798042-a661-461b-add9-482949a00e91,OrderRole.Standalone,OrderType.Market,_default,,PositionEffect.Close,,102100.0,False,,OrderSide.Sell,OrderStatus.Filled,000858.SZ,,TimeInForce.GTC,,,,1591891200000000000,2020-06-11T16:00:00Z
41.37858,10.344645,1591804800000000000,2020-06-10T16:00:00Z,100.0,,a565e6c0-87f7-4e07-87eb-e232110d4f81,OrderRole.Standalone,OrderType.Market,_default,,PositionEffect.Close,,100.0,False,,OrderSide.Sell,OrderStatus.Filled,300014.SZ,,TimeInForce.GTC,,,,1591891200000000000,2020-06-11T16:00:00Z
83.02689,38254.6395675,1591804800000000000,2020-06-10T16:00:00Z,184300.0,,dc48b3c1-ac53-4307-a6a4-af896bdfe8d8,OrderRole.Standalone,OrderType.Market,_default,,PositionEffect.Close,,184300.0,False,,OrderSide.Sell,OrderStatus.Filled,600276.SH,,TimeInForce.GTC,,,,1591891200000000000,2020-06-11T16:00:00Z
1385.78283,38801.91924,1591804800000000000,2020-06-10T16:00:00Z,11200.0,,c5225133-8743-4c99-b4e5-5ed10a1e8bfe,OrderRole.Standalone,OrderType.Market,_default,,PositionEffect.Close,,11200.0,False,,OrderSide.Sell,OrderStatus.Filled,600519.SH,,TimeInForce.GTC,,,,1591891200000000000,2020-06-11T16:00:00Z
89.99991,41737.4582625,1591804800000000000,2020-06-10T16:00:00Z,185500.0,,1f5a9282-ccdd-44b5-98f8-806f3a40fb93,OrderRole.Standalone,OrderType.Market,_default,,PositionEffect.Close,,185500.0,False,,OrderSide.Sell,OrderStatus.Filled,600570.SH,,TimeInForce.GTC,,,,1591891200000000000,2020-06-11T16:00:00Z
35.4645,35686.153125,1591804800000000000,2020-06-10T16:00:00Z,402500.0,,ab98cc9a-6621-4c6c-98f5-0ae2c80cabac,OrderRole.Standalone,OrderType.Market,_default,,PositionEffect.Close,,402500.0,False,,OrderSide.Sell,OrderStatus.Filled,600588.SH,,TimeInForce.GTC,,,,1591891200000000000,2020-06-11T16:00:00Z
28.42155,36599.8510125,1591804800000000000,2020-06-10T16:00:00Z,515100.0,,6bd591ea-49d8-4b36-aa0d-0cbe54363538,OrderRole.Standalone,OrderType.Market,_default,,PositionEffect.Close,,515100.0,False,,OrderSide.Sell,OrderStatus.Filled,600887.SH,,TimeInForce.GTC,,,,1591891200000000000,2020-06-11T16:00:00Z
12.30229,43030.3348475,1591804800000000000,2020-06-10T16:00:00Z,1399100.0,,2e0b0eb8-a080-4982-ace3-4af0e630239a,OrderRole.Standalone,OrderType.Market,_default,,PositionEffect.Open,,1399100.0,False,,OrderSide.Buy,OrderStatus.Filled,600918.SH,,TimeInForce.GTC,,,,1591891200000000000,2020-06-11T16:00:00Z
8.81881,38800.5592975,1591804800000000000,2020-06-10T16:00:00Z,1759900.0,,71d1363c-bc53-4040-a9f6-6ffec044bd96,OrderRole.Standalone,OrderType.Market,_default,,PositionEffect.Open,,1759900.0,False,,OrderSide.Buy,OrderStatus.Filled,600926.SH,,TimeInForce.GTC,,,,1591891200000000000,2020-06-11T16:00:00Z
7.65765,39006.1546875,1591804800000000000,2020-06-10T16:00:00Z,2037500.0,,09809e2c-e249-4d30-afad-d432cd2cb8c9,OrderRole.Standalone,OrderType.Market,_default,,PositionEffect.Open,,2037500.0,False,,OrderSide.Buy,OrderStatus.Filled,601009.SH,,TimeInForce.GTC,,,,1591891200000000000,2020-06-11T16:00:00Z
141.4413,39532.84335,1591804800000000000,2020-06-10T16:00:00Z,111800.0,,dc53c49e-b193-4a10-929b-a2ff1a112de5,OrderRole.Standalone,OrderType.Market,_default,,PositionEffect.Open,,111800.0,False,,OrderSide.Buy,OrderStatus.Filled,603392.SH,,TimeInForce.GTC,,,,1591891200000000000,2020-06-11T16:00:00Z
5.67567,37970.2323,1591804800000000000,2020-06-10T16:00:00Z,2676000.0,,082fe597-9f55-4361-a731-080eee2364e1,OrderRole.Standalone,OrderType.Market,_default,,PositionEffect.Open,,2676000.0,False,,OrderSide.Buy,OrderStatus.Filled,000408.SZ,,TimeInForce.GTC,,,,1591891200000000000,2020-06-11T16:00:00Z
30.04001,37782.8225775,1591804800000000000,2020-06-10T16:00:00Z,503100.0,,ea748418-1a99-43a8-aed5-3e5ee38d1ad1,OrderRole.Standalone,OrderType.Market,_default,,PositionEffect.Open,,503100.0,False,,OrderSide.Buy,OrderStatus.Filled,002074.SZ,,TimeInForce.GTC,,,,1591891200000000000,2020-06-11T16:00:00Z
52.01196,38345.81751,1591804800000000000,2020-06-10T16:00:00Z,294900.0,,97f43a90-fb4e-430f-a9c0-7d009502249f,OrderRole.Standalone,OrderType.Market,_default,,PositionEffect.Open,,294900.0,False,,OrderSide.Buy,OrderStatus.Filled,002352.SZ,,TimeInForce.GTC,,,,1591891200000000000,2020-06-11T16:00:00Z
146.02588,39098.42937,1591804800000000000,2020-06-10T16:00:00Z,107100.0,,74346341-a16a-4a4b-9ef7-edd0c5cf482f,OrderRole.Standalone,OrderType.Market,_default,,PositionEffect.Open,,107100.0,False,,OrderSide.Buy,OrderStatus.Filled,300832.SZ,,TimeInForce.GTC,,,,1591891200000000000,2020-06-11T16:00:00Z
15.52551,38437.2813825,1591804800000000000,2020-06-10T16:00:00Z,990300.0,,acdd6904-b8fe-4a52-b65f-84af1866362d,OrderRole.Standalone,OrderType.Market,_default,,PositionEffect.Open,,990300.0,False,,OrderSide.Buy,OrderStatus.Filled,600233.SH,,TimeInForce.GTC,,,,1591891200000000000,2020-06-11T16:00:00Z
4.95495,37444.55715,1591804800000000000,2020-06-10T16:00:00Z,3022800.0,,85519562-16a1-4d1f-b1ef-3d73958f8c82,OrderRole.Standalone,OrderType.Market,_default,,PositionEffect.Open,,3022800.0,False,,OrderSide.Buy,OrderStatus.Filled,600415.SH,,TimeInForce.GTC,,,,1591891200000000000,2020-06-11T16:00:00Z
,0.0,1594569600000000000,2020-07-12T16:00:00Z,0.0,,c36e481c-6005-47c9-8b56-86c8aa79de9d,OrderRole.Standalone,OrderType.Market,_default,,PositionEffect.Close,,791600.0,False,"Risk: Insufficient available position for 000001.SZ at execution. Available: 791599.9999999999607425138488, Required: 791600",OrderSide.Sell,OrderStatus.Rejected,000001.SZ,,TimeInForce.GTC,,,,1594656000000000000,2020-07-13T16:00:00Z
6.78321,45379.6749,1594569600000000000,2020-07-12T16:00:00Z,2676000.0,,69a05cc7-dc0b-423c-a827-d69198acb384,OrderRole.Standalone,OrderType.Market,_default,,PositionEffect.Close,,2676000.0,False,,OrderSide.Sell,OrderStatus.Filled,000408.SZ,,TimeInForce.GTC,,,,1594656000000000000,2020-07-13T16:00:00Z
32.31765,40647.5242875,1594569600000000000,2020-07-12T16:00:00Z,503100.0,,a2965df5-6982-4e06-bdd8-f1d1045fd542,OrderRole.Standalone,OrderType.Market,_default,,PositionEffect.Close,,503100.0,False,,OrderSide.Sell,OrderStatus.Filled,002074.SZ,,TimeInForce.GTC,,,,1594656000000000000,2020-07-13T16:00:00Z
65.3346,48167.93385,1594569600000000000,2020-07-12T16:00:00Z,294900.0,,5a95912a-2984-44fe-9c34-fce205e91fbf,OrderRole.Standalone,OrderType.Market,_default,,PositionEffect.Close,,294900.0,False,,OrderSide.Sell,OrderStatus.Filled,002352.SZ,,TimeInForce.GTC,,,,1594656000000000000,2020-07-13T16:00:00Z
193.806,51891.5565,1594569600000000000,2020-07-12T16:00:00Z,107100.0,,7753e09c-6668-4da6-9c32-bdcc766af263,OrderRole.Standalone,OrderType.Market,_default,,PositionEffect.Close,,107100.0,False,,OrderSide.Sell,OrderStatus.Filled,300832.SZ,,TimeInForce.GTC,,,,1594656000000000000,2020-07-13T16:00:00Z
15.7842,39077.73315,1594569600000000000,2020-07-12T16:00:00Z,990300.0,,b1e768cc-29a8-4148-b555-606e0bd73013,OrderRole.Standalone,OrderType.Market,_default,,PositionEffect.Close,,990300.0,False,,OrderSide.Sell,OrderStatus.Filled,600233.SH,,TimeInForce.GTC,,,,1594656000000000000,2020-07-13T16:00:00Z
8.34165,63037.84905,1594569600000000000,2020-07-12T16:00:00Z,3022800.0,,9338f9cf-0cf5-4dff-a679-7faabc9ec3fc,OrderRole.Standalone,OrderType.Market,_default,,PositionEffect.Close,,3022800.0,False,,OrderSide.Sell,OrderStatus.Filled,600415.SH,,TimeInForce.GTC,,,,1594656000000000000,2020-07-13T16:00:00Z
19.5804,68487.3441,1594569600000000000,2020-07-12T16:00:00Z,1399100.0,,aa602240-54d2-4415-8092-07527a496245,OrderRole.Standalone,OrderType.Market,_default,,PositionEffect.Close,,1399100.0,False,,OrderSide.Sell,OrderStatus.Filled,600918.SH,,TimeInForce.GTC,,,,1594656000000000000,2020-07-13T16:00:00Z
9.94005,43733.7349875,1594569600000000000,2020-07-12T16:00:00Z,1759900.0,,37339a8f-538d-4d19-b27c-92444e83f574,OrderRole.Standalone,OrderType.Market,_default,,PositionEffect.Close,,1759900.0,False,,OrderSide.Sell,OrderStatus.Filled,600926.SH,,TimeInForce.GTC,,,,1594656000000000000,2020-07-13T16:00:00Z
8.12187,41370.7753125,1594569600000000000,2020-07-12T16:00:00Z,2037500.0,,1a9aa685-07a6-4748-8b1e-3827296c344b,OrderRole.Standalone,OrderType.Market,_default,,PositionEffect.Close,,2037500.0,False,,OrderSide.Sell,OrderStatus.Filled,601009.SH,,TimeInForce.GTC,,,,1594656000000000000,2020-07-13T16:00:00Z
231.768,13268.718,1594569600000000000,2020-07-12T16:00:00Z,22900.0,,4773db92-c0d8-4383-ad48-099930ca2e8f,OrderRole.Standalone,OrderType.Market,_default,,PositionEffect.Close,,22900.0,False,,OrderSide.Sell,OrderStatus.Filled,603392.SH,,TimeInForce.GTC,,,,1594656000000000000,2020-07-13T16:00:00Z
218.5183,49439.765375,1594569600000000000,2020-07-12T16:00:00Z,90500.0,,61a97533-e53c-493a-8961-68f2cf4b10b6,OrderRole.Standalone,OrderType.Market,_default,,PositionEffect.Open,,90500.0,False,,OrderSide.Buy,OrderStatus.Filled,000858.SZ,,TimeInForce.GTC,,,,1594656000000000000,2020-07-13T16:00:00Z
136.136,49859.81,1594569600000000000,2020-07-12T16:00:00Z,146500.0,,00389e10-5a82-45ff-8ff3-715df62bb00f,OrderRole.Standalone,OrderType.Market,_default,,PositionEffect.Open,,146500.0,False,,OrderSide.Buy,OrderStatus.Filled,002049.SZ,,TimeInForce.GTC,,,,1594656000000000000,2020-07-13T16:00:00Z
16.2162,48559.4109,1594569600000000000,2020-07-12T16:00:00Z,1197800.0,,cc31e8e5-0f1f-4705-8b37-68347bbe7e8a,OrderRole.Standalone,OrderType.Market,_default,,PositionEffect.Open,,1197800.0,False,,OrderSide.Buy,OrderStatus.Filled,002493.SZ,,TimeInForce.GTC,,,,1594656000000000000,2020-07-13T16:00:00Z
18.24823,49375.1483225,1594569600000000000,2020-07-12T16:00:00Z,1082300.0,,327398dd-edf9-48f7-a3d1-e3b44af100f9,OrderRole.Standalone,OrderType.Market,_default,,PositionEffect.Open,,1082300.0,False,,OrderSide.Buy,OrderStatus.Filled,300274.SZ,,TimeInForce.GTC,,,,1594656000000000000,2020-07-13T16:00:00Z
109.96986,50091.27123,1594569600000000000,2020-07-12T16:00:00Z,182200.0,,d640371c-c2fd-4716-9b9c-20f7cf21bfec,OrderRole.Standalone,OrderType.Market,_default,,PositionEffect.Open,,182200.0,False,,OrderSide.Buy,OrderStatus.Filled,300496.SZ,,TimeInForce.GTC,,,,1594656000000000000,2020-07-13T16:00:00Z
1783.77199,49053.729725,1594569600000000000,2020-07-12T16:00:00Z,11000.0,,7bf9bb36-16b4-4ccc-bc59-fd54177f1773,OrderRole.Standalone,OrderType.Market,_default,,PositionEffect.Open,,11000.0,False,,OrderSide.Buy,OrderStatus.Filled,600519.SH,,TimeInForce.GTC,,,,1594656000000000000,2020-07-13T16:00:00Z
57.057,48156.108,1594569600000000000,2020-07-12T16:00:00Z,337600.0,,376c1b67-0f91-4c65-92af-79cfc3059036,OrderRole.Standalone,OrderType.Market,_default,,PositionEffect.Open,,337600.0,False,,OrderSide.Buy,OrderStatus.Filled,600760.SH,,TimeInForce.GTC,,,,1594656000000000000,2020-07-13T16:00:00Z
28.90888,47930.92304,1594569600000000000,2020-07-12T16:00:00Z,663200.0,,d06122df-6fc5-42a5-818a-1fb16eb52bdc,OrderRole.Standalone,OrderType.Market,_default,,PositionEffect.Open,,663200.0,False,,OrderSide.Buy,OrderStatus.Filled,601788.SH,,TimeInForce.GTC,,,,1594656000000000000,2020-07-13T16:00:00Z
19.1191,47802.529775,1594569600000000000,2020-07-12T16:00:00Z,1000100.0,,961f07e1-0c87-43c3-aaa7-6acb88e8ba27,OrderRole.Standalone,OrderType.Market,_default,,PositionEffect.Open,,1000100.0,False,,OrderSide.Buy,OrderStatus.Filled,601878.SH,,TimeInForce.GTC,,,,1594656000000000000,2020-07-13T16:00:00Z
223.65612,49707.57267,1594656000000000000,2020-07-13T16:00:00Z,88900.0,,a0c03a1f-c3d5-4f3a-bc49-8496ff679463,OrderRole.Standalone,OrderType.Market,_default,,PositionEffect.Close,,88900.0,False,,OrderSide.Sell,OrderStatus.Filled,603392.SH,,TimeInForce.GTC,,,,1594742400000000000,2020-07-14T16:00:00Z
,0.0,1596988800000000000,2020-08-09T16:00:00Z,0.0,,77bd44d3-cbe8-4a18-809f-9f9785734012,OrderRole.Standalone,OrderType.Market,_default,,PositionEffect.Close,,791600.0,False,"Risk: Insufficient available position for 000001.SZ at execution. Available: 791599.9999999999607425138488, Required: 791600",OrderSide.Sell,OrderStatus.Rejected,000001.SZ,,TimeInForce.GTC,,,,1597075200000000000,2020-08-10T16:00:00Z
206.793,46786.91625,1596988800000000000,2020-08-09T16:00:00Z,90500.0,,51eda126-1b14-4daa-a33c-dd44dd762dcb,OrderRole.Standalone,OrderType.Market,_default,,PositionEffect.Close,,90500.0,False,,OrderSide.Sell,OrderStatus.Filled,000858.SZ,,TimeInForce.GTC,,,,1597075200000000000,2020-08-10T16:00:00Z
140.859,4260.98475,1596988800000000000,2020-08-09T16:00:00Z,12100.0,,073e3c2b-bc34-44e8-8c35-0760c15a303d,OrderRole.Standalone,OrderType.Market,_default,,PositionEffect.Close,,12100.0,False,,OrderSide.Sell,OrderStatus.Filled,002049.SZ,,TimeInForce.GTC,,,,1597075200000000000,2020-08-10T16:00:00Z
19.23075,57586.480875,1596988800000000000,2020-08-09T16:00:00Z,1197800.0,,761b0828-d5d5-4228-9ba6-85129744680a,OrderRole.Standalone,OrderType.Market,_default,,PositionEffect.Close,,1197800.0,False,,OrderSide.Sell,OrderStatus.Filled,002493.SZ,,TimeInForce.GTC,,,,1597075200000000000,2020-08-10T16:00:00Z
22.62735,61223.9522625,1596988800000000000,2020-08-09T16:00:00Z,1082300.0,,6969e7fd-9c63-4d7a-8a9d-05b6441fb6c1,OrderRole.Standalone,OrderType.Market,_default,,PositionEffect.Close,,1082300.0,False,,OrderSide.Sell,OrderStatus.Filled,300274.SZ,,TimeInForce.GTC,,,,1597075200000000000,2020-08-10T16:00:00Z
90.909,41409.0495,1596988800000000000,2020-08-09T16:00:00Z,182200.0,,3cddc22f-8ba5-43d5-bc4c-6283e46998c2,OrderRole.Standalone,OrderType.Market,_default,,PositionEffect.Close,,182200.0,False,,OrderSide.Sell,OrderStatus.Filled,300496.SZ,,TimeInForce.GTC,,,,1597075200000000000,2020-08-10T16:00:00Z
1638.36,45054.9,1596988800000000000,2020-08-09T16:00:00Z,11000.0,,78bc8389-8d97-4b41-8760-b71b0ca64bfc,OrderRole.Standalone,OrderType.Market,_default,,PositionEffect.Close,,11000.0,False,,OrderSide.Sell,OrderStatus.Filled,600519.SH,,TimeInForce.GTC,,,,1597075200000000000,2020-08-10T16:00:00Z
67.5324,56997.3456,1596988800000000000,2020-08-09T16:00:00Z,337600.0,,014e5f37-a977-42e1-9b21-96a2ac9c8f03,OrderRole.Standalone,OrderType.Market,_default,,PositionEffect.Close,,337600.0,False,,OrderSide.Sell,OrderStatus.Filled,600760.SH,,TimeInForce.GTC,,,,1597075200000000000,2020-08-10T16:00:00Z
21.978,36439.524,1596988800000000000,2020-08-09T16:00:00Z,663200.0,,9efc2551-07c0-4573-843f-55055208d4b3,OrderRole.Standalone,OrderType.Market,_default,,PositionEffect.Close,,663200.0,False,,OrderSide.Sell,OrderStatus.Filled,601788.SH,,TimeInForce.GTC,,,,1597075200000000000,2020-08-10T16:00:00Z
16.39359,40988.0733975,1596988800000000000,2020-08-09T16:00:00Z,1000100.0,,8fdf1a95-3d80-4ddc-bc97-248fa51cfb7c,OrderRole.Standalone,OrderType.Market,_default,,PositionEffect.Close,,1000100.0,False,,OrderSide.Sell,OrderStatus.Filled,601878.SH,,TimeInForce.GTC,,,,1597075200000000000,2020-08-10T16:00:00Z
251.251,47926.12825,1596988800000000000,2020-08-09T16:00:00Z,76300.0,,46d950b0-bab8-47fc-9fc2-a3cf664e1b26,OrderRole.Standalone,OrderType.Market,_default,,PositionEffect.Open,,76300.0,False,,OrderSide.Buy,OrderStatus.Filled,603392.SH,,TimeInForce.GTC,,,,1597075200000000000,2020-08-10T16:00:00Z
220.22,48613.565,1596988800000000000,2020-08-09T16:00:00Z,88300.0,,4777ed3d-c124-44c7-abdc-81b354fd95e2,OrderRole.Standalone,OrderType.Market,_default,,PositionEffect.Open,,88300.0,False,,OrderSide.Buy,OrderStatus.Filled,688012.SH,,TimeInForce.GTC,,,,1597075200000000000,2020-08-10T16:00:00Z
102.77267,48817.01825,1596988800000000000,2020-08-09T16:00:00Z,190000.0,,d13d7617-65f3-48d6-82ef-e8ab527c31a9,OrderRole.Standalone,OrderType.Market,_default,,PositionEffect.Open,,190000.0,False,,OrderSide.Buy,OrderStatus.Filled,688036.SH,,TimeInForce.GTC,,,,1597075200000000000,2020-08-10T16:00:00Z
395.24485,48121.0604875,1596988800000000000,2020-08-09T16:00:00Z,48700.0,,ca65cd56-0aad-45c2-bca3-985519bc9832,OrderRole.Standalone,OrderType.Market,_default,,PositionEffect.Open,,48700.0,False,,OrderSide.Buy,OrderStatus.Filled,688111.SH,,TimeInForce.GTC,,,,1597075200000000000,2020-08-10T16:00:00Z
50.19014,48094.701655,1596988800000000000,2020-08-09T16:00:00Z,383300.0,,851c008f-0b5a-4dd9-9442-96406968d126,OrderRole.Standalone,OrderType.Market,_default,,PositionEffect.Open,,383300.0,False,,OrderSide.Buy,OrderStatus.Filled,688126.SH,,TimeInForce.GTC,,,,1597075200000000000,2020-08-10T16:00:00Z
56.056,48544.496,1596988800000000000,2020-08-09T16:00:00Z,346400.0,,ff3ef0a3-a9b1-4d2e-9385-9f603442d596,OrderRole.Standalone,OrderType.Market,_default,,PositionEffect.Open,,346400.0,False,,OrderSide.Buy,OrderStatus.Filled,688396.SH,,TimeInForce.GTC,,,,1597075200000000000,2020-08-10T16:00:00Z
30.8308,47749.2015,1596988800000000000,2020-08-09T16:00:00Z,619500.0,,071e459b-7ed4-49a9-811d-c02c0dc2bd61,OrderRole.Standalone,OrderType.Market,_default,,PositionEffect.Open,,619500.0,False,,OrderSide.Buy,OrderStatus.Filled,002625.SZ,,TimeInForce.GTC,,,,1597075200000000000,2020-08-10T16:00:00Z
160.29013,48808.344585,1596988800000000000,2020-08-09T16:00:00Z,121800.0,,160c4f05-a63a-4f08-b615-c36706d4d1ab,OrderRole.Standalone,OrderType.Market,_default,,PositionEffect.Open,,121800.0,False,,OrderSide.Buy,OrderStatus.Filled,300122.SZ,,TimeInForce.GTC,,,,1597075200000000000,2020-08-10T16:00:00Z
79.69962,48835.942155,1596988800000000000,2020-08-09T16:00:00Z,245100.0,,d08fa964-2e44-42d1-b6ea-e1286e061b14,OrderRole.Standalone,OrderType.Market,_default,,PositionEffect.Open,,245100.0,False,,OrderSide.Buy,OrderStatus.Filled,300142.SZ,,TimeInForce.GTC,,,,1597075200000000000,2020-08-10T16:00:00Z
139.86,46992.96,1597075200000000000,2020-08-10T16:00:00Z,134400.0,,2ffc0544-beb5-4f30-91c2-3e0258705a95,OrderRole.Standalone,OrderType.Market,_default,,PositionEffect.Close,,134400.0,False,,OrderSide.Sell,OrderStatus.Filled,002049.SZ,,TimeInForce.GTC,,,,1597161600000000000,2020-08-11T16:00:00Z
19.75023,30588.1687125,1599408000000000000,2020-09-06T16:00:00Z,619500.0,,8a1f8ed6-ab39-4e98-8785-41154db9b0f2,OrderRole.Standalone,OrderType.Market,_default,,PositionEffect.Close,,619500.0,False,,OrderSide.Sell,OrderStatus.Filled,002625.SZ,,TimeInForce.GTC,,,,1599494400000000000,2020-09-07T16:00:00Z
132.67719,40400.204355,1599408000000000000,2020-09-06T16:00:00Z,121800.0,,d80b1dd1-01ae-4323-8e7a-1d644b72b814,OrderRole.Standalone,OrderType.Market,_default,,PositionEffect.Close,,121800.0,False,,OrderSide.Sell,OrderStatus.Filled,300122.SZ,,TimeInForce.GTC,,,,1599494400000000000,2020-09-07T16:00:00Z
58.941,36116.09775,1599408000000000000,2020-09-06T16:00:00Z,245100.0,,d7251411-e531-42b6-954b-4ea927528778,OrderRole.Standalone,OrderType.Market,_default,,PositionEffect.Close,,245100.0,False,,OrderSide.Sell,OrderStatus.Filled,300142.SZ,,TimeInForce.GTC,,,,1599494400000000000,2020-09-07T16:00:00Z
199.8,38111.85,1599408000000000000,2020-09-06T16:00:00Z,76300.0,,78818268-02fe-4d27-8e6f-3d7479d19368,OrderRole.Standalone,OrderType.Market,_default,,PositionEffect.Close,,76300.0,False,,OrderSide.Sell,OrderStatus.Filled,603392.SH,,TimeInForce.GTC,,,,1599494400000000000,2020-09-07T16:00:00Z
163.6362,36122.69115,1599408000000000000,2020-09-06T16:00:00Z,88300.0,,a2436351-a902-41dd-84a4-419d2af1cde5,OrderRole.Standalone,OrderType.Market,_default,,PositionEffect.Close,,88300.0,False,,OrderSide.Sell,OrderStatus.Filled,688012.SH,,TimeInForce.GTC,,,,1599494400000000000,2020-09-07T16:00:00Z
94.905,45079.875,1599408000000000000,2020-09-06T16:00:00Z,190000.0,,8cffffc6-75da-41c7-8764-50de45a1e2a6,OrderRole.Standalone,OrderType.Market,_default,,PositionEffect.Close,,190000.0,False,,OrderSide.Sell,OrderStatus.Filled,688036.SH,,TimeInForce.GTC,,,,1599494400000000000,2020-09-07T16:00:00Z
310.89879,37851.9276825,1599408000000000000,2020-09-06T16:00:00Z,48700.0,,e35bdc06-53d7-49b3-ab1b-62e4b9b16c32,OrderRole.Standalone,OrderType.Market,_default,,PositionEffect.Close,,48700.0,False,,OrderSide.Sell,OrderStatus.Filled,688111.SH,,TimeInForce.GTC,,,,1599494400000000000,2020-09-07T16:00:00Z
41.44851,39718.0347075,1599408000000000000,2020-09-06T16:00:00Z,383300.0,,b5100a8d-f06f-46c8-abaf-bfda562b6e72,OrderRole.Standalone,OrderType.Market,_default,,PositionEffect.Close,,383300.0,False,,OrderSide.Sell,OrderStatus.Filled,688126.SH,,TimeInForce.GTC,,,,1599494400000000000,2020-09-07T16:00:00Z
49.95999,43265.35134,1599408000000000000,2020-09-06T16:00:00Z,346400.0,,07a10321-e431-4ea9-87d3-2128da04c5d0,OrderRole.Standalone,OrderType.Market,_default,,PositionEffect.Close,,346400.0,False,,OrderSide.Sell,OrderStatus.Filled,688396.SH,,TimeInForce.GTC,,,,1599494400000000000,2020-09-07T16:00:00Z
97.097,38523.23475,1599408000000000000,2020-09-06T16:00:00Z,158700.0,,0a251a0c-a6e4-44b7-9dd1-e6f4acfebe2d,OrderRole.Standalone,OrderType.Market,_default,,PositionEffect.Open,,158700.0,False,,OrderSide.Buy,OrderStatus.Filled,688521.SH,,TimeInForce.GTC,,,,1599494400000000000,2020-09-07T16:00:00Z
15.28527,40891.9185675,1599408000000000000,2020-09-06T16:00:00Z,1070100.0,,34b5d231-6b3e-43a3-b6bf-0049d2c8cc9d,OrderRole.Standalone,OrderType.Market,_default,,PositionEffect.Open,,1070100.0,False,,OrderSide.Buy,OrderStatus.Filled,688599.SH,,TimeInForce.GTC,,,,1599494400000000000,2020-09-07T16:00:00Z
58.2582,40416.62625,1599408000000000000,2020-09-06T16:00:00Z,277500.0,,a13dfcd8-e8c7-4a1a-9531-8e590b52c73d,OrderRole.Standalone,OrderType.Market,_default,,PositionEffect.Open,,277500.0,False,,OrderSide.Buy,OrderStatus.Filled,688981.SH,,TimeInForce.GTC,,,,1599494400000000000,2020-09-07T16:00:00Z
36.64661,40842.646845,1599408000000000000,2020-09-06T16:00:00Z,445800.0,,50851482-5bea-4dd8-845e-22cbc69be4f5,OrderRole.Standalone,OrderType.Market,_default,,PositionEffect.Open,,445800.0,False,,OrderSide.Buy,OrderStatus.Filled,000063.SZ,,TimeInForce.GTC,,,,1599494400000000000,2020-09-07T16:00:00Z
5.43543,40837.7444475,1599408000000000000,2020-09-06T16:00:00Z,3005300.0,,db511573-01d6-459f-bdce-b6ee6176502f,OrderRole.Standalone,OrderType.Market,_default,,PositionEffect.Open,,3005300.0,False,,OrderSide.Buy,OrderStatus.Filled,000166.SZ,,TimeInForce.GTC,,,,1599494400000000000,2020-09-07T16:00:00Z
16.9169,40596.330775,1599408000000000000,2020-09-06T16:00:00Z,959900.0,,425b22ac-c575-45ba-8a44-9a1f4cd1d21b,OrderRole.Standalone,OrderType.Market,_default,,PositionEffect.Open,,959900.0,False,,OrderSide.Buy,OrderStatus.Filled,000708.SZ,,TimeInForce.GTC,,,,1599494400000000000,2020-09-07T16:00:00Z
490.54005,40714.82415,1599408000000000000,2020-09-06T16:00:00Z,33200.0,,b9c86672-f7a4-4a4b-a68e-d26e0160ee9c,OrderRole.Standalone,OrderType.Market,_default,,PositionEffect.Open,,33200.0,False,,OrderSide.Buy,OrderStatus.Filled,688169.SH,,TimeInForce.GTC,,,,1599494400000000000,2020-09-07T16:00:00Z
163.67351,40836.540745,1599408000000000000,2020-09-06T16:00:00Z,99800.0,,ea96d99a-9e7c-4123-b79d-bc573f20e73c,OrderRole.Standalone,OrderType.Market,_default,,PositionEffect.Open,,99800.0,False,,OrderSide.Buy,OrderStatus.Filled,688256.SH,,TimeInForce.GTC,,,,1599494400000000000,2020-09-07T16:00:00Z
125.2251,40447.7073,1599408000000000000,2020-09-06T16:00:00Z,129200.0,,bccdcb8a-6f60-4033-b731-8210c64fb3bd,OrderRole.Standalone,OrderType.Market,_default,,PositionEffect.Open,,129200.0,False,,OrderSide.Buy,OrderStatus.Filled,688363.SH,,TimeInForce.GTC,,,,1599494400000000000,2020-09-07T16:00:00Z
15.015,11287.52625,1599408000000000000,2020-09-06T16:00:00Z,300700.0,,6664dc16-853e-44e3-a2c3-dd106f01f1f5,OrderRole.Standalone,OrderType.Market,_default,,PositionEffect.Open,,300700.0,False,,OrderSide.Buy,OrderStatus.Filled,000001.SZ,,TimeInForce.GTC,,,,1599494400000000000,2020-09-07T16:00:00Z
16.02396,440.6589,1602518400000000000,2020-10-12T16:00:00Z,11000.0,,8cb067f2-fa42-4347-b16b-f3f88de66ca6,OrderRole.Standalone,OrderType.Market,_default,,PositionEffect.Close,,11000.0,False,,OrderSide.Sell,OrderStatus.Filled,000001.SZ,,TimeInForce.GTC,,,,1602604800000000000,2020-10-13T16:00:00Z
35.54442,39614.25609,1602518400000000000,2020-10-12T16:00:00Z,445800.0,,b481198a-c67f-44f3-bd30-f2f44aa00847,OrderRole.Standalone,OrderType.Market,_default,,PositionEffect.Close,,445800.0,False,,OrderSide.Sell,OrderStatus.Filled,000063.SZ,,TimeInForce.GTC,,,,1602604800000000000,2020-10-13T16:00:00Z
17.2827,41474.159325,1602518400000000000,2020-10-12T16:00:00Z,959900.0,,ba0537d0-0301-4f6b-9bce-3762bd24915d,OrderRole.Standalone,OrderType.Market,_default,,PositionEffect.Close,,959900.0,False,,OrderSide.Sell,OrderStatus.Filled,000708.SZ,,TimeInForce.GTC,,,,1602604800000000000,2020-10-13T16:00:00Z
637.69167,52928.40861,1602518400000000000,2020-10-12T16:00:00Z,33200.0,,8062bd86-025d-4aed-8b92-9fc73c67436a,OrderRole.Standalone,OrderType.Market,_default,,PositionEffect.Close,,33200.0,False,,OrderSide.Sell,OrderStatus.Filled,688169.SH,,TimeInForce.GTC,,,,1602604800000000000,2020-10-13T16:00:00Z
170.829,42621.8355,1602518400000000000,2020-10-12T16:00:00Z,99800.0,,41c5f9c9-147f-4c31-9abb-6a23b582220f,OrderRole.Standalone,OrderType.Market,_default,,PositionEffect.Close,,99800.0,False,,OrderSide.Sell,OrderStatus.Filled,688256.SH,,TimeInForce.GTC,,,,1602604800000000000,2020-10-13T16:00:00Z
142.64721,46075.04883,1602518400000000000,2020-10-12T16:00:00Z,129200.0,,fbba91d1-1adb-47e7-9f56-2ad3bef2c84a,OrderRole.Standalone,OrderType.Market,_default,,PositionEffect.Close,,129200.0,False,,OrderSide.Sell,OrderStatus.Filled,688363.SH,,TimeInForce.GTC,,,,1602604800000000000,2020-10-13T16:00:00Z
106.78311,42366.1988925,1602518400000000000,2020-10-12T16:00:00Z,158700.0,,a0e1c73b-b1ea-4762-8565-c09db2633239,OrderRole.Standalone,OrderType.Market,_default,,PositionEffect.Close,,158700.0,False,,OrderSide.Sell,OrderStatus.Filled,688521.SH,,TimeInForce.GTC,,,,1602604800000000000,2020-10-13T16:00:00Z
17.26272,46182.09168,1602518400000000000,2020-10-12T16:00:00Z,1070100.0,,f44fd06d-6cea-48b1-bd73-cd3dbd47455b,OrderRole.Standalone,OrderType.Market,_default,,PositionEffect.Close,,1070100.0,False,,OrderSide.Sell,OrderStatus.Filled,688599.SH,,TimeInForce.GTC,,,,1602604800000000000,2020-10-13T16:00:00Z
57.2427,39712.123125,1602518400000000000,2020-10-12T16:00:00Z,277500.0,,73914857-896f-4ea3-a6f0-9ab8d8dc96f7,OrderRole.Standalone,OrderType.Market,_default,,PositionEffect.Close,,277500.0,False,,OrderSide.Sell,OrderStatus.Filled,688981.SH,,TimeInForce.GTC,,,,1602604800000000000,2020-10-13T16:00:00Z
27.87785,43231.5758875,1602518400000000000,2020-10-12T16:00:00Z,620300.0,,691fcd85-796e-4ad4-8701-a31a2c23996e,OrderRole.Standalone,OrderType.Market,_default,,PositionEffect.Open,,620300.0,False,,OrderSide.Buy,OrderStatus.Filled,000002.SZ,,TimeInForce.GTC,,,,1602604800000000000,2020-10-13T16:00:00Z
6.51651,43455.346935,1602518400000000000,2020-10-12T16:00:00Z,2667400.0,,cf06968b-2e26-4ccb-b34b-8e8ecfc726fb,OrderRole.Standalone,OrderType.Market,_default,,PositionEffect.Open,,2667400.0,False,,OrderSide.Buy,OrderStatus.Filled,000100.SZ,,TimeInForce.GTC,,,,1602604800000000000,2020-10-13T16:00:00Z
6.79679,43776.4251925,1602518400000000000,2020-10-12T16:00:00Z,2576300.0,,9898ad9b-95a0-43c4-8fbc-ba3b4527f27a,OrderRole.Standalone,OrderType.Market,_default,,PositionEffect.Open,,2576300.0,False,,OrderSide.Buy,OrderStatus.Filled,000301.SZ,,TimeInForce.GTC,,,,1602604800000000000,2020-10-13T16:00:00Z
7.13713,43577.5314975,1602518400000000000,2020-10-12T16:00:00Z,2442300.0,,a5579875-be3f-488a-9f6c-8e9c1c7058c7,OrderRole.Standalone,OrderType.Market,_default,,PositionEffect.Open,,2442300.0,False,,OrderSide.Buy,OrderStatus.Filled,000408.SZ,,TimeInForce.GTC,,,,1602604800000000000,2020-10-13T16:00:00Z
33.7337,43474.305875,1602518400000000000,2020-10-12T16:00:00Z,515500.0,,f044a8ee-cc37-407a-94c6-ec93e98b3971,OrderRole.Standalone,OrderType.Market,_default,,PositionEffect.Open,,515500.0,False,,OrderSide.Buy,OrderStatus.Filled,000786.SZ,,TimeInForce.GTC,,,,1602604800000000000,2020-10-13T16:00:00Z
59.5595,43463.545125,1602518400000000000,2020-10-12T16:00:00Z,291900.0,,f97e1db5-3b75-4311-9ee9-dae462d935a8,OrderRole.Standalone,OrderType.Market,_default,,PositionEffect.Open,,291900.0,False,,OrderSide.Buy,OrderStatus.Filled,002271.SZ,,TimeInForce.GTC,,,,1602604800000000000,2020-10-13T16:00:00Z
35.8358,42348.95665,1602518400000000000,2020-10-12T16:00:00Z,472700.0,,d00e086b-f2ef-4de7-b8cd-57ef257d4f97,OrderRole.Standalone,OrderType.Market,_default,,PositionEffect.Open,,472700.0,False,,OrderSide.Buy,OrderStatus.Filled,002555.SZ,,TimeInForce.GTC,,,,1602604800000000000,2020-10-13T16:00:00Z
56.48643,43438.06467,1602518400000000000,2020-10-12T16:00:00Z,307600.0,,82b43104-f32d-4688-b736-2d0fad7bcea4,OrderRole.Standalone,OrderType.Market,_default,,PositionEffect.Open,,307600.0,False,,OrderSide.Buy,OrderStatus.Filled,600585.SH,,TimeInForce.GTC,,,,1602604800000000000,2020-10-13T16:00:00Z
5.52552,2019.57756,1602518400000000000,2020-10-12T16:00:00Z,146200.0,,57f1f4cd-4cc0-413a-81b1-8780c47a8f5a,OrderRole.Standalone,OrderType.Market,_default,,PositionEffect.Open,,146200.0,False,,OrderSide.Buy,OrderStatus.Filled,000166.SZ,,TimeInForce.GTC,,,,1602604800000000000,2020-10-13T16:00:00Z
,0.0,1602604800000000000,2020-10-13T16:00:00Z,0.0,,2c28e3a9-8c43-4c33-9592-e0c10ca79250,OrderRole.Standalone,OrderType.Market,_default,,PositionEffect.Close,,1081300.0,False,"Risk: Insufficient available position for 000001.SZ at execution. Available: 1081299.9999999999607425138488, Required: 1081300",OrderSide.Sell,OrderStatus.Rejected,000001.SZ,,TimeInForce.GTC,,,,1602691200000000000,2020-10-14T16:00:00Z
5.43456,42817.5396,1602604800000000000,2020-10-13T16:00:00Z,3151500.0,,7f6fb80d-e3a8-4af8-be5e-154aa00d1b6e,OrderRole.Standalone,OrderType.Market,_default,,PositionEffect.Close,,3151500.0,False,,OrderSide.Sell,OrderStatus.Filled,000166.SZ,,TimeInForce.GTC,,,,1602691200000000000,2020-10-14T16:00:00Z
,0.0,1604937600000000000,2020-11-09T16:00:00Z,0.0,,9e5da3fd-8d9b-4a4d-bf0a-3051fbf6d73d,OrderRole.Standalone,OrderType.Market,_default,,PositionEffect.Close,,1081300.0,False,"Risk: Insufficient available position for 000001.SZ at execution. Available: 1081299.9999999999607425138488, Required: 1081300",OrderSide.Sell,OrderStatus.Rejected,000001.SZ,,TimeInForce.GTC,,,,1605024000000000000,2020-11-10T16:00:00Z
29.34063,45499.9819725,1604937600000000000,2020-11-09T16:00:00Z,620300.0,,1c929949-1042-4fab-b4b8-1139bc11fe77,OrderRole.Standalone,OrderType.Market,_default,,PositionEffect.Close,,620300.0,False,,OrderSide.Sell,OrderStatus.Filled,000002.SZ,,TimeInForce.GTC,,,,1605024000000000000,2020-11-10T16:00:00Z
6.82317,45500.309145,1604937600000000000,2020-11-09T16:00:00Z,2667400.0,,c538e667-ea9d-4c5d-94b7-a20ae444d614,OrderRole.Standalone,OrderType.Market,_default,,PositionEffect.Close,,2667400.0,False,,OrderSide.Sell,OrderStatus.Filled,000100.SZ,,TimeInForce.GTC,,,,1605024000000000000,2020-11-10T16:00:00Z
8.85114,57007.979955,1604937600000000000,2020-11-09T16:00:00Z,2576300.0,,d99262eb-7276-46b2-9ed2-5e48c12332b2,OrderRole.Standalone,OrderType.Market,_default,,PositionEffect.Close,,2576300.0,False,,OrderSide.Sell,OrderStatus.Filled,000301.SZ,,TimeInForce.GTC,,,,1605024000000000000,2020-11-10T16:00:00Z
8.44155,51541.9939125,1604937600000000000,2020-11-09T16:00:00Z,2442300.0,,0cfe4cb2-a454-4c3c-8013-5e6aca03350d,OrderRole.Standalone,OrderType.Market,_default,,PositionEffect.Close,,2442300.0,False,,OrderSide.Sell,OrderStatus.Filled,000408.SZ,,TimeInForce.GTC,,,,1605024000000000000,2020-11-10T16:00:00Z
38.61135,49760.3773125,1604937600000000000,2020-11-09T16:00:00Z,515500.0,,f5beccf8-a2e0-4723-95da-7df2b0b7976e,OrderRole.Standalone,OrderType.Market,_default,,PositionEffect.Close,,515500.0,False,,OrderSide.Sell,OrderStatus.Filled,000786.SZ,,TimeInForce.GTC,,,,1605024000000000000,2020-11-10T16:00:00Z
39.01095,42697.484775,1604937600000000000,2020-11-09T16:00:00Z,437800.0,,ea278577-e5c1-4035-8199-18e33f0f8839,OrderRole.Standalone,OrderType.Market,_default,,PositionEffect.Close,,437800.0,False,,OrderSide.Sell,OrderStatus.Filled,002271.SZ,,TimeInForce.GTC,,,,1605024000000000000,2020-11-10T16:00:00Z
28.60137,33799.6689975,1604937600000000000,2020-11-09T16:00:00Z,472700.0,,35468838-2af0-413b-8592-0c194d5cdaf4,OrderRole.Standalone,OrderType.Market,_default,,PositionEffect.Close,,472700.0,False,,OrderSide.Sell,OrderStatus.Filled,002555.SZ,,TimeInForce.GTC,,,,1605024000000000000,2020-11-10T16:00:00Z
54.05589,41568.97941,1604937600000000000,2020-11-09T16:00:00Z,307600.0,,f45f0fed-e037-41c2-920d-7dcedd7f1736,OrderRole.Standalone,OrderType.Market,_default,,PositionEffect.Close,,307600.0,False,,OrderSide.Sell,OrderStatus.Filled,600585.SH,,TimeInForce.GTC,,,,1605024000000000000,2020-11-10T16:00:00Z
874.13326,45891.99615,1604937600000000000,2020-11-09T16:00:00Z,21000.0,,b504887b-2c7f-4cfb-8bb2-1da929f91db6,OrderRole.Standalone,OrderType.Market,_default,,PositionEffect.Open,,21000.0,False,,OrderSide.Buy,OrderStatus.Filled,688169.SH,,TimeInForce.GTC,,,,1605024000000000000,2020-11-10T16:00:00Z
48.42838,45268.428205,1604937600000000000,2020-11-09T16:00:00Z,373900.0,,08ffd901-4b06-4f6e-884e-80ae1e4dfd5b,OrderRole.Standalone,OrderType.Market,_default,,PositionEffect.Open,,373900.0,False,,OrderSide.Buy,OrderStatus.Filled,002415.SZ,,TimeInForce.GTC,,,,1605024000000000000,2020-11-10T16:00:00Z
177.0769,44180.68655,1604937600000000000,2020-11-09T16:00:00Z,99800.0,,966d7d25-adb8-4af7-9fb0-134b6f497e1c,OrderRole.Standalone,OrderType.Market,_default,,PositionEffect.Open,,99800.0,False,,OrderSide.Buy,OrderStatus.Filled,002594.SZ,,TimeInForce.GTC,,,,1605024000000000000,2020-11-10T16:00:00Z
83.07299,46126.2776975,1604937600000000000,2020-11-09T16:00:00Z,222100.0,,f281a553-179f-4193-9016-5a1548cc56f8,OrderRole.Standalone,OrderType.Market,_default,,PositionEffect.Open,,222100.0,False,,OrderSide.Buy,OrderStatus.Filled,300124.SZ,,TimeInForce.GTC,,,,1605024000000000000,2020-11-10T16:00:00Z
46.08604,44519.11464,1604937600000000000,2020-11-09T16:00:00Z,386400.0,,cc4ccd0d-d13d-4d05-9a68-5ae0c0d82c9f,OrderRole.Standalone,OrderType.Market,_default,,PositionEffect.Open,,386400.0,False,,OrderSide.Buy,OrderStatus.Filled,300274.SZ,,TimeInForce.GTC,,,,1605024000000000000,2020-11-10T16:00:00Z
69.6696,46591.545,1604937600000000000,2020-11-09T16:00:00Z,267500.0,,147cffa8-477b-4e7a-a572-d15ee0f4c078,OrderRole.Standalone,OrderType.Market,_default,,PositionEffect.Open,,267500.0,False,,OrderSide.Buy,OrderStatus.Filled,300450.SZ,,TimeInForce.GTC,,,,1605024000000000000,2020-11-10T16:00:00Z
327.15683,46292.691445,1604937600000000000,2020-11-09T16:00:00Z,56600.0,,654ffafe-a0ca-432d-a90d-5250fb00a1a8,OrderRole.Standalone,OrderType.Market,_default,,PositionEffect.Open,,56600.0,False,,OrderSide.Buy,OrderStatus.Filled,300661.SZ,,TimeInForce.GTC,,,,1605024000000000000,2020-11-10T16:00:00Z
434.31388,45385.80046,1604937600000000000,2020-11-09T16:00:00Z,41800.0,,8d779d54-0a58-48b6-89d2-e657c3fef467,OrderRole.Standalone,OrderType.Market,_default,,PositionEffect.Open,,41800.0,False,,OrderSide.Buy,OrderStatus.Filled,300751.SZ,,TimeInForce.GTC,,,,1605024000000000000,2020-11-10T16:00:00Z
535.8353,45412.041675,1604937600000000000,2020-11-09T16:00:00Z,33900.0,,3a69d39b-c1b5-4f42-8c6a-efcae58d34ca,OrderRole.Standalone,OrderType.Market,_default,,PositionEffect.Open,,33900.0,False,,OrderSide.Buy,OrderStatus.Filled,300782.SZ,,TimeInForce.GTC,,,,1605024000000000000,2020-11-10T16:00:00Z
,0.0,1604937600000000000,2020-11-09T16:00:00Z,0.0,,b7287841-1e22-42ff-812c-92fb9064570a,OrderRole.Standalone,OrderType.Market,_default,,PositionEffect.Open,,33200.0,False,"Risk: Insufficient margin at execution. Required: 17990792.82000000000000000000, Available: 17913165.30195015435169788382",OrderSide.Buy,OrderStatus.Rejected,300896.SZ,,TimeInForce.GTC,,,,1605024000000000000,2020-11-10T16:00:00Z
18.77121,4223.52225,1607356800000000000,2020-12-07T16:00:00Z,90000.0,,ed5d1f10-6fb9-433c-b944-b8a343d09279,OrderRole.Standalone,OrderType.Market,_default,,PositionEffect.Close,,90000.0,False,,OrderSide.Sell,OrderStatus.Filled,000001.SZ,,TimeInForce.GTC,,,,1607443200000000000,2020-12-08T16:00:00Z
44.4555,41554.778625,1607356800000000000,2020-12-07T16:00:00Z,373900.0,,a48cde10-24d6-4c86-ad4e-d82db108bc82,OrderRole.Standalone,OrderType.Market,_default,,PositionEffect.Close,,373900.0,False,,OrderSide.Sell,OrderStatus.Filled,002415.SZ,,TimeInForce.GTC,,,,1607443200000000000,2020-12-08T16:00:00Z
178.821,44615.8395,1607356800000000000,2020-12-07T16:00:00Z,99800.0,,d0598898-1714-4549-aa3e-ce95e03d464d,OrderRole.Standalone,OrderType.Market,_default,,PositionEffect.Close,,99800.0,False,,OrderSide.Sell,OrderStatus.Filled,002594.SZ,,TimeInForce.GTC,,,,1607443200000000000,2020-12-08T16:00:00Z
85.6143,47537.340075,1607356800000000000,2020-12-07T16:00:00Z,222100.0,,8dcc07d4-c9b9-477e-8231-6c2151efef3a,OrderRole.Standalone,OrderType.Market,_default,,PositionEffect.Close,,222100.0,False,,OrderSide.Sell,OrderStatus.Filled,300124.SZ,,TimeInForce.GTC,,,,1607443200000000000,2020-12-08T16:00:00Z
52.78716,50992.39656,1607356800000000000,2020-12-07T16:00:00Z,386400.0,,acbb487b-742e-4d05-9df7-615cecdc3f67,OrderRole.Standalone,OrderType.Market,_default,,PositionEffect.Close,,386400.0,False,,OrderSide.Sell,OrderStatus.Filled,300274.SZ,,TimeInForce.GTC,,,,1607443200000000000,2020-12-08T16:00:00Z
67.52241,45155.6116875,1607356800000000000,2020-12-07T16:00:00Z,267500.0,,bf7a9fbb-790e-465d-9deb-87ddb7d44234,OrderRole.Standalone,OrderType.Market,_default,,PositionEffect.Close,,267500.0,False,,OrderSide.Sell,OrderStatus.Filled,300450.SZ,,TimeInForce.GTC,,,,1607443200000000000,2020-12-08T16:00:00Z
289.76994,41002.44651,1607356800000000000,2020-12-07T16:00:00Z,56600.0,,78c332b6-c3fd-4afa-9e30-67b2caab2b6c,OrderRole.Standalone,OrderType.Market,_default,,PositionEffect.Close,,56600.0,False,,OrderSide.Sell,OrderStatus.Filled,300661.SZ,,TimeInForce.GTC,,,,1607443200000000000,2020-12-08T16:00:00Z
529.19028,55300.38426,1607356800000000000,2020-12-07T16:00:00Z,41800.0,,d8de65db-eef4-450f-a58f-72c403c7be2a,OrderRole.Standalone,OrderType.Market,_default,,PositionEffect.Close,,41800.0,False,,OrderSide.Sell,OrderStatus.Filled,300751.SZ,,TimeInForce.GTC,,,,1607443200000000000,2020-12-08T16:00:00Z
544.27518,46127.321505,1607356800000000000,2020-12-07T16:00:00Z,33900.0,,12744bbd-8846-41bb-bf64-e426225e3ae6,OrderRole.Standalone,OrderType.Market,_default,,PositionEffect.Close,,33900.0,False,,OrderSide.Sell,OrderStatus.Filled,300782.SZ,,TimeInForce.GTC,,,,1607443200000000000,2020-12-08T16:00:00Z
920.43864,48323.0286,1607356800000000000,2020-12-07T16:00:00Z,21000.0,,b1f3178d-9e8d-4436-b8e0-0b0b142fbcaf,OrderRole.Standalone,OrderType.Market,_default,,PositionEffect.Close,,21000.0,False,,OrderSide.Sell,OrderStatus.Filled,688169.SH,,TimeInForce.GTC,,,,1607443200000000000,2020-12-08T16:00:00Z
10.08007,46832.00522,1607356800000000000,2020-12-07T16:00:00Z,1858400.0,,16ce1a1b-1c4f-411a-bc25-7cd6d5c54324,OrderRole.Standalone,OrderType.Market,_default,,PositionEffect.Open,,1858400.0,False,,OrderSide.Buy,OrderStatus.Filled,000301.SZ,,TimeInForce.GTC,,,,1607443200000000000,2020-12-08T16:00:00Z
192.66247,46527.986505,1607356800000000000,2020-12-07T16:00:00Z,96600.0,,7629b558-a84a-4e3a-89c4-2a63e0635a3b,OrderRole.Standalone,OrderType.Market,_default,,PositionEffect.Open,,96600.0,False,,OrderSide.Buy,OrderStatus.Filled,000568.SZ,,TimeInForce.GTC,,,,1607443200000000000,2020-12-08T16:00:00Z
24.74472,45524.09862,1607356800000000000,2020-12-07T16:00:00Z,735900.0,,5827e851-c600-4426-826c-0f658a3726fa,OrderRole.Standalone,OrderType.Market,_default,,PositionEffect.Open,,735900.0,False,,OrderSide.Buy,OrderStatus.Filled,000625.SZ,,TimeInForce.GTC,,,,1607443200000000000,2020-12-08T16:00:00Z
8.45845,46193.7100625,1607356800000000000,2020-12-07T16:00:00Z,2184500.0,,e407ccf9-9bfb-4a0b-a8e1-91221763b90d,OrderRole.Standalone,OrderType.Market,_default,,PositionEffect.Open,,2184500.0,False,,OrderSide.Buy,OrderStatus.Filled,000807.SZ,,TimeInForce.GTC,,,,1607443200000000000,2020-12-08T16:00:00Z
273.273,46524.72825,1607356800000000000,2020-12-07T16:00:00Z,68100.0,,037f7f94-5e01-453c-807a-291dd0857aa0,OrderRole.Standalone,OrderType.Market,_default,,PositionEffect.Open,,68100.0,False,,OrderSide.Buy,OrderStatus.Filled,000858.SZ,,TimeInForce.GTC,,,,1607443200000000000,2020-12-08T16:00:00Z
20.4204,46660.614,1607356800000000000,2020-12-07T16:00:00Z,914000.0,,c20a7112-ff18-4a83-9c3a-d8c4b5a78755,OrderRole.Standalone,OrderType.Market,_default,,PositionEffect.Open,,914000.0,False,,OrderSide.Buy,OrderStatus.Filled,600362.SH,,TimeInForce.GTC,,,,1607443200000000000,2020-12-08T16:00:00Z
1867.81595,46695.39875,1607356800000000000,2020-12-07T16:00:00Z,10000.0,,51d8b43a-4a76-4e92-9749-ace8239bdec7,OrderRole.Standalone,OrderType.Market,_default,,PositionEffect.Open,,10000.0,False,,OrderSide.Buy,OrderStatus.Filled,600519.SH,,TimeInForce.GTC,,,,1607443200000000000,2020-12-08T16:00:00Z
17.29728,45855.08928,1607356800000000000,2020-12-07T16:00:00Z,1060400.0,,4f45f621-fec3-4513-8beb-fbd4e9e15655,OrderRole.Standalone,OrderType.Market,_default,,PositionEffect.Open,,1060400.0,False,,OrderSide.Buy,OrderStatus.Filled,601127.SH,,TimeInForce.GTC,,,,1607443200000000000,2020-12-08T16:00:00Z
21.021,46608.81225,1607356800000000000,2020-12-07T16:00:00Z,886900.0,,acc442c4-de5c-437a-a1e9-d05b2fc448f4,OrderRole.Standalone,OrderType.Market,_default,,PositionEffect.Open,,886900.0,False,,OrderSide.Buy,OrderStatus.Filled,601456.SH,,TimeInForce.GTC,,,,1607443200000000000,2020-12-08T16:00:00Z
,0.0,1609862400000000000,2021-01-05T16:00:00Z,0.0,,ae8ab802-3ff2-44f1-9fab-093018994d21,OrderRole.Standalone,OrderType.Market,_default,,PositionEffect.Close,,991300.0,False,"Risk: Insufficient available position for 000001.SZ at execution. Available: 991299.9999999999607425138488, Required: 991300",OrderSide.Sell,OrderStatus.Rejected,000001.SZ,,TimeInForce.GTC,,,,1609948800000000000,2021-01-06T16:00:00Z
10.989,51054.894,1609862400000000000,2021-01-05T16:00:00Z,1858400.0,,16ab7f8f-0c87-4654-8f86-64171c1fe0fb,OrderRole.Standalone,OrderType.Market,_default,,PositionEffect.Close,,1858400.0,False,,OrderSide.Sell,OrderStatus.Filled,000301.SZ,,TimeInForce.GTC,,,,1609948800000000000,2021-01-06T16:00:00Z
261.54819,63163.887885,1609862400000000000,2021-01-05T16:00:00Z,96600.0,,0f945d56-d65f-4b23-90f3-8ebcfc21c69c,OrderRole.Standalone,OrderType.Market,_default,,PositionEffect.Close,,96600.0,False,,OrderSide.Sell,OrderStatus.Filled,000568.SZ,,TimeInForce.GTC,,,,1609948800000000000,2021-01-06T16:00:00Z
7.62237,41627.6681625,1609862400000000000,2021-01-05T16:00:00Z,2184500.0,,9ebdc7ad-8dc9-4fda-82a4-da11e226386d,OrderRole.Standalone,OrderType.Market,_default,,PositionEffect.Close,,2184500.0,False,,OrderSide.Sell,OrderStatus.Filled,000807.SZ,,TimeInForce.GTC,,,,1609948800000000000,2021-01-06T16:00:00Z
327.98169,55838.8827225,1609862400000000000,2021-01-05T16:00:00Z,68100.0,,eb0c227e-9443-4c9f-8f9b-531dd51f003f,OrderRole.Standalone,OrderType.Market,_default,,PositionEffect.Close,,68100.0,False,,OrderSide.Sell,OrderStatus.Filled,000858.SZ,,TimeInForce.GTC,,,,1609948800000000000,2021-01-06T16:00:00Z
21.04893,48096.80505,1609862400000000000,2021-01-05T16:00:00Z,914000.0,,6b90827e-9ad5-4707-aeaa-4cec34025328,OrderRole.Standalone,OrderType.Market,_default,,PositionEffect.Close,,914000.0,False,,OrderSide.Sell,OrderStatus.Filled,600362.SH,,TimeInForce.GTC,,,,1609948800000000000,2021-01-06T16:00:00Z
2094.903,52372.575,1609862400000000000,2021-01-05T16:00:00Z,10000.0,,f2f7abd2-4eaf-4821-b330-dfbd454159cf,OrderRole.Standalone,OrderType.Market,_default,,PositionEffect.Close,,10000.0,False,,OrderSide.Sell,OrderStatus.Filled,600519.SH,,TimeInForce.GTC,,,,1609948800000000000,2021-01-06T16:00:00Z
20.6793,45851.177925,1609862400000000000,2021-01-05T16:00:00Z,886900.0,,8c474d38-97d6-451a-845c-009a26f40dbc,OrderRole.Standalone,OrderType.Market,_default,,PositionEffect.Close,,886900.0,False,,OrderSide.Sell,OrderStatus.Filled,601456.SH,,TimeInForce.GTC,,,,1609948800000000000,2021-01-06T16:00:00Z
216.8166,48458.5101,1609862400000000000,2021-01-05T16:00:00Z,89400.0,,bd1c1132-08ae-4793-a398-7a1d3bc4bccb,OrderRole.Standalone,OrderType.Market,_default,,PositionEffect.Open,,89400.0,False,,OrderSide.Buy,OrderStatus.Filled,002594.SZ,,TimeInForce.GTC,,,,1609948800000000000,2021-01-06T16:00:00Z
112.112,48236.188,1609862400000000000,2021-01-05T16:00:00Z,172100.0,,1c74bf1a-e3ef-447e-9ee2-4bd0e3205ca3,OrderRole.Standalone,OrderType.Market,_default,,PositionEffect.Open,,172100.0,False,,OrderSide.Buy,OrderStatus.Filled,002709.SZ,,TimeInForce.GTC,,,,1609948800000000000,2021-01-06T16:00:00Z
36.04601,47670.848225,1609862400000000000,2021-01-05T16:00:00Z,529000.0,,7508bab1-ae08-45f0-aa19-0cb72318ff96,OrderRole.Standalone,OrderType.Market,_default,,PositionEffect.Open,,529000.0,False,,OrderSide.Buy,OrderStatus.Filled,300442.SZ,,TimeInForce.GTC,,,,1609948800000000000,2021-01-06T16:00:00Z
626.8262,48892.4436,1609862400000000000,2021-01-05T16:00:00Z,31200.0,,7af6b383-c377-4b62-bb2d-5d3b400864c9,OrderRole.Standalone,OrderType.Market,_default,,PositionEffect.Open,,31200.0,False,,OrderSide.Buy,OrderStatus.Filled,300751.SZ,,TimeInForce.GTC,,,,1609948800000000000,2021-01-06T16:00:00Z
127.43731,48203.1625075,1609862400000000000,2021-01-05T16:00:00Z,151300.0,,cde018c6-31c9-4b23-9ca1-a7c7a4f915be,OrderRole.Standalone,OrderType.Market,_default,,PositionEffect.Open,,151300.0,False,,OrderSide.Buy,OrderStatus.Filled,300999.SZ,,TimeInForce.GTC,,,,1609948800000000000,2021-01-06T16:00:00Z
28.1281,47431.008625,1609862400000000000,2021-01-05T16:00:00Z,674500.0,,837ecab0-146d-4ea8-88cb-2b4e9fc09582,OrderRole.Standalone,OrderType.Market,_default,,PositionEffect.Open,,674500.0,False,,OrderSide.Buy,OrderStatus.Filled,600460.SH,,TimeInForce.GTC,,,,1609948800000000000,2021-01-06T16:00:00Z
400.2999,48936.662775,1609862400000000000,2021-01-05T16:00:00Z,48900.0,,4988c036-07d5-4a3a-98d5-c794a822f101,OrderRole.Standalone,OrderType.Market,_default,,PositionEffect.Open,,48900.0,False,,OrderSide.Buy,OrderStatus.Filled,600809.SH,,TimeInForce.GTC,,,,1609948800000000000,2021-01-06T16:00:00Z
82.3823,49697.122475,1609862400000000000,2021-01-05T16:00:00Z,241300.0,,af11c819-30fb-48d0-a3e4-a21e7d1e2732,OrderRole.Standalone,OrderType.Market,_default,,PositionEffect.Open,,241300.0,False,,OrderSide.Buy,OrderStatus.Filled,300274.SZ,,TimeInForce.GTC,,,,1609948800000000000,2021-01-06T16:00:00Z
21.36134,9596.581995,1609862400000000000,2021-01-05T16:00:00Z,179700.0,,eae20ec2-d213-4140-a6a2-1386c9e2d827,OrderRole.Standalone,OrderType.Market,_default,,PositionEffect.Open,,179700.0,False,,OrderSide.Buy,OrderStatus.Filled,000625.SZ,,TimeInForce.GTC,,,,1609948800000000000,2021-01-06T16:00:00Z
15.58557,6756.344595,1609862400000000000,2021-01-05T16:00:00Z,173400.0,,2499bd2a-e26e-4203-8e26-c901a31c7e19,OrderRole.Standalone,OrderType.Market,_default,,PositionEffect.Open,,173400.0,False,,OrderSide.Buy,OrderStatus.Filled,601127.SH,,TimeInForce.GTC,,,,1609948800000000000,2021-01-06T16:00:00Z
22.8771,52365.6819,1609948800000000000,2021-01-06T16:00:00Z,915600.0,,b2760ed9-997d-4bdf-b106-df88190dc54b,OrderRole.Standalone,OrderType.Market,_default,,PositionEffect.Close,,915600.0,False,,OrderSide.Sell,OrderStatus.Filled,000625.SZ,,TimeInForce.GTC,,,,1610035200000000000,2021-01-07T16:00:00Z
16.49349,50874.169905,1609948800000000000,2021-01-06T16:00:00Z,1233800.0,,fd3a4c4e-22cd-4c8d-9bb8-cd32ae9eb058,OrderRole.Standalone,OrderType.Market,_default,,PositionEffect.Close,,1233800.0,False,,OrderSide.Sell,OrderStatus.Filled,601127.SH,,TimeInForce.GTC,,,,1610035200000000000,2021-01-07T16:00:00Z
,0.0,1612281600000000000,2021-02-02T16:00:00Z,0.0,,1079f86f-f108-454f-9ae7-de1d54a0f801,OrderRole.Standalone,OrderType.Market,_default,,PositionEffect.Close,,991300.0,False,"Risk: Insufficient available position for 000001.SZ at execution. Available: 991299.9999999999607425138488, Required: 991300",OrderSide.Sell,OrderStatus.Rejected,000001.SZ,,TimeInForce.GTC,,,,1612368000000000000,2021-02-03T16:00:00Z
257.742,9020.97,1612281600000000000,2021-02-02T16:00:00Z,14000.0,,8b79bdd8-95e7-409e-9778-547c0e916548,OrderRole.Standalone,OrderType.Market,_default,,PositionEffect.Close,,14000.0,False,,OrderSide.Sell,OrderStatus.Filled,002594.SZ,,TimeInForce.GTC,,,,1612368000000000000,2021-02-03T16:00:00Z
105.0948,13294.4922,1612281600000000000,2021-02-02T16:00:00Z,50600.0,,e7368113-6b4a-4b55-8fd8-231e22160cf3,OrderRole.Standalone,OrderType.Market,_default,,PositionEffect.Close,,50600.0,False,,OrderSide.Sell,OrderStatus.Filled,300274.SZ,,TimeInForce.GTC,,,,1612368000000000000,2021-02-03T16:00:00Z
35.02494,46320.48315,1612281600000000000,2021-02-02T16:00:00Z,529000.0,,7822c9cb-e183-4a69-812b-7a3ef59dad02,OrderRole.Standalone,OrderType.Market,_default,,PositionEffect.Close,,529000.0,False,,OrderSide.Sell,OrderStatus.Filled,300442.SZ,,TimeInForce.GTC,,,,1612368000000000000,2021-02-03T16:00:00Z
487.512,38025.936,1612281600000000000,2021-02-02T16:00:00Z,31200.0,,28884fa8-a577-4388-b3e9-ccbf5649110c,OrderRole.Standalone,OrderType.Market,_default,,PositionEffect.Close,,31200.0,False,,OrderSide.Sell,OrderStatus.Filled,300751.SZ,,TimeInForce.GTC,,,,1612368000000000000,2021-02-03T16:00:00Z
21.20877,35763.2884125,1612281600000000000,2021-02-02T16:00:00Z,674500.0,,631c2fc5-6ed8-4bc6-aa5e-9d5ee69f905d,OrderRole.Standalone,OrderType.Market,_default,,PositionEffect.Close,,674500.0,False,,OrderSide.Sell,OrderStatus.Filled,600460.SH,,TimeInForce.GTC,,,,1612368000000000000,2021-02-03T16:00:00Z
403.81578,49366.479105,1612281600000000000,2021-02-02T16:00:00Z,48900.0,,9221bc45-5732-4acc-b7ed-35ea757278be,OrderRole.Standalone,OrderType.Market,_default,,PositionEffect.Close,,48900.0,False,,OrderSide.Sell,OrderStatus.Filled,600809.SH,,TimeInForce.GTC,,,,1612368000000000000,2021-02-03T16:00:00Z
40.90086,49019.68071,1612281600000000000,2021-02-02T16:00:00Z,479400.0,,f2d7b444-c475-4aef-be6f-1131b22859ef,OrderRole.Standalone,OrderType.Market,_default,,PositionEffect.Open,,479400.0,False,,OrderSide.Buy,OrderStatus.Filled,601633.SH,,TimeInForce.GTC,,,,1612368000000000000,2021-02-03T16:00:00Z
12.23222,49332.54326,1612281600000000000,2021-02-02T16:00:00Z,1613200.0,,e2a0e5fa-742d-440f-bd98-c1882fb4130b,OrderRole.Standalone,OrderType.Market,_default,,PositionEffect.Open,,1613200.0,False,,OrderSide.Buy,OrderStatus.Filled,601919.SH,,TimeInForce.GTC,,,,1612368000000000000,2021-02-03T16:00:00Z
107.107,49617.31775,1612281600000000000,2021-02-02T16:00:00Z,185300.0,,b3d22748-5f8a-4a12-be11-fc6090b5115f,OrderRole.Standalone,OrderType.Market,_default,,PositionEffect.Open,,185300.0,False,,OrderSide.Buy,OrderStatus.Filled,603799.SH,,TimeInForce.GTC,,,,1612368000000000000,2021-02-03T16:00:00Z
130.0299,49313.839575,1612281600000000000,2021-02-02T16:00:00Z,151700.0,,cd900aaf-8dd1-46df-8a3a-7e51a9e725b0,OrderRole.Standalone,OrderType.Market,_default,,PositionEffect.Open,,151700.0,False,,OrderSide.Buy,OrderStatus.Filled,002460.SZ,,TimeInForce.GTC,,,,1612368000000000000,2021-02-03T16:00:00Z
,0.0,1612281600000000000,2021-02-02T16:00:00Z,0.0,,bc17a252-cd5b-46f0-970f-f896eb2031bf,OrderRole.Standalone,OrderType.Market,_default,,PositionEffect.Open,,561000.0,False,"Risk: Insufficient margin at execution. Required: 19624956.50115000000000000001, Available: 18031914.86407015435169788383",OrderSide.Buy,OrderStatus.Rejected,300059.SZ,,TimeInForce.GTC,,,,1612368000000000000,2021-02-03T16:00:00Z
55.44539,48791.9432,1612281600000000000,2021-02-02T16:00:00Z,352000.0,,ec5e1527-934d-416b-8127-bce5a19c01a7,OrderRole.Standalone,OrderType.Market,_default,,PositionEffect.Open,,352000.0,False,,OrderSide.Buy,OrderStatus.Filled,002466.SZ,,TimeInForce.GTC,,,,1612368000000000000,2021-02-03T16:00:00Z
102.58248,4821.37656,1612281600000000000,2021-02-02T16:00:00Z,18800.0,,c4368d93-3b6a-47b4-81b4-b128bd01ec98,OrderRole.Standalone,OrderType.Market,_default,,PositionEffect.Open,,18800.0,False,,OrderSide.Buy,OrderStatus.Filled,002709.SZ,,TimeInForce.GTC,,,,1612368000000000000,2021-02-03T16:00:00Z
118.118,3632.1285,1612281600000000000,2021-02-02T16:00:00Z,12300.0,,240955c2-5fda-4920-8b21-15ec1dd6fe59,OrderRole.Standalone,OrderType.Market,_default,,PositionEffect.Open,,12300.0,False,,OrderSide.Buy,OrderStatus.Filled,300999.SZ,,TimeInForce.GTC,,,,1612368000000000000,2021-02-03T16:00:00Z
261.738,49337.613,1612368000000000000,2021-02-03T16:00:00Z,75400.0,,31c8b723-27a2-4299-aa5c-8d99baee4d58,OrderRole.Standalone,OrderType.Market,_default,,PositionEffect.Close,,75400.0,False,,OrderSide.Sell,OrderStatus.Filled,002594.SZ,,TimeInForce.GTC,,,,1612454400000000000,2021-02-04T16:00:00Z
96.39351,46003.8026475,1612368000000000000,2021-02-03T16:00:00Z,190900.0,,0686586f-a5c3-4896-aa88-45b0a9abe0ae,OrderRole.Standalone,OrderType.Market,_default,,PositionEffect.Close,,190900.0,False,,OrderSide.Sell,OrderStatus.Filled,002709.SZ,,TimeInForce.GTC,,,,1612454400000000000,2021-02-04T16:00:00Z
107.90199,51442.273732500005,1612368000000000000,2021-02-03T16:00:00Z,190700.00000000003,,9b190cd2-dd3b-4578-806c-bda5ad86752f,OrderRole.Standalone,OrderType.Market,_default,,PositionEffect.Close,,190700.00000000003,False,,OrderSide.Sell,OrderStatus.Filled,300274.SZ,,TimeInForce.GTC,,,,1612454400000000000,2021-02-04T16:00:00Z
116.12376,47494.61784,1612368000000000000,2021-02-03T16:00:00Z,163600.0,,3df82563-cbc3-4776-abed-2eb8eec349dc,OrderRole.Standalone,OrderType.Market,_default,,PositionEffect.Close,,163600.0,False,,OrderSide.Sell,OrderStatus.Filled,300999.SZ,,TimeInForce.GTC,,,,1612454400000000000,2021-02-04T16:00:00Z
96.23367,36496.6193475,1615305600000000000,2021-03-09T16:00:00Z,151700.0,,8c361c3d-0863-4447-b705-087cc3714119,OrderRole.Standalone,OrderType.Market,_default,,PositionEffect.Close,,151700.0,False,,OrderSide.Sell,OrderStatus.Filled,002460.SZ,,TimeInForce.GTC,,,,1615392000000000000,2021-03-10T16:00:00Z
38.57139,33942.8232,1615305600000000000,2021-03-09T16:00:00Z,352000.0,,92c95bba-b3f3-461c-b813-ae5d8288818b,OrderRole.Standalone,OrderType.Market,_default,,PositionEffect.Close,,352000.0,False,,OrderSide.Sell,OrderStatus.Filled,002466.SZ,,TimeInForce.GTC,,,,1615392000000000000,2021-03-10T16:00:00Z
30.48948,36541.64178,1615305600000000000,2021-03-09T16:00:00Z,479400.0,,15527ac3-97c6-47a5-b918-fac20a7933ef,OrderRole.Standalone,OrderType.Market,_default,,PositionEffect.Close,,479400.0,False,,OrderSide.Sell,OrderStatus.Filled,601633.SH,,TimeInForce.GTC,,,,1615392000000000000,2021-03-10T16:00:00Z
10.47951,42263.86383,1615305600000000000,2021-03-09T16:00:00Z,1613200.0,,036d83be-cb2d-46fd-a1e6-5dd2036f15ff,OrderRole.Standalone,OrderType.Market,_default,,PositionEffect.Close,,1613200.0,False,,OrderSide.Sell,OrderStatus.Filled,601919.SH,,TimeInForce.GTC,,,,1615392000000000000,2021-03-10T16:00:00Z
71.71821,33223.4607825,1615305600000000000,2021-03-09T16:00:00Z,185300.0,,f6fd5620-2d45-4a50-87dc-cce4dddd8c71,OrderRole.Standalone,OrderType.Market,_default,,PositionEffect.Close,,185300.0,False,,OrderSide.Sell,OrderStatus.Filled,603799.SH,,TimeInForce.GTC,,,,1615392000000000000,2021-03-10T16:00:00Z
63.3633,84431.59725,1615305600000000000,2021-03-09T16:00:00Z,533000.0,,16e99f94-1c1e-4048-9262-930673addefa,OrderRole.Standalone,OrderType.Market,_default,,PositionEffect.Open,,533000.0,False,,OrderSide.Buy,OrderStatus.Filled,688521.SH,,TimeInForce.GTC,,,,1615392000000000000,2021-03-10T16:00:00Z
58.3583,83904.645825,1615305600000000000,2021-03-09T16:00:00Z,575100.0,,49f55e4a-dfc0-434a-9adc-5c2cbffe832a,OrderRole.Standalone,OrderType.Market,_default,,PositionEffect.Open,,575100.0,False,,OrderSide.Buy,OrderStatus.Filled,000651.SZ,,TimeInForce.GTC,,,,1615392000000000000,2021-03-10T16:00:00Z
7.8078,84800.5158,1615305600000000000,2021-03-09T16:00:00Z,4344400.0,,e26e2d22-accf-4281-8901-9aa74235f227,OrderRole.Standalone,OrderType.Market,_default,,PositionEffect.Open,,4344400.0,False,,OrderSide.Buy,OrderStatus.Filled,000657.SZ,,TimeInForce.GTC,,,,1615392000000000000,2021-03-10T16:00:00Z
5.9059,83657.0735,1615305600000000000,2021-03-09T16:00:00Z,5666000.0,,c42ad937-7965-4254-98a5-eb7ee0298fb2,OrderRole.Standalone,OrderType.Market,_default,,PositionEffect.Open,,5666000.0,False,,OrderSide.Buy,OrderStatus.Filled,000725.SZ,,TimeInForce.GTC,,,,1615392000000000000,2021-03-10T16:00:00Z
20.60058,34052.75874,1615305600000000000,2021-03-09T16:00:00Z,661200.0,,ee0e4564-25a9-4278-a662-6a2520b0ad7e,OrderRole.Standalone,OrderType.Market,_default,,PositionEffect.Open,,661200.0,False,,OrderSide.Buy,OrderStatus.Filled,000001.SZ,,TimeInForce.GTC,,,,1615392000000000000,2021-03-10T16:00:00Z
,0.0,1617811200000000000,2021-04-07T16:00:00Z,0.0,,419eb565-c7fb-43c9-ab8a-aee421743b16,OrderRole.Standalone,OrderType.Market,_default,,PositionEffect.Close,,1652500.0,False,"Risk: Insufficient available position for 000001.SZ at execution. Available: 1652499.9999999999607425138488, Required: 1652500",OrderSide.Sell,OrderStatus.Rejected,000001.SZ,,TimeInForce.GTC,,,,1617897600000000000,2021-04-08T16:00:00Z
62.02791,89180.6276025,1617811200000000000,2021-04-07T16:00:00Z,575100.0,,5d356878-c5c8-4bb6-93ff-07939b00d611,OrderRole.Standalone,OrderType.Market,_default,,PositionEffect.Close,,575100.0,False,,OrderSide.Sell,OrderStatus.Filled,000651.SZ,,TimeInForce.GTC,,,,1617897600000000000,2021-04-08T16:00:00Z
8.33166,90490.15926,1617811200000000000,2021-04-07T16:00:00Z,4344400.0,,51d15d67-7d4c-4bb4-81c2-f9fc803dec6d,OrderRole.Standalone,OrderType.Market,_default,,PositionEffect.Close,,4344400.0,False,,OrderSide.Sell,OrderStatus.Filled,000657.SZ,,TimeInForce.GTC,,,,1617897600000000000,2021-04-08T16:00:00Z
6.51348,92263.4442,1617811200000000000,2021-04-07T16:00:00Z,5666000.0,,f8000620-c7cf-468d-a36d-12b1ca465cc8,OrderRole.Standalone,OrderType.Market,_default,,PositionEffect.Close,,5666000.0,False,,OrderSide.Sell,OrderStatus.Filled,000725.SZ,,TimeInForce.GTC,,,,1617897600000000000,2021-04-08T16:00:00Z
59.31063,79031.414475,1617811200000000000,2021-04-07T16:00:00Z,533000.0,,3b50cfc3-e94f-4a9b-a1d8-5275e665f5ed,OrderRole.Standalone,OrderType.Market,_default,,PositionEffect.Close,,533000.0,False,,OrderSide.Sell,OrderStatus.Filled,688521.SH,,TimeInForce.GTC,,,,1617897600000000000,2021-04-08T16:00:00Z
2.8028,87436.1488,1617811200000000000,2021-04-07T16:00:00Z,12478400.0,,66f8de0b-6bf8-4a2e-a22c-77a242637928,OrderRole.Standalone,OrderType.Market,_default,,PositionEffect.Open,,12478400.0,False,,OrderSide.Buy,OrderStatus.Filled,003816.SZ,,TimeInForce.GTC,,,,1617897600000000000,2021-04-08T16:00:00Z
1.74174,87941.32347,1617811200000000000,2021-04-07T16:00:00Z,20196200.0,,3e63d03f-3653-4254-8c9d-fbdc312101f7,OrderRole.Standalone,OrderType.Market,_default,,PositionEffect.Open,,20196200.0,False,,OrderSide.Buy,OrderStatus.Filled,600221.SH,,TimeInForce.GTC,,,,1617897600000000000,2021-04-08T16:00:00Z
4.2042,87227.69055,1617811200000000000,2021-04-07T16:00:00Z,8299100.0,,54ac1dd4-af33-4499-ae81-13f408a30339,OrderRole.Standalone,OrderType.Market,_default,,PositionEffect.Open,,8299100.0,False,,OrderSide.Buy,OrderStatus.Filled,601077.SH,,TimeInForce.GTC,,,,1617897600000000000,2021-04-08T16:00:00Z
4.76476,87435.72838,1617811200000000000,2021-04-07T16:00:00Z,7340200.0,,eb04da92-b235-4fd5-aa28-944bbdf82198,OrderRole.Standalone,OrderType.Market,_default,,PositionEffect.Open,,7340200.0,False,,OrderSide.Buy,OrderStatus.Filled,601169.SH,,TimeInForce.GTC,,,,1617897600000000000,2021-04-08T16:00:00Z
,0.0,1617811200000000000,2021-04-07T16:00:00Z,0.0,,efa72fb8-cee2-41fe-b724-2915a73f9969,OrderRole.Standalone,OrderType.Market,_default,,PositionEffect.Open,,10460900.0,False,"Risk: Insufficient margin at execution. Required: 35061781.26951500000000000001, Available: 17991015.24455765802922290371",OrderSide.Buy,OrderStatus.Rejected,601288.SH,,TimeInForce.GTC,,,,1617897600000000000,2021-04-08T16:00:00Z
,0.0,1620662400000000000,2021-05-10T16:00:00Z,0.0,,5504f062-7716-46c9-8734-59aac19a59fb,OrderRole.Standalone,OrderType.Market,_default,,PositionEffect.Close,,1652500.0,False,"Risk: Insufficient available position for 000001.SZ at execution. Available: 1652499.9999999999607425138488, Required: 1652500",OrderSide.Sell,OrderStatus.Rejected,000001.SZ,,TimeInForce.GTC,,,,1620748800000000000,2021-05-11T16:00:00Z
2.74725,85703.211,1620662400000000000,2021-05-10T16:00:00Z,12478400.0,,02949fd2-1c0f-4c48-b0bb-da59c138ac5c,OrderRole.Standalone,OrderType.Market,_default,,PositionEffect.Close,,12478400.0,False,,OrderSide.Sell,OrderStatus.Filled,003816.SZ,,TimeInForce.GTC,,,,1620748800000000000,2021-05-11T16:00:00Z
1.63836,82721.61558,1620662400000000000,2021-05-10T16:00:00Z,20196200.0,,6f39c834-a6ef-48a6-ac2e-0399aa97fe42,OrderRole.Standalone,OrderType.Market,_default,,PositionEffect.Close,,20196200.0,False,,OrderSide.Sell,OrderStatus.Filled,600221.SH,,TimeInForce.GTC,,,,1620748800000000000,2021-05-11T16:00:00Z
4.18581,86846.1394275,1620662400000000000,2021-05-10T16:00:00Z,8299100.0,,62412abf-fb0f-48be-9cd3-d400b922bbd4,OrderRole.Standalone,OrderType.Market,_default,,PositionEffect.Close,,8299100.0,False,,OrderSide.Sell,OrderStatus.Filled,601077.SH,,TimeInForce.GTC,,,,1620748800000000000,2021-05-11T16:00:00Z
4.88511,89644.211055,1620662400000000000,2021-05-10T16:00:00Z,7340200.0,,5d79daa2-0e57-4421-bf0e-e4fe7b382cf0,OrderRole.Standalone,OrderType.Market,_default,,PositionEffect.Close,,7340200.0,False,,OrderSide.Sell,OrderStatus.Filled,601169.SH,,TimeInForce.GTC,,,,1620748800000000000,2021-05-11T16:00:00Z
18.82881,88853.15439,1620662400000000000,2021-05-10T16:00:00Z,1887600.0,,f8f9d658-ee98-46c9-bb6c-299186339d87,OrderRole.Standalone,OrderType.Market,_default,,PositionEffect.Open,,1887600.0,False,,OrderSide.Buy,OrderStatus.Filled,601919.SH,,TimeInForce.GTC,,,,1620748800000000000,2021-05-11T16:00:00Z
45.045,87162.075,1620662400000000000,2021-05-10T16:00:00Z,774000.0,,4d80cf3b-879b-4265-b049-a84c72086fb5,OrderRole.Standalone,OrderType.Market,_default,,PositionEffect.Open,,774000.0,False,,OrderSide.Buy,OrderStatus.Filled,000963.SZ,,TimeInForce.GTC,,,,1620748800000000000,2021-05-11T16:00:00Z
535.88535,86545.484025,1620662400000000000,2021-05-10T16:00:00Z,64600.0,,9b6e95fc-83d7-49ce-b60d-661e34020a60,OrderRole.Standalone,OrderType.Market,_default,,PositionEffect.Open,,64600.0,False,,OrderSide.Buy,OrderStatus.Filled,300896.SZ,,TimeInForce.GTC,,,,1620748800000000000,2021-05-11T16:00:00Z
34.4344,89598.3088,1620662400000000000,2021-05-10T16:00:00Z,1040800.0,,5d83e2bb-3257-4864-bf02-640cf2ca1691,OrderRole.Standalone,OrderType.Market,_default,,PositionEffect.Open,,1040800.0,False,,OrderSide.Buy,OrderStatus.Filled,600460.SH,,TimeInForce.GTC,,,,1620748800000000000,2021-05-11T16:00:00Z
,0.0,1620662400000000000,2021-05-10T16:00:00Z,0.0,,aca1062a-e1f6-42cc-9c5f-2923381d8605,OrderRole.Standalone,OrderType.Market,_default,,PositionEffect.Open,,572500.0,False,"Risk: Insufficient margin at execution. Required: 35044816.05625000000000000000, Available: 14396454.98428015800966210627",OrderSide.Buy,OrderStatus.Rejected,601127.SH,,TimeInForce.GTC,,,,1620748800000000000,2021-05-11T16:00:00Z
,0.0,1623081600000000000,2021-06-07T16:00:00Z,0.0,,0c95d01e-2476-449b-9287-a24afa66bff1,OrderRole.Standalone,OrderType.Market,_default,,PositionEffect.Close,,1652500.0,False,"Risk: Insufficient available position for 000001.SZ at execution. Available: 1652499.9999999999607425138488, Required: 1652500",OrderSide.Sell,OrderStatus.Rejected,000001.SZ,,TimeInForce.GTC,,,,1623168000000000000,2021-06-08T16:00:00Z
45.8541,88727.6835,1623081600000000000,2021-06-07T16:00:00Z,774000.0,,b7acab9c-d455-4bad-9826-25f47dffa7e8,OrderRole.Standalone,OrderType.Market,_default,,PositionEffect.Close,,774000.0,False,,OrderSide.Sell,OrderStatus.Filled,000963.SZ,,TimeInForce.GTC,,,,1623168000000000000,2021-06-08T16:00:00Z
640.0593,103369.57695,1623081600000000000,2021-06-07T16:00:00Z,64600.0,,e3b9ccdb-36f6-45b4-b835-dfe7f6aa69af,OrderRole.Standalone,OrderType.Market,_default,,PositionEffect.Close,,64600.0,False,,OrderSide.Sell,OrderStatus.Filled,300896.SZ,,TimeInForce.GTC,,,,1623168000000000000,2021-06-08T16:00:00Z
42.6573,110994.2946,1623081600000000000,2021-06-07T16:00:00Z,1040800.0,,10f043c6-c50f-467a-822a-b4dc832268a2,OrderRole.Standalone,OrderType.Market,_default,,PositionEffect.Close,,1040800.0,False,,OrderSide.Sell,OrderStatus.Filled,600460.SH,,TimeInForce.GTC,,,,1623168000000000000,2021-06-08T16:00:00Z
21.75822,102677.04018,1623081600000000000,2021-06-07T16:00:00Z,1887600.0,,c11175d4-ac3b-4076-8a7e-d3e9d703b174,OrderRole.Standalone,OrderType.Market,_default,,PositionEffect.Close,,1887600.0,False,,OrderSide.Sell,OrderStatus.Filled,601919.SH,,TimeInForce.GTC,,,,1623168000000000000,2021-06-08T16:00:00Z
112.45234,62439.161785,1623081600000000000,2021-06-07T16:00:00Z,222100.0,,687f9c4f-c781-4e22-88d6-68249dda2956,OrderRole.Standalone,OrderType.Market,_default,,PositionEffect.Open,,222100.0,False,,OrderSide.Buy,OrderStatus.Filled,603659.SH,,TimeInForce.GTC,,,,1623168000000000000,2021-06-08T16:00:00Z
77.077,61584.523,1623081600000000000,2021-06-07T16:00:00Z,319600.0,,e7b02159-f2a3-4452-913e-62d3d4677432,OrderRole.Standalone,OrderType.Market,_default,,PositionEffect.Open,,319600.0,False,,OrderSide.Buy,OrderStatus.Filled,605117.SH,,TimeInForce.GTC,,,,1623168000000000000,2021-06-08T16:00:00Z
22.03201,61761.2320325,1623081600000000000,2021-06-07T16:00:00Z,1121300.0,,7f0ea250-ad9a-47de-a184-237cdf21b935,OrderRole.Standalone,OrderType.Market,_default,,PositionEffect.Open,,1121300.0,False,,OrderSide.Buy,OrderStatus.Filled,000408.SZ,,TimeInForce.GTC,,,,1623168000000000000,2021-06-08T16:00:00Z
22.5225,61565.25375,1623081600000000000,2021-06-07T16:00:00Z,1093400.0,,97eae0cb-dd24-46df-b34e-6e947ac69f2f,OrderRole.Standalone,OrderType.Market,_default,,PositionEffect.Open,,1093400.0,False,,OrderSide.Buy,OrderStatus.Filled,000625.SZ,,TimeInForce.GTC,,,,1623168000000000000,2021-06-08T16:00:00Z
93.02293,61278.8551375,1623081600000000000,2021-06-07T16:00:00Z,263500.0,,eae6552c-f53c-4fde-b47b-adcca1277107,OrderRole.Standalone,OrderType.Market,_default,,PositionEffect.Open,,263500.0,False,,OrderSide.Buy,OrderStatus.Filled,002709.SZ,,TimeInForce.GTC,,,,1623168000000000000,2021-06-08T16:00:00Z
85.96588,60670.41981,1623081600000000000,2021-06-07T16:00:00Z,282300.0,,d62013b8-4698-4239-b532-9a4f11389cf6,OrderRole.Standalone,OrderType.Market,_default,,PositionEffect.Open,,282300.0,False,,OrderSide.Buy,OrderStatus.Filled,300223.SZ,,TimeInForce.GTC,,,,1623168000000000000,2021-06-08T16:00:00Z
140.88074,61564.88338,1623081600000000000,2021-06-07T16:00:00Z,174800.0,,c2e7bb4e-a8d5-4588-8f1e-0540968eec84,OrderRole.Standalone,OrderType.Market,_default,,PositionEffect.Open,,174800.0,False,,OrderSide.Buy,OrderStatus.Filled,300919.SZ,,TimeInForce.GTC,,,,1623168000000000000,2021-06-08T16:00:00Z
,0.0,1623081600000000000,2021-06-07T16:00:00Z,0.0,,4c6e9e16-376c-44e3-9f39-7e595a237f93,OrderRole.Standalone,OrderType.Market,_default,,PositionEffect.Open,,419500.0,False,"Risk: Insufficient margin at execution. Required: 23995250.02875000000000000000, Available: 3997039.71512146501627352933",OrderSide.Buy,OrderStatus.Rejected,601127.SH,,TimeInForce.GTC,,,,1623168000000000000,2021-06-08T16:00:00Z
,0.0,1625587200000000000,2021-07-06T16:00:00Z,0.0,,f27e6bad-ef3d-45ac-bb7d-4d77cae7b133,OrderRole.Standalone,OrderType.Market,_default,,PositionEffect.Close,,1652500.0,False,"Risk: Insufficient available position for 000001.SZ at execution. Available: 1652499.9999999999607425138488, Required: 1652500",OrderSide.Sell,OrderStatus.Rejected,000001.SZ,,TimeInForce.GTC,,,,1625673600000000000,2021-07-07T16:00:00Z
24.09588,67546.77561,1625587200000000000,2021-07-06T16:00:00Z,1121300.0,,577f4dd2-769e-4c3f-aaae-e03214cc63ff,OrderRole.Standalone,OrderType.Market,_default,,PositionEffect.Close,,1121300.0,False,,OrderSide.Sell,OrderStatus.Filled,000408.SZ,,TimeInForce.GTC,,,,1625673600000000000,2021-07-07T16:00:00Z
20.3796,77987.6343,1625587200000000000,2021-07-06T16:00:00Z,1530700.0,,efe43b41-279d-4c54-8cd3-87cc517cddf6,OrderRole.Standalone,OrderType.Market,_default,,PositionEffect.Close,,1530700.0,False,,OrderSide.Sell,OrderStatus.Filled,000625.SZ,,TimeInForce.GTC,,,,1625673600000000000,2021-07-07T16:00:00Z
107.03286,70507.896525,1625587200000000000,2021-07-06T16:00:00Z,263500.0,,91108f5e-1e2b-4c09-8206-5ac6eee085fc,OrderRole.Standalone,OrderType.Market,_default,,PositionEffect.Close,,263500.0,False,,OrderSide.Sell,OrderStatus.Filled,002709.SZ,,TimeInForce.GTC,,,,1625673600000000000,2021-07-07T16:00:00Z
156.89295,87114.8104875,1625587200000000000,2021-07-06T16:00:00Z,222100.0,,53dec660-1e11-4716-b5e6-3c085ffb4949,OrderRole.Standalone,OrderType.Market,_default,,PositionEffect.Close,,222100.0,False,,OrderSide.Sell,OrderStatus.Filled,603659.SH,,TimeInForce.GTC,,,,1625673600000000000,2021-07-07T16:00:00Z
123.73614,3340.87578,1625587200000000000,2021-07-06T16:00:00Z,10800.0,,ddeffc0d-0c04-473a-8186-88a560e95a27,OrderRole.Standalone,OrderType.Market,_default,,PositionEffect.Close,,10800.0,False,,OrderSide.Sell,OrderStatus.Filled,605117.SH,,TimeInForce.GTC,,,,1625673600000000000,2021-07-07T16:00:00Z
276.5763,93690.221625,1625587200000000000,2021-07-06T16:00:00Z,135500.0,,edc640bf-9a98-4f05-aae2-4eec65501de7,OrderRole.Standalone,OrderType.Market,_default,,PositionEffect.Open,,135500.0,False,,OrderSide.Buy,OrderStatus.Filled,605499.SH,,TimeInForce.GTC,,,,1625673600000000000,2021-07-07T16:00:00Z
58.1581,94972.1773,1625587200000000000,2021-07-06T16:00:00Z,653200.0,,eec78998-cf0f-4452-a73b-dd5f58cee071,OrderRole.Standalone,OrderType.Market,_default,,PositionEffect.Open,,653200.0,False,,OrderSide.Buy,OrderStatus.Filled,600460.SH,,TimeInForce.GTC,,,,1625673600000000000,2021-07-07T16:00:00Z
,0.0,1625587200000000000,2021-07-06T16:00:00Z,0.0,,1f81702c-b522-4194-ad6c-256be53b0a6a,OrderRole.Standalone,OrderType.Market,_default,,PositionEffect.Open,,1185300.0,False,"Risk: Insufficient margin at execution. Required: 36159326.00280000000000000000, Available: 28021936.94083396877682990231",OrderSide.Buy,OrderStatus.Rejected,601919.SH,,TimeInForce.GTC,,,,1625673600000000000,2021-07-07T16:00:00Z
149.10896,33698.62496,1625587200000000000,2021-07-06T16:00:00Z,90400.0,,a7db5c1d-bd55-4ede-9407-fa70efe40800,OrderRole.Standalone,OrderType.Market,_default,,PositionEffect.Open,,90400.0,False,,OrderSide.Buy,OrderStatus.Filled,300919.SZ,,TimeInForce.GTC,,,,1625673600000000000,2021-07-07T16:00:00Z
101.101,24213.6895,1625587200000000000,2021-07-06T16:00:00Z,95800.0,,27ea1687-349f-4f8a-858f-966e53ec2abb,OrderRole.Standalone,OrderType.Market,_default,,PositionEffect.Open,,95800.0,False,,OrderSide.Buy,OrderStatus.Filled,300223.SZ,,TimeInForce.GTC,,,,1625673600000000000,2021-07-07T16:00:00Z
101.83806,96262.426215,1625673600000000000,2021-07-07T16:00:00Z,378100.0,,2f4ad63c-6891-4e25-97df-9d63625733a7,OrderRole.Standalone,OrderType.Market,_default,,PositionEffect.Close,,378100.0,False,,OrderSide.Sell,OrderStatus.Filled,300223.SZ,,TimeInForce.GTC,,,,1625760000000000000,2021-07-08T16:00:00Z
152.02782,100794.44466,1625673600000000000,2021-07-07T16:00:00Z,265200.0,,03a50edc-ee10-4c0a-965e-bb6c41fb5dc2,OrderRole.Standalone,OrderType.Market,_default,,PositionEffect.Close,,265200.0,False,,OrderSide.Sell,OrderStatus.Filled,300919.SZ,,TimeInForce.GTC,,,,1625760000000000000,2021-07-08T16:00:00Z
118.5813,91544.7636,1625673600000000000,2021-07-07T16:00:00Z,308800.0,,eae88654-7729-4bfa-9b93-3ae34d20c640,OrderRole.Standalone,OrderType.Market,_default,,PositionEffect.Close,,308800.0,False,,OrderSide.Sell,OrderStatus.Filled,605117.SH,,TimeInForce.GTC,,,,1625760000000000000,2021-07-08T16:00:00Z
,0.0,1628006400000000000,2021-08-03T16:00:00Z,0.0,,066d5dab-40dc-4fe2-a75f-5731654b7313,OrderRole.Standalone,OrderType.Market,_default,,PositionEffect.Close,,1652500.0,False,"Risk: Insufficient available position for 000001.SZ at execution. Available: 1652499.9999999999607425138488, Required: 1652500",OrderSide.Sell,OrderStatus.Rejected,000001.SZ,,TimeInForce.GTC,,,,1628092800000000000,2021-08-04T16:00:00Z
65.49444,106952.42052,1628006400000000000,2021-08-03T16:00:00Z,653200.0,,0c520170-7fe7-4dc6-a15a-cc875d5525d7,OrderRole.Standalone,OrderType.Market,_default,,PositionEffect.Close,,653200.0,False,,OrderSide.Sell,OrderStatus.Filled,600460.SH,,TimeInForce.GTC,,,,1628092800000000000,2021-08-04T16:00:00Z
202.797,68697.48375,1628006400000000000,2021-08-03T16:00:00Z,135500.0,,37d4fab1-b755-46ec-b50b-5e8eda415f14,OrderRole.Standalone,OrderType.Market,_default,,PositionEffect.Close,,135500.0,False,,OrderSide.Sell,OrderStatus.Filled,605499.SH,,TimeInForce.GTC,,,,1628092800000000000,2021-08-04T16:00:00Z
45.9459,61303.317075,1628006400000000000,2021-08-03T16:00:00Z,533700.0,,fc5bd2b1-5866-4145-b47e-7483b1208b32,OrderRole.Standalone,OrderType.Market,_default,,PositionEffect.Open,,533700.0,False,,OrderSide.Buy,OrderStatus.Filled,688599.SH,,TimeInForce.GTC,,,,1628092800000000000,2021-08-04T16:00:00Z
383.383,58849.2905,1628006400000000000,2021-08-03T16:00:00Z,61400.0,,dac92603-745d-4060-966d-bf1248e861c4,OrderRole.Standalone,OrderType.Market,_default,,PositionEffect.Open,,61400.0,False,,OrderSide.Buy,OrderStatus.Filled,002371.SZ,,TimeInForce.GTC,,,,1628092800000000000,2021-08-04T16:00:00Z
29.53951,58827.934165,1628006400000000000,2021-08-03T16:00:00Z,796600.0,,26ad31fe-13d6-42c3-9374-7c39071335c0,OrderRole.Standalone,OrderType.Market,_default,,PositionEffect.Open,,796600.0,False,,OrderSide.Buy,OrderStatus.Filled,002837.SZ,,TimeInForce.GTC,,,,1628092800000000000,2021-08-04T16:00:00Z
159.83968,60299.51928,1628006400000000000,2021-08-03T16:00:00Z,150900.0,,a0808208-5ffb-4f85-8a91-41018fd14af0,OrderRole.Standalone,OrderType.Market,_default,,PositionEffect.Open,,150900.0,False,,OrderSide.Buy,OrderStatus.Filled,300223.SZ,,TimeInForce.GTC,,,,1628092800000000000,2021-08-04T16:00:00Z
368.368,60688.628,1628006400000000000,2021-08-03T16:00:00Z,65900.0,,e419b0a4-2f95-4be1-97e6-3151a6f15073,OrderRole.Standalone,OrderType.Market,_default,,PositionEffect.Open,,65900.0,False,,OrderSide.Buy,OrderStatus.Filled,300661.SZ,,TimeInForce.GTC,,,,1628092800000000000,2021-08-04T16:00:00Z
2.7027,59932.3725,1628006400000000000,2021-08-03T16:00:00Z,8870000.0,,deb81db1-6a75-43a3-b49c-26aadb18ed84,OrderRole.Standalone,OrderType.Market,_default,,PositionEffect.Open,,8870000.0,False,,OrderSide.Buy,OrderStatus.Filled,600010.SH,,TimeInForce.GTC,,,,1628092800000000000,2021-08-04T16:00:00Z
47.1471,59075.3163,1628006400000000000,2021-08-03T16:00:00Z,501200.0,,504c9ab5-82fc-4a51-85b9-d42e5de682d9,OrderRole.Standalone,OrderType.Market,_default,,PositionEffect.Open,,501200.0,False,,OrderSide.Buy,OrderStatus.Filled,600111.SH,,TimeInForce.GTC,,,,1628092800000000000,2021-08-04T16:00:00Z
5.68568,59881.58176,1628006400000000000,2021-08-03T16:00:00Z,4212800.0,,1695b59e-84eb-4c93-93c3-d71abb69729c,OrderRole.Standalone,OrderType.Market,_default,,PositionEffect.Open,,4212800.0,False,,OrderSide.Buy,OrderStatus.Filled,601669.SH,,TimeInForce.GTC,,,,1628092800000000000,2021-08-04T16:00:00Z
,0.0,1628006400000000000,2021-08-03T16:00:00Z,0.0,,2e157c5b-5169-4e05-a457-d9ba4ba2766f,OrderRole.Standalone,OrderType.Market,_default,,PositionEffect.Open,,134100.0,False,"Risk: Insufficient margin at execution. Required: 24475534.35326999999999999999, Available: 21236272.99213776877679815295",OrderSide.Buy,OrderStatus.Rejected,605117.SH,,TimeInForce.GTC,,,,1628092800000000000,2021-08-04T16:00:00Z
,0.0,1630425600000000000,2021-08-31T16:00:00Z,0.0,,2d1ac5bf-04d7-468f-b915-678dbc9aa1d1,OrderRole.Standalone,OrderType.Market,_default,,PositionEffect.Close,,1652500.0,False,"Risk: Insufficient available position for 000001.SZ at execution. Available: 1652499.9999999999607425138488, Required: 1652500",OrderSide.Sell,OrderStatus.Rejected,000001.SZ,,TimeInForce.GTC,,,,1630512000000000000,2021-09-01T16:00:00Z
349.34031,53623.737585,1630425600000000000,2021-08-31T16:00:00Z,61400.0,,d593019d-c210-4ade-b4fe-6561f0a1e4d9,OrderRole.Standalone,OrderType.Market,_default,,PositionEffect.Close,,61400.0,False,,OrderSide.Sell,OrderStatus.Filled,002371.SZ,,TimeInForce.GTC,,,,1630512000000000000,2021-09-01T16:00:00Z
33.63633,66986.751195,1630425600000000000,2021-08-31T16:00:00Z,796600.0,,ee6172b3-8841-482b-a577-c94de774a941,OrderRole.Standalone,OrderType.Market,_default,,PositionEffect.Close,,796600.0,False,,OrderSide.Sell,OrderStatus.Filled,002837.SZ,,TimeInForce.GTC,,,,1630512000000000000,2021-09-01T16:00:00Z
139.86,52762.185,1630425600000000000,2021-08-31T16:00:00Z,150900.0,,90aa6e07-4af0-49b2-99bd-ac8f4c239a13,OrderRole.Standalone,OrderType.Market,_default,,PositionEffect.Close,,150900.0,False,,OrderSide.Sell,OrderStatus.Filled,300223.SZ,,TimeInForce.GTC,,,,1630512000000000000,2021-09-01T16:00:00Z
317.83185,52362.7972875,1630425600000000000,2021-08-31T16:00:00Z,65900.0,,6516ec99-8cc6-4bf8-8a61-cc00dfc37877,OrderRole.Standalone,OrderType.Market,_default,,PositionEffect.Close,,65900.0,False,,OrderSide.Sell,OrderStatus.Filled,300661.SZ,,TimeInForce.GTC,,,,1630512000000000000,2021-09-01T16:00:00Z
3.7962,11451.2373,1630425600000000000,2021-08-31T16:00:00Z,1206600.0,,e46b881b-752e-4b94-8051-8b90ad4f6ae3,OrderRole.Standalone,OrderType.Market,_default,,PositionEffect.Close,,1206600.0,False,,OrderSide.Sell,OrderStatus.Filled,600010.SH,,TimeInForce.GTC,,,,1630512000000000000,2021-09-01T16:00:00Z
52.947,66342.591,1630425600000000000,2021-08-31T16:00:00Z,501200.0,,f7d6130c-a267-4415-99c6-50d9dcd08fe6,OrderRole.Standalone,OrderType.Market,_default,,PositionEffect.Close,,501200.0,False,,OrderSide.Sell,OrderStatus.Filled,600111.SH,,TimeInForce.GTC,,,,1630512000000000000,2021-09-01T16:00:00Z
6.21378,65443.53096,1630425600000000000,2021-08-31T16:00:00Z,4212800.0,,6f5e19f0-3a6e-4985-8e42-5c7318f31695,OrderRole.Standalone,OrderType.Market,_default,,PositionEffect.Close,,4212800.0,False,,OrderSide.Sell,OrderStatus.Filled,601669.SH,,TimeInForce.GTC,,,,1630512000000000000,2021-09-01T16:00:00Z
56.5434,3647.0493,1630425600000000000,2021-08-31T16:00:00Z,25800.0,,69cb20a4-909a-4ed4-9317-452579907c89,OrderRole.Standalone,OrderType.Market,_default,,PositionEffect.Close,,25800.0,False,,OrderSide.Sell,OrderStatus.Filled,688599.SH,,TimeInForce.GTC,,,,1630512000000000000,2021-09-01T16:00:00Z
39.98995,72871.6863875,1630425600000000000,2021-08-31T16:00:00Z,728900.0,,dab1ec5d-0ef8-47dd-b887-0b162b8ab9e4,OrderRole.Standalone,OrderType.Market,_default,,PositionEffect.Open,,728900.0,False,,OrderSide.Buy,OrderStatus.Filled,000792.SZ,,TimeInForce.GTC,,,,1630512000000000000,2021-09-01T16:00:00Z
5.7057,71127.2562,1630425600000000000,2021-08-31T16:00:00Z,4986400.0,,0d6861a8-2227-48f9-b1dc-77356a8ea83a,OrderRole.Standalone,OrderType.Market,_default,,PositionEffect.Open,,4986400.0,False,,OrderSide.Buy,OrderStatus.Filled,600011.SH,,TimeInForce.GTC,,,,1630512000000000000,2021-09-01T16:00:00Z
24.76474,73495.557135,1630425600000000000,2021-08-31T16:00:00Z,1187100.0,,f65a1a8e-cb58-4912-827f-49670b751971,OrderRole.Standalone,OrderType.Market,_default,,PositionEffect.Open,,1187100.0,False,,OrderSide.Buy,OrderStatus.Filled,600089.SH,,TimeInForce.GTC,,,,1630512000000000000,2021-09-01T16:00:00Z
27.4274,75973.898,1630425600000000000,2021-08-31T16:00:00Z,1108000.0,,5bea2a71-35f0-4551-8769-b457dc880b39,OrderRole.Standalone,OrderType.Market,_default,,PositionEffect.Open,,1108000.0,False,,OrderSide.Buy,OrderStatus.Filled,600150.SH,,TimeInForce.GTC,,,,1630512000000000000,2021-09-01T16:00:00Z
,0.0,1630425600000000000,2021-08-31T16:00:00Z,0.0,,0b26191e-67ae-4778-8bb2-0989e7c96a72,OrderRole.Standalone,OrderType.Market,_default,,PositionEffect.Open,,131200.0,False,"Risk: Insufficient margin at execution. Required: 29112554.83136000000000000000, Available: 23681234.71254526878512571382",OrderSide.Buy,OrderStatus.Rejected,603260.SH,,TimeInForce.GTC,,,,1630512000000000000,2021-09-01T16:00:00Z
120.00989,71195.8672425,1630425600000000000,2021-08-31T16:00:00Z,237300.0,,8ce8df40-d144-48ba-8794-6c244ba35c50,OrderRole.Standalone,OrderType.Market,_default,,PositionEffect.Open,,237300.0,False,,OrderSide.Buy,OrderStatus.Filled,002466.SZ,,TimeInForce.GTC,,,,1630512000000000000,2021-09-01T16:00:00Z
3.8961,74643.43185,1630512000000000000,2021-09-01T16:00:00Z,7663400.0,,9ad019a4-91e6-4ee8-b1ff-25325e2adefd,OrderRole.Standalone,OrderType.Market,_default,,PositionEffect.Close,,7663400.0,False,,OrderSide.Sell,OrderStatus.Filled,600010.SH,,TimeInForce.GTC,,,,1630598400000000000,2021-09-02T16:00:00Z
60.81912,77225.07762,1630512000000000000,2021-09-01T16:00:00Z,507900.0,,c29c37fa-c863-4f79-9bd2-f37ffbaf413d,OrderRole.Standalone,OrderType.Market,_default,,PositionEffect.Close,,507900.0,False,,OrderSide.Sell,OrderStatus.Filled,688599.SH,,TimeInForce.GTC,,,,1630598400000000000,2021-09-02T16:00:00Z
,0.0,1633622400000000000,2021-10-07T16:00:00Z,0.0,,14e83f13-fc4b-4f6b-8aa2-7d77a0c9020e,OrderRole.Standalone,OrderType.Market,_default,,PositionEffect.Close,,1652500.0,False,"Risk: Insufficient available position for 000001.SZ at execution. Available: 1652499.9999999999607425138488, Required: 1652500",OrderSide.Sell,OrderStatus.Rejected,000001.SZ,,TimeInForce.GTC,,,,1633881600000000000,2021-10-10T16:00:00Z
29.13084,53083.67319,1633622400000000000,2021-10-07T16:00:00Z,728900.0,,d05394c4-1b12-4da0-96b1-b6b538931f26,OrderRole.Standalone,OrderType.Market,_default,,PositionEffect.Close,,728900.0,False,,OrderSide.Sell,OrderStatus.Filled,000792.SZ,,TimeInForce.GTC,,,,1633881600000000000,2021-10-10T16:00:00Z
96.5034,57250.64205,1633622400000000000,2021-10-07T16:00:00Z,237300.0,,49916ea6-5c2f-49a1-bf1c-d94711c5a0c4,OrderRole.Standalone,OrderType.Market,_default,,PositionEffect.Close,,237300.0,False,,OrderSide.Sell,OrderStatus.Filled,002466.SZ,,TimeInForce.GTC,,,,1633881600000000000,2021-10-10T16:00:00Z
7.65234,95394.07044,1633622400000000000,2021-10-07T16:00:00Z,4986400.0,,c270ca2b-c693-4d78-97a9-9991d540d382,OrderRole.Standalone,OrderType.Market,_default,,PositionEffect.Close,,4986400.0,False,,OrderSide.Sell,OrderStatus.Filled,600011.SH,,TimeInForce.GTC,,,,1633881600000000000,2021-10-10T16:00:00Z
21.83814,64810.139985,1633622400000000000,2021-10-07T16:00:00Z,1187100.0,,7469f8a9-a2dd-4a88-b39d-9cb655d92685,OrderRole.Standalone,OrderType.Market,_default,,PositionEffect.Close,,1187100.0,False,,OrderSide.Sell,OrderStatus.Filled,600089.SH,,TimeInForce.GTC,,,,1633881600000000000,2021-10-10T16:00:00Z
24.5754,68073.858,1633622400000000000,2021-10-07T16:00:00Z,1108000.0,,349f8490-79c9-4253-833c-05b198cf3552,OrderRole.Standalone,OrderType.Market,_default,,PositionEffect.Close,,1108000.0,False,,OrderSide.Sell,OrderStatus.Filled,600150.SH,,TimeInForce.GTC,,,,1633881600000000000,2021-10-10T16:00:00Z
56.056,94188.094,1633622400000000000,2021-10-07T16:00:00Z,672100.0,,94c855b3-a924-4d5e-ac19-cb4674605a76,OrderRole.Standalone,OrderType.Market,_default,,PositionEffect.Open,,672100.0,False,,OrderSide.Buy,OrderStatus.Filled,688981.SH,,TimeInForce.GTC,,,,1633881600000000000,2021-10-10T16:00:00Z
6.44644,93225.19206,1633622400000000000,2021-10-07T16:00:00Z,5784600.0,,9fef8c18-ebb4-4283-b285-de6f824ecf76,OrderRole.Standalone,OrderType.Market,_default,,PositionEffect.Open,,5784600.0,False,,OrderSide.Buy,OrderStatus.Filled,000100.SZ,,TimeInForce.GTC,,,,1633881600000000000,2021-10-10T16:00:00Z
5.51551,93803.6574475,1633622400000000000,2021-10-07T16:00:00Z,6802900.0,,2aec9721-994a-42b0-8163-ec7cd6e0dcf1,OrderRole.Standalone,OrderType.Market,_default,,PositionEffect.Open,,6802900.0,False,,OrderSide.Buy,OrderStatus.Filled,000166.SZ,,TimeInForce.GTC,,,,1633881600000000000,2021-10-10T16:00:00Z
5.27527,93097.96496,1633622400000000000,2021-10-07T16:00:00Z,7059200.0,,d1cab95d-ab92-46f2-a42e-e52033ab6fea,OrderRole.Standalone,OrderType.Market,_default,,PositionEffect.Open,,7059200.0,False,,OrderSide.Buy,OrderStatus.Filled,000725.SZ,,TimeInForce.GTC,,,,1633881600000000000,2021-10-10T16:00:00Z
30.03,94399.305,1633622400000000000,2021-10-07T16:00:00Z,1257400.0,,b178ff6a-6ee7-46c5-9e2f-6d77daaab0b0,OrderRole.Standalone,OrderType.Market,_default,,PositionEffect.Open,,1257400.0,False,,OrderSide.Buy,OrderStatus.Filled,000768.SZ,,TimeInForce.GTC,,,,1633881600000000000,2021-10-10T16:00:00Z
,0.0,1633622400000000000,2021-10-07T16:00:00Z,0.0,,660e06e7-22d0-4c0f-baf4-c723a57f28c9,OrderRole.Standalone,OrderType.Market,_default,,PositionEffect.Open,,2514000.0,False,"Risk: Insufficient margin at execution. Required: 37640254.85220000000000000000, Available: 31428711.47294276878512571382",OrderSide.Buy,OrderStatus.Rejected,000876.SZ,,TimeInForce.GTC,,,,1633881600000000000,2021-10-10T16:00:00Z
,0.0,1636041600000000000,2021-11-04T16:00:00Z,0.0,,01e9ab84-a5fb-4e6a-add4-554089de2bb9,OrderRole.Standalone,OrderType.Market,_default,,PositionEffect.Close,,1652500.0,False,"Risk: Insufficient available position for 000001.SZ at execution. Available: 1652499.9999999999607425138488, Required: 1652500",OrderSide.Sell,OrderStatus.Rejected,000001.SZ,,TimeInForce.GTC,,,,1636300800000000000,2021-11-07T16:00:00Z
6.18381,89427.168315,1636041600000000000,2021-11-04T16:00:00Z,5784600.0,,2061d25c-78ef-44ba-9a13-5ce33d9c2f1a,OrderRole.Standalone,OrderType.Market,_default,,PositionEffect.Close,,5784600.0,False,,OrderSide.Sell,OrderStatus.Filled,000100.SZ,,TimeInForce.GTC,,,,1636300800000000000,2021-11-07T16:00:00Z
5.30469,90218.1890025,1636041600000000000,2021-11-04T16:00:00Z,6802900.0,,88e6c783-3479-4fc9-92ea-42ce7e45b2f0,OrderRole.Standalone,OrderType.Market,_default,,PositionEffect.Close,,6802900.0,False,,OrderSide.Sell,OrderStatus.Filled,000166.SZ,,TimeInForce.GTC,,,,1636300800000000000,2021-11-07T16:00:00Z
4.995,88151.76,1636041600000000000,2021-11-04T16:00:00Z,7059200.0,,1e18f0f4-5a88-4682-b6a5-9d21265643e9,OrderRole.Standalone,OrderType.Market,_default,,PositionEffect.Close,,7059200.0,False,,OrderSide.Sell,OrderStatus.Filled,000725.SZ,,TimeInForce.GTC,,,,1636300800000000000,2021-11-07T16:00:00Z
31.968,100491.408,1636041600000000000,2021-11-04T16:00:00Z,1257400.0,,ecca2073-c60a-4954-957c-7998bfe19427,OrderRole.Standalone,OrderType.Market,_default,,PositionEffect.Close,,1257400.0,False,,OrderSide.Sell,OrderStatus.Filled,000768.SZ,,TimeInForce.GTC,,,,1636300800000000000,2021-11-07T16:00:00Z
56.48346,94906.333665,1636041600000000000,2021-11-04T16:00:00Z,672100.0,,427ffbfe-fd12-4df8-a681-bbfe51815e85,OrderRole.Standalone,OrderType.Market,_default,,PositionEffect.Close,,672100.0,False,,OrderSide.Sell,OrderStatus.Filled,688981.SH,,TimeInForce.GTC,,,,1636300800000000000,2021-11-07T16:00:00Z
18.39838,114856.486745,1636041600000000000,2021-11-04T16:00:00Z,2497100.0,,6dadb969-0523-4cbd-af3e-1f0a0400d3c4,OrderRole.Standalone,OrderType.Market,_default,,PositionEffect.Open,,2497100.0,False,,OrderSide.Buy,OrderStatus.Filled,000002.SZ,,TimeInForce.GTC,,,,1636300800000000000,2021-11-07T16:00:00Z
21.3213,110321.736525,1636041600000000000,2021-11-04T16:00:00Z,2069700.0,,045f5387-2bd2-4def-8346-88e31df04854,OrderRole.Standalone,OrderType.Market,_default,,PositionEffect.Open,,2069700.0,False,,OrderSide.Buy,OrderStatus.Filled,000301.SZ,,TimeInForce.GTC,,,,1636300800000000000,2021-11-07T16:00:00Z
36.04601,110282.767595,1636041600000000000,2021-11-04T16:00:00Z,1223800.0,,2517d074-be96-4888-bc77-021db3abe381,OrderRole.Standalone,OrderType.Market,_default,,PositionEffect.Open,,1223800.0,False,,OrderSide.Buy,OrderStatus.Filled,000651.SZ,,TimeInForce.GTC,,,,1636300800000000000,2021-11-07T16:00:00Z
10.8108,112505.2929,1636041600000000000,2021-11-04T16:00:00Z,4162700.0,,0a1468e9-ab19-49ea-9e47-1dd739f7321b,OrderRole.Standalone,OrderType.Market,_default,,PositionEffect.Open,,4162700.0,False,,OrderSide.Buy,OrderStatus.Filled,000807.SZ,,TimeInForce.GTC,,,,1636300800000000000,2021-11-07T16:00:00Z
,0.0,1636041600000000000,2021-11-04T16:00:00Z,0.0,,9c1388a6-260f-4373-87ab-0f159ae44783,OrderRole.Standalone,OrderType.Market,_default,,PositionEffect.Open,,9447800.0,False,"Risk: Insufficient margin at execution. Required: 44749805.14004000000000000000, Available: 36608980.41719526878512571382",OrderSide.Buy,OrderStatus.Rejected,600018.SH,,TimeInForce.GTC,,,,1636300800000000000,2021-11-07T16:00:00Z
,0.0,1638460800000000000,2021-12-02T16:00:00Z,0.0,,339f3664-638c-4f9a-94c5-d8a48a091b5b,OrderRole.Standalone,OrderType.Market,_default,,PositionEffect.Close,,1652500.0,False,"Risk: Insufficient available position for 000001.SZ at execution. Available: 1652499.9999999999607425138488, Required: 1652500",OrderSide.Sell,OrderStatus.Rejected,000001.SZ,,TimeInForce.GTC,,,,1638720000000000000,2021-12-05T16:00:00Z
19.5804,122235.5421,1638460800000000000,2021-12-02T16:00:00Z,2497100.0,,dde03f56-a7f1-4ec2-9257-9645b25731d0,OrderRole.Standalone,OrderType.Market,_default,,PositionEffect.Close,,2497100.0,False,,OrderSide.Sell,OrderStatus.Filled,000002.SZ,,TimeInForce.GTC,,,,1638720000000000000,2021-12-05T16:00:00Z
23.4765,121473.280125,1638460800000000000,2021-12-02T16:00:00Z,2069700.0,,5ff3dbe4-dd63-402b-8201-773be635710b,OrderRole.Standalone,OrderType.Market,_default,,PositionEffect.Close,,2069700.0,False,,OrderSide.Sell,OrderStatus.Filled,000301.SZ,,TimeInForce.GTC,,,,1638720000000000000,2021-12-05T16:00:00Z
34.8651,106669.77345,1638460800000000000,2021-12-02T16:00:00Z,1223800.0,,3b578fae-f0e6-4cd2-a499-2a001c76232e,OrderRole.Standalone,OrderType.Market,_default,,PositionEffect.Close,,1223800.0,False,,OrderSide.Sell,OrderStatus.Filled,000651.SZ,,TimeInForce.GTC,,,,1638720000000000000,2021-12-05T16:00:00Z
11.10888,115607.33694,1638460800000000000,2021-12-02T16:00:00Z,4162700.0,,91b8e26f-c486-459d-bc4a-a0e6a42ddc08,OrderRole.Standalone,OrderType.Market,_default,,PositionEffect.Close,,4162700.0,False,,OrderSide.Sell,OrderStatus.Filled,000807.SZ,,TimeInForce.GTC,,,,1638720000000000000,2021-12-05T16:00:00Z
35.99596,112469.37702,1638460800000000000,2021-12-02T16:00:00Z,1249800.0,,ed72be66-3e44-486f-b29c-932e7ad1fcc6,OrderRole.Standalone,OrderType.Market,_default,,PositionEffect.Open,,1249800.0,False,,OrderSide.Buy,OrderStatus.Filled,300394.SZ,,TimeInForce.GTC,,,,1638720000000000000,2021-12-05T16:00:00Z
370.65028,112585.02255,1638460800000000000,2021-12-02T16:00:00Z,121500.0,,c2461b2a-3e47-4d33-a96f-71d2f07fd11c,OrderRole.Standalone,OrderType.Market,_default,,PositionEffect.Open,,121500.0,False,,OrderSide.Buy,OrderStatus.Filled,300782.SZ,,TimeInForce.GTC,,,,1638720000000000000,2021-12-05T16:00:00Z
36.85682,114689.209635,1638460800000000000,2021-12-02T16:00:00Z,1244700.0,,9a1b5f41-4120-4f31-bc45-232c96456853,OrderRole.Standalone,OrderType.Market,_default,,PositionEffect.Open,,1244700.0,False,,OrderSide.Buy,OrderStatus.Filled,300803.SZ,,TimeInForce.GTC,,,,1638720000000000000,2021-12-05T16:00:00Z
43.90386,113019.511605,1638460800000000000,2021-12-02T16:00:00Z,1029700.0,,450cbb24-fa78-4eca-8ac9-0bf2150323c9,OrderRole.Standalone,OrderType.Market,_default,,PositionEffect.Open,,1029700.0,False,,OrderSide.Buy,OrderStatus.Filled,300832.SZ,,TimeInForce.GTC,,,,1638720000000000000,2021-12-05T16:00:00Z
,0.0,1638460800000000000,2021-12-02T16:00:00Z,0.0,,c2f2c501-8324-4268-867d-81281c6363fc,OrderRole.Standalone,OrderType.Market,_default,,PositionEffect.Open,,81500.0,False,"Risk: Insufficient margin at execution. Required: 45472712.28500000000000000000, Available: 40979356.08577026879137138447",OrderSide.Buy,OrderStatus.Rejected,300896.SZ,,TimeInForce.GTC,,,,1638720000000000000,2021-12-05T16:00:00Z
36.01395,112525.586775,1640880000000000000,2021-12-30T16:00:00Z,1249800.0,,193a259f-2e75-4074-a269-d31c3dd04d56,OrderRole.Standalone,OrderType.Market,_default,,PositionEffect.Close,,1249800.0,False,,OrderSide.Sell,OrderStatus.Filled,300394.SZ,,TimeInForce.GTC,,,,1641225600000000000,2022-01-03T16:00:00Z
323.9757,98407.618875,1640880000000000000,2021-12-30T16:00:00Z,121500.0,,d5dbb716-f760-4278-8171-3895dd89c5f8,OrderRole.Standalone,OrderType.Market,_default,,PositionEffect.Close,,121500.0,False,,OrderSide.Sell,OrderStatus.Filled,300782.SZ,,TimeInForce.GTC,,,,1641225600000000000,2022-01-03T16:00:00Z
39.53043,123008.8155525,1640880000000000000,2021-12-30T16:00:00Z,1244700.0,,da569b2c-a63b-4947-b15e-9600d90e80c3,OrderRole.Standalone,OrderType.Market,_default,,PositionEffect.Close,,1244700.0,False,,OrderSide.Sell,OrderStatus.Filled,300803.SZ,,TimeInForce.GTC,,,,1641225600000000000,2022-01-03T16:00:00Z
44.01594,113308.033545,1640880000000000000,2021-12-30T16:00:00Z,1029700.0,,99128bd5-edcb-4b71-933d-350a87c7a668,OrderRole.Standalone,OrderType.Market,_default,,PositionEffect.Close,,1029700.0,False,,OrderSide.Sell,OrderStatus.Filled,300832.SZ,,TimeInForce.GTC,,,,1641225600000000000,2022-01-03T16:00:00Z
127.23711,112286.749575,1640880000000000000,2021-12-30T16:00:00Z,353000.0,,73059202-7479-4184-b8d6-5f51b211761c,OrderRole.Standalone,OrderType.Market,_default,,PositionEffect.Open,,353000.0,False,,OrderSide.Buy,OrderStatus.Filled,688012.SH,,TimeInForce.GTC,,,,1641225600000000000,2022-01-03T16:00:00Z
19.36935,111911.2619625,1640880000000000000,2021-12-30T16:00:00Z,2311100.0,,9b697256-2c0e-43a9-a2e9-243e4eb17374,OrderRole.Standalone,OrderType.Market,_default,,PositionEffect.Open,,2311100.0,False,,OrderSide.Buy,OrderStatus.Filled,000301.SZ,,TimeInForce.GTC,,,,1641225600000000000,2022-01-03T16:00:00Z
52.20215,113813.7375375,1640880000000000000,2021-12-30T16:00:00Z,872100.0,,01571b84-a18f-469d-80ee-6f91d10a5ccb,OrderRole.Standalone,OrderType.Market,_default,,PositionEffect.Open,,872100.0,False,,OrderSide.Buy,OrderStatus.Filled,002074.SZ,,TimeInForce.GTC,,,,1641225600000000000,2022-01-03T16:00:00Z
165.165,112023.16125,1640880000000000000,2021-12-30T16:00:00Z,271300.0,,147214e3-b2be-4b8e-954f-b021a7f27a8b,OrderRole.Standalone,OrderType.Market,_default,,PositionEffect.Open,,271300.0,False,,OrderSide.Buy,OrderStatus.Filled,002304.SZ,,TimeInForce.GTC,,,,1641225600000000000,2022-01-03T16:00:00Z
16.49648,43699.17552,1640880000000000000,2021-12-30T16:00:00Z,1059600.0,,6feaf626-dec0-465e-acfa-7fa17c278943,OrderRole.Standalone,OrderType.Market,_default,,PositionEffect.Open,,1059600.0,False,,OrderSide.Buy,OrderStatus.Filled,000001.SZ,,TimeInForce.GTC,,,,1641225600000000000,2022-01-03T16:00:00Z
,0.0,1644163200000000000,2022-02-06T16:00:00Z,0.0,,0c058786-fd05-40bd-89f8-11e8f5e7e534,OrderRole.Standalone,OrderType.Market,_default,,PositionEffect.Close,,2712100.0,False,"Risk: Insufficient available position for 000001.SZ at execution. Available: 2712099.9999999999607425138488, Required: 2712100",OrderSide.Sell,OrderStatus.Rejected,000001.SZ,,TimeInForce.GTC,,,,1644249600000000000,2022-02-07T16:00:00Z
17.69229,102221.6285475,1644163200000000000,2022-02-06T16:00:00Z,2311100.0,,d790dbfe-c450-4480-8ede-2d50189e10f9,OrderRole.Standalone,OrderType.Market,_default,,PositionEffect.Close,,2311100.0,False,,OrderSide.Sell,OrderStatus.Filled,000301.SZ,,TimeInForce.GTC,,,,1644249600000000000,2022-02-07T16:00:00Z
40.48947,88277.1669675,1644163200000000000,2022-02-06T16:00:00Z,872100.0,,bccf0eb7-8cd8-4cca-9580-8c6c19d1aa4c,OrderRole.Standalone,OrderType.Market,_default,,PositionEffect.Close,,872100.0,False,,OrderSide.Sell,OrderStatus.Filled,002074.SZ,,TimeInForce.GTC,,,,1644249600000000000,2022-02-07T16:00:00Z
162.837,110444.19525,1644163200000000000,2022-02-06T16:00:00Z,271300.0,,3eda37cd-1944-4be9-8bdc-8a1084a53a3c,OrderRole.Standalone,OrderType.Market,_default,,PositionEffect.Close,,271300.0,False,,OrderSide.Sell,OrderStatus.Filled,002304.SZ,,TimeInForce.GTC,,,,1644249600000000000,2022-02-07T16:00:00Z
118.9809,105000.64425,1644163200000000000,2022-02-06T16:00:00Z,353000.0,,6cee28de-b32e-4334-be9e-0d61c8023239,OrderRole.Standalone,OrderType.Market,_default,,PositionEffect.Close,,353000.0,False,,OrderSide.Sell,OrderStatus.Filled,688012.SH,,TimeInForce.GTC,,,,1644249600000000000,2022-02-07T16:00:00Z
8.53853,103094.21122,1644163200000000000,2022-02-06T16:00:00Z,4829600.0,,af44736b-867c-46c5-8e82-4011160149bf,OrderRole.Standalone,OrderType.Market,_default,,PositionEffect.Open,,4829600.0,False,,OrderSide.Buy,OrderStatus.Filled,600000.SH,,TimeInForce.GTC,,,,1644249600000000000,2022-02-07T16:00:00Z
3.92392,102972.48962,1644163200000000000,2022-02-06T16:00:00Z,10496900.0,,bd8a861d-b565-4682-a597-50e4ca0b9a8c,OrderRole.Standalone,OrderType.Market,_default,,PositionEffect.Open,,10496900.0,False,,OrderSide.Buy,OrderStatus.Filled,601077.SH,,TimeInForce.GTC,,,,1644249600000000000,2022-02-07T16:00:00Z
4.57457,102972.4270575,1644163200000000000,2022-02-06T16:00:00Z,9003900.0,,a3452a66-c537-481a-bd64-219dc47e1810,OrderRole.Standalone,OrderType.Market,_default,,PositionEffect.Open,,9003900.0,False,,OrderSide.Buy,OrderStatus.Filled,601169.SH,,TimeInForce.GTC,,,,1644249600000000000,2022-02-07T16:00:00Z
3.003,102972.87,1644163200000000000,2022-02-06T16:00:00Z,13716000.0,,21272682-e6ea-444f-9e42-9d4a33f53d86,OrderRole.Standalone,OrderType.Market,_default,,PositionEffect.Open,,13716000.0,False,,OrderSide.Buy,OrderStatus.Filled,601288.SH,,TimeInForce.GTC,,,,1644249600000000000,2022-02-07T16:00:00Z
,0.0,1644163200000000000,2022-02-06T16:00:00Z,0.0,,2f477d04-94df-4144-bd3a-4bc2012a56d5,OrderRole.Standalone,OrderType.Market,_default,,PositionEffect.Open,,11892500.0,False,"Risk: Insufficient margin at execution. Required: 41292171.04512500000000000002, Available: 18199458.72026526879137138448",OrderSide.Buy,OrderStatus.Rejected,601916.SH,,TimeInForce.GTC,,,,1644249600000000000,2022-02-07T16:00:00Z
,0.0,1646582400000000000,2022-03-06T16:00:00Z,0.0,,8fb031ff-874f-4ea9-9e5f-66fe408ed010,OrderRole.Standalone,OrderType.Market,_default,,PositionEffect.Close,,2712100.0,False,"Risk: Insufficient available position for 000001.SZ at execution. Available: 2712099.9999999999607425138488, Required: 2712100",OrderSide.Sell,OrderStatus.Rejected,000001.SZ,,TimeInForce.GTC,,,,1646668800000000000,2022-03-07T16:00:00Z
8.28171,99993.36654,1646582400000000000,2022-03-06T16:00:00Z,4829600.0,,74eccf89-8a87-4f12-b219-93b0570b9ca5,OrderRole.Standalone,OrderType.Market,_default,,PositionEffect.Close,,4829600.0,False,,OrderSide.Sell,OrderStatus.Filled,600000.SH,,TimeInForce.GTC,,,,1646668800000000000,2022-03-07T16:00:00Z
3.93606,103291.070535,1646582400000000000,2022-03-06T16:00:00Z,10496900.0,,a6c97be4-e383-4820-8ecb-4506adc72108,OrderRole.Standalone,OrderType.Market,_default,,PositionEffect.Close,,10496900.0,False,,OrderSide.Sell,OrderStatus.Filled,601077.SH,,TimeInForce.GTC,,,,1646668800000000000,2022-03-07T16:00:00Z
4.50549,101417.4535275,1646582400000000000,2022-03-06T16:00:00Z,9003900.0,,55d48e85-5aec-4a79-8d7c-b3501f4e1282,OrderRole.Standalone,OrderType.Market,_default,,PositionEffect.Close,,9003900.0,False,,OrderSide.Sell,OrderStatus.Filled,601169.SH,,TimeInForce.GTC,,,,1646668800000000000,2022-03-07T16:00:00Z
2.96703,101739.4587,1646582400000000000,2022-03-06T16:00:00Z,13716000.0,,74958cf9-1677-4b99-a8cc-bb7678006d87,OrderRole.Standalone,OrderType.Market,_default,,PositionEffect.Close,,13716000.0,False,,OrderSide.Sell,OrderStatus.Filled,601288.SH,,TimeInForce.GTC,,,,1646668800000000000,2022-03-07T16:00:00Z
6.9069,94094.425425,1646582400000000000,2022-03-06T16:00:00Z,5449300.0,,08331559-8552-4032-9439-8759d8f9d118,OrderRole.Standalone,OrderType.Market,_default,,PositionEffect.Open,,5449300.0,False,,OrderSide.Buy,OrderStatus.Filled,601600.SH,,TimeInForce.GTC,,,,1646668800000000000,2022-03-07T16:00:00Z
7.63763,97755.9357775,1646582400000000000,2022-03-06T16:00:00Z,5119700.0,,1e659dcc-62e7-4828-8745-7eb246e4e58d,OrderRole.Standalone,OrderType.Market,_default,,PositionEffect.Open,,5119700.0,False,,OrderSide.Buy,OrderStatus.Filled,601898.SH,,TimeInForce.GTC,,,,1646668800000000000,2022-03-07T16:00:00Z
37.4374,98151.50345,1646582400000000000,2022-03-06T16:00:00Z,1048700.0,,680e64ff-287b-467d-bc79-38d96899dc24,OrderRole.Standalone,OrderType.Market,_default,,PositionEffect.Open,,1048700.0,False,,OrderSide.Buy,OrderStatus.Filled,000408.SZ,,TimeInForce.GTC,,,,1646668800000000000,2022-03-07T16:00:00Z
15.5155,93740.772125,1646582400000000000,2022-03-06T16:00:00Z,2416700.0,,278c7420-d40e-485c-9567-4ec729f79710,OrderRole.Standalone,OrderType.Market,_default,,PositionEffect.Open,,2416700.0,False,,OrderSide.Buy,OrderStatus.Filled,000807.SZ,,TimeInForce.GTC,,,,1646668800000000000,2022-03-07T16:00:00Z
,0.0,1646582400000000000,2022-03-06T16:00:00Z,0.0,,f1bd6852-49eb-48a3-b7b6-236b89baa529,OrderRole.Standalone,OrderType.Market,_default,,PositionEffect.Open,,1133300.0,False,"Risk: Insufficient margin at execution. Required: 39235793.72212500000000000000, Available: 26488759.74418526879137138447",OrderSide.Buy,OrderStatus.Rejected,600188.SH,,TimeInForce.GTC,,,,1646668800000000000,2022-03-07T16:00:00Z
,0.0,1649174400000000000,2022-04-05T16:00:00Z,0.0,,bfaa1351-5ba8-441b-917f-b3d778ecc858,OrderRole.Standalone,OrderType.Market,_default,,PositionEffect.Close,,2712100.0,False,"Risk: Insufficient available position for 000001.SZ at execution. Available: 2712099.9999999999607425138488, Required: 2712100",OrderSide.Sell,OrderStatus.Rejected,000001.SZ,,TimeInForce.GTC,,,,1649260800000000000,2022-04-06T16:00:00Z
29.89008,78364.31724,1649174400000000000,2022-04-05T16:00:00Z,1048700.0,,85cd9be0-9050-4d60-bb9b-5cbee3b7c79b,OrderRole.Standalone,OrderType.Market,_default,,PositionEffect.Close,,1048700.0,False,,OrderSide.Sell,OrderStatus.Filled,000408.SZ,,TimeInForce.GTC,,,,1649260800000000000,2022-04-06T16:00:00Z
13.0869,79067.778075,1649174400000000000,2022-04-05T16:00:00Z,2416700.0,,21f9dc75-aca9-4a59-ad7c-a5916ef09f8c,OrderRole.Standalone,OrderType.Market,_default,,PositionEffect.Close,,2416700.0,False,,OrderSide.Sell,OrderStatus.Filled,000807.SZ,,TimeInForce.GTC,,,,1649260800000000000,2022-04-06T16:00:00Z
5.82417,79344.1239525,1649174400000000000,2022-04-05T16:00:00Z,5449300.0,,28f5f2cf-2f29-48a4-a948-df00a1319b49,OrderRole.Standalone,OrderType.Market,_default,,PositionEffect.Close,,5449300.0,False,,OrderSide.Sell,OrderStatus.Filled,601600.SH,,TimeInForce.GTC,,,,1649260800000000000,2022-04-06T16:00:00Z
7.92207,101396.5544475,1649174400000000000,2022-04-05T16:00:00Z,5119700.0,,9149c198-9a3b-4be3-b2d5-b784b3a86c57,OrderRole.Standalone,OrderType.Market,_default,,PositionEffect.Close,,5119700.0,False,,OrderSide.Sell,OrderStatus.Filled,601898.SH,,TimeInForce.GTC,,,,1649260800000000000,2022-04-06T16:00:00Z
20.9209,92229.78765,1649174400000000000,2022-04-05T16:00:00Z,1763400.0,,53123141-b1e8-4079-8d11-bb12d08a5beb,OrderRole.Standalone,OrderType.Market,_default,,PositionEffect.Open,,1763400.0,False,,OrderSide.Buy,OrderStatus.Filled,000002.SZ,,TimeInForce.GTC,,,,1649260800000000000,2022-04-06T16:00:00Z
11.80179,93245.94279,1649174400000000000,2022-04-05T16:00:00Z,3160400.0,,83449a19-1716-4d9a-9aaa-dd4694bf38da,OrderRole.Standalone,OrderType.Market,_default,,PositionEffect.Open,,3160400.0,False,,OrderSide.Buy,OrderStatus.Filled,000983.SZ,,TimeInForce.GTC,,,,1649260800000000000,2022-04-06T16:00:00Z
34.38435,92717.399775,1649174400000000000,2022-04-05T16:00:00Z,1078600.0,,61700c6a-a273-4c47-aaec-7114a23caf2d,OrderRole.Standalone,OrderType.Market,_default,,PositionEffect.Open,,1078600.0,False,,OrderSide.Buy,OrderStatus.Filled,002603.SZ,,TimeInForce.GTC,,,,1649260800000000000,2022-04-06T16:00:00Z
38.02799,93121.0405125,1649174400000000000,2022-04-05T16:00:00Z,979500.0,,223a87de-6661-43d0-88e6-a2f7bfb5bc04,OrderRole.Standalone,OrderType.Market,_default,,PositionEffect.Open,,979500.0,False,,OrderSide.Buy,OrderStatus.Filled,600111.SH,,TimeInForce.GTC,,,,1649260800000000000,2022-04-06T16:00:00Z
,0.0,1649174400000000000,2022-04-05T16:00:00Z,0.0,,2d5afffe-a137-4624-832c-0ecafdb0d013,OrderRole.Standalone,OrderType.Market,_default,,PositionEffect.Open,,1014600.0,False,"Risk: Insufficient margin at execution. Required: 37213515.41407500000000000000, Available: 12522713.99474276879137138447",OrderSide.Buy,OrderStatus.Rejected,600188.SH,,TimeInForce.GTC,,,,1649260800000000000,2022-04-06T16:00:00Z
14.4855,14731.7535,1652025600000000000,2022-05-08T16:00:00Z,406800.0,,0dae7608-91e1-417c-b07d-334a4e1e5890,OrderRole.Standalone,OrderType.Market,_default,,PositionEffect.Close,,406800.0,False,,OrderSide.Sell,OrderStatus.Filled,000001.SZ,,TimeInForce.GTC,,,,1652112000000000000,2022-05-09T16:00:00Z
18.22176,80330.62896,1652025600000000000,2022-05-08T16:00:00Z,1763400.0,,71db57f0-81ef-4648-a19a-3a0614acbb63,OrderRole.Standalone,OrderType.Market,_default,,PositionEffect.Close,,1763400.0,False,,OrderSide.Sell,OrderStatus.Filled,000002.SZ,,TimeInForce.GTC,,,,1652112000000000000,2022-05-09T16:00:00Z
12.37761,97795.49661,1652025600000000000,2022-05-08T16:00:00Z,3160400.0,,d4d98785-48f7-4f31-9d5b-b794c43dbb77,OrderRole.Standalone,OrderType.Market,_default,,PositionEffect.Close,,3160400.0,False,,OrderSide.Sell,OrderStatus.Filled,000983.SZ,,TimeInForce.GTC,,,,1652112000000000000,2022-05-09T16:00:00Z
26.45352,71331.91668,1652025600000000000,2022-05-08T16:00:00Z,1078600.0,,227628ad-cfd7-48f5-bb4c-e0fc4f605422,OrderRole.Standalone,OrderType.Market,_default,,PositionEffect.Close,,1078600.0,False,,OrderSide.Sell,OrderStatus.Filled,002603.SZ,,TimeInForce.GTC,,,,1652112000000000000,2022-05-09T16:00:00Z
31.30866,76667.081175,1652025600000000000,2022-05-08T16:00:00Z,979500.0,,dff3576e-16fe-40e4-a5b2-1beb9e41a114,OrderRole.Standalone,OrderType.Market,_default,,PositionEffect.Close,,979500.0,False,,OrderSide.Sell,OrderStatus.Filled,600111.SH,,TimeInForce.GTC,,,,1652112000000000000,2022-05-09T16:00:00Z
3.06306,83662.123545,1652025600000000000,2022-05-08T16:00:00Z,10925300.0,,e9ee0ea2-10e5-4d9b-b789-c709cd650da4,OrderRole.Standalone,OrderType.Market,_default,,PositionEffect.Open,,10925300.0,False,,OrderSide.Buy,OrderStatus.Filled,601288.SH,,TimeInForce.GTC,,,,1652112000000000000,2022-05-09T16:00:00Z
3.18318,83672.273685,1652025600000000000,2022-05-08T16:00:00Z,10514300.0,,20c34c26-10cb-4c56-b544-39d342ddae6e,OrderRole.Standalone,OrderType.Market,_default,,PositionEffect.Open,,10514300.0,False,,OrderSide.Buy,OrderStatus.Filled,601988.SH,,TimeInForce.GTC,,,,1652112000000000000,2022-05-09T16:00:00Z
151.151,81848.2665,1652025600000000000,2022-05-08T16:00:00Z,216600.0,,df8b0d13-aca9-4be6-9b06-f5f47e6134af,OrderRole.Standalone,OrderType.Market,_default,,PositionEffect.Open,,216600.0,False,,OrderSide.Buy,OrderStatus.Filled,000858.SZ,,TimeInForce.GTC,,,,1652112000000000000,2022-05-09T16:00:00Z
359.6593,81822.49075,1652025600000000000,2022-05-08T16:00:00Z,91000.0,,a9da5328-278d-49cd-9448-f896b730f0c9,OrderRole.Standalone,OrderType.Market,_default,,PositionEffect.Open,,91000.0,False,,OrderSide.Buy,OrderStatus.Filled,300750.SZ,,TimeInForce.GTC,,,,1652112000000000000,2022-05-09T16:00:00Z
,0.0,1654531200000000000,2022-06-06T16:00:00Z,0.0,,f8339a7f-eeb8-440a-a984-75d81166518a,OrderRole.Standalone,OrderType.Market,_default,,PositionEffect.Close,,2305300.0,False,"Risk: Insufficient available position for 000001.SZ at execution. Available: 2305299.9999999999607425138488, Required: 2305300",OrderSide.Sell,OrderStatus.Rejected,000001.SZ,,TimeInForce.GTC,,,,1654617600000000000,2022-06-07T16:00:00Z
174.1257,94289.06655,1654531200000000000,2022-06-06T16:00:00Z,216600.0,,72d49fd4-50d1-436b-8648-e77f2946e1b2,OrderRole.Standalone,OrderType.Market,_default,,PositionEffect.Close,,216600.0,False,,OrderSide.Sell,OrderStatus.Filled,000858.SZ,,TimeInForce.GTC,,,,1654617600000000000,2022-06-07T16:00:00Z
455.544,103636.26,1654531200000000000,2022-06-06T16:00:00Z,91000.0,,b043d008-cda9-4c15-893c-bca3ec0ff2b7,OrderRole.Standalone,OrderType.Market,_default,,PositionEffect.Close,,91000.0,False,,OrderSide.Sell,OrderStatus.Filled,300750.SZ,,TimeInForce.GTC,,,,1654617600000000000,2022-06-07T16:00:00Z
2.997,81857.81025,1654531200000000000,2022-06-06T16:00:00Z,10925300.0,,dae5c35d-de67-468a-bd85-cbdd79310b16,OrderRole.Standalone,OrderType.Market,_default,,PositionEffect.Close,,10925300.0,False,,OrderSide.Sell,OrderStatus.Filled,601288.SH,,TimeInForce.GTC,,,,1654617600000000000,2022-06-07T16:00:00Z
3.18681,83767.6909575,1654531200000000000,2022-06-06T16:00:00Z,10514300.0,,a0235811-f565-4232-bf22-6614b518237a,OrderRole.Standalone,OrderType.Market,_default,,PositionEffect.Close,,10514300.0,False,,OrderSide.Sell,OrderStatus.Filled,601988.SH,,TimeInForce.GTC,,,,1654617600000000000,2022-06-07T16:00:00Z
134.38425,87484.14675,1654531200000000000,2022-06-06T16:00:00Z,260400.0,,f260a1c9-da55-4454-8eb8-c4b89ba7561b,OrderRole.Standalone,OrderType.Market,_default,,PositionEffect.Open,,260400.0,False,,OrderSide.Buy,OrderStatus.Filled,603392.SH,,TimeInForce.GTC,,,,1654617600000000000,2022-06-07T16:00:00Z
17.45744,87509.78236,1654531200000000000,2022-06-06T16:00:00Z,2005100.0,,d9989be8-2055-499d-8d22-c25d94bea502,OrderRole.Standalone,OrderType.Market,_default,,PositionEffect.Open,,2005100.0,False,,OrderSide.Buy,OrderStatus.Filled,000002.SZ,,TimeInForce.GTC,,,,1654617600000000000,2022-06-07T16:00:00Z
12.2122,86605.86935,1654531200000000000,2022-06-06T16:00:00Z,2836700.0,,ae916dc9-49e9-4897-929d-2f7b991512ce,OrderRole.Standalone,OrderType.Market,_default,,PositionEffect.Open,,2836700.0,False,,OrderSide.Buy,OrderStatus.Filled,001979.SZ,,TimeInForce.GTC,,,,1654617600000000000,2022-06-07T16:00:00Z
15.26525,87286.6995,1654531200000000000,2022-06-06T16:00:00Z,2287200.0,,26b5f892-3d59-4b01-b7b5-969c02fe1161,OrderRole.Standalone,OrderType.Market,_default,,PositionEffect.Open,,2287200.0,False,,OrderSide.Buy,OrderStatus.Filled,600048.SH,,TimeInForce.GTC,,,,1654617600000000000,2022-06-07T16:00:00Z
,0.0,1654531200000000000,2022-06-06T16:00:00Z,0.0,,4adb83a5-ab6c-4233-990c-4413c97e3f04,OrderRole.Standalone,OrderType.Market,_default,,PositionEffect.Open,,984400.0,False,"Risk: Insufficient margin at execution. Required: 35088356.02272000000000000000, Available: 20944969.85310026863708789666",OrderSide.Buy,OrderStatus.Rejected,600585.SH,,TimeInForce.GTC,,,,1654617600000000000,2022-06-07T16:00:00Z
,0.0,1656950400000000000,2022-07-04T16:00:00Z,0.0,,86419fe3-f393-4a14-89ba-842b72e9454f,OrderRole.Standalone,OrderType.Market,_default,,PositionEffect.Close,,2305300.0,False,"Risk: Insufficient available position for 000001.SZ at execution. Available: 2305299.9999999999607425138488, Required: 2305300",OrderSide.Sell,OrderStatus.Rejected,000001.SZ,,TimeInForce.GTC,,,,1657036800000000000,2022-07-05T16:00:00Z
19.98,100154.745,1656950400000000000,2022-07-04T16:00:00Z,2005100.0,,6f2efb8e-75d8-41a9-84c9-0b616c5e9d6e,OrderRole.Standalone,OrderType.Market,_default,,PositionEffect.Close,,2005100.0,False,,OrderSide.Sell,OrderStatus.Filled,000002.SZ,,TimeInForce.GTC,,,,1657036800000000000,2022-07-05T16:00:00Z
13.04694,92525.636745,1656950400000000000,2022-07-04T16:00:00Z,2836700.0,,a1c91697-83dd-48ed-abeb-1a79aced1745,OrderRole.Standalone,OrderType.Market,_default,,PositionEffect.Close,,2836700.0,False,,OrderSide.Sell,OrderStatus.Filled,001979.SZ,,TimeInForce.GTC,,,,1657036800000000000,2022-07-05T16:00:00Z
16.42356,93909.91608,1656950400000000000,2022-07-04T16:00:00Z,2287200.0,,a174de46-50a2-4188-bbbf-bbe02defe8d1,OrderRole.Standalone,OrderType.Market,_default,,PositionEffect.Close,,2287200.0,False,,OrderSide.Sell,OrderStatus.Filled,600048.SH,,TimeInForce.GTC,,,,1657036800000000000,2022-07-05T16:00:00Z
161.64819,105232.97169,1656950400000000000,2022-07-04T16:00:00Z,260400.0,,09a13792-51b0-4bf4-9506-e4518343c5af,OrderRole.Standalone,OrderType.Market,_default,,PositionEffect.Close,,260400.0,False,,OrderSide.Sell,OrderStatus.Filled,603392.SH,,TimeInForce.GTC,,,,1657036800000000000,2022-07-05T16:00:00Z
270.9707,95178.458375,1656950400000000000,2022-07-04T16:00:00Z,140500.0,,644eda56-80b2-4e09-8332-44422233e5ba,OrderRole.Standalone,OrderType.Market,_default,,PositionEffect.Open,,140500.0,False,,OrderSide.Buy,OrderStatus.Filled,605117.SH,,TimeInForce.GTC,,,,1657036800000000000,2022-07-05T16:00:00Z
62.77271,94724.01939,1656950400000000000,2022-07-04T16:00:00Z,603600.0,,4b49d12d-0086-41ea-abf1-587a6d9ee0bf,OrderRole.Standalone,OrderType.Market,_default,,PositionEffect.Open,,603600.0,False,,OrderSide.Buy,OrderStatus.Filled,688187.SH,,TimeInForce.GTC,,,,1657036800000000000,2022-07-05T16:00:00Z
34.28425,96253.031875,1656950400000000000,2022-07-04T16:00:00Z,1123000.0,,01b9cc39-afe8-4120-871c-a3d493420adb,OrderRole.Standalone,OrderType.Market,_default,,PositionEffect.Open,,1123000.0,False,,OrderSide.Buy,OrderStatus.Filled,600732.SH,,TimeInForce.GTC,,,,1657036800000000000,2022-07-05T16:00:00Z
,0.0,1656950400000000000,2022-07-04T16:00:00Z,0.0,,6a7469b9-3f58-42f1-802b-a5cc3e992462,OrderRole.Standalone,OrderType.Market,_default,,PositionEffect.Open,,487600.0,False,"Risk: Insufficient margin at execution. Required: 37676702.06300000000000000000, Available: 25838220.78264527283318483864",OrderSide.Buy,OrderStatus.Rejected,601127.SH,,TimeInForce.GTC,,,,1657036800000000000,2022-07-05T16:00:00Z
16.9169,94819.2245,1656950400000000000,2022-07-04T16:00:00Z,2242000.0,,7c4cf92a-cfe6-4c4d-ac6d-da554ce965ea,OrderRole.Standalone,OrderType.Market,_default,,PositionEffect.Open,,2242000.0,False,,OrderSide.Buy,OrderStatus.Filled,000625.SZ,,TimeInForce.GTC,,,,1657036800000000000,2022-07-05T16:00:00Z
,0.0,1659369600000000000,2022-08-01T16:00:00Z,0.0,,327422be-0157-470d-b4e9-6bdff23453c3,OrderRole.Standalone,OrderType.Market,_default,,PositionEffect.Close,,2305300.0,False,"Risk: Insufficient available position for 000001.SZ at execution. Available: 2305299.9999999999607425138488, Required: 2305300",OrderSide.Sell,OrderStatus.Rejected,000001.SZ,,TimeInForce.GTC,,,,1659456000000000000,2022-08-02T16:00:00Z
20.03994,112323.8637,1659369600000000000,2022-08-01T16:00:00Z,2242000.0,,fbc7f860-27b4-4fb1-b575-f99c9a2020c7,OrderRole.Standalone,OrderType.Market,_default,,PositionEffect.Close,,2242000.0,False,,OrderSide.Sell,OrderStatus.Filled,000625.SZ,,TimeInForce.GTC,,,,1659456000000000000,2022-08-02T16:00:00Z
38.59137,108345.271275,1659369600000000000,2022-08-01T16:00:00Z,1123000.0,,b1ddb1ae-889a-4e7a-8e8b-1b88cbe3f3fd,OrderRole.Standalone,OrderType.Market,_default,,PositionEffect.Close,,1123000.0,False,,OrderSide.Sell,OrderStatus.Filled,600732.SH,,TimeInForce.GTC,,,,1659456000000000000,2022-08-02T16:00:00Z
357.642,23157.3195,1659369600000000000,2022-08-01T16:00:00Z,25900.0,,06eebf64-8544-429a-a00f-3b8833071db7,OrderRole.Standalone,OrderType.Market,_default,,PositionEffect.Close,,25900.0,False,,OrderSide.Sell,OrderStatus.Filled,605117.SH,,TimeInForce.GTC,,,,1659456000000000000,2022-08-02T16:00:00Z
56.37357,85067.71713,1659369600000000000,2022-08-01T16:00:00Z,603600.0,,de18383d-fcf2-496e-b6ac-28f127f5b6fa,OrderRole.Standalone,OrderType.Market,_default,,PositionEffect.Close,,603600.0,False,,OrderSide.Sell,OrderStatus.Filled,688187.SH,,TimeInForce.GTC,,,,1659456000000000000,2022-08-02T16:00:00Z
23.1231,101371.6704,1659369600000000000,2022-08-01T16:00:00Z,1753600.0,,19e76a6b-1d12-43c3-80df-0cadb1b114a9,OrderRole.Standalone,OrderType.Market,_default,,PositionEffect.Open,,1753600.0,False,,OrderSide.Buy,OrderStatus.Filled,000063.SZ,,TimeInForce.GTC,,,,1659456000000000000,2022-08-02T16:00:00Z
76.81674,101724.567945,1659369600000000000,2022-08-01T16:00:00Z,529700.0,,609719ed-2c37-4cac-8c13-4217dabb9f35,OrderRole.Standalone,OrderType.Market,_default,,PositionEffect.Open,,529700.0,False,,OrderSide.Buy,OrderStatus.Filled,300759.SZ,,TimeInForce.GTC,,,,1659456000000000000,2022-08-02T16:00:00Z
,0.0,1659369600000000000,2022-08-01T16:00:00Z,0.0,,502e58ad-4727-4f3e-af44-68e0618ed940,OrderRole.Standalone,OrderType.Market,_default,,PositionEffect.Open,,321600.0,False,"Risk: Insufficient margin at execution. Required: 41312206.97604000000000000000, Available: 34101938.23634575123538978634",OrderSide.Buy,OrderStatus.Rejected,300919.SZ,,TimeInForce.GTC,,,,1659456000000000000,2022-08-02T16:00:00Z
116.116,105549.444,1659369600000000000,2022-08-01T16:00:00Z,363600.0,,efa01375-19b4-4c61-87e0-6604cbc4f1b3,OrderRole.Standalone,OrderType.Market,_default,,PositionEffect.Open,,363600.0,False,,OrderSide.Buy,OrderStatus.Filled,002466.SZ,,TimeInForce.GTC,,,,1659456000000000000,2022-08-02T16:00:00Z
339.64002,97306.86573,1659456000000000000,2022-08-02T16:00:00Z,114600.0,,f34e92ff-1005-408e-8d7e-474467acb9dd,OrderRole.Standalone,OrderType.Market,_default,,PositionEffect.Close,,114600.0,False,,OrderSide.Sell,OrderStatus.Filled,605117.SH,,TimeInForce.GTC,,,,1659542400000000000,2022-08-03T16:00:00Z
,0.0,1661788800000000000,2022-08-29T16:00:00Z,0.0,,a4cd2e22-7042-4711-8b75-8342f523c5ae,OrderRole.Standalone,OrderType.Market,_default,,PositionEffect.Close,,2305300.0,False,"Risk: Insufficient available position for 000001.SZ at execution. Available: 2305299.9999999999607425138488, Required: 2305300",OrderSide.Sell,OrderStatus.Rejected,000001.SZ,,TimeInForce.GTC,,,,1661875200000000000,2022-08-30T16:00:00Z
24.32565,106643.6496,1661788800000000000,2022-08-29T16:00:00Z,1753600.0,,d9939d78-fe3d-4619-b942-4111b4a3c578,OrderRole.Standalone,OrderType.Market,_default,,PositionEffect.Close,,1753600.0,False,,OrderSide.Sell,OrderStatus.Filled,000063.SZ,,TimeInForce.GTC,,,,1661875200000000000,2022-08-30T16:00:00Z
115.13475,104657.48775,1661788800000000000,2022-08-29T16:00:00Z,363600.0,,247a9763-7c2a-49e1-8638-f809ef865b00,OrderRole.Standalone,OrderType.Market,_default,,PositionEffect.Close,,363600.0,False,,OrderSide.Sell,OrderStatus.Filled,002466.SZ,,TimeInForce.GTC,,,,1661875200000000000,2022-08-30T16:00:00Z
66.44349,87987.7916325,1661788800000000000,2022-08-29T16:00:00Z,529700.0,,d338ef20-3837-43de-ab95-c70bdbb1edfd,OrderRole.Standalone,OrderType.Market,_default,,PositionEffect.Close,,529700.0,False,,OrderSide.Sell,OrderStatus.Filled,300759.SZ,,TimeInForce.GTC,,,,1661875200000000000,2022-08-30T16:00:00Z
14.5145,79470.516125,1661788800000000000,2022-08-29T16:00:00Z,2190100.0,,b5c607f0-80f8-468b-9187-1e53c126f0d4,OrderRole.Standalone,OrderType.Market,_default,,PositionEffect.Open,,2190100.0,False,,OrderSide.Buy,OrderStatus.Filled,600026.SH,,TimeInForce.GTC,,,,1661875200000000000,2022-08-30T16:00:00Z
48.70866,83912.844015,1661788800000000000,2022-08-29T16:00:00Z,689100.0,,8b11ef93-abf6-48e5-a03b-a36f0f376f9c,OrderRole.Standalone,OrderType.Market,_default,,PositionEffect.Open,,689100.0,False,,OrderSide.Buy,OrderStatus.Filled,600188.SH,,TimeInForce.GTC,,,,1661875200000000000,2022-08-30T16:00:00Z
37.2372,83308.9257,1661788800000000000,2022-08-29T16:00:00Z,894900.0,,c89318e5-9e18-44e4-ac94-258ed804dc80,OrderRole.Standalone,OrderType.Market,_default,,PositionEffect.Open,,894900.0,False,,OrderSide.Buy,OrderStatus.Filled,600732.SH,,TimeInForce.GTC,,,,1661875200000000000,2022-08-30T16:00:00Z
408.89849,83313.0673375,1661788800000000000,2022-08-29T16:00:00Z,81500.0,,ec5d46fa-193f-44f8-b943-3f2bbe091be1,OrderRole.Standalone,OrderType.Market,_default,,PositionEffect.Open,,81500.0,False,,OrderSide.Buy,OrderStatus.Filled,605117.SH,,TimeInForce.GTC,,,,1661875200000000000,2022-08-30T16:00:00Z
278.38811,83168.4478625,1661788800000000000,2022-08-29T16:00:00Z,119500.0,,6f44bb0b-2065-4df5-ba7d-6572161f6fdf,OrderRole.Standalone,OrderType.Market,_default,,PositionEffect.Open,,119500.0,False,,OrderSide.Buy,OrderStatus.Filled,688072.SH,,TimeInForce.GTC,,,,1661875200000000000,2022-08-30T16:00:00Z
,0.0,1661788800000000000,2022-08-29T16:00:00Z,0.0,,9a9abf91-4556-4584-80e0-212526926e98,OrderRole.Standalone,OrderType.Market,_default,,PositionEffect.Open,,1008200.0,False,"Risk: Insufficient margin at execution. Required: 33285957.15445000000000000000, Available: 26660968.17345837122849920642",OrderSide.Buy,OrderStatus.Rejected,002837.SZ,,TimeInForce.GTC,,,,1661875200000000000,2022-08-30T16:00:00Z
,0.0,1664294400000000000,2022-09-27T16:00:00Z,0.0,,828f5e02-fb61-464b-b62d-d987f1c31cbc,OrderRole.Standalone,OrderType.Market,_default,,PositionEffect.Close,,2305300.0,False,"Risk: Insufficient available position for 000001.SZ at execution. Available: 2305299.9999999999607425138488, Required: 2305300",OrderSide.Sell,OrderStatus.Rejected,000001.SZ,,TimeInForce.GTC,,,,1664380800000000000,2022-09-28T16:00:00Z
303.40629,90642.6291375,1664294400000000000,2022-09-27T16:00:00Z,119500.0,,aa6cbf62-8bc9-461b-91b1-8c45a666b70b,OrderRole.Standalone,OrderType.Market,_default,,PositionEffect.Close,,119500.0,False,,OrderSide.Sell,OrderStatus.Filled,688072.SH,,TimeInForce.GTC,,,,1664380800000000000,2022-09-28T16:00:00Z
2.86286,106194.92884,1664294400000000000,2022-09-27T16:00:00Z,14837600.0,,4974f0f6-0112-4ba3-a0be-89edc13db791,OrderRole.Standalone,OrderType.Market,_default,,PositionEffect.Open,,14837600.0,False,,OrderSide.Buy,OrderStatus.Filled,601288.SH,,TimeInForce.GTC,,,,1664380800000000000,2022-09-28T16:00:00Z
37.51748,25146.09097,1664294400000000000,2022-09-27T16:00:00Z,268100.0,,78173f9d-d344-47b7-afc7-a447aaac20e1,OrderRole.Standalone,OrderType.Market,_default,,PositionEffect.Open,,268100.0,False,,OrderSide.Buy,OrderStatus.Filled,600732.SH,,TimeInForce.GTC,,,,1664380800000000000,2022-09-28T16:00:00Z
50.78073,20185.340175,1664294400000000000,2022-09-27T16:00:00Z,159000.0,,b09b053d-230d-4386-8461-bec09cada51d,OrderRole.Standalone,OrderType.Market,_default,,PositionEffect.Open,,159000.0,False,,OrderSide.Buy,OrderStatus.Filled,600188.SH,,TimeInForce.GTC,,,,1664380800000000000,2022-09-28T16:00:00Z
,0.0,1664294400000000000,2022-09-27T16:00:00Z,0.0,,b7b34375-fd4a-4d5b-a4bb-f3e7cea9e094,OrderRole.Standalone,OrderType.Market,_default,,PositionEffect.Open,,14300.0,False,"Risk: Insufficient margin at execution. Required: 6314037.73000000000000000000, Available: 803001.05058587124307243793",OrderSide.Buy,OrderStatus.Rejected,605117.SH,,TimeInForce.GTC,,,,1664380800000000000,2022-09-28T16:00:00Z
17.98797,3147.89475,1664294400000000000,2022-09-27T16:00:00Z,70000.0,,ec02dc36-53cc-47d5-a9da-b9b3d94a8441,OrderRole.Standalone,OrderType.Market,_default,,PositionEffect.Open,,70000.0,False,,OrderSide.Buy,OrderStatus.Filled,600026.SH,,TimeInForce.GTC,,,,1664380800000000000,2022-09-28T16:00:00Z
16.99299,96014.6417475,1664380800000000000,2022-09-28T16:00:00Z,2260100.0,,9b9d2e52-0b69-46df-83a2-ade5ca3a8548,OrderRole.Standalone,OrderType.Market,_default,,PositionEffect.Close,,2260100.0,False,,OrderSide.Sell,OrderStatus.Filled,600026.SH,,TimeInForce.GTC,,,,1664467200000000000,2022-09-29T16:00:00Z
50.30964,106669.01421,1664380800000000000,2022-09-28T16:00:00Z,848100.0,,b5b02e58-5f58-4a20-860a-1647841441d1,OrderRole.Standalone,OrderType.Market,_default,,PositionEffect.Close,,848100.0,False,,OrderSide.Sell,OrderStatus.Filled,600188.SH,,TimeInForce.GTC,,,,1664467200000000000,2022-09-29T16:00:00Z
38.3616,111536.352,1664380800000000000,2022-09-28T16:00:00Z,1163000.0,,e7c33b62-69e5-4d04-a29e-f619889c03c5,OrderRole.Standalone,OrderType.Market,_default,,PositionEffect.Close,,1163000.0,False,,OrderSide.Sell,OrderStatus.Filled,600732.SH,,TimeInForce.GTC,,,,1664467200000000000,2022-09-29T16:00:00Z
429.26031,87461.7881625,1664380800000000000,2022-09-28T16:00:00Z,81500.0,,8ad64da2-ebb8-4173-ae83-f232a8dba1c5,OrderRole.Standalone,OrderType.Market,_default,,PositionEffect.Close,,81500.0,False,,OrderSide.Sell,OrderStatus.Filled,605117.SH,,TimeInForce.GTC,,,,1664467200000000000,2022-09-29T16:00:00Z
,0.0,1667318400000000000,2022-11-01T16:00:00Z,0.0,,bf3cb321-e03e-47b0-a47c-df447e96e77e,OrderRole.Standalone,OrderType.Market,_default,,PositionEffect.Close,,2305300.0,False,"Risk: Insufficient available position for 000001.SZ at execution. Available: 2305299.9999999999607425138488, Required: 2305300",OrderSide.Sell,OrderStatus.Rejected,000001.SZ,,TimeInForce.GTC,,,,1667404800000000000,2022-11-02T16:00:00Z
2.71728,100794.78432,1667318400000000000,2022-11-01T16:00:00Z,14837600.0,,59d43f79-bdd1-46ec-8ba6-230d76a37d67,OrderRole.Standalone,OrderType.Market,_default,,PositionEffect.Close,,14837600.0,False,,OrderSide.Sell,OrderStatus.Filled,601288.SH,,TimeInForce.GTC,,,,1667404800000000000,2022-11-02T16:00:00Z
4.05405,101289.4257375,1667318400000000000,2022-11-01T16:00:00Z,9993900.0,,892ccf0e-2af2-48cb-8fe3-0c694f5ecb9a,OrderRole.Standalone,OrderType.Market,_default,,PositionEffect.Open,,9993900.0,False,,OrderSide.Buy,OrderStatus.Filled,601398.SH,,TimeInForce.GTC,,,,1667404800000000000,2022-11-02T16:00:00Z
13.24323,100721.385765,1667318400000000000,2022-11-01T16:00:00Z,3042200.0,,30be4616-8972-4ab9-be3c-f0c6b801ae5e,OrderRole.Standalone,OrderType.Market,_default,,PositionEffect.Open,,3042200.0,False,,OrderSide.Buy,OrderStatus.Filled,601838.SH,,TimeInForce.GTC,,,,1667404800000000000,2022-11-02T16:00:00Z
49.85981,100168.35829,1667318400000000000,2022-11-01T16:00:00Z,803600.0,,2956973b-68a5-4adb-8112-ebf590599904,OrderRole.Standalone,OrderType.Market,_default,,PositionEffect.Open,,803600.0,False,,OrderSide.Buy,OrderStatus.Filled,000999.SZ,,TimeInForce.GTC,,,,1667404800000000000,2022-11-02T16:00:00Z
31.2312,98745.2466,1667318400000000000,2022-11-01T16:00:00Z,1264700.0,,afcbffa2-a231-45bb-bd58-e7b9ef9051a8,OrderRole.Standalone,OrderType.Market,_default,,PositionEffect.Open,,1264700.0,False,,OrderSide.Buy,OrderStatus.Filled,002603.SZ,,TimeInForce.GTC,,,,1667404800000000000,2022-11-02T16:00:00Z
4.93493,100565.2372725,1667318400000000000,2022-11-01T16:00:00Z,8151300.0,,1f4d8e70-bf2a-4dac-a6d4-57dd3d53a00c,OrderRole.Standalone,OrderType.Market,_default,,PositionEffect.Open,,8151300.0,False,,OrderSide.Buy,OrderStatus.Filled,600027.SH,,TimeInForce.GTC,,,,1667404800000000000,2022-11-02T16:00:00Z
,0.0,1669737600000000000,2022-11-29T16:00:00Z,0.0,,c8e87740-4208-4e3e-9b3b-f50519922d94,OrderRole.Standalone,OrderType.Market,_default,,PositionEffect.Close,,2305300.0,False,"Risk: Insufficient available position for 000001.SZ at execution. Available: 2305299.9999999999607425138488, Required: 2305300",OrderSide.Sell,OrderStatus.Rejected,000001.SZ,,TimeInForce.GTC,,,,1669824000000000000,2022-11-30T16:00:00Z
60.51942,121583.51478,1669737600000000000,2022-11-29T16:00:00Z,803600.0,,4e09280e-72b6-4409-8ea4-e51b3078de1e,OrderRole.Standalone,OrderType.Market,_default,,PositionEffect.Close,,803600.0,False,,OrderSide.Sell,OrderStatus.Filled,000999.SZ,,TimeInForce.GTC,,,,1669824000000000000,2022-11-30T16:00:00Z
46.26369,146274.2218575,1669737600000000000,2022-11-29T16:00:00Z,1264700.0,,db300a50-bf22-4d56-853b-56634b54e457,OrderRole.Standalone,OrderType.Market,_default,,PositionEffect.Close,,1264700.0,False,,OrderSide.Sell,OrderStatus.Filled,002603.SZ,,TimeInForce.GTC,,,,1669824000000000000,2022-11-30T16:00:00Z
5.88411,119907.8646075,1669737600000000000,2022-11-29T16:00:00Z,8151300.0,,f604b77a-adec-4f91-85fe-2535a5412d1f,OrderRole.Standalone,OrderType.Market,_default,,PositionEffect.Close,,8151300.0,False,,OrderSide.Sell,OrderStatus.Filled,600027.SH,,TimeInForce.GTC,,,,1669824000000000000,2022-11-30T16:00:00Z
4.31568,107826.18588,1669737600000000000,2022-11-29T16:00:00Z,9993900.0,,4739165d-25dc-4915-8784-329a41e27de1,OrderRole.Standalone,OrderType.Market,_default,,PositionEffect.Close,,9993900.0,False,,OrderSide.Sell,OrderStatus.Filled,601398.SH,,TimeInForce.GTC,,,,1669824000000000000,2022-11-30T16:00:00Z
15.3846,117007.5753,1669737600000000000,2022-11-29T16:00:00Z,3042200.0,,f44d2476-798a-4732-ab0a-f270b0193888,OrderRole.Standalone,OrderType.Market,_default,,PositionEffect.Close,,3042200.0,False,,OrderSide.Sell,OrderStatus.Filled,601838.SH,,TimeInForce.GTC,,,,1669824000000000000,2022-11-30T16:00:00Z
131.68155,122760.1249875,1669737600000000000,2022-11-29T16:00:00Z,372900.0,,822944f8-61fe-442b-ac1e-624ac495fe0b,OrderRole.Standalone,OrderType.Market,_default,,PositionEffect.Open,,372900.0,False,,OrderSide.Buy,OrderStatus.Filled,002049.SZ,,TimeInForce.GTC,,,,1669824000000000000,2022-11-30T16:00:00Z
130.13,128178.05,1669737600000000000,2022-11-29T16:00:00Z,394000.0,,581accd9-1366-4a0a-8e9d-afae02964f03,OrderRole.Standalone,OrderType.Market,_default,,PositionEffect.Open,,394000.0,False,,OrderSide.Buy,OrderStatus.Filled,002812.SZ,,TimeInForce.GTC,,,,1669824000000000000,2022-11-30T16:00:00Z
113.113,126036.16025,1669737600000000000,2022-11-29T16:00:00Z,445700.0,,f0df463d-c087-4388-981e-f031c5929540,OrderRole.Standalone,OrderType.Market,_default,,PositionEffect.Open,,445700.0,False,,OrderSide.Buy,OrderStatus.Filled,002920.SZ,,TimeInForce.GTC,,,,1669824000000000000,2022-11-30T16:00:00Z
65.5655,124607.23275,1669737600000000000,2022-11-29T16:00:00Z,760200.0,,0db390af-8389-4ed4-a73e-a84ae44b0731,OrderRole.Standalone,OrderType.Market,_default,,PositionEffect.Open,,760200.0,False,,OrderSide.Buy,OrderStatus.Filled,300316.SZ,,TimeInForce.GTC,,,,1669824000000000000,2022-11-30T16:00:00Z
,0.0,1669737600000000000,2022-11-29T16:00:00Z,0.0,,c1403b1c-9475-4a98-a9f9-22fe186d650e,OrderRole.Standalone,OrderType.Market,_default,,PositionEffect.Open,,1120400.0,False,"Risk: Insufficient margin at execution. Required: 49897508.04038000000000000000, Available: 43486742.37106837124307243793",OrderSide.Buy,OrderStatus.Rejected,300450.SZ,,TimeInForce.GTC,,,,1669824000000000000,2022-11-30T16:00:00Z
,0.0,1672156800000000000,2022-12-27T16:00:00Z,0.0,,b6efbc16-2d6e-40f0-81f7-35b7f0ace109,OrderRole.Standalone,OrderType.Market,_default,,PositionEffect.Close,,2305300.0,False,"Risk: Insufficient available position for 000001.SZ at execution. Available: 2305299.9999999999607425138488, Required: 2305300",OrderSide.Sell,OrderStatus.Rejected,000001.SZ,,TimeInForce.GTC,,,,1672243200000000000,2022-12-28T16:00:00Z
132.867,123865.26075,1672156800000000000,2022-12-27T16:00:00Z,372900.0,,2153bc8b-190d-4a10-a32f-9a0490cf7679,OrderRole.Standalone,OrderType.Market,_default,,PositionEffect.Close,,372900.0,False,,OrderSide.Sell,OrderStatus.Filled,002049.SZ,,TimeInForce.GTC,,,,1672243200000000000,2022-12-28T16:00:00Z
136.00386,133963.8021,1672156800000000000,2022-12-27T16:00:00Z,394000.0,,6cbfc06b-5b5e-489f-9695-afd7ba204db6,OrderRole.Standalone,OrderType.Market,_default,,PositionEffect.Close,,394000.0,False,,OrderSide.Sell,OrderStatus.Filled,002812.SZ,,TimeInForce.GTC,,,,1672243200000000000,2022-12-28T16:00:00Z
109.43046,121932.890055,1672156800000000000,2022-12-27T16:00:00Z,445700.0,,ac1d286b-83ac-4d1d-a96a-8348dda68812,OrderRole.Standalone,OrderType.Market,_default,,PositionEffect.Close,,445700.0,False,,OrderSide.Sell,OrderStatus.Filled,002920.SZ,,TimeInForce.GTC,,,,1672243200000000000,2022-12-28T16:00:00Z
62.35758,118510.58079,1672156800000000000,2022-12-27T16:00:00Z,760200.0,,8c29016f-12d7-4454-a9cb-d6148b5782e2,OrderRole.Standalone,OrderType.Market,_default,,PositionEffect.Close,,760200.0,False,,OrderSide.Sell,OrderStatus.Filled,300316.SZ,,TimeInForce.GTC,,,,1672243200000000000,2022-12-28T16:00:00Z
44.50446,101614.808295,1672156800000000000,2022-12-27T16:00:00Z,913300.0,,54b8528a-e95d-41c7-b13f-4efc71ba99f5,OrderRole.Standalone,OrderType.Market,_default,,PositionEffect.Open,,913300.0,False,,OrderSide.Buy,OrderStatus.Filled,688521.SH,,TimeInForce.GTC,,,,1672243200000000000,2022-12-28T16:00:00Z
40.71067,102020.93902,1672156800000000000,2022-12-27T16:00:00Z,1002400.0,,cba5f9f6-b067-47a7-a04b-c3185d08ed19,OrderRole.Standalone,OrderType.Market,_default,,PositionEffect.Open,,1002400.0,False,,OrderSide.Buy,OrderStatus.Filled,688981.SH,,TimeInForce.GTC,,,,1672243200000000000,2022-12-28T16:00:00Z
25.77575,101968.867,1672156800000000000,2022-12-27T16:00:00Z,1582400.0,,58493a66-e5a1-446a-bab7-c7e25ce96e1d,OrderRole.Standalone,OrderType.Market,_default,,PositionEffect.Open,,1582400.0,False,,OrderSide.Buy,OrderStatus.Filled,000786.SZ,,TimeInForce.GTC,,,,1672243200000000000,2022-12-28T16:00:00Z
23.00298,103001.593695,1672156800000000000,2022-12-27T16:00:00Z,1791100.0,,5ee9d726-b117-47bd-bef0-c478fcf436a2,OrderRole.Standalone,OrderType.Market,_default,,PositionEffect.Open,,1791100.0,False,,OrderSide.Buy,OrderStatus.Filled,000792.SZ,,TimeInForce.GTC,,,,1672243200000000000,2022-12-28T16:00:00Z
11.13112,101777.39572,1672156800000000000,2022-12-27T16:00:00Z,3657400.0,,ae321a29-21f5-4d03-8625-fcfd2782df50,OrderRole.Standalone,OrderType.Market,_default,,PositionEffect.Open,,3657400.0,False,,OrderSide.Buy,OrderStatus.Filled,000807.SZ,,TimeInForce.GTC,,,,1672243200000000000,2022-12-28T16:00:00Z
,0.0,1672156800000000000,2022-12-27T16:00:00Z,0.0,,93a01d45-6476-417a-b15e-eec2a8307c92,OrderRole.Standalone,OrderType.Market,_default,,PositionEffect.Open,,227500.0,False,"Risk: Insufficient margin at execution. Required: 40865130.55625000000000000001, Available: 37633658.21964337124307243794",OrderSide.Buy,OrderStatus.Rejected,000858.SZ,,TimeInForce.GTC,,,,1672243200000000000,2022-12-28T16:00:00Z
,0.0,1675267200000000000,2023-02-01T16:00:00Z,0.0,,a290428a-9756-4cb6-a9cb-bdbda9552528,OrderRole.Standalone,OrderType.Market,_default,,PositionEffect.Close,,2305300.0,False,"Risk: Insufficient available position for 000001.SZ at execution. Available: 2305299.9999999999607425138488, Required: 2305300",OrderSide.Sell,OrderStatus.Rejected,000001.SZ,,TimeInForce.GTC,,,,1675353600000000000,2023-02-02T16:00:00Z
28.3716,112238.0496,1675267200000000000,2023-02-01T16:00:00Z,1582400.0,,b601c958-0b16-4f16-9d59-ab81f486c458,OrderRole.Standalone,OrderType.Market,_default,,PositionEffect.Close,,1582400.0,False,,OrderSide.Sell,OrderStatus.Filled,000786.SZ,,TimeInForce.GTC,,,,1675353600000000000,2023-02-02T16:00:00Z
25.32465,113397.4515375,1675267200000000000,2023-02-01T16:00:00Z,1791100.0,,9b9581b9-a055-4306-a06f-b5fa6f55105f,OrderRole.Standalone,OrderType.Market,_default,,PositionEffect.Close,,1791100.0,False,,OrderSide.Sell,OrderStatus.Filled,000792.SZ,,TimeInForce.GTC,,,,1675353600000000000,2023-02-02T16:00:00Z
13.5864,124227.2484,1675267200000000000,2023-02-01T16:00:00Z,3657400.0,,a66dcb16-cd76-4e73-888b-ac1045c130f9,OrderRole.Standalone,OrderType.Market,_default,,PositionEffect.Close,,3657400.0,False,,OrderSide.Sell,OrderStatus.Filled,000807.SZ,,TimeInForce.GTC,,,,1675353600000000000,2023-02-02T16:00:00Z
57.4425,131155.588125,1675267200000000000,2023-02-01T16:00:00Z,913300.0,,1eeba967-5022-4c2d-872d-ccd2f7ccdef2,OrderRole.Standalone,OrderType.Market,_default,,PositionEffect.Close,,913300.0,False,,OrderSide.Sell,OrderStatus.Filled,688521.SH,,TimeInForce.GTC,,,,1675353600000000000,2023-02-02T16:00:00Z
43.1568,108150.9408,1675267200000000000,2023-02-01T16:00:00Z,1002400.0,,4b4c263c-4796-458f-bc58-f3c1731d28c9,OrderRole.Standalone,OrderType.Market,_default,,PositionEffect.Close,,1002400.0,False,,OrderSide.Sell,OrderStatus.Filled,688981.SH,,TimeInForce.GTC,,,,1675353600000000000,2023-02-02T16:00:00Z
18.13812,138348.5103,1675267200000000000,2023-02-01T16:00:00Z,3051000.0,,ccce7ff0-6c9f-4923-8b35-b0bf0e59b97d,OrderRole.Standalone,OrderType.Market,_default,,PositionEffect.Open,,3051000.0,False,,OrderSide.Buy,OrderStatus.Filled,000002.SZ,,TimeInForce.GTC,,,,1675353600000000000,2023-02-02T16:00:00Z
236.236,137016.88,1675267200000000000,2023-02-01T16:00:00Z,232000.0,,fe7579c9-0dbf-47ca-b1af-9cac19b2e7a2,OrderRole.Standalone,OrderType.Market,_default,,PositionEffect.Open,,232000.0,False,,OrderSide.Buy,OrderStatus.Filled,000568.SZ,,TimeInForce.GTC,,,,1675353600000000000,2023-02-02T16:00:00Z
34.7347,138087.79985,1675267200000000000,2023-02-01T16:00:00Z,1590200.0,,a41e5996-c152-48a1-a987-10d4ef3a9480,OrderRole.Standalone,OrderType.Market,_default,,PositionEffect.Open,,1590200.0,False,,OrderSide.Buy,OrderStatus.Filled,000651.SZ,,TimeInForce.GTC,,,,1675353600000000000,2023-02-02T16:00:00Z
201.0008,138338.8006,1675267200000000000,2023-02-01T16:00:00Z,275300.0,,45d1a07c-502f-4d3e-a63f-b7085a2de726,OrderRole.Standalone,OrderType.Market,_default,,PositionEffect.Open,,275300.0,False,,OrderSide.Buy,OrderStatus.Filled,000661.SZ,,TimeInForce.GTC,,,,1675353600000000000,2023-02-02T16:00:00Z
,0.0,1675267200000000000,2023-02-01T16:00:00Z,0.0,,476bc9a4-0507-44a4-8fd2-7f80a1417240,OrderRole.Standalone,OrderType.Market,_default,,PositionEffect.Open,,30200.0,False,"Risk: Insufficient margin at execution. Required: 55156511.41000000000000000000, Available: 51443612.03543087124307243794",OrderSide.Buy,OrderStatus.Rejected,600519.SH,,TimeInForce.GTC,,,,1675353600000000000,2023-02-02T16:00:00Z
,0.0,1677686400000000000,2023-03-01T16:00:00Z,0.0,,1ea58bf1-ce0a-4839-9b98-4d31b76dfa1c,OrderRole.Standalone,OrderType.Market,_default,,PositionEffect.Close,,2305300.0,False,"Risk: Insufficient available position for 000001.SZ at execution. Available: 2305299.9999999999607425138488, Required: 2305300",OrderSide.Sell,OrderStatus.Rejected,000001.SZ,,TimeInForce.GTC,,,,1677772800000000000,2023-03-02T16:00:00Z
16.74324,127709.0631,1677686400000000000,2023-03-01T16:00:00Z,3051000.0,,69908425-962a-464e-9e8e-97dbc40f9b0d,OrderRole.Standalone,OrderType.Market,_default,,PositionEffect.Close,,3051000.0,False,,OrderSide.Sell,OrderStatus.Filled,000002.SZ,,TimeInForce.GTC,,,,1677772800000000000,2023-03-02T16:00:00Z
256.40334,148713.9372,1677686400000000000,2023-03-01T16:00:00Z,232000.0,,e5a342ba-ef6d-4544-90fb-5066d32744c0,OrderRole.Standalone,OrderType.Market,_default,,PositionEffect.Close,,232000.0,False,,OrderSide.Sell,OrderStatus.Filled,000568.SZ,,TimeInForce.GTC,,,,1677772800000000000,2023-03-02T16:00:00Z
36.8631,146549.25405,1677686400000000000,2023-03-01T16:00:00Z,1590200.0,,9cea0591-736e-4c76-a88a-c7fd43cb0766,OrderRole.Standalone,OrderType.Market,_default,,PositionEffect.Close,,1590200.0,False,,OrderSide.Sell,OrderStatus.Filled,000651.SZ,,TimeInForce.GTC,,,,1677772800000000000,2023-03-02T16:00:00Z
192.94686,132795.676395,1677686400000000000,2023-03-01T16:00:00Z,275300.0,,03596d7f-4da6-437f-abcd-eee22bfebba0,OrderRole.Standalone,OrderType.Market,_default,,PositionEffect.Close,,275300.0,False,,OrderSide.Sell,OrderStatus.Filled,000661.SZ,,TimeInForce.GTC,,,,1677772800000000000,2023-03-02T16:00:00Z
38.87884,124665.00046,1677686400000000000,2023-03-01T16:00:00Z,1282600.0,,f5595e94-d096-4167-afef-399e45928917,OrderRole.Standalone,OrderType.Market,_default,,PositionEffect.Open,,1282600.0,False,,OrderSide.Buy,OrderStatus.Filled,000977.SZ,,TimeInForce.GTC,,,,1677772800000000000,2023-03-02T16:00:00Z
17.30729,138501.588225,1677686400000000000,2023-03-01T16:00:00Z,3201000.0,,49a3768c-857c-4a7e-8257-b23624618f19,OrderRole.Standalone,OrderType.Market,_default,,PositionEffect.Open,,3201000.0,False,,OrderSide.Buy,OrderStatus.Filled,002625.SZ,,TimeInForce.GTC,,,,1677772800000000000,2023-03-02T16:00:00Z
99.8998,143680.88735,1677686400000000000,2023-03-01T16:00:00Z,575300.0,,b9cb0e8f-bcb0-469e-8c0d-1d33f0b2c7b5,OrderRole.Standalone,OrderType.Market,_default,,PositionEffect.Open,,575300.0,False,,OrderSide.Buy,OrderStatus.Filled,301269.SZ,,TimeInForce.GTC,,,,1677772800000000000,2023-03-02T16:00:00Z
54.14409,141261.93081,1677686400000000000,2023-03-01T16:00:00Z,1043600.0,,0d40d1cd-317c-479e-9303-8f7bcb648cf4,OrderRole.Standalone,OrderType.Market,_default,,PositionEffect.Open,,1043600.0,False,,OrderSide.Buy,OrderStatus.Filled,688041.SH,,TimeInForce.GTC,,,,1677772800000000000,2023-03-02T16:00:00Z
,0.0,1677686400000000000,2023-03-01T16:00:00Z,0.0,,50214fa3-803f-4c9b-8899-d20fb60feb5c,OrderRole.Standalone,OrderType.Market,_default,,PositionEffect.Open,,479100.0,False,"Risk: Insufficient margin at execution. Required: 56087567.05051500000000000000, Available: 54993344.25784087124307243793",OrderSide.Buy,OrderStatus.Rejected,688047.SH,,TimeInForce.GTC,,,,1677772800000000000,2023-03-02T16:00:00Z
,0.0,1680105600000000000,2023-03-29T16:00:00Z,0.0,,dc1778a7-3b05-420e-af52-26bfb5d14c15,OrderRole.Standalone,OrderType.Market,_default,,PositionEffect.Close,,2305300.0,False,"Risk: Insufficient available position for 000001.SZ at execution. Available: 2305299.9999999999607425138488, Required: 2305300",OrderSide.Sell,OrderStatus.Rejected,000001.SZ,,TimeInForce.GTC,,,,1680192000000000000,2023-03-30T16:00:00Z
34.17579,109584.670635,1680105600000000000,2023-03-29T16:00:00Z,1282600.0,,85eddcff-305d-4a51-abe0-fcec7c65fba1,OrderRole.Standalone,OrderType.Market,_default,,PositionEffect.Close,,1282600.0,False,,OrderSide.Sell,OrderStatus.Filled,000977.SZ,,TimeInForce.GTC,,,,1680192000000000000,2023-03-30T16:00:00Z
16.60338,132868.54845,1680105600000000000,2023-03-29T16:00:00Z,3201000.0,,c4fc24f8-1740-4b29-a8f2-facd68cbf7f3,OrderRole.Standalone,OrderType.Market,_default,,PositionEffect.Close,,3201000.0,False,,OrderSide.Sell,OrderStatus.Filled,002625.SZ,,TimeInForce.GTC,,,,1680192000000000000,2023-03-30T16:00:00Z
122.90697,176770.9496025,1680105600000000000,2023-03-29T16:00:00Z,575300.0,,a13a31ca-bd4d-4320-8f64-2902e2737531,OrderRole.Standalone,OrderType.Market,_default,,PositionEffect.Close,,575300.0,False,,OrderSide.Sell,OrderStatus.Filled,301269.SZ,,TimeInForce.GTC,,,,1680192000000000000,2023-03-30T16:00:00Z
74.925,122296.33125,1680105600000000000,2023-03-29T16:00:00Z,652900.0,,fe2e53b8-6f69-406f-aea2-596e8e7c7c72,OrderRole.Standalone,OrderType.Market,_default,,PositionEffect.Close,,652900.0,False,,OrderSide.Sell,OrderStatus.Filled,688041.SH,,TimeInForce.GTC,,,,1680192000000000000,2023-03-30T16:00:00Z
433.88345,73760.1865,1680105600000000000,2023-03-29T16:00:00Z,68000.0,,283d0c40-b044-4fe3-81d6-abe90743df0f,OrderRole.Standalone,OrderType.Market,_default,,PositionEffect.Open,,68000.0,False,,OrderSide.Buy,OrderStatus.Filled,688111.SH,,TimeInForce.GTC,,,,1680192000000000000,2023-03-30T16:00:00Z
170.98081,72495.86344,1680105600000000000,2023-03-29T16:00:00Z,169600.0,,4deecea2-ee5d-4a1e-ad86-b38132661f52,OrderRole.Standalone,OrderType.Market,_default,,PositionEffect.Open,,169600.0,False,,OrderSide.Buy,OrderStatus.Filled,688256.SH,,TimeInForce.GTC,,,,1680192000000000000,2023-03-30T16:00:00Z
175.21504,74773.01832,1680105600000000000,2023-03-29T16:00:00Z,170700.0,,e5a1c97d-7126-4bee-b844-66e34f0e86de,OrderRole.Standalone,OrderType.Market,_default,,PositionEffect.Open,,170700.0,False,,OrderSide.Buy,OrderStatus.Filled,300033.SZ,,TimeInForce.GTC,,,,1680192000000000000,2023-03-30T16:00:00Z
54.66461,74248.2065325,1680105600000000000,2023-03-29T16:00:00Z,543300.0,,b01acf27-9d13-4b81-91ae-c903d464dabd,OrderRole.Standalone,OrderType.Market,_default,,PositionEffect.Open,,543300.0,False,,OrderSide.Buy,OrderStatus.Filled,300308.SZ,,TimeInForce.GTC,,,,1680192000000000000,2023-03-30T16:00:00Z
37.79776,72401.60928,1680105600000000000,2023-03-29T16:00:00Z,766200.0,,169d2124-145f-4b3a-831c-5efd7fa75fb5,OrderRole.Standalone,OrderType.Market,_default,,PositionEffect.Open,,766200.0,False,,OrderSide.Buy,OrderStatus.Filled,300418.SZ,,TimeInForce.GTC,,,,1680192000000000000,2023-03-30T16:00:00Z
45.02498,73829.710955,1680105600000000000,2023-03-29T16:00:00Z,655900.0,,36521520-743c-4c2a-b096-e65ffe31d32a,OrderRole.Standalone,OrderType.Market,_default,,PositionEffect.Open,,655900.0,False,,OrderSide.Buy,OrderStatus.Filled,300502.SZ,,TimeInForce.GTC,,,,1680192000000000000,2023-03-30T16:00:00Z
103.103,76528.20175,1680105600000000000,2023-03-29T16:00:00Z,296900.0,,0fbb28af-7c6b-4a58-8806-c65195cec326,OrderRole.Standalone,OrderType.Market,_default,,PositionEffect.Open,,296900.0,False,,OrderSide.Buy,OrderStatus.Filled,301308.SZ,,TimeInForce.GTC,,,,1680192000000000000,2023-03-30T16:00:00Z
16.7167,73983.935025,1680105600000000000,2023-03-29T16:00:00Z,1770300.0,,26cecba7-626e-455b-8e73-ce6bd9c1f0b6,OrderRole.Standalone,OrderType.Market,_default,,PositionEffect.Open,,1770300.0,False,,OrderSide.Buy,OrderStatus.Filled,601138.SH,,TimeInForce.GTC,,,,1680192000000000000,2023-03-30T16:00:00Z
16.40639,72737.730065,1680105600000000000,2023-03-29T16:00:00Z,1773400.0,,04379310-3faa-4c11-ba8e-3a2d163ad2b0,OrderRole.Standalone,OrderType.Market,_default,,PositionEffect.Open,,1773400.0,False,,OrderSide.Buy,OrderStatus.Filled,601360.SH,,TimeInForce.GTC,,,,1680192000000000000,2023-03-30T16:00:00Z
77.3226,75524.84955,1680192000000000000,2023-03-30T16:00:00Z,390700.0,,0ab3cbf0-b57e-4068-83d3-45110562c94e,OrderRole.Standalone,OrderType.Market,_default,,PositionEffect.Close,,390700.0,False,,OrderSide.Sell,OrderStatus.Filled,688041.SH,,TimeInForce.GTC,,,,1680451200000000000,2023-04-02T16:00:00Z
,0.0,1682611200000000000,2023-04-27T16:00:00Z,0.0,,71394b25-6341-4583-b9af-f23cd1abf16c,OrderRole.Standalone,OrderType.Market,_default,,PositionEffect.Close,,2305300.0,False,"Risk: Insufficient available position for 000001.SZ at execution. Available: 2305299.9999999999607425138488, Required: 2305300",OrderSide.Sell,OrderStatus.Rejected,000001.SZ,,TimeInForce.GTC,,,,1683129600000000000,2023-05-03T16:00:00Z
86.4135,10499.24025,1682611200000000000,2023-04-27T16:00:00Z,48600.0,,2bc793e1-bc32-485f-b1bd-2297cc8c2adf,OrderRole.Standalone,OrderType.Market,_default,,PositionEffect.Close,,48600.0,False,,OrderSide.Sell,OrderStatus.Filled,300308.SZ,,TimeInForce.GTC,,,,1683129600000000000,2023-05-03T16:00:00Z
66.19374,13718.652615,1682611200000000000,2023-04-27T16:00:00Z,82900.0,,9de16435-c778-4974-addf-a1c467e285ac,OrderRole.Standalone,OrderType.Market,_default,,PositionEffect.Close,,82900.0,False,,OrderSide.Sell,OrderStatus.Filled,300418.SZ,,TimeInForce.GTC,,,,1683129600000000000,2023-05-03T16:00:00Z
67.95198,1800.72747,1682611200000000000,2023-04-27T16:00:00Z,10600.0,,22487447-6726-4596-a5ed-6d3cf1c63de9,OrderRole.Standalone,OrderType.Market,_default,,PositionEffect.Close,,10600.0,False,,OrderSide.Sell,OrderStatus.Filled,300502.SZ,,TimeInForce.GTC,,,,1683129600000000000,2023-05-03T16:00:00Z
93.49641,69397.7103225,1682611200000000000,2023-04-27T16:00:00Z,296900.0,,fc610220-7035-4042-82da-f1aa82966975,OrderRole.Standalone,OrderType.Market,_default,,PositionEffect.Close,,296900.0,False,,OrderSide.Sell,OrderStatus.Filled,301308.SZ,,TimeInForce.GTC,,,,1683129600000000000,2023-05-03T16:00:00Z
15.96402,70652.761515,1682611200000000000,2023-04-27T16:00:00Z,1770300.0,,757a5ca3-f047-4945-af32-7c577fc5ef64,OrderRole.Standalone,OrderType.Market,_default,,PositionEffect.Close,,1770300.0,False,,OrderSide.Sell,OrderStatus.Filled,601138.SH,,TimeInForce.GTC,,,,1683129600000000000,2023-05-03T16:00:00Z
15.57441,69049.146735,1682611200000000000,2023-04-27T16:00:00Z,1773400.0,,068dfe66-0d34-44a2-94cd-320c783df0d2,OrderRole.Standalone,OrderType.Market,_default,,PositionEffect.Close,,1773400.0,False,,OrderSide.Sell,OrderStatus.Filled,601360.SH,,TimeInForce.GTC,,,,1683129600000000000,2023-05-03T16:00:00Z
436.63293,74227.5981,1682611200000000000,2023-04-27T16:00:00Z,68000.0,,74a38203-edc2-49b4-b44a-bf29d8103641,OrderRole.Standalone,OrderType.Market,_default,,PositionEffect.Close,,68000.0,False,,OrderSide.Sell,OrderStatus.Filled,688111.SH,,TimeInForce.GTC,,,,1683129600000000000,2023-05-03T16:00:00Z
244.7445,5384.379,1682611200000000000,2023-04-27T16:00:00Z,8800.0,,cbad6021-dee6-486f-9cc8-26900a3de1f7,OrderRole.Standalone,OrderType.Market,_default,,PositionEffect.Open,,8800.0,False,,OrderSide.Buy,OrderStatus.Filled,688256.SH,,TimeInForce.GTC,,,,1683129600000000000,2023-05-03T16:00:00Z
59.46941,108724.9488325,1682611200000000000,2023-04-27T16:00:00Z,731300.0,,ea5c4049-facd-4456-8f6c-b087c7c10bf4,OrderRole.Standalone,OrderType.Market,_default,,PositionEffect.Open,,731300.0,False,,OrderSide.Buy,OrderStatus.Filled,300394.SZ,,TimeInForce.GTC,,,,1683129600000000000,2023-05-03T16:00:00Z
52.5525,109519.41,1682611200000000000,2023-04-27T16:00:00Z,833600.0,,eaf0678a-c61b-440f-b801-ca3ff7c7fb6a,OrderRole.Standalone,OrderType.Market,_default,,PositionEffect.Open,,833600.0,False,,OrderSide.Buy,OrderStatus.Filled,301165.SZ,,TimeInForce.GTC,,,,1683129600000000000,2023-05-03T16:00:00Z
92.75266,109633.64412,1682611200000000000,2023-04-27T16:00:00Z,472800.0,,21d21183-ce88-4a08-8505-3617c0093226,OrderRole.Standalone,OrderType.Market,_default,,PositionEffect.Open,,472800.0,False,,OrderSide.Buy,OrderStatus.Filled,688041.SH,,TimeInForce.GTC,,,,1683129600000000000,2023-05-03T16:00:00Z
178.05788,35344.48918,1682611200000000000,2023-04-27T16:00:00Z,79400.0,,901fca2e-c4cb-4b5b-bd14-e1195a5d4170,OrderRole.Standalone,OrderType.Market,_default,,PositionEffect.Open,,79400.0,False,,OrderSide.Buy,OrderStatus.Filled,300033.SZ,,TimeInForce.GTC,,,,1683129600000000000,2023-05-03T16:00:00Z
172.9269,108122.544225,1683129600000000000,2023-05-03T16:00:00Z,250100.0,,e48e0491-2d5d-4bf5-a1f5-dc874b0a5fda,OrderRole.Standalone,OrderType.Market,_default,,PositionEffect.Close,,250100.0,False,,OrderSide.Sell,OrderStatus.Filled,300033.SZ,,TimeInForce.GTC,,,,1683216000000000000,2023-05-04T16:00:00Z
85.99392,106352.98056,1683129600000000000,2023-05-03T16:00:00Z,494700.0,,c5428edf-6240-4465-bb51-be9dfcb5d60f,OrderRole.Standalone,OrderType.Market,_default,,PositionEffect.Close,,494700.0,False,,OrderSide.Sell,OrderStatus.Filled,300308.SZ,,TimeInForce.GTC,,,,1683216000000000000,2023-05-04T16:00:00Z
64.84509,110771.6249925,1683129600000000000,2023-05-03T16:00:00Z,683300.0,,f78e3a4f-c999-49d6-afcb-8a3c248cca45,OrderRole.Standalone,OrderType.Market,_default,,PositionEffect.Close,,683300.0,False,,OrderSide.Sell,OrderStatus.Filled,300418.SZ,,TimeInForce.GTC,,,,1683216000000000000,2023-05-04T16:00:00Z
63.936,103144.752,1683129600000000000,2023-05-03T16:00:00Z,645300.0,,dd4a779e-251a-4179-a33b-fc2fdfee35ac,OrderRole.Standalone,OrderType.Market,_default,,PositionEffect.Close,,645300.0,False,,OrderSide.Sell,OrderStatus.Filled,300502.SZ,,TimeInForce.GTC,,,,1683216000000000000,2023-05-04T16:00:00Z
228.65112,101978.39952,1683129600000000000,2023-05-03T16:00:00Z,178400.0,,f5c2dfb5-2315-4664-8275-1a5a20b4c012,OrderRole.Standalone,OrderType.Market,_default,,PositionEffect.Close,,178400.0,False,,OrderSide.Sell,OrderStatus.Filled,688256.SH,,TimeInForce.GTC,,,,1683216000000000000,2023-05-04T16:00:00Z
,0.0,1685462400000000000,2023-05-30T16:00:00Z,0.0,,872f163e-e32f-4a4a-af2b-936db7f82071,OrderRole.Standalone,OrderType.Market,_default,,PositionEffect.Close,,2305300.0,False,"Risk: Insufficient available position for 000001.SZ at execution. Available: 2305299.9999999999607425138488, Required: 2305300",OrderSide.Sell,OrderStatus.Rejected,000001.SZ,,TimeInForce.GTC,,,,1685548800000000000,2023-05-31T16:00:00Z
73.19673,133821.9216225,1685462400000000000,2023-05-30T16:00:00Z,731300.0,,f2c7b5de-ab53-4177-bfa7-3beb19b1008e,OrderRole.Standalone,OrderType.Market,_default,,PositionEffect.Close,,731300.0,False,,OrderSide.Sell,OrderStatus.Filled,300394.SZ,,TimeInForce.GTC,,,,1685548800000000000,2023-05-31T16:00:00Z
54.7452,114088.9968,1685462400000000000,2023-05-30T16:00:00Z,833600.0,,1a23abac-69d4-493e-8f42-70af23c2b64d,OrderRole.Standalone,OrderType.Market,_default,,PositionEffect.Close,,833600.0,False,,OrderSide.Sell,OrderStatus.Filled,301165.SZ,,TimeInForce.GTC,,,,1685548800000000000,2023-05-31T16:00:00Z
90.78912,107312.73984,1685462400000000000,2023-05-30T16:00:00Z,472800.0,,7489dc50-923d-42b9-9103-35ded825d4ee,OrderRole.Standalone,OrderType.Market,_default,,PositionEffect.Close,,472800.0,False,,OrderSide.Sell,OrderStatus.Filled,688041.SH,,TimeInForce.GTC,,,,1685548800000000000,2023-05-31T16:00:00Z
3.12312,178805.64702,1685462400000000000,2023-05-30T16:00:00Z,22900900.0,,dfabdd7a-dcac-45a6-a424-88fa1c317613,OrderRole.Standalone,OrderType.Market,_default,,PositionEffect.Open,,22900900.0,False,,OrderSide.Buy,OrderStatus.Filled,003816.SZ,,TimeInForce.GTC,,,,1685548800000000000,2023-05-31T16:00:00Z
222.86264,179404.4252,1685462400000000000,2023-05-30T16:00:00Z,322000.0,,8fa96e0a-2c04-4cd7-83cd-1cc46b7ba397,OrderRole.Standalone,OrderType.Market,_default,,PositionEffect.Open,,322000.0,False,,OrderSide.Buy,OrderStatus.Filled,300750.SZ,,TimeInForce.GTC,,,,1685548800000000000,2023-05-31T16:00:00Z
1619.618,176943.2665,1685462400000000000,2023-05-30T16:00:00Z,43700.0,,413f81b1-94b9-4d0d-a134-736fb3591496,OrderRole.Standalone,OrderType.Market,_default,,PositionEffect.Open,,43700.0,False,,OrderSide.Buy,OrderStatus.Filled,600519.SH,,TimeInForce.GTC,,,,1685548800000000000,2023-05-31T16:00:00Z
3.95395,178232.20415,1685462400000000000,2023-05-30T16:00:00Z,18030800.0,,f970754a-f2f1-4444-94a2-c03ec300e8f0,OrderRole.Standalone,OrderType.Market,_default,,PositionEffect.Open,,18030800.0,False,,OrderSide.Buy,OrderStatus.Filled,601077.SH,,TimeInForce.GTC,,,,1685548800000000000,2023-05-31T16:00:00Z
2.86286,177611.8344,1685462400000000000,2023-05-30T16:00:00Z,24816000.0,,12d9a97f-7fe6-4455-bd43-b739a8724bec,OrderRole.Standalone,OrderType.Market,_default,,PositionEffect.Open,,24816000.0,False,,OrderSide.Buy,OrderStatus.Filled,601916.SH,,TimeInForce.GTC,,,,1685548800000000000,2023-05-31T16:00:00Z
,0.0,1688054400000000000,2023-06-29T16:00:00Z,0.0,,1e47d4b0-2c0f-4f29-a8f2-06d3385afa63,OrderRole.Standalone,OrderType.Market,_default,,PositionEffect.Close,,2305300.0,False,"Risk: Insufficient available position for 000001.SZ at execution. Available: 2305299.9999999999607425138488, Required: 2305300",OrderSide.Sell,OrderStatus.Rejected,000001.SZ,,TimeInForce.GTC,,,,1688313600000000000,2023-07-02T16:00:00Z
3.10689,177876.4430025,1688054400000000000,2023-06-29T16:00:00Z,22900900.0,,fbdb48eb-3286-48ec-8f8c-ff29c194d5b4,OrderRole.Standalone,OrderType.Market,_default,,PositionEffect.Close,,22900900.0,False,,OrderSide.Sell,OrderStatus.Filled,003816.SZ,,TimeInForce.GTC,,,,1688313600000000000,2023-07-02T16:00:00Z
231.71805,186533.03025,1688054400000000000,2023-06-29T16:00:00Z,322000.0,,facc00d8-f571-4e81-95c5-80a30e50824d,OrderRole.Standalone,OrderType.Market,_default,,PositionEffect.Close,,322000.0,False,,OrderSide.Sell,OrderStatus.Filled,300750.SZ,,TimeInForce.GTC,,,,1688313600000000000,2023-07-02T16:00:00Z
23.12685,5.7817125,1688054400000000000,2023-06-29T16:00:00Z,100.0,,2c0ca7c9-b1e2-4c62-8058-40e5a627b081,OrderRole.Standalone,OrderType.Market,_default,,PositionEffect.Close,,100.0,False,,OrderSide.Sell,OrderStatus.Filled,600406.SH,,TimeInForce.GTC,,,,1688313600000000000,2023-07-02T16:00:00Z
1697.301,185430.13425,1688054400000000000,2023-06-29T16:00:00Z,43700.0,,81672ae5-bc65-47be-a874-2f87bd214cf6,OrderRole.Standalone,OrderType.Market,_default,,PositionEffect.Close,,43700.0,False,,OrderSide.Sell,OrderStatus.Filled,600519.SH,,TimeInForce.GTC,,,,1688313600000000000,2023-07-02T16:00:00Z
3.58641,161664.60357,1688054400000000000,2023-06-29T16:00:00Z,18030800.0,,ad84c16d-604c-4bd9-8665-9b96d0076db7,OrderRole.Standalone,OrderType.Market,_default,,PositionEffect.Close,,18030800.0,False,,OrderSide.Sell,OrderStatus.Filled,601077.SH,,TimeInForce.GTC,,,,1688313600000000000,2023-07-02T16:00:00Z
2.66733,165481.1532,1688054400000000000,2023-06-29T16:00:00Z,24816000.0,,f4fb2f37-8a69-45ab-b3f7-d3bfc7bea622,OrderRole.Standalone,OrderType.Market,_default,,PositionEffect.Close,,24816000.0,False,,OrderSide.Sell,OrderStatus.Filled,601916.SH,,TimeInForce.GTC,,,,1688313600000000000,2023-07-02T16:00:00Z
470.55008,125754.50888,1688054400000000000,2023-06-29T16:00:00Z,106900.0,,0e051ba5-9610-40b1-82a5-6477d23e1868,OrderRole.Standalone,OrderType.Market,_default,,PositionEffect.Open,,106900.0,False,,OrderSide.Buy,OrderStatus.Filled,688111.SH,,TimeInForce.GTC,,,,1688313600000000000,2023-07-02T16:00:00Z
187.20702,125709.51393,1688054400000000000,2023-06-29T16:00:00Z,268600.0,,9701ab36-ed08-4076-b146-f3b3ba2ec3c6,OrderRole.Standalone,OrderType.Market,_default,,PositionEffect.Open,,268600.0,False,,OrderSide.Buy,OrderStatus.Filled,688256.SH,,TimeInForce.GTC,,,,1688313600000000000,2023-07-02T16:00:00Z
17.89788,126027.92202,1688054400000000000,2023-06-29T16:00:00Z,2816600.0,,09b9e7f8-67ba-472e-9267-7b1883b879de,OrderRole.Standalone,OrderType.Market,_default,,PositionEffect.Open,,2816600.0,False,,OrderSide.Buy,OrderStatus.Filled,002558.SZ,,TimeInForce.GTC,,,,1688313600000000000,2023-07-02T16:00:00Z
147.92778,126663.161625,1688054400000000000,2023-06-29T16:00:00Z,342500.0,,789cfd04-8b84-4ffb-8577-bcee7638e55d,OrderRole.Standalone,OrderType.Market,_default,,PositionEffect.Open,,342500.0,False,,OrderSide.Buy,OrderStatus.Filled,300308.SZ,,TimeInForce.GTC,,,,1688313600000000000,2023-07-02T16:00:00Z
106.02592,125296.13096,1688054400000000000,2023-06-29T16:00:00Z,472700.0,,4ca6948a-84c9-4754-bb29-dc16822caf63,OrderRole.Standalone,OrderType.Market,_default,,PositionEffect.Open,,472700.0,False,,OrderSide.Buy,OrderStatus.Filled,300394.SZ,,TimeInForce.GTC,,,,1688313600000000000,2023-07-02T16:00:00Z
40.55051,127095.4359675,1688054400000000000,2023-06-29T16:00:00Z,1253700.0,,fc7d9464-fc92-443f-9f70-7fd5f599575d,OrderRole.Standalone,OrderType.Market,_default,,PositionEffect.Open,,1253700.0,False,,OrderSide.Buy,OrderStatus.Filled,300418.SZ,,TimeInForce.GTC,,,,1688313600000000000,2023-07-02T16:00:00Z
68.5685,127365.98875,1688054400000000000,2023-06-29T16:00:00Z,743000.0,,44049bd3-4e9b-46a9-95ff-1727d30e60df,OrderRole.Standalone,OrderType.Market,_default,,PositionEffect.Open,,743000.0,False,,OrderSide.Buy,OrderStatus.Filled,300502.SZ,,TimeInForce.GTC,,,,1688313600000000000,2023-07-02T16:00:00Z
,0.0,1690473600000000000,2023-07-27T16:00:00Z,0.0,,f80f30db-c26d-48c4-962f-d694698a16ff,OrderRole.Standalone,OrderType.Market,_default,,PositionEffect.Close,,2305300.0,False,"Risk: Insufficient available position for 000001.SZ at execution. Available: 2305299.9999999999607425138488, Required: 2305300",OrderSide.Sell,OrderStatus.Rejected,000001.SZ,,TimeInForce.GTC,,,,1690732800000000000,2023-07-30T16:00:00Z
13.99599,98552.763585,1690473600000000000,2023-07-27T16:00:00Z,2816600.0,,2b11fe16-ec82-4bbf-9e0f-f04451812e2f,OrderRole.Standalone,OrderType.Market,_default,,PositionEffect.Close,,2816600.0,False,,OrderSide.Sell,OrderStatus.Filled,002558.SZ,,TimeInForce.GTC,,,,1690732800000000000,2023-07-30T16:00:00Z
123.95592,106137.2565,1690473600000000000,2023-07-27T16:00:00Z,342500.0,,5f7f99cb-31a5-4017-aa88-4567322c5fa2,OrderRole.Standalone,OrderType.Market,_default,,PositionEffect.Close,,342500.0,False,,OrderSide.Sell,OrderStatus.Filled,300308.SZ,,TimeInForce.GTC,,,,1690732800000000000,2023-07-30T16:00:00Z
89.5104,105778.9152,1690473600000000000,2023-07-27T16:00:00Z,472700.0,,bb85deb5-9f63-4526-96ee-0cea52c96453,OrderRole.Standalone,OrderType.Market,_default,,PositionEffect.Close,,472700.0,False,,OrderSide.Sell,OrderStatus.Filled,300394.SZ,,TimeInForce.GTC,,,,1690732800000000000,2023-07-30T16:00:00Z
35.39457,110935.4310225,1690473600000000000,2023-07-27T16:00:00Z,1253700.0,,065ae8df-9968-4613-84fb-45c9865a5259,OrderRole.Standalone,OrderType.Market,_default,,PositionEffect.Close,,1253700.0,False,,OrderSide.Sell,OrderStatus.Filled,300418.SZ,,TimeInForce.GTC,,,,1690732800000000000,2023-07-30T16:00:00Z
51.59835,95843.935125,1690473600000000000,2023-07-27T16:00:00Z,743000.0,,c914f81c-843d-40d4-abfc-e68ff9eaabdf,OrderRole.Standalone,OrderType.Market,_default,,PositionEffect.Close,,743000.0,False,,OrderSide.Sell,OrderStatus.Filled,300502.SZ,,TimeInForce.GTC,,,,1690732800000000000,2023-07-30T16:00:00Z
406.593,108661.97925,1690473600000000000,2023-07-27T16:00:00Z,106900.0,,209c2805-3b4d-40dd-b63f-7072cd4cfc9d,OrderRole.Standalone,OrderType.Market,_default,,PositionEffect.Close,,106900.0,False,,OrderSide.Sell,OrderStatus.Filled,688111.SH,,TimeInForce.GTC,,,,1690732800000000000,2023-07-30T16:00:00Z
159.38046,107023.97889,1690473600000000000,2023-07-27T16:00:00Z,268600.0,,9889af49-a4a0-4cf8-bd63-2a507f6e4a80,OrderRole.Standalone,OrderType.Market,_default,,PositionEffect.Close,,268600.0,False,,OrderSide.Sell,OrderStatus.Filled,688256.SH,,TimeInForce.GTC,,,,1690732800000000000,2023-07-30T16:00:00Z
67.65759,95566.345875,1690473600000000000,2023-07-27T16:00:00Z,565000.0,,7cd647f4-43de-4640-87e1-d47ffabf3503,OrderRole.Standalone,OrderType.Market,_default,,PositionEffect.Open,,565000.0,False,,OrderSide.Buy,OrderStatus.Filled,688521.SH,,TimeInForce.GTC,,,,1690732800000000000,2023-07-30T16:00:00Z
37.96793,95565.27981,1690473600000000000,2023-07-27T16:00:00Z,1006800.0,,920ca3d8-a416-4a37-b379-39701e511084,OrderRole.Standalone,OrderType.Market,_default,,PositionEffect.Open,,1006800.0,False,,OrderSide.Buy,OrderStatus.Filled,688599.SH,,TimeInForce.GTC,,,,1690732800000000000,2023-07-30T16:00:00Z
39.19916,95077.56258,1690473600000000000,2023-07-27T16:00:00Z,970200.0,,b62ba038-d0bc-44c3-9199-908abcc0e9c1,OrderRole.Standalone,OrderType.Market,_default,,PositionEffect.Open,,970200.0,False,,OrderSide.Buy,OrderStatus.Filled,000063.SZ,,TimeInForce.GTC,,,,1690732800000000000,2023-07-30T16:00:00Z
4.29429,95788.43274,1690473600000000000,2023-07-27T16:00:00Z,8922400.0,,41c1815a-2e27-493c-8fa4-68f6f7c7b336,OrderRole.Standalone,OrderType.Market,_default,,PositionEffect.Open,,8922400.0,False,,OrderSide.Buy,OrderStatus.Filled,000100.SZ,,TimeInForce.GTC,,,,1690732800000000000,2023-07-30T16:00:00Z
6.89689,95842.631885,1690473600000000000,2023-07-27T16:00:00Z,5558600.0,,be33aa40-0cad-43d2-b129-db36952a5604,OrderRole.Standalone,OrderType.Market,_default,,PositionEffect.Open,,5558600.0,False,,OrderSide.Buy,OrderStatus.Filled,000157.SZ,,TimeInForce.GTC,,,,1690732800000000000,2023-07-30T16:00:00Z
20.05003,95849.168415,1690473600000000000,2023-07-27T16:00:00Z,1912200.0,,a27f608d-181b-44c6-934a-871e56ef15a7,OrderRole.Standalone,OrderType.Market,_default,,PositionEffect.Open,,1912200.0,False,,OrderSide.Buy,OrderStatus.Filled,000792.SZ,,TimeInForce.GTC,,,,1690732800000000000,2023-07-30T16:00:00Z
9.07907,95459.6117475,1690473600000000000,2023-07-27T16:00:00Z,4205700.0,,a4fd3ff2-9882-47b7-95fa-c02141b88b48,OrderRole.Standalone,OrderType.Market,_default,,PositionEffect.Open,,4205700.0,False,,OrderSide.Buy,OrderStatus.Filled,000800.SZ,,TimeInForce.GTC,,,,1690732800000000000,2023-07-30T16:00:00Z
,0.0,1690473600000000000,2023-07-27T16:00:00Z,0.0,,0fe53b9e-70d0-415c-8e3e-75c9c189455c,OrderRole.Standalone,OrderType.Market,_default,,PositionEffect.Open,,1417500.0,False,"Risk: Insufficient margin at execution. Required: 38264302.95187500000000000000, Available: 37498638.69027010833051835102",OrderSide.Buy,OrderStatus.Rejected,000938.SZ,,TimeInForce.GTC,,,,1690732800000000000,2023-07-30T16:00:00Z
,0.0,1692892800000000000,2023-08-24T16:00:00Z,0.0,,55cf910d-5ea3-4b2d-b31d-03ad6bd7b8db,OrderRole.Standalone,OrderType.Market,_default,,PositionEffect.Close,,2305300.0,False,"Risk: Insufficient available position for 000001.SZ at execution. Available: 2305299.9999999999607425138488, Required: 2305300",OrderSide.Sell,OrderStatus.Rejected,000001.SZ,,TimeInForce.GTC,,,,1693152000000000000,2023-08-27T16:00:00Z
35.3646,85776.8373,1692892800000000000,2023-08-24T16:00:00Z,970200.0,,5bc1e721-c8b0-4515-b5eb-e13dadc08242,OrderRole.Standalone,OrderType.Market,_default,,PositionEffect.Close,,970200.0,False,,OrderSide.Sell,OrderStatus.Filled,000063.SZ,,TimeInForce.GTC,,,,1693152000000000000,2023-08-27T16:00:00Z
3.996,89134.776,1692892800000000000,2023-08-24T16:00:00Z,8922400.0,,5a1e58e0-ddcf-4846-89e5-33ffe6660599,OrderRole.Standalone,OrderType.Market,_default,,PositionEffect.Close,,8922400.0,False,,OrderSide.Sell,OrderStatus.Filled,000100.SZ,,TimeInForce.GTC,,,,1693152000000000000,2023-08-27T16:00:00Z
18.4815,88350.81075,1692892800000000000,2023-08-24T16:00:00Z,1912200.0,,8b293e79-c8b9-4446-b34f-238bd549b598,OrderRole.Standalone,OrderType.Market,_default,,PositionEffect.Close,,1912200.0,False,,OrderSide.Sell,OrderStatus.Filled,000792.SZ,,TimeInForce.GTC,,,,1693152000000000000,2023-08-27T16:00:00Z
8.64135,90857.3142375,1692892800000000000,2023-08-24T16:00:00Z,4205700.0,,4e535b11-e922-4f1a-9dbf-5880f05cda93,OrderRole.Standalone,OrderType.Market,_default,,PositionEffect.Close,,4205700.0,False,,OrderSide.Sell,OrderStatus.Filled,000800.SZ,,TimeInForce.GTC,,,,1693152000000000000,2023-08-27T16:00:00Z
64.17576,90648.261,1692892800000000000,2023-08-24T16:00:00Z,565000.0,,0d9b5af8-363c-432e-8c18-2935c300c409,OrderRole.Standalone,OrderType.Market,_default,,PositionEffect.Close,,565000.0,False,,OrderSide.Sell,OrderStatus.Filled,688521.SH,,TimeInForce.GTC,,,,1693152000000000000,2023-08-27T16:00:00Z
36.83313,92708.98821,1692892800000000000,2023-08-24T16:00:00Z,1006800.0,,a8eebf57-2d70-4344-ad4d-a8b56fa371ea,OrderRole.Standalone,OrderType.Market,_default,,PositionEffect.Close,,1006800.0,False,,OrderSide.Sell,OrderStatus.Filled,688599.SH,,TimeInForce.GTC,,,,1693152000000000000,2023-08-27T16:00:00Z
7.05705,147245.34825,1692892800000000000,2023-08-24T16:00:00Z,8346000.0,,4765ef6f-0809-4f98-a75e-8ea0c4a9916b,OrderRole.Standalone,OrderType.Market,_default,,PositionEffect.Open,,8346000.0,False,,OrderSide.Buy,OrderStatus.Filled,000617.SZ,,TimeInForce.GTC,,,,1693152000000000000,2023-08-27T16:00:00Z
25.74572,142985.29245,1692892800000000000,2023-08-24T16:00:00Z,2221500.0,,efabea3e-6205-4aab-b88f-74ebedb48daf,OrderRole.Standalone,OrderType.Market,_default,,PositionEffect.Open,,2221500.0,False,,OrderSide.Buy,OrderStatus.Filled,000938.SZ,,TimeInForce.GTC,,,,1693152000000000000,2023-08-27T16:00:00Z
39.31928,142424.26198,1692892800000000000,2023-08-24T16:00:00Z,1448900.0,,c0fd629e-25ec-41f4-8219-fa46951502f4,OrderRole.Standalone,OrderType.Market,_default,,PositionEffect.Open,,1448900.0,False,,OrderSide.Buy,OrderStatus.Filled,000977.SZ,,TimeInForce.GTC,,,,1693152000000000000,2023-08-27T16:00:00Z
,0.0,1692892800000000000,2023-08-24T16:00:00Z,0.0,,842d7202-7aec-48b5-972e-d25969647368,OrderRole.Standalone,OrderType.Market,_default,,PositionEffect.Open,,1862300.0,False,"Risk: Insufficient margin at execution. Required: 57970880.33236500000000000000, Available: 57428921.75553260833051835101",OrderSide.Buy,OrderStatus.Rejected,000988.SZ,,TimeInForce.GTC,,,,1693152000000000000,2023-08-27T16:00:00Z
6.48648,52439.94756,1692892800000000000,2023-08-24T16:00:00Z,3233800.0,,3ccaf87d-d189-4f19-9f8d-5ce0c35ca59e,OrderRole.Standalone,OrderType.Market,_default,,PositionEffect.Open,,3233800.0,False,,OrderSide.Buy,OrderStatus.Filled,000157.SZ,,TimeInForce.GTC,,,,1693152000000000000,2023-08-27T16:00:00Z
6.34365,139439.77065,1693152000000000000,2023-08-27T16:00:00Z,8792400.0,,50f8240c-a43e-447e-925a-a461a9b8acb4,OrderRole.Standalone,OrderType.Market,_default,,PositionEffect.Close,,8792400.0,False,,OrderSide.Sell,OrderStatus.Filled,000157.SZ,,TimeInForce.GTC,,,,1693238400000000000,2023-08-28T16:00:00Z
25.45452,141368.04045,1693152000000000000,2023-08-27T16:00:00Z,2221500.0,,21afd325-fd78-4469-a9ed-69d63497dce8,OrderRole.Standalone,OrderType.Market,_default,,PositionEffect.Close,,2221500.0,False,,OrderSide.Sell,OrderStatus.Filled,000938.SZ,,TimeInForce.GTC,,,,1693238400000000000,2023-08-28T16:00:00Z
,0.0,1695312000000000000,2023-09-21T16:00:00Z,0.0,,95e17760-f23c-4b98-b23d-10940893ea61,OrderRole.Standalone,OrderType.Market,_default,,PositionEffect.Close,,2305300.0,False,"Risk: Insufficient available position for 000001.SZ at execution. Available: 2305299.9999999999607425138488, Required: 2305300",OrderSide.Sell,OrderStatus.Rejected,000001.SZ,,TimeInForce.GTC,,,,1695571200000000000,2023-09-24T16:00:00Z
6.48351,135278.43615,1695312000000000000,2023-09-21T16:00:00Z,8346000.0,,e50bfb49-f92c-416a-9ced-4b5182d343d4,OrderRole.Standalone,OrderType.Market,_default,,PositionEffect.Close,,8346000.0,False,,OrderSide.Sell,OrderStatus.Filled,000617.SZ,,TimeInForce.GTC,,,,1695571200000000000,2023-09-24T16:00:00Z
37.35261,135300.4915725,1695312000000000000,2023-09-21T16:00:00Z,1448900.0,,038faa74-1324-41b2-8d02-3e9529ddf2f4,OrderRole.Standalone,OrderType.Market,_default,,PositionEffect.Close,,1448900.0,False,,OrderSide.Sell,OrderStatus.Filled,000977.SZ,,TimeInForce.GTC,,,,1695571200000000000,2023-09-24T16:00:00Z
246.57633,137281.3717275,1695312000000000000,2023-09-21T16:00:00Z,222700.0,,1165c14c-1368-40bf-82bc-a471561d53f3,OrderRole.Standalone,OrderType.Market,_default,,PositionEffect.Open,,222700.0,False,,OrderSide.Buy,OrderStatus.Filled,600809.SH,,TimeInForce.GTC,,,,1695571200000000000,2023-09-24T16:00:00Z
3.98398,137620.61313,1695312000000000000,2023-09-21T16:00:00Z,13817400.0,,e00cac91-20e2-4022-97d7-417e5e2f61ee,OrderRole.Standalone,OrderType.Market,_default,,PositionEffect.Open,,13817400.0,False,,OrderSide.Buy,OrderStatus.Filled,601077.SH,,TimeInForce.GTC,,,,1695571200000000000,2023-09-24T16:00:00Z
6.18618,137274.42729,1695312000000000000,2023-09-21T16:00:00Z,8876200.0,,8b921ff8-b1e9-47d4-8c0c-7ce530da3d30,OrderRole.Standalone,OrderType.Market,_default,,PositionEffect.Open,,8876200.0,False,,OrderSide.Buy,OrderStatus.Filled,601229.SH,,TimeInForce.GTC,,,,1695571200000000000,2023-09-24T16:00:00Z
228.17795,137819.4818,1695312000000000000,2023-09-21T16:00:00Z,241600.0,,f6294a89-20fe-48e1-a136-824ae6318f64,OrderRole.Standalone,OrderType.Market,_default,,PositionEffect.Open,,241600.0,False,,OrderSide.Buy,OrderStatus.Filled,000568.SZ,,TimeInForce.GTC,,,,1695571200000000000,2023-09-24T16:00:00Z
278.03776,137281.144,1695312000000000000,2023-09-21T16:00:00Z,197500.0,,0cf31e69-7608-42fd-956e-075791acb6f1,OrderRole.Standalone,OrderType.Market,_default,,PositionEffect.Open,,197500.0,False,,OrderSide.Buy,OrderStatus.Filled,000596.SZ,,TimeInForce.GTC,,,,1695571200000000000,2023-09-24T16:00:00Z
,0.0,1698595200000000000,2023-10-29T16:00:00Z,0.0,,b518c485-6e0e-43b3-a66e-fbb5ec1dcdb9,OrderRole.Standalone,OrderType.Market,_default,,PositionEffect.Close,,2305300.0,False,"Risk: Insufficient available position for 000001.SZ at execution. Available: 2305299.9999999999607425138488, Required: 2305300",OrderSide.Sell,OrderStatus.Rejected,000001.SZ,,TimeInForce.GTC,,,,1698681600000000000,2023-10-30T16:00:00Z
214.2855,129428.442,1698595200000000000,2023-10-29T16:00:00Z,241600.0,,d1e48fc3-af1f-4d20-8b76-e2f47489618f,OrderRole.Standalone,OrderType.Market,_default,,PositionEffect.Close,,241600.0,False,,OrderSide.Sell,OrderStatus.Filled,000568.SZ,,TimeInForce.GTC,,,,1698681600000000000,2023-10-30T16:00:00Z
277.2225,136878.609375,1698595200000000000,2023-10-29T16:00:00Z,197500.0,,32233c76-2fdc-49b3-8dff-37abdb91e1f6,OrderRole.Standalone,OrderType.Market,_default,,PositionEffect.Close,,197500.0,False,,OrderSide.Sell,OrderStatus.Filled,000596.SZ,,TimeInForce.GTC,,,,1698681600000000000,2023-10-30T16:00:00Z
244.755,136267.34625,1698595200000000000,2023-10-29T16:00:00Z,222700.0,,c0e965da-e448-43a6-ac14-7a440ffd9a82,OrderRole.Standalone,OrderType.Market,_default,,PositionEffect.Close,,222700.0,False,,OrderSide.Sell,OrderStatus.Filled,600809.SH,,TimeInForce.GTC,,,,1698681600000000000,2023-10-30T16:00:00Z
4.16583,143902.348605,1698595200000000000,2023-10-29T16:00:00Z,13817400.0,,36aca417-83f6-4dba-bfc5-7303650ea2ac,OrderRole.Standalone,OrderType.Market,_default,,PositionEffect.Close,,13817400.0,False,,OrderSide.Sell,OrderStatus.Filled,601077.SH,,TimeInForce.GTC,,,,1698681600000000000,2023-10-30T16:00:00Z
6.01398,133453.22319,1698595200000000000,2023-10-29T16:00:00Z,8876200.0,,d090be10-7b93-4195-924d-d7a91e1b9c24,OrderRole.Standalone,OrderType.Market,_default,,PositionEffect.Close,,8876200.0,False,,OrderSide.Sell,OrderStatus.Filled,601229.SH,,TimeInForce.GTC,,,,1698681600000000000,2023-10-30T16:00:00Z
12.09208,66727.12046,1698595200000000000,2023-10-29T16:00:00Z,2207300.0,,c87c6f76-dcc9-40a8-be73-3dee3aab0d06,OrderRole.Standalone,OrderType.Market,_default,,PositionEffect.Open,,2207300.0,False,,OrderSide.Buy,OrderStatus.Filled,601881.SH,,TimeInForce.GTC,,,,1698681600000000000,2023-10-30T16:00:00Z
39.08905,67027.9484875,1698595200000000000,2023-10-29T16:00:00Z,685900.0,,3aa35f85-80e2-4ca9-abc5-89f524535801,OrderRole.Standalone,OrderType.Market,_default,,PositionEffect.Open,,685900.0,False,,OrderSide.Buy,OrderStatus.Filled,603899.SH,,TimeInForce.GTC,,,,1698681600000000000,2023-10-30T16:00:00Z
61.7617,65776.2105,1698595200000000000,2023-10-29T16:00:00Z,426000.0,,e9bed51d-58fe-4e5d-b152-f2521914dcba,OrderRole.Standalone,OrderType.Market,_default,,PositionEffect.Open,,426000.0,False,,OrderSide.Buy,OrderStatus.Filled,688041.SH,,TimeInForce.GTC,,,,1698681600000000000,2023-10-30T16:00:00Z
119.119,66379.06275,1698595200000000000,2023-10-29T16:00:00Z,222900.0,,b417963a-0bb8-4c84-8493-b474148346fe,OrderRole.Standalone,OrderType.Market,_default,,PositionEffect.Open,,222900.0,False,,OrderSide.Buy,OrderStatus.Filled,688271.SH,,TimeInForce.GTC,,,,1698681600000000000,2023-10-30T16:00:00Z
5.99599,67970.54264,1698595200000000000,2023-10-29T16:00:00Z,4534400.0,,03819993-dcfa-45aa-8432-9c02539d8735,OrderRole.Standalone,OrderType.Market,_default,,PositionEffect.Open,,4534400.0,False,,OrderSide.Buy,OrderStatus.Filled,002602.SZ,,TimeInForce.GTC,,,,1698681600000000000,2023-10-30T16:00:00Z
66.73667,66085.9874675,1698595200000000000,2023-10-29T16:00:00Z,396100.0,,5fd4f160-1868-48e1-ad5e-38f22ada8101,OrderRole.Standalone,OrderType.Market,_default,,PositionEffect.Open,,396100.0,False,,OrderSide.Buy,OrderStatus.Filled,002812.SZ,,TimeInForce.GTC,,,,1698681600000000000,2023-10-30T16:00:00Z
92.18209,66947.2428625,1698595200000000000,2023-10-29T16:00:00Z,290500.0,,1599ac99-4ad3-42ec-ac34-69f702f9e56b,OrderRole.Standalone,OrderType.Market,_default,,PositionEffect.Open,,290500.0,False,,OrderSide.Buy,OrderStatus.Filled,300661.SZ,,TimeInForce.GTC,,,,1698681600000000000,2023-10-30T16:00:00Z
149.6495,69549.605125,1698595200000000000,2023-10-29T16:00:00Z,185900.0,,a08756ac-4b35-4c0a-859c-ab6be549152e,OrderRole.Standalone,OrderType.Market,_default,,PositionEffect.Open,,185900.0,False,,OrderSide.Buy,OrderStatus.Filled,300782.SZ,,TimeInForce.GTC,,,,1698681600000000000,2023-10-30T16:00:00Z
34.72469,66732.1730075,1698595200000000000,2023-10-29T16:00:00Z,768700.0,,f4ab46aa-ab59-4be4-8fc0-64b21e40e0de,OrderRole.Standalone,OrderType.Market,_default,,PositionEffect.Open,,768700.0,False,,OrderSide.Buy,OrderStatus.Filled,301236.SZ,,TimeInForce.GTC,,,,1698681600000000000,2023-10-30T16:00:00Z
23.29327,66944.85798,1698595200000000000,2023-10-29T16:00:00Z,1149600.0,,c9927c45-c385-42a7-8450-4ef096f019af,OrderRole.Standalone,OrderType.Market,_default,,PositionEffect.Open,,1149600.0,False,,OrderSide.Buy,OrderStatus.Filled,601136.SH,,TimeInForce.GTC,,,,1698681600000000000,2023-10-30T16:00:00Z
,0.0,1701014400000000000,2023-11-26T16:00:00Z,0.0,,55062d6c-91aa-4281-b979-f4726ba13300,OrderRole.Standalone,OrderType.Market,_default,,PositionEffect.Close,,2305300.0,False,"Risk: Insufficient available position for 000001.SZ at execution. Available: 2305299.9999999999607425138488, Required: 2305300",OrderSide.Sell,OrderStatus.Rejected,000001.SZ,,TimeInForce.GTC,,,,1701100800000000000,2023-11-27T16:00:00Z
5.54445,62851.8852,1701014400000000000,2023-11-26T16:00:00Z,4534400.0,,a8ad4763-3fd4-4aa9-a873-8cbc626fe6af,OrderRole.Standalone,OrderType.Market,_default,,PositionEffect.Close,,4534400.0,False,,OrderSide.Sell,OrderStatus.Filled,002602.SZ,,TimeInForce.GTC,,,,1701100800000000000,2023-11-27T16:00:00Z
58.7412,58168.4733,1701014400000000000,2023-11-26T16:00:00Z,396100.0,,1b01c7b2-b1a8-4c8c-b60a-6007b1350fbb,OrderRole.Standalone,OrderType.Market,_default,,PositionEffect.Close,,396100.0,False,,OrderSide.Sell,OrderStatus.Filled,002812.SZ,,TimeInForce.GTC,,,,1701100800000000000,2023-11-27T16:00:00Z
84.915,61669.51875,1701014400000000000,2023-11-26T16:00:00Z,290500.0,,ec6ca3c6-2f30-4695-b8ce-e3b87841e2bb,OrderRole.Standalone,OrderType.Market,_default,,PositionEffect.Close,,290500.0,False,,OrderSide.Sell,OrderStatus.Filled,300661.SZ,,TimeInForce.GTC,,,,1701100800000000000,2023-11-27T16:00:00Z
135.92394,63170.651115,1701014400000000000,2023-11-26T16:00:00Z,185900.0,,17b55962-4df9-4a07-b877-e7329c1c389f,OrderRole.Standalone,OrderType.Market,_default,,PositionEffect.Close,,185900.0,False,,OrderSide.Sell,OrderStatus.Filled,300782.SZ,,TimeInForce.GTC,,,,1701100800000000000,2023-11-27T16:00:00Z
20.72925,59575.8645,1701014400000000000,2023-11-26T16:00:00Z,1149600.0,,f65eaf1f-b756-41e9-9356-2d157d33471c,OrderRole.Standalone,OrderType.Market,_default,,PositionEffect.Close,,1149600.0,False,,OrderSide.Sell,OrderStatus.Filled,601136.SH,,TimeInForce.GTC,,,,1701100800000000000,2023-11-27T16:00:00Z
12.54744,69239.91078,1701014400000000000,2023-11-26T16:00:00Z,2207300.0,,6a93d835-3fc3-4de1-b4d0-fe80a4b1b9e1,OrderRole.Standalone,OrderType.Market,_default,,PositionEffect.Close,,2207300.0,False,,OrderSide.Sell,OrderStatus.Filled,601881.SH,,TimeInForce.GTC,,,,1701100800000000000,2023-11-27T16:00:00Z
39.14082,67116.721095,1701014400000000000,2023-11-26T16:00:00Z,685900.0,,74a278f3-a36e-4ad1-821f-1b1c5e2a991f,OrderRole.Standalone,OrderType.Market,_default,,PositionEffect.Close,,685900.0,False,,OrderSide.Sell,OrderStatus.Filled,603899.SH,,TimeInForce.GTC,,,,1701100800000000000,2023-11-27T16:00:00Z
67.3326,71709.219,1701014400000000000,2023-11-26T16:00:00Z,426000.0,,54e79ba7-b0a2-41f9-880d-0563f5c753de,OrderRole.Standalone,OrderType.Market,_default,,PositionEffect.Close,,426000.0,False,,OrderSide.Sell,OrderStatus.Filled,688041.SH,,TimeInForce.GTC,,,,1701100800000000000,2023-11-27T16:00:00Z
128.3715,71535.018375,1701014400000000000,2023-11-26T16:00:00Z,222900.0,,4ab775a2-4fcf-47df-97b5-a41f0dbfa245,OrderRole.Standalone,OrderType.Market,_default,,PositionEffect.Close,,222900.0,False,,OrderSide.Sell,OrderStatus.Filled,688271.SH,,TimeInForce.GTC,,,,1701100800000000000,2023-11-27T16:00:00Z
45.00496,131774.52288,1701014400000000000,2023-11-26T16:00:00Z,1171200.0,,b630f007-5b3f-4f2b-8142-8c3684fa8566,OrderRole.Standalone,OrderType.Market,_default,,PositionEffect.Open,,1171200.0,False,,OrderSide.Buy,OrderStatus.Filled,300502.SZ,,TimeInForce.GTC,,,,1701100800000000000,2023-11-27T16:00:00Z
76.9769,134170.7367,1701014400000000000,2023-11-26T16:00:00Z,697200.0,,86be1e78-1e6a-4aea-a1b6-d00588842d24,OrderRole.Standalone,OrderType.Market,_default,,PositionEffect.Open,,697200.0,False,,OrderSide.Buy,OrderStatus.Filled,601127.SH,,TimeInForce.GTC,,,,1701100800000000000,2023-11-27T16:00:00Z
8.69869,133079.0836375,1701014400000000000,2023-11-26T16:00:00Z,6119500.0,,3767e169-c148-49de-a4e5-608b102aa322,OrderRole.Standalone,OrderType.Market,_default,,PositionEffect.Open,,6119500.0,False,,OrderSide.Buy,OrderStatus.Filled,601901.SH,,TimeInForce.GTC,,,,1701100800000000000,2023-11-27T16:00:00Z
144.144,132756.624,1701014400000000000,2023-11-26T16:00:00Z,368400.0,,00ccdb1a-c691-4ef6-ba9e-3e437af6516e,OrderRole.Standalone,OrderType.Market,_default,,PositionEffect.Open,,368400.0,False,,OrderSide.Buy,OrderStatus.Filled,688256.SH,,TimeInForce.GTC,,,,1701100800000000000,2023-11-27T16:00:00Z
42.5425,51699.773125,1701014400000000000,2023-11-26T16:00:00Z,486100.0,,5b45ba37-7b01-4672-be5c-ef93268680f5,OrderRole.Standalone,OrderType.Market,_default,,PositionEffect.Open,,486100.0,False,,OrderSide.Buy,OrderStatus.Filled,301236.SZ,,TimeInForce.GTC,,,,1701100800000000000,2023-11-27T16:00:00Z
40.63932,127485.54684,1701100800000000000,2023-11-27T16:00:00Z,1254800.0,,a01d70ec-fceb-4593-8a09-5557e84df41e,OrderRole.Standalone,OrderType.Market,_default,,PositionEffect.Close,,1254800.0,False,,OrderSide.Sell,OrderStatus.Filled,301236.SZ,,TimeInForce.GTC,,,,1701187200000000000,2023-11-28T16:00:00Z
,0.0,1703433600000000000,2023-12-24T16:00:00Z,0.0,,3ba7fe32-bb84-4a61-b61e-a925c6056834,OrderRole.Standalone,OrderType.Market,_default,,PositionEffect.Close,,2305300.0,False,"Risk: Insufficient available position for 000001.SZ at execution. Available: 2305299.9999999999607425138488, Required: 2305300",OrderSide.Sell,OrderStatus.Rejected,000001.SZ,,TimeInForce.GTC,,,,1703520000000000000,2023-12-25T16:00:00Z
48.90105,35331.008625,1703433600000000000,2023-12-24T16:00:00Z,289000.0,,605c1d07-0ed5-49bd-8f91-557f61dc0862,OrderRole.Standalone,OrderType.Market,_default,,PositionEffect.Close,,289000.0,False,,OrderSide.Sell,OrderStatus.Filled,300502.SZ,,TimeInForce.GTC,,,,1703520000000000000,2023-12-25T16:00:00Z
83.916,146265.588,1703433600000000000,2023-12-24T16:00:00Z,697200.0,,9100766d-19fc-4ae8-8d80-c5ab55f20248,OrderRole.Standalone,OrderType.Market,_default,,PositionEffect.Close,,697200.0,False,,OrderSide.Sell,OrderStatus.Filled,601127.SH,,TimeInForce.GTC,,,,1703520000000000000,2023-12-25T16:00:00Z
7.81218,119516.588775,1703433600000000000,2023-12-24T16:00:00Z,6119500.0,,d5baaecf-918b-483c-9111-22b34321b0a2,OrderRole.Standalone,OrderType.Market,_default,,PositionEffect.Close,,6119500.0,False,,OrderSide.Sell,OrderStatus.Filled,601901.SH,,TimeInForce.GTC,,,,1703520000000000000,2023-12-25T16:00:00Z
134.0658,123474.6018,1703433600000000000,2023-12-24T16:00:00Z,368400.0,,b6e3d3bc-9066-4371-a3d5-d02ff58e792d,OrderRole.Standalone,OrderType.Market,_default,,PositionEffect.Close,,368400.0,False,,OrderSide.Sell,OrderStatus.Filled,688256.SH,,TimeInForce.GTC,,,,1703520000000000000,2023-12-25T16:00:00Z
93.08299,109186.34727,1703433600000000000,2023-12-24T16:00:00Z,469200.0,,16031e4e-6cd0-4e0c-b432-abd3347eb2ef,OrderRole.Standalone,OrderType.Market,_default,,PositionEffect.Open,,469200.0,False,,OrderSide.Buy,OrderStatus.Filled,300394.SZ,,TimeInForce.GTC,,,,1703520000000000000,2023-12-25T16:00:00Z
36.79676,109139.19016,1703433600000000000,2023-12-24T16:00:00Z,1186400.0,,f233dee4-e1e8-4f29-bf30-bd073acd1a01,OrderRole.Standalone,OrderType.Market,_default,,PositionEffect.Open,,1186400.0,False,,OrderSide.Buy,OrderStatus.Filled,300418.SZ,,TimeInForce.GTC,,,,1703520000000000000,2023-12-25T16:00:00Z
42.40236,109875.11535,1703433600000000000,2023-12-24T16:00:00Z,1036500.0,,40e980ef-c449-4440-8197-25e9282d3430,OrderRole.Standalone,OrderType.Market,_default,,PositionEffect.Open,,1036500.0,False,,OrderSide.Buy,OrderStatus.Filled,301236.SZ,,TimeInForce.GTC,,,,1703520000000000000,2023-12-25T16:00:00Z
12.99298,109287.203025,1703433600000000000,2023-12-24T16:00:00Z,3364500.0,,7538d95e-573b-44fb-940f-ca527701041f,OrderRole.Standalone,OrderType.Market,_default,,PositionEffect.Open,,3364500.0,False,,OrderSide.Buy,OrderStatus.Filled,600066.SH,,TimeInForce.GTC,,,,1703520000000000000,2023-12-25T16:00:00Z
17.25724,109139.10007,1703433600000000000,2023-12-24T16:00:00Z,2529700.0,,761f6139-d5f0-4475-b5e6-5bb0a735f125,OrderRole.Standalone,OrderType.Market,_default,,PositionEffect.Open,,2529700.0,False,,OrderSide.Buy,OrderStatus.Filled,601059.SH,,TimeInForce.GTC,,,,1703520000000000000,2023-12-25T16:00:00Z
47.8521,105537.80655,1703520000000000000,2023-12-25T16:00:00Z,882200.0,,b31680b3-af28-418f-bc94-54b414199948,OrderRole.Standalone,OrderType.Market,_default,,PositionEffect.Close,,882200.0,False,,OrderSide.Sell,OrderStatus.Filled,300502.SZ,,TimeInForce.GTC,,,,1703606400000000000,2023-12-26T16:00:00Z
,0.0,1705939200000000000,2024-01-22T16:00:00Z,0.0,,5301fb21-7508-47fa-abab-c22b3d4560bd,OrderRole.Standalone,OrderType.Market,_default,,PositionEffect.Close,,2305300.0,False,"Risk: Insufficient available position for 000001.SZ at execution. Available: 2305299.9999999999607425138488, Required: 2305300",OrderSide.Sell,OrderStatus.Rejected,000001.SZ,,TimeInForce.GTC,,,,1706025600000000000,2024-01-23T16:00:00Z
97.902,114839.046,1705939200000000000,2024-01-22T16:00:00Z,469200.0,,f479d2c0-6acc-4306-8e96-6cc7252fe4cc,OrderRole.Standalone,OrderType.Market,_default,,PositionEffect.Close,,469200.0,False,,OrderSide.Sell,OrderStatus.Filled,300394.SZ,,TimeInForce.GTC,,,,1706025600000000000,2024-01-23T16:00:00Z
35.97399,106698.85434,1705939200000000000,2024-01-22T16:00:00Z,1186400.0,,a5a7c3fa-dd65-48fc-86aa-746c3c9ce7a3,OrderRole.Standalone,OrderType.Market,_default,,PositionEffect.Close,,1186400.0,False,,OrderSide.Sell,OrderStatus.Filled,300418.SZ,,TimeInForce.GTC,,,,1706025600000000000,2024-01-23T16:00:00Z
37.3626,96815.83725,1705939200000000000,2024-01-22T16:00:00Z,1036500.0,,fc6881f4-71e3-4382-893e-732597581102,OrderRole.Standalone,OrderType.Market,_default,,PositionEffect.Close,,1036500.0,False,,OrderSide.Sell,OrderStatus.Filled,301236.SZ,,TimeInForce.GTC,,,,1706025600000000000,2024-01-23T16:00:00Z
15.39459,129487.7451375,1705939200000000000,2024-01-22T16:00:00Z,3364500.0,,e5591247-80e6-457a-ace5-e990c1b4876b,OrderRole.Standalone,OrderType.Market,_default,,PositionEffect.Close,,3364500.0,False,,OrderSide.Sell,OrderStatus.Filled,600066.SH,,TimeInForce.GTC,,,,1706025600000000000,2024-01-23T16:00:00Z
17.8821,113090.870925,1705939200000000000,2024-01-22T16:00:00Z,2529700.0,,74a24a71-68f1-4d0b-a688-6ca867dbc603,OrderRole.Standalone,OrderType.Market,_default,,PositionEffect.Close,,2529700.0,False,,OrderSide.Sell,OrderStatus.Filled,601059.SH,,TimeInForce.GTC,,,,1706025600000000000,2024-01-23T16:00:00Z
25.7257,132249.392275,1705939200000000000,2024-01-22T16:00:00Z,2056300.0,,50d809b9-0a61-4d06-8847-3c1bd42f7611,OrderRole.Standalone,OrderType.Market,_default,,PositionEffect.Open,,2056300.0,False,,OrderSide.Buy,OrderStatus.Filled,000408.SZ,,TimeInForce.GTC,,,,1706025600000000000,2024-01-23T16:00:00Z
154.14399,132024.327435,1705939200000000000,2024-01-22T16:00:00Z,342600.0,,647461ce-4ef5-4067-8988-fa0387185f49,OrderRole.Standalone,OrderType.Market,_default,,PositionEffect.Open,,342600.0,False,,OrderSide.Buy,OrderStatus.Filled,000568.SZ,,TimeInForce.GTC,,,,1706025600000000000,2024-01-23T16:00:00Z
1630.629,132488.60625,1705939200000000000,2024-01-22T16:00:00Z,32500.0,,f6ca527f-1ad7-406e-88aa-ed769f990e54,OrderRole.Standalone,OrderType.Market,_default,,PositionEffect.Open,,32500.0,False,,OrderSide.Buy,OrderStatus.Filled,600519.SH,,TimeInForce.GTC,,,,1706025600000000000,2024-01-23T16:00:00Z
203.7035,133120.23725,1705939200000000000,2024-01-22T16:00:00Z,261400.0,,957fb111-0c7b-44f8-93c6-3f728feb0655,OrderRole.Standalone,OrderType.Market,_default,,PositionEffect.Open,,261400.0,False,,OrderSide.Buy,OrderStatus.Filled,600809.SH,,TimeInForce.GTC,,,,1706025600000000000,2024-01-23T16:00:00Z
55.97592,132467.01468,1705939200000000000,2024-01-22T16:00:00Z,946600.0,,8bd9e9a8-1855-405a-92b4-55c2d0eeca50,OrderRole.Standalone,OrderType.Market,_default,,PositionEffect.Open,,946600.0,False,,OrderSide.Buy,OrderStatus.Filled,002466.SZ,,TimeInForce.GTC,,,,1706025600000000000,2024-01-23T16:00:00Z
,0.0,1709049600000000000,2024-02-27T16:00:00Z,0.0,,d4530884-3658-49f8-a415-8af0438a2348,OrderRole.Standalone,OrderType.Market,_default,,PositionEffect.Close,,2305300.0,False,"Risk: Insufficient available position for 000001.SZ at execution. Available: 2305299.9999999999607425138488, Required: 2305300",OrderSide.Sell,OrderStatus.Rejected,000001.SZ,,TimeInForce.GTC,,,,1709136000000000000,2024-02-28T16:00:00Z
27.4725,72493.059375,1709049600000000000,2024-02-27T16:00:00Z,1055500.0,,c68a6cc4-9788-40ae-8b61-7289a8344e13,OrderRole.Standalone,OrderType.Market,_default,,PositionEffect.Close,,1055500.0,False,,OrderSide.Sell,OrderStatus.Filled,000408.SZ,,TimeInForce.GTC,,,,1709136000000000000,2024-02-28T16:00:00Z
168.41142,144244.38123,1709049600000000000,2024-02-27T16:00:00Z,342600.0,,fa8a748d-975e-44fe-a3ed-8a01fa9086d7,OrderRole.Standalone,OrderType.Market,_default,,PositionEffect.Close,,342600.0,False,,OrderSide.Sell,OrderStatus.Filled,000568.SZ,,TimeInForce.GTC,,,,1709136000000000000,2024-02-28T16:00:00Z
50.2497,118915.91505,1709049600000000000,2024-02-27T16:00:00Z,946600.0,,8c03b144-922d-4e87-9632-50dda4527936,OrderRole.Standalone,OrderType.Market,_default,,PositionEffect.Close,,946600.0,False,,OrderSide.Sell,OrderStatus.Filled,002466.SZ,,TimeInForce.GTC,,,,1709136000000000000,2024-02-28T16:00:00Z
1679.86845,67614.7051125,1709049600000000000,2024-02-27T16:00:00Z,16100.0,,cac3f5d9-af92-44fb-956a-e9d383a8c5af,OrderRole.Standalone,OrderType.Market,_default,,PositionEffect.Close,,16100.0,False,,OrderSide.Sell,OrderStatus.Filled,600519.SH,,TimeInForce.GTC,,,,1709136000000000000,2024-02-28T16:00:00Z
226.56321,148059.057735,1709049600000000000,2024-02-27T16:00:00Z,261400.0,,0c58e8e8-ea79-4e1e-a39a-261633efc5ee,OrderRole.Standalone,OrderType.Market,_default,,PositionEffect.Close,,261400.0,False,,OrderSide.Sell,OrderStatus.Filled,600809.SH,,TimeInForce.GTC,,,,1709136000000000000,2024-02-28T16:00:00Z
25.2252,68492.7243,1709049600000000000,2024-02-27T16:00:00Z,1086100.0,,7099f353-7719-4a0a-8eef-a44f9349616c,OrderRole.Standalone,OrderType.Market,_default,,PositionEffect.Open,,1086100.0,False,,OrderSide.Buy,OrderStatus.Filled,600900.SH,,TimeInForce.GTC,,,,1709136000000000000,2024-02-28T16:00:00Z
4.15415,68604.7487125,1709049600000000000,2024-02-27T16:00:00Z,6605900.0,,b88f0f55-959f-4e22-8a79-3d0482a1302a,OrderRole.Standalone,OrderType.Market,_default,,PositionEffect.Open,,6605900.0,False,,OrderSide.Buy,OrderStatus.Filled,601288.SH,,TimeInForce.GTC,,,,1709136000000000000,2024-02-28T16:00:00Z
8.78878,68302.00377,1709049600000000000,2024-02-27T16:00:00Z,3108600.0,,a9c1145d-5449-4f69-b6df-d7d36ad02327,OrderRole.Standalone,OrderType.Market,_default,,PositionEffect.Open,,3108600.0,False,,OrderSide.Buy,OrderStatus.Filled,601857.SH,,TimeInForce.GTC,,,,1709136000000000000,2024-02-28T16:00:00Z
62.062,68966.3975,1709049600000000000,2024-02-27T16:00:00Z,444500.0,,87acc830-d398-490b-869c-a889dc26baf0,OrderRole.Standalone,OrderType.Market,_default,,PositionEffect.Open,,444500.0,False,,OrderSide.Buy,OrderStatus.Filled,000333.SZ,,TimeInForce.GTC,,,,1709136000000000000,2024-02-28T16:00:00Z
25.3253,68764.520825,1709049600000000000,2024-02-27T16:00:00Z,1086100.0,,5f580a46-7c49-489a-ac75-3a5440528775,OrderRole.Standalone,OrderType.Market,_default,,PositionEffect.Open,,1086100.0,False,,OrderSide.Buy,OrderStatus.Filled,002463.SZ,,TimeInForce.GTC,,,,1709136000000000000,2024-02-28T16:00:00Z
153.153,70220.6505,1709049600000000000,2024-02-27T16:00:00Z,183400.0,,2b8c5883-919d-43cf-bd01-18a1a0a47bd0,OrderRole.Standalone,OrderType.Market,_default,,PositionEffect.Open,,183400.0,False,,OrderSide.Buy,OrderStatus.Filled,300308.SZ,,TimeInForce.GTC,,,,1709136000000000000,2024-02-28T16:00:00Z
126.14602,69474.920515,1709049600000000000,2024-02-27T16:00:00Z,220300.0,,2fb14f61-1652-49df-8db1-43e68e8ff42c,OrderRole.Standalone,OrderType.Market,_default,,PositionEffect.Open,,220300.0,False,,OrderSide.Buy,OrderStatus.Filled,300394.SZ,,TimeInForce.GTC,,,,1709136000000000000,2024-02-28T16:00:00Z
17.3173,68528.885425,1709049600000000000,2024-02-27T16:00:00Z,1582900.0,,4d8eb733-ccda-4fd4-b5b7-fd4866ddeab9,OrderRole.Standalone,OrderType.Market,_default,,PositionEffect.Open,,1582900.0,False,,OrderSide.Buy,OrderStatus.Filled,600066.SH,,TimeInForce.GTC,,,,1709136000000000000,2024-02-28T16:00:00Z
29.25072,73185.30144,1709136000000000000,2024-02-28T16:00:00Z,1000800.0,,2023b266-bbc4-4f07-a366-0377060d8f0d,OrderRole.Standalone,OrderType.Market,_default,,PositionEffect.Close,,1000800.0,False,,OrderSide.Sell,OrderStatus.Filled,000408.SZ,,TimeInForce.GTC,,,,1709222400000000000,2024-02-29T16:00:00Z
1688.31,69220.71,1709136000000000000,2024-02-28T16:00:00Z,16400.0,,39e9a83b-b087-481c-895f-efae896328c2,OrderRole.Standalone,OrderType.Market,_default,,PositionEffect.Close,,16400.0,False,,OrderSide.Sell,OrderStatus.Filled,600519.SH,,TimeInForce.GTC,,,,1709222400000000000,2024-02-29T16:00:00Z
,0.0,1711468800000000000,2024-03-26T16:00:00Z,0.0,,1ae97f2e-c968-436c-a3fe-31e8c64422b9,OrderRole.Standalone,OrderType.Market,_default,,PositionEffect.Close,,2305300.0,False,"Risk: Insufficient available position for 000001.SZ at execution. Available: 2305299.9999999999607425138488, Required: 2305300",OrderSide.Sell,OrderStatus.Rejected,000001.SZ,,TimeInForce.GTC,,,,1711555200000000000,2024-03-27T16:00:00Z
64.16577,71304.2119125,1711468800000000000,2024-03-26T16:00:00Z,444500.0,,56b82253-1291-4566-95fe-eb9c7643e71f,OrderRole.Standalone,OrderType.Market,_default,,PositionEffect.Close,,444500.0,False,,OrderSide.Sell,OrderStatus.Filled,000333.SZ,,TimeInForce.GTC,,,,1711555200000000000,2024-03-27T16:00:00Z
30.0699,81647.295975,1711468800000000000,2024-03-26T16:00:00Z,1086100.0,,33804ca7-9e44-432c-8a39-20cea5b72dd3,OrderRole.Standalone,OrderType.Market,_default,,PositionEffect.Close,,1086100.0,False,,OrderSide.Sell,OrderStatus.Filled,002463.SZ,,TimeInForce.GTC,,,,1711555200000000000,2024-03-27T16:00:00Z
151.90794,10937.37168,1711468800000000000,2024-03-26T16:00:00Z,28800.0,,a0b4d9d9-91e7-46ed-8e6b-28cf60be9c5b,OrderRole.Standalone,OrderType.Market,_default,,PositionEffect.Close,,28800.0,False,,OrderSide.Sell,OrderStatus.Filled,300394.SZ,,TimeInForce.GTC,,,,1711555200000000000,2024-03-27T16:00:00Z
18.71127,74045.1732075,1711468800000000000,2024-03-26T16:00:00Z,1582900.0,,f4de6217-2b22-4d7f-8a6f-e0816ac7ac20,OrderRole.Standalone,OrderType.Market,_default,,PositionEffect.Close,,1582900.0,False,,OrderSide.Sell,OrderStatus.Filled,600066.SH,,TimeInForce.GTC,,,,1711555200000000000,2024-03-27T16:00:00Z
24.83514,67433.613885,1711468800000000000,2024-03-26T16:00:00Z,1086100.0,,fb054951-99ea-4615-8e2e-57e4e2c8fc1f,OrderRole.Standalone,OrderType.Market,_default,,PositionEffect.Close,,1086100.0,False,,OrderSide.Sell,OrderStatus.Filled,600900.SH,,TimeInForce.GTC,,,,1711555200000000000,2024-03-27T16:00:00Z
4.26573,70447.4645175,1711468800000000000,2024-03-26T16:00:00Z,6605900.0,,05695a9e-f6b1-4d6f-b2a6-a8183f5f0c7c,OrderRole.Standalone,OrderType.Market,_default,,PositionEffect.Close,,6605900.0,False,,OrderSide.Sell,OrderStatus.Filled,601288.SH,,TimeInForce.GTC,,,,1711555200000000000,2024-03-27T16:00:00Z
9.17082,71271.02763,1711468800000000000,2024-03-26T16:00:00Z,3108600.0,,ccabe52f-e80c-4733-b06c-f17bee2184f8,OrderRole.Standalone,OrderType.Market,_default,,PositionEffect.Close,,3108600.0,False,,OrderSide.Sell,OrderStatus.Filled,601857.SH,,TimeInForce.GTC,,,,1711555200000000000,2024-03-27T16:00:00Z
169.33917,72307.82559,1711468800000000000,2024-03-26T16:00:00Z,170800.0,,94800c23-455b-4c06-8b88-3ed02c942f99,OrderRole.Standalone,OrderType.Market,_default,,PositionEffect.Open,,170800.0,False,,OrderSide.Buy,OrderStatus.Filled,688256.SH,,TimeInForce.GTC,,,,1711555200000000000,2024-03-27T16:00:00Z
36.9369,73245.8727,1711468800000000000,2024-03-26T16:00:00Z,793200.0,,043c8867-76e0-43b7-b01d-695d88af4d02,OrderRole.Standalone,OrderType.Market,_default,,PositionEffect.Open,,793200.0,False,,OrderSide.Buy,OrderStatus.Filled,300418.SZ,,TimeInForce.GTC,,,,1711555200000000000,2024-03-27T16:00:00Z
28.99897,72359.6798925,1711468800000000000,2024-03-26T16:00:00Z,998100.0,,015397bc-13a3-4cc3-8faa-46e85fb08d28,OrderRole.Standalone,OrderType.Market,_default,,PositionEffect.Open,,998100.0,False,,OrderSide.Buy,OrderStatus.Filled,300442.SZ,,TimeInForce.GTC,,,,1711555200000000000,2024-03-27T16:00:00Z
61.31125,72362.6028125,1711468800000000000,2024-03-26T16:00:00Z,472100.0,,4b34e952-c59f-4114-9d2f-3cafbd1ff8c8,OrderRole.Standalone,OrderType.Market,_default,,PositionEffect.Open,,472100.0,False,,OrderSide.Buy,OrderStatus.Filled,300454.SZ,,TimeInForce.GTC,,,,1711555200000000000,2024-03-27T16:00:00Z
23.61359,72304.81258,1711468800000000000,2024-03-26T16:00:00Z,1224800.0,,55cd9cad-f278-4f9e-b723-f2859fda2ea4,OrderRole.Standalone,OrderType.Market,_default,,PositionEffect.Open,,1224800.0,False,,OrderSide.Buy,OrderStatus.Filled,300476.SZ,,TimeInForce.GTC,,,,1711555200000000000,2024-03-27T16:00:00Z
67.8678,73178.45535,1711468800000000000,2024-03-26T16:00:00Z,431300.0,,ab41ec18-0cf7-483a-b07c-e0c48a9a29f8,OrderRole.Standalone,OrderType.Market,_default,,PositionEffect.Open,,431300.0,False,,OrderSide.Buy,OrderStatus.Filled,300502.SZ,,TimeInForce.GTC,,,,1711555200000000000,2024-03-27T16:00:00Z
35.6356,72723.3507,1711468800000000000,2024-03-26T16:00:00Z,816300.0,,be4df2d3-d8b2-4b14-8701-0b1c313ae3ce,OrderRole.Standalone,OrderType.Market,_default,,PositionEffect.Open,,816300.0,False,,OrderSide.Buy,OrderStatus.Filled,301165.SZ,,TimeInForce.GTC,,,,1711555200000000000,2024-03-27T16:00:00Z
45.52548,73034.25129,1711468800000000000,2024-03-26T16:00:00Z,641700.0,,497d818f-5257-4d62-be1f-5b60d715cd8e,OrderRole.Standalone,OrderType.Market,_default,,PositionEffect.Open,,641700.0,False,,OrderSide.Buy,OrderStatus.Filled,301236.SZ,,TimeInForce.GTC,,,,1711555200000000000,2024-03-27T16:00:00Z
155.16501,1551.6501,1711468800000000000,2024-03-26T16:00:00Z,4000.0,,ace346ce-362e-49ba-9d57-5a49f9fa6c96,OrderRole.Standalone,OrderType.Market,_default,,PositionEffect.Open,,4000.0,False,,OrderSide.Buy,OrderStatus.Filled,300308.SZ,,TimeInForce.GTC,,,,1711555200000000000,2024-03-27T16:00:00Z
152.9469,71655.62265,1711555200000000000,2024-03-27T16:00:00Z,187400.0,,fb88bb91-d1bf-40fd-b5fb-0618eab7a7dc,OrderRole.Standalone,OrderType.Market,_default,,PositionEffect.Close,,187400.0,False,,OrderSide.Sell,OrderStatus.Filled,300308.SZ,,TimeInForce.GTC,,,,1711641600000000000,2024-03-28T16:00:00Z
148.17168,70937.1918,1711555200000000000,2024-03-27T16:00:00Z,191500.0,,dffe0a4a-b357-469b-99c8-41dbe01b0bd2,OrderRole.Standalone,OrderType.Market,_default,,PositionEffect.Close,,191500.0,False,,OrderSide.Sell,OrderStatus.Filled,300394.SZ,,TimeInForce.GTC,,,,1711641600000000000,2024-03-28T16:00:00Z
39.5604,78448.2732,1714060800000000000,2024-04-25T16:00:00Z,793200.0,,38cf12d5-5538-4112-a841-8f580f34f7f0,OrderRole.Standalone,OrderType.Market,_default,,PositionEffect.Close,,793200.0,False,,OrderSide.Sell,OrderStatus.Filled,300418.SZ,,TimeInForce.GTC,,,,1714320000000000000,2024-04-28T16:00:00Z
31.61835,78895.6878375,1714060800000000000,2024-04-25T16:00:00Z,998100.0,,208f9308-3b75-4a07-8fa7-82d4d82c6278,OrderRole.Standalone,OrderType.Market,_default,,PositionEffect.Close,,998100.0,False,,OrderSide.Sell,OrderStatus.Filled,300442.SZ,,TimeInForce.GTC,,,,1714320000000000000,2024-04-28T16:00:00Z
54.3456,64141.3944,1714060800000000000,2024-04-25T16:00:00Z,472100.0,,2d644d7f-a402-401a-bd79-a20764567b9b,OrderRole.Standalone,OrderType.Market,_default,,PositionEffect.Close,,472100.0,False,,OrderSide.Sell,OrderStatus.Filled,300454.SZ,,TimeInForce.GTC,,,,1714320000000000000,2024-04-28T16:00:00Z
30.6693,93909.3966,1714060800000000000,2024-04-25T16:00:00Z,1224800.0,,39018d74-2076-474d-8286-1490262494fe,OrderRole.Standalone,OrderType.Market,_default,,PositionEffect.Close,,1224800.0,False,,OrderSide.Sell,OrderStatus.Filled,300476.SZ,,TimeInForce.GTC,,,,1714320000000000000,2024-04-28T16:00:00Z
84.915,91559.59875,1714060800000000000,2024-04-25T16:00:00Z,431300.0,,8cc5f61b-bd03-4fc0-965a-193cba83d76f,OrderRole.Standalone,OrderType.Market,_default,,PositionEffect.Close,,431300.0,False,,OrderSide.Sell,OrderStatus.Filled,300502.SZ,,TimeInForce.GTC,,,,1714320000000000000,2024-04-28T16:00:00Z
34.965,71354.82375,1714060800000000000,2024-04-25T16:00:00Z,816300.0,,0b2a6b08-7718-4008-b711-43ce38044595,OrderRole.Standalone,OrderType.Market,_default,,PositionEffect.Close,,816300.0,False,,OrderSide.Sell,OrderStatus.Filled,301165.SZ,,TimeInForce.GTC,,,,1714320000000000000,2024-04-28T16:00:00Z
43.956,70516.413,1714060800000000000,2024-04-25T16:00:00Z,641700.0,,a7c4cd67-1866-4373-97e9-cc35caf0732a,OrderRole.Standalone,OrderType.Market,_default,,PositionEffect.Close,,641700.0,False,,OrderSide.Sell,OrderStatus.Filled,301236.SZ,,TimeInForce.GTC,,,,1714320000000000000,2024-04-28T16:00:00Z
162.837,69531.399,1714060800000000000,2024-04-25T16:00:00Z,170800.0,,f16c8b3b-2fb6-48c8-86cd-f92e28714788,OrderRole.Standalone,OrderType.Market,_default,,PositionEffect.Close,,170800.0,False,,OrderSide.Sell,OrderStatus.Filled,688256.SH,,TimeInForce.GTC,,,,1714320000000000000,2024-04-28T16:00:00Z
20.4204,74381.307,1714060800000000000,2024-04-25T16:00:00Z,1457000.0,,9361899d-2944-44c6-9028-7fbe2782e562,OrderRole.Standalone,OrderType.Market,_default,,PositionEffect.Open,,1457000.0,False,,OrderSide.Buy,OrderStatus.Filled,688599.SH,,TimeInForce.GTC,,,,1714320000000000000,2024-04-28T16:00:00Z
4.92492,74887.10229,1714060800000000000,2024-04-25T16:00:00Z,6082300.0,,3b54b988-fcd8-4181-bf60-d6e1b4dfacb4,OrderRole.Standalone,OrderType.Market,_default,,PositionEffect.Open,,6082300.0,False,,OrderSide.Buy,OrderStatus.Filled,000100.SZ,,TimeInForce.GTC,,,,1714320000000000000,2024-04-28T16:00:00Z
8.62862,75038.79383,1714060800000000000,2024-04-25T16:00:00Z,3478600.0,,c297f8f6-9275-4d0c-8b72-2dba8d6b6b81,OrderRole.Standalone,OrderType.Market,_default,,PositionEffect.Open,,3478600.0,False,,OrderSide.Buy,OrderStatus.Filled,000157.SZ,,TimeInForce.GTC,,,,1714320000000000000,2024-04-28T16:00:00Z
4.81481,75196.4988775,1714060800000000000,2024-04-25T16:00:00Z,6247100.0,,795e7ebf-ed11-459e-8f6b-45c5834b25f0,OrderRole.Standalone,OrderType.Market,_default,,PositionEffect.Open,,6247100.0,False,,OrderSide.Buy,OrderStatus.Filled,000166.SZ,,TimeInForce.GTC,,,,1714320000000000000,2024-04-28T16:00:00Z
9.86986,74811.071335,1714060800000000000,2024-04-25T16:00:00Z,3031900.0,,20deb932-1736-42d5-b495-e5325818ce44,OrderRole.Standalone,OrderType.Market,_default,,PositionEffect.Open,,3031900.0,False,,OrderSide.Buy,OrderStatus.Filled,000301.SZ,,TimeInForce.GTC,,,,1714320000000000000,2024-04-28T16:00:00Z
188.14796,76293.99778,1714060800000000000,2024-04-25T16:00:00Z,162200.0,,fa6b0545-bade-4e1d-8489-97264d90cc39,OrderRole.Standalone,OrderType.Market,_default,,PositionEffect.Open,,162200.0,False,,OrderSide.Buy,OrderStatus.Filled,300308.SZ,,TimeInForce.GTC,,,,1714320000000000000,2024-04-28T16:00:00Z
160.7606,76923.9471,1714060800000000000,2024-04-25T16:00:00Z,191400.0,,0e77226f-c53e-41e5-b277-64409d6a9730,OrderRole.Standalone,OrderType.Market,_default,,PositionEffect.Open,,191400.0,False,,OrderSide.Buy,OrderStatus.Filled,300394.SZ,,TimeInForce.GTC,,,,1714320000000000000,2024-04-28T16:00:00Z
26.76674,78105.34732,1714060800000000000,2024-04-25T16:00:00Z,1167200.0,,8f7ae2c0-4dc1-458a-83e3-7ec264b05010,OrderRole.Standalone,OrderType.Market,_default,,PositionEffect.Open,,1167200.0,False,,OrderSide.Buy,OrderStatus.Filled,600066.SH,,TimeInForce.GTC,,,,1714320000000000000,2024-04-28T16:00:00Z
29.81979,74586.7497375,1714060800000000000,2024-04-25T16:00:00Z,1000500.0,,d62cb95e-035b-4100-9f82-accbce6155bd,OrderRole.Standalone,OrderType.Market,_default,,PositionEffect.Open,,1000500.0,False,,OrderSide.Buy,OrderStatus.Filled,600938.SH,,TimeInForce.GTC,,,,1714320000000000000,2024-04-28T16:00:00Z
10.57056,13834.2204,1714060800000000000,2024-04-25T16:00:00Z,523500.0,,ceb05928-3f10-4489-ac6d-ffa1d4cad70c,OrderRole.Standalone,OrderType.Market,_default,,PositionEffect.Open,,523500.0,False,,OrderSide.Buy,OrderStatus.Filled,000001.SZ,,TimeInForce.GTC,,,,1714320000000000000,2024-04-28T16:00:00Z
,0.0,1716912000000000000,2024-05-28T16:00:00Z,0.0,,881450b0-44f0-43d0-979b-373534a5046a,OrderRole.Standalone,OrderType.Market,_default,,PositionEffect.Close,,2828800.0,False,"Risk: Insufficient available position for 000001.SZ at execution. Available: 2828799.9999999999607425138488, Required: 2828800",OrderSide.Sell,OrderStatus.Rejected,000001.SZ,,TimeInForce.GTC,,,,1716998400000000000,2024-05-29T16:00:00Z
4.30569,65471.2457175,1716912000000000000,2024-05-28T16:00:00Z,6082300.0,,4fb280e0-0cd2-4061-9f52-46ee078834b3,OrderRole.Standalone,OrderType.Market,_default,,PositionEffect.Close,,6082300.0,False,,OrderSide.Sell,OrderStatus.Filled,000100.SZ,,TimeInForce.GTC,,,,1716998400000000000,2024-05-29T16:00:00Z
8.01198,69676.18407,1716912000000000000,2024-05-28T16:00:00Z,3478600.0,,ccb167dc-c8fd-404c-9c96-b65f60148556,OrderRole.Standalone,OrderType.Market,_default,,PositionEffect.Close,,3478600.0,False,,OrderSide.Sell,OrderStatus.Filled,000157.SZ,,TimeInForce.GTC,,,,1716998400000000000,2024-05-29T16:00:00Z
4.55544,71145.72306,1716912000000000000,2024-05-28T16:00:00Z,6247100.0,,c2487620-a0b6-471b-823a-d1279ff8c007,OrderRole.Standalone,OrderType.Market,_default,,PositionEffect.Close,,6247100.0,False,,OrderSide.Sell,OrderStatus.Filled,000166.SZ,,TimeInForce.GTC,,,,1716998400000000000,2024-05-29T16:00:00Z
160.9389,65260.72395,1716912000000000000,2024-05-28T16:00:00Z,162200.0,,9668acdc-dd35-4e62-9eb9-ea9bac5fe93d,OrderRole.Standalone,OrderType.Market,_default,,PositionEffect.Close,,162200.0,False,,OrderSide.Sell,OrderStatus.Filled,300308.SZ,,TimeInForce.GTC,,,,1716998400000000000,2024-05-29T16:00:00Z
89.91,43021.935,1716912000000000000,2024-05-28T16:00:00Z,191400.0,,8df9a080-d833-427a-b0dc-f3165b5bddc3,OrderRole.Standalone,OrderType.Market,_default,,PositionEffect.Close,,191400.0,False,,OrderSide.Sell,OrderStatus.Filled,300394.SZ,,TimeInForce.GTC,,,,1716998400000000000,2024-05-29T16:00:00Z
24.3756,71128.0008,1716912000000000000,2024-05-28T16:00:00Z,1167200.0,,2b19d43a-c9a3-49c2-b161-0ce088f264b9,OrderRole.Standalone,OrderType.Market,_default,,PositionEffect.Close,,1167200.0,False,,OrderSide.Sell,OrderStatus.Filled,600066.SH,,TimeInForce.GTC,,,,1716998400000000000,2024-05-29T16:00:00Z
30.10986,75312.287325,1716912000000000000,2024-05-28T16:00:00Z,1000500.0,,3b77c847-eabb-4753-9c06-69f3f8d2dd74,OrderRole.Standalone,OrderType.Market,_default,,PositionEffect.Close,,1000500.0,False,,OrderSide.Sell,OrderStatus.Filled,600938.SH,,TimeInForce.GTC,,,,1716998400000000000,2024-05-29T16:00:00Z
22.4775,81874.29375,1716912000000000000,2024-05-28T16:00:00Z,1457000.0,,b0a16566-acb0-4e39-bb28-bfdc2ca7b339,OrderRole.Standalone,OrderType.Market,_default,,PositionEffect.Close,,1457000.0,False,,OrderSide.Sell,OrderStatus.Filled,688599.SH,,TimeInForce.GTC,,,,1716998400000000000,2024-05-29T16:00:00Z
98.38829,142515.438065,1716912000000000000,2024-05-28T16:00:00Z,579400.0,,be74ab21-75bd-4197-87ed-520063c39969,OrderRole.Standalone,OrderType.Market,_default,,PositionEffect.Open,,579400.0,False,,OrderSide.Buy,OrderStatus.Filled,002920.SZ,,TimeInForce.GTC,,,,1716998400000000000,2024-05-29T16:00:00Z
27.027,141817.42575,1716912000000000000,2024-05-28T16:00:00Z,2098900.0,,ae721572-9ffd-45aa-a78b-d24a79a4afe3,OrderRole.Standalone,OrderType.Market,_default,,PositionEffect.Open,,2098900.0,False,,OrderSide.Buy,OrderStatus.Filled,300476.SZ,,TimeInForce.GTC,,,,1716998400000000000,2024-05-29T16:00:00Z
87.09701,141423.7699875,1716912000000000000,2024-05-28T16:00:00Z,649500.0,,e0a41364-19a9-43f3-941b-8d9d08e6ccd7,OrderRole.Standalone,OrderType.Market,_default,,PositionEffect.Open,,649500.0,False,,OrderSide.Buy,OrderStatus.Filled,300502.SZ,,TimeInForce.GTC,,,,1716998400000000000,2024-05-29T16:00:00Z
,0.0,1716912000000000000,2024-05-28T16:00:00Z,0.0,,8634ed3a-eae3-4000-96b9-2516e4d8b219,OrderRole.Standalone,OrderType.Market,_default,,PositionEffect.Open,,1500700.0,False,"Risk: Insufficient margin at execution. Required: 57151037.85641250000000000000, Available: 48958822.78410036005959349226",OrderSide.Buy,OrderStatus.Rejected,301236.SZ,,TimeInForce.GTC,,,,1716998400000000000,2024-05-29T16:00:00Z
9.06906,74080.61661,1716912000000000000,2024-05-28T16:00:00Z,3267400.0,,087f81f7-be8a-4005-af93-1fe1af799b4a,OrderRole.Standalone,OrderType.Market,_default,,PositionEffect.Open,,3267400.0,False,,OrderSide.Buy,OrderStatus.Filled,000301.SZ,,TimeInForce.GTC,,,,1716998400000000000,2024-05-29T16:00:00Z
9.05094,142536.465855,1716998400000000000,2024-05-29T16:00:00Z,6299300.0,,af6418ee-5977-486a-9ad8-30f13c1cf17c,OrderRole.Standalone,OrderType.Market,_default,,PositionEffect.Close,,6299300.0,False,,OrderSide.Sell,OrderStatus.Filled,000301.SZ,,TimeInForce.GTC,,,,1717084800000000000,2024-05-30T16:00:00Z
,0.0,1719417600000000000,2024-06-26T16:00:00Z,0.0,,850fb460-ea0d-4d8a-bed8-61e4207ce5be,OrderRole.Standalone,OrderType.Market,_default,,PositionEffect.Close,,2828800.0,False,"Risk: Insufficient available position for 000001.SZ at execution. Available: 2828799.9999999999607425138488, Required: 2828800",OrderSide.Sell,OrderStatus.Rejected,000001.SZ,,TimeInForce.GTC,,,,1719504000000000000,2024-06-27T16:00:00Z
87.44247,126660.417795,1719417600000000000,2024-06-26T16:00:00Z,579400.0,,b3cc6e3e-04a8-47d0-95e4-a25041c4c52e,OrderRole.Standalone,OrderType.Market,_default,,PositionEffect.Close,,579400.0,False,,OrderSide.Sell,OrderStatus.Filled,002920.SZ,,TimeInForce.GTC,,,,1719504000000000000,2024-06-27T16:00:00Z
30.83913,161820.6248925,1719417600000000000,2024-06-26T16:00:00Z,2098900.0,,46476e28-1155-4082-b7a2-b3117b1dde53,OrderRole.Standalone,OrderType.Market,_default,,PositionEffect.Close,,2098900.0,False,,OrderSide.Sell,OrderStatus.Filled,300476.SZ,,TimeInForce.GTC,,,,1719504000000000000,2024-06-27T16:00:00Z
104.58531,47455.5844125,1719417600000000000,2024-06-26T16:00:00Z,181500.0,,9a3ac997-6634-4e7a-b9b8-11034549f570,OrderRole.Standalone,OrderType.Market,_default,,PositionEffect.Close,,181500.0,False,,OrderSide.Sell,OrderStatus.Filled,300502.SZ,,TimeInForce.GTC,,,,1719504000000000000,2024-06-27T16:00:00Z
25.28526,122576.619165,1719417600000000000,2024-06-26T16:00:00Z,1939100.0,,1a9eef0b-68c9-412a-9a0c-29384b6e7167,OrderRole.Standalone,OrderType.Market,_default,,PositionEffect.Open,,1939100.0,False,,OrderSide.Buy,OrderStatus.Filled,600066.SH,,TimeInForce.GTC,,,,1719504000000000000,2024-06-27T16:00:00Z
18.97896,123012.12924,1719417600000000000,2024-06-26T16:00:00Z,2592600.0,,c41f2daa-c3e1-4c32-b9fd-d98fcc5ab506,OrderRole.Standalone,OrderType.Market,_default,,PositionEffect.Open,,2592600.0,False,,OrderSide.Buy,OrderStatus.Filled,688183.SH,,TimeInForce.GTC,,,,1719504000000000000,2024-06-27T16:00:00Z
184.70452,122551.44902,1719417600000000000,2024-06-26T16:00:00Z,265400.0,,454f8e08-06be-4b12-a2fa-6438245f3f7a,OrderRole.Standalone,OrderType.Market,_default,,PositionEffect.Open,,265400.0,False,,OrderSide.Buy,OrderStatus.Filled,688506.SH,,TimeInForce.GTC,,,,1719504000000000000,2024-06-27T16:00:00Z
136.136,122862.74,1719417600000000000,2024-06-26T16:00:00Z,361000.0,,edad0f0d-455f-46ca-9138-b761fc6f28c4,OrderRole.Standalone,OrderType.Market,_default,,PositionEffect.Open,,361000.0,False,,OrderSide.Buy,OrderStatus.Filled,300308.SZ,,TimeInForce.GTC,,,,1719504000000000000,2024-06-27T16:00:00Z
84.21413,106783.51684,1719417600000000000,2024-06-26T16:00:00Z,507200.0,,4b211ad6-2feb-4a2d-bf6a-1a616e84565e,OrderRole.Standalone,OrderType.Market,_default,,PositionEffect.Open,,507200.0,False,,OrderSide.Buy,OrderStatus.Filled,300394.SZ,,TimeInForce.GTC,,,,1719504000000000000,2024-06-27T16:00:00Z
104.4954,122259.618,1719504000000000000,2024-06-27T16:00:00Z,468000.0,,1237a858-6847-439c-87e3-a38679d2a077,OrderRole.Standalone,OrderType.Market,_default,,PositionEffect.Close,,468000.0,False,,OrderSide.Sell,OrderStatus.Filled,300502.SZ,,TimeInForce.GTC,,,,1719763200000000000,2024-06-30T16:00:00Z
,0.0,1721836800000000000,2024-07-24T16:00:00Z,0.0,,7542d95f-6720-4c8d-bb90-7172fe64a7bc,OrderRole.Standalone,OrderType.Market,_default,,PositionEffect.Close,,2828800.0,False,"Risk: Insufficient available position for 000001.SZ at execution. Available: 2828799.9999999999607425138488, Required: 2828800",OrderSide.Sell,OrderStatus.Rejected,000001.SZ,,TimeInForce.GTC,,,,1721923200000000000,2024-07-25T16:00:00Z
122.58729,110635.029225,1721836800000000000,2024-07-24T16:00:00Z,361000.0,,1f5b4653-38b4-4076-bd4b-937b38263b37,OrderRole.Standalone,OrderType.Market,_default,,PositionEffect.Close,,361000.0,False,,OrderSide.Sell,OrderStatus.Filled,300308.SZ,,TimeInForce.GTC,,,,1721923200000000000,2024-07-25T16:00:00Z
87.1128,127119.3534,1721836800000000000,2024-07-24T16:00:00Z,583700.0,,77b4e734-eb43-4ba5-95a4-c518fb48c736,OrderRole.Standalone,OrderType.Market,_default,,PositionEffect.Close,,583700.0,False,,OrderSide.Sell,OrderStatus.Filled,300394.SZ,,TimeInForce.GTC,,,,1721923200000000000,2024-07-25T16:00:00Z
22.15782,24445.614915,1721836800000000000,2024-07-24T16:00:00Z,441300.0,,cabdceae-60e8-4964-b1e3-9efee60d0c7c,OrderRole.Standalone,OrderType.Market,_default,,PositionEffect.Close,,441300.0,False,,OrderSide.Sell,OrderStatus.Filled,600066.SH,,TimeInForce.GTC,,,,1721923200000000000,2024-07-25T16:00:00Z
22.95702,69261.32934,1721836800000000000,2024-07-24T16:00:00Z,1206800.0,,54483100-fed5-4c97-9125-b1b89551f30a,OrderRole.Standalone,OrderType.Market,_default,,PositionEffect.Close,,1206800.0,False,,OrderSide.Sell,OrderStatus.Filled,688183.SH,,TimeInForce.GTC,,,,1721923200000000000,2024-07-25T16:00:00Z
159.99984,106159.89384,1721836800000000000,2024-07-24T16:00:00Z,265400.0,,a612f507-0bbe-4b49-a654-f4a68dcfa230,OrderRole.Standalone,OrderType.Market,_default,,PositionEffect.Close,,265400.0,False,,OrderSide.Sell,OrderStatus.Filled,688506.SH,,TimeInForce.GTC,,,,1721923200000000000,2024-07-25T16:00:00Z
35.6356,79797.0173,1721836800000000000,2024-07-24T16:00:00Z,895700.0,,66bf93f6-0bb3-4d4b-8028-6fc58c33a9bc,OrderRole.Standalone,OrderType.Market,_default,,PositionEffect.Open,,895700.0,False,,OrderSide.Buy,OrderStatus.Filled,002938.SZ,,TimeInForce.GTC,,,,1721923200000000000,2024-07-25T16:00:00Z
38.64861,80292.487275,1721836800000000000,2024-07-24T16:00:00Z,831000.0,,7f48dbfc-671d-47c1-9c30-ff83769ddf1b,OrderRole.Standalone,OrderType.Market,_default,,PositionEffect.Open,,831000.0,False,,OrderSide.Buy,OrderStatus.Filled,300476.SZ,,TimeInForce.GTC,,,,1721923200000000000,2024-07-25T16:00:00Z
93.78369,79739.5824225,1721836800000000000,2024-07-24T16:00:00Z,340100.0,,18a6b3c1-723b-467f-94e0-5ff4f2153864,OrderRole.Standalone,OrderType.Market,_default,,PositionEffect.Open,,340100.0,False,,OrderSide.Buy,OrderStatus.Filled,300502.SZ,,TimeInForce.GTC,,,,1721923200000000000,2024-07-25T16:00:00Z
5.84584,80033.93398,1721836800000000000,2024-07-24T16:00:00Z,5476300.0,,af067532-1616-46a7-ada5-1b55aec2d0a0,OrderRole.Standalone,OrderType.Market,_default,,PositionEffect.Open,,5476300.0,False,,OrderSide.Buy,OrderStatus.Filled,601816.SH,,TimeInForce.GTC,,,,1721923200000000000,2024-07-25T16:00:00Z
12.16215,79303.299075,1721836800000000000,2024-07-24T16:00:00Z,2608200.0,,46ded55a-085a-4b66-9c64-cbf46239501e,OrderRole.Standalone,OrderType.Market,_default,,PositionEffect.Open,,2608200.0,False,,OrderSide.Buy,OrderStatus.Filled,601985.SH,,TimeInForce.GTC,,,,1721923200000000000,2024-07-25T16:00:00Z
98.44835,78561.7833,1721836800000000000,2024-07-24T16:00:00Z,319200.0,,28241a77-d1fd-4760-a0cf-88a14c2e29de,OrderRole.Standalone,OrderType.Market,_default,,PositionEffect.Open,,319200.0,False,,OrderSide.Buy,OrderStatus.Filled,605117.SH,,TimeInForce.GTC,,,,1721923200000000000,2024-07-25T16:00:00Z
256.5563,79853.148375,1721836800000000000,2024-07-24T16:00:00Z,124500.0,,7fbc7881-07b5-4139-b7cc-4b12203631c0,OrderRole.Standalone,OrderType.Market,_default,,PositionEffect.Open,,124500.0,False,,OrderSide.Buy,OrderStatus.Filled,688256.SH,,TimeInForce.GTC,,,,1721923200000000000,2024-07-25T16:00:00Z
22.65732,84840.33474,1721923200000000000,2024-07-25T16:00:00Z,1497800.0,,e52c983b-c89f-4a3a-9361-347341209787,OrderRole.Standalone,OrderType.Market,_default,,PositionEffect.Close,,1497800.0,False,,OrderSide.Sell,OrderStatus.Filled,600066.SH,,TimeInForce.GTC,,,,1722182400000000000,2024-07-28T16:00:00Z
23.09688,80019.14076,1721923200000000000,2024-07-25T16:00:00Z,1385800.0,,f5874fe8-353f-4853-83ff-db2fa607a816,OrderRole.Standalone,OrderType.Market,_default,,PositionEffect.Close,,1385800.0,False,,OrderSide.Sell,OrderStatus.Filled,688183.SH,,TimeInForce.GTC,,,,1722182400000000000,2024-07-28T16:00:00Z
,0.0,1724256000000000000,2024-08-21T16:00:00Z,0.0,,8a729e7c-faf1-436c-8cc8-d3cb5d613ac4,OrderRole.Standalone,OrderType.Market,_default,,PositionEffect.Close,,2828800.0,False,"Risk: Insufficient available position for 000001.SZ at execution. Available: 2828799.9999999999607425138488, Required: 2828800",OrderSide.Sell,OrderStatus.Rejected,000001.SZ,,TimeInForce.GTC,,,,1724342400000000000,2024-08-22T16:00:00Z
34.0659,76282.066575,1724256000000000000,2024-08-21T16:00:00Z,895700.0,,465f9b14-038f-424c-b5ae-e1472ac78e4c,OrderRole.Standalone,OrderType.Market,_default,,PositionEffect.Close,,895700.0,False,,OrderSide.Sell,OrderStatus.Filled,002938.SZ,,TimeInForce.GTC,,,,1724342400000000000,2024-08-22T16:00:00Z
33.966,70564.365,1724256000000000000,2024-08-21T16:00:00Z,831000.0,,75c4216a-5907-4b2b-93d3-6bf77f34165f,OrderRole.Standalone,OrderType.Market,_default,,PositionEffect.Close,,831000.0,False,,OrderSide.Sell,OrderStatus.Filled,300476.SZ,,TimeInForce.GTC,,,,1724342400000000000,2024-08-22T16:00:00Z
99.46044,84566.23911,1724256000000000000,2024-08-21T16:00:00Z,340100.0,,ad61b761-572b-4e61-979e-f46a7957fec3,OrderRole.Standalone,OrderType.Market,_default,,PositionEffect.Close,,340100.0,False,,OrderSide.Sell,OrderStatus.Filled,300502.SZ,,TimeInForce.GTC,,,,1724342400000000000,2024-08-22T16:00:00Z
5.67432,77685.69654,1724256000000000000,2024-08-21T16:00:00Z,5476300.0,,8c4de478-52b2-474a-8977-d11c1c58f04b,OrderRole.Standalone,OrderType.Market,_default,,PositionEffect.Close,,5476300.0,False,,OrderSide.Sell,OrderStatus.Filled,601816.SH,,TimeInForce.GTC,,,,1724342400000000000,2024-08-22T16:00:00Z
11.36862,74129.08671,1724256000000000000,2024-08-21T16:00:00Z,2608200.0,,be0bd04d-aa2a-4ba2-a1d6-b2383a49a0d2,OrderRole.Standalone,OrderType.Market,_default,,PositionEffect.Close,,2608200.0,False,,OrderSide.Sell,OrderStatus.Filled,601985.SH,,TimeInForce.GTC,,,,1724342400000000000,2024-08-22T16:00:00Z
88.911,70950.978,1724256000000000000,2024-08-21T16:00:00Z,319200.0,,1d563ce0-8d0a-4fc7-b0f2-faadc9f56eec,OrderRole.Standalone,OrderType.Market,_default,,PositionEffect.Close,,319200.0,False,,OrderSide.Sell,OrderStatus.Filled,605117.SH,,TimeInForce.GTC,,,,1724342400000000000,2024-08-22T16:00:00Z
257.85189,80256.4007625,1724256000000000000,2024-08-21T16:00:00Z,124500.0,,262d62fc-9e14-41e5-a464-2042a8f58efc,OrderRole.Standalone,OrderType.Market,_default,,PositionEffect.Close,,124500.0,False,,OrderSide.Sell,OrderStatus.Filled,688256.SH,,TimeInForce.GTC,,,,1724342400000000000,2024-08-22T16:00:00Z
23.31329,140346.0058,1724256000000000000,2024-08-21T16:00:00Z,2408000.0,,9d6c2be1-73e0-46af-b8cc-236f154ffc13,OrderRole.Standalone,OrderType.Market,_default,,PositionEffect.Open,,2408000.0,False,,OrderSide.Buy,OrderStatus.Filled,300316.SZ,,TimeInForce.GTC,,,,1724342400000000000,2024-08-22T16:00:00Z
82.87279,140448.6608525,1724256000000000000,2024-08-21T16:00:00Z,677900.0,,723d95af-23f4-4378-a9d6-ea198f11bbb9,OrderRole.Standalone,OrderType.Market,_default,,PositionEffect.Open,,677900.0,False,,OrderSide.Buy,OrderStatus.Filled,300751.SZ,,TimeInForce.GTC,,,,1724342400000000000,2024-08-22T16:00:00Z
39.68965,140372.3696375,1724256000000000000,2024-08-21T16:00:00Z,1414700.0,,a49b2bd3-b44e-4428-b3fe-dc4594aa5cb7,OrderRole.Standalone,OrderType.Market,_default,,PositionEffect.Open,,1414700.0,False,,OrderSide.Buy,OrderStatus.Filled,300957.SZ,,TimeInForce.GTC,,,,1724342400000000000,2024-08-22T16:00:00Z
4.68468,140832.02133,1724256000000000000,2024-08-21T16:00:00Z,12024900.0,,792d35e9-3d27-48e6-9471-8b9cba043b90,OrderRole.Standalone,OrderType.Market,_default,,PositionEffect.Open,,12024900.0,False,,OrderSide.Buy,OrderStatus.Filled,600905.SH,,TimeInForce.GTC,,,,1724342400000000000,2024-08-22T16:00:00Z
,0.0,1724256000000000000,2024-08-21T16:00:00Z,0.0,,c3f420d7-3750-4819-8b02-dd3f059d8c87,OrderRole.Standalone,OrderType.Market,_default,,PositionEffect.Open,,9925300.0,False,"Risk: Insufficient margin at execution. Required: 56573159.90326000000000000000, Available: 56052105.18010159703732190692",OrderSide.Buy,OrderStatus.Rejected,600918.SH,,TimeInForce.GTC,,,,1724342400000000000,2024-08-22T16:00:00Z
,0.0,1727020800000000000,2024-09-22T16:00:00Z,0.0,,bf591a52-0024-4070-9ea1-d4f90d3b246f,OrderRole.Standalone,OrderType.Market,_default,,PositionEffect.Close,,2828800.0,False,"Risk: Insufficient available position for 000001.SZ at execution. Available: 2828799.9999999999607425138488, Required: 2828800",OrderSide.Sell,OrderStatus.Rejected,000001.SZ,,TimeInForce.GTC,,,,1727107200000000000,2024-09-23T16:00:00Z
21.5784,129901.968,1727020800000000000,2024-09-22T16:00:00Z,2408000.0,,4fa588ca-9e27-438d-9ed8-0e03d0c5371c,OrderRole.Standalone,OrderType.Market,_default,,PositionEffect.Close,,2408000.0,False,,OrderSide.Sell,OrderStatus.Filled,300316.SZ,,TimeInForce.GTC,,,,1727107200000000000,2024-09-23T16:00:00Z
69.92001,118496.9369475,1727020800000000000,2024-09-22T16:00:00Z,677900.0,,44bf8488-1fc8-4131-beea-230000fe0f46,OrderRole.Standalone,OrderType.Market,_default,,PositionEffect.Close,,677900.0,False,,OrderSide.Sell,OrderStatus.Filled,300751.SZ,,TimeInForce.GTC,,,,1727107200000000000,2024-09-23T16:00:00Z
39.6603,140268.566025,1727020800000000000,2024-09-22T16:00:00Z,1414700.0,,223b0bea-8694-4593-bf7e-d1112b0b2d37,OrderRole.Standalone,OrderType.Market,_default,,PositionEffect.Close,,1414700.0,False,,OrderSide.Sell,OrderStatus.Filled,300957.SZ,,TimeInForce.GTC,,,,1727107200000000000,2024-09-23T16:00:00Z
4.10589,123432.2916525,1727020800000000000,2024-09-22T16:00:00Z,12024900.0,,4063028f-837c-4b46-885a-6692f5e5f903,OrderRole.Standalone,OrderType.Market,_default,,PositionEffect.Close,,12024900.0,False,,OrderSide.Sell,OrderStatus.Filled,600905.SH,,TimeInForce.GTC,,,,1727107200000000000,2024-09-23T16:00:00Z
3.75375,130304.8621875,1727020800000000000,2024-09-22T16:00:00Z,13885300.0,,38230f49-e65f-49d8-8fc4-e7e69a8c48bc,OrderRole.Standalone,OrderType.Market,_default,,PositionEffect.Open,,13885300.0,False,,OrderSide.Buy,OrderStatus.Filled,000100.SZ,,TimeInForce.GTC,,,,1727107200000000000,2024-09-23T16:00:00Z
115.0149,132612.1797,1727020800000000000,2024-09-22T16:00:00Z,461200.0,,ea7b7195-3edb-4a22-b0f6-0aa800c6bdf3,OrderRole.Standalone,OrderType.Market,_default,,PositionEffect.Open,,461200.0,False,,OrderSide.Buy,OrderStatus.Filled,000858.SZ,,TimeInForce.GTC,,,,1727107200000000000,2024-09-23T16:00:00Z
192.15196,132152.51049,1727020800000000000,2024-09-22T16:00:00Z,275100.0,,3a097121-3979-4521-864d-bf241fc2b980,OrderRole.Standalone,OrderType.Market,_default,,PositionEffect.Open,,275100.0,False,,OrderSide.Buy,OrderStatus.Filled,300750.SZ,,TimeInForce.GTC,,,,1727107200000000000,2024-09-23T16:00:00Z
1286.37509,131853.446725,1727020800000000000,2024-09-22T16:00:00Z,41000.0,,a278736d-fce5-4399-8d02-90a3d322b5b9,OrderRole.Standalone,OrderType.Market,_default,,PositionEffect.Open,,41000.0,False,,OrderSide.Buy,OrderStatus.Filled,600519.SH,,TimeInForce.GTC,,,,1727107200000000000,2024-09-23T16:00:00Z
,0.0,1727020800000000000,2024-09-22T16:00:00Z,0.0,,e1e9fe18-1e7d-4044-98f2-7f2025ba8120,OrderRole.Standalone,OrderType.Market,_default,,PositionEffect.Open,,1836600.0,False,"Risk: Insufficient margin at execution. Required: 52397419.41934500000000000000, Available: 49083808.62737409703790046634",OrderSide.Buy,OrderStatus.Rejected,600900.SH,,TimeInForce.GTC,,,,1727107200000000000,2024-09-23T16:00:00Z
,0.0,1730044800000000000,2024-10-27T16:00:00Z,0.0,,0c9867aa-3940-4578-8f4b-3b7001e53401,OrderRole.Standalone,OrderType.Market,_default,,PositionEffect.Close,,2828800.0,False,"Risk: Insufficient available position for 000001.SZ at execution. Available: 2828799.9999999999607425138488, Required: 2828800",OrderSide.Sell,OrderStatus.Rejected,000001.SZ,,TimeInForce.GTC,,,,1730131200000000000,2024-10-28T16:00:00Z
4.44555,154319.4885375,1730044800000000000,2024-10-27T16:00:00Z,13885300.0,,651632a5-bfa1-43d3-bb59-0c304ae3a7c3,OrderRole.Standalone,OrderType.Market,_default,,PositionEffect.Close,,13885300.0,False,,OrderSide.Sell,OrderStatus.Filled,000100.SZ,,TimeInForce.GTC,,,,1730131200000000000,2024-10-28T16:00:00Z
153.81603,177349.88259,1730044800000000000,2024-10-27T16:00:00Z,461200.0,,e8dc9d08-22b9-417c-90a9-6aa5e019c040,OrderRole.Standalone,OrderType.Market,_default,,PositionEffect.Close,,461200.0,False,,OrderSide.Sell,OrderStatus.Filled,000858.SZ,,TimeInForce.GTC,,,,1730131200000000000,2024-10-28T16:00:00Z
255.98376,176052.83094,1730044800000000000,2024-10-27T16:00:00Z,275100.0,,5269888d-e636-4d6f-b124-61c269470370,OrderRole.Standalone,OrderType.Market,_default,,PositionEffect.Close,,275100.0,False,,OrderSide.Sell,OrderStatus.Filled,300750.SZ,,TimeInForce.GTC,,,,1730131200000000000,2024-10-28T16:00:00Z
1558.44,159740.1,1730044800000000000,2024-10-27T16:00:00Z,41000.0,,83aa7a91-61d7-4593-a355-97524926c976,OrderRole.Standalone,OrderType.Market,_default,,PositionEffect.Close,,41000.0,False,,OrderSide.Sell,OrderStatus.Filled,600519.SH,,TimeInForce.GTC,,,,1730131200000000000,2024-10-28T16:00:00Z
431.431,130184.30425,1730044800000000000,2024-10-27T16:00:00Z,120700.0,,991dd132-db73-46e3-9d9d-87c8d4c72b6a,OrderRole.Standalone,OrderType.Market,_default,,PositionEffect.Open,,120700.0,False,,OrderSide.Buy,OrderStatus.Filled,688256.SH,,TimeInForce.GTC,,,,1730131200000000000,2024-10-28T16:00:00Z
203.6034,133054.8219,1730044800000000000,2024-10-27T16:00:00Z,261400.0,,f79b95c8-35d8-4ffb-b0a7-8fcdd05b84f4,OrderRole.Standalone,OrderType.Market,_default,,PositionEffect.Open,,261400.0,False,,OrderSide.Buy,OrderStatus.Filled,300033.SZ,,TimeInForce.GTC,,,,1730131200000000000,2024-10-28T16:00:00Z
22.84282,132334.166965,1730044800000000000,2024-10-27T16:00:00Z,2317300.0,,d327fc2f-c23f-4513-8e77-f9bf41981597,OrderRole.Standalone,OrderType.Market,_default,,PositionEffect.Open,,2317300.0,False,,OrderSide.Buy,OrderStatus.Filled,300059.SZ,,TimeInForce.GTC,,,,1730131200000000000,2024-10-28T16:00:00Z
98.27818,131496.20484,1730044800000000000,2024-10-27T16:00:00Z,535200.0,,1d0e58a8-54f6-4aa2-a6c9-3273740837c5,OrderRole.Standalone,OrderType.Market,_default,,PositionEffect.Open,,535200.0,False,,OrderSide.Buy,OrderStatus.Filled,300803.SZ,,TimeInForce.GTC,,,,1730131200000000000,2024-10-28T16:00:00Z
229.229,133697.81425,1730044800000000000,2024-10-27T16:00:00Z,233300.0,,f5f6a8ac-5dbe-4cb1-9b02-52babee66670,OrderRole.Standalone,OrderType.Market,_default,,PositionEffect.Open,,233300.0,False,,OrderSide.Buy,OrderStatus.Filled,300896.SZ,,TimeInForce.GTC,,,,1730131200000000000,2024-10-28T16:00:00Z
,0.0,1730044800000000000,2024-10-27T16:00:00Z,0.0,,e73284e0-6740-475c-a5cb-ef98fbef4575,OrderRole.Standalone,OrderType.Market,_default,,PositionEffect.Open,,808200.0,False,"Risk: Insufficient margin at execution. Required: 52473687.61635000000000000000, Available: 51140835.43650159701422716480",OrderSide.Buy,OrderStatus.Rejected,301236.SZ,,TimeInForce.GTC,,,,1730131200000000000,2024-10-28T16:00:00Z
,0.0,1732464000000000000,2024-11-24T16:00:00Z,0.0,,989384c7-3bb2-4a16-87c6-e45bdb1716f1,OrderRole.Standalone,OrderType.Market,_default,,PositionEffect.Close,,2828800.0,False,"Risk: Insufficient available position for 000001.SZ at execution. Available: 2828799.9999999999607425138488, Required: 2828800",OrderSide.Sell,OrderStatus.Rejected,000001.SZ,,TimeInForce.GTC,,,,1732550400000000000,2024-11-25T16:00:00Z
276.66306,89846.328735,1732464000000000000,2024-11-24T16:00:00Z,129900.0,,6baa1077-bd72-4695-a023-4fcb0693c9d3,OrderRole.Standalone,OrderType.Market,_default,,PositionEffect.Close,,129900.0,False,,OrderSide.Sell,OrderStatus.Filled,300033.SZ,,TimeInForce.GTC,,,,1732550400000000000,2024-11-25T16:00:00Z
25.34463,54693.71154,1732464000000000000,2024-11-24T16:00:00Z,863200.0,,4ca887d5-6386-4f05-b3b8-e28038dbc2ce,OrderRole.Standalone,OrderType.Market,_default,,PositionEffect.Close,,863200.0,False,,OrderSide.Sell,OrderStatus.Filled,300059.SZ,,TimeInForce.GTC,,,,1732550400000000000,2024-11-25T16:00:00Z
88.5114,26885.33775,1732464000000000000,2024-11-24T16:00:00Z,121500.0,,1e4acb09-3bed-4abe-8249-ddb9f428c890,OrderRole.Standalone,OrderType.Market,_default,,PositionEffect.Close,,121500.0,False,,OrderSide.Sell,OrderStatus.Filled,300803.SZ,,TimeInForce.GTC,,,,1732550400000000000,2024-11-25T16:00:00Z
201.5982,25602.9714,1732464000000000000,2024-11-24T16:00:00Z,50800.0,,10ddd6df-b888-4053-a61b-d93b502488ed,OrderRole.Standalone,OrderType.Market,_default,,PositionEffect.Close,,50800.0,False,,OrderSide.Sell,OrderStatus.Filled,300896.SZ,,TimeInForce.GTC,,,,1732550400000000000,2024-11-25T16:00:00Z
483.516,54637.308,1732464000000000000,2024-11-24T16:00:00Z,45200.0,,cc0d8825-c30e-4bb6-baa0-d98e5dbd2173,OrderRole.Standalone,OrderType.Market,_default,,PositionEffect.Close,,45200.0,False,,OrderSide.Sell,OrderStatus.Filled,688256.SH,,TimeInForce.GTC,,,,1732550400000000000,2024-11-25T16:00:00Z
48.8488,92153.2612,1732464000000000000,2024-11-24T16:00:00Z,754600.0,,a8d572dd-7a29-4927-9226-9c05da548585,OrderRole.Standalone,OrderType.Market,_default,,PositionEffect.Open,,754600.0,False,,OrderSide.Buy,OrderStatus.Filled,688521.SH,,TimeInForce.GTC,,,,1732550400000000000,2024-11-25T16:00:00Z
62.1621,90974.23335,1732464000000000000,2024-11-24T16:00:00Z,585400.0,,0324beea-101e-40cf-a8c9-c8a5776f1000,OrderRole.Standalone,OrderType.Market,_default,,PositionEffect.Open,,585400.0,False,,OrderSide.Buy,OrderStatus.Filled,301236.SZ,,TimeInForce.GTC,,,,1732550400000000000,2024-11-25T16:00:00Z
119.20909,90479.69931,1732464000000000000,2024-11-24T16:00:00Z,303600.0,,90c730ff-91e2-4a4e-bb24-84b0f6380aa5,OrderRole.Standalone,OrderType.Market,_default,,PositionEffect.Open,,303600.0,False,,OrderSide.Buy,OrderStatus.Filled,301269.SZ,,TimeInForce.GTC,,,,1732550400000000000,2024-11-25T16:00:00Z
64.70464,92301.16896,1732464000000000000,2024-11-24T16:00:00Z,570600.0,,db5be418-6cd9-4af1-873f-58297ddc94f6,OrderRole.Standalone,OrderType.Market,_default,,PositionEffect.Open,,570600.0,False,,OrderSide.Buy,OrderStatus.Filled,302132.SZ,,TimeInForce.GTC,,,,1732550400000000000,2024-11-25T16:00:00Z
281.16855,92434.1608125,1732550400000000000,2024-11-25T16:00:00Z,131500.0,,06535be3-ef30-43af-a151-920eeeb89bb0,OrderRole.Standalone,OrderType.Market,_default,,PositionEffect.Close,,131500.0,False,,OrderSide.Sell,OrderStatus.Filled,300033.SZ,,TimeInForce.GTC,,,,1732636800000000000,2024-11-26T16:00:00Z
24.975,90790.36875,1732550400000000000,2024-11-25T16:00:00Z,1454100.0,,03a40e25-1165-42f4-8bb4-d25f5a5b8c32,OrderRole.Standalone,OrderType.Market,_default,,PositionEffect.Close,,1454100.0,False,,OrderSide.Sell,OrderStatus.Filled,300059.SZ,,TimeInForce.GTC,,,,1732636800000000000,2024-11-26T16:00:00Z
88.911,91956.20175,1732550400000000000,2024-11-25T16:00:00Z,413700.0,,c4c5b087-c2bf-4811-b3b4-5173eb95bce9,OrderRole.Standalone,OrderType.Market,_default,,PositionEffect.Close,,413700.0,False,,OrderSide.Sell,OrderStatus.Filled,300803.SZ,,TimeInForce.GTC,,,,1732636800000000000,2024-11-26T16:00:00Z
204.05574,93100.431375,1732550400000000000,2024-11-25T16:00:00Z,182500.0,,6c7e30e7-89ad-450f-a31b-a4bc9d222413,OrderRole.Standalone,OrderType.Market,_default,,PositionEffect.Close,,182500.0,False,,OrderSide.Sell,OrderStatus.Filled,300896.SZ,,TimeInForce.GTC,,,,1732636800000000000,2024-11-26T16:00:00Z
59.2407,86698.76445,1732550400000000000,2024-11-25T16:00:00Z,585400.0,,4d33bd2a-0362-43ba-acb0-170c1a88132f,OrderRole.Standalone,OrderType.Market,_default,,PositionEffect.Close,,585400.0,False,,OrderSide.Sell,OrderStatus.Filled,301236.SZ,,TimeInForce.GTC,,,,1732636800000000000,2024-11-26T16:00:00Z
481.518,90886.5225,1732550400000000000,2024-11-25T16:00:00Z,75500.0,,584f35a2-5899-4e18-923d-ca29364cbc28,OrderRole.Standalone,OrderType.Market,_default,,PositionEffect.Close,,75500.0,False,,OrderSide.Sell,OrderStatus.Filled,688256.SH,,TimeInForce.GTC,,,,1732636800000000000,2024-11-26T16:00:00Z
,0.0,1734883200000000000,2024-12-22T16:00:00Z,0.0,,ee4bb33e-4245-4062-96bc-5ad23e8c4a89,OrderRole.Standalone,OrderType.Market,_default,,PositionEffect.Close,,2828800.0,False,"Risk: Insufficient available position for 000001.SZ at execution. Available: 2828799.9999999999607425138488, Required: 2828800",OrderSide.Sell,OrderStatus.Rejected,000001.SZ,,TimeInForce.GTC,,,,1734969600000000000,2024-12-23T16:00:00Z
128.1717,97282.3203,1734883200000000000,2024-12-22T16:00:00Z,303600.0,,9b251ca1-335b-4830-a7f4-cba86a475a34,OrderRole.Standalone,OrderType.Market,_default,,PositionEffect.Close,,303600.0,False,,OrderSide.Sell,OrderStatus.Filled,301269.SZ,,TimeInForce.GTC,,,,1734969600000000000,2024-12-23T16:00:00Z
75.21471,107293.783815,1734883200000000000,2024-12-22T16:00:00Z,570600.0,,beca2a0a-b06a-4d5f-99c8-e06d8f713534,OrderRole.Standalone,OrderType.Market,_default,,PositionEffect.Close,,570600.0,False,,OrderSide.Sell,OrderStatus.Filled,302132.SZ,,TimeInForce.GTC,,,,1734969600000000000,2024-12-23T16:00:00Z
53.55639,101034.129735,1734883200000000000,2024-12-22T16:00:00Z,754600.0,,39338de2-466a-44bc-a40f-6a2e440799b9,OrderRole.Standalone,OrderType.Market,_default,,PositionEffect.Close,,754600.0,False,,OrderSide.Sell,OrderStatus.Filled,688521.SH,,TimeInForce.GTC,,,,1734969600000000000,2024-12-23T16:00:00Z
99.7997,170283.238125,1734883200000000000,2024-12-22T16:00:00Z,682500.0,,93f5d9b7-a410-4325-844b-f467471ff7ed,OrderRole.Standalone,OrderType.Market,_default,,PositionEffect.Open,,682500.0,False,,OrderSide.Buy,OrderStatus.Filled,000661.SZ,,TimeInForce.GTC,,,,1734969600000000000,2024-12-23T16:00:00Z
9.29929,170939.54878,1734883200000000000,2024-12-22T16:00:00Z,7352800.0,,5a312927-192c-4784-bdd8-997f0fa1cd7b,OrderRole.Standalone,OrderType.Market,_default,,PositionEffect.Open,,7352800.0,False,,OrderSide.Buy,OrderStatus.Filled,002129.SZ,,TimeInForce.GTC,,,,1734969600000000000,2024-12-23T16:00:00Z
14.44443,171455.3841,1734883200000000000,2024-12-22T16:00:00Z,4748000.0,,0dadbbbf-48f7-4f16-8729-99d1e4b43d4c,OrderRole.Standalone,OrderType.Market,_default,,PositionEffect.Open,,4748000.0,False,,OrderSide.Buy,OrderStatus.Filled,002459.SZ,,TimeInForce.GTC,,,,1734969600000000000,2024-12-23T16:00:00Z
16.23622,170175.880875,1734883200000000000,2024-12-22T16:00:00Z,4192500.0,,172732ab-d1d9-4533-b19c-db34336702c1,OrderRole.Standalone,OrderType.Market,_default,,PositionEffect.Open,,4192500.0,False,,OrderSide.Buy,OrderStatus.Filled,601012.SH,,TimeInForce.GTC,,,,1734969600000000000,2024-12-23T16:00:00Z
189.23905,168659.3033125,1734883200000000000,2024-12-22T16:00:00Z,356500.0,,6bc02483-371d-4621-871e-bdf2a78437b8,OrderRole.Standalone,OrderType.Market,_default,,PositionEffect.Open,,356500.0,False,,OrderSide.Buy,OrderStatus.Filled,688506.SH,,TimeInForce.GTC,,,,1734969600000000000,2024-12-23T16:00:00Z
,0.0,1737388800000000000,2025-01-20T16:00:00Z,0.0,,4f871427-bb90-40f2-8e87-ebb59c638766,OrderRole.Standalone,OrderType.Market,_default,,PositionEffect.Close,,2828800.0,False,"Risk: Insufficient available position for 000001.SZ at execution. Available: 2828799.9999999999607425138488, Required: 2828800",OrderSide.Sell,OrderStatus.Rejected,000001.SZ,,TimeInForce.GTC,,,,1737475200000000000,2025-01-21T16:00:00Z
93.27663,159153.2499375,1737388800000000000,2025-01-20T16:00:00Z,682500.0,,bb20be24-ee74-4ad5-b08f-b501d0e0350f,OrderRole.Standalone,OrderType.Market,_default,,PositionEffect.Close,,682500.0,False,,OrderSide.Sell,OrderStatus.Filled,000661.SZ,,TimeInForce.GTC,,,,1737475200000000000,2025-01-21T16:00:00Z
8.53146,156825.29772,1737388800000000000,2025-01-20T16:00:00Z,7352800.0,,f45246ba-f30a-41f7-aa0f-9c9c31f28f00,OrderRole.Standalone,OrderType.Market,_default,,PositionEffect.Close,,7352800.0,False,,OrderSide.Sell,OrderStatus.Filled,002129.SZ,,TimeInForce.GTC,,,,1737475200000000000,2025-01-21T16:00:00Z
12.75723,151428.3201,1737388800000000000,2025-01-20T16:00:00Z,4748000.0,,51ecad8c-3bd7-4927-8950-279ddb2ed401,OrderRole.Standalone,OrderType.Market,_default,,PositionEffect.Close,,4748000.0,False,,OrderSide.Sell,OrderStatus.Filled,002459.SZ,,TimeInForce.GTC,,,,1737475200000000000,2025-01-21T16:00:00Z
14.73525,154443.8390625,1737388800000000000,2025-01-20T16:00:00Z,4192500.0,,9de5cf9d-951f-4172-a043-bac538904a57,OrderRole.Standalone,OrderType.Market,_default,,PositionEffect.Close,,4192500.0,False,,OrderSide.Sell,OrderStatus.Filled,601012.SH,,TimeInForce.GTC,,,,1737475200000000000,2025-01-21T16:00:00Z
191.808,12851.136,1737388800000000000,2025-01-20T16:00:00Z,26800.0,,4baacae3-36ca-4d9d-acd1-47c2a884c549,OrderRole.Standalone,OrderType.Market,_default,,PositionEffect.Close,,26800.0,False,,OrderSide.Sell,OrderStatus.Filled,688506.SH,,TimeInForce.GTC,,,,1737475200000000000,2025-01-21T16:00:00Z
4.49449,159467.8760675,1737388800000000000,2025-01-20T16:00:00Z,14192300.0,,51f82381-5bc2-493f-9639-8ea8dccd9fe8,OrderRole.Standalone,OrderType.Market,_default,,PositionEffect.Open,,14192300.0,False,,OrderSide.Buy,OrderStatus.Filled,000725.SZ,,TimeInForce.GTC,,,,1737475200000000000,2025-01-21T16:00:00Z
291.7915,158296.88875,1737388800000000000,2025-01-20T16:00:00Z,217000.0,,48d6861f-f6e0-442d-b200-248c0e9bd847,OrderRole.Standalone,OrderType.Market,_default,,PositionEffect.Open,,217000.0,False,,OrderSide.Buy,OrderStatus.Filled,300033.SZ,,TimeInForce.GTC,,,,1737475200000000000,2025-01-21T16:00:00Z
138.31818,165774.33873,1737388800000000000,2025-01-20T16:00:00Z,479400.0,,08dfd64a-e51b-4755-8e77-bccc094db5d9,OrderRole.Standalone,OrderType.Market,_default,,PositionEffect.Open,,479400.0,False,,OrderSide.Buy,OrderStatus.Filled,300502.SZ,,TimeInForce.GTC,,,,1737475200000000000,2025-01-21T16:00:00Z
,0.0,1737388800000000000,2025-01-20T16:00:00Z,0.0,,f2ec6aec-aff2-4bde-bc4f-0ceee74d1bd3,OrderRole.Standalone,OrderType.Market,_default,,PositionEffect.Open,,1667000.0,False,"Risk: Insufficient margin at execution. Required: 64002807.41855000000000000000, Available: 62455382.79076909702197782011",OrderSide.Buy,OrderStatus.Rejected,688183.SH,,TimeInForce.GTC,,,,1737475200000000000,2025-01-21T16:00:00Z
198.68112,163762.91316,1737475200000000000,2025-01-21T16:00:00Z,329700.0,,00bd012b-fe59-42d8-91f7-774b2499f99b,OrderRole.Standalone,OrderType.Market,_default,,PositionEffect.Close,,329700.0,False,,OrderSide.Sell,OrderStatus.Filled,688506.SH,,TimeInForce.GTC,,,,1737561600000000000,2025-01-22T16:00:00Z
,0.0,1740499200000000000,2025-02-25T16:00:00Z,0.0,,d9c675f0-0b8d-4503-9e3a-30495bd77df5,OrderRole.Standalone,OrderType.Market,_default,,PositionEffect.Close,,2828800.0,False,"Risk: Insufficient available position for 000001.SZ at execution. Available: 2828799.9999999999607425138488, Required: 2828800",OrderSide.Sell,OrderStatus.Rejected,000001.SZ,,TimeInForce.GTC,,,,1740585600000000000,2025-02-26T16:00:00Z
4.47552,158794.80624,1740499200000000000,2025-02-25T16:00:00Z,14192300.0,,3e520ade-7a98-4a45-9238-c6ba2e5e0688,OrderRole.Standalone,OrderType.Market,_default,,PositionEffect.Close,,14192300.0,False,,OrderSide.Sell,OrderStatus.Filled,000725.SZ,,TimeInForce.GTC,,,,1740585600000000000,2025-02-26T16:00:00Z
318.681,172884.4425,1740499200000000000,2025-02-25T16:00:00Z,217000.0,,5e6cae92-474b-4cb8-8270-b0bf740f5001,OrderRole.Standalone,OrderType.Market,_default,,PositionEffect.Close,,217000.0,False,,OrderSide.Sell,OrderStatus.Filled,300033.SZ,,TimeInForce.GTC,,,,1740585600000000000,2025-02-26T16:00:00Z
112.887,135295.0695,1740499200000000000,2025-02-25T16:00:00Z,479400.0,,c4cf468b-05bc-4430-b9a1-25fc64d7e4e7,OrderRole.Standalone,OrderType.Market,_default,,PositionEffect.Close,,479400.0,False,,OrderSide.Sell,OrderStatus.Filled,300502.SZ,,TimeInForce.GTC,,,,1740585600000000000,2025-02-26T16:00:00Z
85.14506,157518.361,1740499200000000000,2025-02-25T16:00:00Z,740000.0,,d3a281a9-3a3e-4937-b860-bc45f3d1de44,OrderRole.Standalone,OrderType.Market,_default,,PositionEffect.Open,,740000.0,False,,OrderSide.Buy,OrderStatus.Filled,301165.SZ,,TimeInForce.GTC,,,,1740585600000000000,2025-02-26T16:00:00Z
65.14508,156999.6428,1740499200000000000,2025-02-25T16:00:00Z,964000.0,,a2e629ee-9423-4759-88e6-a538a30ef42f,OrderRole.Standalone,OrderType.Market,_default,,PositionEffect.Open,,964000.0,False,,OrderSide.Buy,OrderStatus.Filled,000977.SZ,,TimeInForce.GTC,,,,1740585600000000000,2025-02-26T16:00:00Z
24.54452,157066.51961,1740499200000000000,2025-02-25T16:00:00Z,2559700.0,,1ff48d65-1a56-41e2-91a5-7a5092303512,OrderRole.Standalone,OrderType.Market,_default,,PositionEffect.Open,,2559700.0,False,,OrderSide.Buy,OrderStatus.Filled,300251.SZ,,TimeInForce.GTC,,,,1740585600000000000,2025-02-26T16:00:00Z
67.8678,155315.4603,1740499200000000000,2025-02-25T16:00:00Z,915400.0,,16177235-8e48-4c3e-87e0-627922bc4ee6,OrderRole.Standalone,OrderType.Market,_default,,PositionEffect.Open,,915400.0,False,,OrderSide.Buy,OrderStatus.Filled,300442.SZ,,TimeInForce.GTC,,,,1740585600000000000,2025-02-26T16:00:00Z
,0.0,1740499200000000000,2025-02-25T16:00:00Z,0.0,,da4c160b-116e-4969-8c1b-d12f47ac16d8,OrderRole.Standalone,OrderType.Market,_default,,PositionEffect.Open,,543100.0,False,"Risk: Insufficient margin at execution. Required: 63367406.69509250000000000000, Available: 62732644.65165909702197782011",OrderSide.Buy,OrderStatus.Rejected,300454.SZ,,TimeInForce.GTC,,,,1740585600000000000,2025-02-26T16:00:00Z
,0.0,1742918400000000000,2025-03-25T16:00:00Z,0.0,,313364d3-3aa6-4a86-bd96-77172c31b3ad,OrderRole.Standalone,OrderType.Market,_default,,PositionEffect.Close,,2828800.0,False,"Risk: Insufficient available position for 000001.SZ at execution. Available: 2828799.9999999999607425138488, Required: 2828800",OrderSide.Sell,OrderStatus.Rejected,000001.SZ,,TimeInForce.GTC,,,,1743004800000000000,2025-03-26T16:00:00Z
53.2467,128324.547,1742918400000000000,2025-03-25T16:00:00Z,964000.0,,da6467a6-361e-4719-8229-2b8b09f0db42,OrderRole.Standalone,OrderType.Market,_default,,PositionEffect.Close,,964000.0,False,,OrderSide.Sell,OrderStatus.Filled,000977.SZ,,TimeInForce.GTC,,,,1743004800000000000,2025-03-26T16:00:00Z
21.42855,137126.6485875,1742918400000000000,2025-03-25T16:00:00Z,2559700.0,,6545cf71-daed-4c78-adfd-e2d8c7e87ad8,OrderRole.Standalone,OrderType.Market,_default,,PositionEffect.Close,,2559700.0,False,,OrderSide.Sell,OrderStatus.Filled,300251.SZ,,TimeInForce.GTC,,,,1743004800000000000,2025-03-26T16:00:00Z
56.63331,129605.329935,1742918400000000000,2025-03-25T16:00:00Z,915400.0,,8d151370-29dc-4caa-a715-9491da96cc59,OrderRole.Standalone,OrderType.Market,_default,,PositionEffect.Close,,915400.0,False,,OrderSide.Sell,OrderStatus.Filled,300442.SZ,,TimeInForce.GTC,,,,1743004800000000000,2025-03-26T16:00:00Z
67.71222,125267.607,1742918400000000000,2025-03-25T16:00:00Z,740000.0,,7619f274-8e7a-4654-bcff-3606ac7105eb,OrderRole.Standalone,OrderType.Market,_default,,PositionEffect.Close,,740000.0,False,,OrderSide.Sell,OrderStatus.Filled,301165.SZ,,TimeInForce.GTC,,,,1743004800000000000,2025-03-26T16:00:00Z
15.72571,135968.4200875,1742918400000000000,2025-03-25T16:00:00Z,3458500.0,,7df68d0e-203f-4164-8956-bebf4dd6399d,OrderRole.Standalone,OrderType.Market,_default,,PositionEffect.Open,,3458500.0,False,,OrderSide.Buy,OrderStatus.Filled,600588.SH,,TimeInForce.GTC,,,,1743004800000000000,2025-03-26T16:00:00Z
99.08899,138130.05206,1742918400000000000,2025-03-25T16:00:00Z,557600.0,,635fb58f-7aff-49cc-919b-ed9afd0b0288,OrderRole.Standalone,OrderType.Market,_default,,PositionEffect.Open,,557600.0,False,,OrderSide.Buy,OrderStatus.Filled,688521.SH,,TimeInForce.GTC,,,,1743004800000000000,2025-03-26T16:00:00Z
295.26497,136338.5998975,1742918400000000000,2025-03-25T16:00:00Z,184700.0,,4453c02c-7f91-40ac-b2e4-04664b5b57ae,OrderRole.Standalone,OrderType.Market,_default,,PositionEffect.Open,,184700.0,False,,OrderSide.Buy,OrderStatus.Filled,300033.SZ,,TimeInForce.GTC,,,,1743004800000000000,2025-03-26T16:00:00Z
,0.0,1742918400000000000,2025-03-25T16:00:00Z,0.0,,90da72a5-1677-4dc3-a9f6-9ce262bb4926,OrderRole.Standalone,OrderType.Market,_default,,PositionEffect.Open,,545500.0,False,"Risk: Insufficient margin at execution. Required: 54653475.67680000000000000000, Available: 52372040.45224159702197782010",OrderSide.Buy,OrderStatus.Rejected,300454.SZ,,TimeInForce.GTC,,,,1743004800000000000,2025-03-26T16:00:00Z
84.9849,133128.84585,1742918400000000000,2025-03-25T16:00:00Z,626600.0,,222b54b2-3842-4492-be5c-50a0466d6a13,OrderRole.Standalone,OrderType.Market,_default,,PositionEffect.Open,,626600.0,False,,OrderSide.Buy,OrderStatus.Filled,300394.SZ,,TimeInForce.GTC,,,,1743004800000000000,2025-03-26T16:00:00Z
,0.0,1745424000000000000,2025-04-23T16:00:00Z,0.0,,88207ed1-61a5-4dd2-986e-59d6ab0bb047,OrderRole.Standalone,OrderType.Market,_default,,PositionEffect.Close,,2828800.0,False,"Risk: Insufficient available position for 000001.SZ at execution. Available: 2828799.9999999999607425138488, Required: 2828800",OrderSide.Sell,OrderStatus.Rejected,000001.SZ,,TimeInForce.GTC,,,,1745510400000000000,2025-04-24T16:00:00Z
259.82991,119976.4609425,1745424000000000000,2025-04-23T16:00:00Z,184700.0,,5641c3d4-13df-49dc-9762-a5a48fc90ea6,OrderRole.Standalone,OrderType.Market,_default,,PositionEffect.Close,,184700.0,False,,OrderSide.Sell,OrderStatus.Filled,300033.SZ,,TimeInForce.GTC,,,,1745510400000000000,2025-04-24T16:00:00Z
69.71022,109201.05963,1745424000000000000,2025-04-23T16:00:00Z,626600.0,,e864ad03-326e-4ec4-a989-74afd3f283b2,OrderRole.Standalone,OrderType.Market,_default,,PositionEffect.Close,,626600.0,False,,OrderSide.Sell,OrderStatus.Filled,300394.SZ,,TimeInForce.GTC,,,,1745510400000000000,2025-04-24T16:00:00Z
13.7862,119198.93175,1745424000000000000,2025-04-23T16:00:00Z,3458500.0,,e6e25c66-a83f-48e1-8511-4e7435cf76c9,OrderRole.Standalone,OrderType.Market,_default,,PositionEffect.Close,,3458500.0,False,,OrderSide.Sell,OrderStatus.Filled,600588.SH,,TimeInForce.GTC,,,,1745510400000000000,2025-04-24T16:00:00Z
92.25765,128607.1641,1745424000000000000,2025-04-23T16:00:00Z,557600.0,,f8de2683-7e9e-4599-8f1f-1b065709e6eb,OrderRole.Standalone,OrderType.Market,_default,,PositionEffect.Close,,557600.0,False,,OrderSide.Sell,OrderStatus.Filled,688521.SH,,TimeInForce.GTC,,,,1745510400000000000,2025-04-24T16:00:00Z
72.93286,62193.496365,1745424000000000000,2025-04-23T16:00:00Z,341100.0,,41237069-61ea-4602-a688-01d49ccb53de,OrderRole.Standalone,OrderType.Market,_default,,PositionEffect.Open,,341100.0,False,,OrderSide.Buy,OrderStatus.Filled,002028.SZ,,TimeInForce.GTC,,,,1745510400000000000,2025-04-24T16:00:00Z
370.37,62499.9375,1745424000000000000,2025-04-23T16:00:00Z,67500.0,,a825101e-251e-46fc-a503-a31087d39af0,OrderRole.Standalone,OrderType.Market,_default,,PositionEffect.Open,,67500.0,False,,OrderSide.Buy,OrderStatus.Filled,002594.SZ,,TimeInForce.GTC,,,,1745510400000000000,2025-04-24T16:00:00Z
20.60058,62136.499425,1745424000000000000,2025-04-23T16:00:00Z,1206500.0,,7a389baa-0e29-439d-9683-5138dc5f31b4,OrderRole.Standalone,OrderType.Market,_default,,PositionEffect.Open,,1206500.0,False,,OrderSide.Buy,OrderStatus.Filled,300059.SZ,,TimeInForce.GTC,,,,1745510400000000000,2025-04-24T16:00:00Z
19.18917,62187.3026775,1745424000000000000,2025-04-23T16:00:00Z,1296300.0,,29f1a29c-fb7b-4dce-a3ba-837948f93f45,OrderRole.Standalone,OrderType.Market,_default,,PositionEffect.Open,,1296300.0,False,,OrderSide.Buy,OrderStatus.Filled,300251.SZ,,TimeInForce.GTC,,,,1745510400000000000,2025-04-24T16:00:00Z
237.4372,61911.7499,1745424000000000000,2025-04-23T16:00:00Z,104300.0,,056e1e73-8a2d-405c-a166-f66aa3965df7,OrderRole.Standalone,OrderType.Market,_default,,PositionEffect.Open,,104300.0,False,,OrderSide.Buy,OrderStatus.Filled,300750.SZ,,TimeInForce.GTC,,,,1745510400000000000,2025-04-24T16:00:00Z
42.33229,61942.7233425,1745424000000000000,2025-04-23T16:00:00Z,585300.0,,1a5ec87d-6eb9-4814-8a90-270c9c2e038e,OrderRole.Standalone,OrderType.Market,_default,,PositionEffect.Open,,585300.0,False,,OrderSide.Buy,OrderStatus.Filled,600036.SH,,TimeInForce.GTC,,,,1745510400000000000,2025-04-24T16:00:00Z
1558.6571,61956.619725,1745424000000000000,2025-04-23T16:00:00Z,15900.0,,305ec561-c020-4f93-b2ac-e27076f4d00f,OrderRole.Standalone,OrderType.Market,_default,,PositionEffect.Open,,15900.0,False,,OrderSide.Buy,OrderStatus.Filled,600519.SH,,TimeInForce.GTC,,,,1745510400000000000,2025-04-24T16:00:00Z
214.1139,61878.9171,1745424000000000000,2025-04-23T16:00:00Z,115600.0,,1fb9dcd2-b79d-43f5-9fbc-e67f0188c443,OrderRole.Standalone,OrderType.Market,_default,,PositionEffect.Open,,115600.0,False,,OrderSide.Buy,OrderStatus.Filled,600809.SH,,TimeInForce.GTC,,,,1745510400000000000,2025-04-24T16:00:00Z
29.50948,61874.00219,1745424000000000000,2025-04-23T16:00:00Z,838700.0,,2454e799-716a-4549-8170-aee20fca6b04,OrderRole.Standalone,OrderType.Market,_default,,PositionEffect.Open,,838700.0,False,,OrderSide.Buy,OrderStatus.Filled,600900.SH,,TimeInForce.GTC,,,,1745510400000000000,2025-04-24T16:00:00Z
,0.0,1745424000000000000,2025-04-23T16:00:00Z,0.0,,469ee584-6401-437a-8fd5-ba9de014a852,OrderRole.Standalone,OrderType.Market,_default,,PositionEffect.Open,,87300.0,False,"Risk: Insufficient margin at execution. Required: 24880038.18300000000000000000, Available: 19251568.86659409702197426740",OrderSide.Buy,OrderStatus.Rejected,688506.SH,,TimeInForce.GTC,,,,1745510400000000000,2025-04-24T16:00:00Z
,0.0,1748275200000000000,2025-05-26T16:00:00Z,0.0,,1f268338-672c-4f6e-b6e1-e604409786ce,OrderRole.Standalone,OrderType.Market,_default,,PositionEffect.Close,,2828800.0,False,"Risk: Insufficient available position for 000001.SZ at execution. Available: 2828799.9999999999607425138488, Required: 2828800",OrderSide.Sell,OrderStatus.Rejected,000001.SZ,,TimeInForce.GTC,,,,1748361600000000000,2025-05-27T16:00:00Z
73.70622,62852.979105,1748275200000000000,2025-05-26T16:00:00Z,341100.0,,84787b47-c6ed-4e76-993b-2b6aa2f4ca6f,OrderRole.Standalone,OrderType.Market,_default,,PositionEffect.Close,,341100.0,False,,OrderSide.Sell,OrderStatus.Filled,002028.SZ,,TimeInForce.GTC,,,,1748361600000000000,2025-05-27T16:00:00Z
372.03759,62781.3433125,1748275200000000000,2025-05-26T16:00:00Z,67500.0,,04502a7e-077c-4cdb-a0d8-99cc395b2dfb,OrderRole.Standalone,OrderType.Market,_default,,PositionEffect.Close,,67500.0,False,,OrderSide.Sell,OrderStatus.Filled,002594.SZ,,TimeInForce.GTC,,,,1748361600000000000,2025-05-27T16:00:00Z
20.72925,62524.6003125,1748275200000000000,2025-05-26T16:00:00Z,1206500.0,,c3094832-2442-47bc-899d-6fced84c887e,OrderRole.Standalone,OrderType.Market,_default,,PositionEffect.Close,,1206500.0,False,,OrderSide.Sell,OrderStatus.Filled,300059.SZ,,TimeInForce.GTC,,,,1748361600000000000,2025-05-27T16:00:00Z
17.74224,57498.16428,1748275200000000000,2025-05-26T16:00:00Z,1296300.0,,9ca71b56-bab0-45f3-8742-9598a8db3bf1,OrderRole.Standalone,OrderType.Market,_default,,PositionEffect.Close,,1296300.0,False,,OrderSide.Sell,OrderStatus.Filled,300251.SZ,,TimeInForce.GTC,,,,1748361600000000000,2025-05-27T16:00:00Z
255.35439,66583.6571925,1748275200000000000,2025-05-26T16:00:00Z,104300.0,,d84196ff-c7a5-41cd-b8b3-1994ce9e4015,OrderRole.Standalone,OrderType.Market,_default,,PositionEffect.Close,,104300.0,False,,OrderSide.Sell,OrderStatus.Filled,300750.SZ,,TimeInForce.GTC,,,,1748361600000000000,2025-05-27T16:00:00Z
43.73622,63997.023915,1748275200000000000,2025-05-26T16:00:00Z,585300.0,,940563d3-7b2a-4814-959f-7f2d19a12794,OrderRole.Standalone,OrderType.Market,_default,,PositionEffect.Close,,585300.0,False,,OrderSide.Sell,OrderStatus.Filled,600036.SH,,TimeInForce.GTC,,,,1748361600000000000,2025-05-27T16:00:00Z
1542.44601,61312.2288975,1748275200000000000,2025-05-26T16:00:00Z,15900.0,,27bede11-ad46-4323-9b78-309fd962afab,OrderRole.Standalone,OrderType.Market,_default,,PositionEffect.Close,,15900.0,False,,OrderSide.Sell,OrderStatus.Filled,600519.SH,,TimeInForce.GTC,,,,1748361600000000000,2025-05-27T16:00:00Z
188.22159,54396.03951,1748275200000000000,2025-05-26T16:00:00Z,115600.0,,13624824-04f1-4dbf-bb79-7bc720fafdcc,OrderRole.Standalone,OrderType.Market,_default,,PositionEffect.Close,,115600.0,False,,OrderSide.Sell,OrderStatus.Filled,600809.SH,,TimeInForce.GTC,,,,1748361600000000000,2025-05-27T16:00:00Z
30.23973,63405.1538775,1748275200000000000,2025-05-26T16:00:00Z,838700.0,,c09c1007-5287-47c9-8043-6ffc0f11e7cc,OrderRole.Standalone,OrderType.Market,_default,,PositionEffect.Close,,838700.0,False,,OrderSide.Sell,OrderStatus.Filled,600900.SH,,TimeInForce.GTC,,,,1748361600000000000,2025-05-27T16:00:00Z
145.01487,61558.812315,1748275200000000000,2025-05-26T16:00:00Z,169800.0,,028d08bb-278f-4bd8-a747-ee5a5721e691,OrderRole.Standalone,OrderType.Market,_default,,PositionEffect.Open,,169800.0,False,,OrderSide.Buy,OrderStatus.Filled,603893.SH,,TimeInForce.GTC,,,,1748361600000000000,2025-05-27T16:00:00Z
83.64356,61833.50173,1748275200000000000,2025-05-26T16:00:00Z,295700.0,,0503aa60-4eff-4e68-a6af-fb11b00cc629,OrderRole.Standalone,OrderType.Market,_default,,PositionEffect.Open,,295700.0,False,,OrderSide.Buy,OrderStatus.Filled,605117.SH,,TimeInForce.GTC,,,,1748361600000000000,2025-05-27T16:00:00Z
72.4724,61746.4848,1748275200000000000,2025-05-26T16:00:00Z,340800.0,,6ee5fe45-1242-42db-ab31-1415c0bceb80,OrderRole.Standalone,OrderType.Market,_default,,PositionEffect.Open,,340800.0,False,,OrderSide.Buy,OrderStatus.Filled,688036.SH,,TimeInForce.GTC,,,,1748361600000000000,2025-05-27T16:00:00Z
617.2166,61875.96415,1748275200000000000,2025-05-26T16:00:00Z,40100.0,,a97688fb-6bfe-4d29-920e-c1c09d49d3cd,OrderRole.Standalone,OrderType.Market,_default,,PositionEffect.Open,,40100.0,False,,OrderSide.Buy,OrderStatus.Filled,688256.SH,,TimeInForce.GTC,,,,1748361600000000000,2025-05-27T16:00:00Z
8.1081,61808.0463,1748275200000000000,2025-05-26T16:00:00Z,3049200.0,,aad606ed-59ea-4a74-ba6c-e0468ef5588c,OrderRole.Standalone,OrderType.Market,_default,,PositionEffect.Open,,3049200.0,False,,OrderSide.Buy,OrderStatus.Filled,000425.SZ,,TimeInForce.GTC,,,,1748361600000000000,2025-05-27T16:00:00Z
22.08206,61879.452635,1748275200000000000,2025-05-26T16:00:00Z,1120900.0,,2d26ecb6-ff62-4480-926a-3b08c2d096b7,OrderRole.Standalone,OrderType.Market,_default,,PositionEffect.Open,,1120900.0,False,,OrderSide.Buy,OrderStatus.Filled,002001.SZ,,TimeInForce.GTC,,,,1748361600000000000,2025-05-27T16:00:00Z
16.1161,61656.169575,1748275200000000000,2025-05-26T16:00:00Z,1530300.0,,b39c3b0d-f68d-4232-94cb-8a38c40189a1,OrderRole.Standalone,OrderType.Market,_default,,PositionEffect.Open,,1530300.0,False,,OrderSide.Buy,OrderStatus.Filled,002601.SZ,,TimeInForce.GTC,,,,1748361600000000000,2025-05-27T16:00:00Z
9.08908,62064.78278,1748275200000000000,2025-05-26T16:00:00Z,2731400.0,,a440f227-e3aa-4559-addd-271af3eec849,OrderRole.Standalone,OrderType.Market,_default,,PositionEffect.Open,,2731400.0,False,,OrderSide.Buy,OrderStatus.Filled,002602.SZ,,TimeInForce.GTC,,,,1748361600000000000,2025-05-27T16:00:00Z
91.091,62215.153,1748275200000000000,2025-05-26T16:00:00Z,273200.0,,ac1d17c5-e031-4d0c-adb5-d3a711342cd9,OrderRole.Standalone,OrderType.Market,_default,,PositionEffect.Open,,273200.0,False,,OrderSide.Buy,OrderStatus.Filled,300308.SZ,,TimeInForce.GTC,,,,1748361600000000000,2025-05-27T16:00:00Z
,0.0,1748275200000000000,2025-05-26T16:00:00Z,0.0,,249a1113-d726-4c5c-a849-efaf9bb75e01,OrderRole.Standalone,OrderType.Market,_default,,PositionEffect.Open,,769600.0,False,"Risk: Insufficient margin at execution. Required: 24721179.72324000000000000000, Available: 17624772.03006434705252858678",OrderSide.Buy,OrderStatus.Rejected,300408.SZ,,TimeInForce.GTC,,,,1748361600000000000,2025-05-27T16:00:00Z
,0.0,1750780800000000000,2025-06-24T16:00:00Z,0.0,,d7a8b464-10bb-4353-aca9-e013fe9f9c1e,OrderRole.Standalone,OrderType.Market,_default,,PositionEffect.Close,,2828800.0,False,"Risk: Insufficient available position for 000001.SZ at execution. Available: 2828799.9999999999607425138488, Required: 2828800",OrderSide.Sell,OrderStatus.Rejected,000001.SZ,,TimeInForce.GTC,,,,1750867200000000000,2025-06-25T16:00:00Z
7.84215,59780.70945,1750780800000000000,2025-06-24T16:00:00Z,3049200.0,,3a970504-b091-4dae-a979-560ab9eba35b,OrderRole.Standalone,OrderType.Market,_default,,PositionEffect.Close,,3049200.0,False,,OrderSide.Sell,OrderStatus.Filled,000425.SZ,,TimeInForce.GTC,,,,1750867200000000000,2025-06-25T16:00:00Z
21.52845,60328.0990125,1750780800000000000,2025-06-24T16:00:00Z,1120900.0,,e0acc0c5-afdf-4ec8-87c0-6b95efbf767b,OrderRole.Standalone,OrderType.Market,_default,,PositionEffect.Close,,1120900.0,False,,OrderSide.Sell,OrderStatus.Filled,002001.SZ,,TimeInForce.GTC,,,,1750867200000000000,2025-06-25T16:00:00Z
16.27371,62259.1460325,1750780800000000000,2025-06-24T16:00:00Z,1530300.0,,3f501a57-2d0d-4980-a12c-e7366f577a97,OrderRole.Standalone,OrderType.Market,_default,,PositionEffect.Close,,1530300.0,False,,OrderSide.Sell,OrderStatus.Filled,002601.SZ,,TimeInForce.GTC,,,,1750867200000000000,2025-06-25T16:00:00Z
10.37961,5521.95252,1750780800000000000,2025-06-24T16:00:00Z,212800.0,,86202d3f-d8c8-4fe8-9834-4560ee9fe244,OrderRole.Standalone,OrderType.Market,_default,,PositionEffect.Close,,212800.0,False,,OrderSide.Sell,OrderStatus.Filled,002602.SZ,,TimeInForce.GTC,,,,1750867200000000000,2025-06-25T16:00:00Z
127.4724,20905.4736,1750780800000000000,2025-06-24T16:00:00Z,65600.0,,ccfc3451-4e63-42a3-8121-789a402a2d56,OrderRole.Standalone,OrderType.Market,_default,,PositionEffect.Close,,65600.0,False,,OrderSide.Sell,OrderStatus.Filled,300308.SZ,,TimeInForce.GTC,,,,1750867200000000000,2025-06-25T16:00:00Z
153.15669,65015.014905,1750780800000000000,2025-06-24T16:00:00Z,169800.0,,688e1943-7451-4b3b-bbaf-ba6fa84f850f,OrderRole.Standalone,OrderType.Market,_default,,PositionEffect.Close,,169800.0,False,,OrderSide.Sell,OrderStatus.Filled,603893.SH,,TimeInForce.GTC,,,,1750867200000000000,2025-06-25T16:00:00Z
52.70724,54538.81659,1750780800000000000,2025-06-24T16:00:00Z,413900.0,,fa2708c5-b547-4405-a3e6-a7fca434bf1d,OrderRole.Standalone,OrderType.Market,_default,,PositionEffect.Close,,413900.0,False,,OrderSide.Sell,OrderStatus.Filled,605117.SH,,TimeInForce.GTC,,,,1750867200000000000,2025-06-25T16:00:00Z
77.43249,65972.48148,1750780800000000000,2025-06-24T16:00:00Z,340800.0,,61e9ce3a-9a35-4756-952b-17c3a1b8c641,OrderRole.Standalone,OrderType.Market,_default,,PositionEffect.Close,,340800.0,False,,OrderSide.Sell,OrderStatus.Filled,688036.SH,,TimeInForce.GTC,,,,1750867200000000000,2025-06-25T16:00:00Z
610.389,61191.49725,1750780800000000000,2025-06-24T16:00:00Z,40100.0,,f05acc6b-dd9a-40ad-a761-ad8a599896b9,OrderRole.Standalone,OrderType.Market,_default,,PositionEffect.Close,,40100.0,False,,OrderSide.Sell,OrderStatus.Filled,688256.SH,,TimeInForce.GTC,,,,1750867200000000000,2025-06-25T16:00:00Z
33.09306,65375.34003,1750780800000000000,2025-06-24T16:00:00Z,790200.0,,c70be6fa-7e91-4a33-b183-e7f098f68940,OrderRole.Standalone,OrderType.Market,_default,,PositionEffect.Open,,790200.0,False,,OrderSide.Buy,OrderStatus.Filled,002074.SZ,,TimeInForce.GTC,,,,1750867200000000000,2025-06-25T16:00:00Z
36.8368,65919.4536,1750780800000000000,2025-06-24T16:00:00Z,715800.0,,99106aee-6880-4391-b9f6-609b01d1ca52,OrderRole.Standalone,OrderType.Market,_default,,PositionEffect.Open,,715800.0,False,,OrderSide.Buy,OrderStatus.Filled,002384.SZ,,TimeInForce.GTC,,,,1750867200000000000,2025-06-25T16:00:00Z
43.39335,66869.15235,1750780800000000000,2025-06-24T16:00:00Z,616400.0,,a4203b54-25e1-489b-b212-80daf825138e,OrderRole.Standalone,OrderType.Market,_default,,PositionEffect.Open,,616400.0,False,,OrderSide.Buy,OrderStatus.Filled,002463.SZ,,TimeInForce.GTC,,,,1750867200000000000,2025-06-25T16:00:00Z
21.3213,64960.670775,1750780800000000000,2025-06-24T16:00:00Z,1218700.0,,444c6f7e-3020-424f-8a97-8489676ea1cb,OrderRole.Standalone,OrderType.Market,_default,,PositionEffect.Open,,1218700.0,False,,OrderSide.Buy,OrderStatus.Filled,002558.SZ,,TimeInForce.GTC,,,,1750867200000000000,2025-06-25T16:00:00Z
126.07595,66946.32945,1750780800000000000,2025-06-24T16:00:00Z,212400.0,,92eee592-9e5a-43b1-ae09-b4f987b7635a,OrderRole.Standalone,OrderType.Market,_default,,PositionEffect.Open,,212400.0,False,,OrderSide.Buy,OrderStatus.Filled,300476.SZ,,TimeInForce.GTC,,,,1750867200000000000,2025-06-25T16:00:00Z
112.0119,66171.029925,1750780800000000000,2025-06-24T16:00:00Z,236300.0,,6579f898-d7b4-4209-a5cd-4f64b6e69203,OrderRole.Standalone,OrderType.Market,_default,,PositionEffect.Open,,236300.0,False,,OrderSide.Buy,OrderStatus.Filled,300502.SZ,,TimeInForce.GTC,,,,1750867200000000000,2025-06-25T16:00:00Z
,0.0,1750780800000000000,2025-06-24T16:00:00Z,0.0,,04c46de6-d5e3-42f9-bd00-871e64ed68ee,OrderRole.Standalone,OrderType.Market,_default,,PositionEffect.Open,,550400.0,False,"Risk: Insufficient margin at execution. Required: 26787897.13600000000000000000, Available: 17133350.79703914373704104222",OrderSide.Buy,OrderStatus.Rejected,688183.SH,,TimeInForce.GTC,,,,1750867200000000000,2025-06-25T16:00:00Z
73.40333,66209.80366,1750780800000000000,2025-06-24T16:00:00Z,360800.0,,2c4bf7bb-48c6-47ec-8cb7-e7c56dc63ffb,OrderRole.Standalone,OrderType.Market,_default,,PositionEffect.Open,,360800.0,False,,OrderSide.Buy,OrderStatus.Filled,300394.SZ,,TimeInForce.GTC,,,,1750867200000000000,2025-06-25T16:00:00Z
10.1898,64160.0757,1750867200000000000,2025-06-25T16:00:00Z,2518600.0,,4709bf49-fbfa-4f15-a340-eed3191d1b54,OrderRole.Standalone,OrderType.Market,_default,,PositionEffect.Close,,2518600.0,False,,OrderSide.Sell,OrderStatus.Filled,002602.SZ,,TimeInForce.GTC,,,,1750953600000000000,2025-06-26T16:00:00Z
129.04083,66972.19077,1750867200000000000,2025-06-25T16:00:00Z,207600.0,,12e148f4-4264-478a-b237-fc6ca2f2b132,OrderRole.Standalone,OrderType.Market,_default,,PositionEffect.Close,,207600.0,False,,OrderSide.Sell,OrderStatus.Filled,300308.SZ,,TimeInForce.GTC,,,,1750953600000000000,2025-06-26T16:00:00Z
,0.0,1753200000000000000,2025-07-22T16:00:00Z,0.0,,fc9528b6-909d-4547-b724-f1652c5f49e5,OrderRole.Standalone,OrderType.Market,_default,,PositionEffect.Close,,2828800.0,False,"Risk: Insufficient available position for 000001.SZ at execution. Available: 2828799.9999999999607425138488, Required: 2828800",OrderSide.Sell,OrderStatus.Rejected,000001.SZ,,TimeInForce.GTC,,,,1753286400000000000,2025-07-23T16:00:00Z
54.7452,21295.8828,1753200000000000000,2025-07-22T16:00:00Z,155600.0,,9045e3cc-3af9-4acd-87b0-df00fabc57b0,OrderRole.Standalone,OrderType.Market,_default,,PositionEffect.Close,,155600.0,False,,OrderSide.Sell,OrderStatus.Filled,002384.SZ,,TimeInForce.GTC,,,,1753286400000000000,2025-07-23T16:00:00Z
50.60934,77988.99294,1753200000000000000,2025-07-22T16:00:00Z,616400.0,,1cd7802f-80fe-446b-ac7c-e4a21fae2df9,OrderRole.Standalone,OrderType.Market,_default,,PositionEffect.Close,,616400.0,False,,OrderSide.Sell,OrderStatus.Filled,002463.SZ,,TimeInForce.GTC,,,,1753286400000000000,2025-07-23T16:00:00Z
24.1758,73657.61865,1753200000000000000,2025-07-22T16:00:00Z,1218700.0,,0b24f916-40ff-466e-8a70-cf087437cd1a,OrderRole.Standalone,OrderType.Market,_default,,PositionEffect.Close,,1218700.0,False,,OrderSide.Sell,OrderStatus.Filled,002558.SZ,,TimeInForce.GTC,,,,1753286400000000000,2025-07-23T16:00:00Z
91.7082,6488.35515,1753200000000000000,2025-07-22T16:00:00Z,28300.0,,90a78fde-2522-4108-b897-0cdfe401e680,OrderRole.Standalone,OrderType.Market,_default,,PositionEffect.Close,,28300.0,False,,OrderSide.Sell,OrderStatus.Filled,300394.SZ,,TimeInForce.GTC,,,,1753286400000000000,2025-07-23T16:00:00Z
157.7421,6467.4261,1753200000000000000,2025-07-22T16:00:00Z,16400.0,,dd9702f5-745a-419a-8407-7cd67a9affdd,OrderRole.Standalone,OrderType.Market,_default,,PositionEffect.Close,,16400.0,False,,OrderSide.Sell,OrderStatus.Filled,300476.SZ,,TimeInForce.GTC,,,,1753286400000000000,2025-07-23T16:00:00Z
176.53329,28201.1930775,1753200000000000000,2025-07-22T16:00:00Z,63900.0,,802d16cd-24de-4f53-b62c-7423fb62c561,OrderRole.Standalone,OrderType.Market,_default,,PositionEffect.Close,,63900.0,False,,OrderSide.Sell,OrderStatus.Filled,300502.SZ,,TimeInForce.GTC,,,,1753286400000000000,2025-07-23T16:00:00Z
88.088,75050.976,1753200000000000000,2025-07-22T16:00:00Z,340800.0,,0ae2a146-b99a-4c64-b63d-6c4f213f68bb,OrderRole.Standalone,OrderType.Market,_default,,PositionEffect.Open,,340800.0,False,,OrderSide.Buy,OrderStatus.Filled,300803.SZ,,TimeInForce.GTC,,,,1753286400000000000,2025-07-23T16:00:00Z
34.72469,74475.7788775,1753200000000000000,2025-07-22T16:00:00Z,857900.0,,c4424259-086d-40e8-8fee-04b742a6c3e6,OrderRole.Standalone,OrderType.Market,_default,,PositionEffect.Open,,857900.0,False,,OrderSide.Buy,OrderStatus.Filled,600111.SH,,TimeInForce.GTC,,,,1753286400000000000,2025-07-23T16:00:00Z
50.67062,76753.321645,1753200000000000000,2025-07-22T16:00:00Z,605900.0,,30c43079-43e1-4ea6-bd17-dd12cbaa4e3b,OrderRole.Standalone,OrderType.Market,_default,,PositionEffect.Open,,605900.0,False,,OrderSide.Buy,OrderStatus.Filled,688183.SH,,TimeInForce.GTC,,,,1753286400000000000,2025-07-23T16:00:00Z
26.2262,71931.91005,1753200000000000000,2025-07-22T16:00:00Z,1097100.0,,df9a5a87-68dc-4edf-8da5-6c42c425ae3f,OrderRole.Standalone,OrderType.Market,_default,,PositionEffect.Open,,1097100.0,False,,OrderSide.Buy,OrderStatus.Filled,688303.SH,,TimeInForce.GTC,,,,1753286400000000000,2025-07-23T16:00:00Z
,0.0,1753200000000000000,2025-07-22T16:00:00Z,0.0,,b2c87a28-49d8-4e0f-a576-69372cb74100,OrderRole.Standalone,OrderType.Market,_default,,PositionEffect.Open,,161200.0,False,"Risk: Insufficient margin at execution. Required: 30816156.87150000000000000000, Available: 29083394.91465414201628337466",OrderSide.Buy,OrderStatus.Rejected,300308.SZ,,TimeInForce.GTC,,,,1753286400000000000,2025-07-23T16:00:00Z
29.97995,15694.503825,1753200000000000000,2025-07-22T16:00:00Z,209400.0,,ab4911e4-6745-478a-8509-821099d74a21,OrderRole.Standalone,OrderType.Market,_default,,PositionEffect.Open,,209400.0,False,,OrderSide.Buy,OrderStatus.Filled,002074.SZ,,TimeInForce.GTC,,,,1753286400000000000,2025-07-23T16:00:00Z
30.44952,76093.35048,1753286400000000000,2025-07-23T16:00:00Z,999600.0,,092599e8-9cfc-4bc3-ad6b-b839563bf555,OrderRole.Standalone,OrderType.Market,_default,,PositionEffect.Close,,999600.0,False,,OrderSide.Sell,OrderStatus.Filled,002074.SZ,,TimeInForce.GTC,,,,1753372800000000000,2025-07-24T16:00:00Z
53.8461,75411.46305,1753286400000000000,2025-07-23T16:00:00Z,560200.0,,4236a445-1dae-423c-b1c2-c8a9b531bccd,OrderRole.Standalone,OrderType.Market,_default,,PositionEffect.Close,,560200.0,False,,OrderSide.Sell,OrderStatus.Filled,002384.SZ,,TimeInForce.GTC,,,,1753372800000000000,2025-07-24T16:00:00Z
,0.0,1753286400000000000,2025-07-23T16:00:00Z,0.0,,f527f779-4f5d-4c96-b455-020874852adb,OrderRole.Standalone,OrderType.Market,_default,,PositionEffect.Close,,332584.0,False,"Risk: Insufficient available position for 300394.SZ at execution. Available: 332583.99999999997619504199502, Required: 332584",OrderSide.Sell,OrderStatus.Rejected,300394.SZ,,TimeInForce.GTC,,,,1753372800000000000,2025-07-24T16:00:00Z
154.20564,75560.7636,1753286400000000000,2025-07-23T16:00:00Z,196000.0,,2b9c3a63-1d37-4c1e-b521-45f4d0b4497a,OrderRole.Standalone,OrderType.Market,_default,,PositionEffect.Close,,196000.0,False,,OrderSide.Sell,OrderStatus.Filled,300476.SZ,,TimeInForce.GTC,,,,1753372800000000000,2025-07-24T16:00:00Z
172.1277,74187.0387,1753286400000000000,2025-07-23T16:00:00Z,172400.0,,b8497a0f-e6a0-4bf4-a5ef-32673e9f479d,OrderRole.Standalone,OrderType.Market,_default,,PositionEffect.Close,,172400.0,False,,OrderSide.Sell,OrderStatus.Filled,300502.SZ,,TimeInForce.GTC,,,,1753372800000000000,2025-07-24T16:00:00Z
48.42153,73346.5125675,1753286400000000000,2025-07-23T16:00:00Z,605900.0,,06ce141f-c905-468e-bace-b309bb5eb7ea,OrderRole.Standalone,OrderType.Market,_default,,PositionEffect.Close,,605900.0,False,,OrderSide.Sell,OrderStatus.Filled,688183.SH,,TimeInForce.GTC,,,,1753372800000000000,2025-07-24T16:00:00Z
,0.0,1755619200000000000,2025-08-19T16:00:00Z,0.0,,38798596-46a9-4eb6-887a-063b4fb33c63,OrderRole.Standalone,OrderType.Market,_default,,PositionEffect.Close,,2828800.0,False,"Risk: Insufficient available position for 000001.SZ at execution. Available: 2828799.9999999999607425138488, Required: 2828800",OrderSide.Sell,OrderStatus.Rejected,000001.SZ,,TimeInForce.GTC,,,,1755705600000000000,2025-08-20T16:00:00Z
124.875,22227.75,1755619200000000000,2025-08-19T16:00:00Z,71200.0,,d2e1ab61-365b-4619-b790-648a82b59975,OrderRole.Standalone,OrderType.Market,_default,,PositionEffect.Close,,71200.0,False,,OrderSide.Sell,OrderStatus.Filled,300394.SZ,,TimeInForce.GTC,,,,1755705600000000000,2025-08-20T16:00:00Z
125.62425,24214.0741875,1755619200000000000,2025-08-19T16:00:00Z,77100.0,,b8a7f17a-a593-4fe4-b286-8a40b7dd64ed,OrderRole.Standalone,OrderType.Market,_default,,PositionEffect.Close,,77100.0,False,,OrderSide.Sell,OrderStatus.Filled,300803.SZ,,TimeInForce.GTC,,,,1755705600000000000,2025-08-20T16:00:00Z
44.90505,96310.1059875,1755619200000000000,2025-08-19T16:00:00Z,857900.0,,6f467fd6-7042-4800-af64-a7dd89fa3855,OrderRole.Standalone,OrderType.Market,_default,,PositionEffect.Close,,857900.0,False,,OrderSide.Sell,OrderStatus.Filled,600111.SH,,TimeInForce.GTC,,,,1755705600000000000,2025-08-20T16:00:00Z
25.6743,70418.186325,1755619200000000000,2025-08-19T16:00:00Z,1097100.0,,9345338a-64c9-40b1-98a7-8cf4c0551fd7,OrderRole.Standalone,OrderType.Market,_default,,PositionEffect.Close,,1097100.0,False,,OrderSide.Sell,OrderStatus.Filled,688303.SH,,TimeInForce.GTC,,,,1755705600000000000,2025-08-20T16:00:00Z
71.23116,84213.03891,1755619200000000000,2025-08-19T16:00:00Z,472900.0,,cc3a8235-1e8e-4dde-af48-b3b8ccc8e2df,OrderRole.Standalone,OrderType.Market,_default,,PositionEffect.Open,,472900.0,False,,OrderSide.Buy,OrderStatus.Filled,002837.SZ,,TimeInForce.GTC,,,,1755705600000000000,2025-08-20T16:00:00Z
52.66261,80968.762875,1755619200000000000,2025-08-19T16:00:00Z,615000.0,,d967375a-55ec-42ea-8966-b4d6626d7397,OrderRole.Standalone,OrderType.Market,_default,,PositionEffect.Open,,615000.0,False,,OrderSide.Buy,OrderStatus.Filled,002938.SZ,,TimeInForce.GTC,,,,1755705600000000000,2025-08-20T16:00:00Z
388.39801,82340.37812,1755619200000000000,2025-08-19T16:00:00Z,84800.0,,b00aeb4b-5465-44f7-86f8-be87f6a2247d,OrderRole.Standalone,OrderType.Market,_default,,PositionEffect.Open,,84800.0,False,,OrderSide.Buy,OrderStatus.Filled,300033.SZ,,TimeInForce.GTC,,,,1755705600000000000,2025-08-20T16:00:00Z
273.0728,83492.0086,1755619200000000000,2025-08-19T16:00:00Z,122300.0,,10b74658-34c8-4ad4-b71c-df736ded5025,OrderRole.Standalone,OrderType.Market,_default,,PositionEffect.Open,,122300.0,False,,OrderSide.Buy,OrderStatus.Filled,300308.SZ,,TimeInForce.GTC,,,,1755705600000000000,2025-08-20T16:00:00Z
225.58536,82282.26006,1755619200000000000,2025-08-19T16:00:00Z,145900.0,,3a78fafc-c766-48c1-bc43-712be598c56a,OrderRole.Standalone,OrderType.Market,_default,,PositionEffect.Open,,145900.0,False,,OrderSide.Buy,OrderStatus.Filled,300476.SZ,,TimeInForce.GTC,,,,1755705600000000000,2025-08-20T16:00:00Z
256.06581,82197.12501,1755619200000000000,2025-08-19T16:00:00Z,128400.0,,25f36318-ec1e-4c2d-b904-37ff4f11270a,OrderRole.Standalone,OrderType.Market,_default,,PositionEffect.Open,,128400.0,False,,OrderSide.Buy,OrderStatus.Filled,300502.SZ,,TimeInForce.GTC,,,,1755705600000000000,2025-08-20T16:00:00Z
47.46742,81181.155055,1755619200000000000,2025-08-19T16:00:00Z,684100.0,,908a9b67-821f-42a0-9960-0d1d0280b2ec,OrderRole.Standalone,OrderType.Market,_default,,PositionEffect.Open,,684100.0,False,,OrderSide.Buy,OrderStatus.Filled,601138.SH,,TimeInForce.GTC,,,,1755705600000000000,2025-08-20T16:00:00Z
,0.0,1755619200000000000,2025-08-19T16:00:00Z,0.0,,5fecb9ad-54c1-4dc3-9d5b-9c314b217699,OrderRole.Standalone,OrderType.Market,_default,,PositionEffect.Open,,32300.0,False,"Risk: Insufficient margin at execution. Required: 33061393.36500000000000000000, Available: 32356757.44812664201628337465",OrderSide.Buy,OrderStatus.Rejected,688256.SH,,TimeInForce.GTC,,,,1755705600000000000,2025-08-20T16:00:00Z
258.85089,79143.6596175,1755705600000000000,2025-08-20T16:00:00Z,122300.0,,ac2f1eab-b722-44d5-a41a-511b4e13ba6f,OrderRole.Standalone,OrderType.Market,_default,,PositionEffect.Close,,122300.0,False,,OrderSide.Sell,OrderStatus.Filled,300308.SZ,,TimeInForce.GTC,,,,1755792000000000000,2025-08-21T16:00:00Z
127.1727,83838.602475,1755705600000000000,2025-08-20T16:00:00Z,263700.0,,4ffbaaa9-4205-47ec-8e18-0953203a69f2,OrderRole.Standalone,OrderType.Market,_default,,PositionEffect.Close,,263700.0,False,,OrderSide.Sell,OrderStatus.Filled,300803.SZ,,TimeInForce.GTC,,,,1755792000000000000,2025-08-21T16:00:00Z
,0.0,1758038400000000000,2025-09-16T16:00:00Z,0.0,,133dd2b9-1a86-49cb-bcfe-26ee24ccfa36,OrderRole.Standalone,OrderType.Market,_default,,PositionEffect.Close,,2828800.0,False,"Risk: Insufficient available position for 000001.SZ at execution. Available: 2828799.9999999999607425138488, Required: 2828800",OrderSide.Sell,OrderStatus.Rejected,000001.SZ,,TimeInForce.GTC,,,,1758124800000000000,2025-09-17T16:00:00Z
74.68524,88296.62499,1758038400000000000,2025-09-16T16:00:00Z,472900.0,,8c4bcabd-60f6-404d-a960-b6c14f2c7326,OrderRole.Standalone,OrderType.Market,_default,,PositionEffect.Close,,472900.0,False,,OrderSide.Sell,OrderStatus.Filled,002837.SZ,,TimeInForce.GTC,,,,1758124800000000000,2025-09-17T16:00:00Z
53.1468,81713.205,1758038400000000000,2025-09-16T16:00:00Z,615000.0,,728984b8-02e0-4d29-b2dc-05f0b7adc500,OrderRole.Standalone,OrderType.Market,_default,,PositionEffect.Close,,615000.0,False,,OrderSide.Sell,OrderStatus.Filled,002938.SZ,,TimeInForce.GTC,,,,1758124800000000000,2025-09-17T16:00:00Z
382.617,81114.804,1758038400000000000,2025-09-16T16:00:00Z,84800.0,,d18d2065-1540-4d17-9e69-75b1b3b06e55,OrderRole.Standalone,OrderType.Market,_default,,PositionEffect.Close,,84800.0,False,,OrderSide.Sell,OrderStatus.Filled,300033.SZ,,TimeInForce.GTC,,,,1758124800000000000,2025-09-17T16:00:00Z
177.83199,25029.8525925,1758038400000000000,2025-09-16T16:00:00Z,56300.0,,b7743af1-39fd-4a54-93d4-9d2b9572380e,OrderRole.Standalone,OrderType.Market,_default,,PositionEffect.Close,,56300.0,False,,OrderSide.Sell,OrderStatus.Filled,300394.SZ,,TimeInForce.GTC,,,,1758124800000000000,2025-09-17T16:00:00Z
323.00667,27455.56695,1758038400000000000,2025-09-16T16:00:00Z,34000.0,,c4f80727-a9fd-445e-841d-fde7632ed99a,OrderRole.Standalone,OrderType.Market,_default,,PositionEffect.Close,,34000.0,False,,OrderSide.Sell,OrderStatus.Filled,300476.SZ,,TimeInForce.GTC,,,,1758124800000000000,2025-09-17T16:00:00Z
338.68098,17780.75145,1758038400000000000,2025-09-16T16:00:00Z,21000.0,,593444cd-a8a4-45b8-a91a-a13cb5574163,OrderRole.Standalone,OrderType.Market,_default,,PositionEffect.Close,,21000.0,False,,OrderSide.Sell,OrderStatus.Filled,300502.SZ,,TimeInForce.GTC,,,,1758124800000000000,2025-09-17T16:00:00Z
59.33061,101470.1757525,1758038400000000000,2025-09-16T16:00:00Z,684100.0,,b2ca3be3-5f2e-4255-89de-f4f5a6bb2c7e,OrderRole.Standalone,OrderType.Market,_default,,PositionEffect.Close,,684100.0,False,,OrderSide.Sell,OrderStatus.Filled,601138.SH,,TimeInForce.GTC,,,,1758124800000000000,2025-09-17T16:00:00Z
250.31006,96244.21807,1758038400000000000,2025-09-16T16:00:00Z,153800.0,,3b568387-19d2-4bf3-9432-9caa3eb8ef00,OrderRole.Standalone,OrderType.Market,_default,,PositionEffect.Open,,153800.0,False,,OrderSide.Buy,OrderStatus.Filled,688041.SH,,TimeInForce.GTC,,,,1758124800000000000,2025-09-17T16:00:00Z
88.52844,90365.40513,1758038400000000000,2025-09-16T16:00:00Z,408300.0,,110e12e6-6c8b-4201-96d5-98a3550d4c30,OrderRole.Standalone,OrderType.Market,_default,,PositionEffect.Open,,408300.0,False,,OrderSide.Buy,OrderStatus.Filled,688183.SH,,TimeInForce.GTC,,,,1758124800000000000,2025-09-17T16:00:00Z
1509.508,97363.266,1758038400000000000,2025-09-16T16:00:00Z,25800.0,,33b3efaa-849b-4fcf-9593-ca3a5af67ae9,OrderRole.Standalone,OrderType.Market,_default,,PositionEffect.Open,,25800.0,False,,OrderSide.Buy,OrderStatus.Filled,688256.SH,,TimeInForce.GTC,,,,1758124800000000000,2025-09-17T16:00:00Z
176.176,95135.04,1758038400000000000,2025-09-16T16:00:00Z,216000.0,,94240dc7-0e3c-473e-aedd-6500457ba9a0,OrderRole.Standalone,OrderType.Market,_default,,PositionEffect.Open,,216000.0,False,,OrderSide.Buy,OrderStatus.Filled,688521.SH,,TimeInForce.GTC,,,,1758124800000000000,2025-09-17T16:00:00Z
394.60421,90660.3172475,1758038400000000000,2025-09-16T16:00:00Z,91900.0,,336442a4-dac0-4254-99de-bd84c50b77d4,OrderRole.Standalone,OrderType.Market,_default,,PositionEffect.Open,,91900.0,False,,OrderSide.Buy,OrderStatus.Filled,300308.SZ,,TimeInForce.GTC,,,,1758124800000000000,2025-09-17T16:00:00Z
53.11306,92536.228785,1758038400000000000,2025-09-16T16:00:00Z,696900.0,,e1503a89-6fa2-48a1-ba49-1d01a3a0aacf,OrderRole.Standalone,OrderType.Market,_default,,PositionEffect.Open,,696900.0,False,,OrderSide.Buy,OrderStatus.Filled,300450.SZ,,TimeInForce.GTC,,,,1758124800000000000,2025-09-17T16:00:00Z
166.166,89688.0985,1758038400000000000,2025-09-16T16:00:00Z,215900.0,,0b8d2fd8-42de-47eb-8fef-8157cb69e2eb,OrderRole.Standalone,OrderType.Market,_default,,PositionEffect.Open,,215900.0,False,,OrderSide.Buy,OrderStatus.Filled,300803.SZ,,TimeInForce.GTC,,,,1758124800000000000,2025-09-17T16:00:00Z
182.0178,93322.34623799998,1758124800000000000,2025-09-17T16:00:00Z,205083.99999999997,,7baa4377-5b59-4b14-902c-7b84e2473284,OrderRole.Standalone,OrderType.Market,_default,,PositionEffect.Close,,205083.99999999997,False,,OrderSide.Sell,OrderStatus.Filled,300394.SZ,,TimeInForce.GTC,,,,1758211200000000000,2025-09-18T16:00:00Z
327.1725,91526.506875,1758124800000000000,2025-09-17T16:00:00Z,111900.0,,4dfad55b-cef3-4a4e-8a09-ca1a3ed8a787,OrderRole.Standalone,OrderType.Market,_default,,PositionEffect.Close,,111900.0,False,,OrderSide.Sell,OrderStatus.Filled,300476.SZ,,TimeInForce.GTC,,,,1758211200000000000,2025-09-18T16:00:00Z
350.5491,94122.43335,1758124800000000000,2025-09-17T16:00:00Z,107400.0,,fbb5e762-125b-4c64-adeb-c33a59a8816c,OrderRole.Standalone,OrderType.Market,_default,,PositionEffect.Close,,107400.0,False,,OrderSide.Sell,OrderStatus.Filled,300502.SZ,,TimeInForce.GTC,,,,1758211200000000000,2025-09-18T16:00:00Z
1390.608,89694.216,1758124800000000000,2025-09-17T16:00:00Z,25800.0,,8225b672-e0fa-4317-9b10-f790c11a32fb,OrderRole.Standalone,OrderType.Market,_default,,PositionEffect.Close,,25800.0,False,,OrderSide.Sell,OrderStatus.Filled,688256.SH,,TimeInForce.GTC,,,,1758211200000000000,2025-09-18T16:00:00Z
,0.0,1761148800000000000,2025-10-22T16:00:00Z,0.0,,c9cb286d-bf84-440e-8710-47dd81432e33,OrderRole.Standalone,OrderType.Market,_default,,PositionEffect.Close,,2828800.0,False,"Risk: Insufficient available position for 000001.SZ at execution. Available: 2828799.9999999999607425138488, Required: 2828800",OrderSide.Sell,OrderStatus.Rejected,000001.SZ,,TimeInForce.GTC,,,,1761235200000000000,2025-10-23T16:00:00Z
449.55,103284.1125,1761148800000000000,2025-10-22T16:00:00Z,91900.0,,64c5835f-6cc4-4cc9-934d-a2765d7a8b1e,OrderRole.Standalone,OrderType.Market,_default,,PositionEffect.Close,,91900.0,False,,OrderSide.Sell,OrderStatus.Filled,300308.SZ,,TimeInForce.GTC,,,,1761235200000000000,2025-10-23T16:00:00Z
54.36558,94718.431755,1761148800000000000,2025-10-22T16:00:00Z,696900.0,,e501142a-641d-4349-866b-d0817d285049,OrderRole.Standalone,OrderType.Market,_default,,PositionEffect.Close,,696900.0,False,,OrderSide.Sell,OrderStatus.Filled,300450.SZ,,TimeInForce.GTC,,,,1761235200000000000,2025-10-23T16:00:00Z
148.08177,79927.1353575,1761148800000000000,2025-10-22T16:00:00Z,215900.0,,943becda-4989-4446-b33f-25fa18145beb,OrderRole.Standalone,OrderType.Market,_default,,PositionEffect.Close,,215900.0,False,,OrderSide.Sell,OrderStatus.Filled,300803.SZ,,TimeInForce.GTC,,,,1761235200000000000,2025-10-23T16:00:00Z
239.76999,92191.561155,1761148800000000000,2025-10-22T16:00:00Z,153800.0,,cdb93c7d-f30e-4b0f-ad79-838908709cbd,OrderRole.Standalone,OrderType.Market,_default,,PositionEffect.Close,,153800.0,False,,OrderSide.Sell,OrderStatus.Filled,688041.SH,,TimeInForce.GTC,,,,1761235200000000000,2025-10-23T16:00:00Z
88.85106,90694.719495,1761148800000000000,2025-10-22T16:00:00Z,408300.0,,1bf5becf-356d-40fe-9309-4ef9c49c7030,OrderRole.Standalone,OrderType.Market,_default,,PositionEffect.Close,,408300.0,False,,OrderSide.Sell,OrderStatus.Filled,688183.SH,,TimeInForce.GTC,,,,1761235200000000000,2025-10-23T16:00:00Z
174.7251,94351.554,1761148800000000000,2025-10-22T16:00:00Z,216000.0,,3c9c0678-4824-4820-b9fb-ffe41d0f7167,OrderRole.Standalone,OrderType.Market,_default,,PositionEffect.Close,,216000.0,False,,OrderSide.Sell,OrderStatus.Filled,688521.SH,,TimeInForce.GTC,,,,1761235200000000000,2025-10-23T16:00:00Z
23.58356,92205.82371,1761148800000000000,2025-10-22T16:00:00Z,1563900.0,,57b1db57-f0ca-4dab-bb50-8202893d491d,OrderRole.Standalone,OrderType.Market,_default,,PositionEffect.Open,,1563900.0,False,,OrderSide.Buy,OrderStatus.Filled,000807.SZ,,TimeInForce.GTC,,,,1761235200000000000,2025-10-23T16:00:00Z
121.48136,91991.75986,1761148800000000000,2025-10-22T16:00:00Z,302900.0,,c5bd3426-58cf-4bc1-a912-d7013455cac1,OrderRole.Standalone,OrderType.Market,_default,,PositionEffect.Open,,302900.0,False,,OrderSide.Buy,OrderStatus.Filled,002028.SZ,,TimeInForce.GTC,,,,1761235200000000000,2025-10-23T16:00:00Z
48.1481,90000.835925,1761148800000000000,2025-10-22T16:00:00Z,747700.0,,e191cb74-4fda-40dc-bb79-be734912fc40,OrderRole.Standalone,OrderType.Market,_default,,PositionEffect.Open,,747700.0,False,,OrderSide.Buy,OrderStatus.Filled,002050.SZ,,TimeInForce.GTC,,,,1761235200000000000,2025-10-23T16:00:00Z
197.197,92929.08625,1761148800000000000,2025-10-22T16:00:00Z,188500.0,,5af1d8ae-a5f6-4077-8899-34124f51a6c0,OrderRole.Standalone,OrderType.Market,_default,,PositionEffect.Open,,188500.0,False,,OrderSide.Buy,OrderStatus.Filled,301308.SZ,,TimeInForce.GTC,,,,1761235200000000000,2025-10-23T16:00:00Z
10.15014,89387.20791,1761148800000000000,2025-10-22T16:00:00Z,3522600.0,,53d86b13-4cca-4835-965d-6e23b508f772,OrderRole.Standalone,OrderType.Market,_default,,PositionEffect.Open,,3522600.0,False,,OrderSide.Buy,OrderStatus.Filled,600025.SH,,TimeInForce.GTC,,,,1761235200000000000,2025-10-23T16:00:00Z
6.66666,89741.576925,1761148800000000000,2025-10-22T16:00:00Z,5384500.0,,b36c0a5b-00ca-4263-a5ce-b618e2e04ea1,OrderRole.Standalone,OrderType.Market,_default,,PositionEffect.Open,,5384500.0,False,,OrderSide.Buy,OrderStatus.Filled,600029.SH,,TimeInForce.GTC,,,,1761235200000000000,2025-10-23T16:00:00Z
4.94494,89740.77112,1761148800000000000,2025-10-22T16:00:00Z,7259200.0,,0b53b76e-4547-409c-a4b3-084205b283e0,OrderRole.Standalone,OrderType.Market,_default,,PositionEffect.Open,,7259200.0,False,,OrderSide.Buy,OrderStatus.Filled,600115.SH,,TimeInForce.GTC,,,,1761235200000000000,2025-10-23T16:00:00Z
27.49747,89676.1240375,1761148800000000000,2025-10-22T16:00:00Z,1304500.0,,c0799fdb-c759-40ae-b9fa-b758d88ba278,OrderRole.Standalone,OrderType.Market,_default,,PositionEffect.Open,,1304500.0,False,,OrderSide.Buy,OrderStatus.Filled,600938.SH,,TimeInForce.GTC,,,,1761235200000000000,2025-10-23T16:00:00Z
7.85785,88169.005925,1761148800000000000,2025-10-22T16:00:00Z,4488200.0,,5b9bb7ab-81bb-48ff-9976-fe338946b641,OrderRole.Standalone,OrderType.Market,_default,,PositionEffect.Open,,4488200.0,False,,OrderSide.Buy,OrderStatus.Filled,601288.SH,,TimeInForce.GTC,,,,1761235200000000000,2025-10-23T16:00:00Z
9.16916,89546.01656,1761148800000000000,2025-10-22T16:00:00Z,3906400.0,,34a461b1-bbf4-4431-9940-51b208daa21f,OrderRole.Standalone,OrderType.Market,_default,,PositionEffect.Open,,3906400.0,False,,OrderSide.Buy,OrderStatus.Filled,601857.SH,,TimeInForce.GTC,,,,1761235200000000000,2025-10-23T16:00:00Z
,0.0,1763568000000000000,2025-11-19T16:00:00Z,0.0,,7918f8c2-b615-4d82-830a-950eae8d002e,OrderRole.Standalone,OrderType.Market,_default,,PositionEffect.Close,,2828800.0,False,"Risk: Insufficient available position for 000001.SZ at execution. Available: 2828799.9999999999607425138488, Required: 2828800",OrderSide.Sell,OrderStatus.Rejected,000001.SZ,,TimeInForce.GTC,,,,1763654400000000000,2025-11-20T16:00:00Z
23.54643,92060.6546925,1763568000000000000,2025-11-19T16:00:00Z,1563900.0,,6119f91e-28a5-46f0-b60f-3b4636adeadd,OrderRole.Standalone,OrderType.Market,_default,,PositionEffect.Close,,1563900.0,False,,OrderSide.Sell,OrderStatus.Filled,000807.SZ,,TimeInForce.GTC,,,,1763654400000000000,2025-11-20T16:00:00Z
137.862,9891.5985,1763568000000000000,2025-11-19T16:00:00Z,28700.0,,a7055ef5-5688-4d14-b8d3-902002047c08,OrderRole.Standalone,OrderType.Market,_default,,PositionEffect.Close,,28700.0,False,,OrderSide.Sell,OrderStatus.Filled,002028.SZ,,TimeInForce.GTC,,,,1763654400000000000,2025-11-20T16:00:00Z
40.46949,75647.5941825,1763568000000000000,2025-11-19T16:00:00Z,747700.0,,4a3cfa1a-2d80-4e0d-a6d7-12b448ac1e48,OrderRole.Standalone,OrderType.Market,_default,,PositionEffect.Close,,747700.0,False,,OrderSide.Sell,OrderStatus.Filled,002050.SZ,,TimeInForce.GTC,,,,1763654400000000000,2025-11-20T16:00:00Z
234.3654,23202.1746,1763568000000000000,2025-11-19T16:00:00Z,39600.0,,079c54cd-081a-47e2-9d1b-4fd6cd55946d,OrderRole.Standalone,OrderType.Market,_default,,PositionEffect.Close,,39600.0,False,,OrderSide.Sell,OrderStatus.Filled,301308.SZ,,TimeInForce.GTC,,,,1763654400000000000,2025-11-20T16:00:00Z
9.4905,83578.08825,1763568000000000000,2025-11-19T16:00:00Z,3522600.0,,16e3ab02-e771-4e0c-ac6c-a51fde3f2aa4,OrderRole.Standalone,OrderType.Market,_default,,PositionEffect.Close,,3522600.0,False,,OrderSide.Sell,OrderStatus.Filled,600025.SH,,TimeInForce.GTC,,,,1763654400000000000,2025-11-20T16:00:00Z
7.16283,96420.6453375,1763568000000000000,2025-11-19T16:00:00Z,5384500.0,,4a2ca712-dade-4673-90d2-408e373acf03,OrderRole.Standalone,OrderType.Market,_default,,PositionEffect.Close,,5384500.0,False,,OrderSide.Sell,OrderStatus.Filled,600029.SH,,TimeInForce.GTC,,,,1763654400000000000,2025-11-20T16:00:00Z
5.20479,94456.52892,1763568000000000000,2025-11-19T16:00:00Z,7259200.0,,039b4856-bc30-4741-a1f3-6dbe522cdf2f,OrderRole.Standalone,OrderType.Market,_default,,PositionEffect.Close,,7259200.0,False,,OrderSide.Sell,OrderStatus.Filled,600115.SH,,TimeInForce.GTC,,,,1763654400000000000,2025-11-20T16:00:00Z
29.0709,94807.472625,1763568000000000000,2025-11-19T16:00:00Z,1304500.0,,8d7d02c8-63f1-4c1f-b230-c1cb6609db33,OrderRole.Standalone,OrderType.Market,_default,,PositionEffect.Close,,1304500.0,False,,OrderSide.Sell,OrderStatus.Filled,600938.SH,,TimeInForce.GTC,,,,1763654400000000000,2025-11-20T16:00:00Z
8.14185,91355.627925,1763568000000000000,2025-11-19T16:00:00Z,4488200.0,,da634991-8ecd-461e-a4ad-9beea4049af6,OrderRole.Standalone,OrderType.Market,_default,,PositionEffect.Close,,4488200.0,False,,OrderSide.Sell,OrderStatus.Filled,601288.SH,,TimeInForce.GTC,,,,1763654400000000000,2025-11-20T16:00:00Z
10.09989,98635.52574,1763568000000000000,2025-11-19T16:00:00Z,3906400.0,,0f9001c9-b652-449f-9f22-b4dba7d2c9e9,OrderRole.Standalone,OrderType.Market,_default,,PositionEffect.Close,,3906400.0,False,,OrderSide.Sell,OrderStatus.Filled,601857.SH,,TimeInForce.GTC,,,,1763654400000000000,2025-11-20T16:00:00Z
61.061,94095.001,1763568000000000000,2025-11-19T16:00:00Z,616400.0,,5eedc91a-6939-4dbf-85f3-99c36dd8502b,OrderRole.Standalone,OrderType.Market,_default,,PositionEffect.Open,,616400.0,False,,OrderSide.Buy,OrderStatus.Filled,603260.SH,,TimeInForce.GTC,,,,1763654400000000000,2025-11-20T16:00:00Z
16.39638,89347.973715,1763568000000000000,2025-11-19T16:00:00Z,2179700.0,,c2f45354-f82e-41bf-8992-f3fb16c2c9b3,OrderRole.Standalone,OrderType.Market,_default,,PositionEffect.Open,,2179700.0,False,,OrderSide.Buy,OrderStatus.Filled,688472.SH,,TimeInForce.GTC,,,,1763654400000000000,2025-11-20T16:00:00Z
26.8268,92733.5409,1763568000000000000,2025-11-19T16:00:00Z,1382700.0,,fd62f823-f54a-42b6-9f59-645e2c556419,OrderRole.Standalone,OrderType.Market,_default,,PositionEffect.Open,,1382700.0,False,,OrderSide.Buy,OrderStatus.Filled,000792.SZ,,TimeInForce.GTC,,,,1763654400000000000,2025-11-20T16:00:00Z
27.19717,96631.54501,1763568000000000000,2025-11-19T16:00:00Z,1421200.0,,b37a8775-0733-4e8a-9dae-34d04059e813,OrderRole.Standalone,OrderType.Market,_default,,PositionEffect.Open,,1421200.0,False,,OrderSide.Buy,OrderStatus.Filled,000895.SZ,,TimeInForce.GTC,,,,1763654400000000000,2025-11-20T16:00:00Z
42.042,91987.896,1763568000000000000,2025-11-19T16:00:00Z,875200.0,,4fc73795-98a5-4587-a835-765817fc03d2,OrderRole.Standalone,OrderType.Market,_default,,PositionEffect.Open,,875200.0,False,,OrderSide.Buy,OrderStatus.Filled,002709.SZ,,TimeInForce.GTC,,,,1763654400000000000,2025-11-20T16:00:00Z
58.8588,92246.4543,1763568000000000000,2025-11-19T16:00:00Z,626900.0,,a903afea-3b27-49c8-87d1-f2bf98911bea,OrderRole.Standalone,OrderType.Market,_default,,PositionEffect.Open,,626900.0,False,,OrderSide.Buy,OrderStatus.Filled,002812.SZ,,TimeInForce.GTC,,,,1763654400000000000,2025-11-20T16:00:00Z
6.05605,97093.621625,1763568000000000000,2025-11-19T16:00:00Z,6413000.0,,a82cf1b7-ff3a-4e13-b7f3-f2bd1f15253e,OrderRole.Standalone,OrderType.Market,_default,,PositionEffect.Open,,6413000.0,False,,OrderSide.Buy,OrderStatus.Filled,600028.SH,,TimeInForce.GTC,,,,1763654400000000000,2025-11-20T16:00:00Z
58.37832,90851.2605,1763568000000000000,2025-11-19T16:00:00Z,622500.0,,b252e732-1dbd-4523-a948-c28ece2c3b4e,OrderRole.Standalone,OrderType.Market,_default,,PositionEffect.Open,,622500.0,False,,OrderSide.Buy,OrderStatus.Filled,002466.SZ,,TimeInForce.GTC,,,,1763654400000000000,2025-11-20T16:00:00Z
135.05481,92580.072255,1763654400000000000,2025-11-20T16:00:00Z,274200.0,,17b9f73a-43eb-477e-bc6c-4b4b6f7cdf8a,OrderRole.Standalone,OrderType.Market,_default,,PositionEffect.Close,,274200.0,False,,OrderSide.Sell,OrderStatus.Filled,002028.SZ,,TimeInForce.GTC,,,,1763913600000000000,2025-11-23T16:00:00Z
237.762,88506.9045,1763654400000000000,2025-11-20T16:00:00Z,148900.0,,2f2ddcf0-0f47-4503-a9b7-8a5eece99229,OrderRole.Standalone,OrderType.Market,_default,,PositionEffect.Close,,148900.0,False,,OrderSide.Sell,OrderStatus.Filled,301308.SZ,,TimeInForce.GTC,,,,1763913600000000000,2025-11-23T16:00:00Z
,0.0,1765987200000000000,2025-12-17T16:00:00Z,0.0,,e0c5c829-c32c-4562-b82a-58df8fbdf1a1,OrderRole.Standalone,OrderType.Market,_default,,PositionEffect.Close,,2828800.0,False,"Risk: Insufficient available position for 000001.SZ at execution. Available: 2828799.9999999999607425138488, Required: 2828800",OrderSide.Sell,OrderStatus.Rejected,000001.SZ,,TimeInForce.GTC,,,,1766073600000000000,2025-12-18T16:00:00Z
26.65332,92133.86391,1765987200000000000,2025-12-17T16:00:00Z,1382700.0,,d8a12aef-9d9e-45bc-86c0-dffa851c98f6,OrderRole.Standalone,OrderType.Market,_default,,PositionEffect.Close,,1382700.0,False,,OrderSide.Sell,OrderStatus.Filled,000792.SZ,,TimeInForce.GTC,,,,1766073600000000000,2025-12-18T16:00:00Z
27.05292,96119.02476,1765987200000000000,2025-12-17T16:00:00Z,1421200.0,,8f7e5748-8958-4c63-86ae-1f097e0cb176,OrderRole.Standalone,OrderType.Market,_default,,PositionEffect.Close,,1421200.0,False,,OrderSide.Sell,OrderStatus.Filled,000895.SZ,,TimeInForce.GTC,,,,1766073600000000000,2025-12-18T16:00:00Z
52.09785,81077.2790625,1765987200000000000,2025-12-17T16:00:00Z,622500.0,,5ad90c49-2556-4ed2-a03f-11178f5ba80a,OrderRole.Standalone,OrderType.Market,_default,,PositionEffect.Close,,622500.0,False,,OrderSide.Sell,OrderStatus.Filled,002466.SZ,,TimeInForce.GTC,,,,1766073600000000000,2025-12-18T16:00:00Z
38.37159,83957.03892,1765987200000000000,2025-12-17T16:00:00Z,875200.0,,c771a1e1-b316-4de7-86e4-c87a3bcb8dfc,OrderRole.Standalone,OrderType.Market,_default,,PositionEffect.Close,,875200.0,False,,OrderSide.Sell,OrderStatus.Filled,002709.SZ,,TimeInForce.GTC,,,,1766073600000000000,2025-12-18T16:00:00Z
5.92407,94977.652275,1765987200000000000,2025-12-17T16:00:00Z,6413000.0,,05178a28-1042-4254-bb12-0f1d5454f873,OrderRole.Standalone,OrderType.Market,_default,,PositionEffect.Close,,6413000.0,False,,OrderSide.Sell,OrderStatus.Filled,600028.SH,,TimeInForce.GTC,,,,1766073600000000000,2025-12-18T16:00:00Z
50.96898,78543.19818,1765987200000000000,2025-12-17T16:00:00Z,616400.0,,1c233b4e-41db-424d-942e-04094f42c6bc,OrderRole.Standalone,OrderType.Market,_default,,PositionEffect.Close,,616400.0,False,,OrderSide.Sell,OrderStatus.Filled,603260.SH,,TimeInForce.GTC,,,,1766073600000000000,2025-12-18T16:00:00Z
15.02496,81874.76328,1765987200000000000,2025-12-17T16:00:00Z,2179700.0,,23bf5a18-5e71-4093-8a07-2a5ac9e0ac84,OrderRole.Standalone,OrderType.Market,_default,,PositionEffect.Close,,2179700.0,False,,OrderSide.Sell,OrderStatus.Filled,688472.SH,,TimeInForce.GTC,,,,1766073600000000000,2025-12-18T16:00:00Z
128.6285,88914.450625,1765987200000000000,2025-12-17T16:00:00Z,276500.0,,c695d10f-c5e6-48c6-bf05-c7c12cda594b,OrderRole.Standalone,OrderType.Market,_default,,PositionEffect.Open,,276500.0,False,,OrderSide.Buy,OrderStatus.Filled,688521.SH,,TimeInForce.GTC,,,,1766073600000000000,2025-12-18T16:00:00Z
36.79676,89167.74867,1765987200000000000,2025-12-17T16:00:00Z,969300.0,,401bff67-641f-44b1-a8b6-d6e50979e47f,OrderRole.Standalone,OrderType.Market,_default,,PositionEffect.Open,,969300.0,False,,OrderSide.Buy,OrderStatus.Filled,000063.SZ,,TimeInForce.GTC,,,,1766073600000000000,2025-12-18T16:00:00Z
145.27513,89126.292255,1765987200000000000,2025-12-17T16:00:00Z,245400.0,,361a7757-f49b-4621-b1c1-cfdc98fa7d52,OrderRole.Standalone,OrderType.Market,_default,,PositionEffect.Open,,245400.0,False,,OrderSide.Buy,OrderStatus.Filled,002028.SZ,,TimeInForce.GTC,,,,1766073600000000000,2025-12-18T16:00:00Z
77.077,89332.243,1765987200000000000,2025-12-17T16:00:00Z,463600.0,,1c0d7513-7545-49c4-aea2-636965a00e5c,OrderRole.Standalone,OrderType.Market,_default,,PositionEffect.Open,,463600.0,False,,OrderSide.Buy,OrderStatus.Filled,002384.SZ,,TimeInForce.GTC,,,,1766073600000000000,2025-12-18T16:00:00Z
163.18302,89505.88647,1765987200000000000,2025-12-17T16:00:00Z,219400.0,,6c4ebf03-840f-4681-b61b-e836a37e7a11,OrderRole.Standalone,OrderType.Market,_default,,PositionEffect.Open,,219400.0,False,,OrderSide.Buy,OrderStatus.Filled,300274.SZ,,TimeInForce.GTC,,,,1766073600000000000,2025-12-18T16:00:00Z
583.92334,90362.136865,1765987200000000000,2025-12-17T16:00:00Z,61900.0,,6cfd72b6-d307-4588-97bb-c3bca263728f,OrderRole.Standalone,OrderType.Market,_default,,PositionEffect.Open,,61900.0,False,,OrderSide.Buy,OrderStatus.Filled,300308.SZ,,TimeInForce.GTC,,,,1766073600000000000,2025-12-18T16:00:00Z
222.68246,90019.384455,1765987200000000000,2025-12-17T16:00:00Z,161700.0,,36de93b3-3cb7-4eef-8cdb-d23e6afea2ae,OrderRole.Standalone,OrderType.Market,_default,,PositionEffect.Open,,161700.0,False,,OrderSide.Buy,OrderStatus.Filled,300394.SZ,,TimeInForce.GTC,,,,1766073600000000000,2025-12-18T16:00:00Z
436.436,90669.579,1765987200000000000,2025-12-17T16:00:00Z,83100.0,,d55977f8-597f-4b7e-b2af-3c4e7b4eb6bc,OrderRole.Standalone,OrderType.Market,_default,,PositionEffect.Open,,83100.0,False,,OrderSide.Buy,OrderStatus.Filled,300502.SZ,,TimeInForce.GTC,,,,1766073600000000000,2025-12-18T16:00:00Z
59.24919,89969.895015,1765987200000000000,2025-12-17T16:00:00Z,607400.0,,5a1044b5-1363-4ebf-87da-41e7f1583ac7,OrderRole.Standalone,OrderType.Market,_default,,PositionEffect.Open,,607400.0,False,,OrderSide.Buy,OrderStatus.Filled,601138.SH,,TimeInForce.GTC,,,,1766073600000000000,2025-12-18T16:00:00Z
44.95491,18409.035645,1765987200000000000,2025-12-17T16:00:00Z,163800.0,,4460c741-035f-40fd-b224-2957d43e98fc,OrderRole.Standalone,OrderType.Market,_default,,PositionEffect.Open,,163800.0,False,,OrderSide.Buy,OrderStatus.Filled,002812.SZ,,TimeInForce.GTC,,,,1766073600000000000,2025-12-18T16:00:00Z
45.1548,89259.7509,1766073600000000000,2025-12-18T16:00:00Z,790700.0,,8f2eec6d-8d7e-41d7-87db-2f33c476f22c,OrderRole.Standalone,OrderType.Market,_default,,PositionEffect.Close,,790700.0,False,,OrderSide.Sell,OrderStatus.Filled,002812.SZ,,TimeInForce.GTC,,,,1766332800000000000,2025-12-21T16:00:00Z
,0.0,1767110400000000000,2025-12-30T16:00:00Z,0.0,,89b63b0b-d5ed-4b78-9def-8d5cd6686eb6,OrderRole.Standalone,OrderType.Market,_default,,PositionEffect.Close,,61900.0,False,,OrderSide.Sell,OrderStatus.New,300308.SZ,,TimeInForce.GTC,,,,1767110400000000000,2025-12-30T16:00:00Z
,0.0,1767110400000000000,2025-12-30T16:00:00Z,0.0,,c7891f04-cfa9-4e2b-9069-d68f8daf5cc4,OrderRole.Standalone,OrderType.Market,_default,,PositionEffect.Close,,83100.0,False,,OrderSide.Sell,OrderStatus.New,300502.SZ,,TimeInForce.GTC,,,,1767110400000000000,2025-12-30T16:00:00Z
,0.0,1767110400000000000,2025-12-30T16:00:00Z,0.0,,afa36c59-633c-4ea3-a729-46bd4ad5b91a,OrderRole.Standalone,OrderType.Market,_default,,PositionEffect.Close,,276500.0,False,,OrderSide.Sell,OrderStatus.New,688521.SH,,TimeInForce.GTC,,,,1767110400000000000,2025-12-30T16:00:00Z
,0.0,1767110400000000000,2025-12-30T16:00:00Z,0.0,,3b5d74b9-91f4-492f-87f3-cff56e75091a,OrderRole.Standalone,OrderType.Market,_default,,PositionEffect.Close,,463600.0,False,,OrderSide.Sell,OrderStatus.New,002384.SZ,,TimeInForce.GTC,,,,1767110400000000000,2025-12-30T16:00:00Z
,0.0,1767110400000000000,2025-12-30T16:00:00Z,0.0,,0bd1afa1-9617-47f5-8112-d2172dea7675,OrderRole.Standalone,OrderType.Market,_default,,PositionEffect.Close,,219400.0,False,,OrderSide.Sell,OrderStatus.New,300274.SZ,,TimeInForce.GTC,,,,1767110400000000000,2025-12-30T16:00:00Z
,0.0,1767110400000000000,2025-12-30T16:00:00Z,0.0,,835d2e85-339f-4c3c-a5ed-50786631b4f1,OrderRole.Standalone,OrderType.Market,_default,,PositionEffect.Close,,607400.0,False,,OrderSide.Sell,OrderStatus.New,601138.SH,,TimeInForce.GTC,,,,1767110400000000000,2025-12-30T16:00:00Z
,0.0,1767110400000000000,2025-12-30T16:00:00Z,0.0,,85f01721-549b-46fe-83d2-5013c469d7ff,OrderRole.Standalone,OrderType.Market,_default,,PositionEffect.Close,,969300.0,False,,OrderSide.Sell,OrderStatus.New,000063.SZ,,TimeInForce.GTC,,,,1767110400000000000,2025-12-30T16:00:00Z
,0.0,1767110400000000000,2025-12-30T16:00:00Z,0.0,,07b0adf8-110f-4dfc-85b2-a604a1305644,OrderRole.Standalone,OrderType.Market,_default,,PositionEffect.Close,,245400.0,False,,OrderSide.Sell,OrderStatus.New,002028.SZ,,TimeInForce.GTC,,,,1767110400000000000,2025-12-30T16:00:00Z
,0.0,1767110400000000000,2025-12-30T16:00:00Z,0.0,,ab0d9d1e-303c-4fb5-af05-6cfb6250663f,OrderRole.Standalone,OrderType.Market,_default,,PositionEffect.Close,,161700.0,False,,OrderSide.Sell,OrderStatus.New,300394.SZ,,TimeInForce.GTC,,,,1767110400000000000,2025-12-30T16:00:00Z
